/*******************************************************************************
 * Size: 28 px
 * Bpp: 4
 * Opts: --no-compress --format lvgl --bpp 4 --size 28 --font tools/.fontcache/Inter-SemiBold.ttf -r 0x20-0x7E,0xA0-0xFF,0x2013-0x2014,0x2018-0x201D,0x2022,0x2026,0x2190-0x2193,0x2212,0x2713,0x2717,0x00B7 --lv-include lvgl.h -o main/fonts/inter_semi_28.c --lv-font-name inter_semi_28
 ******************************************************************************/

#ifdef LV_LVGL_H_INCLUDE_SIMPLE
#include "lvgl.h"
#else
#include "lvgl.h"
#endif

#ifndef INTER_SEMI_28
#define INTER_SEMI_28 1
#endif

#if INTER_SEMI_28

/*-----------------
 *    BITMAPS
 *----------------*/

/*Store the image of the glyphs*/
static LV_ATTRIBUTE_LARGE_CONST const uint8_t glyph_bitmap[] = {
    /* U+0020 " " */

    /* U+0021 "!" */
    0x6f, 0xff, 0x66, 0xff, 0xf6, 0x6f, 0xff, 0x66,
    0xff, 0xf5, 0x5f, 0xff, 0x55, 0xff, 0xf5, 0x5f,
    0xff, 0x45, 0xff, 0xf4, 0x4f, 0xff, 0x44, 0xff,
    0xf4, 0x4f, 0xff, 0x34, 0xff, 0xf3, 0x3f, 0xff,
    0x33, 0xff, 0xf2, 0x15, 0x55, 0x0, 0x0, 0x0,
    0x2, 0x62, 0x4, 0xff, 0xf4, 0xaf, 0xff, 0xa9,
    0xff, 0xf9, 0x1b, 0xfb, 0x10,

    /* U+0022 "\"" */
    0x2f, 0xff, 0x40, 0xaf, 0xfd, 0x2f, 0xff, 0x30,
    0x9f, 0xfc, 0x1f, 0xff, 0x30, 0x9f, 0xfb, 0xf,
    0xff, 0x20, 0x8f, 0xfb, 0xf, 0xff, 0x10, 0x7f,
    0xfa, 0xf, 0xff, 0x10, 0x6f, 0xf9, 0xe, 0xff,
    0x0, 0x6f, 0xf8, 0xe, 0xff, 0x0, 0x5f, 0xf8,
    0x6, 0x87, 0x0, 0x28, 0x83,

    /* U+0023 "#" */
    0x0, 0x0, 0x5, 0xff, 0x60, 0x0, 0x3f, 0xf8,
    0x0, 0x0, 0x0, 0x8, 0xff, 0x30, 0x0, 0x6f,
    0xf6, 0x0, 0x0, 0x0, 0xb, 0xff, 0x0, 0x0,
    0x8f, 0xf3, 0x0, 0x0, 0x0, 0xe, 0xfd, 0x0,
    0x0, 0xbf, 0xf0, 0x0, 0x0, 0x0, 0xf, 0xfb,
    0x0, 0x0, 0xef, 0xd0, 0x0, 0x1, 0xff, 0xff,
    0xff, 0xff, 0xff, 0xff, 0xff, 0xf9, 0x3, 0xff,
    0xff, 0xff, 0xff, 0xff, 0xff, 0xff, 0xf6, 0x5,
    0xdd, 0xff, 0xfe, 0xdd, 0xde, 0xff, 0xed, 0xd3,
    0x0, 0x0, 0xaf, 0xf1, 0x0, 0x8, 0xff, 0x30,
    0x0, 0x0, 0x0, 0xdf, 0xf0, 0x0, 0xa, 0xff,
    0x10, 0x0, 0x0, 0x0, 0xff, 0xc0, 0x0, 0xc,
    0xff, 0x0, 0x0, 0x0, 0x1, 0xff, 0xa0, 0x0,
    0xf, 0xfd, 0x0, 0x0, 0x0, 0x3, 0xff, 0x80,
    0x0, 0x1f, 0xfb, 0x0, 0x0, 0x4f, 0xff, 0xff,
    0xff, 0xff, 0xff, 0xff, 0xff, 0x60, 0x6f, 0xff,
    0xff, 0xff, 0xff, 0xff, 0xff, 0xff, 0x30, 0x7d,
    0xdf, 0xff, 0xdd, 0xdd, 0xff, 0xfe, 0xdd, 0x10,
    0x0, 0xe, 0xfe, 0x0, 0x0, 0xbf, 0xf1, 0x0,
    0x0, 0x0, 0xf, 0xfb, 0x0, 0x0, 0xef, 0xe0,
    0x0, 0x0, 0x0, 0x3f, 0xf8, 0x0, 0x0, 0xff,
    0xb0, 0x0, 0x0, 0x0, 0x6f, 0xf6, 0x0, 0x3,
    0xff, 0x80, 0x0, 0x0, 0x0, 0x8f, 0xf3, 0x0,
    0x6, 0xff, 0x60, 0x0, 0x0,

    /* U+0024 "$" */
    0x0, 0x0, 0x0, 0xa, 0xf0, 0x0, 0x0, 0x0,
    0x0, 0x0, 0x0, 0xa, 0xf0, 0x0, 0x0, 0x0,
    0x0, 0x0, 0x0, 0xa, 0xf0, 0x0, 0x0, 0x0,
    0x0, 0x0, 0x4a, 0xef, 0xff, 0xd8, 0x20, 0x0,
    0x0, 0x1b, 0xff, 0xff, 0xff, 0xff, 0xf7, 0x0,
    0x0, 0xdf, 0xff, 0xff, 0xff, 0xff, 0xff, 0x60,
    0x8, 0xff, 0xfd, 0x5a, 0xf3, 0x9f, 0xff, 0xf1,
    0xe, 0xff, 0xe0, 0xa, 0xf0, 0x7, 0xff, 0xf6,
    0x1f, 0xff, 0x90, 0xa, 0xf0, 0x0, 0xdd, 0xd7,
    0x1f, 0xff, 0xb0, 0xa, 0xf0, 0x0, 0x0, 0x0,
    0xe, 0xff, 0xf8, 0xa, 0xf0, 0x0, 0x0, 0x0,
    0x7, 0xff, 0xff, 0xed, 0xf0, 0x0, 0x0, 0x0,
    0x0, 0xaf, 0xff, 0xff, 0xff, 0xb6, 0x0, 0x0,
    0x0, 0x6, 0xef, 0xff, 0xff, 0xff, 0xe5, 0x0,
    0x0, 0x0, 0x4, 0x8e, 0xff, 0xff, 0xff, 0x70,
    0x0, 0x0, 0x0, 0xa, 0xf6, 0xcf, 0xff, 0xf3,
    0x0, 0x0, 0x0, 0xa, 0xf0, 0x6, 0xff, 0xfa,
    0x24, 0x43, 0x0, 0xa, 0xf0, 0x0, 0xdf, 0xfd,
    0x9f, 0xff, 0x10, 0xa, 0xf0, 0x0, 0xdf, 0xfd,
    0x6f, 0xff, 0x90, 0xa, 0xf0, 0x4, 0xff, 0xfb,
    0x1f, 0xff, 0xfb, 0x4a, 0xf3, 0x8f, 0xff, 0xf6,
    0x7, 0xff, 0xff, 0xff, 0xff, 0xff, 0xff, 0xc0,
    0x0, 0x7f, 0xff, 0xff, 0xff, 0xff, 0xfc, 0x10,
    0x0, 0x2, 0x8d, 0xff, 0xff, 0xea, 0x50, 0x0,
    0x0, 0x0, 0x0, 0xa, 0xf0, 0x0, 0x0, 0x0,
    0x0, 0x0, 0x0, 0xa, 0xf0, 0x0, 0x0, 0x0,
    0x0, 0x0, 0x0, 0x8, 0xd0, 0x0, 0x0, 0x0,

    /* U+0025 "%" */
    0x0, 0x4b, 0xef, 0xc4, 0x0, 0x0, 0x0, 0x0,
    0xa, 0xfe, 0x10, 0x0, 0x5, 0xff, 0xff, 0xff,
    0x60, 0x0, 0x0, 0x0, 0x5f, 0xf5, 0x0, 0x0,
    0xe, 0xff, 0x76, 0xef, 0xf0, 0x0, 0x0, 0x1,
    0xef, 0xa0, 0x0, 0x0, 0x3f, 0xf7, 0x0, 0x6f,
    0xf4, 0x0, 0x0, 0xa, 0xfe, 0x10, 0x0, 0x0,
    0x4f, 0xf5, 0x0, 0x4f, 0xf5, 0x0, 0x0, 0x5f,
    0xf5, 0x0, 0x0, 0x0, 0x3f, 0xf6, 0x0, 0x5f,
    0xf4, 0x0, 0x1, 0xef, 0xa0, 0x0, 0x0, 0x0,
    0x1f, 0xfc, 0x11, 0xbf, 0xf1, 0x0, 0xa, 0xfe,
    0x10, 0x0, 0x0, 0x0, 0x9, 0xff, 0xff, 0xff,
    0xa0, 0x0, 0x5f, 0xf5, 0x0, 0x0, 0x0, 0x0,
    0x0, 0x9f, 0xff, 0xfa, 0x0, 0x1, 0xef, 0xa0,
    0x0, 0x0, 0x0, 0x0, 0x0, 0x1, 0x44, 0x10,
    0x0, 0xa, 0xfe, 0x10, 0x0, 0x0, 0x0, 0x0,
    0x0, 0x0, 0x0, 0x0, 0x0, 0x5f, 0xf5, 0x0,
    0x0, 0x0, 0x0, 0x0, 0x0, 0x0, 0x0, 0x0,
    0x1, 0xef, 0xa0, 0x0, 0x3b, 0xef, 0xc4, 0x0,
    0x0, 0x0, 0x0, 0x0, 0xa, 0xfe, 0x10, 0x3,
    0xff, 0xff, 0xff, 0x50, 0x0, 0x0, 0x0, 0x0,
    0x5f, 0xf5, 0x0, 0xc, 0xff, 0x76, 0xef, 0xe0,
    0x0, 0x0, 0x0, 0x1, 0xef, 0xa0, 0x0, 0x1f,
    0xf9, 0x0, 0x6f, 0xf4, 0x0, 0x0, 0x0, 0xa,
    0xfe, 0x10, 0x0, 0x3f, 0xf6, 0x0, 0x3f, 0xf5,
    0x0, 0x0, 0x0, 0x5f, 0xf5, 0x0, 0x0, 0x3f,
    0xf6, 0x0, 0x3f, 0xf5, 0x0, 0x0, 0x1, 0xef,
    0xa0, 0x0, 0x0, 0x1f, 0xf9, 0x0, 0x6f, 0xf4,
    0x0, 0x0, 0xa, 0xfe, 0x10, 0x0, 0x0, 0xc,
    0xff, 0x76, 0xef, 0xe0, 0x0, 0x0, 0x5f, 0xf5,
    0x0, 0x0, 0x0, 0x3, 0xff, 0xff, 0xff, 0x60,
    0x0, 0x1, 0xef, 0xa0, 0x0, 0x0, 0x0, 0x0,
    0x3b, 0xef, 0xc5, 0x0,

    /* U+0026 "&" */
    0x0, 0x0, 0x4b, 0xef, 0xd8, 0x10, 0x0, 0x0,
    0x0, 0x0, 0x9, 0xff, 0xff, 0xff, 0xe2, 0x0,
    0x0, 0x0, 0x0, 0x5f, 0xff, 0xff, 0xff, 0xfd,
    0x0, 0x0, 0x0, 0x0, 0xcf, 0xfd, 0x30, 0x5f,
    0xff, 0x40, 0x0, 0x0, 0x0, 0xff, 0xf4, 0x0,
    0xa, 0xff, 0x60, 0x0, 0x0, 0x0, 0xff, 0xf2,
    0x0, 0xb, 0xff, 0x50, 0x0, 0x0, 0x0, 0xdf,
    0xf7, 0x0, 0x3f, 0xff, 0x10, 0x0, 0x0, 0x0,
    0x7f, 0xfe, 0x15, 0xff, 0xf8, 0x0, 0x0, 0x0,
    0x0, 0xd, 0xff, 0xef, 0xff, 0xa0, 0x0, 0x0,
    0x0, 0x0, 0x3, 0xff, 0xff, 0xf8, 0x0, 0x0,
    0x0, 0x0, 0x0, 0x1b, 0xff, 0xff, 0xb0, 0x0,
    0x0, 0x0, 0x0, 0x1, 0xdf, 0xff, 0xff, 0xf7,
    0x0, 0xe, 0xee, 0x10, 0xd, 0xff, 0xf6, 0xaf,
    0xff, 0x50, 0x2f, 0xff, 0x0, 0x6f, 0xff, 0x50,
    0xc, 0xff, 0xf3, 0x6f, 0xfe, 0x0, 0xbf, 0xfd,
    0x0, 0x1, 0xdf, 0xfe, 0xdf, 0xfa, 0x0, 0xbf,
    0xfc, 0x0, 0x0, 0x1e, 0xff, 0xff, 0xf4, 0x0,
    0xaf, 0xff, 0x20, 0x0, 0x3, 0xff, 0xff, 0xb0,
    0x0, 0x4f, 0xff, 0xd5, 0x10, 0x4a, 0xff, 0xff,
    0xa0, 0x0, 0xb, 0xff, 0xff, 0xff, 0xff, 0xff,
    0xff, 0xf6, 0x0, 0x0, 0xbf, 0xff, 0xff, 0xff,
    0xfb, 0xbf, 0xff, 0x30, 0x0, 0x4, 0xad, 0xff,
    0xd9, 0x40, 0xd, 0xff, 0xd1,

    /* U+0027 "'" */
    0x2f, 0xff, 0x42, 0xff, 0xf3, 0x1f, 0xff, 0x30,
    0xff, 0xf2, 0xf, 0xff, 0x10, 0xff, 0xf1, 0xe,
    0xff, 0x0, 0xef, 0xf0, 0x6, 0x87, 0x0,

    /* U+0028 "(" */
    0x0, 0x0, 0x44, 0x41, 0x0, 0x5, 0xff, 0xf1,
    0x0, 0xd, 0xff, 0xa0, 0x0, 0x4f, 0xff, 0x40,
    0x0, 0xaf, 0xfe, 0x0, 0x0, 0xff, 0xf9, 0x0,
    0x4, 0xff, 0xf5, 0x0, 0x8, 0xff, 0xf1, 0x0,
    0xc, 0xff, 0xd0, 0x0, 0xf, 0xff, 0xa0, 0x0,
    0x1f, 0xff, 0x70, 0x0, 0x4f, 0xff, 0x50, 0x0,
    0x5f, 0xff, 0x30, 0x0, 0x6f, 0xff, 0x30, 0x0,
    0x7f, 0xff, 0x20, 0x0, 0x6f, 0xff, 0x30, 0x0,
    0x5f, 0xff, 0x40, 0x0, 0x3f, 0xff, 0x60, 0x0,
    0xf, 0xff, 0x80, 0x0, 0xd, 0xff, 0xc0, 0x0,
    0xa, 0xff, 0xf0, 0x0, 0x5, 0xff, 0xf5, 0x0,
    0x0, 0xff, 0xfa, 0x0, 0x0, 0x9f, 0xff, 0x0,
    0x0, 0x3f, 0xff, 0x50, 0x0, 0xa, 0xff, 0xc0,
    0x0, 0x2, 0xff, 0xf2,

    /* U+0029 ")" */
    0x34, 0x41, 0x0, 0xa, 0xff, 0xc0, 0x0, 0x3f,
    0xff, 0x40, 0x0, 0xdf, 0xfb, 0x0, 0x8, 0xff,
    0xf1, 0x0, 0x2f, 0xff, 0x60, 0x0, 0xef, 0xfb,
    0x0, 0x9, 0xff, 0xf0, 0x0, 0x6f, 0xff, 0x30,
    0x3, 0xff, 0xf6, 0x0, 0xf, 0xff, 0x90, 0x0,
    0xef, 0xfb, 0x0, 0xc, 0xff, 0xc0, 0x0, 0xcf,
    0xfd, 0x0, 0xb, 0xff, 0xe0, 0x0, 0xcf, 0xfd,
    0x0, 0xd, 0xff, 0xc0, 0x0, 0xff, 0xfa, 0x0,
    0x1f, 0xff, 0x80, 0x5, 0xff, 0xf4, 0x0, 0x9f,
    0xff, 0x10, 0xd, 0xff, 0xc0, 0x2, 0xff, 0xf6,
    0x0, 0x8f, 0xff, 0x10, 0xe, 0xff, 0xa0, 0x5,
    0xff, 0xf2, 0x0, 0xbf, 0xfa, 0x0, 0x0,

    /* U+002A "*" */
    0x0, 0x0, 0xa, 0xfb, 0x0, 0x0, 0x0, 0x0,
    0x0, 0x9f, 0xa0, 0x0, 0x0, 0x2, 0xd4, 0x8,
    0xf9, 0x3, 0xd4, 0x0, 0xbf, 0xf9, 0x8f, 0x97,
    0xff, 0xc0, 0x5, 0xdf, 0xff, 0xff, 0xff, 0xe6,
    0x0, 0x0, 0x5d, 0xff, 0xfe, 0x60, 0x0, 0x0,
    0x8, 0xff, 0xff, 0xf9, 0x10, 0x0, 0x7e, 0xff,
    0xef, 0xef, 0xff, 0x80, 0x9, 0xff, 0x67, 0xf9,
    0x5e, 0xfb, 0x0, 0x1b, 0x20, 0x8f, 0xa0, 0x1a,
    0x30, 0x0, 0x0, 0x9, 0xfa, 0x0, 0x0, 0x0,
    0x0, 0x0, 0x8d, 0x90, 0x0, 0x0,

    /* U+002B "+" */
    0x0, 0x0, 0x2, 0xff, 0xf0, 0x0, 0x0, 0x0,
    0x0, 0x0, 0x2f, 0xff, 0x0, 0x0, 0x0, 0x0,
    0x0, 0x2, 0xff, 0xf0, 0x0, 0x0, 0x0, 0x0,
    0x0, 0x2f, 0xff, 0x0, 0x0, 0x0, 0x0, 0x0,
    0x2, 0xff, 0xf0, 0x0, 0x0, 0x0, 0x0, 0x0,
    0x2f, 0xff, 0x0, 0x0, 0x0, 0x7f, 0xff, 0xff,
    0xff, 0xff, 0xff, 0xff, 0x47, 0xff, 0xff, 0xff,
    0xff, 0xff, 0xff, 0xf4, 0x7f, 0xff, 0xff, 0xff,
    0xff, 0xff, 0xff, 0x40, 0x0, 0x0, 0x2f, 0xff,
    0x0, 0x0, 0x0, 0x0, 0x0, 0x2, 0xff, 0xf0,
    0x0, 0x0, 0x0, 0x0, 0x0, 0x2f, 0xff, 0x0,
    0x0, 0x0, 0x0, 0x0, 0x2, 0xff, 0xf0, 0x0,
    0x0, 0x0, 0x0, 0x0, 0x2f, 0xff, 0x0, 0x0,
    0x0, 0x0, 0x0, 0x0, 0x33, 0x30, 0x0, 0x0,
    0x0,

    /* U+002C "," */
    0x1, 0x88, 0x83, 0x4, 0xff, 0xf4, 0x6, 0xff,
    0xf0, 0x8, 0xff, 0xb0, 0xa, 0xff, 0x60, 0xd,
    0xff, 0x20, 0xf, 0xfd, 0x0, 0x1f, 0xf9, 0x0,
    0x3f, 0xf4, 0x0,

    /* U+002D "-" */
    0x0, 0x0, 0x0, 0x0, 0x0, 0x1, 0xff, 0xff,
    0xff, 0xff, 0xf1, 0x1f, 0xff, 0xff, 0xff, 0xff,
    0x11, 0xff, 0xff, 0xff, 0xff, 0xf1,

    /* U+002E "." */
    0x3, 0x73, 0x5, 0xff, 0xf3, 0xaf, 0xff, 0x99,
    0xff, 0xf7, 0x1b, 0xfb, 0x0,

    /* U+002F "/" */
    0x0, 0x0, 0x0, 0x1f, 0xff, 0x0, 0x0, 0x0,
    0x5, 0xff, 0xb0, 0x0, 0x0, 0x0, 0xaf, 0xf7,
    0x0, 0x0, 0x0, 0xe, 0xff, 0x30, 0x0, 0x0,
    0x2, 0xff, 0xf0, 0x0, 0x0, 0x0, 0x6f, 0xfb,
    0x0, 0x0, 0x0, 0xa, 0xff, 0x60, 0x0, 0x0,
    0x0, 0xef, 0xf2, 0x0, 0x0, 0x0, 0x3f, 0xfe,
    0x0, 0x0, 0x0, 0x7, 0xff, 0xa0, 0x0, 0x0,
    0x0, 0xbf, 0xf6, 0x0, 0x0, 0x0, 0xf, 0xff,
    0x10, 0x0, 0x0, 0x4, 0xff, 0xd0, 0x0, 0x0,
    0x0, 0x8f, 0xf9, 0x0, 0x0, 0x0, 0xc, 0xff,
    0x50, 0x0, 0x0, 0x0, 0xff, 0xf1, 0x0, 0x0,
    0x0, 0x4f, 0xfc, 0x0, 0x0, 0x0, 0x9, 0xff,
    0x80, 0x0, 0x0, 0x0, 0xdf, 0xf4, 0x0, 0x0,
    0x0, 0x1f, 0xff, 0x0, 0x0, 0x0, 0x5, 0xff,
    0xc0, 0x0, 0x0, 0x0, 0x9f, 0xf7, 0x0, 0x0,
    0x0, 0xe, 0xff, 0x30, 0x0, 0x0, 0x2, 0xff,
    0xf0, 0x0, 0x0, 0x0, 0x6f, 0xfb, 0x0, 0x0,
    0x0, 0x0,

    /* U+0030 "0" */
    0x0, 0x0, 0x17, 0xce, 0xfd, 0xa4, 0x0, 0x0,
    0x0, 0x0, 0x4e, 0xff, 0xff, 0xff, 0xfa, 0x0,
    0x0, 0x0, 0x4f, 0xff, 0xff, 0xff, 0xff, 0xfb,
    0x0, 0x0, 0xe, 0xff, 0xfa, 0x42, 0x6e, 0xff,
    0xf6, 0x0, 0x7, 0xff, 0xf9, 0x0, 0x0, 0x2f,
    0xff, 0xe0, 0x0, 0xdf, 0xfe, 0x0, 0x0, 0x0,
    0x8f, 0xff, 0x50, 0x2f, 0xff, 0x90, 0x0, 0x0,
    0x1, 0xff, 0xf9, 0x5, 0xff, 0xf5, 0x0, 0x0,
    0x0, 0xe, 0xff, 0xc0, 0x7f, 0xff, 0x30, 0x0,
    0x0, 0x0, 0xbf, 0xff, 0x8, 0xff, 0xf2, 0x0,
    0x0, 0x0, 0xa, 0xff, 0xf0, 0x9f, 0xff, 0x10,
    0x0, 0x0, 0x0, 0x9f, 0xff, 0x8, 0xff, 0xf2,
    0x0, 0x0, 0x0, 0xa, 0xff, 0xf0, 0x7f, 0xff,
    0x30, 0x0, 0x0, 0x0, 0xbf, 0xff, 0x5, 0xff,
    0xf5, 0x0, 0x0, 0x0, 0xd, 0xff, 0xd0, 0x2f,
    0xff, 0x90, 0x0, 0x0, 0x1, 0xff, 0xfa, 0x0,
    0xdf, 0xfe, 0x0, 0x0, 0x0, 0x7f, 0xff, 0x50,
    0x8, 0xff, 0xf9, 0x0, 0x0, 0x2f, 0xff, 0xf0,
    0x0, 0x1e, 0xff, 0xfa, 0x43, 0x6e, 0xff, 0xf7,
    0x0, 0x0, 0x4f, 0xff, 0xff, 0xff, 0xff, 0xfb,
    0x0, 0x0, 0x0, 0x5e, 0xff, 0xff, 0xff, 0xfb,
    0x0, 0x0, 0x0, 0x0, 0x18, 0xce, 0xfe, 0xa4,
    0x0, 0x0, 0x0,

    /* U+0031 "1" */
    0x0, 0x2, 0xcf, 0xff, 0xc0, 0x5, 0xff, 0xff,
    0xfc, 0x9, 0xff, 0xff, 0xff, 0xca, 0xff, 0xfc,
    0xef, 0xfc, 0xbf, 0xf8, 0xd, 0xff, 0xcb, 0xe3,
    0x0, 0xdf, 0xfc, 0x71, 0x0, 0xd, 0xff, 0xc0,
    0x0, 0x0, 0xdf, 0xfc, 0x0, 0x0, 0xd, 0xff,
    0xc0, 0x0, 0x0, 0xdf, 0xfc, 0x0, 0x0, 0xd,
    0xff, 0xc0, 0x0, 0x0, 0xdf, 0xfc, 0x0, 0x0,
    0xd, 0xff, 0xc0, 0x0, 0x0, 0xdf, 0xfc, 0x0,
    0x0, 0xd, 0xff, 0xc0, 0x0, 0x0, 0xdf, 0xfc,
    0x0, 0x0, 0xd, 0xff, 0xc0, 0x0, 0x0, 0xdf,
    0xfc, 0x0, 0x0, 0xd, 0xff, 0xc0, 0x0, 0x0,
    0xdf, 0xfc, 0x0, 0x0, 0xd, 0xff, 0xc0,

    /* U+0032 "2" */
    0x0, 0x0, 0x5b, 0xef, 0xec, 0x71, 0x0, 0x0,
    0x2, 0xcf, 0xff, 0xff, 0xff, 0xe4, 0x0, 0x1,
    0xdf, 0xff, 0xff, 0xff, 0xff, 0xf4, 0x0, 0x9f,
    0xff, 0xc4, 0x13, 0xaf, 0xff, 0xd0, 0xf, 0xff,
    0xc0, 0x0, 0x0, 0x9f, 0xff, 0x32, 0xff, 0xf5,
    0x0, 0x0, 0x2, 0xff, 0xf6, 0x28, 0x88, 0x10,
    0x0, 0x0, 0x1f, 0xff, 0x60, 0x0, 0x0, 0x0,
    0x0, 0x4, 0xff, 0xf4, 0x0, 0x0, 0x0, 0x0,
    0x0, 0xcf, 0xfe, 0x0, 0x0, 0x0, 0x0, 0x0,
    0x8f, 0xff, 0x60, 0x0, 0x0, 0x0, 0x0, 0x6f,
    0xff, 0xb0, 0x0, 0x0, 0x0, 0x0, 0x5f, 0xff,
    0xd0, 0x0, 0x0, 0x0, 0x0, 0x5f, 0xff, 0xe1,
    0x0, 0x0, 0x0, 0x0, 0x5f, 0xff, 0xe2, 0x0,
    0x0, 0x0, 0x0, 0x5f, 0xff, 0xe2, 0x0, 0x0,
    0x0, 0x0, 0x5f, 0xff, 0xe2, 0x0, 0x0, 0x0,
    0x0, 0x6f, 0xff, 0xe3, 0x0, 0x0, 0x0, 0x0,
    0x6f, 0xff, 0xf6, 0x33, 0x33, 0x33, 0x32, 0x2f,
    0xff, 0xff, 0xff, 0xff, 0xff, 0xff, 0xc2, 0xff,
    0xff, 0xff, 0xff, 0xff, 0xff, 0xfc, 0x2f, 0xff,
    0xff, 0xff, 0xff, 0xff, 0xff, 0xc0,

    /* U+0033 "3" */
    0x0, 0x0, 0x5a, 0xdf, 0xfd, 0x93, 0x0, 0x0,
    0x0, 0x2c, 0xff, 0xff, 0xff, 0xff, 0xa0, 0x0,
    0x1, 0xef, 0xff, 0xff, 0xff, 0xff, 0xfb, 0x0,
    0x9, 0xff, 0xfb, 0x52, 0x26, 0xef, 0xff, 0x40,
    0xf, 0xff, 0xb0, 0x0, 0x0, 0x3f, 0xff, 0x80,
    0x7, 0x77, 0x30, 0x0, 0x0, 0xf, 0xff, 0xa0,
    0x0, 0x0, 0x0, 0x0, 0x0, 0x2f, 0xff, 0x70,
    0x0, 0x0, 0x0, 0x0, 0x5, 0xef, 0xfe, 0x10,
    0x0, 0x0, 0x3, 0xee, 0xff, 0xff, 0xc1, 0x0,
    0x0, 0x0, 0x4, 0xff, 0xff, 0xf8, 0x10, 0x0,
    0x0, 0x0, 0x4, 0xff, 0xff, 0xff, 0xf7, 0x0,
    0x0, 0x0, 0x0, 0x0, 0x26, 0xef, 0xff, 0x60,
    0x0, 0x0, 0x0, 0x0, 0x0, 0x1e, 0xff, 0xf0,
    0x0, 0x0, 0x0, 0x0, 0x0, 0x8, 0xff, 0xf4,
    0x12, 0x22, 0x0, 0x0, 0x0, 0x6, 0xff, 0xf6,
    0x6f, 0xff, 0x50, 0x0, 0x0, 0x8, 0xff, 0xf4,
    0x3f, 0xff, 0xc0, 0x0, 0x0, 0x2e, 0xff, 0xf1,
    0xc, 0xff, 0xfd, 0x63, 0x37, 0xff, 0xff, 0xa0,
    0x2, 0xef, 0xff, 0xff, 0xff, 0xff, 0xfd, 0x10,
    0x0, 0x3d, 0xff, 0xff, 0xff, 0xff, 0xb1, 0x0,
    0x0, 0x0, 0x5a, 0xdf, 0xfd, 0x94, 0x0, 0x0,

    /* U+0034 "4" */
    0x0, 0x0, 0x0, 0x0, 0x3f, 0xff, 0xfa, 0x0,
    0x0, 0x0, 0x0, 0x0, 0xc, 0xff, 0xff, 0xa0,
    0x0, 0x0, 0x0, 0x0, 0x6, 0xff, 0xff, 0xfa,
    0x0, 0x0, 0x0, 0x0, 0x1, 0xef, 0xff, 0xff,
    0xa0, 0x0, 0x0, 0x0, 0x0, 0xaf, 0xfe, 0xdf,
    0xfa, 0x0, 0x0, 0x0, 0x0, 0x4f, 0xff, 0x5c,
    0xff, 0xa0, 0x0, 0x0, 0x0, 0xd, 0xff, 0xb0,
    0xcf, 0xfa, 0x0, 0x0, 0x0, 0x7, 0xff, 0xf2,
    0xc, 0xff, 0xa0, 0x0, 0x0, 0x2, 0xff, 0xf8,
    0x0, 0xcf, 0xfa, 0x0, 0x0, 0x0, 0xbf, 0xfe,
    0x0, 0xc, 0xff, 0xa0, 0x0, 0x0, 0x5f, 0xff,
    0x50, 0x0, 0xcf, 0xfa, 0x0, 0x0, 0xe, 0xff,
    0xb0, 0x0, 0xc, 0xff, 0xa0, 0x0, 0x8, 0xff,
    0xf2, 0x0, 0x0, 0xcf, 0xfa, 0x0, 0x2, 0xff,
    0xf8, 0x0, 0x0, 0xc, 0xff, 0xa0, 0x0, 0x8f,
    0xff, 0xff, 0xff, 0xff, 0xff, 0xff, 0xff, 0x48,
    0xff, 0xff, 0xff, 0xff, 0xff, 0xff, 0xff, 0xf4,
    0x8f, 0xff, 0xff, 0xff, 0xff, 0xff, 0xff, 0xff,
    0x40, 0x11, 0x11, 0x11, 0x11, 0x1d, 0xff, 0xb1,
    0x10, 0x0, 0x0, 0x0, 0x0, 0x0, 0xdf, 0xfa,
    0x0, 0x0, 0x0, 0x0, 0x0, 0x0, 0xd, 0xff,
    0xa0, 0x0, 0x0, 0x0, 0x0, 0x0, 0x0, 0xdf,
    0xfa, 0x0, 0x0,

    /* U+0035 "5" */
    0x2, 0xff, 0xff, 0xff, 0xff, 0xff, 0xfa, 0x0,
    0x4f, 0xff, 0xff, 0xff, 0xff, 0xff, 0xa0, 0x5,
    0xff, 0xff, 0xff, 0xff, 0xff, 0xfa, 0x0, 0x7f,
    0xfe, 0x22, 0x22, 0x22, 0x22, 0x10, 0x9, 0xff,
    0xc0, 0x0, 0x0, 0x0, 0x0, 0x0, 0xaf, 0xfa,
    0x0, 0x0, 0x0, 0x0, 0x0, 0xc, 0xff, 0x80,
    0x0, 0x0, 0x0, 0x0, 0x0, 0xdf, 0xf7, 0x3b,
    0xef, 0xd9, 0x20, 0x0, 0xf, 0xff, 0xcf, 0xff,
    0xff, 0xff, 0x60, 0x1, 0xff, 0xff, 0xff, 0xff,
    0xff, 0xff, 0x40, 0x1c, 0xef, 0xd5, 0x0, 0x19,
    0xff, 0xfe, 0x0, 0x0, 0x10, 0x0, 0x0, 0x9,
    0xff, 0xf5, 0x0, 0x0, 0x0, 0x0, 0x0, 0x1f,
    0xff, 0x90, 0x0, 0x0, 0x0, 0x0, 0x0, 0xdf,
    0xfb, 0x0, 0x0, 0x0, 0x0, 0x0, 0xd, 0xff,
    0xa7, 0xee, 0xe1, 0x0, 0x0, 0x1, 0xff, 0xf8,
    0x5f, 0xff, 0x80, 0x0, 0x0, 0x9f, 0xff, 0x30,
    0xef, 0xff, 0x93, 0x13, 0xaf, 0xff, 0xc0, 0x4,
    0xff, 0xff, 0xff, 0xff, 0xff, 0xf2, 0x0, 0x4,
    0xef, 0xff, 0xff, 0xff, 0xd2, 0x0, 0x0, 0x1,
    0x7c, 0xef, 0xeb, 0x60, 0x0, 0x0,

    /* U+0036 "6" */
    0x0, 0x0, 0x6, 0xce, 0xfe, 0xb5, 0x0, 0x0,
    0x0, 0x2, 0xdf, 0xff, 0xff, 0xff, 0xc1, 0x0,
    0x0, 0x2e, 0xff, 0xff, 0xff, 0xff, 0xfd, 0x10,
    0x0, 0xcf, 0xff, 0xc6, 0x47, 0xdf, 0xff, 0x90,
    0x5, 0xff, 0xf9, 0x0, 0x0, 0xd, 0xff, 0xf0,
    0xb, 0xff, 0xd0, 0x0, 0x0, 0x3, 0x99, 0x92,
    0xf, 0xff, 0x70, 0x0, 0x0, 0x0, 0x0, 0x0,
    0x4f, 0xff, 0x30, 0x5b, 0xef, 0xd8, 0x10, 0x0,
    0x6f, 0xff, 0x1b, 0xff, 0xff, 0xff, 0xe3, 0x0,
    0x7f, 0xff, 0x9f, 0xff, 0xef, 0xff, 0xff, 0x20,
    0x8f, 0xff, 0xfe, 0x50, 0x2, 0xbf, 0xff, 0xb0,
    0x9f, 0xff, 0xf3, 0x0, 0x0, 0xc, 0xff, 0xf1,
    0x8f, 0xff, 0xa0, 0x0, 0x0, 0x4, 0xff, 0xf5,
    0x6f, 0xff, 0x60, 0x0, 0x0, 0x1, 0xff, 0xf7,
    0x3f, 0xff, 0x70, 0x0, 0x0, 0x1, 0xff, 0xf6,
    0xf, 0xff, 0xb0, 0x0, 0x0, 0x5, 0xff, 0xf4,
    0xa, 0xff, 0xf4, 0x0, 0x0, 0x1d, 0xff, 0xf0,
    0x2, 0xff, 0xff, 0x72, 0x15, 0xdf, 0xff, 0x80,
    0x0, 0x6f, 0xff, 0xff, 0xff, 0xff, 0xfc, 0x0,
    0x0, 0x6, 0xff, 0xff, 0xff, 0xff, 0xb1, 0x0,
    0x0, 0x0, 0x18, 0xcf, 0xfd, 0xa4, 0x0, 0x0,

    /* U+0037 "7" */
    0xdf, 0xff, 0xff, 0xff, 0xff, 0xff, 0xff, 0xdf,
    0xff, 0xff, 0xff, 0xff, 0xff, 0xff, 0xdf, 0xff,
    0xff, 0xff, 0xff, 0xff, 0xff, 0x33, 0x33, 0x33,
    0x33, 0x34, 0xff, 0xfd, 0x0, 0x0, 0x0, 0x0,
    0x6, 0xff, 0xf6, 0x0, 0x0, 0x0, 0x0, 0xe,
    0xff, 0xe0, 0x0, 0x0, 0x0, 0x0, 0x6f, 0xff,
    0x60, 0x0, 0x0, 0x0, 0x0, 0xdf, 0xfe, 0x0,
    0x0, 0x0, 0x0, 0x5, 0xff, 0xf6, 0x0, 0x0,
    0x0, 0x0, 0xd, 0xff, 0xe0, 0x0, 0x0, 0x0,
    0x0, 0x5f, 0xff, 0x70, 0x0, 0x0, 0x0, 0x0,
    0xdf, 0xfe, 0x0, 0x0, 0x0, 0x0, 0x5, 0xff,
    0xf7, 0x0, 0x0, 0x0, 0x0, 0xc, 0xff, 0xe0,
    0x0, 0x0, 0x0, 0x0, 0x4f, 0xff, 0x80, 0x0,
    0x0, 0x0, 0x0, 0xcf, 0xff, 0x10, 0x0, 0x0,
    0x0, 0x4, 0xff, 0xf8, 0x0, 0x0, 0x0, 0x0,
    0xc, 0xff, 0xf1, 0x0, 0x0, 0x0, 0x0, 0x4f,
    0xff, 0x80, 0x0, 0x0, 0x0, 0x0, 0xbf, 0xff,
    0x10, 0x0, 0x0, 0x0, 0x3, 0xff, 0xf9, 0x0,
    0x0, 0x0, 0x0,

    /* U+0038 "8" */
    0x0, 0x0, 0x5a, 0xdf, 0xfd, 0x94, 0x0, 0x0,
    0x0, 0x1c, 0xff, 0xff, 0xff, 0xff, 0xb1, 0x0,
    0x1, 0xdf, 0xff, 0xff, 0xff, 0xff, 0xfc, 0x0,
    0x8, 0xff, 0xfc, 0x30, 0x4, 0xdf, 0xff, 0x60,
    0xc, 0xff, 0xf1, 0x0, 0x0, 0x1f, 0xff, 0xa0,
    0xc, 0xff, 0xc0, 0x0, 0x0, 0xd, 0xff, 0xb0,
    0x9, 0xff, 0xe0, 0x0, 0x0, 0x1f, 0xff, 0x70,
    0x1, 0xff, 0xfb, 0x20, 0x2, 0xcf, 0xfe, 0x0,
    0x0, 0x3e, 0xff, 0xfe, 0xef, 0xff, 0xd2, 0x0,
    0x0, 0x2, 0xcf, 0xff, 0xff, 0xfb, 0x10, 0x0,
    0x0, 0x8f, 0xff, 0xff, 0xff, 0xff, 0xf6, 0x0,
    0x7, 0xff, 0xfc, 0x40, 0x4, 0xdf, 0xff, 0x50,
    0x1f, 0xff, 0xc0, 0x0, 0x0, 0x1e, 0xff, 0xe0,
    0x6f, 0xff, 0x50, 0x0, 0x0, 0x7, 0xff, 0xf5,
    0x8f, 0xff, 0x20, 0x0, 0x0, 0x4, 0xff, 0xf7,
    0x8f, 0xff, 0x40, 0x0, 0x0, 0x5, 0xff, 0xf6,
    0x5f, 0xff, 0xa0, 0x0, 0x0, 0xc, 0xff, 0xf3,
    0xd, 0xff, 0xfa, 0x20, 0x3, 0xbf, 0xff, 0xc0,
    0x3, 0xff, 0xff, 0xff, 0xff, 0xff, 0xfe, 0x20,
    0x0, 0x3d, 0xff, 0xff, 0xff, 0xff, 0xc3, 0x0,
    0x0, 0x0, 0x5b, 0xdf, 0xfd, 0xa5, 0x0, 0x0,

    /* U+0039 "9" */
    0x0, 0x0, 0x4a, 0xdf, 0xec, 0x81, 0x0, 0x0,
    0x0, 0x1b, 0xff, 0xff, 0xff, 0xff, 0x50, 0x0,
    0x0, 0xdf, 0xff, 0xff, 0xff, 0xff, 0xf5, 0x0,
    0xa, 0xff, 0xfd, 0x51, 0x28, 0xff, 0xff, 0x10,
    0x1f, 0xff, 0xd0, 0x0, 0x0, 0x5f, 0xff, 0x80,
    0x6f, 0xff, 0x40, 0x0, 0x0, 0xc, 0xff, 0xe0,
    0x8f, 0xff, 0x0, 0x0, 0x0, 0x8, 0xff, 0xf2,
    0x8f, 0xff, 0x0, 0x0, 0x0, 0x7, 0xff, 0xf5,
    0x7f, 0xff, 0x30, 0x0, 0x0, 0xb, 0xff, 0xf6,
    0x3f, 0xff, 0xc0, 0x0, 0x0, 0x5f, 0xff, 0xf7,
    0xc, 0xff, 0xfb, 0x30, 0x17, 0xff, 0xff, 0xf7,
    0x2, 0xff, 0xff, 0xff, 0xff, 0xf8, 0xff, 0xf6,
    0x0, 0x3e, 0xff, 0xff, 0xff, 0x82, 0xff, 0xf5,
    0x0, 0x1, 0x7b, 0xdc, 0x93, 0x4, 0xff, 0xf2,
    0x0, 0x0, 0x0, 0x0, 0x0, 0x8, 0xff, 0xf0,
    0x3b, 0xbb, 0x30, 0x0, 0x0, 0xe, 0xff, 0xa0,
    0x1f, 0xff, 0xc0, 0x0, 0x0, 0xaf, 0xff, 0x30,
    0xa, 0xff, 0xfd, 0x64, 0x6c, 0xff, 0xfb, 0x0,
    0x1, 0xef, 0xff, 0xff, 0xff, 0xff, 0xe1, 0x0,
    0x0, 0x2d, 0xff, 0xff, 0xff, 0xfd, 0x20, 0x0,
    0x0, 0x0, 0x6b, 0xef, 0xeb, 0x60, 0x0, 0x0,

    /* U+003A ":" */
    0x3, 0x73, 0x5, 0xff, 0xf4, 0xaf, 0xff, 0x98,
    0xff, 0xf7, 0x1b, 0xfa, 0x0, 0x0, 0x0, 0x0,
    0x0, 0x0, 0x0, 0x0, 0x0, 0x0, 0x0, 0x0,
    0x0, 0x0, 0x0, 0x0, 0x37, 0x30, 0x5f, 0xff,
    0x3a, 0xff, 0xf9, 0x9f, 0xff, 0x71, 0xbf, 0xb0,

    /* U+003B ";" */
    0x0, 0x17, 0x50, 0x1, 0xef, 0xf8, 0x5, 0xff,
    0xfe, 0x4, 0xff, 0xfc, 0x0, 0x8f, 0xd2, 0x0,
    0x0, 0x0, 0x0, 0x0, 0x0, 0x0, 0x0, 0x0,
    0x0, 0x0, 0x0, 0x0, 0x0, 0x0, 0x0, 0x0,
    0x0, 0x0, 0x0, 0x0, 0x1, 0x88, 0x83, 0x4,
    0xff, 0xf4, 0x6, 0xff, 0xf0, 0x8, 0xff, 0xb0,
    0xa, 0xff, 0x60, 0xd, 0xff, 0x20, 0xf, 0xfd,
    0x0, 0x1f, 0xf9, 0x0, 0x3f, 0xf4, 0x0,

    /* U+003C "<" */
    0x0, 0x0, 0x0, 0x0, 0x0, 0x0, 0x1, 0x0,
    0x0, 0x0, 0x0, 0x0, 0x2, 0xae, 0x0, 0x0,
    0x0, 0x0, 0x3, 0xaf, 0xfe, 0x0, 0x0, 0x0,
    0x3, 0xbf, 0xff, 0xfe, 0x0, 0x0, 0x4, 0xcf,
    0xff, 0xff, 0xe7, 0x0, 0x5, 0xcf, 0xff, 0xff,
    0xd6, 0x0, 0x5, 0xdf, 0xff, 0xff, 0xb4, 0x0,
    0x0, 0xaf, 0xff, 0xff, 0x92, 0x0, 0x0, 0x0,
    0xbf, 0xff, 0xb1, 0x0, 0x0, 0x0, 0x0, 0xbf,
    0xff, 0xfb, 0x40, 0x0, 0x0, 0x0, 0x3a, 0xff,
    0xff, 0xfd, 0x60, 0x0, 0x0, 0x0, 0x2a, 0xff,
    0xff, 0xfe, 0x81, 0x0, 0x0, 0x0, 0x29, 0xff,
    0xff, 0xff, 0x92, 0x0, 0x0, 0x0, 0x18, 0xff,
    0xff, 0xfe, 0x0, 0x0, 0x0, 0x0, 0x18, 0xef,
    0xfe, 0x0, 0x0, 0x0, 0x0, 0x0, 0x7, 0xee,
    0x0, 0x0, 0x0, 0x0, 0x0, 0x0, 0x5,

    /* U+003D "=" */
    0x2f, 0xff, 0xff, 0xff, 0xff, 0xff, 0xff, 0x2,
    0xff, 0xff, 0xff, 0xff, 0xff, 0xff, 0xf0, 0x2f,
    0xff, 0xff, 0xff, 0xff, 0xff, 0xff, 0x0, 0x22,
    0x22, 0x22, 0x22, 0x22, 0x22, 0x20, 0x0, 0x0,
    0x0, 0x0, 0x0, 0x0, 0x0, 0x0, 0x0, 0x0,
    0x0, 0x0, 0x0, 0x0, 0x0, 0x2, 0x22, 0x22,
    0x22, 0x22, 0x22, 0x22, 0x2, 0xff, 0xff, 0xff,
    0xff, 0xff, 0xff, 0xf0, 0x2f, 0xff, 0xff, 0xff,
    0xff, 0xff, 0xff, 0x2, 0xff, 0xff, 0xff, 0xff,
    0xff, 0xff, 0xf0,

    /* U+003E ">" */
    0x1, 0x0, 0x0, 0x0, 0x0, 0x0, 0x0, 0x0,
    0xf9, 0x10, 0x0, 0x0, 0x0, 0x0, 0x0, 0xf,
    0xff, 0x92, 0x0, 0x0, 0x0, 0x0, 0x0, 0xff,
    0xff, 0xfa, 0x20, 0x0, 0x0, 0x0, 0x9, 0xff,
    0xff, 0xff, 0xb3, 0x0, 0x0, 0x0, 0x0, 0x7e,
    0xff, 0xff, 0xfb, 0x30, 0x0, 0x0, 0x0, 0x5,
    0xcf, 0xff, 0xff, 0xc4, 0x0, 0x0, 0x0, 0x0,
    0x3a, 0xff, 0xff, 0xf7, 0x0, 0x0, 0x0, 0x0,
    0x1, 0xcf, 0xff, 0x80, 0x0, 0x0, 0x0, 0x5,
    0xcf, 0xff, 0xf8, 0x0, 0x0, 0x1, 0x7e, 0xff,
    0xff, 0xf9, 0x20, 0x0, 0x29, 0xff, 0xff, 0xff,
    0x91, 0x0, 0x3, 0xaf, 0xff, 0xff, 0xf8, 0x10,
    0x0, 0x0, 0xff, 0xff, 0xfe, 0x70, 0x0, 0x0,
    0x0, 0xf, 0xff, 0xe7, 0x0, 0x0, 0x0, 0x0,
    0x0, 0xfd, 0x60, 0x0, 0x0, 0x0, 0x0, 0x0,
    0x5, 0x0, 0x0, 0x0, 0x0, 0x0, 0x0, 0x0,

    /* U+003F "?" */
    0x0, 0x6, 0xbe, 0xfe, 0xb6, 0x0, 0x0, 0x2d,
    0xff, 0xff, 0xff, 0xfd, 0x20, 0xd, 0xff, 0xff,
    0xff, 0xff, 0xfe, 0x16, 0xff, 0xfc, 0x30, 0x3c,
    0xff, 0xf7, 0xbf, 0xfe, 0x0, 0x0, 0x1f, 0xff,
    0xba, 0xcc, 0x80, 0x0, 0x0, 0xdf, 0xfd, 0x0,
    0x0, 0x0, 0x0, 0xe, 0xff, 0xb0, 0x0, 0x0,
    0x0, 0x8, 0xff, 0xf7, 0x0, 0x0, 0x0, 0xa,
    0xff, 0xfd, 0x0, 0x0, 0x0, 0x2d, 0xff, 0xfd,
    0x20, 0x0, 0x0, 0xe, 0xff, 0xf9, 0x0, 0x0,
    0x0, 0x5, 0xff, 0xf6, 0x0, 0x0, 0x0, 0x0,
    0x9f, 0xfd, 0x0, 0x0, 0x0, 0x0, 0xa, 0xff,
    0x90, 0x0, 0x0, 0x0, 0x0, 0x47, 0x74, 0x0,
    0x0, 0x0, 0x0, 0x0, 0x0, 0x0, 0x0, 0x0,
    0x0, 0x0, 0x5, 0x50, 0x0, 0x0, 0x0, 0x0,
    0xd, 0xff, 0xb0, 0x0, 0x0, 0x0, 0x3, 0xff,
    0xff, 0x20, 0x0, 0x0, 0x0, 0x2f, 0xff, 0xf0,
    0x0, 0x0, 0x0, 0x0, 0x6e, 0xe5, 0x0, 0x0,
    0x0,

    /* U+0040 "@" */
    0x0, 0x0, 0x0, 0x0, 0x49, 0xce, 0xff, 0xec,
    0x95, 0x0, 0x0, 0x0, 0x0, 0x0, 0x0, 0x0,
    0x6e, 0xff, 0xff, 0xff, 0xff, 0xff, 0xf7, 0x0,
    0x0, 0x0, 0x0, 0x0, 0x1c, 0xff, 0xff, 0xff,
    0xed, 0xef, 0xff, 0xff, 0xe2, 0x0, 0x0, 0x0,
    0x2, 0xef, 0xff, 0xd7, 0x20, 0x0, 0x0, 0x39,
    0xff, 0xff, 0x30, 0x0, 0x0, 0xd, 0xff, 0xf7,
    0x0, 0x0, 0x0, 0x0, 0x0, 0x2c, 0xff, 0xe1,
    0x0, 0x0, 0x8f, 0xff, 0x40, 0x0, 0x0, 0x0,
    0x0, 0x0, 0x0, 0xbf, 0xfb, 0x0, 0x2, 0xff,
    0xf7, 0x0, 0x0, 0x0, 0x0, 0x0, 0x0, 0x0,
    0x1e, 0xff, 0x30, 0x8, 0xff, 0xc0, 0x0, 0x2,
    0x9d, 0xfe, 0x91, 0x8b, 0x90, 0x6, 0xff, 0xb0,
    0xe, 0xff, 0x50, 0x0, 0x4f, 0xff, 0xff, 0xfe,
    0xdf, 0xd0, 0x0, 0xff, 0xf0, 0x2f, 0xff, 0x0,
    0x1, 0xff, 0xff, 0xef, 0xff, 0xff, 0xd0, 0x0,
    0xbf, 0xf4, 0x5f, 0xfc, 0x0, 0xa, 0xff, 0xb1,
    0x0, 0x4e, 0xff, 0xd0, 0x0, 0x8f, 0xf6, 0x7f,
    0xf9, 0x0, 0xf, 0xff, 0x10, 0x0, 0x4, 0xff,
    0xd0, 0x0, 0x6f, 0xf7, 0x8f, 0xf8, 0x0, 0x3f,
    0xf9, 0x0, 0x0, 0x0, 0xff, 0xd0, 0x0, 0x6f,
    0xf8, 0x9f, 0xf8, 0x0, 0x4f, 0xf7, 0x0, 0x0,
    0x0, 0xdf, 0xd0, 0x0, 0x6f, 0xf8, 0x8f, 0xf8,
    0x0, 0x4f, 0xf7, 0x0, 0x0, 0x0, 0xdf, 0xd0,
    0x0, 0x7f, 0xf6, 0x7f, 0xf9, 0x0, 0x3f, 0xf9,
    0x0, 0x0, 0x0, 0xff, 0xd0, 0x0, 0x8f, 0xf4,
    0x5f, 0xfc, 0x0, 0xf, 0xfe, 0x0, 0x0, 0x4,
    0xff, 0xd0, 0x0, 0xbf, 0xf1, 0x3f, 0xff, 0x0,
    0xa, 0xff, 0x70, 0x0, 0xc, 0xff, 0xf0, 0x2,
    0xff, 0xc0, 0xe, 0xff, 0x50, 0x2, 0xff, 0xfb,
    0x89, 0xef, 0xef, 0xfc, 0x9e, 0xff, 0x50, 0xa,
    0xff, 0xc0, 0x0, 0x5f, 0xff, 0xff, 0xfd, 0x3f,
    0xff, 0xff, 0xfa, 0x0, 0x3, 0xff, 0xf6, 0x0,
    0x3, 0xae, 0xfd, 0x81, 0x3, 0xbe, 0xfd, 0x60,
    0x0, 0x0, 0xaf, 0xff, 0x40, 0x0, 0x0, 0x0,
    0x0, 0x0, 0x0, 0x0, 0x0, 0x0, 0x0, 0x1e,
    0xff, 0xf7, 0x0, 0x0, 0x0, 0x0, 0x0, 0x0,
    0x0, 0x0, 0x0, 0x0, 0x3, 0xef, 0xff, 0xe7,
    0x30, 0x0, 0x0, 0x26, 0xa2, 0x0, 0x0, 0x0,
    0x0, 0x0, 0x2d, 0xff, 0xff, 0xff, 0xfe, 0xef,
    0xff, 0xf8, 0x0, 0x0, 0x0, 0x0, 0x0, 0x0,
    0x7e, 0xff, 0xff, 0xff, 0xff, 0xff, 0xfb, 0x0,
    0x0, 0x0, 0x0, 0x0, 0x0, 0x0, 0x49, 0xce,
    0xff, 0xfd, 0xb7, 0x30, 0x0, 0x0, 0x0,

    /* U+0041 "A" */
    0x0, 0x0, 0x0, 0x6, 0xff, 0xff, 0x90, 0x0,
    0x0, 0x0, 0x0, 0x0, 0x0, 0xb, 0xff, 0xff,
    0xe0, 0x0, 0x0, 0x0, 0x0, 0x0, 0x0, 0x1f,
    0xff, 0xff, 0xf4, 0x0, 0x0, 0x0, 0x0, 0x0,
    0x0, 0x6f, 0xff, 0xcf, 0xfa, 0x0, 0x0, 0x0,
    0x0, 0x0, 0x0, 0xbf, 0xfb, 0x8f, 0xff, 0x0,
    0x0, 0x0, 0x0, 0x0, 0x1, 0xff, 0xf7, 0x4f,
    0xff, 0x50, 0x0, 0x0, 0x0, 0x0, 0x6, 0xff,
    0xf3, 0xf, 0xff, 0xa0, 0x0, 0x0, 0x0, 0x0,
    0xb, 0xff, 0xe0, 0xb, 0xff, 0xf0, 0x0, 0x0,
    0x0, 0x0, 0x1f, 0xff, 0xa0, 0x7, 0xff, 0xf5,
    0x0, 0x0, 0x0, 0x0, 0x6f, 0xff, 0x60, 0x2,
    0xff, 0xfb, 0x0, 0x0, 0x0, 0x0, 0xcf, 0xff,
    0x10, 0x0, 0xdf, 0xff, 0x10, 0x0, 0x0, 0x1,
    0xff, 0xfc, 0x0, 0x0, 0x8f, 0xff, 0x60, 0x0,
    0x0, 0x7, 0xff, 0xf7, 0x0, 0x0, 0x3f, 0xff,
    0xc0, 0x0, 0x0, 0xc, 0xff, 0xff, 0xff, 0xff,
    0xff, 0xff, 0xf1, 0x0, 0x0, 0x1f, 0xff, 0xff,
    0xff, 0xff, 0xff, 0xff, 0xf7, 0x0, 0x0, 0x7f,
    0xff, 0xff, 0xff, 0xff, 0xff, 0xff, 0xfc, 0x0,
    0x0, 0xcf, 0xff, 0x20, 0x0, 0x0, 0x0, 0xdf,
    0xff, 0x20, 0x2, 0xff, 0xfd, 0x0, 0x0, 0x0,
    0x0, 0x8f, 0xff, 0x70, 0x7, 0xff, 0xf8, 0x0,
    0x0, 0x0, 0x0, 0x2f, 0xff, 0xd0, 0xc, 0xff,
    0xf2, 0x0, 0x0, 0x0, 0x0, 0xd, 0xff, 0xf2,
    0x2f, 0xff, 0xd0, 0x0, 0x0, 0x0, 0x0, 0x7,
    0xff, 0xf8,

    /* U+0042 "B" */
    0xff, 0xff, 0xff, 0xff, 0xfd, 0x93, 0x0, 0x0,
    0xff, 0xff, 0xff, 0xff, 0xff, 0xff, 0x90, 0x0,
    0xff, 0xff, 0xff, 0xff, 0xff, 0xff, 0xf8, 0x0,
    0xff, 0xfb, 0x22, 0x22, 0x4a, 0xff, 0xff, 0x10,
    0xff, 0xfb, 0x0, 0x0, 0x0, 0xaf, 0xff, 0x40,
    0xff, 0xfb, 0x0, 0x0, 0x0, 0x5f, 0xff, 0x60,
    0xff, 0xfb, 0x0, 0x0, 0x0, 0x5f, 0xff, 0x50,
    0xff, 0xfb, 0x0, 0x0, 0x0, 0xbf, 0xff, 0x10,
    0xff, 0xfb, 0x0, 0x0, 0x3a, 0xff, 0xf5, 0x0,
    0xff, 0xff, 0xff, 0xff, 0xff, 0xfb, 0x30, 0x0,
    0xff, 0xff, 0xff, 0xff, 0xff, 0xfb, 0x50, 0x0,
    0xff, 0xfe, 0xbb, 0xbb, 0xdf, 0xff, 0xfa, 0x0,
    0xff, 0xfb, 0x0, 0x0, 0x1, 0xbf, 0xff, 0x70,
    0xff, 0xfb, 0x0, 0x0, 0x0, 0xd, 0xff, 0xe0,
    0xff, 0xfb, 0x0, 0x0, 0x0, 0x9, 0xff, 0xf2,
    0xff, 0xfb, 0x0, 0x0, 0x0, 0x9, 0xff, 0xf2,
    0xff, 0xfb, 0x0, 0x0, 0x0, 0x1e, 0xff, 0xf1,
    0xff, 0xfb, 0x22, 0x22, 0x36, 0xdf, 0xff, 0xc0,
    0xff, 0xff, 0xff, 0xff, 0xff, 0xff, 0xff, 0x30,
    0xff, 0xff, 0xff, 0xff, 0xff, 0xff, 0xe5, 0x0,
    0xff, 0xff, 0xff, 0xff, 0xfe, 0xc7, 0x10, 0x0,

    /* U+0043 "C" */
    0x0, 0x0, 0x1, 0x7b, 0xef, 0xed, 0x93, 0x0,
    0x0, 0x0, 0x0, 0x6, 0xff, 0xff, 0xff, 0xff,
    0xfb, 0x20, 0x0, 0x0, 0xa, 0xff, 0xff, 0xff,
    0xff, 0xff, 0xfe, 0x20, 0x0, 0x8, 0xff, 0xff,
    0xd8, 0x67, 0xaf, 0xff, 0xfd, 0x0, 0x2, 0xff,
    0xff, 0x70, 0x0, 0x0, 0x2d, 0xff, 0xf7, 0x0,
    0xaf, 0xff, 0x80, 0x0, 0x0, 0x0, 0x1f, 0xff,
    0xe0, 0xf, 0xff, 0xd0, 0x0, 0x0, 0x0, 0x0,
    0x9f, 0xff, 0x24, 0xff, 0xf7, 0x0, 0x0, 0x0,
    0x0, 0x0, 0x22, 0x20, 0x7f, 0xff, 0x40, 0x0,
    0x0, 0x0, 0x0, 0x0, 0x0, 0x8, 0xff, 0xf2,
    0x0, 0x0, 0x0, 0x0, 0x0, 0x0, 0x0, 0x9f,
    0xff, 0x10, 0x0, 0x0, 0x0, 0x0, 0x0, 0x0,
    0x8, 0xff, 0xf2, 0x0, 0x0, 0x0, 0x0, 0x0,
    0x0, 0x0, 0x7f, 0xff, 0x40, 0x0, 0x0, 0x0,
    0x0, 0x0, 0x0, 0x4, 0xff, 0xf7, 0x0, 0x0,
    0x0, 0x0, 0x0, 0x22, 0x20, 0xf, 0xff, 0xd0,
    0x0, 0x0, 0x0, 0x0, 0x9f, 0xff, 0x20, 0xaf,
    0xff, 0x70, 0x0, 0x0, 0x0, 0x1f, 0xff, 0xe0,
    0x2, 0xff, 0xff, 0x70, 0x0, 0x0, 0x2d, 0xff,
    0xf7, 0x0, 0x8, 0xff, 0xff, 0xd8, 0x67, 0xaf,
    0xff, 0xfd, 0x0, 0x0, 0xa, 0xff, 0xff, 0xff,
    0xff, 0xff, 0xfe, 0x10, 0x0, 0x0, 0x7, 0xff,
    0xff, 0xff, 0xff, 0xfa, 0x10, 0x0, 0x0, 0x0,
    0x1, 0x7b, 0xef, 0xed, 0x93, 0x0, 0x0, 0x0,

    /* U+0044 "D" */
    0xff, 0xff, 0xff, 0xff, 0xeb, 0x72, 0x0, 0x0,
    0xf, 0xff, 0xff, 0xff, 0xff, 0xff, 0xf9, 0x0,
    0x0, 0xff, 0xff, 0xff, 0xff, 0xff, 0xff, 0xfc,
    0x10, 0xf, 0xff, 0xc4, 0x44, 0x56, 0xbf, 0xff,
    0xfb, 0x0, 0xff, 0xfb, 0x0, 0x0, 0x0, 0x3d,
    0xff, 0xf6, 0xf, 0xff, 0xb0, 0x0, 0x0, 0x0,
    0x2f, 0xff, 0xd0, 0xff, 0xfb, 0x0, 0x0, 0x0,
    0x0, 0x8f, 0xff, 0x3f, 0xff, 0xb0, 0x0, 0x0,
    0x0, 0x2, 0xff, 0xf7, 0xff, 0xfb, 0x0, 0x0,
    0x0, 0x0, 0xf, 0xff, 0xaf, 0xff, 0xb0, 0x0,
    0x0, 0x0, 0x0, 0xdf, 0xfc, 0xff, 0xfb, 0x0,
    0x0, 0x0, 0x0, 0xd, 0xff, 0xcf, 0xff, 0xb0,
    0x0, 0x0, 0x0, 0x0, 0xdf, 0xfb, 0xff, 0xfb,
    0x0, 0x0, 0x0, 0x0, 0xf, 0xff, 0xaf, 0xff,
    0xb0, 0x0, 0x0, 0x0, 0x2, 0xff, 0xf7, 0xff,
    0xfb, 0x0, 0x0, 0x0, 0x0, 0x8f, 0xff, 0x3f,
    0xff, 0xb0, 0x0, 0x0, 0x0, 0x2f, 0xff, 0xd0,
    0xff, 0xfb, 0x0, 0x0, 0x0, 0x3e, 0xff, 0xf6,
    0xf, 0xff, 0xc4, 0x44, 0x57, 0xbf, 0xff, 0xfb,
    0x0, 0xff, 0xff, 0xff, 0xff, 0xff, 0xff, 0xfc,
    0x10, 0xf, 0xff, 0xff, 0xff, 0xff, 0xff, 0xf8,
    0x0, 0x0, 0xff, 0xff, 0xff, 0xff, 0xeb, 0x71,
    0x0, 0x0, 0x0,

    /* U+0045 "E" */
    0xff, 0xff, 0xff, 0xff, 0xff, 0xff, 0xf4, 0xff,
    0xff, 0xff, 0xff, 0xff, 0xff, 0xf4, 0xff, 0xff,
    0xff, 0xff, 0xff, 0xff, 0xf4, 0xff, 0xfc, 0x22,
    0x22, 0x22, 0x22, 0x20, 0xff, 0xfb, 0x0, 0x0,
    0x0, 0x0, 0x0, 0xff, 0xfb, 0x0, 0x0, 0x0,
    0x0, 0x0, 0xff, 0xfb, 0x0, 0x0, 0x0, 0x0,
    0x0, 0xff, 0xfb, 0x0, 0x0, 0x0, 0x0, 0x0,
    0xff, 0xfb, 0x22, 0x22, 0x22, 0x22, 0x10, 0xff,
    0xff, 0xff, 0xff, 0xff, 0xff, 0x90, 0xff, 0xff,
    0xff, 0xff, 0xff, 0xff, 0x90, 0xff, 0xff, 0xff,
    0xff, 0xff, 0xff, 0x90, 0xff, 0xfb, 0x0, 0x0,
    0x0, 0x0, 0x0, 0xff, 0xfb, 0x0, 0x0, 0x0,
    0x0, 0x0, 0xff, 0xfb, 0x0, 0x0, 0x0, 0x0,
    0x0, 0xff, 0xfb, 0x0, 0x0, 0x0, 0x0, 0x0,
    0xff, 0xfb, 0x0, 0x0, 0x0, 0x0, 0x0, 0xff,
    0xfc, 0x22, 0x22, 0x22, 0x22, 0x20, 0xff, 0xff,
    0xff, 0xff, 0xff, 0xff, 0xf5, 0xff, 0xff, 0xff,
    0xff, 0xff, 0xff, 0xf5, 0xff, 0xff, 0xff, 0xff,
    0xff, 0xff, 0xf5,

    /* U+0046 "F" */
    0xff, 0xff, 0xff, 0xff, 0xff, 0xff, 0xf1, 0xff,
    0xff, 0xff, 0xff, 0xff, 0xff, 0xf1, 0xff, 0xff,
    0xff, 0xff, 0xff, 0xff, 0xf1, 0xff, 0xfc, 0x22,
    0x22, 0x22, 0x22, 0x20, 0xff, 0xfb, 0x0, 0x0,
    0x0, 0x0, 0x0, 0xff, 0xfb, 0x0, 0x0, 0x0,
    0x0, 0x0, 0xff, 0xfb, 0x0, 0x0, 0x0, 0x0,
    0x0, 0xff, 0xfb, 0x0, 0x0, 0x0, 0x0, 0x0,
    0xff, 0xfb, 0x0, 0x0, 0x0, 0x0, 0x0, 0xff,
    0xfb, 0x22, 0x22, 0x22, 0x22, 0x0, 0xff, 0xff,
    0xff, 0xff, 0xff, 0xff, 0x20, 0xff, 0xff, 0xff,
    0xff, 0xff, 0xff, 0x20, 0xff, 0xff, 0xff, 0xff,
    0xff, 0xff, 0x20, 0xff, 0xfb, 0x0, 0x0, 0x0,
    0x0, 0x0, 0xff, 0xfb, 0x0, 0x0, 0x0, 0x0,
    0x0, 0xff, 0xfb, 0x0, 0x0, 0x0, 0x0, 0x0,
    0xff, 0xfb, 0x0, 0x0, 0x0, 0x0, 0x0, 0xff,
    0xfb, 0x0, 0x0, 0x0, 0x0, 0x0, 0xff, 0xfb,
    0x0, 0x0, 0x0, 0x0, 0x0, 0xff, 0xfb, 0x0,
    0x0, 0x0, 0x0, 0x0, 0xff, 0xfb, 0x0, 0x0,
    0x0, 0x0, 0x0,

    /* U+0047 "G" */
    0x0, 0x0, 0x1, 0x7b, 0xef, 0xed, 0x93, 0x0,
    0x0, 0x0, 0x0, 0x6, 0xff, 0xff, 0xff, 0xff,
    0xfb, 0x10, 0x0, 0x0, 0x9, 0xff, 0xff, 0xff,
    0xff, 0xff, 0xfe, 0x20, 0x0, 0x7, 0xff, 0xff,
    0xe8, 0x67, 0xaf, 0xff, 0xfd, 0x0, 0x2, 0xff,
    0xff, 0x80, 0x0, 0x0, 0x2d, 0xff, 0xf8, 0x0,
    0xaf, 0xff, 0x80, 0x0, 0x0, 0x0, 0x2f, 0xff,
    0xe0, 0xf, 0xff, 0xe0, 0x0, 0x0, 0x0, 0x0,
    0x8d, 0xdd, 0x24, 0xff, 0xf8, 0x0, 0x0, 0x0,
    0x0, 0x0, 0x0, 0x0, 0x7f, 0xff, 0x40, 0x0,
    0x0, 0x0, 0x0, 0x0, 0x0, 0x8, 0xff, 0xf2,
    0x0, 0x0, 0x0, 0x0, 0x0, 0x0, 0x0, 0x9f,
    0xff, 0x10, 0x0, 0x0, 0xcf, 0xff, 0xff, 0xff,
    0x78, 0xff, 0xf2, 0x0, 0x0, 0xc, 0xff, 0xff,
    0xff, 0xf7, 0x7f, 0xff, 0x40, 0x0, 0x0, 0xbf,
    0xff, 0xff, 0xff, 0x74, 0xff, 0xf7, 0x0, 0x0,
    0x0, 0x0, 0x1, 0xff, 0xf6, 0xf, 0xff, 0xd0,
    0x0, 0x0, 0x0, 0x0, 0x5f, 0xff, 0x40, 0xaf,
    0xff, 0x70, 0x0, 0x0, 0x0, 0xc, 0xff, 0xf0,
    0x3, 0xff, 0xff, 0x70, 0x0, 0x0, 0xa, 0xff,
    0xf9, 0x0, 0x8, 0xff, 0xff, 0xd8, 0x66, 0x9e,
    0xff, 0xfe, 0x10, 0x0, 0xa, 0xff, 0xff, 0xff,
    0xff, 0xff, 0xff, 0x30, 0x0, 0x0, 0x7, 0xff,
    0xff, 0xff, 0xff, 0xfc, 0x20, 0x0, 0x0, 0x0,
    0x1, 0x7b, 0xef, 0xfd, 0xa5, 0x0, 0x0, 0x0,

    /* U+0048 "H" */
    0xff, 0xfb, 0x0, 0x0, 0x0, 0x0, 0xd, 0xff,
    0xdf, 0xff, 0xb0, 0x0, 0x0, 0x0, 0x0, 0xdf,
    0xfd, 0xff, 0xfb, 0x0, 0x0, 0x0, 0x0, 0xd,
    0xff, 0xdf, 0xff, 0xb0, 0x0, 0x0, 0x0, 0x0,
    0xdf, 0xfd, 0xff, 0xfb, 0x0, 0x0, 0x0, 0x0,
    0xd, 0xff, 0xdf, 0xff, 0xb0, 0x0, 0x0, 0x0,
    0x0, 0xdf, 0xfd, 0xff, 0xfb, 0x0, 0x0, 0x0,
    0x0, 0xd, 0xff, 0xdf, 0xff, 0xb0, 0x0, 0x0,
    0x0, 0x0, 0xdf, 0xfd, 0xff, 0xfc, 0x22, 0x22,
    0x22, 0x22, 0x2d, 0xff, 0xdf, 0xff, 0xff, 0xff,
    0xff, 0xff, 0xff, 0xff, 0xfd, 0xff, 0xff, 0xff,
    0xff, 0xff, 0xff, 0xff, 0xff, 0xdf, 0xff, 0xff,
    0xff, 0xff, 0xff, 0xff, 0xff, 0xfd, 0xff, 0xfb,
    0x0, 0x0, 0x0, 0x0, 0xd, 0xff, 0xdf, 0xff,
    0xb0, 0x0, 0x0, 0x0, 0x0, 0xdf, 0xfd, 0xff,
    0xfb, 0x0, 0x0, 0x0, 0x0, 0xd, 0xff, 0xdf,
    0xff, 0xb0, 0x0, 0x0, 0x0, 0x0, 0xdf, 0xfd,
    0xff, 0xfb, 0x0, 0x0, 0x0, 0x0, 0xd, 0xff,
    0xdf, 0xff, 0xb0, 0x0, 0x0, 0x0, 0x0, 0xdf,
    0xfd, 0xff, 0xfb, 0x0, 0x0, 0x0, 0x0, 0xd,
    0xff, 0xdf, 0xff, 0xb0, 0x0, 0x0, 0x0, 0x0,
    0xdf, 0xfd, 0xff, 0xfb, 0x0, 0x0, 0x0, 0x0,
    0xd, 0xff, 0xd0,

    /* U+0049 "I" */
    0xff, 0xfb, 0xff, 0xfb, 0xff, 0xfb, 0xff, 0xfb,
    0xff, 0xfb, 0xff, 0xfb, 0xff, 0xfb, 0xff, 0xfb,
    0xff, 0xfb, 0xff, 0xfb, 0xff, 0xfb, 0xff, 0xfb,
    0xff, 0xfb, 0xff, 0xfb, 0xff, 0xfb, 0xff, 0xfb,
    0xff, 0xfb, 0xff, 0xfb, 0xff, 0xfb, 0xff, 0xfb,
    0xff, 0xfb,

    /* U+004A "J" */
    0x0, 0x0, 0x0, 0x0, 0x7, 0xff, 0xf3, 0x0,
    0x0, 0x0, 0x0, 0x7, 0xff, 0xf3, 0x0, 0x0,
    0x0, 0x0, 0x7, 0xff, 0xf3, 0x0, 0x0, 0x0,
    0x0, 0x7, 0xff, 0xf3, 0x0, 0x0, 0x0, 0x0,
    0x7, 0xff, 0xf3, 0x0, 0x0, 0x0, 0x0, 0x7,
    0xff, 0xf3, 0x0, 0x0, 0x0, 0x0, 0x7, 0xff,
    0xf3, 0x0, 0x0, 0x0, 0x0, 0x7, 0xff, 0xf3,
    0x0, 0x0, 0x0, 0x0, 0x7, 0xff, 0xf3, 0x0,
    0x0, 0x0, 0x0, 0x7, 0xff, 0xf3, 0x0, 0x0,
    0x0, 0x0, 0x7, 0xff, 0xf3, 0x0, 0x0, 0x0,
    0x0, 0x7, 0xff, 0xf3, 0x0, 0x0, 0x0, 0x0,
    0x7, 0xff, 0xf3, 0x9a, 0xa7, 0x0, 0x0, 0x7,
    0xff, 0xf3, 0xef, 0xfb, 0x0, 0x0, 0x7, 0xff,
    0xf2, 0xdf, 0xfd, 0x0, 0x0, 0x9, 0xff, 0xf1,
    0xbf, 0xff, 0x30, 0x0, 0xe, 0xff, 0xf0, 0x6f,
    0xff, 0xe5, 0x24, 0xcf, 0xff, 0xa0, 0xc, 0xff,
    0xff, 0xff, 0xff, 0xff, 0x20, 0x1, 0xcf, 0xff,
    0xff, 0xff, 0xe4, 0x0, 0x0, 0x6, 0xbe, 0xff,
    0xc8, 0x10, 0x0,

    /* U+004B "K" */
    0xff, 0xfb, 0x0, 0x0, 0x0, 0x3, 0xff, 0xff,
    0x6f, 0xff, 0xb0, 0x0, 0x0, 0x1, 0xef, 0xff,
    0x80, 0xff, 0xfb, 0x0, 0x0, 0x0, 0xcf, 0xff,
    0xa0, 0xf, 0xff, 0xb0, 0x0, 0x0, 0xbf, 0xff,
    0xc0, 0x0, 0xff, 0xfb, 0x0, 0x0, 0x8f, 0xff,
    0xd1, 0x0, 0xf, 0xff, 0xb0, 0x0, 0x6f, 0xff,
    0xe2, 0x0, 0x0, 0xff, 0xfb, 0x0, 0x4f, 0xff,
    0xf4, 0x0, 0x0, 0xf, 0xff, 0xa0, 0x1e, 0xff,
    0xf5, 0x0, 0x0, 0x0, 0xff, 0xfa, 0xc, 0xff,
    0xf8, 0x0, 0x0, 0x0, 0xf, 0xff, 0xa8, 0xff,
    0xff, 0x40, 0x0, 0x0, 0x0, 0xff, 0xfd, 0xff,
    0xff, 0xfe, 0x0, 0x0, 0x0, 0xf, 0xff, 0xff,
    0xfd, 0xff, 0xf9, 0x0, 0x0, 0x0, 0xff, 0xff,
    0xfa, 0xd, 0xff, 0xf4, 0x0, 0x0, 0xf, 0xff,
    0xfb, 0x0, 0x4f, 0xff, 0xe0, 0x0, 0x0, 0xff,
    0xfd, 0x0, 0x0, 0x9f, 0xff, 0x90, 0x0, 0xf,
    0xff, 0xb0, 0x0, 0x0, 0xef, 0xff, 0x40, 0x0,
    0xff, 0xfb, 0x0, 0x0, 0x4, 0xff, 0xfe, 0x10,
    0xf, 0xff, 0xb0, 0x0, 0x0, 0xa, 0xff, 0xf9,
    0x0, 0xff, 0xfb, 0x0, 0x0, 0x0, 0x1e, 0xff,
    0xf4, 0xf, 0xff, 0xb0, 0x0, 0x0, 0x0, 0x5f,
    0xff, 0xe1, 0xff, 0xfb, 0x0, 0x0, 0x0, 0x0,
    0xaf, 0xff, 0xa0,

    /* U+004C "L" */
    0xff, 0xfb, 0x0, 0x0, 0x0, 0x0, 0xf, 0xff,
    0xb0, 0x0, 0x0, 0x0, 0x0, 0xff, 0xfb, 0x0,
    0x0, 0x0, 0x0, 0xf, 0xff, 0xb0, 0x0, 0x0,
    0x0, 0x0, 0xff, 0xfb, 0x0, 0x0, 0x0, 0x0,
    0xf, 0xff, 0xb0, 0x0, 0x0, 0x0, 0x0, 0xff,
    0xfb, 0x0, 0x0, 0x0, 0x0, 0xf, 0xff, 0xb0,
    0x0, 0x0, 0x0, 0x0, 0xff, 0xfb, 0x0, 0x0,
    0x0, 0x0, 0xf, 0xff, 0xb0, 0x0, 0x0, 0x0,
    0x0, 0xff, 0xfb, 0x0, 0x0, 0x0, 0x0, 0xf,
    0xff, 0xb0, 0x0, 0x0, 0x0, 0x0, 0xff, 0xfb,
    0x0, 0x0, 0x0, 0x0, 0xf, 0xff, 0xb0, 0x0,
    0x0, 0x0, 0x0, 0xff, 0xfb, 0x0, 0x0, 0x0,
    0x0, 0xf, 0xff, 0xb0, 0x0, 0x0, 0x0, 0x0,
    0xff, 0xfb, 0x0, 0x0, 0x0, 0x0, 0xf, 0xff,
    0xc2, 0x22, 0x22, 0x22, 0x21, 0xff, 0xff, 0xff,
    0xff, 0xff, 0xff, 0xbf, 0xff, 0xff, 0xff, 0xff,
    0xff, 0xfb, 0xff, 0xff, 0xff, 0xff, 0xff, 0xff,
    0xb0,

    /* U+004D "M" */
    0xff, 0xff, 0xfb, 0x0, 0x0, 0x0, 0x0, 0x0,
    0xef, 0xff, 0xfc, 0xff, 0xff, 0xff, 0x10, 0x0,
    0x0, 0x0, 0x4, 0xff, 0xff, 0xfc, 0xff, 0xff,
    0xff, 0x70, 0x0, 0x0, 0x0, 0x9, 0xff, 0xff,
    0xfc, 0xff, 0xff, 0xff, 0xc0, 0x0, 0x0, 0x0,
    0xf, 0xff, 0xff, 0xfc, 0xff, 0xfc, 0xff, 0xf2,
    0x0, 0x0, 0x0, 0x5f, 0xff, 0xcf, 0xfc, 0xff,
    0xf9, 0xef, 0xf8, 0x0, 0x0, 0x0, 0xaf, 0xfb,
    0xcf, 0xfc, 0xff, 0xf9, 0xaf, 0xfd, 0x0, 0x0,
    0x0, 0xff, 0xf6, 0xcf, 0xfc, 0xff, 0xf9, 0x6f,
    0xff, 0x30, 0x0, 0x6, 0xff, 0xf1, 0xdf, 0xfc,
    0xff, 0xf9, 0x1f, 0xff, 0x90, 0x0, 0xb, 0xff,
    0xd0, 0xdf, 0xfc, 0xff, 0xfa, 0xc, 0xff, 0xe0,
    0x0, 0x1f, 0xff, 0x80, 0xdf, 0xfc, 0xff, 0xfa,
    0x6, 0xff, 0xf4, 0x0, 0x7f, 0xff, 0x20, 0xdf,
    0xfc, 0xff, 0xfa, 0x1, 0xff, 0xf9, 0x0, 0xcf,
    0xfd, 0x0, 0xdf, 0xfc, 0xff, 0xfa, 0x0, 0xbf,
    0xfe, 0x0, 0xff, 0xf7, 0x0, 0xdf, 0xfc, 0xff,
    0xfa, 0x0, 0x5f, 0xff, 0x24, 0xff, 0xf1, 0x0,
    0xdf, 0xfc, 0xff, 0xfa, 0x0, 0xf, 0xff, 0x68,
    0xff, 0xc0, 0x0, 0xdf, 0xfc, 0xff, 0xfa, 0x0,
    0x9, 0xff, 0xac, 0xff, 0x60, 0x0, 0xdf, 0xfc,
    0xff, 0xfa, 0x0, 0x4, 0xff, 0xef, 0xff, 0x10,
    0x0, 0xdf, 0xfc, 0xff, 0xfa, 0x0, 0x0, 0xef,
    0xff, 0xfb, 0x0, 0x0, 0xdf, 0xfc, 0xff, 0xfa,
    0x0, 0x0, 0x8f, 0xff, 0xf5, 0x0, 0x0, 0xdf,
    0xfc, 0xff, 0xfa, 0x0, 0x0, 0x2f, 0xff, 0xf0,
    0x0, 0x0, 0xdf, 0xfc, 0xff, 0xfa, 0x0, 0x0,
    0xd, 0xff, 0xa0, 0x0, 0x0, 0xdf, 0xfc,

    /* U+004E "N" */
    0xff, 0xff, 0x70, 0x0, 0x0, 0x0, 0x8, 0xff,
    0xf3, 0xff, 0xff, 0xf2, 0x0, 0x0, 0x0, 0x8,
    0xff, 0xf3, 0xff, 0xff, 0xfb, 0x0, 0x0, 0x0,
    0x8, 0xff, 0xf3, 0xff, 0xff, 0xff, 0x40, 0x0,
    0x0, 0x8, 0xff, 0xf3, 0xff, 0xff, 0xff, 0xe0,
    0x0, 0x0, 0x8, 0xff, 0xf3, 0xff, 0xfa, 0xff,
    0xf8, 0x0, 0x0, 0x8, 0xff, 0xf3, 0xff, 0xf9,
    0x8f, 0xff, 0x20, 0x0, 0x8, 0xff, 0xf3, 0xff,
    0xfa, 0x1f, 0xff, 0xb0, 0x0, 0x8, 0xff, 0xf3,
    0xff, 0xfb, 0x7, 0xff, 0xf5, 0x0, 0x8, 0xff,
    0xf3, 0xff, 0xfb, 0x0, 0xef, 0xfe, 0x0, 0x8,
    0xff, 0xf3, 0xff, 0xfc, 0x0, 0x5f, 0xff, 0x90,
    0x8, 0xff, 0xf3, 0xff, 0xfc, 0x0, 0xb, 0xff,
    0xf2, 0x7, 0xff, 0xf3, 0xff, 0xfc, 0x0, 0x2,
    0xff, 0xfc, 0x7, 0xff, 0xf3, 0xff, 0xfc, 0x0,
    0x0, 0x8f, 0xff, 0x47, 0xff, 0xf3, 0xff, 0xfc,
    0x0, 0x0, 0xd, 0xff, 0xc6, 0xff, 0xf3, 0xff,
    0xfc, 0x0, 0x0, 0x4, 0xff, 0xf9, 0xff, 0xf3,
    0xff, 0xfc, 0x0, 0x0, 0x0, 0xaf, 0xff, 0xff,
    0xf3, 0xff, 0xfc, 0x0, 0x0, 0x0, 0x1f, 0xff,
    0xff, 0xf3, 0xff, 0xfc, 0x0, 0x0, 0x0, 0x7,
    0xff, 0xff, 0xf3, 0xff, 0xfc, 0x0, 0x0, 0x0,
    0x0, 0xdf, 0xff, 0xf3, 0xff, 0xfc, 0x0, 0x0,
    0x0, 0x0, 0x3f, 0xff, 0xf3,

    /* U+004F "O" */
    0x0, 0x0, 0x1, 0x7b, 0xef, 0xfd, 0x94, 0x0,
    0x0, 0x0, 0x0, 0x0, 0x6f, 0xff, 0xff, 0xff,
    0xff, 0xc2, 0x0, 0x0, 0x0, 0x9, 0xff, 0xff,
    0xff, 0xff, 0xff, 0xfe, 0x30, 0x0, 0x0, 0x7f,
    0xff, 0xfd, 0x86, 0x7a, 0xff, 0xff, 0xe1, 0x0,
    0x2, 0xff, 0xff, 0x70, 0x0, 0x0, 0x2d, 0xff,
    0xfa, 0x0, 0xa, 0xff, 0xf7, 0x0, 0x0, 0x0,
    0x1, 0xef, 0xff, 0x20, 0xf, 0xff, 0xd0, 0x0,
    0x0, 0x0, 0x0, 0x5f, 0xff, 0x80, 0x4f, 0xff,
    0x70, 0x0, 0x0, 0x0, 0x0, 0xf, 0xff, 0xc0,
    0x7f, 0xff, 0x40, 0x0, 0x0, 0x0, 0x0, 0xb,
    0xff, 0xf0, 0x8f, 0xff, 0x20, 0x0, 0x0, 0x0,
    0x0, 0xa, 0xff, 0xf0, 0x9f, 0xff, 0x10, 0x0,
    0x0, 0x0, 0x0, 0x9, 0xff, 0xf1, 0x8f, 0xff,
    0x20, 0x0, 0x0, 0x0, 0x0, 0xa, 0xff, 0xf0,
    0x7f, 0xff, 0x40, 0x0, 0x0, 0x0, 0x0, 0xb,
    0xff, 0xf0, 0x4f, 0xff, 0x70, 0x0, 0x0, 0x0,
    0x0, 0xf, 0xff, 0xc0, 0xf, 0xff, 0xd0, 0x0,
    0x0, 0x0, 0x0, 0x5f, 0xff, 0x80, 0xa, 0xff,
    0xf7, 0x0, 0x0, 0x0, 0x1, 0xef, 0xff, 0x20,
    0x2, 0xff, 0xff, 0x70, 0x0, 0x0, 0x2d, 0xff,
    0xfb, 0x0, 0x0, 0x7f, 0xff, 0xfd, 0x86, 0x7a,
    0xff, 0xff, 0xe1, 0x0, 0x0, 0x9, 0xff, 0xff,
    0xff, 0xff, 0xff, 0xfe, 0x30, 0x0, 0x0, 0x0,
    0x6f, 0xff, 0xff, 0xff, 0xff, 0xc2, 0x0, 0x0,
    0x0, 0x0, 0x1, 0x7b, 0xef, 0xfd, 0x94, 0x0,
    0x0, 0x0,

    /* U+0050 "P" */
    0xff, 0xff, 0xff, 0xff, 0xec, 0x81, 0x0, 0xf,
    0xff, 0xff, 0xff, 0xff, 0xff, 0xf6, 0x0, 0xff,
    0xff, 0xff, 0xff, 0xff, 0xff, 0xf5, 0xf, 0xff,
    0xb2, 0x22, 0x25, 0xbf, 0xff, 0xf1, 0xff, 0xfb,
    0x0, 0x0, 0x0, 0xbf, 0xff, 0x6f, 0xff, 0xb0,
    0x0, 0x0, 0x2, 0xff, 0xfa, 0xff, 0xfb, 0x0,
    0x0, 0x0, 0xf, 0xff, 0xcf, 0xff, 0xb0, 0x0,
    0x0, 0x0, 0xff, 0xfc, 0xff, 0xfb, 0x0, 0x0,
    0x0, 0x2f, 0xff, 0xaf, 0xff, 0xb0, 0x0, 0x0,
    0xa, 0xff, 0xf6, 0xff, 0xfb, 0x11, 0x12, 0x4b,
    0xff, 0xff, 0x1f, 0xff, 0xff, 0xff, 0xff, 0xff,
    0xff, 0x50, 0xff, 0xff, 0xff, 0xff, 0xff, 0xff,
    0x60, 0xf, 0xff, 0xff, 0xff, 0xfe, 0xc8, 0x10,
    0x0, 0xff, 0xfb, 0x0, 0x0, 0x0, 0x0, 0x0,
    0xf, 0xff, 0xb0, 0x0, 0x0, 0x0, 0x0, 0x0,
    0xff, 0xfb, 0x0, 0x0, 0x0, 0x0, 0x0, 0xf,
    0xff, 0xb0, 0x0, 0x0, 0x0, 0x0, 0x0, 0xff,
    0xfb, 0x0, 0x0, 0x0, 0x0, 0x0, 0xf, 0xff,
    0xb0, 0x0, 0x0, 0x0, 0x0, 0x0, 0xff, 0xfb,
    0x0, 0x0, 0x0, 0x0, 0x0, 0x0,

    /* U+0051 "Q" */
    0x0, 0x0, 0x1, 0x7b, 0xef, 0xfd, 0x94, 0x0,
    0x0, 0x0, 0x0, 0x0, 0x6f, 0xff, 0xff, 0xff,
    0xff, 0xc2, 0x0, 0x0, 0x0, 0x9, 0xff, 0xff,
    0xff, 0xff, 0xff, 0xfe, 0x30, 0x0, 0x0, 0x7f,
    0xff, 0xfd, 0x86, 0x7a, 0xff, 0xff, 0xe1, 0x0,
    0x2, 0xff, 0xff, 0x70, 0x0, 0x0, 0x2d, 0xff,
    0xfb, 0x0, 0xa, 0xff, 0xf7, 0x0, 0x0, 0x0,
    0x1, 0xef, 0xff, 0x20, 0xf, 0xff, 0xd0, 0x0,
    0x0, 0x0, 0x0, 0x5f, 0xff, 0x80, 0x4f, 0xff,
    0x70, 0x0, 0x0, 0x0, 0x0, 0xf, 0xff, 0xc0,
    0x7f, 0xff, 0x40, 0x0, 0x0, 0x0, 0x0, 0xb,
    0xff, 0xf0, 0x8f, 0xff, 0x20, 0x0, 0x0, 0x0,
    0x0, 0xa, 0xff, 0xf0, 0x9f, 0xff, 0x10, 0x0,
    0x0, 0x0, 0x0, 0x9, 0xff, 0xf1, 0x8f, 0xff,
    0x20, 0x0, 0x0, 0x0, 0x0, 0xa, 0xff, 0xf0,
    0x7f, 0xff, 0x40, 0x0, 0x0, 0x0, 0x0, 0xc,
    0xff, 0xe0, 0x4f, 0xff, 0x70, 0x0, 0x2, 0x22,
    0x0, 0xf, 0xff, 0xc0, 0xf, 0xff, 0xd0, 0x0,
    0xd, 0xff, 0x60, 0x6f, 0xff, 0x70, 0xa, 0xff,
    0xf7, 0x0, 0x2, 0xff, 0xf4, 0xef, 0xff, 0x20,
    0x2, 0xff, 0xff, 0x70, 0x0, 0x5f, 0xff, 0xff,
    0xf9, 0x0, 0x0, 0x7f, 0xff, 0xfd, 0x86, 0x7e,
    0xff, 0xff, 0xd1, 0x0, 0x0, 0x9, 0xff, 0xff,
    0xff, 0xff, 0xff, 0xff, 0x20, 0x0, 0x0, 0x0,
    0x6f, 0xff, 0xff, 0xff, 0xff, 0xff, 0x50, 0x0,
    0x0, 0x0, 0x1, 0x7b, 0xef, 0xed, 0x98, 0xff,
    0xf2, 0x0, 0x0, 0x0, 0x0, 0x0, 0x0, 0x0,
    0x0, 0xaf, 0xfd, 0x0, 0x0, 0x0, 0x0, 0x0,
    0x0, 0x0, 0x0, 0x7, 0x88, 0x30,

    /* U+0052 "R" */
    0xff, 0xff, 0xff, 0xff, 0xfd, 0x93, 0x0, 0x0,
    0xff, 0xff, 0xff, 0xff, 0xff, 0xff, 0x90, 0x0,
    0xff, 0xff, 0xff, 0xff, 0xff, 0xff, 0xf8, 0x0,
    0xff, 0xfb, 0x22, 0x22, 0x4a, 0xff, 0xff, 0x20,
    0xff, 0xfb, 0x0, 0x0, 0x0, 0x9f, 0xff, 0x80,
    0xff, 0xfb, 0x0, 0x0, 0x0, 0x1f, 0xff, 0xb0,
    0xff, 0xfb, 0x0, 0x0, 0x0, 0xe, 0xff, 0xd0,
    0xff, 0xfb, 0x0, 0x0, 0x0, 0xf, 0xff, 0xb0,
    0xff, 0xfb, 0x0, 0x0, 0x0, 0x6f, 0xff, 0x90,
    0xff, 0xfb, 0x0, 0x0, 0x27, 0xff, 0xff, 0x30,
    0xff, 0xff, 0xff, 0xff, 0xff, 0xff, 0xfa, 0x0,
    0xff, 0xff, 0xff, 0xff, 0xff, 0xff, 0xb0, 0x0,
    0xff, 0xff, 0xff, 0xff, 0xff, 0xf7, 0x0, 0x0,
    0xff, 0xfb, 0x11, 0x15, 0xff, 0xfb, 0x0, 0x0,
    0xff, 0xfb, 0x0, 0x0, 0xcf, 0xff, 0x30, 0x0,
    0xff, 0xfb, 0x0, 0x0, 0x4f, 0xff, 0xc0, 0x0,
    0xff, 0xfb, 0x0, 0x0, 0xc, 0xff, 0xf4, 0x0,
    0xff, 0xfb, 0x0, 0x0, 0x4, 0xff, 0xfc, 0x0,
    0xff, 0xfb, 0x0, 0x0, 0x0, 0xcf, 0xff, 0x40,
    0xff, 0xfb, 0x0, 0x0, 0x0, 0x3f, 0xff, 0xc0,
    0xff, 0xfb, 0x0, 0x0, 0x0, 0xb, 0xff, 0xf5,

    /* U+0053 "S" */
    0x0, 0x0, 0x39, 0xde, 0xfe, 0xb6, 0x10, 0x0,
    0x0, 0x1a, 0xff, 0xff, 0xff, 0xff, 0xe5, 0x0,
    0x0, 0xcf, 0xff, 0xff, 0xff, 0xff, 0xff, 0x50,
    0x8, 0xff, 0xfe, 0x84, 0x35, 0xbf, 0xff, 0xe0,
    0xe, 0xff, 0xe2, 0x0, 0x0, 0x8, 0xff, 0xf6,
    0x1f, 0xff, 0xa0, 0x0, 0x0, 0x0, 0xee, 0xe8,
    0x1f, 0xff, 0xa0, 0x0, 0x0, 0x0, 0x0, 0x0,
    0xe, 0xff, 0xf6, 0x0, 0x0, 0x0, 0x0, 0x0,
    0x7, 0xff, 0xff, 0xd8, 0x30, 0x0, 0x0, 0x0,
    0x0, 0xaf, 0xff, 0xff, 0xff, 0xa5, 0x0, 0x0,
    0x0, 0x5, 0xdf, 0xff, 0xff, 0xff, 0xe5, 0x0,
    0x0, 0x0, 0x3, 0x7b, 0xff, 0xff, 0xff, 0x70,
    0x0, 0x0, 0x0, 0x0, 0x5, 0xbf, 0xff, 0xf3,
    0x0, 0x0, 0x0, 0x0, 0x0, 0x4, 0xff, 0xfa,
    0x46, 0x65, 0x0, 0x0, 0x0, 0x0, 0xcf, 0xfd,
    0x9f, 0xff, 0x10, 0x0, 0x0, 0x0, 0xdf, 0xfd,
    0x5f, 0xff, 0xa0, 0x0, 0x0, 0x6, 0xff, 0xfa,
    0xe, 0xff, 0xfd, 0x74, 0x46, 0xbf, 0xff, 0xf4,
    0x4, 0xff, 0xff, 0xff, 0xff, 0xff, 0xff, 0xa0,
    0x0, 0x4e, 0xff, 0xff, 0xff, 0xff, 0xf8, 0x0,
    0x0, 0x0, 0x6b, 0xef, 0xfe, 0xc8, 0x20, 0x0,

    /* U+0054 "T" */
    0xdf, 0xff, 0xff, 0xff, 0xff, 0xff, 0xff, 0xff,
    0x5d, 0xff, 0xff, 0xff, 0xff, 0xff, 0xff, 0xff,
    0xf5, 0xdf, 0xff, 0xff, 0xff, 0xff, 0xff, 0xff,
    0xff, 0x52, 0x22, 0x22, 0x2a, 0xff, 0xf3, 0x22,
    0x22, 0x20, 0x0, 0x0, 0x0, 0x9f, 0xff, 0x10,
    0x0, 0x0, 0x0, 0x0, 0x0, 0x9, 0xff, 0xf1,
    0x0, 0x0, 0x0, 0x0, 0x0, 0x0, 0x9f, 0xff,
    0x10, 0x0, 0x0, 0x0, 0x0, 0x0, 0x9, 0xff,
    0xf1, 0x0, 0x0, 0x0, 0x0, 0x0, 0x0, 0x9f,
    0xff, 0x10, 0x0, 0x0, 0x0, 0x0, 0x0, 0x9,
    0xff, 0xf1, 0x0, 0x0, 0x0, 0x0, 0x0, 0x0,
    0x9f, 0xff, 0x10, 0x0, 0x0, 0x0, 0x0, 0x0,
    0x9, 0xff, 0xf1, 0x0, 0x0, 0x0, 0x0, 0x0,
    0x0, 0x9f, 0xff, 0x10, 0x0, 0x0, 0x0, 0x0,
    0x0, 0x9, 0xff, 0xf1, 0x0, 0x0, 0x0, 0x0,
    0x0, 0x0, 0x9f, 0xff, 0x10, 0x0, 0x0, 0x0,
    0x0, 0x0, 0x9, 0xff, 0xf1, 0x0, 0x0, 0x0,
    0x0, 0x0, 0x0, 0x9f, 0xff, 0x10, 0x0, 0x0,
    0x0, 0x0, 0x0, 0x9, 0xff, 0xf1, 0x0, 0x0,
    0x0, 0x0, 0x0, 0x0, 0x9f, 0xff, 0x10, 0x0,
    0x0, 0x0, 0x0, 0x0, 0x9, 0xff, 0xf1, 0x0,
    0x0, 0x0, 0x0, 0x0, 0x0, 0x9f, 0xff, 0x10,
    0x0, 0x0, 0x0,

    /* U+0055 "U" */
    0xff, 0xfb, 0x0, 0x0, 0x0, 0x0, 0x1f, 0xff,
    0x9f, 0xff, 0xb0, 0x0, 0x0, 0x0, 0x1, 0xff,
    0xf9, 0xff, 0xfb, 0x0, 0x0, 0x0, 0x0, 0x1f,
    0xff, 0x9f, 0xff, 0xb0, 0x0, 0x0, 0x0, 0x1,
    0xff, 0xf9, 0xff, 0xfb, 0x0, 0x0, 0x0, 0x0,
    0x1f, 0xff, 0x9f, 0xff, 0xb0, 0x0, 0x0, 0x0,
    0x1, 0xff, 0xf9, 0xff, 0xfb, 0x0, 0x0, 0x0,
    0x0, 0x1f, 0xff, 0x9f, 0xff, 0xb0, 0x0, 0x0,
    0x0, 0x1, 0xff, 0xf9, 0xff, 0xfb, 0x0, 0x0,
    0x0, 0x0, 0x1f, 0xff, 0x9f, 0xff, 0xb0, 0x0,
    0x0, 0x0, 0x1, 0xff, 0xf9, 0xff, 0xfb, 0x0,
    0x0, 0x0, 0x0, 0x1f, 0xff, 0x9f, 0xff, 0xb0,
    0x0, 0x0, 0x0, 0x1, 0xff, 0xf9, 0xff, 0xfb,
    0x0, 0x0, 0x0, 0x0, 0x1f, 0xff, 0x9f, 0xff,
    0xb0, 0x0, 0x0, 0x0, 0x1, 0xff, 0xf8, 0xef,
    0xfe, 0x0, 0x0, 0x0, 0x0, 0x4f, 0xff, 0x7b,
    0xff, 0xf5, 0x0, 0x0, 0x0, 0xb, 0xff, 0xf4,
    0x5f, 0xff, 0xe3, 0x0, 0x0, 0x8, 0xff, 0xfe,
    0x0, 0xcf, 0xff, 0xfb, 0x76, 0x8d, 0xff, 0xff,
    0x60, 0x1, 0xef, 0xff, 0xff, 0xff, 0xff, 0xff,
    0xa0, 0x0, 0x1, 0xbf, 0xff, 0xff, 0xff, 0xff,
    0x70, 0x0, 0x0, 0x0, 0x39, 0xde, 0xfe, 0xc7,
    0x10, 0x0, 0x0,

    /* U+0056 "V" */
    0x2f, 0xff, 0xd0, 0x0, 0x0, 0x0, 0x0, 0x7,
    0xff, 0xf8, 0xc, 0xff, 0xf2, 0x0, 0x0, 0x0,
    0x0, 0xc, 0xff, 0xf3, 0x7, 0xff, 0xf8, 0x0,
    0x0, 0x0, 0x0, 0x1f, 0xff, 0xd0, 0x1, 0xff,
    0xfd, 0x0, 0x0, 0x0, 0x0, 0x6f, 0xff, 0x80,
    0x0, 0xcf, 0xff, 0x20, 0x0, 0x0, 0x0, 0xbf,
    0xff, 0x20, 0x0, 0x6f, 0xff, 0x80, 0x0, 0x0,
    0x1, 0xff, 0xfd, 0x0, 0x0, 0x1f, 0xff, 0xd0,
    0x0, 0x0, 0x6, 0xff, 0xf7, 0x0, 0x0, 0xb,
    0xff, 0xf2, 0x0, 0x0, 0xb, 0xff, 0xf2, 0x0,
    0x0, 0x6, 0xff, 0xf7, 0x0, 0x0, 0xf, 0xff,
    0xc0, 0x0, 0x0, 0x0, 0xff, 0xfd, 0x0, 0x0,
    0x5f, 0xff, 0x70, 0x0, 0x0, 0x0, 0xbf, 0xff,
    0x20, 0x0, 0xaf, 0xff, 0x20, 0x0, 0x0, 0x0,
    0x5f, 0xff, 0x70, 0x0, 0xff, 0xfc, 0x0, 0x0,
    0x0, 0x0, 0xf, 0xff, 0xc0, 0x4, 0xff, 0xf7,
    0x0, 0x0, 0x0, 0x0, 0xa, 0xff, 0xf1, 0x8,
    0xff, 0xf1, 0x0, 0x0, 0x0, 0x0, 0x4, 0xff,
    0xf5, 0xc, 0xff, 0xc0, 0x0, 0x0, 0x0, 0x0,
    0x0, 0xef, 0xf9, 0x1f, 0xff, 0x60, 0x0, 0x0,
    0x0, 0x0, 0x0, 0x9f, 0xfe, 0x5f, 0xff, 0x10,
    0x0, 0x0, 0x0, 0x0, 0x0, 0x4f, 0xff, 0xbf,
    0xfc, 0x0, 0x0, 0x0, 0x0, 0x0, 0x0, 0xe,
    0xff, 0xff, 0xf6, 0x0, 0x0, 0x0, 0x0, 0x0,
    0x0, 0x9, 0xff, 0xff, 0xf1, 0x0, 0x0, 0x0,
    0x0, 0x0, 0x0, 0x3, 0xff, 0xff, 0xb0, 0x0,
    0x0, 0x0,

    /* U+0057 "W" */
    0x2f, 0xff, 0xb0, 0x0, 0x0, 0x0, 0xcf, 0xff,
    0x50, 0x0, 0x0, 0x2, 0xff, 0xfb, 0xe, 0xff,
    0xf0, 0x0, 0x0, 0x0, 0xff, 0xff, 0x90, 0x0,
    0x0, 0x6, 0xff, 0xf7, 0xa, 0xff, 0xf3, 0x0,
    0x0, 0x4, 0xff, 0xff, 0xd0, 0x0, 0x0, 0xa,
    0xff, 0xf3, 0x6, 0xff, 0xf7, 0x0, 0x0, 0x8,
    0xff, 0xff, 0xf1, 0x0, 0x0, 0xe, 0xff, 0xf0,
    0x2, 0xff, 0xfa, 0x0, 0x0, 0xc, 0xff, 0xff,
    0xf5, 0x0, 0x0, 0x2f, 0xff, 0xb0, 0x0, 0xdf,
    0xfe, 0x0, 0x0, 0xf, 0xff, 0xaf, 0xf9, 0x0,
    0x0, 0x5f, 0xff, 0x60, 0x0, 0x9f, 0xff, 0x20,
    0x0, 0x4f, 0xfe, 0x6f, 0xfd, 0x0, 0x0, 0x9f,
    0xff, 0x20, 0x0, 0x5f, 0xff, 0x60, 0x0, 0x8f,
    0xfb, 0x3f, 0xff, 0x10, 0x0, 0xdf, 0xfe, 0x0,
    0x0, 0x1f, 0xff, 0xa0, 0x0, 0xcf, 0xf8, 0xf,
    0xff, 0x40, 0x1, 0xff, 0xfa, 0x0, 0x0, 0xd,
    0xff, 0xd0, 0x0, 0xff, 0xf4, 0xc, 0xff, 0x80,
    0x4, 0xff, 0xf6, 0x0, 0x0, 0x9, 0xff, 0xf1,
    0x4, 0xff, 0xf0, 0x8, 0xff, 0xc0, 0x8, 0xff,
    0xf1, 0x0, 0x0, 0x4, 0xff, 0xf5, 0x7, 0xff,
    0xc0, 0x3, 0xff, 0xf0, 0xc, 0xff, 0xd0, 0x0,
    0x0, 0x0, 0xff, 0xf8, 0xb, 0xff, 0x80, 0x0,
    0xff, 0xf3, 0xf, 0xff, 0x90, 0x0, 0x0, 0x0,
    0xcf, 0xfb, 0xe, 0xff, 0x40, 0x0, 0xbf, 0xf7,
    0x2f, 0xff, 0x50, 0x0, 0x0, 0x0, 0x8f, 0xfe,
    0x1f, 0xff, 0x0, 0x0, 0x7f, 0xfa, 0x5f, 0xff,
    0x10, 0x0, 0x0, 0x0, 0x4f, 0xff, 0x5f, 0xfc,
    0x0, 0x0, 0x3f, 0xfd, 0x8f, 0xfd, 0x0, 0x0,
    0x0, 0x0, 0xf, 0xff, 0xbf, 0xf8, 0x0, 0x0,
    0xf, 0xff, 0xbf, 0xf8, 0x0, 0x0, 0x0, 0x0,
    0xb, 0xff, 0xff, 0xf4, 0x0, 0x0, 0xb, 0xff,
    0xff, 0xf4, 0x0, 0x0, 0x0, 0x0, 0x7, 0xff,
    0xff, 0xf0, 0x0, 0x0, 0x7, 0xff, 0xff, 0xf0,
    0x0, 0x0, 0x0, 0x0, 0x3, 0xff, 0xff, 0xb0,
    0x0, 0x0, 0x3, 0xff, 0xff, 0xc0, 0x0, 0x0,
    0x0, 0x0, 0x0, 0xef, 0xff, 0x70, 0x0, 0x0,
    0x0, 0xef, 0xff, 0x80, 0x0, 0x0,

    /* U+0058 "X" */
    0x5, 0xff, 0xfd, 0x0, 0x0, 0x0, 0x0, 0x9f,
    0xff, 0x80, 0x0, 0xbf, 0xff, 0x70, 0x0, 0x0,
    0x3, 0xff, 0xfd, 0x0, 0x0, 0x1f, 0xff, 0xf2,
    0x0, 0x0, 0xd, 0xff, 0xf3, 0x0, 0x0, 0x6,
    0xff, 0xfc, 0x0, 0x0, 0x8f, 0xff, 0x90, 0x0,
    0x0, 0x0, 0xbf, 0xff, 0x60, 0x2, 0xff, 0xfd,
    0x0, 0x0, 0x0, 0x0, 0x2f, 0xff, 0xe0, 0xb,
    0xff, 0xf4, 0x0, 0x0, 0x0, 0x0, 0x6, 0xff,
    0xf8, 0x4f, 0xff, 0x90, 0x0, 0x0, 0x0, 0x0,
    0x0, 0xcf, 0xff, 0xcf, 0xfe, 0x0, 0x0, 0x0,
    0x0, 0x0, 0x0, 0x2f, 0xff, 0xff, 0xf4, 0x0,
    0x0, 0x0, 0x0, 0x0, 0x0, 0x7, 0xff, 0xff,
    0x90, 0x0, 0x0, 0x0, 0x0, 0x0, 0x0, 0x2,
    0xff, 0xff, 0x70, 0x0, 0x0, 0x0, 0x0, 0x0,
    0x0, 0xc, 0xff, 0xff, 0xf2, 0x0, 0x0, 0x0,
    0x0, 0x0, 0x0, 0x7f, 0xff, 0xff, 0xfc, 0x0,
    0x0, 0x0, 0x0, 0x0, 0x2, 0xff, 0xfb, 0x9f,
    0xff, 0x60, 0x0, 0x0, 0x0, 0x0, 0xd, 0xff,
    0xf3, 0x1f, 0xff, 0xf2, 0x0, 0x0, 0x0, 0x0,
    0x8f, 0xff, 0x90, 0x7, 0xff, 0xfc, 0x0, 0x0,
    0x0, 0x3, 0xff, 0xfe, 0x0, 0x0, 0xcf, 0xff,
    0x60, 0x0, 0x0, 0xd, 0xff, 0xf4, 0x0, 0x0,
    0x2f, 0xff, 0xf2, 0x0, 0x0, 0x9f, 0xff, 0x90,
    0x0, 0x0, 0x8, 0xff, 0xfc, 0x0, 0x4, 0xff,
    0xfd, 0x0, 0x0, 0x0, 0x0, 0xdf, 0xff, 0x60,
    0xe, 0xff, 0xf4, 0x0, 0x0, 0x0, 0x0, 0x3f,
    0xff, 0xf2,

    /* U+0059 "Y" */
    0x1f, 0xff, 0xf3, 0x0, 0x0, 0x0, 0x0, 0x3f,
    0xff, 0xe1, 0x7, 0xff, 0xfc, 0x0, 0x0, 0x0,
    0x0, 0xcf, 0xff, 0x60, 0x0, 0xdf, 0xff, 0x50,
    0x0, 0x0, 0x4, 0xff, 0xfd, 0x0, 0x0, 0x4f,
    0xff, 0xd0, 0x0, 0x0, 0xd, 0xff, 0xf4, 0x0,
    0x0, 0xb, 0xff, 0xf6, 0x0, 0x0, 0x6f, 0xff,
    0xb0, 0x0, 0x0, 0x2, 0xff, 0xfe, 0x0, 0x0,
    0xef, 0xff, 0x20, 0x0, 0x0, 0x0, 0x8f, 0xff,
    0x80, 0x7, 0xff, 0xf8, 0x0, 0x0, 0x0, 0x0,
    0xe, 0xff, 0xf1, 0xe, 0xff, 0xe0, 0x0, 0x0,
    0x0, 0x0, 0x5, 0xff, 0xf8, 0x7f, 0xff, 0x60,
    0x0, 0x0, 0x0, 0x0, 0x0, 0xcf, 0xfe, 0xdf,
    0xfc, 0x0, 0x0, 0x0, 0x0, 0x0, 0x0, 0x3f,
    0xff, 0xff, 0xf3, 0x0, 0x0, 0x0, 0x0, 0x0,
    0x0, 0x9, 0xff, 0xff, 0xa0, 0x0, 0x0, 0x0,
    0x0, 0x0, 0x0, 0x1, 0xff, 0xff, 0x10, 0x0,
    0x0, 0x0, 0x0, 0x0, 0x0, 0x0, 0xcf, 0xfd,
    0x0, 0x0, 0x0, 0x0, 0x0, 0x0, 0x0, 0x0,
    0xcf, 0xfd, 0x0, 0x0, 0x0, 0x0, 0x0, 0x0,
    0x0, 0x0, 0xcf, 0xfd, 0x0, 0x0, 0x0, 0x0,
    0x0, 0x0, 0x0, 0x0, 0xcf, 0xfd, 0x0, 0x0,
    0x0, 0x0, 0x0, 0x0, 0x0, 0x0, 0xcf, 0xfd,
    0x0, 0x0, 0x0, 0x0, 0x0, 0x0, 0x0, 0x0,
    0xcf, 0xfd, 0x0, 0x0, 0x0, 0x0, 0x0, 0x0,
    0x0, 0x0, 0xcf, 0xfd, 0x0, 0x0, 0x0, 0x0,
    0x0, 0x0, 0x0, 0x0, 0xcf, 0xfd, 0x0, 0x0,
    0x0, 0x0,

    /* U+005A "Z" */
    0x6f, 0xff, 0xff, 0xff, 0xff, 0xff, 0xff, 0xfa,
    0x6f, 0xff, 0xff, 0xff, 0xff, 0xff, 0xff, 0xfa,
    0x6f, 0xff, 0xff, 0xff, 0xff, 0xff, 0xff, 0xf7,
    0x2, 0x22, 0x22, 0x22, 0x22, 0x3e, 0xff, 0xd0,
    0x0, 0x0, 0x0, 0x0, 0x0, 0xbf, 0xff, 0x30,
    0x0, 0x0, 0x0, 0x0, 0x7, 0xff, 0xf8, 0x0,
    0x0, 0x0, 0x0, 0x0, 0x2f, 0xff, 0xc0, 0x0,
    0x0, 0x0, 0x0, 0x0, 0xcf, 0xff, 0x20, 0x0,
    0x0, 0x0, 0x0, 0x8, 0xff, 0xf7, 0x0, 0x0,
    0x0, 0x0, 0x0, 0x3f, 0xff, 0xc0, 0x0, 0x0,
    0x0, 0x0, 0x0, 0xdf, 0xff, 0x20, 0x0, 0x0,
    0x0, 0x0, 0x8, 0xff, 0xf7, 0x0, 0x0, 0x0,
    0x0, 0x0, 0x3f, 0xff, 0xc0, 0x0, 0x0, 0x0,
    0x0, 0x0, 0xdf, 0xff, 0x20, 0x0, 0x0, 0x0,
    0x0, 0x8, 0xff, 0xf6, 0x0, 0x0, 0x0, 0x0,
    0x0, 0x3f, 0xff, 0xb0, 0x0, 0x0, 0x0, 0x0,
    0x0, 0xdf, 0xfe, 0x10, 0x0, 0x0, 0x0, 0x0,
    0x9, 0xff, 0xf5, 0x22, 0x22, 0x22, 0x22, 0x21,
    0x3f, 0xff, 0xff, 0xff, 0xff, 0xff, 0xff, 0xfb,
    0x5f, 0xff, 0xff, 0xff, 0xff, 0xff, 0xff, 0xfb,
    0x5f, 0xff, 0xff, 0xff, 0xff, 0xff, 0xff, 0xfb,

    /* U+005B "[" */
    0x5f, 0xff, 0xff, 0xf5, 0xff, 0xff, 0xff, 0x5f,
    0xff, 0xdd, 0xd5, 0xff, 0xf1, 0x0, 0x5f, 0xff,
    0x10, 0x5, 0xff, 0xf1, 0x0, 0x5f, 0xff, 0x10,
    0x5, 0xff, 0xf1, 0x0, 0x5f, 0xff, 0x10, 0x5,
    0xff, 0xf1, 0x0, 0x5f, 0xff, 0x10, 0x5, 0xff,
    0xf1, 0x0, 0x5f, 0xff, 0x10, 0x5, 0xff, 0xf1,
    0x0, 0x5f, 0xff, 0x10, 0x5, 0xff, 0xf1, 0x0,
    0x5f, 0xff, 0x10, 0x5, 0xff, 0xf1, 0x0, 0x5f,
    0xff, 0x10, 0x5, 0xff, 0xf1, 0x0, 0x5f, 0xff,
    0x10, 0x5, 0xff, 0xf1, 0x0, 0x5f, 0xff, 0x10,
    0x5, 0xff, 0xfd, 0xdd, 0x5f, 0xff, 0xff, 0xf5,
    0xff, 0xff, 0xff,

    /* U+005C "\\" */
    0x6f, 0xfb, 0x0, 0x0, 0x0, 0x2, 0xff, 0xf0,
    0x0, 0x0, 0x0, 0xe, 0xff, 0x30, 0x0, 0x0,
    0x0, 0x9f, 0xf7, 0x0, 0x0, 0x0, 0x5, 0xff,
    0xc0, 0x0, 0x0, 0x0, 0x1f, 0xff, 0x0, 0x0,
    0x0, 0x0, 0xdf, 0xf4, 0x0, 0x0, 0x0, 0x9,
    0xff, 0x80, 0x0, 0x0, 0x0, 0x4f, 0xfc, 0x0,
    0x0, 0x0, 0x0, 0xff, 0xf1, 0x0, 0x0, 0x0,
    0xc, 0xff, 0x50, 0x0, 0x0, 0x0, 0x8f, 0xf9,
    0x0, 0x0, 0x0, 0x4, 0xff, 0xd0, 0x0, 0x0,
    0x0, 0xf, 0xff, 0x10, 0x0, 0x0, 0x0, 0xbf,
    0xf6, 0x0, 0x0, 0x0, 0x7, 0xff, 0xa0, 0x0,
    0x0, 0x0, 0x3f, 0xfe, 0x0, 0x0, 0x0, 0x0,
    0xef, 0xf2, 0x0, 0x0, 0x0, 0xa, 0xff, 0x60,
    0x0, 0x0, 0x0, 0x6f, 0xfb, 0x0, 0x0, 0x0,
    0x2, 0xff, 0xf0, 0x0, 0x0, 0x0, 0xe, 0xff,
    0x30, 0x0, 0x0, 0x0, 0xaf, 0xf7, 0x0, 0x0,
    0x0, 0x5, 0xff, 0xb0, 0x0, 0x0, 0x0, 0x1f,
    0xff, 0x0,

    /* U+005D "]" */
    0x8f, 0xff, 0xff, 0xc8, 0xff, 0xff, 0xfc, 0x7d,
    0xdf, 0xff, 0xc0, 0x0, 0xaf, 0xfc, 0x0, 0xa,
    0xff, 0xc0, 0x0, 0xaf, 0xfc, 0x0, 0xa, 0xff,
    0xc0, 0x0, 0xaf, 0xfc, 0x0, 0xa, 0xff, 0xc0,
    0x0, 0xaf, 0xfc, 0x0, 0xa, 0xff, 0xc0, 0x0,
    0xaf, 0xfc, 0x0, 0xa, 0xff, 0xc0, 0x0, 0xaf,
    0xfc, 0x0, 0xa, 0xff, 0xc0, 0x0, 0xaf, 0xfc,
    0x0, 0xa, 0xff, 0xc0, 0x0, 0xaf, 0xfc, 0x0,
    0xa, 0xff, 0xc0, 0x0, 0xaf, 0xfc, 0x0, 0xa,
    0xff, 0xc0, 0x0, 0xaf, 0xfc, 0x0, 0xa, 0xff,
    0xc7, 0xdd, 0xff, 0xfc, 0x8f, 0xff, 0xff, 0xc8,
    0xff, 0xff, 0xfc,

    /* U+005E "^" */
    0x0, 0x1, 0xff, 0xf8, 0x0, 0x0, 0x0, 0x8,
    0xff, 0xff, 0x0, 0x0, 0x0, 0xe, 0xfe, 0xff,
    0x70, 0x0, 0x0, 0x7f, 0xf4, 0xdf, 0xe0, 0x0,
    0x0, 0xef, 0xd0, 0x6f, 0xf6, 0x0, 0x6, 0xff,
    0x60, 0xe, 0xfd, 0x0, 0xd, 0xff, 0x0, 0x8,
    0xff, 0x50, 0x4f, 0xf9, 0x0, 0x1, 0xff, 0xc0,
    0xcf, 0xf2, 0x0, 0x0, 0xaf, 0xf4,

    /* U+005F "_" */
    0xff, 0xff, 0xff, 0xff, 0xff, 0xff, 0xf2, 0xff,
    0xff, 0xff, 0xff, 0xff, 0xff, 0xf2, 0xff, 0xff,
    0xff, 0xff, 0xff, 0xff, 0xf2,

    /* U+0060 "`" */
    0x35, 0x53, 0x0, 0x5f, 0xfe, 0x0, 0xb, 0xff,
    0x60, 0x1, 0xff, 0xd0, 0x0, 0x6f, 0xf4,

    /* U+0061 "a" */
    0x0, 0x4, 0xad, 0xff, 0xd9, 0x30, 0x0, 0x0,
    0xbf, 0xff, 0xff, 0xff, 0xf8, 0x0, 0xb, 0xff,
    0xff, 0xde, 0xff, 0xff, 0x60, 0x4f, 0xff, 0xb1,
    0x0, 0x3e, 0xff, 0xd0, 0x14, 0x7a, 0x0, 0x0,
    0x7, 0xff, 0xf1, 0x0, 0x0, 0x0, 0x0, 0x7,
    0xff, 0xf2, 0x0, 0x0, 0x14, 0x68, 0xbf, 0xff,
    0xf3, 0x0, 0x7d, 0xff, 0xff, 0xff, 0xff, 0xf3,
    0x1d, 0xff, 0xff, 0xfd, 0xaa, 0xff, 0xf3, 0x9f,
    0xff, 0xa3, 0x0, 0x5, 0xff, 0xf3, 0xdf, 0xfb,
    0x0, 0x0, 0x6, 0xff, 0xf3, 0xef, 0xf8, 0x0,
    0x0, 0xb, 0xff, 0xf3, 0xcf, 0xfe, 0x20, 0x0,
    0x9f, 0xff, 0xf3, 0x7f, 0xff, 0xfc, 0xcf, 0xfd,
    0xff, 0xf3, 0xb, 0xff, 0xff, 0xff, 0xd4, 0xff,
    0xf3, 0x0, 0x6c, 0xff, 0xd7, 0x3, 0xff, 0xf3,

    /* U+0062 "b" */
    0x1f, 0xff, 0x70, 0x0, 0x0, 0x0, 0x0, 0x0,
    0x1f, 0xff, 0x70, 0x0, 0x0, 0x0, 0x0, 0x0,
    0x1f, 0xff, 0x70, 0x0, 0x0, 0x0, 0x0, 0x0,
    0x1f, 0xff, 0x70, 0x0, 0x0, 0x0, 0x0, 0x0,
    0x1f, 0xff, 0x70, 0x0, 0x0, 0x0, 0x0, 0x0,
    0x1f, 0xff, 0x70, 0x5c, 0xfe, 0xc6, 0x0, 0x0,
    0x1f, 0xff, 0x78, 0xff, 0xff, 0xff, 0xb1, 0x0,
    0x1f, 0xff, 0xaf, 0xff, 0xff, 0xff, 0xfb, 0x0,
    0x1f, 0xff, 0xfe, 0x51, 0x15, 0xef, 0xff, 0x50,
    0x1f, 0xff, 0xf4, 0x0, 0x0, 0x4f, 0xff, 0xb0,
    0x1f, 0xff, 0xc0, 0x0, 0x0, 0xd, 0xff, 0xf0,
    0x1f, 0xff, 0x80, 0x0, 0x0, 0x8, 0xff, 0xf2,
    0x1f, 0xff, 0x60, 0x0, 0x0, 0x6, 0xff, 0xf3,
    0x1f, 0xff, 0x60, 0x0, 0x0, 0x7, 0xff, 0xf3,
    0x1f, 0xff, 0x80, 0x0, 0x0, 0x8, 0xff, 0xf2,
    0x1f, 0xff, 0xd0, 0x0, 0x0, 0xd, 0xff, 0xf0,
    0x1f, 0xff, 0xf4, 0x0, 0x0, 0x4f, 0xff, 0xb0,
    0x1f, 0xff, 0xfe, 0x61, 0x16, 0xff, 0xff, 0x50,
    0x1f, 0xff, 0xaf, 0xff, 0xff, 0xff, 0xfb, 0x0,
    0x1f, 0xff, 0x58, 0xff, 0xff, 0xff, 0xc0, 0x0,
    0x1f, 0xff, 0x50, 0x5c, 0xfe, 0xc6, 0x0, 0x0,

    /* U+0063 "c" */
    0x0, 0x0, 0x5b, 0xef, 0xec, 0x60, 0x0, 0x0,
    0x2, 0xdf, 0xff, 0xff, 0xff, 0xd2, 0x0, 0x1,
    0xef, 0xff, 0xff, 0xff, 0xff, 0xe1, 0x0, 0xaf,
    0xff, 0xa2, 0x2, 0xaf, 0xff, 0x90, 0x2f, 0xff,
    0xc0, 0x0, 0x0, 0xbf, 0xfe, 0x7, 0xff, 0xf4,
    0x0, 0x0, 0x3, 0x73, 0x0, 0xaf, 0xff, 0x0,
    0x0, 0x0, 0x0, 0x0, 0xb, 0xff, 0xe0, 0x0,
    0x0, 0x0, 0x0, 0x0, 0xbf, 0xfe, 0x0, 0x0,
    0x0, 0x0, 0x0, 0xa, 0xff, 0xf0, 0x0, 0x0,
    0x0, 0x0, 0x0, 0x7f, 0xff, 0x40, 0x0, 0x0,
    0x39, 0x52, 0x2, 0xff, 0xfb, 0x0, 0x0, 0xb,
    0xff, 0xf0, 0xa, 0xff, 0xfa, 0x20, 0x2a, 0xff,
    0xf9, 0x0, 0x1e, 0xff, 0xff, 0xff, 0xff, 0xfe,
    0x10, 0x0, 0x2d, 0xff, 0xff, 0xff, 0xfd, 0x20,
    0x0, 0x0, 0x5, 0xbe, 0xfe, 0xc6, 0x0, 0x0,

    /* U+0064 "d" */
    0x0, 0x0, 0x0, 0x0, 0x0, 0xf, 0xff, 0x90,
    0x0, 0x0, 0x0, 0x0, 0x0, 0xff, 0xf9, 0x0,
    0x0, 0x0, 0x0, 0x0, 0xf, 0xff, 0x90, 0x0,
    0x0, 0x0, 0x0, 0x0, 0xff, 0xf9, 0x0, 0x0,
    0x0, 0x0, 0x0, 0xf, 0xff, 0x90, 0x0, 0x29,
    0xdf, 0xe9, 0x10, 0xff, 0xf9, 0x0, 0x5f, 0xff,
    0xff, 0xfe, 0x1f, 0xff, 0x90, 0x4f, 0xff, 0xff,
    0xff, 0xfb, 0xff, 0xf9, 0xd, 0xff, 0xfa, 0x20,
    0x2b, 0xff, 0xff, 0x93, 0xff, 0xfc, 0x0, 0x0,
    0xc, 0xff, 0xf9, 0x8f, 0xff, 0x40, 0x0, 0x0,
    0x5f, 0xff, 0x9a, 0xff, 0xf0, 0x0, 0x0, 0x1,
    0xff, 0xf9, 0xbf, 0xfe, 0x0, 0x0, 0x0, 0xf,
    0xff, 0x9b, 0xff, 0xe0, 0x0, 0x0, 0x0, 0xff,
    0xf9, 0xaf, 0xff, 0x0, 0x0, 0x0, 0x1f, 0xff,
    0x98, 0xff, 0xf5, 0x0, 0x0, 0x5, 0xff, 0xf9,
    0x3f, 0xff, 0xc0, 0x0, 0x0, 0xcf, 0xff, 0x90,
    0xdf, 0xff, 0xa2, 0x2, 0xbf, 0xff, 0xf9, 0x4,
    0xff, 0xff, 0xff, 0xff, 0xbe, 0xff, 0x90, 0x5,
    0xff, 0xff, 0xff, 0xe1, 0xef, 0xf9, 0x0, 0x2,
    0x9d, 0xfe, 0x91, 0xe, 0xff, 0x90,

    /* U+0065 "e" */
    0x0, 0x0, 0x6c, 0xef, 0xda, 0x40, 0x0, 0x0,
    0x2, 0xdf, 0xff, 0xff, 0xff, 0xb1, 0x0, 0x1,
    0xef, 0xff, 0xfe, 0xff, 0xff, 0xb0, 0x0, 0xaf,
    0xff, 0x60, 0x1, 0x9f, 0xff, 0x70, 0x2f, 0xff,
    0x70, 0x0, 0x0, 0xbf, 0xfe, 0x7, 0xff, 0xf0,
    0x0, 0x0, 0x4, 0xff, 0xf2, 0xaf, 0xfe, 0x88,
    0x88, 0x88, 0x8f, 0xff, 0x4b, 0xff, 0xff, 0xff,
    0xff, 0xff, 0xff, 0xf5, 0xbf, 0xff, 0xff, 0xff,
    0xff, 0xff, 0xff, 0x6a, 0xff, 0xd0, 0x0, 0x0,
    0x0, 0x0, 0x0, 0x7f, 0xff, 0x0, 0x0, 0x0,
    0x0, 0x0, 0x2, 0xff, 0xf8, 0x0, 0x0, 0x4,
    0xb8, 0x50, 0xb, 0xff, 0xf7, 0x10, 0x5, 0xef,
    0xfd, 0x0, 0x1e, 0xff, 0xff, 0xef, 0xff, 0xff,
    0x40, 0x0, 0x2d, 0xff, 0xff, 0xff, 0xff, 0x50,
    0x0, 0x0, 0x5, 0xbd, 0xff, 0xc8, 0x10, 0x0,

    /* U+0066 "f" */
    0x0, 0x0, 0x7, 0xdf, 0xed, 0x50, 0x0, 0xc,
    0xff, 0xff, 0xf4, 0x0, 0x7, 0xff, 0xff, 0xff,
    0x0, 0x0, 0xcf, 0xff, 0x41, 0x20, 0x0, 0xe,
    0xff, 0xa0, 0x0, 0x0, 0x0, 0xef, 0xfa, 0x0,
    0x0, 0xbf, 0xff, 0xff, 0xff, 0xfe, 0xb, 0xff,
    0xff, 0xff, 0xff, 0xe0, 0xae, 0xef, 0xff, 0xfe,
    0xed, 0x0, 0x0, 0xef, 0xfa, 0x0, 0x0, 0x0,
    0xe, 0xff, 0xa0, 0x0, 0x0, 0x0, 0xef, 0xfa,
    0x0, 0x0, 0x0, 0xe, 0xff, 0xa0, 0x0, 0x0,
    0x0, 0xef, 0xfa, 0x0, 0x0, 0x0, 0xe, 0xff,
    0xa0, 0x0, 0x0, 0x0, 0xef, 0xfa, 0x0, 0x0,
    0x0, 0xe, 0xff, 0xa0, 0x0, 0x0, 0x0, 0xef,
    0xfa, 0x0, 0x0, 0x0, 0xe, 0xff, 0xa0, 0x0,
    0x0, 0x0, 0xef, 0xfa, 0x0, 0x0, 0x0, 0xe,
    0xff, 0xa0, 0x0, 0x0, 0x0, 0xef, 0xfa, 0x0,
    0x0,

    /* U+0067 "g" */
    0x0, 0x2, 0x9d, 0xfe, 0x91, 0xd, 0xff, 0xa0,
    0x4, 0xff, 0xff, 0xff, 0xe2, 0xdf, 0xfa, 0x3,
    0xff, 0xff, 0xff, 0xff, 0xce, 0xff, 0xa0, 0xcf,
    0xff, 0xb2, 0x2, 0xbf, 0xff, 0xfa, 0x2f, 0xff,
    0xc0, 0x0, 0x0, 0xcf, 0xff, 0xa7, 0xff, 0xf5,
    0x0, 0x0, 0x5, 0xff, 0xfa, 0xaf, 0xff, 0x0,
    0x0, 0x0, 0xf, 0xff, 0xab, 0xff, 0xe0, 0x0,
    0x0, 0x0, 0xff, 0xfa, 0xcf, 0xfe, 0x0, 0x0,
    0x0, 0xe, 0xff, 0xaa, 0xff, 0xf0, 0x0, 0x0,
    0x0, 0xff, 0xfa, 0x8f, 0xff, 0x30, 0x0, 0x0,
    0x3f, 0xff, 0xa4, 0xff, 0xfa, 0x0, 0x0, 0xa,
    0xff, 0xfa, 0xe, 0xff, 0xf8, 0x10, 0x19, 0xff,
    0xff, 0xa0, 0x4f, 0xff, 0xff, 0xef, 0xfc, 0xef,
    0xfa, 0x0, 0x6f, 0xff, 0xff, 0xfe, 0x2e, 0xff,
    0xa0, 0x0, 0x3a, 0xdf, 0xea, 0x20, 0xef, 0xf9,
    0x0, 0x0, 0x0, 0x0, 0x0, 0xf, 0xff, 0x80,
    0x1, 0x60, 0x0, 0x0, 0x3, 0xff, 0xf6, 0xc,
    0xff, 0xb2, 0x0, 0x3, 0xdf, 0xff, 0x10, 0x9f,
    0xff, 0xfe, 0xde, 0xff, 0xff, 0x70, 0x0, 0x9f,
    0xff, 0xff, 0xff, 0xff, 0x70, 0x0, 0x0, 0x39,
    0xdf, 0xfe, 0xc8, 0x20, 0x0,

    /* U+0068 "h" */
    0x1f, 0xff, 0x60, 0x0, 0x0, 0x0, 0x0, 0x1,
    0xff, 0xf6, 0x0, 0x0, 0x0, 0x0, 0x0, 0x1f,
    0xff, 0x60, 0x0, 0x0, 0x0, 0x0, 0x1, 0xff,
    0xf6, 0x0, 0x0, 0x0, 0x0, 0x0, 0x1f, 0xff,
    0x60, 0x0, 0x0, 0x0, 0x0, 0x1, 0xff, 0xf6,
    0x5, 0xce, 0xfc, 0x60, 0x0, 0x1f, 0xff, 0x68,
    0xff, 0xff, 0xff, 0xb0, 0x1, 0xff, 0xfa, 0xff,
    0xff, 0xff, 0xff, 0x70, 0x1f, 0xff, 0xfe, 0x52,
    0x4b, 0xff, 0xfe, 0x1, 0xff, 0xff, 0x20, 0x0,
    0xd, 0xff, 0xf2, 0x1f, 0xff, 0xa0, 0x0, 0x0,
    0x7f, 0xff, 0x31, 0xff, 0xf7, 0x0, 0x0, 0x5,
    0xff, 0xf4, 0x1f, 0xff, 0x70, 0x0, 0x0, 0x5f,
    0xff, 0x41, 0xff, 0xf7, 0x0, 0x0, 0x5, 0xff,
    0xf4, 0x1f, 0xff, 0x70, 0x0, 0x0, 0x5f, 0xff,
    0x41, 0xff, 0xf7, 0x0, 0x0, 0x5, 0xff, 0xf4,
    0x1f, 0xff, 0x70, 0x0, 0x0, 0x5f, 0xff, 0x41,
    0xff, 0xf7, 0x0, 0x0, 0x5, 0xff, 0xf4, 0x1f,
    0xff, 0x70, 0x0, 0x0, 0x5f, 0xff, 0x41, 0xff,
    0xf7, 0x0, 0x0, 0x5, 0xff, 0xf4, 0x1f, 0xff,
    0x70, 0x0, 0x0, 0x5f, 0xff, 0x40,

    /* U+0069 "i" */
    0x0, 0x0, 0x0, 0x9f, 0xc2, 0x4f, 0xff, 0xa4,
    0xff, 0xfa, 0x9, 0xfc, 0x20, 0x0, 0x0, 0x0,
    0x0, 0x1, 0xff, 0xf7, 0x1f, 0xff, 0x71, 0xff,
    0xf7, 0x1f, 0xff, 0x71, 0xff, 0xf7, 0x1f, 0xff,
    0x71, 0xff, 0xf7, 0x1f, 0xff, 0x71, 0xff, 0xf7,
    0x1f, 0xff, 0x71, 0xff, 0xf7, 0x1f, 0xff, 0x71,
    0xff, 0xf7, 0x1f, 0xff, 0x71, 0xff, 0xf7, 0x1f,
    0xff, 0x70,

    /* U+006A "j" */
    0x0, 0x9, 0xfc, 0x10, 0x4, 0xff, 0xf9, 0x0,
    0x4f, 0xff, 0x90, 0x0, 0x9f, 0xc2, 0x0, 0x0,
    0x0, 0x0, 0x0, 0x0, 0x0, 0x0, 0x2f, 0xff,
    0x70, 0x2, 0xff, 0xf7, 0x0, 0x2f, 0xff, 0x70,
    0x2, 0xff, 0xf7, 0x0, 0x2f, 0xff, 0x70, 0x2,
    0xff, 0xf7, 0x0, 0x2f, 0xff, 0x70, 0x2, 0xff,
    0xf7, 0x0, 0x2f, 0xff, 0x70, 0x2, 0xff, 0xf7,
    0x0, 0x2f, 0xff, 0x70, 0x2, 0xff, 0xf7, 0x0,
    0x2f, 0xff, 0x70, 0x2, 0xff, 0xf7, 0x0, 0x2f,
    0xff, 0x70, 0x2, 0xff, 0xf7, 0x0, 0x2f, 0xff,
    0x60, 0x3, 0xff, 0xf6, 0x1, 0xaf, 0xff, 0x49,
    0xff, 0xff, 0xe0, 0x9f, 0xff, 0xf4, 0x9, 0xfe,
    0xa2, 0x0,

    /* U+006B "k" */
    0x1f, 0xff, 0x70, 0x0, 0x0, 0x0, 0x0, 0x1,
    0xff, 0xf7, 0x0, 0x0, 0x0, 0x0, 0x0, 0x1f,
    0xff, 0x70, 0x0, 0x0, 0x0, 0x0, 0x1, 0xff,
    0xf7, 0x0, 0x0, 0x0, 0x0, 0x0, 0x1f, 0xff,
    0x70, 0x0, 0x0, 0x0, 0x0, 0x1, 0xff, 0xf7,
    0x0, 0x0, 0x3f, 0xff, 0xd1, 0x1f, 0xff, 0x70,
    0x0, 0x2e, 0xff, 0xe2, 0x1, 0xff, 0xf7, 0x0,
    0x1d, 0xff, 0xf4, 0x0, 0x1f, 0xff, 0x70, 0xb,
    0xff, 0xf6, 0x0, 0x1, 0xff, 0xf7, 0xa, 0xff,
    0xf8, 0x0, 0x0, 0x1f, 0xff, 0x77, 0xff, 0xfa,
    0x0, 0x0, 0x1, 0xff, 0xfc, 0xff, 0xfc, 0x0,
    0x0, 0x0, 0x1f, 0xff, 0xff, 0xff, 0xd0, 0x0,
    0x0, 0x1, 0xff, 0xff, 0xff, 0xff, 0x90, 0x0,
    0x0, 0x1f, 0xff, 0xf8, 0xef, 0xff, 0x40, 0x0,
    0x1, 0xff, 0xf9, 0x5, 0xff, 0xfe, 0x0, 0x0,
    0x1f, 0xff, 0x70, 0xa, 0xff, 0xfa, 0x0, 0x1,
    0xff, 0xf7, 0x0, 0xe, 0xff, 0xf5, 0x0, 0x1f,
    0xff, 0x70, 0x0, 0x4f, 0xff, 0xe1, 0x1, 0xff,
    0xf7, 0x0, 0x0, 0x9f, 0xff, 0xb0, 0x1f, 0xff,
    0x70, 0x0, 0x0, 0xdf, 0xff, 0x60,

    /* U+006C "l" */
    0x1f, 0xff, 0x71, 0xff, 0xf7, 0x1f, 0xff, 0x71,
    0xff, 0xf7, 0x1f, 0xff, 0x71, 0xff, 0xf7, 0x1f,
    0xff, 0x71, 0xff, 0xf7, 0x1f, 0xff, 0x71, 0xff,
    0xf7, 0x1f, 0xff, 0x71, 0xff, 0xf7, 0x1f, 0xff,
    0x71, 0xff, 0xf7, 0x1f, 0xff, 0x71, 0xff, 0xf7,
    0x1f, 0xff, 0x71, 0xff, 0xf7, 0x1f, 0xff, 0x71,
    0xff, 0xf7, 0x1f, 0xff, 0x70,

    /* U+006D "m" */
    0x1f, 0xff, 0x30, 0x6c, 0xfd, 0x70, 0x0, 0x29,
    0xdf, 0xe9, 0x10, 0x1, 0xff, 0xf4, 0x9f, 0xff,
    0xff, 0x90, 0x3e, 0xff, 0xff, 0xfe, 0x10, 0x1f,
    0xff, 0x9f, 0xff, 0xff, 0xff, 0x3e, 0xff, 0xff,
    0xff, 0xfb, 0x1, 0xff, 0xff, 0xc4, 0x37, 0xff,
    0xfe, 0xfa, 0x43, 0x8f, 0xff, 0xf1, 0x1f, 0xff,
    0xe0, 0x0, 0x7, 0xff, 0xfc, 0x0, 0x0, 0x9f,
    0xff, 0x41, 0xff, 0xf9, 0x0, 0x0, 0x2f, 0xff,
    0x60, 0x0, 0x4, 0xff, 0xf5, 0x1f, 0xff, 0x70,
    0x0, 0x2, 0xff, 0xf5, 0x0, 0x0, 0x3f, 0xff,
    0x51, 0xff, 0xf7, 0x0, 0x0, 0x2f, 0xff, 0x50,
    0x0, 0x3, 0xff, 0xf5, 0x1f, 0xff, 0x70, 0x0,
    0x2, 0xff, 0xf5, 0x0, 0x0, 0x3f, 0xff, 0x51,
    0xff, 0xf7, 0x0, 0x0, 0x2f, 0xff, 0x50, 0x0,
    0x3, 0xff, 0xf5, 0x1f, 0xff, 0x70, 0x0, 0x2,
    0xff, 0xf5, 0x0, 0x0, 0x3f, 0xff, 0x51, 0xff,
    0xf7, 0x0, 0x0, 0x2f, 0xff, 0x50, 0x0, 0x3,
    0xff, 0xf5, 0x1f, 0xff, 0x70, 0x0, 0x2, 0xff,
    0xf5, 0x0, 0x0, 0x3f, 0xff, 0x51, 0xff, 0xf7,
    0x0, 0x0, 0x2f, 0xff, 0x50, 0x0, 0x3, 0xff,
    0xf5, 0x1f, 0xff, 0x70, 0x0, 0x2, 0xff, 0xf5,
    0x0, 0x0, 0x3f, 0xff, 0x51, 0xff, 0xf7, 0x0,
    0x0, 0x2f, 0xff, 0x50, 0x0, 0x3, 0xff, 0xf5,

    /* U+006E "n" */
    0x1f, 0xff, 0x40, 0x5c, 0xef, 0xc6, 0x0, 0x1,
    0xff, 0xf4, 0x9f, 0xff, 0xff, 0xfb, 0x0, 0x1f,
    0xff, 0x9f, 0xff, 0xff, 0xff, 0xf7, 0x1, 0xff,
    0xff, 0xc3, 0x1, 0x8f, 0xff, 0xe0, 0x1f, 0xff,
    0xe1, 0x0, 0x0, 0xcf, 0xff, 0x11, 0xff, 0xf9,
    0x0, 0x0, 0x6, 0xff, 0xf3, 0x1f, 0xff, 0x70,
    0x0, 0x0, 0x5f, 0xff, 0x41, 0xff, 0xf7, 0x0,
    0x0, 0x5, 0xff, 0xf4, 0x1f, 0xff, 0x70, 0x0,
    0x0, 0x5f, 0xff, 0x41, 0xff, 0xf7, 0x0, 0x0,
    0x5, 0xff, 0xf4, 0x1f, 0xff, 0x70, 0x0, 0x0,
    0x5f, 0xff, 0x41, 0xff, 0xf7, 0x0, 0x0, 0x5,
    0xff, 0xf4, 0x1f, 0xff, 0x70, 0x0, 0x0, 0x5f,
    0xff, 0x41, 0xff, 0xf7, 0x0, 0x0, 0x5, 0xff,
    0xf4, 0x1f, 0xff, 0x70, 0x0, 0x0, 0x5f, 0xff,
    0x41, 0xff, 0xf7, 0x0, 0x0, 0x5, 0xff, 0xf4,

    /* U+006F "o" */
    0x0, 0x0, 0x5b, 0xef, 0xeb, 0x50, 0x0, 0x0,
    0x2, 0xdf, 0xff, 0xff, 0xff, 0xd2, 0x0, 0x1,
    0xef, 0xff, 0xff, 0xff, 0xff, 0xe1, 0x0, 0xaf,
    0xff, 0xa2, 0x2, 0xaf, 0xff, 0xb0, 0x2f, 0xff,
    0xb0, 0x0, 0x0, 0xbf, 0xff, 0x27, 0xff, 0xf3,
    0x0, 0x0, 0x3, 0xff, 0xf8, 0xaf, 0xff, 0x0,
    0x0, 0x0, 0xe, 0xff, 0xab, 0xff, 0xe0, 0x0,
    0x0, 0x0, 0xdf, 0xfc, 0xbf, 0xfe, 0x0, 0x0,
    0x0, 0xd, 0xff, 0xca, 0xff, 0xf0, 0x0, 0x0,
    0x0, 0xef, 0xfa, 0x7f, 0xff, 0x40, 0x0, 0x0,
    0x3f, 0xff, 0x82, 0xff, 0xfb, 0x0, 0x0, 0xb,
    0xff, 0xf2, 0xa, 0xff, 0xfa, 0x20, 0x2a, 0xff,
    0xfb, 0x0, 0x1e, 0xff, 0xff, 0xff, 0xff, 0xfe,
    0x10, 0x0, 0x2d, 0xff, 0xff, 0xff, 0xfd, 0x20,
    0x0, 0x0, 0x5, 0xbe, 0xfe, 0xb6, 0x0, 0x0,

    /* U+0070 "p" */
    0x1f, 0xff, 0x50, 0x6c, 0xfe, 0xc6, 0x0, 0x0,
    0x1f, 0xff, 0x59, 0xff, 0xff, 0xff, 0xb1, 0x0,
    0x1f, 0xff, 0xbf, 0xfe, 0xef, 0xff, 0xfb, 0x0,
    0x1f, 0xff, 0xfd, 0x30, 0x3, 0xdf, 0xff, 0x50,
    0x1f, 0xff, 0xf3, 0x0, 0x0, 0x3f, 0xff, 0xb0,
    0x1f, 0xff, 0xb0, 0x0, 0x0, 0xc, 0xff, 0xf0,
    0x1f, 0xff, 0x80, 0x0, 0x0, 0x8, 0xff, 0xf2,
    0x1f, 0xff, 0x60, 0x0, 0x0, 0x6, 0xff, 0xf3,
    0x1f, 0xff, 0x70, 0x0, 0x0, 0x7, 0xff, 0xf3,
    0x1f, 0xff, 0x80, 0x0, 0x0, 0x9, 0xff, 0xf2,
    0x1f, 0xff, 0xd0, 0x0, 0x0, 0xd, 0xff, 0xf0,
    0x1f, 0xff, 0xf5, 0x0, 0x0, 0x5f, 0xff, 0xb0,
    0x1f, 0xff, 0xff, 0x61, 0x16, 0xff, 0xff, 0x50,
    0x1f, 0xff, 0xbf, 0xff, 0xff, 0xff, 0xfb, 0x0,
    0x1f, 0xff, 0x78, 0xff, 0xff, 0xff, 0xc0, 0x0,
    0x1f, 0xff, 0x70, 0x5c, 0xfe, 0xc6, 0x0, 0x0,
    0x1f, 0xff, 0x70, 0x0, 0x0, 0x0, 0x0, 0x0,
    0x1f, 0xff, 0x70, 0x0, 0x0, 0x0, 0x0, 0x0,
    0x1f, 0xff, 0x70, 0x0, 0x0, 0x0, 0x0, 0x0,
    0x1f, 0xff, 0x70, 0x0, 0x0, 0x0, 0x0, 0x0,
    0x1f, 0xff, 0x70, 0x0, 0x0, 0x0, 0x0, 0x0,
    0x1f, 0xff, 0x70, 0x0, 0x0, 0x0, 0x0, 0x0,

    /* U+0071 "q" */
    0x0, 0x2, 0x9d, 0xfe, 0x91, 0xe, 0xff, 0x90,
    0x5, 0xff, 0xff, 0xff, 0xe1, 0xef, 0xf9, 0x4,
    0xff, 0xff, 0xff, 0xff, 0xbe, 0xff, 0x90, 0xdf,
    0xff, 0xa2, 0x2, 0xbf, 0xff, 0xf9, 0x3f, 0xff,
    0xc0, 0x0, 0x0, 0xcf, 0xff, 0x98, 0xff, 0xf4,
    0x0, 0x0, 0x5, 0xff, 0xf9, 0xaf, 0xff, 0x0,
    0x0, 0x0, 0x1f, 0xff, 0x9b, 0xff, 0xe0, 0x0,
    0x0, 0x0, 0xff, 0xf9, 0xbf, 0xfe, 0x0, 0x0,
    0x0, 0xf, 0xff, 0x9a, 0xff, 0xf0, 0x0, 0x0,
    0x1, 0xff, 0xf9, 0x8f, 0xff, 0x50, 0x0, 0x0,
    0x5f, 0xff, 0x93, 0xff, 0xfc, 0x0, 0x0, 0xc,
    0xff, 0xf9, 0xd, 0xff, 0xfa, 0x20, 0x2b, 0xff,
    0xff, 0x90, 0x4f, 0xff, 0xff, 0xff, 0xfb, 0xff,
    0xf9, 0x0, 0x5f, 0xff, 0xff, 0xfe, 0x1f, 0xff,
    0x90, 0x0, 0x29, 0xdf, 0xe9, 0x10, 0xff, 0xf9,
    0x0, 0x0, 0x0, 0x0, 0x0, 0xf, 0xff, 0x90,
    0x0, 0x0, 0x0, 0x0, 0x0, 0xff, 0xf9, 0x0,
    0x0, 0x0, 0x0, 0x0, 0xf, 0xff, 0x90, 0x0,
    0x0, 0x0, 0x0, 0x0, 0xff, 0xf9, 0x0, 0x0,
    0x0, 0x0, 0x0, 0xf, 0xff, 0x90, 0x0, 0x0,
    0x0, 0x0, 0x0, 0xff, 0xf9,

    /* U+0072 "r" */
    0x0, 0x0, 0x0, 0x0, 0x0, 0x1f, 0xff, 0x51,
    0x9e, 0xf9, 0x1f, 0xff, 0x5d, 0xff, 0xf9, 0x1f,
    0xff, 0xcf, 0xff, 0xf9, 0x1f, 0xff, 0xfe, 0x62,
    0x11, 0x1f, 0xff, 0xf2, 0x0, 0x0, 0x1f, 0xff,
    0xa0, 0x0, 0x0, 0x1f, 0xff, 0x70, 0x0, 0x0,
    0x1f, 0xff, 0x70, 0x0, 0x0, 0x1f, 0xff, 0x70,
    0x0, 0x0, 0x1f, 0xff, 0x70, 0x0, 0x0, 0x1f,
    0xff, 0x70, 0x0, 0x0, 0x1f, 0xff, 0x70, 0x0,
    0x0, 0x1f, 0xff, 0x70, 0x0, 0x0, 0x1f, 0xff,
    0x70, 0x0, 0x0, 0x1f, 0xff, 0x70, 0x0, 0x0,
    0x1f, 0xff, 0x70, 0x0, 0x0,

    /* U+0073 "s" */
    0x0, 0x5, 0xbe, 0xff, 0xd9, 0x20, 0x0, 0x1,
    0xcf, 0xff, 0xff, 0xff, 0xf5, 0x0, 0xb, 0xff,
    0xff, 0xcd, 0xff, 0xff, 0x30, 0x2f, 0xff, 0xa0,
    0x0, 0x3e, 0xff, 0xa0, 0x5f, 0xff, 0x30, 0x0,
    0x4, 0x84, 0x10, 0x4f, 0xff, 0x90, 0x0, 0x0,
    0x0, 0x0, 0xe, 0xff, 0xfe, 0xa6, 0x30, 0x0,
    0x0, 0x4, 0xff, 0xff, 0xff, 0xff, 0xa2, 0x0,
    0x0, 0x19, 0xef, 0xff, 0xff, 0xff, 0x40, 0x0,
    0x0, 0x2, 0x59, 0xef, 0xff, 0xe0, 0x0, 0x0,
    0x0, 0x0, 0xb, 0xff, 0xf2, 0x6a, 0xdc, 0x0,
    0x0, 0x7, 0xff, 0xf2, 0x8f, 0xff, 0x80, 0x0,
    0x3e, 0xff, 0xe0, 0x1e, 0xff, 0xff, 0xde, 0xff,
    0xff, 0x60, 0x3, 0xef, 0xff, 0xff, 0xff, 0xf7,
    0x0, 0x0, 0x7, 0xce, 0xfe, 0xd8, 0x20, 0x0,

    /* U+0074 "t" */
    0x0, 0x8f, 0xff, 0x0, 0x0, 0x0, 0x8f, 0xff,
    0x0, 0x0, 0x0, 0x8f, 0xff, 0x0, 0x0, 0x0,
    0x8f, 0xff, 0x0, 0x0, 0xbf, 0xff, 0xff, 0xff,
    0xf0, 0xbf, 0xff, 0xff, 0xff, 0xf0, 0xae, 0xff,
    0xff, 0xee, 0xd0, 0x0, 0x8f, 0xff, 0x0, 0x0,
    0x0, 0x8f, 0xff, 0x0, 0x0, 0x0, 0x8f, 0xff,
    0x0, 0x0, 0x0, 0x8f, 0xff, 0x0, 0x0, 0x0,
    0x8f, 0xff, 0x0, 0x0, 0x0, 0x8f, 0xff, 0x0,
    0x0, 0x0, 0x8f, 0xff, 0x0, 0x0, 0x0, 0x8f,
    0xff, 0x0, 0x0, 0x0, 0x8f, 0xff, 0x0, 0x0,
    0x0, 0x7f, 0xff, 0x60, 0x10, 0x0, 0x3f, 0xff,
    0xff, 0xf0, 0x0, 0xa, 0xff, 0xff, 0xf2, 0x0,
    0x0, 0x7d, 0xff, 0xd3,

    /* U+0075 "u" */
    0x1f, 0xff, 0x70, 0x0, 0x0, 0x5f, 0xff, 0x41,
    0xff, 0xf7, 0x0, 0x0, 0x5, 0xff, 0xf4, 0x1f,
    0xff, 0x70, 0x0, 0x0, 0x5f, 0xff, 0x41, 0xff,
    0xf7, 0x0, 0x0, 0x5, 0xff, 0xf4, 0x1f, 0xff,
    0x70, 0x0, 0x0, 0x5f, 0xff, 0x41, 0xff, 0xf7,
    0x0, 0x0, 0x5, 0xff, 0xf4, 0x1f, 0xff, 0x70,
    0x0, 0x0, 0x5f, 0xff, 0x41, 0xff, 0xf7, 0x0,
    0x0, 0x5, 0xff, 0xf4, 0x1f, 0xff, 0x70, 0x0,
    0x0, 0x5f, 0xff, 0x41, 0xff, 0xf7, 0x0, 0x0,
    0x5, 0xff, 0xf4, 0x1f, 0xff, 0x90, 0x0, 0x0,
    0x8f, 0xff, 0x40, 0xff, 0xfe, 0x0, 0x0, 0x1e,
    0xff, 0xf4, 0xb, 0xff, 0xfd, 0x42, 0x5d, 0xff,
    0xff, 0x40, 0x5f, 0xff, 0xff, 0xff, 0xf8, 0xff,
    0xf4, 0x0, 0x9f, 0xff, 0xff, 0xfa, 0x2f, 0xff,
    0x40, 0x0, 0x5c, 0xff, 0xc6, 0x2, 0xff, 0xf4,

    /* U+0076 "v" */
    0x4f, 0xff, 0x70, 0x0, 0x0, 0x0, 0xff, 0xfb,
    0xe, 0xff, 0xc0, 0x0, 0x0, 0x5, 0xff, 0xf6,
    0x9, 0xff, 0xf2, 0x0, 0x0, 0xa, 0xff, 0xf0,
    0x3, 0xff, 0xf7, 0x0, 0x0, 0xf, 0xff, 0xa0,
    0x0, 0xdf, 0xfc, 0x0, 0x0, 0x4f, 0xff, 0x40,
    0x0, 0x8f, 0xff, 0x10, 0x0, 0x9f, 0xfe, 0x0,
    0x0, 0x2f, 0xff, 0x60, 0x0, 0xef, 0xf9, 0x0,
    0x0, 0xc, 0xff, 0xb0, 0x4, 0xff, 0xf3, 0x0,
    0x0, 0x7, 0xff, 0xf1, 0x9, 0xff, 0xe0, 0x0,
    0x0, 0x1, 0xff, 0xf5, 0xd, 0xff, 0x80, 0x0,
    0x0, 0x0, 0xbf, 0xfa, 0x2f, 0xff, 0x20, 0x0,
    0x0, 0x0, 0x6f, 0xfe, 0x6f, 0xfc, 0x0, 0x0,
    0x0, 0x0, 0xf, 0xff, 0xcf, 0xf7, 0x0, 0x0,
    0x0, 0x0, 0xa, 0xff, 0xff, 0xf1, 0x0, 0x0,
    0x0, 0x0, 0x5, 0xff, 0xff, 0xb0, 0x0, 0x0,
    0x0, 0x0, 0x0, 0xef, 0xff, 0x60, 0x0, 0x0,

    /* U+0077 "w" */
    0x4f, 0xff, 0x70, 0x0, 0x0, 0xff, 0xf9, 0x0,
    0x0, 0xf, 0xff, 0xc0, 0xff, 0xfb, 0x0, 0x0,
    0x4f, 0xff, 0xd0, 0x0, 0x3, 0xff, 0xf7, 0xa,
    0xff, 0xe0, 0x0, 0x8, 0xff, 0xff, 0x10, 0x0,
    0x7f, 0xff, 0x30, 0x6f, 0xff, 0x30, 0x0, 0xcf,
    0xff, 0xf4, 0x0, 0xb, 0xff, 0xe0, 0x1, 0xff,
    0xf6, 0x0, 0xf, 0xfe, 0xff, 0x80, 0x0, 0xff,
    0xf9, 0x0, 0xd, 0xff, 0xa0, 0x4, 0xff, 0x7f,
    0xfc, 0x0, 0x3f, 0xff, 0x50, 0x0, 0x8f, 0xfe,
    0x0, 0x8f, 0xf3, 0xcf, 0xf0, 0x6, 0xff, 0xf0,
    0x0, 0x4, 0xff, 0xf2, 0xc, 0xff, 0x8, 0xff,
    0x30, 0xaf, 0xfc, 0x0, 0x0, 0xf, 0xff, 0x50,
    0xff, 0xc0, 0x4f, 0xf7, 0xe, 0xff, 0x70, 0x0,
    0x0, 0xbf, 0xf9, 0x3f, 0xf8, 0x0, 0xff, 0xb1,
    0xff, 0xf2, 0x0, 0x0, 0x6, 0xff, 0xc6, 0xff,
    0x40, 0xc, 0xfe, 0x4f, 0xfe, 0x0, 0x0, 0x0,
    0x1f, 0xff, 0xaf, 0xf0, 0x0, 0x7f, 0xf9, 0xff,
    0x90, 0x0, 0x0, 0x0, 0xdf, 0xff, 0xfb, 0x0,
    0x3, 0xff, 0xff, 0xf5, 0x0, 0x0, 0x0, 0x8,
    0xff, 0xff, 0x60, 0x0, 0xe, 0xff, 0xff, 0x0,
    0x0, 0x0, 0x0, 0x4f, 0xff, 0xf2, 0x0, 0x0,
    0xaf, 0xff, 0xc0, 0x0, 0x0, 0x0, 0x0, 0xff,
    0xfe, 0x0, 0x0, 0x6, 0xff, 0xf7, 0x0, 0x0,

    /* U+0078 "x" */
    0xb, 0xff, 0xf3, 0x0, 0x0, 0x2f, 0xff, 0xb0,
    0x2, 0xff, 0xfc, 0x0, 0x0, 0xbf, 0xff, 0x20,
    0x0, 0x7f, 0xff, 0x50, 0x4, 0xff, 0xf7, 0x0,
    0x0, 0xd, 0xff, 0xd0, 0xd, 0xff, 0xd0, 0x0,
    0x0, 0x4, 0xff, 0xf5, 0x5f, 0xff, 0x40, 0x0,
    0x0, 0x0, 0xaf, 0xfd, 0xdf, 0xfa, 0x0, 0x0,
    0x0, 0x0, 0x1f, 0xff, 0xff, 0xe1, 0x0, 0x0,
    0x0, 0x0, 0x7, 0xff, 0xff, 0x60, 0x0, 0x0,
    0x0, 0x0, 0xb, 0xff, 0xff, 0x80, 0x0, 0x0,
    0x0, 0x0, 0x4f, 0xff, 0xff, 0xf3, 0x0, 0x0,
    0x0, 0x0, 0xef, 0xf9, 0xbf, 0xfc, 0x0, 0x0,
    0x0, 0x8, 0xff, 0xf1, 0x3f, 0xff, 0x60, 0x0,
    0x0, 0x2f, 0xff, 0x80, 0xa, 0xff, 0xf1, 0x0,
    0x0, 0xcf, 0xfe, 0x10, 0x2, 0xff, 0xfa, 0x0,
    0x6, 0xff, 0xf6, 0x0, 0x0, 0x8f, 0xff, 0x40,
    0x1e, 0xff, 0xc0, 0x0, 0x0, 0xe, 0xff, 0xe0,

    /* U+0079 "y" */
    0x4f, 0xff, 0x70, 0x0, 0x0, 0x0, 0xff, 0xfc,
    0xe, 0xff, 0xc0, 0x0, 0x0, 0x5, 0xff, 0xf6,
    0x9, 0xff, 0xf2, 0x0, 0x0, 0xa, 0xff, 0xf0,
    0x3, 0xff, 0xf7, 0x0, 0x0, 0xf, 0xff, 0xa0,
    0x0, 0xdf, 0xfc, 0x0, 0x0, 0x5f, 0xff, 0x40,
    0x0, 0x7f, 0xff, 0x10, 0x0, 0xaf, 0xfe, 0x0,
    0x0, 0x2f, 0xff, 0x60, 0x0, 0xff, 0xf9, 0x0,
    0x0, 0xc, 0xff, 0xb0, 0x5, 0xff, 0xf3, 0x0,
    0x0, 0x6, 0xff, 0xf1, 0xa, 0xff, 0xd0, 0x0,
    0x0, 0x1, 0xff, 0xf5, 0xe, 0xff, 0x70, 0x0,
    0x0, 0x0, 0xaf, 0xf9, 0x3f, 0xff, 0x10, 0x0,
    0x0, 0x0, 0x5f, 0xfd, 0x8f, 0xfb, 0x0, 0x0,
    0x0, 0x0, 0xe, 0xff, 0xdf, 0xf6, 0x0, 0x0,
    0x0, 0x0, 0x9, 0xff, 0xff, 0xf0, 0x0, 0x0,
    0x0, 0x0, 0x3, 0xff, 0xff, 0xa0, 0x0, 0x0,
    0x0, 0x0, 0x0, 0xdf, 0xff, 0x40, 0x0, 0x0,
    0x0, 0x0, 0x0, 0xdf, 0xfe, 0x0, 0x0, 0x0,
    0x0, 0x0, 0x1, 0xff, 0xf8, 0x0, 0x0, 0x0,
    0x0, 0x11, 0x1b, 0xff, 0xf2, 0x0, 0x0, 0x0,
    0x0, 0xaf, 0xff, 0xff, 0x90, 0x0, 0x0, 0x0,
    0x0, 0xef, 0xff, 0xfc, 0x0, 0x0, 0x0, 0x0,
    0x1, 0xdf, 0xfd, 0x80, 0x0, 0x0, 0x0, 0x0,

    /* U+007A "z" */
    0x1f, 0xff, 0xff, 0xff, 0xff, 0xff, 0xe0, 0x1f,
    0xff, 0xff, 0xff, 0xff, 0xff, 0xe0, 0x1f, 0xff,
    0xff, 0xff, 0xff, 0xff, 0xd0, 0x2, 0x22, 0x22,
    0x22, 0xcf, 0xff, 0x30, 0x0, 0x0, 0x0, 0x7,
    0xff, 0xf8, 0x0, 0x0, 0x0, 0x0, 0x3f, 0xff,
    0xc0, 0x0, 0x0, 0x0, 0x1, 0xef, 0xfe, 0x10,
    0x0, 0x0, 0x0, 0xb, 0xff, 0xf5, 0x0, 0x0,
    0x0, 0x0, 0x7f, 0xff, 0x90, 0x0, 0x0, 0x0,
    0x3, 0xff, 0xfd, 0x0, 0x0, 0x0, 0x0, 0x1e,
    0xff, 0xf2, 0x0, 0x0, 0x0, 0x0, 0xbf, 0xff,
    0x60, 0x0, 0x0, 0x0, 0x7, 0xff, 0xfc, 0x22,
    0x22, 0x22, 0x20, 0x2f, 0xff, 0xff, 0xff, 0xff,
    0xff, 0xf2, 0x5f, 0xff, 0xff, 0xff, 0xff, 0xff,
    0xf2, 0x5f, 0xff, 0xff, 0xff, 0xff, 0xff, 0xf2,

    /* U+007B "{" */
    0x0, 0x0, 0x0, 0x6b, 0xef, 0x30, 0x0, 0x0,
    0xcf, 0xff, 0xf3, 0x0, 0x0, 0x8f, 0xff, 0xfe,
    0x30, 0x0, 0xd, 0xff, 0xe2, 0x0, 0x0, 0x0,
    0xff, 0xf7, 0x0, 0x0, 0x0, 0xf, 0xff, 0x40,
    0x0, 0x0, 0x0, 0xff, 0xf4, 0x0, 0x0, 0x0,
    0xf, 0xff, 0x40, 0x0, 0x0, 0x1, 0xff, 0xf4,
    0x0, 0x0, 0x0, 0x4f, 0xff, 0x20, 0x0, 0x0,
    0x3d, 0xff, 0xf0, 0x0, 0x1, 0xff, 0xff, 0xf5,
    0x0, 0x0, 0x1f, 0xff, 0x92, 0x0, 0x0, 0x1,
    0xff, 0xff, 0x90, 0x0, 0x0, 0x8, 0xbf, 0xff,
    0xa0, 0x0, 0x0, 0x0, 0x8f, 0xff, 0x10, 0x0,
    0x0, 0x2, 0xff, 0xf3, 0x0, 0x0, 0x0, 0xf,
    0xff, 0x40, 0x0, 0x0, 0x0, 0xff, 0xf4, 0x0,
    0x0, 0x0, 0xf, 0xff, 0x40, 0x0, 0x0, 0x0,
    0xff, 0xf4, 0x0, 0x0, 0x0, 0xf, 0xff, 0x70,
    0x0, 0x0, 0x0, 0xcf, 0xfe, 0x20, 0x0, 0x0,
    0x7, 0xff, 0xff, 0xe3, 0x0, 0x0, 0xb, 0xff,
    0xff, 0x30, 0x0, 0x0, 0x5, 0xae, 0xf3,

    /* U+007C "|" */
    0x58, 0x85, 0xaf, 0xfa, 0xaf, 0xfa, 0xaf, 0xfa,
    0xaf, 0xfa, 0xaf, 0xfa, 0xaf, 0xfa, 0xaf, 0xfa,
    0xaf, 0xfa, 0xaf, 0xfa, 0xaf, 0xfa, 0xaf, 0xfa,
    0xaf, 0xfa, 0xaf, 0xfa, 0xaf, 0xfa, 0xaf, 0xfa,
    0xaf, 0xfa, 0xaf, 0xfa, 0xaf, 0xfa, 0xaf, 0xfa,
    0xaf, 0xfa, 0xaf, 0xfa, 0xaf, 0xfa, 0xaf, 0xfa,
    0xaf, 0xfa, 0xaf, 0xfa, 0xaf, 0xfa, 0xaf, 0xfa,
    0xaf, 0xfa, 0xaf, 0xfa, 0xaf, 0xfa, 0xaf, 0xfa,
    0xaf, 0xfa, 0xaf, 0xfa, 0xaf, 0xfa,

    /* U+007D "}" */
    0x8f, 0xda, 0x30, 0x0, 0x0, 0x8f, 0xff, 0xf8,
    0x0, 0x0, 0x7e, 0xff, 0xff, 0x30, 0x0, 0x0,
    0x5f, 0xff, 0x80, 0x0, 0x0, 0xb, 0xff, 0xb0,
    0x0, 0x0, 0x8, 0xff, 0xc0, 0x0, 0x0, 0x8,
    0xff, 0xc0, 0x0, 0x0, 0x8, 0xff, 0xc0, 0x0,
    0x0, 0x8, 0xff, 0xd0, 0x0, 0x0, 0x7, 0xff,
    0xf0, 0x0, 0x0, 0x3, 0xff, 0xfa, 0x20, 0x0,
    0x0, 0x9f, 0xff, 0xfc, 0x0, 0x0, 0x3, 0xbf,
    0xfc, 0x0, 0x0, 0x2c, 0xff, 0xfc, 0x0, 0x1,
    0xef, 0xff, 0x95, 0x0, 0x5, 0xff, 0xf3, 0x0,
    0x0, 0x7, 0xff, 0xe0, 0x0, 0x0, 0x8, 0xff,
    0xc0, 0x0, 0x0, 0x8, 0xff, 0xc0, 0x0, 0x0,
    0x8, 0xff, 0xc0, 0x0, 0x0, 0x9, 0xff, 0xc0,
    0x0, 0x0, 0xb, 0xff, 0xb0, 0x0, 0x0, 0x5f,
    0xff, 0x80, 0x0, 0x6e, 0xff, 0xff, 0x20, 0x0,
    0x8f, 0xff, 0xf7, 0x0, 0x0, 0x8f, 0xd9, 0x30,
    0x0, 0x0,

    /* U+007E "~" */
    0x0, 0x8e, 0xfd, 0x60, 0x0, 0x2, 0x88, 0x50,
    0xbf, 0xff, 0xff, 0xb0, 0x0, 0x5f, 0xf9, 0x5f,
    0xff, 0xff, 0xff, 0xd4, 0x3d, 0xff, 0x79, 0xff,
    0xb3, 0x5e, 0xff, 0xff, 0xff, 0xf2, 0xcf, 0xf3,
    0x0, 0x2d, 0xff, 0xff, 0xf8, 0x6, 0x88, 0x0,
    0x0, 0x7, 0xdf, 0xd6, 0x0,

    /* U+00A0 " " */

    /* U+00A1 "¡" */
    0x1b, 0xfb, 0x19, 0xff, 0xf9, 0xaf, 0xff, 0xa5,
    0xff, 0xf5, 0x3, 0x63, 0x0, 0x0, 0x0, 0x0,
    0x0, 0x2, 0xff, 0xf3, 0x3f, 0xff, 0x33, 0xff,
    0xf3, 0x3f, 0xff, 0x34, 0xff, 0xf4, 0x4f, 0xff,
    0x44, 0xff, 0xf4, 0x4f, 0xff, 0x55, 0xff, 0xf5,
    0x5f, 0xff, 0x55, 0xff, 0xf5, 0x6f, 0xff, 0x66,
    0xff, 0xf6, 0x6f, 0xff, 0x62, 0x55, 0x52,

    /* U+00A2 "¢" */
    0x0, 0x0, 0x0, 0x6f, 0x40, 0x0, 0x0, 0x0,
    0x0, 0x0, 0x6, 0xf4, 0x0, 0x0, 0x0, 0x0,
    0x0, 0x15, 0xbf, 0xa6, 0x10, 0x0, 0x0, 0x0,
    0x7e, 0xff, 0xff, 0xff, 0x80, 0x0, 0x0, 0x9f,
    0xff, 0xff, 0xff, 0xff, 0xb0, 0x0, 0x6f, 0xff,
    0xeb, 0xfa, 0xef, 0xff, 0x60, 0xe, 0xff, 0xe1,
    0x6f, 0x41, 0xef, 0xfd, 0x5, 0xff, 0xf6, 0x6,
    0xf4, 0x6, 0xea, 0x70, 0x9f, 0xff, 0x10, 0x6f,
    0x40, 0x0, 0x0, 0xb, 0xff, 0xf0, 0x6, 0xf4,
    0x0, 0x0, 0x0, 0xcf, 0xfd, 0x0, 0x6f, 0x40,
    0x0, 0x0, 0xb, 0xff, 0xf0, 0x6, 0xf4, 0x0,
    0x0, 0x0, 0x9f, 0xff, 0x10, 0x6f, 0x40, 0x0,
    0x0, 0x5, 0xff, 0xf6, 0x6, 0xf4, 0x6, 0xfc,
    0x80, 0xf, 0xff, 0xe1, 0x6f, 0x41, 0xef, 0xfe,
    0x0, 0x6f, 0xff, 0xeb, 0xfa, 0xef, 0xff, 0x60,
    0x0, 0xaf, 0xff, 0xff, 0xff, 0xff, 0xb0, 0x0,
    0x0, 0x7f, 0xff, 0xff, 0xff, 0x80, 0x0, 0x0,
    0x0, 0x15, 0xbf, 0xa6, 0x10, 0x0, 0x0, 0x0,
    0x0, 0x6, 0xf4, 0x0, 0x0, 0x0, 0x0, 0x0,
    0x0, 0x6f, 0x40, 0x0, 0x0, 0x0,

    /* U+00A3 "£" */
    0x0, 0x0, 0x3, 0xad, 0xff, 0xc7, 0x10, 0x0,
    0x0, 0x0, 0x9f, 0xff, 0xff, 0xff, 0xe3, 0x0,
    0x0, 0x9, 0xff, 0xff, 0xff, 0xff, 0xfe, 0x10,
    0x0, 0x2f, 0xff, 0xe7, 0x34, 0xaf, 0xff, 0xa0,
    0x0, 0x8f, 0xff, 0x30, 0x0, 0xa, 0xff, 0xf0,
    0x0, 0xaf, 0xfd, 0x0, 0x0, 0x3, 0xb9, 0x61,
    0x0, 0xbf, 0xfb, 0x0, 0x0, 0x0, 0x0, 0x0,
    0x0, 0xbf, 0xfc, 0x0, 0x0, 0x0, 0x0, 0x0,
    0x0, 0xaf, 0xfc, 0x0, 0x0, 0x0, 0x0, 0x0,
    0xaf, 0xff, 0xff, 0xff, 0xff, 0xf9, 0x0, 0x0,
    0xaf, 0xff, 0xff, 0xff, 0xff, 0xf9, 0x0, 0x0,
    0x58, 0xcf, 0xff, 0x88, 0x88, 0x84, 0x0, 0x0,
    0x0, 0x7f, 0xfe, 0x0, 0x0, 0x0, 0x0, 0x0,
    0x0, 0x6f, 0xff, 0x0, 0x0, 0x0, 0x0, 0x0,
    0x0, 0x6f, 0xff, 0x0, 0x0, 0x0, 0x0, 0x0,
    0x0, 0x6f, 0xfe, 0x0, 0x0, 0x0, 0x0, 0x0,
    0x0, 0x8f, 0xf9, 0x0, 0x0, 0x0, 0xff, 0xf5,
    0x26, 0xff, 0xc3, 0x22, 0x22, 0x26, 0xff, 0xf4,
    0xaf, 0xff, 0xff, 0xff, 0xff, 0xff, 0xff, 0xf1,
    0xaf, 0xff, 0xff, 0xff, 0xff, 0xff, 0xff, 0x90,
    0xaf, 0xff, 0xff, 0xff, 0xff, 0xff, 0xd7, 0x0,

    /* U+00A4 "¤" */
    0x0, 0x91, 0x0, 0x3, 0x67, 0x63, 0x0, 0x1,
    0x90, 0x0, 0xbf, 0xd1, 0x6e, 0xff, 0xff, 0xfd,
    0x61, 0xdf, 0xb0, 0xb, 0xff, 0xff, 0xff, 0xff,
    0xff, 0xff, 0xff, 0xfc, 0x0, 0xc, 0xff, 0xfd,
    0x62, 0x2, 0x6e, 0xff, 0xfc, 0x0, 0x0, 0x8f,
    0xfa, 0x0, 0x0, 0x0, 0x1b, 0xff, 0x60, 0x0,
    0x1f, 0xfc, 0x0, 0x0, 0x0, 0x0, 0xd, 0xfe,
    0x0, 0x6, 0xff, 0x30, 0x0, 0x0, 0x0, 0x0,
    0x5f, 0xf5, 0x0, 0xaf, 0xd0, 0x0, 0x0, 0x0,
    0x0, 0x0, 0xef, 0x90, 0xc, 0xfa, 0x0, 0x0,
    0x0, 0x0, 0x0, 0xc, 0xfb, 0x0, 0xcf, 0xa0,
    0x0, 0x0, 0x0, 0x0, 0x0, 0xbf, 0xb0, 0xb,
    0xfb, 0x0, 0x0, 0x0, 0x0, 0x0, 0xd, 0xfa,
    0x0, 0x8f, 0xf0, 0x0, 0x0, 0x0, 0x0, 0x2,
    0xff, 0x70, 0x3, 0xff, 0x70, 0x0, 0x0, 0x0,
    0x0, 0x9f, 0xf2, 0x0, 0xc, 0xff, 0x30, 0x0,
    0x0, 0x0, 0x5f, 0xfb, 0x0, 0x0, 0xaf, 0xff,
    0x60, 0x0, 0x0, 0x7f, 0xff, 0xa0, 0x0, 0xaf,
    0xff, 0xff, 0xea, 0x9a, 0xef, 0xff, 0xff, 0xa0,
    0xc, 0xfe, 0x5e, 0xff, 0xff, 0xff, 0xfd, 0x5e,
    0xfc, 0x0, 0x1b, 0x20, 0x6, 0xbe, 0xfe, 0xb6,
    0x0, 0x2b, 0x10, 0x0, 0x0, 0x0, 0x0, 0x0,
    0x0, 0x0, 0x0, 0x0, 0x0,

    /* U+00A5 "¥" */
    0x5f, 0xff, 0x60, 0x0, 0x0, 0xa, 0xff, 0xf2,
    0xd, 0xff, 0xd0, 0x0, 0x0, 0x1f, 0xff, 0xa0,
    0x6, 0xff, 0xf4, 0x0, 0x0, 0x8f, 0xff, 0x30,
    0x0, 0xef, 0xfb, 0x0, 0x0, 0xef, 0xfb, 0x0,
    0x0, 0x7f, 0xff, 0x20, 0x5, 0xff, 0xf4, 0x0,
    0x0, 0x1f, 0xff, 0x90, 0xc, 0xff, 0xc0, 0x0,
    0x0, 0x8, 0xff, 0xf0, 0x3f, 0xff, 0x50, 0x0,
    0x0, 0x1, 0xff, 0xf6, 0xaf, 0xfd, 0x0, 0x0,
    0x0, 0x0, 0x9f, 0xfe, 0xff, 0xf6, 0x0, 0x0,
    0x0, 0x0, 0x2f, 0xff, 0xff, 0xe0, 0x0, 0x0,
    0x5, 0xff, 0xff, 0xff, 0xff, 0xff, 0xfd, 0x0,
    0x5, 0xff, 0xff, 0xff, 0xff, 0xff, 0xfd, 0x0,
    0x1, 0x44, 0x44, 0xff, 0xfc, 0x44, 0x44, 0x0,
    0x0, 0x0, 0x0, 0xff, 0xfa, 0x0, 0x0, 0x0,
    0x5, 0xff, 0xff, 0xff, 0xff, 0xff, 0xfd, 0x0,
    0x5, 0xff, 0xff, 0xff, 0xff, 0xff, 0xfd, 0x0,
    0x1, 0x55, 0x55, 0xff, 0xfc, 0x55, 0x54, 0x0,
    0x0, 0x0, 0x0, 0xff, 0xfa, 0x0, 0x0, 0x0,
    0x0, 0x0, 0x0, 0xff, 0xfa, 0x0, 0x0, 0x0,
    0x0, 0x0, 0x0, 0xff, 0xfa, 0x0, 0x0, 0x0,
    0x0, 0x0, 0x0, 0xff, 0xfa, 0x0, 0x0, 0x0,

    /* U+00A6 "¦" */
    0x3f, 0xff, 0x3, 0xff, 0xf0, 0x3f, 0xff, 0x3,
    0xff, 0xf0, 0x3f, 0xff, 0x3, 0xff, 0xf0, 0x3f,
    0xff, 0x3, 0xff, 0xf0, 0x3f, 0xff, 0x2, 0xbb,
    0xb0, 0x0, 0x0, 0x0, 0x0, 0x0, 0x0, 0x0,
    0x0, 0x0, 0x0, 0x0, 0x0, 0x2, 0xcc, 0xc0,
    0x3f, 0xff, 0x3, 0xff, 0xf0, 0x3f, 0xff, 0x3,
    0xff, 0xf0, 0x3f, 0xff, 0x3, 0xff, 0xf0, 0x3f,
    0xff, 0x3, 0xff, 0xf0, 0x3f, 0xff, 0x0,

    /* U+00A7 "§" */
    0x0, 0x2, 0x9d, 0xff, 0xd8, 0x0, 0x0, 0x0,
    0x4f, 0xff, 0xff, 0xff, 0xd1, 0x0, 0x1, 0xef,
    0xff, 0xff, 0xff, 0xfa, 0x0, 0x6, 0xff, 0xf5,
    0x0, 0x7f, 0xff, 0x20, 0x8, 0xff, 0xb0, 0x0,
    0xb, 0xfe, 0x50, 0x8, 0xff, 0xc0, 0x0, 0x1,
    0x10, 0x0, 0x4, 0xff, 0xf6, 0x0, 0x0, 0x0,
    0x0, 0x0, 0xbf, 0xff, 0xc3, 0x0, 0x0, 0x0,
    0x0, 0x1b, 0xff, 0xff, 0xb3, 0x0, 0x0, 0x3,
    0xcf, 0xff, 0xff, 0xff, 0xb2, 0x0, 0x1f, 0xfb,
    0x1, 0x8f, 0xff, 0xff, 0x30, 0x7f, 0xf5, 0x0,
    0x1, 0x8f, 0xff, 0xe0, 0x8f, 0xf5, 0x0, 0x0,
    0x2, 0xef, 0xf5, 0x6f, 0xfd, 0x10, 0x0, 0x0,
    0x7f, 0xf7, 0xe, 0xff, 0xe7, 0x0, 0x0, 0x7f,
    0xf5, 0x3, 0xff, 0xff, 0xe7, 0x12, 0xdf, 0xd0,
    0x0, 0x2b, 0xff, 0xff, 0xff, 0xea, 0x10, 0x0,
    0x0, 0x4c, 0xff, 0xff, 0xb1, 0x0, 0x0, 0x0,
    0x0, 0x3c, 0xff, 0xfb, 0x0, 0x0, 0x0, 0x0,
    0x0, 0x7f, 0xff, 0x30, 0x0, 0x14, 0x0, 0x0,
    0xd, 0xff, 0x70, 0xd, 0xff, 0x50, 0x0, 0xd,
    0xff, 0x70, 0xb, 0xff, 0xe4, 0x1, 0x8f, 0xff,
    0x40, 0x3, 0xff, 0xff, 0xff, 0xff, 0xfd, 0x0,
    0x0, 0x5f, 0xff, 0xff, 0xff, 0xd2, 0x0, 0x0,
    0x2, 0x9d, 0xee, 0xb7, 0x0, 0x0,

    /* U+00A8 "¨" */
    0x7, 0xc9, 0x0, 0x7, 0xc8, 0x2, 0xff, 0xf5,
    0x3, 0xff, 0xf5, 0x3f, 0xff, 0x60, 0x4f, 0xff,
    0x50, 0x9f, 0xb0, 0x0, 0x9f, 0xa0,

    /* U+00A9 "©" */
    0x0, 0x0, 0x0, 0x16, 0xbd, 0xfe, 0xd9, 0x40,
    0x0, 0x0, 0x0, 0x0, 0x0, 0x7, 0xef, 0xff,
    0xff, 0xff, 0xfc, 0x30, 0x0, 0x0, 0x0, 0x0,
    0xbf, 0xff, 0xff, 0xff, 0xff, 0xff, 0xf6, 0x0,
    0x0, 0x0, 0xc, 0xff, 0xfd, 0x73, 0x11, 0x49,
    0xff, 0xff, 0x60, 0x0, 0x0, 0xaf, 0xff, 0x70,
    0x0, 0x0, 0x0, 0x2c, 0xff, 0xf3, 0x0, 0x4,
    0xff, 0xf6, 0x0, 0x27, 0xaa, 0x61, 0x0, 0xcf,
    0xfd, 0x0, 0xc, 0xff, 0x90, 0x8, 0xff, 0xff,
    0xfe, 0x50, 0x1e, 0xff, 0x50, 0x1f, 0xff, 0x10,
    0x8f, 0xff, 0xff, 0xff, 0xf4, 0x7, 0xff, 0xb0,
    0x6f, 0xfa, 0x2, 0xff, 0xe5, 0x1, 0x8f, 0xfd,
    0x1, 0xff, 0xf0, 0x9f, 0xf6, 0x9, 0xff, 0x40,
    0x0, 0xa, 0xff, 0x20, 0xdf, 0xf2, 0xaf, 0xf4,
    0xc, 0xfe, 0x0, 0x0, 0x0, 0x0, 0x0, 0xbf,
    0xf4, 0xaf, 0xf4, 0xc, 0xfd, 0x0, 0x0, 0x0,
    0x0, 0x0, 0xbf, 0xf3, 0x9f, 0xf6, 0xa, 0xff,
    0x20, 0x0, 0x7, 0xaa, 0x0, 0xdf, 0xf2, 0x6f,
    0xfa, 0x4, 0xff, 0xc1, 0x0, 0x4f, 0xfd, 0x1,
    0xff, 0xf0, 0x1f, 0xff, 0x10, 0xbf, 0xff, 0xcc,
    0xff, 0xf5, 0x7, 0xff, 0xb0, 0xc, 0xff, 0x90,
    0x1c, 0xff, 0xff, 0xff, 0x90, 0x1e, 0xff, 0x50,
    0x4, 0xff, 0xf6, 0x0, 0x6c, 0xfe, 0xb5, 0x0,
    0xcf, 0xfd, 0x0, 0x0, 0xaf, 0xff, 0x70, 0x0,
    0x0, 0x0, 0x2c, 0xff, 0xf3, 0x0, 0x0, 0xc,
    0xff, 0xfd, 0x72, 0x11, 0x49, 0xff, 0xff, 0x60,
    0x0, 0x0, 0x0, 0xbf, 0xff, 0xff, 0xff, 0xff,
    0xff, 0xf6, 0x0, 0x0, 0x0, 0x0, 0x7, 0xff,
    0xff, 0xff, 0xff, 0xfc, 0x30, 0x0, 0x0, 0x0,
    0x0, 0x0, 0x16, 0xbd, 0xfe, 0xd9, 0x40, 0x0,
    0x0, 0x0,

    /* U+00AA "ª" */
    0x0, 0x5, 0xbe, 0xfe, 0xa3, 0x0, 0x0, 0xbf,
    0xff, 0xff, 0xff, 0x60, 0x8, 0xff, 0xc5, 0x36,
    0xff, 0xf1, 0x2, 0x58, 0x0, 0x0, 0x9f, 0xf5,
    0x0, 0x0, 0x0, 0x25, 0xdf, 0xf6, 0x0, 0x4a,
    0xdf, 0xff, 0xff, 0xf6, 0x7, 0xff, 0xfe, 0xc9,
    0xbf, 0xf6, 0xf, 0xfe, 0x40, 0x0, 0x8f, 0xf6,
    0x2f, 0xfb, 0x0, 0x0, 0xcf, 0xf6, 0xf, 0xff,
    0x52, 0x3a, 0xff, 0xf6, 0x9, 0xff, 0xff, 0xff,
    0xaf, 0xf6, 0x0, 0x5c, 0xff, 0xb3, 0x6f, 0xf6,

    /* U+00AB "«" */
    0x0, 0x0, 0xa, 0xff, 0xf3, 0x8, 0xff, 0xf5,
    0x0, 0x0, 0x7f, 0xff, 0x60, 0x5f, 0xff, 0x80,
    0x0, 0x4, 0xff, 0xf9, 0x3, 0xff, 0xfb, 0x0,
    0x0, 0x2f, 0xff, 0xb0, 0x1e, 0xff, 0xd0, 0x0,
    0x1, 0xdf, 0xfe, 0x10, 0xcf, 0xfe, 0x20, 0x0,
    0xc, 0xff, 0xf3, 0xa, 0xff, 0xf4, 0x0, 0x0,
    0x8f, 0xff, 0x60, 0x6f, 0xff, 0x80, 0x0, 0x0,
    0x2e, 0xff, 0xd0, 0x1d, 0xff, 0xe1, 0x0, 0x0,
    0x4, 0xff, 0xfa, 0x2, 0xff, 0xfc, 0x0, 0x0,
    0x0, 0x6f, 0xff, 0x70, 0x4f, 0xff, 0x90, 0x0,
    0x0, 0x9, 0xff, 0xf4, 0x7, 0xff, 0xf6, 0x0,
    0x0, 0x0, 0xbf, 0xff, 0x20, 0xaf, 0xff, 0x30,
    0x0, 0x0, 0x1d, 0xff, 0xd0, 0xc, 0xff, 0xe1,
    0x0, 0x0, 0x2, 0x55, 0x52, 0x1, 0x55, 0x53,

    /* U+00AC "¬" */
    0x0, 0x0, 0x0, 0x0, 0x0, 0x0, 0x0, 0xf,
    0xff, 0xff, 0xff, 0xff, 0xff, 0xf0, 0xf, 0xff,
    0xff, 0xff, 0xff, 0xff, 0xf0, 0xf, 0xff, 0xff,
    0xff, 0xff, 0xff, 0xf0, 0x0, 0x0, 0x0, 0x0,
    0x0, 0xff, 0xf0, 0x0, 0x0, 0x0, 0x0, 0x0,
    0xff, 0xf0, 0x0, 0x0, 0x0, 0x0, 0x0, 0xff,
    0xf0, 0x0, 0x0, 0x0, 0x0, 0x0, 0x88, 0x80,

    /* U+00AE "®" */
    0x0, 0x0, 0x0, 0x0, 0x10, 0x0, 0x0, 0x0,
    0x0, 0x0, 0x1, 0x8d, 0xff, 0xfb, 0x60, 0x0,
    0x0, 0x0, 0x6, 0xff, 0xff, 0xff, 0xff, 0xd2,
    0x0, 0x0, 0x8, 0xff, 0xb5, 0x10, 0x27, 0xef,
    0xe2, 0x0, 0x4, 0xff, 0x70, 0x11, 0x10, 0x1,
    0xcf, 0xd0, 0x0, 0xdf, 0x80, 0x9f, 0xff, 0xf8,
    0x1, 0xdf, 0x70, 0x4f, 0xe0, 0x9, 0xf7, 0x4c,
    0xf4, 0x5, 0xfd, 0x8, 0xf8, 0x0, 0x9f, 0x40,
    0x7f, 0x70, 0xf, 0xf1, 0x9f, 0x60, 0x9, 0xf4,
    0x1b, 0xf5, 0x0, 0xdf, 0x39, 0xf6, 0x0, 0x9f,
    0xff, 0xfb, 0x0, 0xd, 0xf2, 0x7f, 0x90, 0x9,
    0xf6, 0x6f, 0xa0, 0x0, 0xff, 0x13, 0xfe, 0x0,
    0x9f, 0x40, 0xcf, 0x30, 0x6f, 0xc0, 0xc, 0xf9,
    0x5, 0xa2, 0x3, 0xa6, 0x1e, 0xf6, 0x0, 0x3f,
    0xf8, 0x0, 0x0, 0x0, 0x2d, 0xfc, 0x0, 0x0,
    0x6f, 0xfd, 0x63, 0x24, 0x9f, 0xfe, 0x10, 0x0,
    0x0, 0x5e, 0xff, 0xff, 0xff, 0xfb, 0x10, 0x0,
    0x0, 0x0, 0x17, 0xce, 0xfe, 0xa4, 0x0, 0x0,
    0x0,

    /* U+00AF "¯" */
    0x47, 0x77, 0x77, 0x77, 0x19, 0xff, 0xff, 0xff,
    0xf3, 0x9f, 0xff, 0xff, 0xff, 0x30,

    /* U+00B0 "°" */
    0x0, 0x8, 0xdf, 0xd7, 0x0, 0x0, 0x1d, 0xff,
    0xff, 0xfb, 0x0, 0xa, 0xff, 0xda, 0xef, 0xf8,
    0x1, 0xff, 0xb0, 0x1, 0xdf, 0xe0, 0x4f, 0xf4,
    0x0, 0x6, 0xff, 0x14, 0xff, 0x40, 0x0, 0x6f,
    0xf2, 0x1f, 0xfb, 0x0, 0xd, 0xfe, 0x0, 0xbf,
    0xfd, 0xae, 0xff, 0x80, 0x1, 0xdf, 0xff, 0xff,
    0xb0, 0x0, 0x0, 0x8d, 0xfd, 0x70, 0x0,

    /* U+00B1 "±" */
    0x0, 0x0, 0x1, 0xff, 0xf0, 0x0, 0x0, 0x0,
    0x0, 0x0, 0x1f, 0xff, 0x0, 0x0, 0x0, 0x0,
    0x0, 0x1, 0xff, 0xf0, 0x0, 0x0, 0x0, 0x0,
    0x0, 0x1f, 0xff, 0x0, 0x0, 0x0, 0x6f, 0xff,
    0xff, 0xff, 0xff, 0xff, 0xff, 0x36, 0xff, 0xff,
    0xff, 0xff, 0xff, 0xff, 0xf3, 0x5f, 0xff, 0xff,
    0xff, 0xff, 0xff, 0xff, 0x30, 0x0, 0x0, 0x1f,
    0xff, 0x0, 0x0, 0x0, 0x0, 0x0, 0x1, 0xff,
    0xf0, 0x0, 0x0, 0x0, 0x0, 0x0, 0x1f, 0xff,
    0x0, 0x0, 0x0, 0x0, 0x0, 0x1, 0x99, 0x90,
    0x0, 0x0, 0x0, 0x0, 0x0, 0x0, 0x0, 0x0,
    0x0, 0x0, 0x6f, 0xff, 0xff, 0xff, 0xff, 0xff,
    0xff, 0x36, 0xff, 0xff, 0xff, 0xff, 0xff, 0xff,
    0xf3, 0x6f, 0xff, 0xff, 0xff, 0xff, 0xff, 0xff,
    0x30, 0x11, 0x11, 0x11, 0x11, 0x11, 0x11, 0x10,

    /* U+00B2 "²" */
    0x0, 0x6c, 0xef, 0xd9, 0x20, 0x0, 0xcf, 0xff,
    0xff, 0xff, 0x30, 0x6f, 0xfc, 0x54, 0xaf, 0xfc,
    0x6, 0xbb, 0x20, 0x0, 0xef, 0xf0, 0x0, 0x0,
    0x0, 0x2f, 0xfd, 0x0, 0x0, 0x0, 0x2d, 0xff,
    0x70, 0x0, 0x0, 0x4e, 0xff, 0xa0, 0x0, 0x0,
    0x6f, 0xff, 0x80, 0x0, 0x0, 0x9f, 0xfe, 0x30,
    0x0, 0x1, 0xcf, 0xff, 0x75, 0x55, 0x51, 0x6f,
    0xff, 0xff, 0xff, 0xff, 0x56, 0xff, 0xff, 0xff,
    0xff, 0xf5,

    /* U+00B3 "³" */
    0x0, 0x4a, 0xef, 0xeb, 0x30, 0x0, 0x7f, 0xff,
    0xff, 0xff, 0x50, 0x2f, 0xfe, 0x75, 0x8f, 0xff,
    0x3, 0x99, 0x40, 0x0, 0xbf, 0xf2, 0x0, 0x0,
    0x0, 0x1e, 0xfe, 0x0, 0x0, 0xc, 0xdf, 0xfb,
    0x20, 0x0, 0x0, 0xff, 0xff, 0xb5, 0x0, 0x0,
    0x0, 0x3, 0xdf, 0xf5, 0x47, 0x72, 0x0, 0x8,
    0xff, 0xa6, 0xff, 0xe7, 0x58, 0xff, 0xf7, 0xb,
    0xff, 0xff, 0xff, 0xfc, 0x0, 0x5, 0xbe, 0xfe,
    0xb6, 0x0,

    /* U+00B4 "´" */
    0x0, 0x45, 0x52, 0x2, 0xff, 0xf2, 0x9, 0xff,
    0x70, 0x1f, 0xfd, 0x0, 0x7f, 0xf3, 0x0,

    /* U+00B5 "µ" */
    0x1f, 0xff, 0x60, 0x0, 0x0, 0x4f, 0xff, 0x40,
    0x1, 0xff, 0xf6, 0x0, 0x0, 0x4, 0xff, 0xf4,
    0x0, 0x1f, 0xff, 0x60, 0x0, 0x0, 0x4f, 0xff,
    0x40, 0x1, 0xff, 0xf6, 0x0, 0x0, 0x4, 0xff,
    0xf4, 0x0, 0x1f, 0xff, 0x60, 0x0, 0x0, 0x4f,
    0xff, 0x40, 0x1, 0xff, 0xf6, 0x0, 0x0, 0x4,
    0xff, 0xf4, 0x0, 0x1f, 0xff, 0x60, 0x0, 0x0,
    0x4f, 0xff, 0x40, 0x1, 0xff, 0xf6, 0x0, 0x0,
    0x4, 0xff, 0xf4, 0x0, 0x1f, 0xff, 0x60, 0x0,
    0x0, 0x4f, 0xff, 0x40, 0x1, 0xff, 0xf6, 0x0,
    0x0, 0x4, 0xff, 0xf4, 0x0, 0x1f, 0xff, 0x80,
    0x0, 0x0, 0x6f, 0xff, 0x40, 0x1, 0xff, 0xfd,
    0x0, 0x0, 0xb, 0xff, 0xf4, 0x0, 0x1f, 0xff,
    0xf9, 0x0, 0x7, 0xff, 0xff, 0x60, 0x1, 0xff,
    0xff, 0xff, 0xdf, 0xff, 0xff, 0xff, 0xd0, 0x1f,
    0xff, 0x9f, 0xff, 0xff, 0x78, 0xff, 0xff, 0x11,
    0xff, 0xf6, 0x3c, 0xfd, 0x60, 0x7, 0xdf, 0xf1,
    0x1f, 0xff, 0x60, 0x0, 0x0, 0x0, 0x0, 0x0,
    0x1, 0xff, 0xf6, 0x0, 0x0, 0x0, 0x0, 0x0,
    0x0, 0x1f, 0xff, 0x60, 0x0, 0x0, 0x0, 0x0,
    0x0, 0x1, 0xff, 0xf6, 0x0, 0x0, 0x0, 0x0,
    0x0, 0x0, 0x1f, 0xff, 0x60, 0x0, 0x0, 0x0,
    0x0, 0x0, 0x1, 0xff, 0xf6, 0x0, 0x0, 0x0,
    0x0, 0x0, 0x0,

    /* U+00B6 "¶" */
    0x0, 0x2, 0x9d, 0xff, 0xff, 0xff, 0xfc, 0x0,
    0x7f, 0xff, 0xff, 0xff, 0xff, 0xfc, 0x7, 0xff,
    0xff, 0xff, 0xff, 0xff, 0xfc, 0x1f, 0xff, 0xff,
    0xff, 0x30, 0x5f, 0xfc, 0x7f, 0xff, 0xff, 0xff,
    0x30, 0x5f, 0xfc, 0xaf, 0xff, 0xff, 0xff, 0x30,
    0x5f, 0xfc, 0xcf, 0xff, 0xff, 0xff, 0x30, 0x5f,
    0xfc, 0xaf, 0xff, 0xff, 0xff, 0x30, 0x5f, 0xfc,
    0x8f, 0xff, 0xff, 0xff, 0x30, 0x5f, 0xfc, 0x2f,
    0xff, 0xff, 0xff, 0x30, 0x5f, 0xfc, 0xa, 0xff,
    0xff, 0xff, 0x30, 0x5f, 0xfc, 0x0, 0xbf, 0xff,
    0xff, 0x30, 0x5f, 0xfc, 0x0, 0x6, 0xcf, 0xff,
    0x30, 0x5f, 0xfc, 0x0, 0x0, 0x0, 0x23, 0x0,
    0x5f, 0xfc, 0x0, 0x0, 0x0, 0x0, 0x0, 0x5f,
    0xfc, 0x0, 0x0, 0x0, 0x0, 0x0, 0x5f, 0xfc,
    0x0, 0x0, 0x0, 0x0, 0x0, 0x5f, 0xfc, 0x0,
    0x0, 0x0, 0x0, 0x0, 0x5f, 0xfc, 0x0, 0x0,
    0x0, 0x0, 0x0, 0x5f, 0xfc, 0x0, 0x0, 0x0,
    0x0, 0x0, 0x5f, 0xfc, 0x0, 0x0, 0x0, 0x0,
    0x0, 0x5f, 0xfc,

    /* U+00B7 "·" */
    0x3, 0x73, 0x5, 0xff, 0xf3, 0xaf, 0xff, 0x99,
    0xff, 0xf7, 0x1b, 0xfb, 0x0,

    /* U+00B8 "¸" */
    0x0, 0x20, 0x0, 0x4, 0xf4, 0x0, 0x6, 0xf7,
    0x10, 0x9, 0xff, 0xf6, 0x0, 0x5, 0xfd, 0x19,
    0x9c, 0xfc, 0x2f, 0xfe, 0xb2,

    /* U+00B9 "¹" */
    0x0, 0x7f, 0xff, 0x73, 0xdf, 0xff, 0xf7, 0x8f,
    0xfd, 0xff, 0x78, 0xc3, 0x7f, 0xf7, 0x20, 0x7,
    0xff, 0x70, 0x0, 0x7f, 0xf7, 0x0, 0x7, 0xff,
    0x70, 0x0, 0x7f, 0xf7, 0x0, 0x7, 0xff, 0x70,
    0x0, 0x7f, 0xf7, 0x0, 0x7, 0xff, 0x70, 0x0,
    0x7f, 0xf7,

    /* U+00BA "º" */
    0x0, 0x2, 0x8d, 0xfe, 0xc6, 0x0, 0x0, 0x4,
    0xff, 0xff, 0xff, 0xfc, 0x10, 0x1, 0xff, 0xfa,
    0x56, 0xdf, 0xfb, 0x0, 0x9f, 0xfa, 0x0, 0x1,
    0xef, 0xf3, 0xd, 0xff, 0x20, 0x0, 0x8, 0xff,
    0x80, 0xff, 0xf0, 0x0, 0x0, 0x5f, 0xfa, 0xf,
    0xff, 0x0, 0x0, 0x5, 0xff, 0xa0, 0xef, 0xf2,
    0x0, 0x0, 0x8f, 0xf8, 0x9, 0xff, 0xa0, 0x0,
    0xe, 0xff, 0x30, 0x2f, 0xff, 0xa5, 0x6d, 0xff,
    0xb0, 0x0, 0x4f, 0xff, 0xff, 0xff, 0xc1, 0x0,
    0x0, 0x29, 0xdf, 0xec, 0x60, 0x0,

    /* U+00BB "»" */
    0x8f, 0xff, 0x40, 0x6f, 0xff, 0x60, 0x0, 0x0,
    0xb, 0xff, 0xf2, 0x9, 0xff, 0xf4, 0x0, 0x0,
    0x1, 0xdf, 0xfd, 0x10, 0xcf, 0xfe, 0x20, 0x0,
    0x0, 0x2f, 0xff, 0xb0, 0x1e, 0xff, 0xd0, 0x0,
    0x0, 0x5, 0xff, 0xf9, 0x3, 0xff, 0xfb, 0x0,
    0x0, 0x0, 0x8f, 0xff, 0x60, 0x6f, 0xff, 0x80,
    0x0, 0x0, 0xc, 0xff, 0xf2, 0xa, 0xff, 0xf4,
    0x0, 0x0, 0x4f, 0xff, 0xa0, 0x2f, 0xff, 0xc0,
    0x0, 0x2, 0xef, 0xfd, 0x1, 0xdf, 0xfe, 0x10,
    0x0, 0xd, 0xff, 0xe1, 0xb, 0xff, 0xf3, 0x0,
    0x0, 0xaf, 0xff, 0x30, 0x8f, 0xff, 0x50, 0x0,
    0x7, 0xff, 0xf6, 0x5, 0xff, 0xf8, 0x0, 0x0,
    0x4f, 0xff, 0x90, 0x3f, 0xff, 0xa0, 0x0, 0x0,
    0x45, 0x55, 0x0, 0x35, 0x55, 0x0, 0x0, 0x0,

    /* U+00BC "¼" */
    0x1, 0x9a, 0xa3, 0x0, 0x0, 0x0, 0x0, 0x4,
    0xaa, 0x20, 0x0, 0x3e, 0xff, 0xf5, 0x0, 0x0,
    0x0, 0x0, 0xe, 0xfb, 0x0, 0x0, 0xef, 0xdf,
    0xf5, 0x0, 0x0, 0x0, 0x0, 0x9f, 0xf1, 0x0,
    0x0, 0xe8, 0x4f, 0xf5, 0x0, 0x0, 0x0, 0x4,
    0xff, 0x60, 0x0, 0x0, 0x30, 0x4f, 0xf5, 0x0,
    0x0, 0x0, 0xe, 0xfb, 0x0, 0x0, 0x0, 0x0,
    0x4f, 0xf5, 0x0, 0x0, 0x0, 0x9f, 0xf1, 0x0,
    0x0, 0x0, 0x0, 0x4f, 0xf5, 0x0, 0x0, 0x4,
    0xff, 0x60, 0x0, 0x0, 0x0, 0x0, 0x4f, 0xf5,
    0x0, 0x0, 0xe, 0xfb, 0x0, 0x0, 0x0, 0x0,
    0x0, 0x4f, 0xf5, 0x0, 0x0, 0x9f, 0xf2, 0x0,
    0x0, 0x0, 0x0, 0x0, 0x4f, 0xf5, 0x0, 0x4,
    0xff, 0x60, 0x0, 0x13, 0x33, 0x0, 0x0, 0x4f,
    0xf5, 0x0, 0xd, 0xfc, 0x0, 0x0, 0xaf, 0xff,
    0x0, 0x0, 0x4f, 0xf5, 0x0, 0x9f, 0xf2, 0x0,
    0x3, 0xff, 0xff, 0x0, 0x0, 0x0, 0x0, 0x3,
    0xff, 0x60, 0x0, 0xc, 0xff, 0xff, 0x0, 0x0,
    0x0, 0x0, 0xd, 0xfc, 0x0, 0x0, 0x4f, 0xf9,
    0xff, 0x0, 0x0, 0x0, 0x0, 0x9f, 0xf2, 0x0,
    0x0, 0xdf, 0x97, 0xff, 0x0, 0x0, 0x0, 0x3,
    0xff, 0x70, 0x0, 0x6, 0xff, 0x27, 0xff, 0x0,
    0x0, 0x0, 0xd, 0xfc, 0x0, 0x0, 0xe, 0xf9,
    0x7, 0xff, 0x0, 0x0, 0x0, 0x8f, 0xf2, 0x0,
    0x0, 0x7f, 0xf4, 0x28, 0xff, 0x20, 0x0, 0x3,
    0xff, 0x70, 0x0, 0x0, 0xbf, 0xff, 0xff, 0xff,
    0xf4, 0x0, 0xd, 0xfc, 0x0, 0x0, 0x0, 0xbf,
    0xff, 0xff, 0xff, 0xf4, 0x0, 0x8f, 0xf2, 0x0,
    0x0, 0x0, 0x0, 0x0, 0x8, 0xff, 0x0, 0x0,
    0x78, 0x50, 0x0, 0x0, 0x0, 0x0, 0x0, 0x4,
    0x87, 0x0,

    /* U+00BD "½" */
    0x0, 0x34, 0x41, 0x0, 0x0, 0x0, 0x0, 0x1,
    0x44, 0x10, 0x0, 0x0, 0xaf, 0xff, 0x50, 0x0,
    0x0, 0x0, 0x0, 0xbf, 0xe0, 0x0, 0x0, 0xcf,
    0xff, 0xf5, 0x0, 0x0, 0x0, 0x0, 0x6f, 0xf4,
    0x0, 0x0, 0xe, 0xc5, 0xff, 0x50, 0x0, 0x0,
    0x0, 0x1f, 0xfa, 0x0, 0x0, 0x0, 0x80, 0x4f,
    0xf5, 0x0, 0x0, 0x0, 0xb, 0xfe, 0x10, 0x0,
    0x0, 0x0, 0x4, 0xff, 0x50, 0x0, 0x0, 0x5,
    0xff, 0x50, 0x0, 0x0, 0x0, 0x0, 0x4f, 0xf5,
    0x0, 0x0, 0x1, 0xef, 0xa0, 0x0, 0x0, 0x0,
    0x0, 0x4, 0xff, 0x50, 0x0, 0x0, 0xaf, 0xe1,
    0x0, 0x0, 0x0, 0x0, 0x0, 0x4f, 0xf5, 0x0,
    0x0, 0x5f, 0xf5, 0x0, 0x0, 0x0, 0x0, 0x0,
    0x4, 0xff, 0x50, 0x0, 0x1e, 0xfa, 0x0, 0x0,
    0x0, 0x0, 0x0, 0x0, 0x4f, 0xf5, 0x0, 0xa,
    0xfe, 0x10, 0x3, 0xbe, 0xec, 0x40, 0x0, 0x4,
    0xff, 0x50, 0x4, 0xff, 0x50, 0x4, 0xff, 0xff,
    0xff, 0x60, 0x0, 0x15, 0x51, 0x1, 0xef, 0xb0,
    0x0, 0xcf, 0xe6, 0x7e, 0xfe, 0x0, 0x0, 0x0,
    0x0, 0x9f, 0xf1, 0x0, 0x6, 0x74, 0x0, 0x8f,
    0xf0, 0x0, 0x0, 0x0, 0x4f, 0xf6, 0x0, 0x0,
    0x0, 0x0, 0x9, 0xfd, 0x0, 0x0, 0x0, 0xe,
    0xfb, 0x0, 0x0, 0x0, 0x0, 0x4, 0xff, 0x50,
    0x0, 0x0, 0x9, 0xff, 0x20, 0x0, 0x0, 0x0,
    0x3, 0xff, 0xa0, 0x0, 0x0, 0x4, 0xff, 0x60,
    0x0, 0x0, 0x0, 0x3, 0xff, 0xc0, 0x0, 0x0,
    0x0, 0xdf, 0xc0, 0x0, 0x0, 0x0, 0x3, 0xef,
    0xd1, 0x0, 0x0, 0x0, 0x9f, 0xf2, 0x0, 0x0,
    0x0, 0x2, 0xef, 0xf6, 0x44, 0x40, 0x0, 0x3f,
    0xf7, 0x0, 0x0, 0x0, 0x0, 0xbf, 0xff, 0xff,
    0xff, 0x30, 0xd, 0xfc, 0x0, 0x0, 0x0, 0x0,
    0xb, 0xff, 0xff, 0xff, 0xf3,

    /* U+00BE "¾" */
    0x0, 0x0, 0x20, 0x0, 0x0, 0x0, 0x0, 0x0,
    0x0, 0x22, 0x10, 0x0, 0x3, 0xcf, 0xff, 0xb2,
    0x0, 0x0, 0x0, 0x0, 0x8, 0xff, 0x20, 0x0,
    0x3f, 0xff, 0xff, 0xfe, 0x0, 0x0, 0x0, 0x0,
    0x3f, 0xf7, 0x0, 0x0, 0x6c, 0xb3, 0x6, 0xff,
    0x50, 0x0, 0x0, 0x0, 0xdf, 0xc0, 0x0, 0x0,
    0x0, 0x0, 0x7, 0xff, 0x20, 0x0, 0x0, 0x8,
    0xff, 0x20, 0x0, 0x0, 0x0, 0xe, 0xff, 0xd6,
    0x0, 0x0, 0x0, 0x3f, 0xf6, 0x0, 0x0, 0x0,
    0x0, 0xe, 0xff, 0xe8, 0x0, 0x0, 0x0, 0xdf,
    0xc0, 0x0, 0x0, 0x0, 0x0, 0x0, 0x7, 0xff,
    0x80, 0x0, 0x9, 0xff, 0x20, 0x0, 0x0, 0x0,
    0x0, 0x0, 0x0, 0xff, 0xc0, 0x0, 0x4f, 0xf6,
    0x0, 0x0, 0x0, 0x0, 0x9c, 0xb3, 0x6, 0xff,
    0xb0, 0x0, 0xef, 0xb0, 0x0, 0x0, 0x0, 0x0,
    0x7f, 0xff, 0xff, 0xff, 0x40, 0xa, 0xff, 0x10,
    0x0, 0x7f, 0xff, 0x10, 0x6, 0xef, 0xff, 0xd4,
    0x0, 0x4f, 0xf5, 0x0, 0x1, 0xef, 0xff, 0x10,
    0x0, 0x2, 0x31, 0x0, 0x1, 0xef, 0xb0, 0x0,
    0x9, 0xff, 0xff, 0x10, 0x0, 0x0, 0x0, 0x0,
    0xa, 0xfe, 0x10, 0x0, 0x2f, 0xf9, 0xff, 0x10,
    0x0, 0x0, 0x0, 0x0, 0x5f, 0xf5, 0x0, 0x0,
    0xaf, 0xc5, 0xff, 0x10, 0x0, 0x0, 0x0, 0x1,
    0xef, 0xa0, 0x0, 0x3, 0xff, 0x35, 0xff, 0x10,
    0x0, 0x0, 0x0, 0xb, 0xfe, 0x10, 0x0, 0xc,
    0xfb, 0x5, 0xff, 0x10, 0x0, 0x0, 0x0, 0x5f,
    0xf4, 0x0, 0x0, 0x5f, 0xf5, 0x26, 0xff, 0x31,
    0x0, 0x0, 0x1, 0xef, 0xa0, 0x0, 0x0, 0x9f,
    0xff, 0xff, 0xff, 0xf6, 0x0, 0x0, 0xb, 0xfe,
    0x0, 0x0, 0x0, 0x9f, 0xff, 0xff, 0xff, 0xf6,
    0x0, 0x0, 0x6f, 0xf4, 0x0, 0x0, 0x0, 0x0,
    0x0, 0x6, 0xff, 0x10, 0x0, 0x0, 0x78, 0x60,
    0x0, 0x0, 0x0, 0x0, 0x0, 0x3, 0x88, 0x0,

    /* U+00BF "¿" */
    0x0, 0x0, 0x3, 0xdf, 0x90, 0x0, 0x0, 0x0,
    0x0, 0xd, 0xff, 0xf5, 0x0, 0x0, 0x0, 0x0,
    0xe, 0xff, 0xf7, 0x0, 0x0, 0x0, 0x0, 0x8,
    0xff, 0xf2, 0x0, 0x0, 0x0, 0x0, 0x0, 0x46,
    0x10, 0x0, 0x0, 0x0, 0x0, 0x0, 0x0, 0x0,
    0x0, 0x0, 0x0, 0x0, 0x1, 0x44, 0x30, 0x0,
    0x0, 0x0, 0x0, 0x6, 0xff, 0xe0, 0x0, 0x0,
    0x0, 0x0, 0x8, 0xff, 0xd0, 0x0, 0x0, 0x0,
    0x0, 0xe, 0xff, 0xa0, 0x0, 0x0, 0x0, 0x1,
    0xcf, 0xff, 0x50, 0x0, 0x0, 0x0, 0x4e, 0xff,
    0xfb, 0x0, 0x0, 0x0, 0x5, 0xff, 0xff, 0xa0,
    0x0, 0x0, 0x0, 0xf, 0xff, 0xf6, 0x0, 0x0,
    0x0, 0x0, 0x6f, 0xff, 0x80, 0x0, 0x0, 0x0,
    0x0, 0x9f, 0xff, 0x10, 0x0, 0x0, 0x0, 0x0,
    0x9f, 0xff, 0x0, 0x0, 0x7, 0xff, 0xf0, 0x7f,
    0xff, 0x50, 0x0, 0xc, 0xff, 0xe0, 0x3f, 0xff,
    0xe5, 0x12, 0xaf, 0xff, 0x90, 0xa, 0xff, 0xff,
    0xff, 0xff, 0xfe, 0x10, 0x0, 0xbf, 0xff, 0xff,
    0xff, 0xe3, 0x0, 0x0, 0x4, 0xae, 0xfe, 0xc7,
    0x0, 0x0,

    /* U+00C0 "À" */
    0x0, 0x0, 0x0, 0x35, 0x53, 0x0, 0x0, 0x0,
    0x0, 0x0, 0x0, 0x0, 0x0, 0x5f, 0xfe, 0x0,
    0x0, 0x0, 0x0, 0x0, 0x0, 0x0, 0x0, 0xb,
    0xff, 0x60, 0x0, 0x0, 0x0, 0x0, 0x0, 0x0,
    0x0, 0x1, 0xff, 0xd0, 0x0, 0x0, 0x0, 0x0,
    0x0, 0x0, 0x0, 0x0, 0x6f, 0xf4, 0x0, 0x0,
    0x0, 0x0, 0x0, 0x0, 0x0, 0x0, 0x0, 0x0,
    0x0, 0x0, 0x0, 0x0, 0x0, 0x0, 0x0, 0x0,
    0x0, 0x0, 0x0, 0x0, 0x0, 0x0, 0x0, 0x0,
    0x0, 0x6, 0xff, 0xff, 0x90, 0x0, 0x0, 0x0,
    0x0, 0x0, 0x0, 0xb, 0xff, 0xff, 0xe0, 0x0,
    0x0, 0x0, 0x0, 0x0, 0x0, 0x1f, 0xff, 0xff,
    0xf4, 0x0, 0x0, 0x0, 0x0, 0x0, 0x0, 0x6f,
    0xff, 0xcf, 0xfa, 0x0, 0x0, 0x0, 0x0, 0x0,
    0x0, 0xbf, 0xfb, 0x8f, 0xff, 0x0, 0x0, 0x0,
    0x0, 0x0, 0x1, 0xff, 0xf7, 0x4f, 0xff, 0x50,
    0x0, 0x0, 0x0, 0x0, 0x6, 0xff, 0xf3, 0xf,
    0xff, 0xa0, 0x0, 0x0, 0x0, 0x0, 0xb, 0xff,
    0xe0, 0xb, 0xff, 0xf0, 0x0, 0x0, 0x0, 0x0,
    0x1f, 0xff, 0xa0, 0x7, 0xff, 0xf5, 0x0, 0x0,
    0x0, 0x0, 0x6f, 0xff, 0x60, 0x2, 0xff, 0xfb,
    0x0, 0x0, 0x0, 0x0, 0xcf, 0xff, 0x10, 0x0,
    0xdf, 0xff, 0x10, 0x0, 0x0, 0x1, 0xff, 0xfc,
    0x0, 0x0, 0x8f, 0xff, 0x60, 0x0, 0x0, 0x7,
    0xff, 0xf7, 0x0, 0x0, 0x3f, 0xff, 0xc0, 0x0,
    0x0, 0xc, 0xff, 0xff, 0xff, 0xff, 0xff, 0xff,
    0xf1, 0x0, 0x0, 0x1f, 0xff, 0xff, 0xff, 0xff,
    0xff, 0xff, 0xf7, 0x0, 0x0, 0x7f, 0xff, 0xff,
    0xff, 0xff, 0xff, 0xff, 0xfc, 0x0, 0x0, 0xcf,
    0xff, 0x20, 0x0, 0x0, 0x0, 0xdf, 0xff, 0x20,
    0x2, 0xff, 0xfd, 0x0, 0x0, 0x0, 0x0, 0x8f,
    0xff, 0x70, 0x7, 0xff, 0xf8, 0x0, 0x0, 0x0,
    0x0, 0x2f, 0xff, 0xd0, 0xc, 0xff, 0xf2, 0x0,
    0x0, 0x0, 0x0, 0xd, 0xff, 0xf2, 0x2f, 0xff,
    0xd0, 0x0, 0x0, 0x0, 0x0, 0x7, 0xff, 0xf8,

    /* U+00C1 "Á" */
    0x0, 0x0, 0x0, 0x0, 0x0, 0x15, 0x55, 0x0,
    0x0, 0x0, 0x0, 0x0, 0x0, 0x0, 0x0, 0xaf,
    0xfa, 0x0, 0x0, 0x0, 0x0, 0x0, 0x0, 0x0,
    0x1, 0xff, 0xe1, 0x0, 0x0, 0x0, 0x0, 0x0,
    0x0, 0x0, 0x8, 0xff, 0x50, 0x0, 0x0, 0x0,
    0x0, 0x0, 0x0, 0x0, 0xe, 0xfb, 0x0, 0x0,
    0x0, 0x0, 0x0, 0x0, 0x0, 0x0, 0x0, 0x0,
    0x0, 0x0, 0x0, 0x0, 0x0, 0x0, 0x0, 0x0,
    0x0, 0x0, 0x0, 0x0, 0x0, 0x0, 0x0, 0x0,
    0x0, 0x6, 0xff, 0xff, 0x90, 0x0, 0x0, 0x0,
    0x0, 0x0, 0x0, 0xb, 0xff, 0xff, 0xe0, 0x0,
    0x0, 0x0, 0x0, 0x0, 0x0, 0x1f, 0xff, 0xff,
    0xf4, 0x0, 0x0, 0x0, 0x0, 0x0, 0x0, 0x6f,
    0xff, 0xcf, 0xfa, 0x0, 0x0, 0x0, 0x0, 0x0,
    0x0, 0xbf, 0xfb, 0x8f, 0xff, 0x0, 0x0, 0x0,
    0x0, 0x0, 0x1, 0xff, 0xf7, 0x4f, 0xff, 0x50,
    0x0, 0x0, 0x0, 0x0, 0x6, 0xff, 0xf3, 0xf,
    0xff, 0xa0, 0x0, 0x0, 0x0, 0x0, 0xb, 0xff,
    0xe0, 0xb, 0xff, 0xf0, 0x0, 0x0, 0x0, 0x0,
    0x1f, 0xff, 0xa0, 0x7, 0xff, 0xf5, 0x0, 0x0,
    0x0, 0x0, 0x6f, 0xff, 0x60, 0x2, 0xff, 0xfb,
    0x0, 0x0, 0x0, 0x0, 0xcf, 0xff, 0x10, 0x0,
    0xdf, 0xff, 0x10, 0x0, 0x0, 0x1, 0xff, 0xfc,
    0x0, 0x0, 0x8f, 0xff, 0x60, 0x0, 0x0, 0x7,
    0xff, 0xf7, 0x0, 0x0, 0x3f, 0xff, 0xc0, 0x0,
    0x0, 0xc, 0xff, 0xff, 0xff, 0xff, 0xff, 0xff,
    0xf1, 0x0, 0x0, 0x1f, 0xff, 0xff, 0xff, 0xff,
    0xff, 0xff, 0xf7, 0x0, 0x0, 0x7f, 0xff, 0xff,
    0xff, 0xff, 0xff, 0xff, 0xfc, 0x0, 0x0, 0xcf,
    0xff, 0x20, 0x0, 0x0, 0x0, 0xdf, 0xff, 0x20,
    0x2, 0xff, 0xfd, 0x0, 0x0, 0x0, 0x0, 0x8f,
    0xff, 0x70, 0x7, 0xff, 0xf8, 0x0, 0x0, 0x0,
    0x0, 0x2f, 0xff, 0xd0, 0xc, 0xff, 0xf2, 0x0,
    0x0, 0x0, 0x0, 0xd, 0xff, 0xf2, 0x2f, 0xff,
    0xd0, 0x0, 0x0, 0x0, 0x0, 0x7, 0xff, 0xf8,

    /* U+00C2 "Â" */
    0x0, 0x0, 0x0, 0x0, 0x38, 0x86, 0x0, 0x0,
    0x0, 0x0, 0x0, 0x0, 0x0, 0x2, 0xff, 0xff,
    0x60, 0x0, 0x0, 0x0, 0x0, 0x0, 0x0, 0x1e,
    0xfe, 0xcf, 0xf4, 0x0, 0x0, 0x0, 0x0, 0x0,
    0x0, 0xcf, 0xf5, 0x1e, 0xfe, 0x20, 0x0, 0x0,
    0x0, 0x0, 0xa, 0xff, 0x90, 0x4, 0xff, 0xd0,
    0x0, 0x0, 0x0, 0x0, 0x0, 0x0, 0x0, 0x0,
    0x0, 0x0, 0x0, 0x0, 0x0, 0x0, 0x0, 0x0,
    0x0, 0x0, 0x0, 0x0, 0x0, 0x0, 0x0, 0x0,
    0x0, 0x6, 0xff, 0xff, 0x90, 0x0, 0x0, 0x0,
    0x0, 0x0, 0x0, 0xb, 0xff, 0xff, 0xe0, 0x0,
    0x0, 0x0, 0x0, 0x0, 0x0, 0x1f, 0xff, 0xff,
    0xf4, 0x0, 0x0, 0x0, 0x0, 0x0, 0x0, 0x6f,
    0xff, 0xcf, 0xfa, 0x0, 0x0, 0x0, 0x0, 0x0,
    0x0, 0xbf, 0xfb, 0x8f, 0xff, 0x0, 0x0, 0x0,
    0x0, 0x0, 0x1, 0xff, 0xf7, 0x4f, 0xff, 0x50,
    0x0, 0x0, 0x0, 0x0, 0x6, 0xff, 0xf3, 0xf,
    0xff, 0xa0, 0x0, 0x0, 0x0, 0x0, 0xb, 0xff,
    0xe0, 0xb, 0xff, 0xf0, 0x0, 0x0, 0x0, 0x0,
    0x1f, 0xff, 0xa0, 0x7, 0xff, 0xf5, 0x0, 0x0,
    0x0, 0x0, 0x6f, 0xff, 0x60, 0x2, 0xff, 0xfb,
    0x0, 0x0, 0x0, 0x0, 0xcf, 0xff, 0x10, 0x0,
    0xdf, 0xff, 0x10, 0x0, 0x0, 0x1, 0xff, 0xfc,
    0x0, 0x0, 0x8f, 0xff, 0x60, 0x0, 0x0, 0x7,
    0xff, 0xf7, 0x0, 0x0, 0x3f, 0xff, 0xc0, 0x0,
    0x0, 0xc, 0xff, 0xff, 0xff, 0xff, 0xff, 0xff,
    0xf1, 0x0, 0x0, 0x1f, 0xff, 0xff, 0xff, 0xff,
    0xff, 0xff, 0xf7, 0x0, 0x0, 0x7f, 0xff, 0xff,
    0xff, 0xff, 0xff, 0xff, 0xfc, 0x0, 0x0, 0xcf,
    0xff, 0x20, 0x0, 0x0, 0x0, 0xdf, 0xff, 0x20,
    0x2, 0xff, 0xfd, 0x0, 0x0, 0x0, 0x0, 0x8f,
    0xff, 0x70, 0x7, 0xff, 0xf8, 0x0, 0x0, 0x0,
    0x0, 0x2f, 0xff, 0xd0, 0xc, 0xff, 0xf2, 0x0,
    0x0, 0x0, 0x0, 0xd, 0xff, 0xf2, 0x2f, 0xff,
    0xd0, 0x0, 0x0, 0x0, 0x0, 0x7, 0xff, 0xf8,

    /* U+00C3 "Ã" */
    0x0, 0x0, 0x0, 0x3d, 0xfc, 0x61, 0x9f, 0x90,
    0x0, 0x0, 0x0, 0x0, 0x0, 0xef, 0xff, 0xff,
    0xff, 0x50, 0x0, 0x0, 0x0, 0x0, 0x3, 0xff,
    0x47, 0xef, 0xfa, 0x0, 0x0, 0x0, 0x0, 0x0,
    0x1, 0x32, 0x0, 0x2, 0x10, 0x0, 0x0, 0x0,
    0x0, 0x0, 0x0, 0x0, 0x0, 0x0, 0x0, 0x0,
    0x0, 0x0, 0x0, 0x0, 0x0, 0x0, 0x0, 0x0,
    0x0, 0x0, 0x0, 0x0, 0x0, 0x0, 0x0, 0x6,
    0xff, 0xff, 0x90, 0x0, 0x0, 0x0, 0x0, 0x0,
    0x0, 0xb, 0xff, 0xff, 0xe0, 0x0, 0x0, 0x0,
    0x0, 0x0, 0x0, 0x1f, 0xff, 0xff, 0xf4, 0x0,
    0x0, 0x0, 0x0, 0x0, 0x0, 0x6f, 0xff, 0xcf,
    0xfa, 0x0, 0x0, 0x0, 0x0, 0x0, 0x0, 0xbf,
    0xfb, 0x8f, 0xff, 0x0, 0x0, 0x0, 0x0, 0x0,
    0x1, 0xff, 0xf7, 0x4f, 0xff, 0x50, 0x0, 0x0,
    0x0, 0x0, 0x6, 0xff, 0xf3, 0xf, 0xff, 0xa0,
    0x0, 0x0, 0x0, 0x0, 0xb, 0xff, 0xe0, 0xb,
    0xff, 0xf0, 0x0, 0x0, 0x0, 0x0, 0x1f, 0xff,
    0xa0, 0x7, 0xff, 0xf5, 0x0, 0x0, 0x0, 0x0,
    0x6f, 0xff, 0x60, 0x2, 0xff, 0xfb, 0x0, 0x0,
    0x0, 0x0, 0xcf, 0xff, 0x10, 0x0, 0xdf, 0xff,
    0x10, 0x0, 0x0, 0x1, 0xff, 0xfc, 0x0, 0x0,
    0x8f, 0xff, 0x60, 0x0, 0x0, 0x7, 0xff, 0xf7,
    0x0, 0x0, 0x3f, 0xff, 0xc0, 0x0, 0x0, 0xc,
    0xff, 0xff, 0xff, 0xff, 0xff, 0xff, 0xf1, 0x0,
    0x0, 0x1f, 0xff, 0xff, 0xff, 0xff, 0xff, 0xff,
    0xf7, 0x0, 0x0, 0x7f, 0xff, 0xff, 0xff, 0xff,
    0xff, 0xff, 0xfc, 0x0, 0x0, 0xcf, 0xff, 0x20,
    0x0, 0x0, 0x0, 0xdf, 0xff, 0x20, 0x2, 0xff,
    0xfd, 0x0, 0x0, 0x0, 0x0, 0x8f, 0xff, 0x70,
    0x7, 0xff, 0xf8, 0x0, 0x0, 0x0, 0x0, 0x2f,
    0xff, 0xd0, 0xc, 0xff, 0xf2, 0x0, 0x0, 0x0,
    0x0, 0xd, 0xff, 0xf2, 0x2f, 0xff, 0xd0, 0x0,
    0x0, 0x0, 0x0, 0x7, 0xff, 0xf8,

    /* U+00C4 "Ä" */
    0x0, 0x0, 0x2, 0xde, 0x60, 0x2, 0xde, 0x50,
    0x0, 0x0, 0x0, 0x0, 0x9, 0xff, 0xf0, 0xa,
    0xff, 0xf0, 0x0, 0x0, 0x0, 0x0, 0x9, 0xff,
    0xf0, 0xa, 0xff, 0xe0, 0x0, 0x0, 0x0, 0x0,
    0x1, 0xac, 0x40, 0x1, 0xbc, 0x40, 0x0, 0x0,
    0x0, 0x0, 0x0, 0x0, 0x0, 0x0, 0x0, 0x0,
    0x0, 0x0, 0x0, 0x0, 0x0, 0x0, 0x0, 0x0,
    0x0, 0x0, 0x0, 0x0, 0x0, 0x0, 0x0, 0x6,
    0xff, 0xff, 0x90, 0x0, 0x0, 0x0, 0x0, 0x0,
    0x0, 0xb, 0xff, 0xff, 0xe0, 0x0, 0x0, 0x0,
    0x0, 0x0, 0x0, 0x1f, 0xff, 0xff, 0xf4, 0x0,
    0x0, 0x0, 0x0, 0x0, 0x0, 0x6f, 0xff, 0xcf,
    0xfa, 0x0, 0x0, 0x0, 0x0, 0x0, 0x0, 0xbf,
    0xfb, 0x8f, 0xff, 0x0, 0x0, 0x0, 0x0, 0x0,
    0x1, 0xff, 0xf7, 0x4f, 0xff, 0x50, 0x0, 0x0,
    0x0, 0x0, 0x6, 0xff, 0xf3, 0xf, 0xff, 0xa0,
    0x0, 0x0, 0x0, 0x0, 0xb, 0xff, 0xe0, 0xb,
    0xff, 0xf0, 0x0, 0x0, 0x0, 0x0, 0x1f, 0xff,
    0xa0, 0x7, 0xff, 0xf5, 0x0, 0x0, 0x0, 0x0,
    0x6f, 0xff, 0x60, 0x2, 0xff, 0xfb, 0x0, 0x0,
    0x0, 0x0, 0xcf, 0xff, 0x10, 0x0, 0xdf, 0xff,
    0x10, 0x0, 0x0, 0x1, 0xff, 0xfc, 0x0, 0x0,
    0x8f, 0xff, 0x60, 0x0, 0x0, 0x7, 0xff, 0xf7,
    0x0, 0x0, 0x3f, 0xff, 0xc0, 0x0, 0x0, 0xc,
    0xff, 0xff, 0xff, 0xff, 0xff, 0xff, 0xf1, 0x0,
    0x0, 0x1f, 0xff, 0xff, 0xff, 0xff, 0xff, 0xff,
    0xf7, 0x0, 0x0, 0x7f, 0xff, 0xff, 0xff, 0xff,
    0xff, 0xff, 0xfc, 0x0, 0x0, 0xcf, 0xff, 0x20,
    0x0, 0x0, 0x0, 0xdf, 0xff, 0x20, 0x2, 0xff,
    0xfd, 0x0, 0x0, 0x0, 0x0, 0x8f, 0xff, 0x70,
    0x7, 0xff, 0xf8, 0x0, 0x0, 0x0, 0x0, 0x2f,
    0xff, 0xd0, 0xc, 0xff, 0xf2, 0x0, 0x0, 0x0,
    0x0, 0xd, 0xff, 0xf2, 0x2f, 0xff, 0xd0, 0x0,
    0x0, 0x0, 0x0, 0x7, 0xff, 0xf8,

    /* U+00C5 "Å" */
    0x0, 0x0, 0x0, 0x0, 0x6b, 0xc9, 0x10, 0x0,
    0x0, 0x0, 0x0, 0x0, 0x0, 0xb, 0xff, 0xff,
    0xe2, 0x0, 0x0, 0x0, 0x0, 0x0, 0x0, 0x5f,
    0xe2, 0x1a, 0xfa, 0x0, 0x0, 0x0, 0x0, 0x0,
    0x0, 0x8f, 0x80, 0x3, 0xfd, 0x0, 0x0, 0x0,
    0x0, 0x0, 0x0, 0x6f, 0xd0, 0x8, 0xfb, 0x0,
    0x0, 0x0, 0x0, 0x0, 0x0, 0xd, 0xff, 0xef,
    0xf4, 0x0, 0x0, 0x0, 0x0, 0x0, 0x0, 0x1,
    0x9e, 0xfb, 0x30, 0x0, 0x0, 0x0, 0x0, 0x0,
    0x0, 0x0, 0x0, 0x0, 0x0, 0x0, 0x0, 0x0,
    0x0, 0x0, 0x0, 0x6, 0xff, 0xff, 0x90, 0x0,
    0x0, 0x0, 0x0, 0x0, 0x0, 0xb, 0xff, 0xff,
    0xe0, 0x0, 0x0, 0x0, 0x0, 0x0, 0x0, 0x1f,
    0xff, 0xff, 0xf4, 0x0, 0x0, 0x0, 0x0, 0x0,
    0x0, 0x6f, 0xff, 0xcf, 0xfa, 0x0, 0x0, 0x0,
    0x0, 0x0, 0x0, 0xbf, 0xfb, 0x8f, 0xff, 0x0,
    0x0, 0x0, 0x0, 0x0, 0x1, 0xff, 0xf7, 0x4f,
    0xff, 0x50, 0x0, 0x0, 0x0, 0x0, 0x6, 0xff,
    0xf3, 0xf, 0xff, 0xa0, 0x0, 0x0, 0x0, 0x0,
    0xb, 0xff, 0xe0, 0xb, 0xff, 0xf0, 0x0, 0x0,
    0x0, 0x0, 0x1f, 0xff, 0xa0, 0x7, 0xff, 0xf5,
    0x0, 0x0, 0x0, 0x0, 0x6f, 0xff, 0x60, 0x2,
    0xff, 0xfb, 0x0, 0x0, 0x0, 0x0, 0xcf, 0xff,
    0x10, 0x0, 0xdf, 0xff, 0x10, 0x0, 0x0, 0x1,
    0xff, 0xfc, 0x0, 0x0, 0x8f, 0xff, 0x60, 0x0,
    0x0, 0x7, 0xff, 0xf7, 0x0, 0x0, 0x3f, 0xff,
    0xc0, 0x0, 0x0, 0xc, 0xff, 0xff, 0xff, 0xff,
    0xff, 0xff, 0xf1, 0x0, 0x0, 0x1f, 0xff, 0xff,
    0xff, 0xff, 0xff, 0xff, 0xf7, 0x0, 0x0, 0x7f,
    0xff, 0xff, 0xff, 0xff, 0xff, 0xff, 0xfc, 0x0,
    0x0, 0xcf, 0xff, 0x20, 0x0, 0x0, 0x0, 0xdf,
    0xff, 0x20, 0x2, 0xff, 0xfd, 0x0, 0x0, 0x0,
    0x0, 0x8f, 0xff, 0x70, 0x7, 0xff, 0xf8, 0x0,
    0x0, 0x0, 0x0, 0x2f, 0xff, 0xd0, 0xc, 0xff,
    0xf2, 0x0, 0x0, 0x0, 0x0, 0xd, 0xff, 0xf2,
    0x2f, 0xff, 0xd0, 0x0, 0x0, 0x0, 0x0, 0x7,
    0xff, 0xf8,

    /* U+00C6 "Æ" */
    0x0, 0x0, 0x0, 0x0, 0x6, 0xff, 0xff, 0xff,
    0xff, 0xff, 0xff, 0xff, 0xff, 0xa0, 0x0, 0x0,
    0x0, 0x0, 0xdf, 0xff, 0xff, 0xff, 0xff, 0xff,
    0xff, 0xff, 0xfa, 0x0, 0x0, 0x0, 0x0, 0x4f,
    0xff, 0xaa, 0xff, 0xff, 0xff, 0xff, 0xff, 0xff,
    0xa0, 0x0, 0x0, 0x0, 0xb, 0xff, 0xf1, 0x6f,
    0xff, 0x42, 0x22, 0x22, 0x22, 0x21, 0x0, 0x0,
    0x0, 0x2, 0xff, 0xfa, 0x6, 0xff, 0xf2, 0x0,
    0x0, 0x0, 0x0, 0x0, 0x0, 0x0, 0x0, 0x9f,
    0xff, 0x30, 0x6f, 0xff, 0x20, 0x0, 0x0, 0x0,
    0x0, 0x0, 0x0, 0x0, 0xf, 0xff, 0xc0, 0x6,
    0xff, 0xf2, 0x0, 0x0, 0x0, 0x0, 0x0, 0x0,
    0x0, 0x7, 0xff, 0xf6, 0x0, 0x6f, 0xff, 0x20,
    0x0, 0x0, 0x0, 0x0, 0x0, 0x0, 0x0, 0xdf,
    0xfe, 0x0, 0x6, 0xff, 0xf3, 0x22, 0x22, 0x22,
    0x22, 0x0, 0x0, 0x0, 0x5f, 0xff, 0x80, 0x0,
    0x6f, 0xff, 0xff, 0xff, 0xff, 0xff, 0xf0, 0x0,
    0x0, 0xc, 0xff, 0xf2, 0x0, 0x6, 0xff, 0xff,
    0xff, 0xff, 0xff, 0xff, 0x0, 0x0, 0x2, 0xff,
    0xfb, 0x0, 0x0, 0x6f, 0xff, 0xff, 0xff, 0xff,
    0xff, 0xf0, 0x0, 0x0, 0x9f, 0xff, 0x40, 0x0,
    0x6, 0xff, 0xf2, 0x0, 0x0, 0x0, 0x0, 0x0,
    0x0, 0x1f, 0xff, 0xff, 0xff, 0xff, 0xff, 0xff,
    0x20, 0x0, 0x0, 0x0, 0x0, 0x0, 0x7, 0xff,
    0xff, 0xff, 0xff, 0xff, 0xff, 0xf2, 0x0, 0x0,
    0x0, 0x0, 0x0, 0x0, 0xef, 0xff, 0xcc, 0xcc,
    0xcc, 0xdf, 0xff, 0x20, 0x0, 0x0, 0x0, 0x0,
    0x0, 0x5f, 0xff, 0x90, 0x0, 0x0, 0x6, 0xff,
    0xf2, 0x0, 0x0, 0x0, 0x0, 0x0, 0xc, 0xff,
    0xf3, 0x0, 0x0, 0x0, 0x6f, 0xff, 0x42, 0x22,
    0x22, 0x22, 0x22, 0x3, 0xff, 0xfc, 0x0, 0x0,
    0x0, 0x6, 0xff, 0xff, 0xff, 0xff, 0xff, 0xff,
    0xc0, 0xaf, 0xff, 0x50, 0x0, 0x0, 0x0, 0x6f,
    0xff, 0xff, 0xff, 0xff, 0xff, 0xfc, 0x1f, 0xff,
    0xe0, 0x0, 0x0, 0x0, 0x6, 0xff, 0xff, 0xff,
    0xff, 0xff, 0xff, 0xc0,

    /* U+00C7 "Ç" */
    0x0, 0x0, 0x1, 0x7b, 0xef, 0xed, 0x93, 0x0,
    0x0, 0x0, 0x0, 0x6, 0xff, 0xff, 0xff, 0xff,
    0xfb, 0x20, 0x0, 0x0, 0xa, 0xff, 0xff, 0xff,
    0xff, 0xff, 0xfe, 0x20, 0x0, 0x8, 0xff, 0xff,
    0xd8, 0x67, 0xaf, 0xff, 0xfd, 0x0, 0x2, 0xff,
    0xff, 0x70, 0x0, 0x0, 0x2d, 0xff, 0xf7, 0x0,
    0xaf, 0xff, 0x80, 0x0, 0x0, 0x0, 0x1f, 0xff,
    0xe0, 0xf, 0xff, 0xd0, 0x0, 0x0, 0x0, 0x0,
    0x9f, 0xff, 0x24, 0xff, 0xf7, 0x0, 0x0, 0x0,
    0x0, 0x0, 0x22, 0x20, 0x7f, 0xff, 0x40, 0x0,
    0x0, 0x0, 0x0, 0x0, 0x0, 0x8, 0xff, 0xf2,
    0x0, 0x0, 0x0, 0x0, 0x0, 0x0, 0x0, 0x9f,
    0xff, 0x10, 0x0, 0x0, 0x0, 0x0, 0x0, 0x0,
    0x8, 0xff, 0xf2, 0x0, 0x0, 0x0, 0x0, 0x0,
    0x0, 0x0, 0x7f, 0xff, 0x40, 0x0, 0x0, 0x0,
    0x0, 0x0, 0x0, 0x4, 0xff, 0xf7, 0x0, 0x0,
    0x0, 0x0, 0x0, 0x22, 0x20, 0xf, 0xff, 0xd0,
    0x0, 0x0, 0x0, 0x0, 0x9f, 0xff, 0x20, 0xaf,
    0xff, 0x70, 0x0, 0x0, 0x0, 0x1f, 0xff, 0xe0,
    0x2, 0xff, 0xff, 0x70, 0x0, 0x0, 0x2d, 0xff,
    0xf7, 0x0, 0x8, 0xff, 0xff, 0xd8, 0x67, 0xaf,
    0xff, 0xfd, 0x0, 0x0, 0xa, 0xff, 0xff, 0xff,
    0xff, 0xff, 0xfe, 0x10, 0x0, 0x0, 0x7, 0xff,
    0xff, 0xff, 0xff, 0xfa, 0x10, 0x0, 0x0, 0x0,
    0x1, 0x7b, 0xff, 0xfd, 0x93, 0x0, 0x0, 0x0,
    0x0, 0x0, 0x0, 0x3, 0xf6, 0x0, 0x0, 0x0,
    0x0, 0x0, 0x0, 0x0, 0x0, 0x5f, 0xeb, 0x30,
    0x0, 0x0, 0x0, 0x0, 0x0, 0x0, 0x3, 0x7a,
    0xfd, 0x0, 0x0, 0x0, 0x0, 0x0, 0x0, 0x0,
    0x0, 0x1f, 0xf0, 0x0, 0x0, 0x0, 0x0, 0x0,
    0x0, 0x9, 0x9c, 0xfd, 0x0, 0x0, 0x0, 0x0,
    0x0, 0x0, 0x0, 0xff, 0xeb, 0x30, 0x0, 0x0,
    0x0,

    /* U+00C8 "È" */
    0x0, 0x15, 0x55, 0x10, 0x0, 0x0, 0x0, 0x0,
    0xc, 0xff, 0x80, 0x0, 0x0, 0x0, 0x0, 0x2,
    0xff, 0xe0, 0x0, 0x0, 0x0, 0x0, 0x0, 0x8f,
    0xf6, 0x0, 0x0, 0x0, 0x0, 0x0, 0xd, 0xfc,
    0x0, 0x0, 0x0, 0x0, 0x0, 0x0, 0x0, 0x0,
    0x0, 0x0, 0x0, 0x0, 0x0, 0x0, 0x0, 0x0,
    0x0, 0xff, 0xff, 0xff, 0xff, 0xff, 0xff, 0xf4,
    0xff, 0xff, 0xff, 0xff, 0xff, 0xff, 0xf4, 0xff,
    0xff, 0xff, 0xff, 0xff, 0xff, 0xf4, 0xff, 0xfc,
    0x22, 0x22, 0x22, 0x22, 0x20, 0xff, 0xfb, 0x0,
    0x0, 0x0, 0x0, 0x0, 0xff, 0xfb, 0x0, 0x0,
    0x0, 0x0, 0x0, 0xff, 0xfb, 0x0, 0x0, 0x0,
    0x0, 0x0, 0xff, 0xfb, 0x0, 0x0, 0x0, 0x0,
    0x0, 0xff, 0xfb, 0x22, 0x22, 0x22, 0x22, 0x10,
    0xff, 0xff, 0xff, 0xff, 0xff, 0xff, 0x90, 0xff,
    0xff, 0xff, 0xff, 0xff, 0xff, 0x90, 0xff, 0xff,
    0xff, 0xff, 0xff, 0xff, 0x90, 0xff, 0xfb, 0x0,
    0x0, 0x0, 0x0, 0x0, 0xff, 0xfb, 0x0, 0x0,
    0x0, 0x0, 0x0, 0xff, 0xfb, 0x0, 0x0, 0x0,
    0x0, 0x0, 0xff, 0xfb, 0x0, 0x0, 0x0, 0x0,
    0x0, 0xff, 0xfb, 0x0, 0x0, 0x0, 0x0, 0x0,
    0xff, 0xfc, 0x22, 0x22, 0x22, 0x22, 0x20, 0xff,
    0xff, 0xff, 0xff, 0xff, 0xff, 0xf5, 0xff, 0xff,
    0xff, 0xff, 0xff, 0xff, 0xf5, 0xff, 0xff, 0xff,
    0xff, 0xff, 0xff, 0xf5,

    /* U+00C9 "É" */
    0x0, 0x0, 0x0, 0x4, 0x55, 0x30, 0x0, 0x0,
    0x0, 0x0, 0x2f, 0xff, 0x30, 0x0, 0x0, 0x0,
    0x0, 0x8f, 0xf8, 0x0, 0x0, 0x0, 0x0, 0x0,
    0xff, 0xd0, 0x0, 0x0, 0x0, 0x0, 0x6, 0xff,
    0x40, 0x0, 0x0, 0x0, 0x0, 0x0, 0x0, 0x0,
    0x0, 0x0, 0x0, 0x0, 0x0, 0x0, 0x0, 0x0,
    0x0, 0xff, 0xff, 0xff, 0xff, 0xff, 0xff, 0xf4,
    0xff, 0xff, 0xff, 0xff, 0xff, 0xff, 0xf4, 0xff,
    0xff, 0xff, 0xff, 0xff, 0xff, 0xf4, 0xff, 0xfc,
    0x22, 0x22, 0x22, 0x22, 0x20, 0xff, 0xfb, 0x0,
    0x0, 0x0, 0x0, 0x0, 0xff, 0xfb, 0x0, 0x0,
    0x0, 0x0, 0x0, 0xff, 0xfb, 0x0, 0x0, 0x0,
    0x0, 0x0, 0xff, 0xfb, 0x0, 0x0, 0x0, 0x0,
    0x0, 0xff, 0xfb, 0x22, 0x22, 0x22, 0x22, 0x10,
    0xff, 0xff, 0xff, 0xff, 0xff, 0xff, 0x90, 0xff,
    0xff, 0xff, 0xff, 0xff, 0xff, 0x90, 0xff, 0xff,
    0xff, 0xff, 0xff, 0xff, 0x90, 0xff, 0xfb, 0x0,
    0x0, 0x0, 0x0, 0x0, 0xff, 0xfb, 0x0, 0x0,
    0x0, 0x0, 0x0, 0xff, 0xfb, 0x0, 0x0, 0x0,
    0x0, 0x0, 0xff, 0xfb, 0x0, 0x0, 0x0, 0x0,
    0x0, 0xff, 0xfb, 0x0, 0x0, 0x0, 0x0, 0x0,
    0xff, 0xfc, 0x22, 0x22, 0x22, 0x22, 0x20, 0xff,
    0xff, 0xff, 0xff, 0xff, 0xff, 0xf5, 0xff, 0xff,
    0xff, 0xff, 0xff, 0xff, 0xf5, 0xff, 0xff, 0xff,
    0xff, 0xff, 0xff, 0xf5,

    /* U+00CA "Ê" */
    0x0, 0x0, 0x7, 0x88, 0x20, 0x0, 0x0, 0x0,
    0x0, 0x9f, 0xff, 0xe1, 0x0, 0x0, 0x0, 0x6,
    0xff, 0xbf, 0xfc, 0x0, 0x0, 0x0, 0x4f, 0xfd,
    0x7, 0xff, 0x90, 0x0, 0x2, 0xff, 0xf2, 0x0,
    0xbf, 0xf6, 0x0, 0x0, 0x0, 0x0, 0x0, 0x0,
    0x0, 0x0, 0x0, 0x0, 0x0, 0x0, 0x0, 0x0,
    0x0, 0xff, 0xff, 0xff, 0xff, 0xff, 0xff, 0xf4,
    0xff, 0xff, 0xff, 0xff, 0xff, 0xff, 0xf4, 0xff,
    0xff, 0xff, 0xff, 0xff, 0xff, 0xf4, 0xff, 0xfc,
    0x22, 0x22, 0x22, 0x22, 0x20, 0xff, 0xfb, 0x0,
    0x0, 0x0, 0x0, 0x0, 0xff, 0xfb, 0x0, 0x0,
    0x0, 0x0, 0x0, 0xff, 0xfb, 0x0, 0x0, 0x0,
    0x0, 0x0, 0xff, 0xfb, 0x0, 0x0, 0x0, 0x0,
    0x0, 0xff, 0xfb, 0x22, 0x22, 0x22, 0x22, 0x10,
    0xff, 0xff, 0xff, 0xff, 0xff, 0xff, 0x90, 0xff,
    0xff, 0xff, 0xff, 0xff, 0xff, 0x90, 0xff, 0xff,
    0xff, 0xff, 0xff, 0xff, 0x90, 0xff, 0xfb, 0x0,
    0x0, 0x0, 0x0, 0x0, 0xff, 0xfb, 0x0, 0x0,
    0x0, 0x0, 0x0, 0xff, 0xfb, 0x0, 0x0, 0x0,
    0x0, 0x0, 0xff, 0xfb, 0x0, 0x0, 0x0, 0x0,
    0x0, 0xff, 0xfb, 0x0, 0x0, 0x0, 0x0, 0x0,
    0xff, 0xfc, 0x22, 0x22, 0x22, 0x22, 0x20, 0xff,
    0xff, 0xff, 0xff, 0xff, 0xff, 0xf5, 0xff, 0xff,
    0xff, 0xff, 0xff, 0xff, 0xf5, 0xff, 0xff, 0xff,
    0xff, 0xff, 0xff, 0xf5,

    /* U+00CB "Ë" */
    0x0, 0x7f, 0xc1, 0x0, 0x8f, 0xc1, 0x0, 0x1,
    0xff, 0xf8, 0x2, 0xff, 0xf8, 0x0, 0x1, 0xff,
    0xf7, 0x1, 0xff, 0xf7, 0x0, 0x0, 0x5c, 0xa0,
    0x0, 0x6c, 0x90, 0x0, 0x0, 0x0, 0x0, 0x0,
    0x0, 0x0, 0x0, 0x0, 0x0, 0x0, 0x0, 0x0,
    0x0, 0x0, 0xff, 0xff, 0xff, 0xff, 0xff, 0xff,
    0xf4, 0xff, 0xff, 0xff, 0xff, 0xff, 0xff, 0xf4,
    0xff, 0xff, 0xff, 0xff, 0xff, 0xff, 0xf4, 0xff,
    0xfc, 0x22, 0x22, 0x22, 0x22, 0x20, 0xff, 0xfb,
    0x0, 0x0, 0x0, 0x0, 0x0, 0xff, 0xfb, 0x0,
    0x0, 0x0, 0x0, 0x0, 0xff, 0xfb, 0x0, 0x0,
    0x0, 0x0, 0x0, 0xff, 0xfb, 0x0, 0x0, 0x0,
    0x0, 0x0, 0xff, 0xfb, 0x22, 0x22, 0x22, 0x22,
    0x10, 0xff, 0xff, 0xff, 0xff, 0xff, 0xff, 0x90,
    0xff, 0xff, 0xff, 0xff, 0xff, 0xff, 0x90, 0xff,
    0xff, 0xff, 0xff, 0xff, 0xff, 0x90, 0xff, 0xfb,
    0x0, 0x0, 0x0, 0x0, 0x0, 0xff, 0xfb, 0x0,
    0x0, 0x0, 0x0, 0x0, 0xff, 0xfb, 0x0, 0x0,
    0x0, 0x0, 0x0, 0xff, 0xfb, 0x0, 0x0, 0x0,
    0x0, 0x0, 0xff, 0xfb, 0x0, 0x0, 0x0, 0x0,
    0x0, 0xff, 0xfc, 0x22, 0x22, 0x22, 0x22, 0x20,
    0xff, 0xff, 0xff, 0xff, 0xff, 0xff, 0xf5, 0xff,
    0xff, 0xff, 0xff, 0xff, 0xff, 0xf5, 0xff, 0xff,
    0xff, 0xff, 0xff, 0xff, 0xf5,

    /* U+00CC "Ì" */
    0x5, 0x55, 0x20, 0x0, 0x9f, 0xfb, 0x0, 0x1,
    0xef, 0xf2, 0x0, 0x5, 0xff, 0x90, 0x0, 0xb,
    0xff, 0x0, 0x0, 0x0, 0x0, 0x0, 0x0, 0x0,
    0x0, 0x0, 0xff, 0xfb, 0x0, 0xf, 0xff, 0xb0,
    0x0, 0xff, 0xfb, 0x0, 0xf, 0xff, 0xb0, 0x0,
    0xff, 0xfb, 0x0, 0xf, 0xff, 0xb0, 0x0, 0xff,
    0xfb, 0x0, 0xf, 0xff, 0xb0, 0x0, 0xff, 0xfb,
    0x0, 0xf, 0xff, 0xb0, 0x0, 0xff, 0xfb, 0x0,
    0xf, 0xff, 0xb0, 0x0, 0xff, 0xfb, 0x0, 0xf,
    0xff, 0xb0, 0x0, 0xff, 0xfb, 0x0, 0xf, 0xff,
    0xb0, 0x0, 0xff, 0xfb, 0x0, 0xf, 0xff, 0xb0,
    0x0, 0xff, 0xfb, 0x0, 0xf, 0xff, 0xb0, 0x0,
    0xff, 0xfb,

    /* U+00CD "Í" */
    0x0, 0x35, 0x54, 0x0, 0xef, 0xf5, 0x5, 0xff,
    0xb0, 0xc, 0xff, 0x10, 0x4f, 0xf6, 0x0, 0x0,
    0x0, 0x0, 0x0, 0x0, 0x0, 0xff, 0xfb, 0x0,
    0xff, 0xfb, 0x0, 0xff, 0xfb, 0x0, 0xff, 0xfb,
    0x0, 0xff, 0xfb, 0x0, 0xff, 0xfb, 0x0, 0xff,
    0xfb, 0x0, 0xff, 0xfb, 0x0, 0xff, 0xfb, 0x0,
    0xff, 0xfb, 0x0, 0xff, 0xfb, 0x0, 0xff, 0xfb,
    0x0, 0xff, 0xfb, 0x0, 0xff, 0xfb, 0x0, 0xff,
    0xfb, 0x0, 0xff, 0xfb, 0x0, 0xff, 0xfb, 0x0,
    0xff, 0xfb, 0x0, 0xff, 0xfb, 0x0, 0xff, 0xfb,
    0x0, 0xff, 0xfb, 0x0,

    /* U+00CE "Î" */
    0x0, 0x0, 0x68, 0x84, 0x0, 0x0, 0x0, 0x6,
    0xff, 0xff, 0x20, 0x0, 0x0, 0x4f, 0xfc, 0xef,
    0xe1, 0x0, 0x2, 0xff, 0xe1, 0x4f, 0xfc, 0x0,
    0x1d, 0xff, 0x40, 0x8, 0xff, 0x90, 0x0, 0x0,
    0x0, 0x0, 0x0, 0x0, 0x0, 0x0, 0x0, 0x0,
    0x0, 0x0, 0x0, 0x0, 0xff, 0xfb, 0x0, 0x0,
    0x0, 0x0, 0xff, 0xfb, 0x0, 0x0, 0x0, 0x0,
    0xff, 0xfb, 0x0, 0x0, 0x0, 0x0, 0xff, 0xfb,
    0x0, 0x0, 0x0, 0x0, 0xff, 0xfb, 0x0, 0x0,
    0x0, 0x0, 0xff, 0xfb, 0x0, 0x0, 0x0, 0x0,
    0xff, 0xfb, 0x0, 0x0, 0x0, 0x0, 0xff, 0xfb,
    0x0, 0x0, 0x0, 0x0, 0xff, 0xfb, 0x0, 0x0,
    0x0, 0x0, 0xff, 0xfb, 0x0, 0x0, 0x0, 0x0,
    0xff, 0xfb, 0x0, 0x0, 0x0, 0x0, 0xff, 0xfb,
    0x0, 0x0, 0x0, 0x0, 0xff, 0xfb, 0x0, 0x0,
    0x0, 0x0, 0xff, 0xfb, 0x0, 0x0, 0x0, 0x0,
    0xff, 0xfb, 0x0, 0x0, 0x0, 0x0, 0xff, 0xfb,
    0x0, 0x0, 0x0, 0x0, 0xff, 0xfb, 0x0, 0x0,
    0x0, 0x0, 0xff, 0xfb, 0x0, 0x0, 0x0, 0x0,
    0xff, 0xfb, 0x0, 0x0, 0x0, 0x0, 0xff, 0xfb,
    0x0, 0x0, 0x0, 0x0, 0xff, 0xfb, 0x0, 0x0,

    /* U+00CF "Ï" */
    0x5e, 0xd2, 0x0, 0x5e, 0xd2, 0xef, 0xfb, 0x0,
    0xff, 0xfa, 0xdf, 0xfa, 0x0, 0xef, 0xfa, 0x3c,
    0xb1, 0x0, 0x4c, 0xb1, 0x0, 0x0, 0x0, 0x0,
    0x0, 0x0, 0x0, 0x0, 0x0, 0x0, 0x0, 0xf,
    0xff, 0xb0, 0x0, 0x0, 0xf, 0xff, 0xb0, 0x0,
    0x0, 0xf, 0xff, 0xb0, 0x0, 0x0, 0xf, 0xff,
    0xb0, 0x0, 0x0, 0xf, 0xff, 0xb0, 0x0, 0x0,
    0xf, 0xff, 0xb0, 0x0, 0x0, 0xf, 0xff, 0xb0,
    0x0, 0x0, 0xf, 0xff, 0xb0, 0x0, 0x0, 0xf,
    0xff, 0xb0, 0x0, 0x0, 0xf, 0xff, 0xb0, 0x0,
    0x0, 0xf, 0xff, 0xb0, 0x0, 0x0, 0xf, 0xff,
    0xb0, 0x0, 0x0, 0xf, 0xff, 0xb0, 0x0, 0x0,
    0xf, 0xff, 0xb0, 0x0, 0x0, 0xf, 0xff, 0xb0,
    0x0, 0x0, 0xf, 0xff, 0xb0, 0x0, 0x0, 0xf,
    0xff, 0xb0, 0x0, 0x0, 0xf, 0xff, 0xb0, 0x0,
    0x0, 0xf, 0xff, 0xb0, 0x0, 0x0, 0xf, 0xff,
    0xb0, 0x0, 0x0, 0xf, 0xff, 0xb0, 0x0,

    /* U+00D0 "Ð" */
    0x0, 0x2f, 0xff, 0xff, 0xff, 0xfe, 0xb6, 0x10,
    0x0, 0x0, 0x0, 0x2f, 0xff, 0xff, 0xff, 0xff,
    0xff, 0xf7, 0x0, 0x0, 0x0, 0x2f, 0xff, 0xff,
    0xff, 0xff, 0xff, 0xff, 0xa0, 0x0, 0x0, 0x2f,
    0xff, 0xa4, 0x44, 0x57, 0xcf, 0xff, 0xf9, 0x0,
    0x0, 0x2f, 0xff, 0x80, 0x0, 0x0, 0x4, 0xff,
    0xff, 0x30, 0x0, 0x2f, 0xff, 0x80, 0x0, 0x0,
    0x0, 0x4f, 0xff, 0xb0, 0x0, 0x2f, 0xff, 0x80,
    0x0, 0x0, 0x0, 0xb, 0xff, 0xf1, 0x0, 0x2f,
    0xff, 0x80, 0x0, 0x0, 0x0, 0x5, 0xff, 0xf5,
    0x0, 0x2f, 0xff, 0x80, 0x0, 0x0, 0x0, 0x2,
    0xff, 0xf7, 0xbf, 0xff, 0xff, 0xff, 0xff, 0xf3,
    0x0, 0x0, 0xff, 0xf9, 0xbf, 0xff, 0xff, 0xff,
    0xff, 0xf3, 0x0, 0x0, 0xff, 0xf9, 0x7a, 0xcf,
    0xff, 0xfa, 0xaa, 0xa2, 0x0, 0x0, 0xff, 0xf9,
    0x0, 0x2f, 0xff, 0x80, 0x0, 0x0, 0x0, 0x2,
    0xff, 0xf7, 0x0, 0x2f, 0xff, 0x80, 0x0, 0x0,
    0x0, 0x5, 0xff, 0xf5, 0x0, 0x2f, 0xff, 0x80,
    0x0, 0x0, 0x0, 0xb, 0xff, 0xf1, 0x0, 0x2f,
    0xff, 0x80, 0x0, 0x0, 0x0, 0x4f, 0xff, 0xb0,
    0x0, 0x2f, 0xff, 0x80, 0x0, 0x0, 0x5, 0xff,
    0xff, 0x30, 0x0, 0x2f, 0xff, 0xa4, 0x44, 0x57,
    0xcf, 0xff, 0xf9, 0x0, 0x0, 0x2f, 0xff, 0xff,
    0xff, 0xff, 0xff, 0xff, 0xa0, 0x0, 0x0, 0x2f,
    0xff, 0xff, 0xff, 0xff, 0xff, 0xf7, 0x0, 0x0,
    0x0, 0x2f, 0xff, 0xff, 0xff, 0xfe, 0xb6, 0x0,
    0x0, 0x0,

    /* U+00D1 "Ñ" */
    0x0, 0x0, 0x9, 0xed, 0x93, 0x2f, 0xf0, 0x0,
    0x0, 0x0, 0x0, 0x7f, 0xff, 0xff, 0xff, 0xd0,
    0x0, 0x0, 0x0, 0x0, 0xcf, 0x94, 0xaf, 0xfe,
    0x30, 0x0, 0x0, 0x0, 0x0, 0x23, 0x0, 0x1,
    0x20, 0x0, 0x0, 0x0, 0x0, 0x0, 0x0, 0x0,
    0x0, 0x0, 0x0, 0x0, 0x0, 0x0, 0x0, 0x0,
    0x0, 0x0, 0x0, 0x0, 0x0, 0x0, 0xff, 0xff,
    0x70, 0x0, 0x0, 0x0, 0x8, 0xff, 0xf3, 0xff,
    0xff, 0xf2, 0x0, 0x0, 0x0, 0x8, 0xff, 0xf3,
    0xff, 0xff, 0xfb, 0x0, 0x0, 0x0, 0x8, 0xff,
    0xf3, 0xff, 0xff, 0xff, 0x40, 0x0, 0x0, 0x8,
    0xff, 0xf3, 0xff, 0xff, 0xff, 0xe0, 0x0, 0x0,
    0x8, 0xff, 0xf3, 0xff, 0xfa, 0xff, 0xf8, 0x0,
    0x0, 0x8, 0xff, 0xf3, 0xff, 0xf9, 0x8f, 0xff,
    0x20, 0x0, 0x8, 0xff, 0xf3, 0xff, 0xfa, 0x1f,
    0xff, 0xb0, 0x0, 0x8, 0xff, 0xf3, 0xff, 0xfb,
    0x7, 0xff, 0xf5, 0x0, 0x8, 0xff, 0xf3, 0xff,
    0xfb, 0x0, 0xef, 0xfe, 0x0, 0x8, 0xff, 0xf3,
    0xff, 0xfc, 0x0, 0x5f, 0xff, 0x90, 0x8, 0xff,
    0xf3, 0xff, 0xfc, 0x0, 0xb, 0xff, 0xf2, 0x7,
    0xff, 0xf3, 0xff, 0xfc, 0x0, 0x2, 0xff, 0xfc,
    0x7, 0xff, 0xf3, 0xff, 0xfc, 0x0, 0x0, 0x8f,
    0xff, 0x47, 0xff, 0xf3, 0xff, 0xfc, 0x0, 0x0,
    0xd, 0xff, 0xc6, 0xff, 0xf3, 0xff, 0xfc, 0x0,
    0x0, 0x4, 0xff, 0xf9, 0xff, 0xf3, 0xff, 0xfc,
    0x0, 0x0, 0x0, 0xaf, 0xff, 0xff, 0xf3, 0xff,
    0xfc, 0x0, 0x0, 0x0, 0x1f, 0xff, 0xff, 0xf3,
    0xff, 0xfc, 0x0, 0x0, 0x0, 0x7, 0xff, 0xff,
    0xf3, 0xff, 0xfc, 0x0, 0x0, 0x0, 0x0, 0xdf,
    0xff, 0xf3, 0xff, 0xfc, 0x0, 0x0, 0x0, 0x0,
    0x3f, 0xff, 0xf3,

    /* U+00D2 "Ò" */
    0x0, 0x0, 0x0, 0xef, 0xf6, 0x0, 0x0, 0x0,
    0x0, 0x0, 0x0, 0x0, 0x0, 0x4f, 0xfd, 0x0,
    0x0, 0x0, 0x0, 0x0, 0x0, 0x0, 0x0, 0xa,
    0xff, 0x40, 0x0, 0x0, 0x0, 0x0, 0x0, 0x0,
    0x0, 0x1, 0xef, 0xb0, 0x0, 0x0, 0x0, 0x0,
    0x0, 0x0, 0x0, 0x0, 0x35, 0x50, 0x0, 0x0,
    0x0, 0x0, 0x0, 0x0, 0x0, 0x0, 0x0, 0x0,
    0x0, 0x0, 0x0, 0x0, 0x0, 0x0, 0x0, 0x0,
    0x0, 0x0, 0x0, 0x0, 0x0, 0x0, 0x0, 0x0,
    0x1, 0x7b, 0xef, 0xfd, 0x94, 0x0, 0x0, 0x0,
    0x0, 0x0, 0x6f, 0xff, 0xff, 0xff, 0xff, 0xc2,
    0x0, 0x0, 0x0, 0x9, 0xff, 0xff, 0xff, 0xff,
    0xff, 0xfe, 0x30, 0x0, 0x0, 0x7f, 0xff, 0xfd,
    0x86, 0x7a, 0xff, 0xff, 0xe1, 0x0, 0x2, 0xff,
    0xff, 0x70, 0x0, 0x0, 0x2d, 0xff, 0xfa, 0x0,
    0xa, 0xff, 0xf7, 0x0, 0x0, 0x0, 0x1, 0xef,
    0xff, 0x20, 0xf, 0xff, 0xd0, 0x0, 0x0, 0x0,
    0x0, 0x5f, 0xff, 0x80, 0x4f, 0xff, 0x70, 0x0,
    0x0, 0x0, 0x0, 0xf, 0xff, 0xc0, 0x7f, 0xff,
    0x40, 0x0, 0x0, 0x0, 0x0, 0xb, 0xff, 0xf0,
    0x8f, 0xff, 0x20, 0x0, 0x0, 0x0, 0x0, 0xa,
    0xff, 0xf0, 0x9f, 0xff, 0x10, 0x0, 0x0, 0x0,
    0x0, 0x9, 0xff, 0xf1, 0x8f, 0xff, 0x20, 0x0,
    0x0, 0x0, 0x0, 0xa, 0xff, 0xf0, 0x7f, 0xff,
    0x40, 0x0, 0x0, 0x0, 0x0, 0xb, 0xff, 0xf0,
    0x4f, 0xff, 0x70, 0x0, 0x0, 0x0, 0x0, 0xf,
    0xff, 0xc0, 0xf, 0xff, 0xd0, 0x0, 0x0, 0x0,
    0x0, 0x5f, 0xff, 0x80, 0xa, 0xff, 0xf7, 0x0,
    0x0, 0x0, 0x1, 0xef, 0xff, 0x20, 0x2, 0xff,
    0xff, 0x70, 0x0, 0x0, 0x2d, 0xff, 0xfb, 0x0,
    0x0, 0x7f, 0xff, 0xfd, 0x86, 0x7a, 0xff, 0xff,
    0xe1, 0x0, 0x0, 0x9, 0xff, 0xff, 0xff, 0xff,
    0xff, 0xfe, 0x30, 0x0, 0x0, 0x0, 0x6f, 0xff,
    0xff, 0xff, 0xff, 0xc2, 0x0, 0x0, 0x0, 0x0,
    0x1, 0x7b, 0xef, 0xfd, 0x94, 0x0, 0x0, 0x0,

    /* U+00D3 "Ó" */
    0x0, 0x0, 0x0, 0x0, 0x0, 0xef, 0xf7, 0x0,
    0x0, 0x0, 0x0, 0x0, 0x0, 0x0, 0x5, 0xff,
    0xc0, 0x0, 0x0, 0x0, 0x0, 0x0, 0x0, 0x0,
    0xc, 0xff, 0x20, 0x0, 0x0, 0x0, 0x0, 0x0,
    0x0, 0x0, 0x3f, 0xf8, 0x0, 0x0, 0x0, 0x0,
    0x0, 0x0, 0x0, 0x0, 0x25, 0x50, 0x0, 0x0,
    0x0, 0x0, 0x0, 0x0, 0x0, 0x0, 0x0, 0x0,
    0x0, 0x0, 0x0, 0x0, 0x0, 0x0, 0x0, 0x0,
    0x0, 0x0, 0x0, 0x0, 0x0, 0x0, 0x0, 0x0,
    0x1, 0x7b, 0xef, 0xfd, 0x94, 0x0, 0x0, 0x0,
    0x0, 0x0, 0x6f, 0xff, 0xff, 0xff, 0xff, 0xc2,
    0x0, 0x0, 0x0, 0x9, 0xff, 0xff, 0xff, 0xff,
    0xff, 0xfe, 0x30, 0x0, 0x0, 0x7f, 0xff, 0xfd,
    0x86, 0x7a, 0xff, 0xff, 0xe1, 0x0, 0x2, 0xff,
    0xff, 0x70, 0x0, 0x0, 0x2d, 0xff, 0xfa, 0x0,
    0xa, 0xff, 0xf7, 0x0, 0x0, 0x0, 0x1, 0xef,
    0xff, 0x20, 0xf, 0xff, 0xd0, 0x0, 0x0, 0x0,
    0x0, 0x5f, 0xff, 0x80, 0x4f, 0xff, 0x70, 0x0,
    0x0, 0x0, 0x0, 0xf, 0xff, 0xc0, 0x7f, 0xff,
    0x40, 0x0, 0x0, 0x0, 0x0, 0xb, 0xff, 0xf0,
    0x8f, 0xff, 0x20, 0x0, 0x0, 0x0, 0x0, 0xa,
    0xff, 0xf0, 0x9f, 0xff, 0x10, 0x0, 0x0, 0x0,
    0x0, 0x9, 0xff, 0xf1, 0x8f, 0xff, 0x20, 0x0,
    0x0, 0x0, 0x0, 0xa, 0xff, 0xf0, 0x7f, 0xff,
    0x40, 0x0, 0x0, 0x0, 0x0, 0xb, 0xff, 0xf0,
    0x4f, 0xff, 0x70, 0x0, 0x0, 0x0, 0x0, 0xf,
    0xff, 0xc0, 0xf, 0xff, 0xd0, 0x0, 0x0, 0x0,
    0x0, 0x5f, 0xff, 0x80, 0xa, 0xff, 0xf7, 0x0,
    0x0, 0x0, 0x1, 0xef, 0xff, 0x20, 0x2, 0xff,
    0xff, 0x70, 0x0, 0x0, 0x2d, 0xff, 0xfb, 0x0,
    0x0, 0x7f, 0xff, 0xfd, 0x86, 0x7a, 0xff, 0xff,
    0xe1, 0x0, 0x0, 0x9, 0xff, 0xff, 0xff, 0xff,
    0xff, 0xfe, 0x30, 0x0, 0x0, 0x0, 0x6f, 0xff,
    0xff, 0xff, 0xff, 0xc2, 0x0, 0x0, 0x0, 0x0,
    0x1, 0x7b, 0xef, 0xfd, 0x94, 0x0, 0x0, 0x0,

    /* U+00D4 "Ô" */
    0x0, 0x0, 0x0, 0x0, 0x78, 0x83, 0x0, 0x0,
    0x0, 0x0, 0x0, 0x0, 0x0, 0x9, 0xff, 0xff,
    0x30, 0x0, 0x0, 0x0, 0x0, 0x0, 0x0, 0x9f,
    0xf8, 0xdf, 0xe2, 0x0, 0x0, 0x0, 0x0, 0x0,
    0x8, 0xff, 0xa0, 0x2f, 0xfe, 0x10, 0x0, 0x0,
    0x0, 0x0, 0x18, 0x87, 0x0, 0x3, 0x88, 0x50,
    0x0, 0x0, 0x0, 0x0, 0x0, 0x0, 0x0, 0x0,
    0x0, 0x0, 0x0, 0x0, 0x0, 0x0, 0x0, 0x0,
    0x0, 0x0, 0x0, 0x0, 0x0, 0x0, 0x0, 0x0,
    0x1, 0x7b, 0xef, 0xfd, 0x94, 0x0, 0x0, 0x0,
    0x0, 0x0, 0x6f, 0xff, 0xff, 0xff, 0xff, 0xc2,
    0x0, 0x0, 0x0, 0x9, 0xff, 0xff, 0xff, 0xff,
    0xff, 0xfe, 0x30, 0x0, 0x0, 0x7f, 0xff, 0xfd,
    0x86, 0x7a, 0xff, 0xff, 0xe1, 0x0, 0x2, 0xff,
    0xff, 0x70, 0x0, 0x0, 0x2d, 0xff, 0xfa, 0x0,
    0xa, 0xff, 0xf7, 0x0, 0x0, 0x0, 0x1, 0xef,
    0xff, 0x20, 0xf, 0xff, 0xd0, 0x0, 0x0, 0x0,
    0x0, 0x5f, 0xff, 0x80, 0x4f, 0xff, 0x70, 0x0,
    0x0, 0x0, 0x0, 0xf, 0xff, 0xc0, 0x7f, 0xff,
    0x40, 0x0, 0x0, 0x0, 0x0, 0xb, 0xff, 0xf0,
    0x8f, 0xff, 0x20, 0x0, 0x0, 0x0, 0x0, 0xa,
    0xff, 0xf0, 0x9f, 0xff, 0x10, 0x0, 0x0, 0x0,
    0x0, 0x9, 0xff, 0xf1, 0x8f, 0xff, 0x20, 0x0,
    0x0, 0x0, 0x0, 0xa, 0xff, 0xf0, 0x7f, 0xff,
    0x40, 0x0, 0x0, 0x0, 0x0, 0xb, 0xff, 0xf0,
    0x4f, 0xff, 0x70, 0x0, 0x0, 0x0, 0x0, 0xf,
    0xff, 0xc0, 0xf, 0xff, 0xd0, 0x0, 0x0, 0x0,
    0x0, 0x5f, 0xff, 0x80, 0xa, 0xff, 0xf7, 0x0,
    0x0, 0x0, 0x1, 0xef, 0xff, 0x20, 0x2, 0xff,
    0xff, 0x70, 0x0, 0x0, 0x2d, 0xff, 0xfb, 0x0,
    0x0, 0x7f, 0xff, 0xfd, 0x86, 0x7a, 0xff, 0xff,
    0xe1, 0x0, 0x0, 0x9, 0xff, 0xff, 0xff, 0xff,
    0xff, 0xfe, 0x30, 0x0, 0x0, 0x0, 0x6f, 0xff,
    0xff, 0xff, 0xff, 0xc2, 0x0, 0x0, 0x0, 0x0,
    0x1, 0x7b, 0xef, 0xfd, 0x94, 0x0, 0x0, 0x0,

    /* U+00D5 "Õ" */
    0x0, 0x0, 0x0, 0x1, 0x10, 0x0, 0x22, 0x0,
    0x0, 0x0, 0x0, 0x0, 0x0, 0xaf, 0xfc, 0x31,
    0xef, 0x20, 0x0, 0x0, 0x0, 0x0, 0x6, 0xff,
    0xff, 0xff, 0xfe, 0x0, 0x0, 0x0, 0x0, 0x0,
    0xa, 0xf9, 0x18, 0xff, 0xf4, 0x0, 0x0, 0x0,
    0x0, 0x0, 0x2, 0x31, 0x0, 0x2, 0x0, 0x0,
    0x0, 0x0, 0x0, 0x0, 0x0, 0x0, 0x0, 0x0,
    0x0, 0x0, 0x0, 0x0, 0x0, 0x0, 0x0, 0x0,
    0x0, 0x0, 0x0, 0x0, 0x0, 0x0, 0x0, 0x0,
    0x1, 0x7b, 0xef, 0xfd, 0x94, 0x0, 0x0, 0x0,
    0x0, 0x0, 0x6f, 0xff, 0xff, 0xff, 0xff, 0xc2,
    0x0, 0x0, 0x0, 0x9, 0xff, 0xff, 0xff, 0xff,
    0xff, 0xfe, 0x30, 0x0, 0x0, 0x7f, 0xff, 0xfd,
    0x86, 0x7a, 0xff, 0xff, 0xe1, 0x0, 0x2, 0xff,
    0xff, 0x70, 0x0, 0x0, 0x2d, 0xff, 0xfa, 0x0,
    0xa, 0xff, 0xf7, 0x0, 0x0, 0x0, 0x1, 0xef,
    0xff, 0x20, 0xf, 0xff, 0xd0, 0x0, 0x0, 0x0,
    0x0, 0x5f, 0xff, 0x80, 0x4f, 0xff, 0x70, 0x0,
    0x0, 0x0, 0x0, 0xf, 0xff, 0xc0, 0x7f, 0xff,
    0x40, 0x0, 0x0, 0x0, 0x0, 0xb, 0xff, 0xf0,
    0x8f, 0xff, 0x20, 0x0, 0x0, 0x0, 0x0, 0xa,
    0xff, 0xf0, 0x9f, 0xff, 0x10, 0x0, 0x0, 0x0,
    0x0, 0x9, 0xff, 0xf1, 0x8f, 0xff, 0x20, 0x0,
    0x0, 0x0, 0x0, 0xa, 0xff, 0xf0, 0x7f, 0xff,
    0x40, 0x0, 0x0, 0x0, 0x0, 0xb, 0xff, 0xf0,
    0x4f, 0xff, 0x70, 0x0, 0x0, 0x0, 0x0, 0xf,
    0xff, 0xc0, 0xf, 0xff, 0xd0, 0x0, 0x0, 0x0,
    0x0, 0x5f, 0xff, 0x80, 0xa, 0xff, 0xf7, 0x0,
    0x0, 0x0, 0x1, 0xef, 0xff, 0x20, 0x2, 0xff,
    0xff, 0x70, 0x0, 0x0, 0x2d, 0xff, 0xfb, 0x0,
    0x0, 0x7f, 0xff, 0xfd, 0x86, 0x7a, 0xff, 0xff,
    0xe1, 0x0, 0x0, 0x9, 0xff, 0xff, 0xff, 0xff,
    0xff, 0xfe, 0x30, 0x0, 0x0, 0x0, 0x6f, 0xff,
    0xff, 0xff, 0xff, 0xc2, 0x0, 0x0, 0x0, 0x0,
    0x1, 0x7b, 0xef, 0xfd, 0x94, 0x0, 0x0, 0x0,

    /* U+00D6 "Ö" */
    0x0, 0x0, 0x4, 0xca, 0x10, 0x5, 0xca, 0x0,
    0x0, 0x0, 0x0, 0x0, 0xf, 0xff, 0x80, 0xf,
    0xff, 0x80, 0x0, 0x0, 0x0, 0x0, 0xf, 0xff,
    0x90, 0x1f, 0xff, 0x90, 0x0, 0x0, 0x0, 0x0,
    0x6, 0xec, 0x10, 0x7, 0xfc, 0x10, 0x0, 0x0,
    0x0, 0x0, 0x0, 0x0, 0x0, 0x0, 0x0, 0x0,
    0x0, 0x0, 0x0, 0x0, 0x0, 0x0, 0x0, 0x0,
    0x0, 0x0, 0x0, 0x0, 0x0, 0x0, 0x0, 0x0,
    0x0, 0x0, 0x0, 0x0, 0x0, 0x0, 0x0, 0x0,
    0x1, 0x7b, 0xef, 0xfd, 0x94, 0x0, 0x0, 0x0,
    0x0, 0x0, 0x6f, 0xff, 0xff, 0xff, 0xff, 0xc2,
    0x0, 0x0, 0x0, 0x9, 0xff, 0xff, 0xff, 0xff,
    0xff, 0xfe, 0x30, 0x0, 0x0, 0x7f, 0xff, 0xfd,
    0x86, 0x7a, 0xff, 0xff, 0xe1, 0x0, 0x2, 0xff,
    0xff, 0x70, 0x0, 0x0, 0x2d, 0xff, 0xfa, 0x0,
    0xa, 0xff, 0xf7, 0x0, 0x0, 0x0, 0x1, 0xef,
    0xff, 0x20, 0xf, 0xff, 0xd0, 0x0, 0x0, 0x0,
    0x0, 0x5f, 0xff, 0x80, 0x4f, 0xff, 0x70, 0x0,
    0x0, 0x0, 0x0, 0xf, 0xff, 0xc0, 0x7f, 0xff,
    0x40, 0x0, 0x0, 0x0, 0x0, 0xb, 0xff, 0xf0,
    0x8f, 0xff, 0x20, 0x0, 0x0, 0x0, 0x0, 0xa,
    0xff, 0xf0, 0x9f, 0xff, 0x10, 0x0, 0x0, 0x0,
    0x0, 0x9, 0xff, 0xf1, 0x8f, 0xff, 0x20, 0x0,
    0x0, 0x0, 0x0, 0xa, 0xff, 0xf0, 0x7f, 0xff,
    0x40, 0x0, 0x0, 0x0, 0x0, 0xb, 0xff, 0xf0,
    0x4f, 0xff, 0x70, 0x0, 0x0, 0x0, 0x0, 0xf,
    0xff, 0xc0, 0xf, 0xff, 0xd0, 0x0, 0x0, 0x0,
    0x0, 0x5f, 0xff, 0x80, 0xa, 0xff, 0xf7, 0x0,
    0x0, 0x0, 0x1, 0xef, 0xff, 0x20, 0x2, 0xff,
    0xff, 0x70, 0x0, 0x0, 0x2d, 0xff, 0xfb, 0x0,
    0x0, 0x7f, 0xff, 0xfd, 0x86, 0x7a, 0xff, 0xff,
    0xe1, 0x0, 0x0, 0x9, 0xff, 0xff, 0xff, 0xff,
    0xff, 0xfe, 0x30, 0x0, 0x0, 0x0, 0x6f, 0xff,
    0xff, 0xff, 0xff, 0xc2, 0x0, 0x0, 0x0, 0x0,
    0x1, 0x7b, 0xef, 0xfd, 0x94, 0x0, 0x0, 0x0,

    /* U+00D7 "×" */
    0x0, 0x30, 0x0, 0x0, 0x0, 0x0, 0x30, 0x0,
    0x4f, 0xb0, 0x0, 0x0, 0x0, 0xcf, 0x30, 0x3f,
    0xff, 0xa0, 0x0, 0x0, 0xcf, 0xfe, 0x20, 0xcf,
    0xff, 0xa0, 0x0, 0xbf, 0xff, 0xb0, 0x0, 0xcf,
    0xff, 0x90, 0xbf, 0xff, 0xb0, 0x0, 0x1, 0xdf,
    0xff, 0xef, 0xff, 0xb0, 0x0, 0x0, 0x1, 0xdf,
    0xff, 0xff, 0xc0, 0x0, 0x0, 0x0, 0x1, 0xff,
    0xff, 0xe0, 0x0, 0x0, 0x0, 0x0, 0x9f, 0xff,
    0xff, 0x70, 0x0, 0x0, 0x0, 0x8f, 0xff, 0xff,
    0xff, 0x70, 0x0, 0x0, 0x8f, 0xff, 0xd3, 0xef,
    0xff, 0x60, 0x0, 0x7f, 0xff, 0xd1, 0x2, 0xef,
    0xff, 0x60, 0x3f, 0xff, 0xe1, 0x0, 0x2, 0xef,
    0xff, 0x20, 0x8f, 0xe2, 0x0, 0x0, 0x3, 0xef,
    0x70, 0x0, 0x82, 0x0, 0x0, 0x0, 0x3, 0x70,
    0x0,

    /* U+00D8 "Ø" */
    0x0, 0x0, 0x0, 0x0, 0x0, 0x0, 0x0, 0x1,
    0x30, 0x0, 0x0, 0x0, 0x1, 0x7b, 0xef, 0xfd,
    0x94, 0xb, 0xf7, 0x0, 0x0, 0x0, 0x6f, 0xff,
    0xff, 0xff, 0xff, 0xff, 0xf8, 0x0, 0x0, 0x9,
    0xff, 0xff, 0xff, 0xff, 0xff, 0xff, 0xf0, 0x0,
    0x0, 0x7f, 0xff, 0xfd, 0x86, 0x7a, 0xff, 0xff,
    0xf1, 0x0, 0x2, 0xff, 0xff, 0x70, 0x0, 0x0,
    0xaf, 0xff, 0xfa, 0x0, 0xa, 0xff, 0xf7, 0x0,
    0x0, 0x3, 0xff, 0xff, 0xff, 0x20, 0xf, 0xff,
    0xd0, 0x0, 0x0, 0xd, 0xfe, 0x7f, 0xff, 0x80,
    0x4f, 0xff, 0x70, 0x0, 0x0, 0x9f, 0xf5, 0xf,
    0xff, 0xc0, 0x7f, 0xff, 0x40, 0x0, 0x4, 0xff,
    0xa0, 0xb, 0xff, 0xf0, 0x8f, 0xff, 0x20, 0x0,
    0x1e, 0xfe, 0x0, 0xa, 0xff, 0xf0, 0x9f, 0xff,
    0x10, 0x0, 0xaf, 0xf3, 0x0, 0x9, 0xff, 0xf1,
    0x8f, 0xff, 0x20, 0x6, 0xff, 0x80, 0x0, 0xa,
    0xff, 0xf0, 0x7f, 0xff, 0x40, 0x2f, 0xfd, 0x0,
    0x0, 0xb, 0xff, 0xf0, 0x4f, 0xff, 0x70, 0xcf,
    0xf2, 0x0, 0x0, 0xf, 0xff, 0xc0, 0xf, 0xff,
    0xd7, 0xff, 0x70, 0x0, 0x0, 0x5f, 0xff, 0x80,
    0xa, 0xff, 0xff, 0xfb, 0x0, 0x0, 0x1, 0xef,
    0xff, 0x20, 0x2, 0xff, 0xff, 0xf1, 0x0, 0x0,
    0x2d, 0xff, 0xfb, 0x0, 0x0, 0x7f, 0xff, 0xfd,
    0x86, 0x7a, 0xff, 0xff, 0xe1, 0x0, 0x0, 0x4f,
    0xff, 0xff, 0xff, 0xff, 0xff, 0xfe, 0x30, 0x0,
    0x1, 0xef, 0xff, 0xff, 0xff, 0xff, 0xff, 0xc2,
    0x0, 0x0, 0x1, 0xcf, 0x41, 0x7b, 0xef, 0xfd,
    0x94, 0x0, 0x0, 0x0, 0x0, 0x4, 0x0, 0x0,
    0x0, 0x0, 0x0, 0x0, 0x0, 0x0,

    /* U+00D9 "Ù" */
    0x0, 0x0, 0x6f, 0xfe, 0x0, 0x0, 0x0, 0x0,
    0x0, 0x0, 0x0, 0xbf, 0xf6, 0x0, 0x0, 0x0,
    0x0, 0x0, 0x0, 0x2, 0xff, 0xd0, 0x0, 0x0,
    0x0, 0x0, 0x0, 0x0, 0x7, 0xff, 0x40, 0x0,
    0x0, 0x0, 0x0, 0x0, 0x0, 0x5, 0x53, 0x0,
    0x0, 0x0, 0x0, 0x0, 0x0, 0x0, 0x0, 0x0,
    0x0, 0x0, 0x0, 0x0, 0x0, 0x0, 0x0, 0x0,
    0x0, 0x0, 0x0, 0xf, 0xff, 0xb0, 0x0, 0x0,
    0x0, 0x1, 0xff, 0xf9, 0xff, 0xfb, 0x0, 0x0,
    0x0, 0x0, 0x1f, 0xff, 0x9f, 0xff, 0xb0, 0x0,
    0x0, 0x0, 0x1, 0xff, 0xf9, 0xff, 0xfb, 0x0,
    0x0, 0x0, 0x0, 0x1f, 0xff, 0x9f, 0xff, 0xb0,
    0x0, 0x0, 0x0, 0x1, 0xff, 0xf9, 0xff, 0xfb,
    0x0, 0x0, 0x0, 0x0, 0x1f, 0xff, 0x9f, 0xff,
    0xb0, 0x0, 0x0, 0x0, 0x1, 0xff, 0xf9, 0xff,
    0xfb, 0x0, 0x0, 0x0, 0x0, 0x1f, 0xff, 0x9f,
    0xff, 0xb0, 0x0, 0x0, 0x0, 0x1, 0xff, 0xf9,
    0xff, 0xfb, 0x0, 0x0, 0x0, 0x0, 0x1f, 0xff,
    0x9f, 0xff, 0xb0, 0x0, 0x0, 0x0, 0x1, 0xff,
    0xf9, 0xff, 0xfb, 0x0, 0x0, 0x0, 0x0, 0x1f,
    0xff, 0x9f, 0xff, 0xb0, 0x0, 0x0, 0x0, 0x1,
    0xff, 0xf9, 0xff, 0xfb, 0x0, 0x0, 0x0, 0x0,
    0x1f, 0xff, 0x8e, 0xff, 0xe0, 0x0, 0x0, 0x0,
    0x4, 0xff, 0xf7, 0xbf, 0xff, 0x50, 0x0, 0x0,
    0x0, 0xbf, 0xff, 0x45, 0xff, 0xfe, 0x30, 0x0,
    0x0, 0x8f, 0xff, 0xe0, 0xc, 0xff, 0xff, 0xb7,
    0x68, 0xdf, 0xff, 0xf6, 0x0, 0x1e, 0xff, 0xff,
    0xff, 0xff, 0xff, 0xfa, 0x0, 0x0, 0x1b, 0xff,
    0xff, 0xff, 0xff, 0xf7, 0x0, 0x0, 0x0, 0x3,
    0x9d, 0xef, 0xec, 0x71, 0x0, 0x0,

    /* U+00DA "Ú" */
    0x0, 0x0, 0x0, 0x0, 0x5f, 0xfe, 0x10, 0x0,
    0x0, 0x0, 0x0, 0x0, 0xc, 0xff, 0x50, 0x0,
    0x0, 0x0, 0x0, 0x0, 0x3, 0xff, 0xb0, 0x0,
    0x0, 0x0, 0x0, 0x0, 0x0, 0xaf, 0xf1, 0x0,
    0x0, 0x0, 0x0, 0x0, 0x0, 0x5, 0x53, 0x0,
    0x0, 0x0, 0x0, 0x0, 0x0, 0x0, 0x0, 0x0,
    0x0, 0x0, 0x0, 0x0, 0x0, 0x0, 0x0, 0x0,
    0x0, 0x0, 0x0, 0xf, 0xff, 0xb0, 0x0, 0x0,
    0x0, 0x1, 0xff, 0xf9, 0xff, 0xfb, 0x0, 0x0,
    0x0, 0x0, 0x1f, 0xff, 0x9f, 0xff, 0xb0, 0x0,
    0x0, 0x0, 0x1, 0xff, 0xf9, 0xff, 0xfb, 0x0,
    0x0, 0x0, 0x0, 0x1f, 0xff, 0x9f, 0xff, 0xb0,
    0x0, 0x0, 0x0, 0x1, 0xff, 0xf9, 0xff, 0xfb,
    0x0, 0x0, 0x0, 0x0, 0x1f, 0xff, 0x9f, 0xff,
    0xb0, 0x0, 0x0, 0x0, 0x1, 0xff, 0xf9, 0xff,
    0xfb, 0x0, 0x0, 0x0, 0x0, 0x1f, 0xff, 0x9f,
    0xff, 0xb0, 0x0, 0x0, 0x0, 0x1, 0xff, 0xf9,
    0xff, 0xfb, 0x0, 0x0, 0x0, 0x0, 0x1f, 0xff,
    0x9f, 0xff, 0xb0, 0x0, 0x0, 0x0, 0x1, 0xff,
    0xf9, 0xff, 0xfb, 0x0, 0x0, 0x0, 0x0, 0x1f,
    0xff, 0x9f, 0xff, 0xb0, 0x0, 0x0, 0x0, 0x1,
    0xff, 0xf9, 0xff, 0xfb, 0x0, 0x0, 0x0, 0x0,
    0x1f, 0xff, 0x8e, 0xff, 0xe0, 0x0, 0x0, 0x0,
    0x4, 0xff, 0xf7, 0xbf, 0xff, 0x50, 0x0, 0x0,
    0x0, 0xbf, 0xff, 0x45, 0xff, 0xfe, 0x30, 0x0,
    0x0, 0x8f, 0xff, 0xe0, 0xc, 0xff, 0xff, 0xb7,
    0x68, 0xdf, 0xff, 0xf6, 0x0, 0x1e, 0xff, 0xff,
    0xff, 0xff, 0xff, 0xfa, 0x0, 0x0, 0x1b, 0xff,
    0xff, 0xff, 0xff, 0xf7, 0x0, 0x0, 0x0, 0x3,
    0x9d, 0xef, 0xec, 0x71, 0x0, 0x0,

    /* U+00DB "Û" */
    0x0, 0x0, 0x0, 0x28, 0x87, 0x0, 0x0, 0x0,
    0x0, 0x0, 0x0, 0x2e, 0xff, 0xfa, 0x0, 0x0,
    0x0, 0x0, 0x0, 0x2e, 0xfe, 0x8f, 0xf9, 0x0,
    0x0, 0x0, 0x0, 0x1e, 0xff, 0x30, 0x9f, 0xf8,
    0x0, 0x0, 0x0, 0x5, 0x88, 0x40, 0x0, 0x78,
    0x71, 0x0, 0x0, 0x0, 0x0, 0x0, 0x0, 0x0,
    0x0, 0x0, 0x0, 0x0, 0x0, 0x0, 0x0, 0x0,
    0x0, 0x0, 0x0, 0xf, 0xff, 0xb0, 0x0, 0x0,
    0x0, 0x1, 0xff, 0xf9, 0xff, 0xfb, 0x0, 0x0,
    0x0, 0x0, 0x1f, 0xff, 0x9f, 0xff, 0xb0, 0x0,
    0x0, 0x0, 0x1, 0xff, 0xf9, 0xff, 0xfb, 0x0,
    0x0, 0x0, 0x0, 0x1f, 0xff, 0x9f, 0xff, 0xb0,
    0x0, 0x0, 0x0, 0x1, 0xff, 0xf9, 0xff, 0xfb,
    0x0, 0x0, 0x0, 0x0, 0x1f, 0xff, 0x9f, 0xff,
    0xb0, 0x0, 0x0, 0x0, 0x1, 0xff, 0xf9, 0xff,
    0xfb, 0x0, 0x0, 0x0, 0x0, 0x1f, 0xff, 0x9f,
    0xff, 0xb0, 0x0, 0x0, 0x0, 0x1, 0xff, 0xf9,
    0xff, 0xfb, 0x0, 0x0, 0x0, 0x0, 0x1f, 0xff,
    0x9f, 0xff, 0xb0, 0x0, 0x0, 0x0, 0x1, 0xff,
    0xf9, 0xff, 0xfb, 0x0, 0x0, 0x0, 0x0, 0x1f,
    0xff, 0x9f, 0xff, 0xb0, 0x0, 0x0, 0x0, 0x1,
    0xff, 0xf9, 0xff, 0xfb, 0x0, 0x0, 0x0, 0x0,
    0x1f, 0xff, 0x8e, 0xff, 0xe0, 0x0, 0x0, 0x0,
    0x4, 0xff, 0xf7, 0xbf, 0xff, 0x50, 0x0, 0x0,
    0x0, 0xbf, 0xff, 0x45, 0xff, 0xfe, 0x30, 0x0,
    0x0, 0x8f, 0xff, 0xe0, 0xc, 0xff, 0xff, 0xb7,
    0x68, 0xdf, 0xff, 0xf6, 0x0, 0x1e, 0xff, 0xff,
    0xff, 0xff, 0xff, 0xfa, 0x0, 0x0, 0x1b, 0xff,
    0xff, 0xff, 0xff, 0xf7, 0x0, 0x0, 0x0, 0x3,
    0x9d, 0xef, 0xec, 0x71, 0x0, 0x0,

    /* U+00DC "Ü" */
    0x0, 0x0, 0x9c, 0x60, 0x0, 0xac, 0x50, 0x0,
    0x0, 0x0, 0x7f, 0xff, 0x10, 0x7f, 0xff, 0x10,
    0x0, 0x0, 0x7, 0xff, 0xf2, 0x8, 0xff, 0xf1,
    0x0, 0x0, 0x0, 0x1c, 0xf8, 0x0, 0x1c, 0xf7,
    0x0, 0x0, 0x0, 0x0, 0x0, 0x0, 0x0, 0x0,
    0x0, 0x0, 0x0, 0x0, 0x0, 0x0, 0x0, 0x0,
    0x0, 0x0, 0x0, 0x0, 0x0, 0x0, 0x0, 0x0,
    0x0, 0x0, 0x0, 0xf, 0xff, 0xb0, 0x0, 0x0,
    0x0, 0x1, 0xff, 0xf9, 0xff, 0xfb, 0x0, 0x0,
    0x0, 0x0, 0x1f, 0xff, 0x9f, 0xff, 0xb0, 0x0,
    0x0, 0x0, 0x1, 0xff, 0xf9, 0xff, 0xfb, 0x0,
    0x0, 0x0, 0x0, 0x1f, 0xff, 0x9f, 0xff, 0xb0,
    0x0, 0x0, 0x0, 0x1, 0xff, 0xf9, 0xff, 0xfb,
    0x0, 0x0, 0x0, 0x0, 0x1f, 0xff, 0x9f, 0xff,
    0xb0, 0x0, 0x0, 0x0, 0x1, 0xff, 0xf9, 0xff,
    0xfb, 0x0, 0x0, 0x0, 0x0, 0x1f, 0xff, 0x9f,
    0xff, 0xb0, 0x0, 0x0, 0x0, 0x1, 0xff, 0xf9,
    0xff, 0xfb, 0x0, 0x0, 0x0, 0x0, 0x1f, 0xff,
    0x9f, 0xff, 0xb0, 0x0, 0x0, 0x0, 0x1, 0xff,
    0xf9, 0xff, 0xfb, 0x0, 0x0, 0x0, 0x0, 0x1f,
    0xff, 0x9f, 0xff, 0xb0, 0x0, 0x0, 0x0, 0x1,
    0xff, 0xf9, 0xff, 0xfb, 0x0, 0x0, 0x0, 0x0,
    0x1f, 0xff, 0x8e, 0xff, 0xe0, 0x0, 0x0, 0x0,
    0x4, 0xff, 0xf7, 0xbf, 0xff, 0x50, 0x0, 0x0,
    0x0, 0xbf, 0xff, 0x45, 0xff, 0xfe, 0x30, 0x0,
    0x0, 0x8f, 0xff, 0xe0, 0xc, 0xff, 0xff, 0xb7,
    0x68, 0xdf, 0xff, 0xf6, 0x0, 0x1e, 0xff, 0xff,
    0xff, 0xff, 0xff, 0xfa, 0x0, 0x0, 0x1b, 0xff,
    0xff, 0xff, 0xff, 0xf7, 0x0, 0x0, 0x0, 0x3,
    0x9d, 0xef, 0xec, 0x71, 0x0, 0x0,

    /* U+00DD "Ý" */
    0x0, 0x0, 0x0, 0x0, 0x0, 0x25, 0x54, 0x0,
    0x0, 0x0, 0x0, 0x0, 0x0, 0x0, 0x0, 0xdf,
    0xf7, 0x0, 0x0, 0x0, 0x0, 0x0, 0x0, 0x0,
    0x4, 0xff, 0xc0, 0x0, 0x0, 0x0, 0x0, 0x0,
    0x0, 0x0, 0xb, 0xff, 0x30, 0x0, 0x0, 0x0,
    0x0, 0x0, 0x0, 0x0, 0x2f, 0xf8, 0x0, 0x0,
    0x0, 0x0, 0x0, 0x0, 0x0, 0x0, 0x0, 0x0,
    0x0, 0x0, 0x0, 0x0, 0x0, 0x0, 0x0, 0x0,
    0x0, 0x0, 0x0, 0x0, 0x0, 0x0, 0x1f, 0xff,
    0xf3, 0x0, 0x0, 0x0, 0x0, 0x3f, 0xff, 0xe1,
    0x7, 0xff, 0xfc, 0x0, 0x0, 0x0, 0x0, 0xcf,
    0xff, 0x60, 0x0, 0xdf, 0xff, 0x50, 0x0, 0x0,
    0x4, 0xff, 0xfd, 0x0, 0x0, 0x4f, 0xff, 0xd0,
    0x0, 0x0, 0xd, 0xff, 0xf4, 0x0, 0x0, 0xb,
    0xff, 0xf6, 0x0, 0x0, 0x6f, 0xff, 0xb0, 0x0,
    0x0, 0x2, 0xff, 0xfe, 0x0, 0x0, 0xef, 0xff,
    0x20, 0x0, 0x0, 0x0, 0x8f, 0xff, 0x80, 0x7,
    0xff, 0xf8, 0x0, 0x0, 0x0, 0x0, 0xe, 0xff,
    0xf1, 0xe, 0xff, 0xe0, 0x0, 0x0, 0x0, 0x0,
    0x5, 0xff, 0xf8, 0x7f, 0xff, 0x60, 0x0, 0x0,
    0x0, 0x0, 0x0, 0xcf, 0xfe, 0xdf, 0xfc, 0x0,
    0x0, 0x0, 0x0, 0x0, 0x0, 0x3f, 0xff, 0xff,
    0xf3, 0x0, 0x0, 0x0, 0x0, 0x0, 0x0, 0x9,
    0xff, 0xff, 0xa0, 0x0, 0x0, 0x0, 0x0, 0x0,
    0x0, 0x1, 0xff, 0xff, 0x10, 0x0, 0x0, 0x0,
    0x0, 0x0, 0x0, 0x0, 0xcf, 0xfd, 0x0, 0x0,
    0x0, 0x0, 0x0, 0x0, 0x0, 0x0, 0xcf, 0xfd,
    0x0, 0x0, 0x0, 0x0, 0x0, 0x0, 0x0, 0x0,
    0xcf, 0xfd, 0x0, 0x0, 0x0, 0x0, 0x0, 0x0,
    0x0, 0x0, 0xcf, 0xfd, 0x0, 0x0, 0x0, 0x0,
    0x0, 0x0, 0x0, 0x0, 0xcf, 0xfd, 0x0, 0x0,
    0x0, 0x0, 0x0, 0x0, 0x0, 0x0, 0xcf, 0xfd,
    0x0, 0x0, 0x0, 0x0, 0x0, 0x0, 0x0, 0x0,
    0xcf, 0xfd, 0x0, 0x0, 0x0, 0x0, 0x0, 0x0,
    0x0, 0x0, 0xcf, 0xfd, 0x0, 0x0, 0x0, 0x0,

    /* U+00DE "Þ" */
    0xf, 0xff, 0xa0, 0x0, 0x0, 0x0, 0x0, 0x0,
    0xf, 0xff, 0xa0, 0x0, 0x0, 0x0, 0x0, 0x0,
    0xf, 0xff, 0xa0, 0x0, 0x0, 0x0, 0x0, 0x0,
    0xf, 0xff, 0xa0, 0x0, 0x0, 0x0, 0x0, 0x0,
    0xf, 0xff, 0xff, 0xff, 0xfd, 0xa4, 0x0, 0x0,
    0xf, 0xff, 0xff, 0xff, 0xff, 0xff, 0xb1, 0x0,
    0xf, 0xff, 0xff, 0xff, 0xff, 0xff, 0xfc, 0x0,
    0xf, 0xff, 0xa0, 0x0, 0x14, 0xcf, 0xff, 0x80,
    0xf, 0xff, 0xa0, 0x0, 0x0, 0xd, 0xff, 0xe0,
    0xf, 0xff, 0xa0, 0x0, 0x0, 0x7, 0xff, 0xf1,
    0xf, 0xff, 0xa0, 0x0, 0x0, 0x4, 0xff, 0xf3,
    0xf, 0xff, 0xa0, 0x0, 0x0, 0x6, 0xff, 0xf1,
    0xf, 0xff, 0xa0, 0x0, 0x0, 0xd, 0xff, 0xe0,
    0xf, 0xff, 0xa0, 0x0, 0x3, 0xbf, 0xff, 0x80,
    0xf, 0xff, 0xff, 0xff, 0xff, 0xff, 0xfd, 0x0,
    0xf, 0xff, 0xff, 0xff, 0xff, 0xff, 0xb1, 0x0,
    0xf, 0xff, 0xff, 0xff, 0xfd, 0xa4, 0x0, 0x0,
    0xf, 0xff, 0xa0, 0x0, 0x0, 0x0, 0x0, 0x0,
    0xf, 0xff, 0xa0, 0x0, 0x0, 0x0, 0x0, 0x0,
    0xf, 0xff, 0xa0, 0x0, 0x0, 0x0, 0x0, 0x0,
    0xf, 0xff, 0xa0, 0x0, 0x0, 0x0, 0x0, 0x0,

    /* U+00DF "ß" */
    0x0, 0x6, 0xbe, 0xfe, 0xc8, 0x20, 0x0, 0x0,
    0x2d, 0xff, 0xff, 0xff, 0xff, 0x70, 0x0, 0x1e,
    0xff, 0xff, 0xff, 0xff, 0xff, 0x70, 0x8, 0xff,
    0xfe, 0x63, 0x4a, 0xff, 0xff, 0x10, 0xcf, 0xff,
    0x20, 0x0, 0xa, 0xff, 0xf4, 0xe, 0xff, 0xb0,
    0x0, 0x0, 0x4f, 0xff, 0x60, 0xff, 0xfa, 0x0,
    0x0, 0x3, 0xff, 0xf5, 0xf, 0xff, 0xa0, 0x0,
    0x0, 0x8f, 0xff, 0x10, 0xff, 0xfa, 0x0, 0x1,
    0x7f, 0xff, 0x60, 0xf, 0xff, 0xa0, 0xf, 0xff,
    0xfd, 0x50, 0x0, 0xff, 0xfa, 0x0, 0xff, 0xff,
    0xea, 0x30, 0xf, 0xff, 0xa0, 0xf, 0xff, 0xff,
    0xff, 0x50, 0xff, 0xfa, 0x0, 0x0, 0x17, 0xff,
    0xff, 0x1f, 0xff, 0xa0, 0x0, 0x0, 0x4, 0xff,
    0xf8, 0xff, 0xfa, 0x0, 0x0, 0x0, 0xe, 0xff,
    0xbf, 0xff, 0xa0, 0x0, 0x0, 0x0, 0xef, 0xfb,
    0xff, 0xfa, 0x0, 0x0, 0x0, 0x4f, 0xff, 0xaf,
    0xff, 0xa0, 0x1, 0x12, 0x7f, 0xff, 0xf5, 0xff,
    0xfa, 0x1, 0xff, 0xff, 0xff, 0xfc, 0xf, 0xff,
    0xa0, 0x1f, 0xff, 0xff, 0xfc, 0x10, 0xff, 0xfa,
    0x1, 0xff, 0xfe, 0xb6, 0x0, 0x0,

    /* U+00E0 "à" */
    0x0, 0x5, 0x55, 0x20, 0x0, 0x0, 0x0, 0x0,
    0x9, 0xff, 0xb0, 0x0, 0x0, 0x0, 0x0, 0x0,
    0xef, 0xf2, 0x0, 0x0, 0x0, 0x0, 0x0, 0x5f,
    0xf9, 0x0, 0x0, 0x0, 0x0, 0x0, 0xa, 0xff,
    0x10, 0x0, 0x0, 0x0, 0x0, 0x0, 0x0, 0x0,
    0x0, 0x0, 0x0, 0x0, 0x0, 0x0, 0x0, 0x0,
    0x0, 0x0, 0x4, 0xad, 0xff, 0xd9, 0x30, 0x0,
    0x0, 0xbf, 0xff, 0xff, 0xff, 0xf8, 0x0, 0xb,
    0xff, 0xff, 0xde, 0xff, 0xff, 0x60, 0x4f, 0xff,
    0xb1, 0x0, 0x3e, 0xff, 0xd0, 0x14, 0x7a, 0x0,
    0x0, 0x7, 0xff, 0xf1, 0x0, 0x0, 0x0, 0x0,
    0x7, 0xff, 0xf2, 0x0, 0x0, 0x14, 0x68, 0xbf,
    0xff, 0xf3, 0x0, 0x7d, 0xff, 0xff, 0xff, 0xff,
    0xf3, 0x1d, 0xff, 0xff, 0xfd, 0xaa, 0xff, 0xf3,
    0x9f, 0xff, 0xa3, 0x0, 0x5, 0xff, 0xf3, 0xdf,
    0xfb, 0x0, 0x0, 0x6, 0xff, 0xf3, 0xef, 0xf8,
    0x0, 0x0, 0xb, 0xff, 0xf3, 0xcf, 0xfe, 0x20,
    0x0, 0x9f, 0xff, 0xf3, 0x7f, 0xff, 0xfc, 0xcf,
    0xfd, 0xff, 0xf3, 0xb, 0xff, 0xff, 0xff, 0xd4,
    0xff, 0xf3, 0x0, 0x6c, 0xff, 0xd7, 0x3, 0xff,
    0xf3,

    /* U+00E1 "á" */
    0x0, 0x0, 0x0, 0x3, 0x55, 0x40, 0x0, 0x0,
    0x0, 0x0, 0xe, 0xff, 0x60, 0x0, 0x0, 0x0,
    0x0, 0x5f, 0xfb, 0x0, 0x0, 0x0, 0x0, 0x0,
    0xcf, 0xf2, 0x0, 0x0, 0x0, 0x0, 0x3, 0xff,
    0x70, 0x0, 0x0, 0x0, 0x0, 0x0, 0x0, 0x0,
    0x0, 0x0, 0x0, 0x0, 0x0, 0x0, 0x0, 0x0,
    0x0, 0x0, 0x4, 0xad, 0xff, 0xd9, 0x30, 0x0,
    0x0, 0xbf, 0xff, 0xff, 0xff, 0xf8, 0x0, 0xb,
    0xff, 0xff, 0xde, 0xff, 0xff, 0x60, 0x4f, 0xff,
    0xb1, 0x0, 0x3e, 0xff, 0xd0, 0x14, 0x7a, 0x0,
    0x0, 0x7, 0xff, 0xf1, 0x0, 0x0, 0x0, 0x0,
    0x7, 0xff, 0xf2, 0x0, 0x0, 0x14, 0x68, 0xbf,
    0xff, 0xf3, 0x0, 0x7d, 0xff, 0xff, 0xff, 0xff,
    0xf3, 0x1d, 0xff, 0xff, 0xfd, 0xaa, 0xff, 0xf3,
    0x9f, 0xff, 0xa3, 0x0, 0x5, 0xff, 0xf3, 0xdf,
    0xfb, 0x0, 0x0, 0x6, 0xff, 0xf3, 0xef, 0xf8,
    0x0, 0x0, 0xb, 0xff, 0xf3, 0xcf, 0xfe, 0x20,
    0x0, 0x9f, 0xff, 0xf3, 0x7f, 0xff, 0xfc, 0xcf,
    0xfd, 0xff, 0xf3, 0xb, 0xff, 0xff, 0xff, 0xd4,
    0xff, 0xf3, 0x0, 0x6c, 0xff, 0xd7, 0x3, 0xff,
    0xf3,

    /* U+00E2 "â" */
    0x0, 0x0, 0x6, 0x88, 0x40, 0x0, 0x0, 0x0,
    0x0, 0x7f, 0xff, 0xf4, 0x0, 0x0, 0x0, 0x6,
    0xff, 0xac, 0xff, 0x30, 0x0, 0x0, 0x6f, 0xfc,
    0x1, 0xef, 0xf3, 0x0, 0x0, 0x78, 0x71, 0x0,
    0x28, 0x86, 0x0, 0x0, 0x0, 0x0, 0x0, 0x0,
    0x0, 0x0, 0x0, 0x0, 0x0, 0x0, 0x0, 0x0,
    0x0, 0x0, 0x4, 0xad, 0xff, 0xd9, 0x30, 0x0,
    0x0, 0xbf, 0xff, 0xff, 0xff, 0xf8, 0x0, 0xb,
    0xff, 0xff, 0xde, 0xff, 0xff, 0x60, 0x4f, 0xff,
    0xb1, 0x0, 0x3e, 0xff, 0xd0, 0x14, 0x7a, 0x0,
    0x0, 0x7, 0xff, 0xf1, 0x0, 0x0, 0x0, 0x0,
    0x7, 0xff, 0xf2, 0x0, 0x0, 0x14, 0x68, 0xbf,
    0xff, 0xf3, 0x0, 0x7d, 0xff, 0xff, 0xff, 0xff,
    0xf3, 0x1d, 0xff, 0xff, 0xfd, 0xaa, 0xff, 0xf3,
    0x9f, 0xff, 0xa3, 0x0, 0x5, 0xff, 0xf3, 0xdf,
    0xfb, 0x0, 0x0, 0x6, 0xff, 0xf3, 0xef, 0xf8,
    0x0, 0x0, 0xb, 0xff, 0xf3, 0xcf, 0xfe, 0x20,
    0x0, 0x9f, 0xff, 0xf3, 0x7f, 0xff, 0xfc, 0xcf,
    0xfd, 0xff, 0xf3, 0xb, 0xff, 0xff, 0xff, 0xd4,
    0xff, 0xf3, 0x0, 0x6c, 0xff, 0xd7, 0x3, 0xff,
    0xf3,

    /* U+00E3 "ã" */
    0x0, 0x9, 0xef, 0xff, 0xff, 0xf4, 0x0, 0x0,
    0x6f, 0xff, 0xff, 0xff, 0xa0, 0x0, 0x0, 0x13,
    0x22, 0x22, 0x21, 0x0, 0x0, 0x0, 0x0, 0x0,
    0x0, 0x0, 0x0, 0x0, 0x0, 0x0, 0x0, 0x0,
    0x0, 0x0, 0x0, 0x0, 0x4, 0xad, 0xff, 0xd9,
    0x30, 0x0, 0x0, 0xbf, 0xff, 0xff, 0xff, 0xf8,
    0x0, 0xb, 0xff, 0xff, 0xde, 0xff, 0xff, 0x60,
    0x4f, 0xff, 0xb1, 0x0, 0x3e, 0xff, 0xd0, 0x14,
    0x7a, 0x0, 0x0, 0x7, 0xff, 0xf1, 0x0, 0x0,
    0x0, 0x0, 0x7, 0xff, 0xf2, 0x0, 0x0, 0x14,
    0x68, 0xbf, 0xff, 0xf3, 0x0, 0x7d, 0xff, 0xff,
    0xff, 0xff, 0xf3, 0x1d, 0xff, 0xff, 0xfd, 0xaa,
    0xff, 0xf3, 0x9f, 0xff, 0xa3, 0x0, 0x5, 0xff,
    0xf3, 0xdf, 0xfb, 0x0, 0x0, 0x6, 0xff, 0xf3,
    0xef, 0xf8, 0x0, 0x0, 0xb, 0xff, 0xf3, 0xcf,
    0xfe, 0x20, 0x0, 0x9f, 0xff, 0xf3, 0x7f, 0xff,
    0xfc, 0xcf, 0xfd, 0xff, 0xf3, 0xb, 0xff, 0xff,
    0xff, 0xd4, 0xff, 0xf3, 0x0, 0x6c, 0xff, 0xd7,
    0x3, 0xff, 0xf3,

    /* U+00E4 "ä" */
    0x0, 0x4e, 0xd3, 0x0, 0x5e, 0xd2, 0x0, 0x0,
    0xef, 0xfc, 0x0, 0xef, 0xfb, 0x0, 0x0, 0xdf,
    0xfb, 0x0, 0xef, 0xfa, 0x0, 0x0, 0x3c, 0xb2,
    0x0, 0x3c, 0xb1, 0x0, 0x0, 0x0, 0x0, 0x0,
    0x0, 0x0, 0x0, 0x0, 0x0, 0x0, 0x0, 0x0,
    0x0, 0x0, 0x0, 0x4, 0xad, 0xff, 0xd9, 0x30,
    0x0, 0x0, 0xbf, 0xff, 0xff, 0xff, 0xf8, 0x0,
    0xb, 0xff, 0xff, 0xde, 0xff, 0xff, 0x60, 0x4f,
    0xff, 0xb1, 0x0, 0x3e, 0xff, 0xd0, 0x14, 0x7a,
    0x0, 0x0, 0x7, 0xff, 0xf1, 0x0, 0x0, 0x0,
    0x0, 0x7, 0xff, 0xf2, 0x0, 0x0, 0x14, 0x68,
    0xbf, 0xff, 0xf3, 0x0, 0x7d, 0xff, 0xff, 0xff,
    0xff, 0xf3, 0x1d, 0xff, 0xff, 0xfd, 0xaa, 0xff,
    0xf3, 0x9f, 0xff, 0xa3, 0x0, 0x5, 0xff, 0xf3,
    0xdf, 0xfb, 0x0, 0x0, 0x6, 0xff, 0xf3, 0xef,
    0xf8, 0x0, 0x0, 0xb, 0xff, 0xf3, 0xcf, 0xfe,
    0x20, 0x0, 0x9f, 0xff, 0xf3, 0x7f, 0xff, 0xfc,
    0xcf, 0xfd, 0xff, 0xf3, 0xb, 0xff, 0xff, 0xff,
    0xd4, 0xff, 0xf3, 0x0, 0x6c, 0xff, 0xd7, 0x3,
    0xff, 0xf3,

    /* U+00E5 "å" */
    0x0, 0x0, 0x2b, 0xfe, 0xa1, 0x0, 0x0, 0x0,
    0x2, 0xff, 0xff, 0xfd, 0x0, 0x0, 0x0, 0x9,
    0xfa, 0x0, 0xcf, 0x70, 0x0, 0x0, 0xb, 0xf4,
    0x0, 0x7f, 0x90, 0x0, 0x0, 0x9, 0xfb, 0x12,
    0xdf, 0x60, 0x0, 0x0, 0x1, 0xef, 0xff, 0xfc,
    0x0, 0x0, 0x0, 0x0, 0x19, 0xdc, 0x80, 0x0,
    0x0, 0x0, 0x0, 0x0, 0x0, 0x0, 0x0, 0x0,
    0x0, 0x4, 0xad, 0xff, 0xd9, 0x30, 0x0, 0x0,
    0xbf, 0xff, 0xff, 0xff, 0xf8, 0x0, 0xb, 0xff,
    0xff, 0xde, 0xff, 0xff, 0x60, 0x4f, 0xff, 0xb1,
    0x0, 0x3e, 0xff, 0xd0, 0x14, 0x7a, 0x0, 0x0,
    0x7, 0xff, 0xf1, 0x0, 0x0, 0x0, 0x0, 0x7,
    0xff, 0xf2, 0x0, 0x0, 0x14, 0x68, 0xbf, 0xff,
    0xf3, 0x0, 0x7d, 0xff, 0xff, 0xff, 0xff, 0xf3,
    0x1d, 0xff, 0xff, 0xfd, 0xaa, 0xff, 0xf3, 0x9f,
    0xff, 0xa3, 0x0, 0x5, 0xff, 0xf3, 0xdf, 0xfb,
    0x0, 0x0, 0x6, 0xff, 0xf3, 0xef, 0xf8, 0x0,
    0x0, 0xb, 0xff, 0xf3, 0xcf, 0xfe, 0x20, 0x0,
    0x9f, 0xff, 0xf3, 0x7f, 0xff, 0xfc, 0xcf, 0xfd,
    0xff, 0xf3, 0xb, 0xff, 0xff, 0xff, 0xd4, 0xff,
    0xf3, 0x0, 0x6c, 0xff, 0xd7, 0x3, 0xff, 0xf3,

    /* U+00E6 "æ" */
    0x0, 0x4, 0xad, 0xff, 0xd8, 0x10, 0x5, 0xbe,
    0xfd, 0xa4, 0x0, 0x0, 0x0, 0xbf, 0xff, 0xff,
    0xff, 0xe3, 0xcf, 0xff, 0xff, 0xff, 0xb1, 0x0,
    0xb, 0xff, 0xff, 0xde, 0xff, 0xff, 0xff, 0xfe,
    0xdf, 0xff, 0xfc, 0x0, 0x4f, 0xff, 0xb1, 0x0,
    0x3e, 0xff, 0xff, 0x50, 0x0, 0x7f, 0xff, 0x70,
    0x14, 0x7a, 0x0, 0x0, 0x7, 0xff, 0xf7, 0x0,
    0x0, 0xa, 0xff, 0xe0, 0x0, 0x0, 0x0, 0x0,
    0x5, 0xff, 0xf0, 0x0, 0x0, 0x4, 0xff, 0xf2,
    0x0, 0x0, 0x36, 0x78, 0x8a, 0xff, 0xe8, 0x88,
    0x88, 0x89, 0xff, 0xf4, 0x0, 0x9f, 0xff, 0xff,
    0xff, 0xff, 0xff, 0xff, 0xff, 0xff, 0xff, 0xf5,
    0x1d, 0xff, 0xff, 0xff, 0xff, 0xff, 0xff, 0xff,
    0xff, 0xff, 0xff, 0xf6, 0x8f, 0xff, 0x93, 0x0,
    0x5, 0xff, 0xd0, 0x0, 0x0, 0x0, 0x0, 0x0,
    0xdf, 0xfa, 0x0, 0x0, 0x7, 0xff, 0xf0, 0x0,
    0x0, 0x0, 0x0, 0x0, 0xef, 0xf8, 0x0, 0x0,
    0xc, 0xff, 0xf8, 0x0, 0x0, 0x5, 0xca, 0x81,
    0xdf, 0xfe, 0x40, 0x2, 0xbf, 0xff, 0xff, 0x70,
    0x0, 0x5f, 0xff, 0xd0, 0x7f, 0xff, 0xff, 0xff,
    0xff, 0xcd, 0xff, 0xff, 0xef, 0xff, 0xff, 0x40,
    0xb, 0xff, 0xff, 0xff, 0xfc, 0x11, 0xcf, 0xff,
    0xff, 0xff, 0xf5, 0x0, 0x0, 0x6c, 0xff, 0xea,
    0x50, 0x0, 0x5, 0xbe, 0xff, 0xc8, 0x10, 0x0,

    /* U+00E7 "ç" */
    0x0, 0x0, 0x5b, 0xef, 0xec, 0x60, 0x0, 0x0,
    0x2, 0xdf, 0xff, 0xff, 0xff, 0xd2, 0x0, 0x1,
    0xef, 0xff, 0xff, 0xff, 0xff, 0xe1, 0x0, 0xaf,
    0xff, 0xa2, 0x2, 0xaf, 0xff, 0x90, 0x2f, 0xff,
    0xc0, 0x0, 0x0, 0xbf, 0xfe, 0x7, 0xff, 0xf4,
    0x0, 0x0, 0x3, 0x73, 0x0, 0xaf, 0xff, 0x0,
    0x0, 0x0, 0x0, 0x0, 0xb, 0xff, 0xe0, 0x0,
    0x0, 0x0, 0x0, 0x0, 0xbf, 0xfe, 0x0, 0x0,
    0x0, 0x0, 0x0, 0xa, 0xff, 0xf0, 0x0, 0x0,
    0x0, 0x0, 0x0, 0x7f, 0xff, 0x40, 0x0, 0x0,
    0x39, 0x52, 0x2, 0xff, 0xfb, 0x0, 0x0, 0xb,
    0xff, 0xf0, 0xa, 0xff, 0xfa, 0x20, 0x2a, 0xff,
    0xf9, 0x0, 0x1e, 0xff, 0xff, 0xff, 0xff, 0xfe,
    0x10, 0x0, 0x2d, 0xff, 0xff, 0xff, 0xfd, 0x20,
    0x0, 0x0, 0x5, 0xbf, 0xff, 0xc6, 0x0, 0x0,
    0x0, 0x0, 0x0, 0x6f, 0x40, 0x0, 0x0, 0x0,
    0x0, 0x0, 0x8, 0xff, 0xc2, 0x0, 0x0, 0x0,
    0x0, 0x0, 0x46, 0xbf, 0xb0, 0x0, 0x0, 0x0,
    0x0, 0x0, 0x4, 0xfd, 0x0, 0x0, 0x0, 0x0,
    0x1, 0x99, 0xdf, 0xa0, 0x0, 0x0, 0x0, 0x0,
    0x2f, 0xfe, 0xa1, 0x0, 0x0,

    /* U+00E8 "è" */
    0x0, 0x3, 0x55, 0x40, 0x0, 0x0, 0x0, 0x0,
    0x0, 0x2f, 0xff, 0x20, 0x0, 0x0, 0x0, 0x0,
    0x0, 0x8f, 0xf9, 0x0, 0x0, 0x0, 0x0, 0x0,
    0x0, 0xdf, 0xf0, 0x0, 0x0, 0x0, 0x0, 0x0,
    0x4, 0xff, 0x70, 0x0, 0x0, 0x0, 0x0, 0x0,
    0x0, 0x0, 0x0, 0x0, 0x0, 0x0, 0x0, 0x0,
    0x0, 0x0, 0x0, 0x0, 0x0, 0x0, 0x6, 0xce,
    0xfd, 0xa4, 0x0, 0x0, 0x0, 0x2d, 0xff, 0xff,
    0xff, 0xfb, 0x10, 0x0, 0x1e, 0xff, 0xff, 0xef,
    0xff, 0xfb, 0x0, 0xa, 0xff, 0xf6, 0x0, 0x19,
    0xff, 0xf7, 0x2, 0xff, 0xf7, 0x0, 0x0, 0xb,
    0xff, 0xe0, 0x7f, 0xff, 0x0, 0x0, 0x0, 0x4f,
    0xff, 0x2a, 0xff, 0xe8, 0x88, 0x88, 0x88, 0xff,
    0xf4, 0xbf, 0xff, 0xff, 0xff, 0xff, 0xff, 0xff,
    0x5b, 0xff, 0xff, 0xff, 0xff, 0xff, 0xff, 0xf6,
    0xaf, 0xfd, 0x0, 0x0, 0x0, 0x0, 0x0, 0x7,
    0xff, 0xf0, 0x0, 0x0, 0x0, 0x0, 0x0, 0x2f,
    0xff, 0x80, 0x0, 0x0, 0x4b, 0x85, 0x0, 0xbf,
    0xff, 0x71, 0x0, 0x5e, 0xff, 0xd0, 0x1, 0xef,
    0xff, 0xfe, 0xff, 0xff, 0xf4, 0x0, 0x2, 0xdf,
    0xff, 0xff, 0xff, 0xf5, 0x0, 0x0, 0x0, 0x5b,
    0xdf, 0xfc, 0x81, 0x0, 0x0,

    /* U+00E9 "é" */
    0x0, 0x0, 0x0, 0x0, 0x55, 0x51, 0x0, 0x0,
    0x0, 0x0, 0x0, 0x7f, 0xfc, 0x0, 0x0, 0x0,
    0x0, 0x0, 0xe, 0xff, 0x20, 0x0, 0x0, 0x0,
    0x0, 0x5, 0xff, 0x80, 0x0, 0x0, 0x0, 0x0,
    0x0, 0xcf, 0xd0, 0x0, 0x0, 0x0, 0x0, 0x0,
    0x0, 0x0, 0x0, 0x0, 0x0, 0x0, 0x0, 0x0,
    0x0, 0x0, 0x0, 0x0, 0x0, 0x0, 0x6, 0xce,
    0xfd, 0xa4, 0x0, 0x0, 0x0, 0x2d, 0xff, 0xff,
    0xff, 0xfb, 0x10, 0x0, 0x1e, 0xff, 0xff, 0xef,
    0xff, 0xfb, 0x0, 0xa, 0xff, 0xf6, 0x0, 0x19,
    0xff, 0xf7, 0x2, 0xff, 0xf7, 0x0, 0x0, 0xb,
    0xff, 0xe0, 0x7f, 0xff, 0x0, 0x0, 0x0, 0x4f,
    0xff, 0x2a, 0xff, 0xe8, 0x88, 0x88, 0x88, 0xff,
    0xf4, 0xbf, 0xff, 0xff, 0xff, 0xff, 0xff, 0xff,
    0x5b, 0xff, 0xff, 0xff, 0xff, 0xff, 0xff, 0xf6,
    0xaf, 0xfd, 0x0, 0x0, 0x0, 0x0, 0x0, 0x7,
    0xff, 0xf0, 0x0, 0x0, 0x0, 0x0, 0x0, 0x2f,
    0xff, 0x80, 0x0, 0x0, 0x4b, 0x85, 0x0, 0xbf,
    0xff, 0x71, 0x0, 0x5e, 0xff, 0xd0, 0x1, 0xef,
    0xff, 0xfe, 0xff, 0xff, 0xf4, 0x0, 0x2, 0xdf,
    0xff, 0xff, 0xff, 0xf5, 0x0, 0x0, 0x0, 0x5b,
    0xdf, 0xfc, 0x81, 0x0, 0x0,

    /* U+00EA "ê" */
    0x0, 0x0, 0x2, 0x88, 0x70, 0x0, 0x0, 0x0,
    0x0, 0x2, 0xef, 0xff, 0xb0, 0x0, 0x0, 0x0,
    0x1, 0xef, 0xe8, 0xff, 0xa0, 0x0, 0x0, 0x1,
    0xdf, 0xf4, 0x8, 0xff, 0x80, 0x0, 0x0, 0x58,
    0x84, 0x0, 0x7, 0x88, 0x20, 0x0, 0x0, 0x0,
    0x0, 0x0, 0x0, 0x0, 0x0, 0x0, 0x0, 0x0,
    0x0, 0x0, 0x0, 0x0, 0x0, 0x0, 0x6, 0xce,
    0xfd, 0xa4, 0x0, 0x0, 0x0, 0x2d, 0xff, 0xff,
    0xff, 0xfb, 0x10, 0x0, 0x1e, 0xff, 0xff, 0xef,
    0xff, 0xfb, 0x0, 0xa, 0xff, 0xf6, 0x0, 0x19,
    0xff, 0xf7, 0x2, 0xff, 0xf7, 0x0, 0x0, 0xb,
    0xff, 0xe0, 0x7f, 0xff, 0x0, 0x0, 0x0, 0x4f,
    0xff, 0x2a, 0xff, 0xe8, 0x88, 0x88, 0x88, 0xff,
    0xf4, 0xbf, 0xff, 0xff, 0xff, 0xff, 0xff, 0xff,
    0x5b, 0xff, 0xff, 0xff, 0xff, 0xff, 0xff, 0xf6,
    0xaf, 0xfd, 0x0, 0x0, 0x0, 0x0, 0x0, 0x7,
    0xff, 0xf0, 0x0, 0x0, 0x0, 0x0, 0x0, 0x2f,
    0xff, 0x80, 0x0, 0x0, 0x4b, 0x85, 0x0, 0xbf,
    0xff, 0x71, 0x0, 0x5e, 0xff, 0xd0, 0x1, 0xef,
    0xff, 0xfe, 0xff, 0xff, 0xf4, 0x0, 0x2, 0xdf,
    0xff, 0xff, 0xff, 0xf5, 0x0, 0x0, 0x0, 0x5b,
    0xdf, 0xfc, 0x81, 0x0, 0x0,

    /* U+00EB "ë" */
    0x0, 0x1b, 0xf8, 0x0, 0x1c, 0xf7, 0x0, 0x0,
    0x7, 0xff, 0xf2, 0x8, 0xff, 0xf2, 0x0, 0x0,
    0x6f, 0xff, 0x20, 0x7f, 0xff, 0x10, 0x0, 0x0,
    0x9c, 0x60, 0x0, 0x9c, 0x50, 0x0, 0x0, 0x0,
    0x0, 0x0, 0x0, 0x0, 0x0, 0x0, 0x0, 0x0,
    0x0, 0x0, 0x0, 0x0, 0x0, 0x0, 0x0, 0x6c,
    0xef, 0xda, 0x40, 0x0, 0x0, 0x2, 0xdf, 0xff,
    0xff, 0xff, 0xb1, 0x0, 0x1, 0xef, 0xff, 0xfe,
    0xff, 0xff, 0xb0, 0x0, 0xaf, 0xff, 0x60, 0x1,
    0x9f, 0xff, 0x70, 0x2f, 0xff, 0x70, 0x0, 0x0,
    0xbf, 0xfe, 0x7, 0xff, 0xf0, 0x0, 0x0, 0x4,
    0xff, 0xf2, 0xaf, 0xfe, 0x88, 0x88, 0x88, 0x8f,
    0xff, 0x4b, 0xff, 0xff, 0xff, 0xff, 0xff, 0xff,
    0xf5, 0xbf, 0xff, 0xff, 0xff, 0xff, 0xff, 0xff,
    0x6a, 0xff, 0xd0, 0x0, 0x0, 0x0, 0x0, 0x0,
    0x7f, 0xff, 0x0, 0x0, 0x0, 0x0, 0x0, 0x2,
    0xff, 0xf8, 0x0, 0x0, 0x4, 0xb8, 0x50, 0xb,
    0xff, 0xf7, 0x10, 0x5, 0xef, 0xfd, 0x0, 0x1e,
    0xff, 0xff, 0xef, 0xff, 0xff, 0x40, 0x0, 0x2d,
    0xff, 0xff, 0xff, 0xff, 0x50, 0x0, 0x0, 0x5,
    0xbd, 0xff, 0xc8, 0x10, 0x0,

    /* U+00EC "ì" */
    0x1f, 0xff, 0x50, 0x0, 0x6f, 0xfc, 0x0, 0x0,
    0xcf, 0xf3, 0x0, 0x2, 0xff, 0xa0, 0x0, 0x3,
    0x54, 0x0, 0x0, 0x0, 0x0, 0x0, 0x1f, 0xff,
    0x70, 0x1, 0xff, 0xf7, 0x0, 0x1f, 0xff, 0x70,
    0x1, 0xff, 0xf7, 0x0, 0x1f, 0xff, 0x70, 0x1,
    0xff, 0xf7, 0x0, 0x1f, 0xff, 0x70, 0x1, 0xff,
    0xf7, 0x0, 0x1f, 0xff, 0x70, 0x1, 0xff, 0xf7,
    0x0, 0x1f, 0xff, 0x70, 0x1, 0xff, 0xf7, 0x0,
    0x1f, 0xff, 0x70, 0x1, 0xff, 0xf7, 0x0, 0x1f,
    0xff, 0x70, 0x1, 0xff, 0xf7,

    /* U+00ED "í" */
    0x0, 0xf, 0xff, 0x50, 0x7, 0xff, 0xb0, 0x0,
    0xdf, 0xf1, 0x0, 0x5f, 0xf6, 0x0, 0x3, 0x55,
    0x0, 0x0, 0x0, 0x0, 0x0, 0x1f, 0xff, 0x70,
    0x1, 0xff, 0xf7, 0x0, 0x1f, 0xff, 0x70, 0x1,
    0xff, 0xf7, 0x0, 0x1f, 0xff, 0x70, 0x1, 0xff,
    0xf7, 0x0, 0x1f, 0xff, 0x70, 0x1, 0xff, 0xf7,
    0x0, 0x1f, 0xff, 0x70, 0x1, 0xff, 0xf7, 0x0,
    0x1f, 0xff, 0x70, 0x1, 0xff, 0xf7, 0x0, 0x1f,
    0xff, 0x70, 0x1, 0xff, 0xf7, 0x0, 0x1f, 0xff,
    0x70, 0x1, 0xff, 0xf7, 0x0,

    /* U+00EE "î" */
    0x0, 0x4, 0xff, 0xf8, 0x0, 0x0, 0x3, 0xff,
    0xef, 0xf7, 0x0, 0x3, 0xff, 0xe1, 0xaf, 0xf6,
    0x2, 0xef, 0xf2, 0x0, 0xcf, 0xf5, 0x0, 0x0,
    0x0, 0x0, 0x0, 0x0, 0x0, 0x0, 0x0, 0x0,
    0x0, 0x0, 0x1, 0xff, 0xf7, 0x0, 0x0, 0x0,
    0x1f, 0xff, 0x70, 0x0, 0x0, 0x1, 0xff, 0xf7,
    0x0, 0x0, 0x0, 0x1f, 0xff, 0x70, 0x0, 0x0,
    0x1, 0xff, 0xf7, 0x0, 0x0, 0x0, 0x1f, 0xff,
    0x70, 0x0, 0x0, 0x1, 0xff, 0xf7, 0x0, 0x0,
    0x0, 0x1f, 0xff, 0x70, 0x0, 0x0, 0x1, 0xff,
    0xf7, 0x0, 0x0, 0x0, 0x1f, 0xff, 0x70, 0x0,
    0x0, 0x1, 0xff, 0xf7, 0x0, 0x0, 0x0, 0x1f,
    0xff, 0x70, 0x0, 0x0, 0x1, 0xff, 0xf7, 0x0,
    0x0, 0x0, 0x1f, 0xff, 0x70, 0x0, 0x0, 0x1,
    0xff, 0xf7, 0x0, 0x0, 0x0, 0x1f, 0xff, 0x70,
    0x0,

    /* U+00EF "ï" */
    0x8, 0xfc, 0x10, 0x8, 0xfb, 0x2, 0xff, 0xf7,
    0x2, 0xff, 0xf7, 0x1f, 0xff, 0x70, 0x2f, 0xff,
    0x60, 0x6c, 0x90, 0x0, 0x6c, 0x90, 0x0, 0x0,
    0x0, 0x0, 0x0, 0x0, 0x0, 0x0, 0x0, 0x0,
    0x0, 0x0, 0x1, 0xff, 0xf7, 0x0, 0x0, 0x0,
    0x1f, 0xff, 0x70, 0x0, 0x0, 0x1, 0xff, 0xf7,
    0x0, 0x0, 0x0, 0x1f, 0xff, 0x70, 0x0, 0x0,
    0x1, 0xff, 0xf7, 0x0, 0x0, 0x0, 0x1f, 0xff,
    0x70, 0x0, 0x0, 0x1, 0xff, 0xf7, 0x0, 0x0,
    0x0, 0x1f, 0xff, 0x70, 0x0, 0x0, 0x1, 0xff,
    0xf7, 0x0, 0x0, 0x0, 0x1f, 0xff, 0x70, 0x0,
    0x0, 0x1, 0xff, 0xf7, 0x0, 0x0, 0x0, 0x1f,
    0xff, 0x70, 0x0, 0x0, 0x1, 0xff, 0xf7, 0x0,
    0x0, 0x0, 0x1f, 0xff, 0x70, 0x0, 0x0, 0x1,
    0xff, 0xf7, 0x0, 0x0, 0x0, 0x1f, 0xff, 0x70,
    0x0,

    /* U+00F0 "ð" */
    0x0, 0x4, 0x20, 0x0, 0x0, 0x0, 0x0, 0x0,
    0x0, 0xcf, 0xb3, 0x0, 0x6, 0xb0, 0x0, 0x0,
    0xd, 0xff, 0xf9, 0x6d, 0xff, 0x0, 0x0, 0x0,
    0x7, 0xff, 0xff, 0xf9, 0x10, 0x0, 0x0, 0x0,
    0x5d, 0xff, 0xfe, 0x20, 0x0, 0x0, 0x1, 0xcf,
    0xfb, 0xbf, 0xfd, 0x10, 0x0, 0x0, 0xf, 0xb3,
    0x0, 0xaf, 0xfb, 0x0, 0x0, 0x0, 0x20, 0x0,
    0x0, 0xdf, 0xf5, 0x0, 0x0, 0x2, 0xad, 0xfd,
    0x83, 0xff, 0xe0, 0x0, 0x6, 0xff, 0xff, 0xff,
    0xda, 0xff, 0x60, 0x4, 0xff, 0xfe, 0x98, 0xbf,
    0xff, 0xfc, 0x0, 0xef, 0xfd, 0x10, 0x0, 0x4f,
    0xff, 0xf0, 0x4f, 0xff, 0x40, 0x0, 0x0, 0x9f,
    0xff, 0x39, 0xff, 0xe0, 0x0, 0x0, 0x3, 0xff,
    0xf5, 0xbf, 0xfc, 0x0, 0x0, 0x0, 0xf, 0xff,
    0x6c, 0xff, 0xa0, 0x0, 0x0, 0x0, 0xff, 0xf5,
    0xaf, 0xfc, 0x0, 0x0, 0x0, 0x1f, 0xff, 0x38,
    0xff, 0xf0, 0x0, 0x0, 0x5, 0xff, 0xf1, 0x3f,
    0xff, 0x80, 0x0, 0x0, 0xcf, 0xfb, 0x0, 0xcf,
    0xff, 0x71, 0x2, 0xaf, 0xff, 0x40, 0x2, 0xff,
    0xff, 0xff, 0xff, 0xff, 0xa0, 0x0, 0x3, 0xef,
    0xff, 0xff, 0xff, 0x90, 0x0, 0x0, 0x1, 0x7c,
    0xef, 0xea, 0x40, 0x0, 0x0,

    /* U+00F1 "ñ" */
    0x0, 0x1, 0xaf, 0xea, 0x56, 0xff, 0x0, 0x0,
    0x0, 0x9f, 0xff, 0xff, 0xff, 0xb0, 0x0, 0x0,
    0xd, 0xf7, 0x49, 0xdf, 0xb1, 0x0, 0x0, 0x0,
    0x0, 0x0, 0x0, 0x0, 0x0, 0x0, 0x0, 0x0,
    0x0, 0x0, 0x0, 0x0, 0x0, 0x1, 0xff, 0xf4,
    0x5, 0xce, 0xfc, 0x60, 0x0, 0x1f, 0xff, 0x49,
    0xff, 0xff, 0xff, 0xb0, 0x1, 0xff, 0xf9, 0xff,
    0xff, 0xff, 0xff, 0x70, 0x1f, 0xff, 0xfc, 0x30,
    0x18, 0xff, 0xfe, 0x1, 0xff, 0xfe, 0x10, 0x0,
    0xc, 0xff, 0xf1, 0x1f, 0xff, 0x90, 0x0, 0x0,
    0x6f, 0xff, 0x31, 0xff, 0xf7, 0x0, 0x0, 0x5,
    0xff, 0xf4, 0x1f, 0xff, 0x70, 0x0, 0x0, 0x5f,
    0xff, 0x41, 0xff, 0xf7, 0x0, 0x0, 0x5, 0xff,
    0xf4, 0x1f, 0xff, 0x70, 0x0, 0x0, 0x5f, 0xff,
    0x41, 0xff, 0xf7, 0x0, 0x0, 0x5, 0xff, 0xf4,
    0x1f, 0xff, 0x70, 0x0, 0x0, 0x5f, 0xff, 0x41,
    0xff, 0xf7, 0x0, 0x0, 0x5, 0xff, 0xf4, 0x1f,
    0xff, 0x70, 0x0, 0x0, 0x5f, 0xff, 0x41, 0xff,
    0xf7, 0x0, 0x0, 0x5, 0xff, 0xf4, 0x1f, 0xff,
    0x70, 0x0, 0x0, 0x5f, 0xff, 0x40,

    /* U+00F2 "ò" */
    0x0, 0x2, 0x55, 0x50, 0x0, 0x0, 0x0, 0x0,
    0x0, 0x1e, 0xff, 0x40, 0x0, 0x0, 0x0, 0x0,
    0x0, 0x5f, 0xfb, 0x0, 0x0, 0x0, 0x0, 0x0,
    0x0, 0xbf, 0xf2, 0x0, 0x0, 0x0, 0x0, 0x0,
    0x1, 0xff, 0x90, 0x0, 0x0, 0x0, 0x0, 0x0,
    0x0, 0x0, 0x0, 0x0, 0x0, 0x0, 0x0, 0x0,
    0x0, 0x0, 0x0, 0x0, 0x0, 0x0, 0x5, 0xbe,
    0xfe, 0xb5, 0x0, 0x0, 0x0, 0x2d, 0xff, 0xff,
    0xff, 0xfd, 0x20, 0x0, 0x1e, 0xff, 0xff, 0xff,
    0xff, 0xfe, 0x10, 0xa, 0xff, 0xfa, 0x20, 0x2a,
    0xff, 0xfb, 0x2, 0xff, 0xfb, 0x0, 0x0, 0xb,
    0xff, 0xf2, 0x7f, 0xff, 0x30, 0x0, 0x0, 0x3f,
    0xff, 0x8a, 0xff, 0xf0, 0x0, 0x0, 0x0, 0xef,
    0xfa, 0xbf, 0xfe, 0x0, 0x0, 0x0, 0xd, 0xff,
    0xcb, 0xff, 0xe0, 0x0, 0x0, 0x0, 0xdf, 0xfc,
    0xaf, 0xff, 0x0, 0x0, 0x0, 0xe, 0xff, 0xa7,
    0xff, 0xf4, 0x0, 0x0, 0x3, 0xff, 0xf8, 0x2f,
    0xff, 0xb0, 0x0, 0x0, 0xbf, 0xff, 0x20, 0xaf,
    0xff, 0xa2, 0x2, 0xaf, 0xff, 0xb0, 0x1, 0xef,
    0xff, 0xff, 0xff, 0xff, 0xe1, 0x0, 0x2, 0xdf,
    0xff, 0xff, 0xff, 0xd2, 0x0, 0x0, 0x0, 0x5b,
    0xef, 0xeb, 0x60, 0x0, 0x0,

    /* U+00F3 "ó" */
    0x0, 0x0, 0x0, 0x0, 0x55, 0x52, 0x0, 0x0,
    0x0, 0x0, 0x0, 0x4f, 0xfe, 0x10, 0x0, 0x0,
    0x0, 0x0, 0xb, 0xff, 0x50, 0x0, 0x0, 0x0,
    0x0, 0x2, 0xff, 0xb0, 0x0, 0x0, 0x0, 0x0,
    0x0, 0x9f, 0xf1, 0x0, 0x0, 0x0, 0x0, 0x0,
    0x0, 0x0, 0x0, 0x0, 0x0, 0x0, 0x0, 0x0,
    0x0, 0x0, 0x0, 0x0, 0x0, 0x0, 0x5, 0xbe,
    0xfe, 0xb5, 0x0, 0x0, 0x0, 0x2d, 0xff, 0xff,
    0xff, 0xfd, 0x20, 0x0, 0x1e, 0xff, 0xff, 0xff,
    0xff, 0xfe, 0x10, 0xa, 0xff, 0xfa, 0x20, 0x2a,
    0xff, 0xfb, 0x2, 0xff, 0xfb, 0x0, 0x0, 0xb,
    0xff, 0xf2, 0x7f, 0xff, 0x30, 0x0, 0x0, 0x3f,
    0xff, 0x8a, 0xff, 0xf0, 0x0, 0x0, 0x0, 0xef,
    0xfa, 0xbf, 0xfe, 0x0, 0x0, 0x0, 0xd, 0xff,
    0xcb, 0xff, 0xe0, 0x0, 0x0, 0x0, 0xdf, 0xfc,
    0xaf, 0xff, 0x0, 0x0, 0x0, 0xe, 0xff, 0xa7,
    0xff, 0xf4, 0x0, 0x0, 0x3, 0xff, 0xf8, 0x2f,
    0xff, 0xb0, 0x0, 0x0, 0xbf, 0xff, 0x20, 0xaf,
    0xff, 0xa2, 0x2, 0xaf, 0xff, 0xb0, 0x1, 0xef,
    0xff, 0xff, 0xff, 0xff, 0xe1, 0x0, 0x2, 0xdf,
    0xff, 0xff, 0xff, 0xd2, 0x0, 0x0, 0x0, 0x5b,
    0xef, 0xeb, 0x60, 0x0, 0x0,

    /* U+00F4 "ô" */
    0x0, 0x0, 0x1, 0x78, 0x71, 0x0, 0x0, 0x0,
    0x0, 0x1, 0xcf, 0xff, 0xd0, 0x0, 0x0, 0x0,
    0x0, 0xcf, 0xf7, 0xff, 0xc0, 0x0, 0x0, 0x0,
    0xbf, 0xf6, 0x6, 0xff, 0xb0, 0x0, 0x0, 0x38,
    0x86, 0x0, 0x6, 0x88, 0x30, 0x0, 0x0, 0x0,
    0x0, 0x0, 0x0, 0x0, 0x0, 0x0, 0x0, 0x0,
    0x0, 0x0, 0x0, 0x0, 0x0, 0x0, 0x5, 0xbe,
    0xfe, 0xb5, 0x0, 0x0, 0x0, 0x2d, 0xff, 0xff,
    0xff, 0xfd, 0x20, 0x0, 0x1e, 0xff, 0xff, 0xff,
    0xff, 0xfe, 0x10, 0xa, 0xff, 0xfa, 0x20, 0x2a,
    0xff, 0xfb, 0x2, 0xff, 0xfb, 0x0, 0x0, 0xb,
    0xff, 0xf2, 0x7f, 0xff, 0x30, 0x0, 0x0, 0x3f,
    0xff, 0x8a, 0xff, 0xf0, 0x0, 0x0, 0x0, 0xef,
    0xfa, 0xbf, 0xfe, 0x0, 0x0, 0x0, 0xd, 0xff,
    0xcb, 0xff, 0xe0, 0x0, 0x0, 0x0, 0xdf, 0xfc,
    0xaf, 0xff, 0x0, 0x0, 0x0, 0xe, 0xff, 0xa7,
    0xff, 0xf4, 0x0, 0x0, 0x3, 0xff, 0xf8, 0x2f,
    0xff, 0xb0, 0x0, 0x0, 0xbf, 0xff, 0x20, 0xaf,
    0xff, 0xa2, 0x2, 0xaf, 0xff, 0xb0, 0x1, 0xef,
    0xff, 0xff, 0xff, 0xff, 0xe1, 0x0, 0x2, 0xdf,
    0xff, 0xff, 0xff, 0xd2, 0x0, 0x0, 0x0, 0x5b,
    0xef, 0xeb, 0x60, 0x0, 0x0,

    /* U+00F5 "õ" */
    0x0, 0x2, 0xcf, 0xff, 0xff, 0xfe, 0x0, 0x0,
    0x0, 0xcf, 0xff, 0xff, 0xfe, 0x50, 0x0, 0x0,
    0x2, 0x32, 0x22, 0x32, 0x0, 0x0, 0x0, 0x0,
    0x0, 0x0, 0x0, 0x0, 0x0, 0x0, 0x0, 0x0,
    0x0, 0x0, 0x0, 0x0, 0x0, 0x0, 0x0, 0x5,
    0xbe, 0xfe, 0xb5, 0x0, 0x0, 0x0, 0x2d, 0xff,
    0xff, 0xff, 0xfd, 0x20, 0x0, 0x1e, 0xff, 0xff,
    0xff, 0xff, 0xfe, 0x10, 0xa, 0xff, 0xfa, 0x20,
    0x2a, 0xff, 0xfb, 0x2, 0xff, 0xfb, 0x0, 0x0,
    0xb, 0xff, 0xf2, 0x7f, 0xff, 0x30, 0x0, 0x0,
    0x3f, 0xff, 0x8a, 0xff, 0xf0, 0x0, 0x0, 0x0,
    0xef, 0xfa, 0xbf, 0xfe, 0x0, 0x0, 0x0, 0xd,
    0xff, 0xcb, 0xff, 0xe0, 0x0, 0x0, 0x0, 0xdf,
    0xfc, 0xaf, 0xff, 0x0, 0x0, 0x0, 0xe, 0xff,
    0xa7, 0xff, 0xf4, 0x0, 0x0, 0x3, 0xff, 0xf8,
    0x2f, 0xff, 0xb0, 0x0, 0x0, 0xbf, 0xff, 0x20,
    0xaf, 0xff, 0xa2, 0x2, 0xaf, 0xff, 0xb0, 0x1,
    0xef, 0xff, 0xff, 0xff, 0xff, 0xe1, 0x0, 0x2,
    0xdf, 0xff, 0xff, 0xff, 0xd2, 0x0, 0x0, 0x0,
    0x5b, 0xef, 0xeb, 0x60, 0x0, 0x0,

    /* U+00F6 "ö" */
    0x0, 0xa, 0xfa, 0x0, 0xa, 0xfa, 0x0, 0x0,
    0x4, 0xff, 0xf5, 0x5, 0xff, 0xf5, 0x0, 0x0,
    0x3f, 0xff, 0x40, 0x4f, 0xff, 0x40, 0x0, 0x0,
    0x7c, 0x80, 0x0, 0x8d, 0x80, 0x0, 0x0, 0x0,
    0x0, 0x0, 0x0, 0x0, 0x0, 0x0, 0x0, 0x0,
    0x0, 0x0, 0x0, 0x0, 0x0, 0x0, 0x0, 0x5b,
    0xef, 0xeb, 0x50, 0x0, 0x0, 0x2, 0xdf, 0xff,
    0xff, 0xff, 0xd2, 0x0, 0x1, 0xef, 0xff, 0xff,
    0xff, 0xff, 0xe1, 0x0, 0xaf, 0xff, 0xa2, 0x2,
    0xaf, 0xff, 0xb0, 0x2f, 0xff, 0xb0, 0x0, 0x0,
    0xbf, 0xff, 0x27, 0xff, 0xf3, 0x0, 0x0, 0x3,
    0xff, 0xf8, 0xaf, 0xff, 0x0, 0x0, 0x0, 0xe,
    0xff, 0xab, 0xff, 0xe0, 0x0, 0x0, 0x0, 0xdf,
    0xfc, 0xbf, 0xfe, 0x0, 0x0, 0x0, 0xd, 0xff,
    0xca, 0xff, 0xf0, 0x0, 0x0, 0x0, 0xef, 0xfa,
    0x7f, 0xff, 0x40, 0x0, 0x0, 0x3f, 0xff, 0x82,
    0xff, 0xfb, 0x0, 0x0, 0xb, 0xff, 0xf2, 0xa,
    0xff, 0xfa, 0x20, 0x2a, 0xff, 0xfb, 0x0, 0x1e,
    0xff, 0xff, 0xff, 0xff, 0xfe, 0x10, 0x0, 0x2d,
    0xff, 0xff, 0xff, 0xfd, 0x20, 0x0, 0x0, 0x5,
    0xbe, 0xfe, 0xb6, 0x0, 0x0,

    /* U+00F7 "÷" */
    0x0, 0x0, 0x1, 0xbf, 0xa0, 0x0, 0x0, 0x0,
    0x0, 0x0, 0x9f, 0xff, 0x60, 0x0, 0x0, 0x0,
    0x0, 0xb, 0xff, 0xf8, 0x0, 0x0, 0x0, 0x0,
    0x0, 0x5f, 0xff, 0x20, 0x0, 0x0, 0x0, 0x0,
    0x0, 0x36, 0x20, 0x0, 0x0, 0x0, 0x0, 0x0,
    0x0, 0x0, 0x0, 0x0, 0x0, 0x5f, 0xff, 0xff,
    0xff, 0xff, 0xff, 0xff, 0x25, 0xff, 0xff, 0xff,
    0xff, 0xff, 0xff, 0xf2, 0x5f, 0xff, 0xff, 0xff,
    0xff, 0xff, 0xff, 0x20, 0x11, 0x11, 0x11, 0x11,
    0x11, 0x11, 0x10, 0x0, 0x0, 0x0, 0x0, 0x0,
    0x0, 0x0, 0x0, 0x0, 0x0, 0x1b, 0xfa, 0x0,
    0x0, 0x0, 0x0, 0x0, 0x9, 0xff, 0xf6, 0x0,
    0x0, 0x0, 0x0, 0x0, 0xbf, 0xff, 0x80, 0x0,
    0x0, 0x0, 0x0, 0x5, 0xff, 0xf2, 0x0, 0x0,
    0x0, 0x0, 0x0, 0x3, 0x62, 0x0, 0x0, 0x0,

    /* U+00F8 "ø" */
    0x0, 0x0, 0x0, 0x0, 0x0, 0x0, 0x3, 0x0,
    0x0, 0x5, 0xbe, 0xfe, 0xb5, 0x5, 0xf8, 0x0,
    0x2d, 0xff, 0xff, 0xff, 0xff, 0xff, 0x50, 0x1e,
    0xff, 0xff, 0xff, 0xff, 0xff, 0x90, 0xa, 0xff,
    0xfa, 0x20, 0x2b, 0xff, 0xfb, 0x2, 0xff, 0xfb,
    0x0, 0x0, 0xbf, 0xff, 0xf2, 0x7f, 0xff, 0x30,
    0x0, 0x9f, 0xff, 0xff, 0x8a, 0xff, 0xf0, 0x0,
    0x6f, 0xf3, 0xef, 0xfa, 0xbf, 0xfe, 0x0, 0x4f,
    0xf4, 0xd, 0xff, 0xcb, 0xff, 0xe0, 0x2f, 0xf7,
    0x0, 0xdf, 0xfc, 0xaf, 0xff, 0x1d, 0xf9, 0x0,
    0xe, 0xff, 0xa7, 0xff, 0xff, 0xfb, 0x0, 0x3,
    0xff, 0xf8, 0x2f, 0xff, 0xfd, 0x10, 0x0, 0xbf,
    0xff, 0x20, 0xaf, 0xff, 0xd2, 0x2, 0xaf, 0xff,
    0xb0, 0x6, 0xff, 0xff, 0xff, 0xff, 0xff, 0xe1,
    0x3, 0xff, 0xff, 0xff, 0xff, 0xff, 0xd2, 0x0,
    0x9f, 0x80, 0x5b, 0xef, 0xeb, 0x60, 0x0, 0x0,
    0x60, 0x0, 0x0, 0x0, 0x0, 0x0, 0x0,

    /* U+00F9 "ù" */
    0x0, 0x1, 0x55, 0x50, 0x0, 0x0, 0x0, 0x0,
    0x0, 0xe, 0xff, 0x60, 0x0, 0x0, 0x0, 0x0,
    0x0, 0x4f, 0xfc, 0x0, 0x0, 0x0, 0x0, 0x0,
    0x0, 0xaf, 0xf4, 0x0, 0x0, 0x0, 0x0, 0x0,
    0x1, 0xef, 0xb0, 0x0, 0x0, 0x0, 0x0, 0x0,
    0x0, 0x0, 0x0, 0x0, 0x0, 0x0, 0x0, 0x0,
    0x0, 0x0, 0x0, 0x0, 0x1, 0xff, 0xf7, 0x0,
    0x0, 0x5, 0xff, 0xf4, 0x1f, 0xff, 0x70, 0x0,
    0x0, 0x5f, 0xff, 0x41, 0xff, 0xf7, 0x0, 0x0,
    0x5, 0xff, 0xf4, 0x1f, 0xff, 0x70, 0x0, 0x0,
    0x5f, 0xff, 0x41, 0xff, 0xf7, 0x0, 0x0, 0x5,
    0xff, 0xf4, 0x1f, 0xff, 0x70, 0x0, 0x0, 0x5f,
    0xff, 0x41, 0xff, 0xf7, 0x0, 0x0, 0x5, 0xff,
    0xf4, 0x1f, 0xff, 0x70, 0x0, 0x0, 0x5f, 0xff,
    0x41, 0xff, 0xf7, 0x0, 0x0, 0x5, 0xff, 0xf4,
    0x1f, 0xff, 0x70, 0x0, 0x0, 0x5f, 0xff, 0x41,
    0xff, 0xf9, 0x0, 0x0, 0x8, 0xff, 0xf4, 0xf,
    0xff, 0xe0, 0x0, 0x1, 0xef, 0xff, 0x40, 0xbf,
    0xff, 0xd4, 0x25, 0xdf, 0xff, 0xf4, 0x5, 0xff,
    0xff, 0xff, 0xff, 0x8f, 0xff, 0x40, 0x9, 0xff,
    0xff, 0xff, 0xa2, 0xff, 0xf4, 0x0, 0x5, 0xcf,
    0xfc, 0x60, 0x2f, 0xff, 0x40,

    /* U+00FA "ú" */
    0x0, 0x0, 0x0, 0x0, 0x45, 0x52, 0x0, 0x0,
    0x0, 0x0, 0x0, 0x3f, 0xfe, 0x10, 0x0, 0x0,
    0x0, 0x0, 0xa, 0xff, 0x60, 0x0, 0x0, 0x0,
    0x0, 0x2, 0xff, 0xb0, 0x0, 0x0, 0x0, 0x0,
    0x0, 0x9f, 0xf2, 0x0, 0x0, 0x0, 0x0, 0x0,
    0x0, 0x0, 0x0, 0x0, 0x0, 0x0, 0x0, 0x0,
    0x0, 0x0, 0x0, 0x0, 0x1, 0xff, 0xf7, 0x0,
    0x0, 0x5, 0xff, 0xf4, 0x1f, 0xff, 0x70, 0x0,
    0x0, 0x5f, 0xff, 0x41, 0xff, 0xf7, 0x0, 0x0,
    0x5, 0xff, 0xf4, 0x1f, 0xff, 0x70, 0x0, 0x0,
    0x5f, 0xff, 0x41, 0xff, 0xf7, 0x0, 0x0, 0x5,
    0xff, 0xf4, 0x1f, 0xff, 0x70, 0x0, 0x0, 0x5f,
    0xff, 0x41, 0xff, 0xf7, 0x0, 0x0, 0x5, 0xff,
    0xf4, 0x1f, 0xff, 0x70, 0x0, 0x0, 0x5f, 0xff,
    0x41, 0xff, 0xf7, 0x0, 0x0, 0x5, 0xff, 0xf4,
    0x1f, 0xff, 0x70, 0x0, 0x0, 0x5f, 0xff, 0x41,
    0xff, 0xf9, 0x0, 0x0, 0x8, 0xff, 0xf4, 0xf,
    0xff, 0xe0, 0x0, 0x1, 0xef, 0xff, 0x40, 0xbf,
    0xff, 0xd4, 0x25, 0xdf, 0xff, 0xf4, 0x5, 0xff,
    0xff, 0xff, 0xff, 0x8f, 0xff, 0x40, 0x9, 0xff,
    0xff, 0xff, 0xa2, 0xff, 0xf4, 0x0, 0x5, 0xcf,
    0xfc, 0x60, 0x2f, 0xff, 0x40,

    /* U+00FB "û" */
    0x0, 0x0, 0x0, 0x78, 0x81, 0x0, 0x0, 0x0,
    0x0, 0x0, 0xbf, 0xff, 0xc0, 0x0, 0x0, 0x0,
    0x0, 0x8f, 0xfb, 0xff, 0xa0, 0x0, 0x0, 0x0,
    0x6f, 0xfb, 0x9, 0xff, 0x70, 0x0, 0x0, 0x4f,
    0xfe, 0x10, 0xd, 0xff, 0x50, 0x0, 0x0, 0x0,
    0x0, 0x0, 0x0, 0x0, 0x0, 0x0, 0x0, 0x0,
    0x0, 0x0, 0x0, 0x0, 0x1, 0xff, 0xf7, 0x0,
    0x0, 0x5, 0xff, 0xf4, 0x1f, 0xff, 0x70, 0x0,
    0x0, 0x5f, 0xff, 0x41, 0xff, 0xf7, 0x0, 0x0,
    0x5, 0xff, 0xf4, 0x1f, 0xff, 0x70, 0x0, 0x0,
    0x5f, 0xff, 0x41, 0xff, 0xf7, 0x0, 0x0, 0x5,
    0xff, 0xf4, 0x1f, 0xff, 0x70, 0x0, 0x0, 0x5f,
    0xff, 0x41, 0xff, 0xf7, 0x0, 0x0, 0x5, 0xff,
    0xf4, 0x1f, 0xff, 0x70, 0x0, 0x0, 0x5f, 0xff,
    0x41, 0xff, 0xf7, 0x0, 0x0, 0x5, 0xff, 0xf4,
    0x1f, 0xff, 0x70, 0x0, 0x0, 0x5f, 0xff, 0x41,
    0xff, 0xf9, 0x0, 0x0, 0x8, 0xff, 0xf4, 0xf,
    0xff, 0xe0, 0x0, 0x1, 0xef, 0xff, 0x40, 0xbf,
    0xff, 0xd4, 0x25, 0xdf, 0xff, 0xf4, 0x5, 0xff,
    0xff, 0xff, 0xff, 0x8f, 0xff, 0x40, 0x9, 0xff,
    0xff, 0xff, 0xa2, 0xff, 0xf4, 0x0, 0x5, 0xcf,
    0xfc, 0x60, 0x2f, 0xff, 0x40,

    /* U+00FC "ü" */
    0x0, 0x9, 0xfb, 0x0, 0x9, 0xfa, 0x0, 0x0,
    0x3, 0xff, 0xf6, 0x4, 0xff, 0xf5, 0x0, 0x0,
    0x2f, 0xff, 0x50, 0x3f, 0xff, 0x50, 0x0, 0x0,
    0x7c, 0x90, 0x0, 0x7c, 0x80, 0x0, 0x0, 0x0,
    0x0, 0x0, 0x0, 0x0, 0x0, 0x0, 0x0, 0x0,
    0x0, 0x0, 0x0, 0x0, 0x0, 0x1f, 0xff, 0x70,
    0x0, 0x0, 0x5f, 0xff, 0x41, 0xff, 0xf7, 0x0,
    0x0, 0x5, 0xff, 0xf4, 0x1f, 0xff, 0x70, 0x0,
    0x0, 0x5f, 0xff, 0x41, 0xff, 0xf7, 0x0, 0x0,
    0x5, 0xff, 0xf4, 0x1f, 0xff, 0x70, 0x0, 0x0,
    0x5f, 0xff, 0x41, 0xff, 0xf7, 0x0, 0x0, 0x5,
    0xff, 0xf4, 0x1f, 0xff, 0x70, 0x0, 0x0, 0x5f,
    0xff, 0x41, 0xff, 0xf7, 0x0, 0x0, 0x5, 0xff,
    0xf4, 0x1f, 0xff, 0x70, 0x0, 0x0, 0x5f, 0xff,
    0x41, 0xff, 0xf7, 0x0, 0x0, 0x5, 0xff, 0xf4,
    0x1f, 0xff, 0x90, 0x0, 0x0, 0x8f, 0xff, 0x40,
    0xff, 0xfe, 0x0, 0x0, 0x1e, 0xff, 0xf4, 0xb,
    0xff, 0xfd, 0x42, 0x5d, 0xff, 0xff, 0x40, 0x5f,
    0xff, 0xff, 0xff, 0xf8, 0xff, 0xf4, 0x0, 0x9f,
    0xff, 0xff, 0xfa, 0x2f, 0xff, 0x40, 0x0, 0x5c,
    0xff, 0xc6, 0x2, 0xff, 0xf4,

    /* U+00FD "ý" */
    0x0, 0x0, 0x0, 0x0, 0x6f, 0xfe, 0x0, 0x0,
    0x0, 0x0, 0x0, 0x0, 0xdf, 0xf4, 0x0, 0x0,
    0x0, 0x0, 0x0, 0x4, 0xff, 0xa0, 0x0, 0x0,
    0x0, 0x0, 0x0, 0xb, 0xfe, 0x10, 0x0, 0x0,
    0x0, 0x0, 0x0, 0x5, 0x53, 0x0, 0x0, 0x0,
    0x0, 0x0, 0x0, 0x0, 0x0, 0x0, 0x0, 0x0,
    0x4f, 0xff, 0x70, 0x0, 0x0, 0x0, 0xff, 0xfc,
    0xe, 0xff, 0xc0, 0x0, 0x0, 0x5, 0xff, 0xf6,
    0x9, 0xff, 0xf2, 0x0, 0x0, 0xa, 0xff, 0xf0,
    0x3, 0xff, 0xf7, 0x0, 0x0, 0xf, 0xff, 0xa0,
    0x0, 0xdf, 0xfc, 0x0, 0x0, 0x5f, 0xff, 0x40,
    0x0, 0x7f, 0xff, 0x10, 0x0, 0xaf, 0xfe, 0x0,
    0x0, 0x2f, 0xff, 0x60, 0x0, 0xff, 0xf9, 0x0,
    0x0, 0xc, 0xff, 0xb0, 0x5, 0xff, 0xf3, 0x0,
    0x0, 0x6, 0xff, 0xf1, 0xa, 0xff, 0xd0, 0x0,
    0x0, 0x1, 0xff, 0xf5, 0xe, 0xff, 0x70, 0x0,
    0x0, 0x0, 0xaf, 0xf9, 0x3f, 0xff, 0x10, 0x0,
    0x0, 0x0, 0x5f, 0xfd, 0x8f, 0xfb, 0x0, 0x0,
    0x0, 0x0, 0xe, 0xff, 0xdf, 0xf6, 0x0, 0x0,
    0x0, 0x0, 0x9, 0xff, 0xff, 0xf0, 0x0, 0x0,
    0x0, 0x0, 0x3, 0xff, 0xff, 0xa0, 0x0, 0x0,
    0x0, 0x0, 0x0, 0xdf, 0xff, 0x40, 0x0, 0x0,
    0x0, 0x0, 0x0, 0xdf, 0xfe, 0x0, 0x0, 0x0,
    0x0, 0x0, 0x1, 0xff, 0xf8, 0x0, 0x0, 0x0,
    0x0, 0x11, 0x1b, 0xff, 0xf2, 0x0, 0x0, 0x0,
    0x0, 0xaf, 0xff, 0xff, 0x90, 0x0, 0x0, 0x0,
    0x0, 0xef, 0xff, 0xfc, 0x0, 0x0, 0x0, 0x0,
    0x1, 0xdf, 0xfd, 0x80, 0x0, 0x0, 0x0, 0x0,

    /* U+00FE "þ" */
    0x1f, 0xff, 0x70, 0x0, 0x0, 0x0, 0x0, 0x0,
    0x1f, 0xff, 0x70, 0x0, 0x0, 0x0, 0x0, 0x0,
    0x1f, 0xff, 0x70, 0x0, 0x0, 0x0, 0x0, 0x0,
    0x1f, 0xff, 0x70, 0x0, 0x0, 0x0, 0x0, 0x0,
    0x1f, 0xff, 0x70, 0x0, 0x0, 0x0, 0x0, 0x0,
    0x1f, 0xff, 0x70, 0x5c, 0xfe, 0xc6, 0x0, 0x0,
    0x1f, 0xff, 0x78, 0xff, 0xff, 0xff, 0xb1, 0x0,
    0x1f, 0xff, 0xaf, 0xff, 0xff, 0xff, 0xfb, 0x0,
    0x1f, 0xff, 0xfe, 0x51, 0x15, 0xef, 0xff, 0x50,
    0x1f, 0xff, 0xf4, 0x0, 0x0, 0x4f, 0xff, 0xb0,
    0x1f, 0xff, 0xc0, 0x0, 0x0, 0xd, 0xff, 0xf0,
    0x1f, 0xff, 0x80, 0x0, 0x0, 0x8, 0xff, 0xf2,
    0x1f, 0xff, 0x60, 0x0, 0x0, 0x6, 0xff, 0xf3,
    0x1f, 0xff, 0x60, 0x0, 0x0, 0x7, 0xff, 0xf3,
    0x1f, 0xff, 0x80, 0x0, 0x0, 0x8, 0xff, 0xf2,
    0x1f, 0xff, 0xd0, 0x0, 0x0, 0xd, 0xff, 0xf0,
    0x1f, 0xff, 0xf4, 0x0, 0x0, 0x4f, 0xff, 0xb0,
    0x1f, 0xff, 0xfe, 0x61, 0x16, 0xff, 0xff, 0x50,
    0x1f, 0xff, 0xbf, 0xff, 0xff, 0xff, 0xfb, 0x0,
    0x1f, 0xff, 0x78, 0xff, 0xff, 0xff, 0xc0, 0x0,
    0x1f, 0xff, 0x70, 0x5c, 0xfe, 0xc6, 0x0, 0x0,
    0x1f, 0xff, 0x70, 0x0, 0x0, 0x0, 0x0, 0x0,
    0x1f, 0xff, 0x70, 0x0, 0x0, 0x0, 0x0, 0x0,
    0x1f, 0xff, 0x70, 0x0, 0x0, 0x0, 0x0, 0x0,
    0x1f, 0xff, 0x70, 0x0, 0x0, 0x0, 0x0, 0x0,
    0x1f, 0xff, 0x70, 0x0, 0x0, 0x0, 0x0, 0x0,
    0x1f, 0xff, 0x70, 0x0, 0x0, 0x0, 0x0, 0x0,

    /* U+00FF "ÿ" */
    0x0, 0x1, 0xcf, 0x70, 0x1, 0xcf, 0x70, 0x0,
    0x0, 0x8, 0xff, 0xf1, 0x9, 0xff, 0xf1, 0x0,
    0x0, 0x7, 0xff, 0xf1, 0x8, 0xff, 0xf0, 0x0,
    0x0, 0x0, 0xac, 0x50, 0x1, 0xac, 0x50, 0x0,
    0x0, 0x0, 0x0, 0x0, 0x0, 0x0, 0x0, 0x0,
    0x0, 0x0, 0x0, 0x0, 0x0, 0x0, 0x0, 0x0,
    0x4f, 0xff, 0x70, 0x0, 0x0, 0x0, 0xff, 0xfc,
    0xe, 0xff, 0xc0, 0x0, 0x0, 0x5, 0xff, 0xf6,
    0x9, 0xff, 0xf2, 0x0, 0x0, 0xa, 0xff, 0xf0,
    0x3, 0xff, 0xf7, 0x0, 0x0, 0xf, 0xff, 0xa0,
    0x0, 0xdf, 0xfc, 0x0, 0x0, 0x5f, 0xff, 0x40,
    0x0, 0x7f, 0xff, 0x10, 0x0, 0xaf, 0xfe, 0x0,
    0x0, 0x2f, 0xff, 0x60, 0x0, 0xff, 0xf9, 0x0,
    0x0, 0xc, 0xff, 0xb0, 0x5, 0xff, 0xf3, 0x0,
    0x0, 0x6, 0xff, 0xf1, 0xa, 0xff, 0xd0, 0x0,
    0x0, 0x1, 0xff, 0xf5, 0xe, 0xff, 0x70, 0x0,
    0x0, 0x0, 0xaf, 0xf9, 0x3f, 0xff, 0x10, 0x0,
    0x0, 0x0, 0x5f, 0xfd, 0x8f, 0xfb, 0x0, 0x0,
    0x0, 0x0, 0xe, 0xff, 0xdf, 0xf6, 0x0, 0x0,
    0x0, 0x0, 0x9, 0xff, 0xff, 0xf0, 0x0, 0x0,
    0x0, 0x0, 0x3, 0xff, 0xff, 0xa0, 0x0, 0x0,
    0x0, 0x0, 0x0, 0xdf, 0xff, 0x40, 0x0, 0x0,
    0x0, 0x0, 0x0, 0xdf, 0xfe, 0x0, 0x0, 0x0,
    0x0, 0x0, 0x1, 0xff, 0xf8, 0x0, 0x0, 0x0,
    0x0, 0x11, 0x1b, 0xff, 0xf2, 0x0, 0x0, 0x0,
    0x0, 0xaf, 0xff, 0xff, 0x90, 0x0, 0x0, 0x0,
    0x0, 0xef, 0xff, 0xfc, 0x0, 0x0, 0x0, 0x0,
    0x1, 0xdf, 0xfd, 0x80, 0x0, 0x0, 0x0, 0x0,

    /* U+2013 "–" */
    0x0, 0x0, 0x0, 0x0, 0x0, 0x0, 0x0, 0xff,
    0xff, 0xff, 0xff, 0xff, 0xff, 0xff, 0xff, 0xff,
    0xff, 0xff, 0xff, 0xff, 0xff, 0xff, 0xff, 0xff,
    0xff, 0xff, 0xff, 0xff,

    /* U+2014 "—" */
    0x0, 0x0, 0x0, 0x0, 0x0, 0x0, 0x0, 0x0,
    0x0, 0x0, 0x0, 0x0, 0x0, 0x0, 0xff, 0xff,
    0xff, 0xff, 0xff, 0xff, 0xff, 0xff, 0xff, 0xff,
    0xff, 0xff, 0xff, 0xff, 0xff, 0xff, 0xff, 0xff,
    0xff, 0xff, 0xff, 0xff, 0xff, 0xff, 0xff, 0xff,
    0xff, 0xff, 0xff, 0xff, 0xff, 0xff, 0xff, 0xff,
    0xff, 0xff, 0xff, 0xff, 0xff, 0xff, 0xff, 0xff,

    /* U+2018 "‘" */
    0x0, 0x8f, 0xf0, 0x0, 0xcf, 0xe0, 0x1, 0xff,
    0xc0, 0x5, 0xff, 0x90, 0xa, 0xff, 0x70, 0xe,
    0xff, 0x50, 0x3f, 0xff, 0x30, 0x7f, 0xff, 0x0,
    0x58, 0x87, 0x0,

    /* U+2019 "’" */
    0x4, 0x88, 0x80, 0xb, 0xff, 0xd0, 0xd, 0xff,
    0x80, 0xf, 0xff, 0x40, 0x1f, 0xff, 0x0, 0x4f,
    0xfb, 0x0, 0x6f, 0xf6, 0x0, 0x8f, 0xf2, 0x0,
    0xaf, 0xd0, 0x0,

    /* U+201A "‚" */
    0x1, 0x88, 0x83, 0x4, 0xff, 0xf3, 0x7, 0xff,
    0xe0, 0x9, 0xff, 0xa0, 0xb, 0xff, 0x60, 0xd,
    0xff, 0x10, 0xf, 0xfd, 0x0, 0x2f, 0xf8, 0x0,
    0x4f, 0xf4, 0x0,

    /* U+201B "‛" */
    0xbf, 0xfd, 0x7, 0xff, 0xf0, 0x2f, 0xff, 0x20,
    0xef, 0xf4, 0x9, 0xff, 0x60, 0x5f, 0xf8, 0x1,
    0xff, 0xb0, 0xc, 0xfd, 0x0, 0x48, 0x70,

    /* U+201C "“" */
    0x0, 0x8f, 0xf0, 0x0, 0x9f, 0xf0, 0x0, 0xcf,
    0xe0, 0x0, 0xdf, 0xd0, 0x1, 0xff, 0xc0, 0x1,
    0xff, 0xb0, 0x5, 0xff, 0x90, 0x6, 0xff, 0x90,
    0xa, 0xff, 0x70, 0xa, 0xff, 0x70, 0xe, 0xff,
    0x50, 0xf, 0xff, 0x40, 0x3f, 0xff, 0x30, 0x3f,
    0xff, 0x20, 0x7f, 0xff, 0x0, 0x8f, 0xff, 0x0,
    0x58, 0x87, 0x0, 0x58, 0x87, 0x0,

    /* U+201D "”" */
    0x4, 0x88, 0x80, 0x6, 0x88, 0x70, 0xbf, 0xfd,
    0x0, 0xef, 0xfa, 0xd, 0xff, 0x80, 0xf, 0xff,
    0x50, 0xff, 0xf4, 0x2, 0xff, 0xf1, 0x1f, 0xff,
    0x0, 0x5f, 0xfc, 0x4, 0xff, 0xb0, 0x7, 0xff,
    0x80, 0x6f, 0xf6, 0x0, 0x9f, 0xf3, 0x8, 0xff,
    0x20, 0xb, 0xff, 0x0, 0xaf, 0xd0, 0x0, 0xef,
    0xa0, 0x0,

    /* U+2022 "•" */
    0x0, 0x0, 0x0, 0x0, 0x0, 0x0, 0x2b, 0xff,
    0xb3, 0x0, 0x3, 0xff, 0xff, 0xff, 0x40, 0xd,
    0xff, 0xff, 0xff, 0xe0, 0x2f, 0xff, 0xff, 0xff,
    0xf4, 0x4f, 0xff, 0xff, 0xff, 0xf6, 0x2f, 0xff,
    0xff, 0xff, 0xf4, 0xd, 0xff, 0xff, 0xff, 0xe0,
    0x3, 0xff, 0xff, 0xff, 0x40, 0x0, 0x2a, 0xef,
    0xb3, 0x0,

    /* U+2026 "…" */
    0x3, 0x73, 0x0, 0x0, 0x0, 0x47, 0x20, 0x0,
    0x0, 0x4, 0x72, 0x5, 0xff, 0xf3, 0x0, 0x0,
    0x6f, 0xff, 0x30, 0x0, 0x7, 0xff, 0xf2, 0xaf,
    0xff, 0x90, 0x0, 0xb, 0xff, 0xf8, 0x0, 0x0,
    0xdf, 0xff, 0x79, 0xff, 0xf7, 0x0, 0x0, 0xaf,
    0xff, 0x60, 0x0, 0xb, 0xff, 0xf5, 0x1b, 0xfb,
    0x0, 0x0, 0x1, 0xcf, 0xa0, 0x0, 0x0, 0x2c,
    0xf9, 0x0,

    /* U+2190 "←" */
    0x0, 0x0, 0x0, 0x0, 0x0, 0x10, 0x0, 0x0,
    0x0, 0x0, 0x0, 0x0, 0x0, 0x0, 0x0, 0x7,
    0xe3, 0x0, 0x0, 0x0, 0x0, 0x0, 0x0, 0x0,
    0x0, 0x0, 0x7f, 0xfe, 0x20, 0x0, 0x0, 0x0,
    0x0, 0x0, 0x0, 0x0, 0x6, 0xff, 0xfa, 0x0,
    0x0, 0x0, 0x0, 0x0, 0x0, 0x0, 0x0, 0x6f,
    0xff, 0x90, 0x0, 0x0, 0x0, 0x0, 0x0, 0x0,
    0x0, 0x6, 0xff, 0xf9, 0x0, 0x0, 0x0, 0x0,
    0x0, 0x0, 0x0, 0x0, 0x6f, 0xff, 0x80, 0x0,
    0x0, 0x0, 0x0, 0x0, 0x0, 0x0, 0x6, 0xff,
    0xf6, 0x0, 0x0, 0x0, 0x0, 0x0, 0x0, 0x0,
    0x0, 0x6f, 0xfe, 0x31, 0x22, 0x22, 0x22, 0x22,
    0x22, 0x22, 0x20, 0x6, 0xff, 0xfe, 0xff, 0xff,
    0xff, 0xff, 0xff, 0xff, 0xff, 0xf3, 0xe, 0xff,
    0xff, 0xff, 0xff, 0xff, 0xff, 0xff, 0xff, 0xff,
    0xf3, 0x2, 0xef, 0xfc, 0x9b, 0xcc, 0xcc, 0xcc,
    0xcc, 0xcc, 0xcc, 0xc2, 0x0, 0x2e, 0xff, 0x90,
    0x0, 0x0, 0x0, 0x0, 0x0, 0x0, 0x0, 0x0,
    0x2, 0xef, 0xfc, 0x10, 0x0, 0x0, 0x0, 0x0,
    0x0, 0x0, 0x0, 0x0, 0x2e, 0xff, 0xd2, 0x0,
    0x0, 0x0, 0x0, 0x0, 0x0, 0x0, 0x0, 0x2,
    0xef, 0xfe, 0x20, 0x0, 0x0, 0x0, 0x0, 0x0,
    0x0, 0x0, 0x0, 0x2e, 0xff, 0xe2, 0x0, 0x0,
    0x0, 0x0, 0x0, 0x0, 0x0, 0x0, 0x2, 0xef,
    0xfe, 0x10, 0x0, 0x0, 0x0, 0x0, 0x0, 0x0,
    0x0, 0x0, 0x2e, 0xfb, 0x0, 0x0, 0x0, 0x0,
    0x0, 0x0, 0x0, 0x0, 0x0, 0x2, 0x90, 0x0,
    0x0, 0x0, 0x0, 0x0,

    /* U+2191 "↑" */
    0x0, 0x0, 0x0, 0x0, 0x0, 0x70, 0x0, 0x0,
    0x0, 0x0, 0x0, 0x0, 0x0, 0x0, 0xc, 0xf9,
    0x0, 0x0, 0x0, 0x0, 0x0, 0x0, 0x0, 0x0,
    0xcf, 0xff, 0x90, 0x0, 0x0, 0x0, 0x0, 0x0,
    0x0, 0xc, 0xff, 0xff, 0xf9, 0x0, 0x0, 0x0,
    0x0, 0x0, 0x0, 0xcf, 0xff, 0xff, 0xff, 0x90,
    0x0, 0x0, 0x0, 0x0, 0xc, 0xff, 0xad, 0xfa,
    0xdf, 0xf9, 0x0, 0x0, 0x0, 0x0, 0xcf, 0xfd,
    0xf, 0xfb, 0x2f, 0xff, 0x90, 0x0, 0x0, 0xc,
    0xff, 0xe2, 0xf, 0xfd, 0x4, 0xff, 0xf9, 0x0,
    0x0, 0xcf, 0xff, 0x30, 0x1f, 0xfd, 0x0, 0x6f,
    0xff, 0x90, 0xc, 0xff, 0xf3, 0x0, 0x1f, 0xfd,
    0x0, 0x6, 0xff, 0xf9, 0x8, 0xff, 0x30, 0x0,
    0x1f, 0xfd, 0x0, 0x0, 0x6f, 0xf5, 0x0, 0x83,
    0x0, 0x0, 0x1f, 0xfd, 0x0, 0x0, 0x6, 0x50,
    0x0, 0x0, 0x0, 0x0, 0x1f, 0xfd, 0x0, 0x0,
    0x0, 0x0, 0x0, 0x0, 0x0, 0x0, 0x1f, 0xfd,
    0x0, 0x0, 0x0, 0x0, 0x0, 0x0, 0x0, 0x0,
    0x1f, 0xfd, 0x0, 0x0, 0x0, 0x0, 0x0, 0x0,
    0x0, 0x0, 0x1f, 0xfd, 0x0, 0x0, 0x0, 0x0,
    0x0, 0x0, 0x0, 0x0, 0x1f, 0xfd, 0x0, 0x0,
    0x0, 0x0, 0x0, 0x0, 0x0, 0x0, 0x1f, 0xfd,
    0x0, 0x0, 0x0, 0x0, 0x0, 0x0, 0x0, 0x0,
    0x1f, 0xfd, 0x0, 0x0, 0x0, 0x0, 0x0, 0x0,
    0x0, 0x0, 0x1f, 0xfd, 0x0, 0x0, 0x0, 0x0,
    0x0, 0x0, 0x0, 0x0, 0x1f, 0xfd, 0x0, 0x0,
    0x0, 0x0,

    /* U+2192 "→" */
    0x0, 0x0, 0x0, 0x0, 0x0, 0x1, 0x0, 0x0,
    0x0, 0x0, 0x0, 0x0, 0x0, 0x0, 0x0, 0x6,
    0xe3, 0x0, 0x0, 0x0, 0x0, 0x0, 0x0, 0x0,
    0x0, 0x5, 0xff, 0xf3, 0x0, 0x0, 0x0, 0x0,
    0x0, 0x0, 0x0, 0x0, 0x1d, 0xff, 0xf3, 0x0,
    0x0, 0x0, 0x0, 0x0, 0x0, 0x0, 0x0, 0x1d,
    0xff, 0xf3, 0x0, 0x0, 0x0, 0x0, 0x0, 0x0,
    0x0, 0x0, 0x1d, 0xff, 0xf3, 0x0, 0x0, 0x0,
    0x0, 0x0, 0x0, 0x0, 0x0, 0x1c, 0xff, 0xe3,
    0x0, 0x0, 0x0, 0x0, 0x0, 0x0, 0x0, 0x0,
    0xa, 0xff, 0xe3, 0x0, 0x12, 0x22, 0x22, 0x22,
    0x22, 0x22, 0x22, 0x7, 0xff, 0xe3, 0x8, 0xff,
    0xff, 0xff, 0xff, 0xff, 0xff, 0xff, 0xef, 0xff,
    0xe3, 0x8f, 0xff, 0xff, 0xff, 0xff, 0xff, 0xff,
    0xff, 0xff, 0xff, 0xa6, 0xcc, 0xcc, 0xcc, 0xcc,
    0xcc, 0xcc, 0xca, 0x9e, 0xff, 0xb0, 0x0, 0x0,
    0x0, 0x0, 0x0, 0x0, 0x0, 0x1c, 0xff, 0xb0,
    0x0, 0x0, 0x0, 0x0, 0x0, 0x0, 0x0, 0x3e,
    0xff, 0xb0, 0x0, 0x0, 0x0, 0x0, 0x0, 0x0,
    0x0, 0x4f, 0xff, 0xb0, 0x0, 0x0, 0x0, 0x0,
    0x0, 0x0, 0x0, 0x5f, 0xff, 0xb0, 0x0, 0x0,
    0x0, 0x0, 0x0, 0x0, 0x0, 0x5f, 0xff, 0xb0,
    0x0, 0x0, 0x0, 0x0, 0x0, 0x0, 0x0, 0x4f,
    0xff, 0xb0, 0x0, 0x0, 0x0, 0x0, 0x0, 0x0,
    0x0, 0x2, 0xef, 0xb0, 0x0, 0x0, 0x0, 0x0,
    0x0, 0x0, 0x0, 0x0, 0x2, 0xa0, 0x0, 0x0,
    0x0, 0x0,

    /* U+2193 "↓" */
    0x0, 0x0, 0x0, 0x0, 0x6, 0x65, 0x0, 0x0,
    0x0, 0x0, 0x0, 0x0, 0x0, 0x0, 0x1f, 0xfd,
    0x0, 0x0, 0x0, 0x0, 0x0, 0x0, 0x0, 0x0,
    0x1f, 0xfd, 0x0, 0x0, 0x0, 0x0, 0x0, 0x0,
    0x0, 0x0, 0x1f, 0xfd, 0x0, 0x0, 0x0, 0x0,
    0x0, 0x0, 0x0, 0x0, 0x1f, 0xfd, 0x0, 0x0,
    0x0, 0x0, 0x0, 0x0, 0x0, 0x0, 0x1f, 0xfd,
    0x0, 0x0, 0x0, 0x0, 0x0, 0x0, 0x0, 0x0,
    0x1f, 0xfd, 0x0, 0x0, 0x0, 0x0, 0x0, 0x0,
    0x0, 0x0, 0x1f, 0xfd, 0x0, 0x0, 0x0, 0x0,
    0x0, 0x0, 0x0, 0x0, 0x1f, 0xfd, 0x0, 0x0,
    0x0, 0x0, 0x0, 0x0, 0x0, 0x0, 0x1f, 0xfd,
    0x0, 0x0, 0x0, 0x0, 0x1, 0xd8, 0x0, 0x0,
    0x1f, 0xfd, 0x0, 0x0, 0xc, 0xa0, 0xd, 0xff,
    0x80, 0x0, 0x1f, 0xfd, 0x0, 0x0, 0xcf, 0xfa,
    0x7, 0xff, 0xf8, 0x0, 0x1f, 0xfd, 0x0, 0xc,
    0xff, 0xf4, 0x0, 0x7f, 0xff, 0x80, 0x1f, 0xfd,
    0x0, 0xbf, 0xff, 0x40, 0x0, 0x7, 0xff, 0xf6,
    0xf, 0xfc, 0x9, 0xff, 0xf4, 0x0, 0x0, 0x0,
    0x7f, 0xff, 0x3e, 0xfb, 0x6f, 0xff, 0x40, 0x0,
    0x0, 0x0, 0x7, 0xff, 0xed, 0xfc, 0xff, 0xf4,
    0x0, 0x0, 0x0, 0x0, 0x0, 0x7f, 0xff, 0xff,
    0xff, 0x40, 0x0, 0x0, 0x0, 0x0, 0x0, 0x7,
    0xff, 0xff, 0xf4, 0x0, 0x0, 0x0, 0x0, 0x0,
    0x0, 0x0, 0x7f, 0xff, 0x40, 0x0, 0x0, 0x0,
    0x0, 0x0, 0x0, 0x0, 0x7, 0xf4, 0x0, 0x0,
    0x0, 0x0, 0x0, 0x0, 0x0, 0x0, 0x0, 0x20,
    0x0, 0x0, 0x0, 0x0,

    /* U+2212 "−" */
    0x4d, 0xdd, 0xdd, 0xdd, 0xdd, 0xdd, 0xdd, 0x25,
    0xff, 0xff, 0xff, 0xff, 0xff, 0xff, 0xf2, 0x5f,
    0xff, 0xff, 0xff, 0xff, 0xff, 0xff, 0x21, 0x44,
    0x44, 0x44, 0x44, 0x44, 0x44, 0x40,

    /* U+2713 "✓" */
    0x0, 0x0, 0x0, 0x0, 0x0, 0x0, 0x0, 0x0,
    0x0, 0x80, 0x0, 0x0, 0x0, 0x0, 0x0, 0x0,
    0x0, 0x0, 0x0, 0xcf, 0xb0, 0x0, 0x0, 0x0,
    0x0, 0x0, 0x0, 0x0, 0x0, 0xcf, 0xff, 0x80,
    0x0, 0x0, 0x0, 0x0, 0x0, 0x0, 0x0, 0xcf,
    0xff, 0xc1, 0x0, 0x0, 0x0, 0x0, 0x0, 0x0,
    0x1, 0xcf, 0xff, 0xc1, 0x0, 0x0, 0x0, 0x0,
    0x0, 0x0, 0x1, 0xcf, 0xff, 0xc1, 0x0, 0x0,
    0x7c, 0x0, 0x0, 0x0, 0x1, 0xcf, 0xff, 0xc1,
    0x0, 0x0, 0x7f, 0xfc, 0x10, 0x0, 0x1, 0xcf,
    0xff, 0xc1, 0x0, 0x0, 0xc, 0xff, 0xfc, 0x10,
    0x1, 0xcf, 0xff, 0xc1, 0x0, 0x0, 0x0, 0x1c,
    0xff, 0xfd, 0x11, 0xcf, 0xff, 0xc1, 0x0, 0x0,
    0x0, 0x0, 0x1c, 0xff, 0xfd, 0xdf, 0xff, 0xc1,
    0x0, 0x0, 0x0, 0x0, 0x0, 0x1c, 0xff, 0xff,
    0xff, 0xc1, 0x0, 0x0, 0x0, 0x0, 0x0, 0x0,
    0xc, 0xff, 0xff, 0xc1, 0x0, 0x0, 0x0, 0x0,
    0x0, 0x0, 0x0, 0xc, 0xff, 0xc0, 0x0, 0x0,
    0x0, 0x0, 0x0, 0x0, 0x0, 0x0, 0xc, 0xc0,
    0x0, 0x0, 0x0, 0x0, 0x0, 0x0, 0x0, 0x0,
    0x0, 0x0, 0x0, 0x0, 0x0, 0x0, 0x0, 0x0,

    /* U+2717 "✗" */
    0x0, 0x15, 0x0, 0x0, 0x0, 0x0, 0x5, 0x0,
    0x1, 0xcf, 0x50, 0x0, 0x0, 0x0, 0x9f, 0xa0,
    0xc, 0xff, 0xf5, 0x0, 0x0, 0x9, 0xff, 0xf9,
    0x6, 0xff, 0xff, 0x60, 0x0, 0x9f, 0xff, 0xf3,
    0x0, 0x6f, 0xff, 0xf6, 0x9, 0xff, 0xfe, 0x30,
    0x0, 0x6, 0xff, 0xff, 0xcf, 0xff, 0xe3, 0x0,
    0x0, 0x0, 0x5f, 0xff, 0xff, 0xfe, 0x30, 0x0,
    0x0, 0x0, 0x6, 0xff, 0xff, 0xf3, 0x0, 0x0,
    0x0, 0x0, 0xa, 0xff, 0xff, 0xf6, 0x0, 0x0,
    0x0, 0x0, 0xaf, 0xff, 0xff, 0xff, 0x60, 0x0,
    0x0, 0xa, 0xff, 0xfe, 0x7f, 0xff, 0xf6, 0x0,
    0x0, 0xaf, 0xff, 0xe3, 0x5, 0xff, 0xff, 0x60,
    0xa, 0xff, 0xfe, 0x20, 0x0, 0x5f, 0xff, 0xf6,
    0x9, 0xff, 0xe2, 0x0, 0x0, 0x5, 0xff, 0xf5,
    0x0, 0x9e, 0x20, 0x0, 0x0, 0x0, 0x5f, 0x50,
    0x0, 0x1, 0x0, 0x0, 0x0, 0x0, 0x1, 0x0
};


/*---------------------
 *  GLYPH DESCRIPTION
 *--------------------*/

static const lv_font_fmt_txt_glyph_dsc_t glyph_dsc[] = {
    {.bitmap_index = 0, .adv_w = 0, .box_w = 0, .box_h = 0, .ofs_x = 0, .ofs_y = 0} /* id = 0 reserved */,
    {.bitmap_index = 0, .adv_w = 113, .box_w = 0, .box_h = 0, .ofs_x = 0, .ofs_y = 0},
    {.bitmap_index = 0, .adv_w = 144, .box_w = 5, .box_h = 21, .ofs_x = 2, .ofs_y = 0},
    {.bitmap_index = 53, .adv_w = 234, .box_w = 10, .box_h = 9, .ofs_x = 2, .ofs_y = 12},
    {.bitmap_index = 98, .adv_w = 288, .box_w = 18, .box_h = 21, .ofs_x = 0, .ofs_y = 0},
    {.bitmap_index = 287, .adv_w = 291, .box_w = 16, .box_h = 27, .ofs_x = 1, .ofs_y = -3},
    {.bitmap_index = 503, .adv_w = 450, .box_w = 24, .box_h = 21, .ofs_x = 2, .ofs_y = 0},
    {.bitmap_index = 755, .adv_w = 297, .box_w = 18, .box_h = 21, .ofs_x = 1, .ofs_y = 0},
    {.bitmap_index = 944, .adv_w = 146, .box_w = 5, .box_h = 9, .ofs_x = 2, .ofs_y = 12},
    {.bitmap_index = 967, .adv_w = 167, .box_w = 8, .box_h = 27, .ofs_x = 2, .ofs_y = -4},
    {.bitmap_index = 1075, .adv_w = 167, .box_w = 7, .box_h = 27, .ofs_x = 1, .ofs_y = -4},
    {.bitmap_index = 1170, .adv_w = 242, .box_w = 13, .box_h = 12, .ofs_x = 1, .ofs_y = 9},
    {.bitmap_index = 1248, .adv_w = 301, .box_w = 15, .box_h = 15, .ofs_x = 2, .ofs_y = 1},
    {.bitmap_index = 1361, .adv_w = 143, .box_w = 6, .box_h = 9, .ofs_x = 1, .ofs_y = -5},
    {.bitmap_index = 1388, .adv_w = 208, .box_w = 11, .box_h = 4, .ofs_x = 1, .ofs_y = 7},
    {.bitmap_index = 1410, .adv_w = 143, .box_w = 5, .box_h = 5, .ofs_x = 2, .ofs_y = 0},
    {.bitmap_index = 1423, .adv_w = 170, .box_w = 11, .box_h = 25, .ofs_x = 0, .ofs_y = -3},
    {.bitmap_index = 1561, .adv_w = 296, .box_w = 17, .box_h = 21, .ofs_x = 1, .ofs_y = 0},
    {.bitmap_index = 1740, .adv_w = 189, .box_w = 9, .box_h = 21, .ofs_x = 1, .ofs_y = 0},
    {.bitmap_index = 1835, .adv_w = 279, .box_w = 15, .box_h = 21, .ofs_x = 1, .ofs_y = 0},
    {.bitmap_index = 1993, .adv_w = 285, .box_w = 16, .box_h = 21, .ofs_x = 1, .ofs_y = 0},
    {.bitmap_index = 2161, .adv_w = 298, .box_w = 17, .box_h = 21, .ofs_x = 1, .ofs_y = 0},
    {.bitmap_index = 2340, .adv_w = 274, .box_w = 15, .box_h = 21, .ofs_x = 1, .ofs_y = 0},
    {.bitmap_index = 2498, .adv_w = 287, .box_w = 16, .box_h = 21, .ofs_x = 1, .ofs_y = 0},
    {.bitmap_index = 2666, .adv_w = 258, .box_w = 14, .box_h = 21, .ofs_x = 1, .ofs_y = 0},
    {.bitmap_index = 2813, .adv_w = 287, .box_w = 16, .box_h = 21, .ofs_x = 1, .ofs_y = 0},
    {.bitmap_index = 2981, .adv_w = 287, .box_w = 16, .box_h = 21, .ofs_x = 1, .ofs_y = 0},
    {.bitmap_index = 3149, .adv_w = 143, .box_w = 5, .box_h = 16, .ofs_x = 2, .ofs_y = 0},
    {.bitmap_index = 3189, .adv_w = 147, .box_w = 6, .box_h = 21, .ofs_x = 1, .ofs_y = -5},
    {.bitmap_index = 3252, .adv_w = 301, .box_w = 14, .box_h = 17, .ofs_x = 2, .ofs_y = 0},
    {.bitmap_index = 3371, .adv_w = 301, .box_w = 15, .box_h = 10, .ofs_x = 2, .ofs_y = 3},
    {.bitmap_index = 3446, .adv_w = 301, .box_w = 15, .box_h = 17, .ofs_x = 2, .ofs_y = 0},
    {.bitmap_index = 3574, .adv_w = 243, .box_w = 13, .box_h = 21, .ofs_x = 1, .ofs_y = 0},
    {.bitmap_index = 3711, .adv_w = 448, .box_w = 26, .box_h = 27, .ofs_x = 1, .ofs_y = -6},
    {.bitmap_index = 4062, .adv_w = 326, .box_w = 20, .box_h = 21, .ofs_x = 0, .ofs_y = 0},
    {.bitmap_index = 4272, .adv_w = 295, .box_w = 16, .box_h = 21, .ofs_x = 2, .ofs_y = 0},
    {.bitmap_index = 4440, .adv_w = 330, .box_w = 19, .box_h = 21, .ofs_x = 1, .ofs_y = 0},
    {.bitmap_index = 4640, .adv_w = 324, .box_w = 17, .box_h = 21, .ofs_x = 2, .ofs_y = 0},
    {.bitmap_index = 4819, .adv_w = 271, .box_w = 14, .box_h = 21, .ofs_x = 2, .ofs_y = 0},
    {.bitmap_index = 4966, .adv_w = 263, .box_w = 14, .box_h = 21, .ofs_x = 2, .ofs_y = 0},
    {.bitmap_index = 5113, .adv_w = 336, .box_w = 19, .box_h = 21, .ofs_x = 1, .ofs_y = 0},
    {.bitmap_index = 5313, .adv_w = 334, .box_w = 17, .box_h = 21, .ofs_x = 2, .ofs_y = 0},
    {.bitmap_index = 5492, .adv_w = 124, .box_w = 4, .box_h = 21, .ofs_x = 2, .ofs_y = 0},
    {.bitmap_index = 5534, .adv_w = 260, .box_w = 14, .box_h = 21, .ofs_x = 1, .ofs_y = 0},
    {.bitmap_index = 5681, .adv_w = 315, .box_w = 17, .box_h = 21, .ofs_x = 2, .ofs_y = 0},
    {.bitmap_index = 5860, .adv_w = 253, .box_w = 13, .box_h = 21, .ofs_x = 2, .ofs_y = 0},
    {.bitmap_index = 5997, .adv_w = 413, .box_w = 22, .box_h = 21, .ofs_x = 2, .ofs_y = 0},
    {.bitmap_index = 6228, .adv_w = 340, .box_w = 18, .box_h = 21, .ofs_x = 2, .ofs_y = 0},
    {.bitmap_index = 6417, .adv_w = 344, .box_w = 20, .box_h = 21, .ofs_x = 1, .ofs_y = 0},
    {.bitmap_index = 6627, .adv_w = 289, .box_w = 15, .box_h = 21, .ofs_x = 2, .ofs_y = 0},
    {.bitmap_index = 6785, .adv_w = 346, .box_w = 20, .box_h = 23, .ofs_x = 1, .ofs_y = -2},
    {.bitmap_index = 7015, .adv_w = 292, .box_w = 16, .box_h = 21, .ofs_x = 2, .ofs_y = 0},
    {.bitmap_index = 7183, .adv_w = 291, .box_w = 16, .box_h = 21, .ofs_x = 1, .ofs_y = 0},
    {.bitmap_index = 7351, .adv_w = 296, .box_w = 17, .box_h = 21, .ofs_x = 1, .ofs_y = 0},
    {.bitmap_index = 7530, .adv_w = 330, .box_w = 17, .box_h = 21, .ofs_x = 2, .ofs_y = 0},
    {.bitmap_index = 7709, .adv_w = 326, .box_w = 20, .box_h = 21, .ofs_x = 0, .ofs_y = 0},
    {.bitmap_index = 7919, .adv_w = 457, .box_w = 28, .box_h = 21, .ofs_x = 0, .ofs_y = 0},
    {.bitmap_index = 8213, .adv_w = 322, .box_w = 20, .box_h = 21, .ofs_x = 0, .ofs_y = 0},
    {.bitmap_index = 8423, .adv_w = 320, .box_w = 20, .box_h = 21, .ofs_x = 0, .ofs_y = 0},
    {.bitmap_index = 8633, .adv_w = 292, .box_w = 16, .box_h = 21, .ofs_x = 1, .ofs_y = 0},
    {.bitmap_index = 8801, .adv_w = 167, .box_w = 7, .box_h = 26, .ofs_x = 2, .ofs_y = -4},
    {.bitmap_index = 8892, .adv_w = 170, .box_w = 11, .box_h = 25, .ofs_x = 0, .ofs_y = -3},
    {.bitmap_index = 9030, .adv_w = 167, .box_w = 7, .box_h = 26, .ofs_x = 1, .ofs_y = -4},
    {.bitmap_index = 9121, .adv_w = 216, .box_w = 12, .box_h = 9, .ofs_x = 1, .ofs_y = 12},
    {.bitmap_index = 9175, .adv_w = 210, .box_w = 14, .box_h = 3, .ofs_x = 0, .ofs_y = -3},
    {.bitmap_index = 9196, .adv_w = 157, .box_w = 6, .box_h = 5, .ofs_x = 2, .ofs_y = 18},
    {.bitmap_index = 9211, .adv_w = 257, .box_w = 14, .box_h = 16, .ofs_x = 1, .ofs_y = 0},
    {.bitmap_index = 9323, .adv_w = 280, .box_w = 16, .box_h = 21, .ofs_x = 1, .ofs_y = 0},
    {.bitmap_index = 9491, .adv_w = 261, .box_w = 15, .box_h = 16, .ofs_x = 1, .ofs_y = 0},
    {.bitmap_index = 9611, .adv_w = 280, .box_w = 15, .box_h = 21, .ofs_x = 1, .ofs_y = 0},
    {.bitmap_index = 9769, .adv_w = 265, .box_w = 15, .box_h = 16, .ofs_x = 1, .ofs_y = 0},
    {.bitmap_index = 9889, .adv_w = 174, .box_w = 11, .box_h = 22, .ofs_x = 0, .ofs_y = 0},
    {.bitmap_index = 10010, .adv_w = 280, .box_w = 15, .box_h = 22, .ofs_x = 1, .ofs_y = -6},
    {.bitmap_index = 10175, .adv_w = 274, .box_w = 15, .box_h = 21, .ofs_x = 1, .ofs_y = 0},
    {.bitmap_index = 10333, .adv_w = 117, .box_w = 5, .box_h = 23, .ofs_x = 1, .ofs_y = 0},
    {.bitmap_index = 10391, .adv_w = 117, .box_w = 7, .box_h = 28, .ofs_x = -1, .ofs_y = -6},
    {.bitmap_index = 10489, .adv_w = 255, .box_w = 15, .box_h = 21, .ofs_x = 1, .ofs_y = 0},
    {.bitmap_index = 10647, .adv_w = 117, .box_w = 5, .box_h = 21, .ofs_x = 1, .ofs_y = 0},
    {.bitmap_index = 10700, .adv_w = 403, .box_w = 23, .box_h = 16, .ofs_x = 1, .ofs_y = 0},
    {.bitmap_index = 10884, .adv_w = 274, .box_w = 15, .box_h = 16, .ofs_x = 1, .ofs_y = 0},
    {.bitmap_index = 11004, .adv_w = 273, .box_w = 15, .box_h = 16, .ofs_x = 1, .ofs_y = 0},
    {.bitmap_index = 11124, .adv_w = 280, .box_w = 16, .box_h = 22, .ofs_x = 1, .ofs_y = -6},
    {.bitmap_index = 11300, .adv_w = 280, .box_w = 15, .box_h = 22, .ofs_x = 1, .ofs_y = -6},
    {.bitmap_index = 11465, .adv_w = 178, .box_w = 10, .box_h = 17, .ofs_x = 1, .ofs_y = 0},
    {.bitmap_index = 11550, .adv_w = 246, .box_w = 14, .box_h = 16, .ofs_x = 1, .ofs_y = 0},
    {.bitmap_index = 11662, .adv_w = 158, .box_w = 10, .box_h = 20, .ofs_x = 0, .ofs_y = 0},
    {.bitmap_index = 11762, .adv_w = 274, .box_w = 15, .box_h = 16, .ofs_x = 1, .ofs_y = 0},
    {.bitmap_index = 11882, .adv_w = 263, .box_w = 16, .box_h = 16, .ofs_x = 0, .ofs_y = 0},
    {.bitmap_index = 12010, .adv_w = 376, .box_w = 23, .box_h = 16, .ofs_x = 0, .ofs_y = 0},
    {.bitmap_index = 12194, .adv_w = 255, .box_w = 16, .box_h = 16, .ofs_x = 0, .ofs_y = 0},
    {.bitmap_index = 12322, .adv_w = 264, .box_w = 16, .box_h = 22, .ofs_x = 0, .ofs_y = -6},
    {.bitmap_index = 12498, .adv_w = 254, .box_w = 14, .box_h = 16, .ofs_x = 1, .ofs_y = 0},
    {.bitmap_index = 12610, .adv_w = 204, .box_w = 11, .box_h = 26, .ofs_x = 1, .ofs_y = -4},
    {.bitmap_index = 12753, .adv_w = 161, .box_w = 4, .box_h = 35, .ofs_x = 3, .ofs_y = -7},
    {.bitmap_index = 12823, .adv_w = 204, .box_w = 10, .box_h = 26, .ofs_x = 1, .ofs_y = -4},
    {.bitmap_index = 12953, .adv_w = 301, .box_w = 15, .box_h = 6, .ofs_x = 2, .ofs_y = 5},
    {.bitmap_index = 12998, .adv_w = 113, .box_w = 0, .box_h = 0, .ofs_x = 0, .ofs_y = 0},
    {.bitmap_index = 12998, .adv_w = 144, .box_w = 5, .box_h = 22, .ofs_x = 2, .ofs_y = -6},
    {.bitmap_index = 13053, .adv_w = 261, .box_w = 15, .box_h = 21, .ofs_x = 1, .ofs_y = 0},
    {.bitmap_index = 13211, .adv_w = 282, .box_w = 16, .box_h = 21, .ofs_x = 1, .ofs_y = 0},
    {.bitmap_index = 13379, .adv_w = 336, .box_w = 19, .box_h = 19, .ofs_x = 1, .ofs_y = -1},
    {.bitmap_index = 13560, .adv_w = 252, .box_w = 16, .box_h = 21, .ofs_x = 0, .ofs_y = 0},
    {.bitmap_index = 13728, .adv_w = 142, .box_w = 5, .box_h = 25, .ofs_x = 2, .ofs_y = -4},
    {.bitmap_index = 13791, .adv_w = 255, .box_w = 14, .box_h = 26, .ofs_x = 1, .ofs_y = -5},
    {.bitmap_index = 13973, .adv_w = 274, .box_w = 11, .box_h = 4, .ofs_x = 3, .ofs_y = 18},
    {.bitmap_index = 13995, .adv_w = 410, .box_w = 22, .box_h = 22, .ofs_x = 2, .ofs_y = 0},
    {.bitmap_index = 14237, .adv_w = 206, .box_w = 12, .box_h = 12, .ofs_x = 0, .ofs_y = 9},
    {.bitmap_index = 14309, .adv_w = 284, .box_w = 16, .box_h = 14, .ofs_x = 1, .ofs_y = 2},
    {.bitmap_index = 14421, .adv_w = 301, .box_w = 14, .box_h = 8, .ofs_x = 2, .ofs_y = 4},
    {.bitmap_index = 14477, .adv_w = 297, .box_w = 17, .box_h = 17, .ofs_x = 1, .ofs_y = 5},
    {.bitmap_index = 14622, .adv_w = 202, .box_w = 9, .box_h = 3, .ofs_x = 2, .ofs_y = 19},
    {.bitmap_index = 14636, .adv_w = 205, .box_w = 11, .box_h = 10, .ofs_x = 1, .ofs_y = 11},
    {.bitmap_index = 14691, .adv_w = 301, .box_w = 15, .box_h = 16, .ofs_x = 2, .ofs_y = 0},
    {.bitmap_index = 14811, .adv_w = 203, .box_w = 11, .box_h = 12, .ofs_x = 1, .ofs_y = 12},
    {.bitmap_index = 14877, .adv_w = 208, .box_w = 11, .box_h = 12, .ofs_x = 1, .ofs_y = 12},
    {.bitmap_index = 14943, .adv_w = 157, .box_w = 6, .box_h = 5, .ofs_x = 2, .ofs_y = 18},
    {.bitmap_index = 14958, .adv_w = 275, .box_w = 17, .box_h = 22, .ofs_x = 1, .ofs_y = -6},
    {.bitmap_index = 15145, .adv_w = 269, .box_w = 14, .box_h = 21, .ofs_x = 1, .ofs_y = 0},
    {.bitmap_index = 15292, .adv_w = 143, .box_w = 5, .box_h = 5, .ofs_x = 2, .ofs_y = 8},
    {.bitmap_index = 15305, .adv_w = 149, .box_w = 6, .box_h = 7, .ofs_x = 2, .ofs_y = -6},
    {.bitmap_index = 15326, .adv_w = 145, .box_w = 7, .box_h = 12, .ofs_x = 1, .ofs_y = 12},
    {.bitmap_index = 15368, .adv_w = 218, .box_w = 13, .box_h = 12, .ofs_x = 0, .ofs_y = 9},
    {.bitmap_index = 15446, .adv_w = 284, .box_w = 16, .box_h = 14, .ofs_x = 1, .ofs_y = 2},
    {.bitmap_index = 15558, .adv_w = 372, .box_w = 22, .box_h = 22, .ofs_x = 1, .ofs_y = 0},
    {.bitmap_index = 15800, .adv_w = 390, .box_w = 23, .box_h = 22, .ofs_x = 1, .ofs_y = 0},
    {.bitmap_index = 16053, .adv_w = 406, .box_w = 24, .box_h = 22, .ofs_x = 1, .ofs_y = 0},
    {.bitmap_index = 16317, .adv_w = 243, .box_w = 14, .box_h = 22, .ofs_x = 1, .ofs_y = -6},
    {.bitmap_index = 16471, .adv_w = 326, .box_w = 20, .box_h = 28, .ofs_x = 0, .ofs_y = 0},
    {.bitmap_index = 16751, .adv_w = 326, .box_w = 20, .box_h = 28, .ofs_x = 0, .ofs_y = 0},
    {.bitmap_index = 17031, .adv_w = 326, .box_w = 20, .box_h = 28, .ofs_x = 0, .ofs_y = 0},
    {.bitmap_index = 17311, .adv_w = 326, .box_w = 20, .box_h = 27, .ofs_x = 0, .ofs_y = 0},
    {.bitmap_index = 17581, .adv_w = 326, .box_w = 20, .box_h = 27, .ofs_x = 0, .ofs_y = 0},
    {.bitmap_index = 17851, .adv_w = 326, .box_w = 20, .box_h = 29, .ofs_x = 0, .ofs_y = 0},
    {.bitmap_index = 18141, .adv_w = 454, .box_w = 27, .box_h = 21, .ofs_x = 0, .ofs_y = 0},
    {.bitmap_index = 18425, .adv_w = 330, .box_w = 19, .box_h = 27, .ofs_x = 1, .ofs_y = -6},
    {.bitmap_index = 18682, .adv_w = 271, .box_w = 14, .box_h = 28, .ofs_x = 2, .ofs_y = 0},
    {.bitmap_index = 18878, .adv_w = 271, .box_w = 14, .box_h = 28, .ofs_x = 2, .ofs_y = 0},
    {.bitmap_index = 19074, .adv_w = 271, .box_w = 14, .box_h = 28, .ofs_x = 2, .ofs_y = 0},
    {.bitmap_index = 19270, .adv_w = 271, .box_w = 14, .box_h = 27, .ofs_x = 2, .ofs_y = 0},
    {.bitmap_index = 19459, .adv_w = 124, .box_w = 7, .box_h = 28, .ofs_x = -1, .ofs_y = 0},
    {.bitmap_index = 19557, .adv_w = 124, .box_w = 6, .box_h = 28, .ofs_x = 2, .ofs_y = 0},
    {.bitmap_index = 19641, .adv_w = 124, .box_w = 12, .box_h = 28, .ofs_x = -2, .ofs_y = 0},
    {.bitmap_index = 19809, .adv_w = 124, .box_w = 10, .box_h = 27, .ofs_x = -1, .ofs_y = 0},
    {.bitmap_index = 19944, .adv_w = 337, .box_w = 20, .box_h = 21, .ofs_x = 0, .ofs_y = 0},
    {.bitmap_index = 20154, .adv_w = 340, .box_w = 18, .box_h = 27, .ofs_x = 2, .ofs_y = 0},
    {.bitmap_index = 20397, .adv_w = 344, .box_w = 20, .box_h = 28, .ofs_x = 1, .ofs_y = 0},
    {.bitmap_index = 20677, .adv_w = 344, .box_w = 20, .box_h = 28, .ofs_x = 1, .ofs_y = 0},
    {.bitmap_index = 20957, .adv_w = 344, .box_w = 20, .box_h = 28, .ofs_x = 1, .ofs_y = 0},
    {.bitmap_index = 21237, .adv_w = 344, .box_w = 20, .box_h = 28, .ofs_x = 1, .ofs_y = 0},
    {.bitmap_index = 21517, .adv_w = 344, .box_w = 20, .box_h = 28, .ofs_x = 1, .ofs_y = 0},
    {.bitmap_index = 21797, .adv_w = 301, .box_w = 15, .box_h = 15, .ofs_x = 2, .ofs_y = 1},
    {.bitmap_index = 21910, .adv_w = 344, .box_w = 20, .box_h = 23, .ofs_x = 1, .ofs_y = -1},
    {.bitmap_index = 22140, .adv_w = 330, .box_w = 17, .box_h = 28, .ofs_x = 2, .ofs_y = 0},
    {.bitmap_index = 22378, .adv_w = 330, .box_w = 17, .box_h = 28, .ofs_x = 2, .ofs_y = 0},
    {.bitmap_index = 22616, .adv_w = 330, .box_w = 17, .box_h = 28, .ofs_x = 2, .ofs_y = 0},
    {.bitmap_index = 22854, .adv_w = 330, .box_w = 17, .box_h = 28, .ofs_x = 2, .ofs_y = 0},
    {.bitmap_index = 23092, .adv_w = 320, .box_w = 20, .box_h = 28, .ofs_x = 0, .ofs_y = 0},
    {.bitmap_index = 23372, .adv_w = 295, .box_w = 16, .box_h = 21, .ofs_x = 1, .ofs_y = 0},
    {.bitmap_index = 23540, .adv_w = 288, .box_w = 15, .box_h = 21, .ofs_x = 2, .ofs_y = 0},
    {.bitmap_index = 23698, .adv_w = 257, .box_w = 14, .box_h = 23, .ofs_x = 1, .ofs_y = 0},
    {.bitmap_index = 23859, .adv_w = 257, .box_w = 14, .box_h = 23, .ofs_x = 1, .ofs_y = 0},
    {.bitmap_index = 24020, .adv_w = 257, .box_w = 14, .box_h = 23, .ofs_x = 1, .ofs_y = 0},
    {.bitmap_index = 24181, .adv_w = 257, .box_w = 14, .box_h = 21, .ofs_x = 1, .ofs_y = 0},
    {.bitmap_index = 24328, .adv_w = 257, .box_w = 14, .box_h = 22, .ofs_x = 1, .ofs_y = 0},
    {.bitmap_index = 24482, .adv_w = 257, .box_w = 14, .box_h = 24, .ofs_x = 1, .ofs_y = 0},
    {.bitmap_index = 24650, .adv_w = 409, .box_w = 24, .box_h = 16, .ofs_x = 1, .ofs_y = 0},
    {.bitmap_index = 24842, .adv_w = 261, .box_w = 15, .box_h = 22, .ofs_x = 1, .ofs_y = -6},
    {.bitmap_index = 25007, .adv_w = 265, .box_w = 15, .box_h = 23, .ofs_x = 1, .ofs_y = 0},
    {.bitmap_index = 25180, .adv_w = 265, .box_w = 15, .box_h = 23, .ofs_x = 1, .ofs_y = 0},
    {.bitmap_index = 25353, .adv_w = 265, .box_w = 15, .box_h = 23, .ofs_x = 1, .ofs_y = 0},
    {.bitmap_index = 25526, .adv_w = 265, .box_w = 15, .box_h = 22, .ofs_x = 1, .ofs_y = 0},
    {.bitmap_index = 25691, .adv_w = 117, .box_w = 7, .box_h = 22, .ofs_x = -1, .ofs_y = 0},
    {.bitmap_index = 25768, .adv_w = 117, .box_w = 7, .box_h = 22, .ofs_x = 1, .ofs_y = 0},
    {.bitmap_index = 25845, .adv_w = 117, .box_w = 11, .box_h = 22, .ofs_x = -2, .ofs_y = 0},
    {.bitmap_index = 25966, .adv_w = 117, .box_w = 11, .box_h = 22, .ofs_x = -2, .ofs_y = 0},
    {.bitmap_index = 26087, .adv_w = 266, .box_w = 15, .box_h = 23, .ofs_x = 1, .ofs_y = 0},
    {.bitmap_index = 26260, .adv_w = 274, .box_w = 15, .box_h = 21, .ofs_x = 1, .ofs_y = 0},
    {.bitmap_index = 26418, .adv_w = 273, .box_w = 15, .box_h = 23, .ofs_x = 1, .ofs_y = 0},
    {.bitmap_index = 26591, .adv_w = 273, .box_w = 15, .box_h = 23, .ofs_x = 1, .ofs_y = 0},
    {.bitmap_index = 26764, .adv_w = 273, .box_w = 15, .box_h = 23, .ofs_x = 1, .ofs_y = 0},
    {.bitmap_index = 26937, .adv_w = 273, .box_w = 15, .box_h = 21, .ofs_x = 1, .ofs_y = 0},
    {.bitmap_index = 27095, .adv_w = 273, .box_w = 15, .box_h = 22, .ofs_x = 1, .ofs_y = 0},
    {.bitmap_index = 27260, .adv_w = 301, .box_w = 15, .box_h = 16, .ofs_x = 2, .ofs_y = 0},
    {.bitmap_index = 27380, .adv_w = 273, .box_w = 15, .box_h = 18, .ofs_x = 1, .ofs_y = -1},
    {.bitmap_index = 27515, .adv_w = 274, .box_w = 15, .box_h = 23, .ofs_x = 1, .ofs_y = 0},
    {.bitmap_index = 27688, .adv_w = 274, .box_w = 15, .box_h = 23, .ofs_x = 1, .ofs_y = 0},
    {.bitmap_index = 27861, .adv_w = 274, .box_w = 15, .box_h = 23, .ofs_x = 1, .ofs_y = 0},
    {.bitmap_index = 28034, .adv_w = 274, .box_w = 15, .box_h = 22, .ofs_x = 1, .ofs_y = 0},
    {.bitmap_index = 28199, .adv_w = 264, .box_w = 16, .box_h = 28, .ofs_x = 0, .ofs_y = -6},
    {.bitmap_index = 28423, .adv_w = 280, .box_w = 16, .box_h = 27, .ofs_x = 1, .ofs_y = -6},
    {.bitmap_index = 28639, .adv_w = 264, .box_w = 16, .box_h = 28, .ofs_x = 0, .ofs_y = -6},
    {.bitmap_index = 28863, .adv_w = 224, .box_w = 14, .box_h = 4, .ofs_x = 0, .ofs_y = 7},
    {.bitmap_index = 28891, .adv_w = 448, .box_w = 28, .box_h = 4, .ofs_x = 0, .ofs_y = 7},
    {.bitmap_index = 28947, .adv_w = 132, .box_w = 6, .box_h = 9, .ofs_x = 2, .ofs_y = 12},
    {.bitmap_index = 28974, .adv_w = 132, .box_w = 6, .box_h = 9, .ofs_x = 2, .ofs_y = 13},
    {.bitmap_index = 29001, .adv_w = 122, .box_w = 6, .box_h = 9, .ofs_x = 1, .ofs_y = -5},
    {.bitmap_index = 29028, .adv_w = 132, .box_w = 5, .box_h = 9, .ofs_x = 1, .ofs_y = 12},
    {.bitmap_index = 29051, .adv_w = 227, .box_w = 12, .box_h = 9, .ofs_x = 2, .ofs_y = 12},
    {.bitmap_index = 29105, .adv_w = 225, .box_w = 11, .box_h = 9, .ofs_x = 2, .ofs_y = 13},
    {.bitmap_index = 29155, .adv_w = 226, .box_w = 10, .box_h = 10, .ofs_x = 2, .ofs_y = 4},
    {.bitmap_index = 29205, .adv_w = 428, .box_w = 23, .box_h = 5, .ofs_x = 2, .ofs_y = 0},
    {.bitmap_index = 29263, .adv_w = 427, .box_w = 22, .box_h = 20, .ofs_x = 2, .ofs_y = -1},
    {.bitmap_index = 29483, .adv_w = 395, .box_w = 20, .box_h = 21, .ofs_x = 2, .ofs_y = 0},
    {.bitmap_index = 29693, .adv_w = 427, .box_w = 21, .box_h = 20, .ofs_x = 3, .ofs_y = -1},
    {.bitmap_index = 29903, .adv_w = 395, .box_w = 20, .box_h = 22, .ofs_x = 2, .ofs_y = -1},
    {.bitmap_index = 30123, .adv_w = 301, .box_w = 15, .box_h = 4, .ofs_x = 2, .ofs_y = 6},
    {.bitmap_index = 30153, .adv_w = 396, .box_w = 21, .box_h = 16, .ofs_x = 2, .ofs_y = 1},
    {.bitmap_index = 30321, .adv_w = 396, .box_w = 16, .box_h = 16, .ofs_x = 4, .ofs_y = 1}
};

/*---------------------
 *  CHARACTER MAPPING
 *--------------------*/

static const uint16_t unicode_list_3[] = {
    0x0, 0x1, 0x5, 0x6, 0x7, 0x8, 0x9, 0xa,
    0xf, 0x13, 0x17d, 0x17e, 0x17f, 0x180, 0x1ff, 0x700,
    0x704
};

/*Collect the unicode lists and glyph_id offsets*/
static const lv_font_fmt_txt_cmap_t cmaps[] =
{
    {
        .range_start = 32, .range_length = 95, .glyph_id_start = 1,
        .unicode_list = NULL, .glyph_id_ofs_list = NULL, .list_length = 0, .type = LV_FONT_FMT_TXT_CMAP_FORMAT0_TINY
    },
    {
        .range_start = 160, .range_length = 13, .glyph_id_start = 96,
        .unicode_list = NULL, .glyph_id_ofs_list = NULL, .list_length = 0, .type = LV_FONT_FMT_TXT_CMAP_FORMAT0_TINY
    },
    {
        .range_start = 174, .range_length = 82, .glyph_id_start = 109,
        .unicode_list = NULL, .glyph_id_ofs_list = NULL, .list_length = 0, .type = LV_FONT_FMT_TXT_CMAP_FORMAT0_TINY
    },
    {
        .range_start = 8211, .range_length = 1797, .glyph_id_start = 191,
        .unicode_list = unicode_list_3, .glyph_id_ofs_list = NULL, .list_length = 17, .type = LV_FONT_FMT_TXT_CMAP_SPARSE_TINY
    }
};

/*-----------------
 *    KERNING
 *----------------*/


/*Pair left and right glyphs for kerning*/
static const uint8_t kern_pair_glyph_ids[] =
{
    3, 7,
    3, 13,
    3, 15,
    3, 21,
    3, 98,
    3, 200,
    6, 193,
    6, 194,
    6, 197,
    6, 198,
    7, 3,
    7, 8,
    7, 61,
    7, 109,
    7, 193,
    7, 197,
    8, 7,
    8, 13,
    8, 15,
    8, 21,
    8, 98,
    8, 200,
    9, 93,
    9, 98,
    10, 193,
    10, 197,
    11, 7,
    11, 13,
    11, 15,
    11, 21,
    11, 33,
    11, 64,
    11, 105,
    11, 200,
    12, 19,
    12, 20,
    12, 24,
    12, 61,
    12, 117,
    12, 193,
    12, 197,
    13, 1,
    13, 2,
    13, 3,
    13, 8,
    13, 17,
    13, 18,
    13, 20,
    13, 22,
    13, 23,
    13, 24,
    13, 25,
    13, 26,
    13, 32,
    13, 33,
    13, 105,
    13, 117,
    13, 194,
    13, 196,
    13, 198,
    14, 19,
    14, 20,
    14, 24,
    14, 61,
    14, 117,
    14, 193,
    14, 197,
    15, 1,
    15, 2,
    15, 3,
    15, 8,
    15, 17,
    15, 18,
    15, 20,
    15, 22,
    15, 23,
    15, 24,
    15, 25,
    15, 26,
    15, 32,
    15, 33,
    15, 105,
    15, 117,
    15, 194,
    15, 196,
    15, 198,
    16, 13,
    16, 15,
    16, 61,
    16, 200,
    17, 13,
    17, 15,
    17, 24,
    17, 61,
    17, 64,
    17, 193,
    17, 195,
    17, 197,
    17, 200,
    18, 10,
    18, 62,
    18, 64,
    18, 94,
    19, 21,
    20, 11,
    20, 13,
    20, 15,
    20, 63,
    20, 107,
    20, 111,
    20, 195,
    20, 200,
    21, 11,
    21, 13,
    21, 15,
    21, 18,
    21, 63,
    21, 109,
    21, 111,
    21, 117,
    21, 200,
    22, 11,
    22, 13,
    22, 15,
    22, 63,
    22, 109,
    22, 111,
    22, 200,
    23, 13,
    23, 15,
    23, 64,
    23, 195,
    23, 200,
    24, 4,
    24, 7,
    24, 13,
    24, 15,
    24, 17,
    24, 20,
    24, 21,
    24, 22,
    24, 23,
    24, 24,
    24, 25,
    24, 26,
    24, 27,
    24, 28,
    24, 29,
    24, 64,
    24, 98,
    24, 107,
    24, 195,
    24, 200,
    25, 11,
    25, 13,
    25, 15,
    25, 63,
    25, 107,
    25, 111,
    25, 195,
    25, 200,
    26, 13,
    26, 15,
    26, 24,
    26, 61,
    26, 64,
    26, 193,
    26, 195,
    26, 197,
    26, 200,
    27, 61,
    27, 193,
    27, 197,
    28, 61,
    28, 193,
    28, 197,
    30, 61,
    30, 193,
    30, 197,
    31, 24,
    31, 61,
    31, 193,
    31, 197,
    33, 13,
    33, 15,
    33, 16,
    33, 61,
    33, 64,
    33, 109,
    33, 193,
    33, 195,
    33, 197,
    33, 200,
    60, 93,
    60, 98,
    61, 3,
    61, 5,
    61, 8,
    61, 11,
    61, 12,
    61, 14,
    61, 16,
    61, 18,
    61, 29,
    61, 30,
    61, 32,
    61, 33,
    61, 61,
    61, 63,
    61, 95,
    61, 98,
    61, 105,
    61, 107,
    61, 108,
    61, 109,
    61, 111,
    61, 112,
    61, 117,
    61, 118,
    61, 122,
    61, 150,
    61, 182,
    61, 193,
    61, 194,
    61, 197,
    61, 198,
    61, 199,
    61, 203,
    61, 205,
    62, 193,
    62, 197,
    63, 7,
    63, 13,
    63, 15,
    63, 21,
    63, 33,
    63, 64,
    63, 105,
    63, 200,
    64, 11,
    64, 17,
    64, 18,
    64, 20,
    64, 21,
    64, 22,
    64, 23,
    64, 25,
    64, 26,
    64, 33,
    64, 61,
    64, 63,
    64, 93,
    64, 105,
    64, 111,
    64, 117,
    64, 193,
    64, 197,
    92, 93,
    92, 98,
    93, 10,
    93, 62,
    93, 64,
    93, 94,
    94, 193,
    94, 197,
    95, 19,
    95, 20,
    95, 24,
    95, 61,
    95, 117,
    95, 193,
    95, 197,
    97, 61,
    97, 193,
    97, 197,
    98, 3,
    98, 8,
    98, 10,
    98, 18,
    98, 61,
    98, 62,
    98, 94,
    98, 109,
    98, 193,
    98, 194,
    98, 197,
    98, 198,
    105, 13,
    105, 15,
    105, 16,
    105, 61,
    105, 64,
    105, 109,
    105, 193,
    105, 195,
    105, 197,
    105, 200,
    109, 7,
    109, 21,
    109, 33,
    109, 98,
    109, 105,
    111, 7,
    111, 13,
    111, 15,
    111, 21,
    111, 33,
    111, 64,
    111, 105,
    111, 200,
    112, 61,
    112, 193,
    112, 197,
    116, 12,
    116, 14,
    116, 16,
    116, 29,
    116, 64,
    116, 95,
    116, 108,
    116, 118,
    116, 182,
    116, 193,
    116, 194,
    116, 197,
    116, 198,
    116, 203,
    116, 205,
    117, 10,
    117, 62,
    117, 64,
    117, 94,
    118, 19,
    118, 20,
    118, 24,
    118, 61,
    118, 117,
    118, 193,
    118, 197,
    122, 18,
    122, 19,
    122, 20,
    122, 24,
    122, 25,
    122, 61,
    122, 193,
    122, 197,
    126, 61,
    126, 193,
    126, 194,
    126, 197,
    126, 198,
    150, 61,
    182, 19,
    182, 20,
    182, 24,
    182, 61,
    182, 117,
    182, 193,
    182, 197,
    193, 7,
    193, 13,
    193, 15,
    193, 16,
    193, 21,
    193, 98,
    193, 126,
    193, 195,
    193, 200,
    194, 4,
    194, 7,
    194, 12,
    194, 13,
    194, 14,
    194, 15,
    194, 16,
    194, 17,
    194, 21,
    194, 23,
    194, 24,
    194, 25,
    194, 27,
    194, 28,
    194, 29,
    194, 30,
    194, 33,
    194, 64,
    194, 95,
    194, 98,
    194, 105,
    194, 107,
    194, 108,
    194, 112,
    194, 116,
    194, 117,
    194, 118,
    194, 126,
    194, 182,
    194, 200,
    194, 203,
    194, 205,
    195, 18,
    195, 33,
    195, 61,
    195, 105,
    195, 193,
    195, 194,
    195, 197,
    195, 198,
    197, 7,
    197, 13,
    197, 15,
    197, 16,
    197, 21,
    197, 98,
    197, 126,
    197, 195,
    197, 200,
    198, 4,
    198, 7,
    198, 12,
    198, 13,
    198, 14,
    198, 15,
    198, 16,
    198, 17,
    198, 21,
    198, 23,
    198, 24,
    198, 25,
    198, 27,
    198, 28,
    198, 29,
    198, 30,
    198, 33,
    198, 64,
    198, 95,
    198, 98,
    198, 105,
    198, 107,
    198, 108,
    198, 112,
    198, 116,
    198, 117,
    198, 118,
    198, 126,
    198, 182,
    198, 200,
    198, 203,
    198, 205,
    199, 61,
    200, 1,
    200, 2,
    200, 3,
    200, 8,
    200, 17,
    200, 18,
    200, 20,
    200, 22,
    200, 23,
    200, 24,
    200, 25,
    200, 26,
    200, 32,
    200, 33,
    200, 105,
    200, 117,
    200, 194,
    200, 196,
    200, 198,
    201, 19,
    201, 20,
    201, 24,
    201, 61,
    201, 117,
    201, 193,
    201, 197,
    205, 19,
    205, 20,
    205, 24,
    205, 61,
    205, 117,
    205, 193,
    205, 197
};

/* Kerning between the respective left and right glyphs
 * 4.4 format which needs to scaled with `kern_scale`*/
static const int8_t kern_pair_values[] =
{
    -15, -39, -39, -28, -8, -39, -28, -30,
    -28, -30, -15, -15, -28, -10, -41, -41,
    -15, -39, -39, -28, -8, -39, 5, -3,
    -15, -15, -15, -61, -61, -20, -7, -30,
    -7, -61, -11, -3, -12, -21, -5, -18,
    -18, -9, -4, -42, -42, -12, -40, -11,
    -4, -12, -10, -12, -5, -39, -20, -20,
    -23, -37, -61, -37, -11, -3, -12, -21,
    -5, -18, -18, -9, -4, -42, -42, -12,
    -40, -11, -4, -12, -10, -12, -5, -39,
    -20, -20, -23, -37, -61, -37, -18, -18,
    2, -18, -12, -12, -9, -9, -20, -20,
    -23, -20, -12, 5, 5, 5, 5, -7,
    -4, -10, -10, -4, -15, -4, -23, -10,
    -14, -15, -15, -14, -14, -2, -14, -19,
    -15, -2, -11, -11, -2, -2, -2, -11,
    -14, -14, -20, -20, -14, -25, -20, -56,
    -56, -7, -7, -26, -4, -7, 9, -6,
    -4, -15, -15, -41, -71, -23, -28, -63,
    -56, -4, -10, -10, -4, -15, -4, -23,
    -10, -12, -12, -9, -9, -20, -20, -23,
    -20, -12, -28, -20, -20, -28, -20, -20,
    -30, -25, -25, -33, -33, -43, -43, -20,
    -20, -18, -17, -18, -2, -15, -18, -15,
    -20, 5, -3, -35, -5, -35, -40, -15,
    -15, 6, -20, -11, -23, -28, -18, -22,
    -40, -15, -7, -18, -15, -15, -32, -40,
    -23, -23, -15, -15, -15, -15, -19, -25,
    -19, -25, -15, -15, -15, -15, -15, -15,
    -61, -61, -20, -7, -30, -7, -61, -30,
    -20, -48, -20, -25, -20, -20, -20, -20,
    -18, -35, -30, 15, -18, -30, -20, -18,
    -18, 5, -3, 5, 5, 5, 5, -15,
    -15, -11, -3, -12, -21, -5, -18, -18,
    -15, -15, -15, -8, -8, -5, -15, -26,
    -5, -5, -5, -28, -10, -28, -10, -20,
    -20, -18, -17, -18, -2, -15, -18, -15,
    -20, -15, -22, -2, -13, -2, -15, -61,
    -61, -20, -7, -30, -7, -61, -30, -25,
    -25, -17, -17, -15, -18, -15, -17, -15,
    -17, -17, -23, 6, -23, 6, -17, -17,
    5, 5, 5, 5, -11, -3, -12, -18,
    -5, -18, -18, -18, -23, -20, -23, -15,
    -28, -38, -38, -47, -28, -15, -28, -15,
    -18, -11, -3, -12, -21, -5, -18, -18,
    -28, -45, -45, -43, -28, -17, -28, -38,
    -45, -56, -30, -25, -53, -25, -53, -63,
    -20, -43, -20, -28, -18, -25, -25, -43,
    -25, -25, -18, -20, -28, -25, -38, -25,
    -25, -20, -5, -25, -30, -25, -53, -25,
    -25, -30, -17, -41, -17, -56, -43, -56,
    -43, -28, -45, -45, -43, -28, -17, -28,
    -38, -45, -56, -30, -25, -53, -25, -53,
    -63, -20, -43, -20, -28, -18, -25, -25,
    -43, -25, -25, -18, -20, -28, -25, -38,
    -25, -25, -20, -5, -25, -30, -25, -53,
    -25, -25, -18, -9, -4, -42, -42, -12,
    -40, -11, -4, -12, -10, -12, -5, -39,
    -20, -20, -23, -37, -61, -37, -11, -3,
    -12, -21, -5, -18, -18, -11, -3, -12,
    -21, -5, -18, -18
};

/*Collect the kern pair's data in one place*/
static const lv_font_fmt_txt_kern_pair_t kern_pairs =
{
    .glyph_ids = kern_pair_glyph_ids,
    .values = kern_pair_values,
    .pair_cnt = 484,
    .glyph_ids_size = 0
};

/*--------------------
 *  ALL CUSTOM DATA
 *--------------------*/

#if LVGL_VERSION_MAJOR == 8
/*Store all the custom data of the font*/
static  lv_font_fmt_txt_glyph_cache_t cache;
#endif

#if LVGL_VERSION_MAJOR >= 8
static const lv_font_fmt_txt_dsc_t font_dsc = {
#else
static lv_font_fmt_txt_dsc_t font_dsc = {
#endif
    .glyph_bitmap = glyph_bitmap,
    .glyph_dsc = glyph_dsc,
    .cmaps = cmaps,
    .kern_dsc = &kern_pairs,
    .kern_scale = 16,
    .cmap_num = 4,
    .bpp = 4,
    .kern_classes = 0,
    .bitmap_format = 0,
#if LVGL_VERSION_MAJOR == 8
    .cache = &cache
#endif
};



/*-----------------
 *  PUBLIC FONT
 *----------------*/

/*Initialize a public general font descriptor*/
#if LVGL_VERSION_MAJOR >= 8
const lv_font_t inter_semi_28 = {
#else
lv_font_t inter_semi_28 = {
#endif
    .get_glyph_dsc = lv_font_get_glyph_dsc_fmt_txt,    /*Function pointer to get glyph's data*/
    .get_glyph_bitmap = lv_font_get_bitmap_fmt_txt,    /*Function pointer to get glyph's bitmap*/
    .line_height = 36,          /*The maximum line height required by the font*/
    .base_line = 7,             /*Baseline measured from the bottom of the line*/
#if !(LVGL_VERSION_MAJOR == 6 && LVGL_VERSION_MINOR == 0)
    .subpx = LV_FONT_SUBPX_NONE,
#endif
#if LV_VERSION_CHECK(7, 4, 0) || LVGL_VERSION_MAJOR >= 8
    .underline_position = -5,
    .underline_thickness = 2,
#endif
    .dsc = &font_dsc,          /*The custom font data. Will be accessed by `get_glyph_bitmap/dsc` */
#if LV_VERSION_CHECK(8, 2, 0) || LVGL_VERSION_MAJOR >= 9
    .fallback = NULL,
#endif
    .user_data = NULL,
};



#endif /*#if INTER_SEMI_28*/

