/*******************************************************************************
 * Size: 20 px
 * Bpp: 4
 * Opts: --no-compress --format lvgl --bpp 4 --size 20 --font tools/.fontcache/Inter-SemiBold.ttf -r 0x20-0x7E,0xA0-0xFF,0x2013-0x2014,0x2018-0x201D,0x2022,0x2026,0x2190-0x2193,0x2212,0x2713,0x2717,0x00B7 --lv-include lvgl.h -o main/fonts/inter_semi_20.c --lv-font-name inter_semi_20
 ******************************************************************************/

#ifdef LV_LVGL_H_INCLUDE_SIMPLE
#include "lvgl.h"
#else
#include "lvgl.h"
#endif

#ifndef INTER_SEMI_20
#define INTER_SEMI_20 1
#endif

#if INTER_SEMI_20

/*-----------------
 *    BITMAPS
 *----------------*/

/*Store the image of the glyphs*/
static LV_ATTRIBUTE_LARGE_CONST const uint8_t glyph_bitmap[] = {
    /* U+0020 " " */

    /* U+0021 "!" */
    0x2f, 0xf9, 0x2f, 0xf9, 0x2f, 0xf8, 0x1f, 0xf8,
    0x1f, 0xf8, 0x1f, 0xf7, 0xf, 0xf7, 0xf, 0xf7,
    0xf, 0xf6, 0xd, 0xd5, 0x0, 0x0, 0x1d, 0xf6,
    0x5f, 0xfc, 0x1c, 0xf5,

    /* U+0022 "\"" */
    0xff, 0x70, 0xff, 0x6e, 0xf7, 0xf, 0xf6, 0xef,
    0x60, 0xef, 0x5d, 0xf5, 0xe, 0xf4, 0xcf, 0x40,
    0xdf, 0x3a, 0xd3, 0xb, 0xd2,

    /* U+0023 "#" */
    0x0, 0x0, 0xff, 0x0, 0xe, 0xf1, 0x0, 0x0,
    0x3f, 0xb0, 0x1, 0xfd, 0x0, 0x0, 0x6, 0xf8,
    0x0, 0x5f, 0xa0, 0x0, 0xaf, 0xff, 0xff, 0xff,
    0xff, 0xf8, 0xc, 0xff, 0xff, 0xff, 0xff, 0xff,
    0x50, 0x0, 0xff, 0x0, 0xd, 0xf2, 0x0, 0x0,
    0x1f, 0xd0, 0x0, 0xff, 0x0, 0x0, 0x4, 0xfb,
    0x0, 0x2f, 0xd0, 0x0, 0x7f, 0xff, 0xff, 0xff,
    0xff, 0xfa, 0xa, 0xff, 0xff, 0xff, 0xff, 0xff,
    0x80, 0x0, 0xcf, 0x30, 0xa, 0xf5, 0x0, 0x0,
    0xe, 0xf0, 0x0, 0xcf, 0x20, 0x0, 0x1, 0xfe,
    0x0, 0xf, 0xf0, 0x0, 0x0, 0x3f, 0xb0, 0x1,
    0xfd, 0x0, 0x0,

    /* U+0024 "$" */
    0x0, 0x0, 0x0, 0x71, 0x0, 0x0, 0x0, 0x0,
    0x0, 0xf, 0x20, 0x0, 0x0, 0x0, 0x0, 0x0,
    0xf2, 0x0, 0x0, 0x0, 0x0, 0x5b, 0xff, 0xfd,
    0x70, 0x0, 0x0, 0x9f, 0xff, 0xff, 0xff, 0xc0,
    0x0, 0x5f, 0xfb, 0x3f, 0x49, 0xff, 0x80, 0x9,
    0xff, 0x10, 0xf2, 0xb, 0xeb, 0x0, 0x9f, 0xf3,
    0xf, 0x20, 0x0, 0x0, 0x4, 0xff, 0xf9, 0xf2,
    0x0, 0x0, 0x0, 0x6, 0xff, 0xff, 0xfb, 0x50,
    0x0, 0x0, 0x1, 0x7c, 0xff, 0xff, 0xc1, 0x0,
    0x0, 0x0, 0xf, 0x6a, 0xff, 0xb0, 0x2, 0x21,
    0x0, 0xf2, 0xb, 0xff, 0x0, 0xff, 0xb0, 0xf,
    0x20, 0xaf, 0xf0, 0xa, 0xff, 0x92, 0xf4, 0x8f,
    0xfc, 0x0, 0x2e, 0xff, 0xff, 0xff, 0xff, 0x30,
    0x0, 0x18, 0xdf, 0xff, 0xe9, 0x20, 0x0, 0x0,
    0x0, 0xf, 0x20, 0x0, 0x0, 0x0, 0x0, 0x0,
    0xf2, 0x0, 0x0, 0x0,

    /* U+0025 "%" */
    0x1, 0xaf, 0xfa, 0x10, 0x0, 0x0, 0x4f, 0x90,
    0x0, 0xb, 0xfc, 0xbf, 0xc0, 0x0, 0x1, 0xed,
    0x0, 0x0, 0xf, 0xd0, 0xd, 0xf1, 0x0, 0xb,
    0xf3, 0x0, 0x0, 0xf, 0xd0, 0xd, 0xf1, 0x0,
    0x7f, 0x70, 0x0, 0x0, 0xb, 0xfb, 0xbf, 0xc0,
    0x3, 0xfb, 0x0, 0x0, 0x0, 0x1, 0xaf, 0xfb,
    0x10, 0xd, 0xe1, 0x0, 0x0, 0x0, 0x0, 0x0,
    0x0, 0x0, 0x9f, 0x40, 0x0, 0x0, 0x0, 0x0,
    0x0, 0x0, 0x4, 0xf9, 0x0, 0x9e, 0xfa, 0x10,
    0x0, 0x0, 0x0, 0x1e, 0xd0, 0x9, 0xfc, 0xbf,
    0xb0, 0x0, 0x0, 0x0, 0xbf, 0x30, 0xe, 0xf0,
    0xe, 0xf0, 0x0, 0x0, 0x7, 0xf7, 0x0, 0xf,
    0xd0, 0xb, 0xf1, 0x0, 0x0, 0x3f, 0xb0, 0x0,
    0xe, 0xf0, 0xd, 0xf0, 0x0, 0x0, 0xde, 0x10,
    0x0, 0x9, 0xfc, 0xbf, 0xb0, 0x0, 0x9, 0xf4,
    0x0, 0x0, 0x0, 0x9e, 0xfa, 0x10,

    /* U+0026 "&" */
    0x0, 0x4, 0xcf, 0xfb, 0x30, 0x0, 0x0, 0x0,
    0x5f, 0xff, 0xff, 0xf2, 0x0, 0x0, 0x0, 0xcf,
    0xc2, 0x3e, 0xf8, 0x0, 0x0, 0x0, 0xdf, 0x60,
    0x9, 0xf8, 0x0, 0x0, 0x0, 0x9f, 0xa0, 0x2e,
    0xf2, 0x0, 0x0, 0x0, 0x1e, 0xf8, 0xee, 0x40,
    0x0, 0x0, 0x0, 0xb, 0xff, 0xe1, 0x0, 0x0,
    0x0, 0x1, 0xdf, 0xef, 0xf9, 0x0, 0xff, 0x30,
    0xb, 0xfe, 0x25, 0xff, 0x83, 0xff, 0x10, 0x1f,
    0xf7, 0x0, 0x7f, 0xfd, 0xfd, 0x0, 0x1f, 0xf8,
    0x0, 0x9, 0xff, 0xf7, 0x0, 0xc, 0xff, 0x51,
    0x39, 0xff, 0xf2, 0x0, 0x3, 0xff, 0xff, 0xff,
    0xfe, 0xfd, 0x0, 0x0, 0x29, 0xef, 0xeb, 0x41,
    0xef, 0xb0,

    /* U+0027 "'" */
    0xff, 0x7e, 0xf7, 0xef, 0x6d, 0xf5, 0xcf, 0x4a,
    0xd3,

    /* U+0028 "(" */
    0x0, 0x0, 0x10, 0x0, 0xe, 0xf7, 0x0, 0x7f,
    0xf1, 0x0, 0xdf, 0xb0, 0x2, 0xff, 0x50, 0x7,
    0xff, 0x10, 0xb, 0xfe, 0x0, 0xe, 0xfa, 0x0,
    0x1f, 0xf8, 0x0, 0x2f, 0xf6, 0x0, 0x2f, 0xf6,
    0x0, 0x1f, 0xf7, 0x0, 0xf, 0xf9, 0x0, 0xd,
    0xfb, 0x0, 0x9, 0xff, 0x0, 0x4, 0xff, 0x50,
    0x0, 0xef, 0xa0, 0x0, 0x7f, 0xf1, 0x0, 0xe,
    0xf7,

    /* U+0029 ")" */
    0x1, 0x10, 0x0, 0x1f, 0xf6, 0x0, 0xa, 0xfe,
    0x0, 0x4, 0xff, 0x50, 0x0, 0xef, 0xa0, 0x0,
    0x9f, 0xe0, 0x0, 0x6f, 0xf2, 0x0, 0x3f, 0xf5,
    0x0, 0x1f, 0xf8, 0x0, 0xf, 0xf9, 0x0, 0xf,
    0xf9, 0x0, 0xf, 0xf8, 0x0, 0x2f, 0xf7, 0x0,
    0x4f, 0xf4, 0x0, 0x8f, 0xf1, 0x0, 0xdf, 0xb0,
    0x3, 0xff, 0x50, 0x9, 0xfe, 0x0, 0x1f, 0xf6,
    0x0,

    /* U+002A "*" */
    0x0, 0x7, 0xf3, 0x0, 0x0, 0x70, 0x6f, 0x21,
    0x60, 0x5f, 0xe9, 0xf8, 0xff, 0x20, 0x5d, 0xff,
    0xfb, 0x30, 0x2, 0xaf, 0xff, 0x91, 0x5, 0xff,
    0xaf, 0xaf, 0xf2, 0x9, 0x15, 0xf2, 0x39, 0x0,
    0x0, 0x6f, 0x30, 0x0, 0x0, 0x1, 0x20, 0x0,
    0x0,

    /* U+002B "+" */
    0x0, 0x0, 0x6f, 0xd0, 0x0, 0x0, 0x0, 0x6,
    0xfd, 0x0, 0x0, 0x0, 0x0, 0x6f, 0xd0, 0x0,
    0x0, 0x11, 0x16, 0xfd, 0x11, 0x10, 0x2f, 0xff,
    0xff, 0xff, 0xff, 0xa2, 0xff, 0xff, 0xff, 0xff,
    0xfa, 0x0, 0x0, 0x6f, 0xd0, 0x0, 0x0, 0x0,
    0x6, 0xfd, 0x0, 0x0, 0x0, 0x0, 0x6f, 0xd0,
    0x0, 0x0, 0x0, 0x4, 0xca, 0x0, 0x0,

    /* U+002C "," */
    0xd, 0xd7, 0x2f, 0xf4, 0x4f, 0xf0, 0x6f, 0xb0,
    0x9f, 0x60, 0xbf, 0x20,

    /* U+002D "-" */
    0x1, 0x11, 0x11, 0x1a, 0xff, 0xff, 0xfe, 0xaf,
    0xff, 0xff, 0xe0,

    /* U+002E "." */
    0x0, 0x0, 0x1e, 0xf5, 0x5f, 0xfb, 0x1c, 0xe4,

    /* U+002F "/" */
    0x0, 0x0, 0x7, 0x81, 0x0, 0x0, 0x4f, 0xf0,
    0x0, 0x0, 0x8f, 0xb0, 0x0, 0x0, 0xcf, 0x70,
    0x0, 0x1, 0xff, 0x20, 0x0, 0x5, 0xfe, 0x0,
    0x0, 0x9, 0xfa, 0x0, 0x0, 0xd, 0xf5, 0x0,
    0x0, 0x2f, 0xf1, 0x0, 0x0, 0x6f, 0xd0, 0x0,
    0x0, 0xaf, 0x90, 0x0, 0x0, 0xef, 0x40, 0x0,
    0x3, 0xff, 0x0, 0x0, 0x7, 0xfc, 0x0, 0x0,
    0xb, 0xf7, 0x0, 0x0, 0xf, 0xf3, 0x0, 0x0,
    0x4f, 0xf0, 0x0, 0x0, 0x8f, 0xb0, 0x0, 0x0,

    /* U+0030 "0" */
    0x0, 0x19, 0xef, 0xea, 0x30, 0x0, 0x3, 0xff,
    0xff, 0xff, 0xf5, 0x0, 0xe, 0xff, 0x63, 0x5e,
    0xff, 0x20, 0x6f, 0xf6, 0x0, 0x3, 0xff, 0x90,
    0xbf, 0xf0, 0x0, 0x0, 0xcf, 0xe0, 0xef, 0xc0,
    0x0, 0x0, 0x8f, 0xf1, 0xff, 0xa0, 0x0, 0x0,
    0x7f, 0xf2, 0xff, 0xa0, 0x0, 0x0, 0x7f, 0xf2,
    0xef, 0xb0, 0x0, 0x0, 0x8f, 0xf1, 0xbf, 0xf0,
    0x0, 0x0, 0xcf, 0xe0, 0x6f, 0xf6, 0x0, 0x3,
    0xff, 0x90, 0xe, 0xff, 0x73, 0x5e, 0xff, 0x20,
    0x3, 0xff, 0xff, 0xff, 0xf6, 0x0, 0x0, 0x29,
    0xef, 0xea, 0x30, 0x0,

    /* U+0031 "1" */
    0x0, 0x9, 0xff, 0xf0, 0x3d, 0xff, 0xff, 0x1f,
    0xfc, 0xbf, 0xf1, 0xf7, 0x9, 0xff, 0x3, 0x0,
    0x9f, 0xf0, 0x0, 0x9, 0xff, 0x0, 0x0, 0x9f,
    0xf0, 0x0, 0x9, 0xff, 0x0, 0x0, 0x9f, 0xf0,
    0x0, 0x9, 0xff, 0x0, 0x0, 0x9f, 0xf0, 0x0,
    0x9, 0xff, 0x0, 0x0, 0x9f, 0xf0, 0x0, 0x9,
    0xff,

    /* U+0032 "2" */
    0x0, 0x5c, 0xef, 0xd8, 0x10, 0x0, 0xaf, 0xff,
    0xff, 0xfe, 0x10, 0x5f, 0xfa, 0x32, 0x7f, 0xfb,
    0xa, 0xfe, 0x0, 0x0, 0xaf, 0xf0, 0x45, 0x40,
    0x0, 0x8, 0xff, 0x0, 0x0, 0x0, 0x0, 0xdf,
    0xb0, 0x0, 0x0, 0x0, 0xaf, 0xf2, 0x0, 0x0,
    0x0, 0xaf, 0xf5, 0x0, 0x0, 0x0, 0xbf, 0xf5,
    0x0, 0x0, 0x1, 0xcf, 0xf5, 0x0, 0x0, 0x1,
    0xdf, 0xf4, 0x0, 0x0, 0x2, 0xdf, 0xf7, 0x33,
    0x33, 0x30, 0xaf, 0xff, 0xff, 0xff, 0xff, 0x4b,
    0xff, 0xff, 0xff, 0xff, 0xf4,

    /* U+0033 "3" */
    0x0, 0x5b, 0xef, 0xea, 0x30, 0x0, 0xbf, 0xff,
    0xff, 0xff, 0x60, 0x6f, 0xf9, 0x32, 0x4d, 0xff,
    0x4, 0x77, 0x0, 0x0, 0x6f, 0xf2, 0x0, 0x0,
    0x0, 0x3d, 0xfc, 0x0, 0x0, 0x3f, 0xff, 0xe8,
    0x10, 0x0, 0x3, 0xff, 0xff, 0xb2, 0x0, 0x0,
    0x0, 0x4, 0xdf, 0xf1, 0x0, 0x0, 0x0, 0x3,
    0xff, 0x84, 0x43, 0x0, 0x0, 0xf, 0xfa, 0xdf,
    0xe0, 0x0, 0x4, 0xff, 0x97, 0xff, 0xc4, 0x36,
    0xef, 0xf3, 0xb, 0xff, 0xff, 0xff, 0xf6, 0x0,
    0x5, 0xbe, 0xfe, 0xa3, 0x0,

    /* U+0034 "4" */
    0x0, 0x0, 0x2, 0xff, 0xf7, 0x0, 0x0, 0x0,
    0xc, 0xff, 0xf7, 0x0, 0x0, 0x0, 0x7f, 0xff,
    0xf7, 0x0, 0x0, 0x2, 0xff, 0x6f, 0xf7, 0x0,
    0x0, 0xd, 0xfb, 0xf, 0xf7, 0x0, 0x0, 0x8f,
    0xf1, 0xf, 0xf7, 0x0, 0x3, 0xff, 0x60, 0xf,
    0xf7, 0x0, 0xd, 0xfb, 0x0, 0xf, 0xf7, 0x0,
    0x9f, 0xf1, 0x0, 0xf, 0xf7, 0x0, 0xff, 0xff,
    0xff, 0xff, 0xff, 0xf5, 0xff, 0xff, 0xff, 0xff,
    0xff, 0xf5, 0x22, 0x22, 0x22, 0x2f, 0xf8, 0x20,
    0x0, 0x0, 0x0, 0xf, 0xf7, 0x0, 0x0, 0x0,
    0x0, 0xf, 0xf7, 0x0,

    /* U+0035 "5" */
    0xf, 0xff, 0xff, 0xff, 0xf7, 0x1, 0xff, 0xff,
    0xff, 0xff, 0x70, 0x3f, 0xf4, 0x22, 0x22, 0x21,
    0x5, 0xff, 0x0, 0x0, 0x0, 0x0, 0x7f, 0xe6,
    0xdf, 0xe9, 0x10, 0x9, 0xff, 0xff, 0xff, 0xfe,
    0x10, 0x6b, 0xd6, 0x1, 0x8f, 0xfa, 0x0, 0x0,
    0x0, 0x0, 0xaf, 0xf0, 0x0, 0x0, 0x0, 0x5,
    0xff, 0x23, 0x31, 0x0, 0x0, 0x5f, 0xf2, 0xdf,
    0xc0, 0x0, 0xb, 0xff, 0x8, 0xff, 0x92, 0x29,
    0xff, 0x80, 0xb, 0xff, 0xff, 0xff, 0xc0, 0x0,
    0x6, 0xcf, 0xfc, 0x60, 0x0,

    /* U+0036 "6" */
    0x0, 0x18, 0xdf, 0xeb, 0x50, 0x0, 0x1d, 0xff,
    0xff, 0xff, 0xa0, 0xc, 0xfe, 0x74, 0x5b, 0xff,
    0x54, 0xff, 0x30, 0x0, 0x5, 0x53, 0x9f, 0xc1,
    0x9e, 0xfc, 0x50, 0xd, 0xfa, 0xdf, 0xff, 0xff,
    0x80, 0xef, 0xfe, 0x40, 0x3d, 0xff, 0x3f, 0xff,
    0x30, 0x0, 0x1f, 0xf9, 0xef, 0xe0, 0x0, 0x0,
    0xcf, 0xbc, 0xfe, 0x0, 0x0, 0xc, 0xfb, 0x8f,
    0xf4, 0x0, 0x2, 0xff, 0x81, 0xff, 0xf5, 0x24,
    0xef, 0xf2, 0x5, 0xff, 0xff, 0xff, 0xf5, 0x0,
    0x2, 0xae, 0xfe, 0xa2, 0x0,

    /* U+0037 "7" */
    0x3f, 0xff, 0xff, 0xff, 0xff, 0xb3, 0xff, 0xff,
    0xff, 0xff, 0xfb, 0x3, 0x33, 0x33, 0x36, 0xff,
    0x90, 0x0, 0x0, 0x0, 0xaf, 0xf1, 0x0, 0x0,
    0x0, 0x3f, 0xf8, 0x0, 0x0, 0x0, 0xb, 0xfe,
    0x10, 0x0, 0x0, 0x3, 0xff, 0x70, 0x0, 0x0,
    0x0, 0xcf, 0xe0, 0x0, 0x0, 0x0, 0x4f, 0xf6,
    0x0, 0x0, 0x0, 0xd, 0xfd, 0x0, 0x0, 0x0,
    0x5, 0xff, 0x50, 0x0, 0x0, 0x0, 0xdf, 0xd0,
    0x0, 0x0, 0x0, 0x6f, 0xf4, 0x0, 0x0, 0x0,
    0xe, 0xfc, 0x0, 0x0, 0x0,

    /* U+0038 "8" */
    0x0, 0x6b, 0xef, 0xea, 0x40, 0x0, 0xbf, 0xff,
    0xff, 0xff, 0x80, 0x5f, 0xfa, 0x20, 0x3c, 0xff,
    0x16, 0xff, 0x20, 0x0, 0x5f, 0xf3, 0x1f, 0xfa,
    0x10, 0x2c, 0xfd, 0x0, 0x2b, 0xff, 0xff, 0xf9,
    0x10, 0x5, 0xdf, 0xff, 0xff, 0xc2, 0x4, 0xff,
    0xb2, 0x4, 0xdf, 0xe1, 0xcf, 0xe0, 0x0, 0x2,
    0xff, 0x9f, 0xfb, 0x0, 0x0, 0xf, 0xfc, 0xef,
    0xe0, 0x0, 0x1, 0xff, 0xa8, 0xff, 0xa2, 0x3,
    0xcf, 0xf5, 0xb, 0xff, 0xff, 0xff, 0xf8, 0x0,
    0x5, 0xbe, 0xfe, 0xa4, 0x0,

    /* U+0039 "9" */
    0x0, 0x5b, 0xef, 0xd8, 0x10, 0x0, 0xaf, 0xff,
    0xff, 0xfe, 0x20, 0x7f, 0xfc, 0x32, 0x6f, 0xfd,
    0xd, 0xfd, 0x0, 0x0, 0x5f, 0xf4, 0xff, 0x90,
    0x0, 0x1, 0xff, 0x9e, 0xfc, 0x0, 0x0, 0x4f,
    0xfb, 0x9f, 0xf9, 0x10, 0x4e, 0xff, 0xc0, 0xdf,
    0xff, 0xff, 0xbc, 0xfb, 0x0, 0x8d, 0xfd, 0x80,
    0xef, 0x90, 0x0, 0x0, 0x0, 0x2f, 0xf6, 0xbf,
    0xe0, 0x0, 0x9, 0xff, 0x15, 0xff, 0xc5, 0x4a,
    0xff, 0x80, 0xa, 0xff, 0xff, 0xff, 0xb0, 0x0,
    0x5, 0xcf, 0xfc, 0x60, 0x0,

    /* U+003A ":" */
    0x0, 0x0, 0x1d, 0xf5, 0x5f, 0xfb, 0x1c, 0xe4,
    0x0, 0x0, 0x0, 0x0, 0x0, 0x0, 0x0, 0x0,
    0x1e, 0xf5, 0x5f, 0xfb, 0x1c, 0xe4,

    /* U+003B ";" */
    0x0, 0x0, 0xb, 0xf8, 0x1f, 0xfe, 0xa, 0xf7,
    0x0, 0x0, 0x0, 0x0, 0x0, 0x0, 0x0, 0x0,
    0x0, 0x0, 0xd, 0xd7, 0x2f, 0xf4, 0x4f, 0xf0,
    0x6f, 0xb0, 0x9f, 0x60, 0xbf, 0x20,

    /* U+003C "<" */
    0x0, 0x0, 0x0, 0x0, 0x0, 0x0, 0x0, 0x0,
    0x0, 0x5, 0xd5, 0x0, 0x0, 0x0, 0x6e, 0xff,
    0x50, 0x0, 0x18, 0xef, 0xff, 0xa2, 0x2, 0x9f,
    0xff, 0xe8, 0x10, 0x4, 0xff, 0xfc, 0x50, 0x0,
    0x0, 0x5f, 0xfd, 0x40, 0x0, 0x0, 0x1, 0xaf,
    0xff, 0xd6, 0x0, 0x0, 0x0, 0x29, 0xff, 0xfe,
    0x82, 0x0, 0x0, 0x1, 0x8e, 0xff, 0xf4, 0x0,
    0x0, 0x0, 0x6, 0xdf, 0x50, 0x0, 0x0, 0x0,
    0x0, 0x53,

    /* U+003D "=" */
    0xff, 0xff, 0xff, 0xff, 0xf7, 0xff, 0xff, 0xff,
    0xff, 0xf7, 0x22, 0x22, 0x22, 0x22, 0x21, 0x0,
    0x0, 0x0, 0x0, 0x0, 0x22, 0x22, 0x22, 0x22,
    0x21, 0xff, 0xff, 0xff, 0xff, 0xf7, 0xff, 0xff,
    0xff, 0xff, 0xf7,

    /* U+003E ">" */
    0x0, 0x0, 0x0, 0x0, 0x0, 0xd9, 0x20, 0x0,
    0x0, 0x0, 0xef, 0xfa, 0x30, 0x0, 0x0, 0x6e,
    0xff, 0xfb, 0x40, 0x0, 0x0, 0x5b, 0xff, 0xfc,
    0x50, 0x0, 0x0, 0x29, 0xff, 0xfb, 0x0, 0x0,
    0x1, 0x8f, 0xfd, 0x0, 0x3, 0x9f, 0xff, 0xd5,
    0x5, 0xcf, 0xff, 0xc5, 0x0, 0xdf, 0xff, 0xb4,
    0x0, 0x0, 0xef, 0xa2, 0x0, 0x0, 0x0, 0x71,
    0x0, 0x0, 0x0, 0x0,

    /* U+003F "?" */
    0x0, 0x3b, 0xef, 0xe9, 0x20, 0x5, 0xff, 0xff,
    0xff, 0xf2, 0xe, 0xfe, 0x41, 0x7f, 0xfb, 0x2d,
    0xd5, 0x0, 0xc, 0xfd, 0x0, 0x0, 0x0, 0xe,
    0xfc, 0x0, 0x0, 0x1, 0xcf, 0xf4, 0x0, 0x0,
    0x4e, 0xfe, 0x50, 0x0, 0x0, 0xef, 0xc1, 0x0,
    0x0, 0x2, 0xff, 0x30, 0x0, 0x0, 0x1, 0x88,
    0x10, 0x0, 0x0, 0x0, 0x0, 0x0, 0x0, 0x0,
    0x4, 0xfe, 0x30, 0x0, 0x0, 0x9, 0xff, 0x80,
    0x0, 0x0, 0x3, 0xed, 0x20, 0x0,

    /* U+0040 "@" */
    0x0, 0x0, 0x6, 0xbe, 0xff, 0xec, 0x71, 0x0,
    0x0, 0x0, 0x5, 0xff, 0xff, 0xff, 0xff, 0xff,
    0x80, 0x0, 0x0, 0x8f, 0xfc, 0x51, 0x0, 0x13,
    0x9f, 0xfb, 0x0, 0x5, 0xff, 0x60, 0x0, 0x0,
    0x0, 0x3, 0xef, 0x80, 0x1f, 0xf7, 0x0, 0x4c,
    0xed, 0x7a, 0xf2, 0x3f, 0xf2, 0x6f, 0xe0, 0x6,
    0xff, 0xff, 0xff, 0xf3, 0xb, 0xf8, 0xbf, 0x80,
    0xf, 0xf7, 0x11, 0xaf, 0xf3, 0x5, 0xfc, 0xef,
    0x50, 0x5f, 0xb0, 0x0, 0xf, 0xf3, 0x3, 0xfe,
    0xff, 0x30, 0x7f, 0x70, 0x0, 0xc, 0xf3, 0x2,
    0xfe, 0xff, 0x30, 0x7f, 0x70, 0x0, 0xc, 0xf3,
    0x2, 0xfd, 0xef, 0x50, 0x5f, 0xa0, 0x0, 0xf,
    0xf3, 0x4, 0xfb, 0xcf, 0x80, 0x1f, 0xf3, 0x0,
    0x7f, 0xf5, 0xa, 0xf7, 0x7f, 0xe0, 0x7, 0xff,
    0xcd, 0xfc, 0xfe, 0xdf, 0xe1, 0x1f, 0xf7, 0x0,
    0x6d, 0xfd, 0x70, 0x8e, 0xfb, 0x20, 0x7, 0xff,
    0x60, 0x0, 0x0, 0x0, 0x0, 0x0, 0x0, 0x0,
    0xaf, 0xfc, 0x62, 0x0, 0x2, 0x63, 0x0, 0x0,
    0x0, 0x6, 0xff, 0xff, 0xff, 0xff, 0xfb, 0x0,
    0x0, 0x0, 0x0, 0x17, 0xbe, 0xff, 0xec, 0x94,
    0x0, 0x0,

    /* U+0041 "A" */
    0x0, 0x0, 0x9, 0xff, 0xf1, 0x0, 0x0, 0x0,
    0x0, 0x0, 0xff, 0xff, 0x60, 0x0, 0x0, 0x0,
    0x0, 0x5f, 0xfa, 0xfc, 0x0, 0x0, 0x0, 0x0,
    0xb, 0xfb, 0x4f, 0xf2, 0x0, 0x0, 0x0, 0x1,
    0xff, 0x60, 0xff, 0x80, 0x0, 0x0, 0x0, 0x6f,
    0xf1, 0xa, 0xfe, 0x0, 0x0, 0x0, 0xc, 0xfc,
    0x0, 0x4f, 0xf4, 0x0, 0x0, 0x2, 0xff, 0x60,
    0x0, 0xef, 0xa0, 0x0, 0x0, 0x8f, 0xff, 0xff,
    0xff, 0xff, 0x10, 0x0, 0xe, 0xff, 0xff, 0xff,
    0xff, 0xf6, 0x0, 0x3, 0xff, 0x71, 0x11, 0x11,
    0xef, 0xc0, 0x0, 0x9f, 0xf1, 0x0, 0x0, 0x9,
    0xff, 0x20, 0xf, 0xfc, 0x0, 0x0, 0x0, 0x4f,
    0xf8, 0x5, 0xff, 0x70, 0x0, 0x0, 0x0, 0xef,
    0xe0,

    /* U+0042 "B" */
    0x8f, 0xff, 0xff, 0xfd, 0x81, 0x0, 0x8f, 0xff,
    0xff, 0xff, 0xfd, 0x10, 0x8f, 0xf3, 0x22, 0x4b,
    0xff, 0x80, 0x8f, 0xf1, 0x0, 0x0, 0xff, 0xb0,
    0x8f, 0xf1, 0x0, 0x0, 0xff, 0x90, 0x8f, 0xf1,
    0x0, 0x2a, 0xfe, 0x20, 0x8f, 0xff, 0xff, 0xff,
    0xb1, 0x0, 0x8f, 0xfe, 0xee, 0xff, 0xfc, 0x20,
    0x8f, 0xf1, 0x0, 0x3, 0xef, 0xd0, 0x8f, 0xf1,
    0x0, 0x0, 0x7f, 0xf3, 0x8f, 0xf1, 0x0, 0x0,
    0x7f, 0xf4, 0x8f, 0xf3, 0x22, 0x37, 0xff, 0xf1,
    0x8f, 0xff, 0xff, 0xff, 0xff, 0x60, 0x8f, 0xff,
    0xff, 0xfe, 0xb4, 0x0,

    /* U+0043 "C" */
    0x0, 0x3, 0xad, 0xfe, 0xc6, 0x0, 0x0, 0x9,
    0xff, 0xff, 0xff, 0xfd, 0x10, 0x9, 0xff, 0xe7,
    0x56, 0xbf, 0xfd, 0x3, 0xff, 0xc1, 0x0, 0x0,
    0x8f, 0xf6, 0x9f, 0xf2, 0x0, 0x0, 0x0, 0xbc,
    0x8d, 0xfc, 0x0, 0x0, 0x0, 0x0, 0x0, 0xff,
    0xa0, 0x0, 0x0, 0x0, 0x0, 0xf, 0xfa, 0x0,
    0x0, 0x0, 0x0, 0x0, 0xdf, 0xc0, 0x0, 0x0,
    0x0, 0x0, 0x9, 0xff, 0x20, 0x0, 0x0, 0xb,
    0xc8, 0x3f, 0xfc, 0x0, 0x0, 0x8, 0xff, 0x60,
    0x9f, 0xfe, 0x75, 0x6b, 0xff, 0xd0, 0x0, 0x9f,
    0xff, 0xff, 0xff, 0xd1, 0x0, 0x0, 0x4a, 0xdf,
    0xec, 0x60, 0x0,

    /* U+0044 "D" */
    0x8f, 0xff, 0xff, 0xec, 0x60, 0x0, 0x8, 0xff,
    0xff, 0xff, 0xff, 0xd3, 0x0, 0x8f, 0xf4, 0x44,
    0x5a, 0xff, 0xe1, 0x8, 0xff, 0x10, 0x0, 0x4,
    0xff, 0xa0, 0x8f, 0xf1, 0x0, 0x0, 0x9, 0xff,
    0x18, 0xff, 0x10, 0x0, 0x0, 0x4f, 0xf4, 0x8f,
    0xf1, 0x0, 0x0, 0x2, 0xff, 0x58, 0xff, 0x10,
    0x0, 0x0, 0x2f, 0xf5, 0x8f, 0xf1, 0x0, 0x0,
    0x4, 0xff, 0x48, 0xff, 0x10, 0x0, 0x0, 0x9f,
    0xf1, 0x8f, 0xf1, 0x0, 0x0, 0x4f, 0xfa, 0x8,
    0xff, 0x44, 0x45, 0xaf, 0xfe, 0x10, 0x8f, 0xff,
    0xff, 0xff, 0xfe, 0x30, 0x8, 0xff, 0xff, 0xfe,
    0xb6, 0x0, 0x0,

    /* U+0045 "E" */
    0x8f, 0xff, 0xff, 0xff, 0xfe, 0x8f, 0xff, 0xff,
    0xff, 0xfe, 0x8f, 0xf4, 0x33, 0x33, 0x32, 0x8f,
    0xf1, 0x0, 0x0, 0x0, 0x8f, 0xf1, 0x0, 0x0,
    0x0, 0x8f, 0xf3, 0x22, 0x22, 0x21, 0x8f, 0xff,
    0xff, 0xff, 0xf6, 0x8f, 0xff, 0xff, 0xff, 0xf6,
    0x8f, 0xf1, 0x0, 0x0, 0x0, 0x8f, 0xf1, 0x0,
    0x0, 0x0, 0x8f, 0xf1, 0x0, 0x0, 0x0, 0x8f,
    0xf4, 0x33, 0x33, 0x32, 0x8f, 0xff, 0xff, 0xff,
    0xff, 0x8f, 0xff, 0xff, 0xff, 0xff,

    /* U+0046 "F" */
    0x8f, 0xff, 0xff, 0xff, 0xfc, 0x8f, 0xff, 0xff,
    0xff, 0xfc, 0x8f, 0xf4, 0x33, 0x33, 0x32, 0x8f,
    0xf1, 0x0, 0x0, 0x0, 0x8f, 0xf1, 0x0, 0x0,
    0x0, 0x8f, 0xf1, 0x0, 0x0, 0x0, 0x8f, 0xff,
    0xff, 0xff, 0xf2, 0x8f, 0xff, 0xff, 0xff, 0xf2,
    0x8f, 0xf3, 0x22, 0x22, 0x20, 0x8f, 0xf1, 0x0,
    0x0, 0x0, 0x8f, 0xf1, 0x0, 0x0, 0x0, 0x8f,
    0xf1, 0x0, 0x0, 0x0, 0x8f, 0xf1, 0x0, 0x0,
    0x0, 0x8f, 0xf1, 0x0, 0x0, 0x0,

    /* U+0047 "G" */
    0x0, 0x3, 0xad, 0xfe, 0xc7, 0x0, 0x0, 0x9,
    0xff, 0xff, 0xff, 0xfe, 0x30, 0x9, 0xff, 0xe8,
    0x56, 0xaf, 0xfe, 0x13, 0xff, 0xc1, 0x0, 0x0,
    0x6f, 0xf8, 0x9f, 0xf2, 0x0, 0x0, 0x0, 0x33,
    0x2d, 0xfc, 0x0, 0x0, 0x0, 0x0, 0x0, 0xff,
    0xa0, 0x0, 0xf, 0xff, 0xff, 0xef, 0xfa, 0x0,
    0x0, 0xff, 0xff, 0xfe, 0xdf, 0xc0, 0x0, 0x0,
    0x0, 0xbf, 0xd9, 0xff, 0x20, 0x0, 0x0, 0xe,
    0xfb, 0x3f, 0xfc, 0x0, 0x0, 0x8, 0xff, 0x50,
    0x9f, 0xfe, 0x75, 0x6b, 0xff, 0xc0, 0x0, 0x9f,
    0xff, 0xff, 0xff, 0xc1, 0x0, 0x0, 0x4a, 0xdf,
    0xec, 0x60, 0x0,

    /* U+0048 "H" */
    0x8f, 0xf1, 0x0, 0x0, 0x2, 0xff, 0x78, 0xff,
    0x10, 0x0, 0x0, 0x2f, 0xf7, 0x8f, 0xf1, 0x0,
    0x0, 0x2, 0xff, 0x78, 0xff, 0x10, 0x0, 0x0,
    0x2f, 0xf7, 0x8f, 0xf1, 0x0, 0x0, 0x2, 0xff,
    0x78, 0xff, 0x43, 0x33, 0x33, 0x5f, 0xf7, 0x8f,
    0xff, 0xff, 0xff, 0xff, 0xff, 0x78, 0xff, 0xff,
    0xff, 0xff, 0xff, 0xf7, 0x8f, 0xf1, 0x0, 0x0,
    0x2, 0xff, 0x78, 0xff, 0x10, 0x0, 0x0, 0x2f,
    0xf7, 0x8f, 0xf1, 0x0, 0x0, 0x2, 0xff, 0x78,
    0xff, 0x10, 0x0, 0x0, 0x2f, 0xf7, 0x8f, 0xf1,
    0x0, 0x0, 0x2, 0xff, 0x78, 0xff, 0x10, 0x0,
    0x0, 0x2f, 0xf7,

    /* U+0049 "I" */
    0x8f, 0xf1, 0x8f, 0xf1, 0x8f, 0xf1, 0x8f, 0xf1,
    0x8f, 0xf1, 0x8f, 0xf1, 0x8f, 0xf1, 0x8f, 0xf1,
    0x8f, 0xf1, 0x8f, 0xf1, 0x8f, 0xf1, 0x8f, 0xf1,
    0x8f, 0xf1, 0x8f, 0xf1,

    /* U+004A "J" */
    0x0, 0x0, 0x0, 0x7, 0xff, 0x20, 0x0, 0x0,
    0x0, 0x7f, 0xf2, 0x0, 0x0, 0x0, 0x7, 0xff,
    0x20, 0x0, 0x0, 0x0, 0x7f, 0xf2, 0x0, 0x0,
    0x0, 0x7, 0xff, 0x20, 0x0, 0x0, 0x0, 0x7f,
    0xf2, 0x0, 0x0, 0x0, 0x7, 0xff, 0x20, 0x0,
    0x0, 0x0, 0x7f, 0xf2, 0x1, 0x10, 0x0, 0x7,
    0xff, 0x23, 0xff, 0x60, 0x0, 0x7f, 0xf2, 0x2f,
    0xf8, 0x0, 0x9, 0xff, 0x10, 0xef, 0xf5, 0x26,
    0xff, 0xd0, 0x5, 0xff, 0xff, 0xff, 0xf3, 0x0,
    0x3, 0xbe, 0xfe, 0xa2, 0x0,

    /* U+004B "K" */
    0x8f, 0xf1, 0x0, 0x0, 0x4f, 0xfe, 0x18, 0xff,
    0x10, 0x0, 0x3f, 0xfe, 0x20, 0x8f, 0xf1, 0x0,
    0x2e, 0xff, 0x30, 0x8, 0xff, 0x10, 0x1e, 0xff,
    0x40, 0x0, 0x8f, 0xf1, 0xd, 0xff, 0x50, 0x0,
    0x8, 0xff, 0x1b, 0xff, 0x60, 0x0, 0x0, 0x8f,
    0xf8, 0xff, 0xf3, 0x0, 0x0, 0x8, 0xff, 0xff,
    0xff, 0xd0, 0x0, 0x0, 0x8f, 0xff, 0x56, 0xff,
    0x90, 0x0, 0x8, 0xff, 0x60, 0xb, 0xff, 0x50,
    0x0, 0x8f, 0xf1, 0x0, 0x1e, 0xfe, 0x10, 0x8,
    0xff, 0x10, 0x0, 0x4f, 0xfb, 0x0, 0x8f, 0xf1,
    0x0, 0x0, 0x9f, 0xf7, 0x8, 0xff, 0x10, 0x0,
    0x0, 0xdf, 0xf3,

    /* U+004C "L" */
    0x8f, 0xf1, 0x0, 0x0, 0x0, 0x8f, 0xf1, 0x0,
    0x0, 0x0, 0x8f, 0xf1, 0x0, 0x0, 0x0, 0x8f,
    0xf1, 0x0, 0x0, 0x0, 0x8f, 0xf1, 0x0, 0x0,
    0x0, 0x8f, 0xf1, 0x0, 0x0, 0x0, 0x8f, 0xf1,
    0x0, 0x0, 0x0, 0x8f, 0xf1, 0x0, 0x0, 0x0,
    0x8f, 0xf1, 0x0, 0x0, 0x0, 0x8f, 0xf1, 0x0,
    0x0, 0x0, 0x8f, 0xf1, 0x0, 0x0, 0x0, 0x8f,
    0xf4, 0x33, 0x33, 0x31, 0x8f, 0xff, 0xff, 0xff,
    0xf8, 0x8f, 0xff, 0xff, 0xff, 0xf8,

    /* U+004D "M" */
    0x8f, 0xff, 0x90, 0x0, 0x0, 0x2, 0xff, 0xff,
    0x8f, 0xff, 0xe0, 0x0, 0x0, 0x8, 0xff, 0xff,
    0x8f, 0xff, 0xf5, 0x0, 0x0, 0xe, 0xfe, 0xff,
    0x8f, 0xfb, 0xfb, 0x0, 0x0, 0x4f, 0xfa, 0xff,
    0x8f, 0xf6, 0xff, 0x10, 0x0, 0xaf, 0xd9, 0xff,
    0x8f, 0xf1, 0xff, 0x70, 0x1, 0xff, 0x89, 0xff,
    0x8f, 0xf0, 0xcf, 0xd0, 0x6, 0xff, 0x29, 0xff,
    0x8f, 0xf0, 0x6f, 0xf3, 0xc, 0xfc, 0x9, 0xff,
    0x8f, 0xf0, 0xf, 0xf8, 0x1f, 0xf6, 0x9, 0xff,
    0x8f, 0xf0, 0xa, 0xfc, 0x5f, 0xf1, 0x9, 0xff,
    0x8f, 0xf0, 0x3, 0xff, 0xaf, 0xa0, 0x9, 0xff,
    0x8f, 0xf0, 0x0, 0xdf, 0xff, 0x40, 0x9, 0xff,
    0x8f, 0xf0, 0x0, 0x7f, 0xfe, 0x0, 0x9, 0xff,
    0x8f, 0xf0, 0x0, 0x1f, 0xf8, 0x0, 0x9, 0xff,

    /* U+004E "N" */
    0x8f, 0xfb, 0x0, 0x0, 0x0, 0xef, 0xb8, 0xff,
    0xf6, 0x0, 0x0, 0xe, 0xfb, 0x8f, 0xff, 0xf1,
    0x0, 0x0, 0xef, 0xb8, 0xff, 0xdf, 0xb0, 0x0,
    0xe, 0xfb, 0x8f, 0xf4, 0xff, 0x50, 0x0, 0xef,
    0xb8, 0xff, 0x1b, 0xfe, 0x10, 0xe, 0xfb, 0x8f,
    0xf1, 0x2f, 0xfa, 0x0, 0xef, 0xb8, 0xff, 0x10,
    0x7f, 0xf4, 0xe, 0xfb, 0x8f, 0xf2, 0x0, 0xdf,
    0xe0, 0xef, 0xb8, 0xff, 0x20, 0x3, 0xff, 0x7d,
    0xfb, 0x8f, 0xf2, 0x0, 0x8, 0xff, 0xdf, 0xb8,
    0xff, 0x20, 0x0, 0xd, 0xff, 0xfb, 0x8f, 0xf2,
    0x0, 0x0, 0x3f, 0xff, 0xb8, 0xff, 0x20, 0x0,
    0x0, 0x9f, 0xfb,

    /* U+004F "O" */
    0x0, 0x3, 0xad, 0xfe, 0xc6, 0x0, 0x0, 0x0,
    0x9f, 0xff, 0xff, 0xff, 0xd2, 0x0, 0x9, 0xff,
    0xe7, 0x56, 0xbf, 0xfd, 0x10, 0x3f, 0xfc, 0x0,
    0x0, 0x7, 0xff, 0x90, 0x9f, 0xf2, 0x0, 0x0,
    0x0, 0xcf, 0xe0, 0xdf, 0xc0, 0x0, 0x0, 0x0,
    0x7f, 0xf3, 0xff, 0xa0, 0x0, 0x0, 0x0, 0x4f,
    0xf4, 0xff, 0xa0, 0x0, 0x0, 0x0, 0x4f, 0xf4,
    0xdf, 0xc0, 0x0, 0x0, 0x0, 0x6f, 0xf3, 0x9f,
    0xf2, 0x0, 0x0, 0x0, 0xcf, 0xe0, 0x3f, 0xfc,
    0x0, 0x0, 0x7, 0xff, 0x90, 0x9, 0xff, 0xe7,
    0x56, 0xbf, 0xfe, 0x10, 0x0, 0x9f, 0xff, 0xff,
    0xff, 0xd2, 0x0, 0x0, 0x4, 0xad, 0xfe, 0xc6,
    0x0, 0x0,

    /* U+0050 "P" */
    0x8f, 0xff, 0xff, 0xfc, 0x70, 0x0, 0x8f, 0xff,
    0xff, 0xff, 0xfc, 0x0, 0x8f, 0xf3, 0x23, 0x4c,
    0xff, 0x80, 0x8f, 0xf1, 0x0, 0x0, 0xef, 0xe0,
    0x8f, 0xf1, 0x0, 0x0, 0xaf, 0xf0, 0x8f, 0xf1,
    0x0, 0x0, 0xdf, 0xe0, 0x8f, 0xf1, 0x0, 0x29,
    0xff, 0x90, 0x8f, 0xff, 0xff, 0xff, 0xfe, 0x10,
    0x8f, 0xff, 0xff, 0xff, 0x91, 0x0, 0x8f, 0xf3,
    0x22, 0x10, 0x0, 0x0, 0x8f, 0xf1, 0x0, 0x0,
    0x0, 0x0, 0x8f, 0xf1, 0x0, 0x0, 0x0, 0x0,
    0x8f, 0xf1, 0x0, 0x0, 0x0, 0x0, 0x8f, 0xf1,
    0x0, 0x0, 0x0, 0x0,

    /* U+0051 "Q" */
    0x0, 0x3, 0xad, 0xfe, 0xc6, 0x0, 0x0, 0x0,
    0x9f, 0xff, 0xff, 0xff, 0xd2, 0x0, 0x9, 0xff,
    0xe7, 0x56, 0xbf, 0xfe, 0x10, 0x3f, 0xfc, 0x0,
    0x0, 0x7, 0xff, 0x90, 0x9f, 0xf2, 0x0, 0x0,
    0x0, 0xcf, 0xf0, 0xdf, 0xc0, 0x0, 0x0, 0x0,
    0x7f, 0xf3, 0xff, 0xa0, 0x0, 0x0, 0x0, 0x4f,
    0xf4, 0xff, 0xa0, 0x0, 0x0, 0x0, 0x4f, 0xf4,
    0xdf, 0xc0, 0x0, 0x0, 0x0, 0x7f, 0xf3, 0x9f,
    0xf2, 0x0, 0xac, 0x70, 0xcf, 0xe0, 0x3f, 0xfc,
    0x0, 0x2e, 0xfa, 0xff, 0x80, 0x9, 0xff, 0xe7,
    0x5a, 0xff, 0xfd, 0x0, 0x0, 0x9f, 0xff, 0xff,
    0xff, 0xf3, 0x0, 0x0, 0x4, 0xad, 0xfe, 0xbc,
    0xfc, 0x0, 0x0, 0x0, 0x0, 0x0, 0x0, 0xdf,
    0x90,

    /* U+0052 "R" */
    0x8f, 0xff, 0xff, 0xfd, 0x80, 0x0, 0x8f, 0xff,
    0xff, 0xff, 0xfd, 0x10, 0x8f, 0xf3, 0x23, 0x4b,
    0xff, 0x90, 0x8f, 0xf1, 0x0, 0x0, 0xdf, 0xe0,
    0x8f, 0xf1, 0x0, 0x0, 0xaf, 0xf0, 0x8f, 0xf1,
    0x0, 0x0, 0xdf, 0xe0, 0x8f, 0xf3, 0x22, 0x4a,
    0xff, 0x90, 0x8f, 0xff, 0xff, 0xff, 0xfd, 0x10,
    0x8f, 0xff, 0xff, 0xff, 0xb0, 0x0, 0x8f, 0xf1,
    0x0, 0xef, 0xe0, 0x0, 0x8f, 0xf1, 0x0, 0x5f,
    0xf8, 0x0, 0x8f, 0xf1, 0x0, 0xc, 0xff, 0x20,
    0x8f, 0xf1, 0x0, 0x3, 0xff, 0xb0, 0x8f, 0xf1,
    0x0, 0x0, 0xaf, 0xf4,

    /* U+0053 "S" */
    0x0, 0x4, 0xae, 0xfe, 0xb6, 0x0, 0x0, 0x9,
    0xff, 0xff, 0xff, 0xfb, 0x0, 0x5, 0xff, 0xd5,
    0x35, 0xbf, 0xf7, 0x0, 0x9f, 0xf1, 0x0, 0x0,
    0xdf, 0xc0, 0x9, 0xff, 0x20, 0x0, 0x0, 0x0,
    0x0, 0x4f, 0xfe, 0x72, 0x0, 0x0, 0x0, 0x0,
    0x5e, 0xff, 0xfe, 0x94, 0x0, 0x0, 0x0, 0x5,
    0xae, 0xff, 0xfb, 0x10, 0x0, 0x0, 0x0, 0x2,
    0x9f, 0xfa, 0x0, 0x44, 0x20, 0x0, 0x0, 0xaf,
    0xf0, 0xf, 0xfc, 0x0, 0x0, 0xb, 0xff, 0x0,
    0x9f, 0xfb, 0x53, 0x5b, 0xff, 0xb0, 0x1, 0xcf,
    0xff, 0xff, 0xff, 0xe2, 0x0, 0x0, 0x6c, 0xef,
    0xec, 0x70, 0x0,

    /* U+0054 "T" */
    0x3f, 0xff, 0xff, 0xff, 0xff, 0xff, 0x63, 0xff,
    0xff, 0xff, 0xff, 0xff, 0xf6, 0x3, 0x33, 0x3c,
    0xfe, 0x33, 0x33, 0x10, 0x0, 0x0, 0xbf, 0xe0,
    0x0, 0x0, 0x0, 0x0, 0xb, 0xfe, 0x0, 0x0,
    0x0, 0x0, 0x0, 0xbf, 0xe0, 0x0, 0x0, 0x0,
    0x0, 0xb, 0xfe, 0x0, 0x0, 0x0, 0x0, 0x0,
    0xbf, 0xe0, 0x0, 0x0, 0x0, 0x0, 0xb, 0xfe,
    0x0, 0x0, 0x0, 0x0, 0x0, 0xbf, 0xe0, 0x0,
    0x0, 0x0, 0x0, 0xb, 0xfe, 0x0, 0x0, 0x0,
    0x0, 0x0, 0xbf, 0xe0, 0x0, 0x0, 0x0, 0x0,
    0xb, 0xfe, 0x0, 0x0, 0x0, 0x0, 0x0, 0xbf,
    0xe0, 0x0, 0x0,

    /* U+0055 "U" */
    0x8f, 0xf1, 0x0, 0x0, 0x5, 0xff, 0x48, 0xff,
    0x10, 0x0, 0x0, 0x5f, 0xf4, 0x8f, 0xf1, 0x0,
    0x0, 0x5, 0xff, 0x48, 0xff, 0x10, 0x0, 0x0,
    0x5f, 0xf4, 0x8f, 0xf1, 0x0, 0x0, 0x5, 0xff,
    0x48, 0xff, 0x10, 0x0, 0x0, 0x5f, 0xf4, 0x8f,
    0xf1, 0x0, 0x0, 0x5, 0xff, 0x48, 0xff, 0x10,
    0x0, 0x0, 0x5f, 0xf4, 0x8f, 0xf1, 0x0, 0x0,
    0x5, 0xff, 0x47, 0xff, 0x30, 0x0, 0x0, 0x7f,
    0xf3, 0x4f, 0xfb, 0x0, 0x0, 0x1e, 0xff, 0x0,
    0xcf, 0xfd, 0x75, 0x8e, 0xff, 0x80, 0x1, 0xdf,
    0xff, 0xff, 0xff, 0xa0, 0x0, 0x0, 0x7c, 0xef,
    0xea, 0x50, 0x0,

    /* U+0056 "V" */
    0x5f, 0xf8, 0x0, 0x0, 0x0, 0xe, 0xfe, 0x0,
    0xef, 0xd0, 0x0, 0x0, 0x4, 0xff, 0x80, 0x9,
    0xff, 0x30, 0x0, 0x0, 0xaf, 0xf2, 0x0, 0x3f,
    0xf9, 0x0, 0x0, 0xf, 0xfc, 0x0, 0x0, 0xdf,
    0xe0, 0x0, 0x5, 0xff, 0x60, 0x0, 0x7, 0xff,
    0x40, 0x0, 0xaf, 0xf1, 0x0, 0x0, 0x1f, 0xfa,
    0x0, 0xf, 0xfb, 0x0, 0x0, 0x0, 0xbf, 0xf0,
    0x5, 0xff, 0x50, 0x0, 0x0, 0x5, 0xff, 0x40,
    0xaf, 0xf0, 0x0, 0x0, 0x0, 0xf, 0xf9, 0xf,
    0xf9, 0x0, 0x0, 0x0, 0x0, 0xaf, 0xe4, 0xff,
    0x30, 0x0, 0x0, 0x0, 0x4, 0xff, 0xbf, 0xd0,
    0x0, 0x0, 0x0, 0x0, 0xe, 0xff, 0xf8, 0x0,
    0x0, 0x0, 0x0, 0x0, 0x8f, 0xff, 0x20, 0x0,
    0x0,

    /* U+0057 "W" */
    0x6f, 0xf6, 0x0, 0x0, 0x5f, 0xfb, 0x0, 0x0,
    0xf, 0xfc, 0x1f, 0xfa, 0x0, 0x0, 0x9f, 0xff,
    0x0, 0x0, 0x4f, 0xf7, 0xd, 0xfe, 0x0, 0x0,
    0xdf, 0xff, 0x30, 0x0, 0x8f, 0xf3, 0x8, 0xff,
    0x20, 0x1, 0xff, 0xdf, 0x80, 0x0, 0xcf, 0xe0,
    0x4, 0xff, 0x60, 0x6, 0xfe, 0x8f, 0xc0, 0x0,
    0xff, 0xa0, 0x0, 0xff, 0xb0, 0xa, 0xfb, 0x5f,
    0xf0, 0x4, 0xff, 0x50, 0x0, 0xbf, 0xe0, 0xe,
    0xf7, 0x1f, 0xf4, 0x8, 0xff, 0x10, 0x0, 0x6f,
    0xf2, 0x2f, 0xf2, 0xc, 0xf8, 0xc, 0xfc, 0x0,
    0x0, 0x2f, 0xf6, 0x6f, 0xe0, 0x8, 0xfc, 0xf,
    0xf8, 0x0, 0x0, 0xd, 0xf9, 0x9f, 0xa0, 0x3,
    0xff, 0x4f, 0xf3, 0x0, 0x0, 0x9, 0xfc, 0xdf,
    0x50, 0x0, 0xff, 0x9f, 0xf0, 0x0, 0x0, 0x4,
    0xff, 0xff, 0x10, 0x0, 0xbf, 0xff, 0xa0, 0x0,
    0x0, 0x0, 0xff, 0xfd, 0x0, 0x0, 0x6f, 0xff,
    0x60, 0x0, 0x0, 0x0, 0xbf, 0xf8, 0x0, 0x0,
    0x2f, 0xff, 0x10, 0x0,

    /* U+0058 "X" */
    0xb, 0xff, 0x40, 0x0, 0x0, 0xcf, 0xf2, 0x1,
    0xef, 0xe1, 0x0, 0x8, 0xff, 0x60, 0x0, 0x4f,
    0xfa, 0x0, 0x3f, 0xfb, 0x0, 0x0, 0x9, 0xff,
    0x40, 0xdf, 0xe1, 0x0, 0x0, 0x0, 0xdf, 0xd7,
    0xff, 0x50, 0x0, 0x0, 0x0, 0x3f, 0xff, 0xf9,
    0x0, 0x0, 0x0, 0x0, 0x8, 0xff, 0xe0, 0x0,
    0x0, 0x0, 0x0, 0xb, 0xff, 0xf4, 0x0, 0x0,
    0x0, 0x0, 0x7f, 0xfe, 0xfe, 0x10, 0x0, 0x0,
    0x3, 0xff, 0xa4, 0xff, 0xa0, 0x0, 0x0, 0xd,
    0xfe, 0x10, 0xaf, 0xf6, 0x0, 0x0, 0xaf, 0xf4,
    0x0, 0xe, 0xff, 0x20, 0x6, 0xff, 0x90, 0x0,
    0x4, 0xff, 0xc0, 0x2f, 0xfd, 0x0, 0x0, 0x0,
    0x8f, 0xf8,

    /* U+0059 "Y" */
    0x3f, 0xfd, 0x0, 0x0, 0x0, 0x8f, 0xf7, 0x9,
    0xff, 0x60, 0x0, 0x2, 0xff, 0xd0, 0x0, 0xef,
    0xe1, 0x0, 0xb, 0xff, 0x30, 0x0, 0x5f, 0xf9,
    0x0, 0x4f, 0xf9, 0x0, 0x0, 0xb, 0xff, 0x30,
    0xdf, 0xe1, 0x0, 0x0, 0x1, 0xff, 0xb5, 0xff,
    0x50, 0x0, 0x0, 0x0, 0x7f, 0xfe, 0xfc, 0x0,
    0x0, 0x0, 0x0, 0xc, 0xff, 0xf2, 0x0, 0x0,
    0x0, 0x0, 0x3, 0xff, 0x90, 0x0, 0x0, 0x0,
    0x0, 0x2, 0xff, 0x70, 0x0, 0x0, 0x0, 0x0,
    0x2, 0xff, 0x70, 0x0, 0x0, 0x0, 0x0, 0x2,
    0xff, 0x70, 0x0, 0x0, 0x0, 0x0, 0x2, 0xff,
    0x70, 0x0, 0x0, 0x0, 0x0, 0x2, 0xff, 0x70,
    0x0, 0x0,

    /* U+005A "Z" */
    0xdf, 0xff, 0xff, 0xff, 0xff, 0xed, 0xff, 0xff,
    0xff, 0xff, 0xfd, 0x22, 0x22, 0x22, 0x29, 0xff,
    0x40, 0x0, 0x0, 0x4, 0xff, 0x80, 0x0, 0x0,
    0x1, 0xef, 0xc0, 0x0, 0x0, 0x0, 0xcf, 0xe1,
    0x0, 0x0, 0x0, 0x8f, 0xf5, 0x0, 0x0, 0x0,
    0x4f, 0xf9, 0x0, 0x0, 0x0, 0x1e, 0xfd, 0x0,
    0x0, 0x0, 0xb, 0xff, 0x20, 0x0, 0x0, 0x7,
    0xff, 0x50, 0x0, 0x0, 0x3, 0xff, 0xa2, 0x22,
    0x22, 0x22, 0xcf, 0xff, 0xff, 0xff, 0xff, 0xed,
    0xff, 0xff, 0xff, 0xff, 0xfe,

    /* U+005B "[" */
    0x1f, 0xff, 0xf6, 0x1f, 0xff, 0xf6, 0x1f, 0xf5,
    0x0, 0x1f, 0xf5, 0x0, 0x1f, 0xf5, 0x0, 0x1f,
    0xf5, 0x0, 0x1f, 0xf5, 0x0, 0x1f, 0xf5, 0x0,
    0x1f, 0xf5, 0x0, 0x1f, 0xf5, 0x0, 0x1f, 0xf5,
    0x0, 0x1f, 0xf5, 0x0, 0x1f, 0xf5, 0x0, 0x1f,
    0xf5, 0x0, 0x1f, 0xf5, 0x0, 0x1f, 0xf5, 0x0,
    0x1f, 0xff, 0xf6, 0x1f, 0xff, 0xf6,

    /* U+005C "\\" */
    0x48, 0x50, 0x0, 0x0, 0x6f, 0xd0, 0x0, 0x0,
    0x2f, 0xf1, 0x0, 0x0, 0xd, 0xf5, 0x0, 0x0,
    0x9, 0xfa, 0x0, 0x0, 0x5, 0xfe, 0x0, 0x0,
    0x1, 0xff, 0x20, 0x0, 0x0, 0xcf, 0x60, 0x0,
    0x0, 0x8f, 0xb0, 0x0, 0x0, 0x4f, 0xf0, 0x0,
    0x0, 0xf, 0xf3, 0x0, 0x0, 0xb, 0xf8, 0x0,
    0x0, 0x7, 0xfc, 0x0, 0x0, 0x3, 0xff, 0x0,
    0x0, 0x0, 0xef, 0x40, 0x0, 0x0, 0xaf, 0x90,
    0x0, 0x0, 0x6f, 0xd0, 0x0, 0x0, 0x1f, 0xf1,

    /* U+005D "]" */
    0xff, 0xff, 0x8e, 0xff, 0xf8, 0x0, 0xef, 0x80,
    0xe, 0xf8, 0x0, 0xef, 0x80, 0xe, 0xf8, 0x0,
    0xef, 0x80, 0xe, 0xf8, 0x0, 0xef, 0x80, 0xe,
    0xf8, 0x0, 0xef, 0x80, 0xe, 0xf8, 0x0, 0xef,
    0x80, 0xe, 0xf8, 0x0, 0xef, 0x80, 0xe, 0xf8,
    0xef, 0xff, 0x8f, 0xff, 0xf8,

    /* U+005E "^" */
    0x0, 0x9, 0xff, 0x30, 0x0, 0x1, 0xff, 0xfa,
    0x0, 0x0, 0x8f, 0x6c, 0xf2, 0x0, 0x1f, 0xe0,
    0x5f, 0xa0, 0x8, 0xf7, 0x0, 0xdf, 0x21, 0xff,
    0x10, 0x6, 0xfa,

    /* U+005F "_" */
    0x0, 0x0, 0x0, 0x0, 0x0, 0xff, 0xff, 0xff,
    0xff, 0xf6, 0xff, 0xff, 0xff, 0xff, 0xf6,

    /* U+0060 "`" */
    0x2f, 0xf3, 0x0, 0x7f, 0xa0, 0x0, 0xcf, 0x20,

    /* U+0061 "a" */
    0x0, 0x29, 0xdf, 0xeb, 0x40, 0x0, 0x3e, 0xff,
    0xff, 0xff, 0x60, 0xa, 0xfe, 0x30, 0x1c, 0xfe,
    0x0, 0x1, 0x10, 0x0, 0x7f, 0xf1, 0x0, 0x1,
    0x57, 0x9e, 0xff, 0x20, 0x3d, 0xff, 0xff, 0xef,
    0xf2, 0xe, 0xfd, 0x62, 0x6, 0xff, 0x23, 0xff,
    0x40, 0x0, 0x8f, 0xf2, 0x2f, 0xf8, 0x0, 0x4f,
    0xff, 0x20, 0xcf, 0xff, 0xff, 0xbf, 0xf2, 0x1,
    0x9e, 0xfd, 0x64, 0xff, 0x20,

    /* U+0062 "b" */
    0xaf, 0xe0, 0x0, 0x0, 0x0, 0xa, 0xfe, 0x0,
    0x0, 0x0, 0x0, 0xaf, 0xe0, 0x0, 0x0, 0x0,
    0xa, 0xfe, 0x9, 0xef, 0xb3, 0x0, 0xaf, 0xeb,
    0xff, 0xff, 0xf5, 0xa, 0xff, 0xe4, 0x26, 0xff,
    0xe0, 0xaf, 0xf4, 0x0, 0x7, 0xff, 0x5a, 0xff,
    0x0, 0x0, 0x1f, 0xf8, 0xaf, 0xd0, 0x0, 0x0,
    0xff, 0x9a, 0xff, 0x0, 0x0, 0x1f, 0xf8, 0xaf,
    0xf4, 0x0, 0x7, 0xff, 0x5a, 0xff, 0xe4, 0x26,
    0xff, 0xe0, 0xaf, 0xdb, 0xff, 0xff, 0xf5, 0xa,
    0xfd, 0x9, 0xff, 0xc4, 0x0,

    /* U+0063 "c" */
    0x0, 0x5, 0xce, 0xfc, 0x60, 0x0, 0x9, 0xff,
    0xff, 0xff, 0xb0, 0x5, 0xff, 0xb3, 0x18, 0xff,
    0x60, 0xcf, 0xe0, 0x0, 0x9, 0xa5, 0xf, 0xf9,
    0x0, 0x0, 0x0, 0x1, 0xff, 0x70, 0x0, 0x0,
    0x0, 0xf, 0xf8, 0x0, 0x0, 0x0, 0x0, 0xcf,
    0xd0, 0x0, 0xa, 0xb6, 0x6, 0xff, 0xa2, 0x18,
    0xff, 0x70, 0xa, 0xff, 0xff, 0xff, 0xb0, 0x0,
    0x5, 0xce, 0xfc, 0x60, 0x0,

    /* U+0064 "d" */
    0x0, 0x0, 0x0, 0x0, 0x6f, 0xf2, 0x0, 0x0,
    0x0, 0x0, 0x6f, 0xf2, 0x0, 0x0, 0x0, 0x0,
    0x6f, 0xf2, 0x0, 0x8, 0xef, 0xd4, 0x6f, 0xf2,
    0x0, 0xcf, 0xff, 0xff, 0x9f, 0xf2, 0x7, 0xff,
    0xb3, 0x29, 0xff, 0xf2, 0xd, 0xfe, 0x0, 0x0,
    0xcf, 0xf2, 0xf, 0xf9, 0x0, 0x0, 0x7f, 0xf2,
    0x1f, 0xf7, 0x0, 0x0, 0x6f, 0xf2, 0xf, 0xf9,
    0x0, 0x0, 0x7f, 0xf2, 0xd, 0xfe, 0x0, 0x0,
    0xcf, 0xf2, 0x8, 0xff, 0xb3, 0x29, 0xff, 0xf2,
    0x0, 0xcf, 0xff, 0xff, 0x9f, 0xf2, 0x0, 0x8,
    0xef, 0xd4, 0x5f, 0xf2,

    /* U+0065 "e" */
    0x0, 0x5, 0xcf, 0xfc, 0x60, 0x0, 0xa, 0xff,
    0xff, 0xff, 0xa0, 0x5, 0xff, 0x71, 0x7, 0xff,
    0x60, 0xcf, 0xa0, 0x0, 0xb, 0xfc, 0xf, 0xfd,
    0xbb, 0xbb, 0xdf, 0xe1, 0xff, 0xff, 0xff, 0xff,
    0xff, 0xf, 0xf7, 0x0, 0x0, 0x0, 0x0, 0xdf,
    0xc0, 0x0, 0x3, 0x30, 0x6, 0xff, 0x91, 0x4,
    0xff, 0x90, 0xa, 0xff, 0xff, 0xff, 0xd1, 0x0,
    0x5, 0xce, 0xfd, 0x81, 0x0,

    /* U+0066 "f" */
    0x0, 0x1, 0x57, 0x62, 0x0, 0x3e, 0xff, 0xf5,
    0x0, 0xaf, 0xfb, 0xa1, 0x0, 0xcf, 0xc0, 0x0,
    0xcf, 0xff, 0xff, 0xf1, 0xcf, 0xff, 0xff, 0xf1,
    0x0, 0xcf, 0xb0, 0x0, 0x0, 0xcf, 0xb0, 0x0,
    0x0, 0xcf, 0xb0, 0x0, 0x0, 0xcf, 0xb0, 0x0,
    0x0, 0xcf, 0xb0, 0x0, 0x0, 0xcf, 0xb0, 0x0,
    0x0, 0xcf, 0xb0, 0x0, 0x0, 0xcf, 0xb0, 0x0,
    0x0, 0xcf, 0xb0, 0x0,

    /* U+0067 "g" */
    0x0, 0x8, 0xdf, 0xd4, 0x5f, 0xf2, 0x0, 0xcf,
    0xff, 0xff, 0x9f, 0xf2, 0x7, 0xff, 0xa2, 0x2a,
    0xff, 0xf2, 0xd, 0xfe, 0x0, 0x0, 0xdf, 0xf2,
    0xf, 0xf9, 0x0, 0x0, 0x7f, 0xf2, 0x1f, 0xf7,
    0x0, 0x0, 0x6f, 0xf2, 0xf, 0xf9, 0x0, 0x0,
    0x7f, 0xf2, 0xe, 0xfd, 0x0, 0x0, 0xbf, 0xf2,
    0x8, 0xff, 0x91, 0x17, 0xff, 0xf2, 0x0, 0xdf,
    0xff, 0xff, 0xaf, 0xf2, 0x0, 0x19, 0xef, 0xd5,
    0x5f, 0xf2, 0x0, 0x0, 0x0, 0x0, 0x6f, 0xf1,
    0x4, 0xcd, 0x30, 0x3, 0xef, 0xc0, 0x2, 0xef,
    0xff, 0xff, 0xff, 0x30, 0x0, 0x18, 0xdf, 0xfd,
    0x91, 0x0,

    /* U+0068 "h" */
    0xaf, 0xd0, 0x0, 0x0, 0x0, 0xaf, 0xd0, 0x0,
    0x0, 0x0, 0xaf, 0xd0, 0x0, 0x0, 0x0, 0xaf,
    0xd0, 0x9e, 0xfc, 0x30, 0xaf, 0xdb, 0xff, 0xff,
    0xf3, 0xaf, 0xfd, 0x43, 0x9f, 0xfa, 0xaf, 0xf2,
    0x0, 0xd, 0xfd, 0xaf, 0xe0, 0x0, 0xa, 0xfe,
    0xaf, 0xe0, 0x0, 0xa, 0xfe, 0xaf, 0xe0, 0x0,
    0xa, 0xfe, 0xaf, 0xe0, 0x0, 0xa, 0xfe, 0xaf,
    0xe0, 0x0, 0xa, 0xfe, 0xaf, 0xe0, 0x0, 0xa,
    0xfe, 0xaf, 0xe0, 0x0, 0xa, 0xfe,

    /* U+0069 "i" */
    0x17, 0x30, 0xbf, 0xf0, 0xaf, 0xd0, 0x3, 0x0,
    0xaf, 0xe0, 0xaf, 0xe0, 0xaf, 0xe0, 0xaf, 0xe0,
    0xaf, 0xe0, 0xaf, 0xe0, 0xaf, 0xe0, 0xaf, 0xe0,
    0xaf, 0xe0, 0xaf, 0xe0, 0xaf, 0xe0,

    /* U+006A "j" */
    0x0, 0x17, 0x30, 0x0, 0xcf, 0xf0, 0x0, 0xaf,
    0xd0, 0x0, 0x3, 0x0, 0x0, 0xaf, 0xe0, 0x0,
    0xaf, 0xe0, 0x0, 0xaf, 0xe0, 0x0, 0xaf, 0xe0,
    0x0, 0xaf, 0xe0, 0x0, 0xaf, 0xe0, 0x0, 0xaf,
    0xe0, 0x0, 0xaf, 0xe0, 0x0, 0xaf, 0xe0, 0x0,
    0xaf, 0xe0, 0x0, 0xaf, 0xe0, 0x0, 0xaf, 0xd0,
    0x3, 0xef, 0xb0, 0x6f, 0xff, 0x50, 0x6f, 0xc5,
    0x0,

    /* U+006B "k" */
    0xaf, 0xe0, 0x0, 0x0, 0x0, 0xa, 0xfe, 0x0,
    0x0, 0x0, 0x0, 0xaf, 0xe0, 0x0, 0x0, 0x0,
    0xa, 0xfe, 0x0, 0x6, 0xff, 0x80, 0xaf, 0xe0,
    0x5, 0xff, 0xa0, 0xa, 0xfe, 0x3, 0xff, 0xb0,
    0x0, 0xaf, 0xe2, 0xef, 0xd0, 0x0, 0xa, 0xff,
    0xef, 0xe1, 0x0, 0x0, 0xaf, 0xff, 0xff, 0x40,
    0x0, 0xa, 0xff, 0xae, 0xfe, 0x10, 0x0, 0xaf,
    0xe0, 0x4f, 0xfb, 0x0, 0xa, 0xfe, 0x0, 0x9f,
    0xf7, 0x0, 0xaf, 0xe0, 0x0, 0xdf, 0xf2, 0xa,
    0xfe, 0x0, 0x3, 0xff, 0xd0,

    /* U+006C "l" */
    0xaf, 0xea, 0xfe, 0xaf, 0xea, 0xfe, 0xaf, 0xea,
    0xfe, 0xaf, 0xea, 0xfe, 0xaf, 0xea, 0xfe, 0xaf,
    0xea, 0xfe, 0xaf, 0xea, 0xfe,

    /* U+006D "m" */
    0xaf, 0xc1, 0xaf, 0xe7, 0x1, 0x9e, 0xfb, 0x20,
    0xaf, 0xcd, 0xff, 0xff, 0x6d, 0xff, 0xff, 0xe1,
    0xaf, 0xfa, 0x11, 0xcf, 0xfd, 0x20, 0x8f, 0xf7,
    0xaf, 0xf0, 0x0, 0x4f, 0xf5, 0x0, 0xf, 0xf9,
    0xaf, 0xe0, 0x0, 0x3f, 0xf4, 0x0, 0xe, 0xfa,
    0xaf, 0xe0, 0x0, 0x3f, 0xf4, 0x0, 0xe, 0xfa,
    0xaf, 0xe0, 0x0, 0x3f, 0xf4, 0x0, 0xe, 0xfa,
    0xaf, 0xe0, 0x0, 0x3f, 0xf4, 0x0, 0xe, 0xfa,
    0xaf, 0xe0, 0x0, 0x3f, 0xf4, 0x0, 0xe, 0xfa,
    0xaf, 0xe0, 0x0, 0x3f, 0xf4, 0x0, 0xe, 0xfa,
    0xaf, 0xe0, 0x0, 0x3f, 0xf4, 0x0, 0xe, 0xfa,

    /* U+006E "n" */
    0xaf, 0xc1, 0x9e, 0xfc, 0x30, 0xaf, 0xcc, 0xff,
    0xff, 0xf3, 0xaf, 0xfc, 0x21, 0x7f, 0xfa, 0xaf,
    0xf1, 0x0, 0xd, 0xfd, 0xaf, 0xe0, 0x0, 0xa,
    0xfe, 0xaf, 0xe0, 0x0, 0xa, 0xfe, 0xaf, 0xe0,
    0x0, 0xa, 0xfe, 0xaf, 0xe0, 0x0, 0xa, 0xfe,
    0xaf, 0xe0, 0x0, 0xa, 0xfe, 0xaf, 0xe0, 0x0,
    0xa, 0xfe, 0xaf, 0xe0, 0x0, 0xa, 0xfe,

    /* U+006F "o" */
    0x0, 0x5, 0xce, 0xfc, 0x70, 0x0, 0x0, 0x9f,
    0xff, 0xff, 0xfc, 0x0, 0x5, 0xff, 0xa2, 0x28,
    0xff, 0x80, 0xc, 0xfd, 0x0, 0x0, 0xbf, 0xf0,
    0xf, 0xf8, 0x0, 0x0, 0x6f, 0xf3, 0x1f, 0xf7,
    0x0, 0x0, 0x4f, 0xf4, 0xf, 0xf8, 0x0, 0x0,
    0x6f, 0xf3, 0xc, 0xfd, 0x0, 0x0, 0xbf, 0xf0,
    0x6, 0xff, 0xa2, 0x18, 0xff, 0x80, 0x0, 0xaf,
    0xff, 0xff, 0xfc, 0x0, 0x0, 0x5, 0xce, 0xfc,
    0x70, 0x0,

    /* U+0070 "p" */
    0xaf, 0xd1, 0xae, 0xfb, 0x30, 0xa, 0xfd, 0xcf,
    0xff, 0xff, 0x50, 0xaf, 0xfd, 0x20, 0x3e, 0xfe,
    0xa, 0xff, 0x30, 0x0, 0x6f, 0xf5, 0xaf, 0xf0,
    0x0, 0x1, 0xff, 0x8a, 0xfd, 0x0, 0x0, 0xf,
    0xf9, 0xaf, 0xf0, 0x0, 0x1, 0xff, 0x8a, 0xff,
    0x40, 0x0, 0x7f, 0xf5, 0xaf, 0xfe, 0x52, 0x6f,
    0xfe, 0xa, 0xfe, 0xbf, 0xff, 0xff, 0x50, 0xaf,
    0xe0, 0x9f, 0xfc, 0x40, 0xa, 0xfe, 0x0, 0x0,
    0x0, 0x0, 0xaf, 0xe0, 0x0, 0x0, 0x0, 0xa,
    0xfe, 0x0, 0x0, 0x0, 0x0, 0xaf, 0xe0, 0x0,
    0x0, 0x0, 0x0,

    /* U+0071 "q" */
    0x0, 0x8, 0xef, 0xd4, 0x5f, 0xf2, 0x0, 0xcf,
    0xff, 0xff, 0x9f, 0xf2, 0x7, 0xff, 0xb3, 0x29,
    0xff, 0xf2, 0xd, 0xfe, 0x0, 0x0, 0xcf, 0xf2,
    0xf, 0xf9, 0x0, 0x0, 0x7f, 0xf2, 0x1f, 0xf7,
    0x0, 0x0, 0x6f, 0xf2, 0xf, 0xf9, 0x0, 0x0,
    0x7f, 0xf2, 0xd, 0xfe, 0x0, 0x0, 0xcf, 0xf2,
    0x8, 0xff, 0xb3, 0x29, 0xff, 0xf2, 0x0, 0xcf,
    0xff, 0xff, 0xaf, 0xf2, 0x0, 0x8, 0xef, 0xd4,
    0x6f, 0xf2, 0x0, 0x0, 0x0, 0x0, 0x6f, 0xf2,
    0x0, 0x0, 0x0, 0x0, 0x6f, 0xf2, 0x0, 0x0,
    0x0, 0x0, 0x6f, 0xf2, 0x0, 0x0, 0x0, 0x0,
    0x6f, 0xf2,

    /* U+0072 "r" */
    0x0, 0x0, 0x0, 0xa, 0xfd, 0x2c, 0xf8, 0xaf,
    0xde, 0xff, 0x8a, 0xff, 0xd4, 0x21, 0xaf, 0xf2,
    0x0, 0xa, 0xfe, 0x0, 0x0, 0xaf, 0xe0, 0x0,
    0xa, 0xfe, 0x0, 0x0, 0xaf, 0xe0, 0x0, 0xa,
    0xfe, 0x0, 0x0, 0xaf, 0xe0, 0x0, 0xa, 0xfe,
    0x0, 0x0,

    /* U+0073 "s" */
    0x0, 0x2a, 0xef, 0xea, 0x30, 0x0, 0x3f, 0xff,
    0xef, 0xff, 0x30, 0xb, 0xfe, 0x20, 0x1c, 0xfa,
    0x0, 0xcf, 0xd0, 0x0, 0x10, 0x0, 0x7, 0xff,
    0xe9, 0x62, 0x0, 0x0, 0x8, 0xff, 0xff, 0xfc,
    0x20, 0x0, 0x0, 0x37, 0xbf, 0xfd, 0x0, 0x25,
    0x20, 0x0, 0x8f, 0xf1, 0xe, 0xfc, 0x10, 0x1c,
    0xff, 0x0, 0x5f, 0xff, 0xff, 0xff, 0x60, 0x0,
    0x4b, 0xef, 0xeb, 0x40, 0x0,

    /* U+0074 "t" */
    0x2, 0x88, 0x20, 0x0, 0x4f, 0xf4, 0x0, 0x4,
    0xff, 0x40, 0xc, 0xff, 0xff, 0xf6, 0xcf, 0xff,
    0xff, 0x60, 0x4f, 0xf4, 0x0, 0x4, 0xff, 0x40,
    0x0, 0x4f, 0xf4, 0x0, 0x4, 0xff, 0x40, 0x0,
    0x4f, 0xf4, 0x0, 0x4, 0xff, 0x40, 0x0, 0x2f,
    0xf8, 0x10, 0x0, 0xdf, 0xff, 0x60, 0x2, 0xbe,
    0xf8,

    /* U+0075 "u" */
    0xaf, 0xe0, 0x0, 0xa, 0xfe, 0xaf, 0xe0, 0x0,
    0xa, 0xfe, 0xaf, 0xe0, 0x0, 0xa, 0xfe, 0xaf,
    0xe0, 0x0, 0xa, 0xfe, 0xaf, 0xe0, 0x0, 0xa,
    0xfe, 0xaf, 0xe0, 0x0, 0xa, 0xfe, 0xaf, 0xe0,
    0x0, 0xb, 0xfe, 0x9f, 0xf1, 0x0, 0xe, 0xfe,
    0x6f, 0xfc, 0x43, 0xbf, 0xfe, 0xe, 0xff, 0xff,
    0xe9, 0xfe, 0x2, 0xaf, 0xfb, 0x28, 0xfe,

    /* U+0076 "v" */
    0x7f, 0xf4, 0x0, 0x0, 0x7f, 0xf2, 0x1f, 0xf9,
    0x0, 0x0, 0xdf, 0xd0, 0xb, 0xfe, 0x0, 0x2,
    0xff, 0x70, 0x5, 0xff, 0x40, 0x7, 0xff, 0x10,
    0x0, 0xef, 0x90, 0xd, 0xfb, 0x0, 0x0, 0x9f,
    0xe0, 0x2f, 0xf5, 0x0, 0x0, 0x3f, 0xf3, 0x7f,
    0xe0, 0x0, 0x0, 0xd, 0xf8, 0xbf, 0x90, 0x0,
    0x0, 0x7, 0xfd, 0xff, 0x30, 0x0, 0x0, 0x1,
    0xff, 0xfd, 0x0, 0x0, 0x0, 0x0, 0xbf, 0xf7,
    0x0, 0x0,

    /* U+0077 "w" */
    0x6f, 0xf3, 0x0, 0xe, 0xfb, 0x0, 0x7, 0xff,
    0x31, 0xff, 0x70, 0x2, 0xff, 0xf0, 0x0, 0xbf,
    0xe0, 0xd, 0xfb, 0x0, 0x7f, 0xff, 0x30, 0xf,
    0xf9, 0x0, 0x8f, 0xf0, 0xb, 0xfb, 0xf7, 0x3,
    0xff, 0x50, 0x3, 0xff, 0x30, 0xff, 0x4f, 0xb0,
    0x7f, 0xf0, 0x0, 0xe, 0xf7, 0x3f, 0xc0, 0xff,
    0xb, 0xfb, 0x0, 0x0, 0xaf, 0xa6, 0xf8, 0xc,
    0xf3, 0xef, 0x60, 0x0, 0x5, 0xfe, 0xaf, 0x30,
    0x7f, 0x8f, 0xf2, 0x0, 0x0, 0x1f, 0xfe, 0xf0,
    0x2, 0xfe, 0xfd, 0x0, 0x0, 0x0, 0xcf, 0xfa,
    0x0, 0xe, 0xff, 0x80, 0x0, 0x0, 0x7, 0xff,
    0x60, 0x0, 0x9f, 0xf3, 0x0, 0x0,

    /* U+0078 "x" */
    0x1e, 0xfc, 0x0, 0x5, 0xff, 0x60, 0x5f, 0xf6,
    0x0, 0xef, 0xc0, 0x0, 0xbf, 0xe0, 0x8f, 0xf2,
    0x0, 0x1, 0xff, 0x8f, 0xf7, 0x0, 0x0, 0x7,
    0xff, 0xfd, 0x0, 0x0, 0x0, 0x1f, 0xff, 0x60,
    0x0, 0x0, 0xa, 0xff, 0xfe, 0x10, 0x0, 0x4,
    0xff, 0x4e, 0xf9, 0x0, 0x0, 0xdf, 0xb0, 0x6f,
    0xf4, 0x0, 0x8f, 0xf2, 0x0, 0xcf, 0xd0, 0x3f,
    0xf8, 0x0, 0x3, 0xff, 0x90,

    /* U+0079 "y" */
    0x7f, 0xf4, 0x0, 0x0, 0x7f, 0xf3, 0x1f, 0xf9,
    0x0, 0x0, 0xdf, 0xd0, 0xa, 0xfe, 0x0, 0x2,
    0xff, 0x60, 0x4, 0xff, 0x40, 0x8, 0xff, 0x10,
    0x0, 0xef, 0x90, 0xd, 0xfa, 0x0, 0x0, 0x8f,
    0xe0, 0x3f, 0xf4, 0x0, 0x0, 0x2f, 0xf4, 0x8f,
    0xe0, 0x0, 0x0, 0xc, 0xf8, 0xdf, 0x80, 0x0,
    0x0, 0x6, 0xfd, 0xff, 0x20, 0x0, 0x0, 0x1,
    0xff, 0xfc, 0x0, 0x0, 0x0, 0x0, 0xaf, 0xf5,
    0x0, 0x0, 0x0, 0x0, 0xaf, 0xf0, 0x0, 0x0,
    0x0, 0x13, 0xff, 0x90, 0x0, 0x0, 0x6, 0xff,
    0xfe, 0x10, 0x0, 0x0, 0x8, 0xfe, 0xb2, 0x0,
    0x0, 0x0,

    /* U+007A "z" */
    0xaf, 0xff, 0xff, 0xff, 0xf0, 0xaf, 0xff, 0xff,
    0xff, 0xe0, 0x12, 0x22, 0x29, 0xff, 0x50, 0x0,
    0x0, 0x3f, 0xf9, 0x0, 0x0, 0x1, 0xef, 0xd0,
    0x0, 0x0, 0xc, 0xff, 0x20, 0x0, 0x0, 0x8f,
    0xf5, 0x0, 0x0, 0x5, 0xff, 0x90, 0x0, 0x0,
    0x2f, 0xfe, 0x22, 0x22, 0x20, 0xcf, 0xff, 0xff,
    0xff, 0xf2, 0xdf, 0xff, 0xff, 0xff, 0xf2,

    /* U+007B "{" */
    0x0, 0x0, 0x15, 0x70, 0x0, 0x6, 0xff, 0xf0,
    0x0, 0x1f, 0xfd, 0x80, 0x0, 0x5f, 0xf1, 0x0,
    0x0, 0x7f, 0xe0, 0x0, 0x0, 0x7f, 0xe0, 0x0,
    0x0, 0x7f, 0xe0, 0x0, 0x0, 0xaf, 0xd0, 0x0,
    0x49, 0xff, 0x80, 0x0, 0xaf, 0xe6, 0x0, 0x0,
    0xaf, 0xfc, 0x20, 0x0, 0x2, 0xef, 0xb0, 0x0,
    0x0, 0x8f, 0xd0, 0x0, 0x0, 0x7f, 0xe0, 0x0,
    0x0, 0x7f, 0xe0, 0x0, 0x0, 0x6f, 0xf0, 0x0,
    0x0, 0x4f, 0xf7, 0x10, 0x0, 0xd, 0xff, 0xf0,
    0x0, 0x1, 0x8c, 0xe0,

    /* U+007C "|" */
    0x9f, 0xc9, 0xfc, 0x9f, 0xc9, 0xfc, 0x9f, 0xc9,
    0xfc, 0x9f, 0xc9, 0xfc, 0x9f, 0xc9, 0xfc, 0x9f,
    0xc9, 0xfc, 0x9f, 0xc9, 0xfc, 0x9f, 0xc9, 0xfc,
    0x9f, 0xc9, 0xfc, 0x9f, 0xc9, 0xfc, 0x9f, 0xc9,
    0xfc, 0x9f, 0xc9, 0xfc,

    /* U+007D "}" */
    0x75, 0x20, 0x0, 0xf, 0xff, 0x80, 0x0, 0x7d,
    0xff, 0x20, 0x0, 0xf, 0xf7, 0x0, 0x0, 0xdf,
    0x80, 0x0, 0xc, 0xf8, 0x0, 0x0, 0xcf, 0x80,
    0x0, 0xb, 0xfb, 0x0, 0x0, 0x6f, 0xf9, 0x40,
    0x0, 0x5d, 0xfb, 0x0, 0x1b, 0xff, 0xb0, 0x9,
    0xff, 0x40, 0x0, 0xcf, 0xa0, 0x0, 0xc, 0xf8,
    0x0, 0x0, 0xcf, 0x80, 0x0, 0xe, 0xf7, 0x0,
    0x6, 0xff, 0x50, 0xf, 0xff, 0xe0, 0x0, 0xdd,
    0x91, 0x0, 0x0,

    /* U+007E "~" */
    0x0, 0x1, 0x0, 0x0, 0x0, 0x0, 0x4e, 0xff,
    0x70, 0x2, 0xda, 0x1e, 0xff, 0xff, 0xb3, 0x9f,
    0xb4, 0xfe, 0x14, 0xef, 0xff, 0xf5, 0x4a, 0x60,
    0x1, 0xaf, 0xe7, 0x0,

    /* U+00A0 " " */

    /* U+00A1 "¡" */
    0x1c, 0xe5, 0x5f, 0xfc, 0x1d, 0xf6, 0x0, 0x0,
    0x0, 0x0, 0xf, 0xf6, 0xf, 0xf7, 0xf, 0xf7,
    0xf, 0xf7, 0x1f, 0xf7, 0x1f, 0xf8, 0x1f, 0xf8,
    0x1f, 0xf8, 0x2f, 0xf9, 0x2e, 0xe8,

    /* U+00A2 "¢" */
    0x0, 0x0, 0x8, 0x90, 0x0, 0x0, 0x0, 0x2,
    0xbc, 0x30, 0x0, 0x0, 0x2c, 0xff, 0xff, 0xd4,
    0x0, 0x1e, 0xff, 0xed, 0xef, 0xf2, 0x9, 0xff,
    0x38, 0x91, 0xef, 0x90, 0xef, 0xb0, 0x89, 0x3,
    0x20, 0x1f, 0xf8, 0x8, 0x90, 0x0, 0x1, 0xff,
    0x80, 0x89, 0x0, 0x0, 0xf, 0xfb, 0x8, 0x90,
    0x33, 0x0, 0x9f, 0xf3, 0x89, 0x1e, 0xfa, 0x1,
    0xef, 0xfe, 0xde, 0xff, 0x20, 0x2, 0xcf, 0xff,
    0xfd, 0x40, 0x0, 0x0, 0x2b, 0xc3, 0x0, 0x0,
    0x0, 0x0, 0x89, 0x0, 0x0,

    /* U+00A3 "£" */
    0x0, 0x0, 0x6c, 0xfe, 0xc5, 0x0, 0x0, 0xa,
    0xff, 0xff, 0xff, 0x80, 0x0, 0x5f, 0xfb, 0x44,
    0xbf, 0xf3, 0x0, 0x9f, 0xe0, 0x0, 0xc, 0xb5,
    0x0, 0xaf, 0xc0, 0x0, 0x0, 0x0, 0x0, 0x9f,
    0xd0, 0x0, 0x0, 0x0, 0xf, 0xff, 0xff, 0xff,
    0xf0, 0x0, 0xb, 0xdf, 0xfb, 0xbb, 0xb0, 0x0,
    0x0, 0x7f, 0xe0, 0x0, 0x0, 0x0, 0x0, 0x7f,
    0xf0, 0x0, 0x0, 0x0, 0x0, 0x7f, 0xe0, 0x0,
    0x4, 0x63, 0x4, 0xdf, 0x63, 0x33, 0x3d, 0xf9,
    0xf, 0xff, 0xff, 0xff, 0xff, 0xf5, 0xf, 0xff,
    0xff, 0xff, 0xfe, 0x80,

    /* U+00A4 "¤" */
    0x1, 0x0, 0x0, 0x0, 0x0, 0x1, 0x3, 0xf5,
    0x29, 0xef, 0xe9, 0x15, 0xf3, 0x5f, 0xff, 0xfd,
    0xce, 0xff, 0xff, 0x50, 0x8f, 0xe4, 0x0, 0x4,
    0xef, 0x70, 0xd, 0xf2, 0x0, 0x0, 0x3, 0xfc,
    0x3, 0xf9, 0x0, 0x0, 0x0, 0xa, 0xf3, 0x6f,
    0x50, 0x0, 0x0, 0x0, 0x6f, 0x56, 0xf5, 0x0,
    0x0, 0x0, 0x6, 0xf5, 0x3f, 0x90, 0x0, 0x0,
    0x0, 0xaf, 0x30, 0xdf, 0x20, 0x0, 0x0, 0x3f,
    0xc0, 0xa, 0xfe, 0x40, 0x0, 0x4e, 0xfa, 0x7,
    0xfe, 0xff, 0xec, 0xef, 0xfe, 0xf7, 0x1c, 0x22,
    0xae, 0xfe, 0x92, 0x2c, 0x10, 0x0, 0x0, 0x0,
    0x0, 0x0, 0x0,

    /* U+00A5 "¥" */
    0x7f, 0xf4, 0x0, 0x0, 0xef, 0xb0, 0xef, 0xb0,
    0x0, 0x7f, 0xf3, 0x6, 0xff, 0x30, 0xe, 0xfa,
    0x0, 0xd, 0xfa, 0x6, 0xff, 0x20, 0x0, 0x5f,
    0xf2, 0xdf, 0xa0, 0x0, 0x0, 0xdf, 0xef, 0xf2,
    0x0, 0x7, 0x9c, 0xff, 0xfe, 0x98, 0x0, 0xdf,
    0xff, 0xff, 0xff, 0xe0, 0x0, 0x0, 0xaf, 0xe0,
    0x0, 0x0, 0x79, 0x9d, 0xff, 0x99, 0x80, 0xd,
    0xff, 0xff, 0xff, 0xfe, 0x0, 0x0, 0xa, 0xfe,
    0x0, 0x0, 0x0, 0x0, 0xaf, 0xe0, 0x0, 0x0,
    0x0, 0xa, 0xfe, 0x0, 0x0,

    /* U+00A6 "¦" */
    0xff, 0x5f, 0xf5, 0xff, 0x5f, 0xf5, 0xff, 0x5f,
    0xf5, 0xaa, 0x30, 0x0, 0x0, 0x0, 0x0, 0xbb,
    0x3f, 0xf5, 0xff, 0x5f, 0xf5, 0xff, 0x5f, 0xf5,
    0xff, 0x50,

    /* U+00A7 "§" */
    0x0, 0x7d, 0xfe, 0x91, 0x0, 0xb, 0xff, 0xff,
    0xfd, 0x0, 0x2f, 0xf7, 0x3, 0xef, 0x60, 0x3f,
    0xf1, 0x0, 0x57, 0x30, 0x1f, 0xf9, 0x0, 0x0,
    0x0, 0x6, 0xff, 0xe6, 0x0, 0x0, 0x19, 0xef,
    0xff, 0xe6, 0x0, 0xbf, 0x50, 0x5d, 0xff, 0x90,
    0xff, 0x10, 0x0, 0x6f, 0xf2, 0xcf, 0xa1, 0x0,
    0xc, 0xf5, 0x4f, 0xff, 0x81, 0x1e, 0xf1, 0x3,
    0xcf, 0xff, 0xfb, 0x30, 0x0, 0x4, 0xbf, 0xfc,
    0x0, 0x0, 0x0, 0x5, 0xff, 0x60, 0x27, 0x60,
    0x0, 0xbf, 0xa0, 0x5f, 0xf5, 0x3, 0xef, 0x80,
    0xc, 0xff, 0xff, 0xfe, 0x10, 0x1, 0x8d, 0xfd,
    0x91, 0x0,

    /* U+00A8 "¨" */
    0x7, 0x70, 0x5, 0x91, 0x4f, 0xf4, 0xf, 0xf8,
    0x1d, 0xd1, 0xb, 0xe4,

    /* U+00A9 "©" */
    0x0, 0x0, 0x17, 0xce, 0xfd, 0x92, 0x0, 0x0,
    0x0, 0x5, 0xff, 0xff, 0xff, 0xff, 0x90, 0x0,
    0x0, 0x6f, 0xfc, 0x52, 0x24, 0xaf, 0xfa, 0x0,
    0x3, 0xff, 0x80, 0x6c, 0xd9, 0x24, 0xff, 0x70,
    0xb, 0xfa, 0xb, 0xff, 0xff, 0xe2, 0x6f, 0xf0,
    0x1f, 0xf2, 0x6f, 0xd2, 0x8, 0xfb, 0xd, 0xf5,
    0x4f, 0xd0, 0xbf, 0x30, 0x0, 0x89, 0x9, 0xf8,
    0x5f, 0xc0, 0xdf, 0x0, 0x0, 0x0, 0x7, 0xf9,
    0x4f, 0xd0, 0xbf, 0x30, 0x0, 0x88, 0x9, 0xf8,
    0x1f, 0xf2, 0x6f, 0xd2, 0x9, 0xfa, 0xd, 0xf5,
    0xb, 0xfa, 0xb, 0xff, 0xff, 0xe2, 0x6f, 0xf0,
    0x3, 0xff, 0x80, 0x6c, 0xd9, 0x14, 0xff, 0x70,
    0x0, 0x6f, 0xfc, 0x52, 0x24, 0xaf, 0xfa, 0x0,
    0x0, 0x5, 0xff, 0xff, 0xff, 0xff, 0x90, 0x0,
    0x0, 0x0, 0x17, 0xcf, 0xfd, 0x92, 0x0, 0x0,

    /* U+00AA "ª" */
    0x0, 0x8d, 0xfe, 0x91, 0x0, 0xcf, 0xc9, 0xcf,
    0xc0, 0x4, 0x60, 0x0, 0xff, 0x10, 0x5, 0x8b,
    0xdf, 0xf2, 0x1e, 0xfb, 0x85, 0xff, 0x26, 0xfa,
    0x0, 0x1f, 0xf2, 0x3f, 0xf9, 0x8d, 0xff, 0x20,
    0x6d, 0xfd, 0x5d, 0xf2,

    /* U+00AB "«" */
    0x0, 0x0, 0x9f, 0xf3, 0x3f, 0xf8, 0x0, 0x7,
    0xff, 0x42, 0xef, 0xa0, 0x0, 0x5f, 0xf7, 0x1d,
    0xfc, 0x0, 0x3, 0xff, 0x90, 0xcf, 0xe1, 0x0,
    0xd, 0xfe, 0x8, 0xff, 0x40, 0x0, 0x5, 0xff,
    0x71, 0xdf, 0xd0, 0x0, 0x0, 0x7f, 0xf5, 0x2e,
    0xfb, 0x0, 0x0, 0x9, 0xff, 0x33, 0xff, 0x80,
    0x0, 0x0, 0xbf, 0xe1, 0x6f, 0xf5, 0x0, 0x0,
    0x2, 0x21, 0x2, 0x22,

    /* U+00AC "¬" */
    0x11, 0x11, 0x11, 0x11, 0xe, 0xff, 0xff, 0xff,
    0xfc, 0xef, 0xff, 0xff, 0xff, 0xc0, 0x0, 0x0,
    0x7, 0xfc, 0x0, 0x0, 0x0, 0x7f, 0xc0, 0x0,
    0x0, 0x3, 0x86,

    /* U+00AE "®" */
    0x0, 0x0, 0x0, 0x10, 0x0, 0x0, 0x0, 0x0,
    0x2a, 0xff, 0xfc, 0x40, 0x0, 0x0, 0x4f, 0xe7,
    0x56, 0xcf, 0x80, 0x0, 0x2f, 0xb0, 0x0, 0x0,
    0x7f, 0x50, 0xa, 0xe0, 0x6f, 0xfe, 0x50, 0xbe,
    0x0, 0xe9, 0x6, 0xe0, 0x9d, 0x4, 0xf2, 0xf,
    0x60, 0x6e, 0x9, 0xd0, 0x2f, 0x40, 0xf8, 0x6,
    0xfe, 0xf5, 0x4, 0xf3, 0xb, 0xd0, 0x6e, 0xd,
    0x90, 0x9f, 0x0, 0x3f, 0x93, 0x60, 0x36, 0x5f,
    0x70, 0x0, 0x7f, 0xb5, 0x24, 0x9f, 0xb0, 0x0,
    0x0, 0x5d, 0xff, 0xff, 0x70, 0x0, 0x0, 0x0,
    0x2, 0x43, 0x0, 0x0, 0x0,

    /* U+00AF "¯" */
    0x2b, 0xbb, 0xbb, 0x34, 0xff, 0xff, 0xf5,

    /* U+00B0 "°" */
    0x1, 0x9c, 0xa3, 0x2, 0xef, 0xff, 0xf3, 0x9f,
    0x80, 0x5f, 0xcc, 0xf0, 0x0, 0xdf, 0xaf, 0x50,
    0x2f, 0xd3, 0xff, 0xdf, 0xf5, 0x4, 0xcf, 0xd5,
    0x0,

    /* U+00B1 "±" */
    0x0, 0x0, 0x5f, 0xd0, 0x0, 0x0, 0x0, 0x5,
    0xfd, 0x0, 0x0, 0x1, 0x11, 0x6f, 0xd1, 0x11,
    0x2, 0xff, 0xff, 0xff, 0xff, 0xf9, 0x2f, 0xff,
    0xff, 0xff, 0xff, 0x90, 0x0, 0x5, 0xfd, 0x0,
    0x0, 0x0, 0x0, 0x5f, 0xd0, 0x0, 0x0, 0x0,
    0x1, 0x43, 0x0, 0x0, 0x2f, 0xff, 0xff, 0xff,
    0xff, 0x92, 0xff, 0xff, 0xff, 0xff, 0xf9, 0x1,
    0x11, 0x11, 0x11, 0x11, 0x10,

    /* U+00B2 "²" */
    0x19, 0xef, 0xd8, 0x0, 0xaf, 0xc9, 0xef, 0x90,
    0x88, 0x0, 0x4f, 0xc0, 0x0, 0x0, 0xbf, 0x80,
    0x0, 0x3d, 0xf9, 0x0, 0x7, 0xfe, 0x40, 0x0,
    0xbf, 0xfc, 0xbb, 0xb0, 0xef, 0xff, 0xff, 0xf1,

    /* U+00B3 "³" */
    0x0, 0x8d, 0xfe, 0xa1, 0x0, 0x9f, 0xda, 0xdf,
    0xc0, 0x2, 0x31, 0x15, 0xfd, 0x0, 0x0, 0x7f,
    0xfc, 0x20, 0x0, 0x1, 0x37, 0xfe, 0x10, 0x89,
    0x10, 0xf, 0xf4, 0xa, 0xfe, 0xbd, 0xfe, 0x10,
    0x8, 0xdf, 0xea, 0x20,

    /* U+00B4 "´" */
    0x3, 0xff, 0x20, 0xaf, 0x70, 0x2f, 0xc0, 0x0,

    /* U+00B5 "µ" */
    0xaf, 0xe0, 0x0, 0xa, 0xfe, 0x0, 0xaf, 0xe0,
    0x0, 0xa, 0xfe, 0x0, 0xaf, 0xe0, 0x0, 0xa,
    0xfe, 0x0, 0xaf, 0xe0, 0x0, 0xa, 0xfe, 0x0,
    0xaf, 0xe0, 0x0, 0xa, 0xfe, 0x0, 0xaf, 0xe0,
    0x0, 0xa, 0xfe, 0x0, 0xaf, 0xe0, 0x0, 0xa,
    0xfe, 0x0, 0xaf, 0xf0, 0x0, 0xc, 0xfe, 0x0,
    0xaf, 0xfa, 0x0, 0x6f, 0xff, 0x0, 0xaf, 0xff,
    0xff, 0xfc, 0xff, 0xf2, 0xaf, 0xe5, 0xef, 0x90,
    0x8e, 0xf3, 0xaf, 0xe0, 0x0, 0x0, 0x0, 0x0,
    0xaf, 0xe0, 0x0, 0x0, 0x0, 0x0, 0xaf, 0xe0,
    0x0, 0x0, 0x0, 0x0, 0xaf, 0xe0, 0x0, 0x0,
    0x0, 0x0,

    /* U+00B6 "¶" */
    0x0, 0x19, 0xdf, 0xff, 0xff, 0x80, 0x2e, 0xff,
    0xff, 0xff, 0xf8, 0xb, 0xff, 0xff, 0x90, 0xaf,
    0x80, 0xff, 0xff, 0xf9, 0xa, 0xf8, 0x1f, 0xff,
    0xff, 0x90, 0xaf, 0x80, 0xff, 0xff, 0xf9, 0xa,
    0xf8, 0x9, 0xff, 0xff, 0x90, 0xaf, 0x80, 0x1c,
    0xff, 0xf9, 0xa, 0xf8, 0x0, 0x6, 0xbd, 0x80,
    0xaf, 0x80, 0x0, 0x0, 0x0, 0xa, 0xf8, 0x0,
    0x0, 0x0, 0x0, 0xaf, 0x80, 0x0, 0x0, 0x0,
    0xa, 0xf8, 0x0, 0x0, 0x0, 0x0, 0xaf, 0x80,
    0x0, 0x0, 0x0, 0xa, 0xf8,

    /* U+00B7 "·" */
    0x0, 0x0, 0x1d, 0xf5, 0x5f, 0xfb, 0x1c, 0xe4,

    /* U+00B8 "¸" */
    0x2, 0x0, 0x6c, 0x0, 0x8f, 0xc3, 0x0, 0xf9,
    0xef, 0xf4, 0x21, 0x0,

    /* U+00B9 "¹" */
    0x1a, 0xff, 0x5e, 0xff, 0xf5, 0xa2, 0xcf, 0x50,
    0xc, 0xf5, 0x0, 0xcf, 0x50, 0xc, 0xf5, 0x0,
    0xcf, 0x50, 0xc, 0xf5,

    /* U+00BA "º" */
    0x0, 0x5c, 0xfe, 0xb3, 0x0, 0x7, 0xff, 0xbc,
    0xff, 0x30, 0x1f, 0xf4, 0x0, 0x8f, 0xc0, 0x4f,
    0xe0, 0x0, 0x2f, 0xf0, 0x4f, 0xe0, 0x0, 0x2f,
    0xf0, 0x1f, 0xf4, 0x0, 0x8f, 0xc0, 0x8, 0xff,
    0xbc, 0xff, 0x40, 0x0, 0x6c, 0xff, 0xb3, 0x0,

    /* U+00BB "»" */
    0xc, 0xfd, 0x17, 0xff, 0x40, 0x0, 0x1, 0xef,
    0xb0, 0x9f, 0xf3, 0x0, 0x0, 0x3f, 0xf9, 0xc,
    0xfe, 0x10, 0x0, 0x5, 0xff, 0x71, 0xdf, 0xc0,
    0x0, 0x0, 0x9f, 0xf3, 0x3f, 0xf8, 0x0, 0x3,
    0xff, 0x90, 0xcf, 0xe1, 0x0, 0x1e, 0xfb, 0xa,
    0xff, 0x30, 0x0, 0xcf, 0xd1, 0x7f, 0xf4, 0x0,
    0xa, 0xfe, 0x25, 0xff, 0x60, 0x0, 0x2, 0x21,
    0x2, 0x22, 0x0, 0x0,

    /* U+00BC "¼" */
    0x5, 0xff, 0x80, 0x0, 0x0, 0x5, 0xf8, 0x0,
    0x3f, 0xdf, 0x80, 0x0, 0x0, 0x2f, 0xc0, 0x0,
    0x35, 0x5f, 0x80, 0x0, 0x0, 0xcf, 0x20, 0x0,
    0x0, 0x5f, 0x80, 0x0, 0x8, 0xf6, 0x0, 0x0,
    0x0, 0x5f, 0x80, 0x0, 0x3f, 0xb0, 0x0, 0x0,
    0x0, 0x5f, 0x80, 0x0, 0xde, 0x10, 0x0, 0x0,
    0x0, 0x5f, 0x80, 0xa, 0xf4, 0x0, 0x48, 0x70,
    0x0, 0x5f, 0x80, 0x5f, 0x80, 0x1, 0xef, 0xf0,
    0x0, 0x0, 0x2, 0xfc, 0x0, 0x9, 0xfe, 0xf0,
    0x0, 0x0, 0xc, 0xf2, 0x0, 0x3f, 0x9b, 0xf0,
    0x0, 0x0, 0x8f, 0x60, 0x0, 0xde, 0xb, 0xf0,
    0x0, 0x3, 0xfb, 0x0, 0x6, 0xfc, 0x8d, 0xf7,
    0x0, 0xd, 0xe1, 0x0, 0x8, 0xff, 0xff, 0xfe,
    0x0, 0xaf, 0x40, 0x0, 0x0, 0x0, 0xc, 0xf0,

    /* U+00BD "½" */
    0x0, 0x56, 0x30, 0x0, 0x0, 0x0, 0x64, 0x0,
    0x0, 0xbf, 0xf8, 0x0, 0x0, 0x0, 0x9f, 0x40,
    0x0, 0x3e, 0x8f, 0x80, 0x0, 0x0, 0x5f, 0x90,
    0x0, 0x1, 0x15, 0xf8, 0x0, 0x0, 0x1e, 0xd0,
    0x0, 0x0, 0x0, 0x5f, 0x80, 0x0, 0xb, 0xf3,
    0x0, 0x0, 0x0, 0x5, 0xf8, 0x0, 0x6, 0xf8,
    0x0, 0x0, 0x0, 0x0, 0x5f, 0x80, 0x2, 0xfc,
    0x0, 0x0, 0x0, 0x0, 0x5, 0xf8, 0x0, 0xcf,
    0x20, 0x4c, 0xfd, 0x60, 0x0, 0x39, 0x50, 0x7f,
    0x60, 0xf, 0xfa, 0xef, 0x40, 0x0, 0x0, 0x3f,
    0xb0, 0x1, 0x63, 0x6, 0xf6, 0x0, 0x0, 0xd,
    0xe1, 0x0, 0x0, 0x0, 0xbf, 0x10, 0x0, 0x9,
    0xf5, 0x0, 0x0, 0x0, 0xbf, 0x50, 0x0, 0x4,
    0xfa, 0x0, 0x0, 0x0, 0xcf, 0x50, 0x0, 0x1,
    0xee, 0x10, 0x0, 0x0, 0xcf, 0xd8, 0x85, 0x0,
    0xaf, 0x40, 0x0, 0x0, 0x1f, 0xff, 0xff, 0x90,

    /* U+00BE "¾" */
    0x0, 0x1, 0x10, 0x0, 0x0, 0x0, 0x1, 0x20,
    0x0, 0x4, 0xdf, 0xfb, 0x10, 0x0, 0x0, 0xe,
    0xe1, 0x0, 0xd, 0xe6, 0x9f, 0x90, 0x0, 0x0,
    0xaf, 0x40, 0x0, 0x0, 0x1, 0x6f, 0x80, 0x0,
    0x5, 0xf8, 0x0, 0x0, 0x0, 0x1f, 0xfb, 0x10,
    0x0, 0x1f, 0xd0, 0x0, 0x0, 0x0, 0x4, 0x7f,
    0xc0, 0x0, 0xcf, 0x20, 0x0, 0x0, 0x7, 0x61,
    0x3f, 0xf0, 0x7, 0xf6, 0x0, 0x0, 0x0, 0xb,
    0xff, 0xff, 0x80, 0x3f, 0xb0, 0x2, 0xff, 0x70,
    0x0, 0x47, 0x73, 0x0, 0xde, 0x10, 0xb, 0xff,
    0x70, 0x0, 0x0, 0x0, 0x9, 0xf5, 0x0, 0x4f,
    0xbf, 0x70, 0x0, 0x0, 0x0, 0x4f, 0x90, 0x0,
    0xde, 0x4f, 0x70, 0x0, 0x0, 0x1, 0xed, 0x0,
    0x6, 0xf6, 0x3f, 0x70, 0x0, 0x0, 0xb, 0xf3,
    0x0, 0xe, 0xf8, 0x9f, 0xb3, 0x0, 0x0, 0x6f,
    0x70, 0x0, 0xf, 0xff, 0xff, 0xf7, 0x0, 0x2,
    0xfc, 0x0, 0x0, 0x0, 0x0, 0x4f, 0x70,

    /* U+00BF "¿" */
    0x0, 0x0, 0x4e, 0xd2, 0x0, 0x0, 0x0, 0xa,
    0xff, 0x70, 0x0, 0x0, 0x0, 0x4f, 0xe2, 0x0,
    0x0, 0x0, 0x0, 0x0, 0x0, 0x0, 0x0, 0x0,
    0x16, 0x60, 0x0, 0x0, 0x0, 0x5, 0xff, 0x0,
    0x0, 0x0, 0x0, 0xbf, 0xe0, 0x0, 0x0, 0x1,
    0xcf, 0xf7, 0x0, 0x0, 0x2, 0xef, 0xf7, 0x0,
    0x0, 0x0, 0xbf, 0xf5, 0x0, 0x0, 0x0, 0xf,
    0xfa, 0x0, 0x0, 0x11, 0x0, 0xff, 0xa0, 0x0,
    0x8f, 0xf0, 0xc, 0xff, 0x61, 0x5f, 0xfc, 0x0,
    0x3f, 0xff, 0xff, 0xff, 0x30, 0x0, 0x2a, 0xef,
    0xea, 0x20, 0x0,

    /* U+00C0 "À" */
    0x0, 0x0, 0x4f, 0xf1, 0x0, 0x0, 0x0, 0x0,
    0x0, 0x0, 0xaf, 0x80, 0x0, 0x0, 0x0, 0x0,
    0x0, 0x1, 0xee, 0x0, 0x0, 0x0, 0x0, 0x0,
    0x0, 0x0, 0x0, 0x0, 0x0, 0x0, 0x0, 0x0,
    0x0, 0x0, 0x0, 0x0, 0x0, 0x0, 0x0, 0x0,
    0x9f, 0xff, 0x10, 0x0, 0x0, 0x0, 0x0, 0xf,
    0xff, 0xf6, 0x0, 0x0, 0x0, 0x0, 0x5, 0xff,
    0xaf, 0xc0, 0x0, 0x0, 0x0, 0x0, 0xbf, 0xb4,
    0xff, 0x20, 0x0, 0x0, 0x0, 0x1f, 0xf6, 0xf,
    0xf8, 0x0, 0x0, 0x0, 0x6, 0xff, 0x10, 0xaf,
    0xe0, 0x0, 0x0, 0x0, 0xcf, 0xc0, 0x4, 0xff,
    0x40, 0x0, 0x0, 0x2f, 0xf6, 0x0, 0xe, 0xfa,
    0x0, 0x0, 0x8, 0xff, 0xff, 0xff, 0xff, 0xf1,
    0x0, 0x0, 0xef, 0xff, 0xff, 0xff, 0xff, 0x60,
    0x0, 0x3f, 0xf7, 0x11, 0x11, 0x1e, 0xfc, 0x0,
    0x9, 0xff, 0x10, 0x0, 0x0, 0x9f, 0xf2, 0x0,
    0xff, 0xc0, 0x0, 0x0, 0x4, 0xff, 0x80, 0x5f,
    0xf7, 0x0, 0x0, 0x0, 0xe, 0xfe, 0x0,

    /* U+00C1 "Á" */
    0x0, 0x0, 0x0, 0x8, 0xfc, 0x0, 0x0, 0x0,
    0x0, 0x0, 0x1, 0xff, 0x20, 0x0, 0x0, 0x0,
    0x0, 0x0, 0x7f, 0x70, 0x0, 0x0, 0x0, 0x0,
    0x0, 0x0, 0x0, 0x0, 0x0, 0x0, 0x0, 0x0,
    0x0, 0x0, 0x0, 0x0, 0x0, 0x0, 0x0, 0x0,
    0x9f, 0xff, 0x10, 0x0, 0x0, 0x0, 0x0, 0xf,
    0xff, 0xf6, 0x0, 0x0, 0x0, 0x0, 0x5, 0xff,
    0xaf, 0xc0, 0x0, 0x0, 0x0, 0x0, 0xbf, 0xb4,
    0xff, 0x20, 0x0, 0x0, 0x0, 0x1f, 0xf6, 0xf,
    0xf8, 0x0, 0x0, 0x0, 0x6, 0xff, 0x10, 0xaf,
    0xe0, 0x0, 0x0, 0x0, 0xcf, 0xc0, 0x4, 0xff,
    0x40, 0x0, 0x0, 0x2f, 0xf6, 0x0, 0xe, 0xfa,
    0x0, 0x0, 0x8, 0xff, 0xff, 0xff, 0xff, 0xf1,
    0x0, 0x0, 0xef, 0xff, 0xff, 0xff, 0xff, 0x60,
    0x0, 0x3f, 0xf7, 0x11, 0x11, 0x1e, 0xfc, 0x0,
    0x9, 0xff, 0x10, 0x0, 0x0, 0x9f, 0xf2, 0x0,
    0xff, 0xc0, 0x0, 0x0, 0x4, 0xff, 0x80, 0x5f,
    0xf7, 0x0, 0x0, 0x0, 0xe, 0xfe, 0x0,

    /* U+00C2 "Â" */
    0x0, 0x0, 0x3, 0xff, 0xb0, 0x0, 0x0, 0x0,
    0x0, 0x3, 0xfe, 0xaf, 0x90, 0x0, 0x0, 0x0,
    0x2, 0xef, 0x40, 0xbf, 0x70, 0x0, 0x0, 0x0,
    0x0, 0x0, 0x0, 0x0, 0x0, 0x0, 0x0, 0x0,
    0x0, 0x0, 0x0, 0x0, 0x0, 0x0, 0x0, 0x0,
    0x9f, 0xff, 0x10, 0x0, 0x0, 0x0, 0x0, 0xf,
    0xff, 0xf6, 0x0, 0x0, 0x0, 0x0, 0x5, 0xff,
    0xaf, 0xc0, 0x0, 0x0, 0x0, 0x0, 0xbf, 0xb4,
    0xff, 0x20, 0x0, 0x0, 0x0, 0x1f, 0xf6, 0xf,
    0xf8, 0x0, 0x0, 0x0, 0x6, 0xff, 0x10, 0xaf,
    0xe0, 0x0, 0x0, 0x0, 0xcf, 0xc0, 0x4, 0xff,
    0x40, 0x0, 0x0, 0x2f, 0xf6, 0x0, 0xe, 0xfa,
    0x0, 0x0, 0x8, 0xff, 0xff, 0xff, 0xff, 0xf1,
    0x0, 0x0, 0xef, 0xff, 0xff, 0xff, 0xff, 0x60,
    0x0, 0x3f, 0xf7, 0x11, 0x11, 0x1e, 0xfc, 0x0,
    0x9, 0xff, 0x10, 0x0, 0x0, 0x9f, 0xf2, 0x0,
    0xff, 0xc0, 0x0, 0x0, 0x4, 0xff, 0x80, 0x5f,
    0xf7, 0x0, 0x0, 0x0, 0xe, 0xfe, 0x0,

    /* U+00C3 "Ã" */
    0x0, 0x0, 0x6, 0x50, 0x7, 0x30, 0x0, 0x0,
    0x0, 0x9, 0xff, 0xda, 0xf4, 0x0, 0x0, 0x0,
    0x0, 0xea, 0x2a, 0xfa, 0x0, 0x0, 0x0, 0x0,
    0x0, 0x0, 0x0, 0x0, 0x0, 0x0, 0x0, 0x0,
    0x0, 0x0, 0x0, 0x0, 0x0, 0x0, 0x0, 0x0,
    0x9f, 0xff, 0x10, 0x0, 0x0, 0x0, 0x0, 0xf,
    0xff, 0xf6, 0x0, 0x0, 0x0, 0x0, 0x5, 0xff,
    0xaf, 0xc0, 0x0, 0x0, 0x0, 0x0, 0xbf, 0xb4,
    0xff, 0x20, 0x0, 0x0, 0x0, 0x1f, 0xf6, 0xf,
    0xf8, 0x0, 0x0, 0x0, 0x6, 0xff, 0x10, 0xaf,
    0xe0, 0x0, 0x0, 0x0, 0xcf, 0xc0, 0x4, 0xff,
    0x40, 0x0, 0x0, 0x2f, 0xf6, 0x0, 0xe, 0xfa,
    0x0, 0x0, 0x8, 0xff, 0xff, 0xff, 0xff, 0xf1,
    0x0, 0x0, 0xef, 0xff, 0xff, 0xff, 0xff, 0x60,
    0x0, 0x3f, 0xf7, 0x11, 0x11, 0x1e, 0xfc, 0x0,
    0x9, 0xff, 0x10, 0x0, 0x0, 0x9f, 0xf2, 0x0,
    0xff, 0xc0, 0x0, 0x0, 0x4, 0xff, 0x80, 0x5f,
    0xf7, 0x0, 0x0, 0x0, 0xe, 0xfe, 0x0,

    /* U+00C4 "Ä" */
    0x0, 0x0, 0x68, 0x0, 0x49, 0x20, 0x0, 0x0,
    0x0, 0x2f, 0xf6, 0xe, 0xfa, 0x0, 0x0, 0x0,
    0x0, 0xce, 0x20, 0x9f, 0x50, 0x0, 0x0, 0x0,
    0x0, 0x0, 0x0, 0x0, 0x0, 0x0, 0x0, 0x0,
    0x0, 0x0, 0x0, 0x0, 0x0, 0x0, 0x0, 0x0,
    0x9f, 0xff, 0x10, 0x0, 0x0, 0x0, 0x0, 0xf,
    0xff, 0xf6, 0x0, 0x0, 0x0, 0x0, 0x5, 0xff,
    0xaf, 0xc0, 0x0, 0x0, 0x0, 0x0, 0xbf, 0xb4,
    0xff, 0x20, 0x0, 0x0, 0x0, 0x1f, 0xf6, 0xf,
    0xf8, 0x0, 0x0, 0x0, 0x6, 0xff, 0x10, 0xaf,
    0xe0, 0x0, 0x0, 0x0, 0xcf, 0xc0, 0x4, 0xff,
    0x40, 0x0, 0x0, 0x2f, 0xf6, 0x0, 0xe, 0xfa,
    0x0, 0x0, 0x8, 0xff, 0xff, 0xff, 0xff, 0xf1,
    0x0, 0x0, 0xef, 0xff, 0xff, 0xff, 0xff, 0x60,
    0x0, 0x3f, 0xf7, 0x11, 0x11, 0x1e, 0xfc, 0x0,
    0x9, 0xff, 0x10, 0x0, 0x0, 0x9f, 0xf2, 0x0,
    0xff, 0xc0, 0x0, 0x0, 0x4, 0xff, 0x80, 0x5f,
    0xf7, 0x0, 0x0, 0x0, 0xe, 0xfe, 0x0,

    /* U+00C5 "Å" */
    0x0, 0x0, 0x0, 0x0, 0x0, 0x0, 0x0, 0x0,
    0x0, 0x0, 0x5e, 0xfa, 0x10, 0x0, 0x0, 0x0,
    0x0, 0x1f, 0x94, 0xe9, 0x0, 0x0, 0x0, 0x0,
    0x5, 0xf1, 0x9, 0xd0, 0x0, 0x0, 0x0, 0x0,
    0x2f, 0x71, 0xdb, 0x0, 0x0, 0x0, 0x0, 0x0,
    0x8f, 0xfd, 0x20, 0x0, 0x0, 0x0, 0x0, 0x0,
    0x12, 0x0, 0x0, 0x0, 0x0, 0x0, 0x0, 0x9f,
    0xff, 0x10, 0x0, 0x0, 0x0, 0x0, 0xf, 0xff,
    0xf6, 0x0, 0x0, 0x0, 0x0, 0x5, 0xff, 0xaf,
    0xc0, 0x0, 0x0, 0x0, 0x0, 0xbf, 0xb4, 0xff,
    0x20, 0x0, 0x0, 0x0, 0x1f, 0xf6, 0xf, 0xf8,
    0x0, 0x0, 0x0, 0x6, 0xff, 0x10, 0xaf, 0xe0,
    0x0, 0x0, 0x0, 0xcf, 0xc0, 0x4, 0xff, 0x40,
    0x0, 0x0, 0x2f, 0xf6, 0x0, 0xe, 0xfa, 0x0,
    0x0, 0x8, 0xff, 0xff, 0xff, 0xff, 0xf1, 0x0,
    0x0, 0xef, 0xff, 0xff, 0xff, 0xff, 0x60, 0x0,
    0x3f, 0xf7, 0x11, 0x11, 0x1e, 0xfc, 0x0, 0x9,
    0xff, 0x10, 0x0, 0x0, 0x9f, 0xf2, 0x0, 0xff,
    0xc0, 0x0, 0x0, 0x4, 0xff, 0x80, 0x5f, 0xf7,
    0x0, 0x0, 0x0, 0xe, 0xfe, 0x0,

    /* U+00C6 "Æ" */
    0x0, 0x0, 0x0, 0x3f, 0xff, 0xff, 0xff, 0xff,
    0xff, 0xf0, 0x0, 0x0, 0x0, 0xaf, 0xfb, 0xff,
    0xff, 0xff, 0xff, 0xf0, 0x0, 0x0, 0x2, 0xff,
    0x84, 0xff, 0x63, 0x33, 0x33, 0x30, 0x0, 0x0,
    0x9, 0xff, 0x14, 0xff, 0x30, 0x0, 0x0, 0x0,
    0x0, 0x0, 0x1f, 0xf8, 0x4, 0xff, 0x30, 0x0,
    0x0, 0x0, 0x0, 0x0, 0x8f, 0xf1, 0x4, 0xff,
    0x52, 0x22, 0x22, 0x10, 0x0, 0x1, 0xff, 0x80,
    0x4, 0xff, 0xff, 0xff, 0xff, 0x90, 0x0, 0x7,
    0xff, 0x10, 0x4, 0xff, 0xff, 0xff, 0xff, 0x90,
    0x0, 0xe, 0xff, 0xee, 0xef, 0xff, 0x30, 0x0,
    0x0, 0x0, 0x0, 0x6f, 0xff, 0xff, 0xff, 0xff,
    0x30, 0x0, 0x0, 0x0, 0x0, 0xdf, 0xb0, 0x0,
    0x4, 0xff, 0x30, 0x0, 0x0, 0x0, 0x5, 0xff,
    0x50, 0x0, 0x4, 0xff, 0x63, 0x33, 0x33, 0x30,
    0xd, 0xfe, 0x0, 0x0, 0x4, 0xff, 0xff, 0xff,
    0xff, 0xf1, 0x4f, 0xf8, 0x0, 0x0, 0x4, 0xff,
    0xff, 0xff, 0xff, 0xf1,

    /* U+00C7 "Ç" */
    0x0, 0x3, 0xad, 0xfe, 0xc6, 0x0, 0x0, 0x9,
    0xff, 0xff, 0xff, 0xfd, 0x10, 0x9, 0xff, 0xe7,
    0x56, 0xbf, 0xfd, 0x3, 0xff, 0xc1, 0x0, 0x0,
    0x8f, 0xf6, 0x9f, 0xf2, 0x0, 0x0, 0x0, 0xbc,
    0x8d, 0xfc, 0x0, 0x0, 0x0, 0x0, 0x0, 0xff,
    0xa0, 0x0, 0x0, 0x0, 0x0, 0xf, 0xfa, 0x0,
    0x0, 0x0, 0x0, 0x0, 0xdf, 0xc0, 0x0, 0x0,
    0x0, 0x0, 0x9, 0xff, 0x20, 0x0, 0x0, 0xb,
    0xc8, 0x3f, 0xfc, 0x0, 0x0, 0x8, 0xff, 0x60,
    0x9f, 0xfe, 0x75, 0x6b, 0xff, 0xd0, 0x0, 0x9f,
    0xff, 0xff, 0xff, 0xd1, 0x0, 0x0, 0x4a, 0xdf,
    0xfc, 0x60, 0x0, 0x0, 0x0, 0x0, 0xf5, 0x0,
    0x0, 0x0, 0x0, 0x0, 0x1a, 0xec, 0x0, 0x0,
    0x0, 0x0, 0x0, 0x1a, 0xf0, 0x0, 0x0, 0x0,
    0x0, 0x9f, 0xe8, 0x0, 0x0,

    /* U+00C8 "È" */
    0x0, 0x5f, 0xe1, 0x0, 0x0, 0x0, 0xa, 0xf7,
    0x0, 0x0, 0x0, 0x1, 0xee, 0x0, 0x0, 0x0,
    0x0, 0x0, 0x0, 0x0, 0x0, 0x0, 0x0, 0x0,
    0x0, 0x8f, 0xff, 0xff, 0xff, 0xfe, 0x8f, 0xff,
    0xff, 0xff, 0xfe, 0x8f, 0xf4, 0x33, 0x33, 0x32,
    0x8f, 0xf1, 0x0, 0x0, 0x0, 0x8f, 0xf1, 0x0,
    0x0, 0x0, 0x8f, 0xf3, 0x22, 0x22, 0x21, 0x8f,
    0xff, 0xff, 0xff, 0xf6, 0x8f, 0xff, 0xff, 0xff,
    0xf6, 0x8f, 0xf1, 0x0, 0x0, 0x0, 0x8f, 0xf1,
    0x0, 0x0, 0x0, 0x8f, 0xf1, 0x0, 0x0, 0x0,
    0x8f, 0xf4, 0x33, 0x33, 0x32, 0x8f, 0xff, 0xff,
    0xff, 0xff, 0x8f, 0xff, 0xff, 0xff, 0xff,

    /* U+00C9 "É" */
    0x0, 0x0, 0x9, 0xfb, 0x0, 0x0, 0x0, 0x1f,
    0xf2, 0x0, 0x0, 0x0, 0x8f, 0x60, 0x0, 0x0,
    0x0, 0x0, 0x0, 0x0, 0x0, 0x0, 0x0, 0x0,
    0x0, 0x8f, 0xff, 0xff, 0xff, 0xfe, 0x8f, 0xff,
    0xff, 0xff, 0xfe, 0x8f, 0xf4, 0x33, 0x33, 0x32,
    0x8f, 0xf1, 0x0, 0x0, 0x0, 0x8f, 0xf1, 0x0,
    0x0, 0x0, 0x8f, 0xf3, 0x22, 0x22, 0x21, 0x8f,
    0xff, 0xff, 0xff, 0xf6, 0x8f, 0xff, 0xff, 0xff,
    0xf6, 0x8f, 0xf1, 0x0, 0x0, 0x0, 0x8f, 0xf1,
    0x0, 0x0, 0x0, 0x8f, 0xf1, 0x0, 0x0, 0x0,
    0x8f, 0xf4, 0x33, 0x33, 0x32, 0x8f, 0xff, 0xff,
    0xff, 0xff, 0x8f, 0xff, 0xff, 0xff, 0xff,

    /* U+00CA "Ê" */
    0x0, 0x4, 0xff, 0xa0, 0x0, 0x0, 0x3f, 0xea,
    0xf9, 0x0, 0x2, 0xef, 0x30, 0xcf, 0x70, 0x0,
    0x0, 0x0, 0x0, 0x0, 0x0, 0x0, 0x0, 0x0,
    0x0, 0x8f, 0xff, 0xff, 0xff, 0xfe, 0x8f, 0xff,
    0xff, 0xff, 0xfe, 0x8f, 0xf4, 0x33, 0x33, 0x32,
    0x8f, 0xf1, 0x0, 0x0, 0x0, 0x8f, 0xf1, 0x0,
    0x0, 0x0, 0x8f, 0xf3, 0x22, 0x22, 0x21, 0x8f,
    0xff, 0xff, 0xff, 0xf6, 0x8f, 0xff, 0xff, 0xff,
    0xf6, 0x8f, 0xf1, 0x0, 0x0, 0x0, 0x8f, 0xf1,
    0x0, 0x0, 0x0, 0x8f, 0xf1, 0x0, 0x0, 0x0,
    0x8f, 0xf4, 0x33, 0x33, 0x32, 0x8f, 0xff, 0xff,
    0xff, 0xff, 0x8f, 0xff, 0xff, 0xff, 0xff,

    /* U+00CB "Ë" */
    0x0, 0x78, 0x0, 0x49, 0x20, 0x3, 0xff, 0x60,
    0xff, 0xa0, 0x0, 0xce, 0x20, 0x9f, 0x50, 0x0,
    0x0, 0x0, 0x0, 0x0, 0x0, 0x0, 0x0, 0x0,
    0x0, 0x8f, 0xff, 0xff, 0xff, 0xfe, 0x8f, 0xff,
    0xff, 0xff, 0xfe, 0x8f, 0xf4, 0x33, 0x33, 0x32,
    0x8f, 0xf1, 0x0, 0x0, 0x0, 0x8f, 0xf1, 0x0,
    0x0, 0x0, 0x8f, 0xf3, 0x22, 0x22, 0x21, 0x8f,
    0xff, 0xff, 0xff, 0xf6, 0x8f, 0xff, 0xff, 0xff,
    0xf6, 0x8f, 0xf1, 0x0, 0x0, 0x0, 0x8f, 0xf1,
    0x0, 0x0, 0x0, 0x8f, 0xf1, 0x0, 0x0, 0x0,
    0x8f, 0xf4, 0x33, 0x33, 0x32, 0x8f, 0xff, 0xff,
    0xff, 0xff, 0x8f, 0xff, 0xff, 0xff, 0xff,

    /* U+00CC "Ì" */
    0xb, 0xf9, 0x0, 0x2, 0xff, 0x10, 0x0, 0x7f,
    0x80, 0x0, 0x0, 0x0, 0x0, 0x0, 0x0, 0x0,
    0x8f, 0xf1, 0x0, 0x8f, 0xf1, 0x0, 0x8f, 0xf1,
    0x0, 0x8f, 0xf1, 0x0, 0x8f, 0xf1, 0x0, 0x8f,
    0xf1, 0x0, 0x8f, 0xf1, 0x0, 0x8f, 0xf1, 0x0,
    0x8f, 0xf1, 0x0, 0x8f, 0xf1, 0x0, 0x8f, 0xf1,
    0x0, 0x8f, 0xf1, 0x0, 0x8f, 0xf1, 0x0, 0x8f,
    0xf1,

    /* U+00CD "Í" */
    0x1, 0xef, 0x40, 0x8f, 0xa0, 0xe, 0xe1, 0x0,
    0x0, 0x0, 0x0, 0x0, 0x8, 0xff, 0x10, 0x8f,
    0xf1, 0x8, 0xff, 0x10, 0x8f, 0xf1, 0x8, 0xff,
    0x10, 0x8f, 0xf1, 0x8, 0xff, 0x10, 0x8f, 0xf1,
    0x8, 0xff, 0x10, 0x8f, 0xf1, 0x8, 0xff, 0x10,
    0x8f, 0xf1, 0x8, 0xff, 0x10, 0x8f, 0xf1, 0x0,

    /* U+00CE "Î" */
    0x0, 0xbf, 0xf4, 0x0, 0x9, 0xfa, 0xef, 0x20,
    0x8f, 0xc0, 0x4f, 0xe1, 0x0, 0x0, 0x0, 0x0,
    0x0, 0x0, 0x0, 0x0, 0x0, 0x8f, 0xf1, 0x0,
    0x0, 0x8f, 0xf1, 0x0, 0x0, 0x8f, 0xf1, 0x0,
    0x0, 0x8f, 0xf1, 0x0, 0x0, 0x8f, 0xf1, 0x0,
    0x0, 0x8f, 0xf1, 0x0, 0x0, 0x8f, 0xf1, 0x0,
    0x0, 0x8f, 0xf1, 0x0, 0x0, 0x8f, 0xf1, 0x0,
    0x0, 0x8f, 0xf1, 0x0, 0x0, 0x8f, 0xf1, 0x0,
    0x0, 0x8f, 0xf1, 0x0, 0x0, 0x8f, 0xf1, 0x0,
    0x0, 0x8f, 0xf1, 0x0,

    /* U+00CF "Ï" */
    0x29, 0x40, 0x8, 0x70, 0xaf, 0xe0, 0x6f, 0xf3,
    0x5f, 0x90, 0x2e, 0xc0, 0x0, 0x0, 0x0, 0x0,
    0x0, 0x0, 0x0, 0x0, 0x0, 0x8f, 0xf1, 0x0,
    0x0, 0x8f, 0xf1, 0x0, 0x0, 0x8f, 0xf1, 0x0,
    0x0, 0x8f, 0xf1, 0x0, 0x0, 0x8f, 0xf1, 0x0,
    0x0, 0x8f, 0xf1, 0x0, 0x0, 0x8f, 0xf1, 0x0,
    0x0, 0x8f, 0xf1, 0x0, 0x0, 0x8f, 0xf1, 0x0,
    0x0, 0x8f, 0xf1, 0x0, 0x0, 0x8f, 0xf1, 0x0,
    0x0, 0x8f, 0xf1, 0x0, 0x0, 0x8f, 0xf1, 0x0,
    0x0, 0x8f, 0xf1, 0x0,

    /* U+00D0 "Ð" */
    0x0, 0xff, 0xff, 0xff, 0xda, 0x40, 0x0, 0x0,
    0xf, 0xff, 0xff, 0xff, 0xff, 0xa0, 0x0, 0x0,
    0xff, 0xb4, 0x44, 0x7d, 0xff, 0xa0, 0x0, 0xf,
    0xfa, 0x0, 0x0, 0xa, 0xff, 0x40, 0x0, 0xff,
    0xa0, 0x0, 0x0, 0x1f, 0xfa, 0x0, 0xf, 0xfa,
    0x0, 0x0, 0x0, 0xbf, 0xd0, 0xcf, 0xff, 0xff,
    0xff, 0x0, 0x9, 0xff, 0xa, 0xdf, 0xff, 0xdd,
    0xd0, 0x0, 0x9f, 0xf0, 0x0, 0xff, 0xa0, 0x0,
    0x0, 0xb, 0xfd, 0x0, 0xf, 0xfa, 0x0, 0x0,
    0x1, 0xff, 0xa0, 0x0, 0xff, 0xa0, 0x0, 0x0,
    0xaf, 0xf4, 0x0, 0xf, 0xfb, 0x44, 0x47, 0xdf,
    0xf9, 0x0, 0x0, 0xff, 0xff, 0xff, 0xff, 0xfa,
    0x0, 0x0, 0xf, 0xff, 0xff, 0xfd, 0xa4, 0x0,
    0x0,

    /* U+00D1 "Ñ" */
    0x0, 0x0, 0x46, 0x20, 0x56, 0x0, 0x0, 0x0,
    0x3f, 0xff, 0x9f, 0xa0, 0x0, 0x0, 0x8, 0xf1,
    0x7e, 0xd2, 0x0, 0x0, 0x0, 0x0, 0x0, 0x0,
    0x0, 0x0, 0x0, 0x0, 0x0, 0x0, 0x0, 0x0,
    0x8, 0xff, 0xb0, 0x0, 0x0, 0xe, 0xfb, 0x8f,
    0xff, 0x60, 0x0, 0x0, 0xef, 0xb8, 0xff, 0xff,
    0x10, 0x0, 0xe, 0xfb, 0x8f, 0xfd, 0xfb, 0x0,
    0x0, 0xef, 0xb8, 0xff, 0x4f, 0xf5, 0x0, 0xe,
    0xfb, 0x8f, 0xf1, 0xbf, 0xe1, 0x0, 0xef, 0xb8,
    0xff, 0x12, 0xff, 0xa0, 0xe, 0xfb, 0x8f, 0xf1,
    0x7, 0xff, 0x40, 0xef, 0xb8, 0xff, 0x20, 0xd,
    0xfe, 0xe, 0xfb, 0x8f, 0xf2, 0x0, 0x3f, 0xf7,
    0xdf, 0xb8, 0xff, 0x20, 0x0, 0x8f, 0xfd, 0xfb,
    0x8f, 0xf2, 0x0, 0x0, 0xdf, 0xff, 0xb8, 0xff,
    0x20, 0x0, 0x3, 0xff, 0xfb, 0x8f, 0xf2, 0x0,
    0x0, 0x9, 0xff, 0xb0,

    /* U+00D2 "Ò" */
    0x0, 0x0, 0xdf, 0x80, 0x0, 0x0, 0x0, 0x0,
    0x0, 0x3f, 0xe0, 0x0, 0x0, 0x0, 0x0, 0x0,
    0x8, 0xf6, 0x0, 0x0, 0x0, 0x0, 0x0, 0x0,
    0x0, 0x0, 0x0, 0x0, 0x0, 0x0, 0x0, 0x0,
    0x0, 0x0, 0x0, 0x0, 0x3, 0xad, 0xfe, 0xc6,
    0x0, 0x0, 0x0, 0x9f, 0xff, 0xff, 0xff, 0xd2,
    0x0, 0x9, 0xff, 0xe7, 0x56, 0xbf, 0xfd, 0x10,
    0x3f, 0xfc, 0x0, 0x0, 0x7, 0xff, 0x90, 0x9f,
    0xf2, 0x0, 0x0, 0x0, 0xcf, 0xe0, 0xdf, 0xc0,
    0x0, 0x0, 0x0, 0x7f, 0xf3, 0xff, 0xa0, 0x0,
    0x0, 0x0, 0x4f, 0xf4, 0xff, 0xa0, 0x0, 0x0,
    0x0, 0x4f, 0xf4, 0xdf, 0xc0, 0x0, 0x0, 0x0,
    0x6f, 0xf3, 0x9f, 0xf2, 0x0, 0x0, 0x0, 0xcf,
    0xe0, 0x3f, 0xfc, 0x0, 0x0, 0x7, 0xff, 0x90,
    0x9, 0xff, 0xe7, 0x56, 0xbf, 0xfe, 0x10, 0x0,
    0x9f, 0xff, 0xff, 0xff, 0xd2, 0x0, 0x0, 0x4,
    0xad, 0xfe, 0xc6, 0x0, 0x0,

    /* U+00D3 "Ó" */
    0x0, 0x0, 0x0, 0x2f, 0xf3, 0x0, 0x0, 0x0,
    0x0, 0x0, 0x9f, 0x80, 0x0, 0x0, 0x0, 0x0,
    0x1, 0xed, 0x0, 0x0, 0x0, 0x0, 0x0, 0x0,
    0x0, 0x0, 0x0, 0x0, 0x0, 0x0, 0x0, 0x0,
    0x0, 0x0, 0x0, 0x0, 0x3, 0xad, 0xfe, 0xc6,
    0x0, 0x0, 0x0, 0x9f, 0xff, 0xff, 0xff, 0xd2,
    0x0, 0x9, 0xff, 0xe7, 0x56, 0xbf, 0xfd, 0x10,
    0x3f, 0xfc, 0x0, 0x0, 0x7, 0xff, 0x90, 0x9f,
    0xf2, 0x0, 0x0, 0x0, 0xcf, 0xe0, 0xdf, 0xc0,
    0x0, 0x0, 0x0, 0x7f, 0xf3, 0xff, 0xa0, 0x0,
    0x0, 0x0, 0x4f, 0xf4, 0xff, 0xa0, 0x0, 0x0,
    0x0, 0x4f, 0xf4, 0xdf, 0xc0, 0x0, 0x0, 0x0,
    0x6f, 0xf3, 0x9f, 0xf2, 0x0, 0x0, 0x0, 0xcf,
    0xe0, 0x3f, 0xfc, 0x0, 0x0, 0x7, 0xff, 0x90,
    0x9, 0xff, 0xe7, 0x56, 0xbf, 0xfe, 0x10, 0x0,
    0x9f, 0xff, 0xff, 0xff, 0xd2, 0x0, 0x0, 0x4,
    0xad, 0xfe, 0xc6, 0x0, 0x0,

    /* U+00D4 "Ô" */
    0x0, 0x0, 0xc, 0xff, 0x30, 0x0, 0x0, 0x0,
    0x0, 0xaf, 0x9f, 0xe2, 0x0, 0x0, 0x0, 0x9,
    0xfb, 0x5, 0xfd, 0x10, 0x0, 0x0, 0x0, 0x0,
    0x0, 0x0, 0x0, 0x0, 0x0, 0x0, 0x0, 0x0,
    0x0, 0x0, 0x0, 0x0, 0x3, 0xad, 0xfe, 0xc6,
    0x0, 0x0, 0x0, 0x9f, 0xff, 0xff, 0xff, 0xd2,
    0x0, 0x9, 0xff, 0xe7, 0x56, 0xbf, 0xfd, 0x10,
    0x3f, 0xfc, 0x0, 0x0, 0x7, 0xff, 0x90, 0x9f,
    0xf2, 0x0, 0x0, 0x0, 0xcf, 0xe0, 0xdf, 0xc0,
    0x0, 0x0, 0x0, 0x7f, 0xf3, 0xff, 0xa0, 0x0,
    0x0, 0x0, 0x4f, 0xf4, 0xff, 0xa0, 0x0, 0x0,
    0x0, 0x4f, 0xf4, 0xdf, 0xc0, 0x0, 0x0, 0x0,
    0x6f, 0xf3, 0x9f, 0xf2, 0x0, 0x0, 0x0, 0xcf,
    0xe0, 0x3f, 0xfc, 0x0, 0x0, 0x7, 0xff, 0x90,
    0x9, 0xff, 0xe7, 0x56, 0xbf, 0xfe, 0x10, 0x0,
    0x9f, 0xff, 0xff, 0xff, 0xd2, 0x0, 0x0, 0x4,
    0xad, 0xfe, 0xc6, 0x0, 0x0,

    /* U+00D5 "Õ" */
    0x0, 0x0, 0xbe, 0xa2, 0xbd, 0x0, 0x0, 0x0,
    0x5, 0xfa, 0xef, 0xf8, 0x0, 0x0, 0x0, 0x3,
    0x70, 0x5, 0x60, 0x0, 0x0, 0x0, 0x0, 0x0,
    0x0, 0x0, 0x0, 0x0, 0x0, 0x0, 0x0, 0x0,
    0x0, 0x0, 0x0, 0x0, 0x3, 0xad, 0xfe, 0xc6,
    0x0, 0x0, 0x0, 0x9f, 0xff, 0xff, 0xff, 0xd2,
    0x0, 0x9, 0xff, 0xe7, 0x56, 0xbf, 0xfd, 0x10,
    0x3f, 0xfc, 0x0, 0x0, 0x7, 0xff, 0x90, 0x9f,
    0xf2, 0x0, 0x0, 0x0, 0xcf, 0xe0, 0xdf, 0xc0,
    0x0, 0x0, 0x0, 0x7f, 0xf3, 0xff, 0xa0, 0x0,
    0x0, 0x0, 0x4f, 0xf4, 0xff, 0xa0, 0x0, 0x0,
    0x0, 0x4f, 0xf4, 0xdf, 0xc0, 0x0, 0x0, 0x0,
    0x6f, 0xf3, 0x9f, 0xf2, 0x0, 0x0, 0x0, 0xcf,
    0xe0, 0x3f, 0xfc, 0x0, 0x0, 0x7, 0xff, 0x90,
    0x9, 0xff, 0xe7, 0x56, 0xbf, 0xfe, 0x10, 0x0,
    0x9f, 0xff, 0xff, 0xff, 0xd2, 0x0, 0x0, 0x4,
    0xad, 0xfe, 0xc6, 0x0, 0x0,

    /* U+00D6 "Ö" */
    0x0, 0x6, 0xf8, 0x3, 0xec, 0x0, 0x0, 0x0,
    0xb, 0xfd, 0x7, 0xff, 0x20, 0x0, 0x0, 0x2,
    0x94, 0x1, 0x96, 0x0, 0x0, 0x0, 0x0, 0x0,
    0x0, 0x0, 0x0, 0x0, 0x0, 0x0, 0x0, 0x0,
    0x0, 0x0, 0x0, 0x0, 0x3, 0xad, 0xfe, 0xc6,
    0x0, 0x0, 0x0, 0x9f, 0xff, 0xff, 0xff, 0xd2,
    0x0, 0x9, 0xff, 0xe7, 0x56, 0xbf, 0xfd, 0x10,
    0x3f, 0xfc, 0x0, 0x0, 0x7, 0xff, 0x90, 0x9f,
    0xf2, 0x0, 0x0, 0x0, 0xcf, 0xe0, 0xdf, 0xc0,
    0x0, 0x0, 0x0, 0x7f, 0xf3, 0xff, 0xa0, 0x0,
    0x0, 0x0, 0x4f, 0xf4, 0xff, 0xa0, 0x0, 0x0,
    0x0, 0x4f, 0xf4, 0xdf, 0xc0, 0x0, 0x0, 0x0,
    0x6f, 0xf3, 0x9f, 0xf2, 0x0, 0x0, 0x0, 0xcf,
    0xe0, 0x3f, 0xfc, 0x0, 0x0, 0x7, 0xff, 0x90,
    0x9, 0xff, 0xe7, 0x56, 0xbf, 0xfe, 0x10, 0x0,
    0x9f, 0xff, 0xff, 0xff, 0xd2, 0x0, 0x0, 0x4,
    0xad, 0xfe, 0xc6, 0x0, 0x0,

    /* U+00D7 "×" */
    0x0, 0x60, 0x0, 0x0, 0x24, 0x0, 0xbf, 0x80,
    0x0, 0x2e, 0xf4, 0xa, 0xff, 0x80, 0x2e, 0xfe,
    0x30, 0x9, 0xff, 0x9e, 0xfe, 0x30, 0x0, 0x9,
    0xff, 0xfe, 0x30, 0x0, 0x0, 0x2f, 0xff, 0xa0,
    0x0, 0x0, 0x2e, 0xff, 0xff, 0x90, 0x0, 0x2e,
    0xfe, 0x39, 0xff, 0x90, 0xe, 0xfe, 0x20, 0x9,
    0xff, 0x60, 0x5e, 0x20, 0x0, 0x9, 0xc0, 0x0,
    0x0, 0x0, 0x0, 0x0, 0x0,

    /* U+00D8 "Ø" */
    0x0, 0x0, 0x0, 0x0, 0x0, 0x2, 0x0, 0x0,
    0x3, 0xad, 0xfe, 0xc6, 0x8f, 0x40, 0x0, 0x9f,
    0xff, 0xff, 0xff, 0xff, 0x0, 0x9, 0xff, 0xe7,
    0x56, 0xdf, 0xff, 0x10, 0x3f, 0xfc, 0x0, 0x0,
    0xbf, 0xff, 0x90, 0x9f, 0xf2, 0x0, 0x7, 0xf9,
    0xcf, 0xe0, 0xdf, 0xc0, 0x0, 0x3f, 0xd0, 0x7f,
    0xf3, 0xff, 0xa0, 0x1, 0xef, 0x20, 0x4f, 0xf4,
    0xff, 0xa0, 0xb, 0xf6, 0x0, 0x4f, 0xf4, 0xdf,
    0xc0, 0x7f, 0xa0, 0x0, 0x6f, 0xf3, 0x9f, 0xf6,
    0xfd, 0x0, 0x0, 0xcf, 0xe0, 0x3f, 0xff, 0xf2,
    0x0, 0x7, 0xff, 0x90, 0x9, 0xff, 0xf7, 0x56,
    0xbf, 0xfe, 0x10, 0x7, 0xff, 0xff, 0xff, 0xff,
    0xd2, 0x0, 0xd, 0xd4, 0xad, 0xfe, 0xc6, 0x0,
    0x0, 0x0, 0x10, 0x0, 0x0, 0x0, 0x0, 0x0,

    /* U+00D9 "Ù" */
    0x0, 0x3, 0xff, 0x30, 0x0, 0x0, 0x0, 0x0,
    0x8, 0xfa, 0x0, 0x0, 0x0, 0x0, 0x0, 0xc,
    0xf1, 0x0, 0x0, 0x0, 0x0, 0x0, 0x0, 0x0,
    0x0, 0x0, 0x0, 0x0, 0x0, 0x0, 0x0, 0x0,
    0x8, 0xff, 0x10, 0x0, 0x0, 0x5f, 0xf4, 0x8f,
    0xf1, 0x0, 0x0, 0x5, 0xff, 0x48, 0xff, 0x10,
    0x0, 0x0, 0x5f, 0xf4, 0x8f, 0xf1, 0x0, 0x0,
    0x5, 0xff, 0x48, 0xff, 0x10, 0x0, 0x0, 0x5f,
    0xf4, 0x8f, 0xf1, 0x0, 0x0, 0x5, 0xff, 0x48,
    0xff, 0x10, 0x0, 0x0, 0x5f, 0xf4, 0x8f, 0xf1,
    0x0, 0x0, 0x5, 0xff, 0x48, 0xff, 0x10, 0x0,
    0x0, 0x5f, 0xf4, 0x7f, 0xf3, 0x0, 0x0, 0x7,
    0xff, 0x34, 0xff, 0xb0, 0x0, 0x1, 0xef, 0xf0,
    0xc, 0xff, 0xd7, 0x58, 0xef, 0xf8, 0x0, 0x1d,
    0xff, 0xff, 0xff, 0xfa, 0x0, 0x0, 0x7, 0xce,
    0xfe, 0xa5, 0x0, 0x0,

    /* U+00DA "Ú" */
    0x0, 0x0, 0x0, 0x7f, 0xd0, 0x0, 0x0, 0x0,
    0x0, 0xe, 0xf3, 0x0, 0x0, 0x0, 0x0, 0x6,
    0xf8, 0x0, 0x0, 0x0, 0x0, 0x0, 0x0, 0x0,
    0x0, 0x0, 0x0, 0x0, 0x0, 0x0, 0x0, 0x0,
    0x8, 0xff, 0x10, 0x0, 0x0, 0x5f, 0xf4, 0x8f,
    0xf1, 0x0, 0x0, 0x5, 0xff, 0x48, 0xff, 0x10,
    0x0, 0x0, 0x5f, 0xf4, 0x8f, 0xf1, 0x0, 0x0,
    0x5, 0xff, 0x48, 0xff, 0x10, 0x0, 0x0, 0x5f,
    0xf4, 0x8f, 0xf1, 0x0, 0x0, 0x5, 0xff, 0x48,
    0xff, 0x10, 0x0, 0x0, 0x5f, 0xf4, 0x8f, 0xf1,
    0x0, 0x0, 0x5, 0xff, 0x48, 0xff, 0x10, 0x0,
    0x0, 0x5f, 0xf4, 0x7f, 0xf3, 0x0, 0x0, 0x7,
    0xff, 0x34, 0xff, 0xb0, 0x0, 0x1, 0xef, 0xf0,
    0xc, 0xff, 0xd7, 0x58, 0xef, 0xf8, 0x0, 0x1d,
    0xff, 0xff, 0xff, 0xfa, 0x0, 0x0, 0x7, 0xce,
    0xfe, 0xa5, 0x0, 0x0,

    /* U+00DB "Û" */
    0x0, 0x0, 0x2e, 0xfc, 0x0, 0x0, 0x0, 0x0,
    0x1e, 0xf9, 0xfb, 0x0, 0x0, 0x0, 0x1d, 0xf5,
    0xa, 0xf9, 0x0, 0x0, 0x0, 0x0, 0x0, 0x0,
    0x0, 0x0, 0x0, 0x0, 0x0, 0x0, 0x0, 0x0,
    0x8, 0xff, 0x10, 0x0, 0x0, 0x5f, 0xf4, 0x8f,
    0xf1, 0x0, 0x0, 0x5, 0xff, 0x48, 0xff, 0x10,
    0x0, 0x0, 0x5f, 0xf4, 0x8f, 0xf1, 0x0, 0x0,
    0x5, 0xff, 0x48, 0xff, 0x10, 0x0, 0x0, 0x5f,
    0xf4, 0x8f, 0xf1, 0x0, 0x0, 0x5, 0xff, 0x48,
    0xff, 0x10, 0x0, 0x0, 0x5f, 0xf4, 0x8f, 0xf1,
    0x0, 0x0, 0x5, 0xff, 0x48, 0xff, 0x10, 0x0,
    0x0, 0x5f, 0xf4, 0x7f, 0xf3, 0x0, 0x0, 0x7,
    0xff, 0x34, 0xff, 0xb0, 0x0, 0x1, 0xef, 0xf0,
    0xc, 0xff, 0xd7, 0x58, 0xef, 0xf8, 0x0, 0x1d,
    0xff, 0xff, 0xff, 0xfa, 0x0, 0x0, 0x7, 0xce,
    0xfe, 0xa5, 0x0, 0x0,

    /* U+00DC "Ü" */
    0x0, 0xb, 0xe3, 0x7, 0xf7, 0x0, 0x0, 0x1,
    0xff, 0x80, 0xdf, 0xc0, 0x0, 0x0, 0x6, 0x91,
    0x3, 0x93, 0x0, 0x0, 0x0, 0x0, 0x0, 0x0,
    0x0, 0x0, 0x0, 0x0, 0x0, 0x0, 0x0, 0x0,
    0x8, 0xff, 0x10, 0x0, 0x0, 0x5f, 0xf4, 0x8f,
    0xf1, 0x0, 0x0, 0x5, 0xff, 0x48, 0xff, 0x10,
    0x0, 0x0, 0x5f, 0xf4, 0x8f, 0xf1, 0x0, 0x0,
    0x5, 0xff, 0x48, 0xff, 0x10, 0x0, 0x0, 0x5f,
    0xf4, 0x8f, 0xf1, 0x0, 0x0, 0x5, 0xff, 0x48,
    0xff, 0x10, 0x0, 0x0, 0x5f, 0xf4, 0x8f, 0xf1,
    0x0, 0x0, 0x5, 0xff, 0x48, 0xff, 0x10, 0x0,
    0x0, 0x5f, 0xf4, 0x7f, 0xf3, 0x0, 0x0, 0x7,
    0xff, 0x34, 0xff, 0xb0, 0x0, 0x1, 0xef, 0xf0,
    0xc, 0xff, 0xd7, 0x58, 0xef, 0xf8, 0x0, 0x1d,
    0xff, 0xff, 0xff, 0xfa, 0x0, 0x0, 0x7, 0xce,
    0xfe, 0xa5, 0x0, 0x0,

    /* U+00DD "Ý" */
    0x0, 0x0, 0x0, 0xa, 0xfa, 0x0, 0x0, 0x0,
    0x0, 0x0, 0x2f, 0xe1, 0x0, 0x0, 0x0, 0x0,
    0x0, 0x9f, 0x50, 0x0, 0x0, 0x0, 0x0, 0x0,
    0x0, 0x0, 0x0, 0x0, 0x0, 0x0, 0x0, 0x0,
    0x0, 0x0, 0x0, 0x3f, 0xfd, 0x0, 0x0, 0x0,
    0x8f, 0xf7, 0x9, 0xff, 0x60, 0x0, 0x2, 0xff,
    0xd0, 0x0, 0xef, 0xe1, 0x0, 0xb, 0xff, 0x30,
    0x0, 0x5f, 0xf9, 0x0, 0x4f, 0xf9, 0x0, 0x0,
    0xb, 0xff, 0x30, 0xdf, 0xe1, 0x0, 0x0, 0x1,
    0xff, 0xb5, 0xff, 0x50, 0x0, 0x0, 0x0, 0x7f,
    0xfe, 0xfc, 0x0, 0x0, 0x0, 0x0, 0xc, 0xff,
    0xf2, 0x0, 0x0, 0x0, 0x0, 0x3, 0xff, 0x90,
    0x0, 0x0, 0x0, 0x0, 0x2, 0xff, 0x70, 0x0,
    0x0, 0x0, 0x0, 0x2, 0xff, 0x70, 0x0, 0x0,
    0x0, 0x0, 0x2, 0xff, 0x70, 0x0, 0x0, 0x0,
    0x0, 0x2, 0xff, 0x70, 0x0, 0x0, 0x0, 0x0,
    0x2, 0xff, 0x70, 0x0, 0x0,

    /* U+00DE "Þ" */
    0x9f, 0xf0, 0x0, 0x0, 0x0, 0x9, 0xff, 0x0,
    0x0, 0x0, 0x0, 0x9f, 0xff, 0xff, 0xea, 0x30,
    0x9, 0xff, 0xff, 0xff, 0xff, 0x60, 0x9f, 0xf1,
    0x11, 0x4d, 0xff, 0x19, 0xff, 0x0, 0x0, 0x2f,
    0xf7, 0x9f, 0xf0, 0x0, 0x0, 0xef, 0x89, 0xff,
    0x0, 0x0, 0x1f, 0xf7, 0x9f, 0xf1, 0x11, 0x4c,
    0xff, 0x19, 0xff, 0xff, 0xff, 0xff, 0x60, 0x9f,
    0xff, 0xff, 0xea, 0x30, 0x9, 0xff, 0x0, 0x0,
    0x0, 0x0, 0x9f, 0xf0, 0x0, 0x0, 0x0, 0x9,
    0xff, 0x0, 0x0, 0x0, 0x0,

    /* U+00DF "ß" */
    0x0, 0x6c, 0xff, 0xd9, 0x20, 0x0, 0xaf, 0xff,
    0xff, 0xff, 0x30, 0x4f, 0xfd, 0x53, 0x8f, 0xfc,
    0x7, 0xff, 0x20, 0x0, 0xaf, 0xf0, 0x8f, 0xf0,
    0x0, 0xa, 0xfe, 0x8, 0xff, 0x0, 0x15, 0xff,
    0x60, 0x8f, 0xf0, 0x4f, 0xff, 0x60, 0x8, 0xff,
    0x4, 0xff, 0xff, 0xa0, 0x8f, 0xf0, 0x0, 0x17,
    0xff, 0x88, 0xff, 0x0, 0x0, 0xb, 0xfd, 0x8f,
    0xf0, 0x0, 0x0, 0xbf, 0xe8, 0xff, 0x0, 0x23,
    0x8f, 0xfb, 0x8f, 0xf0, 0x5f, 0xff, 0xff, 0x38,
    0xff, 0x5, 0xff, 0xea, 0x20,

    /* U+00E0 "à" */
    0x0, 0xd, 0xf7, 0x0, 0x0, 0x0, 0x0, 0x3f,
    0xe0, 0x0, 0x0, 0x0, 0x0, 0x8f, 0x50, 0x0,
    0x0, 0x0, 0x0, 0x0, 0x0, 0x0, 0x0, 0x29,
    0xdf, 0xeb, 0x40, 0x0, 0x3e, 0xff, 0xff, 0xff,
    0x60, 0xa, 0xfe, 0x30, 0x1c, 0xfe, 0x0, 0x1,
    0x10, 0x0, 0x7f, 0xf1, 0x0, 0x1, 0x57, 0x9e,
    0xff, 0x20, 0x3d, 0xff, 0xff, 0xef, 0xf2, 0xe,
    0xfd, 0x62, 0x6, 0xff, 0x23, 0xff, 0x40, 0x0,
    0x8f, 0xf2, 0x2f, 0xf8, 0x0, 0x4f, 0xff, 0x20,
    0xcf, 0xff, 0xff, 0xbf, 0xf2, 0x1, 0x9e, 0xfd,
    0x64, 0xff, 0x20,

    /* U+00E1 "á" */
    0x0, 0x0, 0x2, 0xff, 0x30, 0x0, 0x0, 0x0,
    0xaf, 0x80, 0x0, 0x0, 0x0, 0x1f, 0xc0, 0x0,
    0x0, 0x0, 0x0, 0x0, 0x0, 0x0, 0x0, 0x29,
    0xdf, 0xeb, 0x40, 0x0, 0x3e, 0xff, 0xff, 0xff,
    0x60, 0xa, 0xfe, 0x30, 0x1c, 0xfe, 0x0, 0x1,
    0x10, 0x0, 0x7f, 0xf1, 0x0, 0x1, 0x57, 0x9e,
    0xff, 0x20, 0x3d, 0xff, 0xff, 0xef, 0xf2, 0xe,
    0xfd, 0x62, 0x6, 0xff, 0x23, 0xff, 0x40, 0x0,
    0x8f, 0xf2, 0x2f, 0xf8, 0x0, 0x4f, 0xff, 0x20,
    0xcf, 0xff, 0xff, 0xbf, 0xf2, 0x1, 0x9e, 0xfd,
    0x64, 0xff, 0x20,

    /* U+00E2 "â" */
    0x0, 0x0, 0x48, 0x70, 0x0, 0x0, 0x0, 0x4f,
    0xff, 0x90, 0x0, 0x0, 0x3f, 0xe2, 0xbf, 0x70,
    0x0, 0x6, 0x83, 0x1, 0x77, 0x0, 0x0, 0x0,
    0x0, 0x0, 0x0, 0x0, 0x2, 0x9d, 0xfe, 0xb4,
    0x0, 0x3, 0xef, 0xff, 0xff, 0xf6, 0x0, 0xaf,
    0xe3, 0x1, 0xcf, 0xe0, 0x0, 0x11, 0x0, 0x7,
    0xff, 0x10, 0x0, 0x15, 0x79, 0xef, 0xf2, 0x3,
    0xdf, 0xff, 0xfe, 0xff, 0x20, 0xef, 0xd6, 0x20,
    0x6f, 0xf2, 0x3f, 0xf4, 0x0, 0x8, 0xff, 0x22,
    0xff, 0x80, 0x4, 0xff, 0xf2, 0xc, 0xff, 0xff,
    0xfb, 0xff, 0x20, 0x19, 0xef, 0xd6, 0x4f, 0xf2,

    /* U+00E3 "ã" */
    0x0, 0x4, 0x74, 0x16, 0x60, 0x0, 0x4, 0xff,
    0xff, 0xf9, 0x0, 0x0, 0x47, 0x13, 0x76, 0x0,
    0x0, 0x0, 0x0, 0x0, 0x0, 0x0, 0x0, 0x29,
    0xdf, 0xeb, 0x40, 0x0, 0x3e, 0xff, 0xff, 0xff,
    0x60, 0xa, 0xfe, 0x30, 0x1c, 0xfe, 0x0, 0x1,
    0x10, 0x0, 0x7f, 0xf1, 0x0, 0x1, 0x57, 0x9e,
    0xff, 0x20, 0x3d, 0xff, 0xff, 0xef, 0xf2, 0xe,
    0xfd, 0x62, 0x6, 0xff, 0x23, 0xff, 0x40, 0x0,
    0x8f, 0xf2, 0x2f, 0xf8, 0x0, 0x4f, 0xff, 0x20,
    0xcf, 0xff, 0xff, 0xbf, 0xf2, 0x1, 0x9e, 0xfd,
    0x64, 0xff, 0x20,

    /* U+00E4 "ä" */
    0x0, 0x17, 0x20, 0x6, 0x30, 0x0, 0xb, 0xfc,
    0x7, 0xff, 0x10, 0x0, 0x9f, 0x90, 0x5f, 0xd0,
    0x0, 0x0, 0x10, 0x0, 0x10, 0x0, 0x0, 0x29,
    0xdf, 0xeb, 0x40, 0x0, 0x3e, 0xff, 0xff, 0xff,
    0x60, 0xa, 0xfe, 0x30, 0x1c, 0xfe, 0x0, 0x1,
    0x10, 0x0, 0x7f, 0xf1, 0x0, 0x1, 0x57, 0x9e,
    0xff, 0x20, 0x3d, 0xff, 0xff, 0xef, 0xf2, 0xe,
    0xfd, 0x62, 0x6, 0xff, 0x23, 0xff, 0x40, 0x0,
    0x8f, 0xf2, 0x2f, 0xf8, 0x0, 0x4f, 0xff, 0x20,
    0xcf, 0xff, 0xff, 0xbf, 0xf2, 0x1, 0x9e, 0xfd,
    0x64, 0xff, 0x20,

    /* U+00E5 "å" */
    0x0, 0x0, 0x0, 0x0, 0x0, 0x0, 0x0, 0x1b,
    0xfd, 0x30, 0x0, 0x0, 0xb, 0xd4, 0xaf, 0x10,
    0x0, 0x0, 0xf8, 0x3, 0xf4, 0x0, 0x0, 0xc,
    0xc1, 0x8f, 0x10, 0x0, 0x0, 0x2e, 0xff, 0x50,
    0x0, 0x0, 0x0, 0x3, 0x10, 0x0, 0x0, 0x2,
    0x9d, 0xfe, 0xb4, 0x0, 0x3, 0xef, 0xff, 0xff,
    0xf6, 0x0, 0xaf, 0xe3, 0x1, 0xcf, 0xe0, 0x0,
    0x11, 0x0, 0x7, 0xff, 0x10, 0x0, 0x15, 0x79,
    0xef, 0xf2, 0x3, 0xdf, 0xff, 0xfe, 0xff, 0x20,
    0xef, 0xd6, 0x20, 0x6f, 0xf2, 0x3f, 0xf4, 0x0,
    0x8, 0xff, 0x22, 0xff, 0x80, 0x4, 0xff, 0xf2,
    0xc, 0xff, 0xff, 0xfb, 0xff, 0x20, 0x19, 0xef,
    0xd6, 0x4f, 0xf2,

    /* U+00E6 "æ" */
    0x0, 0x29, 0xdf, 0xea, 0x21, 0x9e, 0xfd, 0x91,
    0x0, 0x3, 0xef, 0xff, 0xff, 0xee, 0xff, 0xff,
    0xfe, 0x20, 0xa, 0xfd, 0x30, 0x1c, 0xff, 0xc2,
    0x3, 0xdf, 0xc0, 0x0, 0x1, 0x0, 0x6, 0xff,
    0x10, 0x0, 0x4f, 0xf3, 0x0, 0x17, 0xab, 0xbd,
    0xff, 0xbb, 0xbb, 0xbf, 0xf5, 0x5, 0xff, 0xff,
    0xff, 0xff, 0xff, 0xff, 0xff, 0xf6, 0xf, 0xfc,
    0x30, 0x6, 0xfe, 0x0, 0x0, 0x0, 0x0, 0x3f,
    0xf4, 0x0, 0x9, 0xff, 0x20, 0x0, 0x15, 0x30,
    0x2f, 0xf9, 0x0, 0x6f, 0xff, 0xd3, 0x2, 0xbf,
    0xf1, 0xb, 0xff, 0xff, 0xff, 0x7f, 0xff, 0xff,
    0xff, 0x50, 0x0, 0x8d, 0xfe, 0xa2, 0x2, 0x9e,
    0xfe, 0xa3, 0x0,

    /* U+00E7 "ç" */
    0x0, 0x5, 0xce, 0xfc, 0x60, 0x0, 0x9, 0xff,
    0xff, 0xff, 0xb0, 0x5, 0xff, 0xb3, 0x18, 0xff,
    0x60, 0xcf, 0xe0, 0x0, 0x9, 0xa5, 0xf, 0xf9,
    0x0, 0x0, 0x0, 0x1, 0xff, 0x70, 0x0, 0x0,
    0x0, 0xf, 0xf8, 0x0, 0x0, 0x0, 0x0, 0xcf,
    0xd0, 0x0, 0xa, 0xb6, 0x6, 0xff, 0xa2, 0x18,
    0xff, 0x70, 0xa, 0xff, 0xff, 0xff, 0xb0, 0x0,
    0x5, 0xcf, 0xfc, 0x60, 0x0, 0x0, 0x0, 0x9b,
    0x20, 0x0, 0x0, 0x0, 0x7, 0xbf, 0x40, 0x0,
    0x0, 0x0, 0x13, 0xf6, 0x0, 0x0, 0x0, 0x1f,
    0xfc, 0x10, 0x0,

    /* U+00E8 "è" */
    0x0, 0x9, 0xfc, 0x0, 0x0, 0x0, 0x0, 0xe,
    0xf3, 0x0, 0x0, 0x0, 0x0, 0x4f, 0xa0, 0x0,
    0x0, 0x0, 0x0, 0x0, 0x0, 0x0, 0x0, 0x5,
    0xcf, 0xfc, 0x60, 0x0, 0xa, 0xff, 0xff, 0xff,
    0xa0, 0x5, 0xff, 0x71, 0x7, 0xff, 0x60, 0xcf,
    0xa0, 0x0, 0xb, 0xfc, 0xf, 0xfd, 0xbb, 0xbb,
    0xdf, 0xe1, 0xff, 0xff, 0xff, 0xff, 0xff, 0xf,
    0xf7, 0x0, 0x0, 0x0, 0x0, 0xdf, 0xc0, 0x0,
    0x3, 0x30, 0x6, 0xff, 0x91, 0x4, 0xff, 0x90,
    0xa, 0xff, 0xff, 0xff, 0xd1, 0x0, 0x5, 0xce,
    0xfd, 0x81, 0x0,

    /* U+00E9 "é" */
    0x0, 0x0, 0x0, 0xdf, 0x70, 0x0, 0x0, 0x0,
    0x5f, 0xc0, 0x0, 0x0, 0x0, 0xc, 0xf2, 0x0,
    0x0, 0x0, 0x0, 0x0, 0x0, 0x0, 0x0, 0x5,
    0xcf, 0xfc, 0x60, 0x0, 0xa, 0xff, 0xff, 0xff,
    0xa0, 0x5, 0xff, 0x71, 0x7, 0xff, 0x60, 0xcf,
    0xa0, 0x0, 0xb, 0xfc, 0xf, 0xfd, 0xbb, 0xbb,
    0xdf, 0xe1, 0xff, 0xff, 0xff, 0xff, 0xff, 0xf,
    0xf7, 0x0, 0x0, 0x0, 0x0, 0xdf, 0xc0, 0x0,
    0x3, 0x30, 0x6, 0xff, 0x91, 0x4, 0xff, 0x90,
    0xa, 0xff, 0xff, 0xff, 0xd1, 0x0, 0x5, 0xce,
    0xfd, 0x81, 0x0,

    /* U+00EA "ê" */
    0x0, 0x0, 0x28, 0x71, 0x0, 0x0, 0x0, 0x1d,
    0xff, 0xc0, 0x0, 0x0, 0xd, 0xf5, 0x7f, 0xb0,
    0x0, 0x4, 0x86, 0x0, 0x68, 0x30, 0x0, 0x0,
    0x0, 0x0, 0x0, 0x0, 0x0, 0x5c, 0xff, 0xc6,
    0x0, 0x0, 0xaf, 0xff, 0xff, 0xfa, 0x0, 0x5f,
    0xf7, 0x10, 0x7f, 0xf6, 0xc, 0xfa, 0x0, 0x0,
    0xbf, 0xc0, 0xff, 0xdb, 0xbb, 0xbd, 0xfe, 0x1f,
    0xff, 0xff, 0xff, 0xff, 0xf0, 0xff, 0x70, 0x0,
    0x0, 0x0, 0xd, 0xfc, 0x0, 0x0, 0x33, 0x0,
    0x6f, 0xf9, 0x10, 0x4f, 0xf9, 0x0, 0xaf, 0xff,
    0xff, 0xfd, 0x10, 0x0, 0x5c, 0xef, 0xd8, 0x10,

    /* U+00EB "ë" */
    0x0, 0x6, 0x40, 0x5, 0x60, 0x0, 0x7, 0xff,
    0x13, 0xff, 0x50, 0x0, 0x4f, 0xd0, 0x1e, 0xf3,
    0x0, 0x0, 0x10, 0x0, 0x0, 0x0, 0x0, 0x5,
    0xcf, 0xfc, 0x60, 0x0, 0xa, 0xff, 0xff, 0xff,
    0xa0, 0x5, 0xff, 0x71, 0x7, 0xff, 0x60, 0xcf,
    0xa0, 0x0, 0xb, 0xfc, 0xf, 0xfd, 0xbb, 0xbb,
    0xdf, 0xe1, 0xff, 0xff, 0xff, 0xff, 0xff, 0xf,
    0xf7, 0x0, 0x0, 0x0, 0x0, 0xdf, 0xc0, 0x0,
    0x3, 0x30, 0x6, 0xff, 0x91, 0x4, 0xff, 0x90,
    0xa, 0xff, 0xff, 0xff, 0xd1, 0x0, 0x5, 0xce,
    0xfd, 0x81, 0x0,

    /* U+00EC "ì" */
    0xd, 0xf7, 0x0, 0x4f, 0xe0, 0x0, 0x9f, 0x50,
    0x0, 0x0, 0x0, 0xaf, 0xe0, 0xa, 0xfe, 0x0,
    0xaf, 0xe0, 0xa, 0xfe, 0x0, 0xaf, 0xe0, 0xa,
    0xfe, 0x0, 0xaf, 0xe0, 0xa, 0xfe, 0x0, 0xaf,
    0xe0, 0xa, 0xfe, 0x0, 0xaf, 0xe0,

    /* U+00ED "í" */
    0x3, 0xff, 0x20, 0xaf, 0x70, 0x2f, 0xc0, 0x0,
    0x0, 0x0, 0xaf, 0xe0, 0xa, 0xfe, 0x0, 0xaf,
    0xe0, 0xa, 0xfe, 0x0, 0xaf, 0xe0, 0xa, 0xfe,
    0x0, 0xaf, 0xe0, 0xa, 0xfe, 0x0, 0xaf, 0xe0,
    0xa, 0xfe, 0x0, 0xaf, 0xe0, 0x0,

    /* U+00EE "î" */
    0x0, 0x1d, 0xff, 0x30, 0x0, 0x2e, 0xf5, 0xdf,
    0x40, 0x6, 0x83, 0x1, 0x87, 0x0, 0x0, 0x0,
    0x0, 0x0, 0x0, 0xa, 0xfe, 0x0, 0x0, 0x0,
    0xaf, 0xe0, 0x0, 0x0, 0xa, 0xfe, 0x0, 0x0,
    0x0, 0xaf, 0xe0, 0x0, 0x0, 0xa, 0xfe, 0x0,
    0x0, 0x0, 0xaf, 0xe0, 0x0, 0x0, 0xa, 0xfe,
    0x0, 0x0, 0x0, 0xaf, 0xe0, 0x0, 0x0, 0xa,
    0xfe, 0x0, 0x0, 0x0, 0xaf, 0xe0, 0x0, 0x0,
    0xa, 0xfe, 0x0, 0x0,

    /* U+00EF "ï" */
    0x27, 0x10, 0x6, 0x30, 0xcf, 0xb0, 0x8f, 0xf0,
    0x9f, 0x90, 0x5f, 0xd0, 0x1, 0x0, 0x1, 0x0,
    0x0, 0xaf, 0xe0, 0x0, 0x0, 0xaf, 0xe0, 0x0,
    0x0, 0xaf, 0xe0, 0x0, 0x0, 0xaf, 0xe0, 0x0,
    0x0, 0xaf, 0xe0, 0x0, 0x0, 0xaf, 0xe0, 0x0,
    0x0, 0xaf, 0xe0, 0x0, 0x0, 0xaf, 0xe0, 0x0,
    0x0, 0xaf, 0xe0, 0x0, 0x0, 0xaf, 0xe0, 0x0,
    0x0, 0xaf, 0xe0, 0x0,

    /* U+00F0 "ð" */
    0x0, 0x0, 0x0, 0x0, 0x0, 0x0, 0x0, 0xfa,
    0x20, 0x18, 0x10, 0x0, 0x1a, 0xff, 0xbf, 0xd2,
    0x0, 0x0, 0x1b, 0xff, 0xe0, 0x0, 0x0, 0x2f,
    0xd5, 0xcf, 0xb0, 0x0, 0x0, 0x50, 0x0, 0xdf,
    0x70, 0x0, 0x19, 0xef, 0xc6, 0xff, 0x10, 0x1d,
    0xff, 0xcc, 0xfe, 0xf7, 0x9, 0xff, 0x30, 0x4,
    0xff, 0xc0, 0xef, 0x90, 0x0, 0xa, 0xfe, 0x1f,
    0xf6, 0x0, 0x0, 0x6f, 0xf1, 0xff, 0x60, 0x0,
    0x7, 0xfe, 0xe, 0xfa, 0x0, 0x0, 0xcf, 0xa0,
    0x7f, 0xf7, 0x11, 0x8f, 0xf4, 0x0, 0xbf, 0xff,
    0xff, 0xf8, 0x0, 0x0, 0x7c, 0xfe, 0xc5, 0x0,

    /* U+00F1 "ñ" */
    0x0, 0x17, 0x62, 0x28, 0x20, 0x0, 0xdf, 0xff,
    0xff, 0x10, 0x0, 0x84, 0x15, 0x72, 0x0, 0x0,
    0x0, 0x0, 0x0, 0x0, 0xaf, 0xc1, 0x9e, 0xfc,
    0x30, 0xaf, 0xcc, 0xff, 0xff, 0xf3, 0xaf, 0xfc,
    0x21, 0x7f, 0xfa, 0xaf, 0xf1, 0x0, 0xd, 0xfd,
    0xaf, 0xe0, 0x0, 0xa, 0xfe, 0xaf, 0xe0, 0x0,
    0xa, 0xfe, 0xaf, 0xe0, 0x0, 0xa, 0xfe, 0xaf,
    0xe0, 0x0, 0xa, 0xfe, 0xaf, 0xe0, 0x0, 0xa,
    0xfe, 0xaf, 0xe0, 0x0, 0xa, 0xfe, 0xaf, 0xe0,
    0x0, 0xa, 0xfe,

    /* U+00F2 "ò" */
    0x0, 0x7, 0xfe, 0x0, 0x0, 0x0, 0x0, 0x0,
    0xcf, 0x50, 0x0, 0x0, 0x0, 0x0, 0x2f, 0xc0,
    0x0, 0x0, 0x0, 0x0, 0x0, 0x0, 0x0, 0x0,
    0x0, 0x5, 0xce, 0xfc, 0x70, 0x0, 0x0, 0x9f,
    0xff, 0xff, 0xfc, 0x0, 0x5, 0xff, 0xa2, 0x28,
    0xff, 0x80, 0xc, 0xfd, 0x0, 0x0, 0xbf, 0xf0,
    0xf, 0xf8, 0x0, 0x0, 0x6f, 0xf3, 0x1f, 0xf7,
    0x0, 0x0, 0x4f, 0xf4, 0xf, 0xf8, 0x0, 0x0,
    0x6f, 0xf3, 0xc, 0xfd, 0x0, 0x0, 0xbf, 0xf0,
    0x6, 0xff, 0xa2, 0x18, 0xff, 0x80, 0x0, 0xaf,
    0xff, 0xff, 0xfc, 0x0, 0x0, 0x5, 0xce, 0xfc,
    0x70, 0x0,

    /* U+00F3 "ó" */
    0x0, 0x0, 0x0, 0xcf, 0x90, 0x0, 0x0, 0x0,
    0x3, 0xfe, 0x0, 0x0, 0x0, 0x0, 0xa, 0xf4,
    0x0, 0x0, 0x0, 0x0, 0x0, 0x0, 0x0, 0x0,
    0x0, 0x5, 0xce, 0xfc, 0x70, 0x0, 0x0, 0x9f,
    0xff, 0xff, 0xfc, 0x0, 0x5, 0xff, 0xa2, 0x28,
    0xff, 0x80, 0xc, 0xfd, 0x0, 0x0, 0xbf, 0xf0,
    0xf, 0xf8, 0x0, 0x0, 0x6f, 0xf3, 0x1f, 0xf7,
    0x0, 0x0, 0x4f, 0xf4, 0xf, 0xf8, 0x0, 0x0,
    0x6f, 0xf3, 0xc, 0xfd, 0x0, 0x0, 0xbf, 0xf0,
    0x6, 0xff, 0xa2, 0x18, 0xff, 0x80, 0x0, 0xaf,
    0xff, 0xff, 0xfc, 0x0, 0x0, 0x5, 0xce, 0xfc,
    0x70, 0x0,

    /* U+00F4 "ô" */
    0x0, 0x0, 0x17, 0x82, 0x0, 0x0, 0x0, 0x0,
    0xcf, 0xfe, 0x10, 0x0, 0x0, 0xb, 0xf7, 0x5f,
    0xd0, 0x0, 0x0, 0x38, 0x70, 0x5, 0x84, 0x0,
    0x0, 0x0, 0x0, 0x0, 0x0, 0x0, 0x0, 0x5,
    0xce, 0xfc, 0x70, 0x0, 0x0, 0x9f, 0xff, 0xff,
    0xfc, 0x0, 0x5, 0xff, 0xa2, 0x28, 0xff, 0x80,
    0xc, 0xfd, 0x0, 0x0, 0xbf, 0xf0, 0xf, 0xf8,
    0x0, 0x0, 0x6f, 0xf3, 0x1f, 0xf7, 0x0, 0x0,
    0x4f, 0xf4, 0xf, 0xf8, 0x0, 0x0, 0x6f, 0xf3,
    0xc, 0xfd, 0x0, 0x0, 0xbf, 0xf0, 0x6, 0xff,
    0xa2, 0x18, 0xff, 0x80, 0x0, 0xaf, 0xff, 0xff,
    0xfc, 0x0, 0x0, 0x5, 0xce, 0xfc, 0x70, 0x0,

    /* U+00F5 "õ" */
    0x0, 0x1, 0x76, 0x22, 0x82, 0x0, 0x0, 0xd,
    0xff, 0xff, 0xf1, 0x0, 0x0, 0x8, 0x41, 0x57,
    0x20, 0x0, 0x0, 0x0, 0x0, 0x0, 0x0, 0x0,
    0x0, 0x5, 0xce, 0xfc, 0x70, 0x0, 0x0, 0x9f,
    0xff, 0xff, 0xfc, 0x0, 0x5, 0xff, 0xa2, 0x28,
    0xff, 0x80, 0xc, 0xfd, 0x0, 0x0, 0xbf, 0xf0,
    0xf, 0xf8, 0x0, 0x0, 0x6f, 0xf3, 0x1f, 0xf7,
    0x0, 0x0, 0x4f, 0xf4, 0xf, 0xf8, 0x0, 0x0,
    0x6f, 0xf3, 0xc, 0xfd, 0x0, 0x0, 0xbf, 0xf0,
    0x6, 0xff, 0xa2, 0x18, 0xff, 0x80, 0x0, 0xaf,
    0xff, 0xff, 0xfc, 0x0, 0x0, 0x5, 0xce, 0xfc,
    0x70, 0x0,

    /* U+00F6 "ö" */
    0x0, 0x5, 0x50, 0x4, 0x60, 0x0, 0x0, 0x5f,
    0xf3, 0x1f, 0xf7, 0x0, 0x0, 0x2f, 0xe1, 0xd,
    0xf5, 0x0, 0x0, 0x0, 0x0, 0x0, 0x10, 0x0,
    0x0, 0x5, 0xce, 0xfc, 0x70, 0x0, 0x0, 0x9f,
    0xff, 0xff, 0xfc, 0x0, 0x5, 0xff, 0xa2, 0x28,
    0xff, 0x80, 0xc, 0xfd, 0x0, 0x0, 0xbf, 0xf0,
    0xf, 0xf8, 0x0, 0x0, 0x6f, 0xf3, 0x1f, 0xf7,
    0x0, 0x0, 0x4f, 0xf4, 0xf, 0xf8, 0x0, 0x0,
    0x6f, 0xf3, 0xc, 0xfd, 0x0, 0x0, 0xbf, 0xf0,
    0x6, 0xff, 0xa2, 0x18, 0xff, 0x80, 0x0, 0xaf,
    0xff, 0xff, 0xfc, 0x0, 0x0, 0x5, 0xce, 0xfc,
    0x70, 0x0,

    /* U+00F7 "÷" */
    0x0, 0x0, 0x5f, 0xb0, 0x0, 0x0, 0x0, 0xc,
    0xff, 0x30, 0x0, 0x0, 0x0, 0x6f, 0xc0, 0x0,
    0x0, 0x0, 0x0, 0x0, 0x0, 0x0, 0x1, 0x11,
    0x11, 0x11, 0x11, 0x1, 0xff, 0xff, 0xff, 0xff,
    0xf8, 0x1f, 0xff, 0xff, 0xff, 0xff, 0x80, 0x0,
    0x0, 0x0, 0x0, 0x0, 0x0, 0x0, 0x6f, 0xc0,
    0x0, 0x0, 0x0, 0xc, 0xff, 0x30, 0x0, 0x0,
    0x0, 0x5f, 0xb0, 0x0, 0x0,

    /* U+00F8 "ø" */
    0x0, 0x0, 0x0, 0x0, 0x0, 0x10, 0x0, 0x5,
    0xce, 0xfc, 0x76, 0xf2, 0x0, 0x9f, 0xff, 0xff,
    0xff, 0x90, 0x5, 0xff, 0xa2, 0x2b, 0xff, 0x80,
    0xc, 0xfd, 0x0, 0x1e, 0xff, 0xf0, 0xf, 0xf8,
    0x0, 0xdd, 0x7f, 0xf3, 0x1f, 0xf7, 0xb, 0xe2,
    0x4f, 0xf4, 0xf, 0xf8, 0xaf, 0x30, 0x6f, 0xf3,
    0xc, 0xff, 0xf5, 0x0, 0xbf, 0xf0, 0x6, 0xff,
    0xf2, 0x18, 0xff, 0x80, 0x4, 0xff, 0xff, 0xff,
    0xfc, 0x0, 0xe, 0xa5, 0xce, 0xfc, 0x70, 0x0,
    0x2, 0x0, 0x0, 0x0, 0x0, 0x0,

    /* U+00F9 "ù" */
    0x0, 0x6f, 0xe0, 0x0, 0x0, 0x0, 0xc, 0xf6,
    0x0, 0x0, 0x0, 0x2, 0xed, 0x0, 0x0, 0x0,
    0x0, 0x0, 0x0, 0x0, 0xaf, 0xe0, 0x0, 0xa,
    0xfe, 0xaf, 0xe0, 0x0, 0xa, 0xfe, 0xaf, 0xe0,
    0x0, 0xa, 0xfe, 0xaf, 0xe0, 0x0, 0xa, 0xfe,
    0xaf, 0xe0, 0x0, 0xa, 0xfe, 0xaf, 0xe0, 0x0,
    0xa, 0xfe, 0xaf, 0xe0, 0x0, 0xb, 0xfe, 0x9f,
    0xf1, 0x0, 0xe, 0xfe, 0x6f, 0xfc, 0x43, 0xbf,
    0xfe, 0xe, 0xff, 0xff, 0xe9, 0xfe, 0x2, 0xaf,
    0xfb, 0x28, 0xfe,

    /* U+00FA "ú" */
    0x0, 0x0, 0xb, 0xfa, 0x0, 0x0, 0x0, 0x2f,
    0xe1, 0x0, 0x0, 0x0, 0x9f, 0x40, 0x0, 0x0,
    0x0, 0x0, 0x0, 0x0, 0xaf, 0xe0, 0x0, 0xa,
    0xfe, 0xaf, 0xe0, 0x0, 0xa, 0xfe, 0xaf, 0xe0,
    0x0, 0xa, 0xfe, 0xaf, 0xe0, 0x0, 0xa, 0xfe,
    0xaf, 0xe0, 0x0, 0xa, 0xfe, 0xaf, 0xe0, 0x0,
    0xa, 0xfe, 0xaf, 0xe0, 0x0, 0xb, 0xfe, 0x9f,
    0xf1, 0x0, 0xe, 0xfe, 0x6f, 0xfc, 0x43, 0xbf,
    0xfe, 0xe, 0xff, 0xff, 0xe9, 0xfe, 0x2, 0xaf,
    0xfb, 0x28, 0xfe,

    /* U+00FB "û" */
    0x0, 0x1, 0x78, 0x30, 0x0, 0x0, 0xc, 0xff,
    0xe2, 0x0, 0x0, 0xbf, 0x84, 0xfd, 0x10, 0x3,
    0x87, 0x0, 0x58, 0x40, 0x0, 0x0, 0x0, 0x0,
    0x0, 0xaf, 0xe0, 0x0, 0xa, 0xfe, 0xaf, 0xe0,
    0x0, 0xa, 0xfe, 0xaf, 0xe0, 0x0, 0xa, 0xfe,
    0xaf, 0xe0, 0x0, 0xa, 0xfe, 0xaf, 0xe0, 0x0,
    0xa, 0xfe, 0xaf, 0xe0, 0x0, 0xa, 0xfe, 0xaf,
    0xe0, 0x0, 0xb, 0xfe, 0x9f, 0xf1, 0x0, 0xe,
    0xfe, 0x6f, 0xfc, 0x43, 0xbf, 0xfe, 0xe, 0xff,
    0xff, 0xe9, 0xfe, 0x2, 0xaf, 0xfb, 0x28, 0xfe,

    /* U+00FC "ü" */
    0x0, 0x55, 0x0, 0x36, 0x0, 0x4, 0xff, 0x40,
    0xff, 0x80, 0x2, 0xff, 0x20, 0xdf, 0x50, 0x0,
    0x0, 0x0, 0x1, 0x0, 0xaf, 0xe0, 0x0, 0xa,
    0xfe, 0xaf, 0xe0, 0x0, 0xa, 0xfe, 0xaf, 0xe0,
    0x0, 0xa, 0xfe, 0xaf, 0xe0, 0x0, 0xa, 0xfe,
    0xaf, 0xe0, 0x0, 0xa, 0xfe, 0xaf, 0xe0, 0x0,
    0xa, 0xfe, 0xaf, 0xe0, 0x0, 0xb, 0xfe, 0x9f,
    0xf1, 0x0, 0xe, 0xfe, 0x6f, 0xfc, 0x43, 0xbf,
    0xfe, 0xe, 0xff, 0xff, 0xe9, 0xfe, 0x2, 0xaf,
    0xfb, 0x28, 0xfe,

    /* U+00FD "ý" */
    0x0, 0x0, 0x0, 0xef, 0x60, 0x0, 0x0, 0x0,
    0x6, 0xfc, 0x0, 0x0, 0x0, 0x0, 0xc, 0xe2,
    0x0, 0x0, 0x0, 0x0, 0x0, 0x0, 0x0, 0x0,
    0x7f, 0xf4, 0x0, 0x0, 0x7f, 0xf3, 0x1f, 0xf9,
    0x0, 0x0, 0xdf, 0xd0, 0xa, 0xfe, 0x0, 0x2,
    0xff, 0x60, 0x4, 0xff, 0x40, 0x8, 0xff, 0x10,
    0x0, 0xef, 0x90, 0xd, 0xfa, 0x0, 0x0, 0x8f,
    0xe0, 0x3f, 0xf4, 0x0, 0x0, 0x2f, 0xf4, 0x8f,
    0xe0, 0x0, 0x0, 0xc, 0xf8, 0xdf, 0x80, 0x0,
    0x0, 0x6, 0xfd, 0xff, 0x20, 0x0, 0x0, 0x1,
    0xff, 0xfc, 0x0, 0x0, 0x0, 0x0, 0xaf, 0xf5,
    0x0, 0x0, 0x0, 0x0, 0xaf, 0xf0, 0x0, 0x0,
    0x0, 0x13, 0xff, 0x90, 0x0, 0x0, 0x6, 0xff,
    0xfe, 0x10, 0x0, 0x0, 0x8, 0xfe, 0xb2, 0x0,
    0x0, 0x0,

    /* U+00FE "þ" */
    0xaf, 0xe0, 0x0, 0x0, 0x0, 0xa, 0xfe, 0x0,
    0x0, 0x0, 0x0, 0xaf, 0xe0, 0x0, 0x0, 0x0,
    0xa, 0xfe, 0x9, 0xef, 0xb3, 0x0, 0xaf, 0xeb,
    0xff, 0xff, 0xf5, 0xa, 0xff, 0xe4, 0x26, 0xff,
    0xe0, 0xaf, 0xf4, 0x0, 0x7, 0xff, 0x5a, 0xff,
    0x0, 0x0, 0x1f, 0xf8, 0xaf, 0xd0, 0x0, 0x0,
    0xff, 0x9a, 0xff, 0x0, 0x0, 0x1f, 0xf8, 0xaf,
    0xf4, 0x0, 0x7, 0xff, 0x5a, 0xff, 0xe4, 0x26,
    0xff, 0xe0, 0xaf, 0xeb, 0xff, 0xff, 0xf5, 0xa,
    0xfe, 0x9, 0xff, 0xc4, 0x0, 0xaf, 0xe0, 0x0,
    0x0, 0x0, 0xa, 0xfe, 0x0, 0x0, 0x0, 0x0,
    0xaf, 0xe0, 0x0, 0x0, 0x0, 0xa, 0xfe, 0x0,
    0x0, 0x0, 0x0,

    /* U+00FF "ÿ" */
    0x0, 0x6, 0x30, 0x5, 0x50, 0x0, 0x0, 0x7f,
    0xf1, 0x3f, 0xf4, 0x0, 0x0, 0x5f, 0xd0, 0x2f,
    0xf2, 0x0, 0x0, 0x1, 0x0, 0x0, 0x0, 0x0,
    0x7f, 0xf4, 0x0, 0x0, 0x7f, 0xf3, 0x1f, 0xf9,
    0x0, 0x0, 0xdf, 0xd0, 0xa, 0xfe, 0x0, 0x2,
    0xff, 0x60, 0x4, 0xff, 0x40, 0x8, 0xff, 0x10,
    0x0, 0xef, 0x90, 0xd, 0xfa, 0x0, 0x0, 0x8f,
    0xe0, 0x3f, 0xf4, 0x0, 0x0, 0x2f, 0xf4, 0x8f,
    0xe0, 0x0, 0x0, 0xc, 0xf8, 0xdf, 0x80, 0x0,
    0x0, 0x6, 0xfd, 0xff, 0x20, 0x0, 0x0, 0x1,
    0xff, 0xfc, 0x0, 0x0, 0x0, 0x0, 0xaf, 0xf5,
    0x0, 0x0, 0x0, 0x0, 0xaf, 0xf0, 0x0, 0x0,
    0x0, 0x13, 0xff, 0x90, 0x0, 0x0, 0x6, 0xff,
    0xfe, 0x10, 0x0, 0x0, 0x8, 0xfe, 0xb2, 0x0,
    0x0, 0x0,

    /* U+2013 "–" */
    0x11, 0x11, 0x11, 0x11, 0x11, 0xff, 0xff, 0xff,
    0xff, 0xff, 0xff, 0xff, 0xff, 0xff, 0xff,

    /* U+2014 "—" */
    0x11, 0x11, 0x11, 0x11, 0x11, 0x11, 0x11, 0x11,
    0x11, 0x11, 0xff, 0xff, 0xff, 0xff, 0xff, 0xff,
    0xff, 0xff, 0xff, 0xff, 0xff, 0xff, 0xff, 0xff,
    0xff, 0xff, 0xff, 0xff, 0xff, 0xff,

    /* U+2018 "‘" */
    0x0, 0xdf, 0x0, 0x2f, 0xd0, 0x6, 0xfb, 0x0,
    0xbf, 0x90, 0xf, 0xf6, 0x3, 0xdd, 0x30,

    /* U+2019 "’" */
    0x8, 0xdc, 0x0, 0xbf, 0xa0, 0xe, 0xf6, 0x0,
    0xff, 0x10, 0x2f, 0xc0, 0x5, 0xf8, 0x0,

    /* U+201A "‚" */
    0xd, 0xd7, 0x2f, 0xf4, 0x5f, 0xf0, 0x7f, 0xa0,
    0x9f, 0x60, 0xcf, 0x10,

    /* U+201B "‛" */
    0x1f, 0xf7, 0x0, 0xcf, 0xa0, 0x7, 0xfc, 0x0,
    0x2f, 0xe0, 0x0, 0xef, 0x10, 0x8, 0xd2,

    /* U+201C "“" */
    0x0, 0xdf, 0x0, 0x9f, 0x40, 0x2f, 0xd0, 0xd,
    0xf1, 0x6, 0xfb, 0x2, 0xff, 0x0, 0xbf, 0x90,
    0x7f, 0xd0, 0xf, 0xf6, 0xb, 0xfa, 0x3, 0xdd,
    0x30, 0xdd, 0x70,

    /* U+201D "”" */
    0x8, 0xdc, 0x6, 0xdd, 0x10, 0xbf, 0xa0, 0x9f,
    0xd0, 0xe, 0xf6, 0xb, 0xf8, 0x0, 0xff, 0x10,
    0xef, 0x40, 0x2f, 0xc0, 0xf, 0xf0, 0x5, 0xf8,
    0x2, 0xfa, 0x0,

    /* U+2022 "•" */
    0x0, 0x2, 0x20, 0x0, 0x1, 0xcf, 0xfd, 0x20,
    0xb, 0xff, 0xff, 0xc0, 0xf, 0xff, 0xff, 0xf1,
    0xf, 0xff, 0xff, 0xf1, 0x9, 0xff, 0xff, 0xa0,
    0x0, 0x8e, 0xf9, 0x0,

    /* U+2026 "…" */
    0x0, 0x0, 0x0, 0x0, 0x0, 0x0, 0x0, 0x0,
    0x1, 0xef, 0x50, 0x0, 0x9f, 0xb0, 0x0, 0x4f,
    0xe2, 0x5f, 0xfb, 0x0, 0xf, 0xff, 0x10, 0x9,
    0xff, 0x71, 0xce, 0x40, 0x0, 0x8f, 0x90, 0x0,
    0x3e, 0xd2,

    /* U+2190 "←" */
    0x0, 0x0, 0x0, 0xa, 0x50, 0x0, 0x0, 0x0,
    0x0, 0x0, 0x0, 0xaf, 0xf1, 0x0, 0x0, 0x0,
    0x0, 0x0, 0xa, 0xff, 0x40, 0x0, 0x0, 0x0,
    0x0, 0x0, 0xaf, 0xf4, 0x0, 0x0, 0x0, 0x0,
    0x0, 0xa, 0xfe, 0x30, 0x0, 0x0, 0x0, 0x0,
    0x0, 0xaf, 0xc3, 0x23, 0x33, 0x33, 0x33, 0x31,
    0xa, 0xff, 0xff, 0xff, 0xff, 0xff, 0xff, 0xf9,
    0x6, 0xff, 0xdd, 0xee, 0xee, 0xee, 0xee, 0xe8,
    0x0, 0x6f, 0xf4, 0x0, 0x0, 0x0, 0x0, 0x0,
    0x0, 0x6, 0xff, 0x70, 0x0, 0x0, 0x0, 0x0,
    0x0, 0x0, 0x6f, 0xf8, 0x0, 0x0, 0x0, 0x0,
    0x0, 0x0, 0x6, 0xff, 0x80, 0x0, 0x0, 0x0,
    0x0, 0x0, 0x0, 0x6f, 0xe1, 0x0, 0x0, 0x0,
    0x0, 0x0, 0x0, 0x5, 0x20, 0x0, 0x0, 0x0,

    /* U+2191 "↑" */
    0x0, 0x0, 0x0, 0x63, 0x0, 0x0, 0x0, 0x0,
    0x0, 0x7, 0xff, 0x30, 0x0, 0x0, 0x0, 0x0,
    0x7f, 0xff, 0xf3, 0x0, 0x0, 0x0, 0x7, 0xfe,
    0xfe, 0xff, 0x30, 0x0, 0x0, 0x7f, 0xf5, 0xfd,
    0x7f, 0xf3, 0x0, 0x7, 0xff, 0x62, 0xfe, 0x9,
    0xff, 0x30, 0x7f, 0xf7, 0x2, 0xfe, 0x0, 0xaf,
    0xf3, 0x7f, 0x70, 0x2, 0xfe, 0x0, 0xa, 0xf4,
    0x3, 0x0, 0x2, 0xfe, 0x0, 0x0, 0x30, 0x0,
    0x0, 0x2, 0xfe, 0x0, 0x0, 0x0, 0x0, 0x0,
    0x2, 0xfe, 0x0, 0x0, 0x0, 0x0, 0x0, 0x2,
    0xfe, 0x0, 0x0, 0x0, 0x0, 0x0, 0x2, 0xfe,
    0x0, 0x0, 0x0, 0x0, 0x0, 0x2, 0xfe, 0x0,
    0x0, 0x0, 0x0, 0x0, 0x2, 0xfe, 0x0, 0x0,
    0x0,

    /* U+2192 "→" */
    0x0, 0x0, 0x0, 0x4, 0xb0, 0x0, 0x0, 0x0,
    0x0, 0x0, 0x0, 0xe, 0xfb, 0x0, 0x0, 0x0,
    0x0, 0x0, 0x0, 0x3, 0xef, 0xb0, 0x0, 0x0,
    0x0, 0x0, 0x0, 0x0, 0x3e, 0xfb, 0x0, 0x0,
    0x0, 0x0, 0x0, 0x0, 0x2, 0xef, 0xb0, 0x0,
    0x13, 0x33, 0x33, 0x33, 0x32, 0x3b, 0xfb, 0x0,
    0x8f, 0xff, 0xff, 0xff, 0xff, 0xff, 0xff, 0xb0,
    0x7e, 0xee, 0xee, 0xee, 0xee, 0xdd, 0xff, 0x70,
    0x0, 0x0, 0x0, 0x0, 0x0, 0x4e, 0xf7, 0x0,
    0x0, 0x0, 0x0, 0x0, 0x6, 0xff, 0x70, 0x0,
    0x0, 0x0, 0x0, 0x0, 0x7f, 0xf7, 0x0, 0x0,
    0x0, 0x0, 0x0, 0x7, 0xff, 0x70, 0x0, 0x0,
    0x0, 0x0, 0x0, 0xd, 0xf7, 0x0, 0x0, 0x0,
    0x0, 0x0, 0x0, 0x1, 0x60, 0x0, 0x0, 0x0,

    /* U+2193 "↓" */
    0x0, 0x0, 0x1, 0x88, 0x0, 0x0, 0x0, 0x0,
    0x0, 0x2, 0xfe, 0x0, 0x0, 0x0, 0x0, 0x0,
    0x2, 0xfe, 0x0, 0x0, 0x0, 0x0, 0x0, 0x2,
    0xfe, 0x0, 0x0, 0x0, 0x0, 0x0, 0x2, 0xfe,
    0x0, 0x0, 0x0, 0x0, 0x0, 0x2, 0xfe, 0x0,
    0x0, 0x0, 0x0, 0x0, 0x2, 0xfe, 0x0, 0x0,
    0x0, 0x2c, 0x20, 0x2, 0xfe, 0x0, 0x4, 0xb0,
    0xbf, 0xe2, 0x2, 0xfe, 0x0, 0x4f, 0xf7, 0x1d,
    0xfd, 0x12, 0xfe, 0x4, 0xff, 0xa0, 0x1, 0xdf,
    0xc2, 0xfd, 0x2f, 0xfa, 0x0, 0x0, 0x1d, 0xfa,
    0xfc, 0xdf, 0xa0, 0x0, 0x0, 0x1, 0xdf, 0xff,
    0xfa, 0x0, 0x0, 0x0, 0x0, 0x1d, 0xff, 0xa0,
    0x0, 0x0, 0x0, 0x0, 0x1, 0xda, 0x0, 0x0,
    0x0, 0x0, 0x0, 0x0, 0x0, 0x0, 0x0, 0x0,

    /* U+2212 "−" */
    0x1f, 0xff, 0xff, 0xff, 0xff, 0x81, 0xff, 0xff,
    0xff, 0xff, 0xf8, 0x4, 0x44, 0x44, 0x44, 0x44,
    0x20,

    /* U+2713 "✓" */
    0x0, 0x0, 0x0, 0x0, 0x0, 0x1, 0xb2, 0x0,
    0x0, 0x0, 0x0, 0x0, 0x1, 0xcf, 0xe1, 0x0,
    0x0, 0x0, 0x0, 0x1, 0xdf, 0xf7, 0x0, 0x0,
    0x0, 0x0, 0x1, 0xdf, 0xf7, 0x0, 0xa, 0x30,
    0x0, 0x1, 0xdf, 0xf7, 0x0, 0xa, 0xff, 0x30,
    0x1, 0xdf, 0xf7, 0x0, 0x0, 0x4f, 0xff, 0x41,
    0xdf, 0xf7, 0x0, 0x0, 0x0, 0x3f, 0xff, 0xdf,
    0xf7, 0x0, 0x0, 0x0, 0x0, 0x3f, 0xff, 0xf7,
    0x0, 0x0, 0x0, 0x0, 0x0, 0x3f, 0xf7, 0x0,
    0x0, 0x0, 0x0, 0x0, 0x0, 0x37, 0x0, 0x0,
    0x0, 0x0, 0x0,

    /* U+2717 "✗" */
    0x3, 0x80, 0x0, 0x0, 0x19, 0x10, 0x3f, 0xf8,
    0x0, 0x1, 0xcf, 0xc0, 0xc, 0xff, 0x80, 0x1c,
    0xff, 0x80, 0x0, 0xcf, 0xf9, 0xcf, 0xf8, 0x0,
    0x0, 0xc, 0xff, 0xff, 0x80, 0x0, 0x0, 0x2,
    0xff, 0xfc, 0x0, 0x0, 0x0, 0x1d, 0xff, 0xff,
    0x80, 0x0, 0x1, 0xdf, 0xf8, 0xcf, 0xf9, 0x0,
    0x1d, 0xff, 0x80, 0xc, 0xff, 0x90, 0x3e, 0xf7,
    0x0, 0x0, 0xcf, 0xc0, 0x3, 0x70, 0x0, 0x0,
    0x9, 0x0
};


/*---------------------
 *  GLYPH DESCRIPTION
 *--------------------*/

static const lv_font_fmt_txt_glyph_dsc_t glyph_dsc[] = {
    {.bitmap_index = 0, .adv_w = 0, .box_w = 0, .box_h = 0, .ofs_x = 0, .ofs_y = 0} /* id = 0 reserved */,
    {.bitmap_index = 0, .adv_w = 81, .box_w = 0, .box_h = 0, .ofs_x = 0, .ofs_y = 0},
    {.bitmap_index = 0, .adv_w = 103, .box_w = 4, .box_h = 14, .ofs_x = 1, .ofs_y = 0},
    {.bitmap_index = 28, .adv_w = 167, .box_w = 7, .box_h = 6, .ofs_x = 2, .ofs_y = 8},
    {.bitmap_index = 49, .adv_w = 206, .box_w = 13, .box_h = 14, .ofs_x = 0, .ofs_y = 0},
    {.bitmap_index = 140, .adv_w = 208, .box_w = 13, .box_h = 19, .ofs_x = 0, .ofs_y = -2},
    {.bitmap_index = 264, .adv_w = 321, .box_w = 18, .box_h = 14, .ofs_x = 1, .ofs_y = 0},
    {.bitmap_index = 390, .adv_w = 212, .box_w = 14, .box_h = 14, .ofs_x = 0, .ofs_y = 0},
    {.bitmap_index = 488, .adv_w = 104, .box_w = 3, .box_h = 6, .ofs_x = 2, .ofs_y = 8},
    {.bitmap_index = 497, .adv_w = 119, .box_w = 6, .box_h = 19, .ofs_x = 1, .ofs_y = -3},
    {.bitmap_index = 554, .adv_w = 119, .box_w = 6, .box_h = 19, .ofs_x = 0, .ofs_y = -3},
    {.bitmap_index = 611, .adv_w = 173, .box_w = 9, .box_h = 9, .ofs_x = 1, .ofs_y = 5},
    {.bitmap_index = 652, .adv_w = 215, .box_w = 11, .box_h = 10, .ofs_x = 1, .ofs_y = 1},
    {.bitmap_index = 707, .adv_w = 102, .box_w = 4, .box_h = 6, .ofs_x = 1, .ofs_y = -4},
    {.bitmap_index = 719, .adv_w = 149, .box_w = 7, .box_h = 3, .ofs_x = 1, .ofs_y = 5},
    {.bitmap_index = 730, .adv_w = 102, .box_w = 4, .box_h = 4, .ofs_x = 1, .ofs_y = 0},
    {.bitmap_index = 738, .adv_w = 121, .box_w = 8, .box_h = 18, .ofs_x = 0, .ofs_y = -2},
    {.bitmap_index = 810, .adv_w = 211, .box_w = 12, .box_h = 14, .ofs_x = 1, .ofs_y = 0},
    {.bitmap_index = 894, .adv_w = 135, .box_w = 7, .box_h = 14, .ofs_x = 0, .ofs_y = 0},
    {.bitmap_index = 943, .adv_w = 199, .box_w = 11, .box_h = 14, .ofs_x = 1, .ofs_y = 0},
    {.bitmap_index = 1020, .adv_w = 204, .box_w = 11, .box_h = 14, .ofs_x = 1, .ofs_y = 0},
    {.bitmap_index = 1097, .adv_w = 213, .box_w = 12, .box_h = 14, .ofs_x = 1, .ofs_y = 0},
    {.bitmap_index = 1181, .adv_w = 196, .box_w = 11, .box_h = 14, .ofs_x = 1, .ofs_y = 0},
    {.bitmap_index = 1258, .adv_w = 205, .box_w = 11, .box_h = 14, .ofs_x = 1, .ofs_y = 0},
    {.bitmap_index = 1335, .adv_w = 184, .box_w = 11, .box_h = 14, .ofs_x = 0, .ofs_y = 0},
    {.bitmap_index = 1412, .adv_w = 205, .box_w = 11, .box_h = 14, .ofs_x = 1, .ofs_y = 0},
    {.bitmap_index = 1489, .adv_w = 205, .box_w = 11, .box_h = 14, .ofs_x = 1, .ofs_y = 0},
    {.bitmap_index = 1566, .adv_w = 102, .box_w = 4, .box_h = 11, .ofs_x = 1, .ofs_y = 0},
    {.bitmap_index = 1588, .adv_w = 105, .box_w = 4, .box_h = 15, .ofs_x = 1, .ofs_y = -4},
    {.bitmap_index = 1618, .adv_w = 215, .box_w = 11, .box_h = 12, .ofs_x = 1, .ofs_y = 0},
    {.bitmap_index = 1684, .adv_w = 215, .box_w = 10, .box_h = 7, .ofs_x = 2, .ofs_y = 2},
    {.bitmap_index = 1719, .adv_w = 215, .box_w = 10, .box_h = 12, .ofs_x = 2, .ofs_y = 0},
    {.bitmap_index = 1779, .adv_w = 174, .box_w = 10, .box_h = 14, .ofs_x = 0, .ofs_y = 0},
    {.bitmap_index = 1849, .adv_w = 320, .box_w = 18, .box_h = 18, .ofs_x = 1, .ofs_y = -4},
    {.bitmap_index = 2011, .adv_w = 233, .box_w = 15, .box_h = 14, .ofs_x = 0, .ofs_y = 0},
    {.bitmap_index = 2116, .adv_w = 211, .box_w = 12, .box_h = 14, .ofs_x = 1, .ofs_y = 0},
    {.bitmap_index = 2200, .adv_w = 236, .box_w = 13, .box_h = 14, .ofs_x = 1, .ofs_y = 0},
    {.bitmap_index = 2291, .adv_w = 231, .box_w = 13, .box_h = 14, .ofs_x = 1, .ofs_y = 0},
    {.bitmap_index = 2382, .adv_w = 194, .box_w = 10, .box_h = 14, .ofs_x = 1, .ofs_y = 0},
    {.bitmap_index = 2452, .adv_w = 188, .box_w = 10, .box_h = 14, .ofs_x = 1, .ofs_y = 0},
    {.bitmap_index = 2522, .adv_w = 240, .box_w = 13, .box_h = 14, .ofs_x = 1, .ofs_y = 0},
    {.bitmap_index = 2613, .adv_w = 239, .box_w = 13, .box_h = 14, .ofs_x = 1, .ofs_y = 0},
    {.bitmap_index = 2704, .adv_w = 89, .box_w = 4, .box_h = 14, .ofs_x = 1, .ofs_y = 0},
    {.bitmap_index = 2732, .adv_w = 185, .box_w = 11, .box_h = 14, .ofs_x = 0, .ofs_y = 0},
    {.bitmap_index = 2809, .adv_w = 225, .box_w = 13, .box_h = 14, .ofs_x = 1, .ofs_y = 0},
    {.bitmap_index = 2900, .adv_w = 181, .box_w = 10, .box_h = 14, .ofs_x = 1, .ofs_y = 0},
    {.bitmap_index = 2970, .adv_w = 295, .box_w = 16, .box_h = 14, .ofs_x = 1, .ofs_y = 0},
    {.bitmap_index = 3082, .adv_w = 243, .box_w = 13, .box_h = 14, .ofs_x = 1, .ofs_y = 0},
    {.bitmap_index = 3173, .adv_w = 246, .box_w = 14, .box_h = 14, .ofs_x = 1, .ofs_y = 0},
    {.bitmap_index = 3271, .adv_w = 206, .box_w = 12, .box_h = 14, .ofs_x = 1, .ofs_y = 0},
    {.bitmap_index = 3355, .adv_w = 247, .box_w = 14, .box_h = 15, .ofs_x = 1, .ofs_y = -1},
    {.bitmap_index = 3460, .adv_w = 209, .box_w = 12, .box_h = 14, .ofs_x = 1, .ofs_y = 0},
    {.bitmap_index = 3544, .adv_w = 208, .box_w = 13, .box_h = 14, .ofs_x = 0, .ofs_y = 0},
    {.bitmap_index = 3635, .adv_w = 211, .box_w = 13, .box_h = 14, .ofs_x = 0, .ofs_y = 0},
    {.bitmap_index = 3726, .adv_w = 235, .box_w = 13, .box_h = 14, .ofs_x = 1, .ofs_y = 0},
    {.bitmap_index = 3817, .adv_w = 233, .box_w = 15, .box_h = 14, .ofs_x = 0, .ofs_y = 0},
    {.bitmap_index = 3922, .adv_w = 326, .box_w = 20, .box_h = 14, .ofs_x = 0, .ofs_y = 0},
    {.bitmap_index = 4062, .adv_w = 230, .box_w = 14, .box_h = 14, .ofs_x = 0, .ofs_y = 0},
    {.bitmap_index = 4160, .adv_w = 228, .box_w = 14, .box_h = 14, .ofs_x = 0, .ofs_y = 0},
    {.bitmap_index = 4258, .adv_w = 209, .box_w = 11, .box_h = 14, .ofs_x = 1, .ofs_y = 0},
    {.bitmap_index = 4335, .adv_w = 119, .box_w = 6, .box_h = 18, .ofs_x = 1, .ofs_y = -3},
    {.bitmap_index = 4389, .adv_w = 121, .box_w = 8, .box_h = 18, .ofs_x = 0, .ofs_y = -2},
    {.bitmap_index = 4461, .adv_w = 119, .box_w = 5, .box_h = 18, .ofs_x = 1, .ofs_y = -3},
    {.bitmap_index = 4506, .adv_w = 154, .box_w = 9, .box_h = 6, .ofs_x = 0, .ofs_y = 8},
    {.bitmap_index = 4533, .adv_w = 150, .box_w = 10, .box_h = 3, .ofs_x = 0, .ofs_y = -2},
    {.bitmap_index = 4548, .adv_w = 112, .box_w = 5, .box_h = 3, .ofs_x = 1, .ofs_y = 12},
    {.bitmap_index = 4556, .adv_w = 184, .box_w = 11, .box_h = 11, .ofs_x = 0, .ofs_y = 0},
    {.bitmap_index = 4617, .adv_w = 200, .box_w = 11, .box_h = 14, .ofs_x = 1, .ofs_y = 0},
    {.bitmap_index = 4694, .adv_w = 186, .box_w = 11, .box_h = 11, .ofs_x = 0, .ofs_y = 0},
    {.bitmap_index = 4755, .adv_w = 200, .box_w = 12, .box_h = 14, .ofs_x = 0, .ofs_y = 0},
    {.bitmap_index = 4839, .adv_w = 189, .box_w = 11, .box_h = 11, .ofs_x = 0, .ofs_y = 0},
    {.bitmap_index = 4900, .adv_w = 124, .box_w = 8, .box_h = 15, .ofs_x = 0, .ofs_y = 0},
    {.bitmap_index = 4960, .adv_w = 200, .box_w = 12, .box_h = 15, .ofs_x = 0, .ofs_y = -4},
    {.bitmap_index = 5050, .adv_w = 196, .box_w = 10, .box_h = 14, .ofs_x = 1, .ofs_y = 0},
    {.bitmap_index = 5120, .adv_w = 84, .box_w = 4, .box_h = 15, .ofs_x = 1, .ofs_y = 0},
    {.bitmap_index = 5150, .adv_w = 84, .box_w = 6, .box_h = 19, .ofs_x = -1, .ofs_y = -4},
    {.bitmap_index = 5207, .adv_w = 182, .box_w = 11, .box_h = 14, .ofs_x = 1, .ofs_y = 0},
    {.bitmap_index = 5284, .adv_w = 84, .box_w = 3, .box_h = 14, .ofs_x = 1, .ofs_y = 0},
    {.bitmap_index = 5305, .adv_w = 288, .box_w = 16, .box_h = 11, .ofs_x = 1, .ofs_y = 0},
    {.bitmap_index = 5393, .adv_w = 196, .box_w = 10, .box_h = 11, .ofs_x = 1, .ofs_y = 0},
    {.bitmap_index = 5448, .adv_w = 195, .box_w = 12, .box_h = 11, .ofs_x = 0, .ofs_y = 0},
    {.bitmap_index = 5514, .adv_w = 200, .box_w = 11, .box_h = 15, .ofs_x = 1, .ofs_y = -4},
    {.bitmap_index = 5597, .adv_w = 200, .box_w = 12, .box_h = 15, .ofs_x = 0, .ofs_y = -4},
    {.bitmap_index = 5687, .adv_w = 127, .box_w = 7, .box_h = 12, .ofs_x = 1, .ofs_y = 0},
    {.bitmap_index = 5729, .adv_w = 176, .box_w = 11, .box_h = 11, .ofs_x = 0, .ofs_y = 0},
    {.bitmap_index = 5790, .adv_w = 113, .box_w = 7, .box_h = 14, .ofs_x = 0, .ofs_y = 0},
    {.bitmap_index = 5839, .adv_w = 196, .box_w = 10, .box_h = 11, .ofs_x = 1, .ofs_y = 0},
    {.bitmap_index = 5894, .adv_w = 188, .box_w = 12, .box_h = 11, .ofs_x = 0, .ofs_y = 0},
    {.bitmap_index = 5960, .adv_w = 269, .box_w = 17, .box_h = 11, .ofs_x = 0, .ofs_y = 0},
    {.bitmap_index = 6054, .adv_w = 182, .box_w = 11, .box_h = 11, .ofs_x = 0, .ofs_y = 0},
    {.bitmap_index = 6115, .adv_w = 188, .box_w = 12, .box_h = 15, .ofs_x = 0, .ofs_y = -4},
    {.bitmap_index = 6205, .adv_w = 181, .box_w = 10, .box_h = 11, .ofs_x = 1, .ofs_y = 0},
    {.bitmap_index = 6260, .adv_w = 145, .box_w = 8, .box_h = 19, .ofs_x = 1, .ofs_y = -4},
    {.bitmap_index = 6336, .adv_w = 115, .box_w = 3, .box_h = 24, .ofs_x = 2, .ofs_y = -5},
    {.bitmap_index = 6372, .adv_w = 145, .box_w = 7, .box_h = 19, .ofs_x = 1, .ofs_y = -4},
    {.bitmap_index = 6439, .adv_w = 215, .box_w = 11, .box_h = 5, .ofs_x = 1, .ofs_y = 4},
    {.bitmap_index = 6467, .adv_w = 81, .box_w = 0, .box_h = 0, .ofs_x = 0, .ofs_y = 0},
    {.bitmap_index = 6467, .adv_w = 103, .box_w = 4, .box_h = 15, .ofs_x = 1, .ofs_y = -4},
    {.bitmap_index = 6497, .adv_w = 186, .box_w = 11, .box_h = 14, .ofs_x = 0, .ofs_y = 0},
    {.bitmap_index = 6574, .adv_w = 201, .box_w = 12, .box_h = 14, .ofs_x = 0, .ofs_y = 0},
    {.bitmap_index = 6658, .adv_w = 240, .box_w = 13, .box_h = 14, .ofs_x = 1, .ofs_y = -1},
    {.bitmap_index = 6749, .adv_w = 180, .box_w = 11, .box_h = 14, .ofs_x = 0, .ofs_y = 0},
    {.bitmap_index = 6826, .adv_w = 101, .box_w = 3, .box_h = 17, .ofs_x = 2, .ofs_y = -3},
    {.bitmap_index = 6852, .adv_w = 182, .box_w = 10, .box_h = 18, .ofs_x = 1, .ofs_y = -4},
    {.bitmap_index = 6942, .adv_w = 196, .box_w = 8, .box_h = 3, .ofs_x = 2, .ofs_y = 12},
    {.bitmap_index = 6954, .adv_w = 293, .box_w = 16, .box_h = 15, .ofs_x = 1, .ofs_y = 0},
    {.bitmap_index = 7074, .adv_w = 147, .box_w = 9, .box_h = 8, .ofs_x = 0, .ofs_y = 7},
    {.bitmap_index = 7110, .adv_w = 203, .box_w = 12, .box_h = 10, .ofs_x = 0, .ofs_y = 1},
    {.bitmap_index = 7170, .adv_w = 215, .box_w = 9, .box_h = 6, .ofs_x = 2, .ofs_y = 2},
    {.bitmap_index = 7197, .adv_w = 212, .box_w = 13, .box_h = 13, .ofs_x = 0, .ofs_y = 3},
    {.bitmap_index = 7282, .adv_w = 145, .box_w = 7, .box_h = 2, .ofs_x = 1, .ofs_y = 13},
    {.bitmap_index = 7289, .adv_w = 147, .box_w = 7, .box_h = 7, .ofs_x = 1, .ofs_y = 8},
    {.bitmap_index = 7314, .adv_w = 215, .box_w = 11, .box_h = 11, .ofs_x = 1, .ofs_y = 0},
    {.bitmap_index = 7375, .adv_w = 145, .box_w = 8, .box_h = 8, .ofs_x = 1, .ofs_y = 9},
    {.bitmap_index = 7407, .adv_w = 148, .box_w = 9, .box_h = 8, .ofs_x = 0, .ofs_y = 9},
    {.bitmap_index = 7443, .adv_w = 112, .box_w = 5, .box_h = 3, .ofs_x = 1, .ofs_y = 12},
    {.bitmap_index = 7451, .adv_w = 197, .box_w = 12, .box_h = 15, .ofs_x = 1, .ofs_y = -4},
    {.bitmap_index = 7541, .adv_w = 192, .box_w = 11, .box_h = 14, .ofs_x = 0, .ofs_y = 0},
    {.bitmap_index = 7618, .adv_w = 102, .box_w = 4, .box_h = 4, .ofs_x = 1, .ofs_y = 5},
    {.bitmap_index = 7626, .adv_w = 106, .box_w = 4, .box_h = 6, .ofs_x = 2, .ofs_y = -5},
    {.bitmap_index = 7638, .adv_w = 104, .box_w = 5, .box_h = 8, .ofs_x = 1, .ofs_y = 9},
    {.bitmap_index = 7658, .adv_w = 156, .box_w = 10, .box_h = 8, .ofs_x = 0, .ofs_y = 7},
    {.bitmap_index = 7698, .adv_w = 203, .box_w = 12, .box_h = 10, .ofs_x = 0, .ofs_y = 1},
    {.bitmap_index = 7758, .adv_w = 266, .box_w = 16, .box_h = 14, .ofs_x = 0, .ofs_y = 0},
    {.bitmap_index = 7870, .adv_w = 278, .box_w = 17, .box_h = 15, .ofs_x = 0, .ofs_y = 0},
    {.bitmap_index = 7998, .adv_w = 290, .box_w = 18, .box_h = 15, .ofs_x = 0, .ofs_y = 0},
    {.bitmap_index = 8133, .adv_w = 174, .box_w = 11, .box_h = 15, .ofs_x = 0, .ofs_y = -4},
    {.bitmap_index = 8216, .adv_w = 233, .box_w = 15, .box_h = 19, .ofs_x = 0, .ofs_y = 0},
    {.bitmap_index = 8359, .adv_w = 233, .box_w = 15, .box_h = 19, .ofs_x = 0, .ofs_y = 0},
    {.bitmap_index = 8502, .adv_w = 233, .box_w = 15, .box_h = 19, .ofs_x = 0, .ofs_y = 0},
    {.bitmap_index = 8645, .adv_w = 233, .box_w = 15, .box_h = 19, .ofs_x = 0, .ofs_y = 0},
    {.bitmap_index = 8788, .adv_w = 233, .box_w = 15, .box_h = 19, .ofs_x = 0, .ofs_y = 0},
    {.bitmap_index = 8931, .adv_w = 233, .box_w = 15, .box_h = 21, .ofs_x = 0, .ofs_y = 0},
    {.bitmap_index = 9089, .adv_w = 324, .box_w = 20, .box_h = 14, .ofs_x = 0, .ofs_y = 0},
    {.bitmap_index = 9229, .adv_w = 236, .box_w = 13, .box_h = 18, .ofs_x = 1, .ofs_y = -4},
    {.bitmap_index = 9346, .adv_w = 194, .box_w = 10, .box_h = 19, .ofs_x = 1, .ofs_y = 0},
    {.bitmap_index = 9441, .adv_w = 194, .box_w = 10, .box_h = 19, .ofs_x = 1, .ofs_y = 0},
    {.bitmap_index = 9536, .adv_w = 194, .box_w = 10, .box_h = 19, .ofs_x = 1, .ofs_y = 0},
    {.bitmap_index = 9631, .adv_w = 194, .box_w = 10, .box_h = 19, .ofs_x = 1, .ofs_y = 0},
    {.bitmap_index = 9726, .adv_w = 89, .box_w = 6, .box_h = 19, .ofs_x = -1, .ofs_y = 0},
    {.bitmap_index = 9783, .adv_w = 89, .box_w = 5, .box_h = 19, .ofs_x = 1, .ofs_y = 0},
    {.bitmap_index = 9831, .adv_w = 89, .box_w = 8, .box_h = 19, .ofs_x = -1, .ofs_y = 0},
    {.bitmap_index = 9907, .adv_w = 89, .box_w = 8, .box_h = 19, .ofs_x = -1, .ofs_y = 0},
    {.bitmap_index = 9983, .adv_w = 240, .box_w = 15, .box_h = 14, .ofs_x = 0, .ofs_y = 0},
    {.bitmap_index = 10088, .adv_w = 243, .box_w = 13, .box_h = 19, .ofs_x = 1, .ofs_y = 0},
    {.bitmap_index = 10212, .adv_w = 246, .box_w = 14, .box_h = 19, .ofs_x = 1, .ofs_y = 0},
    {.bitmap_index = 10345, .adv_w = 246, .box_w = 14, .box_h = 19, .ofs_x = 1, .ofs_y = 0},
    {.bitmap_index = 10478, .adv_w = 246, .box_w = 14, .box_h = 19, .ofs_x = 1, .ofs_y = 0},
    {.bitmap_index = 10611, .adv_w = 246, .box_w = 14, .box_h = 19, .ofs_x = 1, .ofs_y = 0},
    {.bitmap_index = 10744, .adv_w = 246, .box_w = 14, .box_h = 19, .ofs_x = 1, .ofs_y = 0},
    {.bitmap_index = 10877, .adv_w = 215, .box_w = 11, .box_h = 11, .ofs_x = 1, .ofs_y = 0},
    {.bitmap_index = 10938, .adv_w = 246, .box_w = 14, .box_h = 16, .ofs_x = 1, .ofs_y = -1},
    {.bitmap_index = 11050, .adv_w = 235, .box_w = 13, .box_h = 19, .ofs_x = 1, .ofs_y = 0},
    {.bitmap_index = 11174, .adv_w = 235, .box_w = 13, .box_h = 19, .ofs_x = 1, .ofs_y = 0},
    {.bitmap_index = 11298, .adv_w = 235, .box_w = 13, .box_h = 19, .ofs_x = 1, .ofs_y = 0},
    {.bitmap_index = 11422, .adv_w = 235, .box_w = 13, .box_h = 19, .ofs_x = 1, .ofs_y = 0},
    {.bitmap_index = 11546, .adv_w = 228, .box_w = 14, .box_h = 19, .ofs_x = 0, .ofs_y = 0},
    {.bitmap_index = 11679, .adv_w = 210, .box_w = 11, .box_h = 14, .ofs_x = 1, .ofs_y = 0},
    {.bitmap_index = 11756, .adv_w = 206, .box_w = 11, .box_h = 14, .ofs_x = 1, .ofs_y = 0},
    {.bitmap_index = 11833, .adv_w = 184, .box_w = 11, .box_h = 15, .ofs_x = 0, .ofs_y = 0},
    {.bitmap_index = 11916, .adv_w = 184, .box_w = 11, .box_h = 15, .ofs_x = 0, .ofs_y = 0},
    {.bitmap_index = 11999, .adv_w = 184, .box_w = 11, .box_h = 16, .ofs_x = 0, .ofs_y = 0},
    {.bitmap_index = 12087, .adv_w = 184, .box_w = 11, .box_h = 15, .ofs_x = 0, .ofs_y = 0},
    {.bitmap_index = 12170, .adv_w = 184, .box_w = 11, .box_h = 15, .ofs_x = 0, .ofs_y = 0},
    {.bitmap_index = 12253, .adv_w = 184, .box_w = 11, .box_h = 18, .ofs_x = 0, .ofs_y = 0},
    {.bitmap_index = 12352, .adv_w = 292, .box_w = 18, .box_h = 11, .ofs_x = 0, .ofs_y = 0},
    {.bitmap_index = 12451, .adv_w = 186, .box_w = 11, .box_h = 15, .ofs_x = 0, .ofs_y = -4},
    {.bitmap_index = 12534, .adv_w = 189, .box_w = 11, .box_h = 15, .ofs_x = 0, .ofs_y = 0},
    {.bitmap_index = 12617, .adv_w = 189, .box_w = 11, .box_h = 15, .ofs_x = 0, .ofs_y = 0},
    {.bitmap_index = 12700, .adv_w = 189, .box_w = 11, .box_h = 16, .ofs_x = 0, .ofs_y = 0},
    {.bitmap_index = 12788, .adv_w = 189, .box_w = 11, .box_h = 15, .ofs_x = 0, .ofs_y = 0},
    {.bitmap_index = 12871, .adv_w = 84, .box_w = 5, .box_h = 15, .ofs_x = -1, .ofs_y = 0},
    {.bitmap_index = 12909, .adv_w = 84, .box_w = 5, .box_h = 15, .ofs_x = 1, .ofs_y = 0},
    {.bitmap_index = 12947, .adv_w = 84, .box_w = 9, .box_h = 15, .ofs_x = -2, .ofs_y = 0},
    {.bitmap_index = 13015, .adv_w = 84, .box_w = 8, .box_h = 15, .ofs_x = -1, .ofs_y = 0},
    {.bitmap_index = 13075, .adv_w = 190, .box_w = 11, .box_h = 16, .ofs_x = 0, .ofs_y = 0},
    {.bitmap_index = 13163, .adv_w = 196, .box_w = 10, .box_h = 15, .ofs_x = 1, .ofs_y = 0},
    {.bitmap_index = 13238, .adv_w = 195, .box_w = 12, .box_h = 15, .ofs_x = 0, .ofs_y = 0},
    {.bitmap_index = 13328, .adv_w = 195, .box_w = 12, .box_h = 15, .ofs_x = 0, .ofs_y = 0},
    {.bitmap_index = 13418, .adv_w = 195, .box_w = 12, .box_h = 16, .ofs_x = 0, .ofs_y = 0},
    {.bitmap_index = 13514, .adv_w = 195, .box_w = 12, .box_h = 15, .ofs_x = 0, .ofs_y = 0},
    {.bitmap_index = 13604, .adv_w = 195, .box_w = 12, .box_h = 15, .ofs_x = 0, .ofs_y = 0},
    {.bitmap_index = 13694, .adv_w = 215, .box_w = 11, .box_h = 11, .ofs_x = 1, .ofs_y = 0},
    {.bitmap_index = 13755, .adv_w = 195, .box_w = 12, .box_h = 13, .ofs_x = 0, .ofs_y = -1},
    {.bitmap_index = 13833, .adv_w = 196, .box_w = 10, .box_h = 15, .ofs_x = 1, .ofs_y = 0},
    {.bitmap_index = 13908, .adv_w = 196, .box_w = 10, .box_h = 15, .ofs_x = 1, .ofs_y = 0},
    {.bitmap_index = 13983, .adv_w = 196, .box_w = 10, .box_h = 16, .ofs_x = 1, .ofs_y = 0},
    {.bitmap_index = 14063, .adv_w = 196, .box_w = 10, .box_h = 15, .ofs_x = 1, .ofs_y = 0},
    {.bitmap_index = 14138, .adv_w = 188, .box_w = 12, .box_h = 19, .ofs_x = 0, .ofs_y = -4},
    {.bitmap_index = 14252, .adv_w = 200, .box_w = 11, .box_h = 18, .ofs_x = 1, .ofs_y = -4},
    {.bitmap_index = 14351, .adv_w = 188, .box_w = 12, .box_h = 19, .ofs_x = 0, .ofs_y = -4},
    {.bitmap_index = 14465, .adv_w = 160, .box_w = 10, .box_h = 3, .ofs_x = 0, .ofs_y = 5},
    {.bitmap_index = 14480, .adv_w = 320, .box_w = 20, .box_h = 3, .ofs_x = 0, .ofs_y = 5},
    {.bitmap_index = 14510, .adv_w = 94, .box_w = 5, .box_h = 6, .ofs_x = 1, .ofs_y = 8},
    {.bitmap_index = 14525, .adv_w = 94, .box_w = 5, .box_h = 6, .ofs_x = 1, .ofs_y = 9},
    {.bitmap_index = 14540, .adv_w = 87, .box_w = 4, .box_h = 6, .ofs_x = 1, .ofs_y = -4},
    {.bitmap_index = 14552, .adv_w = 94, .box_w = 5, .box_h = 6, .ofs_x = 0, .ofs_y = 8},
    {.bitmap_index = 14567, .adv_w = 162, .box_w = 9, .box_h = 6, .ofs_x = 1, .ofs_y = 8},
    {.bitmap_index = 14594, .adv_w = 160, .box_w = 9, .box_h = 6, .ofs_x = 1, .ofs_y = 9},
    {.bitmap_index = 14621, .adv_w = 161, .box_w = 8, .box_h = 7, .ofs_x = 1, .ofs_y = 3},
    {.bitmap_index = 14649, .adv_w = 306, .box_w = 17, .box_h = 4, .ofs_x = 1, .ofs_y = 0},
    {.bitmap_index = 14683, .adv_w = 305, .box_w = 16, .box_h = 14, .ofs_x = 1, .ofs_y = -1},
    {.bitmap_index = 14795, .adv_w = 282, .box_w = 14, .box_h = 15, .ofs_x = 2, .ofs_y = 0},
    {.bitmap_index = 14900, .adv_w = 305, .box_w = 16, .box_h = 14, .ofs_x = 2, .ofs_y = -1},
    {.bitmap_index = 15012, .adv_w = 282, .box_w = 14, .box_h = 16, .ofs_x = 2, .ofs_y = -1},
    {.bitmap_index = 15124, .adv_w = 215, .box_w = 11, .box_h = 3, .ofs_x = 1, .ofs_y = 4},
    {.bitmap_index = 15141, .adv_w = 283, .box_w = 15, .box_h = 11, .ofs_x = 2, .ofs_y = 1},
    {.bitmap_index = 15224, .adv_w = 283, .box_w = 12, .box_h = 11, .ofs_x = 3, .ofs_y = 1}
};

/*---------------------
 *  CHARACTER MAPPING
 *--------------------*/

static const uint16_t unicode_list_3[] = {
    0x0, 0x1, 0x5, 0x6, 0x7, 0x8, 0x9, 0xa,
    0xf, 0x13, 0x17d, 0x17e, 0x17f, 0x180, 0x1ff, 0x700,
    0x704
};

/*Collect the unicode lists and glyph_id offsets*/
static const lv_font_fmt_txt_cmap_t cmaps[] =
{
    {
        .range_start = 32, .range_length = 95, .glyph_id_start = 1,
        .unicode_list = NULL, .glyph_id_ofs_list = NULL, .list_length = 0, .type = LV_FONT_FMT_TXT_CMAP_FORMAT0_TINY
    },
    {
        .range_start = 160, .range_length = 13, .glyph_id_start = 96,
        .unicode_list = NULL, .glyph_id_ofs_list = NULL, .list_length = 0, .type = LV_FONT_FMT_TXT_CMAP_FORMAT0_TINY
    },
    {
        .range_start = 174, .range_length = 82, .glyph_id_start = 109,
        .unicode_list = NULL, .glyph_id_ofs_list = NULL, .list_length = 0, .type = LV_FONT_FMT_TXT_CMAP_FORMAT0_TINY
    },
    {
        .range_start = 8211, .range_length = 1797, .glyph_id_start = 191,
        .unicode_list = unicode_list_3, .glyph_id_ofs_list = NULL, .list_length = 17, .type = LV_FONT_FMT_TXT_CMAP_SPARSE_TINY
    }
};

/*-----------------
 *    KERNING
 *----------------*/


/*Pair left and right glyphs for kerning*/
static const uint8_t kern_pair_glyph_ids[] =
{
    3, 7,
    3, 13,
    3, 15,
    3, 21,
    3, 98,
    3, 200,
    6, 193,
    6, 194,
    6, 197,
    6, 198,
    7, 3,
    7, 8,
    7, 61,
    7, 109,
    7, 193,
    7, 197,
    8, 7,
    8, 13,
    8, 15,
    8, 21,
    8, 98,
    8, 200,
    9, 93,
    9, 98,
    10, 193,
    10, 197,
    11, 7,
    11, 13,
    11, 15,
    11, 21,
    11, 33,
    11, 64,
    11, 105,
    11, 200,
    12, 19,
    12, 20,
    12, 24,
    12, 61,
    12, 117,
    12, 193,
    12, 197,
    13, 1,
    13, 2,
    13, 3,
    13, 8,
    13, 17,
    13, 18,
    13, 20,
    13, 22,
    13, 23,
    13, 24,
    13, 25,
    13, 26,
    13, 32,
    13, 33,
    13, 105,
    13, 117,
    13, 194,
    13, 196,
    13, 198,
    14, 19,
    14, 20,
    14, 24,
    14, 61,
    14, 117,
    14, 193,
    14, 197,
    15, 1,
    15, 2,
    15, 3,
    15, 8,
    15, 17,
    15, 18,
    15, 20,
    15, 22,
    15, 23,
    15, 24,
    15, 25,
    15, 26,
    15, 32,
    15, 33,
    15, 105,
    15, 117,
    15, 194,
    15, 196,
    15, 198,
    16, 13,
    16, 15,
    16, 61,
    16, 200,
    17, 13,
    17, 15,
    17, 24,
    17, 61,
    17, 64,
    17, 193,
    17, 195,
    17, 197,
    17, 200,
    18, 10,
    18, 62,
    18, 64,
    18, 94,
    19, 21,
    20, 11,
    20, 13,
    20, 15,
    20, 63,
    20, 107,
    20, 111,
    20, 195,
    20, 200,
    21, 11,
    21, 13,
    21, 15,
    21, 18,
    21, 63,
    21, 109,
    21, 111,
    21, 117,
    21, 200,
    22, 11,
    22, 13,
    22, 15,
    22, 63,
    22, 109,
    22, 111,
    22, 200,
    23, 13,
    23, 15,
    23, 64,
    23, 195,
    23, 200,
    24, 4,
    24, 7,
    24, 13,
    24, 15,
    24, 17,
    24, 20,
    24, 21,
    24, 22,
    24, 23,
    24, 24,
    24, 25,
    24, 26,
    24, 27,
    24, 28,
    24, 29,
    24, 64,
    24, 98,
    24, 107,
    24, 195,
    24, 200,
    25, 11,
    25, 13,
    25, 15,
    25, 63,
    25, 107,
    25, 111,
    25, 195,
    25, 200,
    26, 13,
    26, 15,
    26, 24,
    26, 61,
    26, 64,
    26, 193,
    26, 195,
    26, 197,
    26, 200,
    27, 61,
    27, 193,
    27, 197,
    28, 61,
    28, 193,
    28, 197,
    30, 61,
    30, 193,
    30, 197,
    31, 24,
    31, 61,
    31, 193,
    31, 197,
    33, 13,
    33, 15,
    33, 16,
    33, 61,
    33, 64,
    33, 109,
    33, 193,
    33, 195,
    33, 197,
    33, 200,
    60, 93,
    60, 98,
    61, 3,
    61, 5,
    61, 8,
    61, 11,
    61, 12,
    61, 14,
    61, 16,
    61, 18,
    61, 29,
    61, 30,
    61, 32,
    61, 33,
    61, 61,
    61, 63,
    61, 95,
    61, 98,
    61, 105,
    61, 107,
    61, 108,
    61, 109,
    61, 111,
    61, 112,
    61, 117,
    61, 118,
    61, 122,
    61, 150,
    61, 182,
    61, 193,
    61, 194,
    61, 197,
    61, 198,
    61, 199,
    61, 203,
    61, 205,
    62, 193,
    62, 197,
    63, 7,
    63, 13,
    63, 15,
    63, 21,
    63, 33,
    63, 64,
    63, 105,
    63, 200,
    64, 11,
    64, 17,
    64, 18,
    64, 20,
    64, 21,
    64, 22,
    64, 23,
    64, 25,
    64, 26,
    64, 33,
    64, 61,
    64, 63,
    64, 93,
    64, 105,
    64, 111,
    64, 117,
    64, 193,
    64, 197,
    92, 93,
    92, 98,
    93, 10,
    93, 62,
    93, 64,
    93, 94,
    94, 193,
    94, 197,
    95, 19,
    95, 20,
    95, 24,
    95, 61,
    95, 117,
    95, 193,
    95, 197,
    97, 61,
    97, 193,
    97, 197,
    98, 3,
    98, 8,
    98, 10,
    98, 18,
    98, 61,
    98, 62,
    98, 94,
    98, 109,
    98, 193,
    98, 194,
    98, 197,
    98, 198,
    105, 13,
    105, 15,
    105, 16,
    105, 61,
    105, 64,
    105, 109,
    105, 193,
    105, 195,
    105, 197,
    105, 200,
    109, 7,
    109, 21,
    109, 33,
    109, 98,
    109, 105,
    111, 7,
    111, 13,
    111, 15,
    111, 21,
    111, 33,
    111, 64,
    111, 105,
    111, 200,
    112, 61,
    112, 193,
    112, 197,
    116, 12,
    116, 14,
    116, 16,
    116, 29,
    116, 64,
    116, 95,
    116, 108,
    116, 118,
    116, 182,
    116, 193,
    116, 194,
    116, 197,
    116, 198,
    116, 203,
    116, 205,
    117, 10,
    117, 62,
    117, 64,
    117, 94,
    118, 19,
    118, 20,
    118, 24,
    118, 61,
    118, 117,
    118, 193,
    118, 197,
    122, 18,
    122, 19,
    122, 20,
    122, 24,
    122, 25,
    122, 61,
    122, 193,
    122, 197,
    126, 61,
    126, 193,
    126, 194,
    126, 197,
    126, 198,
    150, 61,
    182, 19,
    182, 20,
    182, 24,
    182, 61,
    182, 117,
    182, 193,
    182, 197,
    193, 7,
    193, 13,
    193, 15,
    193, 16,
    193, 21,
    193, 98,
    193, 126,
    193, 195,
    193, 200,
    194, 4,
    194, 7,
    194, 12,
    194, 13,
    194, 14,
    194, 15,
    194, 16,
    194, 17,
    194, 21,
    194, 23,
    194, 24,
    194, 25,
    194, 27,
    194, 28,
    194, 29,
    194, 30,
    194, 33,
    194, 64,
    194, 95,
    194, 98,
    194, 105,
    194, 107,
    194, 108,
    194, 112,
    194, 116,
    194, 117,
    194, 118,
    194, 126,
    194, 182,
    194, 200,
    194, 203,
    194, 205,
    195, 18,
    195, 33,
    195, 61,
    195, 105,
    195, 193,
    195, 194,
    195, 197,
    195, 198,
    197, 7,
    197, 13,
    197, 15,
    197, 16,
    197, 21,
    197, 98,
    197, 126,
    197, 195,
    197, 200,
    198, 4,
    198, 7,
    198, 12,
    198, 13,
    198, 14,
    198, 15,
    198, 16,
    198, 17,
    198, 21,
    198, 23,
    198, 24,
    198, 25,
    198, 27,
    198, 28,
    198, 29,
    198, 30,
    198, 33,
    198, 64,
    198, 95,
    198, 98,
    198, 105,
    198, 107,
    198, 108,
    198, 112,
    198, 116,
    198, 117,
    198, 118,
    198, 126,
    198, 182,
    198, 200,
    198, 203,
    198, 205,
    199, 61,
    200, 1,
    200, 2,
    200, 3,
    200, 8,
    200, 17,
    200, 18,
    200, 20,
    200, 22,
    200, 23,
    200, 24,
    200, 25,
    200, 26,
    200, 32,
    200, 33,
    200, 105,
    200, 117,
    200, 194,
    200, 196,
    200, 198,
    201, 19,
    201, 20,
    201, 24,
    201, 61,
    201, 117,
    201, 193,
    201, 197,
    205, 19,
    205, 20,
    205, 24,
    205, 61,
    205, 117,
    205, 193,
    205, 197
};

/* Kerning between the respective left and right glyphs
 * 4.4 format which needs to scaled with `kern_scale`*/
static const int8_t kern_pair_values[] =
{
    -11, -28, -28, -20, -6, -28, -20, -22,
    -20, -22, -11, -11, -20, -7, -29, -29,
    -11, -28, -28, -20, -6, -28, 4, -2,
    -11, -11, -11, -44, -44, -15, -5, -22,
    -5, -44, -8, -2, -8, -15, -3, -13,
    -13, -7, -3, -30, -30, -9, -28, -8,
    -3, -9, -7, -8, -3, -28, -14, -14,
    -16, -26, -44, -26, -8, -2, -8, -15,
    -3, -13, -13, -7, -3, -30, -30, -9,
    -28, -8, -3, -9, -7, -8, -3, -28,
    -14, -14, -16, -26, -44, -26, -13, -13,
    2, -13, -9, -9, -6, -7, -15, -15,
    -16, -15, -9, 4, 4, 4, 4, -5,
    -3, -7, -7, -3, -11, -3, -16, -7,
    -10, -11, -11, -10, -10, -2, -10, -14,
    -11, -1, -8, -8, -1, -2, -1, -8,
    -10, -10, -15, -15, -10, -18, -15, -40,
    -40, -5, -5, -19, -3, -5, 6, -5,
    -3, -11, -11, -29, -51, -16, -20, -45,
    -40, -3, -7, -7, -3, -11, -3, -16,
    -7, -9, -9, -6, -7, -15, -15, -16,
    -15, -9, -20, -15, -15, -20, -15, -15,
    -22, -18, -18, -24, -24, -31, -31, -14,
    -14, -13, -12, -13, -2, -11, -13, -11,
    -14, 4, -2, -25, -3, -25, -29, -11,
    -11, 5, -14, -8, -16, -20, -13, -16,
    -29, -11, -5, -13, -11, -11, -23, -29,
    -16, -16, -11, -11, -11, -11, -14, -18,
    -14, -18, -11, -11, -11, -11, -11, -11,
    -44, -44, -15, -5, -22, -5, -44, -22,
    -15, -35, -15, -18, -15, -15, -15, -15,
    -13, -25, -22, 11, -13, -22, -15, -13,
    -13, 4, -2, 4, 4, 4, 4, -11,
    -11, -8, -2, -8, -15, -3, -13, -13,
    -11, -11, -11, -6, -6, -4, -11, -18,
    -4, -4, -4, -20, -7, -20, -7, -14,
    -14, -13, -12, -13, -2, -11, -13, -11,
    -14, -11, -16, -2, -9, -2, -11, -44,
    -44, -15, -5, -22, -5, -44, -22, -18,
    -18, -12, -12, -11, -13, -11, -12, -11,
    -12, -12, -16, 5, -16, 5, -12, -12,
    4, 4, 4, 4, -8, -2, -8, -13,
    -3, -13, -13, -13, -16, -15, -16, -11,
    -20, -27, -27, -33, -20, -11, -20, -11,
    -13, -8, -2, -8, -15, -3, -13, -13,
    -20, -32, -32, -31, -20, -12, -20, -27,
    -32, -40, -22, -18, -38, -18, -38, -45,
    -15, -31, -15, -20, -13, -18, -18, -31,
    -18, -18, -13, -15, -20, -18, -27, -18,
    -18, -15, -4, -18, -22, -18, -38, -18,
    -18, -22, -12, -29, -12, -40, -31, -40,
    -31, -20, -32, -32, -31, -20, -12, -20,
    -27, -32, -40, -22, -18, -38, -18, -38,
    -45, -15, -31, -15, -20, -13, -18, -18,
    -31, -18, -18, -13, -15, -20, -18, -27,
    -18, -18, -15, -4, -18, -22, -18, -38,
    -18, -18, -13, -7, -3, -30, -30, -9,
    -28, -8, -3, -9, -7, -8, -3, -28,
    -14, -14, -16, -26, -44, -26, -8, -2,
    -8, -15, -3, -13, -13, -8, -2, -8,
    -15, -3, -13, -13
};

/*Collect the kern pair's data in one place*/
static const lv_font_fmt_txt_kern_pair_t kern_pairs =
{
    .glyph_ids = kern_pair_glyph_ids,
    .values = kern_pair_values,
    .pair_cnt = 484,
    .glyph_ids_size = 0
};

/*--------------------
 *  ALL CUSTOM DATA
 *--------------------*/

#if LVGL_VERSION_MAJOR == 8
/*Store all the custom data of the font*/
static  lv_font_fmt_txt_glyph_cache_t cache;
#endif

#if LVGL_VERSION_MAJOR >= 8
static const lv_font_fmt_txt_dsc_t font_dsc = {
#else
static lv_font_fmt_txt_dsc_t font_dsc = {
#endif
    .glyph_bitmap = glyph_bitmap,
    .glyph_dsc = glyph_dsc,
    .cmaps = cmaps,
    .kern_dsc = &kern_pairs,
    .kern_scale = 16,
    .cmap_num = 4,
    .bpp = 4,
    .kern_classes = 0,
    .bitmap_format = 0,
#if LVGL_VERSION_MAJOR == 8
    .cache = &cache
#endif
};



/*-----------------
 *  PUBLIC FONT
 *----------------*/

/*Initialize a public general font descriptor*/
#if LVGL_VERSION_MAJOR >= 8
const lv_font_t inter_semi_20 = {
#else
lv_font_t inter_semi_20 = {
#endif
    .get_glyph_dsc = lv_font_get_glyph_dsc_fmt_txt,    /*Function pointer to get glyph's data*/
    .get_glyph_bitmap = lv_font_get_bitmap_fmt_txt,    /*Function pointer to get glyph's bitmap*/
    .line_height = 26,          /*The maximum line height required by the font*/
    .base_line = 5,             /*Baseline measured from the bottom of the line*/
#if !(LVGL_VERSION_MAJOR == 6 && LVGL_VERSION_MINOR == 0)
    .subpx = LV_FONT_SUBPX_NONE,
#endif
#if LV_VERSION_CHECK(7, 4, 0) || LVGL_VERSION_MAJOR >= 8
    .underline_position = -3,
    .underline_thickness = 2,
#endif
    .dsc = &font_dsc,          /*The custom font data. Will be accessed by `get_glyph_bitmap/dsc` */
#if LV_VERSION_CHECK(8, 2, 0) || LVGL_VERSION_MAJOR >= 9
    .fallback = NULL,
#endif
    .user_data = NULL,
};



#endif /*#if INTER_SEMI_20*/

