/*******************************************************************************
 * Size: 24 px
 * Bpp: 4
 * Opts: --no-compress --format lvgl --bpp 4 --size 24 --font tools/.fontcache/Inter-Medium.ttf -r 0x20-0x7E,0xA0-0xFF,0x2013-0x2014,0x2018-0x201D,0x2022,0x2026,0x2190-0x2193,0x2212,0x2713,0x2717,0x00B7 --lv-include lvgl.h -o main/fonts/inter_24.c --lv-font-name inter_24
 ******************************************************************************/

#ifdef LV_LVGL_H_INCLUDE_SIMPLE
#include "lvgl.h"
#else
#include "lvgl.h"
#endif

#ifndef INTER_24
#define INTER_24 1
#endif

#if INTER_24

/*-----------------
 *    BITMAPS
 *----------------*/

/*Store the image of the glyphs*/
static LV_ATTRIBUTE_LARGE_CONST const uint8_t glyph_bitmap[] = {
    /* U+0020 " " */

    /* U+0021 "!" */
    0xc, 0xff, 0x10, 0xcf, 0xf0, 0xb, 0xff, 0x0,
    0xbf, 0xf0, 0xb, 0xff, 0x0, 0xbf, 0xf0, 0xa,
    0xff, 0x0, 0xaf, 0xf0, 0xa, 0xff, 0x0, 0xaf,
    0xe0, 0x9, 0xfe, 0x0, 0x5a, 0x80, 0x0, 0x0,
    0x0, 0x4, 0x20, 0xd, 0xff, 0x20, 0xff, 0xf5,
    0x8, 0xfb, 0x0,

    /* U+0022 "\"" */
    0x8f, 0xf0, 0x3f, 0xf6, 0x8f, 0xf0, 0x2f, 0xf5,
    0x7f, 0xf0, 0x1f, 0xf5, 0x6f, 0xe0, 0x1f, 0xf4,
    0x6f, 0xe0, 0xf, 0xf3, 0x5f, 0xd0, 0xf, 0xf3,
    0x3b, 0x90, 0xa, 0xb1,

    /* U+0023 "#" */
    0x0, 0x0, 0x1f, 0xf0, 0x0, 0xf, 0xf1, 0x0,
    0x0, 0x4, 0xfc, 0x0, 0x2, 0xfe, 0x0, 0x0,
    0x0, 0x7f, 0x90, 0x0, 0x5f, 0xb0, 0x0, 0x0,
    0xa, 0xf6, 0x0, 0x8, 0xf8, 0x0, 0x5, 0xff,
    0xff, 0xff, 0xff, 0xff, 0xff, 0xd0, 0x8f, 0xff,
    0xff, 0xff, 0xff, 0xff, 0xfb, 0x0, 0x3, 0xfe,
    0x0, 0x1, 0xff, 0x0, 0x0, 0x0, 0x5f, 0xb0,
    0x0, 0x3f, 0xd0, 0x0, 0x0, 0x8, 0xf8, 0x0,
    0x6, 0xfa, 0x0, 0x0, 0x0, 0xaf, 0x60, 0x0,
    0x8f, 0x80, 0x0, 0x6f, 0xff, 0xff, 0xff, 0xff,
    0xff, 0xfd, 0x8, 0xff, 0xff, 0xff, 0xff, 0xff,
    0xff, 0xb0, 0x0, 0x3f, 0xe0, 0x0, 0x1f, 0xf0,
    0x0, 0x0, 0x5, 0xfb, 0x0, 0x3, 0xfd, 0x0,
    0x0, 0x0, 0x7f, 0x90, 0x0, 0x5f, 0xb0, 0x0,
    0x0, 0xa, 0xf6, 0x0, 0x8, 0xf9, 0x0, 0x0,
    0x0, 0xcf, 0x40, 0x0, 0xaf, 0x60, 0x0, 0x0,

    /* U+0024 "$" */
    0x0, 0x0, 0x0, 0xe7, 0x0, 0x0, 0x0, 0x0,
    0x0, 0x0, 0xe8, 0x0, 0x0, 0x0, 0x0, 0x0,
    0x0, 0xe8, 0x0, 0x0, 0x0, 0x0, 0x5, 0xbf,
    0xff, 0xea, 0x40, 0x0, 0x0, 0xbf, 0xff, 0xff,
    0xff, 0xf8, 0x0, 0x9, 0xff, 0xc5, 0xe9, 0x6e,
    0xff, 0x60, 0x1f, 0xfc, 0x0, 0xe8, 0x1, 0xef,
    0xd0, 0x3f, 0xf7, 0x0, 0xe8, 0x0, 0x58, 0x80,
    0x3f, 0xfa, 0x0, 0xe8, 0x0, 0x0, 0x0, 0xd,
    0xff, 0xb4, 0xe8, 0x0, 0x0, 0x0, 0x2, 0xdf,
    0xff, 0xfc, 0x61, 0x0, 0x0, 0x0, 0x7, 0xdf,
    0xff, 0xff, 0xa1, 0x0, 0x0, 0x0, 0x3, 0xfe,
    0xff, 0xff, 0x30, 0x0, 0x0, 0x0, 0xe8, 0x18,
    0xff, 0xd0, 0x0, 0x0, 0x0, 0xe8, 0x0, 0x9f,
    0xf2, 0x9d, 0xc0, 0x0, 0xe8, 0x0, 0x7f, 0xf3,
    0x8f, 0xf7, 0x0, 0xe8, 0x0, 0xdf, 0xf1, 0x1f,
    0xff, 0xa4, 0xe9, 0x6d, 0xff, 0xa0, 0x4, 0xff,
    0xff, 0xff, 0xff, 0xfc, 0x0, 0x0, 0x29, 0xdf,
    0xff, 0xec, 0x60, 0x0, 0x0, 0x0, 0x0, 0xe8,
    0x0, 0x0, 0x0, 0x0, 0x0, 0x0, 0xe8, 0x0,
    0x0, 0x0,

    /* U+0025 "%" */
    0x2, 0xae, 0xfc, 0x30, 0x0, 0x0, 0x0, 0x8f,
    0x90, 0x0, 0x1e, 0xfc, 0xcf, 0xf2, 0x0, 0x0,
    0x4, 0xfd, 0x0, 0x0, 0x6f, 0xb0, 0x8, 0xf8,
    0x0, 0x0, 0x1e, 0xf2, 0x0, 0x0, 0x7f, 0x80,
    0x6, 0xf9, 0x0, 0x0, 0xaf, 0x70, 0x0, 0x0,
    0x6f, 0xb0, 0x8, 0xf8, 0x0, 0x6, 0xfb, 0x0,
    0x0, 0x0, 0x1e, 0xfd, 0xcf, 0xf2, 0x0, 0x2f,
    0xe1, 0x0, 0x0, 0x0, 0x2, 0xbf, 0xfc, 0x30,
    0x0, 0xcf, 0x50, 0x0, 0x0, 0x0, 0x0, 0x0,
    0x0, 0x0, 0x7, 0xfa, 0x0, 0x0, 0x0, 0x0,
    0x0, 0x0, 0x0, 0x0, 0x3f, 0xd0, 0x0, 0x0,
    0x0, 0x0, 0x0, 0x0, 0x0, 0x0, 0xdf, 0x30,
    0x3, 0xcf, 0xe9, 0x0, 0x0, 0x0, 0x0, 0x9,
    0xf8, 0x0, 0x3f, 0xfc, 0xef, 0xb0, 0x0, 0x0,
    0x0, 0x5f, 0xc0, 0x0, 0x9f, 0x70, 0xe, 0xf2,
    0x0, 0x0, 0x1, 0xef, 0x20, 0x0, 0xcf, 0x30,
    0xb, 0xf4, 0x0, 0x0, 0xb, 0xf6, 0x0, 0x0,
    0xcf, 0x30, 0xb, 0xf4, 0x0, 0x0, 0x7f, 0xa0,
    0x0, 0x0, 0x9f, 0x70, 0xe, 0xf2, 0x0, 0x2,
    0xfe, 0x10, 0x0, 0x0, 0x3f, 0xfc, 0xef, 0xb0,
    0x0, 0xd, 0xf4, 0x0, 0x0, 0x0, 0x4, 0xcf,
    0xe9, 0x0,

    /* U+0026 "&" */
    0x0, 0x5, 0xcf, 0xfc, 0x60, 0x0, 0x0, 0x0,
    0x8, 0xff, 0xff, 0xff, 0x80, 0x0, 0x0, 0x2,
    0xff, 0xb3, 0x2b, 0xff, 0x20, 0x0, 0x0, 0x5f,
    0xf2, 0x0, 0x1f, 0xf4, 0x0, 0x0, 0x5, 0xff,
    0x10, 0x2, 0xff, 0x20, 0x0, 0x0, 0xf, 0xf7,
    0x1, 0xdf, 0xb0, 0x0, 0x0, 0x0, 0x6f, 0xf7,
    0xef, 0xc1, 0x0, 0x0, 0x0, 0x0, 0xcf, 0xff,
    0x80, 0x0, 0x0, 0x0, 0x0, 0x8f, 0xff, 0xf4,
    0x0, 0x0, 0x0, 0x0, 0xaf, 0xf9, 0xcf, 0xf3,
    0x0, 0xff, 0x50, 0x6f, 0xf8, 0x1, 0xef, 0xe1,
    0x2f, 0xf3, 0xc, 0xfd, 0x0, 0x2, 0xff, 0xd9,
    0xff, 0x0, 0xdf, 0xc0, 0x0, 0x4, 0xff, 0xff,
    0xa0, 0xa, 0xff, 0x10, 0x0, 0x7, 0xff, 0xf2,
    0x0, 0x4f, 0xfd, 0x52, 0x37, 0xef, 0xff, 0x60,
    0x0, 0x7f, 0xff, 0xff, 0xff, 0xeb, 0xff, 0x30,
    0x0, 0x3a, 0xef, 0xfc, 0x71, 0xd, 0xfe, 0x10,

    /* U+0027 "'" */
    0x8f, 0xf0, 0x8f, 0xf0, 0x7f, 0xf0, 0x6f, 0xe0,
    0x6f, 0xe0, 0x5f, 0xd0, 0x3b, 0x90,

    /* U+0028 "(" */
    0x0, 0x4, 0x54, 0x0, 0x1f, 0xf7, 0x0, 0x9f,
    0xf1, 0x0, 0xff, 0xa0, 0x5, 0xff, 0x40, 0xa,
    0xff, 0x0, 0xe, 0xfb, 0x0, 0x2f, 0xf7, 0x0,
    0x5f, 0xf4, 0x0, 0x7f, 0xf2, 0x0, 0x9f, 0xf0,
    0x0, 0x9f, 0xf0, 0x0, 0x9f, 0xf0, 0x0, 0x8f,
    0xf1, 0x0, 0x6f, 0xf3, 0x0, 0x3f, 0xf7, 0x0,
    0xf, 0xfb, 0x0, 0xa, 0xff, 0x0, 0x4, 0xff,
    0x50, 0x0, 0xef, 0xb0, 0x0, 0x6f, 0xf2, 0x0,
    0xd, 0xf9,

    /* U+0029 ")" */
    0x55, 0x30, 0x0, 0x9f, 0xe0, 0x0, 0x2f, 0xf6,
    0x0, 0xc, 0xfd, 0x0, 0x7, 0xff, 0x30, 0x2,
    0xff, 0x80, 0x0, 0xdf, 0xc0, 0x0, 0xaf, 0xf0,
    0x0, 0x7f, 0xf2, 0x0, 0x4f, 0xf5, 0x0, 0x3f,
    0xf6, 0x0, 0x2f, 0xf7, 0x0, 0x2f, 0xf7, 0x0,
    0x3f, 0xf5, 0x0, 0x5f, 0xf4, 0x0, 0x9f, 0xf1,
    0x0, 0xdf, 0xd0, 0x2, 0xff, 0x80, 0x7, 0xff,
    0x20, 0xd, 0xfc, 0x0, 0x4f, 0xf4, 0x0, 0xcf,
    0xb0, 0x0,

    /* U+002A "*" */
    0x0, 0x0, 0xaf, 0x20, 0x0, 0x2, 0x0, 0x9f,
    0x10, 0x10, 0x1f, 0xb2, 0x9f, 0x16, 0xf8, 0x2b,
    0xff, 0xdf, 0xcf, 0xe7, 0x0, 0x3c, 0xff, 0xf7,
    0x0, 0x1, 0x9f, 0xff, 0xfc, 0x40, 0x3f, 0xfb,
    0xaf, 0x7f, 0xfb, 0xc, 0x60, 0x9f, 0x11, 0xb5,
    0x0, 0x0, 0xaf, 0x20, 0x0, 0x0, 0x0, 0x6a,
    0x10, 0x0,

    /* U+002B "+" */
    0x0, 0x0, 0x2f, 0xf2, 0x0, 0x0, 0x0, 0x0,
    0x2f, 0xf2, 0x0, 0x0, 0x0, 0x0, 0x2f, 0xf2,
    0x0, 0x0, 0x0, 0x0, 0x2f, 0xf2, 0x0, 0x0,
    0x12, 0x22, 0x4f, 0xf4, 0x22, 0x21, 0xcf, 0xff,
    0xff, 0xff, 0xff, 0xfc, 0xcf, 0xff, 0xff, 0xff,
    0xff, 0xfc, 0x0, 0x0, 0x2f, 0xf2, 0x0, 0x0,
    0x0, 0x0, 0x2f, 0xf2, 0x0, 0x0, 0x0, 0x0,
    0x2f, 0xf2, 0x0, 0x0, 0x0, 0x0, 0x2f, 0xf2,
    0x0, 0x0, 0x0, 0x0, 0x5, 0x50, 0x0, 0x0,

    /* U+002C "," */
    0x6, 0xbb, 0x20, 0xbf, 0xe0, 0xd, 0xfa, 0x0,
    0xff, 0x50, 0x2f, 0xf1, 0x4, 0xfc, 0x0, 0x7f,
    0x70, 0x0,

    /* U+002D "-" */
    0x3, 0x33, 0x33, 0x33, 0x15, 0xff, 0xff, 0xff,
    0xf7, 0x5f, 0xff, 0xff, 0xff, 0x70,

    /* U+002E "." */
    0x0, 0x52, 0x0, 0xdf, 0xf2, 0xf, 0xff, 0x50,
    0x8f, 0xb0,

    /* U+002F "/" */
    0x0, 0x0, 0x0, 0x78, 0x20, 0x0, 0x0, 0x2f,
    0xf2, 0x0, 0x0, 0x7, 0xfd, 0x0, 0x0, 0x0,
    0xbf, 0x90, 0x0, 0x0, 0xf, 0xf4, 0x0, 0x0,
    0x4, 0xff, 0x0, 0x0, 0x0, 0x8f, 0xc0, 0x0,
    0x0, 0xd, 0xf7, 0x0, 0x0, 0x1, 0xff, 0x30,
    0x0, 0x0, 0x6f, 0xe0, 0x0, 0x0, 0xa, 0xfa,
    0x0, 0x0, 0x0, 0xef, 0x60, 0x0, 0x0, 0x3f,
    0xf1, 0x0, 0x0, 0x7, 0xfd, 0x0, 0x0, 0x0,
    0xcf, 0x90, 0x0, 0x0, 0xf, 0xf4, 0x0, 0x0,
    0x4, 0xff, 0x0, 0x0, 0x0, 0x9f, 0xb0, 0x0,
    0x0, 0xd, 0xf7, 0x0, 0x0, 0x1, 0xff, 0x30,
    0x0, 0x0, 0x6f, 0xe0, 0x0, 0x0, 0x0,

    /* U+0030 "0" */
    0x0, 0x2, 0x9d, 0xfe, 0xb5, 0x0, 0x0, 0x0,
    0x4f, 0xff, 0xff, 0xff, 0xb0, 0x0, 0x2, 0xff,
    0xf8, 0x45, 0xcf, 0xf9, 0x0, 0xb, 0xff, 0x40,
    0x0, 0xb, 0xff, 0x30, 0x1f, 0xfa, 0x0, 0x0,
    0x2, 0xff, 0x90, 0x5f, 0xf5, 0x0, 0x0, 0x0,
    0xdf, 0xd0, 0x8f, 0xf1, 0x0, 0x0, 0x0, 0xaf,
    0xf0, 0x9f, 0xf0, 0x0, 0x0, 0x0, 0x8f, 0xf1,
    0xaf, 0xf0, 0x0, 0x0, 0x0, 0x7f, 0xf2, 0x9f,
    0xf0, 0x0, 0x0, 0x0, 0x8f, 0xf1, 0x8f, 0xf1,
    0x0, 0x0, 0x0, 0xaf, 0xf0, 0x5f, 0xf5, 0x0,
    0x0, 0x0, 0xdf, 0xd0, 0x1f, 0xfa, 0x0, 0x0,
    0x2, 0xff, 0x90, 0xb, 0xff, 0x40, 0x0, 0xb,
    0xff, 0x30, 0x2, 0xff, 0xf8, 0x45, 0xcf, 0xfa,
    0x0, 0x0, 0x5f, 0xff, 0xff, 0xff, 0xb0, 0x0,
    0x0, 0x2, 0x9d, 0xfe, 0xc6, 0x0, 0x0,

    /* U+0031 "1" */
    0x0, 0x1b, 0xff, 0xf0, 0x4, 0xef, 0xff, 0xf0,
    0x8f, 0xfd, 0xcf, 0xf0, 0xef, 0x90, 0xaf, 0xf0,
    0xd5, 0x0, 0xaf, 0xf0, 0x10, 0x0, 0xaf, 0xf0,
    0x0, 0x0, 0xaf, 0xf0, 0x0, 0x0, 0xaf, 0xf0,
    0x0, 0x0, 0xaf, 0xf0, 0x0, 0x0, 0xaf, 0xf0,
    0x0, 0x0, 0xaf, 0xf0, 0x0, 0x0, 0xaf, 0xf0,
    0x0, 0x0, 0xaf, 0xf0, 0x0, 0x0, 0xaf, 0xf0,
    0x0, 0x0, 0xaf, 0xf0, 0x0, 0x0, 0xaf, 0xf0,
    0x0, 0x0, 0xaf, 0xf0,

    /* U+0032 "2" */
    0x0, 0x5, 0xbe, 0xfe, 0xa3, 0x0, 0x0, 0xb,
    0xff, 0xff, 0xff, 0xf7, 0x0, 0x9, 0xff, 0xb5,
    0x36, 0xef, 0xf4, 0x1, 0xff, 0xb0, 0x0, 0x1,
    0xff, 0xb0, 0x4f, 0xf5, 0x0, 0x0, 0xb, 0xfe,
    0x0, 0x22, 0x0, 0x0, 0x0, 0xbf, 0xd0, 0x0,
    0x0, 0x0, 0x0, 0x1f, 0xf9, 0x0, 0x0, 0x0,
    0x0, 0xb, 0xff, 0x20, 0x0, 0x0, 0x0, 0xa,
    0xff, 0x50, 0x0, 0x0, 0x0, 0x9, 0xff, 0x80,
    0x0, 0x0, 0x0, 0xa, 0xff, 0x80, 0x0, 0x0,
    0x0, 0xa, 0xff, 0x80, 0x0, 0x0, 0x0, 0xa,
    0xff, 0x90, 0x0, 0x0, 0x0, 0xa, 0xff, 0x90,
    0x0, 0x0, 0x0, 0xa, 0xff, 0xd5, 0x55, 0x55,
    0x55, 0x14, 0xff, 0xff, 0xff, 0xff, 0xff, 0xf3,
    0x5f, 0xff, 0xff, 0xff, 0xff, 0xff, 0x30,

    /* U+0033 "3" */
    0x0, 0x5, 0xbe, 0xfe, 0xb5, 0x0, 0x0, 0xb,
    0xff, 0xff, 0xff, 0xfb, 0x0, 0xa, 0xff, 0xb5,
    0x35, 0xcf, 0xf8, 0x1, 0xff, 0xa0, 0x0, 0x0,
    0xdf, 0xf0, 0x17, 0x72, 0x0, 0x0, 0x9, 0xff,
    0x0, 0x0, 0x0, 0x0, 0x0, 0xcf, 0xd0, 0x0,
    0x0, 0x0, 0x3, 0xaf, 0xf5, 0x0, 0x0, 0x4,
    0xff, 0xff, 0xc4, 0x0, 0x0, 0x0, 0x4f, 0xff,
    0xfd, 0x70, 0x0, 0x0, 0x0, 0x22, 0x4a, 0xff,
    0xc0, 0x0, 0x0, 0x0, 0x0, 0x8, 0xff, 0x60,
    0x0, 0x0, 0x0, 0x0, 0x1f, 0xf9, 0x6b, 0xb1,
    0x0, 0x0, 0x1, 0xff, 0xa6, 0xff, 0x90, 0x0,
    0x0, 0x9f, 0xf7, 0xe, 0xff, 0xb6, 0x46, 0xbf,
    0xfe, 0x0, 0x2d, 0xff, 0xff, 0xff, 0xfd, 0x20,
    0x0, 0x6, 0xbe, 0xfe, 0xb6, 0x0, 0x0,

    /* U+0034 "4" */
    0x0, 0x0, 0x0, 0x7, 0xff, 0xf2, 0x0, 0x0,
    0x0, 0x0, 0x2f, 0xff, 0xf2, 0x0, 0x0, 0x0,
    0x0, 0xbf, 0xff, 0xf2, 0x0, 0x0, 0x0, 0x5,
    0xff, 0xaf, 0xf2, 0x0, 0x0, 0x0, 0x1e, 0xfa,
    0x6f, 0xf2, 0x0, 0x0, 0x0, 0xaf, 0xe1, 0x6f,
    0xf2, 0x0, 0x0, 0x4, 0xff, 0x60, 0x6f, 0xf2,
    0x0, 0x0, 0xd, 0xfc, 0x0, 0x6f, 0xf2, 0x0,
    0x0, 0x8f, 0xf2, 0x0, 0x6f, 0xf2, 0x0, 0x2,
    0xff, 0x80, 0x0, 0x6f, 0xf2, 0x0, 0xc, 0xfd,
    0x0, 0x0, 0x6f, 0xf2, 0x0, 0x6f, 0xf8, 0x33,
    0x33, 0x8f, 0xf5, 0x31, 0xaf, 0xff, 0xff, 0xff,
    0xff, 0xff, 0xf7, 0xaf, 0xff, 0xff, 0xff, 0xff,
    0xff, 0xf7, 0x0, 0x0, 0x0, 0x0, 0x6f, 0xf2,
    0x0, 0x0, 0x0, 0x0, 0x0, 0x6f, 0xf2, 0x0,
    0x0, 0x0, 0x0, 0x0, 0x6f, 0xf2, 0x0,

    /* U+0035 "5" */
    0x6, 0xff, 0xff, 0xff, 0xff, 0xf4, 0x0, 0x8f,
    0xff, 0xff, 0xff, 0xff, 0x40, 0xa, 0xfd, 0x33,
    0x33, 0x33, 0x31, 0x0, 0xcf, 0xb0, 0x0, 0x0,
    0x0, 0x0, 0xd, 0xf9, 0x0, 0x0, 0x0, 0x0,
    0x0, 0xff, 0x70, 0x2, 0x0, 0x0, 0x0, 0x1f,
    0xf8, 0xbf, 0xff, 0xd5, 0x0, 0x3, 0xff, 0xff,
    0xff, 0xff, 0xf9, 0x0, 0x2b, 0xdb, 0x40, 0x5,
    0xdf, 0xf5, 0x0, 0x0, 0x0, 0x0, 0x1, 0xff,
    0xd0, 0x0, 0x0, 0x0, 0x0, 0x9, 0xff, 0x0,
    0x0, 0x0, 0x0, 0x0, 0x8f, 0xf1, 0x59, 0x90,
    0x0, 0x0, 0xa, 0xff, 0x6, 0xff, 0x60, 0x0,
    0x3, 0xff, 0xb0, 0xe, 0xff, 0x94, 0x48, 0xff,
    0xf3, 0x0, 0x3e, 0xff, 0xff, 0xff, 0xf5, 0x0,
    0x0, 0x17, 0xcf, 0xfd, 0x82, 0x0, 0x0,

    /* U+0036 "6" */
    0x0, 0x1, 0x8d, 0xff, 0xc7, 0x0, 0x0, 0x2,
    0xef, 0xff, 0xff, 0xfd, 0x20, 0x0, 0xef, 0xf9,
    0x55, 0xaf, 0xfd, 0x0, 0x8f, 0xf4, 0x0, 0x0,
    0x8f, 0xf5, 0xf, 0xfa, 0x0, 0x0, 0x0, 0x88,
    0x43, 0xff, 0x30, 0x0, 0x10, 0x0, 0x0, 0x7f,
    0xf0, 0x4c, 0xff, 0xfa, 0x20, 0x8, 0xff, 0x6f,
    0xff, 0xff, 0xff, 0x40, 0xaf, 0xff, 0xc4, 0x1,
    0x7f, 0xfe, 0x1a, 0xff, 0xd0, 0x0, 0x0, 0x6f,
    0xf7, 0x9f, 0xf6, 0x0, 0x0, 0x0, 0xef, 0xb7,
    0xff, 0x40, 0x0, 0x0, 0xd, 0xfc, 0x3f, 0xf7,
    0x0, 0x0, 0x0, 0xff, 0xa0, 0xdf, 0xe1, 0x0,
    0x0, 0x9f, 0xf5, 0x4, 0xff, 0xe6, 0x35, 0xbf,
    0xfc, 0x0, 0x6, 0xff, 0xff, 0xff, 0xfc, 0x10,
    0x0, 0x2, 0x9d, 0xfe, 0xc6, 0x0, 0x0,

    /* U+0037 "7" */
    0xff, 0xff, 0xff, 0xff, 0xff, 0xfa, 0xff, 0xff,
    0xff, 0xff, 0xff, 0xfa, 0x45, 0x55, 0x55, 0x55,
    0x8f, 0xf8, 0x0, 0x0, 0x0, 0x0, 0xcf, 0xf1,
    0x0, 0x0, 0x0, 0x4, 0xff, 0x80, 0x0, 0x0,
    0x0, 0xc, 0xfe, 0x10, 0x0, 0x0, 0x0, 0x5f,
    0xf7, 0x0, 0x0, 0x0, 0x0, 0xdf, 0xe0, 0x0,
    0x0, 0x0, 0x5, 0xff, 0x70, 0x0, 0x0, 0x0,
    0xd, 0xfe, 0x0, 0x0, 0x0, 0x0, 0x6f, 0xf6,
    0x0, 0x0, 0x0, 0x0, 0xef, 0xd0, 0x0, 0x0,
    0x0, 0x6, 0xff, 0x50, 0x0, 0x0, 0x0, 0xe,
    0xfd, 0x0, 0x0, 0x0, 0x0, 0x7f, 0xf5, 0x0,
    0x0, 0x0, 0x0, 0xef, 0xd0, 0x0, 0x0, 0x0,
    0x7, 0xff, 0x40, 0x0, 0x0, 0x0,

    /* U+0038 "8" */
    0x0, 0x5, 0xbe, 0xfe, 0xb5, 0x0, 0x0, 0xb,
    0xff, 0xff, 0xff, 0xfb, 0x0, 0x8, 0xff, 0xc5,
    0x34, 0xbf, 0xfa, 0x0, 0xef, 0xd0, 0x0, 0x0,
    0xcf, 0xf0, 0xf, 0xf9, 0x0, 0x0, 0x8, 0xff,
    0x10, 0xcf, 0xd0, 0x0, 0x0, 0xcf, 0xd0, 0x4,
    0xff, 0xb3, 0x13, 0xaf, 0xf4, 0x0, 0x3, 0xbf,
    0xff, 0xff, 0xc3, 0x0, 0x0, 0x9f, 0xff, 0xff,
    0xff, 0xa0, 0x0, 0xbf, 0xf9, 0x20, 0x28, 0xff,
    0xc0, 0x5f, 0xf8, 0x0, 0x0, 0x7, 0xff, 0x69,
    0xff, 0x10, 0x0, 0x0, 0xf, 0xfb, 0x9f, 0xf1,
    0x0, 0x0, 0x0, 0xff, 0xb7, 0xff, 0x80, 0x0,
    0x0, 0x6f, 0xf8, 0xe, 0xff, 0xa4, 0x24, 0x9f,
    0xff, 0x10, 0x2d, 0xff, 0xff, 0xff, 0xfe, 0x30,
    0x0, 0x6, 0xbe, 0xfe, 0xc7, 0x0, 0x0,

    /* U+0039 "9" */
    0x0, 0x5, 0xbe, 0xfe, 0xa3, 0x0, 0x0, 0xb,
    0xff, 0xff, 0xff, 0xf8, 0x0, 0xb, 0xff, 0xc5,
    0x46, 0xdf, 0xf6, 0x3, 0xff, 0xb0, 0x0, 0x0,
    0xdf, 0xe0, 0x8f, 0xf2, 0x0, 0x0, 0x4, 0xff,
    0x5a, 0xff, 0x0, 0x0, 0x0, 0x2f, 0xf9, 0x9f,
    0xf1, 0x0, 0x0, 0x4, 0xff, 0xb5, 0xff, 0x90,
    0x0, 0x0, 0xcf, 0xfc, 0xd, 0xff, 0xa3, 0x25,
    0xcf, 0xff, 0xc0, 0x2d, 0xff, 0xff, 0xff, 0x6c,
    0xfb, 0x0, 0x8, 0xdf, 0xeb, 0x30, 0xef, 0x90,
    0x0, 0x0, 0x0, 0x0, 0x1f, 0xf5, 0x4a, 0xa2,
    0x0, 0x0, 0x8, 0xff, 0x13, 0xff, 0xb0, 0x0,
    0x3, 0xff, 0xa0, 0xb, 0xff, 0xc6, 0x58, 0xff,
    0xf1, 0x0, 0x1c, 0xff, 0xff, 0xff, 0xe3, 0x0,
    0x0, 0x6, 0xce, 0xfd, 0x91, 0x0, 0x0,

    /* U+003A ":" */
    0x0, 0x52, 0x0, 0xdf, 0xf2, 0xf, 0xff, 0x50,
    0x8f, 0xb0, 0x0, 0x0, 0x0, 0x0, 0x0, 0x0,
    0x0, 0x0, 0x0, 0x0, 0x0, 0x0, 0x0, 0x5,
    0x20, 0xd, 0xff, 0x20, 0xff, 0xf5, 0x8, 0xfb,
    0x0,

    /* U+003B ";" */
    0x0, 0x43, 0x0, 0x8f, 0xf6, 0xb, 0xff, 0x90,
    0x4e, 0xd2, 0x0, 0x0, 0x0, 0x0, 0x0, 0x0,
    0x0, 0x0, 0x0, 0x0, 0x0, 0x0, 0x0, 0x0,
    0x0, 0x6, 0xbb, 0x20, 0xbf, 0xe0, 0xd, 0xfa,
    0x0, 0xff, 0x50, 0x2f, 0xf1, 0x4, 0xfc, 0x0,
    0x7f, 0x70, 0x0,

    /* U+003C "<" */
    0x0, 0x0, 0x0, 0x0, 0x0, 0x0, 0x0, 0x0,
    0x0, 0x0, 0x3, 0xa5, 0x0, 0x0, 0x0, 0x3,
    0xbf, 0xf5, 0x0, 0x0, 0x4, 0xcf, 0xff, 0xe3,
    0x0, 0x5, 0xdf, 0xff, 0xc5, 0x0, 0x6, 0xdf,
    0xff, 0xb3, 0x0, 0x0, 0xef, 0xff, 0x92, 0x0,
    0x0, 0x0, 0xff, 0xf8, 0x10, 0x0, 0x0, 0x0,
    0x7e, 0xff, 0xf9, 0x20, 0x0, 0x0, 0x0, 0x6d,
    0xff, 0xfb, 0x40, 0x0, 0x0, 0x0, 0x5d, 0xff,
    0xfd, 0x60, 0x0, 0x0, 0x0, 0x4c, 0xff, 0xf5,
    0x0, 0x0, 0x0, 0x0, 0x3b, 0xf5, 0x0, 0x0,
    0x0, 0x0, 0x0, 0x32,

    /* U+003D "=" */
    0x13, 0x33, 0x33, 0x33, 0x33, 0x31, 0x7f, 0xff,
    0xff, 0xff, 0xff, 0xf7, 0x7f, 0xff, 0xff, 0xff,
    0xff, 0xf7, 0x0, 0x0, 0x0, 0x0, 0x0, 0x0,
    0x0, 0x0, 0x0, 0x0, 0x0, 0x0, 0x13, 0x33,
    0x33, 0x33, 0x33, 0x31, 0x7f, 0xff, 0xff, 0xff,
    0xff, 0xf7, 0x7f, 0xff, 0xff, 0xff, 0xff, 0xf7,

    /* U+003E ">" */
    0x0, 0x0, 0x0, 0x0, 0x0, 0x0, 0x5a, 0x30,
    0x0, 0x0, 0x0, 0x0, 0x5f, 0xfb, 0x40, 0x0,
    0x0, 0x0, 0x3e, 0xff, 0xfc, 0x40, 0x0, 0x0,
    0x0, 0x5c, 0xff, 0xfd, 0x50, 0x0, 0x0, 0x0,
    0x3a, 0xff, 0xfd, 0x60, 0x0, 0x0, 0x0, 0x28,
    0xff, 0xfe, 0x0, 0x0, 0x0, 0x1, 0x8f, 0xff,
    0x0, 0x0, 0x2, 0x9f, 0xff, 0xe7, 0x0, 0x4,
    0xbf, 0xff, 0xd6, 0x0, 0x5, 0xdf, 0xff, 0xd5,
    0x0, 0x0, 0x5f, 0xff, 0xc4, 0x0, 0x0, 0x0,
    0x5f, 0xb3, 0x0, 0x0, 0x0, 0x0, 0x23, 0x0,
    0x0, 0x0, 0x0, 0x0,

    /* U+003F "?" */
    0x0, 0x5, 0xbe, 0xfd, 0x92, 0x0, 0x0, 0xbf,
    0xff, 0xff, 0xff, 0x40, 0x7, 0xff, 0xb4, 0x37,
    0xff, 0xf1, 0xd, 0xfd, 0x0, 0x0, 0x6f, 0xf5,
    0x8, 0x95, 0x0, 0x0, 0x3f, 0xf7, 0x0, 0x0,
    0x0, 0x0, 0x6f, 0xf5, 0x0, 0x0, 0x0, 0x5,
    0xff, 0xe0, 0x0, 0x0, 0x0, 0x9f, 0xfe, 0x20,
    0x0, 0x0, 0xc, 0xff, 0xa1, 0x0, 0x0, 0x0,
    0x3f, 0xf9, 0x0, 0x0, 0x0, 0x0, 0x6f, 0xf1,
    0x0, 0x0, 0x0, 0x0, 0x5b, 0xb0, 0x0, 0x0,
    0x0, 0x0, 0x0, 0x0, 0x0, 0x0, 0x0, 0x0,
    0x4, 0x20, 0x0, 0x0, 0x0, 0x0, 0xbf, 0xf3,
    0x0, 0x0, 0x0, 0x0, 0xef, 0xf7, 0x0, 0x0,
    0x0, 0x0, 0x6f, 0xc1, 0x0, 0x0,

    /* U+0040 "@" */
    0x0, 0x0, 0x0, 0x38, 0xce, 0xff, 0xec, 0x72,
    0x0, 0x0, 0x0, 0x0, 0x0, 0x2b, 0xff, 0xff,
    0xff, 0xff, 0xff, 0xa1, 0x0, 0x0, 0x0, 0x5,
    0xff, 0xf9, 0x41, 0x0, 0x13, 0x8f, 0xfe, 0x30,
    0x0, 0x0, 0x4f, 0xfd, 0x20, 0x0, 0x0, 0x0,
    0x1, 0xcf, 0xe2, 0x0, 0x1, 0xef, 0xc0, 0x0,
    0x0, 0x0, 0x0, 0x0, 0xc, 0xfc, 0x0, 0x8,
    0xff, 0x10, 0x0, 0x0, 0x0, 0x0, 0x0, 0x2,
    0xff, 0x40, 0xe, 0xf8, 0x0, 0x1, 0x9e, 0xfe,
    0x85, 0xb7, 0x0, 0x9f, 0xb0, 0x4f, 0xf2, 0x0,
    0x2e, 0xff, 0xff, 0xfe, 0xfa, 0x0, 0x4f, 0xf0,
    0x7f, 0xd0, 0x0, 0xcf, 0xd3, 0x2, 0x9f, 0xfa,
    0x0, 0x1f, 0xf2, 0x9f, 0xc0, 0x2, 0xff, 0x10,
    0x0, 0xb, 0xfa, 0x0, 0xf, 0xf3, 0xaf, 0xa0,
    0x6, 0xfb, 0x0, 0x0, 0x7, 0xfa, 0x0, 0xf,
    0xf3, 0xaf, 0xa0, 0x7, 0xf9, 0x0, 0x0, 0x7,
    0xfa, 0x0, 0xf, 0xf2, 0x9f, 0xb0, 0x6, 0xfb,
    0x0, 0x0, 0x8, 0xfa, 0x0, 0x1f, 0xf1, 0x7f,
    0xd0, 0x2, 0xff, 0x10, 0x0, 0xd, 0xfa, 0x0,
    0x4f, 0xd0, 0x4f, 0xf1, 0x0, 0xcf, 0xa0, 0x0,
    0x8f, 0xfd, 0x0, 0xbf, 0x80, 0xf, 0xf7, 0x0,
    0x2e, 0xff, 0xdf, 0xf8, 0xff, 0xee, 0xfe, 0x10,
    0x9, 0xfe, 0x10, 0x2, 0xae, 0xfd, 0x60, 0x3b,
    0xfe, 0xb2, 0x0, 0x1, 0xff, 0xb0, 0x0, 0x0,
    0x0, 0x0, 0x0, 0x0, 0x0, 0x0, 0x0, 0x5f,
    0xfc, 0x20, 0x0, 0x0, 0x0, 0x0, 0x0, 0x0,
    0x0, 0x0, 0x6, 0xff, 0xfa, 0x52, 0x0, 0x13,
    0x6b, 0x10, 0x0, 0x0, 0x0, 0x0, 0x3c, 0xff,
    0xff, 0xff, 0xff, 0xff, 0x70, 0x0, 0x0, 0x0,
    0x0, 0x0, 0x38, 0xbe, 0xff, 0xed, 0x95, 0x10,
    0x0, 0x0,

    /* U+0041 "A" */
    0x0, 0x0, 0x0, 0x5f, 0xff, 0x40, 0x0, 0x0,
    0x0, 0x0, 0x0, 0xb, 0xff, 0xfa, 0x0, 0x0,
    0x0, 0x0, 0x0, 0x1, 0xff, 0xaf, 0xf0, 0x0,
    0x0, 0x0, 0x0, 0x0, 0x7f, 0xf2, 0xff, 0x60,
    0x0, 0x0, 0x0, 0x0, 0xd, 0xfa, 0xc, 0xfc,
    0x0, 0x0, 0x0, 0x0, 0x3, 0xff, 0x50, 0x7f,
    0xf2, 0x0, 0x0, 0x0, 0x0, 0x9f, 0xf1, 0x2,
    0xff, 0x80, 0x0, 0x0, 0x0, 0xe, 0xfb, 0x0,
    0xc, 0xfe, 0x0, 0x0, 0x0, 0x4, 0xff, 0x50,
    0x0, 0x6f, 0xf4, 0x0, 0x0, 0x0, 0xaf, 0xf0,
    0x0, 0x1, 0xff, 0xa0, 0x0, 0x0, 0xf, 0xff,
    0xff, 0xff, 0xff, 0xff, 0x0, 0x0, 0x6, 0xff,
    0xff, 0xff, 0xff, 0xff, 0xf5, 0x0, 0x0, 0xcf,
    0xe2, 0x22, 0x22, 0x22, 0xff, 0xb0, 0x0, 0x2f,
    0xf9, 0x0, 0x0, 0x0, 0xa, 0xff, 0x10, 0x7,
    0xff, 0x40, 0x0, 0x0, 0x0, 0x4f, 0xf7, 0x0,
    0xdf, 0xf0, 0x0, 0x0, 0x0, 0x0, 0xff, 0xd0,
    0x3f, 0xfa, 0x0, 0x0, 0x0, 0x0, 0xa, 0xff,
    0x30,

    /* U+0042 "B" */
    0x1f, 0xff, 0xff, 0xff, 0xeb, 0x50, 0x0, 0x1f,
    0xff, 0xff, 0xff, 0xff, 0xfb, 0x0, 0x1f, 0xfb,
    0x33, 0x34, 0x7e, 0xff, 0x60, 0x1f, 0xf9, 0x0,
    0x0, 0x1, 0xff, 0xc0, 0x1f, 0xf9, 0x0, 0x0,
    0x0, 0xdf, 0xc0, 0x1f, 0xf9, 0x0, 0x0, 0x1,
    0xff, 0x90, 0x1f, 0xf9, 0x0, 0x0, 0x4d, 0xfe,
    0x10, 0x1f, 0xff, 0xff, 0xff, 0xff, 0x81, 0x0,
    0x1f, 0xff, 0xff, 0xff, 0xff, 0xf9, 0x0, 0x1f,
    0xf9, 0x0, 0x0, 0x2a, 0xff, 0xa0, 0x1f, 0xf9,
    0x0, 0x0, 0x0, 0xaf, 0xf3, 0x1f, 0xf9, 0x0,
    0x0, 0x0, 0x3f, 0xf7, 0x1f, 0xf9, 0x0, 0x0,
    0x0, 0x3f, 0xf8, 0x1f, 0xf9, 0x0, 0x0, 0x0,
    0x9f, 0xf5, 0x1f, 0xfb, 0x44, 0x44, 0x5a, 0xff,
    0xe0, 0x1f, 0xff, 0xff, 0xff, 0xff, 0xff, 0x40,
    0x1f, 0xff, 0xff, 0xff, 0xed, 0x81, 0x0,

    /* U+0043 "C" */
    0x0, 0x0, 0x28, 0xdf, 0xfd, 0xa5, 0x0, 0x0,
    0x0, 0x7, 0xff, 0xff, 0xff, 0xff, 0xc1, 0x0,
    0x0, 0x9f, 0xff, 0xb7, 0x69, 0xef, 0xfd, 0x10,
    0x5, 0xff, 0xd3, 0x0, 0x0, 0x9, 0xff, 0xa0,
    0xe, 0xff, 0x20, 0x0, 0x0, 0x0, 0xcf, 0xf1,
    0x4f, 0xf8, 0x0, 0x0, 0x0, 0x0, 0x49, 0x92,
    0x7f, 0xf3, 0x0, 0x0, 0x0, 0x0, 0x0, 0x0,
    0x9f, 0xf1, 0x0, 0x0, 0x0, 0x0, 0x0, 0x0,
    0xaf, 0xf0, 0x0, 0x0, 0x0, 0x0, 0x0, 0x0,
    0x9f, 0xf1, 0x0, 0x0, 0x0, 0x0, 0x0, 0x0,
    0x7f, 0xf3, 0x0, 0x0, 0x0, 0x0, 0x0, 0x0,
    0x4f, 0xf8, 0x0, 0x0, 0x0, 0x0, 0x4a, 0xa3,
    0xe, 0xff, 0x20, 0x0, 0x0, 0x0, 0xcf, 0xf1,
    0x5, 0xff, 0xd2, 0x0, 0x0, 0x9, 0xff, 0x90,
    0x0, 0x9f, 0xff, 0xb7, 0x69, 0xef, 0xfd, 0x10,
    0x0, 0x7, 0xff, 0xff, 0xff, 0xff, 0xb1, 0x0,
    0x0, 0x0, 0x29, 0xdf, 0xfd, 0xa4, 0x0, 0x0,

    /* U+0044 "D" */
    0x1f, 0xff, 0xff, 0xff, 0xda, 0x40, 0x0, 0x0,
    0x1f, 0xff, 0xff, 0xff, 0xff, 0xfb, 0x10, 0x0,
    0x1f, 0xfb, 0x44, 0x45, 0x8d, 0xff, 0xe1, 0x0,
    0x1f, 0xf9, 0x0, 0x0, 0x0, 0x8f, 0xfb, 0x0,
    0x1f, 0xf9, 0x0, 0x0, 0x0, 0xa, 0xff, 0x30,
    0x1f, 0xf9, 0x0, 0x0, 0x0, 0x2, 0xff, 0x90,
    0x1f, 0xf9, 0x0, 0x0, 0x0, 0x0, 0xdf, 0xd0,
    0x1f, 0xf9, 0x0, 0x0, 0x0, 0x0, 0xaf, 0xe0,
    0x1f, 0xf9, 0x0, 0x0, 0x0, 0x0, 0xaf, 0xf0,
    0x1f, 0xf9, 0x0, 0x0, 0x0, 0x0, 0xaf, 0xe0,
    0x1f, 0xf9, 0x0, 0x0, 0x0, 0x0, 0xdf, 0xc0,
    0x1f, 0xf9, 0x0, 0x0, 0x0, 0x2, 0xff, 0x90,
    0x1f, 0xf9, 0x0, 0x0, 0x0, 0xa, 0xff, 0x30,
    0x1f, 0xf9, 0x0, 0x0, 0x0, 0x8f, 0xfb, 0x0,
    0x1f, 0xfb, 0x44, 0x45, 0x8e, 0xff, 0xd1, 0x0,
    0x1f, 0xff, 0xff, 0xff, 0xff, 0xfb, 0x10, 0x0,
    0x1f, 0xff, 0xff, 0xff, 0xd9, 0x40, 0x0, 0x0,

    /* U+0045 "E" */
    0x1f, 0xff, 0xff, 0xff, 0xff, 0xfe, 0x1f, 0xff,
    0xff, 0xff, 0xff, 0xfe, 0x1f, 0xfb, 0x44, 0x44,
    0x44, 0x43, 0x1f, 0xf9, 0x0, 0x0, 0x0, 0x0,
    0x1f, 0xf9, 0x0, 0x0, 0x0, 0x0, 0x1f, 0xf9,
    0x0, 0x0, 0x0, 0x0, 0x1f, 0xf9, 0x0, 0x0,
    0x0, 0x0, 0x1f, 0xff, 0xff, 0xff, 0xff, 0xf5,
    0x1f, 0xff, 0xff, 0xff, 0xff, 0xf5, 0x1f, 0xfb,
    0x44, 0x44, 0x44, 0x41, 0x1f, 0xf9, 0x0, 0x0,
    0x0, 0x0, 0x1f, 0xf9, 0x0, 0x0, 0x0, 0x0,
    0x1f, 0xf9, 0x0, 0x0, 0x0, 0x0, 0x1f, 0xf9,
    0x0, 0x0, 0x0, 0x0, 0x1f, 0xfb, 0x44, 0x44,
    0x44, 0x44, 0x1f, 0xff, 0xff, 0xff, 0xff, 0xff,
    0x1f, 0xff, 0xff, 0xff, 0xff, 0xff,

    /* U+0046 "F" */
    0x1f, 0xff, 0xff, 0xff, 0xff, 0xfc, 0x1f, 0xff,
    0xff, 0xff, 0xff, 0xfc, 0x1f, 0xfb, 0x44, 0x44,
    0x44, 0x43, 0x1f, 0xf9, 0x0, 0x0, 0x0, 0x0,
    0x1f, 0xf9, 0x0, 0x0, 0x0, 0x0, 0x1f, 0xf9,
    0x0, 0x0, 0x0, 0x0, 0x1f, 0xf9, 0x0, 0x0,
    0x0, 0x0, 0x1f, 0xfb, 0x33, 0x33, 0x33, 0x30,
    0x1f, 0xff, 0xff, 0xff, 0xff, 0xf0, 0x1f, 0xff,
    0xff, 0xff, 0xff, 0xf0, 0x1f, 0xf9, 0x0, 0x0,
    0x0, 0x0, 0x1f, 0xf9, 0x0, 0x0, 0x0, 0x0,
    0x1f, 0xf9, 0x0, 0x0, 0x0, 0x0, 0x1f, 0xf9,
    0x0, 0x0, 0x0, 0x0, 0x1f, 0xf9, 0x0, 0x0,
    0x0, 0x0, 0x1f, 0xf9, 0x0, 0x0, 0x0, 0x0,
    0x1f, 0xf9, 0x0, 0x0, 0x0, 0x0,

    /* U+0047 "G" */
    0x0, 0x0, 0x29, 0xdf, 0xfd, 0xa5, 0x0, 0x0,
    0x0, 0x7, 0xff, 0xff, 0xff, 0xff, 0xc1, 0x0,
    0x0, 0x9f, 0xff, 0xb7, 0x69, 0xef, 0xfe, 0x10,
    0x5, 0xff, 0xd2, 0x0, 0x0, 0x9, 0xff, 0xb0,
    0xe, 0xff, 0x20, 0x0, 0x0, 0x0, 0xcf, 0xf2,
    0x4f, 0xf8, 0x0, 0x0, 0x0, 0x0, 0x25, 0x51,
    0x7f, 0xf3, 0x0, 0x0, 0x0, 0x0, 0x0, 0x0,
    0x9f, 0xf1, 0x0, 0x0, 0x0, 0x0, 0x0, 0x0,
    0xaf, 0xf0, 0x0, 0x0, 0x5f, 0xff, 0xff, 0xf9,
    0x9f, 0xf1, 0x0, 0x0, 0x5f, 0xff, 0xff, 0xf8,
    0x7f, 0xf3, 0x0, 0x0, 0x2, 0x22, 0x3f, 0xf7,
    0x3f, 0xf8, 0x0, 0x0, 0x0, 0x0, 0x4f, 0xf6,
    0xe, 0xff, 0x20, 0x0, 0x0, 0x0, 0xaf, 0xf1,
    0x5, 0xff, 0xd2, 0x0, 0x0, 0x8, 0xff, 0xa0,
    0x0, 0xaf, 0xff, 0xb7, 0x68, 0xdf, 0xfe, 0x10,
    0x0, 0x7, 0xff, 0xff, 0xff, 0xff, 0xc2, 0x0,
    0x0, 0x0, 0x29, 0xdf, 0xfd, 0xb5, 0x0, 0x0,

    /* U+0048 "H" */
    0x1f, 0xf9, 0x0, 0x0, 0x0, 0x0, 0xcf, 0xf1,
    0xff, 0x90, 0x0, 0x0, 0x0, 0xc, 0xff, 0x1f,
    0xf9, 0x0, 0x0, 0x0, 0x0, 0xcf, 0xf1, 0xff,
    0x90, 0x0, 0x0, 0x0, 0xc, 0xff, 0x1f, 0xf9,
    0x0, 0x0, 0x0, 0x0, 0xcf, 0xf1, 0xff, 0x90,
    0x0, 0x0, 0x0, 0xc, 0xff, 0x1f, 0xf9, 0x0,
    0x0, 0x0, 0x0, 0xcf, 0xf1, 0xff, 0xff, 0xff,
    0xff, 0xff, 0xff, 0xff, 0x1f, 0xff, 0xff, 0xff,
    0xff, 0xff, 0xff, 0xf1, 0xff, 0xb4, 0x44, 0x44,
    0x44, 0x4d, 0xff, 0x1f, 0xf9, 0x0, 0x0, 0x0,
    0x0, 0xcf, 0xf1, 0xff, 0x90, 0x0, 0x0, 0x0,
    0xc, 0xff, 0x1f, 0xf9, 0x0, 0x0, 0x0, 0x0,
    0xcf, 0xf1, 0xff, 0x90, 0x0, 0x0, 0x0, 0xc,
    0xff, 0x1f, 0xf9, 0x0, 0x0, 0x0, 0x0, 0xcf,
    0xf1, 0xff, 0x90, 0x0, 0x0, 0x0, 0xc, 0xff,
    0x1f, 0xf9, 0x0, 0x0, 0x0, 0x0, 0xcf, 0xf0,

    /* U+0049 "I" */
    0x1f, 0xf9, 0x1f, 0xf9, 0x1f, 0xf9, 0x1f, 0xf9,
    0x1f, 0xf9, 0x1f, 0xf9, 0x1f, 0xf9, 0x1f, 0xf9,
    0x1f, 0xf9, 0x1f, 0xf9, 0x1f, 0xf9, 0x1f, 0xf9,
    0x1f, 0xf9, 0x1f, 0xf9, 0x1f, 0xf9, 0x1f, 0xf9,
    0x1f, 0xf9,

    /* U+004A "J" */
    0x0, 0x0, 0x0, 0x0, 0xcf, 0xe0, 0x0, 0x0,
    0x0, 0xc, 0xfe, 0x0, 0x0, 0x0, 0x0, 0xcf,
    0xe0, 0x0, 0x0, 0x0, 0xc, 0xfe, 0x0, 0x0,
    0x0, 0x0, 0xcf, 0xe0, 0x0, 0x0, 0x0, 0xc,
    0xfe, 0x0, 0x0, 0x0, 0x0, 0xcf, 0xe0, 0x0,
    0x0, 0x0, 0xc, 0xfe, 0x0, 0x0, 0x0, 0x0,
    0xcf, 0xe0, 0x0, 0x0, 0x0, 0xc, 0xfe, 0x1,
    0x0, 0x0, 0x0, 0xcf, 0xef, 0xfb, 0x0, 0x0,
    0xc, 0xfd, 0xef, 0xd0, 0x0, 0x0, 0xef, 0xdb,
    0xff, 0x20, 0x0, 0x3f, 0xfa, 0x5f, 0xfe, 0x64,
    0x6e, 0xff, 0x40, 0x9f, 0xff, 0xff, 0xff, 0x80,
    0x0, 0x5b, 0xef, 0xeb, 0x40, 0x0,

    /* U+004B "K" */
    0x1f, 0xf9, 0x0, 0x0, 0x0, 0x2e, 0xff, 0x51,
    0xff, 0x90, 0x0, 0x0, 0x1e, 0xff, 0x60, 0x1f,
    0xf9, 0x0, 0x0, 0x1d, 0xff, 0x70, 0x1, 0xff,
    0x90, 0x0, 0xc, 0xff, 0x80, 0x0, 0x1f, 0xf9,
    0x0, 0xc, 0xff, 0x90, 0x0, 0x1, 0xff, 0x90,
    0xb, 0xff, 0xa0, 0x0, 0x0, 0x1f, 0xf9, 0x9,
    0xff, 0xb0, 0x0, 0x0, 0x1, 0xff, 0x96, 0xff,
    0xf2, 0x0, 0x0, 0x0, 0x1f, 0xfc, 0xff, 0xff,
    0xb0, 0x0, 0x0, 0x1, 0xff, 0xff, 0xaa, 0xff,
    0x70, 0x0, 0x0, 0x1f, 0xff, 0xb0, 0x1e, 0xff,
    0x30, 0x0, 0x1, 0xff, 0xc0, 0x0, 0x3f, 0xfd,
    0x0, 0x0, 0x1f, 0xf9, 0x0, 0x0, 0x8f, 0xf9,
    0x0, 0x1, 0xff, 0x90, 0x0, 0x0, 0xcf, 0xf5,
    0x0, 0x1f, 0xf9, 0x0, 0x0, 0x2, 0xff, 0xe1,
    0x1, 0xff, 0x90, 0x0, 0x0, 0x6, 0xff, 0xc0,
    0x1f, 0xf9, 0x0, 0x0, 0x0, 0xa, 0xff, 0x70,

    /* U+004C "L" */
    0x1f, 0xf9, 0x0, 0x0, 0x0, 0x0, 0x1f, 0xf9,
    0x0, 0x0, 0x0, 0x0, 0x1f, 0xf9, 0x0, 0x0,
    0x0, 0x0, 0x1f, 0xf9, 0x0, 0x0, 0x0, 0x0,
    0x1f, 0xf9, 0x0, 0x0, 0x0, 0x0, 0x1f, 0xf9,
    0x0, 0x0, 0x0, 0x0, 0x1f, 0xf9, 0x0, 0x0,
    0x0, 0x0, 0x1f, 0xf9, 0x0, 0x0, 0x0, 0x0,
    0x1f, 0xf9, 0x0, 0x0, 0x0, 0x0, 0x1f, 0xf9,
    0x0, 0x0, 0x0, 0x0, 0x1f, 0xf9, 0x0, 0x0,
    0x0, 0x0, 0x1f, 0xf9, 0x0, 0x0, 0x0, 0x0,
    0x1f, 0xf9, 0x0, 0x0, 0x0, 0x0, 0x1f, 0xf9,
    0x0, 0x0, 0x0, 0x0, 0x1f, 0xfb, 0x44, 0x44,
    0x44, 0x42, 0x1f, 0xff, 0xff, 0xff, 0xff, 0xf8,
    0x1f, 0xff, 0xff, 0xff, 0xff, 0xf8,

    /* U+004D "M" */
    0x1f, 0xff, 0xf1, 0x0, 0x0, 0x0, 0x0, 0x2f,
    0xff, 0xf1, 0xff, 0xff, 0x70, 0x0, 0x0, 0x0,
    0x9, 0xff, 0xff, 0x1f, 0xff, 0xfd, 0x0, 0x0,
    0x0, 0x0, 0xef, 0xff, 0xf1, 0xff, 0xbf, 0xf3,
    0x0, 0x0, 0x0, 0x5f, 0xfb, 0xff, 0x1f, 0xf7,
    0xef, 0xa0, 0x0, 0x0, 0xb, 0xfc, 0xaf, 0xf1,
    0xff, 0x7a, 0xff, 0x0, 0x0, 0x1, 0xff, 0x7a,
    0xff, 0x1f, 0xf8, 0x4f, 0xf6, 0x0, 0x0, 0x7f,
    0xf2, 0xaf, 0xf1, 0xff, 0x80, 0xef, 0xc0, 0x0,
    0xd, 0xfc, 0xa, 0xff, 0x1f, 0xf8, 0x8, 0xff,
    0x30, 0x4, 0xff, 0x60, 0xaf, 0xf1, 0xff, 0x80,
    0x2f, 0xf9, 0x0, 0xaf, 0xf1, 0xa, 0xff, 0x1f,
    0xf8, 0x0, 0xcf, 0xe0, 0xf, 0xfa, 0x0, 0xaf,
    0xf1, 0xff, 0x80, 0x5, 0xff, 0x34, 0xff, 0x30,
    0xa, 0xff, 0x1f, 0xf8, 0x0, 0xe, 0xf8, 0x9f,
    0xd0, 0x0, 0xaf, 0xf1, 0xff, 0x80, 0x0, 0x9f,
    0xcd, 0xf7, 0x0, 0xa, 0xff, 0x1f, 0xf8, 0x0,
    0x2, 0xff, 0xff, 0x10, 0x0, 0xaf, 0xf1, 0xff,
    0x80, 0x0, 0xc, 0xff, 0xa0, 0x0, 0xa, 0xff,
    0x1f, 0xf8, 0x0, 0x0, 0x6f, 0xf4, 0x0, 0x0,
    0xaf, 0xf0,

    /* U+004E "N" */
    0x1f, 0xff, 0x50, 0x0, 0x0, 0x0, 0x7f, 0xf3,
    0x1f, 0xff, 0xe1, 0x0, 0x0, 0x0, 0x7f, 0xf3,
    0x1f, 0xff, 0xfa, 0x0, 0x0, 0x0, 0x7f, 0xf3,
    0x1f, 0xfd, 0xff, 0x40, 0x0, 0x0, 0x7f, 0xf3,
    0x1f, 0xf8, 0xcf, 0xe0, 0x0, 0x0, 0x7f, 0xf3,
    0x1f, 0xf8, 0x3f, 0xf9, 0x0, 0x0, 0x7f, 0xf3,
    0x1f, 0xf9, 0xa, 0xff, 0x30, 0x0, 0x7f, 0xf3,
    0x1f, 0xfa, 0x1, 0xff, 0xd0, 0x0, 0x7f, 0xf3,
    0x1f, 0xfa, 0x0, 0x6f, 0xf8, 0x0, 0x7f, 0xf3,
    0x1f, 0xfa, 0x0, 0xc, 0xff, 0x30, 0x7f, 0xf3,
    0x1f, 0xfa, 0x0, 0x2, 0xff, 0xc0, 0x7f, 0xf3,
    0x1f, 0xfa, 0x0, 0x0, 0x7f, 0xf6, 0x7f, 0xf3,
    0x1f, 0xfa, 0x0, 0x0, 0xc, 0xfe, 0x7f, 0xf3,
    0x1f, 0xfa, 0x0, 0x0, 0x2, 0xff, 0xdf, 0xf3,
    0x1f, 0xfa, 0x0, 0x0, 0x0, 0x8f, 0xff, 0xf3,
    0x1f, 0xfa, 0x0, 0x0, 0x0, 0xd, 0xff, 0xf3,
    0x1f, 0xfa, 0x0, 0x0, 0x0, 0x3, 0xff, 0xf3,

    /* U+004F "O" */
    0x0, 0x0, 0x28, 0xdf, 0xfe, 0xa5, 0x0, 0x0,
    0x0, 0x0, 0x7f, 0xff, 0xff, 0xff, 0xfc, 0x10,
    0x0, 0x0, 0x9f, 0xff, 0xb7, 0x69, 0xef, 0xfe,
    0x10, 0x0, 0x5f, 0xfd, 0x20, 0x0, 0x0, 0x9f,
    0xfb, 0x0, 0xe, 0xff, 0x20, 0x0, 0x0, 0x0,
    0xbf, 0xf4, 0x4, 0xff, 0x80, 0x0, 0x0, 0x0,
    0x2, 0xff, 0xa0, 0x7f, 0xf3, 0x0, 0x0, 0x0,
    0x0, 0xd, 0xfe, 0x9, 0xff, 0x10, 0x0, 0x0,
    0x0, 0x0, 0xaf, 0xf0, 0xaf, 0xf0, 0x0, 0x0,
    0x0, 0x0, 0x9, 0xff, 0x19, 0xff, 0x10, 0x0,
    0x0, 0x0, 0x0, 0xaf, 0xf0, 0x7f, 0xf3, 0x0,
    0x0, 0x0, 0x0, 0xd, 0xfe, 0x4, 0xff, 0x80,
    0x0, 0x0, 0x0, 0x2, 0xff, 0xa0, 0xe, 0xff,
    0x20, 0x0, 0x0, 0x0, 0xbf, 0xf4, 0x0, 0x5f,
    0xfd, 0x20, 0x0, 0x0, 0x9f, 0xfb, 0x0, 0x0,
    0x9f, 0xff, 0xb7, 0x69, 0xef, 0xfe, 0x10, 0x0,
    0x0, 0x7f, 0xff, 0xff, 0xff, 0xfc, 0x10, 0x0,
    0x0, 0x0, 0x28, 0xdf, 0xfe, 0xb5, 0x0, 0x0,
    0x0,

    /* U+0050 "P" */
    0x1f, 0xff, 0xff, 0xff, 0xda, 0x40, 0x0, 0x1f,
    0xff, 0xff, 0xff, 0xff, 0xf9, 0x0, 0x1f, 0xfb,
    0x33, 0x34, 0x7e, 0xff, 0x60, 0x1f, 0xf9, 0x0,
    0x0, 0x2, 0xff, 0xd0, 0x1f, 0xf9, 0x0, 0x0,
    0x0, 0xaf, 0xf1, 0x1f, 0xf9, 0x0, 0x0, 0x0,
    0x8f, 0xf3, 0x1f, 0xf9, 0x0, 0x0, 0x0, 0xaf,
    0xf1, 0x1f, 0xf9, 0x0, 0x0, 0x2, 0xff, 0xd0,
    0x1f, 0xfb, 0x33, 0x34, 0x7e, 0xff, 0x60, 0x1f,
    0xff, 0xff, 0xff, 0xff, 0xf9, 0x0, 0x1f, 0xff,
    0xff, 0xff, 0xda, 0x40, 0x0, 0x1f, 0xf9, 0x0,
    0x0, 0x0, 0x0, 0x0, 0x1f, 0xf9, 0x0, 0x0,
    0x0, 0x0, 0x0, 0x1f, 0xf9, 0x0, 0x0, 0x0,
    0x0, 0x0, 0x1f, 0xf9, 0x0, 0x0, 0x0, 0x0,
    0x0, 0x1f, 0xf9, 0x0, 0x0, 0x0, 0x0, 0x0,
    0x1f, 0xf9, 0x0, 0x0, 0x0, 0x0, 0x0,

    /* U+0051 "Q" */
    0x0, 0x0, 0x28, 0xdf, 0xfe, 0xa5, 0x0, 0x0,
    0x0, 0x0, 0x7f, 0xff, 0xff, 0xff, 0xfc, 0x10,
    0x0, 0x0, 0x9f, 0xff, 0xb7, 0x69, 0xef, 0xfe,
    0x10, 0x0, 0x5f, 0xfd, 0x20, 0x0, 0x0, 0x9f,
    0xfb, 0x0, 0xe, 0xff, 0x20, 0x0, 0x0, 0x0,
    0xbf, 0xf4, 0x4, 0xff, 0x80, 0x0, 0x0, 0x0,
    0x2, 0xff, 0xa0, 0x7f, 0xf3, 0x0, 0x0, 0x0,
    0x0, 0xd, 0xfe, 0x9, 0xff, 0x10, 0x0, 0x0,
    0x0, 0x0, 0xaf, 0xf0, 0xaf, 0xf0, 0x0, 0x0,
    0x0, 0x0, 0x9, 0xff, 0x9, 0xff, 0x10, 0x0,
    0x0, 0x0, 0x0, 0xaf, 0xf0, 0x7f, 0xf3, 0x0,
    0x0, 0x0, 0x0, 0xd, 0xfe, 0x4, 0xff, 0x80,
    0x0, 0x39, 0x91, 0x2, 0xff, 0x90, 0xe, 0xff,
    0x20, 0x0, 0xbf, 0xc0, 0xaf, 0xf4, 0x0, 0x5f,
    0xfd, 0x20, 0x1, 0xdf, 0xdf, 0xfb, 0x0, 0x0,
    0x9f, 0xff, 0xb7, 0x6b, 0xff, 0xfd, 0x10, 0x0,
    0x0, 0x7f, 0xff, 0xff, 0xff, 0xff, 0x50, 0x0,
    0x0, 0x0, 0x28, 0xdf, 0xfe, 0xab, 0xfe, 0x10,
    0x0, 0x0, 0x0, 0x0, 0x0, 0x0, 0xd, 0xfb,
    0x0, 0x0, 0x0, 0x0, 0x0, 0x0, 0x0, 0x28,
    0x82, 0x0,

    /* U+0052 "R" */
    0x1f, 0xff, 0xff, 0xff, 0xea, 0x50, 0x0, 0x1f,
    0xff, 0xff, 0xff, 0xff, 0xfb, 0x0, 0x1f, 0xfb,
    0x33, 0x34, 0x7d, 0xff, 0x80, 0x1f, 0xf9, 0x0,
    0x0, 0x1, 0xef, 0xe0, 0x1f, 0xf9, 0x0, 0x0,
    0x0, 0x9f, 0xf2, 0x1f, 0xf9, 0x0, 0x0, 0x0,
    0x8f, 0xf2, 0x1f, 0xf9, 0x0, 0x0, 0x0, 0xcf,
    0xf0, 0x1f, 0xf9, 0x0, 0x0, 0x3a, 0xff, 0xa0,
    0x1f, 0xff, 0xff, 0xff, 0xff, 0xfd, 0x10, 0x1f,
    0xff, 0xff, 0xff, 0xff, 0x91, 0x0, 0x1f, 0xfb,
    0x33, 0x39, 0xff, 0x60, 0x0, 0x1f, 0xf9, 0x0,
    0x1, 0xff, 0xe0, 0x0, 0x1f, 0xf9, 0x0, 0x0,
    0x7f, 0xf7, 0x0, 0x1f, 0xf9, 0x0, 0x0, 0xe,
    0xff, 0x10, 0x1f, 0xf9, 0x0, 0x0, 0x7, 0xff,
    0x80, 0x1f, 0xf9, 0x0, 0x0, 0x0, 0xef, 0xf1,
    0x1f, 0xf9, 0x0, 0x0, 0x0, 0x6f, 0xf9,

    /* U+0053 "S" */
    0x0, 0x4, 0xad, 0xff, 0xd9, 0x20, 0x0, 0x0,
    0xaf, 0xff, 0xff, 0xff, 0xf7, 0x0, 0x9, 0xff,
    0xd7, 0x55, 0x8f, 0xff, 0x50, 0x1f, 0xfc, 0x0,
    0x0, 0x2, 0xff, 0xd0, 0x3f, 0xf7, 0x0, 0x0,
    0x0, 0x69, 0x90, 0x2f, 0xfa, 0x0, 0x0, 0x0,
    0x0, 0x0, 0xd, 0xff, 0xb2, 0x0, 0x0, 0x0,
    0x0, 0x2, 0xdf, 0xff, 0xd9, 0x50, 0x0, 0x0,
    0x0, 0x6, 0xcf, 0xff, 0xff, 0x91, 0x0, 0x0,
    0x0, 0x1, 0x6a, 0xff, 0xff, 0x30, 0x0, 0x0,
    0x0, 0x0, 0x6, 0xff, 0xd0, 0x0, 0x0, 0x0,
    0x0, 0x0, 0x8f, 0xf2, 0x9e, 0xe1, 0x0, 0x0,
    0x0, 0x7f, 0xf3, 0x7f, 0xf9, 0x0, 0x0, 0x1,
    0xdf, 0xf0, 0x1e, 0xff, 0xc7, 0x56, 0x9f, 0xff,
    0x80, 0x3, 0xef, 0xff, 0xff, 0xff, 0xfa, 0x0,
    0x0, 0x6, 0xbe, 0xff, 0xd9, 0x30, 0x0,

    /* U+0054 "T" */
    0xff, 0xff, 0xff, 0xff, 0xff, 0xff, 0xf9, 0xff,
    0xff, 0xff, 0xff, 0xff, 0xff, 0xf9, 0x34, 0x44,
    0x4a, 0xff, 0x64, 0x44, 0x42, 0x0, 0x0, 0x8,
    0xff, 0x30, 0x0, 0x0, 0x0, 0x0, 0x8, 0xff,
    0x30, 0x0, 0x0, 0x0, 0x0, 0x8, 0xff, 0x30,
    0x0, 0x0, 0x0, 0x0, 0x8, 0xff, 0x30, 0x0,
    0x0, 0x0, 0x0, 0x8, 0xff, 0x30, 0x0, 0x0,
    0x0, 0x0, 0x8, 0xff, 0x30, 0x0, 0x0, 0x0,
    0x0, 0x8, 0xff, 0x30, 0x0, 0x0, 0x0, 0x0,
    0x8, 0xff, 0x30, 0x0, 0x0, 0x0, 0x0, 0x8,
    0xff, 0x30, 0x0, 0x0, 0x0, 0x0, 0x8, 0xff,
    0x30, 0x0, 0x0, 0x0, 0x0, 0x8, 0xff, 0x30,
    0x0, 0x0, 0x0, 0x0, 0x8, 0xff, 0x30, 0x0,
    0x0, 0x0, 0x0, 0x8, 0xff, 0x30, 0x0, 0x0,
    0x0, 0x0, 0x8, 0xff, 0x30, 0x0, 0x0,

    /* U+0055 "U" */
    0x1f, 0xf9, 0x0, 0x0, 0x0, 0x0, 0xdf, 0xd1,
    0xff, 0x90, 0x0, 0x0, 0x0, 0xd, 0xfd, 0x1f,
    0xf9, 0x0, 0x0, 0x0, 0x0, 0xdf, 0xd1, 0xff,
    0x90, 0x0, 0x0, 0x0, 0xd, 0xfd, 0x1f, 0xf9,
    0x0, 0x0, 0x0, 0x0, 0xdf, 0xd1, 0xff, 0x90,
    0x0, 0x0, 0x0, 0xd, 0xfd, 0x1f, 0xf9, 0x0,
    0x0, 0x0, 0x0, 0xdf, 0xd1, 0xff, 0x90, 0x0,
    0x0, 0x0, 0xd, 0xfd, 0x1f, 0xf9, 0x0, 0x0,
    0x0, 0x0, 0xdf, 0xd1, 0xff, 0x90, 0x0, 0x0,
    0x0, 0xd, 0xfd, 0x1f, 0xf9, 0x0, 0x0, 0x0,
    0x0, 0xdf, 0xd0, 0xff, 0xb0, 0x0, 0x0, 0x0,
    0xe, 0xfc, 0xd, 0xff, 0x10, 0x0, 0x0, 0x4,
    0xff, 0x90, 0x7f, 0xfb, 0x0, 0x0, 0x2, 0xef,
    0xf3, 0x0, 0xcf, 0xfe, 0x86, 0x69, 0xff, 0xf9,
    0x0, 0x1, 0xbf, 0xff, 0xff, 0xff, 0xf9, 0x0,
    0x0, 0x0, 0x5a, 0xdf, 0xfd, 0x93, 0x0, 0x0,

    /* U+0056 "V" */
    0x3f, 0xfa, 0x0, 0x0, 0x0, 0x0, 0xa, 0xff,
    0x30, 0xdf, 0xf0, 0x0, 0x0, 0x0, 0x0, 0xff,
    0xd0, 0x7, 0xff, 0x60, 0x0, 0x0, 0x0, 0x5f,
    0xf8, 0x0, 0x1f, 0xfb, 0x0, 0x0, 0x0, 0xb,
    0xff, 0x20, 0x0, 0xbf, 0xf1, 0x0, 0x0, 0x1,
    0xff, 0xc0, 0x0, 0x5, 0xff, 0x70, 0x0, 0x0,
    0x6f, 0xf6, 0x0, 0x0, 0xf, 0xfd, 0x0, 0x0,
    0xb, 0xff, 0x10, 0x0, 0x0, 0x9f, 0xf2, 0x0,
    0x1, 0xff, 0xa0, 0x0, 0x0, 0x3, 0xff, 0x80,
    0x0, 0x7f, 0xf4, 0x0, 0x0, 0x0, 0xd, 0xfe,
    0x0, 0xc, 0xfe, 0x0, 0x0, 0x0, 0x0, 0x8f,
    0xf3, 0x1, 0xff, 0x90, 0x0, 0x0, 0x0, 0x2,
    0xff, 0x80, 0x6f, 0xf3, 0x0, 0x0, 0x0, 0x0,
    0xc, 0xfd, 0xb, 0xfd, 0x0, 0x0, 0x0, 0x0,
    0x0, 0x6f, 0xf3, 0xff, 0x70, 0x0, 0x0, 0x0,
    0x0, 0x0, 0xff, 0xcf, 0xf1, 0x0, 0x0, 0x0,
    0x0, 0x0, 0xa, 0xff, 0xfb, 0x0, 0x0, 0x0,
    0x0, 0x0, 0x0, 0x4f, 0xff, 0x50, 0x0, 0x0,
    0x0,

    /* U+0057 "W" */
    0x4f, 0xf8, 0x0, 0x0, 0x0, 0x8f, 0xfa, 0x0,
    0x0, 0x0, 0x7f, 0xf5, 0xf, 0xfc, 0x0, 0x0,
    0x0, 0xdf, 0xfe, 0x0, 0x0, 0x0, 0xcf, 0xf1,
    0xb, 0xff, 0x10, 0x0, 0x1, 0xff, 0xff, 0x20,
    0x0, 0x0, 0xff, 0xc0, 0x6, 0xff, 0x50, 0x0,
    0x5, 0xfe, 0xef, 0x60, 0x0, 0x4, 0xff, 0x70,
    0x2, 0xff, 0x90, 0x0, 0x9, 0xfb, 0xbf, 0xa0,
    0x0, 0x8, 0xff, 0x30, 0x0, 0xef, 0xd0, 0x0,
    0xe, 0xf8, 0x7f, 0xe0, 0x0, 0xc, 0xfe, 0x0,
    0x0, 0x9f, 0xf1, 0x0, 0x2f, 0xf4, 0x3f, 0xf3,
    0x0, 0xf, 0xfa, 0x0, 0x0, 0x5f, 0xf5, 0x0,
    0x6f, 0xf0, 0xf, 0xf7, 0x0, 0x4f, 0xf5, 0x0,
    0x0, 0xf, 0xf9, 0x0, 0xaf, 0xc0, 0xb, 0xfb,
    0x0, 0x8f, 0xf1, 0x0, 0x0, 0xc, 0xfd, 0x0,
    0xef, 0x70, 0x6, 0xff, 0x0, 0xcf, 0xd0, 0x0,
    0x0, 0x7, 0xff, 0x13, 0xff, 0x30, 0x2, 0xff,
    0x30, 0xff, 0x80, 0x0, 0x0, 0x3, 0xff, 0x57,
    0xfe, 0x0, 0x0, 0xef, 0x74, 0xff, 0x40, 0x0,
    0x0, 0x0, 0xef, 0x8a, 0xfa, 0x0, 0x0, 0x9f,
    0xb7, 0xff, 0x0, 0x0, 0x0, 0x0, 0xaf, 0xbd,
    0xf6, 0x0, 0x0, 0x5f, 0xeb, 0xfb, 0x0, 0x0,
    0x0, 0x0, 0x5f, 0xff, 0xf1, 0x0, 0x0, 0x1f,
    0xff, 0xf6, 0x0, 0x0, 0x0, 0x0, 0x1f, 0xff,
    0xd0, 0x0, 0x0, 0xc, 0xff, 0xf2, 0x0, 0x0,
    0x0, 0x0, 0xd, 0xff, 0x80, 0x0, 0x0, 0x7,
    0xff, 0xd0, 0x0, 0x0,

    /* U+0058 "X" */
    0x8, 0xff, 0x80, 0x0, 0x0, 0x0, 0x9f, 0xf6,
    0x0, 0xd, 0xff, 0x30, 0x0, 0x0, 0x4f, 0xfb,
    0x0, 0x0, 0x2f, 0xfd, 0x0, 0x0, 0x1e, 0xfe,
    0x10, 0x0, 0x0, 0x7f, 0xf9, 0x0, 0xb, 0xff,
    0x50, 0x0, 0x0, 0x0, 0xbf, 0xf3, 0x5, 0xff,
    0x90, 0x0, 0x0, 0x0, 0x1, 0xef, 0xd1, 0xef,
    0xd0, 0x0, 0x0, 0x0, 0x0, 0x5, 0xff, 0xdf,
    0xf3, 0x0, 0x0, 0x0, 0x0, 0x0, 0xa, 0xff,
    0xf7, 0x0, 0x0, 0x0, 0x0, 0x0, 0x0, 0x4f,
    0xff, 0x30, 0x0, 0x0, 0x0, 0x0, 0x0, 0x1e,
    0xff, 0xfd, 0x0, 0x0, 0x0, 0x0, 0x0, 0xa,
    0xff, 0x8f, 0xf9, 0x0, 0x0, 0x0, 0x0, 0x6,
    0xff, 0x80, 0xcf, 0xf4, 0x0, 0x0, 0x0, 0x2,
    0xff, 0xd0, 0x2, 0xff, 0xe1, 0x0, 0x0, 0x0,
    0xcf, 0xf3, 0x0, 0x6, 0xff, 0xb0, 0x0, 0x0,
    0x9f, 0xf7, 0x0, 0x0, 0xb, 0xff, 0x60, 0x0,
    0x4f, 0xfc, 0x0, 0x0, 0x0, 0x1e, 0xff, 0x20,
    0x1e, 0xff, 0x20, 0x0, 0x0, 0x0, 0x4f, 0xfc,
    0x0,

    /* U+0059 "Y" */
    0x2f, 0xfe, 0x10, 0x0, 0x0, 0x0, 0x4f, 0xfc,
    0x0, 0x7f, 0xfa, 0x0, 0x0, 0x0, 0xd, 0xff,
    0x20, 0x0, 0xdf, 0xf3, 0x0, 0x0, 0x7, 0xff,
    0x80, 0x0, 0x3, 0xff, 0xd0, 0x0, 0x2, 0xff,
    0xe0, 0x0, 0x0, 0x9, 0xff, 0x70, 0x0, 0xbf,
    0xf4, 0x0, 0x0, 0x0, 0xe, 0xff, 0x10, 0x4f,
    0xfa, 0x0, 0x0, 0x0, 0x0, 0x5f, 0xf9, 0xd,
    0xff, 0x10, 0x0, 0x0, 0x0, 0x0, 0xbf, 0xf7,
    0xff, 0x60, 0x0, 0x0, 0x0, 0x0, 0x1, 0xff,
    0xff, 0xc0, 0x0, 0x0, 0x0, 0x0, 0x0, 0x6,
    0xff, 0xf2, 0x0, 0x0, 0x0, 0x0, 0x0, 0x0,
    0xf, 0xfb, 0x0, 0x0, 0x0, 0x0, 0x0, 0x0,
    0x0, 0xff, 0xb0, 0x0, 0x0, 0x0, 0x0, 0x0,
    0x0, 0xf, 0xfb, 0x0, 0x0, 0x0, 0x0, 0x0,
    0x0, 0x0, 0xff, 0xb0, 0x0, 0x0, 0x0, 0x0,
    0x0, 0x0, 0xf, 0xfb, 0x0, 0x0, 0x0, 0x0,
    0x0, 0x0, 0x0, 0xff, 0xb0, 0x0, 0x0, 0x0,
    0x0, 0x0, 0x0, 0xf, 0xfb, 0x0, 0x0, 0x0,
    0x0,

    /* U+005A "Z" */
    0x9f, 0xff, 0xff, 0xff, 0xff, 0xff, 0xe9, 0xff,
    0xff, 0xff, 0xff, 0xff, 0xfe, 0x23, 0x33, 0x33,
    0x33, 0x39, 0xff, 0x50, 0x0, 0x0, 0x0, 0x3,
    0xff, 0xa0, 0x0, 0x0, 0x0, 0x1, 0xef, 0xe1,
    0x0, 0x0, 0x0, 0x0, 0xaf, 0xf4, 0x0, 0x0,
    0x0, 0x0, 0x5f, 0xf8, 0x0, 0x0, 0x0, 0x0,
    0x1f, 0xfd, 0x0, 0x0, 0x0, 0x0, 0xc, 0xff,
    0x20, 0x0, 0x0, 0x0, 0x7, 0xff, 0x70, 0x0,
    0x0, 0x0, 0x3, 0xff, 0xb0, 0x0, 0x0, 0x0,
    0x0, 0xdf, 0xe1, 0x0, 0x0, 0x0, 0x0, 0x9f,
    0xf5, 0x0, 0x0, 0x0, 0x0, 0x4f, 0xf8, 0x0,
    0x0, 0x0, 0x0, 0x1e, 0xfd, 0x33, 0x33, 0x33,
    0x33, 0x38, 0xff, 0xff, 0xff, 0xff, 0xff, 0xff,
    0x8f, 0xff, 0xff, 0xff, 0xff, 0xff, 0xf0,

    /* U+005B "[" */
    0x0, 0x0, 0x0, 0x8f, 0xff, 0xf7, 0x8f, 0xff,
    0xf7, 0x8f, 0xf0, 0x0, 0x8f, 0xf0, 0x0, 0x8f,
    0xf0, 0x0, 0x8f, 0xf0, 0x0, 0x8f, 0xf0, 0x0,
    0x8f, 0xf0, 0x0, 0x8f, 0xf0, 0x0, 0x8f, 0xf0,
    0x0, 0x8f, 0xf0, 0x0, 0x8f, 0xf0, 0x0, 0x8f,
    0xf0, 0x0, 0x8f, 0xf0, 0x0, 0x8f, 0xf0, 0x0,
    0x8f, 0xf0, 0x0, 0x8f, 0xf0, 0x0, 0x8f, 0xf0,
    0x0, 0x8f, 0xf0, 0x0, 0x8f, 0xff, 0xf7, 0x8f,
    0xff, 0xf7,

    /* U+005C "\\" */
    0x38, 0x60, 0x0, 0x0, 0x4, 0xff, 0x10, 0x0,
    0x0, 0xf, 0xf5, 0x0, 0x0, 0x0, 0xbf, 0x90,
    0x0, 0x0, 0x6, 0xfe, 0x0, 0x0, 0x0, 0x2f,
    0xf2, 0x0, 0x0, 0x0, 0xef, 0x60, 0x0, 0x0,
    0x9, 0xfb, 0x0, 0x0, 0x0, 0x5f, 0xf0, 0x0,
    0x0, 0x1, 0xff, 0x40, 0x0, 0x0, 0xc, 0xf8,
    0x0, 0x0, 0x0, 0x8f, 0xc0, 0x0, 0x0, 0x3,
    0xff, 0x10, 0x0, 0x0, 0xf, 0xf5, 0x0, 0x0,
    0x0, 0xbf, 0x90, 0x0, 0x0, 0x6, 0xfe, 0x0,
    0x0, 0x0, 0x2f, 0xf2, 0x0, 0x0, 0x0, 0xdf,
    0x70, 0x0, 0x0, 0x9, 0xfb, 0x0, 0x0, 0x0,
    0x5f, 0xf0, 0x0, 0x0, 0x0, 0xff, 0x40,

    /* U+005D "]" */
    0x0, 0x0, 0x0, 0xaf, 0xff, 0xf6, 0xaf, 0xff,
    0xf6, 0x0, 0x1f, 0xf6, 0x0, 0x1f, 0xf6, 0x0,
    0x1f, 0xf6, 0x0, 0x1f, 0xf6, 0x0, 0x1f, 0xf6,
    0x0, 0x1f, 0xf6, 0x0, 0x1f, 0xf6, 0x0, 0x1f,
    0xf6, 0x0, 0x1f, 0xf6, 0x0, 0x1f, 0xf6, 0x0,
    0x1f, 0xf6, 0x0, 0x1f, 0xf6, 0x0, 0x1f, 0xf6,
    0x0, 0x1f, 0xf6, 0x0, 0x1f, 0xf6, 0x0, 0x1f,
    0xf6, 0x0, 0x2f, 0xf6, 0xaf, 0xff, 0xf6, 0xaf,
    0xff, 0xf6,

    /* U+005E "^" */
    0x0, 0x0, 0x58, 0x70, 0x0, 0x0, 0x0, 0xf,
    0xff, 0x70, 0x0, 0x0, 0x7, 0xfd, 0xfe, 0x0,
    0x0, 0x0, 0xef, 0x3c, 0xf6, 0x0, 0x0, 0x6f,
    0xc0, 0x5f, 0xd0, 0x0, 0xe, 0xf5, 0x0, 0xdf,
    0x50, 0x5, 0xfd, 0x0, 0x7, 0xfd, 0x0, 0xdf,
    0x70, 0x0, 0xf, 0xf4,

    /* U+005F "_" */
    0x22, 0x22, 0x22, 0x22, 0x22, 0x20, 0xff, 0xff,
    0xff, 0xff, 0xff, 0xf1, 0xff, 0xff, 0xff, 0xff,
    0xff, 0xf1,

    /* U+0060 "`" */
    0x6, 0x73, 0x0, 0x9, 0xfe, 0x0, 0x0, 0xdf,
    0x60, 0x0, 0x3f, 0xd0,

    /* U+0061 "a" */
    0x0, 0x3, 0xae, 0xfe, 0xc7, 0x0, 0x0, 0x7f,
    0xff, 0xff, 0xff, 0xc0, 0x4, 0xff, 0xc4, 0x12,
    0x9f, 0xf7, 0x2, 0x7a, 0x0, 0x0, 0xd, 0xfc,
    0x0, 0x0, 0x0, 0x0, 0xc, 0xfe, 0x0, 0x0,
    0x47, 0x9b, 0xef, 0xfe, 0x0, 0x8f, 0xff, 0xff,
    0xee, 0xfe, 0x9, 0xff, 0xb6, 0x31, 0xa, 0xfe,
    0xf, 0xfb, 0x0, 0x0, 0xb, 0xfe, 0xf, 0xf9,
    0x0, 0x0, 0x2f, 0xfe, 0xc, 0xff, 0x51, 0x15,
    0xef, 0xfe, 0x3, 0xff, 0xff, 0xff, 0xda, 0xfe,
    0x0, 0x2a, 0xef, 0xd8, 0x9, 0xfe,

    /* U+0062 "b" */
    0x4f, 0xf5, 0x0, 0x0, 0x0, 0x0, 0x4, 0xff,
    0x50, 0x0, 0x0, 0x0, 0x0, 0x4f, 0xf5, 0x0,
    0x0, 0x0, 0x0, 0x4, 0xff, 0x50, 0x0, 0x0,
    0x0, 0x0, 0x4f, 0xf5, 0x2a, 0xef, 0xd7, 0x0,
    0x4, 0xff, 0x6e, 0xff, 0xff, 0xfc, 0x10, 0x4f,
    0xff, 0xd5, 0x24, 0xbf, 0xfa, 0x4, 0xff, 0xf1,
    0x0, 0x0, 0xbf, 0xf2, 0x4f, 0xf9, 0x0, 0x0,
    0x4, 0xff, 0x74, 0xff, 0x60, 0x0, 0x0, 0xf,
    0xf9, 0x4f, 0xf4, 0x0, 0x0, 0x0, 0xff, 0xb4,
    0xff, 0x60, 0x0, 0x0, 0xf, 0xf9, 0x4f, 0xf9,
    0x0, 0x0, 0x4, 0xff, 0x74, 0xff, 0xf2, 0x0,
    0x0, 0xcf, 0xf2, 0x4f, 0xfe, 0xe5, 0x24, 0xbf,
    0xfb, 0x4, 0xff, 0x5e, 0xff, 0xff, 0xfd, 0x10,
    0x4f, 0xf4, 0x2a, 0xef, 0xd7, 0x0, 0x0,

    /* U+0063 "c" */
    0x0, 0x6, 0xce, 0xfd, 0x92, 0x0, 0x1, 0xcf,
    0xff, 0xff, 0xff, 0x50, 0xb, 0xff, 0xa4, 0x26,
    0xef, 0xf2, 0x4f, 0xf9, 0x0, 0x0, 0x2f, 0xf7,
    0x9f, 0xf1, 0x0, 0x0, 0x2, 0x0, 0xcf, 0xd0,
    0x0, 0x0, 0x0, 0x0, 0xdf, 0xc0, 0x0, 0x0,
    0x0, 0x0, 0xcf, 0xd0, 0x0, 0x0, 0x0, 0x0,
    0x9f, 0xf1, 0x0, 0x0, 0x3, 0x10, 0x4f, 0xf9,
    0x0, 0x0, 0x2f, 0xf8, 0xb, 0xff, 0xa3, 0x26,
    0xef, 0xf2, 0x1, 0xcf, 0xff, 0xff, 0xff, 0x50,
    0x0, 0x6, 0xce, 0xfe, 0x92, 0x0,

    /* U+0064 "d" */
    0x0, 0x0, 0x0, 0x0, 0x7, 0xff, 0x10, 0x0,
    0x0, 0x0, 0x0, 0x7f, 0xf1, 0x0, 0x0, 0x0,
    0x0, 0x7, 0xff, 0x10, 0x0, 0x0, 0x0, 0x0,
    0x7f, 0xf1, 0x0, 0x18, 0xdf, 0xe9, 0x17, 0xff,
    0x10, 0x2e, 0xff, 0xff, 0xfc, 0x8f, 0xf1, 0xc,
    0xff, 0xa3, 0x26, 0xef, 0xff, 0x15, 0xff, 0x90,
    0x0, 0x3, 0xff, 0xf1, 0xaf, 0xf1, 0x0, 0x0,
    0xc, 0xff, 0x1c, 0xfd, 0x0, 0x0, 0x0, 0x8f,
    0xf1, 0xdf, 0xc0, 0x0, 0x0, 0x7, 0xff, 0x1c,
    0xfd, 0x0, 0x0, 0x0, 0x8f, 0xf1, 0xaf, 0xf1,
    0x0, 0x0, 0xc, 0xff, 0x15, 0xff, 0x90, 0x0,
    0x4, 0xff, 0xf1, 0xd, 0xff, 0xa3, 0x26, 0xfe,
    0xff, 0x10, 0x2e, 0xff, 0xff, 0xfc, 0x7f, 0xf1,
    0x0, 0x18, 0xdf, 0xe9, 0x16, 0xff, 0x10,

    /* U+0065 "e" */
    0x0, 0x6, 0xce, 0xfd, 0x81, 0x0, 0x0, 0x1c,
    0xff, 0xff, 0xff, 0xe4, 0x0, 0xb, 0xff, 0x83,
    0x25, 0xef, 0xf1, 0x4, 0xff, 0x50, 0x0, 0x2,
    0xff, 0x80, 0x9f, 0xe0, 0x0, 0x0, 0xb, 0xfd,
    0xc, 0xff, 0xee, 0xee, 0xee, 0xff, 0xf0, 0xdf,
    0xff, 0xff, 0xff, 0xff, 0xff, 0xc, 0xfc, 0x0,
    0x0, 0x0, 0x0, 0x0, 0x9f, 0xf0, 0x0, 0x0,
    0x0, 0x0, 0x4, 0xff, 0x80, 0x0, 0x0, 0xca,
    0x50, 0xb, 0xff, 0xa3, 0x24, 0xcf, 0xf5, 0x0,
    0x1c, 0xff, 0xff, 0xff, 0xf8, 0x0, 0x0, 0x6,
    0xbe, 0xfd, 0xa4, 0x0, 0x0,

    /* U+0066 "f" */
    0x0, 0x0, 0x15, 0x76, 0x30, 0x0, 0x5f, 0xff,
    0xf9, 0x0, 0x1f, 0xff, 0xcc, 0x40, 0x3, 0xff,
    0x70, 0x0, 0x0, 0x4f, 0xf4, 0x0, 0xc, 0xff,
    0xff, 0xff, 0xf3, 0xcf, 0xff, 0xff, 0xff, 0x30,
    0x15, 0xff, 0x51, 0x10, 0x0, 0x4f, 0xf4, 0x0,
    0x0, 0x4, 0xff, 0x40, 0x0, 0x0, 0x4f, 0xf4,
    0x0, 0x0, 0x4, 0xff, 0x40, 0x0, 0x0, 0x4f,
    0xf4, 0x0, 0x0, 0x4, 0xff, 0x40, 0x0, 0x0,
    0x4f, 0xf4, 0x0, 0x0, 0x4, 0xff, 0x40, 0x0,
    0x0, 0x4f, 0xf4, 0x0, 0x0, 0x4, 0xff, 0x40,
    0x0,

    /* U+0067 "g" */
    0x0, 0x18, 0xdf, 0xe9, 0x16, 0xff, 0x20, 0x2d,
    0xff, 0xff, 0xfd, 0x6f, 0xf2, 0xc, 0xff, 0xa3,
    0x26, 0xee, 0xff, 0x24, 0xff, 0xa0, 0x0, 0x4,
    0xff, 0xf2, 0x9f, 0xf1, 0x0, 0x0, 0xc, 0xff,
    0x2c, 0xfd, 0x0, 0x0, 0x0, 0x8f, 0xf2, 0xdf,
    0xc0, 0x0, 0x0, 0x7, 0xff, 0x2c, 0xfe, 0x0,
    0x0, 0x0, 0x8f, 0xf2, 0xaf, 0xf1, 0x0, 0x0,
    0xb, 0xff, 0x26, 0xff, 0x80, 0x0, 0x3, 0xff,
    0xf2, 0xd, 0xff, 0x83, 0x25, 0xef, 0xff, 0x20,
    0x3e, 0xff, 0xff, 0xfd, 0x7f, 0xf2, 0x0, 0x19,
    0xdf, 0xe9, 0x16, 0xff, 0x20, 0x0, 0x0, 0x0,
    0x0, 0x7f, 0xf1, 0x1, 0x71, 0x0, 0x0, 0xc,
    0xfe, 0x1, 0xff, 0xd5, 0x11, 0x3a, 0xff, 0x80,
    0x5, 0xff, 0xff, 0xff, 0xff, 0xb0, 0x0, 0x2,
    0x8d, 0xef, 0xea, 0x50, 0x0,

    /* U+0068 "h" */
    0x4f, 0xf4, 0x0, 0x0, 0x0, 0x0, 0x4f, 0xf4,
    0x0, 0x0, 0x0, 0x0, 0x4f, 0xf4, 0x0, 0x0,
    0x0, 0x0, 0x4f, 0xf4, 0x0, 0x0, 0x0, 0x0,
    0x4f, 0xf4, 0x2a, 0xef, 0xd7, 0x0, 0x4f, 0xf6,
    0xef, 0xff, 0xff, 0xa0, 0x4f, 0xfe, 0xd5, 0x47,
    0xff, 0xf4, 0x4f, 0xfd, 0x0, 0x0, 0x4f, 0xf9,
    0x4f, 0xf7, 0x0, 0x0, 0xf, 0xfb, 0x4f, 0xf5,
    0x0, 0x0, 0xe, 0xfb, 0x4f, 0xf5, 0x0, 0x0,
    0xe, 0xfb, 0x4f, 0xf5, 0x0, 0x0, 0xe, 0xfb,
    0x4f, 0xf5, 0x0, 0x0, 0xe, 0xfb, 0x4f, 0xf5,
    0x0, 0x0, 0xe, 0xfb, 0x4f, 0xf5, 0x0, 0x0,
    0xe, 0xfb, 0x4f, 0xf5, 0x0, 0x0, 0xe, 0xfb,
    0x4f, 0xf5, 0x0, 0x0, 0xe, 0xfb,

    /* U+0069 "i" */
    0x5, 0x60, 0x6f, 0xf8, 0x6f, 0xf8, 0x5, 0x60,
    0x0, 0x0, 0x4f, 0xf5, 0x4f, 0xf5, 0x4f, 0xf5,
    0x4f, 0xf5, 0x4f, 0xf5, 0x4f, 0xf5, 0x4f, 0xf5,
    0x4f, 0xf5, 0x4f, 0xf5, 0x4f, 0xf5, 0x4f, 0xf5,
    0x4f, 0xf5, 0x4f, 0xf5,

    /* U+006A "j" */
    0x0, 0x5, 0x60, 0x0, 0x7f, 0xf8, 0x0, 0x7f,
    0xf8, 0x0, 0x5, 0x60, 0x0, 0x0, 0x0, 0x0,
    0x4f, 0xf5, 0x0, 0x4f, 0xf5, 0x0, 0x4f, 0xf5,
    0x0, 0x4f, 0xf5, 0x0, 0x4f, 0xf5, 0x0, 0x4f,
    0xf5, 0x0, 0x4f, 0xf5, 0x0, 0x4f, 0xf5, 0x0,
    0x4f, 0xf5, 0x0, 0x4f, 0xf5, 0x0, 0x4f, 0xf5,
    0x0, 0x4f, 0xf5, 0x0, 0x4f, 0xf5, 0x0, 0x4f,
    0xf4, 0x0, 0x5f, 0xf4, 0x14, 0xdf, 0xf1, 0x6f,
    0xff, 0x90, 0x6f, 0xd7, 0x0,

    /* U+006B "k" */
    0x4f, 0xf5, 0x0, 0x0, 0x0, 0x0, 0x4, 0xff,
    0x50, 0x0, 0x0, 0x0, 0x0, 0x4f, 0xf5, 0x0,
    0x0, 0x0, 0x0, 0x4, 0xff, 0x50, 0x0, 0x0,
    0x0, 0x0, 0x4f, 0xf5, 0x0, 0x0, 0xbf, 0xf5,
    0x4, 0xff, 0x50, 0x0, 0xaf, 0xf6, 0x0, 0x4f,
    0xf5, 0x0, 0xaf, 0xf7, 0x0, 0x4, 0xff, 0x50,
    0x9f, 0xf8, 0x0, 0x0, 0x4f, 0xf5, 0x8f, 0xf9,
    0x0, 0x0, 0x4, 0xff, 0xcf, 0xfc, 0x0, 0x0,
    0x0, 0x4f, 0xff, 0xff, 0xf3, 0x0, 0x0, 0x4,
    0xff, 0xf7, 0xff, 0xe1, 0x0, 0x0, 0x4f, 0xf6,
    0x6, 0xff, 0xb0, 0x0, 0x4, 0xff, 0x50, 0xa,
    0xff, 0x80, 0x0, 0x4f, 0xf5, 0x0, 0xd, 0xff,
    0x40, 0x4, 0xff, 0x50, 0x0, 0x3f, 0xfe, 0x10,
    0x4f, 0xf5, 0x0, 0x0, 0x6f, 0xfc, 0x0,

    /* U+006C "l" */
    0x4f, 0xf5, 0x4f, 0xf5, 0x4f, 0xf5, 0x4f, 0xf5,
    0x4f, 0xf5, 0x4f, 0xf5, 0x4f, 0xf5, 0x4f, 0xf5,
    0x4f, 0xf5, 0x4f, 0xf5, 0x4f, 0xf5, 0x4f, 0xf5,
    0x4f, 0xf5, 0x4f, 0xf5, 0x4f, 0xf5, 0x4f, 0xf5,
    0x4f, 0xf5,

    /* U+006D "m" */
    0x4f, 0xf3, 0x3b, 0xfe, 0xa1, 0x1, 0x9e, 0xfd,
    0x70, 0x4, 0xff, 0x7f, 0xff, 0xff, 0xc2, 0xef,
    0xff, 0xff, 0xa0, 0x4f, 0xff, 0x81, 0x18, 0xff,
    0xdd, 0x30, 0x3d, 0xff, 0x34, 0xff, 0xa0, 0x0,
    0xc, 0xff, 0x30, 0x0, 0x3f, 0xf7, 0x4f, 0xf6,
    0x0, 0x0, 0x9f, 0xf0, 0x0, 0x0, 0xff, 0x94,
    0xff, 0x50, 0x0, 0x9, 0xff, 0x0, 0x0, 0xf,
    0xf9, 0x4f, 0xf5, 0x0, 0x0, 0x9f, 0xf0, 0x0,
    0x0, 0xff, 0x94, 0xff, 0x50, 0x0, 0x9, 0xff,
    0x0, 0x0, 0xf, 0xf9, 0x4f, 0xf5, 0x0, 0x0,
    0x9f, 0xf0, 0x0, 0x0, 0xff, 0x94, 0xff, 0x50,
    0x0, 0x9, 0xff, 0x0, 0x0, 0xf, 0xf9, 0x4f,
    0xf5, 0x0, 0x0, 0x9f, 0xf0, 0x0, 0x0, 0xff,
    0x94, 0xff, 0x50, 0x0, 0x9, 0xff, 0x0, 0x0,
    0xf, 0xf9, 0x4f, 0xf5, 0x0, 0x0, 0x9f, 0xf0,
    0x0, 0x0, 0xff, 0x90,

    /* U+006E "n" */
    0x4f, 0xf3, 0x2a, 0xef, 0xd7, 0x0, 0x4f, 0xf6,
    0xff, 0xff, 0xff, 0xa0, 0x4f, 0xfe, 0xb3, 0x14,
    0xef, 0xf4, 0x4f, 0xfc, 0x0, 0x0, 0x3f, 0xf9,
    0x4f, 0xf6, 0x0, 0x0, 0xf, 0xfa, 0x4f, 0xf5,
    0x0, 0x0, 0xe, 0xfb, 0x4f, 0xf5, 0x0, 0x0,
    0xe, 0xfb, 0x4f, 0xf5, 0x0, 0x0, 0xe, 0xfb,
    0x4f, 0xf5, 0x0, 0x0, 0xe, 0xfb, 0x4f, 0xf5,
    0x0, 0x0, 0xe, 0xfb, 0x4f, 0xf5, 0x0, 0x0,
    0xe, 0xfb, 0x4f, 0xf5, 0x0, 0x0, 0xe, 0xfb,
    0x4f, 0xf5, 0x0, 0x0, 0xe, 0xfb,

    /* U+006F "o" */
    0x0, 0x6, 0xce, 0xfd, 0x92, 0x0, 0x0, 0x1b,
    0xff, 0xff, 0xff, 0xf5, 0x0, 0xb, 0xff, 0xa3,
    0x26, 0xef, 0xf3, 0x4, 0xff, 0x90, 0x0, 0x2,
    0xff, 0xc0, 0x9f, 0xf1, 0x0, 0x0, 0x9, 0xff,
    0x1c, 0xfd, 0x0, 0x0, 0x0, 0x5f, 0xf4, 0xdf,
    0xc0, 0x0, 0x0, 0x4, 0xff, 0x5c, 0xfd, 0x0,
    0x0, 0x0, 0x5f, 0xf4, 0x9f, 0xf1, 0x0, 0x0,
    0x9, 0xff, 0x14, 0xff, 0x90, 0x0, 0x2, 0xff,
    0xc0, 0xb, 0xff, 0xa3, 0x26, 0xef, 0xf3, 0x0,
    0x1b, 0xff, 0xff, 0xff, 0xf5, 0x0, 0x0, 0x6,
    0xce, 0xfd, 0x92, 0x0, 0x0,

    /* U+0070 "p" */
    0x4f, 0xf4, 0x2b, 0xef, 0xd7, 0x0, 0x4, 0xff,
    0x6f, 0xff, 0xff, 0xfc, 0x10, 0x4f, 0xff, 0xc3,
    0x1, 0x9f, 0xfa, 0x4, 0xff, 0xe0, 0x0, 0x0,
    0xaf, 0xf2, 0x4f, 0xf8, 0x0, 0x0, 0x3, 0xff,
    0x74, 0xff, 0x50, 0x0, 0x0, 0xf, 0xf9, 0x4f,
    0xf4, 0x0, 0x0, 0x0, 0xff, 0xb4, 0xff, 0x60,
    0x0, 0x0, 0xf, 0xf9, 0x4f, 0xfa, 0x0, 0x0,
    0x4, 0xff, 0x74, 0xff, 0xf2, 0x0, 0x0, 0xcf,
    0xf2, 0x4f, 0xff, 0xe5, 0x24, 0xbf, 0xfb, 0x4,
    0xff, 0x6e, 0xff, 0xff, 0xfd, 0x10, 0x4f, 0xf5,
    0x2a, 0xef, 0xd7, 0x0, 0x4, 0xff, 0x50, 0x0,
    0x0, 0x0, 0x0, 0x4f, 0xf5, 0x0, 0x0, 0x0,
    0x0, 0x4, 0xff, 0x50, 0x0, 0x0, 0x0, 0x0,
    0x4f, 0xf5, 0x0, 0x0, 0x0, 0x0, 0x4, 0xff,
    0x50, 0x0, 0x0, 0x0, 0x0,

    /* U+0071 "q" */
    0x0, 0x18, 0xdf, 0xe9, 0x16, 0xff, 0x10, 0x2e,
    0xff, 0xff, 0xfc, 0x7f, 0xf1, 0xc, 0xff, 0xa3,
    0x26, 0xee, 0xff, 0x15, 0xff, 0x90, 0x0, 0x3,
    0xff, 0xf1, 0xaf, 0xf1, 0x0, 0x0, 0xc, 0xff,
    0x1c, 0xfd, 0x0, 0x0, 0x0, 0x8f, 0xf1, 0xdf,
    0xc0, 0x0, 0x0, 0x7, 0xff, 0x1c, 0xfd, 0x0,
    0x0, 0x0, 0x8f, 0xf1, 0xaf, 0xf1, 0x0, 0x0,
    0xc, 0xff, 0x15, 0xff, 0x90, 0x0, 0x4, 0xff,
    0xf1, 0xd, 0xff, 0xa3, 0x26, 0xff, 0xff, 0x10,
    0x2e, 0xff, 0xff, 0xfc, 0x8f, 0xf1, 0x0, 0x18,
    0xdf, 0xe9, 0x17, 0xff, 0x10, 0x0, 0x0, 0x0,
    0x0, 0x7f, 0xf1, 0x0, 0x0, 0x0, 0x0, 0x7,
    0xff, 0x10, 0x0, 0x0, 0x0, 0x0, 0x7f, 0xf1,
    0x0, 0x0, 0x0, 0x0, 0x7, 0xff, 0x10, 0x0,
    0x0, 0x0, 0x0, 0x7f, 0xf1,

    /* U+0072 "r" */
    0x4f, 0xf3, 0x4c, 0xfc, 0x4f, 0xf8, 0xff, 0xfc,
    0x4f, 0xff, 0xc5, 0x23, 0x4f, 0xfc, 0x0, 0x0,
    0x4f, 0xf6, 0x0, 0x0, 0x4f, 0xf5, 0x0, 0x0,
    0x4f, 0xf5, 0x0, 0x0, 0x4f, 0xf5, 0x0, 0x0,
    0x4f, 0xf5, 0x0, 0x0, 0x4f, 0xf5, 0x0, 0x0,
    0x4f, 0xf5, 0x0, 0x0, 0x4f, 0xf5, 0x0, 0x0,
    0x4f, 0xf5, 0x0, 0x0,

    /* U+0073 "s" */
    0x0, 0x4a, 0xef, 0xeb, 0x40, 0x0, 0x8f, 0xff,
    0xff, 0xff, 0x80, 0x3f, 0xfc, 0x30, 0x2a, 0xff,
    0x36, 0xff, 0x30, 0x0, 0x8, 0x61, 0x5f, 0xf8,
    0x0, 0x0, 0x0, 0x0, 0xdf, 0xfe, 0xa7, 0x30,
    0x0, 0x1, 0x9f, 0xff, 0xff, 0xe5, 0x0, 0x0,
    0x4, 0x7b, 0xff, 0xf5, 0x0, 0x0, 0x0, 0x3,
    0xff, 0xb6, 0xbb, 0x0, 0x0, 0xe, 0xfc, 0x8f,
    0xfa, 0x21, 0x2a, 0xff, 0x70, 0xcf, 0xff, 0xff,
    0xff, 0xb0, 0x0, 0x6b, 0xef, 0xeb, 0x50, 0x0,

    /* U+0074 "t" */
    0x0, 0xdf, 0xb0, 0x0, 0x0, 0xdf, 0xb0, 0x0,
    0x0, 0xdf, 0xb0, 0x0, 0xcf, 0xff, 0xff, 0xf5,
    0xcf, 0xff, 0xff, 0xf5, 0x1, 0xdf, 0xb1, 0x10,
    0x0, 0xdf, 0xb0, 0x0, 0x0, 0xdf, 0xb0, 0x0,
    0x0, 0xdf, 0xb0, 0x0, 0x0, 0xdf, 0xb0, 0x0,
    0x0, 0xdf, 0xb0, 0x0, 0x0, 0xdf, 0xb0, 0x0,
    0x0, 0xdf, 0xb0, 0x0, 0x0, 0xbf, 0xf4, 0x21,
    0x0, 0x4f, 0xff, 0xf6, 0x0, 0x5, 0xcf, 0xf8,

    /* U+0075 "u" */
    0x4f, 0xf5, 0x0, 0x0, 0xe, 0xfb, 0x4f, 0xf5,
    0x0, 0x0, 0xe, 0xfb, 0x4f, 0xf5, 0x0, 0x0,
    0xe, 0xfb, 0x4f, 0xf5, 0x0, 0x0, 0xe, 0xfb,
    0x4f, 0xf5, 0x0, 0x0, 0xe, 0xfb, 0x4f, 0xf5,
    0x0, 0x0, 0xe, 0xfb, 0x4f, 0xf5, 0x0, 0x0,
    0xe, 0xfb, 0x4f, 0xf5, 0x0, 0x0, 0xe, 0xfb,
    0x3f, 0xf6, 0x0, 0x0, 0xf, 0xfb, 0x2f, 0xfb,
    0x0, 0x0, 0x7f, 0xfb, 0xd, 0xff, 0xa4, 0x49,
    0xfe, 0xfb, 0x4, 0xff, 0xff, 0xff, 0x7c, 0xfb,
    0x0, 0x3b, 0xff, 0xc5, 0xc, 0xfb,

    /* U+0076 "v" */
    0x4f, 0xf8, 0x0, 0x0, 0x0, 0xbf, 0xf1, 0xe,
    0xfd, 0x0, 0x0, 0x1, 0xff, 0xa0, 0x8, 0xff,
    0x30, 0x0, 0x6, 0xff, 0x40, 0x2, 0xff, 0x80,
    0x0, 0xc, 0xfe, 0x0, 0x0, 0xbf, 0xe0, 0x0,
    0x1f, 0xf8, 0x0, 0x0, 0x5f, 0xf4, 0x0, 0x7f,
    0xf2, 0x0, 0x0, 0xf, 0xf9, 0x0, 0xcf, 0xc0,
    0x0, 0x0, 0x9, 0xfe, 0x2, 0xff, 0x60, 0x0,
    0x0, 0x3, 0xff, 0x47, 0xff, 0x0, 0x0, 0x0,
    0x0, 0xdf, 0x9b, 0xfa, 0x0, 0x0, 0x0, 0x0,
    0x7f, 0xdf, 0xf3, 0x0, 0x0, 0x0, 0x0, 0x1f,
    0xff, 0xd0, 0x0, 0x0, 0x0, 0x0, 0xb, 0xff,
    0x70, 0x0, 0x0,

    /* U+0077 "w" */
    0x2f, 0xf8, 0x0, 0x0, 0x7f, 0xf6, 0x0, 0x0,
    0xaf, 0xf1, 0xd, 0xfc, 0x0, 0x0, 0xbf, 0xfa,
    0x0, 0x0, 0xef, 0xc0, 0x9, 0xff, 0x10, 0x0,
    0xff, 0xfe, 0x0, 0x2, 0xff, 0x70, 0x4, 0xff,
    0x50, 0x4, 0xfd, 0xef, 0x20, 0x7, 0xff, 0x20,
    0x0, 0xff, 0x90, 0x8, 0xf9, 0xaf, 0x70, 0xb,
    0xfd, 0x0, 0x0, 0xaf, 0xd0, 0xc, 0xf5, 0x6f,
    0xb0, 0xf, 0xf8, 0x0, 0x0, 0x5f, 0xf1, 0x1f,
    0xf1, 0x2f, 0xf0, 0x3f, 0xf4, 0x0, 0x0, 0x1f,
    0xf5, 0x5f, 0xc0, 0xe, 0xf3, 0x7f, 0xe0, 0x0,
    0x0, 0xc, 0xf9, 0x8f, 0x70, 0x9, 0xf6, 0xbf,
    0xa0, 0x0, 0x0, 0x7, 0xfd, 0xcf, 0x30, 0x5,
    0xfa, 0xef, 0x50, 0x0, 0x0, 0x2, 0xff, 0xfe,
    0x0, 0x0, 0xff, 0xff, 0x0, 0x0, 0x0, 0x0,
    0xdf, 0xfa, 0x0, 0x0, 0xbf, 0xfb, 0x0, 0x0,
    0x0, 0x0, 0x8f, 0xf5, 0x0, 0x0, 0x7f, 0xf6,
    0x0, 0x0,

    /* U+0078 "x" */
    0xb, 0xff, 0x20, 0x0, 0xa, 0xff, 0x20, 0x1f,
    0xfc, 0x0, 0x5, 0xff, 0x80, 0x0, 0x6f, 0xf6,
    0x0, 0xef, 0xd0, 0x0, 0x0, 0xbf, 0xe0, 0x8f,
    0xf3, 0x0, 0x0, 0x1, 0xff, 0x9f, 0xf8, 0x0,
    0x0, 0x0, 0x6, 0xff, 0xfd, 0x0, 0x0, 0x0,
    0x0, 0x1f, 0xff, 0x60, 0x0, 0x0, 0x0, 0xa,
    0xff, 0xfe, 0x10, 0x0, 0x0, 0x5, 0xff, 0x5e,
    0xfa, 0x0, 0x0, 0x1, 0xef, 0xb0, 0x6f, 0xf5,
    0x0, 0x0, 0xaf, 0xf2, 0x0, 0xcf, 0xe1, 0x0,
    0x5f, 0xf8, 0x0, 0x2, 0xff, 0xa0, 0x1e, 0xfd,
    0x0, 0x0, 0x8, 0xff, 0x50,

    /* U+0079 "y" */
    0x4f, 0xf8, 0x0, 0x0, 0x0, 0xaf, 0xf1, 0xe,
    0xfd, 0x0, 0x0, 0x1, 0xff, 0xb0, 0x8, 0xff,
    0x30, 0x0, 0x6, 0xff, 0x40, 0x2, 0xff, 0x80,
    0x0, 0xc, 0xfe, 0x0, 0x0, 0xbf, 0xe0, 0x0,
    0x1f, 0xf8, 0x0, 0x0, 0x5f, 0xf4, 0x0, 0x7f,
    0xf2, 0x0, 0x0, 0xf, 0xf9, 0x0, 0xdf, 0xc0,
    0x0, 0x0, 0x9, 0xfe, 0x2, 0xff, 0x60, 0x0,
    0x0, 0x3, 0xff, 0x47, 0xff, 0x0, 0x0, 0x0,
    0x0, 0xdf, 0x8c, 0xfa, 0x0, 0x0, 0x0, 0x0,
    0x7f, 0xdf, 0xf3, 0x0, 0x0, 0x0, 0x0, 0x1f,
    0xff, 0xd0, 0x0, 0x0, 0x0, 0x0, 0xb, 0xff,
    0x70, 0x0, 0x0, 0x0, 0x0, 0x9, 0xff, 0x10,
    0x0, 0x0, 0x0, 0x0, 0xe, 0xfb, 0x0, 0x0,
    0x0, 0x0, 0x43, 0xaf, 0xf3, 0x0, 0x0, 0x0,
    0x1, 0xff, 0xff, 0x90, 0x0, 0x0, 0x0, 0x4,
    0xef, 0xd7, 0x0, 0x0, 0x0, 0x0,

    /* U+007A "z" */
    0x5f, 0xff, 0xff, 0xff, 0xff, 0xb5, 0xff, 0xff,
    0xff, 0xff, 0xfb, 0x14, 0x44, 0x44, 0x4d, 0xff,
    0x40, 0x0, 0x0, 0x7, 0xff, 0x70, 0x0, 0x0,
    0x4, 0xff, 0xb0, 0x0, 0x0, 0x1, 0xef, 0xe1,
    0x0, 0x0, 0x0, 0xcf, 0xf3, 0x0, 0x0, 0x0,
    0x9f, 0xf6, 0x0, 0x0, 0x0, 0x5f, 0xfa, 0x0,
    0x0, 0x0, 0x3f, 0xfd, 0x0, 0x0, 0x0, 0x1d,
    0xff, 0x74, 0x44, 0x44, 0x48, 0xff, 0xff, 0xff,
    0xff, 0xff, 0x8f, 0xff, 0xff, 0xff, 0xff, 0xf0,

    /* U+007B "{" */
    0x0, 0x0, 0x1, 0x57, 0x10, 0x0, 0x7, 0xff,
    0xf3, 0x0, 0x4, 0xff, 0xe9, 0x10, 0x0, 0x9f,
    0xf1, 0x0, 0x0, 0xb, 0xfb, 0x0, 0x0, 0x0,
    0xbf, 0xa0, 0x0, 0x0, 0xc, 0xfa, 0x0, 0x0,
    0x0, 0xcf, 0xa0, 0x0, 0x0, 0xe, 0xf9, 0x0,
    0x0, 0x17, 0xff, 0x50, 0x0, 0x5f, 0xff, 0x90,
    0x0, 0x5, 0xff, 0x91, 0x0, 0x0, 0x29, 0xef,
    0xf2, 0x0, 0x0, 0x1, 0xff, 0x80, 0x0, 0x0,
    0xc, 0xfa, 0x0, 0x0, 0x0, 0xcf, 0xa0, 0x0,
    0x0, 0xc, 0xfa, 0x0, 0x0, 0x0, 0xbf, 0xa0,
    0x0, 0x0, 0xa, 0xfd, 0x0, 0x0, 0x0, 0x7f,
    0xf7, 0x10, 0x0, 0x1, 0xef, 0xff, 0x30, 0x0,
    0x1, 0x9d, 0xf3,

    /* U+007C "|" */
    0xf, 0xf5, 0xf, 0xf5, 0xf, 0xf5, 0xf, 0xf5,
    0xf, 0xf5, 0xf, 0xf5, 0xf, 0xf5, 0xf, 0xf5,
    0xf, 0xf5, 0xf, 0xf5, 0xf, 0xf5, 0xf, 0xf5,
    0xf, 0xf5, 0xf, 0xf5, 0xf, 0xf5, 0xf, 0xf5,
    0xf, 0xf5, 0xf, 0xf5, 0xf, 0xf5, 0xf, 0xf5,
    0xf, 0xf5, 0xf, 0xf5, 0xf, 0xf5, 0xf, 0xf5,
    0xf, 0xf5, 0xf, 0xf5, 0xf, 0xf5, 0xf, 0xf5,

    /* U+007D "}" */
    0x46, 0x30, 0x0, 0x0, 0xaf, 0xfd, 0x20, 0x0,
    0x5b, 0xff, 0xd0, 0x0, 0x0, 0x7f, 0xf2, 0x0,
    0x0, 0x2f, 0xf4, 0x0, 0x0, 0xf, 0xf4, 0x0,
    0x0, 0xf, 0xf5, 0x0, 0x0, 0xf, 0xf5, 0x0,
    0x0, 0xf, 0xf7, 0x0, 0x0, 0xc, 0xfe, 0x40,
    0x0, 0x2, 0xcf, 0xfe, 0x0, 0x0, 0x5d, 0xfe,
    0x0, 0x8, 0xff, 0xb6, 0x0, 0xf, 0xf9, 0x0,
    0x0, 0xf, 0xf5, 0x0, 0x0, 0xf, 0xf5, 0x0,
    0x0, 0xf, 0xf5, 0x0, 0x0, 0x1f, 0xf4, 0x0,
    0x0, 0x3f, 0xf3, 0x0, 0x3, 0xcf, 0xf0, 0x0,
    0xaf, 0xff, 0x80, 0x0, 0xae, 0xb5, 0x0, 0x0,

    /* U+007E "~" */
    0x0, 0x5d, 0xfc, 0x40, 0x0, 0x19, 0x90, 0x5,
    0xff, 0xff, 0xf6, 0x0, 0x3f, 0xf0, 0xc, 0xfc,
    0x49, 0xff, 0x84, 0xcf, 0xc0, 0xf, 0xf4, 0x0,
    0x6f, 0xff, 0xff, 0x50, 0x9, 0x91, 0x0, 0x3,
    0xcf, 0xd6, 0x0,

    /* U+00A0 " " */

    /* U+00A1 "¡" */
    0x8, 0xfb, 0x0, 0xff, 0xf5, 0xd, 0xff, 0x20,
    0x4, 0x10, 0x0, 0x0, 0x0, 0x5a, 0x90, 0x9,
    0xfe, 0x0, 0x9f, 0xf0, 0xa, 0xff, 0x0, 0xaf,
    0xf0, 0xa, 0xff, 0x0, 0xaf, 0xf0, 0xb, 0xff,
    0x0, 0xbf, 0xf0, 0xb, 0xff, 0x0, 0xbf, 0xf1,
    0xc, 0xff, 0x10,

    /* U+00A2 "¢" */
    0x0, 0x0, 0x8, 0xd0, 0x0, 0x0, 0x0, 0x0,
    0x8, 0xd0, 0x0, 0x0, 0x0, 0x7, 0xdf, 0xfe,
    0xa3, 0x0, 0x1, 0xdf, 0xff, 0xff, 0xff, 0x60,
    0xb, 0xff, 0x9a, 0xd4, 0xdf, 0xf3, 0x4f, 0xf9,
    0x8, 0xd0, 0x1f, 0xf7, 0x9f, 0xf1, 0x8, 0xd0,
    0x2, 0x0, 0xcf, 0xd0, 0x8, 0xd0, 0x0, 0x0,
    0xdf, 0xc0, 0x8, 0xd0, 0x0, 0x0, 0xcf, 0xd0,
    0x8, 0xd0, 0x0, 0x0, 0x9f, 0xf1, 0x8, 0xd0,
    0x3, 0x10, 0x4f, 0xf8, 0x8, 0xd0, 0x1f, 0xf8,
    0xc, 0xff, 0x8a, 0xd4, 0xdf, 0xf3, 0x1, 0xdf,
    0xff, 0xff, 0xff, 0x60, 0x0, 0x7, 0xdf, 0xfe,
    0xb3, 0x0, 0x0, 0x0, 0x8, 0xd0, 0x0, 0x0,
    0x0, 0x0, 0x8, 0xd0, 0x0, 0x0,

    /* U+00A3 "£" */
    0x0, 0x0, 0x5b, 0xef, 0xe9, 0x20, 0x0, 0x0,
    0xbf, 0xff, 0xff, 0xff, 0x40, 0x0, 0x8f, 0xfc,
    0x64, 0x7e, 0xff, 0x10, 0xe, 0xfc, 0x0, 0x0,
    0x3f, 0xf7, 0x1, 0xff, 0x70, 0x0, 0x0, 0x54,
    0x10, 0x1f, 0xf6, 0x0, 0x0, 0x0, 0x0, 0x0,
    0xff, 0x70, 0x0, 0x0, 0x0, 0xa, 0xef, 0xff,
    0xee, 0xee, 0xb0, 0x0, 0xcf, 0xff, 0xff, 0xff,
    0xfc, 0x0, 0x0, 0xf, 0xf8, 0x0, 0x0, 0x0,
    0x0, 0x0, 0xef, 0x90, 0x0, 0x0, 0x0, 0x0,
    0xe, 0xf9, 0x0, 0x0, 0x0, 0x0, 0x0, 0xdf,
    0x90, 0x0, 0x0, 0x0, 0x0, 0xf, 0xf5, 0x0,
    0x0, 0xa, 0xe9, 0x3a, 0xfb, 0x44, 0x44, 0x45,
    0xef, 0x8c, 0xff, 0xff, 0xff, 0xff, 0xff, 0xf3,
    0xcf, 0xff, 0xff, 0xff, 0xff, 0xd5, 0x0,

    /* U+00A4 "¤" */
    0x0, 0x0, 0x0, 0x0, 0x0, 0x0, 0x1, 0x0,
    0xc, 0xb0, 0x29, 0xdf, 0xfc, 0x70, 0x2e, 0x80,
    0x3f, 0xfd, 0xff, 0xff, 0xff, 0xfe, 0xef, 0xd0,
    0x4, 0xff, 0xf8, 0x20, 0x4, 0xcf, 0xfd, 0x10,
    0x4, 0xff, 0x30, 0x0, 0x0, 0x9, 0xfd, 0x0,
    0xc, 0xf7, 0x0, 0x0, 0x0, 0x0, 0xdf, 0x60,
    0x1f, 0xf0, 0x0, 0x0, 0x0, 0x0, 0x6f, 0xa0,
    0x3f, 0xd0, 0x0, 0x0, 0x0, 0x0, 0x3f, 0xd0,
    0x3f, 0xd0, 0x0, 0x0, 0x0, 0x0, 0x3f, 0xd0,
    0xf, 0xf0, 0x0, 0x0, 0x0, 0x0, 0x6f, 0xa0,
    0xb, 0xf7, 0x0, 0x0, 0x0, 0x0, 0xdf, 0x50,
    0x3, 0xff, 0x40, 0x0, 0x0, 0x9, 0xfd, 0x0,
    0x8, 0xff, 0xf8, 0x20, 0x4, 0xcf, 0xff, 0x40,
    0x4f, 0xfa, 0xff, 0xff, 0xff, 0xfe, 0xbf, 0xe0,
    0x8, 0x60, 0x29, 0xdf, 0xfc, 0x70, 0xa, 0x40,

    /* U+00A5 "¥" */
    0x6f, 0xf7, 0x0, 0x0, 0x1, 0xff, 0xc0, 0xd,
    0xfe, 0x0, 0x0, 0x8, 0xff, 0x40, 0x6, 0xff,
    0x50, 0x0, 0xf, 0xfc, 0x0, 0x0, 0xdf, 0xd0,
    0x0, 0x7f, 0xf4, 0x0, 0x0, 0x5f, 0xf4, 0x0,
    0xef, 0xc0, 0x0, 0x0, 0xd, 0xfc, 0x6, 0xff,
    0x30, 0x0, 0x0, 0x5, 0xff, 0x3d, 0xfb, 0x0,
    0x0, 0x0, 0x0, 0xdf, 0xef, 0xf3, 0x0, 0x0,
    0x5, 0xbb, 0xef, 0xff, 0xfb, 0xb8, 0x0, 0x7,
    0xff, 0xff, 0xff, 0xff, 0xfb, 0x0, 0x0, 0x0,
    0xa, 0xff, 0x0, 0x0, 0x0, 0x0, 0x0, 0xa,
    0xff, 0x0, 0x0, 0x0, 0x7, 0xff, 0xff, 0xff,
    0xff, 0xfb, 0x0, 0x5, 0xbb, 0xbe, 0xff, 0xbb,
    0xb7, 0x0, 0x0, 0x0, 0xa, 0xff, 0x0, 0x0,
    0x0, 0x0, 0x0, 0xa, 0xff, 0x0, 0x0, 0x0,
    0x0, 0x0, 0xa, 0xff, 0x0, 0x0, 0x0,

    /* U+00A6 "¦" */
    0xaf, 0xba, 0xfb, 0xaf, 0xba, 0xfb, 0xaf, 0xba,
    0xfb, 0xaf, 0xb9, 0xd9, 0x0, 0x0, 0x0, 0x0,
    0x0, 0x0, 0x9e, 0xaa, 0xfb, 0xaf, 0xba, 0xfb,
    0xaf, 0xba, 0xfb, 0xaf, 0xba, 0xfb,

    /* U+00A7 "§" */
    0x0, 0x8, 0xdf, 0xeb, 0x40, 0x0, 0x0, 0xdf,
    0xff, 0xff, 0xf5, 0x0, 0x7, 0xff, 0x72, 0x2b,
    0xff, 0x10, 0xa, 0xfc, 0x0, 0x0, 0xee, 0x40,
    0x9, 0xfd, 0x0, 0x0, 0x10, 0x0, 0x3, 0xff,
    0xb1, 0x0, 0x0, 0x0, 0x0, 0x5f, 0xff, 0x70,
    0x0, 0x0, 0x8, 0xe6, 0x6d, 0xfe, 0x70, 0x0,
    0x5f, 0x90, 0x0, 0x6e, 0xfc, 0x10, 0x9f, 0x90,
    0x0, 0x0, 0xaf, 0xb0, 0x8f, 0xf3, 0x0, 0x0,
    0xf, 0xf2, 0x2f, 0xff, 0x91, 0x0, 0xe, 0xf4,
    0x4, 0xff, 0xff, 0x93, 0x9f, 0xe0, 0x0, 0x2a,
    0xff, 0xff, 0xfd, 0x40, 0x0, 0x0, 0x3b, 0xff,
    0xe2, 0x0, 0x0, 0x0, 0x0, 0x4e, 0xfd, 0x0,
    0x0, 0x10, 0x0, 0x3, 0xff, 0x40, 0xd, 0xf5,
    0x0, 0x2, 0xff, 0x50, 0xb, 0xfe, 0x51, 0x3b,
    0xff, 0x20, 0x2, 0xef, 0xff, 0xff, 0xf8, 0x0,
    0x0, 0x19, 0xdf, 0xfb, 0x50, 0x0,

    /* U+00A8 "¨" */
    0x4d, 0xa0, 0x4, 0xda, 0xb, 0xff, 0x20, 0xbf,
    0xf2, 0x5f, 0xb0, 0x5, 0xeb, 0x0,

    /* U+00A9 "©" */
    0x0, 0x0, 0x0, 0x49, 0xdf, 0xfd, 0x93, 0x0,
    0x0, 0x0, 0x0, 0x2, 0xcf, 0xff, 0xff, 0xff,
    0xfb, 0x20, 0x0, 0x0, 0x4, 0xff, 0xfb, 0x64,
    0x47, 0xcf, 0xfe, 0x30, 0x0, 0x2, 0xff, 0xe4,
    0x0, 0x0, 0x0, 0x4e, 0xfe, 0x10, 0x0, 0xcf,
    0xe1, 0x3, 0xbe, 0xfc, 0x40, 0x2e, 0xfb, 0x0,
    0x4f, 0xf4, 0x6, 0xff, 0xff, 0xff, 0x80, 0x5f,
    0xf3, 0xa, 0xfb, 0x3, 0xff, 0x92, 0x28, 0xff,
    0x40, 0xdf, 0x90, 0xef, 0x60, 0xaf, 0xa0, 0x0,
    0x9, 0xf9, 0x8, 0xfd, 0xf, 0xf4, 0xd, 0xf4,
    0x0, 0x0, 0x0, 0x0, 0x5f, 0xe0, 0xff, 0x40,
    0xdf, 0x30, 0x0, 0x0, 0x0, 0x5, 0xfe, 0xe,
    0xf6, 0xa, 0xf9, 0x0, 0x0, 0xae, 0x70, 0x8f,
    0xd0, 0xaf, 0xb0, 0x3f, 0xf8, 0x11, 0x8f, 0xf2,
    0xd, 0xf9, 0x5, 0xff, 0x40, 0x7f, 0xff, 0xff,
    0xf8, 0x5, 0xff, 0x30, 0xc, 0xfe, 0x10, 0x5c,
    0xff, 0xd5, 0x2, 0xef, 0xb0, 0x0, 0x2f, 0xfe,
    0x30, 0x0, 0x0, 0x4, 0xef, 0xe2, 0x0, 0x0,
    0x4f, 0xff, 0xb6, 0x44, 0x6c, 0xff, 0xe3, 0x0,
    0x0, 0x0, 0x2c, 0xff, 0xff, 0xff, 0xff, 0xb2,
    0x0, 0x0, 0x0, 0x0, 0x4, 0x9d, 0xff, 0xd9,
    0x30, 0x0, 0x0,

    /* U+00AA "ª" */
    0x0, 0x3a, 0xef, 0xe9, 0x20, 0x4, 0xff, 0xec,
    0xef, 0xe1, 0x8, 0xd8, 0x0, 0xd, 0xf7, 0x0,
    0x0, 0x0, 0xc, 0xf9, 0x0, 0x59, 0xce, 0xff,
    0xfa, 0xa, 0xff, 0xb9, 0x6b, 0xfa, 0x2f, 0xf2,
    0x0, 0xa, 0xfa, 0x3f, 0xf2, 0x0, 0x3f, 0xfa,
    0xd, 0xff, 0xbc, 0xfd, 0xfa, 0x1, 0x9e, 0xfd,
    0x58, 0xfa,

    /* U+00AB "«" */
    0x0, 0x0, 0x9f, 0xf4, 0x9, 0xff, 0x40, 0x0,
    0x7f, 0xf6, 0x7, 0xff, 0x60, 0x0, 0x5f, 0xf8,
    0x5, 0xff, 0x80, 0x0, 0x3f, 0xfb, 0x3, 0xff,
    0xb0, 0x0, 0x2e, 0xfc, 0x2, 0xef, 0xd0, 0x0,
    0xa, 0xff, 0x40, 0xaf, 0xf4, 0x0, 0x0, 0x1d,
    0xfe, 0x11, 0xdf, 0xe1, 0x0, 0x0, 0x2e, 0xfc,
    0x2, 0xef, 0xc0, 0x0, 0x0, 0x3f, 0xfa, 0x3,
    0xff, 0xa0, 0x0, 0x0, 0x5f, 0xf8, 0x5, 0xff,
    0x80, 0x0, 0x0, 0x7d, 0xd4, 0x7, 0xdd, 0x40,

    /* U+00AC "¬" */
    0x2, 0x22, 0x22, 0x22, 0x22, 0x16, 0xff, 0xff,
    0xff, 0xff, 0xfa, 0x6f, 0xff, 0xff, 0xff, 0xff,
    0xa0, 0x0, 0x0, 0x0, 0xa, 0xfa, 0x0, 0x0,
    0x0, 0x0, 0xaf, 0xa0, 0x0, 0x0, 0x0, 0xa,
    0xfa,

    /* U+00AE "®" */
    0x0, 0x0, 0x27, 0x99, 0x72, 0x0, 0x0, 0x0,
    0x1a, 0xff, 0xff, 0xff, 0xa0, 0x0, 0x1, 0xdf,
    0xb4, 0x11, 0x4b, 0xfd, 0x10, 0xb, 0xf7, 0x0,
    0x0, 0x0, 0x7f, 0xb0, 0x4f, 0xa0, 0x6f, 0xfe,
    0xb1, 0xa, 0xf3, 0x9f, 0x20, 0x7f, 0x23, 0xf9,
    0x3, 0xf9, 0xcf, 0x0, 0x7f, 0x1, 0xfa, 0x0,
    0xfb, 0xce, 0x0, 0x7f, 0xef, 0xe2, 0x0, 0xfc,
    0xbf, 0x10, 0x7f, 0x28, 0xf1, 0x1, 0xfa, 0x6f,
    0x70, 0x7f, 0x1, 0xf9, 0x7, 0xf5, 0xe, 0xf2,
    0x14, 0x0, 0x34, 0x3f, 0xd0, 0x4, 0xff, 0x50,
    0x0, 0x6, 0xff, 0x30, 0x0, 0x4e, 0xfe, 0xbb,
    0xef, 0xe4, 0x0, 0x0, 0x1, 0x8d, 0xff, 0xc7,
    0x10, 0x0,

    /* U+00AF "¯" */
    0x9d, 0xdd, 0xdd, 0xbb, 0xff, 0xff, 0xfe,

    /* U+00B0 "°" */
    0x0, 0x5c, 0xec, 0x50, 0x0, 0x8f, 0xff, 0xff,
    0x80, 0x2f, 0xf5, 0x5, 0xff, 0x27, 0xf8, 0x0,
    0x9, 0xf6, 0x7f, 0x80, 0x0, 0x8f, 0x73, 0xfe,
    0x30, 0x3f, 0xf3, 0x9, 0xff, 0xff, 0xf9, 0x0,
    0x7, 0xdf, 0xd6, 0x0,

    /* U+00B1 "±" */
    0x0, 0x0, 0x2f, 0xf2, 0x0, 0x0, 0x0, 0x0,
    0x2f, 0xf2, 0x0, 0x0, 0x0, 0x0, 0x2f, 0xf2,
    0x0, 0x0, 0xaf, 0xff, 0xff, 0xff, 0xff, 0xfb,
    0xaf, 0xff, 0xff, 0xff, 0xff, 0xfb, 0x23, 0x33,
    0x4f, 0xf5, 0x33, 0x32, 0x0, 0x0, 0x2f, 0xf2,
    0x0, 0x0, 0x0, 0x0, 0x2f, 0xf2, 0x0, 0x0,
    0x0, 0x0, 0x1a, 0xa1, 0x0, 0x0, 0x0, 0x0,
    0x0, 0x0, 0x0, 0x0, 0xaf, 0xff, 0xff, 0xff,
    0xff, 0xfb, 0xaf, 0xff, 0xff, 0xff, 0xff, 0xfb,
    0x23, 0x33, 0x33, 0x33, 0x33, 0x32,

    /* U+00B2 "²" */
    0x4, 0xbe, 0xfd, 0x81, 0x5, 0xff, 0xdc, 0xff,
    0xd0, 0x9d, 0x80, 0x2, 0xff, 0x30, 0x0, 0x0,
    0x4f, 0xf0, 0x0, 0x0, 0x6f, 0xf5, 0x0, 0x1,
    0xbf, 0xd3, 0x0, 0x6, 0xff, 0x70, 0x0, 0x8,
    0xff, 0xfd, 0xdd, 0xd7, 0xaf, 0xff, 0xff, 0xff,
    0x80,

    /* U+00B3 "³" */
    0x4, 0xbe, 0xfe, 0xb3, 0x4, 0xff, 0xec, 0xef,
    0xf3, 0x35, 0x40, 0x2, 0xff, 0x40, 0x0, 0xcf,
    0xfc, 0x40, 0x0, 0x6, 0x8b, 0xfd, 0x20, 0x0,
    0x0, 0xb, 0xfb, 0xaf, 0xa0, 0x1, 0xdf, 0xb4,
    0xff, 0xfd, 0xff, 0xf4, 0x3, 0xae, 0xfe, 0xa3,
    0x0,

    /* U+00B4 "´" */
    0x0, 0x37, 0x60, 0x0, 0xdf, 0xa0, 0x5, 0xfe,
    0x10, 0xc, 0xf4, 0x0,

    /* U+00B5 "µ" */
    0x4f, 0xf5, 0x0, 0x0, 0xd, 0xfb, 0x0, 0x4f,
    0xf5, 0x0, 0x0, 0xd, 0xfb, 0x0, 0x4f, 0xf5,
    0x0, 0x0, 0xd, 0xfb, 0x0, 0x4f, 0xf5, 0x0,
    0x0, 0xd, 0xfb, 0x0, 0x4f, 0xf5, 0x0, 0x0,
    0xd, 0xfb, 0x0, 0x4f, 0xf5, 0x0, 0x0, 0xd,
    0xfb, 0x0, 0x4f, 0xf5, 0x0, 0x0, 0xd, 0xfb,
    0x0, 0x4f, 0xf5, 0x0, 0x0, 0xd, 0xfb, 0x0,
    0x4f, 0xf6, 0x0, 0x0, 0xf, 0xfb, 0x0, 0x4f,
    0xfa, 0x0, 0x0, 0x3f, 0xfb, 0x0, 0x4f, 0xff,
    0x81, 0x4, 0xdf, 0xfd, 0x0, 0x4f, 0xfc, 0xff,
    0xff, 0xf8, 0xff, 0xf4, 0x4f, 0xf5, 0x7e, 0xfb,
    0x30, 0x8e, 0xf4, 0x4f, 0xf5, 0x0, 0x0, 0x0,
    0x0, 0x0, 0x4f, 0xf5, 0x0, 0x0, 0x0, 0x0,
    0x0, 0x4f, 0xf5, 0x0, 0x0, 0x0, 0x0, 0x0,
    0x4f, 0xf5, 0x0, 0x0, 0x0, 0x0, 0x0, 0x4f,
    0xf5, 0x0, 0x0, 0x0, 0x0, 0x0,

    /* U+00B6 "¶" */
    0x0, 0x18, 0xdf, 0xff, 0xff, 0xf8, 0x4, 0xff,
    0xff, 0xff, 0xff, 0xf8, 0x1f, 0xff, 0xff, 0xf2,
    0x2e, 0xf8, 0x8f, 0xff, 0xff, 0xf0, 0xe, 0xf8,
    0xbf, 0xff, 0xff, 0xf0, 0xe, 0xf8, 0xcf, 0xff,
    0xff, 0xf0, 0xe, 0xf8, 0xbf, 0xff, 0xff, 0xf0,
    0xe, 0xf8, 0x6f, 0xff, 0xff, 0xf0, 0xe, 0xf8,
    0xd, 0xff, 0xff, 0xf0, 0xe, 0xf8, 0x1, 0xcf,
    0xff, 0xf0, 0xe, 0xf8, 0x0, 0x4, 0x8a, 0xb0,
    0xe, 0xf8, 0x0, 0x0, 0x0, 0x0, 0xe, 0xf8,
    0x0, 0x0, 0x0, 0x0, 0xe, 0xf8, 0x0, 0x0,
    0x0, 0x0, 0xe, 0xf8, 0x0, 0x0, 0x0, 0x0,
    0xe, 0xf8, 0x0, 0x0, 0x0, 0x0, 0xe, 0xf8,
    0x0, 0x0, 0x0, 0x0, 0xe, 0xf8,

    /* U+00B7 "·" */
    0x0, 0x52, 0x0, 0xdf, 0xf2, 0xf, 0xff, 0x50,
    0x8f, 0xb0,

    /* U+00B8 "¸" */
    0x2f, 0x10, 0x4, 0xf7, 0x20, 0x39, 0xdf, 0x20,
    0x8, 0xf4, 0xdf, 0xfd, 0x13, 0x32, 0x0,

    /* U+00B9 "¹" */
    0x5, 0xef, 0xf2, 0xaf, 0xff, 0xf2, 0xb7, 0x2f,
    0xf2, 0x0, 0x2f, 0xf2, 0x0, 0x2f, 0xf2, 0x0,
    0x2f, 0xf2, 0x0, 0x2f, 0xf2, 0x0, 0x2f, 0xf2,
    0x0, 0x2f, 0xf2,

    /* U+00BA "º" */
    0x0, 0x7, 0xdf, 0xeb, 0x40, 0x0, 0xc, 0xff,
    0xef, 0xff, 0x70, 0x8, 0xfe, 0x30, 0x8, 0xff,
    0x30, 0xef, 0x70, 0x0, 0xd, 0xf8, 0x1f, 0xf3,
    0x0, 0x0, 0x9f, 0xb1, 0xff, 0x30, 0x0, 0x9,
    0xfb, 0xe, 0xf7, 0x0, 0x0, 0xdf, 0x80, 0x8f,
    0xe3, 0x0, 0x8f, 0xf3, 0x0, 0xcf, 0xfe, 0xff,
    0xf7, 0x0, 0x0, 0x7d, 0xfe, 0xb4, 0x0,

    /* U+00BB "»" */
    0xa, 0xff, 0x30, 0xaf, 0xf3, 0x0, 0x0, 0x0,
    0xcf, 0xe2, 0xc, 0xfe, 0x20, 0x0, 0x0, 0x1d,
    0xfd, 0x11, 0xdf, 0xd1, 0x0, 0x0, 0x2, 0xff,
    0xc0, 0x2f, 0xfc, 0x0, 0x0, 0x0, 0x4f, 0xfa,
    0x4, 0xff, 0xa0, 0x0, 0x0, 0xa, 0xff, 0x30,
    0xaf, 0xf4, 0x0, 0x0, 0x6f, 0xf8, 0x6, 0xff,
    0x80, 0x0, 0x4, 0xff, 0xa0, 0x4f, 0xfa, 0x0,
    0x0, 0x2e, 0xfc, 0x2, 0xef, 0xc0, 0x0, 0x1,
    0xdf, 0xd1, 0x1d, 0xfd, 0x10, 0x0, 0x9, 0xdd,
    0x20, 0x9d, 0xd2, 0x0, 0x0,

    /* U+00BC "¼" */
    0x1, 0xbf, 0xf4, 0x0, 0x0, 0x0, 0x1, 0xef,
    0x20, 0x0, 0xef, 0xef, 0x40, 0x0, 0x0, 0x0,
    0xbf, 0x60, 0x0, 0x1d, 0x2c, 0xf4, 0x0, 0x0,
    0x0, 0x6f, 0xb0, 0x0, 0x0, 0x0, 0xcf, 0x40,
    0x0, 0x0, 0x2f, 0xe1, 0x0, 0x0, 0x0, 0xc,
    0xf4, 0x0, 0x0, 0xc, 0xf5, 0x0, 0x0, 0x0,
    0x0, 0xcf, 0x40, 0x0, 0x7, 0xfa, 0x0, 0x0,
    0x0, 0x0, 0xc, 0xf4, 0x0, 0x2, 0xfe, 0x10,
    0x0, 0x0, 0x0, 0x0, 0xcf, 0x40, 0x0, 0xcf,
    0x40, 0x0, 0x44, 0x20, 0x0, 0xc, 0xf4, 0x0,
    0x8f, 0x90, 0x0, 0x7f, 0xf8, 0x0, 0x0, 0x46,
    0x10, 0x3f, 0xd0, 0x0, 0x1f, 0xff, 0x80, 0x0,
    0x0, 0x0, 0xd, 0xf3, 0x0, 0x9, 0xfa, 0xf8,
    0x0, 0x0, 0x0, 0x9, 0xf8, 0x0, 0x3, 0xfb,
    0x6f, 0x80, 0x0, 0x0, 0x4, 0xfd, 0x0, 0x0,
    0xcf, 0x36, 0xf8, 0x0, 0x0, 0x0, 0xef, 0x30,
    0x0, 0x5f, 0xa0, 0x6f, 0x80, 0x0, 0x0, 0xaf,
    0x70, 0x0, 0xc, 0xfc, 0xac, 0xfd, 0x60, 0x0,
    0x5f, 0xc0, 0x0, 0x0, 0xdf, 0xff, 0xff, 0xfa,
    0x0, 0x1e, 0xf2, 0x0, 0x0, 0x0, 0x0, 0x7,
    0xf8, 0x0, 0x4, 0x84, 0x0, 0x0, 0x0, 0x0,
    0x0, 0x38, 0x40,

    /* U+00BD "½" */
    0x0, 0x26, 0x61, 0x0, 0x0, 0x0, 0x0, 0x46,
    0x10, 0x0, 0x6, 0xff, 0xf4, 0x0, 0x0, 0x0,
    0x4, 0xfc, 0x0, 0x0, 0x1f, 0xcd, 0xf4, 0x0,
    0x0, 0x0, 0x1e, 0xf2, 0x0, 0x0, 0x18, 0xc,
    0xf4, 0x0, 0x0, 0x0, 0xaf, 0x70, 0x0, 0x0,
    0x0, 0xc, 0xf4, 0x0, 0x0, 0x5, 0xfc, 0x0,
    0x0, 0x0, 0x0, 0xc, 0xf4, 0x0, 0x0, 0x1f,
    0xf2, 0x0, 0x0, 0x0, 0x0, 0xc, 0xf4, 0x0,
    0x0, 0xbf, 0x60, 0x0, 0x0, 0x0, 0x0, 0xc,
    0xf4, 0x0, 0x7, 0xfb, 0x0, 0x0, 0x0, 0x0,
    0x0, 0xc, 0xf4, 0x0, 0x2f, 0xe1, 0x0, 0x6a,
    0xb7, 0x0, 0x0, 0xc, 0xf4, 0x0, 0xcf, 0x40,
    0xa, 0xff, 0xff, 0xd0, 0x0, 0x0, 0x0, 0x8,
    0xf9, 0x0, 0x1f, 0xe2, 0x1d, 0xf5, 0x0, 0x0,
    0x0, 0x3f, 0xd0, 0x0, 0x0, 0x0, 0xa, 0xf5,
    0x0, 0x0, 0x0, 0xdf, 0x30, 0x0, 0x0, 0x0,
    0x3f, 0xe0, 0x0, 0x0, 0x9, 0xf8, 0x0, 0x0,
    0x0, 0x2, 0xef, 0x40, 0x0, 0x0, 0x4f, 0xd0,
    0x0, 0x0, 0x0, 0x2e, 0xf6, 0x0, 0x0, 0x1,
    0xef, 0x20, 0x0, 0x0, 0x1, 0xdf, 0x70, 0x0,
    0x0, 0xa, 0xf7, 0x0, 0x0, 0x0, 0xd, 0xff,
    0xbb, 0xb6, 0x0, 0x5f, 0xc0, 0x0, 0x0, 0x0,
    0x1f, 0xff, 0xff, 0xf9,

    /* U+00BE "¾" */
    0x5, 0xcf, 0xe8, 0x0, 0x0, 0x0, 0x0, 0x3f,
    0xe1, 0x0, 0x6f, 0xfb, 0xdf, 0x90, 0x0, 0x0,
    0x0, 0xdf, 0x40, 0x0, 0x57, 0x20, 0x2f, 0xe0,
    0x0, 0x0, 0x8, 0xf9, 0x0, 0x0, 0x0, 0x0,
    0x6f, 0xb0, 0x0, 0x0, 0x3f, 0xd0, 0x0, 0x0,
    0x0, 0x7f, 0xfb, 0x10, 0x0, 0x0, 0xdf, 0x30,
    0x0, 0x0, 0x0, 0x38, 0xcf, 0xb0, 0x0, 0x9,
    0xf8, 0x0, 0x0, 0x0, 0x0, 0x0, 0xe, 0xf4,
    0x0, 0x4f, 0xd0, 0x0, 0x0, 0x0, 0x8a, 0x50,
    0x3f, 0xf3, 0x1, 0xef, 0x30, 0x0, 0x0, 0x0,
    0x6f, 0xff, 0xff, 0xa0, 0xa, 0xf7, 0x0, 0x7,
    0xff, 0x60, 0x3, 0x8a, 0x94, 0x0, 0x5f, 0xc0,
    0x0, 0x1f, 0xff, 0x60, 0x0, 0x0, 0x0, 0x1,
    0xef, 0x20, 0x0, 0xaf, 0xcf, 0x60, 0x0, 0x0,
    0x0, 0xb, 0xf6, 0x0, 0x3, 0xfa, 0x8f, 0x60,
    0x0, 0x0, 0x0, 0x6f, 0xb0, 0x0, 0xd, 0xf2,
    0x8f, 0x60, 0x0, 0x0, 0x2, 0xff, 0x10, 0x0,
    0x6f, 0x90, 0x8f, 0x60, 0x0, 0x0, 0xc, 0xf5,
    0x0, 0x0, 0xef, 0xba, 0xdf, 0xc5, 0x0, 0x0,
    0x7f, 0xa0, 0x0, 0x0, 0xff, 0xff, 0xff, 0xf8,
    0x0, 0x2, 0xfe, 0x10, 0x0, 0x0, 0x0, 0x0,
    0x9f, 0x60, 0x0, 0x5, 0x83, 0x0, 0x0, 0x0,
    0x0, 0x0, 0x48, 0x30,

    /* U+00BF "¿" */
    0x0, 0x0, 0x5e, 0xd2, 0x0, 0x0, 0x0, 0xc,
    0xff, 0x90, 0x0, 0x0, 0x0, 0x9f, 0xf5, 0x0,
    0x0, 0x0, 0x0, 0x43, 0x0, 0x0, 0x0, 0x0,
    0x0, 0x0, 0x0, 0x0, 0x0, 0x2, 0x88, 0x10,
    0x0, 0x0, 0x0, 0x6f, 0xf1, 0x0, 0x0, 0x0,
    0xb, 0xff, 0x0, 0x0, 0x0, 0x8, 0xff, 0xa0,
    0x0, 0x0, 0x1c, 0xff, 0xd1, 0x0, 0x0, 0xd,
    0xff, 0xa0, 0x0, 0x0, 0x7, 0xff, 0x90, 0x0,
    0x0, 0x0, 0xbf, 0xf0, 0x0, 0x0, 0x0, 0xc,
    0xfd, 0x0, 0x0, 0xb, 0xc7, 0xaf, 0xf2, 0x0,
    0x4, 0xff, 0x74, 0xff, 0xd5, 0x26, 0xef, 0xf1,
    0x8, 0xff, 0xff, 0xff, 0xf5, 0x0, 0x4, 0xbe,
    0xfe, 0xa3, 0x0,

    /* U+00C0 "À" */
    0x0, 0x0, 0x6, 0xff, 0x20, 0x0, 0x0, 0x0,
    0x0, 0x0, 0x0, 0xc, 0xf9, 0x0, 0x0, 0x0,
    0x0, 0x0, 0x0, 0x0, 0x2f, 0xf1, 0x0, 0x0,
    0x0, 0x0, 0x0, 0x0, 0x0, 0x46, 0x20, 0x0,
    0x0, 0x0, 0x0, 0x0, 0x0, 0x0, 0x0, 0x0,
    0x0, 0x0, 0x0, 0x0, 0x0, 0x5, 0xff, 0xf4,
    0x0, 0x0, 0x0, 0x0, 0x0, 0x0, 0xbf, 0xff,
    0xa0, 0x0, 0x0, 0x0, 0x0, 0x0, 0x1f, 0xfa,
    0xff, 0x0, 0x0, 0x0, 0x0, 0x0, 0x7, 0xff,
    0x2f, 0xf6, 0x0, 0x0, 0x0, 0x0, 0x0, 0xdf,
    0xa0, 0xcf, 0xc0, 0x0, 0x0, 0x0, 0x0, 0x3f,
    0xf5, 0x7, 0xff, 0x20, 0x0, 0x0, 0x0, 0x9,
    0xff, 0x10, 0x2f, 0xf8, 0x0, 0x0, 0x0, 0x0,
    0xef, 0xb0, 0x0, 0xcf, 0xe0, 0x0, 0x0, 0x0,
    0x4f, 0xf5, 0x0, 0x6, 0xff, 0x40, 0x0, 0x0,
    0xa, 0xff, 0x0, 0x0, 0x1f, 0xfa, 0x0, 0x0,
    0x0, 0xff, 0xff, 0xff, 0xff, 0xff, 0xf0, 0x0,
    0x0, 0x6f, 0xff, 0xff, 0xff, 0xff, 0xff, 0x50,
    0x0, 0xc, 0xfe, 0x22, 0x22, 0x22, 0x2f, 0xfb,
    0x0, 0x2, 0xff, 0x90, 0x0, 0x0, 0x0, 0xaf,
    0xf1, 0x0, 0x7f, 0xf4, 0x0, 0x0, 0x0, 0x4,
    0xff, 0x70, 0xd, 0xff, 0x0, 0x0, 0x0, 0x0,
    0xf, 0xfd, 0x3, 0xff, 0xa0, 0x0, 0x0, 0x0,
    0x0, 0xaf, 0xf3,

    /* U+00C1 "Á" */
    0x0, 0x0, 0x0, 0x0, 0x2f, 0xf6, 0x0, 0x0,
    0x0, 0x0, 0x0, 0x0, 0xa, 0xfb, 0x0, 0x0,
    0x0, 0x0, 0x0, 0x0, 0x2, 0xfe, 0x10, 0x0,
    0x0, 0x0, 0x0, 0x0, 0x0, 0x36, 0x30, 0x0,
    0x0, 0x0, 0x0, 0x0, 0x0, 0x0, 0x0, 0x0,
    0x0, 0x0, 0x0, 0x0, 0x0, 0x5, 0xff, 0xf4,
    0x0, 0x0, 0x0, 0x0, 0x0, 0x0, 0xbf, 0xff,
    0xa0, 0x0, 0x0, 0x0, 0x0, 0x0, 0x1f, 0xfa,
    0xff, 0x0, 0x0, 0x0, 0x0, 0x0, 0x7, 0xff,
    0x2f, 0xf6, 0x0, 0x0, 0x0, 0x0, 0x0, 0xdf,
    0xa0, 0xcf, 0xc0, 0x0, 0x0, 0x0, 0x0, 0x3f,
    0xf5, 0x7, 0xff, 0x20, 0x0, 0x0, 0x0, 0x9,
    0xff, 0x10, 0x2f, 0xf8, 0x0, 0x0, 0x0, 0x0,
    0xef, 0xb0, 0x0, 0xcf, 0xe0, 0x0, 0x0, 0x0,
    0x4f, 0xf5, 0x0, 0x6, 0xff, 0x40, 0x0, 0x0,
    0xa, 0xff, 0x0, 0x0, 0x1f, 0xfa, 0x0, 0x0,
    0x0, 0xff, 0xff, 0xff, 0xff, 0xff, 0xf0, 0x0,
    0x0, 0x6f, 0xff, 0xff, 0xff, 0xff, 0xff, 0x50,
    0x0, 0xc, 0xfe, 0x22, 0x22, 0x22, 0x2f, 0xfb,
    0x0, 0x2, 0xff, 0x90, 0x0, 0x0, 0x0, 0xaf,
    0xf1, 0x0, 0x7f, 0xf4, 0x0, 0x0, 0x0, 0x4,
    0xff, 0x70, 0xd, 0xff, 0x0, 0x0, 0x0, 0x0,
    0xf, 0xfd, 0x3, 0xff, 0xa0, 0x0, 0x0, 0x0,
    0x0, 0xaf, 0xf3,

    /* U+00C2 "Â" */
    0x0, 0x0, 0x0, 0x3e, 0xfe, 0x20, 0x0, 0x0,
    0x0, 0x0, 0x0, 0x3f, 0xf7, 0xfe, 0x20, 0x0,
    0x0, 0x0, 0x0, 0x3f, 0xf4, 0x4, 0xfe, 0x20,
    0x0, 0x0, 0x0, 0x0, 0x0, 0x0, 0x0, 0x0,
    0x0, 0x0, 0x0, 0x0, 0x0, 0x0, 0x0, 0x0,
    0x0, 0x0, 0x0, 0x0, 0x0, 0x5, 0xff, 0xf4,
    0x0, 0x0, 0x0, 0x0, 0x0, 0x0, 0xbf, 0xff,
    0xa0, 0x0, 0x0, 0x0, 0x0, 0x0, 0x1f, 0xfa,
    0xff, 0x0, 0x0, 0x0, 0x0, 0x0, 0x7, 0xff,
    0x2f, 0xf6, 0x0, 0x0, 0x0, 0x0, 0x0, 0xdf,
    0xa0, 0xcf, 0xc0, 0x0, 0x0, 0x0, 0x0, 0x3f,
    0xf5, 0x7, 0xff, 0x20, 0x0, 0x0, 0x0, 0x9,
    0xff, 0x10, 0x2f, 0xf8, 0x0, 0x0, 0x0, 0x0,
    0xef, 0xb0, 0x0, 0xcf, 0xe0, 0x0, 0x0, 0x0,
    0x4f, 0xf5, 0x0, 0x6, 0xff, 0x40, 0x0, 0x0,
    0xa, 0xff, 0x0, 0x0, 0x1f, 0xfa, 0x0, 0x0,
    0x0, 0xff, 0xff, 0xff, 0xff, 0xff, 0xf0, 0x0,
    0x0, 0x6f, 0xff, 0xff, 0xff, 0xff, 0xff, 0x50,
    0x0, 0xc, 0xfe, 0x22, 0x22, 0x22, 0x2f, 0xfb,
    0x0, 0x2, 0xff, 0x90, 0x0, 0x0, 0x0, 0xaf,
    0xf1, 0x0, 0x7f, 0xf4, 0x0, 0x0, 0x0, 0x4,
    0xff, 0x70, 0xd, 0xff, 0x0, 0x0, 0x0, 0x0,
    0xf, 0xfd, 0x3, 0xff, 0xa0, 0x0, 0x0, 0x0,
    0x0, 0xaf, 0xf3,

    /* U+00C3 "Ã" */
    0x0, 0x0, 0x5, 0xee, 0x81, 0xaf, 0x0, 0x0,
    0x0, 0x0, 0x0, 0xee, 0xbf, 0xff, 0xb0, 0x0,
    0x0, 0x0, 0x0, 0x9, 0x50, 0x27, 0x81, 0x0,
    0x0, 0x0, 0x0, 0x0, 0x0, 0x0, 0x0, 0x0,
    0x0, 0x0, 0x0, 0x0, 0x0, 0x0, 0x0, 0x0,
    0x0, 0x0, 0x0, 0x0, 0x0, 0x5, 0xff, 0xf4,
    0x0, 0x0, 0x0, 0x0, 0x0, 0x0, 0xbf, 0xff,
    0xa0, 0x0, 0x0, 0x0, 0x0, 0x0, 0x1f, 0xfa,
    0xff, 0x0, 0x0, 0x0, 0x0, 0x0, 0x7, 0xff,
    0x2f, 0xf6, 0x0, 0x0, 0x0, 0x0, 0x0, 0xdf,
    0xa0, 0xcf, 0xc0, 0x0, 0x0, 0x0, 0x0, 0x3f,
    0xf5, 0x7, 0xff, 0x20, 0x0, 0x0, 0x0, 0x9,
    0xff, 0x10, 0x2f, 0xf8, 0x0, 0x0, 0x0, 0x0,
    0xef, 0xb0, 0x0, 0xcf, 0xe0, 0x0, 0x0, 0x0,
    0x4f, 0xf5, 0x0, 0x6, 0xff, 0x40, 0x0, 0x0,
    0xa, 0xff, 0x0, 0x0, 0x1f, 0xfa, 0x0, 0x0,
    0x0, 0xff, 0xff, 0xff, 0xff, 0xff, 0xf0, 0x0,
    0x0, 0x6f, 0xff, 0xff, 0xff, 0xff, 0xff, 0x50,
    0x0, 0xc, 0xfe, 0x22, 0x22, 0x22, 0x2f, 0xfb,
    0x0, 0x2, 0xff, 0x90, 0x0, 0x0, 0x0, 0xaf,
    0xf1, 0x0, 0x7f, 0xf4, 0x0, 0x0, 0x0, 0x4,
    0xff, 0x70, 0xd, 0xff, 0x0, 0x0, 0x0, 0x0,
    0xf, 0xfd, 0x3, 0xff, 0xa0, 0x0, 0x0, 0x0,
    0x0, 0xaf, 0xf3,

    /* U+00C4 "Ä" */
    0x0, 0x0, 0x2d, 0xd2, 0x2, 0xdd, 0x20, 0x0,
    0x0, 0x0, 0x7, 0xff, 0x60, 0x7f, 0xf7, 0x0,
    0x0, 0x0, 0x0, 0x2c, 0xc1, 0x1, 0xcc, 0x10,
    0x0, 0x0, 0x0, 0x0, 0x0, 0x0, 0x0, 0x0,
    0x0, 0x0, 0x0, 0x0, 0x0, 0x0, 0x0, 0x0,
    0x0, 0x0, 0x0, 0x0, 0x0, 0x5, 0xff, 0xf4,
    0x0, 0x0, 0x0, 0x0, 0x0, 0x0, 0xbf, 0xff,
    0xa0, 0x0, 0x0, 0x0, 0x0, 0x0, 0x1f, 0xfa,
    0xff, 0x0, 0x0, 0x0, 0x0, 0x0, 0x7, 0xff,
    0x2f, 0xf6, 0x0, 0x0, 0x0, 0x0, 0x0, 0xdf,
    0xa0, 0xcf, 0xc0, 0x0, 0x0, 0x0, 0x0, 0x3f,
    0xf5, 0x7, 0xff, 0x20, 0x0, 0x0, 0x0, 0x9,
    0xff, 0x10, 0x2f, 0xf8, 0x0, 0x0, 0x0, 0x0,
    0xef, 0xb0, 0x0, 0xcf, 0xe0, 0x0, 0x0, 0x0,
    0x4f, 0xf5, 0x0, 0x6, 0xff, 0x40, 0x0, 0x0,
    0xa, 0xff, 0x0, 0x0, 0x1f, 0xfa, 0x0, 0x0,
    0x0, 0xff, 0xff, 0xff, 0xff, 0xff, 0xf0, 0x0,
    0x0, 0x6f, 0xff, 0xff, 0xff, 0xff, 0xff, 0x50,
    0x0, 0xc, 0xfe, 0x22, 0x22, 0x22, 0x2f, 0xfb,
    0x0, 0x2, 0xff, 0x90, 0x0, 0x0, 0x0, 0xaf,
    0xf1, 0x0, 0x7f, 0xf4, 0x0, 0x0, 0x0, 0x4,
    0xff, 0x70, 0xd, 0xff, 0x0, 0x0, 0x0, 0x0,
    0xf, 0xfd, 0x3, 0xff, 0xa0, 0x0, 0x0, 0x0,
    0x0, 0xaf, 0xf3,

    /* U+00C5 "Å" */
    0x0, 0x0, 0x0, 0x0, 0x10, 0x0, 0x0, 0x0,
    0x0, 0x0, 0x0, 0x7, 0xff, 0xf7, 0x0, 0x0,
    0x0, 0x0, 0x0, 0x5, 0xfb, 0x5b, 0xf5, 0x0,
    0x0, 0x0, 0x0, 0x0, 0x9f, 0x10, 0x1f, 0x90,
    0x0, 0x0, 0x0, 0x0, 0x6, 0xf9, 0x29, 0xf6,
    0x0, 0x0, 0x0, 0x0, 0x0, 0xa, 0xff, 0xfa,
    0x0, 0x0, 0x0, 0x0, 0x0, 0x0, 0x2, 0x42,
    0x0, 0x0, 0x0, 0x0, 0x0, 0x0, 0x5, 0xff,
    0xf4, 0x0, 0x0, 0x0, 0x0, 0x0, 0x0, 0xbf,
    0xff, 0xa0, 0x0, 0x0, 0x0, 0x0, 0x0, 0x1f,
    0xfa, 0xff, 0x0, 0x0, 0x0, 0x0, 0x0, 0x7,
    0xff, 0x2f, 0xf6, 0x0, 0x0, 0x0, 0x0, 0x0,
    0xdf, 0xa0, 0xcf, 0xc0, 0x0, 0x0, 0x0, 0x0,
    0x3f, 0xf5, 0x7, 0xff, 0x20, 0x0, 0x0, 0x0,
    0x9, 0xff, 0x10, 0x2f, 0xf8, 0x0, 0x0, 0x0,
    0x0, 0xef, 0xb0, 0x0, 0xcf, 0xe0, 0x0, 0x0,
    0x0, 0x4f, 0xf5, 0x0, 0x6, 0xff, 0x40, 0x0,
    0x0, 0xa, 0xff, 0x0, 0x0, 0x1f, 0xfa, 0x0,
    0x0, 0x0, 0xff, 0xff, 0xff, 0xff, 0xff, 0xf0,
    0x0, 0x0, 0x6f, 0xff, 0xff, 0xff, 0xff, 0xff,
    0x50, 0x0, 0xc, 0xfe, 0x22, 0x22, 0x22, 0x2f,
    0xfb, 0x0, 0x2, 0xff, 0x90, 0x0, 0x0, 0x0,
    0xaf, 0xf1, 0x0, 0x7f, 0xf4, 0x0, 0x0, 0x0,
    0x4, 0xff, 0x70, 0xd, 0xff, 0x0, 0x0, 0x0,
    0x0, 0xf, 0xfd, 0x3, 0xff, 0xa0, 0x0, 0x0,
    0x0, 0x0, 0xaf, 0xf3,

    /* U+00C6 "Æ" */
    0x0, 0x0, 0x0, 0x0, 0x8f, 0xff, 0xff, 0xff,
    0xff, 0xff, 0xff, 0x80, 0x0, 0x0, 0x0, 0x1f,
    0xfd, 0xcf, 0xff, 0xff, 0xff, 0xff, 0xf8, 0x0,
    0x0, 0x0, 0x7, 0xff, 0x35, 0xff, 0x64, 0x44,
    0x44, 0x44, 0x20, 0x0, 0x0, 0x0, 0xef, 0xb0,
    0x5f, 0xf3, 0x0, 0x0, 0x0, 0x0, 0x0, 0x0,
    0x0, 0x7f, 0xf3, 0x5, 0xff, 0x30, 0x0, 0x0,
    0x0, 0x0, 0x0, 0x0, 0xe, 0xfc, 0x0, 0x5f,
    0xf3, 0x0, 0x0, 0x0, 0x0, 0x0, 0x0, 0x6,
    0xff, 0x40, 0x5, 0xff, 0x30, 0x0, 0x0, 0x0,
    0x0, 0x0, 0x0, 0xdf, 0xc0, 0x0, 0x5f, 0xff,
    0xff, 0xff, 0xff, 0xf0, 0x0, 0x0, 0x5f, 0xf4,
    0x0, 0x5, 0xff, 0xff, 0xff, 0xff, 0xff, 0x0,
    0x0, 0xd, 0xfc, 0x0, 0x0, 0x5f, 0xf6, 0x33,
    0x33, 0x33, 0x30, 0x0, 0x4, 0xff, 0xff, 0xff,
    0xff, 0xff, 0x30, 0x0, 0x0, 0x0, 0x0, 0x0,
    0xcf, 0xff, 0xff, 0xff, 0xff, 0xf3, 0x0, 0x0,
    0x0, 0x0, 0x0, 0x4f, 0xf7, 0x11, 0x11, 0x16,
    0xff, 0x30, 0x0, 0x0, 0x0, 0x0, 0xb, 0xff,
    0x0, 0x0, 0x0, 0x5f, 0xf3, 0x0, 0x0, 0x0,
    0x0, 0x3, 0xff, 0x90, 0x0, 0x0, 0x5, 0xff,
    0x64, 0x44, 0x44, 0x44, 0x20, 0xbf, 0xf2, 0x0,
    0x0, 0x0, 0x5f, 0xff, 0xff, 0xff, 0xff, 0xf9,
    0x2f, 0xfc, 0x0, 0x0, 0x0, 0x5, 0xff, 0xff,
    0xff, 0xff, 0xff, 0x90,

    /* U+00C7 "Ç" */
    0x0, 0x0, 0x28, 0xdf, 0xfd, 0xa5, 0x0, 0x0,
    0x0, 0x7, 0xff, 0xff, 0xff, 0xff, 0xc1, 0x0,
    0x0, 0x9f, 0xff, 0xb7, 0x69, 0xef, 0xfd, 0x10,
    0x5, 0xff, 0xd3, 0x0, 0x0, 0x9, 0xff, 0xa0,
    0xe, 0xff, 0x20, 0x0, 0x0, 0x0, 0xcf, 0xf1,
    0x4f, 0xf8, 0x0, 0x0, 0x0, 0x0, 0x49, 0x92,
    0x7f, 0xf3, 0x0, 0x0, 0x0, 0x0, 0x0, 0x0,
    0x9f, 0xf1, 0x0, 0x0, 0x0, 0x0, 0x0, 0x0,
    0xaf, 0xf0, 0x0, 0x0, 0x0, 0x0, 0x0, 0x0,
    0x9f, 0xf1, 0x0, 0x0, 0x0, 0x0, 0x0, 0x0,
    0x7f, 0xf3, 0x0, 0x0, 0x0, 0x0, 0x0, 0x0,
    0x4f, 0xf8, 0x0, 0x0, 0x0, 0x0, 0x4a, 0xa3,
    0xe, 0xff, 0x20, 0x0, 0x0, 0x0, 0xcf, 0xf1,
    0x5, 0xff, 0xd2, 0x0, 0x0, 0x9, 0xff, 0x90,
    0x0, 0x9f, 0xff, 0xb7, 0x69, 0xef, 0xfd, 0x10,
    0x0, 0x7, 0xff, 0xff, 0xff, 0xff, 0xb1, 0x0,
    0x0, 0x0, 0x29, 0xdf, 0xfd, 0xa4, 0x0, 0x0,
    0x0, 0x0, 0x0, 0x9, 0xc0, 0x0, 0x0, 0x0,
    0x0, 0x0, 0x0, 0xb, 0xff, 0x60, 0x0, 0x0,
    0x0, 0x0, 0x0, 0x1, 0x2d, 0xf0, 0x0, 0x0,
    0x0, 0x0, 0x0, 0x4, 0x4d, 0xe0, 0x0, 0x0,
    0x0, 0x0, 0x0, 0x3f, 0xfd, 0x40, 0x0, 0x0,

    /* U+00C8 "È" */
    0x0, 0x7, 0xff, 0x10, 0x0, 0x0, 0x0, 0x0,
    0xcf, 0x90, 0x0, 0x0, 0x0, 0x0, 0x2f, 0xf1,
    0x0, 0x0, 0x0, 0x0, 0x4, 0x62, 0x0, 0x0,
    0x0, 0x0, 0x0, 0x0, 0x0, 0x0, 0x1f, 0xff,
    0xff, 0xff, 0xff, 0xfe, 0x1f, 0xff, 0xff, 0xff,
    0xff, 0xfe, 0x1f, 0xfb, 0x44, 0x44, 0x44, 0x43,
    0x1f, 0xf9, 0x0, 0x0, 0x0, 0x0, 0x1f, 0xf9,
    0x0, 0x0, 0x0, 0x0, 0x1f, 0xf9, 0x0, 0x0,
    0x0, 0x0, 0x1f, 0xf9, 0x0, 0x0, 0x0, 0x0,
    0x1f, 0xff, 0xff, 0xff, 0xff, 0xf5, 0x1f, 0xff,
    0xff, 0xff, 0xff, 0xf5, 0x1f, 0xfb, 0x44, 0x44,
    0x44, 0x41, 0x1f, 0xf9, 0x0, 0x0, 0x0, 0x0,
    0x1f, 0xf9, 0x0, 0x0, 0x0, 0x0, 0x1f, 0xf9,
    0x0, 0x0, 0x0, 0x0, 0x1f, 0xf9, 0x0, 0x0,
    0x0, 0x0, 0x1f, 0xfb, 0x44, 0x44, 0x44, 0x44,
    0x1f, 0xff, 0xff, 0xff, 0xff, 0xff, 0x1f, 0xff,
    0xff, 0xff, 0xff, 0xff,

    /* U+00C9 "É" */
    0x0, 0x0, 0x0, 0x2f, 0xf6, 0x0, 0x0, 0x0,
    0x0, 0xaf, 0xb0, 0x0, 0x0, 0x0, 0x2, 0xfe,
    0x10, 0x0, 0x0, 0x0, 0x3, 0x63, 0x0, 0x0,
    0x0, 0x0, 0x0, 0x0, 0x0, 0x0, 0x1f, 0xff,
    0xff, 0xff, 0xff, 0xfe, 0x1f, 0xff, 0xff, 0xff,
    0xff, 0xfe, 0x1f, 0xfb, 0x44, 0x44, 0x44, 0x43,
    0x1f, 0xf9, 0x0, 0x0, 0x0, 0x0, 0x1f, 0xf9,
    0x0, 0x0, 0x0, 0x0, 0x1f, 0xf9, 0x0, 0x0,
    0x0, 0x0, 0x1f, 0xf9, 0x0, 0x0, 0x0, 0x0,
    0x1f, 0xff, 0xff, 0xff, 0xff, 0xf5, 0x1f, 0xff,
    0xff, 0xff, 0xff, 0xf5, 0x1f, 0xfb, 0x44, 0x44,
    0x44, 0x41, 0x1f, 0xf9, 0x0, 0x0, 0x0, 0x0,
    0x1f, 0xf9, 0x0, 0x0, 0x0, 0x0, 0x1f, 0xf9,
    0x0, 0x0, 0x0, 0x0, 0x1f, 0xf9, 0x0, 0x0,
    0x0, 0x0, 0x1f, 0xfb, 0x44, 0x44, 0x44, 0x44,
    0x1f, 0xff, 0xff, 0xff, 0xff, 0xff, 0x1f, 0xff,
    0xff, 0xff, 0xff, 0xff,

    /* U+00CA "Ê" */
    0x0, 0x0, 0x3e, 0xfe, 0x20, 0x0, 0x0, 0x3,
    0xff, 0x7f, 0xe2, 0x0, 0x0, 0x3f, 0xf4, 0x5,
    0xfe, 0x20, 0x0, 0x0, 0x0, 0x0, 0x0, 0x0,
    0x0, 0x0, 0x0, 0x0, 0x0, 0x0, 0x1f, 0xff,
    0xff, 0xff, 0xff, 0xfe, 0x1f, 0xff, 0xff, 0xff,
    0xff, 0xfe, 0x1f, 0xfb, 0x44, 0x44, 0x44, 0x43,
    0x1f, 0xf9, 0x0, 0x0, 0x0, 0x0, 0x1f, 0xf9,
    0x0, 0x0, 0x0, 0x0, 0x1f, 0xf9, 0x0, 0x0,
    0x0, 0x0, 0x1f, 0xf9, 0x0, 0x0, 0x0, 0x0,
    0x1f, 0xff, 0xff, 0xff, 0xff, 0xf5, 0x1f, 0xff,
    0xff, 0xff, 0xff, 0xf5, 0x1f, 0xfb, 0x44, 0x44,
    0x44, 0x41, 0x1f, 0xf9, 0x0, 0x0, 0x0, 0x0,
    0x1f, 0xf9, 0x0, 0x0, 0x0, 0x0, 0x1f, 0xf9,
    0x0, 0x0, 0x0, 0x0, 0x1f, 0xf9, 0x0, 0x0,
    0x0, 0x0, 0x1f, 0xfb, 0x44, 0x44, 0x44, 0x44,
    0x1f, 0xff, 0xff, 0xff, 0xff, 0xff, 0x1f, 0xff,
    0xff, 0xff, 0xff, 0xff,

    /* U+00CB "Ë" */
    0x0, 0x2e, 0xd2, 0x2, 0xdd, 0x20, 0x0, 0x7f,
    0xf6, 0x7, 0xff, 0x70, 0x0, 0x2d, 0xc1, 0x2,
    0xcc, 0x10, 0x0, 0x0, 0x0, 0x0, 0x0, 0x0,
    0x0, 0x0, 0x0, 0x0, 0x0, 0x0, 0x1f, 0xff,
    0xff, 0xff, 0xff, 0xfe, 0x1f, 0xff, 0xff, 0xff,
    0xff, 0xfe, 0x1f, 0xfb, 0x44, 0x44, 0x44, 0x43,
    0x1f, 0xf9, 0x0, 0x0, 0x0, 0x0, 0x1f, 0xf9,
    0x0, 0x0, 0x0, 0x0, 0x1f, 0xf9, 0x0, 0x0,
    0x0, 0x0, 0x1f, 0xf9, 0x0, 0x0, 0x0, 0x0,
    0x1f, 0xff, 0xff, 0xff, 0xff, 0xf5, 0x1f, 0xff,
    0xff, 0xff, 0xff, 0xf5, 0x1f, 0xfb, 0x44, 0x44,
    0x44, 0x41, 0x1f, 0xf9, 0x0, 0x0, 0x0, 0x0,
    0x1f, 0xf9, 0x0, 0x0, 0x0, 0x0, 0x1f, 0xf9,
    0x0, 0x0, 0x0, 0x0, 0x1f, 0xf9, 0x0, 0x0,
    0x0, 0x0, 0x1f, 0xfb, 0x44, 0x44, 0x44, 0x44,
    0x1f, 0xff, 0xff, 0xff, 0xff, 0xff, 0x1f, 0xff,
    0xff, 0xff, 0xff, 0xff,

    /* U+00CC "Ì" */
    0xaf, 0xe0, 0x1, 0xef, 0x50, 0x4, 0xfd, 0x0,
    0x5, 0x61, 0x0, 0x0, 0x0, 0x1f, 0xf9, 0x1,
    0xff, 0x90, 0x1f, 0xf9, 0x1, 0xff, 0x90, 0x1f,
    0xf9, 0x1, 0xff, 0x90, 0x1f, 0xf9, 0x1, 0xff,
    0x90, 0x1f, 0xf9, 0x1, 0xff, 0x90, 0x1f, 0xf9,
    0x1, 0xff, 0x90, 0x1f, 0xf9, 0x1, 0xff, 0x90,
    0x1f, 0xf9, 0x1, 0xff, 0x90, 0x1f, 0xf9,

    /* U+00CD "Í" */
    0x0, 0x5f, 0xf3, 0x0, 0xdf, 0x80, 0x5, 0xfc,
    0x0, 0x4, 0x62, 0x0, 0x0, 0x0, 0x0, 0x1f,
    0xf9, 0x0, 0x1f, 0xf9, 0x0, 0x1f, 0xf9, 0x0,
    0x1f, 0xf9, 0x0, 0x1f, 0xf9, 0x0, 0x1f, 0xf9,
    0x0, 0x1f, 0xf9, 0x0, 0x1f, 0xf9, 0x0, 0x1f,
    0xf9, 0x0, 0x1f, 0xf9, 0x0, 0x1f, 0xf9, 0x0,
    0x1f, 0xf9, 0x0, 0x1f, 0xf9, 0x0, 0x1f, 0xf9,
    0x0, 0x1f, 0xf9, 0x0, 0x1f, 0xf9, 0x0, 0x1f,
    0xf9, 0x0,

    /* U+00CE "Î" */
    0x0, 0x6f, 0xfc, 0x10, 0x0, 0x6f, 0xd8, 0xfc,
    0x10, 0x6f, 0xe2, 0x8, 0xfc, 0x10, 0x0, 0x0,
    0x0, 0x0, 0x0, 0x0, 0x0, 0x0, 0x0, 0x1,
    0xff, 0x90, 0x0, 0x0, 0x1f, 0xf9, 0x0, 0x0,
    0x1, 0xff, 0x90, 0x0, 0x0, 0x1f, 0xf9, 0x0,
    0x0, 0x1, 0xff, 0x90, 0x0, 0x0, 0x1f, 0xf9,
    0x0, 0x0, 0x1, 0xff, 0x90, 0x0, 0x0, 0x1f,
    0xf9, 0x0, 0x0, 0x1, 0xff, 0x90, 0x0, 0x0,
    0x1f, 0xf9, 0x0, 0x0, 0x1, 0xff, 0x90, 0x0,
    0x0, 0x1f, 0xf9, 0x0, 0x0, 0x1, 0xff, 0x90,
    0x0, 0x0, 0x1f, 0xf9, 0x0, 0x0, 0x1, 0xff,
    0x90, 0x0, 0x0, 0x1f, 0xf9, 0x0, 0x0, 0x1,
    0xff, 0x90, 0x0,

    /* U+00CF "Ï" */
    0x4e, 0xb0, 0x4, 0xec, 0xa, 0xff, 0x30, 0xaf,
    0xf3, 0x4d, 0xa0, 0x4, 0xdb, 0x0, 0x0, 0x0,
    0x0, 0x0, 0x0, 0x0, 0x0, 0x0, 0x0, 0x1,
    0xff, 0x90, 0x0, 0x0, 0x1f, 0xf9, 0x0, 0x0,
    0x1, 0xff, 0x90, 0x0, 0x0, 0x1f, 0xf9, 0x0,
    0x0, 0x1, 0xff, 0x90, 0x0, 0x0, 0x1f, 0xf9,
    0x0, 0x0, 0x1, 0xff, 0x90, 0x0, 0x0, 0x1f,
    0xf9, 0x0, 0x0, 0x1, 0xff, 0x90, 0x0, 0x0,
    0x1f, 0xf9, 0x0, 0x0, 0x1, 0xff, 0x90, 0x0,
    0x0, 0x1f, 0xf9, 0x0, 0x0, 0x1, 0xff, 0x90,
    0x0, 0x0, 0x1f, 0xf9, 0x0, 0x0, 0x1, 0xff,
    0x90, 0x0, 0x0, 0x1f, 0xf9, 0x0, 0x0, 0x1,
    0xff, 0x90, 0x0,

    /* U+00D0 "Ð" */
    0x0, 0x8f, 0xff, 0xff, 0xfe, 0xc7, 0x10, 0x0,
    0x0, 0x8, 0xff, 0xff, 0xff, 0xff, 0xff, 0x60,
    0x0, 0x0, 0x8f, 0xf6, 0x44, 0x56, 0xaf, 0xff,
    0x80, 0x0, 0x8, 0xff, 0x20, 0x0, 0x0, 0x2d,
    0xff, 0x30, 0x0, 0x8f, 0xf2, 0x0, 0x0, 0x0,
    0x2f, 0xfb, 0x0, 0x8, 0xff, 0x20, 0x0, 0x0,
    0x0, 0x9f, 0xf1, 0x0, 0x8f, 0xf2, 0x0, 0x0,
    0x0, 0x5, 0xff, 0x5b, 0xff, 0xff, 0xff, 0xff,
    0x60, 0x0, 0x2f, 0xf6, 0xcf, 0xff, 0xff, 0xff,
    0xf7, 0x0, 0x1, 0xff, 0x80, 0x8, 0xff, 0x20,
    0x0, 0x0, 0x0, 0x2f, 0xf6, 0x0, 0x8f, 0xf2,
    0x0, 0x0, 0x0, 0x5, 0xff, 0x50, 0x8, 0xff,
    0x20, 0x0, 0x0, 0x0, 0xaf, 0xf1, 0x0, 0x8f,
    0xf2, 0x0, 0x0, 0x0, 0x2f, 0xfb, 0x0, 0x8,
    0xff, 0x20, 0x0, 0x0, 0x3e, 0xff, 0x30, 0x0,
    0x8f, 0xf6, 0x44, 0x57, 0xbf, 0xff, 0x70, 0x0,
    0x8, 0xff, 0xff, 0xff, 0xff, 0xff, 0x50, 0x0,
    0x0, 0x8f, 0xff, 0xff, 0xfe, 0xc7, 0x10, 0x0,
    0x0,

    /* U+00D1 "Ñ" */
    0x0, 0x0, 0xa, 0xfc, 0x52, 0xfa, 0x0, 0x0,
    0x0, 0x0, 0x5f, 0xce, 0xff, 0xf5, 0x0, 0x0,
    0x0, 0x0, 0x49, 0x10, 0x58, 0x50, 0x0, 0x0,
    0x0, 0x0, 0x0, 0x0, 0x0, 0x0, 0x0, 0x0,
    0x0, 0x0, 0x0, 0x0, 0x0, 0x0, 0x0, 0x0,
    0x1f, 0xff, 0x50, 0x0, 0x0, 0x0, 0x7f, 0xf3,
    0x1f, 0xff, 0xe1, 0x0, 0x0, 0x0, 0x7f, 0xf3,
    0x1f, 0xff, 0xfa, 0x0, 0x0, 0x0, 0x7f, 0xf3,
    0x1f, 0xfd, 0xff, 0x40, 0x0, 0x0, 0x7f, 0xf3,
    0x1f, 0xf8, 0xcf, 0xe0, 0x0, 0x0, 0x7f, 0xf3,
    0x1f, 0xf8, 0x3f, 0xf9, 0x0, 0x0, 0x7f, 0xf3,
    0x1f, 0xf9, 0xa, 0xff, 0x30, 0x0, 0x7f, 0xf3,
    0x1f, 0xfa, 0x1, 0xff, 0xd0, 0x0, 0x7f, 0xf3,
    0x1f, 0xfa, 0x0, 0x6f, 0xf8, 0x0, 0x7f, 0xf3,
    0x1f, 0xfa, 0x0, 0xc, 0xff, 0x30, 0x7f, 0xf3,
    0x1f, 0xfa, 0x0, 0x2, 0xff, 0xc0, 0x7f, 0xf3,
    0x1f, 0xfa, 0x0, 0x0, 0x7f, 0xf6, 0x7f, 0xf3,
    0x1f, 0xfa, 0x0, 0x0, 0xc, 0xfe, 0x7f, 0xf3,
    0x1f, 0xfa, 0x0, 0x0, 0x2, 0xff, 0xdf, 0xf3,
    0x1f, 0xfa, 0x0, 0x0, 0x0, 0x8f, 0xff, 0xf3,
    0x1f, 0xfa, 0x0, 0x0, 0x0, 0xd, 0xff, 0xf3,
    0x1f, 0xfa, 0x0, 0x0, 0x0, 0x3, 0xff, 0xf3,

    /* U+00D2 "Ò" */
    0x0, 0x0, 0x6, 0x64, 0x0, 0x0, 0x0, 0x0,
    0x0, 0x0, 0x0, 0x7f, 0xf1, 0x0, 0x0, 0x0,
    0x0, 0x0, 0x0, 0x0, 0xcf, 0x80, 0x0, 0x0,
    0x0, 0x0, 0x0, 0x0, 0x2, 0xfe, 0x0, 0x0,
    0x0, 0x0, 0x0, 0x0, 0x0, 0x0, 0x0, 0x0,
    0x0, 0x0, 0x0, 0x0, 0x0, 0x0, 0x0, 0x0,
    0x0, 0x0, 0x0, 0x0, 0x0, 0x28, 0xdf, 0xfe,
    0xa5, 0x0, 0x0, 0x0, 0x0, 0x7f, 0xff, 0xff,
    0xff, 0xfc, 0x10, 0x0, 0x0, 0x9f, 0xff, 0xb7,
    0x69, 0xef, 0xfe, 0x10, 0x0, 0x5f, 0xfd, 0x20,
    0x0, 0x0, 0x9f, 0xfb, 0x0, 0xe, 0xff, 0x20,
    0x0, 0x0, 0x0, 0xbf, 0xf4, 0x4, 0xff, 0x80,
    0x0, 0x0, 0x0, 0x2, 0xff, 0xa0, 0x7f, 0xf3,
    0x0, 0x0, 0x0, 0x0, 0xd, 0xfe, 0x9, 0xff,
    0x10, 0x0, 0x0, 0x0, 0x0, 0xaf, 0xf0, 0xaf,
    0xf0, 0x0, 0x0, 0x0, 0x0, 0x9, 0xff, 0x19,
    0xff, 0x10, 0x0, 0x0, 0x0, 0x0, 0xaf, 0xf0,
    0x7f, 0xf3, 0x0, 0x0, 0x0, 0x0, 0xd, 0xfe,
    0x4, 0xff, 0x80, 0x0, 0x0, 0x0, 0x2, 0xff,
    0xa0, 0xe, 0xff, 0x20, 0x0, 0x0, 0x0, 0xbf,
    0xf4, 0x0, 0x5f, 0xfd, 0x20, 0x0, 0x0, 0x9f,
    0xfb, 0x0, 0x0, 0x9f, 0xff, 0xb7, 0x69, 0xef,
    0xfe, 0x10, 0x0, 0x0, 0x7f, 0xff, 0xff, 0xff,
    0xfc, 0x10, 0x0, 0x0, 0x0, 0x28, 0xdf, 0xfe,
    0xb5, 0x0, 0x0, 0x0,

    /* U+00D3 "Ó" */
    0x0, 0x0, 0x0, 0x0, 0x16, 0x62, 0x0, 0x0,
    0x0, 0x0, 0x0, 0x0, 0xa, 0xfd, 0x0, 0x0,
    0x0, 0x0, 0x0, 0x0, 0x2, 0xff, 0x20, 0x0,
    0x0, 0x0, 0x0, 0x0, 0x0, 0x9f, 0x70, 0x0,
    0x0, 0x0, 0x0, 0x0, 0x0, 0x0, 0x0, 0x0,
    0x0, 0x0, 0x0, 0x0, 0x0, 0x0, 0x0, 0x0,
    0x0, 0x0, 0x0, 0x0, 0x0, 0x28, 0xdf, 0xfe,
    0xa5, 0x0, 0x0, 0x0, 0x0, 0x7f, 0xff, 0xff,
    0xff, 0xfc, 0x10, 0x0, 0x0, 0x9f, 0xff, 0xb7,
    0x69, 0xef, 0xfe, 0x10, 0x0, 0x5f, 0xfd, 0x20,
    0x0, 0x0, 0x9f, 0xfb, 0x0, 0xe, 0xff, 0x20,
    0x0, 0x0, 0x0, 0xbf, 0xf4, 0x4, 0xff, 0x80,
    0x0, 0x0, 0x0, 0x2, 0xff, 0xa0, 0x7f, 0xf3,
    0x0, 0x0, 0x0, 0x0, 0xd, 0xfe, 0x9, 0xff,
    0x10, 0x0, 0x0, 0x0, 0x0, 0xaf, 0xf0, 0xaf,
    0xf0, 0x0, 0x0, 0x0, 0x0, 0x9, 0xff, 0x19,
    0xff, 0x10, 0x0, 0x0, 0x0, 0x0, 0xaf, 0xf0,
    0x7f, 0xf3, 0x0, 0x0, 0x0, 0x0, 0xd, 0xfe,
    0x4, 0xff, 0x80, 0x0, 0x0, 0x0, 0x2, 0xff,
    0xa0, 0xe, 0xff, 0x20, 0x0, 0x0, 0x0, 0xbf,
    0xf4, 0x0, 0x5f, 0xfd, 0x20, 0x0, 0x0, 0x9f,
    0xfb, 0x0, 0x0, 0x9f, 0xff, 0xb7, 0x69, 0xef,
    0xfe, 0x10, 0x0, 0x0, 0x7f, 0xff, 0xff, 0xff,
    0xfc, 0x10, 0x0, 0x0, 0x0, 0x28, 0xdf, 0xfe,
    0xb5, 0x0, 0x0, 0x0,

    /* U+00D4 "Ô" */
    0x0, 0x0, 0x0, 0x17, 0x84, 0x0, 0x0, 0x0,
    0x0, 0x0, 0x0, 0xc, 0xff, 0xf3, 0x0, 0x0,
    0x0, 0x0, 0x0, 0xa, 0xfb, 0x4f, 0xe1, 0x0,
    0x0, 0x0, 0x0, 0x8, 0xfd, 0x10, 0x8f, 0xd0,
    0x0, 0x0, 0x0, 0x0, 0x0, 0x0, 0x0, 0x0,
    0x0, 0x0, 0x0, 0x0, 0x0, 0x0, 0x0, 0x0,
    0x0, 0x0, 0x0, 0x0, 0x0, 0x28, 0xdf, 0xfe,
    0xa5, 0x0, 0x0, 0x0, 0x0, 0x7f, 0xff, 0xff,
    0xff, 0xfc, 0x10, 0x0, 0x0, 0x9f, 0xff, 0xb7,
    0x69, 0xef, 0xfe, 0x10, 0x0, 0x5f, 0xfd, 0x20,
    0x0, 0x0, 0x9f, 0xfb, 0x0, 0xe, 0xff, 0x20,
    0x0, 0x0, 0x0, 0xbf, 0xf4, 0x4, 0xff, 0x80,
    0x0, 0x0, 0x0, 0x2, 0xff, 0xa0, 0x7f, 0xf3,
    0x0, 0x0, 0x0, 0x0, 0xd, 0xfe, 0x9, 0xff,
    0x10, 0x0, 0x0, 0x0, 0x0, 0xaf, 0xf0, 0xaf,
    0xf0, 0x0, 0x0, 0x0, 0x0, 0x9, 0xff, 0x19,
    0xff, 0x10, 0x0, 0x0, 0x0, 0x0, 0xaf, 0xf0,
    0x7f, 0xf3, 0x0, 0x0, 0x0, 0x0, 0xd, 0xfe,
    0x4, 0xff, 0x80, 0x0, 0x0, 0x0, 0x2, 0xff,
    0xa0, 0xe, 0xff, 0x20, 0x0, 0x0, 0x0, 0xbf,
    0xf4, 0x0, 0x5f, 0xfd, 0x20, 0x0, 0x0, 0x9f,
    0xfb, 0x0, 0x0, 0x9f, 0xff, 0xb7, 0x69, 0xef,
    0xfe, 0x10, 0x0, 0x0, 0x7f, 0xff, 0xff, 0xff,
    0xfc, 0x10, 0x0, 0x0, 0x0, 0x28, 0xdf, 0xfe,
    0xb5, 0x0, 0x0, 0x0,

    /* U+00D5 "Õ" */
    0x0, 0x0, 0x8, 0xfd, 0x61, 0xec, 0x0, 0x0,
    0x0, 0x0, 0x3, 0xfd, 0xdf, 0xff, 0x70, 0x0,
    0x0, 0x0, 0x0, 0x39, 0x20, 0x48, 0x60, 0x0,
    0x0, 0x0, 0x0, 0x0, 0x0, 0x0, 0x0, 0x0,
    0x0, 0x0, 0x0, 0x0, 0x0, 0x0, 0x0, 0x0,
    0x0, 0x0, 0x0, 0x0, 0x2, 0x8d, 0xff, 0xea,
    0x50, 0x0, 0x0, 0x0, 0x7, 0xff, 0xff, 0xff,
    0xff, 0xc1, 0x0, 0x0, 0x9, 0xff, 0xfb, 0x76,
    0x9e, 0xff, 0xe1, 0x0, 0x5, 0xff, 0xd2, 0x0,
    0x0, 0x9, 0xff, 0xb0, 0x0, 0xef, 0xf2, 0x0,
    0x0, 0x0, 0xb, 0xff, 0x40, 0x4f, 0xf8, 0x0,
    0x0, 0x0, 0x0, 0x2f, 0xfa, 0x7, 0xff, 0x30,
    0x0, 0x0, 0x0, 0x0, 0xdf, 0xe0, 0x9f, 0xf1,
    0x0, 0x0, 0x0, 0x0, 0xa, 0xff, 0xa, 0xff,
    0x0, 0x0, 0x0, 0x0, 0x0, 0x9f, 0xf1, 0x9f,
    0xf1, 0x0, 0x0, 0x0, 0x0, 0xa, 0xff, 0x7,
    0xff, 0x30, 0x0, 0x0, 0x0, 0x0, 0xdf, 0xe0,
    0x4f, 0xf8, 0x0, 0x0, 0x0, 0x0, 0x2f, 0xfa,
    0x0, 0xef, 0xf2, 0x0, 0x0, 0x0, 0xb, 0xff,
    0x40, 0x5, 0xff, 0xd2, 0x0, 0x0, 0x9, 0xff,
    0xb0, 0x0, 0x9, 0xff, 0xfb, 0x76, 0x9e, 0xff,
    0xe1, 0x0, 0x0, 0x7, 0xff, 0xff, 0xff, 0xff,
    0xc1, 0x0, 0x0, 0x0, 0x2, 0x8d, 0xff, 0xeb,
    0x50, 0x0, 0x0,

    /* U+00D6 "Ö" */
    0x0, 0x0, 0x5f, 0xb0, 0x5, 0xfb, 0x0, 0x0,
    0x0, 0x0, 0xc, 0xff, 0x20, 0xbf, 0xf2, 0x0,
    0x0, 0x0, 0x0, 0x5e, 0xa0, 0x4, 0xea, 0x0,
    0x0, 0x0, 0x0, 0x0, 0x0, 0x0, 0x0, 0x0,
    0x0, 0x0, 0x0, 0x0, 0x0, 0x0, 0x0, 0x0,
    0x0, 0x0, 0x0, 0x0, 0x2, 0x8d, 0xff, 0xea,
    0x50, 0x0, 0x0, 0x0, 0x7, 0xff, 0xff, 0xff,
    0xff, 0xc1, 0x0, 0x0, 0x9, 0xff, 0xfb, 0x76,
    0x9e, 0xff, 0xe1, 0x0, 0x5, 0xff, 0xd2, 0x0,
    0x0, 0x9, 0xff, 0xb0, 0x0, 0xef, 0xf2, 0x0,
    0x0, 0x0, 0xb, 0xff, 0x40, 0x4f, 0xf8, 0x0,
    0x0, 0x0, 0x0, 0x2f, 0xfa, 0x7, 0xff, 0x30,
    0x0, 0x0, 0x0, 0x0, 0xdf, 0xe0, 0x9f, 0xf1,
    0x0, 0x0, 0x0, 0x0, 0xa, 0xff, 0xa, 0xff,
    0x0, 0x0, 0x0, 0x0, 0x0, 0x9f, 0xf1, 0x9f,
    0xf1, 0x0, 0x0, 0x0, 0x0, 0xa, 0xff, 0x7,
    0xff, 0x30, 0x0, 0x0, 0x0, 0x0, 0xdf, 0xe0,
    0x4f, 0xf8, 0x0, 0x0, 0x0, 0x0, 0x2f, 0xfa,
    0x0, 0xef, 0xf2, 0x0, 0x0, 0x0, 0xb, 0xff,
    0x40, 0x5, 0xff, 0xd2, 0x0, 0x0, 0x9, 0xff,
    0xb0, 0x0, 0x9, 0xff, 0xfb, 0x76, 0x9e, 0xff,
    0xe1, 0x0, 0x0, 0x7, 0xff, 0xff, 0xff, 0xff,
    0xc1, 0x0, 0x0, 0x0, 0x2, 0x8d, 0xff, 0xeb,
    0x50, 0x0, 0x0,

    /* U+00D7 "×" */
    0x1, 0x0, 0x0, 0x0, 0x0, 0x10, 0x1d, 0xc0,
    0x0, 0x0, 0xb, 0xd1, 0x6f, 0xfc, 0x0, 0x0,
    0xbf, 0xf7, 0x6, 0xff, 0xc1, 0xb, 0xff, 0x80,
    0x0, 0x6f, 0xfc, 0xcf, 0xf7, 0x0, 0x0, 0x6,
    0xff, 0xff, 0x70, 0x0, 0x0, 0x0, 0xdf, 0xfe,
    0x10, 0x0, 0x0, 0x1c, 0xff, 0xff, 0xd1, 0x0,
    0x1, 0xcf, 0xf6, 0x5f, 0xfd, 0x10, 0x1c, 0xff,
    0x60, 0x5, 0xff, 0xd1, 0x6f, 0xf5, 0x0, 0x0,
    0x4f, 0xf7, 0x7, 0x50, 0x0, 0x0, 0x4, 0x70,

    /* U+00D8 "Ø" */
    0x0, 0x0, 0x0, 0x0, 0x0, 0x0, 0x2, 0x0,
    0x0, 0x0, 0x2, 0x8d, 0xff, 0xea, 0x52, 0xfb,
    0x0, 0x0, 0x7, 0xff, 0xff, 0xff, 0xff, 0xff,
    0x90, 0x0, 0x9, 0xff, 0xfb, 0x76, 0x9e, 0xff,
    0xf1, 0x0, 0x5, 0xff, 0xd2, 0x0, 0x0, 0x5f,
    0xff, 0xb0, 0x0, 0xef, 0xf2, 0x0, 0x0, 0x1e,
    0xff, 0xff, 0x40, 0x4f, 0xf8, 0x0, 0x0, 0xc,
    0xf9, 0x2f, 0xfa, 0x7, 0xff, 0x30, 0x0, 0x8,
    0xfd, 0x0, 0xdf, 0xe0, 0x9f, 0xf1, 0x0, 0x4,
    0xff, 0x20, 0xa, 0xff, 0xa, 0xff, 0x0, 0x1,
    0xef, 0x60, 0x0, 0x9f, 0xf1, 0x9f, 0xf1, 0x0,
    0xbf, 0xa0, 0x0, 0xa, 0xff, 0x7, 0xff, 0x30,
    0x7f, 0xd0, 0x0, 0x0, 0xdf, 0xe0, 0x4f, 0xf8,
    0x3f, 0xf3, 0x0, 0x0, 0x2f, 0xfa, 0x0, 0xef,
    0xff, 0xf7, 0x0, 0x0, 0xb, 0xff, 0x40, 0x5,
    0xff, 0xfe, 0x0, 0x0, 0x9, 0xff, 0xb0, 0x0,
    0xf, 0xff, 0xfb, 0x76, 0x9e, 0xff, 0xe1, 0x0,
    0x2, 0xff, 0xff, 0xff, 0xff, 0xff, 0xc1, 0x0,
    0x0, 0x5f, 0x82, 0x8d, 0xff, 0xeb, 0x50, 0x0,
    0x0, 0x0, 0x20, 0x0, 0x0, 0x0, 0x0, 0x0,
    0x0, 0x0,

    /* U+00D9 "Ù" */
    0x0, 0x0, 0x16, 0x62, 0x0, 0x0, 0x0, 0x0,
    0x0, 0x0, 0xbf, 0xb0, 0x0, 0x0, 0x0, 0x0,
    0x0, 0x2, 0xff, 0x30, 0x0, 0x0, 0x0, 0x0,
    0x0, 0x6, 0xfa, 0x0, 0x0, 0x0, 0x0, 0x0,
    0x0, 0x0, 0x0, 0x0, 0x0, 0x0, 0x0, 0x0,
    0x0, 0x0, 0x0, 0x0, 0x0, 0x1f, 0xf9, 0x0,
    0x0, 0x0, 0x0, 0xdf, 0xd1, 0xff, 0x90, 0x0,
    0x0, 0x0, 0xd, 0xfd, 0x1f, 0xf9, 0x0, 0x0,
    0x0, 0x0, 0xdf, 0xd1, 0xff, 0x90, 0x0, 0x0,
    0x0, 0xd, 0xfd, 0x1f, 0xf9, 0x0, 0x0, 0x0,
    0x0, 0xdf, 0xd1, 0xff, 0x90, 0x0, 0x0, 0x0,
    0xd, 0xfd, 0x1f, 0xf9, 0x0, 0x0, 0x0, 0x0,
    0xdf, 0xd1, 0xff, 0x90, 0x0, 0x0, 0x0, 0xd,
    0xfd, 0x1f, 0xf9, 0x0, 0x0, 0x0, 0x0, 0xdf,
    0xd1, 0xff, 0x90, 0x0, 0x0, 0x0, 0xd, 0xfd,
    0x1f, 0xf9, 0x0, 0x0, 0x0, 0x0, 0xdf, 0xd0,
    0xff, 0xb0, 0x0, 0x0, 0x0, 0xe, 0xfc, 0xd,
    0xff, 0x10, 0x0, 0x0, 0x4, 0xff, 0x90, 0x7f,
    0xfb, 0x0, 0x0, 0x2, 0xef, 0xf3, 0x0, 0xcf,
    0xfe, 0x86, 0x69, 0xff, 0xf9, 0x0, 0x1, 0xbf,
    0xff, 0xff, 0xff, 0xf9, 0x0, 0x0, 0x0, 0x5a,
    0xdf, 0xfd, 0x93, 0x0, 0x0,

    /* U+00DA "Ú" */
    0x0, 0x0, 0x0, 0x0, 0x46, 0x60, 0x0, 0x0,
    0x0, 0x0, 0x0, 0xe, 0xf8, 0x0, 0x0, 0x0,
    0x0, 0x0, 0x7, 0xfc, 0x0, 0x0, 0x0, 0x0,
    0x0, 0x0, 0xef, 0x20, 0x0, 0x0, 0x0, 0x0,
    0x0, 0x0, 0x0, 0x0, 0x0, 0x0, 0x0, 0x0,
    0x0, 0x0, 0x0, 0x0, 0x0, 0x1f, 0xf9, 0x0,
    0x0, 0x0, 0x0, 0xdf, 0xd1, 0xff, 0x90, 0x0,
    0x0, 0x0, 0xd, 0xfd, 0x1f, 0xf9, 0x0, 0x0,
    0x0, 0x0, 0xdf, 0xd1, 0xff, 0x90, 0x0, 0x0,
    0x0, 0xd, 0xfd, 0x1f, 0xf9, 0x0, 0x0, 0x0,
    0x0, 0xdf, 0xd1, 0xff, 0x90, 0x0, 0x0, 0x0,
    0xd, 0xfd, 0x1f, 0xf9, 0x0, 0x0, 0x0, 0x0,
    0xdf, 0xd1, 0xff, 0x90, 0x0, 0x0, 0x0, 0xd,
    0xfd, 0x1f, 0xf9, 0x0, 0x0, 0x0, 0x0, 0xdf,
    0xd1, 0xff, 0x90, 0x0, 0x0, 0x0, 0xd, 0xfd,
    0x1f, 0xf9, 0x0, 0x0, 0x0, 0x0, 0xdf, 0xd0,
    0xff, 0xb0, 0x0, 0x0, 0x0, 0xe, 0xfc, 0xd,
    0xff, 0x10, 0x0, 0x0, 0x4, 0xff, 0x90, 0x7f,
    0xfb, 0x0, 0x0, 0x2, 0xef, 0xf3, 0x0, 0xcf,
    0xfe, 0x86, 0x69, 0xff, 0xf9, 0x0, 0x1, 0xbf,
    0xff, 0xff, 0xff, 0xf9, 0x0, 0x0, 0x0, 0x5a,
    0xdf, 0xfd, 0x93, 0x0, 0x0,

    /* U+00DB "Û" */
    0x0, 0x0, 0x0, 0x38, 0x81, 0x0, 0x0, 0x0,
    0x0, 0x0, 0x2f, 0xff, 0xc0, 0x0, 0x0, 0x0,
    0x0, 0x1e, 0xf6, 0x9f, 0xa0, 0x0, 0x0, 0x0,
    0xd, 0xf9, 0x0, 0xcf, 0x80, 0x0, 0x0, 0x0,
    0x0, 0x0, 0x0, 0x0, 0x0, 0x0, 0x0, 0x0,
    0x0, 0x0, 0x0, 0x0, 0x0, 0x1f, 0xf9, 0x0,
    0x0, 0x0, 0x0, 0xdf, 0xd1, 0xff, 0x90, 0x0,
    0x0, 0x0, 0xd, 0xfd, 0x1f, 0xf9, 0x0, 0x0,
    0x0, 0x0, 0xdf, 0xd1, 0xff, 0x90, 0x0, 0x0,
    0x0, 0xd, 0xfd, 0x1f, 0xf9, 0x0, 0x0, 0x0,
    0x0, 0xdf, 0xd1, 0xff, 0x90, 0x0, 0x0, 0x0,
    0xd, 0xfd, 0x1f, 0xf9, 0x0, 0x0, 0x0, 0x0,
    0xdf, 0xd1, 0xff, 0x90, 0x0, 0x0, 0x0, 0xd,
    0xfd, 0x1f, 0xf9, 0x0, 0x0, 0x0, 0x0, 0xdf,
    0xd1, 0xff, 0x90, 0x0, 0x0, 0x0, 0xd, 0xfd,
    0x1f, 0xf9, 0x0, 0x0, 0x0, 0x0, 0xdf, 0xd0,
    0xff, 0xb0, 0x0, 0x0, 0x0, 0xe, 0xfc, 0xd,
    0xff, 0x10, 0x0, 0x0, 0x4, 0xff, 0x90, 0x7f,
    0xfb, 0x0, 0x0, 0x2, 0xef, 0xf3, 0x0, 0xcf,
    0xfe, 0x86, 0x69, 0xff, 0xf9, 0x0, 0x1, 0xbf,
    0xff, 0xff, 0xff, 0xf9, 0x0, 0x0, 0x0, 0x5a,
    0xdf, 0xfd, 0x93, 0x0, 0x0,

    /* U+00DC "Ü" */
    0x0, 0x0, 0xaf, 0x60, 0xa, 0xf7, 0x0, 0x0,
    0x0, 0x1f, 0xfd, 0x0, 0xff, 0xd0, 0x0, 0x0,
    0x0, 0x9e, 0x60, 0x9, 0xe6, 0x0, 0x0, 0x0,
    0x0, 0x0, 0x0, 0x0, 0x0, 0x0, 0x0, 0x0,
    0x0, 0x0, 0x0, 0x0, 0x0, 0x1, 0xff, 0x90,
    0x0, 0x0, 0x0, 0xd, 0xfd, 0x1f, 0xf9, 0x0,
    0x0, 0x0, 0x0, 0xdf, 0xd1, 0xff, 0x90, 0x0,
    0x0, 0x0, 0xd, 0xfd, 0x1f, 0xf9, 0x0, 0x0,
    0x0, 0x0, 0xdf, 0xd1, 0xff, 0x90, 0x0, 0x0,
    0x0, 0xd, 0xfd, 0x1f, 0xf9, 0x0, 0x0, 0x0,
    0x0, 0xdf, 0xd1, 0xff, 0x90, 0x0, 0x0, 0x0,
    0xd, 0xfd, 0x1f, 0xf9, 0x0, 0x0, 0x0, 0x0,
    0xdf, 0xd1, 0xff, 0x90, 0x0, 0x0, 0x0, 0xd,
    0xfd, 0x1f, 0xf9, 0x0, 0x0, 0x0, 0x0, 0xdf,
    0xd1, 0xff, 0x90, 0x0, 0x0, 0x0, 0xd, 0xfd,
    0xf, 0xfb, 0x0, 0x0, 0x0, 0x0, 0xef, 0xc0,
    0xdf, 0xf1, 0x0, 0x0, 0x0, 0x4f, 0xf9, 0x7,
    0xff, 0xb0, 0x0, 0x0, 0x2e, 0xff, 0x30, 0xc,
    0xff, 0xe8, 0x66, 0x9f, 0xff, 0x90, 0x0, 0x1b,
    0xff, 0xff, 0xff, 0xff, 0x90, 0x0, 0x0, 0x5,
    0xad, 0xff, 0xd9, 0x30, 0x0,

    /* U+00DD "Ý" */
    0x0, 0x0, 0x0, 0x0, 0x4f, 0xf4, 0x0, 0x0,
    0x0, 0x0, 0x0, 0x0, 0xc, 0xf9, 0x0, 0x0,
    0x0, 0x0, 0x0, 0x0, 0x3, 0xfd, 0x0, 0x0,
    0x0, 0x0, 0x0, 0x0, 0x0, 0x36, 0x20, 0x0,
    0x0, 0x0, 0x0, 0x0, 0x0, 0x0, 0x0, 0x0,
    0x0, 0x0, 0x2, 0xff, 0xe1, 0x0, 0x0, 0x0,
    0x4, 0xff, 0xc0, 0x7, 0xff, 0xa0, 0x0, 0x0,
    0x0, 0xdf, 0xf2, 0x0, 0xd, 0xff, 0x30, 0x0,
    0x0, 0x7f, 0xf8, 0x0, 0x0, 0x3f, 0xfd, 0x0,
    0x0, 0x2f, 0xfe, 0x0, 0x0, 0x0, 0x9f, 0xf7,
    0x0, 0xb, 0xff, 0x40, 0x0, 0x0, 0x0, 0xef,
    0xf1, 0x4, 0xff, 0xa0, 0x0, 0x0, 0x0, 0x5,
    0xff, 0x90, 0xdf, 0xf1, 0x0, 0x0, 0x0, 0x0,
    0xb, 0xff, 0x7f, 0xf6, 0x0, 0x0, 0x0, 0x0,
    0x0, 0x1f, 0xff, 0xfc, 0x0, 0x0, 0x0, 0x0,
    0x0, 0x0, 0x6f, 0xff, 0x20, 0x0, 0x0, 0x0,
    0x0, 0x0, 0x0, 0xff, 0xb0, 0x0, 0x0, 0x0,
    0x0, 0x0, 0x0, 0xf, 0xfb, 0x0, 0x0, 0x0,
    0x0, 0x0, 0x0, 0x0, 0xff, 0xb0, 0x0, 0x0,
    0x0, 0x0, 0x0, 0x0, 0xf, 0xfb, 0x0, 0x0,
    0x0, 0x0, 0x0, 0x0, 0x0, 0xff, 0xb0, 0x0,
    0x0, 0x0, 0x0, 0x0, 0x0, 0xf, 0xfb, 0x0,
    0x0, 0x0, 0x0, 0x0, 0x0, 0x0, 0xff, 0xb0,
    0x0, 0x0, 0x0,

    /* U+00DE "Þ" */
    0x3f, 0xf8, 0x0, 0x0, 0x0, 0x0, 0x3, 0xff,
    0x80, 0x0, 0x0, 0x0, 0x0, 0x3f, 0xf8, 0x0,
    0x0, 0x0, 0x0, 0x3, 0xff, 0xff, 0xff, 0xec,
    0x70, 0x0, 0x3f, 0xff, 0xff, 0xff, 0xff, 0xd2,
    0x3, 0xff, 0x93, 0x33, 0x49, 0xff, 0xd0, 0x3f,
    0xf8, 0x0, 0x0, 0x7, 0xff, 0x53, 0xff, 0x80,
    0x0, 0x0, 0xf, 0xf8, 0x3f, 0xf8, 0x0, 0x0,
    0x0, 0xff, 0x93, 0xff, 0x80, 0x0, 0x0, 0x4f,
    0xf6, 0x3f, 0xf8, 0x0, 0x1, 0x6e, 0xfe, 0x3,
    0xff, 0xff, 0xff, 0xff, 0xff, 0x40, 0x3f, 0xff,
    0xff, 0xff, 0xfa, 0x20, 0x3, 0xff, 0x93, 0x32,
    0x10, 0x0, 0x0, 0x3f, 0xf8, 0x0, 0x0, 0x0,
    0x0, 0x3, 0xff, 0x80, 0x0, 0x0, 0x0, 0x0,
    0x3f, 0xf8, 0x0, 0x0, 0x0, 0x0, 0x0,

    /* U+00DF "ß" */
    0x0, 0x6, 0xce, 0xfe, 0xa4, 0x0, 0x0, 0xc,
    0xff, 0xff, 0xff, 0xfa, 0x0, 0x8, 0xff, 0xd6,
    0x47, 0xef, 0xf6, 0x0, 0xef, 0xe0, 0x0, 0x2,
    0xff, 0xb0, 0xf, 0xf9, 0x0, 0x0, 0xd, 0xfc,
    0x1, 0xff, 0x80, 0x0, 0x1, 0xff, 0x80, 0x1f,
    0xf8, 0x0, 0x2, 0xbf, 0xd1, 0x1, 0xff, 0x80,
    0x5f, 0xff, 0x91, 0x0, 0x1f, 0xf8, 0x5, 0xff,
    0xff, 0xc3, 0x1, 0xff, 0x80, 0x13, 0x47, 0xff,
    0xf2, 0x1f, 0xf8, 0x0, 0x0, 0x3, 0xff, 0x91,
    0xff, 0x80, 0x0, 0x0, 0xc, 0xfd, 0x1f, 0xf8,
    0x0, 0x0, 0x0, 0xcf, 0xd1, 0xff, 0x80, 0x0,
    0x0, 0x2f, 0xfb, 0x1f, 0xf8, 0x1, 0x33, 0x6e,
    0xff, 0x51, 0xff, 0x80, 0x6f, 0xff, 0xff, 0x80,
    0x1f, 0xf8, 0x6, 0xff, 0xeb, 0x40, 0x0,

    /* U+00E0 "à" */
    0x0, 0x4, 0xff, 0x40, 0x0, 0x0, 0x0, 0x0,
    0x9f, 0xc0, 0x0, 0x0, 0x0, 0x0, 0xd, 0xf3,
    0x0, 0x0, 0x0, 0x0, 0x3, 0x74, 0x0, 0x0,
    0x0, 0x0, 0x0, 0x0, 0x0, 0x0, 0x0, 0x3,
    0xae, 0xfe, 0xc7, 0x0, 0x0, 0x7f, 0xff, 0xff,
    0xff, 0xc0, 0x4, 0xff, 0xc4, 0x12, 0x9f, 0xf7,
    0x2, 0x7a, 0x0, 0x0, 0xd, 0xfc, 0x0, 0x0,
    0x0, 0x0, 0xc, 0xfe, 0x0, 0x0, 0x47, 0x9b,
    0xef, 0xfe, 0x0, 0x8f, 0xff, 0xff, 0xee, 0xfe,
    0x9, 0xff, 0xb6, 0x31, 0xa, 0xfe, 0xf, 0xfb,
    0x0, 0x0, 0xb, 0xfe, 0xf, 0xf9, 0x0, 0x0,
    0x2f, 0xfe, 0xc, 0xff, 0x51, 0x15, 0xef, 0xfe,
    0x3, 0xff, 0xff, 0xff, 0xda, 0xfe, 0x0, 0x2a,
    0xef, 0xd8, 0x9, 0xfe,

    /* U+00E1 "á" */
    0x0, 0x0, 0x0, 0xe, 0xf9, 0x0, 0x0, 0x0,
    0x0, 0x7f, 0xd0, 0x0, 0x0, 0x0, 0x0, 0xef,
    0x30, 0x0, 0x0, 0x0, 0x2, 0x75, 0x0, 0x0,
    0x0, 0x0, 0x0, 0x0, 0x0, 0x0, 0x0, 0x3,
    0xae, 0xfe, 0xc7, 0x0, 0x0, 0x7f, 0xff, 0xff,
    0xff, 0xc0, 0x4, 0xff, 0xc4, 0x12, 0x9f, 0xf7,
    0x2, 0x7a, 0x0, 0x0, 0xd, 0xfc, 0x0, 0x0,
    0x0, 0x0, 0xc, 0xfe, 0x0, 0x0, 0x47, 0x9b,
    0xef, 0xfe, 0x0, 0x8f, 0xff, 0xff, 0xee, 0xfe,
    0x9, 0xff, 0xb6, 0x31, 0xa, 0xfe, 0xf, 0xfb,
    0x0, 0x0, 0xb, 0xfe, 0xf, 0xf9, 0x0, 0x0,
    0x2f, 0xfe, 0xc, 0xff, 0x51, 0x15, 0xef, 0xfe,
    0x3, 0xff, 0xff, 0xff, 0xda, 0xfe, 0x0, 0x2a,
    0xef, 0xd8, 0x9, 0xfe,

    /* U+00E2 "â" */
    0x0, 0x0, 0x1d, 0xff, 0x40, 0x0, 0x0, 0x2,
    0xdf, 0x7e, 0xf4, 0x0, 0x0, 0x2e, 0xf6, 0x3,
    0xff, 0x40, 0x0, 0x0, 0x0, 0x0, 0x0, 0x0,
    0x0, 0x0, 0x0, 0x0, 0x0, 0x0, 0x0, 0x3,
    0xae, 0xfe, 0xc7, 0x0, 0x0, 0x7f, 0xff, 0xff,
    0xff, 0xc0, 0x4, 0xff, 0xc4, 0x12, 0x9f, 0xf7,
    0x2, 0x7a, 0x0, 0x0, 0xd, 0xfc, 0x0, 0x0,
    0x0, 0x0, 0xc, 0xfe, 0x0, 0x0, 0x47, 0x9b,
    0xef, 0xfe, 0x0, 0x8f, 0xff, 0xff, 0xee, 0xfe,
    0x9, 0xff, 0xb6, 0x31, 0xa, 0xfe, 0xf, 0xfb,
    0x0, 0x0, 0xb, 0xfe, 0xf, 0xf9, 0x0, 0x0,
    0x2f, 0xfe, 0xc, 0xff, 0x51, 0x15, 0xef, 0xfe,
    0x3, 0xff, 0xff, 0xff, 0xda, 0xfe, 0x0, 0x2a,
    0xef, 0xd8, 0x9, 0xfe,

    /* U+00E3 "ã" */
    0x0, 0x0, 0x67, 0x41, 0x48, 0x10, 0x0, 0xa,
    0xff, 0xff, 0xff, 0x10, 0x0, 0x8, 0x82, 0x58,
    0x83, 0x0, 0x0, 0x0, 0x0, 0x0, 0x0, 0x0,
    0x0, 0x0, 0x0, 0x0, 0x0, 0x0, 0x0, 0x3,
    0xae, 0xfe, 0xc7, 0x0, 0x0, 0x7f, 0xff, 0xff,
    0xff, 0xc0, 0x4, 0xff, 0xc4, 0x12, 0x9f, 0xf7,
    0x2, 0x7a, 0x0, 0x0, 0xd, 0xfc, 0x0, 0x0,
    0x0, 0x0, 0xc, 0xfe, 0x0, 0x0, 0x47, 0x9b,
    0xef, 0xfe, 0x0, 0x8f, 0xff, 0xff, 0xee, 0xfe,
    0x9, 0xff, 0xb6, 0x31, 0xa, 0xfe, 0xf, 0xfb,
    0x0, 0x0, 0xb, 0xfe, 0xf, 0xf9, 0x0, 0x0,
    0x2f, 0xfe, 0xc, 0xff, 0x51, 0x15, 0xef, 0xfe,
    0x3, 0xff, 0xff, 0xff, 0xda, 0xfe, 0x0, 0x2a,
    0xef, 0xd8, 0x9, 0xfe,

    /* U+00E4 "ä" */
    0x0, 0x4, 0x60, 0x0, 0x46, 0x0, 0x0, 0x3f,
    0xf8, 0x3, 0xff, 0x80, 0x0, 0x2f, 0xf7, 0x2,
    0xff, 0x80, 0x0, 0x3, 0x50, 0x0, 0x35, 0x0,
    0x0, 0x0, 0x0, 0x0, 0x0, 0x0, 0x0, 0x3,
    0xae, 0xfe, 0xc7, 0x0, 0x0, 0x7f, 0xff, 0xff,
    0xff, 0xc0, 0x4, 0xff, 0xc4, 0x12, 0x9f, 0xf7,
    0x2, 0x7a, 0x0, 0x0, 0xd, 0xfc, 0x0, 0x0,
    0x0, 0x0, 0xc, 0xfe, 0x0, 0x0, 0x47, 0x9b,
    0xef, 0xfe, 0x0, 0x8f, 0xff, 0xff, 0xee, 0xfe,
    0x9, 0xff, 0xb6, 0x31, 0xa, 0xfe, 0xf, 0xfb,
    0x0, 0x0, 0xb, 0xfe, 0xf, 0xf9, 0x0, 0x0,
    0x2f, 0xfe, 0xc, 0xff, 0x51, 0x15, 0xef, 0xfe,
    0x3, 0xff, 0xff, 0xff, 0xda, 0xfe, 0x0, 0x2a,
    0xef, 0xd8, 0x9, 0xfe,

    /* U+00E5 "å" */
    0x0, 0x0, 0x2b, 0xfd, 0x50, 0x0, 0x0, 0x1,
    0xee, 0x8c, 0xf5, 0x0, 0x0, 0x6, 0xf5, 0x0,
    0xfb, 0x0, 0x0, 0x6, 0xf5, 0x0, 0xfb, 0x0,
    0x0, 0x1, 0xee, 0x8c, 0xf5, 0x0, 0x0, 0x0,
    0x3c, 0xfd, 0x60, 0x0, 0x0, 0x0, 0x0, 0x0,
    0x0, 0x0, 0x0, 0x3, 0xae, 0xfe, 0xc7, 0x0,
    0x0, 0x7f, 0xff, 0xff, 0xff, 0xc0, 0x4, 0xff,
    0xc4, 0x12, 0x9f, 0xf7, 0x2, 0x7a, 0x0, 0x0,
    0xd, 0xfc, 0x0, 0x0, 0x0, 0x0, 0xc, 0xfe,
    0x0, 0x0, 0x47, 0x9b, 0xef, 0xfe, 0x0, 0x8f,
    0xff, 0xff, 0xee, 0xfe, 0x9, 0xff, 0xb6, 0x31,
    0xa, 0xfe, 0xf, 0xfb, 0x0, 0x0, 0xb, 0xfe,
    0xf, 0xf9, 0x0, 0x0, 0x2f, 0xfe, 0xc, 0xff,
    0x51, 0x15, 0xef, 0xfe, 0x3, 0xff, 0xff, 0xff,
    0xda, 0xfe, 0x0, 0x2a, 0xef, 0xd8, 0x9, 0xfe,

    /* U+00E6 "æ" */
    0x0, 0x3, 0xae, 0xfe, 0xb5, 0x0, 0x6c, 0xff,
    0xd7, 0x10, 0x0, 0x8, 0xff, 0xff, 0xff, 0xf8,
    0xbf, 0xff, 0xff, 0xfe, 0x30, 0x5, 0xff, 0xc4,
    0x12, 0x8f, 0xff, 0xe6, 0x22, 0x6e, 0xfe, 0x0,
    0x15, 0x80, 0x0, 0x0, 0xcf, 0xf3, 0x0, 0x0,
    0x3f, 0xf6, 0x0, 0x0, 0x0, 0x0, 0xb, 0xfb,
    0x0, 0x0, 0x0, 0xdf, 0xb0, 0x0, 0x5a, 0xcd,
    0xee, 0xff, 0xfe, 0xee, 0xee, 0xef, 0xfd, 0x1,
    0xcf, 0xff, 0xff, 0xff, 0xff, 0xff, 0xff, 0xff,
    0xff, 0xe0, 0xaf, 0xf8, 0x20, 0x0, 0xbf, 0xa0,
    0x0, 0x0, 0x0, 0x0, 0xf, 0xfa, 0x0, 0x0,
    0xc, 0xfd, 0x0, 0x0, 0x0, 0x0, 0x0, 0xff,
    0x90, 0x0, 0x3, 0xff, 0xf6, 0x0, 0x0, 0x1d,
    0xb5, 0xc, 0xff, 0x72, 0x26, 0xef, 0xef, 0xf8,
    0x32, 0x5d, 0xff, 0x30, 0x3f, 0xff, 0xff, 0xff,
    0xa1, 0xcf, 0xff, 0xff, 0xff, 0x60, 0x0, 0x2a,
    0xef, 0xea, 0x30, 0x0, 0x6c, 0xef, 0xd9, 0x20,
    0x0,

    /* U+00E7 "ç" */
    0x0, 0x6, 0xce, 0xfd, 0x92, 0x0, 0x1, 0xcf,
    0xff, 0xff, 0xff, 0x50, 0xb, 0xff, 0xa4, 0x26,
    0xef, 0xf2, 0x4f, 0xf9, 0x0, 0x0, 0x2f, 0xf7,
    0x9f, 0xf1, 0x0, 0x0, 0x2, 0x0, 0xcf, 0xd0,
    0x0, 0x0, 0x0, 0x0, 0xdf, 0xc0, 0x0, 0x0,
    0x0, 0x0, 0xcf, 0xd0, 0x0, 0x0, 0x0, 0x0,
    0x9f, 0xf1, 0x0, 0x0, 0x3, 0x10, 0x4f, 0xf9,
    0x0, 0x0, 0x2f, 0xf8, 0xb, 0xff, 0xa3, 0x26,
    0xef, 0xf2, 0x1, 0xcf, 0xff, 0xff, 0xff, 0x50,
    0x0, 0x6, 0xcf, 0xfe, 0x92, 0x0, 0x0, 0x0,
    0x8, 0xd0, 0x0, 0x0, 0x0, 0x0, 0xa, 0xff,
    0x80, 0x0, 0x0, 0x0, 0x0, 0x1b, 0xf0, 0x0,
    0x0, 0x0, 0x4, 0x4d, 0xf0, 0x0, 0x0, 0x0,
    0x2f, 0xfd, 0x50, 0x0,

    /* U+00E8 "è" */
    0x0, 0xc, 0xfb, 0x0, 0x0, 0x0, 0x0, 0x0,
    0x2f, 0xf3, 0x0, 0x0, 0x0, 0x0, 0x0, 0x7f,
    0xb0, 0x0, 0x0, 0x0, 0x0, 0x0, 0x66, 0x0,
    0x0, 0x0, 0x0, 0x0, 0x0, 0x0, 0x0, 0x0,
    0x0, 0x0, 0x6c, 0xef, 0xd8, 0x10, 0x0, 0x1,
    0xcf, 0xff, 0xff, 0xfe, 0x40, 0x0, 0xbf, 0xf8,
    0x32, 0x5e, 0xff, 0x10, 0x4f, 0xf5, 0x0, 0x0,
    0x2f, 0xf8, 0x9, 0xfe, 0x0, 0x0, 0x0, 0xbf,
    0xd0, 0xcf, 0xfe, 0xee, 0xee, 0xef, 0xff, 0xd,
    0xff, 0xff, 0xff, 0xff, 0xff, 0xf0, 0xcf, 0xc0,
    0x0, 0x0, 0x0, 0x0, 0x9, 0xff, 0x0, 0x0,
    0x0, 0x0, 0x0, 0x4f, 0xf8, 0x0, 0x0, 0xc,
    0xa5, 0x0, 0xbf, 0xfa, 0x32, 0x4c, 0xff, 0x50,
    0x1, 0xcf, 0xff, 0xff, 0xff, 0x80, 0x0, 0x0,
    0x6b, 0xef, 0xda, 0x40, 0x0,

    /* U+00E9 "é" */
    0x0, 0x0, 0x0, 0x8f, 0xe1, 0x0, 0x0, 0x0,
    0x0, 0x1f, 0xf5, 0x0, 0x0, 0x0, 0x0, 0x7,
    0xfa, 0x0, 0x0, 0x0, 0x0, 0x0, 0x57, 0x10,
    0x0, 0x0, 0x0, 0x0, 0x0, 0x0, 0x0, 0x0,
    0x0, 0x0, 0x6c, 0xef, 0xd8, 0x10, 0x0, 0x1,
    0xcf, 0xff, 0xff, 0xfe, 0x40, 0x0, 0xbf, 0xf8,
    0x32, 0x5e, 0xff, 0x10, 0x4f, 0xf5, 0x0, 0x0,
    0x2f, 0xf8, 0x9, 0xfe, 0x0, 0x0, 0x0, 0xbf,
    0xd0, 0xcf, 0xfe, 0xee, 0xee, 0xef, 0xff, 0xd,
    0xff, 0xff, 0xff, 0xff, 0xff, 0xf0, 0xcf, 0xc0,
    0x0, 0x0, 0x0, 0x0, 0x9, 0xff, 0x0, 0x0,
    0x0, 0x0, 0x0, 0x4f, 0xf8, 0x0, 0x0, 0xc,
    0xa5, 0x0, 0xbf, 0xfa, 0x32, 0x4c, 0xff, 0x50,
    0x1, 0xcf, 0xff, 0xff, 0xff, 0x80, 0x0, 0x0,
    0x6b, 0xef, 0xda, 0x40, 0x0,

    /* U+00EA "ê" */
    0x0, 0x0, 0x8f, 0xfb, 0x0, 0x0, 0x0, 0x0,
    0x8f, 0xc9, 0xfa, 0x0, 0x0, 0x0, 0x9f, 0xd1,
    0xa, 0xfa, 0x0, 0x0, 0x0, 0x0, 0x0, 0x0,
    0x0, 0x0, 0x0, 0x0, 0x0, 0x0, 0x0, 0x0,
    0x0, 0x0, 0x6c, 0xef, 0xd8, 0x10, 0x0, 0x1,
    0xcf, 0xff, 0xff, 0xfe, 0x40, 0x0, 0xbf, 0xf8,
    0x32, 0x5e, 0xff, 0x10, 0x4f, 0xf5, 0x0, 0x0,
    0x2f, 0xf8, 0x9, 0xfe, 0x0, 0x0, 0x0, 0xbf,
    0xd0, 0xcf, 0xfe, 0xee, 0xee, 0xef, 0xff, 0xd,
    0xff, 0xff, 0xff, 0xff, 0xff, 0xf0, 0xcf, 0xc0,
    0x0, 0x0, 0x0, 0x0, 0x9, 0xff, 0x0, 0x0,
    0x0, 0x0, 0x0, 0x4f, 0xf8, 0x0, 0x0, 0xc,
    0xa5, 0x0, 0xbf, 0xfa, 0x32, 0x4c, 0xff, 0x50,
    0x1, 0xcf, 0xff, 0xff, 0xff, 0x80, 0x0, 0x0,
    0x6b, 0xef, 0xda, 0x40, 0x0,

    /* U+00EB "ë" */
    0x0, 0x17, 0x30, 0x1, 0x73, 0x0, 0x0, 0xc,
    0xff, 0x0, 0xcf, 0xf0, 0x0, 0x0, 0xbf, 0xe0,
    0xb, 0xfe, 0x0, 0x0, 0x1, 0x52, 0x0, 0x5,
    0x20, 0x0, 0x0, 0x0, 0x0, 0x0, 0x0, 0x0,
    0x0, 0x0, 0x6c, 0xef, 0xd8, 0x10, 0x0, 0x1,
    0xcf, 0xff, 0xff, 0xfe, 0x40, 0x0, 0xbf, 0xf8,
    0x32, 0x5e, 0xff, 0x10, 0x4f, 0xf5, 0x0, 0x0,
    0x2f, 0xf8, 0x9, 0xfe, 0x0, 0x0, 0x0, 0xbf,
    0xd0, 0xcf, 0xfe, 0xee, 0xee, 0xef, 0xff, 0xd,
    0xff, 0xff, 0xff, 0xff, 0xff, 0xf0, 0xcf, 0xc0,
    0x0, 0x0, 0x0, 0x0, 0x9, 0xff, 0x0, 0x0,
    0x0, 0x0, 0x0, 0x4f, 0xf8, 0x0, 0x0, 0xc,
    0xa5, 0x0, 0xbf, 0xfa, 0x32, 0x4c, 0xff, 0x50,
    0x1, 0xcf, 0xff, 0xff, 0xff, 0x80, 0x0, 0x0,
    0x6b, 0xef, 0xda, 0x40, 0x0,

    /* U+00EC "ì" */
    0xd, 0xfa, 0x0, 0x3, 0xff, 0x20, 0x0, 0x8f,
    0x90, 0x0, 0x6, 0x60, 0x0, 0x0, 0x0, 0x0,
    0x4f, 0xf5, 0x0, 0x4f, 0xf5, 0x0, 0x4f, 0xf5,
    0x0, 0x4f, 0xf5, 0x0, 0x4f, 0xf5, 0x0, 0x4f,
    0xf5, 0x0, 0x4f, 0xf5, 0x0, 0x4f, 0xf5, 0x0,
    0x4f, 0xf5, 0x0, 0x4f, 0xf5, 0x0, 0x4f, 0xf5,
    0x0, 0x4f, 0xf5, 0x0, 0x4f, 0xf5,

    /* U+00ED "í" */
    0x0, 0x9f, 0xe0, 0x1, 0xff, 0x40, 0x9, 0xf9,
    0x0, 0x6, 0x60, 0x0, 0x0, 0x0, 0x0, 0x4f,
    0xf5, 0x0, 0x4f, 0xf5, 0x0, 0x4f, 0xf5, 0x0,
    0x4f, 0xf5, 0x0, 0x4f, 0xf5, 0x0, 0x4f, 0xf5,
    0x0, 0x4f, 0xf5, 0x0, 0x4f, 0xf5, 0x0, 0x4f,
    0xf5, 0x0, 0x4f, 0xf5, 0x0, 0x4f, 0xf5, 0x0,
    0x4f, 0xf5, 0x0, 0x4f, 0xf5, 0x0,

    /* U+00EE "î" */
    0x0, 0x8, 0xff, 0x90, 0x0, 0x0, 0x6f, 0xdd,
    0xf6, 0x0, 0x4, 0xff, 0x22, 0xff, 0x40, 0x7,
    0x84, 0x0, 0x38, 0x70, 0x0, 0x0, 0x0, 0x0,
    0x0, 0x0, 0x4, 0xff, 0x50, 0x0, 0x0, 0x4,
    0xff, 0x50, 0x0, 0x0, 0x4, 0xff, 0x50, 0x0,
    0x0, 0x4, 0xff, 0x50, 0x0, 0x0, 0x4, 0xff,
    0x50, 0x0, 0x0, 0x4, 0xff, 0x50, 0x0, 0x0,
    0x4, 0xff, 0x50, 0x0, 0x0, 0x4, 0xff, 0x50,
    0x0, 0x0, 0x4, 0xff, 0x50, 0x0, 0x0, 0x4,
    0xff, 0x50, 0x0, 0x0, 0x4, 0xff, 0x50, 0x0,
    0x0, 0x4, 0xff, 0x50, 0x0, 0x0, 0x4, 0xff,
    0x50, 0x0,

    /* U+00EF "ï" */
    0x27, 0x20, 0x2, 0x72, 0xd, 0xfe, 0x0, 0xdf,
    0xe0, 0xdf, 0xd0, 0xc, 0xfe, 0x1, 0x61, 0x0,
    0x16, 0x10, 0x0, 0x0, 0x0, 0x0, 0x0, 0x4,
    0xff, 0x50, 0x0, 0x0, 0x4f, 0xf5, 0x0, 0x0,
    0x4, 0xff, 0x50, 0x0, 0x0, 0x4f, 0xf5, 0x0,
    0x0, 0x4, 0xff, 0x50, 0x0, 0x0, 0x4f, 0xf5,
    0x0, 0x0, 0x4, 0xff, 0x50, 0x0, 0x0, 0x4f,
    0xf5, 0x0, 0x0, 0x4, 0xff, 0x50, 0x0, 0x0,
    0x4f, 0xf5, 0x0, 0x0, 0x4, 0xff, 0x50, 0x0,
    0x0, 0x4f, 0xf5, 0x0, 0x0, 0x4, 0xff, 0x50,
    0x0,

    /* U+00F0 "ð" */
    0x0, 0x0, 0x0, 0x0, 0x0, 0x0, 0x0, 0xe,
    0x91, 0x0, 0x6, 0x0, 0x0, 0x2e, 0xfe, 0x67,
    0xef, 0x20, 0x0, 0x0, 0x9f, 0xff, 0xa2, 0x0,
    0x0, 0x18, 0xff, 0xff, 0x90, 0x0, 0x0, 0x5f,
    0x91, 0x2e, 0xf8, 0x0, 0x0, 0x1, 0x0, 0x4,
    0xff, 0x30, 0x0, 0x19, 0xef, 0xd6, 0x9f, 0xc0,
    0x3, 0xef, 0xff, 0xef, 0xbf, 0xf4, 0xd, 0xfe,
    0x40, 0x3, 0xdf, 0xf9, 0x6f, 0xf4, 0x0, 0x0,
    0x2f, 0xfc, 0xbf, 0xd0, 0x0, 0x0, 0xb, 0xfe,
    0xdf, 0xb0, 0x0, 0x0, 0x8, 0xff, 0xdf, 0xb0,
    0x0, 0x0, 0x8, 0xfe, 0xbf, 0xe0, 0x0, 0x0,
    0xb, 0xfb, 0x5f, 0xf6, 0x0, 0x0, 0x3f, 0xf6,
    0xd, 0xff, 0x83, 0x26, 0xef, 0xd0, 0x2, 0xdf,
    0xff, 0xff, 0xfd, 0x20, 0x0, 0x7, 0xcf, 0xfd,
    0x71, 0x0,

    /* U+00F1 "ñ" */
    0x0, 0x2, 0x75, 0x0, 0x66, 0x0, 0x0, 0x1e,
    0xff, 0xeb, 0xfa, 0x0, 0x0, 0x5f, 0x75, 0xbf,
    0xd2, 0x0, 0x0, 0x0, 0x0, 0x0, 0x0, 0x0,
    0x0, 0x0, 0x0, 0x0, 0x0, 0x0, 0x4f, 0xf3,
    0x2a, 0xef, 0xd7, 0x0, 0x4f, 0xf6, 0xff, 0xff,
    0xff, 0xa0, 0x4f, 0xfe, 0xb3, 0x14, 0xef, 0xf4,
    0x4f, 0xfc, 0x0, 0x0, 0x3f, 0xf9, 0x4f, 0xf6,
    0x0, 0x0, 0xf, 0xfa, 0x4f, 0xf5, 0x0, 0x0,
    0xe, 0xfb, 0x4f, 0xf5, 0x0, 0x0, 0xe, 0xfb,
    0x4f, 0xf5, 0x0, 0x0, 0xe, 0xfb, 0x4f, 0xf5,
    0x0, 0x0, 0xe, 0xfb, 0x4f, 0xf5, 0x0, 0x0,
    0xe, 0xfb, 0x4f, 0xf5, 0x0, 0x0, 0xe, 0xfb,
    0x4f, 0xf5, 0x0, 0x0, 0xe, 0xfb, 0x4f, 0xf5,
    0x0, 0x0, 0xe, 0xfb,

    /* U+00F2 "ò" */
    0x0, 0xb, 0xfd, 0x0, 0x0, 0x0, 0x0, 0x0,
    0x1e, 0xf5, 0x0, 0x0, 0x0, 0x0, 0x0, 0x5f,
    0xd0, 0x0, 0x0, 0x0, 0x0, 0x0, 0x67, 0x10,
    0x0, 0x0, 0x0, 0x0, 0x0, 0x0, 0x0, 0x0,
    0x0, 0x0, 0x6c, 0xef, 0xd9, 0x20, 0x0, 0x1,
    0xbf, 0xff, 0xff, 0xff, 0x50, 0x0, 0xbf, 0xfa,
    0x32, 0x6e, 0xff, 0x30, 0x4f, 0xf9, 0x0, 0x0,
    0x2f, 0xfc, 0x9, 0xff, 0x10, 0x0, 0x0, 0x9f,
    0xf1, 0xcf, 0xd0, 0x0, 0x0, 0x5, 0xff, 0x4d,
    0xfc, 0x0, 0x0, 0x0, 0x4f, 0xf5, 0xcf, 0xd0,
    0x0, 0x0, 0x5, 0xff, 0x49, 0xff, 0x10, 0x0,
    0x0, 0x9f, 0xf1, 0x4f, 0xf9, 0x0, 0x0, 0x2f,
    0xfc, 0x0, 0xbf, 0xfa, 0x32, 0x6e, 0xff, 0x30,
    0x1, 0xbf, 0xff, 0xff, 0xff, 0x50, 0x0, 0x0,
    0x6c, 0xef, 0xd9, 0x20, 0x0,

    /* U+00F3 "ó" */
    0x0, 0x0, 0x0, 0x6f, 0xf2, 0x0, 0x0, 0x0,
    0x0, 0xd, 0xf7, 0x0, 0x0, 0x0, 0x0, 0x5,
    0xfc, 0x0, 0x0, 0x0, 0x0, 0x0, 0x47, 0x20,
    0x0, 0x0, 0x0, 0x0, 0x0, 0x0, 0x0, 0x0,
    0x0, 0x0, 0x6c, 0xef, 0xd9, 0x20, 0x0, 0x1,
    0xbf, 0xff, 0xff, 0xff, 0x50, 0x0, 0xbf, 0xfa,
    0x32, 0x6e, 0xff, 0x30, 0x4f, 0xf9, 0x0, 0x0,
    0x2f, 0xfc, 0x9, 0xff, 0x10, 0x0, 0x0, 0x9f,
    0xf1, 0xcf, 0xd0, 0x0, 0x0, 0x5, 0xff, 0x4d,
    0xfc, 0x0, 0x0, 0x0, 0x4f, 0xf5, 0xcf, 0xd0,
    0x0, 0x0, 0x5, 0xff, 0x49, 0xff, 0x10, 0x0,
    0x0, 0x9f, 0xf1, 0x4f, 0xf9, 0x0, 0x0, 0x2f,
    0xfc, 0x0, 0xbf, 0xfa, 0x32, 0x6e, 0xff, 0x30,
    0x1, 0xbf, 0xff, 0xff, 0xff, 0x50, 0x0, 0x0,
    0x6c, 0xef, 0xd9, 0x20, 0x0,

    /* U+00F4 "ô" */
    0x0, 0x0, 0x6f, 0xfc, 0x0, 0x0, 0x0, 0x0,
    0x6f, 0xd8, 0xfc, 0x0, 0x0, 0x0, 0x6f, 0xe2,
    0x8, 0xfc, 0x0, 0x0, 0x0, 0x0, 0x0, 0x0,
    0x0, 0x0, 0x0, 0x0, 0x0, 0x0, 0x0, 0x0,
    0x0, 0x0, 0x6c, 0xef, 0xd9, 0x20, 0x0, 0x1,
    0xbf, 0xff, 0xff, 0xff, 0x50, 0x0, 0xbf, 0xfa,
    0x32, 0x6e, 0xff, 0x30, 0x4f, 0xf9, 0x0, 0x0,
    0x2f, 0xfc, 0x9, 0xff, 0x10, 0x0, 0x0, 0x9f,
    0xf1, 0xcf, 0xd0, 0x0, 0x0, 0x5, 0xff, 0x4d,
    0xfc, 0x0, 0x0, 0x0, 0x4f, 0xf5, 0xcf, 0xd0,
    0x0, 0x0, 0x5, 0xff, 0x49, 0xff, 0x10, 0x0,
    0x0, 0x9f, 0xf1, 0x4f, 0xf9, 0x0, 0x0, 0x2f,
    0xfc, 0x0, 0xbf, 0xfa, 0x32, 0x6e, 0xff, 0x30,
    0x1, 0xbf, 0xff, 0xff, 0xff, 0x50, 0x0, 0x0,
    0x6c, 0xef, 0xd9, 0x20, 0x0,

    /* U+00F5 "õ" */
    0x0, 0x2, 0x76, 0x30, 0x66, 0x0, 0x0, 0x1,
    0xff, 0xff, 0xff, 0x90, 0x0, 0x0, 0x39, 0x53,
    0x79, 0x70, 0x0, 0x0, 0x0, 0x0, 0x0, 0x0,
    0x0, 0x0, 0x0, 0x0, 0x0, 0x0, 0x0, 0x0,
    0x0, 0x0, 0x6c, 0xef, 0xd9, 0x20, 0x0, 0x1,
    0xbf, 0xff, 0xff, 0xff, 0x50, 0x0, 0xbf, 0xfa,
    0x32, 0x6e, 0xff, 0x30, 0x4f, 0xf9, 0x0, 0x0,
    0x2f, 0xfc, 0x9, 0xff, 0x10, 0x0, 0x0, 0x9f,
    0xf1, 0xcf, 0xd0, 0x0, 0x0, 0x5, 0xff, 0x4d,
    0xfc, 0x0, 0x0, 0x0, 0x4f, 0xf5, 0xcf, 0xd0,
    0x0, 0x0, 0x5, 0xff, 0x49, 0xff, 0x10, 0x0,
    0x0, 0x9f, 0xf1, 0x4f, 0xf9, 0x0, 0x0, 0x2f,
    0xfc, 0x0, 0xbf, 0xfa, 0x32, 0x6e, 0xff, 0x30,
    0x1, 0xbf, 0xff, 0xff, 0xff, 0x50, 0x0, 0x0,
    0x6c, 0xef, 0xd9, 0x20, 0x0,

    /* U+00F6 "ö" */
    0x0, 0x17, 0x30, 0x0, 0x64, 0x0, 0x0, 0xa,
    0xff, 0x10, 0xaf, 0xf2, 0x0, 0x0, 0x9f, 0xf1,
    0x9, 0xff, 0x10, 0x0, 0x0, 0x52, 0x0, 0x5,
    0x20, 0x0, 0x0, 0x0, 0x0, 0x0, 0x0, 0x0,
    0x0, 0x0, 0x6c, 0xef, 0xd9, 0x20, 0x0, 0x1,
    0xbf, 0xff, 0xff, 0xff, 0x50, 0x0, 0xbf, 0xfa,
    0x32, 0x6e, 0xff, 0x30, 0x4f, 0xf9, 0x0, 0x0,
    0x2f, 0xfc, 0x9, 0xff, 0x10, 0x0, 0x0, 0x9f,
    0xf1, 0xcf, 0xd0, 0x0, 0x0, 0x5, 0xff, 0x4d,
    0xfc, 0x0, 0x0, 0x0, 0x4f, 0xf5, 0xcf, 0xd0,
    0x0, 0x0, 0x5, 0xff, 0x49, 0xff, 0x10, 0x0,
    0x0, 0x9f, 0xf1, 0x4f, 0xf9, 0x0, 0x0, 0x2f,
    0xfc, 0x0, 0xbf, 0xfa, 0x32, 0x6e, 0xff, 0x30,
    0x1, 0xbf, 0xff, 0xff, 0xff, 0x50, 0x0, 0x0,
    0x6c, 0xef, 0xd9, 0x20, 0x0,

    /* U+00F7 "÷" */
    0x0, 0x0, 0x3e, 0xe3, 0x0, 0x0, 0x0, 0x0,
    0xaf, 0xfa, 0x0, 0x0, 0x0, 0x0, 0x6f, 0xf6,
    0x0, 0x0, 0x0, 0x0, 0x3, 0x30, 0x0, 0x0,
    0x0, 0x0, 0x0, 0x0, 0x0, 0x0, 0xaf, 0xff,
    0xff, 0xff, 0xff, 0xfa, 0xaf, 0xff, 0xff, 0xff,
    0xff, 0xfa, 0x23, 0x33, 0x33, 0x33, 0x33, 0x32,
    0x0, 0x0, 0x0, 0x0, 0x0, 0x0, 0x0, 0x0,
    0x3d, 0xd3, 0x0, 0x0, 0x0, 0x0, 0xaf, 0xfa,
    0x0, 0x0, 0x0, 0x0, 0x6f, 0xf6, 0x0, 0x0,
    0x0, 0x0, 0x3, 0x30, 0x0, 0x0,

    /* U+00F8 "ø" */
    0x0, 0x0, 0x0, 0x0, 0x0, 0x0, 0x20, 0x0,
    0x0, 0x6c, 0xef, 0xd9, 0x27, 0xf3, 0x0, 0x1b,
    0xff, 0xff, 0xff, 0xff, 0xc0, 0x0, 0xbf, 0xfa,
    0x32, 0x6f, 0xff, 0x40, 0x4, 0xff, 0x90, 0x0,
    0x2f, 0xff, 0xc0, 0x9, 0xff, 0x10, 0x1, 0xef,
    0xcf, 0xf1, 0xc, 0xfd, 0x0, 0xd, 0xf4, 0x5f,
    0xf4, 0xd, 0xfc, 0x0, 0xbf, 0x60, 0x4f, 0xf5,
    0xc, 0xfd, 0xa, 0xf8, 0x0, 0x5f, 0xf4, 0x9,
    0xff, 0x9f, 0xa0, 0x0, 0x9f, 0xf1, 0x4, 0xff,
    0xfb, 0x0, 0x2, 0xff, 0xc0, 0x0, 0xff, 0xfb,
    0x32, 0x6e, 0xff, 0x30, 0x3, 0xff, 0xff, 0xff,
    0xff, 0xf5, 0x0, 0xc, 0xf3, 0x6c, 0xef, 0xd9,
    0x20, 0x0, 0x1, 0x30, 0x0, 0x0, 0x0, 0x0,
    0x0,

    /* U+00F9 "ù" */
    0x0, 0xb, 0xfd, 0x0, 0x0, 0x0, 0x0, 0x1,
    0xef, 0x40, 0x0, 0x0, 0x0, 0x0, 0x5f, 0xc0,
    0x0, 0x0, 0x0, 0x0, 0x6, 0x70, 0x0, 0x0,
    0x0, 0x0, 0x0, 0x0, 0x0, 0x0, 0x4f, 0xf5,
    0x0, 0x0, 0xe, 0xfb, 0x4f, 0xf5, 0x0, 0x0,
    0xe, 0xfb, 0x4f, 0xf5, 0x0, 0x0, 0xe, 0xfb,
    0x4f, 0xf5, 0x0, 0x0, 0xe, 0xfb, 0x4f, 0xf5,
    0x0, 0x0, 0xe, 0xfb, 0x4f, 0xf5, 0x0, 0x0,
    0xe, 0xfb, 0x4f, 0xf5, 0x0, 0x0, 0xe, 0xfb,
    0x4f, 0xf5, 0x0, 0x0, 0xe, 0xfb, 0x3f, 0xf6,
    0x0, 0x0, 0xf, 0xfb, 0x2f, 0xfb, 0x0, 0x0,
    0x7f, 0xfb, 0xd, 0xff, 0xa4, 0x49, 0xfe, 0xfb,
    0x4, 0xff, 0xff, 0xff, 0x7c, 0xfb, 0x0, 0x3b,
    0xff, 0xc5, 0xc, 0xfb,

    /* U+00FA "ú" */
    0x0, 0x0, 0x0, 0x6f, 0xf2, 0x0, 0x0, 0x0,
    0x0, 0xef, 0x70, 0x0, 0x0, 0x0, 0x6, 0xfc,
    0x0, 0x0, 0x0, 0x0, 0x5, 0x72, 0x0, 0x0,
    0x0, 0x0, 0x0, 0x0, 0x0, 0x0, 0x4f, 0xf5,
    0x0, 0x0, 0xe, 0xfb, 0x4f, 0xf5, 0x0, 0x0,
    0xe, 0xfb, 0x4f, 0xf5, 0x0, 0x0, 0xe, 0xfb,
    0x4f, 0xf5, 0x0, 0x0, 0xe, 0xfb, 0x4f, 0xf5,
    0x0, 0x0, 0xe, 0xfb, 0x4f, 0xf5, 0x0, 0x0,
    0xe, 0xfb, 0x4f, 0xf5, 0x0, 0x0, 0xe, 0xfb,
    0x4f, 0xf5, 0x0, 0x0, 0xe, 0xfb, 0x3f, 0xf6,
    0x0, 0x0, 0xf, 0xfb, 0x2f, 0xfb, 0x0, 0x0,
    0x7f, 0xfb, 0xd, 0xff, 0xa4, 0x49, 0xfe, 0xfb,
    0x4, 0xff, 0xff, 0xff, 0x7c, 0xfb, 0x0, 0x3b,
    0xff, 0xc5, 0xc, 0xfb,

    /* U+00FB "û" */
    0x0, 0x0, 0x6f, 0xfc, 0x0, 0x0, 0x0, 0x7,
    0xfd, 0x8f, 0xc0, 0x0, 0x0, 0x7f, 0xe1, 0x9,
    0xfc, 0x0, 0x0, 0x0, 0x0, 0x0, 0x0, 0x0,
    0x0, 0x0, 0x0, 0x0, 0x0, 0x0, 0x4f, 0xf5,
    0x0, 0x0, 0xe, 0xfb, 0x4f, 0xf5, 0x0, 0x0,
    0xe, 0xfb, 0x4f, 0xf5, 0x0, 0x0, 0xe, 0xfb,
    0x4f, 0xf5, 0x0, 0x0, 0xe, 0xfb, 0x4f, 0xf5,
    0x0, 0x0, 0xe, 0xfb, 0x4f, 0xf5, 0x0, 0x0,
    0xe, 0xfb, 0x4f, 0xf5, 0x0, 0x0, 0xe, 0xfb,
    0x4f, 0xf5, 0x0, 0x0, 0xe, 0xfb, 0x3f, 0xf6,
    0x0, 0x0, 0xf, 0xfb, 0x2f, 0xfb, 0x0, 0x0,
    0x7f, 0xfb, 0xd, 0xff, 0xa4, 0x49, 0xfe, 0xfb,
    0x4, 0xff, 0xff, 0xff, 0x7c, 0xfb, 0x0, 0x3b,
    0xff, 0xc5, 0xc, 0xfb,

    /* U+00FC "ü" */
    0x0, 0x17, 0x30, 0x1, 0x73, 0x0, 0x0, 0xaf,
    0xf1, 0xa, 0xff, 0x10, 0x0, 0xaf, 0xf1, 0x9,
    0xff, 0x10, 0x0, 0x5, 0x20, 0x0, 0x52, 0x0,
    0x0, 0x0, 0x0, 0x0, 0x0, 0x0, 0x4f, 0xf5,
    0x0, 0x0, 0xe, 0xfb, 0x4f, 0xf5, 0x0, 0x0,
    0xe, 0xfb, 0x4f, 0xf5, 0x0, 0x0, 0xe, 0xfb,
    0x4f, 0xf5, 0x0, 0x0, 0xe, 0xfb, 0x4f, 0xf5,
    0x0, 0x0, 0xe, 0xfb, 0x4f, 0xf5, 0x0, 0x0,
    0xe, 0xfb, 0x4f, 0xf5, 0x0, 0x0, 0xe, 0xfb,
    0x4f, 0xf5, 0x0, 0x0, 0xe, 0xfb, 0x3f, 0xf6,
    0x0, 0x0, 0xf, 0xfb, 0x2f, 0xfb, 0x0, 0x0,
    0x7f, 0xfb, 0xd, 0xff, 0xa4, 0x49, 0xfe, 0xfb,
    0x4, 0xff, 0xff, 0xff, 0x7c, 0xfb, 0x0, 0x3b,
    0xff, 0xc5, 0xc, 0xfb,

    /* U+00FD "ý" */
    0x0, 0x0, 0x0, 0xb, 0xfc, 0x0, 0x0, 0x0,
    0x0, 0x0, 0x3f, 0xf2, 0x0, 0x0, 0x0, 0x0,
    0x0, 0xaf, 0x70, 0x0, 0x0, 0x0, 0x0, 0x0,
    0x66, 0x0, 0x0, 0x0, 0x0, 0x0, 0x0, 0x0,
    0x0, 0x0, 0x0, 0x4f, 0xf8, 0x0, 0x0, 0x0,
    0xaf, 0xf1, 0xe, 0xfd, 0x0, 0x0, 0x1, 0xff,
    0xb0, 0x8, 0xff, 0x30, 0x0, 0x6, 0xff, 0x40,
    0x2, 0xff, 0x80, 0x0, 0xc, 0xfe, 0x0, 0x0,
    0xbf, 0xe0, 0x0, 0x1f, 0xf8, 0x0, 0x0, 0x5f,
    0xf4, 0x0, 0x7f, 0xf2, 0x0, 0x0, 0xf, 0xf9,
    0x0, 0xdf, 0xc0, 0x0, 0x0, 0x9, 0xfe, 0x2,
    0xff, 0x60, 0x0, 0x0, 0x3, 0xff, 0x47, 0xff,
    0x0, 0x0, 0x0, 0x0, 0xdf, 0x8c, 0xfa, 0x0,
    0x0, 0x0, 0x0, 0x7f, 0xdf, 0xf3, 0x0, 0x0,
    0x0, 0x0, 0x1f, 0xff, 0xd0, 0x0, 0x0, 0x0,
    0x0, 0xb, 0xff, 0x70, 0x0, 0x0, 0x0, 0x0,
    0x9, 0xff, 0x10, 0x0, 0x0, 0x0, 0x0, 0xe,
    0xfb, 0x0, 0x0, 0x0, 0x0, 0x43, 0xaf, 0xf3,
    0x0, 0x0, 0x0, 0x1, 0xff, 0xff, 0x90, 0x0,
    0x0, 0x0, 0x4, 0xef, 0xd7, 0x0, 0x0, 0x0,
    0x0,

    /* U+00FE "þ" */
    0x4f, 0xf5, 0x0, 0x0, 0x0, 0x0, 0x4, 0xff,
    0x50, 0x0, 0x0, 0x0, 0x0, 0x4f, 0xf5, 0x0,
    0x0, 0x0, 0x0, 0x4, 0xff, 0x50, 0x0, 0x0,
    0x0, 0x0, 0x4f, 0xf5, 0x2a, 0xef, 0xd7, 0x0,
    0x4, 0xff, 0x6e, 0xff, 0xff, 0xfc, 0x10, 0x4f,
    0xff, 0xd5, 0x24, 0xbf, 0xfa, 0x4, 0xff, 0xf1,
    0x0, 0x0, 0xbf, 0xf2, 0x4f, 0xf9, 0x0, 0x0,
    0x4, 0xff, 0x74, 0xff, 0x60, 0x0, 0x0, 0xf,
    0xf9, 0x4f, 0xf4, 0x0, 0x0, 0x0, 0xff, 0xb4,
    0xff, 0x60, 0x0, 0x0, 0xf, 0xf9, 0x4f, 0xf9,
    0x0, 0x0, 0x4, 0xff, 0x74, 0xff, 0xf2, 0x0,
    0x0, 0xcf, 0xf2, 0x4f, 0xff, 0xe5, 0x24, 0xbf,
    0xfb, 0x4, 0xff, 0x6e, 0xff, 0xff, 0xfd, 0x10,
    0x4f, 0xf5, 0x2a, 0xef, 0xd7, 0x0, 0x4, 0xff,
    0x50, 0x0, 0x0, 0x0, 0x0, 0x4f, 0xf5, 0x0,
    0x0, 0x0, 0x0, 0x4, 0xff, 0x50, 0x0, 0x0,
    0x0, 0x0, 0x4f, 0xf5, 0x0, 0x0, 0x0, 0x0,
    0x4, 0xff, 0x50, 0x0, 0x0, 0x0, 0x0,

    /* U+00FF "ÿ" */
    0x0, 0x3, 0x71, 0x0, 0x27, 0x10, 0x0, 0x0,
    0xf, 0xfc, 0x0, 0xff, 0xc0, 0x0, 0x0, 0xe,
    0xfb, 0x0, 0xef, 0xc0, 0x0, 0x0, 0x2, 0x51,
    0x0, 0x25, 0x10, 0x0, 0x0, 0x0, 0x0, 0x0,
    0x0, 0x0, 0x0, 0x4f, 0xf8, 0x0, 0x0, 0x0,
    0xaf, 0xf1, 0xe, 0xfd, 0x0, 0x0, 0x1, 0xff,
    0xb0, 0x8, 0xff, 0x30, 0x0, 0x6, 0xff, 0x40,
    0x2, 0xff, 0x80, 0x0, 0xc, 0xfe, 0x0, 0x0,
    0xbf, 0xe0, 0x0, 0x1f, 0xf8, 0x0, 0x0, 0x5f,
    0xf4, 0x0, 0x7f, 0xf2, 0x0, 0x0, 0xf, 0xf9,
    0x0, 0xdf, 0xc0, 0x0, 0x0, 0x9, 0xfe, 0x2,
    0xff, 0x60, 0x0, 0x0, 0x3, 0xff, 0x47, 0xff,
    0x0, 0x0, 0x0, 0x0, 0xdf, 0x8c, 0xfa, 0x0,
    0x0, 0x0, 0x0, 0x7f, 0xdf, 0xf3, 0x0, 0x0,
    0x0, 0x0, 0x1f, 0xff, 0xd0, 0x0, 0x0, 0x0,
    0x0, 0xb, 0xff, 0x70, 0x0, 0x0, 0x0, 0x0,
    0x9, 0xff, 0x10, 0x0, 0x0, 0x0, 0x0, 0xe,
    0xfb, 0x0, 0x0, 0x0, 0x0, 0x43, 0xaf, 0xf3,
    0x0, 0x0, 0x0, 0x1, 0xff, 0xff, 0x90, 0x0,
    0x0, 0x0, 0x4, 0xef, 0xd7, 0x0, 0x0, 0x0,
    0x0,

    /* U+2013 "–" */
    0x33, 0x33, 0x33, 0x33, 0x33, 0x33, 0xff, 0xff,
    0xff, 0xff, 0xff, 0xff, 0xff, 0xff, 0xff, 0xff,
    0xff, 0xff,

    /* U+2014 "—" */
    0x33, 0x33, 0x33, 0x33, 0x33, 0x33, 0x33, 0x33,
    0x33, 0x33, 0x33, 0x33, 0xff, 0xff, 0xff, 0xff,
    0xff, 0xff, 0xff, 0xff, 0xff, 0xff, 0xff, 0xff,
    0xff, 0xff, 0xff, 0xff, 0xff, 0xff, 0xff, 0xff,
    0xff, 0xff, 0xff, 0xff,

    /* U+2018 "‘" */
    0x0, 0x5f, 0x90, 0x9, 0xf7, 0x0, 0xef, 0x50,
    0x2f, 0xf2, 0x7, 0xff, 0x0, 0xbf, 0xd0, 0xb,
    0xb8, 0x0,

    /* U+2019 "’" */
    0x1, 0xbb, 0x60, 0x4f, 0xf5, 0x6, 0xff, 0x10,
    0x8f, 0xc0, 0xb, 0xf7, 0x0, 0xdf, 0x30, 0xf,
    0xe0, 0x0,

    /* U+201A "‚" */
    0x7, 0xbb, 0x10, 0xcf, 0xd0, 0xe, 0xf9, 0x0,
    0xff, 0x40, 0x3f, 0xf0, 0x5, 0xfb, 0x0, 0x8f,
    0x60, 0x0,

    /* U+201B "‛" */
    0xe, 0xfc, 0x0, 0x9f, 0xf0, 0x5, 0xff, 0x10,
    0xf, 0xf4, 0x0, 0xcf, 0x60, 0x7, 0xf9, 0x0,
    0x2b, 0x80,

    /* U+201C "“" */
    0x0, 0x5f, 0x90, 0x9, 0xf5, 0x0, 0x9f, 0x70,
    0xe, 0xf3, 0x0, 0xef, 0x50, 0x2f, 0xf0, 0x2,
    0xff, 0x20, 0x7f, 0xe0, 0x7, 0xff, 0x0, 0xcf,
    0xb0, 0xb, 0xfd, 0x0, 0xff, 0x90, 0xb, 0xb8,
    0x3, 0xbb, 0x50,

    /* U+201D "”" */
    0x1, 0xbb, 0x60, 0x5b, 0xb2, 0x4, 0xff, 0x50,
    0x9f, 0xf0, 0x6, 0xff, 0x10, 0xcf, 0xb0, 0x8,
    0xfc, 0x0, 0xef, 0x60, 0xb, 0xf7, 0x1, 0xff,
    0x20, 0xd, 0xf3, 0x3, 0xfd, 0x0, 0xf, 0xe0,
    0x6, 0xf9, 0x0,

    /* U+2022 "•" */
    0x0, 0x3, 0x52, 0x0, 0x0, 0x2c, 0xff, 0xfa,
    0x0, 0xd, 0xff, 0xff, 0xf9, 0x3, 0xff, 0xff,
    0xff, 0xf0, 0x4f, 0xff, 0xff, 0xff, 0x11, 0xff,
    0xff, 0xff, 0xe0, 0x9, 0xff, 0xff, 0xf6, 0x0,
    0x7, 0xdf, 0xc5, 0x0,

    /* U+2026 "…" */
    0x0, 0x52, 0x0, 0x0, 0x4, 0x30, 0x0, 0x0,
    0x35, 0x0, 0xdf, 0xf2, 0x0, 0x8, 0xff, 0x50,
    0x0, 0x4f, 0xfa, 0xf, 0xff, 0x50, 0x0, 0xcf,
    0xf9, 0x0, 0x7, 0xff, 0xe0, 0x8f, 0xb0, 0x0,
    0x4, 0xed, 0x20, 0x0, 0x1c, 0xe6,

    /* U+2190 "←" */
    0x0, 0x0, 0x0, 0x1, 0x70, 0x0, 0x0, 0x0,
    0x0, 0x0, 0x0, 0x0, 0x1d, 0xf8, 0x0, 0x0,
    0x0, 0x0, 0x0, 0x0, 0x1, 0xdf, 0xe3, 0x0,
    0x0, 0x0, 0x0, 0x0, 0x0, 0x1d, 0xfe, 0x30,
    0x0, 0x0, 0x0, 0x0, 0x0, 0x1, 0xdf, 0xe2,
    0x0, 0x0, 0x0, 0x0, 0x0, 0x0, 0x1d, 0xfd,
    0x20, 0x0, 0x0, 0x0, 0x0, 0x0, 0x1, 0xdf,
    0xb1, 0x0, 0x0, 0x0, 0x0, 0x0, 0x0, 0x1d,
    0xff, 0xce, 0xff, 0xff, 0xff, 0xff, 0xff, 0xfd,
    0x4f, 0xff, 0xff, 0xff, 0xff, 0xff, 0xff, 0xff,
    0xfe, 0x4, 0xff, 0x73, 0x44, 0x44, 0x44, 0x44,
    0x44, 0x43, 0x0, 0x4f, 0xf9, 0x0, 0x0, 0x0,
    0x0, 0x0, 0x0, 0x0, 0x4, 0xff, 0xb0, 0x0,
    0x0, 0x0, 0x0, 0x0, 0x0, 0x0, 0x4f, 0xfc,
    0x0, 0x0, 0x0, 0x0, 0x0, 0x0, 0x0, 0x4,
    0xff, 0xc0, 0x0, 0x0, 0x0, 0x0, 0x0, 0x0,
    0x0, 0x4f, 0xf9, 0x0, 0x0, 0x0, 0x0, 0x0,
    0x0, 0x0, 0x4, 0xc1, 0x0, 0x0, 0x0, 0x0,
    0x0, 0x0, 0x0, 0x0, 0x0, 0x0, 0x0, 0x0,
    0x0,

    /* U+2191 "↑" */
    0x0, 0x0, 0x0, 0x2, 0x60, 0x0, 0x0, 0x0,
    0x0, 0x0, 0x0, 0x2, 0xef, 0x70, 0x0, 0x0,
    0x0, 0x0, 0x0, 0x2, 0xef, 0xff, 0x70, 0x0,
    0x0, 0x0, 0x0, 0x2, 0xef, 0xef, 0xef, 0x70,
    0x0, 0x0, 0x0, 0x2, 0xef, 0xab, 0xf6, 0xff,
    0x70, 0x0, 0x0, 0x2, 0xef, 0xc0, 0xdf, 0x47,
    0xff, 0x70, 0x0, 0x2, 0xef, 0xe1, 0xe, 0xf5,
    0x8, 0xff, 0x70, 0x2, 0xef, 0xe2, 0x0, 0xef,
    0x50, 0x9, 0xff, 0x70, 0x5f, 0xe2, 0x0, 0xe,
    0xf5, 0x0, 0xa, 0xfc, 0x0, 0x52, 0x0, 0x0,
    0xef, 0x50, 0x0, 0x7, 0x0, 0x0, 0x0, 0x0,
    0xe, 0xf5, 0x0, 0x0, 0x0, 0x0, 0x0, 0x0,
    0x0, 0xef, 0x50, 0x0, 0x0, 0x0, 0x0, 0x0,
    0x0, 0xe, 0xf5, 0x0, 0x0, 0x0, 0x0, 0x0,
    0x0, 0x0, 0xef, 0x50, 0x0, 0x0, 0x0, 0x0,
    0x0, 0x0, 0xe, 0xf5, 0x0, 0x0, 0x0, 0x0,
    0x0, 0x0, 0x0, 0xef, 0x50, 0x0, 0x0, 0x0,
    0x0, 0x0, 0x0, 0xe, 0xf5, 0x0, 0x0, 0x0,
    0x0, 0x0, 0x0, 0x0, 0xef, 0x50, 0x0, 0x0,
    0x0,

    /* U+2192 "→" */
    0x0, 0x0, 0x0, 0x0, 0x8, 0x10, 0x0, 0x0,
    0x0, 0x0, 0x0, 0x0, 0x0, 0xaf, 0xc1, 0x0,
    0x0, 0x0, 0x0, 0x0, 0x0, 0x0, 0x4f, 0xfc,
    0x10, 0x0, 0x0, 0x0, 0x0, 0x0, 0x0, 0x4,
    0xff, 0xc1, 0x0, 0x0, 0x0, 0x0, 0x0, 0x0,
    0x0, 0x3f, 0xfc, 0x10, 0x0, 0x0, 0x0, 0x0,
    0x0, 0x0, 0x3, 0xef, 0xc1, 0x0, 0x0, 0x0,
    0x0, 0x0, 0x0, 0x0, 0x1c, 0xfc, 0x10, 0xff,
    0xff, 0xff, 0xff, 0xff, 0xff, 0xdc, 0xff, 0xc1,
    0xff, 0xff, 0xff, 0xff, 0xff, 0xff, 0xff, 0xff,
    0xf3, 0x44, 0x44, 0x44, 0x44, 0x44, 0x44, 0x38,
    0xff, 0x30, 0x0, 0x0, 0x0, 0x0, 0x0, 0x0,
    0xaf, 0xf3, 0x0, 0x0, 0x0, 0x0, 0x0, 0x0,
    0x1c, 0xff, 0x30, 0x0, 0x0, 0x0, 0x0, 0x0,
    0x1, 0xdf, 0xf3, 0x0, 0x0, 0x0, 0x0, 0x0,
    0x0, 0x1d, 0xff, 0x30, 0x0, 0x0, 0x0, 0x0,
    0x0, 0x0, 0xbf, 0xf3, 0x0, 0x0, 0x0, 0x0,
    0x0, 0x0, 0x0, 0x1d, 0x30, 0x0, 0x0, 0x0,
    0x0, 0x0, 0x0, 0x0, 0x0, 0x0, 0x0, 0x0,
    0x0,

    /* U+2193 "↓" */
    0x0, 0x0, 0x0, 0x6, 0x72, 0x0, 0x0, 0x0,
    0x0, 0x0, 0x0, 0x0, 0xef, 0x50, 0x0, 0x0,
    0x0, 0x0, 0x0, 0x0, 0xe, 0xf5, 0x0, 0x0,
    0x0, 0x0, 0x0, 0x0, 0x0, 0xef, 0x50, 0x0,
    0x0, 0x0, 0x0, 0x0, 0x0, 0xe, 0xf5, 0x0,
    0x0, 0x0, 0x0, 0x0, 0x0, 0x0, 0xef, 0x50,
    0x0, 0x0, 0x0, 0x0, 0x0, 0x0, 0xe, 0xf5,
    0x0, 0x0, 0x0, 0x0, 0x0, 0x0, 0x0, 0xef,
    0x50, 0x0, 0x0, 0x0, 0x0, 0x0, 0x0, 0xe,
    0xf5, 0x0, 0x0, 0x0, 0x0, 0xc7, 0x0, 0x0,
    0xef, 0x50, 0x0, 0x2e, 0x40, 0x7f, 0xf7, 0x0,
    0xe, 0xf5, 0x0, 0x2e, 0xfd, 0x0, 0x9f, 0xf7,
    0x0, 0xef, 0x50, 0x2e, 0xfe, 0x10, 0x0, 0x9f,
    0xf5, 0xe, 0xf4, 0x1e, 0xfe, 0x10, 0x0, 0x0,
    0x9f, 0xf3, 0xdf, 0x4c, 0xfe, 0x10, 0x0, 0x0,
    0x0, 0x9f, 0xec, 0xfb, 0xfe, 0x10, 0x0, 0x0,
    0x0, 0x0, 0x9f, 0xff, 0xfe, 0x10, 0x0, 0x0,
    0x0, 0x0, 0x0, 0x9f, 0xfe, 0x10, 0x0, 0x0,
    0x0, 0x0, 0x0, 0x0, 0x9e, 0x10, 0x0, 0x0,
    0x0, 0x0, 0x0, 0x0, 0x0, 0x10, 0x0, 0x0,
    0x0, 0x0,

    /* U+2212 "−" */
    0x0, 0x0, 0x0, 0x0, 0x0, 0x0, 0x6f, 0xff,
    0xff, 0xff, 0xff, 0xfe, 0x6f, 0xff, 0xff, 0xff,
    0xff, 0xfe, 0x14, 0x44, 0x44, 0x44, 0x44, 0x44,

    /* U+2713 "✓" */
    0x0, 0x0, 0x0, 0x0, 0x0, 0x0, 0x0, 0x0,
    0x0, 0x0, 0x0, 0x0, 0x0, 0x0, 0x0, 0x0,
    0x3e, 0x50, 0x0, 0x0, 0x0, 0x0, 0x0, 0x0,
    0x3, 0xef, 0xf1, 0x0, 0x0, 0x0, 0x0, 0x0,
    0x0, 0x3e, 0xff, 0x50, 0x0, 0x0, 0x0, 0x0,
    0x0, 0x3, 0xef, 0xf5, 0x0, 0x0, 0x20, 0x0,
    0x0, 0x0, 0x3e, 0xff, 0x50, 0x0, 0xa, 0xe3,
    0x0, 0x0, 0x3, 0xef, 0xf5, 0x0, 0x0, 0x3f,
    0xfe, 0x30, 0x0, 0x3f, 0xff, 0x50, 0x0, 0x0,
    0x5, 0xff, 0xf3, 0x3, 0xff, 0xf5, 0x0, 0x0,
    0x0, 0x0, 0x4f, 0xff, 0x6f, 0xff, 0x50, 0x0,
    0x0, 0x0, 0x0, 0x4, 0xff, 0xff, 0xf5, 0x0,
    0x0, 0x0, 0x0, 0x0, 0x0, 0x4f, 0xff, 0x50,
    0x0, 0x0, 0x0, 0x0, 0x0, 0x0, 0x4, 0xf5,
    0x0, 0x0, 0x0, 0x0, 0x0, 0x0, 0x0, 0x0,
    0x10, 0x0, 0x0, 0x0, 0x0, 0x0,

    /* U+2717 "✗" */
    0x0, 0x0, 0x0, 0x0, 0x0, 0x0, 0x0, 0x7b,
    0x0, 0x0, 0x0, 0x7, 0xa0, 0x4f, 0xfb, 0x0,
    0x0, 0x7, 0xff, 0x80, 0xbf, 0xfb, 0x0, 0x7,
    0xff, 0xd1, 0x0, 0xbf, 0xfb, 0x7, 0xff, 0xd1,
    0x0, 0x0, 0xaf, 0xfd, 0xff, 0xd1, 0x0, 0x0,
    0x0, 0xaf, 0xff, 0xd1, 0x0, 0x0, 0x0, 0x8,
    0xff, 0xfb, 0x0, 0x0, 0x0, 0x8, 0xff, 0xff,
    0xfb, 0x0, 0x0, 0x8, 0xff, 0xd1, 0xaf, 0xfb,
    0x0, 0x8, 0xff, 0xd1, 0x0, 0xaf, 0xfb, 0x5,
    0xff, 0xd1, 0x0, 0x0, 0xaf, 0xf8, 0x9, 0xd1,
    0x0, 0x0, 0x0, 0xac, 0x10, 0x1, 0x0, 0x0,
    0x0, 0x0, 0x0
};


/*---------------------
 *  GLYPH DESCRIPTION
 *--------------------*/

static const lv_font_fmt_txt_glyph_dsc_t glyph_dsc[] = {
    {.bitmap_index = 0, .adv_w = 0, .box_w = 0, .box_h = 0, .ofs_x = 0, .ofs_y = 0} /* id = 0 reserved */,
    {.bitmap_index = 0, .adv_w = 102, .box_w = 0, .box_h = 0, .ofs_x = 0, .ofs_y = 0},
    {.bitmap_index = 0, .adv_w = 117, .box_w = 5, .box_h = 17, .ofs_x = 1, .ofs_y = 0},
    {.bitmap_index = 43, .adv_w = 190, .box_w = 8, .box_h = 7, .ofs_x = 2, .ofs_y = 10},
    {.bitmap_index = 71, .adv_w = 245, .box_w = 15, .box_h = 17, .ofs_x = 0, .ofs_y = 0},
    {.bitmap_index = 199, .adv_w = 248, .box_w = 14, .box_h = 22, .ofs_x = 1, .ofs_y = -2},
    {.bitmap_index = 353, .adv_w = 381, .box_w = 20, .box_h = 17, .ofs_x = 2, .ofs_y = 0},
    {.bitmap_index = 523, .adv_w = 251, .box_w = 15, .box_h = 17, .ofs_x = 1, .ofs_y = 0},
    {.bitmap_index = 651, .adv_w = 120, .box_w = 4, .box_h = 7, .ofs_x = 2, .ofs_y = 10},
    {.bitmap_index = 665, .adv_w = 142, .box_w = 6, .box_h = 22, .ofs_x = 2, .ofs_y = -3},
    {.bitmap_index = 731, .adv_w = 142, .box_w = 6, .box_h = 22, .ofs_x = 1, .ofs_y = -3},
    {.bitmap_index = 797, .adv_w = 200, .box_w = 10, .box_h = 10, .ofs_x = 1, .ofs_y = 7},
    {.bitmap_index = 847, .adv_w = 256, .box_w = 12, .box_h = 12, .ofs_x = 2, .ofs_y = 1},
    {.bitmap_index = 919, .adv_w = 116, .box_w = 5, .box_h = 7, .ofs_x = 1, .ofs_y = -4},
    {.bitmap_index = 937, .adv_w = 178, .box_w = 9, .box_h = 3, .ofs_x = 1, .ofs_y = 6},
    {.bitmap_index = 951, .adv_w = 116, .box_w = 5, .box_h = 4, .ofs_x = 1, .ofs_y = 0},
    {.bitmap_index = 961, .adv_w = 142, .box_w = 9, .box_h = 21, .ofs_x = 0, .ofs_y = -3},
    {.bitmap_index = 1056, .adv_w = 248, .box_w = 14, .box_h = 17, .ofs_x = 1, .ofs_y = 0},
    {.bitmap_index = 1175, .adv_w = 159, .box_w = 8, .box_h = 17, .ofs_x = 1, .ofs_y = 0},
    {.bitmap_index = 1243, .adv_w = 237, .box_w = 13, .box_h = 17, .ofs_x = 1, .ofs_y = 0},
    {.bitmap_index = 1354, .adv_w = 241, .box_w = 13, .box_h = 17, .ofs_x = 1, .ofs_y = 0},
    {.bitmap_index = 1465, .adv_w = 252, .box_w = 14, .box_h = 17, .ofs_x = 1, .ofs_y = 0},
    {.bitmap_index = 1584, .adv_w = 232, .box_w = 13, .box_h = 17, .ofs_x = 1, .ofs_y = 0},
    {.bitmap_index = 1695, .adv_w = 242, .box_w = 13, .box_h = 17, .ofs_x = 1, .ofs_y = 0},
    {.bitmap_index = 1806, .adv_w = 219, .box_w = 12, .box_h = 17, .ofs_x = 1, .ofs_y = 0},
    {.bitmap_index = 1908, .adv_w = 242, .box_w = 13, .box_h = 17, .ofs_x = 1, .ofs_y = 0},
    {.bitmap_index = 2019, .adv_w = 242, .box_w = 13, .box_h = 17, .ofs_x = 1, .ofs_y = 0},
    {.bitmap_index = 2130, .adv_w = 116, .box_w = 5, .box_h = 13, .ofs_x = 1, .ofs_y = 0},
    {.bitmap_index = 2163, .adv_w = 121, .box_w = 5, .box_h = 17, .ofs_x = 1, .ofs_y = -4},
    {.bitmap_index = 2206, .adv_w = 256, .box_w = 12, .box_h = 14, .ofs_x = 2, .ofs_y = 0},
    {.bitmap_index = 2290, .adv_w = 256, .box_w = 12, .box_h = 8, .ofs_x = 2, .ofs_y = 3},
    {.bitmap_index = 2338, .adv_w = 256, .box_w = 12, .box_h = 14, .ofs_x = 2, .ofs_y = 0},
    {.bitmap_index = 2422, .adv_w = 203, .box_w = 12, .box_h = 17, .ofs_x = 0, .ofs_y = 0},
    {.bitmap_index = 2524, .adv_w = 377, .box_w = 22, .box_h = 22, .ofs_x = 1, .ofs_y = -5},
    {.bitmap_index = 2766, .adv_w = 272, .box_w = 17, .box_h = 17, .ofs_x = 0, .ofs_y = 0},
    {.bitmap_index = 2911, .adv_w = 252, .box_w = 14, .box_h = 17, .ofs_x = 1, .ofs_y = 0},
    {.bitmap_index = 3030, .adv_w = 282, .box_w = 16, .box_h = 17, .ofs_x = 1, .ofs_y = 0},
    {.bitmap_index = 3166, .adv_w = 277, .box_w = 16, .box_h = 17, .ofs_x = 1, .ofs_y = 0},
    {.bitmap_index = 3302, .adv_w = 232, .box_w = 12, .box_h = 17, .ofs_x = 1, .ofs_y = 0},
    {.bitmap_index = 3404, .adv_w = 226, .box_w = 12, .box_h = 17, .ofs_x = 1, .ofs_y = 0},
    {.bitmap_index = 3506, .adv_w = 287, .box_w = 16, .box_h = 17, .ofs_x = 1, .ofs_y = 0},
    {.bitmap_index = 3642, .adv_w = 286, .box_w = 15, .box_h = 17, .ofs_x = 1, .ofs_y = 0},
    {.bitmap_index = 3770, .adv_w = 105, .box_w = 4, .box_h = 17, .ofs_x = 1, .ofs_y = 0},
    {.bitmap_index = 3804, .adv_w = 221, .box_w = 11, .box_h = 17, .ofs_x = 1, .ofs_y = 0},
    {.bitmap_index = 3898, .adv_w = 264, .box_w = 15, .box_h = 17, .ofs_x = 1, .ofs_y = 0},
    {.bitmap_index = 4026, .adv_w = 217, .box_w = 12, .box_h = 17, .ofs_x = 1, .ofs_y = 0},
    {.bitmap_index = 4128, .adv_w = 350, .box_w = 19, .box_h = 17, .ofs_x = 1, .ofs_y = 0},
    {.bitmap_index = 4290, .adv_w = 290, .box_w = 16, .box_h = 17, .ofs_x = 1, .ofs_y = 0},
    {.bitmap_index = 4426, .adv_w = 294, .box_w = 17, .box_h = 17, .ofs_x = 1, .ofs_y = 0},
    {.bitmap_index = 4571, .adv_w = 246, .box_w = 14, .box_h = 17, .ofs_x = 1, .ofs_y = 0},
    {.bitmap_index = 4690, .adv_w = 295, .box_w = 17, .box_h = 19, .ofs_x = 1, .ofs_y = -2},
    {.bitmap_index = 4852, .adv_w = 249, .box_w = 14, .box_h = 17, .ofs_x = 1, .ofs_y = 0},
    {.bitmap_index = 4971, .adv_w = 248, .box_w = 14, .box_h = 17, .ofs_x = 1, .ofs_y = 0},
    {.bitmap_index = 5090, .adv_w = 251, .box_w = 14, .box_h = 17, .ofs_x = 1, .ofs_y = 0},
    {.bitmap_index = 5209, .adv_w = 284, .box_w = 15, .box_h = 17, .ofs_x = 1, .ofs_y = 0},
    {.bitmap_index = 5337, .adv_w = 272, .box_w = 17, .box_h = 17, .ofs_x = 0, .ofs_y = 0},
    {.bitmap_index = 5482, .adv_w = 385, .box_w = 24, .box_h = 17, .ofs_x = 0, .ofs_y = 0},
    {.bitmap_index = 5686, .adv_w = 269, .box_w = 17, .box_h = 17, .ofs_x = 0, .ofs_y = 0},
    {.bitmap_index = 5831, .adv_w = 267, .box_w = 17, .box_h = 17, .ofs_x = 0, .ofs_y = 0},
    {.bitmap_index = 5976, .adv_w = 246, .box_w = 13, .box_h = 17, .ofs_x = 1, .ofs_y = 0},
    {.bitmap_index = 6087, .adv_w = 142, .box_w = 6, .box_h = 22, .ofs_x = 2, .ofs_y = -3},
    {.bitmap_index = 6153, .adv_w = 142, .box_w = 9, .box_h = 21, .ofs_x = 0, .ofs_y = -3},
    {.bitmap_index = 6248, .adv_w = 142, .box_w = 6, .box_h = 22, .ofs_x = 1, .ofs_y = -3},
    {.bitmap_index = 6314, .adv_w = 183, .box_w = 11, .box_h = 8, .ofs_x = 0, .ofs_y = 9},
    {.bitmap_index = 6358, .adv_w = 178, .box_w = 12, .box_h = 3, .ofs_x = 0, .ofs_y = -2},
    {.bitmap_index = 6376, .adv_w = 129, .box_w = 6, .box_h = 4, .ofs_x = 1, .ofs_y = 15},
    {.bitmap_index = 6388, .adv_w = 218, .box_w = 12, .box_h = 13, .ofs_x = 0, .ofs_y = 0},
    {.bitmap_index = 6466, .adv_w = 237, .box_w = 13, .box_h = 17, .ofs_x = 1, .ofs_y = 0},
    {.bitmap_index = 6577, .adv_w = 222, .box_w = 12, .box_h = 13, .ofs_x = 1, .ofs_y = 0},
    {.bitmap_index = 6655, .adv_w = 237, .box_w = 13, .box_h = 17, .ofs_x = 1, .ofs_y = 0},
    {.bitmap_index = 6766, .adv_w = 226, .box_w = 13, .box_h = 13, .ofs_x = 1, .ofs_y = 0},
    {.bitmap_index = 6851, .adv_w = 146, .box_w = 9, .box_h = 18, .ofs_x = 0, .ofs_y = 0},
    {.bitmap_index = 6932, .adv_w = 238, .box_w = 13, .box_h = 18, .ofs_x = 1, .ofs_y = -5},
    {.bitmap_index = 7049, .adv_w = 231, .box_w = 12, .box_h = 17, .ofs_x = 1, .ofs_y = 0},
    {.bitmap_index = 7151, .adv_w = 97, .box_w = 4, .box_h = 18, .ofs_x = 1, .ofs_y = 0},
    {.bitmap_index = 7187, .adv_w = 97, .box_w = 6, .box_h = 23, .ofs_x = -1, .ofs_y = -5},
    {.bitmap_index = 7256, .adv_w = 215, .box_w = 13, .box_h = 17, .ofs_x = 1, .ofs_y = 0},
    {.bitmap_index = 7367, .adv_w = 97, .box_w = 4, .box_h = 17, .ofs_x = 1, .ofs_y = 0},
    {.bitmap_index = 7401, .adv_w = 341, .box_w = 19, .box_h = 13, .ofs_x = 1, .ofs_y = 0},
    {.bitmap_index = 7525, .adv_w = 231, .box_w = 12, .box_h = 13, .ofs_x = 1, .ofs_y = 0},
    {.bitmap_index = 7603, .adv_w = 232, .box_w = 13, .box_h = 13, .ofs_x = 1, .ofs_y = 0},
    {.bitmap_index = 7688, .adv_w = 237, .box_w = 13, .box_h = 18, .ofs_x = 1, .ofs_y = -5},
    {.bitmap_index = 7805, .adv_w = 237, .box_w = 13, .box_h = 18, .ofs_x = 1, .ofs_y = -5},
    {.bitmap_index = 7922, .adv_w = 149, .box_w = 8, .box_h = 13, .ofs_x = 1, .ofs_y = 0},
    {.bitmap_index = 7974, .adv_w = 207, .box_w = 11, .box_h = 13, .ofs_x = 1, .ofs_y = 0},
    {.bitmap_index = 8046, .adv_w = 131, .box_w = 8, .box_h = 16, .ofs_x = 0, .ofs_y = 0},
    {.bitmap_index = 8110, .adv_w = 231, .box_w = 12, .box_h = 13, .ofs_x = 1, .ofs_y = 0},
    {.bitmap_index = 8188, .adv_w = 221, .box_w = 14, .box_h = 13, .ofs_x = 0, .ofs_y = 0},
    {.bitmap_index = 8279, .adv_w = 318, .box_w = 20, .box_h = 13, .ofs_x = 0, .ofs_y = 0},
    {.bitmap_index = 8409, .adv_w = 214, .box_w = 13, .box_h = 13, .ofs_x = 0, .ofs_y = 0},
    {.bitmap_index = 8494, .adv_w = 221, .box_w = 14, .box_h = 18, .ofs_x = 0, .ofs_y = -5},
    {.bitmap_index = 8620, .adv_w = 215, .box_w = 11, .box_h = 13, .ofs_x = 1, .ofs_y = 0},
    {.bitmap_index = 8692, .adv_w = 169, .box_w = 9, .box_h = 22, .ofs_x = 1, .ofs_y = -4},
    {.bitmap_index = 8791, .adv_w = 133, .box_w = 4, .box_h = 28, .ofs_x = 2, .ofs_y = -6},
    {.bitmap_index = 8847, .adv_w = 169, .box_w = 8, .box_h = 22, .ofs_x = 1, .ofs_y = -4},
    {.bitmap_index = 8935, .adv_w = 256, .box_w = 14, .box_h = 5, .ofs_x = 1, .ofs_y = 4},
    {.bitmap_index = 8970, .adv_w = 102, .box_w = 0, .box_h = 0, .ofs_x = 0, .ofs_y = 0},
    {.bitmap_index = 8970, .adv_w = 117, .box_w = 5, .box_h = 17, .ofs_x = 1, .ofs_y = -4},
    {.bitmap_index = 9013, .adv_w = 222, .box_w = 12, .box_h = 17, .ofs_x = 1, .ofs_y = 0},
    {.bitmap_index = 9115, .adv_w = 238, .box_w = 13, .box_h = 17, .ofs_x = 1, .ofs_y = 0},
    {.bitmap_index = 9226, .adv_w = 283, .box_w = 16, .box_h = 15, .ofs_x = 1, .ofs_y = 0},
    {.bitmap_index = 9346, .adv_w = 214, .box_w = 14, .box_h = 17, .ofs_x = 0, .ofs_y = 0},
    {.bitmap_index = 9465, .adv_w = 113, .box_w = 3, .box_h = 20, .ofs_x = 2, .ofs_y = -3},
    {.bitmap_index = 9495, .adv_w = 218, .box_w = 12, .box_h = 21, .ofs_x = 1, .ofs_y = -4},
    {.bitmap_index = 9621, .adv_w = 231, .box_w = 9, .box_h = 3, .ofs_x = 3, .ofs_y = 15},
    {.bitmap_index = 9635, .adv_w = 351, .box_w = 19, .box_h = 18, .ofs_x = 1, .ofs_y = 0},
    {.bitmap_index = 9806, .adv_w = 176, .box_w = 10, .box_h = 10, .ofs_x = 0, .ofs_y = 8},
    {.bitmap_index = 9856, .adv_w = 234, .box_w = 13, .box_h = 11, .ofs_x = 1, .ofs_y = 2},
    {.bitmap_index = 9928, .adv_w = 256, .box_w = 11, .box_h = 6, .ofs_x = 2, .ofs_y = 4},
    {.bitmap_index = 9961, .adv_w = 255, .box_w = 14, .box_h = 14, .ofs_x = 1, .ofs_y = 4},
    {.bitmap_index = 10059, .adv_w = 179, .box_w = 7, .box_h = 2, .ofs_x = 2, .ofs_y = 15},
    {.bitmap_index = 10066, .adv_w = 176, .box_w = 9, .box_h = 8, .ofs_x = 1, .ofs_y = 9},
    {.bitmap_index = 10102, .adv_w = 256, .box_w = 12, .box_h = 13, .ofs_x = 2, .ofs_y = 0},
    {.bitmap_index = 10180, .adv_w = 172, .box_w = 9, .box_h = 9, .ofs_x = 1, .ofs_y = 11},
    {.bitmap_index = 10221, .adv_w = 175, .box_w = 9, .box_h = 9, .ofs_x = 1, .ofs_y = 11},
    {.bitmap_index = 10262, .adv_w = 129, .box_w = 6, .box_h = 4, .ofs_x = 1, .ofs_y = 15},
    {.bitmap_index = 10274, .adv_w = 230, .box_w = 14, .box_h = 18, .ofs_x = 1, .ofs_y = -5},
    {.bitmap_index = 10400, .adv_w = 231, .box_w = 12, .box_h = 17, .ofs_x = 1, .ofs_y = 0},
    {.bitmap_index = 10502, .adv_w = 116, .box_w = 5, .box_h = 4, .ofs_x = 1, .ofs_y = 6},
    {.bitmap_index = 10512, .adv_w = 115, .box_w = 5, .box_h = 6, .ofs_x = 2, .ofs_y = -6},
    {.bitmap_index = 10527, .adv_w = 121, .box_w = 6, .box_h = 9, .ofs_x = 1, .ofs_y = 11},
    {.bitmap_index = 10554, .adv_w = 186, .box_w = 11, .box_h = 10, .ofs_x = 0, .ofs_y = 8},
    {.bitmap_index = 10609, .adv_w = 234, .box_w = 14, .box_h = 11, .ofs_x = 0, .ofs_y = 2},
    {.bitmap_index = 10686, .adv_w = 314, .box_w = 19, .box_h = 18, .ofs_x = 0, .ofs_y = -1},
    {.bitmap_index = 10857, .adv_w = 330, .box_w = 20, .box_h = 18, .ofs_x = 0, .ofs_y = 0},
    {.bitmap_index = 11037, .adv_w = 344, .box_w = 20, .box_h = 18, .ofs_x = 1, .ofs_y = -1},
    {.bitmap_index = 11217, .adv_w = 203, .box_w = 11, .box_h = 18, .ofs_x = 1, .ofs_y = -5},
    {.bitmap_index = 11316, .adv_w = 272, .box_w = 17, .box_h = 22, .ofs_x = 0, .ofs_y = 0},
    {.bitmap_index = 11503, .adv_w = 272, .box_w = 17, .box_h = 22, .ofs_x = 0, .ofs_y = 0},
    {.bitmap_index = 11690, .adv_w = 272, .box_w = 17, .box_h = 22, .ofs_x = 0, .ofs_y = 0},
    {.bitmap_index = 11877, .adv_w = 272, .box_w = 17, .box_h = 22, .ofs_x = 0, .ofs_y = 0},
    {.bitmap_index = 12064, .adv_w = 272, .box_w = 17, .box_h = 22, .ofs_x = 0, .ofs_y = 0},
    {.bitmap_index = 12251, .adv_w = 272, .box_w = 17, .box_h = 24, .ofs_x = 0, .ofs_y = 0},
    {.bitmap_index = 12455, .adv_w = 385, .box_w = 23, .box_h = 17, .ofs_x = 0, .ofs_y = 0},
    {.bitmap_index = 12651, .adv_w = 282, .box_w = 16, .box_h = 22, .ofs_x = 1, .ofs_y = -5},
    {.bitmap_index = 12827, .adv_w = 232, .box_w = 12, .box_h = 22, .ofs_x = 1, .ofs_y = 0},
    {.bitmap_index = 12959, .adv_w = 232, .box_w = 12, .box_h = 22, .ofs_x = 1, .ofs_y = 0},
    {.bitmap_index = 13091, .adv_w = 232, .box_w = 12, .box_h = 22, .ofs_x = 1, .ofs_y = 0},
    {.bitmap_index = 13223, .adv_w = 232, .box_w = 12, .box_h = 22, .ofs_x = 1, .ofs_y = 0},
    {.bitmap_index = 13355, .adv_w = 105, .box_w = 5, .box_h = 22, .ofs_x = 0, .ofs_y = 0},
    {.bitmap_index = 13410, .adv_w = 105, .box_w = 6, .box_h = 22, .ofs_x = 1, .ofs_y = 0},
    {.bitmap_index = 13476, .adv_w = 105, .box_w = 9, .box_h = 22, .ofs_x = -1, .ofs_y = 0},
    {.bitmap_index = 13575, .adv_w = 105, .box_w = 9, .box_h = 22, .ofs_x = -1, .ofs_y = 0},
    {.bitmap_index = 13674, .adv_w = 285, .box_w = 17, .box_h = 17, .ofs_x = 0, .ofs_y = 0},
    {.bitmap_index = 13819, .adv_w = 290, .box_w = 16, .box_h = 22, .ofs_x = 1, .ofs_y = 0},
    {.bitmap_index = 13995, .adv_w = 294, .box_w = 17, .box_h = 23, .ofs_x = 1, .ofs_y = 0},
    {.bitmap_index = 14191, .adv_w = 294, .box_w = 17, .box_h = 23, .ofs_x = 1, .ofs_y = 0},
    {.bitmap_index = 14387, .adv_w = 294, .box_w = 17, .box_h = 23, .ofs_x = 1, .ofs_y = 0},
    {.bitmap_index = 14583, .adv_w = 294, .box_w = 17, .box_h = 22, .ofs_x = 1, .ofs_y = 0},
    {.bitmap_index = 14770, .adv_w = 294, .box_w = 17, .box_h = 22, .ofs_x = 1, .ofs_y = 0},
    {.bitmap_index = 14957, .adv_w = 256, .box_w = 12, .box_h = 12, .ofs_x = 2, .ofs_y = 1},
    {.bitmap_index = 15029, .adv_w = 294, .box_w = 17, .box_h = 19, .ofs_x = 1, .ofs_y = -1},
    {.bitmap_index = 15191, .adv_w = 284, .box_w = 15, .box_h = 23, .ofs_x = 1, .ofs_y = 0},
    {.bitmap_index = 15364, .adv_w = 284, .box_w = 15, .box_h = 23, .ofs_x = 1, .ofs_y = 0},
    {.bitmap_index = 15537, .adv_w = 284, .box_w = 15, .box_h = 23, .ofs_x = 1, .ofs_y = 0},
    {.bitmap_index = 15710, .adv_w = 284, .box_w = 15, .box_h = 22, .ofs_x = 1, .ofs_y = 0},
    {.bitmap_index = 15875, .adv_w = 267, .box_w = 17, .box_h = 22, .ofs_x = 0, .ofs_y = 0},
    {.bitmap_index = 16062, .adv_w = 248, .box_w = 13, .box_h = 17, .ofs_x = 1, .ofs_y = 0},
    {.bitmap_index = 16173, .adv_w = 242, .box_w = 13, .box_h = 17, .ofs_x = 1, .ofs_y = 0},
    {.bitmap_index = 16284, .adv_w = 218, .box_w = 12, .box_h = 18, .ofs_x = 0, .ofs_y = 0},
    {.bitmap_index = 16392, .adv_w = 218, .box_w = 12, .box_h = 18, .ofs_x = 0, .ofs_y = 0},
    {.bitmap_index = 16500, .adv_w = 218, .box_w = 12, .box_h = 18, .ofs_x = 0, .ofs_y = 0},
    {.bitmap_index = 16608, .adv_w = 218, .box_w = 12, .box_h = 18, .ofs_x = 0, .ofs_y = 0},
    {.bitmap_index = 16716, .adv_w = 218, .box_w = 12, .box_h = 18, .ofs_x = 0, .ofs_y = 0},
    {.bitmap_index = 16824, .adv_w = 218, .box_w = 12, .box_h = 20, .ofs_x = 0, .ofs_y = 0},
    {.bitmap_index = 16944, .adv_w = 351, .box_w = 21, .box_h = 13, .ofs_x = 0, .ofs_y = 0},
    {.bitmap_index = 17081, .adv_w = 222, .box_w = 12, .box_h = 18, .ofs_x = 1, .ofs_y = -5},
    {.bitmap_index = 17189, .adv_w = 226, .box_w = 13, .box_h = 18, .ofs_x = 1, .ofs_y = 0},
    {.bitmap_index = 17306, .adv_w = 226, .box_w = 13, .box_h = 18, .ofs_x = 1, .ofs_y = 0},
    {.bitmap_index = 17423, .adv_w = 226, .box_w = 13, .box_h = 18, .ofs_x = 1, .ofs_y = 0},
    {.bitmap_index = 17540, .adv_w = 226, .box_w = 13, .box_h = 18, .ofs_x = 1, .ofs_y = 0},
    {.bitmap_index = 17657, .adv_w = 97, .box_w = 6, .box_h = 18, .ofs_x = -1, .ofs_y = 0},
    {.bitmap_index = 17711, .adv_w = 97, .box_w = 6, .box_h = 18, .ofs_x = 1, .ofs_y = 0},
    {.bitmap_index = 17765, .adv_w = 97, .box_w = 10, .box_h = 18, .ofs_x = -2, .ofs_y = 0},
    {.bitmap_index = 17855, .adv_w = 97, .box_w = 9, .box_h = 18, .ofs_x = -1, .ofs_y = 0},
    {.bitmap_index = 17936, .adv_w = 226, .box_w = 12, .box_h = 19, .ofs_x = 1, .ofs_y = 0},
    {.bitmap_index = 18050, .adv_w = 231, .box_w = 12, .box_h = 18, .ofs_x = 1, .ofs_y = 0},
    {.bitmap_index = 18158, .adv_w = 232, .box_w = 13, .box_h = 18, .ofs_x = 1, .ofs_y = 0},
    {.bitmap_index = 18275, .adv_w = 232, .box_w = 13, .box_h = 18, .ofs_x = 1, .ofs_y = 0},
    {.bitmap_index = 18392, .adv_w = 232, .box_w = 13, .box_h = 18, .ofs_x = 1, .ofs_y = 0},
    {.bitmap_index = 18509, .adv_w = 232, .box_w = 13, .box_h = 18, .ofs_x = 1, .ofs_y = 0},
    {.bitmap_index = 18626, .adv_w = 232, .box_w = 13, .box_h = 18, .ofs_x = 1, .ofs_y = 0},
    {.bitmap_index = 18743, .adv_w = 256, .box_w = 12, .box_h = 13, .ofs_x = 2, .ofs_y = 0},
    {.bitmap_index = 18821, .adv_w = 232, .box_w = 14, .box_h = 15, .ofs_x = 0, .ofs_y = -1},
    {.bitmap_index = 18926, .adv_w = 231, .box_w = 12, .box_h = 18, .ofs_x = 1, .ofs_y = 0},
    {.bitmap_index = 19034, .adv_w = 231, .box_w = 12, .box_h = 18, .ofs_x = 1, .ofs_y = 0},
    {.bitmap_index = 19142, .adv_w = 231, .box_w = 12, .box_h = 18, .ofs_x = 1, .ofs_y = 0},
    {.bitmap_index = 19250, .adv_w = 231, .box_w = 12, .box_h = 18, .ofs_x = 1, .ofs_y = 0},
    {.bitmap_index = 19358, .adv_w = 221, .box_w = 14, .box_h = 23, .ofs_x = 0, .ofs_y = -5},
    {.bitmap_index = 19519, .adv_w = 237, .box_w = 13, .box_h = 22, .ofs_x = 1, .ofs_y = -5},
    {.bitmap_index = 19662, .adv_w = 221, .box_w = 14, .box_h = 23, .ofs_x = 0, .ofs_y = -5},
    {.bitmap_index = 19823, .adv_w = 192, .box_w = 12, .box_h = 3, .ofs_x = 0, .ofs_y = 6},
    {.bitmap_index = 19841, .adv_w = 384, .box_w = 24, .box_h = 3, .ofs_x = 0, .ofs_y = 6},
    {.bitmap_index = 19877, .adv_w = 107, .box_w = 5, .box_h = 7, .ofs_x = 1, .ofs_y = 10},
    {.bitmap_index = 19895, .adv_w = 107, .box_w = 5, .box_h = 7, .ofs_x = 1, .ofs_y = 10},
    {.bitmap_index = 19913, .adv_w = 99, .box_w = 5, .box_h = 7, .ofs_x = 1, .ofs_y = -4},
    {.bitmap_index = 19931, .adv_w = 107, .box_w = 5, .box_h = 7, .ofs_x = 0, .ofs_y = 10},
    {.bitmap_index = 19949, .adv_w = 182, .box_w = 10, .box_h = 7, .ofs_x = 1, .ofs_y = 10},
    {.bitmap_index = 19984, .adv_w = 181, .box_w = 10, .box_h = 7, .ofs_x = 1, .ofs_y = 10},
    {.bitmap_index = 20019, .adv_w = 205, .box_w = 9, .box_h = 8, .ofs_x = 2, .ofs_y = 3},
    {.bitmap_index = 20055, .adv_w = 350, .box_w = 19, .box_h = 4, .ofs_x = 1, .ofs_y = 0},
    {.bitmap_index = 20093, .adv_w = 366, .box_w = 18, .box_h = 17, .ofs_x = 2, .ofs_y = -1},
    {.bitmap_index = 20246, .adv_w = 329, .box_w = 17, .box_h = 18, .ofs_x = 2, .ofs_y = 0},
    {.bitmap_index = 20399, .adv_w = 366, .box_w = 18, .box_h = 17, .ofs_x = 3, .ofs_y = -1},
    {.bitmap_index = 20552, .adv_w = 329, .box_w = 17, .box_h = 19, .ofs_x = 2, .ofs_y = -1},
    {.bitmap_index = 20714, .adv_w = 256, .box_w = 12, .box_h = 4, .ofs_x = 2, .ofs_y = 5},
    {.bitmap_index = 20738, .adv_w = 339, .box_w = 18, .box_h = 14, .ofs_x = 2, .ofs_y = 1},
    {.bitmap_index = 20864, .adv_w = 340, .box_w = 13, .box_h = 14, .ofs_x = 4, .ofs_y = 1}
};

/*---------------------
 *  CHARACTER MAPPING
 *--------------------*/

static const uint16_t unicode_list_3[] = {
    0x0, 0x1, 0x5, 0x6, 0x7, 0x8, 0x9, 0xa,
    0xf, 0x13, 0x17d, 0x17e, 0x17f, 0x180, 0x1ff, 0x700,
    0x704
};

/*Collect the unicode lists and glyph_id offsets*/
static const lv_font_fmt_txt_cmap_t cmaps[] =
{
    {
        .range_start = 32, .range_length = 95, .glyph_id_start = 1,
        .unicode_list = NULL, .glyph_id_ofs_list = NULL, .list_length = 0, .type = LV_FONT_FMT_TXT_CMAP_FORMAT0_TINY
    },
    {
        .range_start = 160, .range_length = 13, .glyph_id_start = 96,
        .unicode_list = NULL, .glyph_id_ofs_list = NULL, .list_length = 0, .type = LV_FONT_FMT_TXT_CMAP_FORMAT0_TINY
    },
    {
        .range_start = 174, .range_length = 82, .glyph_id_start = 109,
        .unicode_list = NULL, .glyph_id_ofs_list = NULL, .list_length = 0, .type = LV_FONT_FMT_TXT_CMAP_FORMAT0_TINY
    },
    {
        .range_start = 8211, .range_length = 1797, .glyph_id_start = 191,
        .unicode_list = unicode_list_3, .glyph_id_ofs_list = NULL, .list_length = 17, .type = LV_FONT_FMT_TXT_CMAP_SPARSE_TINY
    }
};

/*-----------------
 *    KERNING
 *----------------*/


/*Pair left and right glyphs for kerning*/
static const uint8_t kern_pair_glyph_ids[] =
{
    3, 7,
    3, 13,
    3, 15,
    3, 21,
    3, 98,
    3, 200,
    6, 193,
    6, 194,
    6, 197,
    6, 198,
    7, 3,
    7, 8,
    7, 61,
    7, 109,
    7, 193,
    7, 197,
    8, 7,
    8, 13,
    8, 15,
    8, 21,
    8, 98,
    8, 200,
    9, 93,
    9, 98,
    10, 193,
    10, 197,
    11, 7,
    11, 13,
    11, 15,
    11, 21,
    11, 33,
    11, 64,
    11, 105,
    11, 200,
    12, 19,
    12, 20,
    12, 24,
    12, 61,
    12, 117,
    12, 193,
    12, 197,
    13, 1,
    13, 2,
    13, 3,
    13, 8,
    13, 17,
    13, 18,
    13, 20,
    13, 22,
    13, 23,
    13, 24,
    13, 25,
    13, 26,
    13, 32,
    13, 33,
    13, 105,
    13, 117,
    13, 194,
    13, 196,
    13, 198,
    14, 19,
    14, 20,
    14, 24,
    14, 61,
    14, 117,
    14, 193,
    14, 197,
    15, 1,
    15, 2,
    15, 3,
    15, 8,
    15, 17,
    15, 18,
    15, 20,
    15, 22,
    15, 23,
    15, 24,
    15, 25,
    15, 26,
    15, 32,
    15, 33,
    15, 105,
    15, 117,
    15, 194,
    15, 196,
    15, 198,
    16, 13,
    16, 15,
    16, 61,
    16, 200,
    17, 13,
    17, 15,
    17, 24,
    17, 61,
    17, 64,
    17, 193,
    17, 195,
    17, 197,
    17, 200,
    18, 10,
    18, 62,
    18, 64,
    18, 94,
    19, 21,
    20, 11,
    20, 13,
    20, 15,
    20, 63,
    20, 107,
    20, 111,
    20, 195,
    20, 200,
    21, 11,
    21, 13,
    21, 15,
    21, 18,
    21, 63,
    21, 109,
    21, 111,
    21, 117,
    21, 200,
    22, 11,
    22, 13,
    22, 15,
    22, 63,
    22, 109,
    22, 111,
    22, 200,
    23, 13,
    23, 15,
    23, 64,
    23, 195,
    23, 200,
    24, 4,
    24, 7,
    24, 13,
    24, 15,
    24, 17,
    24, 20,
    24, 21,
    24, 22,
    24, 23,
    24, 24,
    24, 25,
    24, 26,
    24, 27,
    24, 28,
    24, 29,
    24, 64,
    24, 98,
    24, 107,
    24, 195,
    24, 200,
    25, 11,
    25, 13,
    25, 15,
    25, 63,
    25, 107,
    25, 111,
    25, 195,
    25, 200,
    26, 13,
    26, 15,
    26, 24,
    26, 61,
    26, 64,
    26, 193,
    26, 195,
    26, 197,
    26, 200,
    27, 61,
    27, 193,
    27, 197,
    28, 61,
    28, 193,
    28, 197,
    30, 61,
    30, 193,
    30, 197,
    31, 24,
    31, 61,
    31, 193,
    31, 197,
    33, 13,
    33, 15,
    33, 16,
    33, 61,
    33, 64,
    33, 109,
    33, 193,
    33, 195,
    33, 197,
    33, 200,
    60, 93,
    60, 98,
    61, 3,
    61, 5,
    61, 8,
    61, 11,
    61, 12,
    61, 14,
    61, 16,
    61, 18,
    61, 29,
    61, 30,
    61, 32,
    61, 33,
    61, 61,
    61, 63,
    61, 95,
    61, 98,
    61, 105,
    61, 107,
    61, 108,
    61, 109,
    61, 111,
    61, 112,
    61, 117,
    61, 118,
    61, 122,
    61, 150,
    61, 182,
    61, 193,
    61, 194,
    61, 197,
    61, 198,
    61, 199,
    61, 203,
    61, 205,
    62, 193,
    62, 197,
    63, 7,
    63, 13,
    63, 15,
    63, 21,
    63, 33,
    63, 64,
    63, 105,
    63, 200,
    64, 11,
    64, 17,
    64, 18,
    64, 20,
    64, 21,
    64, 22,
    64, 23,
    64, 25,
    64, 26,
    64, 33,
    64, 61,
    64, 63,
    64, 93,
    64, 105,
    64, 111,
    64, 117,
    64, 193,
    64, 197,
    92, 93,
    92, 98,
    93, 10,
    93, 62,
    93, 64,
    93, 94,
    94, 193,
    94, 197,
    95, 19,
    95, 20,
    95, 24,
    95, 61,
    95, 117,
    95, 193,
    95, 197,
    97, 61,
    97, 193,
    97, 197,
    98, 3,
    98, 8,
    98, 10,
    98, 18,
    98, 61,
    98, 62,
    98, 94,
    98, 109,
    98, 193,
    98, 194,
    98, 197,
    98, 198,
    105, 13,
    105, 15,
    105, 16,
    105, 61,
    105, 64,
    105, 109,
    105, 193,
    105, 195,
    105, 197,
    105, 200,
    109, 7,
    109, 21,
    109, 33,
    109, 98,
    109, 105,
    111, 7,
    111, 13,
    111, 15,
    111, 21,
    111, 33,
    111, 64,
    111, 105,
    111, 200,
    112, 61,
    112, 193,
    112, 197,
    116, 12,
    116, 14,
    116, 16,
    116, 29,
    116, 64,
    116, 95,
    116, 108,
    116, 118,
    116, 182,
    116, 193,
    116, 194,
    116, 197,
    116, 198,
    116, 203,
    116, 205,
    117, 10,
    117, 62,
    117, 64,
    117, 94,
    118, 19,
    118, 20,
    118, 24,
    118, 61,
    118, 117,
    118, 193,
    118, 197,
    122, 18,
    122, 19,
    122, 20,
    122, 24,
    122, 25,
    122, 61,
    122, 193,
    122, 197,
    126, 61,
    126, 193,
    126, 194,
    126, 197,
    126, 198,
    150, 61,
    182, 19,
    182, 20,
    182, 24,
    182, 61,
    182, 117,
    182, 193,
    182, 197,
    193, 7,
    193, 13,
    193, 15,
    193, 16,
    193, 21,
    193, 98,
    193, 126,
    193, 195,
    193, 200,
    194, 4,
    194, 7,
    194, 12,
    194, 13,
    194, 14,
    194, 15,
    194, 16,
    194, 17,
    194, 21,
    194, 23,
    194, 24,
    194, 25,
    194, 27,
    194, 28,
    194, 29,
    194, 30,
    194, 33,
    194, 64,
    194, 95,
    194, 98,
    194, 105,
    194, 107,
    194, 108,
    194, 112,
    194, 116,
    194, 117,
    194, 118,
    194, 126,
    194, 182,
    194, 200,
    194, 203,
    194, 205,
    195, 18,
    195, 33,
    195, 61,
    195, 105,
    195, 193,
    195, 194,
    195, 197,
    195, 198,
    197, 7,
    197, 13,
    197, 15,
    197, 16,
    197, 21,
    197, 98,
    197, 126,
    197, 195,
    197, 200,
    198, 4,
    198, 7,
    198, 12,
    198, 13,
    198, 14,
    198, 15,
    198, 16,
    198, 17,
    198, 21,
    198, 23,
    198, 24,
    198, 25,
    198, 27,
    198, 28,
    198, 29,
    198, 30,
    198, 33,
    198, 64,
    198, 95,
    198, 98,
    198, 105,
    198, 107,
    198, 108,
    198, 112,
    198, 116,
    198, 117,
    198, 118,
    198, 126,
    198, 182,
    198, 200,
    198, 203,
    198, 205,
    199, 61,
    200, 1,
    200, 2,
    200, 3,
    200, 8,
    200, 17,
    200, 18,
    200, 20,
    200, 22,
    200, 23,
    200, 24,
    200, 25,
    200, 26,
    200, 32,
    200, 33,
    200, 105,
    200, 117,
    200, 194,
    200, 196,
    200, 198,
    201, 19,
    201, 20,
    201, 24,
    201, 61,
    201, 117,
    201, 193,
    201, 197,
    205, 19,
    205, 20,
    205, 24,
    205, 61,
    205, 117,
    205, 193,
    205, 197
};

/* Kerning between the respective left and right glyphs
 * 4.4 format which needs to scaled with `kern_scale`*/
static const int8_t kern_pair_values[] =
{
    -13, -32, -32, -24, -6, -32, -24, -26,
    -24, -26, -13, -13, -24, -9, -35, -35,
    -13, -32, -32, -24, -6, -32, 2, -4,
    -13, -13, -13, -52, -52, -17, -5, -26,
    -5, -52, -11, -4, -9, -19, -5, -20,
    -20, -4, -1, -34, -34, -10, -34, -10,
    -4, -10, -7, -9, -3, -34, -17, -17,
    -19, -27, -52, -27, -11, -4, -9, -19,
    -5, -20, -20, -4, -1, -34, -34, -10,
    -34, -10, -4, -10, -7, -9, -3, -34,
    -17, -17, -19, -27, -52, -27, -15, -15,
    1, -15, -10, -10, -7, -6, -17, -17,
    -19, -17, -10, 2, 2, 2, 2, -6,
    -5, -8, -8, -5, -13, -5, -19, -8,
    -10, -13, -13, -10, -10, -2, -10, -16,
    -13, -1, -10, -10, -1, -2, -1, -10,
    -12, -12, -17, -17, -12, -22, -17, -48,
    -48, -6, -6, -22, -4, -6, 8, -5,
    -4, -13, -13, -35, -61, -19, -24, -54,
    -48, -5, -8, -8, -5, -13, -5, -19,
    -8, -10, -10, -7, -6, -17, -17, -19,
    -17, -10, -24, -17, -17, -24, -17, -17,
    -26, -22, -22, -28, -28, -37, -37, -17,
    -17, -15, -14, -15, -2, -13, -15, -13,
    -17, 2, -4, -30, -2, -30, -32, -13,
    -13, 7, -15, -5, -19, -24, -14, -19,
    -32, -13, -3, -14, -13, -13, -27, -32,
    -19, -19, -13, -13, -13, -13, -16, -22,
    -16, -22, -13, -13, -13, -13, -13, -13,
    -52, -52, -17, -5, -26, -5, -52, -26,
    -17, -41, -17, -22, -17, -17, -17, -17,
    -15, -30, -26, 13, -15, -26, -17, -15,
    -15, 2, -4, 2, 2, 2, 2, -13,
    -13, -11, -4, -9, -19, -5, -20, -20,
    -13, -13, -13, -6, -6, -4, -13, -21,
    -4, -4, -4, -24, -9, -24, -9, -17,
    -17, -15, -14, -15, -2, -13, -15, -13,
    -17, -13, -19, -2, -11, -2, -13, -52,
    -52, -17, -5, -26, -5, -52, -26, -22,
    -22, -15, -15, -13, -15, -13, -15, -13,
    -15, -15, -19, 5, -19, 5, -15, -15,
    2, 2, 2, 2, -11, -4, -9, -15,
    -5, -20, -20, -15, -19, -17, -19, -13,
    -24, -33, -33, -35, -24, -13, -24, -13,
    -15, -11, -4, -9, -19, -5, -20, -20,
    -24, -35, -35, -37, -24, -15, -24, -28,
    -35, -48, -26, -23, -42, -23, -42, -54,
    -17, -37, -17, -24, -15, -22, -22, -37,
    -22, -22, -15, -17, -24, -22, -33, -23,
    -22, -17, -4, -23, -26, -23, -42, -23,
    -23, -26, -15, -35, -15, -48, -37, -48,
    -37, -24, -35, -35, -37, -24, -15, -24,
    -28, -35, -48, -26, -23, -42, -23, -42,
    -54, -17, -37, -17, -24, -15, -22, -22,
    -37, -22, -22, -15, -17, -24, -22, -33,
    -23, -22, -17, -4, -23, -26, -23, -42,
    -23, -23, -15, -4, -1, -34, -34, -10,
    -34, -10, -4, -10, -7, -9, -3, -34,
    -17, -17, -19, -27, -52, -27, -11, -4,
    -9, -19, -5, -20, -20, -11, -4, -9,
    -19, -5, -20, -20
};

/*Collect the kern pair's data in one place*/
static const lv_font_fmt_txt_kern_pair_t kern_pairs =
{
    .glyph_ids = kern_pair_glyph_ids,
    .values = kern_pair_values,
    .pair_cnt = 484,
    .glyph_ids_size = 0
};

/*--------------------
 *  ALL CUSTOM DATA
 *--------------------*/

#if LVGL_VERSION_MAJOR == 8
/*Store all the custom data of the font*/
static  lv_font_fmt_txt_glyph_cache_t cache;
#endif

#if LVGL_VERSION_MAJOR >= 8
static const lv_font_fmt_txt_dsc_t font_dsc = {
#else
static lv_font_fmt_txt_dsc_t font_dsc = {
#endif
    .glyph_bitmap = glyph_bitmap,
    .glyph_dsc = glyph_dsc,
    .cmaps = cmaps,
    .kern_dsc = &kern_pairs,
    .kern_scale = 16,
    .cmap_num = 4,
    .bpp = 4,
    .kern_classes = 0,
    .bitmap_format = 0,
#if LVGL_VERSION_MAJOR == 8
    .cache = &cache
#endif
};



/*-----------------
 *  PUBLIC FONT
 *----------------*/

/*Initialize a public general font descriptor*/
#if LVGL_VERSION_MAJOR >= 8
const lv_font_t inter_24 = {
#else
lv_font_t inter_24 = {
#endif
    .get_glyph_dsc = lv_font_get_glyph_dsc_fmt_txt,    /*Function pointer to get glyph's data*/
    .get_glyph_bitmap = lv_font_get_bitmap_fmt_txt,    /*Function pointer to get glyph's bitmap*/
    .line_height = 30,          /*The maximum line height required by the font*/
    .base_line = 6,             /*Baseline measured from the bottom of the line*/
#if !(LVGL_VERSION_MAJOR == 6 && LVGL_VERSION_MINOR == 0)
    .subpx = LV_FONT_SUBPX_NONE,
#endif
#if LV_VERSION_CHECK(7, 4, 0) || LVGL_VERSION_MAJOR >= 8
    .underline_position = -4,
    .underline_thickness = 2,
#endif
    .dsc = &font_dsc,          /*The custom font data. Will be accessed by `get_glyph_bitmap/dsc` */
#if LV_VERSION_CHECK(8, 2, 0) || LVGL_VERSION_MAJOR >= 9
    .fallback = NULL,
#endif
    .user_data = NULL,
};



#endif /*#if INTER_24*/

