/*******************************************************************************
 * Size: 36 px
 * Bpp: 4
 * Opts: --no-compress --format lvgl --bpp 4 --size 36 --font tools/.fontcache/Inter-SemiBold.ttf -r 0x20-0x7E,0xA0-0xFF,0x2013-0x2014,0x2018-0x201D,0x2022,0x2026,0x2190-0x2193,0x2212,0x2713,0x2717,0x00B7 --lv-include lvgl.h -o main/fonts/inter_semi_36.c --lv-font-name inter_semi_36
 ******************************************************************************/

#ifdef LV_LVGL_H_INCLUDE_SIMPLE
#include "lvgl.h"
#else
#include "lvgl.h"
#endif

#ifndef INTER_SEMI_36
#define INTER_SEMI_36 1
#endif

#if INTER_SEMI_36

/*-----------------
 *    BITMAPS
 *----------------*/

/*Store the image of the glyphs*/
static LV_ATTRIBUTE_LARGE_CONST const uint8_t glyph_bitmap[] = {
    /* U+0020 " " */

    /* U+0021 "!" */
    0xb, 0xff, 0xff, 0x40, 0xbf, 0xff, 0xf3, 0xa,
    0xff, 0xff, 0x30, 0xaf, 0xff, 0xf3, 0xa, 0xff,
    0xff, 0x20, 0x9f, 0xff, 0xf2, 0x9, 0xff, 0xff,
    0x20, 0x9f, 0xff, 0xf1, 0x9, 0xff, 0xff, 0x10,
    0x8f, 0xff, 0xf1, 0x8, 0xff, 0xff, 0x10, 0x8f,
    0xff, 0xf0, 0x7, 0xff, 0xff, 0x0, 0x7f, 0xff,
    0xf0, 0x7, 0xff, 0xff, 0x0, 0x7f, 0xff, 0xf0,
    0x6, 0xff, 0xff, 0x0, 0x6f, 0xff, 0xd0, 0x0,
    0x0, 0x0, 0x0, 0x0, 0x0, 0x0, 0x0, 0x38,
    0x61, 0x0, 0x7f, 0xff, 0xe1, 0xf, 0xff, 0xff,
    0x80, 0xff, 0xff, 0xf9, 0xb, 0xff, 0xff, 0x40,
    0x1a, 0xfe, 0x60,

    /* U+0022 "\"" */
    0x5f, 0xff, 0xf1, 0x4, 0xff, 0xff, 0x35, 0xff,
    0xff, 0x0, 0x3f, 0xff, 0xf2, 0x4f, 0xff, 0xf0,
    0x2, 0xff, 0xff, 0x13, 0xff, 0xff, 0x0, 0x2f,
    0xff, 0xf1, 0x3f, 0xff, 0xe0, 0x1, 0xff, 0xff,
    0x2, 0xff, 0xfd, 0x0, 0xf, 0xff, 0xf0, 0x1f,
    0xff, 0xd0, 0x0, 0xff, 0xfe, 0x1, 0xff, 0xfc,
    0x0, 0xf, 0xff, 0xe0, 0xf, 0xff, 0xb0, 0x0,
    0xef, 0xfd, 0x0, 0xff, 0xfb, 0x0, 0xd, 0xff,
    0xc0, 0x9, 0xaa, 0x60, 0x0, 0x8a, 0xa7, 0x0,

    /* U+0023 "#" */
    0x0, 0x0, 0x0, 0xc, 0xff, 0xc0, 0x0, 0x0,
    0x8f, 0xff, 0x0, 0x0, 0x0, 0x0, 0x0, 0xef,
    0xfa, 0x0, 0x0, 0xb, 0xff, 0xd0, 0x0, 0x0,
    0x0, 0x0, 0x1f, 0xff, 0x70, 0x0, 0x0, 0xef,
    0xfa, 0x0, 0x0, 0x0, 0x0, 0x4, 0xff, 0xf4,
    0x0, 0x0, 0x1f, 0xff, 0x70, 0x0, 0x0, 0x0,
    0x0, 0x7f, 0xff, 0x10, 0x0, 0x4, 0xff, 0xf4,
    0x0, 0x0, 0x0, 0x0, 0xa, 0xff, 0xe0, 0x0,
    0x0, 0x7f, 0xff, 0x10, 0x0, 0x0, 0x8f, 0xff,
    0xff, 0xff, 0xff, 0xff, 0xff, 0xff, 0xff, 0xff,
    0x90, 0xa, 0xff, 0xff, 0xff, 0xff, 0xff, 0xff,
    0xff, 0xff, 0xff, 0xf7, 0x0, 0xdf, 0xff, 0xff,
    0xff, 0xff, 0xff, 0xff, 0xff, 0xff, 0xff, 0x40,
    0x8, 0x99, 0xbf, 0xff, 0xa9, 0x99, 0x9a, 0xff,
    0xfb, 0x99, 0x91, 0x0, 0x0, 0x7, 0xff, 0xf1,
    0x0, 0x0, 0x4f, 0xff, 0x40, 0x0, 0x0, 0x0,
    0x0, 0xaf, 0xfe, 0x0, 0x0, 0x7, 0xff, 0xf1,
    0x0, 0x0, 0x0, 0x0, 0xc, 0xff, 0xc0, 0x0,
    0x0, 0x9f, 0xff, 0x0, 0x0, 0x0, 0x0, 0x0,
    0xff, 0xf9, 0x0, 0x0, 0xc, 0xff, 0xc0, 0x0,
    0x0, 0x0, 0x0, 0x1f, 0xff, 0x70, 0x0, 0x0,
    0xef, 0xfa, 0x0, 0x0, 0x0, 0x89, 0x9a, 0xff,
    0xfb, 0x99, 0x99, 0x9f, 0xff, 0xc9, 0x99, 0x10,
    0x1f, 0xff, 0xff, 0xff, 0xff, 0xff, 0xff, 0xff,
    0xff, 0xff, 0xf0, 0x4, 0xff, 0xff, 0xff, 0xff,
    0xff, 0xff, 0xff, 0xff, 0xff, 0xfd, 0x0, 0x7f,
    0xff, 0xff, 0xff, 0xff, 0xff, 0xff, 0xff, 0xff,
    0xff, 0xb0, 0x0, 0x0, 0xe, 0xff, 0xa0, 0x0,
    0x0, 0xbf, 0xfd, 0x0, 0x0, 0x0, 0x0, 0x1,
    0xff, 0xf7, 0x0, 0x0, 0xe, 0xff, 0xa0, 0x0,
    0x0, 0x0, 0x0, 0x3f, 0xff, 0x50, 0x0, 0x0,
    0xff, 0xf8, 0x0, 0x0, 0x0, 0x0, 0x6, 0xff,
    0xf2, 0x0, 0x0, 0x3f, 0xff, 0x50, 0x0, 0x0,
    0x0, 0x0, 0x8f, 0xff, 0x0, 0x0, 0x5, 0xff,
    0xf3, 0x0, 0x0, 0x0, 0x0, 0xb, 0xff, 0xd0,
    0x0, 0x0, 0x8f, 0xff, 0x0, 0x0, 0x0, 0x0,
    0x0, 0xdf, 0xfb, 0x0, 0x0, 0xa, 0xff, 0xe0,
    0x0, 0x0, 0x0,

    /* U+0024 "$" */
    0x0, 0x0, 0x0, 0x0, 0x3, 0xfe, 0x0, 0x0,
    0x0, 0x0, 0x0, 0x0, 0x0, 0x0, 0x0, 0x3f,
    0xe0, 0x0, 0x0, 0x0, 0x0, 0x0, 0x0, 0x0,
    0x0, 0x3, 0xfe, 0x0, 0x0, 0x0, 0x0, 0x0,
    0x0, 0x0, 0x0, 0x0, 0x4f, 0xe0, 0x0, 0x0,
    0x0, 0x0, 0x0, 0x0, 0x0, 0x4a, 0xdf, 0xff,
    0xed, 0xa4, 0x0, 0x0, 0x0, 0x0, 0x4, 0xdf,
    0xff, 0xff, 0xff, 0xff, 0xfd, 0x30, 0x0, 0x0,
    0x7, 0xff, 0xff, 0xff, 0xff, 0xff, 0xff, 0xff,
    0x50, 0x0, 0x5, 0xff, 0xff, 0xff, 0xff, 0xff,
    0xff, 0xff, 0xff, 0x30, 0x0, 0xef, 0xff, 0xfb,
    0x33, 0xfe, 0x4, 0xdf, 0xff, 0xfc, 0x0, 0x5f,
    0xff, 0xfb, 0x0, 0x3f, 0xe0, 0x0, 0xdf, 0xff,
    0xf1, 0x8, 0xff, 0xff, 0x40, 0x3, 0xfe, 0x0,
    0x5, 0xff, 0xff, 0x50, 0x9f, 0xff, 0xf2, 0x0,
    0x3f, 0xe0, 0x0, 0x3, 0x33, 0x31, 0x8, 0xff,
    0xff, 0x80, 0x3, 0xfe, 0x0, 0x0, 0x0, 0x0,
    0x0, 0x4f, 0xff, 0xff, 0x91, 0x3f, 0xe0, 0x0,
    0x0, 0x0, 0x0, 0x0, 0xcf, 0xff, 0xff, 0xfc,
    0xfe, 0x0, 0x0, 0x0, 0x0, 0x0, 0x2, 0xef,
    0xff, 0xff, 0xff, 0xfd, 0x94, 0x0, 0x0, 0x0,
    0x0, 0x1, 0xbf, 0xff, 0xff, 0xff, 0xff, 0xfe,
    0x80, 0x0, 0x0, 0x0, 0x0, 0x4a, 0xff, 0xff,
    0xff, 0xff, 0xff, 0xe3, 0x0, 0x0, 0x0, 0x0,
    0x0, 0x5a, 0xff, 0xff, 0xff, 0xff, 0xf3, 0x0,
    0x0, 0x0, 0x0, 0x0, 0x3f, 0xe6, 0xbf, 0xff,
    0xff, 0xe0, 0x0, 0x0, 0x0, 0x0, 0x3, 0xfe,
    0x0, 0x3d, 0xff, 0xff, 0x60, 0x0, 0x0, 0x0,
    0x0, 0x3f, 0xe0, 0x0, 0x3f, 0xff, 0xfa, 0x3c,
    0xcc, 0xc4, 0x0, 0x3, 0xfe, 0x0, 0x0, 0xff,
    0xff, 0xb2, 0xff, 0xff, 0x90, 0x0, 0x3f, 0xe0,
    0x0, 0x1f, 0xff, 0xfa, 0xe, 0xff, 0xff, 0x30,
    0x3, 0xfe, 0x0, 0xa, 0xff, 0xff, 0x70, 0x9f,
    0xff, 0xff, 0x81, 0x3f, 0xe0, 0x4c, 0xff, 0xff,
    0xf2, 0x1, 0xef, 0xff, 0xff, 0xfe, 0xff, 0xff,
    0xff, 0xff, 0xf9, 0x0, 0x3, 0xff, 0xff, 0xff,
    0xff, 0xff, 0xff, 0xff, 0xfc, 0x0, 0x0, 0x2,
    0xcf, 0xff, 0xff, 0xff, 0xff, 0xff, 0xf9, 0x0,
    0x0, 0x0, 0x0, 0x39, 0xce, 0xff, 0xff, 0xeb,
    0x71, 0x0, 0x0, 0x0, 0x0, 0x0, 0x0, 0x3,
    0xfe, 0x0, 0x0, 0x0, 0x0, 0x0, 0x0, 0x0,
    0x0, 0x0, 0x3f, 0xe0, 0x0, 0x0, 0x0, 0x0,
    0x0, 0x0, 0x0, 0x0, 0x3, 0xfe, 0x0, 0x0,
    0x0, 0x0, 0x0, 0x0, 0x0, 0x0, 0x0, 0x29,
    0x80, 0x0, 0x0, 0x0, 0x0,

    /* U+0025 "%" */
    0x0, 0x7, 0xdf, 0xfd, 0x81, 0x0, 0x0, 0x0,
    0x0, 0x0, 0x1, 0xff, 0xf5, 0x0, 0x0, 0x2,
    0xef, 0xff, 0xff, 0xfe, 0x30, 0x0, 0x0, 0x0,
    0x0, 0xc, 0xff, 0xa0, 0x0, 0x0, 0xd, 0xff,
    0xff, 0xff, 0xff, 0xe0, 0x0, 0x0, 0x0, 0x0,
    0x7f, 0xfe, 0x10, 0x0, 0x0, 0x4f, 0xff, 0x80,
    0x6, 0xff, 0xf5, 0x0, 0x0, 0x0, 0x2, 0xff,
    0xf4, 0x0, 0x0, 0x0, 0x6f, 0xff, 0x0, 0x0,
    0xdf, 0xf8, 0x0, 0x0, 0x0, 0xc, 0xff, 0x90,
    0x0, 0x0, 0x0, 0x7f, 0xfe, 0x0, 0x0, 0xcf,
    0xf9, 0x0, 0x0, 0x0, 0x8f, 0xfd, 0x0, 0x0,
    0x0, 0x0, 0x6f, 0xff, 0x0, 0x0, 0xdf, 0xf8,
    0x0, 0x0, 0x3, 0xff, 0xf3, 0x0, 0x0, 0x0,
    0x0, 0x4f, 0xff, 0x80, 0x6, 0xff, 0xf5, 0x0,
    0x0, 0xd, 0xff, 0x80, 0x0, 0x0, 0x0, 0x0,
    0xd, 0xff, 0xff, 0xff, 0xff, 0xe0, 0x0, 0x0,
    0x9f, 0xfc, 0x0, 0x0, 0x0, 0x0, 0x0, 0x2,
    0xef, 0xff, 0xff, 0xfe, 0x30, 0x0, 0x4, 0xff,
    0xf2, 0x0, 0x0, 0x0, 0x0, 0x0, 0x0, 0x18,
    0xdf, 0xfd, 0x81, 0x0, 0x0, 0x1e, 0xff, 0x60,
    0x0, 0x0, 0x0, 0x0, 0x0, 0x0, 0x0, 0x0,
    0x0, 0x0, 0x0, 0x0, 0xaf, 0xfb, 0x0, 0x0,
    0x0, 0x0, 0x0, 0x0, 0x0, 0x0, 0x0, 0x0,
    0x0, 0x0, 0x6, 0xff, 0xe1, 0x0, 0x0, 0x0,
    0x0, 0x0, 0x0, 0x0, 0x0, 0x0, 0x0, 0x0,
    0x0, 0x1f, 0xff, 0x50, 0x0, 0x4, 0xad, 0xdb,
    0x60, 0x0, 0x0, 0x0, 0x0, 0x0, 0x0, 0x0,
    0xcf, 0xfa, 0x0, 0x0, 0x9f, 0xff, 0xff, 0xfc,
    0x10, 0x0, 0x0, 0x0, 0x0, 0x0, 0x7, 0xff,
    0xe1, 0x0, 0x7, 0xff, 0xff, 0xff, 0xff, 0xa0,
    0x0, 0x0, 0x0, 0x0, 0x0, 0x2f, 0xff, 0x40,
    0x0, 0xe, 0xff, 0xc2, 0x19, 0xff, 0xf2, 0x0,
    0x0, 0x0, 0x0, 0x0, 0xcf, 0xf9, 0x0, 0x0,
    0x3f, 0xff, 0x20, 0x0, 0xef, 0xf7, 0x0, 0x0,
    0x0, 0x0, 0x8, 0xff, 0xd0, 0x0, 0x0, 0x5f,
    0xff, 0x0, 0x0, 0xcf, 0xf9, 0x0, 0x0, 0x0,
    0x0, 0x3f, 0xff, 0x30, 0x0, 0x0, 0x6f, 0xfe,
    0x0, 0x0, 0xbf, 0xfa, 0x0, 0x0, 0x0, 0x0,
    0xdf, 0xf8, 0x0, 0x0, 0x0, 0x6f, 0xff, 0x0,
    0x0, 0xcf, 0xf9, 0x0, 0x0, 0x0, 0x9, 0xff,
    0xc0, 0x0, 0x0, 0x0, 0x4f, 0xff, 0x20, 0x0,
    0xef, 0xf7, 0x0, 0x0, 0x0, 0x4f, 0xff, 0x20,
    0x0, 0x0, 0x0, 0xf, 0xff, 0xb1, 0x8, 0xff,
    0xf3, 0x0, 0x0, 0x1, 0xef, 0xf6, 0x0, 0x0,
    0x0, 0x0, 0x8, 0xff, 0xff, 0xff, 0xff, 0xb0,
    0x0, 0x0, 0xa, 0xff, 0xb0, 0x0, 0x0, 0x0,
    0x0, 0x0, 0xbf, 0xff, 0xff, 0xfd, 0x10, 0x0,
    0x0, 0x5f, 0xfe, 0x10, 0x0, 0x0, 0x0, 0x0,
    0x0, 0x6, 0xce, 0xfd, 0x70, 0x0,

    /* U+0026 "&" */
    0x0, 0x0, 0x0, 0x5b, 0xef, 0xec, 0x71, 0x0,
    0x0, 0x0, 0x0, 0x0, 0x0, 0x2, 0xcf, 0xff,
    0xff, 0xff, 0xe4, 0x0, 0x0, 0x0, 0x0, 0x0,
    0x1, 0xdf, 0xff, 0xff, 0xff, 0xff, 0xf3, 0x0,
    0x0, 0x0, 0x0, 0x0, 0x9f, 0xff, 0xff, 0xce,
    0xff, 0xff, 0xc0, 0x0, 0x0, 0x0, 0x0, 0xf,
    0xff, 0xfb, 0x10, 0x6, 0xff, 0xff, 0x10, 0x0,
    0x0, 0x0, 0x1, 0xff, 0xff, 0x10, 0x0, 0xc,
    0xff, 0xf4, 0x0, 0x0, 0x0, 0x0, 0x2f, 0xff,
    0xe0, 0x0, 0x0, 0xaf, 0xff, 0x30, 0x0, 0x0,
    0x0, 0x0, 0xff, 0xff, 0x10, 0x0, 0x1e, 0xff,
    0xf0, 0x0, 0x0, 0x0, 0x0, 0xc, 0xff, 0xf7,
    0x0, 0xc, 0xff, 0xf8, 0x0, 0x0, 0x0, 0x0,
    0x0, 0x4f, 0xff, 0xf2, 0x2d, 0xff, 0xfd, 0x0,
    0x0, 0x0, 0x0, 0x0, 0x0, 0xbf, 0xff, 0xef,
    0xff, 0xfd, 0x10, 0x0, 0x0, 0x0, 0x0, 0x0,
    0x1, 0xef, 0xff, 0xff, 0xfa, 0x0, 0x0, 0x0,
    0x0, 0x0, 0x0, 0x0, 0x3d, 0xff, 0xff, 0xf7,
    0x0, 0x0, 0x0, 0x0, 0x0, 0x0, 0x0, 0x6f,
    0xff, 0xff, 0xff, 0xd1, 0x0, 0x0, 0x55, 0x55,
    0x0, 0x0, 0x7f, 0xff, 0xff, 0xff, 0xff, 0xc0,
    0x0, 0xf, 0xff, 0xf0, 0x0, 0x5f, 0xff, 0xfe,
    0x37, 0xff, 0xff, 0xa0, 0x2, 0xff, 0xfe, 0x0,
    0xe, 0xff, 0xfe, 0x10, 0x8, 0xff, 0xff, 0x90,
    0x7f, 0xff, 0xb0, 0x3, 0xff, 0xff, 0x50, 0x0,
    0xa, 0xff, 0xff, 0x7d, 0xff, 0xf7, 0x0, 0x6f,
    0xff, 0xf1, 0x0, 0x0, 0xb, 0xff, 0xff, 0xff,
    0xff, 0x20, 0x6, 0xff, 0xff, 0x20, 0x0, 0x0,
    0xc, 0xff, 0xff, 0xff, 0xb0, 0x0, 0x3f, 0xff,
    0xf9, 0x0, 0x0, 0x0, 0x1d, 0xff, 0xff, 0xf2,
    0x0, 0x0, 0xef, 0xff, 0xf9, 0x10, 0x0, 0x29,
    0xff, 0xff, 0xfe, 0x10, 0x0, 0x6, 0xff, 0xff,
    0xff, 0xdc, 0xef, 0xff, 0xff, 0xff, 0xfc, 0x0,
    0x0, 0x8, 0xff, 0xff, 0xff, 0xff, 0xff, 0xff,
    0xff, 0xff, 0xf9, 0x0, 0x0, 0x5, 0xef, 0xff,
    0xff, 0xff, 0xff, 0xc2, 0x9f, 0xff, 0xf6, 0x0,
    0x0, 0x1, 0x6b, 0xdf, 0xfe, 0xc8, 0x20, 0x0,
    0xcf, 0xff, 0xf3,

    /* U+0027 "'" */
    0x5f, 0xff, 0xf1, 0x5f, 0xff, 0xf0, 0x4f, 0xff,
    0xf0, 0x3f, 0xff, 0xf0, 0x3f, 0xff, 0xe0, 0x2f,
    0xff, 0xd0, 0x1f, 0xff, 0xd0, 0x1f, 0xff, 0xc0,
    0xf, 0xff, 0xb0, 0xf, 0xff, 0xb0, 0x9, 0xaa,
    0x60,

    /* U+0028 "(" */
    0x0, 0x0, 0x5d, 0xdd, 0xb0, 0x0, 0x0, 0xef,
    0xff, 0x80, 0x0, 0x6, 0xff, 0xff, 0x10, 0x0,
    0xd, 0xff, 0xfa, 0x0, 0x0, 0x4f, 0xff, 0xf5,
    0x0, 0x0, 0xaf, 0xff, 0xf0, 0x0, 0x0, 0xef,
    0xff, 0xa0, 0x0, 0x3, 0xff, 0xff, 0x60, 0x0,
    0x8, 0xff, 0xff, 0x10, 0x0, 0xc, 0xff, 0xfe,
    0x0, 0x0, 0xf, 0xff, 0xfa, 0x0, 0x0, 0x2f,
    0xff, 0xf7, 0x0, 0x0, 0x5f, 0xff, 0xf5, 0x0,
    0x0, 0x7f, 0xff, 0xf2, 0x0, 0x0, 0x9f, 0xff,
    0xf0, 0x0, 0x0, 0xaf, 0xff, 0xf0, 0x0, 0x0,
    0xbf, 0xff, 0xf0, 0x0, 0x0, 0xbf, 0xff, 0xe0,
    0x0, 0x0, 0xbf, 0xff, 0xf0, 0x0, 0x0, 0xaf,
    0xff, 0xf0, 0x0, 0x0, 0x8f, 0xff, 0xf1, 0x0,
    0x0, 0x6f, 0xff, 0xf4, 0x0, 0x0, 0x3f, 0xff,
    0xf6, 0x0, 0x0, 0xf, 0xff, 0xfa, 0x0, 0x0,
    0xc, 0xff, 0xfe, 0x0, 0x0, 0x8, 0xff, 0xff,
    0x30, 0x0, 0x3, 0xff, 0xff, 0x80, 0x0, 0x0,
    0xdf, 0xff, 0xd0, 0x0, 0x0, 0x7f, 0xff, 0xf3,
    0x0, 0x0, 0x1f, 0xff, 0xf9, 0x0, 0x0, 0x8,
    0xff, 0xff, 0x0, 0x0, 0x1, 0xff, 0xff, 0x60,
    0x0, 0x0, 0x7f, 0xff, 0xd0,

    /* U+0029 ")" */
    0x6d, 0xdd, 0xb0, 0x0, 0x0, 0x1f, 0xff, 0xf5,
    0x0, 0x0, 0xa, 0xff, 0xfd, 0x0, 0x0, 0x4,
    0xff, 0xff, 0x40, 0x0, 0x0, 0xef, 0xff, 0xb0,
    0x0, 0x0, 0x8f, 0xff, 0xf1, 0x0, 0x0, 0x4f,
    0xff, 0xf5, 0x0, 0x0, 0xf, 0xff, 0xfa, 0x0,
    0x0, 0xb, 0xff, 0xff, 0x0, 0x0, 0x7, 0xff,
    0xff, 0x20, 0x0, 0x4, 0xff, 0xff, 0x60, 0x0,
    0x0, 0xff, 0xff, 0x90, 0x0, 0x0, 0xef, 0xff,
    0xb0, 0x0, 0x0, 0xcf, 0xff, 0xe0, 0x0, 0x0,
    0xaf, 0xff, 0xf0, 0x0, 0x0, 0x9f, 0xff, 0xf1,
    0x0, 0x0, 0x8f, 0xff, 0xf1, 0x0, 0x0, 0x7f,
    0xff, 0xf2, 0x0, 0x0, 0x8f, 0xff, 0xf1, 0x0,
    0x0, 0x9f, 0xff, 0xf0, 0x0, 0x0, 0xbf, 0xff,
    0xf0, 0x0, 0x0, 0xdf, 0xff, 0xd0, 0x0, 0x0,
    0xff, 0xff, 0xa0, 0x0, 0x4, 0xff, 0xff, 0x70,
    0x0, 0x7, 0xff, 0xff, 0x30, 0x0, 0xc, 0xff,
    0xfe, 0x0, 0x0, 0x1f, 0xff, 0xf9, 0x0, 0x0,
    0x6f, 0xff, 0xf4, 0x0, 0x0, 0xcf, 0xff, 0xd0,
    0x0, 0x2, 0xff, 0xff, 0x70, 0x0, 0x9, 0xff,
    0xfe, 0x0, 0x0, 0xf, 0xff, 0xf7, 0x0, 0x0,
    0x6f, 0xff, 0xd0, 0x0, 0x0,

    /* U+002A "*" */
    0x0, 0x0, 0x0, 0xdf, 0xf3, 0x0, 0x0, 0x0,
    0x0, 0x0, 0xc, 0xff, 0x20, 0x0, 0x0, 0x1,
    0x60, 0x0, 0xbf, 0xf1, 0x0, 0x24, 0x0, 0x8f,
    0xb2, 0xa, 0xff, 0x0, 0x7f, 0xe1, 0x2f, 0xff,
    0xf6, 0x9f, 0xf2, 0xcf, 0xff, 0x81, 0x8f, 0xff,
    0xff, 0xff, 0xff, 0xff, 0xc4, 0x0, 0x19, 0xff,
    0xff, 0xff, 0xfc, 0x40, 0x0, 0x0, 0x5, 0xff,
    0xff, 0xfb, 0x0, 0x0, 0x0, 0x3b, 0xff, 0xff,
    0xff, 0xfe, 0x70, 0x2, 0xbf, 0xff, 0xfe, 0xff,
    0xef, 0xff, 0xe6, 0x1f, 0xff, 0xd3, 0x9f, 0xf1,
    0x9f, 0xff, 0x70, 0x7f, 0x80, 0xa, 0xff, 0x10,
    0x4d, 0xd0, 0x0, 0x30, 0x0, 0xbf, 0xf2, 0x0,
    0x2, 0x0, 0x0, 0x0, 0xc, 0xff, 0x20, 0x0,
    0x0, 0x0, 0x0, 0x0, 0xac, 0xc2, 0x0, 0x0,
    0x0,

    /* U+002B "+" */
    0x0, 0x0, 0x0, 0xe, 0xff, 0xf1, 0x0, 0x0,
    0x0, 0x0, 0x0, 0x0, 0xe, 0xff, 0xf1, 0x0,
    0x0, 0x0, 0x0, 0x0, 0x0, 0xe, 0xff, 0xf1,
    0x0, 0x0, 0x0, 0x0, 0x0, 0x0, 0xe, 0xff,
    0xf1, 0x0, 0x0, 0x0, 0x0, 0x0, 0x0, 0xe,
    0xff, 0xf1, 0x0, 0x0, 0x0, 0x0, 0x0, 0x0,
    0xe, 0xff, 0xf1, 0x0, 0x0, 0x0, 0x0, 0x0,
    0x0, 0xe, 0xff, 0xf1, 0x0, 0x0, 0x0, 0xbf,
    0xff, 0xff, 0xff, 0xff, 0xff, 0xff, 0xff, 0xff,
    0xbf, 0xff, 0xff, 0xff, 0xff, 0xff, 0xff, 0xff,
    0xff, 0xbf, 0xff, 0xff, 0xff, 0xff, 0xff, 0xff,
    0xff, 0xff, 0x8c, 0xcc, 0xcc, 0xcf, 0xff, 0xfc,
    0xcc, 0xcc, 0xcb, 0x0, 0x0, 0x0, 0xe, 0xff,
    0xf1, 0x0, 0x0, 0x0, 0x0, 0x0, 0x0, 0xe,
    0xff, 0xf1, 0x0, 0x0, 0x0, 0x0, 0x0, 0x0,
    0xe, 0xff, 0xf1, 0x0, 0x0, 0x0, 0x0, 0x0,
    0x0, 0xe, 0xff, 0xf1, 0x0, 0x0, 0x0, 0x0,
    0x0, 0x0, 0xe, 0xff, 0xf1, 0x0, 0x0, 0x0,
    0x0, 0x0, 0x0, 0xe, 0xff, 0xf1, 0x0, 0x0,
    0x0, 0x0, 0x0, 0x0, 0xa, 0xcc, 0xc1, 0x0,
    0x0, 0x0,

    /* U+002C "," */
    0x3, 0xaa, 0xaa, 0x30, 0x7f, 0xff, 0xf1, 0x9,
    0xff, 0xfc, 0x0, 0xcf, 0xff, 0x80, 0xe, 0xff,
    0xf3, 0x0, 0xff, 0xfe, 0x0, 0x3f, 0xff, 0xa0,
    0x5, 0xff, 0xf5, 0x0, 0x7f, 0xff, 0x10, 0xa,
    0xff, 0xc0, 0x0, 0xcf, 0xf8, 0x0, 0x0,

    /* U+002D "-" */
    0x6c, 0xcc, 0xcc, 0xcc, 0xcc, 0xcc, 0x38, 0xff,
    0xff, 0xff, 0xff, 0xff, 0xf4, 0x8f, 0xff, 0xff,
    0xff, 0xff, 0xff, 0x48, 0xff, 0xff, 0xff, 0xff,
    0xff, 0xf4,

    /* U+002E "." */
    0x0, 0x49, 0x71, 0x0, 0x7f, 0xff, 0xd0, 0xf,
    0xff, 0xff, 0x60, 0xff, 0xff, 0xf7, 0xb, 0xff,
    0xff, 0x30, 0x1a, 0xfd, 0x50,

    /* U+002F "/" */
    0x0, 0x0, 0x0, 0x0, 0x7, 0x88, 0x70, 0x0,
    0x0, 0x0, 0x0, 0x3f, 0xff, 0xc0, 0x0, 0x0,
    0x0, 0x0, 0x8f, 0xff, 0x80, 0x0, 0x0, 0x0,
    0x0, 0xcf, 0xff, 0x30, 0x0, 0x0, 0x0, 0x0,
    0xff, 0xff, 0x0, 0x0, 0x0, 0x0, 0x4, 0xff,
    0xfb, 0x0, 0x0, 0x0, 0x0, 0x9, 0xff, 0xf7,
    0x0, 0x0, 0x0, 0x0, 0xd, 0xff, 0xf2, 0x0,
    0x0, 0x0, 0x0, 0x1f, 0xff, 0xe0, 0x0, 0x0,
    0x0, 0x0, 0x6f, 0xff, 0xa0, 0x0, 0x0, 0x0,
    0x0, 0xaf, 0xff, 0x50, 0x0, 0x0, 0x0, 0x0,
    0xef, 0xff, 0x10, 0x0, 0x0, 0x0, 0x2, 0xff,
    0xfd, 0x0, 0x0, 0x0, 0x0, 0x7, 0xff, 0xf9,
    0x0, 0x0, 0x0, 0x0, 0xb, 0xff, 0xf4, 0x0,
    0x0, 0x0, 0x0, 0xf, 0xff, 0xf0, 0x0, 0x0,
    0x0, 0x0, 0x4f, 0xff, 0xc0, 0x0, 0x0, 0x0,
    0x0, 0x8f, 0xff, 0x70, 0x0, 0x0, 0x0, 0x0,
    0xcf, 0xff, 0x30, 0x0, 0x0, 0x0, 0x1, 0xff,
    0xff, 0x0, 0x0, 0x0, 0x0, 0x5, 0xff, 0xfb,
    0x0, 0x0, 0x0, 0x0, 0x9, 0xff, 0xf6, 0x0,
    0x0, 0x0, 0x0, 0xd, 0xff, 0xf2, 0x0, 0x0,
    0x0, 0x0, 0x2f, 0xff, 0xe0, 0x0, 0x0, 0x0,
    0x0, 0x6f, 0xff, 0x90, 0x0, 0x0, 0x0, 0x0,
    0xaf, 0xff, 0x50, 0x0, 0x0, 0x0, 0x0, 0xef,
    0xff, 0x10, 0x0, 0x0, 0x0, 0x3, 0xff, 0xfd,
    0x0, 0x0, 0x0, 0x0, 0x7, 0xff, 0xf8, 0x0,
    0x0, 0x0, 0x0, 0xb, 0xff, 0xf4, 0x0, 0x0,
    0x0, 0x0, 0xf, 0xff, 0xf0, 0x0, 0x0, 0x0,
    0x0, 0x4f, 0xff, 0xb0, 0x0, 0x0, 0x0, 0x0,

    /* U+0030 "0" */
    0x0, 0x0, 0x0, 0x16, 0xbd, 0xff, 0xda, 0x50,
    0x0, 0x0, 0x0, 0x0, 0x0, 0x6f, 0xff, 0xff,
    0xff, 0xff, 0xd4, 0x0, 0x0, 0x0, 0x0, 0x9f,
    0xff, 0xff, 0xff, 0xff, 0xff, 0xf6, 0x0, 0x0,
    0x0, 0x8f, 0xff, 0xff, 0xff, 0xff, 0xff, 0xff,
    0xf4, 0x0, 0x0, 0x3f, 0xff, 0xff, 0xa2, 0x0,
    0x4c, 0xff, 0xff, 0xe0, 0x0, 0xb, 0xff, 0xff,
    0x80, 0x0, 0x0, 0xc, 0xff, 0xff, 0x70, 0x2,
    0xff, 0xff, 0xd0, 0x0, 0x0, 0x0, 0x1f, 0xff,
    0xfd, 0x0, 0x7f, 0xff, 0xf6, 0x0, 0x0, 0x0,
    0x0, 0xaf, 0xff, 0xf3, 0xb, 0xff, 0xff, 0x10,
    0x0, 0x0, 0x0, 0x5, 0xff, 0xff, 0x70, 0xef,
    0xff, 0xd0, 0x0, 0x0, 0x0, 0x0, 0x1f, 0xff,
    0xfa, 0xf, 0xff, 0xfb, 0x0, 0x0, 0x0, 0x0,
    0x0, 0xff, 0xff, 0xc1, 0xff, 0xff, 0x90, 0x0,
    0x0, 0x0, 0x0, 0xd, 0xff, 0xfd, 0x2f, 0xff,
    0xf9, 0x0, 0x0, 0x0, 0x0, 0x0, 0xdf, 0xff,
    0xe2, 0xff, 0xff, 0x90, 0x0, 0x0, 0x0, 0x0,
    0xd, 0xff, 0xfe, 0x1f, 0xff, 0xf9, 0x0, 0x0,
    0x0, 0x0, 0x0, 0xdf, 0xff, 0xd0, 0xff, 0xff,
    0xb0, 0x0, 0x0, 0x0, 0x0, 0xf, 0xff, 0xfc,
    0xe, 0xff, 0xfd, 0x0, 0x0, 0x0, 0x0, 0x1,
    0xff, 0xff, 0xa0, 0xbf, 0xff, 0xf1, 0x0, 0x0,
    0x0, 0x0, 0x5f, 0xff, 0xf7, 0x8, 0xff, 0xff,
    0x60, 0x0, 0x0, 0x0, 0xa, 0xff, 0xff, 0x30,
    0x2f, 0xff, 0xfd, 0x0, 0x0, 0x0, 0x1, 0xff,
    0xff, 0xe0, 0x0, 0xcf, 0xff, 0xf8, 0x0, 0x0,
    0x0, 0xcf, 0xff, 0xf8, 0x0, 0x3, 0xff, 0xff,
    0xfa, 0x30, 0x4, 0xcf, 0xff, 0xfe, 0x0, 0x0,
    0x9, 0xff, 0xff, 0xff, 0xff, 0xff, 0xff, 0xff,
    0x50, 0x0, 0x0, 0xa, 0xff, 0xff, 0xff, 0xff,
    0xff, 0xff, 0x60, 0x0, 0x0, 0x0, 0x7, 0xff,
    0xff, 0xff, 0xff, 0xfd, 0x40, 0x0, 0x0, 0x0,
    0x0, 0x1, 0x6b, 0xdf, 0xfd, 0xa5, 0x0, 0x0,
    0x0,

    /* U+0031 "1" */
    0x0, 0x0, 0x5, 0xff, 0xff, 0xf9, 0x0, 0x0,
    0xaf, 0xff, 0xff, 0xf9, 0x0, 0x3e, 0xff, 0xff,
    0xff, 0xf9, 0x8, 0xff, 0xff, 0xff, 0xff, 0xf9,
    0x5f, 0xff, 0xff, 0x6f, 0xff, 0xf9, 0x5f, 0xff,
    0xc1, 0xf, 0xff, 0xf9, 0x5f, 0xf7, 0x0, 0xf,
    0xff, 0xf9, 0x5d, 0x30, 0x0, 0xf, 0xff, 0xf9,
    0x20, 0x0, 0x0, 0xf, 0xff, 0xf9, 0x0, 0x0,
    0x0, 0xf, 0xff, 0xf9, 0x0, 0x0, 0x0, 0xf,
    0xff, 0xf9, 0x0, 0x0, 0x0, 0xf, 0xff, 0xf9,
    0x0, 0x0, 0x0, 0xf, 0xff, 0xf9, 0x0, 0x0,
    0x0, 0xf, 0xff, 0xf9, 0x0, 0x0, 0x0, 0xf,
    0xff, 0xf9, 0x0, 0x0, 0x0, 0xf, 0xff, 0xf9,
    0x0, 0x0, 0x0, 0xf, 0xff, 0xf9, 0x0, 0x0,
    0x0, 0xf, 0xff, 0xf9, 0x0, 0x0, 0x0, 0xf,
    0xff, 0xf9, 0x0, 0x0, 0x0, 0xf, 0xff, 0xf9,
    0x0, 0x0, 0x0, 0xf, 0xff, 0xf9, 0x0, 0x0,
    0x0, 0xf, 0xff, 0xf9, 0x0, 0x0, 0x0, 0xf,
    0xff, 0xf9, 0x0, 0x0, 0x0, 0xf, 0xff, 0xf9,
    0x0, 0x0, 0x0, 0xf, 0xff, 0xf9, 0x0, 0x0,
    0x0, 0xf, 0xff, 0xf9,

    /* U+0032 "2" */
    0x0, 0x0, 0x5, 0xad, 0xff, 0xdb, 0x61, 0x0,
    0x0, 0x0, 0x0, 0x5e, 0xff, 0xff, 0xff, 0xff,
    0xf7, 0x0, 0x0, 0x0, 0x8f, 0xff, 0xff, 0xff,
    0xff, 0xff, 0xfc, 0x0, 0x0, 0x6f, 0xff, 0xff,
    0xfe, 0xef, 0xff, 0xff, 0xfa, 0x0, 0x1f, 0xff,
    0xff, 0x81, 0x0, 0x18, 0xff, 0xff, 0xf3, 0x6,
    0xff, 0xff, 0x70, 0x0, 0x0, 0x5, 0xff, 0xff,
    0x90, 0xaf, 0xff, 0xe0, 0x0, 0x0, 0x0, 0xd,
    0xff, 0xfc, 0xb, 0xff, 0xfb, 0x0, 0x0, 0x0,
    0x0, 0xaf, 0xff, 0xd0, 0x1, 0x11, 0x0, 0x0,
    0x0, 0x0, 0xc, 0xff, 0xfc, 0x0, 0x0, 0x0,
    0x0, 0x0, 0x0, 0x1, 0xff, 0xff, 0x80, 0x0,
    0x0, 0x0, 0x0, 0x0, 0x0, 0x8f, 0xff, 0xf2,
    0x0, 0x0, 0x0, 0x0, 0x0, 0x0, 0x5f, 0xff,
    0xfa, 0x0, 0x0, 0x0, 0x0, 0x0, 0x0, 0x3f,
    0xff, 0xfe, 0x10, 0x0, 0x0, 0x0, 0x0, 0x0,
    0x3f, 0xff, 0xff, 0x30, 0x0, 0x0, 0x0, 0x0,
    0x0, 0x3e, 0xff, 0xff, 0x50, 0x0, 0x0, 0x0,
    0x0, 0x0, 0x3f, 0xff, 0xff, 0x60, 0x0, 0x0,
    0x0, 0x0, 0x0, 0x4f, 0xff, 0xff, 0x60, 0x0,
    0x0, 0x0, 0x0, 0x0, 0x5f, 0xff, 0xff, 0x50,
    0x0, 0x0, 0x0, 0x0, 0x0, 0x5f, 0xff, 0xff,
    0x50, 0x0, 0x0, 0x0, 0x0, 0x0, 0x6f, 0xff,
    0xff, 0x50, 0x0, 0x0, 0x0, 0x0, 0x0, 0x6f,
    0xff, 0xff, 0x50, 0x0, 0x0, 0x0, 0x0, 0x0,
    0x7f, 0xff, 0xff, 0x50, 0x0, 0x0, 0x0, 0x0,
    0x0, 0x7f, 0xff, 0xff, 0xff, 0xff, 0xff, 0xff,
    0xff, 0xff, 0x4a, 0xff, 0xff, 0xff, 0xff, 0xff,
    0xff, 0xff, 0xff, 0xf4, 0xaf, 0xff, 0xff, 0xff,
    0xff, 0xff, 0xff, 0xff, 0xff, 0x4a, 0xff, 0xff,
    0xff, 0xff, 0xff, 0xff, 0xff, 0xff, 0xf4,

    /* U+0033 "3" */
    0x0, 0x0, 0x0, 0x49, 0xce, 0xfe, 0xd9, 0x40,
    0x0, 0x0, 0x0, 0x0, 0x4, 0xdf, 0xff, 0xff,
    0xff, 0xff, 0xc3, 0x0, 0x0, 0x0, 0x7, 0xff,
    0xff, 0xff, 0xff, 0xff, 0xff, 0xf4, 0x0, 0x0,
    0x6, 0xff, 0xff, 0xff, 0xfe, 0xff, 0xff, 0xff,
    0xf2, 0x0, 0x0, 0xff, 0xff, 0xfa, 0x30, 0x0,
    0x4c, 0xff, 0xff, 0xb0, 0x0, 0x5f, 0xff, 0xf7,
    0x0, 0x0, 0x0, 0xd, 0xff, 0xff, 0x0, 0x8,
    0xff, 0xfe, 0x0, 0x0, 0x0, 0x0, 0x7f, 0xff,
    0xf1, 0x0, 0x0, 0x0, 0x0, 0x0, 0x0, 0x0,
    0x7, 0xff, 0xff, 0x10, 0x0, 0x0, 0x0, 0x0,
    0x0, 0x0, 0x0, 0xdf, 0xff, 0xd0, 0x0, 0x0,
    0x0, 0x0, 0x0, 0x0, 0x2, 0xbf, 0xff, 0xf4,
    0x0, 0x0, 0x0, 0x0, 0x3, 0xaa, 0xbd, 0xff,
    0xff, 0xf6, 0x0, 0x0, 0x0, 0x0, 0x0, 0x5f,
    0xff, 0xff, 0xfe, 0x92, 0x0, 0x0, 0x0, 0x0,
    0x0, 0x5, 0xff, 0xff, 0xff, 0xd9, 0x40, 0x0,
    0x0, 0x0, 0x0, 0x0, 0x5f, 0xff, 0xff, 0xff,
    0xff, 0xb1, 0x0, 0x0, 0x0, 0x0, 0x0, 0x0,
    0x2, 0x6d, 0xff, 0xff, 0xc0, 0x0, 0x0, 0x0,
    0x0, 0x0, 0x0, 0x0, 0xc, 0xff, 0xff, 0x70,
    0x0, 0x0, 0x0, 0x0, 0x0, 0x0, 0x0, 0x1f,
    0xff, 0xfd, 0x0, 0x0, 0x0, 0x0, 0x0, 0x0,
    0x0, 0x0, 0xcf, 0xff, 0xf0, 0x8, 0x88, 0x85,
    0x0, 0x0, 0x0, 0x0, 0xc, 0xff, 0xff, 0x10,
    0xff, 0xff, 0xd0, 0x0, 0x0, 0x0, 0x1, 0xff,
    0xff, 0xf0, 0xc, 0xff, 0xff, 0x70, 0x0, 0x0,
    0x0, 0xaf, 0xff, 0xfb, 0x0, 0x5f, 0xff, 0xff,
    0xb4, 0x10, 0x14, 0xcf, 0xff, 0xff, 0x40, 0x0,
    0xbf, 0xff, 0xff, 0xff, 0xff, 0xff, 0xff, 0xff,
    0x90, 0x0, 0x0, 0xbf, 0xff, 0xff, 0xff, 0xff,
    0xff, 0xff, 0xa0, 0x0, 0x0, 0x0, 0x7f, 0xff,
    0xff, 0xff, 0xff, 0xfe, 0x50, 0x0, 0x0, 0x0,
    0x0, 0x15, 0xad, 0xef, 0xec, 0x94, 0x0, 0x0,
    0x0,

    /* U+0034 "4" */
    0x0, 0x0, 0x0, 0x0, 0x0, 0x4, 0xff, 0xff,
    0xfd, 0x0, 0x0, 0x0, 0x0, 0x0, 0x0, 0x0,
    0xe, 0xff, 0xff, 0xfd, 0x0, 0x0, 0x0, 0x0,
    0x0, 0x0, 0x0, 0x9f, 0xff, 0xff, 0xfd, 0x0,
    0x0, 0x0, 0x0, 0x0, 0x0, 0x4, 0xff, 0xff,
    0xff, 0xfd, 0x0, 0x0, 0x0, 0x0, 0x0, 0x0,
    0xd, 0xff, 0xff, 0xff, 0xfd, 0x0, 0x0, 0x0,
    0x0, 0x0, 0x0, 0x8f, 0xff, 0xfb, 0xff, 0xfd,
    0x0, 0x0, 0x0, 0x0, 0x0, 0x3, 0xff, 0xff,
    0x69, 0xff, 0xfd, 0x0, 0x0, 0x0, 0x0, 0x0,
    0xd, 0xff, 0xfc, 0x9, 0xff, 0xfd, 0x0, 0x0,
    0x0, 0x0, 0x0, 0x7f, 0xff, 0xf2, 0x9, 0xff,
    0xfd, 0x0, 0x0, 0x0, 0x0, 0x2, 0xff, 0xff,
    0x80, 0x9, 0xff, 0xfd, 0x0, 0x0, 0x0, 0x0,
    0xc, 0xff, 0xfd, 0x0, 0x9, 0xff, 0xfd, 0x0,
    0x0, 0x0, 0x0, 0x6f, 0xff, 0xf3, 0x0, 0x9,
    0xff, 0xfd, 0x0, 0x0, 0x0, 0x1, 0xff, 0xff,
    0x90, 0x0, 0x9, 0xff, 0xfd, 0x0, 0x0, 0x0,
    0xb, 0xff, 0xfe, 0x10, 0x0, 0x9, 0xff, 0xfd,
    0x0, 0x0, 0x0, 0x5f, 0xff, 0xf5, 0x0, 0x0,
    0x9, 0xff, 0xfd, 0x0, 0x0, 0x1, 0xef, 0xff,
    0xb0, 0x0, 0x0, 0x9, 0xff, 0xfd, 0x0, 0x0,
    0xa, 0xff, 0xff, 0x10, 0x0, 0x0, 0x9, 0xff,
    0xfd, 0x0, 0x0, 0x1f, 0xff, 0xff, 0xee, 0xee,
    0xee, 0xef, 0xff, 0xff, 0xee, 0xe3, 0x2f, 0xff,
    0xff, 0xff, 0xff, 0xff, 0xff, 0xff, 0xff, 0xff,
    0xf3, 0x2f, 0xff, 0xff, 0xff, 0xff, 0xff, 0xff,
    0xff, 0xff, 0xff, 0xf3, 0x2f, 0xff, 0xff, 0xff,
    0xff, 0xff, 0xff, 0xff, 0xff, 0xff, 0xf3, 0x0,
    0x0, 0x0, 0x0, 0x0, 0x0, 0xa, 0xff, 0xfd,
    0x0, 0x0, 0x0, 0x0, 0x0, 0x0, 0x0, 0x0,
    0xa, 0xff, 0xfd, 0x0, 0x0, 0x0, 0x0, 0x0,
    0x0, 0x0, 0x0, 0xa, 0xff, 0xfd, 0x0, 0x0,
    0x0, 0x0, 0x0, 0x0, 0x0, 0x0, 0xa, 0xff,
    0xfd, 0x0, 0x0, 0x0, 0x0, 0x0, 0x0, 0x0,
    0x0, 0xa, 0xff, 0xfd, 0x0, 0x0,

    /* U+0035 "5" */
    0x0, 0x5f, 0xff, 0xff, 0xff, 0xff, 0xff, 0xff,
    0xfd, 0x0, 0x0, 0x7f, 0xff, 0xff, 0xff, 0xff,
    0xff, 0xff, 0xfd, 0x0, 0x0, 0x8f, 0xff, 0xff,
    0xff, 0xff, 0xff, 0xff, 0xfd, 0x0, 0x0, 0xaf,
    0xff, 0xff, 0xff, 0xff, 0xff, 0xff, 0xfd, 0x0,
    0x0, 0xcf, 0xff, 0x80, 0x0, 0x0, 0x0, 0x0,
    0x0, 0x0, 0x0, 0xef, 0xff, 0x60, 0x0, 0x0,
    0x0, 0x0, 0x0, 0x0, 0x0, 0xff, 0xff, 0x40,
    0x0, 0x0, 0x0, 0x0, 0x0, 0x0, 0x1, 0xff,
    0xff, 0x20, 0x0, 0x0, 0x0, 0x0, 0x0, 0x0,
    0x3, 0xff, 0xff, 0x10, 0x37, 0x99, 0x84, 0x0,
    0x0, 0x0, 0x4, 0xff, 0xff, 0x2c, 0xff, 0xff,
    0xff, 0xd4, 0x0, 0x0, 0x6, 0xff, 0xff, 0xff,
    0xff, 0xff, 0xff, 0xff, 0x80, 0x0, 0x8, 0xff,
    0xff, 0xff, 0xff, 0xff, 0xff, 0xff, 0xf6, 0x0,
    0x9, 0xff, 0xff, 0xe6, 0x20, 0x15, 0xcf, 0xff,
    0xff, 0x20, 0x0, 0x14, 0x78, 0x0, 0x0, 0x0,
    0xb, 0xff, 0xff, 0x90, 0x0, 0x0, 0x0, 0x0,
    0x0, 0x0, 0x0, 0xef, 0xff, 0xe0, 0x0, 0x0,
    0x0, 0x0, 0x0, 0x0, 0x0, 0x8f, 0xff, 0xf1,
    0x0, 0x0, 0x0, 0x0, 0x0, 0x0, 0x0, 0x5f,
    0xff, 0xf3, 0x0, 0x0, 0x0, 0x0, 0x0, 0x0,
    0x0, 0x5f, 0xff, 0xf3, 0x17, 0x77, 0x73, 0x0,
    0x0, 0x0, 0x0, 0x7f, 0xff, 0xf1, 0xf, 0xff,
    0xf9, 0x0, 0x0, 0x0, 0x0, 0xdf, 0xff, 0xe0,
    0xc, 0xff, 0xff, 0x30, 0x0, 0x0, 0x8, 0xff,
    0xff, 0x90, 0x6, 0xff, 0xff, 0xf7, 0x0, 0x1,
    0x9f, 0xff, 0xff, 0x20, 0x0, 0xcf, 0xff, 0xff,
    0xfe, 0xef, 0xff, 0xff, 0xf6, 0x0, 0x0, 0xc,
    0xff, 0xff, 0xff, 0xff, 0xff, 0xff, 0x80, 0x0,
    0x0, 0x0, 0x8f, 0xff, 0xff, 0xff, 0xff, 0xe4,
    0x0, 0x0, 0x0, 0x0, 0x1, 0x7b, 0xdf, 0xfe,
    0xa6, 0x0, 0x0, 0x0,

    /* U+0036 "6" */
    0x0, 0x0, 0x0, 0x5, 0xad, 0xff, 0xdb, 0x61,
    0x0, 0x0, 0x0, 0x0, 0x0, 0x4d, 0xff, 0xff,
    0xff, 0xff, 0xf7, 0x0, 0x0, 0x0, 0x0, 0x6f,
    0xff, 0xff, 0xff, 0xff, 0xff, 0xfa, 0x0, 0x0,
    0x0, 0x4f, 0xff, 0xff, 0xff, 0xff, 0xff, 0xff,
    0xf9, 0x0, 0x0, 0x1e, 0xff, 0xff, 0xb5, 0x22,
    0x4a, 0xff, 0xff, 0xf3, 0x0, 0x8, 0xff, 0xff,
    0x70, 0x0, 0x0, 0x6, 0xff, 0xff, 0x90, 0x0,
    0xff, 0xff, 0xa0, 0x0, 0x0, 0x0, 0xa, 0xcc,
    0xca, 0x0, 0x5f, 0xff, 0xf2, 0x0, 0x0, 0x0,
    0x0, 0x0, 0x0, 0x0, 0x9, 0xff, 0xfd, 0x0,
    0x2, 0x68, 0x97, 0x40, 0x0, 0x0, 0x0, 0xdf,
    0xff, 0x90, 0x2b, 0xff, 0xff, 0xff, 0xd4, 0x0,
    0x0, 0xf, 0xff, 0xf7, 0x4f, 0xff, 0xff, 0xff,
    0xff, 0xf7, 0x0, 0x1, 0xff, 0xff, 0x8e, 0xff,
    0xff, 0xff, 0xff, 0xff, 0xf6, 0x0, 0x2f, 0xff,
    0xff, 0xff, 0xa3, 0x1, 0x5c, 0xff, 0xff, 0xf1,
    0x2, 0xff, 0xff, 0xff, 0x60, 0x0, 0x0, 0xb,
    0xff, 0xff, 0x90, 0x2f, 0xff, 0xff, 0x90, 0x0,
    0x0, 0x0, 0x1e, 0xff, 0xfe, 0x1, 0xff, 0xff,
    0xf2, 0x0, 0x0, 0x0, 0x0, 0x9f, 0xff, 0xf1,
    0xf, 0xff, 0xff, 0x0, 0x0, 0x0, 0x0, 0x6,
    0xff, 0xff, 0x30, 0xdf, 0xff, 0xf0, 0x0, 0x0,
    0x0, 0x0, 0x6f, 0xff, 0xf2, 0xa, 0xff, 0xff,
    0x10, 0x0, 0x0, 0x0, 0x8, 0xff, 0xff, 0x10,
    0x5f, 0xff, 0xf8, 0x0, 0x0, 0x0, 0x0, 0xef,
    0xff, 0xe0, 0x0, 0xef, 0xff, 0xf3, 0x0, 0x0,
    0x0, 0xaf, 0xff, 0xf8, 0x0, 0x6, 0xff, 0xff,
    0xf7, 0x0, 0x2, 0xbf, 0xff, 0xff, 0x10, 0x0,
    0xb, 0xff, 0xff, 0xff, 0xee, 0xff, 0xff, 0xff,
    0x50, 0x0, 0x0, 0x1c, 0xff, 0xff, 0xff, 0xff,
    0xff, 0xff, 0x70, 0x0, 0x0, 0x0, 0x8, 0xff,
    0xff, 0xff, 0xff, 0xfe, 0x40, 0x0, 0x0, 0x0,
    0x0, 0x1, 0x7b, 0xef, 0xfd, 0xa5, 0x0, 0x0,
    0x0,

    /* U+0037 "7" */
    0x8f, 0xff, 0xff, 0xff, 0xff, 0xff, 0xff, 0xff,
    0xff, 0x48, 0xff, 0xff, 0xff, 0xff, 0xff, 0xff,
    0xff, 0xff, 0xf4, 0x8f, 0xff, 0xff, 0xff, 0xff,
    0xff, 0xff, 0xff, 0xff, 0x48, 0xff, 0xff, 0xff,
    0xff, 0xff, 0xff, 0xff, 0xff, 0xf4, 0x0, 0x0,
    0x0, 0x0, 0x0, 0x0, 0xd, 0xff, 0xff, 0x10,
    0x0, 0x0, 0x0, 0x0, 0x0, 0x5, 0xff, 0xff,
    0x80, 0x0, 0x0, 0x0, 0x0, 0x0, 0x0, 0xdf,
    0xff, 0xf1, 0x0, 0x0, 0x0, 0x0, 0x0, 0x0,
    0x5f, 0xff, 0xf8, 0x0, 0x0, 0x0, 0x0, 0x0,
    0x0, 0xd, 0xff, 0xff, 0x10, 0x0, 0x0, 0x0,
    0x0, 0x0, 0x6, 0xff, 0xff, 0x80, 0x0, 0x0,
    0x0, 0x0, 0x0, 0x0, 0xdf, 0xff, 0xf1, 0x0,
    0x0, 0x0, 0x0, 0x0, 0x0, 0x6f, 0xff, 0xf8,
    0x0, 0x0, 0x0, 0x0, 0x0, 0x0, 0xe, 0xff,
    0xfe, 0x0, 0x0, 0x0, 0x0, 0x0, 0x0, 0x6,
    0xff, 0xff, 0x70, 0x0, 0x0, 0x0, 0x0, 0x0,
    0x0, 0xef, 0xff, 0xe0, 0x0, 0x0, 0x0, 0x0,
    0x0, 0x0, 0x6f, 0xff, 0xf7, 0x0, 0x0, 0x0,
    0x0, 0x0, 0x0, 0xe, 0xff, 0xfe, 0x0, 0x0,
    0x0, 0x0, 0x0, 0x0, 0x7, 0xff, 0xff, 0x70,
    0x0, 0x0, 0x0, 0x0, 0x0, 0x0, 0xef, 0xff,
    0xe0, 0x0, 0x0, 0x0, 0x0, 0x0, 0x0, 0x7f,
    0xff, 0xf7, 0x0, 0x0, 0x0, 0x0, 0x0, 0x0,
    0xe, 0xff, 0xfe, 0x0, 0x0, 0x0, 0x0, 0x0,
    0x0, 0x7, 0xff, 0xff, 0x60, 0x0, 0x0, 0x0,
    0x0, 0x0, 0x0, 0xef, 0xff, 0xe0, 0x0, 0x0,
    0x0, 0x0, 0x0, 0x0, 0x7f, 0xff, 0xf6, 0x0,
    0x0, 0x0, 0x0, 0x0, 0x0, 0xe, 0xff, 0xfe,
    0x0, 0x0, 0x0, 0x0, 0x0, 0x0, 0x7, 0xff,
    0xff, 0x60, 0x0, 0x0, 0x0, 0x0, 0x0,

    /* U+0038 "8" */
    0x0, 0x0, 0x0, 0x49, 0xde, 0xfe, 0xd9, 0x40,
    0x0, 0x0, 0x0, 0x0, 0x4, 0xdf, 0xff, 0xff,
    0xff, 0xff, 0xd4, 0x0, 0x0, 0x0, 0x6, 0xff,
    0xff, 0xff, 0xff, 0xff, 0xff, 0xf6, 0x0, 0x0,
    0x5, 0xff, 0xff, 0xff, 0xdc, 0xdf, 0xff, 0xff,
    0xf5, 0x0, 0x0, 0xdf, 0xff, 0xfa, 0x20, 0x0,
    0x2a, 0xff, 0xff, 0xd0, 0x0, 0x1f, 0xff, 0xfc,
    0x0, 0x0, 0x0, 0xb, 0xff, 0xff, 0x20, 0x3,
    0xff, 0xff, 0x60, 0x0, 0x0, 0x0, 0x6f, 0xff,
    0xf3, 0x0, 0x2f, 0xff, 0xf6, 0x0, 0x0, 0x0,
    0x5, 0xff, 0xff, 0x20, 0x0, 0xdf, 0xff, 0xb0,
    0x0, 0x0, 0x0, 0xbf, 0xff, 0xd0, 0x0, 0x5,
    0xff, 0xff, 0x91, 0x0, 0x0, 0x9f, 0xff, 0xf5,
    0x0, 0x0, 0x8, 0xff, 0xff, 0xeb, 0x9b, 0xef,
    0xff, 0xf7, 0x0, 0x0, 0x0, 0x4, 0xbf, 0xff,
    0xff, 0xff, 0xff, 0xb3, 0x0, 0x0, 0x0, 0x0,
    0x4a, 0xff, 0xff, 0xff, 0xff, 0xfb, 0x40, 0x0,
    0x0, 0x0, 0xaf, 0xff, 0xff, 0xff, 0xff, 0xff,
    0xff, 0xa0, 0x0, 0x0, 0xbf, 0xff, 0xfd, 0x51,
    0x1, 0x5d, 0xff, 0xff, 0xb0, 0x0, 0x6f, 0xff,
    0xfb, 0x0, 0x0, 0x0, 0xb, 0xff, 0xff, 0x60,
    0xc, 0xff, 0xff, 0x10, 0x0, 0x0, 0x0, 0x1f,
    0xff, 0xfd, 0x0, 0xff, 0xff, 0xb0, 0x0, 0x0,
    0x0, 0x0, 0xbf, 0xff, 0xf1, 0x2f, 0xff, 0xfa,
    0x0, 0x0, 0x0, 0x0, 0xa, 0xff, 0xff, 0x31,
    0xff, 0xff, 0xd0, 0x0, 0x0, 0x0, 0x0, 0xcf,
    0xff, 0xf2, 0xe, 0xff, 0xff, 0x50, 0x0, 0x0,
    0x0, 0x4f, 0xff, 0xfe, 0x0, 0x8f, 0xff, 0xff,
    0x60, 0x0, 0x0, 0x6f, 0xff, 0xff, 0x80, 0x0,
    0xdf, 0xff, 0xff, 0xeb, 0xab, 0xef, 0xff, 0xff,
    0xd0, 0x0, 0x1, 0xdf, 0xff, 0xff, 0xff, 0xff,
    0xff, 0xff, 0xd1, 0x0, 0x0, 0x0, 0x7f, 0xff,
    0xff, 0xff, 0xff, 0xff, 0x80, 0x0, 0x0, 0x0,
    0x0, 0x15, 0xad, 0xef, 0xed, 0xa5, 0x10, 0x0,
    0x0,

    /* U+0039 "9" */
    0x0, 0x0, 0x0, 0x6a, 0xdf, 0xfe, 0xb7, 0x10,
    0x0, 0x0, 0x0, 0x0, 0x5, 0xef, 0xff, 0xff,
    0xff, 0xff, 0x90, 0x0, 0x0, 0x0, 0x9, 0xff,
    0xff, 0xff, 0xff, 0xff, 0xff, 0xc1, 0x0, 0x0,
    0x7, 0xff, 0xff, 0xff, 0xfe, 0xff, 0xff, 0xff,
    0xb0, 0x0, 0x2, 0xff, 0xff, 0xfa, 0x20, 0x0,
    0x6e, 0xff, 0xff, 0x70, 0x0, 0xaf, 0xff, 0xf8,
    0x0, 0x0, 0x0, 0x1e, 0xff, 0xfe, 0x0, 0xe,
    0xff, 0xfd, 0x0, 0x0, 0x0, 0x0, 0x5f, 0xff,
    0xf6, 0x1, 0xff, 0xff, 0x80, 0x0, 0x0, 0x0,
    0x0, 0xff, 0xff, 0xb0, 0x2f, 0xff, 0xf6, 0x0,
    0x0, 0x0, 0x0, 0xe, 0xff, 0xfe, 0x2, 0xff,
    0xff, 0x80, 0x0, 0x0, 0x0, 0x0, 0xff, 0xff,
    0xf0, 0xf, 0xff, 0xfd, 0x0, 0x0, 0x0, 0x0,
    0x6f, 0xff, 0xff, 0x20, 0xaf, 0xff, 0xf9, 0x0,
    0x0, 0x0, 0x3f, 0xff, 0xff, 0xf3, 0x3, 0xff,
    0xff, 0xfc, 0x41, 0x2, 0x8f, 0xff, 0xff, 0xff,
    0x30, 0x8, 0xff, 0xff, 0xff, 0xff, 0xff, 0xff,
    0x8f, 0xff, 0xf2, 0x0, 0x9, 0xff, 0xff, 0xff,
    0xff, 0xff, 0x46, 0xff, 0xff, 0x10, 0x0, 0x5,
    0xef, 0xff, 0xff, 0xfc, 0x20, 0x8f, 0xff, 0xf0,
    0x0, 0x0, 0x0, 0x48, 0x98, 0x72, 0x0, 0xa,
    0xff, 0xfd, 0x0, 0x0, 0x0, 0x0, 0x0, 0x0,
    0x0, 0x0, 0xef, 0xff, 0xa0, 0x6, 0x77, 0x75,
    0x0, 0x0, 0x0, 0x0, 0x4f, 0xff, 0xf5, 0x0,
    0xbf, 0xff, 0xf1, 0x0, 0x0, 0x0, 0xc, 0xff,
    0xff, 0x0, 0x6, 0xff, 0xff, 0xb0, 0x0, 0x0,
    0x9, 0xff, 0xff, 0x80, 0x0, 0xe, 0xff, 0xff,
    0xc5, 0x22, 0x5c, 0xff, 0xff, 0xe1, 0x0, 0x0,
    0x5f, 0xff, 0xff, 0xff, 0xff, 0xff, 0xff, 0xf5,
    0x0, 0x0, 0x0, 0x7f, 0xff, 0xff, 0xff, 0xff,
    0xff, 0xf6, 0x0, 0x0, 0x0, 0x0, 0x4e, 0xff,
    0xff, 0xff, 0xff, 0xe4, 0x0, 0x0, 0x0, 0x0,
    0x0, 0x5, 0xad, 0xff, 0xea, 0x50, 0x0, 0x0,
    0x0,

    /* U+003A ":" */
    0x1, 0xaf, 0xd5, 0x0, 0xbf, 0xff, 0xf3, 0xf,
    0xff, 0xff, 0x70, 0xff, 0xff, 0xf6, 0x7, 0xff,
    0xfe, 0x10, 0x5, 0x97, 0x10, 0x0, 0x0, 0x0,
    0x0, 0x0, 0x0, 0x0, 0x0, 0x0, 0x0, 0x0,
    0x0, 0x0, 0x0, 0x0, 0x0, 0x0, 0x0, 0x0,
    0x0, 0x0, 0x0, 0x0, 0x0, 0x0, 0x4, 0x97,
    0x10, 0x7, 0xff, 0xfd, 0x0, 0xff, 0xff, 0xf6,
    0xf, 0xff, 0xff, 0x70, 0xbf, 0xff, 0xf3, 0x1,
    0xaf, 0xd5, 0x0,

    /* U+003B ";" */
    0x0, 0x28, 0x93, 0x0, 0x2f, 0xff, 0xf5, 0x8,
    0xff, 0xff, 0xd0, 0x9f, 0xff, 0xfe, 0x5, 0xff,
    0xff, 0x90, 0x6, 0xee, 0x90, 0x0, 0x0, 0x0,
    0x0, 0x0, 0x0, 0x0, 0x0, 0x0, 0x0, 0x0,
    0x0, 0x0, 0x0, 0x0, 0x0, 0x0, 0x0, 0x0,
    0x0, 0x0, 0x0, 0x0, 0x0, 0x0, 0x0, 0x0,
    0x0, 0x0, 0x0, 0x0, 0x0, 0x3a, 0xaa, 0xa3,
    0x7, 0xff, 0xff, 0x10, 0x9f, 0xff, 0xc0, 0xc,
    0xff, 0xf8, 0x0, 0xef, 0xff, 0x30, 0xf, 0xff,
    0xe0, 0x3, 0xff, 0xfa, 0x0, 0x5f, 0xff, 0x50,
    0x7, 0xff, 0xf1, 0x0, 0xaf, 0xfc, 0x0, 0xc,
    0xff, 0x80, 0x0,

    /* U+003C "<" */
    0x0, 0x0, 0x0, 0x0, 0x0, 0x0, 0x0, 0x0,
    0x0, 0x20, 0x0, 0x0, 0x0, 0x0, 0x0, 0x0,
    0x0, 0x17, 0xe7, 0x0, 0x0, 0x0, 0x0, 0x0,
    0x0, 0x1, 0x8f, 0xff, 0x70, 0x0, 0x0, 0x0,
    0x0, 0x0, 0x29, 0xff, 0xff, 0xf7, 0x0, 0x0,
    0x0, 0x0, 0x3, 0xbf, 0xff, 0xff, 0xff, 0x70,
    0x0, 0x0, 0x0, 0x4c, 0xff, 0xff, 0xff, 0xff,
    0x91, 0x0, 0x0, 0x5, 0xdf, 0xff, 0xff, 0xff,
    0xd6, 0x0, 0x0, 0x0, 0x6e, 0xff, 0xff, 0xff,
    0xfb, 0x40, 0x0, 0x0, 0x7, 0xef, 0xff, 0xff,
    0xff, 0x92, 0x0, 0x0, 0x0, 0x0, 0xff, 0xff,
    0xff, 0xd7, 0x0, 0x0, 0x0, 0x0, 0x0, 0xf,
    0xff, 0xff, 0x70, 0x0, 0x0, 0x0, 0x0, 0x0,
    0x0, 0xff, 0xff, 0xff, 0xb4, 0x0, 0x0, 0x0,
    0x0, 0x0, 0xa, 0xff, 0xff, 0xff, 0xfd, 0x60,
    0x0, 0x0, 0x0, 0x0, 0x1, 0x8f, 0xff, 0xff,
    0xff, 0xf9, 0x20, 0x0, 0x0, 0x0, 0x0, 0x17,
    0xef, 0xff, 0xff, 0xff, 0xb4, 0x0, 0x0, 0x0,
    0x0, 0x0, 0x6d, 0xff, 0xff, 0xff, 0xfd, 0x60,
    0x0, 0x0, 0x0, 0x0, 0x5, 0xdf, 0xff, 0xff,
    0xff, 0x70, 0x0, 0x0, 0x0, 0x0, 0x0, 0x4c,
    0xff, 0xff, 0xf7, 0x0, 0x0, 0x0, 0x0, 0x0,
    0x0, 0x3, 0xaf, 0xff, 0x70, 0x0, 0x0, 0x0,
    0x0, 0x0, 0x0, 0x0, 0x29, 0xf7, 0x0, 0x0,
    0x0, 0x0, 0x0, 0x0, 0x0, 0x0, 0x1, 0x20,

    /* U+003D "=" */
    0x5f, 0xff, 0xff, 0xff, 0xff, 0xff, 0xff, 0xff,
    0xf9, 0x5f, 0xff, 0xff, 0xff, 0xff, 0xff, 0xff,
    0xff, 0xf9, 0x5f, 0xff, 0xff, 0xff, 0xff, 0xff,
    0xff, 0xff, 0xf9, 0x5e, 0xee, 0xee, 0xee, 0xee,
    0xee, 0xee, 0xee, 0xe8, 0x0, 0x0, 0x0, 0x0,
    0x0, 0x0, 0x0, 0x0, 0x0, 0x0, 0x0, 0x0,
    0x0, 0x0, 0x0, 0x0, 0x0, 0x0, 0x0, 0x0,
    0x0, 0x0, 0x0, 0x0, 0x0, 0x0, 0x0, 0x0,
    0x0, 0x0, 0x0, 0x0, 0x0, 0x0, 0x0, 0x0,
    0x5f, 0xff, 0xff, 0xff, 0xff, 0xff, 0xff, 0xff,
    0xf9, 0x5f, 0xff, 0xff, 0xff, 0xff, 0xff, 0xff,
    0xff, 0xf9, 0x5f, 0xff, 0xff, 0xff, 0xff, 0xff,
    0xff, 0xff, 0xf9, 0x5f, 0xff, 0xff, 0xff, 0xff,
    0xff, 0xff, 0xff, 0xf9,

    /* U+003E ">" */
    0x11, 0x0, 0x0, 0x0, 0x0, 0x0, 0x0, 0x0,
    0x0, 0x3, 0xf9, 0x20, 0x0, 0x0, 0x0, 0x0,
    0x0, 0x0, 0x0, 0x3f, 0xff, 0xa3, 0x0, 0x0,
    0x0, 0x0, 0x0, 0x0, 0x3, 0xff, 0xff, 0xfb,
    0x40, 0x0, 0x0, 0x0, 0x0, 0x0, 0x3f, 0xff,
    0xff, 0xff, 0xc5, 0x0, 0x0, 0x0, 0x0, 0x0,
    0x7e, 0xff, 0xff, 0xff, 0xfd, 0x60, 0x0, 0x0,
    0x0, 0x0, 0x5, 0xcf, 0xff, 0xff, 0xff, 0xe7,
    0x0, 0x0, 0x0, 0x0, 0x0, 0x29, 0xff, 0xff,
    0xff, 0xff, 0x81, 0x0, 0x0, 0x0, 0x0, 0x1,
    0x7e, 0xff, 0xff, 0xff, 0xf9, 0x10, 0x0, 0x0,
    0x0, 0x0, 0x5, 0xcf, 0xff, 0xff, 0xf4, 0x0,
    0x0, 0x0, 0x0, 0x0, 0x0, 0x4f, 0xff, 0xff,
    0x40, 0x0, 0x0, 0x0, 0x0, 0x3, 0x9f, 0xff,
    0xff, 0xf4, 0x0, 0x0, 0x0, 0x0, 0x5c, 0xff,
    0xff, 0xff, 0xfb, 0x10, 0x0, 0x0, 0x17, 0xef,
    0xff, 0xff, 0xff, 0xa3, 0x0, 0x0, 0x2, 0x9f,
    0xff, 0xff, 0xff, 0xf9, 0x20, 0x0, 0x0, 0x4b,
    0xff, 0xff, 0xff, 0xfe, 0x81, 0x0, 0x0, 0x0,
    0x3f, 0xff, 0xff, 0xff, 0xe7, 0x0, 0x0, 0x0,
    0x0, 0x3, 0xff, 0xff, 0xfd, 0x60, 0x0, 0x0,
    0x0, 0x0, 0x0, 0x3f, 0xff, 0xc5, 0x0, 0x0,
    0x0, 0x0, 0x0, 0x0, 0x3, 0xfb, 0x40, 0x0,
    0x0, 0x0, 0x0, 0x0, 0x0, 0x0, 0x13, 0x0,
    0x0, 0x0, 0x0, 0x0, 0x0, 0x0, 0x0, 0x0,

    /* U+003F "?" */
    0x0, 0x0, 0x27, 0xce, 0xfe, 0xd9, 0x40, 0x0,
    0x0, 0x0, 0x9f, 0xff, 0xff, 0xff, 0xff, 0xc3,
    0x0, 0x0, 0xcf, 0xff, 0xff, 0xff, 0xff, 0xff,
    0xf3, 0x0, 0x9f, 0xff, 0xff, 0xfd, 0xef, 0xff,
    0xff, 0xe0, 0x1f, 0xff, 0xff, 0x60, 0x0, 0x4e,
    0xff, 0xff, 0x76, 0xff, 0xff, 0x60, 0x0, 0x0,
    0x3f, 0xff, 0xfb, 0x8f, 0xff, 0xf0, 0x0, 0x0,
    0x0, 0xef, 0xff, 0xc1, 0x22, 0x22, 0x0, 0x0,
    0x0, 0xf, 0xff, 0xfc, 0x0, 0x0, 0x0, 0x0,
    0x0, 0x4, 0xff, 0xff, 0x90, 0x0, 0x0, 0x0,
    0x0, 0x2, 0xef, 0xff, 0xf4, 0x0, 0x0, 0x0,
    0x0, 0x5, 0xef, 0xff, 0xfa, 0x0, 0x0, 0x0,
    0x0, 0xa, 0xff, 0xff, 0xfb, 0x0, 0x0, 0x0,
    0x0, 0xc, 0xff, 0xff, 0xf6, 0x0, 0x0, 0x0,
    0x0, 0x8, 0xff, 0xff, 0xc2, 0x0, 0x0, 0x0,
    0x0, 0x0, 0xdf, 0xff, 0xc0, 0x0, 0x0, 0x0,
    0x0, 0x0, 0xf, 0xff, 0xf5, 0x0, 0x0, 0x0,
    0x0, 0x0, 0x1, 0xff, 0xff, 0x10, 0x0, 0x0,
    0x0, 0x0, 0x0, 0x2d, 0xdd, 0xd0, 0x0, 0x0,
    0x0, 0x0, 0x0, 0x0, 0x0, 0x0, 0x0, 0x0,
    0x0, 0x0, 0x0, 0x0, 0x0, 0x0, 0x0, 0x0,
    0x0, 0x0, 0x0, 0x0, 0x0, 0x27, 0x72, 0x0,
    0x0, 0x0, 0x0, 0x0, 0x0, 0x4f, 0xff, 0xf3,
    0x0, 0x0, 0x0, 0x0, 0x0, 0xc, 0xff, 0xff,
    0xa0, 0x0, 0x0, 0x0, 0x0, 0x0, 0xef, 0xff,
    0xfc, 0x0, 0x0, 0x0, 0x0, 0x0, 0x9, 0xff,
    0xff, 0x70, 0x0, 0x0, 0x0, 0x0, 0x0, 0x9,
    0xee, 0x80, 0x0, 0x0, 0x0,

    /* U+0040 "@" */
    0x0, 0x0, 0x0, 0x0, 0x0, 0x3, 0x7a, 0xde,
    0xff, 0xfe, 0xc9, 0x50, 0x0, 0x0, 0x0, 0x0,
    0x0, 0x0, 0x0, 0x0, 0x0, 0x7, 0xef, 0xff,
    0xff, 0xff, 0xff, 0xff, 0xff, 0x92, 0x0, 0x0,
    0x0, 0x0, 0x0, 0x0, 0x0, 0x6, 0xef, 0xff,
    0xff, 0xff, 0xff, 0xff, 0xff, 0xff, 0xff, 0x90,
    0x0, 0x0, 0x0, 0x0, 0x0, 0x0, 0xaf, 0xff,
    0xff, 0xff, 0xca, 0x98, 0x9a, 0xcf, 0xff, 0xff,
    0xfd, 0x20, 0x0, 0x0, 0x0, 0x0, 0xc, 0xff,
    0xff, 0xfa, 0x40, 0x0, 0x0, 0x0, 0x0, 0x5b,
    0xff, 0xff, 0xf3, 0x0, 0x0, 0x0, 0x0, 0xbf,
    0xff, 0xfc, 0x20, 0x0, 0x0, 0x0, 0x0, 0x0,
    0x0, 0x4e, 0xff, 0xfe, 0x10, 0x0, 0x0, 0x7,
    0xff, 0xff, 0x90, 0x0, 0x0, 0x0, 0x0, 0x0,
    0x0, 0x0, 0x1, 0xcf, 0xff, 0xc0, 0x0, 0x0,
    0x1f, 0xff, 0xfa, 0x0, 0x0, 0x0, 0x58, 0x87,
    0x30, 0x2, 0x22, 0x10, 0x1e, 0xff, 0xf5, 0x0,
    0x0, 0x8f, 0xff, 0xd0, 0x0, 0x0, 0x7f, 0xff,
    0xff, 0xfc, 0x2d, 0xff, 0x80, 0x4, 0xff, 0xfd,
    0x0, 0x0, 0xef, 0xff, 0x50, 0x0, 0x9, 0xff,
    0xff, 0xff, 0xff, 0xde, 0xff, 0x80, 0x0, 0xcf,
    0xff, 0x40, 0x5, 0xff, 0xfd, 0x0, 0x0, 0x7f,
    0xff, 0xff, 0xff, 0xff, 0xff, 0xff, 0x80, 0x0,
    0x5f, 0xff, 0x90, 0x9, 0xff, 0xf7, 0x0, 0x1,
    0xff, 0xff, 0x92, 0x1, 0x4c, 0xff, 0xff, 0x80,
    0x0, 0xf, 0xff, 0xd0, 0xc, 0xff, 0xf4, 0x0,
    0x7, 0xff, 0xf7, 0x0, 0x0, 0x0, 0xcf, 0xff,
    0x80, 0x0, 0xd, 0xff, 0xf0, 0xf, 0xff, 0xf0,
    0x0, 0xd, 0xff, 0xd0, 0x0, 0x0, 0x0, 0x4f,
    0xff, 0x80, 0x0, 0xb, 0xff, 0xf1, 0x1f, 0xff,
    0xe0, 0x0, 0xf, 0xff, 0x80, 0x0, 0x0, 0x0,
    0x1f, 0xff, 0x80, 0x0, 0xa, 0xff, 0xf2, 0x2f,
    0xff, 0xd0, 0x0, 0x1f, 0xff, 0x60, 0x0, 0x0,
    0x0, 0xf, 0xff, 0x80, 0x0, 0xa, 0xff, 0xf1,
    0x2f, 0xff, 0xc0, 0x0, 0x2f, 0xff, 0x60, 0x0,
    0x0, 0x0, 0xf, 0xff, 0x80, 0x0, 0xa, 0xff,
    0xf1, 0x2f, 0xff, 0xd0, 0x0, 0xf, 0xff, 0x80,
    0x0, 0x0, 0x0, 0xf, 0xff, 0x80, 0x0, 0xb,
    0xff, 0xf0, 0x1f, 0xff, 0xe0, 0x0, 0xf, 0xff,
    0xb0, 0x0, 0x0, 0x0, 0x3f, 0xff, 0x80, 0x0,
    0xd, 0xff, 0xd0, 0xf, 0xff, 0xf0, 0x0, 0xb,
    0xff, 0xf2, 0x0, 0x0, 0x0, 0x9f, 0xff, 0x80,
    0x0, 0xf, 0xff, 0x90, 0xd, 0xff, 0xf3, 0x0,
    0x6, 0xff, 0xfb, 0x0, 0x0, 0x4, 0xff, 0xff,
    0xa0, 0x0, 0x6f, 0xff, 0x50, 0xa, 0xff, 0xf7,
    0x0, 0x0, 0xef, 0xff, 0xd6, 0x45, 0xaf, 0xff,
    0xff, 0xf3, 0x4, 0xef, 0xfe, 0x0, 0x6, 0xff,
    0xfc, 0x0, 0x0, 0x4f, 0xff, 0xff, 0xff, 0xff,
    0xf9, 0xff, 0xff, 0xff, 0xff, 0xf5, 0x0, 0x1,
    0xff, 0xff, 0x40, 0x0, 0x5, 0xff, 0xff, 0xff,
    0xff, 0x70, 0xdf, 0xff, 0xff, 0xff, 0x80, 0x0,
    0x0, 0xaf, 0xff, 0xc0, 0x0, 0x0, 0x2a, 0xff,
    0xff, 0xc4, 0x0, 0x18, 0xef, 0xff, 0xc4, 0x0,
    0x0, 0x0, 0x3f, 0xff, 0xfa, 0x0, 0x0, 0x0,
    0x1, 0x10, 0x0, 0x0, 0x0, 0x1, 0x10, 0x0,
    0x0, 0x0, 0x0, 0x9, 0xff, 0xff, 0x90, 0x0,
    0x0, 0x0, 0x0, 0x0, 0x0, 0x0, 0x0, 0x0,
    0x0, 0x0, 0x0, 0x0, 0x0, 0xdf, 0xff, 0xfc,
    0x30, 0x0, 0x0, 0x0, 0x0, 0x0, 0x0, 0x0,
    0x0, 0x0, 0x0, 0x0, 0x0, 0x0, 0x1e, 0xff,
    0xff, 0xfb, 0x51, 0x0, 0x0, 0x0, 0x0, 0x37,
    0xb0, 0x0, 0x0, 0x0, 0x0, 0x0, 0x0, 0x1,
    0xcf, 0xff, 0xff, 0xff, 0xdb, 0xa9, 0x9a, 0xcf,
    0xff, 0xf4, 0x0, 0x0, 0x0, 0x0, 0x0, 0x0,
    0x0, 0x7, 0xff, 0xff, 0xff, 0xff, 0xff, 0xff,
    0xff, 0xff, 0xfa, 0x0, 0x0, 0x0, 0x0, 0x0,
    0x0, 0x0, 0x0, 0x18, 0xef, 0xff, 0xff, 0xff,
    0xff, 0xff, 0xff, 0xe8, 0x0, 0x0, 0x0, 0x0,
    0x0, 0x0, 0x0, 0x0, 0x0, 0x3, 0x7a, 0xce,
    0xff, 0xfe, 0xca, 0x73, 0x0, 0x0, 0x0, 0x0,
    0x0,

    /* U+0041 "A" */
    0x0, 0x0, 0x0, 0x0, 0x2, 0xff, 0xff, 0xff,
    0x20, 0x0, 0x0, 0x0, 0x0, 0x0, 0x0, 0x0,
    0x0, 0x8, 0xff, 0xff, 0xff, 0x80, 0x0, 0x0,
    0x0, 0x0, 0x0, 0x0, 0x0, 0x0, 0xd, 0xff,
    0xff, 0xff, 0xe0, 0x0, 0x0, 0x0, 0x0, 0x0,
    0x0, 0x0, 0x0, 0x3f, 0xff, 0xff, 0xff, 0xf3,
    0x0, 0x0, 0x0, 0x0, 0x0, 0x0, 0x0, 0x0,
    0x9f, 0xff, 0xbd, 0xff, 0xf9, 0x0, 0x0, 0x0,
    0x0, 0x0, 0x0, 0x0, 0x0, 0xef, 0xff, 0x78,
    0xff, 0xfe, 0x0, 0x0, 0x0, 0x0, 0x0, 0x0,
    0x0, 0x4, 0xff, 0xff, 0x34, 0xff, 0xff, 0x50,
    0x0, 0x0, 0x0, 0x0, 0x0, 0x0, 0xa, 0xff,
    0xff, 0x0, 0xff, 0xff, 0xa0, 0x0, 0x0, 0x0,
    0x0, 0x0, 0x0, 0xf, 0xff, 0xfb, 0x0, 0xbf,
    0xff, 0xf1, 0x0, 0x0, 0x0, 0x0, 0x0, 0x0,
    0x5f, 0xff, 0xf6, 0x0, 0x6f, 0xff, 0xf6, 0x0,
    0x0, 0x0, 0x0, 0x0, 0x0, 0xaf, 0xff, 0xf2,
    0x0, 0x2f, 0xff, 0xfc, 0x0, 0x0, 0x0, 0x0,
    0x0, 0x0, 0xff, 0xff, 0xd0, 0x0, 0xd, 0xff,
    0xff, 0x10, 0x0, 0x0, 0x0, 0x0, 0x6, 0xff,
    0xff, 0x80, 0x0, 0x8, 0xff, 0xff, 0x70, 0x0,
    0x0, 0x0, 0x0, 0xb, 0xff, 0xff, 0x30, 0x0,
    0x3, 0xff, 0xff, 0xd0, 0x0, 0x0, 0x0, 0x0,
    0x1f, 0xff, 0xfe, 0x0, 0x0, 0x0, 0xdf, 0xff,
    0xf3, 0x0, 0x0, 0x0, 0x0, 0x7f, 0xff, 0xf9,
    0x0, 0x0, 0x0, 0x8f, 0xff, 0xf8, 0x0, 0x0,
    0x0, 0x0, 0xcf, 0xff, 0xff, 0xff, 0xff, 0xff,
    0xff, 0xff, 0xfe, 0x0, 0x0, 0x0, 0x2, 0xff,
    0xff, 0xff, 0xff, 0xff, 0xff, 0xff, 0xff, 0xff,
    0x40, 0x0, 0x0, 0x7, 0xff, 0xff, 0xff, 0xff,
    0xff, 0xff, 0xff, 0xff, 0xff, 0xa0, 0x0, 0x0,
    0xd, 0xff, 0xff, 0xdc, 0xcc, 0xcc, 0xcc, 0xcc,
    0xff, 0xff, 0xf0, 0x0, 0x0, 0x3f, 0xff, 0xfe,
    0x0, 0x0, 0x0, 0x0, 0x0, 0xcf, 0xff, 0xf5,
    0x0, 0x0, 0x8f, 0xff, 0xf9, 0x0, 0x0, 0x0,
    0x0, 0x0, 0x6f, 0xff, 0xfb, 0x0, 0x0, 0xef,
    0xff, 0xf3, 0x0, 0x0, 0x0, 0x0, 0x0, 0x1f,
    0xff, 0xff, 0x10, 0x4, 0xff, 0xff, 0xd0, 0x0,
    0x0, 0x0, 0x0, 0x0, 0xb, 0xff, 0xff, 0x60,
    0x9, 0xff, 0xff, 0x80, 0x0, 0x0, 0x0, 0x0,
    0x0, 0x5, 0xff, 0xff, 0xc0, 0xe, 0xff, 0xff,
    0x30, 0x0, 0x0, 0x0, 0x0, 0x0, 0x0, 0xff,
    0xff, 0xf2,

    /* U+0042 "B" */
    0x5f, 0xff, 0xff, 0xff, 0xff, 0xfe, 0xdb, 0x61,
    0x0, 0x0, 0x5, 0xff, 0xff, 0xff, 0xff, 0xff,
    0xff, 0xff, 0xe6, 0x0, 0x0, 0x5f, 0xff, 0xff,
    0xff, 0xff, 0xff, 0xff, 0xff, 0xf8, 0x0, 0x5,
    0xff, 0xff, 0xfe, 0xee, 0xef, 0xff, 0xff, 0xff,
    0xf4, 0x0, 0x5f, 0xff, 0xf5, 0x0, 0x0, 0x0,
    0x5e, 0xff, 0xff, 0xb0, 0x5, 0xff, 0xff, 0x50,
    0x0, 0x0, 0x0, 0x2f, 0xff, 0xff, 0x0, 0x5f,
    0xff, 0xf5, 0x0, 0x0, 0x0, 0x0, 0xbf, 0xff,
    0xf1, 0x5, 0xff, 0xff, 0x50, 0x0, 0x0, 0x0,
    0x9, 0xff, 0xff, 0x0, 0x5f, 0xff, 0xf5, 0x0,
    0x0, 0x0, 0x0, 0xcf, 0xff, 0xd0, 0x5, 0xff,
    0xff, 0x50, 0x0, 0x0, 0x0, 0x5f, 0xff, 0xf7,
    0x0, 0x5f, 0xff, 0xf5, 0x0, 0x0, 0x3, 0xaf,
    0xff, 0xfa, 0x0, 0x5, 0xff, 0xff, 0xff, 0xff,
    0xff, 0xff, 0xff, 0xd6, 0x0, 0x0, 0x5f, 0xff,
    0xff, 0xff, 0xff, 0xff, 0xff, 0xd5, 0x0, 0x0,
    0x5, 0xff, 0xff, 0xff, 0xff, 0xff, 0xff, 0xff,
    0xff, 0x70, 0x0, 0x5f, 0xff, 0xf9, 0x66, 0x66,
    0x67, 0xbf, 0xff, 0xff, 0x80, 0x5, 0xff, 0xff,
    0x50, 0x0, 0x0, 0x0, 0x3e, 0xff, 0xff, 0x40,
    0x5f, 0xff, 0xf5, 0x0, 0x0, 0x0, 0x0, 0x3f,
    0xff, 0xfb, 0x5, 0xff, 0xff, 0x50, 0x0, 0x0,
    0x0, 0x0, 0xcf, 0xff, 0xf0, 0x5f, 0xff, 0xf5,
    0x0, 0x0, 0x0, 0x0, 0xa, 0xff, 0xff, 0x15,
    0xff, 0xff, 0x50, 0x0, 0x0, 0x0, 0x0, 0xcf,
    0xff, 0xf0, 0x5f, 0xff, 0xf5, 0x0, 0x0, 0x0,
    0x0, 0x4f, 0xff, 0xfe, 0x5, 0xff, 0xff, 0x50,
    0x0, 0x0, 0x2, 0x7f, 0xff, 0xff, 0x90, 0x5f,
    0xff, 0xff, 0xff, 0xff, 0xff, 0xff, 0xff, 0xff,
    0xf2, 0x5, 0xff, 0xff, 0xff, 0xff, 0xff, 0xff,
    0xff, 0xff, 0xf5, 0x0, 0x5f, 0xff, 0xff, 0xff,
    0xff, 0xff, 0xff, 0xff, 0xd3, 0x0, 0x5, 0xff,
    0xff, 0xff, 0xff, 0xff, 0xff, 0xda, 0x50, 0x0,
    0x0,

    /* U+0043 "C" */
    0x0, 0x0, 0x0, 0x0, 0x49, 0xce, 0xff, 0xeb,
    0x72, 0x0, 0x0, 0x0, 0x0, 0x0, 0x0, 0x5d,
    0xff, 0xff, 0xff, 0xff, 0xff, 0xa1, 0x0, 0x0,
    0x0, 0x0, 0xa, 0xff, 0xff, 0xff, 0xff, 0xff,
    0xff, 0xff, 0x50, 0x0, 0x0, 0x0, 0xcf, 0xff,
    0xff, 0xff, 0xff, 0xff, 0xff, 0xff, 0xf5, 0x0,
    0x0, 0xa, 0xff, 0xff, 0xff, 0x95, 0x44, 0x6b,
    0xff, 0xff, 0xff, 0x30, 0x0, 0x4f, 0xff, 0xff,
    0xa1, 0x0, 0x0, 0x0, 0x3d, 0xff, 0xff, 0xc0,
    0x0, 0xdf, 0xff, 0xf9, 0x0, 0x0, 0x0, 0x0,
    0x1, 0xef, 0xff, 0xf3, 0x4, 0xff, 0xff, 0xd0,
    0x0, 0x0, 0x0, 0x0, 0x0, 0x5f, 0xff, 0xf8,
    0x9, 0xff, 0xff, 0x50, 0x0, 0x0, 0x0, 0x0,
    0x0, 0xc, 0xdd, 0xda, 0xd, 0xff, 0xff, 0x0,
    0x0, 0x0, 0x0, 0x0, 0x0, 0x0, 0x0, 0x0,
    0xf, 0xff, 0xfc, 0x0, 0x0, 0x0, 0x0, 0x0,
    0x0, 0x0, 0x0, 0x0, 0x1f, 0xff, 0xf9, 0x0,
    0x0, 0x0, 0x0, 0x0, 0x0, 0x0, 0x0, 0x0,
    0x2f, 0xff, 0xf8, 0x0, 0x0, 0x0, 0x0, 0x0,
    0x0, 0x0, 0x0, 0x0, 0x2f, 0xff, 0xf8, 0x0,
    0x0, 0x0, 0x0, 0x0, 0x0, 0x0, 0x0, 0x0,
    0x1f, 0xff, 0xf9, 0x0, 0x0, 0x0, 0x0, 0x0,
    0x0, 0x0, 0x0, 0x0, 0xf, 0xff, 0xfb, 0x0,
    0x0, 0x0, 0x0, 0x0, 0x0, 0x0, 0x0, 0x0,
    0xd, 0xff, 0xff, 0x0, 0x0, 0x0, 0x0, 0x0,
    0x0, 0x0, 0x0, 0x0, 0x9, 0xff, 0xff, 0x50,
    0x0, 0x0, 0x0, 0x0, 0x0, 0xd, 0xdd, 0xda,
    0x4, 0xff, 0xff, 0xd0, 0x0, 0x0, 0x0, 0x0,
    0x0, 0x5f, 0xff, 0xf8, 0x0, 0xdf, 0xff, 0xf9,
    0x0, 0x0, 0x0, 0x0, 0x1, 0xef, 0xff, 0xf3,
    0x0, 0x5f, 0xff, 0xff, 0xa1, 0x0, 0x0, 0x0,
    0x3d, 0xff, 0xff, 0xb0, 0x0, 0xa, 0xff, 0xff,
    0xff, 0x95, 0x44, 0x6b, 0xff, 0xff, 0xff, 0x20,
    0x0, 0x0, 0xcf, 0xff, 0xff, 0xff, 0xff, 0xff,
    0xff, 0xff, 0xf4, 0x0, 0x0, 0x0, 0xa, 0xff,
    0xff, 0xff, 0xff, 0xff, 0xff, 0xfe, 0x40, 0x0,
    0x0, 0x0, 0x0, 0x5d, 0xff, 0xff, 0xff, 0xff,
    0xff, 0xa1, 0x0, 0x0, 0x0, 0x0, 0x0, 0x0,
    0x49, 0xce, 0xff, 0xeb, 0x72, 0x0, 0x0, 0x0,

    /* U+0044 "D" */
    0x5f, 0xff, 0xff, 0xff, 0xff, 0xfe, 0xb8, 0x30,
    0x0, 0x0, 0x0, 0x5, 0xff, 0xff, 0xff, 0xff,
    0xff, 0xff, 0xff, 0xd5, 0x0, 0x0, 0x0, 0x5f,
    0xff, 0xff, 0xff, 0xff, 0xff, 0xff, 0xff, 0xfa,
    0x0, 0x0, 0x5, 0xff, 0xff, 0xff, 0xff, 0xff,
    0xff, 0xff, 0xff, 0xfc, 0x0, 0x0, 0x5f, 0xff,
    0xf6, 0x11, 0x11, 0x24, 0x8e, 0xff, 0xff, 0xfb,
    0x0, 0x5, 0xff, 0xff, 0x50, 0x0, 0x0, 0x0,
    0x7, 0xff, 0xff, 0xf5, 0x0, 0x5f, 0xff, 0xf5,
    0x0, 0x0, 0x0, 0x0, 0x5, 0xff, 0xff, 0xd0,
    0x5, 0xff, 0xff, 0x50, 0x0, 0x0, 0x0, 0x0,
    0xa, 0xff, 0xff, 0x40, 0x5f, 0xff, 0xf5, 0x0,
    0x0, 0x0, 0x0, 0x0, 0x3f, 0xff, 0xf9, 0x5,
    0xff, 0xff, 0x50, 0x0, 0x0, 0x0, 0x0, 0x0,
    0xef, 0xff, 0xd0, 0x5f, 0xff, 0xf5, 0x0, 0x0,
    0x0, 0x0, 0x0, 0xa, 0xff, 0xff, 0x5, 0xff,
    0xff, 0x50, 0x0, 0x0, 0x0, 0x0, 0x0, 0x8f,
    0xff, 0xf1, 0x5f, 0xff, 0xf5, 0x0, 0x0, 0x0,
    0x0, 0x0, 0x7, 0xff, 0xff, 0x25, 0xff, 0xff,
    0x50, 0x0, 0x0, 0x0, 0x0, 0x0, 0x7f, 0xff,
    0xf2, 0x5f, 0xff, 0xf5, 0x0, 0x0, 0x0, 0x0,
    0x0, 0x8, 0xff, 0xff, 0x15, 0xff, 0xff, 0x50,
    0x0, 0x0, 0x0, 0x0, 0x0, 0xaf, 0xff, 0xf0,
    0x5f, 0xff, 0xf5, 0x0, 0x0, 0x0, 0x0, 0x0,
    0xe, 0xff, 0xfd, 0x5, 0xff, 0xff, 0x50, 0x0,
    0x0, 0x0, 0x0, 0x3, 0xff, 0xff, 0x90, 0x5f,
    0xff, 0xf5, 0x0, 0x0, 0x0, 0x0, 0x0, 0xbf,
    0xff, 0xf4, 0x5, 0xff, 0xff, 0x50, 0x0, 0x0,
    0x0, 0x0, 0x6f, 0xff, 0xfd, 0x0, 0x5f, 0xff,
    0xf5, 0x0, 0x0, 0x0, 0x0, 0x8f, 0xff, 0xff,
    0x50, 0x5, 0xff, 0xff, 0x61, 0x11, 0x12, 0x48,
    0xef, 0xff, 0xff, 0xa0, 0x0, 0x5f, 0xff, 0xff,
    0xff, 0xff, 0xff, 0xff, 0xff, 0xff, 0xc0, 0x0,
    0x5, 0xff, 0xff, 0xff, 0xff, 0xff, 0xff, 0xff,
    0xff, 0xa0, 0x0, 0x0, 0x5f, 0xff, 0xff, 0xff,
    0xff, 0xff, 0xff, 0xfd, 0x50, 0x0, 0x0, 0x5,
    0xff, 0xff, 0xff, 0xff, 0xff, 0xeb, 0x83, 0x0,
    0x0, 0x0, 0x0,

    /* U+0045 "E" */
    0x5f, 0xff, 0xff, 0xff, 0xff, 0xff, 0xff, 0xff,
    0xfa, 0x5f, 0xff, 0xff, 0xff, 0xff, 0xff, 0xff,
    0xff, 0xfa, 0x5f, 0xff, 0xff, 0xff, 0xff, 0xff,
    0xff, 0xff, 0xfa, 0x5f, 0xff, 0xff, 0xff, 0xff,
    0xff, 0xff, 0xff, 0xfa, 0x5f, 0xff, 0xf5, 0x0,
    0x0, 0x0, 0x0, 0x0, 0x0, 0x5f, 0xff, 0xf5,
    0x0, 0x0, 0x0, 0x0, 0x0, 0x0, 0x5f, 0xff,
    0xf5, 0x0, 0x0, 0x0, 0x0, 0x0, 0x0, 0x5f,
    0xff, 0xf5, 0x0, 0x0, 0x0, 0x0, 0x0, 0x0,
    0x5f, 0xff, 0xf5, 0x0, 0x0, 0x0, 0x0, 0x0,
    0x0, 0x5f, 0xff, 0xf5, 0x0, 0x0, 0x0, 0x0,
    0x0, 0x0, 0x5f, 0xff, 0xf5, 0x0, 0x0, 0x0,
    0x0, 0x0, 0x0, 0x5f, 0xff, 0xff, 0xff, 0xff,
    0xff, 0xff, 0xff, 0xb0, 0x5f, 0xff, 0xff, 0xff,
    0xff, 0xff, 0xff, 0xff, 0xb0, 0x5f, 0xff, 0xff,
    0xff, 0xff, 0xff, 0xff, 0xff, 0xb0, 0x5f, 0xff,
    0xfe, 0xee, 0xee, 0xee, 0xee, 0xee, 0xa0, 0x5f,
    0xff, 0xf5, 0x0, 0x0, 0x0, 0x0, 0x0, 0x0,
    0x5f, 0xff, 0xf5, 0x0, 0x0, 0x0, 0x0, 0x0,
    0x0, 0x5f, 0xff, 0xf5, 0x0, 0x0, 0x0, 0x0,
    0x0, 0x0, 0x5f, 0xff, 0xf5, 0x0, 0x0, 0x0,
    0x0, 0x0, 0x0, 0x5f, 0xff, 0xf5, 0x0, 0x0,
    0x0, 0x0, 0x0, 0x0, 0x5f, 0xff, 0xf5, 0x0,
    0x0, 0x0, 0x0, 0x0, 0x0, 0x5f, 0xff, 0xf5,
    0x0, 0x0, 0x0, 0x0, 0x0, 0x0, 0x5f, 0xff,
    0xff, 0xff, 0xff, 0xff, 0xff, 0xff, 0xfb, 0x5f,
    0xff, 0xff, 0xff, 0xff, 0xff, 0xff, 0xff, 0xfb,
    0x5f, 0xff, 0xff, 0xff, 0xff, 0xff, 0xff, 0xff,
    0xfb, 0x5f, 0xff, 0xff, 0xff, 0xff, 0xff, 0xff,
    0xff, 0xfb,

    /* U+0046 "F" */
    0x5f, 0xff, 0xff, 0xff, 0xff, 0xff, 0xff, 0xff,
    0xf6, 0x5f, 0xff, 0xff, 0xff, 0xff, 0xff, 0xff,
    0xff, 0xf6, 0x5f, 0xff, 0xff, 0xff, 0xff, 0xff,
    0xff, 0xff, 0xf6, 0x5f, 0xff, 0xff, 0xff, 0xff,
    0xff, 0xff, 0xff, 0xf6, 0x5f, 0xff, 0xf5, 0x0,
    0x0, 0x0, 0x0, 0x0, 0x0, 0x5f, 0xff, 0xf5,
    0x0, 0x0, 0x0, 0x0, 0x0, 0x0, 0x5f, 0xff,
    0xf5, 0x0, 0x0, 0x0, 0x0, 0x0, 0x0, 0x5f,
    0xff, 0xf5, 0x0, 0x0, 0x0, 0x0, 0x0, 0x0,
    0x5f, 0xff, 0xf5, 0x0, 0x0, 0x0, 0x0, 0x0,
    0x0, 0x5f, 0xff, 0xf5, 0x0, 0x0, 0x0, 0x0,
    0x0, 0x0, 0x5f, 0xff, 0xf5, 0x0, 0x0, 0x0,
    0x0, 0x0, 0x0, 0x5f, 0xff, 0xf5, 0x0, 0x0,
    0x0, 0x0, 0x0, 0x0, 0x5f, 0xff, 0xff, 0xff,
    0xff, 0xff, 0xff, 0xff, 0x30, 0x5f, 0xff, 0xff,
    0xff, 0xff, 0xff, 0xff, 0xff, 0x30, 0x5f, 0xff,
    0xff, 0xff, 0xff, 0xff, 0xff, 0xff, 0x30, 0x5f,
    0xff, 0xff, 0xee, 0xee, 0xee, 0xee, 0xee, 0x30,
    0x5f, 0xff, 0xf5, 0x0, 0x0, 0x0, 0x0, 0x0,
    0x0, 0x5f, 0xff, 0xf5, 0x0, 0x0, 0x0, 0x0,
    0x0, 0x0, 0x5f, 0xff, 0xf5, 0x0, 0x0, 0x0,
    0x0, 0x0, 0x0, 0x5f, 0xff, 0xf5, 0x0, 0x0,
    0x0, 0x0, 0x0, 0x0, 0x5f, 0xff, 0xf5, 0x0,
    0x0, 0x0, 0x0, 0x0, 0x0, 0x5f, 0xff, 0xf5,
    0x0, 0x0, 0x0, 0x0, 0x0, 0x0, 0x5f, 0xff,
    0xf5, 0x0, 0x0, 0x0, 0x0, 0x0, 0x0, 0x5f,
    0xff, 0xf5, 0x0, 0x0, 0x0, 0x0, 0x0, 0x0,
    0x5f, 0xff, 0xf5, 0x0, 0x0, 0x0, 0x0, 0x0,
    0x0, 0x5f, 0xff, 0xf5, 0x0, 0x0, 0x0, 0x0,
    0x0, 0x0,

    /* U+0047 "G" */
    0x0, 0x0, 0x0, 0x0, 0x49, 0xce, 0xff, 0xeb,
    0x72, 0x0, 0x0, 0x0, 0x0, 0x0, 0x0, 0x5,
    0xdf, 0xff, 0xff, 0xff, 0xff, 0xfa, 0x10, 0x0,
    0x0, 0x0, 0x0, 0xa, 0xff, 0xff, 0xff, 0xff,
    0xff, 0xff, 0xff, 0x50, 0x0, 0x0, 0x0, 0xb,
    0xff, 0xff, 0xff, 0xff, 0xff, 0xff, 0xff, 0xff,
    0x60, 0x0, 0x0, 0x9, 0xff, 0xff, 0xff, 0x95,
    0x34, 0x6a, 0xff, 0xff, 0xff, 0x40, 0x0, 0x4,
    0xff, 0xff, 0xfb, 0x10, 0x0, 0x0, 0x2, 0xdf,
    0xff, 0xfd, 0x0, 0x0, 0xdf, 0xff, 0xfa, 0x0,
    0x0, 0x0, 0x0, 0x1, 0xef, 0xff, 0xf5, 0x0,
    0x4f, 0xff, 0xfe, 0x0, 0x0, 0x0, 0x0, 0x0,
    0x6, 0xff, 0xff, 0xa0, 0x9, 0xff, 0xff, 0x60,
    0x0, 0x0, 0x0, 0x0, 0x0, 0x4, 0x44, 0x43,
    0x0, 0xdf, 0xff, 0xf1, 0x0, 0x0, 0x0, 0x0,
    0x0, 0x0, 0x0, 0x0, 0x0, 0xf, 0xff, 0xfc,
    0x0, 0x0, 0x0, 0x0, 0x0, 0x0, 0x0, 0x0,
    0x0, 0x1, 0xff, 0xff, 0xa0, 0x0, 0x0, 0x0,
    0x0, 0x0, 0x0, 0x0, 0x0, 0x0, 0x2f, 0xff,
    0xf8, 0x0, 0x0, 0x0, 0x8, 0xff, 0xff, 0xff,
    0xff, 0xff, 0x2, 0xff, 0xff, 0x80, 0x0, 0x0,
    0x0, 0x8f, 0xff, 0xff, 0xff, 0xff, 0xf0, 0x1f,
    0xff, 0xf9, 0x0, 0x0, 0x0, 0x8, 0xff, 0xff,
    0xff, 0xff, 0xff, 0x0, 0xff, 0xff, 0xc0, 0x0,
    0x0, 0x0, 0x6b, 0xbb, 0xbb, 0xdf, 0xff, 0xf0,
    0xd, 0xff, 0xff, 0x0, 0x0, 0x0, 0x0, 0x0,
    0x0, 0x9, 0xff, 0xff, 0x0, 0x9f, 0xff, 0xf5,
    0x0, 0x0, 0x0, 0x0, 0x0, 0x0, 0xcf, 0xff,
    0xd0, 0x4, 0xff, 0xff, 0xd0, 0x0, 0x0, 0x0,
    0x0, 0x0, 0x2f, 0xff, 0xf9, 0x0, 0xd, 0xff,
    0xff, 0x90, 0x0, 0x0, 0x0, 0x0, 0xc, 0xff,
    0xff, 0x40, 0x0, 0x5f, 0xff, 0xff, 0xa1, 0x0,
    0x0, 0x0, 0x1b, 0xff, 0xff, 0xd0, 0x0, 0x0,
    0xaf, 0xff, 0xff, 0xfa, 0x64, 0x46, 0xaf, 0xff,
    0xff, 0xf3, 0x0, 0x0, 0x0, 0xcf, 0xff, 0xff,
    0xff, 0xff, 0xff, 0xff, 0xff, 0xf7, 0x0, 0x0,
    0x0, 0x0, 0xaf, 0xff, 0xff, 0xff, 0xff, 0xff,
    0xff, 0xf6, 0x0, 0x0, 0x0, 0x0, 0x0, 0x5d,
    0xff, 0xff, 0xff, 0xff, 0xff, 0xc3, 0x0, 0x0,
    0x0, 0x0, 0x0, 0x0, 0x4, 0x9c, 0xef, 0xfe,
    0xc8, 0x30, 0x0, 0x0, 0x0,

    /* U+0048 "H" */
    0x5f, 0xff, 0xf5, 0x0, 0x0, 0x0, 0x0, 0x0,
    0x7, 0xff, 0xff, 0x35, 0xff, 0xff, 0x50, 0x0,
    0x0, 0x0, 0x0, 0x0, 0x7f, 0xff, 0xf3, 0x5f,
    0xff, 0xf5, 0x0, 0x0, 0x0, 0x0, 0x0, 0x7,
    0xff, 0xff, 0x35, 0xff, 0xff, 0x50, 0x0, 0x0,
    0x0, 0x0, 0x0, 0x7f, 0xff, 0xf3, 0x5f, 0xff,
    0xf5, 0x0, 0x0, 0x0, 0x0, 0x0, 0x7, 0xff,
    0xff, 0x35, 0xff, 0xff, 0x50, 0x0, 0x0, 0x0,
    0x0, 0x0, 0x7f, 0xff, 0xf3, 0x5f, 0xff, 0xf5,
    0x0, 0x0, 0x0, 0x0, 0x0, 0x7, 0xff, 0xff,
    0x35, 0xff, 0xff, 0x50, 0x0, 0x0, 0x0, 0x0,
    0x0, 0x7f, 0xff, 0xf3, 0x5f, 0xff, 0xf5, 0x0,
    0x0, 0x0, 0x0, 0x0, 0x7, 0xff, 0xff, 0x35,
    0xff, 0xff, 0x50, 0x0, 0x0, 0x0, 0x0, 0x0,
    0x7f, 0xff, 0xf3, 0x5f, 0xff, 0xf5, 0x0, 0x0,
    0x0, 0x0, 0x0, 0x7, 0xff, 0xff, 0x35, 0xff,
    0xff, 0xff, 0xff, 0xff, 0xff, 0xff, 0xff, 0xff,
    0xff, 0xf3, 0x5f, 0xff, 0xff, 0xff, 0xff, 0xff,
    0xff, 0xff, 0xff, 0xff, 0xff, 0x35, 0xff, 0xff,
    0xff, 0xff, 0xff, 0xff, 0xff, 0xff, 0xff, 0xff,
    0xf3, 0x5f, 0xff, 0xff, 0xff, 0xff, 0xff, 0xff,
    0xff, 0xff, 0xff, 0xff, 0x35, 0xff, 0xff, 0x50,
    0x0, 0x0, 0x0, 0x0, 0x0, 0x7f, 0xff, 0xf3,
    0x5f, 0xff, 0xf5, 0x0, 0x0, 0x0, 0x0, 0x0,
    0x7, 0xff, 0xff, 0x35, 0xff, 0xff, 0x50, 0x0,
    0x0, 0x0, 0x0, 0x0, 0x7f, 0xff, 0xf3, 0x5f,
    0xff, 0xf5, 0x0, 0x0, 0x0, 0x0, 0x0, 0x7,
    0xff, 0xff, 0x35, 0xff, 0xff, 0x50, 0x0, 0x0,
    0x0, 0x0, 0x0, 0x7f, 0xff, 0xf3, 0x5f, 0xff,
    0xf5, 0x0, 0x0, 0x0, 0x0, 0x0, 0x7, 0xff,
    0xff, 0x35, 0xff, 0xff, 0x50, 0x0, 0x0, 0x0,
    0x0, 0x0, 0x7f, 0xff, 0xf3, 0x5f, 0xff, 0xf5,
    0x0, 0x0, 0x0, 0x0, 0x0, 0x7, 0xff, 0xff,
    0x35, 0xff, 0xff, 0x50, 0x0, 0x0, 0x0, 0x0,
    0x0, 0x7f, 0xff, 0xf3, 0x5f, 0xff, 0xf5, 0x0,
    0x0, 0x0, 0x0, 0x0, 0x7, 0xff, 0xff, 0x35,
    0xff, 0xff, 0x50, 0x0, 0x0, 0x0, 0x0, 0x0,
    0x7f, 0xff, 0xf3,

    /* U+0049 "I" */
    0x5f, 0xff, 0xf5, 0x5f, 0xff, 0xf5, 0x5f, 0xff,
    0xf5, 0x5f, 0xff, 0xf5, 0x5f, 0xff, 0xf5, 0x5f,
    0xff, 0xf5, 0x5f, 0xff, 0xf5, 0x5f, 0xff, 0xf5,
    0x5f, 0xff, 0xf5, 0x5f, 0xff, 0xf5, 0x5f, 0xff,
    0xf5, 0x5f, 0xff, 0xf5, 0x5f, 0xff, 0xf5, 0x5f,
    0xff, 0xf5, 0x5f, 0xff, 0xf5, 0x5f, 0xff, 0xf5,
    0x5f, 0xff, 0xf5, 0x5f, 0xff, 0xf5, 0x5f, 0xff,
    0xf5, 0x5f, 0xff, 0xf5, 0x5f, 0xff, 0xf5, 0x5f,
    0xff, 0xf5, 0x5f, 0xff, 0xf5, 0x5f, 0xff, 0xf5,
    0x5f, 0xff, 0xf5, 0x5f, 0xff, 0xf5,

    /* U+004A "J" */
    0x0, 0x0, 0x0, 0x0, 0x0, 0x0, 0x6f, 0xff,
    0xf4, 0x0, 0x0, 0x0, 0x0, 0x0, 0x0, 0x6f,
    0xff, 0xf4, 0x0, 0x0, 0x0, 0x0, 0x0, 0x0,
    0x6f, 0xff, 0xf4, 0x0, 0x0, 0x0, 0x0, 0x0,
    0x0, 0x6f, 0xff, 0xf4, 0x0, 0x0, 0x0, 0x0,
    0x0, 0x0, 0x6f, 0xff, 0xf4, 0x0, 0x0, 0x0,
    0x0, 0x0, 0x0, 0x6f, 0xff, 0xf4, 0x0, 0x0,
    0x0, 0x0, 0x0, 0x0, 0x6f, 0xff, 0xf4, 0x0,
    0x0, 0x0, 0x0, 0x0, 0x0, 0x6f, 0xff, 0xf4,
    0x0, 0x0, 0x0, 0x0, 0x0, 0x0, 0x6f, 0xff,
    0xf4, 0x0, 0x0, 0x0, 0x0, 0x0, 0x0, 0x6f,
    0xff, 0xf4, 0x0, 0x0, 0x0, 0x0, 0x0, 0x0,
    0x6f, 0xff, 0xf4, 0x0, 0x0, 0x0, 0x0, 0x0,
    0x0, 0x6f, 0xff, 0xf4, 0x0, 0x0, 0x0, 0x0,
    0x0, 0x0, 0x6f, 0xff, 0xf4, 0x0, 0x0, 0x0,
    0x0, 0x0, 0x0, 0x6f, 0xff, 0xf4, 0x0, 0x0,
    0x0, 0x0, 0x0, 0x0, 0x6f, 0xff, 0xf4, 0x0,
    0x0, 0x0, 0x0, 0x0, 0x0, 0x6f, 0xff, 0xf4,
    0x47, 0x77, 0x70, 0x0, 0x0, 0x0, 0x6f, 0xff,
    0xf4, 0xaf, 0xff, 0xf1, 0x0, 0x0, 0x0, 0x6f,
    0xff, 0xf4, 0x9f, 0xff, 0xf1, 0x0, 0x0, 0x0,
    0x7f, 0xff, 0xf3, 0x8f, 0xff, 0xf4, 0x0, 0x0,
    0x0, 0x9f, 0xff, 0xf2, 0x4f, 0xff, 0xfa, 0x0,
    0x0, 0x1, 0xff, 0xff, 0xe0, 0xf, 0xff, 0xff,
    0x91, 0x0, 0x3d, 0xff, 0xff, 0x90, 0x7, 0xff,
    0xff, 0xff, 0xef, 0xff, 0xff, 0xff, 0x20, 0x0,
    0xbf, 0xff, 0xff, 0xff, 0xff, 0xff, 0xf5, 0x0,
    0x0, 0x8, 0xff, 0xff, 0xff, 0xff, 0xfe, 0x40,
    0x0, 0x0, 0x0, 0x18, 0xce, 0xff, 0xea, 0x60,
    0x0, 0x0,

    /* U+004B "K" */
    0x5f, 0xff, 0xf5, 0x0, 0x0, 0x0, 0x0, 0x2,
    0xef, 0xff, 0xfb, 0x5, 0xff, 0xff, 0x50, 0x0,
    0x0, 0x0, 0x1, 0xdf, 0xff, 0xfc, 0x0, 0x5f,
    0xff, 0xf5, 0x0, 0x0, 0x0, 0x0, 0xcf, 0xff,
    0xfd, 0x10, 0x5, 0xff, 0xff, 0x50, 0x0, 0x0,
    0x0, 0xbf, 0xff, 0xfe, 0x20, 0x0, 0x5f, 0xff,
    0xf5, 0x0, 0x0, 0x0, 0x9f, 0xff, 0xff, 0x30,
    0x0, 0x5, 0xff, 0xff, 0x50, 0x0, 0x0, 0x7f,
    0xff, 0xff, 0x40, 0x0, 0x0, 0x5f, 0xff, 0xf5,
    0x0, 0x0, 0x5f, 0xff, 0xff, 0x60, 0x0, 0x0,
    0x5, 0xff, 0xff, 0x50, 0x0, 0x4f, 0xff, 0xff,
    0x80, 0x0, 0x0, 0x0, 0x5f, 0xff, 0xf5, 0x0,
    0x2f, 0xff, 0xff, 0x90, 0x0, 0x0, 0x0, 0x5,
    0xff, 0xff, 0x40, 0x1d, 0xff, 0xff, 0xb0, 0x0,
    0x0, 0x0, 0x0, 0x5f, 0xff, 0xf4, 0xb, 0xff,
    0xff, 0xc0, 0x0, 0x0, 0x0, 0x0, 0x5, 0xff,
    0xff, 0x47, 0xff, 0xff, 0xf6, 0x0, 0x0, 0x0,
    0x0, 0x0, 0x5f, 0xff, 0xf7, 0xff, 0xff, 0xff,
    0xe1, 0x0, 0x0, 0x0, 0x0, 0x5, 0xff, 0xff,
    0xff, 0xff, 0xff, 0xff, 0xb0, 0x0, 0x0, 0x0,
    0x0, 0x5f, 0xff, 0xff, 0xff, 0xbe, 0xff, 0xff,
    0x60, 0x0, 0x0, 0x0, 0x5, 0xff, 0xff, 0xff,
    0xc0, 0x4f, 0xff, 0xff, 0x20, 0x0, 0x0, 0x0,
    0x5f, 0xff, 0xff, 0xd1, 0x0, 0xaf, 0xff, 0xfc,
    0x0, 0x0, 0x0, 0x5, 0xff, 0xff, 0xd1, 0x0,
    0x0, 0xef, 0xff, 0xf7, 0x0, 0x0, 0x0, 0x5f,
    0xff, 0xf5, 0x0, 0x0, 0x4, 0xff, 0xff, 0xf3,
    0x0, 0x0, 0x5, 0xff, 0xff, 0x50, 0x0, 0x0,
    0x9, 0xff, 0xff, 0xd0, 0x0, 0x0, 0x5f, 0xff,
    0xf5, 0x0, 0x0, 0x0, 0xd, 0xff, 0xff, 0x90,
    0x0, 0x5, 0xff, 0xff, 0x50, 0x0, 0x0, 0x0,
    0x3f, 0xff, 0xff, 0x40, 0x0, 0x5f, 0xff, 0xf5,
    0x0, 0x0, 0x0, 0x0, 0x8f, 0xff, 0xfe, 0x0,
    0x5, 0xff, 0xff, 0x50, 0x0, 0x0, 0x0, 0x0,
    0xdf, 0xff, 0xfa, 0x0, 0x5f, 0xff, 0xf5, 0x0,
    0x0, 0x0, 0x0, 0x3, 0xff, 0xff, 0xf5, 0x5,
    0xff, 0xff, 0x50, 0x0, 0x0, 0x0, 0x0, 0x7,
    0xff, 0xff, 0xe1,

    /* U+004C "L" */
    0x5f, 0xff, 0xf5, 0x0, 0x0, 0x0, 0x0, 0x0,
    0x5, 0xff, 0xff, 0x50, 0x0, 0x0, 0x0, 0x0,
    0x0, 0x5f, 0xff, 0xf5, 0x0, 0x0, 0x0, 0x0,
    0x0, 0x5, 0xff, 0xff, 0x50, 0x0, 0x0, 0x0,
    0x0, 0x0, 0x5f, 0xff, 0xf5, 0x0, 0x0, 0x0,
    0x0, 0x0, 0x5, 0xff, 0xff, 0x50, 0x0, 0x0,
    0x0, 0x0, 0x0, 0x5f, 0xff, 0xf5, 0x0, 0x0,
    0x0, 0x0, 0x0, 0x5, 0xff, 0xff, 0x50, 0x0,
    0x0, 0x0, 0x0, 0x0, 0x5f, 0xff, 0xf5, 0x0,
    0x0, 0x0, 0x0, 0x0, 0x5, 0xff, 0xff, 0x50,
    0x0, 0x0, 0x0, 0x0, 0x0, 0x5f, 0xff, 0xf5,
    0x0, 0x0, 0x0, 0x0, 0x0, 0x5, 0xff, 0xff,
    0x50, 0x0, 0x0, 0x0, 0x0, 0x0, 0x5f, 0xff,
    0xf5, 0x0, 0x0, 0x0, 0x0, 0x0, 0x5, 0xff,
    0xff, 0x50, 0x0, 0x0, 0x0, 0x0, 0x0, 0x5f,
    0xff, 0xf5, 0x0, 0x0, 0x0, 0x0, 0x0, 0x5,
    0xff, 0xff, 0x50, 0x0, 0x0, 0x0, 0x0, 0x0,
    0x5f, 0xff, 0xf5, 0x0, 0x0, 0x0, 0x0, 0x0,
    0x5, 0xff, 0xff, 0x50, 0x0, 0x0, 0x0, 0x0,
    0x0, 0x5f, 0xff, 0xf5, 0x0, 0x0, 0x0, 0x0,
    0x0, 0x5, 0xff, 0xff, 0x50, 0x0, 0x0, 0x0,
    0x0, 0x0, 0x5f, 0xff, 0xf5, 0x0, 0x0, 0x0,
    0x0, 0x0, 0x5, 0xff, 0xff, 0x50, 0x0, 0x0,
    0x0, 0x0, 0x0, 0x5f, 0xff, 0xff, 0xff, 0xff,
    0xff, 0xff, 0xff, 0xd5, 0xff, 0xff, 0xff, 0xff,
    0xff, 0xff, 0xff, 0xfe, 0x5f, 0xff, 0xff, 0xff,
    0xff, 0xff, 0xff, 0xff, 0xe5, 0xff, 0xff, 0xff,
    0xff, 0xff, 0xff, 0xff, 0xfe,

    /* U+004D "M" */
    0x5f, 0xff, 0xff, 0xfe, 0x0, 0x0, 0x0, 0x0,
    0x0, 0x0, 0xb, 0xff, 0xff, 0xff, 0x95, 0xff,
    0xff, 0xff, 0xf4, 0x0, 0x0, 0x0, 0x0, 0x0,
    0x1, 0xff, 0xff, 0xff, 0xf9, 0x5f, 0xff, 0xff,
    0xff, 0xa0, 0x0, 0x0, 0x0, 0x0, 0x0, 0x6f,
    0xff, 0xff, 0xff, 0x95, 0xff, 0xff, 0xff, 0xff,
    0x0, 0x0, 0x0, 0x0, 0x0, 0xc, 0xff, 0xff,
    0xff, 0xf9, 0x5f, 0xff, 0xff, 0xff, 0xf5, 0x0,
    0x0, 0x0, 0x0, 0x2, 0xff, 0xff, 0xff, 0xff,
    0x95, 0xff, 0xff, 0xbf, 0xff, 0xb0, 0x0, 0x0,
    0x0, 0x0, 0x8f, 0xff, 0xaf, 0xff, 0xf9, 0x5f,
    0xff, 0xf6, 0xff, 0xff, 0x10, 0x0, 0x0, 0x0,
    0xe, 0xff, 0xf6, 0xff, 0xff, 0x95, 0xff, 0xff,
    0x2f, 0xff, 0xf7, 0x0, 0x0, 0x0, 0x4, 0xff,
    0xff, 0x2f, 0xff, 0xf9, 0x5f, 0xff, 0xf2, 0xbf,
    0xff, 0xd0, 0x0, 0x0, 0x0, 0xaf, 0xff, 0xd0,
    0xff, 0xff, 0x95, 0xff, 0xff, 0x36, 0xff, 0xff,
    0x30, 0x0, 0x0, 0xf, 0xff, 0xf8, 0xf, 0xff,
    0xf9, 0x5f, 0xff, 0xf3, 0x1f, 0xff, 0xf9, 0x0,
    0x0, 0x5, 0xff, 0xff, 0x31, 0xff, 0xff, 0x95,
    0xff, 0xff, 0x30, 0xcf, 0xff, 0xe0, 0x0, 0x0,
    0xbf, 0xff, 0xe0, 0x1f, 0xff, 0xf9, 0x5f, 0xff,
    0xf3, 0x6, 0xff, 0xff, 0x50, 0x0, 0x1f, 0xff,
    0xf9, 0x1, 0xff, 0xff, 0x95, 0xff, 0xff, 0x40,
    0x1f, 0xff, 0xfb, 0x0, 0x7, 0xff, 0xff, 0x30,
    0x1f, 0xff, 0xf9, 0x5f, 0xff, 0xf4, 0x0, 0xbf,
    0xff, 0xf0, 0x0, 0xcf, 0xff, 0xd0, 0x1, 0xff,
    0xff, 0x95, 0xff, 0xff, 0x40, 0x5, 0xff, 0xff,
    0x40, 0xf, 0xff, 0xf7, 0x0, 0x1f, 0xff, 0xf9,
    0x5f, 0xff, 0xf4, 0x0, 0xe, 0xff, 0xf8, 0x5,
    0xff, 0xff, 0x10, 0x1, 0xff, 0xff, 0x95, 0xff,
    0xff, 0x40, 0x0, 0x9f, 0xff, 0xd0, 0x9f, 0xff,
    0xb0, 0x0, 0x1f, 0xff, 0xf9, 0x5f, 0xff, 0xf4,
    0x0, 0x3, 0xff, 0xff, 0x1d, 0xff, 0xf5, 0x0,
    0x1, 0xff, 0xff, 0x95, 0xff, 0xff, 0x40, 0x0,
    0xd, 0xff, 0xf6, 0xff, 0xff, 0x0, 0x0, 0x1f,
    0xff, 0xf9, 0x5f, 0xff, 0xf4, 0x0, 0x0, 0x7f,
    0xff, 0xdf, 0xff, 0x90, 0x0, 0x1, 0xff, 0xff,
    0x95, 0xff, 0xff, 0x40, 0x0, 0x1, 0xff, 0xff,
    0xff, 0xf4, 0x0, 0x0, 0x1f, 0xff, 0xf9, 0x5f,
    0xff, 0xf4, 0x0, 0x0, 0xb, 0xff, 0xff, 0xfe,
    0x0, 0x0, 0x1, 0xff, 0xff, 0x95, 0xff, 0xff,
    0x40, 0x0, 0x0, 0x5f, 0xff, 0xff, 0x80, 0x0,
    0x0, 0x1f, 0xff, 0xf9, 0x5f, 0xff, 0xf4, 0x0,
    0x0, 0x0, 0xef, 0xff, 0xf2, 0x0, 0x0, 0x1,
    0xff, 0xff, 0x95, 0xff, 0xff, 0x40, 0x0, 0x0,
    0x9, 0xff, 0xfc, 0x0, 0x0, 0x0, 0x1f, 0xff,
    0xf9,

    /* U+004E "N" */
    0x5f, 0xff, 0xff, 0x40, 0x0, 0x0, 0x0, 0x0,
    0x1, 0xff, 0xff, 0xb5, 0xff, 0xff, 0xfd, 0x0,
    0x0, 0x0, 0x0, 0x0, 0x1f, 0xff, 0xfb, 0x5f,
    0xff, 0xff, 0xf8, 0x0, 0x0, 0x0, 0x0, 0x1,
    0xff, 0xff, 0xb5, 0xff, 0xff, 0xff, 0xf2, 0x0,
    0x0, 0x0, 0x0, 0x1f, 0xff, 0xfb, 0x5f, 0xff,
    0xff, 0xff, 0xc0, 0x0, 0x0, 0x0, 0x1, 0xff,
    0xff, 0xb5, 0xff, 0xff, 0xff, 0xff, 0x60, 0x0,
    0x0, 0x0, 0x1f, 0xff, 0xfb, 0x5f, 0xff, 0xf9,
    0xff, 0xff, 0x10, 0x0, 0x0, 0x1, 0xff, 0xff,
    0xb5, 0xff, 0xff, 0x3e, 0xff, 0xfa, 0x0, 0x0,
    0x0, 0x1f, 0xff, 0xfb, 0x5f, 0xff, 0xf3, 0x7f,
    0xff, 0xf5, 0x0, 0x0, 0x1, 0xff, 0xff, 0xb5,
    0xff, 0xff, 0x40, 0xef, 0xff, 0xe0, 0x0, 0x0,
    0x1f, 0xff, 0xfb, 0x5f, 0xff, 0xf5, 0x5, 0xff,
    0xff, 0x90, 0x0, 0x1, 0xff, 0xff, 0xb5, 0xff,
    0xff, 0x60, 0xc, 0xff, 0xff, 0x30, 0x0, 0x1f,
    0xff, 0xfb, 0x5f, 0xff, 0xf6, 0x0, 0x2f, 0xff,
    0xfd, 0x0, 0x1, 0xff, 0xff, 0xb5, 0xff, 0xff,
    0x60, 0x0, 0x8f, 0xff, 0xf7, 0x0, 0xf, 0xff,
    0xfb, 0x5f, 0xff, 0xf6, 0x0, 0x0, 0xdf, 0xff,
    0xf2, 0x0, 0xff, 0xff, 0xb5, 0xff, 0xff, 0x60,
    0x0, 0x4, 0xff, 0xff, 0xb0, 0xf, 0xff, 0xfb,
    0x5f, 0xff, 0xf6, 0x0, 0x0, 0xa, 0xff, 0xff,
    0x40, 0xff, 0xff, 0xb5, 0xff, 0xff, 0x60, 0x0,
    0x0, 0x1e, 0xff, 0xfd, 0xf, 0xff, 0xfb, 0x5f,
    0xff, 0xf6, 0x0, 0x0, 0x0, 0x6f, 0xff, 0xf5,
    0xef, 0xff, 0xb5, 0xff, 0xff, 0x60, 0x0, 0x0,
    0x0, 0xbf, 0xff, 0xcd, 0xff, 0xfb, 0x5f, 0xff,
    0xf6, 0x0, 0x0, 0x0, 0x2, 0xff, 0xff, 0xff,
    0xff, 0xb5, 0xff, 0xff, 0x60, 0x0, 0x0, 0x0,
    0x7, 0xff, 0xff, 0xff, 0xfb, 0x5f, 0xff, 0xf6,
    0x0, 0x0, 0x0, 0x0, 0xd, 0xff, 0xff, 0xff,
    0xb5, 0xff, 0xff, 0x60, 0x0, 0x0, 0x0, 0x0,
    0x3f, 0xff, 0xff, 0xfb, 0x5f, 0xff, 0xf6, 0x0,
    0x0, 0x0, 0x0, 0x0, 0x9f, 0xff, 0xff, 0xb5,
    0xff, 0xff, 0x60, 0x0, 0x0, 0x0, 0x0, 0x0,
    0xef, 0xff, 0xfb,

    /* U+004F "O" */
    0x0, 0x0, 0x0, 0x0, 0x49, 0xce, 0xff, 0xeb,
    0x72, 0x0, 0x0, 0x0, 0x0, 0x0, 0x0, 0x5,
    0xdf, 0xff, 0xff, 0xff, 0xff, 0xfb, 0x20, 0x0,
    0x0, 0x0, 0x0, 0xa, 0xff, 0xff, 0xff, 0xff,
    0xff, 0xff, 0xff, 0x60, 0x0, 0x0, 0x0, 0xb,
    0xff, 0xff, 0xff, 0xff, 0xff, 0xff, 0xff, 0xff,
    0x70, 0x0, 0x0, 0x9, 0xff, 0xff, 0xff, 0x95,
    0x44, 0x6b, 0xff, 0xff, 0xff, 0x40, 0x0, 0x4,
    0xff, 0xff, 0xfa, 0x10, 0x0, 0x0, 0x3, 0xdf,
    0xff, 0xfe, 0x0, 0x0, 0xdf, 0xff, 0xf9, 0x0,
    0x0, 0x0, 0x0, 0x1, 0xdf, 0xff, 0xf7, 0x0,
    0x4f, 0xff, 0xfd, 0x0, 0x0, 0x0, 0x0, 0x0,
    0x3, 0xff, 0xff, 0xe0, 0x9, 0xff, 0xff, 0x50,
    0x0, 0x0, 0x0, 0x0, 0x0, 0xb, 0xff, 0xff,
    0x40, 0xdf, 0xff, 0xf0, 0x0, 0x0, 0x0, 0x0,
    0x0, 0x0, 0x5f, 0xff, 0xf8, 0xf, 0xff, 0xfc,
    0x0, 0x0, 0x0, 0x0, 0x0, 0x0, 0x1, 0xff,
    0xff, 0xa1, 0xff, 0xff, 0x90, 0x0, 0x0, 0x0,
    0x0, 0x0, 0x0, 0xf, 0xff, 0xfc, 0x2f, 0xff,
    0xf8, 0x0, 0x0, 0x0, 0x0, 0x0, 0x0, 0x0,
    0xef, 0xff, 0xd2, 0xff, 0xff, 0x80, 0x0, 0x0,
    0x0, 0x0, 0x0, 0x0, 0xe, 0xff, 0xfd, 0x1f,
    0xff, 0xf9, 0x0, 0x0, 0x0, 0x0, 0x0, 0x0,
    0x0, 0xff, 0xff, 0xc0, 0xff, 0xff, 0xc0, 0x0,
    0x0, 0x0, 0x0, 0x0, 0x0, 0x1f, 0xff, 0xfa,
    0xd, 0xff, 0xff, 0x0, 0x0, 0x0, 0x0, 0x0,
    0x0, 0x5, 0xff, 0xff, 0x80, 0x9f, 0xff, 0xf5,
    0x0, 0x0, 0x0, 0x0, 0x0, 0x0, 0xbf, 0xff,
    0xf4, 0x4, 0xff, 0xff, 0xd0, 0x0, 0x0, 0x0,
    0x0, 0x0, 0x3f, 0xff, 0xfe, 0x0, 0xd, 0xff,
    0xff, 0x90, 0x0, 0x0, 0x0, 0x0, 0x1d, 0xff,
    0xff, 0x80, 0x0, 0x4f, 0xff, 0xff, 0xa1, 0x0,
    0x0, 0x0, 0x3d, 0xff, 0xff, 0xe1, 0x0, 0x0,
    0xaf, 0xff, 0xff, 0xf9, 0x54, 0x46, 0xbf, 0xff,
    0xff, 0xf5, 0x0, 0x0, 0x0, 0xbf, 0xff, 0xff,
    0xff, 0xff, 0xff, 0xff, 0xff, 0xf7, 0x0, 0x0,
    0x0, 0x0, 0xaf, 0xff, 0xff, 0xff, 0xff, 0xff,
    0xff, 0xf6, 0x0, 0x0, 0x0, 0x0, 0x0, 0x5d,
    0xff, 0xff, 0xff, 0xff, 0xff, 0xb2, 0x0, 0x0,
    0x0, 0x0, 0x0, 0x0, 0x4, 0x9c, 0xef, 0xfe,
    0xb7, 0x20, 0x0, 0x0, 0x0,

    /* U+0050 "P" */
    0x5f, 0xff, 0xff, 0xff, 0xff, 0xff, 0xda, 0x50,
    0x0, 0x0, 0x5f, 0xff, 0xff, 0xff, 0xff, 0xff,
    0xff, 0xfd, 0x30, 0x0, 0x5f, 0xff, 0xff, 0xff,
    0xff, 0xff, 0xff, 0xff, 0xf5, 0x0, 0x5f, 0xff,
    0xff, 0xff, 0xff, 0xff, 0xff, 0xff, 0xff, 0x30,
    0x5f, 0xff, 0xf5, 0x0, 0x0, 0x2, 0x7f, 0xff,
    0xff, 0xc0, 0x5f, 0xff, 0xf5, 0x0, 0x0, 0x0,
    0x3, 0xff, 0xff, 0xf2, 0x5f, 0xff, 0xf5, 0x0,
    0x0, 0x0, 0x0, 0x8f, 0xff, 0xf7, 0x5f, 0xff,
    0xf5, 0x0, 0x0, 0x0, 0x0, 0x4f, 0xff, 0xf9,
    0x5f, 0xff, 0xf5, 0x0, 0x0, 0x0, 0x0, 0x2f,
    0xff, 0xfa, 0x5f, 0xff, 0xf5, 0x0, 0x0, 0x0,
    0x0, 0x3f, 0xff, 0xf9, 0x5f, 0xff, 0xf5, 0x0,
    0x0, 0x0, 0x0, 0x8f, 0xff, 0xf7, 0x5f, 0xff,
    0xf5, 0x0, 0x0, 0x0, 0x2, 0xff, 0xff, 0xf2,
    0x5f, 0xff, 0xf5, 0x0, 0x0, 0x1, 0x6e, 0xff,
    0xff, 0xc0, 0x5f, 0xff, 0xfe, 0xee, 0xee, 0xef,
    0xff, 0xff, 0xff, 0x30, 0x5f, 0xff, 0xff, 0xff,
    0xff, 0xff, 0xff, 0xff, 0xf5, 0x0, 0x5f, 0xff,
    0xff, 0xff, 0xff, 0xff, 0xff, 0xfd, 0x30, 0x0,
    0x5f, 0xff, 0xff, 0xff, 0xff, 0xff, 0xda, 0x50,
    0x0, 0x0, 0x5f, 0xff, 0xf5, 0x0, 0x0, 0x0,
    0x0, 0x0, 0x0, 0x0, 0x5f, 0xff, 0xf5, 0x0,
    0x0, 0x0, 0x0, 0x0, 0x0, 0x0, 0x5f, 0xff,
    0xf5, 0x0, 0x0, 0x0, 0x0, 0x0, 0x0, 0x0,
    0x5f, 0xff, 0xf5, 0x0, 0x0, 0x0, 0x0, 0x0,
    0x0, 0x0, 0x5f, 0xff, 0xf5, 0x0, 0x0, 0x0,
    0x0, 0x0, 0x0, 0x0, 0x5f, 0xff, 0xf5, 0x0,
    0x0, 0x0, 0x0, 0x0, 0x0, 0x0, 0x5f, 0xff,
    0xf5, 0x0, 0x0, 0x0, 0x0, 0x0, 0x0, 0x0,
    0x5f, 0xff, 0xf5, 0x0, 0x0, 0x0, 0x0, 0x0,
    0x0, 0x0, 0x5f, 0xff, 0xf5, 0x0, 0x0, 0x0,
    0x0, 0x0, 0x0, 0x0,

    /* U+0051 "Q" */
    0x0, 0x0, 0x0, 0x0, 0x49, 0xce, 0xff, 0xeb,
    0x72, 0x0, 0x0, 0x0, 0x0, 0x0, 0x0, 0x5,
    0xdf, 0xff, 0xff, 0xff, 0xff, 0xfb, 0x20, 0x0,
    0x0, 0x0, 0x0, 0xa, 0xff, 0xff, 0xff, 0xff,
    0xff, 0xff, 0xff, 0x60, 0x0, 0x0, 0x0, 0xb,
    0xff, 0xff, 0xff, 0xff, 0xff, 0xff, 0xff, 0xff,
    0x70, 0x0, 0x0, 0x9, 0xff, 0xff, 0xff, 0x95,
    0x44, 0x6b, 0xff, 0xff, 0xff, 0x50, 0x0, 0x4,
    0xff, 0xff, 0xfa, 0x10, 0x0, 0x0, 0x3, 0xdf,
    0xff, 0xfe, 0x10, 0x0, 0xdf, 0xff, 0xf9, 0x0,
    0x0, 0x0, 0x0, 0x1, 0xdf, 0xff, 0xf8, 0x0,
    0x4f, 0xff, 0xfd, 0x0, 0x0, 0x0, 0x0, 0x0,
    0x3, 0xff, 0xff, 0xe0, 0x9, 0xff, 0xff, 0x50,
    0x0, 0x0, 0x0, 0x0, 0x0, 0xb, 0xff, 0xff,
    0x40, 0xdf, 0xff, 0xf0, 0x0, 0x0, 0x0, 0x0,
    0x0, 0x0, 0x5f, 0xff, 0xf8, 0xf, 0xff, 0xfc,
    0x0, 0x0, 0x0, 0x0, 0x0, 0x0, 0x1, 0xff,
    0xff, 0xa1, 0xff, 0xff, 0x90, 0x0, 0x0, 0x0,
    0x0, 0x0, 0x0, 0xf, 0xff, 0xfc, 0x2f, 0xff,
    0xf8, 0x0, 0x0, 0x0, 0x0, 0x0, 0x0, 0x0,
    0xef, 0xff, 0xd2, 0xff, 0xff, 0x80, 0x0, 0x0,
    0x0, 0x0, 0x0, 0x0, 0xe, 0xff, 0xfd, 0x1f,
    0xff, 0xf9, 0x0, 0x0, 0x0, 0x0, 0x0, 0x0,
    0x0, 0xff, 0xff, 0xc0, 0xff, 0xff, 0xc0, 0x0,
    0x0, 0x0, 0x0, 0x0, 0x0, 0x1f, 0xff, 0xfa,
    0xd, 0xff, 0xff, 0x0, 0x0, 0x0, 0x0, 0x0,
    0x0, 0x5, 0xff, 0xff, 0x70, 0x9f, 0xff, 0xf5,
    0x0, 0x0, 0x3d, 0xee, 0xc0, 0x0, 0xbf, 0xff,
    0xf3, 0x4, 0xff, 0xff, 0xd0, 0x0, 0x0, 0x8f,
    0xff, 0xb0, 0x3f, 0xff, 0xfe, 0x0, 0xd, 0xff,
    0xff, 0x90, 0x0, 0x0, 0xbf, 0xff, 0x9d, 0xff,
    0xff, 0x60, 0x0, 0x4f, 0xff, 0xff, 0xa1, 0x0,
    0x1, 0xdf, 0xff, 0xff, 0xff, 0xd0, 0x0, 0x0,
    0xaf, 0xff, 0xff, 0xf9, 0x54, 0x49, 0xff, 0xff,
    0xff, 0xf3, 0x0, 0x0, 0x0, 0xbf, 0xff, 0xff,
    0xff, 0xff, 0xff, 0xff, 0xff, 0xf4, 0x0, 0x0,
    0x0, 0x0, 0xaf, 0xff, 0xff, 0xff, 0xff, 0xff,
    0xff, 0xfd, 0x0, 0x0, 0x0, 0x0, 0x0, 0x5d,
    0xff, 0xff, 0xff, 0xff, 0xff, 0xff, 0xf9, 0x0,
    0x0, 0x0, 0x0, 0x0, 0x4, 0x9c, 0xef, 0xfd,
    0xb6, 0x4f, 0xff, 0xf5, 0x0, 0x0, 0x0, 0x0,
    0x0, 0x0, 0x0, 0x0, 0x0, 0x0, 0x6f, 0xff,
    0xf2, 0x0, 0x0, 0x0, 0x0, 0x0, 0x0, 0x0,
    0x0, 0x0, 0x0, 0xaf, 0xff, 0xd0,

    /* U+0052 "R" */
    0x5f, 0xff, 0xff, 0xff, 0xff, 0xfe, 0xda, 0x60,
    0x0, 0x0, 0x5, 0xff, 0xff, 0xff, 0xff, 0xff,
    0xff, 0xff, 0xe5, 0x0, 0x0, 0x5f, 0xff, 0xff,
    0xff, 0xff, 0xff, 0xff, 0xff, 0xf8, 0x0, 0x5,
    0xff, 0xff, 0xff, 0xff, 0xff, 0xff, 0xff, 0xff,
    0xf5, 0x0, 0x5f, 0xff, 0xf5, 0x0, 0x0, 0x2,
    0x6e, 0xff, 0xff, 0xd0, 0x5, 0xff, 0xff, 0x50,
    0x0, 0x0, 0x0, 0x1e, 0xff, 0xff, 0x40, 0x5f,
    0xff, 0xf5, 0x0, 0x0, 0x0, 0x0, 0x6f, 0xff,
    0xf8, 0x5, 0xff, 0xff, 0x50, 0x0, 0x0, 0x0,
    0x3, 0xff, 0xff, 0x90, 0x5f, 0xff, 0xf5, 0x0,
    0x0, 0x0, 0x0, 0x2f, 0xff, 0xfa, 0x5, 0xff,
    0xff, 0x50, 0x0, 0x0, 0x0, 0x5, 0xff, 0xff,
    0x80, 0x5f, 0xff, 0xf5, 0x0, 0x0, 0x0, 0x0,
    0xdf, 0xff, 0xf5, 0x5, 0xff, 0xff, 0x50, 0x0,
    0x0, 0x15, 0xdf, 0xff, 0xfe, 0x0, 0x5f, 0xff,
    0xfe, 0xee, 0xee, 0xff, 0xff, 0xff, 0xff, 0x60,
    0x5, 0xff, 0xff, 0xff, 0xff, 0xff, 0xff, 0xff,
    0xff, 0x90, 0x0, 0x5f, 0xff, 0xff, 0xff, 0xff,
    0xff, 0xff, 0xfe, 0x60, 0x0, 0x5, 0xff, 0xff,
    0xff, 0xff, 0xff, 0xff, 0xff, 0x20, 0x0, 0x0,
    0x5f, 0xff, 0xf5, 0x0, 0x0, 0x8f, 0xff, 0xfa,
    0x0, 0x0, 0x5, 0xff, 0xff, 0x50, 0x0, 0x1,
    0xff, 0xff, 0xf2, 0x0, 0x0, 0x5f, 0xff, 0xf5,
    0x0, 0x0, 0x7, 0xff, 0xff, 0xa0, 0x0, 0x5,
    0xff, 0xff, 0x50, 0x0, 0x0, 0xe, 0xff, 0xff,
    0x30, 0x0, 0x5f, 0xff, 0xf5, 0x0, 0x0, 0x0,
    0x7f, 0xff, 0xfb, 0x0, 0x5, 0xff, 0xff, 0x50,
    0x0, 0x0, 0x0, 0xef, 0xff, 0xf4, 0x0, 0x5f,
    0xff, 0xf5, 0x0, 0x0, 0x0, 0x6, 0xff, 0xff,
    0xc0, 0x5, 0xff, 0xff, 0x50, 0x0, 0x0, 0x0,
    0xe, 0xff, 0xff, 0x40, 0x5f, 0xff, 0xf5, 0x0,
    0x0, 0x0, 0x0, 0x6f, 0xff, 0xfd, 0x5, 0xff,
    0xff, 0x50, 0x0, 0x0, 0x0, 0x0, 0xdf, 0xff,
    0xf5,

    /* U+0053 "S" */
    0x0, 0x0, 0x0, 0x38, 0xcd, 0xff, 0xdb, 0x72,
    0x0, 0x0, 0x0, 0x0, 0x2, 0xbf, 0xff, 0xff,
    0xff, 0xff, 0xfa, 0x10, 0x0, 0x0, 0x5, 0xff,
    0xff, 0xff, 0xff, 0xff, 0xff, 0xfe, 0x20, 0x0,
    0x5, 0xff, 0xff, 0xff, 0xff, 0xff, 0xff, 0xff,
    0xfe, 0x10, 0x0, 0xef, 0xff, 0xfe, 0x72, 0x11,
    0x38, 0xef, 0xff, 0xfa, 0x0, 0x5f, 0xff, 0xfc,
    0x0, 0x0, 0x0, 0x1, 0xef, 0xff, 0xf1, 0x8,
    0xff, 0xff, 0x40, 0x0, 0x0, 0x0, 0x6, 0xff,
    0xff, 0x40, 0x9f, 0xff, 0xf2, 0x0, 0x0, 0x0,
    0x0, 0x15, 0x55, 0x52, 0x7, 0xff, 0xff, 0x70,
    0x0, 0x0, 0x0, 0x0, 0x0, 0x0, 0x0, 0x3f,
    0xff, 0xff, 0x70, 0x0, 0x0, 0x0, 0x0, 0x0,
    0x0, 0x0, 0xbf, 0xff, 0xff, 0xe9, 0x40, 0x0,
    0x0, 0x0, 0x0, 0x0, 0x1, 0xdf, 0xff, 0xff,
    0xff, 0xfc, 0x73, 0x0, 0x0, 0x0, 0x0, 0x0,
    0x9f, 0xff, 0xff, 0xff, 0xff, 0xfd, 0x60, 0x0,
    0x0, 0x0, 0x0, 0x28, 0xef, 0xff, 0xff, 0xff,
    0xff, 0xd3, 0x0, 0x0, 0x0, 0x0, 0x0, 0x26,
    0xae, 0xff, 0xff, 0xff, 0xf3, 0x0, 0x0, 0x0,
    0x0, 0x0, 0x0, 0x3, 0x9f, 0xff, 0xff, 0xe0,
    0x0, 0x0, 0x0, 0x0, 0x0, 0x0, 0x0, 0x1b,
    0xff, 0xff, 0x60, 0x0, 0x0, 0x0, 0x0, 0x0,
    0x0, 0x0, 0x1f, 0xff, 0xfa, 0x3e, 0xee, 0xe5,
    0x0, 0x0, 0x0, 0x0, 0x0, 0xff, 0xff, 0xb2,
    0xff, 0xff, 0xa0, 0x0, 0x0, 0x0, 0x0, 0x3f,
    0xff, 0xfa, 0xd, 0xff, 0xff, 0x60, 0x0, 0x0,
    0x0, 0x1d, 0xff, 0xff, 0x70, 0x7f, 0xff, 0xff,
    0xc6, 0x21, 0x13, 0x8f, 0xff, 0xff, 0xf1, 0x0,
    0xdf, 0xff, 0xff, 0xff, 0xff, 0xff, 0xff, 0xff,
    0xf8, 0x0, 0x1, 0xdf, 0xff, 0xff, 0xff, 0xff,
    0xff, 0xff, 0xf9, 0x0, 0x0, 0x0, 0x8f, 0xff,
    0xff, 0xff, 0xff, 0xff, 0xe5, 0x0, 0x0, 0x0,
    0x0, 0x16, 0xad, 0xef, 0xfd, 0xc8, 0x40, 0x0,
    0x0,

    /* U+0054 "T" */
    0x8f, 0xff, 0xff, 0xff, 0xff, 0xff, 0xff, 0xff,
    0xff, 0xff, 0xf5, 0x8f, 0xff, 0xff, 0xff, 0xff,
    0xff, 0xff, 0xff, 0xff, 0xff, 0xf5, 0x8f, 0xff,
    0xff, 0xff, 0xff, 0xff, 0xff, 0xff, 0xff, 0xff,
    0xf5, 0x8f, 0xff, 0xff, 0xff, 0xff, 0xff, 0xff,
    0xff, 0xff, 0xff, 0xf4, 0x0, 0x0, 0x0, 0x0,
    0x7f, 0xff, 0xf3, 0x0, 0x0, 0x0, 0x0, 0x0,
    0x0, 0x0, 0x0, 0x7f, 0xff, 0xf3, 0x0, 0x0,
    0x0, 0x0, 0x0, 0x0, 0x0, 0x0, 0x7f, 0xff,
    0xf3, 0x0, 0x0, 0x0, 0x0, 0x0, 0x0, 0x0,
    0x0, 0x7f, 0xff, 0xf3, 0x0, 0x0, 0x0, 0x0,
    0x0, 0x0, 0x0, 0x0, 0x7f, 0xff, 0xf3, 0x0,
    0x0, 0x0, 0x0, 0x0, 0x0, 0x0, 0x0, 0x7f,
    0xff, 0xf3, 0x0, 0x0, 0x0, 0x0, 0x0, 0x0,
    0x0, 0x0, 0x7f, 0xff, 0xf3, 0x0, 0x0, 0x0,
    0x0, 0x0, 0x0, 0x0, 0x0, 0x7f, 0xff, 0xf3,
    0x0, 0x0, 0x0, 0x0, 0x0, 0x0, 0x0, 0x0,
    0x7f, 0xff, 0xf3, 0x0, 0x0, 0x0, 0x0, 0x0,
    0x0, 0x0, 0x0, 0x7f, 0xff, 0xf3, 0x0, 0x0,
    0x0, 0x0, 0x0, 0x0, 0x0, 0x0, 0x7f, 0xff,
    0xf3, 0x0, 0x0, 0x0, 0x0, 0x0, 0x0, 0x0,
    0x0, 0x7f, 0xff, 0xf3, 0x0, 0x0, 0x0, 0x0,
    0x0, 0x0, 0x0, 0x0, 0x7f, 0xff, 0xf3, 0x0,
    0x0, 0x0, 0x0, 0x0, 0x0, 0x0, 0x0, 0x7f,
    0xff, 0xf3, 0x0, 0x0, 0x0, 0x0, 0x0, 0x0,
    0x0, 0x0, 0x7f, 0xff, 0xf3, 0x0, 0x0, 0x0,
    0x0, 0x0, 0x0, 0x0, 0x0, 0x7f, 0xff, 0xf3,
    0x0, 0x0, 0x0, 0x0, 0x0, 0x0, 0x0, 0x0,
    0x7f, 0xff, 0xf3, 0x0, 0x0, 0x0, 0x0, 0x0,
    0x0, 0x0, 0x0, 0x7f, 0xff, 0xf3, 0x0, 0x0,
    0x0, 0x0, 0x0, 0x0, 0x0, 0x0, 0x7f, 0xff,
    0xf3, 0x0, 0x0, 0x0, 0x0, 0x0, 0x0, 0x0,
    0x0, 0x7f, 0xff, 0xf3, 0x0, 0x0, 0x0, 0x0,
    0x0, 0x0, 0x0, 0x0, 0x7f, 0xff, 0xf3, 0x0,
    0x0, 0x0, 0x0, 0x0, 0x0, 0x0, 0x0, 0x7f,
    0xff, 0xf3, 0x0, 0x0, 0x0, 0x0,

    /* U+0055 "U" */
    0x5f, 0xff, 0xf5, 0x0, 0x0, 0x0, 0x0, 0x0,
    0xd, 0xff, 0xfe, 0x5f, 0xff, 0xf5, 0x0, 0x0,
    0x0, 0x0, 0x0, 0xd, 0xff, 0xfe, 0x5f, 0xff,
    0xf5, 0x0, 0x0, 0x0, 0x0, 0x0, 0xd, 0xff,
    0xfe, 0x5f, 0xff, 0xf5, 0x0, 0x0, 0x0, 0x0,
    0x0, 0xd, 0xff, 0xfe, 0x5f, 0xff, 0xf5, 0x0,
    0x0, 0x0, 0x0, 0x0, 0xd, 0xff, 0xfe, 0x5f,
    0xff, 0xf5, 0x0, 0x0, 0x0, 0x0, 0x0, 0xd,
    0xff, 0xfe, 0x5f, 0xff, 0xf5, 0x0, 0x0, 0x0,
    0x0, 0x0, 0xd, 0xff, 0xfe, 0x5f, 0xff, 0xf5,
    0x0, 0x0, 0x0, 0x0, 0x0, 0xd, 0xff, 0xfe,
    0x5f, 0xff, 0xf5, 0x0, 0x0, 0x0, 0x0, 0x0,
    0xd, 0xff, 0xfe, 0x5f, 0xff, 0xf5, 0x0, 0x0,
    0x0, 0x0, 0x0, 0xd, 0xff, 0xfe, 0x5f, 0xff,
    0xf5, 0x0, 0x0, 0x0, 0x0, 0x0, 0xd, 0xff,
    0xfe, 0x5f, 0xff, 0xf5, 0x0, 0x0, 0x0, 0x0,
    0x0, 0xd, 0xff, 0xfe, 0x5f, 0xff, 0xf5, 0x0,
    0x0, 0x0, 0x0, 0x0, 0xd, 0xff, 0xfe, 0x5f,
    0xff, 0xf5, 0x0, 0x0, 0x0, 0x0, 0x0, 0xd,
    0xff, 0xfe, 0x5f, 0xff, 0xf5, 0x0, 0x0, 0x0,
    0x0, 0x0, 0xd, 0xff, 0xfe, 0x5f, 0xff, 0xf5,
    0x0, 0x0, 0x0, 0x0, 0x0, 0xd, 0xff, 0xfe,
    0x5f, 0xff, 0xf5, 0x0, 0x0, 0x0, 0x0, 0x0,
    0xd, 0xff, 0xfd, 0x5f, 0xff, 0xf7, 0x0, 0x0,
    0x0, 0x0, 0x0, 0xf, 0xff, 0xfd, 0x3f, 0xff,
    0xfc, 0x0, 0x0, 0x0, 0x0, 0x0, 0x4f, 0xff,
    0xfb, 0xe, 0xff, 0xff, 0x50, 0x0, 0x0, 0x0,
    0x0, 0xdf, 0xff, 0xf7, 0x9, 0xff, 0xff, 0xf5,
    0x0, 0x0, 0x0, 0x1b, 0xff, 0xff, 0xf1, 0x1,
    0xff, 0xff, 0xff, 0xc6, 0x43, 0x59, 0xff, 0xff,
    0xff, 0x80, 0x0, 0x5f, 0xff, 0xff, 0xff, 0xff,
    0xff, 0xff, 0xff, 0xfc, 0x0, 0x0, 0x5, 0xff,
    0xff, 0xff, 0xff, 0xff, 0xff, 0xff, 0xb1, 0x0,
    0x0, 0x0, 0x2b, 0xff, 0xff, 0xff, 0xff, 0xff,
    0xe7, 0x0, 0x0, 0x0, 0x0, 0x0, 0x28, 0xbe,
    0xff, 0xfd, 0xa5, 0x0, 0x0, 0x0,

    /* U+0056 "V" */
    0xe, 0xff, 0xff, 0x30, 0x0, 0x0, 0x0, 0x0,
    0x0, 0x0, 0xff, 0xff, 0xf2, 0x9, 0xff, 0xff,
    0x80, 0x0, 0x0, 0x0, 0x0, 0x0, 0x4, 0xff,
    0xff, 0xc0, 0x3, 0xff, 0xff, 0xe0, 0x0, 0x0,
    0x0, 0x0, 0x0, 0xa, 0xff, 0xff, 0x70, 0x0,
    0xdf, 0xff, 0xf3, 0x0, 0x0, 0x0, 0x0, 0x0,
    0xe, 0xff, 0xff, 0x10, 0x0, 0x8f, 0xff, 0xf9,
    0x0, 0x0, 0x0, 0x0, 0x0, 0x4f, 0xff, 0xfb,
    0x0, 0x0, 0x2f, 0xff, 0xfe, 0x0, 0x0, 0x0,
    0x0, 0x0, 0xaf, 0xff, 0xf6, 0x0, 0x0, 0xc,
    0xff, 0xff, 0x40, 0x0, 0x0, 0x0, 0x0, 0xef,
    0xff, 0xf1, 0x0, 0x0, 0x6, 0xff, 0xff, 0x90,
    0x0, 0x0, 0x0, 0x4, 0xff, 0xff, 0xa0, 0x0,
    0x0, 0x1, 0xff, 0xff, 0xe0, 0x0, 0x0, 0x0,
    0xa, 0xff, 0xff, 0x50, 0x0, 0x0, 0x0, 0xbf,
    0xff, 0xf4, 0x0, 0x0, 0x0, 0xe, 0xff, 0xff,
    0x0, 0x0, 0x0, 0x0, 0x5f, 0xff, 0xfa, 0x0,
    0x0, 0x0, 0x4f, 0xff, 0xf9, 0x0, 0x0, 0x0,
    0x0, 0xf, 0xff, 0xff, 0x0, 0x0, 0x0, 0xaf,
    0xff, 0xf4, 0x0, 0x0, 0x0, 0x0, 0xa, 0xff,
    0xff, 0x50, 0x0, 0x0, 0xef, 0xff, 0xe0, 0x0,
    0x0, 0x0, 0x0, 0x4, 0xff, 0xff, 0xa0, 0x0,
    0x4, 0xff, 0xff, 0x90, 0x0, 0x0, 0x0, 0x0,
    0x0, 0xef, 0xff, 0xf0, 0x0, 0x9, 0xff, 0xff,
    0x30, 0x0, 0x0, 0x0, 0x0, 0x0, 0x8f, 0xff,
    0xf4, 0x0, 0xe, 0xff, 0xfd, 0x0, 0x0, 0x0,
    0x0, 0x0, 0x0, 0x3f, 0xff, 0xf9, 0x0, 0x3f,
    0xff, 0xf8, 0x0, 0x0, 0x0, 0x0, 0x0, 0x0,
    0xd, 0xff, 0xfe, 0x0, 0x7f, 0xff, 0xf2, 0x0,
    0x0, 0x0, 0x0, 0x0, 0x0, 0x7, 0xff, 0xff,
    0x20, 0xcf, 0xff, 0xc0, 0x0, 0x0, 0x0, 0x0,
    0x0, 0x0, 0x1, 0xff, 0xff, 0x70, 0xff, 0xff,
    0x70, 0x0, 0x0, 0x0, 0x0, 0x0, 0x0, 0x0,
    0xcf, 0xff, 0xb5, 0xff, 0xff, 0x10, 0x0, 0x0,
    0x0, 0x0, 0x0, 0x0, 0x0, 0x6f, 0xff, 0xf9,
    0xff, 0xfb, 0x0, 0x0, 0x0, 0x0, 0x0, 0x0,
    0x0, 0x0, 0x1f, 0xff, 0xff, 0xff, 0xf6, 0x0,
    0x0, 0x0, 0x0, 0x0, 0x0, 0x0, 0x0, 0xa,
    0xff, 0xff, 0xff, 0xf1, 0x0, 0x0, 0x0, 0x0,
    0x0, 0x0, 0x0, 0x0, 0x5, 0xff, 0xff, 0xff,
    0xa0, 0x0, 0x0, 0x0, 0x0, 0x0, 0x0, 0x0,
    0x0, 0x0, 0xef, 0xff, 0xff, 0x50, 0x0, 0x0,
    0x0, 0x0,

    /* U+0057 "W" */
    0xf, 0xff, 0xff, 0x0, 0x0, 0x0, 0x0, 0x4,
    0xff, 0xff, 0xf0, 0x0, 0x0, 0x0, 0x0, 0x5f,
    0xff, 0xfb, 0xb, 0xff, 0xff, 0x40, 0x0, 0x0,
    0x0, 0x8, 0xff, 0xff, 0xf3, 0x0, 0x0, 0x0,
    0x0, 0x9f, 0xff, 0xf6, 0x7, 0xff, 0xff, 0x80,
    0x0, 0x0, 0x0, 0xc, 0xff, 0xff, 0xf7, 0x0,
    0x0, 0x0, 0x0, 0xdf, 0xff, 0xf2, 0x2, 0xff,
    0xff, 0xc0, 0x0, 0x0, 0x0, 0xf, 0xff, 0xff,
    0xfb, 0x0, 0x0, 0x0, 0x1, 0xff, 0xff, 0xe0,
    0x0, 0xef, 0xff, 0xf0, 0x0, 0x0, 0x0, 0x4f,
    0xff, 0xff, 0xff, 0x0, 0x0, 0x0, 0x5, 0xff,
    0xff, 0x90, 0x0, 0xaf, 0xff, 0xf4, 0x0, 0x0,
    0x0, 0x8f, 0xff, 0xff, 0xff, 0x30, 0x0, 0x0,
    0x9, 0xff, 0xff, 0x50, 0x0, 0x5f, 0xff, 0xf8,
    0x0, 0x0, 0x0, 0xcf, 0xff, 0xaf, 0xff, 0x80,
    0x0, 0x0, 0xd, 0xff, 0xff, 0x10, 0x0, 0x1f,
    0xff, 0xfc, 0x0, 0x0, 0x0, 0xff, 0xff, 0x5f,
    0xff, 0xc0, 0x0, 0x0, 0x1f, 0xff, 0xfc, 0x0,
    0x0, 0xd, 0xff, 0xff, 0x0, 0x0, 0x4, 0xff,
    0xfd, 0x2f, 0xff, 0xf0, 0x0, 0x0, 0x4f, 0xff,
    0xf8, 0x0, 0x0, 0x8, 0xff, 0xff, 0x40, 0x0,
    0x8, 0xff, 0xf9, 0xe, 0xff, 0xf4, 0x0, 0x0,
    0x8f, 0xff, 0xf4, 0x0, 0x0, 0x4, 0xff, 0xff,
    0x80, 0x0, 0xd, 0xff, 0xf6, 0xb, 0xff, 0xf8,
    0x0, 0x0, 0xcf, 0xff, 0xf0, 0x0, 0x0, 0x0,
    0xff, 0xff, 0xb0, 0x0, 0x1f, 0xff, 0xf2, 0x7,
    0xff, 0xfc, 0x0, 0x0, 0xff, 0xff, 0xb0, 0x0,
    0x0, 0x0, 0xbf, 0xff, 0xf0, 0x0, 0x5f, 0xff,
    0xe0, 0x3, 0xff, 0xff, 0x0, 0x4, 0xff, 0xff,
    0x70, 0x0, 0x0, 0x0, 0x7f, 0xff, 0xf3, 0x0,
    0x9f, 0xff, 0xa0, 0x0, 0xef, 0xff, 0x40, 0x8,
    0xff, 0xff, 0x20, 0x0, 0x0, 0x0, 0x2f, 0xff,
    0xf7, 0x0, 0xdf, 0xff, 0x60, 0x0, 0xaf, 0xff,
    0x80, 0xb, 0xff, 0xfe, 0x0, 0x0, 0x0, 0x0,
    0xe, 0xff, 0xfa, 0x0, 0xff, 0xff, 0x10, 0x0,
    0x6f, 0xff, 0xb0, 0xf, 0xff, 0xf9, 0x0, 0x0,
    0x0, 0x0, 0xa, 0xff, 0xfd, 0x4, 0xff, 0xfd,
    0x0, 0x0, 0x2f, 0xff, 0xf0, 0x2f, 0xff, 0xf5,
    0x0, 0x0, 0x0, 0x0, 0x5, 0xff, 0xff, 0x17,
    0xff, 0xf9, 0x0, 0x0, 0xe, 0xff, 0xf3, 0x5f,
    0xff, 0xf1, 0x0, 0x0, 0x0, 0x0, 0x1, 0xff,
    0xff, 0x3a, 0xff, 0xf5, 0x0, 0x0, 0x9, 0xff,
    0xf6, 0x8f, 0xff, 0xc0, 0x0, 0x0, 0x0, 0x0,
    0x0, 0xdf, 0xff, 0x6d, 0xff, 0xf1, 0x0, 0x0,
    0x5, 0xff, 0xf9, 0xbf, 0xff, 0x80, 0x0, 0x0,
    0x0, 0x0, 0x0, 0x8f, 0xff, 0xaf, 0xff, 0xc0,
    0x0, 0x0, 0x1, 0xff, 0xfc, 0xef, 0xff, 0x40,
    0x0, 0x0, 0x0, 0x0, 0x0, 0x4f, 0xff, 0xff,
    0xff, 0x80, 0x0, 0x0, 0x0, 0xdf, 0xff, 0xff,
    0xff, 0x0, 0x0, 0x0, 0x0, 0x0, 0x0, 0xf,
    0xff, 0xff, 0xff, 0x40, 0x0, 0x0, 0x0, 0x8f,
    0xff, 0xff, 0xfb, 0x0, 0x0, 0x0, 0x0, 0x0,
    0x0, 0xb, 0xff, 0xff, 0xff, 0x0, 0x0, 0x0,
    0x0, 0x4f, 0xff, 0xff, 0xf7, 0x0, 0x0, 0x0,
    0x0, 0x0, 0x0, 0x7, 0xff, 0xff, 0xfb, 0x0,
    0x0, 0x0, 0x0, 0xf, 0xff, 0xff, 0xf2, 0x0,
    0x0, 0x0, 0x0, 0x0, 0x0, 0x2, 0xff, 0xff,
    0xf7, 0x0, 0x0, 0x0, 0x0, 0xc, 0xff, 0xff,
    0xe0, 0x0, 0x0, 0x0,

    /* U+0058 "X" */
    0x1, 0xef, 0xff, 0xf7, 0x0, 0x0, 0x0, 0x0,
    0x0, 0x5f, 0xff, 0xfe, 0x10, 0x4, 0xff, 0xff,
    0xf2, 0x0, 0x0, 0x0, 0x0, 0x1e, 0xff, 0xff,
    0x40, 0x0, 0x9, 0xff, 0xff, 0xc0, 0x0, 0x0,
    0x0, 0xb, 0xff, 0xff, 0x90, 0x0, 0x0, 0xe,
    0xff, 0xff, 0x70, 0x0, 0x0, 0x6, 0xff, 0xff,
    0xd0, 0x0, 0x0, 0x0, 0x4f, 0xff, 0xff, 0x20,
    0x0, 0x2, 0xff, 0xff, 0xf3, 0x0, 0x0, 0x0,
    0x0, 0x9f, 0xff, 0xfc, 0x0, 0x0, 0xbf, 0xff,
    0xf8, 0x0, 0x0, 0x0, 0x0, 0x0, 0xdf, 0xff,
    0xf5, 0x0, 0x5f, 0xff, 0xfd, 0x0, 0x0, 0x0,
    0x0, 0x0, 0x3, 0xff, 0xff, 0xe0, 0xe, 0xff,
    0xff, 0x20, 0x0, 0x0, 0x0, 0x0, 0x0, 0x8,
    0xff, 0xff, 0x77, 0xff, 0xff, 0x70, 0x0, 0x0,
    0x0, 0x0, 0x0, 0x0, 0xd, 0xff, 0xfe, 0xef,
    0xff, 0xc0, 0x0, 0x0, 0x0, 0x0, 0x0, 0x0,
    0x0, 0x2f, 0xff, 0xff, 0xff, 0xf2, 0x0, 0x0,
    0x0, 0x0, 0x0, 0x0, 0x0, 0x0, 0x7f, 0xff,
    0xff, 0xf6, 0x0, 0x0, 0x0, 0x0, 0x0, 0x0,
    0x0, 0x0, 0x0, 0xdf, 0xff, 0xfd, 0x0, 0x0,
    0x0, 0x0, 0x0, 0x0, 0x0, 0x0, 0x0, 0x3f,
    0xff, 0xff, 0xf5, 0x0, 0x0, 0x0, 0x0, 0x0,
    0x0, 0x0, 0x0, 0xd, 0xff, 0xff, 0xff, 0xe1,
    0x0, 0x0, 0x0, 0x0, 0x0, 0x0, 0x0, 0xa,
    0xff, 0xff, 0xff, 0xff, 0xb0, 0x0, 0x0, 0x0,
    0x0, 0x0, 0x0, 0x5, 0xff, 0xff, 0xab, 0xff,
    0xff, 0x60, 0x0, 0x0, 0x0, 0x0, 0x0, 0x1,
    0xef, 0xff, 0xf1, 0x3f, 0xff, 0xff, 0x20, 0x0,
    0x0, 0x0, 0x0, 0x0, 0xbf, 0xff, 0xf7, 0x0,
    0x9f, 0xff, 0xfc, 0x0, 0x0, 0x0, 0x0, 0x0,
    0x7f, 0xff, 0xfc, 0x0, 0x0, 0xef, 0xff, 0xf7,
    0x0, 0x0, 0x0, 0x0, 0x3f, 0xff, 0xff, 0x20,
    0x0, 0x4, 0xff, 0xff, 0xf3, 0x0, 0x0, 0x0,
    0xd, 0xff, 0xff, 0x70, 0x0, 0x0, 0x9, 0xff,
    0xff, 0xd0, 0x0, 0x0, 0x9, 0xff, 0xff, 0xc0,
    0x0, 0x0, 0x0, 0xe, 0xff, 0xff, 0x90, 0x0,
    0x4, 0xff, 0xff, 0xf1, 0x0, 0x0, 0x0, 0x0,
    0x4f, 0xff, 0xff, 0x40, 0x1, 0xef, 0xff, 0xf5,
    0x0, 0x0, 0x0, 0x0, 0x0, 0x9f, 0xff, 0xfe,
    0x0, 0xbf, 0xff, 0xfa, 0x0, 0x0, 0x0, 0x0,
    0x0, 0x0, 0xdf, 0xff, 0xfa,

    /* U+0059 "Y" */
    0xc, 0xff, 0xff, 0xa0, 0x0, 0x0, 0x0, 0x0,
    0x0, 0xe, 0xff, 0xff, 0x70, 0x3f, 0xff, 0xff,
    0x30, 0x0, 0x0, 0x0, 0x0, 0x7, 0xff, 0xff,
    0xd0, 0x0, 0x9f, 0xff, 0xfc, 0x0, 0x0, 0x0,
    0x0, 0x1, 0xff, 0xff, 0xf4, 0x0, 0x1, 0xef,
    0xff, 0xf5, 0x0, 0x0, 0x0, 0x0, 0x9f, 0xff,
    0xfb, 0x0, 0x0, 0x6, 0xff, 0xff, 0xe0, 0x0,
    0x0, 0x0, 0x2f, 0xff, 0xff, 0x20, 0x0, 0x0,
    0xc, 0xff, 0xff, 0x80, 0x0, 0x0, 0xb, 0xff,
    0xff, 0x70, 0x0, 0x0, 0x0, 0x3f, 0xff, 0xff,
    0x10, 0x0, 0x4, 0xff, 0xff, 0xd0, 0x0, 0x0,
    0x0, 0x0, 0x9f, 0xff, 0xfa, 0x0, 0x0, 0xdf,
    0xff, 0xf4, 0x0, 0x0, 0x0, 0x0, 0x0, 0xef,
    0xff, 0xf3, 0x0, 0x6f, 0xff, 0xfb, 0x0, 0x0,
    0x0, 0x0, 0x0, 0x5, 0xff, 0xff, 0xb0, 0xe,
    0xff, 0xff, 0x20, 0x0, 0x0, 0x0, 0x0, 0x0,
    0xc, 0xff, 0xff, 0x36, 0xff, 0xff, 0x70, 0x0,
    0x0, 0x0, 0x0, 0x0, 0x0, 0x2f, 0xff, 0xfa,
    0xdf, 0xff, 0xd0, 0x0, 0x0, 0x0, 0x0, 0x0,
    0x0, 0x0, 0x8f, 0xff, 0xff, 0xff, 0xf4, 0x0,
    0x0, 0x0, 0x0, 0x0, 0x0, 0x0, 0x0, 0xef,
    0xff, 0xff, 0xfb, 0x0, 0x0, 0x0, 0x0, 0x0,
    0x0, 0x0, 0x0, 0x5, 0xff, 0xff, 0xff, 0x20,
    0x0, 0x0, 0x0, 0x0, 0x0, 0x0, 0x0, 0x0,
    0xb, 0xff, 0xff, 0x70, 0x0, 0x0, 0x0, 0x0,
    0x0, 0x0, 0x0, 0x0, 0x0, 0x7f, 0xff, 0xf3,
    0x0, 0x0, 0x0, 0x0, 0x0, 0x0, 0x0, 0x0,
    0x0, 0x7, 0xff, 0xff, 0x30, 0x0, 0x0, 0x0,
    0x0, 0x0, 0x0, 0x0, 0x0, 0x0, 0x7f, 0xff,
    0xf3, 0x0, 0x0, 0x0, 0x0, 0x0, 0x0, 0x0,
    0x0, 0x0, 0x7, 0xff, 0xff, 0x30, 0x0, 0x0,
    0x0, 0x0, 0x0, 0x0, 0x0, 0x0, 0x0, 0x7f,
    0xff, 0xf3, 0x0, 0x0, 0x0, 0x0, 0x0, 0x0,
    0x0, 0x0, 0x0, 0x7, 0xff, 0xff, 0x30, 0x0,
    0x0, 0x0, 0x0, 0x0, 0x0, 0x0, 0x0, 0x0,
    0x7f, 0xff, 0xf3, 0x0, 0x0, 0x0, 0x0, 0x0,
    0x0, 0x0, 0x0, 0x0, 0x7, 0xff, 0xff, 0x30,
    0x0, 0x0, 0x0, 0x0, 0x0, 0x0, 0x0, 0x0,
    0x0, 0x7f, 0xff, 0xf3, 0x0, 0x0, 0x0, 0x0,
    0x0, 0x0, 0x0, 0x0, 0x0, 0x7, 0xff, 0xff,
    0x30, 0x0, 0x0, 0x0, 0x0,

    /* U+005A "Z" */
    0xff, 0xff, 0xff, 0xff, 0xff, 0xff, 0xff, 0xff,
    0xff, 0xf6, 0xff, 0xff, 0xff, 0xff, 0xff, 0xff,
    0xff, 0xff, 0xff, 0xf6, 0xff, 0xff, 0xff, 0xff,
    0xff, 0xff, 0xff, 0xff, 0xff, 0xf5, 0xef, 0xff,
    0xff, 0xff, 0xff, 0xff, 0xff, 0xff, 0xff, 0xe1,
    0x0, 0x0, 0x0, 0x0, 0x0, 0x0, 0x9, 0xff,
    0xff, 0x40, 0x0, 0x0, 0x0, 0x0, 0x0, 0x0,
    0x6f, 0xff, 0xf9, 0x0, 0x0, 0x0, 0x0, 0x0,
    0x0, 0x3, 0xff, 0xff, 0xd0, 0x0, 0x0, 0x0,
    0x0, 0x0, 0x0, 0xd, 0xff, 0xff, 0x30, 0x0,
    0x0, 0x0, 0x0, 0x0, 0x0, 0xaf, 0xff, 0xf7,
    0x0, 0x0, 0x0, 0x0, 0x0, 0x0, 0x5, 0xff,
    0xff, 0xc0, 0x0, 0x0, 0x0, 0x0, 0x0, 0x0,
    0x1e, 0xff, 0xff, 0x20, 0x0, 0x0, 0x0, 0x0,
    0x0, 0x0, 0xbf, 0xff, 0xf5, 0x0, 0x0, 0x0,
    0x0, 0x0, 0x0, 0x7, 0xff, 0xff, 0xa0, 0x0,
    0x0, 0x0, 0x0, 0x0, 0x0, 0x2f, 0xff, 0xfe,
    0x10, 0x0, 0x0, 0x0, 0x0, 0x0, 0x0, 0xdf,
    0xff, 0xf4, 0x0, 0x0, 0x0, 0x0, 0x0, 0x0,
    0x9, 0xff, 0xff, 0x80, 0x0, 0x0, 0x0, 0x0,
    0x0, 0x0, 0x4f, 0xff, 0xfd, 0x0, 0x0, 0x0,
    0x0, 0x0, 0x0, 0x1, 0xef, 0xff, 0xf2, 0x0,
    0x0, 0x0, 0x0, 0x0, 0x0, 0xa, 0xff, 0xff,
    0x60, 0x0, 0x0, 0x0, 0x0, 0x0, 0x0, 0x6f,
    0xff, 0xfa, 0x0, 0x0, 0x0, 0x0, 0x0, 0x0,
    0x2, 0xff, 0xff, 0xd0, 0x0, 0x0, 0x0, 0x0,
    0x0, 0x0, 0xc, 0xff, 0xfe, 0x20, 0x0, 0x0,
    0x0, 0x0, 0x0, 0x0, 0x7f, 0xff, 0xff, 0xee,
    0xee, 0xee, 0xee, 0xee, 0xee, 0xe6, 0xef, 0xff,
    0xff, 0xff, 0xff, 0xff, 0xff, 0xff, 0xff, 0xf7,
    0xef, 0xff, 0xff, 0xff, 0xff, 0xff, 0xff, 0xff,
    0xff, 0xf7, 0xef, 0xff, 0xff, 0xff, 0xff, 0xff,
    0xff, 0xff, 0xff, 0xf7,

    /* U+005B "[" */
    0x8f, 0xff, 0xff, 0xff, 0x88, 0xff, 0xff, 0xff,
    0xf8, 0x8f, 0xff, 0xff, 0xff, 0x88, 0xff, 0xff,
    0x99, 0x94, 0x8f, 0xff, 0xd0, 0x0, 0x8, 0xff,
    0xfd, 0x0, 0x0, 0x8f, 0xff, 0xd0, 0x0, 0x8,
    0xff, 0xfd, 0x0, 0x0, 0x8f, 0xff, 0xd0, 0x0,
    0x8, 0xff, 0xfd, 0x0, 0x0, 0x8f, 0xff, 0xd0,
    0x0, 0x8, 0xff, 0xfd, 0x0, 0x0, 0x8f, 0xff,
    0xd0, 0x0, 0x8, 0xff, 0xfd, 0x0, 0x0, 0x8f,
    0xff, 0xd0, 0x0, 0x8, 0xff, 0xfd, 0x0, 0x0,
    0x8f, 0xff, 0xd0, 0x0, 0x8, 0xff, 0xfd, 0x0,
    0x0, 0x8f, 0xff, 0xd0, 0x0, 0x8, 0xff, 0xfd,
    0x0, 0x0, 0x8f, 0xff, 0xd0, 0x0, 0x8, 0xff,
    0xfd, 0x0, 0x0, 0x8f, 0xff, 0xd0, 0x0, 0x8,
    0xff, 0xfd, 0x0, 0x0, 0x8f, 0xff, 0xd0, 0x0,
    0x8, 0xff, 0xfd, 0x0, 0x0, 0x8f, 0xff, 0xd0,
    0x0, 0x8, 0xff, 0xfd, 0x0, 0x0, 0x8f, 0xff,
    0xd0, 0x0, 0x8, 0xff, 0xff, 0x99, 0x94, 0x8f,
    0xff, 0xff, 0xff, 0x88, 0xff, 0xff, 0xff, 0xf8,
    0x8f, 0xff, 0xff, 0xff, 0x80,

    /* U+005C "\\" */
    0x28, 0x88, 0x50, 0x0, 0x0, 0x0, 0x0, 0x2f,
    0xff, 0xe0, 0x0, 0x0, 0x0, 0x0, 0xd, 0xff,
    0xf2, 0x0, 0x0, 0x0, 0x0, 0x9, 0xff, 0xf6,
    0x0, 0x0, 0x0, 0x0, 0x5, 0xff, 0xfa, 0x0,
    0x0, 0x0, 0x0, 0x1, 0xff, 0xfe, 0x0, 0x0,
    0x0, 0x0, 0x0, 0xcf, 0xff, 0x30, 0x0, 0x0,
    0x0, 0x0, 0x8f, 0xff, 0x70, 0x0, 0x0, 0x0,
    0x0, 0x4f, 0xff, 0xc0, 0x0, 0x0, 0x0, 0x0,
    0xf, 0xff, 0xf0, 0x0, 0x0, 0x0, 0x0, 0xb,
    0xff, 0xf4, 0x0, 0x0, 0x0, 0x0, 0x7, 0xff,
    0xf8, 0x0, 0x0, 0x0, 0x0, 0x3, 0xff, 0xfd,
    0x0, 0x0, 0x0, 0x0, 0x0, 0xef, 0xff, 0x10,
    0x0, 0x0, 0x0, 0x0, 0xaf, 0xff, 0x50, 0x0,
    0x0, 0x0, 0x0, 0x6f, 0xff, 0xa0, 0x0, 0x0,
    0x0, 0x0, 0x1f, 0xff, 0xe0, 0x0, 0x0, 0x0,
    0x0, 0xd, 0xff, 0xf2, 0x0, 0x0, 0x0, 0x0,
    0x9, 0xff, 0xf6, 0x0, 0x0, 0x0, 0x0, 0x5,
    0xff, 0xfb, 0x0, 0x0, 0x0, 0x0, 0x1, 0xff,
    0xff, 0x0, 0x0, 0x0, 0x0, 0x0, 0xcf, 0xff,
    0x30, 0x0, 0x0, 0x0, 0x0, 0x8f, 0xff, 0x80,
    0x0, 0x0, 0x0, 0x0, 0x3f, 0xff, 0xc0, 0x0,
    0x0, 0x0, 0x0, 0xf, 0xff, 0xf0, 0x0, 0x0,
    0x0, 0x0, 0xb, 0xff, 0xf4, 0x0, 0x0, 0x0,
    0x0, 0x7, 0xff, 0xf9, 0x0, 0x0, 0x0, 0x0,
    0x2, 0xff, 0xfd, 0x0, 0x0, 0x0, 0x0, 0x0,
    0xef, 0xff, 0x10, 0x0, 0x0, 0x0, 0x0, 0xaf,
    0xff, 0x60, 0x0, 0x0, 0x0, 0x0, 0x5f, 0xff,
    0xa0, 0x0, 0x0, 0x0, 0x0, 0x1f, 0xff, 0xe0,

    /* U+005D "]" */
    0x1f, 0xff, 0xff, 0xff, 0xf1, 0xff, 0xff, 0xff,
    0xff, 0x1f, 0xff, 0xff, 0xff, 0xf0, 0x99, 0x9c,
    0xff, 0xff, 0x0, 0x0, 0x6f, 0xff, 0xf0, 0x0,
    0x6, 0xff, 0xff, 0x0, 0x0, 0x6f, 0xff, 0xf0,
    0x0, 0x6, 0xff, 0xff, 0x0, 0x0, 0x6f, 0xff,
    0xf0, 0x0, 0x6, 0xff, 0xff, 0x0, 0x0, 0x6f,
    0xff, 0xf0, 0x0, 0x6, 0xff, 0xff, 0x0, 0x0,
    0x6f, 0xff, 0xf0, 0x0, 0x6, 0xff, 0xff, 0x0,
    0x0, 0x6f, 0xff, 0xf0, 0x0, 0x6, 0xff, 0xff,
    0x0, 0x0, 0x6f, 0xff, 0xf0, 0x0, 0x6, 0xff,
    0xff, 0x0, 0x0, 0x6f, 0xff, 0xf0, 0x0, 0x6,
    0xff, 0xff, 0x0, 0x0, 0x6f, 0xff, 0xf0, 0x0,
    0x6, 0xff, 0xff, 0x0, 0x0, 0x6f, 0xff, 0xf0,
    0x0, 0x6, 0xff, 0xff, 0x0, 0x0, 0x6f, 0xff,
    0xf0, 0x0, 0x6, 0xff, 0xff, 0x0, 0x0, 0x6f,
    0xff, 0xf0, 0x0, 0x6, 0xff, 0xff, 0x0, 0x0,
    0x6f, 0xff, 0xf0, 0x99, 0x9c, 0xff, 0xff, 0x1f,
    0xff, 0xff, 0xff, 0xf1, 0xff, 0xff, 0xff, 0xff,
    0x1f, 0xff, 0xff, 0xff, 0xf0,

    /* U+005E "^" */
    0x0, 0x0, 0x3, 0x88, 0x86, 0x0, 0x0, 0x0,
    0x0, 0x0, 0xd, 0xff, 0xff, 0x20, 0x0, 0x0,
    0x0, 0x0, 0x4f, 0xff, 0xff, 0x90, 0x0, 0x0,
    0x0, 0x0, 0xcf, 0xff, 0xff, 0xf1, 0x0, 0x0,
    0x0, 0x3, 0xff, 0xf5, 0xef, 0xf8, 0x0, 0x0,
    0x0, 0xb, 0xff, 0xd0, 0x8f, 0xff, 0x10, 0x0,
    0x0, 0x2f, 0xff, 0x60, 0x1f, 0xff, 0x70, 0x0,
    0x0, 0x9f, 0xff, 0x0, 0xa, 0xff, 0xe0, 0x0,
    0x1, 0xff, 0xf9, 0x0, 0x3, 0xff, 0xf6, 0x0,
    0x8, 0xff, 0xf2, 0x0, 0x0, 0xcf, 0xfd, 0x0,
    0x1f, 0xff, 0xb0, 0x0, 0x0, 0x5f, 0xff, 0x50,
    0x7f, 0xff, 0x40, 0x0, 0x0, 0xe, 0xff, 0xc0,

    /* U+005F "_" */
    0xbb, 0xbb, 0xbb, 0xbb, 0xbb, 0xbb, 0xbb, 0xbb,
    0x9f, 0xff, 0xff, 0xff, 0xff, 0xff, 0xff, 0xff,
    0xfe, 0xff, 0xff, 0xff, 0xff, 0xff, 0xff, 0xff,
    0xff, 0xef, 0xff, 0xff, 0xff, 0xff, 0xff, 0xff,
    0xff, 0xfe,

    /* U+0060 "`" */
    0x6, 0x66, 0x61, 0x0, 0xa, 0xff, 0xf9, 0x0,
    0x1, 0xef, 0xff, 0x10, 0x0, 0x5f, 0xff, 0x80,
    0x0, 0xa, 0xff, 0xe0, 0x0, 0x1, 0xef, 0xf6,

    /* U+0061 "a" */
    0x0, 0x0, 0x6, 0xad, 0xff, 0xec, 0x82, 0x0,
    0x0, 0x0, 0x6, 0xef, 0xff, 0xff, 0xff, 0xff,
    0x90, 0x0, 0x0, 0x8f, 0xff, 0xff, 0xff, 0xff,
    0xff, 0xfc, 0x0, 0x5, 0xff, 0xff, 0xfd, 0x99,
    0xbf, 0xff, 0xff, 0x70, 0xd, 0xff, 0xff, 0x50,
    0x0, 0x2, 0xff, 0xff, 0xe0, 0x3, 0x6a, 0xd6,
    0x0, 0x0, 0x0, 0x8f, 0xff, 0xf1, 0x0, 0x0,
    0x0, 0x0, 0x0, 0x0, 0x5f, 0xff, 0xf3, 0x0,
    0x0, 0x0, 0x0, 0x0, 0x2, 0xbf, 0xff, 0xf4,
    0x0, 0x0, 0x4, 0x79, 0xbd, 0xff, 0xff, 0xff,
    0xf4, 0x0, 0x29, 0xff, 0xff, 0xff, 0xff, 0xff,
    0xff, 0xf4, 0x4, 0xef, 0xff, 0xff, 0xff, 0xfc,
    0xaf, 0xff, 0xf4, 0x1f, 0xff, 0xff, 0xd8, 0x42,
    0x0, 0x4f, 0xff, 0xf4, 0x6f, 0xff, 0xf6, 0x0,
    0x0, 0x0, 0x4f, 0xff, 0xf4, 0x9f, 0xff, 0xd0,
    0x0, 0x0, 0x0, 0x6f, 0xff, 0xf4, 0x9f, 0xff,
    0xd0, 0x0, 0x0, 0x0, 0xcf, 0xff, 0xf4, 0x7f,
    0xff, 0xf4, 0x0, 0x0, 0xa, 0xff, 0xff, 0xf4,
    0x3f, 0xff, 0xff, 0xb7, 0x69, 0xef, 0xff, 0xff,
    0xf4, 0xa, 0xff, 0xff, 0xff, 0xff, 0xff, 0x6f,
    0xff, 0xf4, 0x0, 0xaf, 0xff, 0xff, 0xff, 0xf6,
    0x2f, 0xff, 0xf4, 0x0, 0x4, 0xad, 0xff, 0xd9,
    0x20, 0x2f, 0xff, 0xf4,

    /* U+0062 "b" */
    0x9f, 0xff, 0xf0, 0x0, 0x0, 0x0, 0x0, 0x0,
    0x0, 0x9, 0xff, 0xff, 0x0, 0x0, 0x0, 0x0,
    0x0, 0x0, 0x0, 0x9f, 0xff, 0xf0, 0x0, 0x0,
    0x0, 0x0, 0x0, 0x0, 0x9, 0xff, 0xff, 0x0,
    0x0, 0x0, 0x0, 0x0, 0x0, 0x0, 0x9f, 0xff,
    0xf0, 0x0, 0x0, 0x0, 0x0, 0x0, 0x0, 0x9,
    0xff, 0xff, 0x0, 0x0, 0x0, 0x0, 0x0, 0x0,
    0x0, 0x9f, 0xff, 0xf0, 0x2, 0x9d, 0xff, 0xc8,
    0x10, 0x0, 0x9, 0xff, 0xff, 0x5, 0xff, 0xff,
    0xff, 0xff, 0x60, 0x0, 0x9f, 0xff, 0xf3, 0xff,
    0xff, 0xff, 0xff, 0xff, 0x70, 0x9, 0xff, 0xff,
    0xdf, 0xfe, 0xce, 0xff, 0xff, 0xff, 0x30, 0x9f,
    0xff, 0xff, 0xe4, 0x0, 0x3, 0xdf, 0xff, 0xfc,
    0x9, 0xff, 0xff, 0xf2, 0x0, 0x0, 0x1, 0xef,
    0xff, 0xf3, 0x9f, 0xff, 0xf8, 0x0, 0x0, 0x0,
    0x7, 0xff, 0xff, 0x89, 0xff, 0xff, 0x30, 0x0,
    0x0, 0x0, 0x1f, 0xff, 0xfb, 0x9f, 0xff, 0xf0,
    0x0, 0x0, 0x0, 0x0, 0xef, 0xff, 0xd9, 0xff,
    0xfe, 0x0, 0x0, 0x0, 0x0, 0xc, 0xff, 0xfe,
    0x9f, 0xff, 0xe0, 0x0, 0x0, 0x0, 0x0, 0xdf,
    0xff, 0xe9, 0xff, 0xff, 0x0, 0x0, 0x0, 0x0,
    0xe, 0xff, 0xfd, 0x9f, 0xff, 0xf3, 0x0, 0x0,
    0x0, 0x1, 0xff, 0xff, 0xb9, 0xff, 0xff, 0x90,
    0x0, 0x0, 0x0, 0x7f, 0xff, 0xf8, 0x9f, 0xff,
    0xff, 0x20, 0x0, 0x0, 0x1e, 0xff, 0xff, 0x39,
    0xff, 0xff, 0xfe, 0x40, 0x0, 0x3d, 0xff, 0xff,
    0xc0, 0x9f, 0xff, 0xfd, 0xff, 0xec, 0xef, 0xff,
    0xff, 0xf3, 0x9, 0xff, 0xfe, 0x3f, 0xff, 0xff,
    0xff, 0xff, 0xf7, 0x0, 0x9f, 0xff, 0xe0, 0x5f,
    0xff, 0xff, 0xff, 0xf6, 0x0, 0x9, 0xff, 0xfe,
    0x0, 0x29, 0xef, 0xfd, 0x81, 0x0, 0x0,

    /* U+0063 "c" */
    0x0, 0x0, 0x1, 0x6b, 0xef, 0xfe, 0xb6, 0x0,
    0x0, 0x0, 0x0, 0x6, 0xff, 0xff, 0xff, 0xff,
    0xfe, 0x50, 0x0, 0x0, 0x9, 0xff, 0xff, 0xff,
    0xff, 0xff, 0xff, 0x70, 0x0, 0x7, 0xff, 0xff,
    0xfe, 0xcc, 0xff, 0xff, 0xff, 0x40, 0x2, 0xff,
    0xff, 0xf7, 0x0, 0x0, 0x8f, 0xff, 0xfd, 0x0,
    0x9f, 0xff, 0xf7, 0x0, 0x0, 0x0, 0x9f, 0xff,
    0xf3, 0xe, 0xff, 0xfe, 0x0, 0x0, 0x0, 0x1,
    0xeb, 0x85, 0x13, 0xff, 0xff, 0x80, 0x0, 0x0,
    0x0, 0x0, 0x0, 0x0, 0x5f, 0xff, 0xf5, 0x0,
    0x0, 0x0, 0x0, 0x0, 0x0, 0x6, 0xff, 0xff,
    0x30, 0x0, 0x0, 0x0, 0x0, 0x0, 0x0, 0x6f,
    0xff, 0xf4, 0x0, 0x0, 0x0, 0x0, 0x0, 0x0,
    0x5, 0xff, 0xff, 0x50, 0x0, 0x0, 0x0, 0x0,
    0x0, 0x0, 0x3f, 0xff, 0xf9, 0x0, 0x0, 0x0,
    0x0, 0x0, 0x0, 0x0, 0xff, 0xff, 0xe0, 0x0,
    0x0, 0x0, 0x1f, 0xda, 0x72, 0x9, 0xff, 0xff,
    0x70, 0x0, 0x0, 0x8, 0xff, 0xff, 0x40, 0x2f,
    0xff, 0xff, 0x70, 0x0, 0x8, 0xff, 0xff, 0xd0,
    0x0, 0x6f, 0xff, 0xff, 0xfc, 0xcf, 0xff, 0xff,
    0xf4, 0x0, 0x0, 0x8f, 0xff, 0xff, 0xff, 0xff,
    0xff, 0xf7, 0x0, 0x0, 0x0, 0x5f, 0xff, 0xff,
    0xff, 0xff, 0xe5, 0x0, 0x0, 0x0, 0x0, 0x16,
    0xbe, 0xff, 0xeb, 0x60, 0x0, 0x0,

    /* U+0064 "d" */
    0x0, 0x0, 0x0, 0x0, 0x0, 0x0, 0x0, 0x8f,
    0xff, 0xf1, 0x0, 0x0, 0x0, 0x0, 0x0, 0x0,
    0x0, 0x8f, 0xff, 0xf1, 0x0, 0x0, 0x0, 0x0,
    0x0, 0x0, 0x0, 0x8f, 0xff, 0xf1, 0x0, 0x0,
    0x0, 0x0, 0x0, 0x0, 0x0, 0x8f, 0xff, 0xf1,
    0x0, 0x0, 0x0, 0x0, 0x0, 0x0, 0x0, 0x8f,
    0xff, 0xf1, 0x0, 0x0, 0x0, 0x0, 0x0, 0x0,
    0x0, 0x8f, 0xff, 0xf1, 0x0, 0x0, 0x5, 0xbe,
    0xfe, 0xc6, 0x0, 0x8f, 0xff, 0xf1, 0x0, 0x2,
    0xcf, 0xff, 0xff, 0xff, 0xb0, 0x8f, 0xff, 0xf1,
    0x0, 0x2e, 0xff, 0xff, 0xff, 0xff, 0xfa, 0x8f,
    0xff, 0xf1, 0x0, 0xcf, 0xff, 0xff, 0xfc, 0xdf,
    0xff, 0xdf, 0xff, 0xf1, 0x5, 0xff, 0xff, 0xf7,
    0x0, 0x1, 0x9f, 0xff, 0xff, 0xf1, 0xc, 0xff,
    0xff, 0x70, 0x0, 0x0, 0xa, 0xff, 0xff, 0xf1,
    0xf, 0xff, 0xfe, 0x0, 0x0, 0x0, 0x1, 0xff,
    0xff, 0xf1, 0x3f, 0xff, 0xf8, 0x0, 0x0, 0x0,
    0x0, 0xbf, 0xff, 0xf1, 0x5f, 0xff, 0xf5, 0x0,
    0x0, 0x0, 0x0, 0x8f, 0xff, 0xf1, 0x6f, 0xff,
    0xf4, 0x0, 0x0, 0x0, 0x0, 0x7f, 0xff, 0xf1,
    0x6f, 0xff, 0xf4, 0x0, 0x0, 0x0, 0x0, 0x7f,
    0xff, 0xf1, 0x5f, 0xff, 0xf5, 0x0, 0x0, 0x0,
    0x0, 0x8f, 0xff, 0xf1, 0x3f, 0xff, 0xf9, 0x0,
    0x0, 0x0, 0x0, 0xcf, 0xff, 0xf1, 0xf, 0xff,
    0xfe, 0x0, 0x0, 0x0, 0x1, 0xff, 0xff, 0xf1,
    0xb, 0xff, 0xff, 0x80, 0x0, 0x0, 0xa, 0xff,
    0xff, 0xf1, 0x5, 0xff, 0xff, 0xf7, 0x0, 0x1,
    0xaf, 0xff, 0xff, 0xf1, 0x0, 0xcf, 0xff, 0xff,
    0xfd, 0xdf, 0xff, 0xcf, 0xff, 0xf1, 0x0, 0x1e,
    0xff, 0xff, 0xff, 0xff, 0xfa, 0x6f, 0xff, 0xf1,
    0x0, 0x2, 0xcf, 0xff, 0xff, 0xff, 0xb0, 0x6f,
    0xff, 0xf1, 0x0, 0x0, 0x5, 0xbe, 0xfe, 0xc6,
    0x0, 0x6f, 0xff, 0xf1,

    /* U+0065 "e" */
    0x0, 0x0, 0x1, 0x7b, 0xef, 0xfd, 0xa4, 0x0,
    0x0, 0x0, 0x0, 0x6, 0xff, 0xff, 0xff, 0xff,
    0xfd, 0x30, 0x0, 0x0, 0x8, 0xff, 0xff, 0xff,
    0xff, 0xff, 0xff, 0x40, 0x0, 0x6, 0xff, 0xff,
    0xfc, 0x9a, 0xdf, 0xff, 0xff, 0x20, 0x2, 0xff,
    0xff, 0xc2, 0x0, 0x0, 0x6f, 0xff, 0xfb, 0x0,
    0x9f, 0xff, 0xe1, 0x0, 0x0, 0x0, 0x8f, 0xff,
    0xf2, 0xe, 0xff, 0xf7, 0x0, 0x0, 0x0, 0x0,
    0xff, 0xff, 0x73, 0xff, 0xff, 0x42, 0x22, 0x22,
    0x22, 0x2c, 0xff, 0xfa, 0x5f, 0xff, 0xff, 0xff,
    0xff, 0xff, 0xff, 0xff, 0xff, 0xb6, 0xff, 0xff,
    0xff, 0xff, 0xff, 0xff, 0xff, 0xff, 0xfc, 0x6f,
    0xff, 0xff, 0xff, 0xff, 0xff, 0xff, 0xff, 0xff,
    0xc5, 0xff, 0xff, 0x20, 0x0, 0x0, 0x0, 0x0,
    0x0, 0x0, 0x3f, 0xff, 0xf5, 0x0, 0x0, 0x0,
    0x0, 0x0, 0x0, 0x0, 0xff, 0xff, 0x90, 0x0,
    0x0, 0x0, 0x1, 0x0, 0x0, 0xa, 0xff, 0xff,
    0x30, 0x0, 0x0, 0x1, 0xfe, 0xb8, 0x20, 0x2f,
    0xff, 0xfe, 0x40, 0x0, 0x2, 0xdf, 0xff, 0xf2,
    0x0, 0x7f, 0xff, 0xff, 0xda, 0xac, 0xff, 0xff,
    0xf9, 0x0, 0x0, 0x9f, 0xff, 0xff, 0xff, 0xff,
    0xff, 0xfc, 0x0, 0x0, 0x0, 0x6f, 0xff, 0xff,
    0xff, 0xff, 0xf8, 0x0, 0x0, 0x0, 0x0, 0x16,
    0xbe, 0xff, 0xec, 0x72, 0x0, 0x0,

    /* U+0066 "f" */
    0x0, 0x0, 0x0, 0x5, 0xac, 0xcb, 0x83, 0x0,
    0x0, 0x2, 0xdf, 0xff, 0xff, 0xf5, 0x0, 0x0,
    0x1d, 0xff, 0xff, 0xff, 0xf1, 0x0, 0x0, 0x8f,
    0xff, 0xff, 0xff, 0xd0, 0x0, 0x0, 0xdf, 0xff,
    0xf5, 0x0, 0x20, 0x0, 0x0, 0xff, 0xff, 0xa0,
    0x0, 0x0, 0x0, 0x0, 0xff, 0xff, 0x80, 0x0,
    0x0, 0x0, 0x0, 0xff, 0xff, 0x80, 0x0, 0x0,
    0xaf, 0xff, 0xff, 0xff, 0xff, 0xff, 0xc0, 0xaf,
    0xff, 0xff, 0xff, 0xff, 0xff, 0xc0, 0xaf, 0xff,
    0xff, 0xff, 0xff, 0xff, 0xc0, 0x69, 0x9a, 0xff,
    0xff, 0xc9, 0x99, 0x70, 0x0, 0x0, 0xff, 0xff,
    0x80, 0x0, 0x0, 0x0, 0x0, 0xff, 0xff, 0x80,
    0x0, 0x0, 0x0, 0x0, 0xff, 0xff, 0x80, 0x0,
    0x0, 0x0, 0x0, 0xff, 0xff, 0x80, 0x0, 0x0,
    0x0, 0x0, 0xff, 0xff, 0x80, 0x0, 0x0, 0x0,
    0x0, 0xff, 0xff, 0x80, 0x0, 0x0, 0x0, 0x0,
    0xff, 0xff, 0x80, 0x0, 0x0, 0x0, 0x0, 0xff,
    0xff, 0x80, 0x0, 0x0, 0x0, 0x0, 0xff, 0xff,
    0x80, 0x0, 0x0, 0x0, 0x0, 0xff, 0xff, 0x80,
    0x0, 0x0, 0x0, 0x0, 0xff, 0xff, 0x80, 0x0,
    0x0, 0x0, 0x0, 0xff, 0xff, 0x80, 0x0, 0x0,
    0x0, 0x0, 0xff, 0xff, 0x80, 0x0, 0x0, 0x0,
    0x0, 0xff, 0xff, 0x80, 0x0, 0x0, 0x0, 0x0,
    0xff, 0xff, 0x80, 0x0, 0x0, 0x0, 0x0, 0xff,
    0xff, 0x80, 0x0, 0x0,

    /* U+0067 "g" */
    0x0, 0x0, 0x4, 0xae, 0xfe, 0xc6, 0x0, 0x6f,
    0xff, 0xf1, 0x0, 0x1, 0xbf, 0xff, 0xff, 0xff,
    0xc1, 0x6f, 0xff, 0xf1, 0x0, 0x1d, 0xff, 0xff,
    0xff, 0xff, 0xfb, 0x6f, 0xff, 0xf1, 0x0, 0xbf,
    0xff, 0xff, 0xfd, 0xdf, 0xff, 0xcf, 0xff, 0xf1,
    0x4, 0xff, 0xff, 0xf8, 0x0, 0x1, 0x9f, 0xff,
    0xff, 0xf1, 0xb, 0xff, 0xff, 0x80, 0x0, 0x0,
    0xa, 0xff, 0xff, 0xf1, 0xf, 0xff, 0xfe, 0x0,
    0x0, 0x0, 0x1, 0xff, 0xff, 0xf1, 0x3f, 0xff,
    0xf9, 0x0, 0x0, 0x0, 0x0, 0xcf, 0xff, 0xf1,
    0x5f, 0xff, 0xf6, 0x0, 0x0, 0x0, 0x0, 0x8f,
    0xff, 0xf1, 0x6f, 0xff, 0xf4, 0x0, 0x0, 0x0,
    0x0, 0x7f, 0xff, 0xf1, 0x6f, 0xff, 0xf4, 0x0,
    0x0, 0x0, 0x0, 0x6f, 0xff, 0xf1, 0x6f, 0xff,
    0xf5, 0x0, 0x0, 0x0, 0x0, 0x7f, 0xff, 0xf1,
    0x4f, 0xff, 0xf7, 0x0, 0x0, 0x0, 0x0, 0xaf,
    0xff, 0xf1, 0x1f, 0xff, 0xfc, 0x0, 0x0, 0x0,
    0x0, 0xff, 0xff, 0xf1, 0xd, 0xff, 0xff, 0x50,
    0x0, 0x0, 0x8, 0xff, 0xff, 0xf1, 0x6, 0xff,
    0xff, 0xf4, 0x0, 0x0, 0x6f, 0xff, 0xff, 0xf1,
    0x0, 0xdf, 0xff, 0xff, 0xda, 0xae, 0xff, 0xef,
    0xff, 0xf1, 0x0, 0x2e, 0xff, 0xff, 0xff, 0xff,
    0xfb, 0x6f, 0xff, 0xf1, 0x0, 0x2, 0xdf, 0xff,
    0xff, 0xff, 0xc1, 0x6f, 0xff, 0xf1, 0x0, 0x0,
    0x5, 0xbe, 0xfe, 0xc7, 0x0, 0x6f, 0xff, 0xf1,
    0x0, 0x0, 0x0, 0x0, 0x0, 0x0, 0x0, 0x7f,
    0xff, 0xf0, 0x0, 0x0, 0x22, 0x0, 0x0, 0x0,
    0x0, 0xcf, 0xff, 0xd0, 0x3, 0xae, 0xfe, 0x40,
    0x0, 0x0, 0x8, 0xff, 0xff, 0x80, 0x3, 0xff,
    0xff, 0xfc, 0x98, 0x9a, 0xff, 0xff, 0xfe, 0x10,
    0x0, 0x6f, 0xff, 0xff, 0xff, 0xff, 0xff, 0xff,
    0xe2, 0x0, 0x0, 0x4, 0xef, 0xff, 0xff, 0xff,
    0xff, 0xfa, 0x20, 0x0, 0x0, 0x0, 0x5, 0xad,
    0xef, 0xfd, 0xc7, 0x30, 0x0, 0x0,

    /* U+0068 "h" */
    0x9f, 0xff, 0xe0, 0x0, 0x0, 0x0, 0x0, 0x0,
    0x0, 0x9f, 0xff, 0xe0, 0x0, 0x0, 0x0, 0x0,
    0x0, 0x0, 0x9f, 0xff, 0xe0, 0x0, 0x0, 0x0,
    0x0, 0x0, 0x0, 0x9f, 0xff, 0xe0, 0x0, 0x0,
    0x0, 0x0, 0x0, 0x0, 0x9f, 0xff, 0xe0, 0x0,
    0x0, 0x0, 0x0, 0x0, 0x0, 0x9f, 0xff, 0xe0,
    0x0, 0x0, 0x0, 0x0, 0x0, 0x0, 0x9f, 0xff,
    0xe0, 0x1, 0x8d, 0xff, 0xd8, 0x10, 0x0, 0x9f,
    0xff, 0xe0, 0x4f, 0xff, 0xff, 0xff, 0xf4, 0x0,
    0x9f, 0xff, 0xe3, 0xff, 0xff, 0xff, 0xff, 0xff,
    0x30, 0x9f, 0xff, 0xed, 0xff, 0xfe, 0xff, 0xff,
    0xff, 0xc0, 0x9f, 0xff, 0xff, 0xc3, 0x0, 0x19,
    0xff, 0xff, 0xf3, 0x9f, 0xff, 0xfd, 0x0, 0x0,
    0x0, 0xaf, 0xff, 0xf7, 0x9f, 0xff, 0xf5, 0x0,
    0x0, 0x0, 0x3f, 0xff, 0xf8, 0x9f, 0xff, 0xf1,
    0x0, 0x0, 0x0, 0xf, 0xff, 0xf9, 0x9f, 0xff,
    0xf0, 0x0, 0x0, 0x0, 0xf, 0xff, 0xfa, 0x9f,
    0xff, 0xf0, 0x0, 0x0, 0x0, 0xf, 0xff, 0xfa,
    0x9f, 0xff, 0xf0, 0x0, 0x0, 0x0, 0xf, 0xff,
    0xfa, 0x9f, 0xff, 0xf0, 0x0, 0x0, 0x0, 0xf,
    0xff, 0xfa, 0x9f, 0xff, 0xf0, 0x0, 0x0, 0x0,
    0xf, 0xff, 0xfa, 0x9f, 0xff, 0xf0, 0x0, 0x0,
    0x0, 0xf, 0xff, 0xfa, 0x9f, 0xff, 0xf0, 0x0,
    0x0, 0x0, 0xf, 0xff, 0xfa, 0x9f, 0xff, 0xf0,
    0x0, 0x0, 0x0, 0xf, 0xff, 0xfa, 0x9f, 0xff,
    0xf0, 0x0, 0x0, 0x0, 0xf, 0xff, 0xfa, 0x9f,
    0xff, 0xf0, 0x0, 0x0, 0x0, 0xf, 0xff, 0xfa,
    0x9f, 0xff, 0xf0, 0x0, 0x0, 0x0, 0xf, 0xff,
    0xfa, 0x9f, 0xff, 0xf0, 0x0, 0x0, 0x0, 0xf,
    0xff, 0xfa,

    /* U+0069 "i" */
    0x1a, 0xfd, 0x40, 0xaf, 0xff, 0xf2, 0xef, 0xff,
    0xf5, 0xaf, 0xff, 0xf2, 0x1b, 0xfd, 0x50, 0x0,
    0x0, 0x0, 0x0, 0x0, 0x0, 0x0, 0x0, 0x0,
    0x9f, 0xff, 0xf0, 0x9f, 0xff, 0xf0, 0x9f, 0xff,
    0xf0, 0x9f, 0xff, 0xf0, 0x9f, 0xff, 0xf0, 0x9f,
    0xff, 0xf0, 0x9f, 0xff, 0xf0, 0x9f, 0xff, 0xf0,
    0x9f, 0xff, 0xf0, 0x9f, 0xff, 0xf0, 0x9f, 0xff,
    0xf0, 0x9f, 0xff, 0xf0, 0x9f, 0xff, 0xf0, 0x9f,
    0xff, 0xf0, 0x9f, 0xff, 0xf0, 0x9f, 0xff, 0xf0,
    0x9f, 0xff, 0xf0, 0x9f, 0xff, 0xf0, 0x9f, 0xff,
    0xf0, 0x9f, 0xff, 0xf0,

    /* U+006A "j" */
    0x0, 0x1, 0xaf, 0xd4, 0x0, 0x0, 0xaf, 0xff,
    0xf1, 0x0, 0xe, 0xff, 0xff, 0x40, 0x0, 0xaf,
    0xff, 0xf1, 0x0, 0x1, 0xbf, 0xd4, 0x0, 0x0,
    0x0, 0x0, 0x0, 0x0, 0x0, 0x0, 0x0, 0x0,
    0x0, 0x0, 0x0, 0x0, 0x0, 0x9, 0xff, 0xff,
    0x0, 0x0, 0x9f, 0xff, 0xf0, 0x0, 0x9, 0xff,
    0xff, 0x0, 0x0, 0x9f, 0xff, 0xf0, 0x0, 0x9,
    0xff, 0xff, 0x0, 0x0, 0x9f, 0xff, 0xf0, 0x0,
    0x9, 0xff, 0xff, 0x0, 0x0, 0x9f, 0xff, 0xf0,
    0x0, 0x9, 0xff, 0xff, 0x0, 0x0, 0x9f, 0xff,
    0xf0, 0x0, 0x9, 0xff, 0xff, 0x0, 0x0, 0x9f,
    0xff, 0xf0, 0x0, 0x9, 0xff, 0xff, 0x0, 0x0,
    0x9f, 0xff, 0xf0, 0x0, 0x9, 0xff, 0xff, 0x0,
    0x0, 0x9f, 0xff, 0xf0, 0x0, 0x9, 0xff, 0xff,
    0x0, 0x0, 0x9f, 0xff, 0xf0, 0x0, 0x9, 0xff,
    0xff, 0x0, 0x0, 0x9f, 0xff, 0xf0, 0x0, 0x9,
    0xff, 0xff, 0x0, 0x0, 0xbf, 0xff, 0xf0, 0x0,
    0x3f, 0xff, 0xfd, 0x8, 0xdf, 0xff, 0xff, 0x80,
    0xbf, 0xff, 0xff, 0xe1, 0xb, 0xff, 0xff, 0xe3,
    0x0, 0xbf, 0xeb, 0x70, 0x0, 0x0,

    /* U+006B "k" */
    0x9f, 0xff, 0xf0, 0x0, 0x0, 0x0, 0x0, 0x0,
    0x0, 0x9, 0xff, 0xff, 0x0, 0x0, 0x0, 0x0,
    0x0, 0x0, 0x0, 0x9f, 0xff, 0xf0, 0x0, 0x0,
    0x0, 0x0, 0x0, 0x0, 0x9, 0xff, 0xff, 0x0,
    0x0, 0x0, 0x0, 0x0, 0x0, 0x0, 0x9f, 0xff,
    0xf0, 0x0, 0x0, 0x0, 0x0, 0x0, 0x0, 0x9,
    0xff, 0xff, 0x0, 0x0, 0x0, 0x0, 0x0, 0x0,
    0x0, 0x9f, 0xff, 0xf0, 0x0, 0x0, 0x1, 0xef,
    0xff, 0xf5, 0x9, 0xff, 0xff, 0x0, 0x0, 0x1,
    0xdf, 0xff, 0xf7, 0x0, 0x9f, 0xff, 0xf0, 0x0,
    0x0, 0xcf, 0xff, 0xf9, 0x0, 0x9, 0xff, 0xff,
    0x0, 0x0, 0xaf, 0xff, 0xfb, 0x0, 0x0, 0x9f,
    0xff, 0xf0, 0x0, 0x8f, 0xff, 0xfc, 0x0, 0x0,
    0x9, 0xff, 0xff, 0x0, 0x6f, 0xff, 0xfd, 0x10,
    0x0, 0x0, 0x9f, 0xff, 0xf0, 0x4f, 0xff, 0xfe,
    0x20, 0x0, 0x0, 0x9, 0xff, 0xff, 0x3f, 0xff,
    0xff, 0x30, 0x0, 0x0, 0x0, 0x9f, 0xff, 0xff,
    0xff, 0xff, 0x60, 0x0, 0x0, 0x0, 0x9, 0xff,
    0xff, 0xff, 0xff, 0xfc, 0x0, 0x0, 0x0, 0x0,
    0x9f, 0xff, 0xff, 0xff, 0xff, 0xf7, 0x0, 0x0,
    0x0, 0x9, 0xff, 0xff, 0xfb, 0xff, 0xff, 0xf3,
    0x0, 0x0, 0x0, 0x9f, 0xff, 0xfb, 0x9, 0xff,
    0xff, 0xd0, 0x0, 0x0, 0x9, 0xff, 0xff, 0x0,
    0xd, 0xff, 0xff, 0x90, 0x0, 0x0, 0x9f, 0xff,
    0xf0, 0x0, 0x2f, 0xff, 0xff, 0x50, 0x0, 0x9,
    0xff, 0xff, 0x0, 0x0, 0x7f, 0xff, 0xfe, 0x10,
    0x0, 0x9f, 0xff, 0xf0, 0x0, 0x0, 0xbf, 0xff,
    0xfb, 0x0, 0x9, 0xff, 0xff, 0x0, 0x0, 0x1,
    0xef, 0xff, 0xf7, 0x0, 0x9f, 0xff, 0xf0, 0x0,
    0x0, 0x5, 0xff, 0xff, 0xf3, 0x9, 0xff, 0xff,
    0x0, 0x0, 0x0, 0x9, 0xff, 0xff, 0xd0,

    /* U+006C "l" */
    0x9f, 0xff, 0xf9, 0xff, 0xff, 0x9f, 0xff, 0xf9,
    0xff, 0xff, 0x9f, 0xff, 0xf9, 0xff, 0xff, 0x9f,
    0xff, 0xf9, 0xff, 0xff, 0x9f, 0xff, 0xf9, 0xff,
    0xff, 0x9f, 0xff, 0xf9, 0xff, 0xff, 0x9f, 0xff,
    0xf9, 0xff, 0xff, 0x9f, 0xff, 0xf9, 0xff, 0xff,
    0x9f, 0xff, 0xf9, 0xff, 0xff, 0x9f, 0xff, 0xf9,
    0xff, 0xff, 0x9f, 0xff, 0xf9, 0xff, 0xff, 0x9f,
    0xff, 0xf9, 0xff, 0xff, 0x9f, 0xff, 0xf9, 0xff,
    0xff,

    /* U+006D "m" */
    0x9f, 0xff, 0xb0, 0x2, 0xad, 0xfe, 0x91, 0x0,
    0x0, 0x3a, 0xef, 0xec, 0x60, 0x0, 0x9f, 0xff,
    0xc0, 0x7f, 0xff, 0xff, 0xfd, 0x10, 0x8, 0xff,
    0xff, 0xff, 0xfc, 0x10, 0x9f, 0xff, 0xc5, 0xff,
    0xff, 0xff, 0xff, 0xb0, 0x8f, 0xff, 0xff, 0xff,
    0xff, 0xc0, 0x9f, 0xff, 0xdd, 0xff, 0xff, 0xff,
    0xff, 0xf5, 0xff, 0xff, 0xff, 0xff, 0xff, 0xf5,
    0x9f, 0xff, 0xff, 0xa1, 0x1, 0x7f, 0xff, 0xff,
    0xfc, 0x30, 0x4, 0xdf, 0xff, 0xfb, 0x9f, 0xff,
    0xfa, 0x0, 0x0, 0x8, 0xff, 0xff, 0xf1, 0x0,
    0x0, 0x2f, 0xff, 0xfe, 0x9f, 0xff, 0xf3, 0x0,
    0x0, 0x2, 0xff, 0xff, 0x90, 0x0, 0x0, 0xb,
    0xff, 0xff, 0x9f, 0xff, 0xf0, 0x0, 0x0, 0x0,
    0xff, 0xff, 0x70, 0x0, 0x0, 0x9, 0xff, 0xff,
    0x9f, 0xff, 0xf0, 0x0, 0x0, 0x0, 0xff, 0xff,
    0x70, 0x0, 0x0, 0x9, 0xff, 0xff, 0x9f, 0xff,
    0xf0, 0x0, 0x0, 0x0, 0xff, 0xff, 0x70, 0x0,
    0x0, 0x9, 0xff, 0xff, 0x9f, 0xff, 0xf0, 0x0,
    0x0, 0x0, 0xff, 0xff, 0x70, 0x0, 0x0, 0x9,
    0xff, 0xff, 0x9f, 0xff, 0xf0, 0x0, 0x0, 0x0,
    0xff, 0xff, 0x70, 0x0, 0x0, 0x9, 0xff, 0xff,
    0x9f, 0xff, 0xf0, 0x0, 0x0, 0x0, 0xff, 0xff,
    0x70, 0x0, 0x0, 0x9, 0xff, 0xff, 0x9f, 0xff,
    0xf0, 0x0, 0x0, 0x0, 0xff, 0xff, 0x70, 0x0,
    0x0, 0x9, 0xff, 0xff, 0x9f, 0xff, 0xf0, 0x0,
    0x0, 0x0, 0xff, 0xff, 0x70, 0x0, 0x0, 0x9,
    0xff, 0xff, 0x9f, 0xff, 0xf0, 0x0, 0x0, 0x0,
    0xff, 0xff, 0x70, 0x0, 0x0, 0x9, 0xff, 0xff,
    0x9f, 0xff, 0xf0, 0x0, 0x0, 0x0, 0xff, 0xff,
    0x70, 0x0, 0x0, 0x9, 0xff, 0xff, 0x9f, 0xff,
    0xf0, 0x0, 0x0, 0x0, 0xff, 0xff, 0x70, 0x0,
    0x0, 0x9, 0xff, 0xff, 0x9f, 0xff, 0xf0, 0x0,
    0x0, 0x0, 0xff, 0xff, 0x70, 0x0, 0x0, 0x9,
    0xff, 0xff, 0x9f, 0xff, 0xf0, 0x0, 0x0, 0x0,
    0xff, 0xff, 0x70, 0x0, 0x0, 0x9, 0xff, 0xff,

    /* U+006E "n" */
    0x9f, 0xff, 0xc0, 0x2, 0x9d, 0xff, 0xd8, 0x10,
    0x0, 0x9f, 0xff, 0xc0, 0x5f, 0xff, 0xff, 0xff,
    0xf4, 0x0, 0x9f, 0xff, 0xc4, 0xff, 0xff, 0xff,
    0xff, 0xff, 0x30, 0x9f, 0xff, 0xcd, 0xff, 0xfe,
    0xff, 0xff, 0xff, 0xc0, 0x9f, 0xff, 0xff, 0xc3,
    0x0, 0x19, 0xff, 0xff, 0xf2, 0x9f, 0xff, 0xfd,
    0x0, 0x0, 0x0, 0xaf, 0xff, 0xf6, 0x9f, 0xff,
    0xf5, 0x0, 0x0, 0x0, 0x3f, 0xff, 0xf8, 0x9f,
    0xff, 0xf1, 0x0, 0x0, 0x0, 0xf, 0xff, 0xf9,
    0x9f, 0xff, 0xf0, 0x0, 0x0, 0x0, 0xf, 0xff,
    0xf9, 0x9f, 0xff, 0xf0, 0x0, 0x0, 0x0, 0xf,
    0xff, 0xf9, 0x9f, 0xff, 0xf0, 0x0, 0x0, 0x0,
    0xf, 0xff, 0xf9, 0x9f, 0xff, 0xf0, 0x0, 0x0,
    0x0, 0xf, 0xff, 0xf9, 0x9f, 0xff, 0xf0, 0x0,
    0x0, 0x0, 0xf, 0xff, 0xf9, 0x9f, 0xff, 0xf0,
    0x0, 0x0, 0x0, 0xf, 0xff, 0xf9, 0x9f, 0xff,
    0xf0, 0x0, 0x0, 0x0, 0xf, 0xff, 0xf9, 0x9f,
    0xff, 0xf0, 0x0, 0x0, 0x0, 0xf, 0xff, 0xf9,
    0x9f, 0xff, 0xf0, 0x0, 0x0, 0x0, 0xf, 0xff,
    0xf9, 0x9f, 0xff, 0xf0, 0x0, 0x0, 0x0, 0xf,
    0xff, 0xf9, 0x9f, 0xff, 0xf0, 0x0, 0x0, 0x0,
    0xf, 0xff, 0xf9, 0x9f, 0xff, 0xf0, 0x0, 0x0,
    0x0, 0xf, 0xff, 0xf9,

    /* U+006F "o" */
    0x0, 0x0, 0x1, 0x6b, 0xef, 0xfe, 0xb6, 0x0,
    0x0, 0x0, 0x0, 0x0, 0x6f, 0xff, 0xff, 0xff,
    0xff, 0xe5, 0x0, 0x0, 0x0, 0x9, 0xff, 0xff,
    0xff, 0xff, 0xff, 0xff, 0x80, 0x0, 0x0, 0x7f,
    0xff, 0xff, 0xfc, 0xcf, 0xff, 0xff, 0xf6, 0x0,
    0x2, 0xff, 0xff, 0xf7, 0x0, 0x0, 0x8f, 0xff,
    0xff, 0x10, 0x9, 0xff, 0xff, 0x70, 0x0, 0x0,
    0x9, 0xff, 0xff, 0x80, 0xe, 0xff, 0xfe, 0x0,
    0x0, 0x0, 0x0, 0xef, 0xff, 0xd0, 0x3f, 0xff,
    0xf8, 0x0, 0x0, 0x0, 0x0, 0xaf, 0xff, 0xf1,
    0x5f, 0xff, 0xf5, 0x0, 0x0, 0x0, 0x0, 0x6f,
    0xff, 0xf4, 0x6f, 0xff, 0xf4, 0x0, 0x0, 0x0,
    0x0, 0x5f, 0xff, 0xf5, 0x6f, 0xff, 0xf4, 0x0,
    0x0, 0x0, 0x0, 0x5f, 0xff, 0xf5, 0x5f, 0xff,
    0xf5, 0x0, 0x0, 0x0, 0x0, 0x6f, 0xff, 0xf4,
    0x3f, 0xff, 0xf8, 0x0, 0x0, 0x0, 0x0, 0xaf,
    0xff, 0xf1, 0xf, 0xff, 0xfe, 0x0, 0x0, 0x0,
    0x0, 0xef, 0xff, 0xd0, 0x9, 0xff, 0xff, 0x70,
    0x0, 0x0, 0x9, 0xff, 0xff, 0x80, 0x2, 0xff,
    0xff, 0xf7, 0x0, 0x0, 0x8f, 0xff, 0xfe, 0x10,
    0x0, 0x6f, 0xff, 0xff, 0xfc, 0xcf, 0xff, 0xff,
    0xf5, 0x0, 0x0, 0x8, 0xff, 0xff, 0xff, 0xff,
    0xff, 0xff, 0x70, 0x0, 0x0, 0x0, 0x5f, 0xff,
    0xff, 0xff, 0xff, 0xe4, 0x0, 0x0, 0x0, 0x0,
    0x1, 0x6b, 0xef, 0xfe, 0xb6, 0x0, 0x0, 0x0,

    /* U+0070 "p" */
    0x9f, 0xff, 0xe0, 0x2, 0x9d, 0xff, 0xc8, 0x10,
    0x0, 0x9, 0xff, 0xfe, 0x5, 0xff, 0xff, 0xff,
    0xff, 0x60, 0x0, 0x9f, 0xff, 0xe3, 0xff, 0xff,
    0xff, 0xff, 0xff, 0x70, 0x9, 0xff, 0xff, 0xdf,
    0xfe, 0xce, 0xff, 0xff, 0xff, 0x30, 0x9f, 0xff,
    0xff, 0xe4, 0x0, 0x3, 0xdf, 0xff, 0xfc, 0x9,
    0xff, 0xff, 0xf2, 0x0, 0x0, 0x1, 0xef, 0xff,
    0xf3, 0x9f, 0xff, 0xf8, 0x0, 0x0, 0x0, 0x7,
    0xff, 0xff, 0x89, 0xff, 0xff, 0x30, 0x0, 0x0,
    0x0, 0x1f, 0xff, 0xfb, 0x9f, 0xff, 0xf0, 0x0,
    0x0, 0x0, 0x0, 0xef, 0xff, 0xd9, 0xff, 0xfe,
    0x0, 0x0, 0x0, 0x0, 0xc, 0xff, 0xfe, 0x9f,
    0xff, 0xe0, 0x0, 0x0, 0x0, 0x0, 0xdf, 0xff,
    0xe9, 0xff, 0xff, 0x0, 0x0, 0x0, 0x0, 0xe,
    0xff, 0xfd, 0x9f, 0xff, 0xf3, 0x0, 0x0, 0x0,
    0x1, 0xff, 0xff, 0xb9, 0xff, 0xff, 0x90, 0x0,
    0x0, 0x0, 0x7f, 0xff, 0xf8, 0x9f, 0xff, 0xff,
    0x20, 0x0, 0x0, 0x1e, 0xff, 0xff, 0x39, 0xff,
    0xff, 0xfe, 0x40, 0x0, 0x3d, 0xff, 0xff, 0xc0,
    0x9f, 0xff, 0xfd, 0xff, 0xec, 0xef, 0xff, 0xff,
    0xf3, 0x9, 0xff, 0xff, 0x3f, 0xff, 0xff, 0xff,
    0xff, 0xf7, 0x0, 0x9f, 0xff, 0xf0, 0x5f, 0xff,
    0xff, 0xff, 0xf6, 0x0, 0x9, 0xff, 0xff, 0x0,
    0x29, 0xdf, 0xfd, 0x81, 0x0, 0x0, 0x9f, 0xff,
    0xf0, 0x0, 0x0, 0x0, 0x0, 0x0, 0x0, 0x9,
    0xff, 0xff, 0x0, 0x0, 0x0, 0x0, 0x0, 0x0,
    0x0, 0x9f, 0xff, 0xf0, 0x0, 0x0, 0x0, 0x0,
    0x0, 0x0, 0x9, 0xff, 0xff, 0x0, 0x0, 0x0,
    0x0, 0x0, 0x0, 0x0, 0x9f, 0xff, 0xf0, 0x0,
    0x0, 0x0, 0x0, 0x0, 0x0, 0x9, 0xff, 0xff,
    0x0, 0x0, 0x0, 0x0, 0x0, 0x0, 0x0, 0x9f,
    0xff, 0xf0, 0x0, 0x0, 0x0, 0x0, 0x0, 0x0,
    0x0,

    /* U+0071 "q" */
    0x0, 0x0, 0x5, 0xbe, 0xfe, 0xc6, 0x0, 0x6f,
    0xff, 0xf1, 0x0, 0x2, 0xcf, 0xff, 0xff, 0xff,
    0xb0, 0x6f, 0xff, 0xf1, 0x0, 0x2e, 0xff, 0xff,
    0xff, 0xff, 0xfa, 0x6f, 0xff, 0xf1, 0x0, 0xcf,
    0xff, 0xff, 0xfc, 0xdf, 0xff, 0xcf, 0xff, 0xf1,
    0x5, 0xff, 0xff, 0xf7, 0x0, 0x1, 0x9f, 0xff,
    0xff, 0xf1, 0xc, 0xff, 0xff, 0x70, 0x0, 0x0,
    0xa, 0xff, 0xff, 0xf1, 0xf, 0xff, 0xfe, 0x0,
    0x0, 0x0, 0x1, 0xff, 0xff, 0xf1, 0x3f, 0xff,
    0xf8, 0x0, 0x0, 0x0, 0x0, 0xbf, 0xff, 0xf1,
    0x5f, 0xff, 0xf5, 0x0, 0x0, 0x0, 0x0, 0x8f,
    0xff, 0xf1, 0x6f, 0xff, 0xf4, 0x0, 0x0, 0x0,
    0x0, 0x7f, 0xff, 0xf1, 0x6f, 0xff, 0xf4, 0x0,
    0x0, 0x0, 0x0, 0x7f, 0xff, 0xf1, 0x5f, 0xff,
    0xf5, 0x0, 0x0, 0x0, 0x0, 0x8f, 0xff, 0xf1,
    0x3f, 0xff, 0xf9, 0x0, 0x0, 0x0, 0x0, 0xcf,
    0xff, 0xf1, 0xf, 0xff, 0xfe, 0x0, 0x0, 0x0,
    0x1, 0xff, 0xff, 0xf1, 0xb, 0xff, 0xff, 0x80,
    0x0, 0x0, 0xa, 0xff, 0xff, 0xf1, 0x5, 0xff,
    0xff, 0xf7, 0x0, 0x1, 0xaf, 0xff, 0xff, 0xf1,
    0x0, 0xcf, 0xff, 0xff, 0xfd, 0xdf, 0xff, 0xdf,
    0xff, 0xf1, 0x0, 0x1e, 0xff, 0xff, 0xff, 0xff,
    0xfa, 0x8f, 0xff, 0xf1, 0x0, 0x2, 0xcf, 0xff,
    0xff, 0xff, 0xb0, 0x8f, 0xff, 0xf1, 0x0, 0x0,
    0x5, 0xbe, 0xfe, 0xc5, 0x0, 0x8f, 0xff, 0xf1,
    0x0, 0x0, 0x0, 0x0, 0x0, 0x0, 0x0, 0x8f,
    0xff, 0xf1, 0x0, 0x0, 0x0, 0x0, 0x0, 0x0,
    0x0, 0x8f, 0xff, 0xf1, 0x0, 0x0, 0x0, 0x0,
    0x0, 0x0, 0x0, 0x8f, 0xff, 0xf1, 0x0, 0x0,
    0x0, 0x0, 0x0, 0x0, 0x0, 0x8f, 0xff, 0xf1,
    0x0, 0x0, 0x0, 0x0, 0x0, 0x0, 0x0, 0x8f,
    0xff, 0xf1, 0x0, 0x0, 0x0, 0x0, 0x0, 0x0,
    0x0, 0x8f, 0xff, 0xf1, 0x0, 0x0, 0x0, 0x0,
    0x0, 0x0, 0x0, 0x8f, 0xff, 0xf1,

    /* U+0072 "r" */
    0x9f, 0xff, 0xd0, 0x5, 0xce, 0xf9, 0x9f, 0xff,
    0xd0, 0xaf, 0xff, 0xf9, 0x9f, 0xff, 0xd7, 0xff,
    0xff, 0xf9, 0x9f, 0xff, 0xee, 0xff, 0xff, 0xf9,
    0x9f, 0xff, 0xff, 0xf8, 0x32, 0x32, 0x9f, 0xff,
    0xfe, 0x20, 0x0, 0x0, 0x9f, 0xff, 0xf6, 0x0,
    0x0, 0x0, 0x9f, 0xff, 0xf1, 0x0, 0x0, 0x0,
    0x9f, 0xff, 0xf0, 0x0, 0x0, 0x0, 0x9f, 0xff,
    0xf0, 0x0, 0x0, 0x0, 0x9f, 0xff, 0xf0, 0x0,
    0x0, 0x0, 0x9f, 0xff, 0xf0, 0x0, 0x0, 0x0,
    0x9f, 0xff, 0xf0, 0x0, 0x0, 0x0, 0x9f, 0xff,
    0xf0, 0x0, 0x0, 0x0, 0x9f, 0xff, 0xf0, 0x0,
    0x0, 0x0, 0x9f, 0xff, 0xf0, 0x0, 0x0, 0x0,
    0x9f, 0xff, 0xf0, 0x0, 0x0, 0x0, 0x9f, 0xff,
    0xf0, 0x0, 0x0, 0x0, 0x9f, 0xff, 0xf0, 0x0,
    0x0, 0x0, 0x9f, 0xff, 0xf0, 0x0, 0x0, 0x0,

    /* U+0073 "s" */
    0x0, 0x0, 0x17, 0xbd, 0xff, 0xeb, 0x71, 0x0,
    0x0, 0x0, 0x8, 0xff, 0xff, 0xff, 0xff, 0xff,
    0x70, 0x0, 0x0, 0xaf, 0xff, 0xff, 0xff, 0xff,
    0xff, 0xf8, 0x0, 0x4, 0xff, 0xff, 0xfb, 0x77,
    0xaf, 0xff, 0xff, 0x30, 0xb, 0xff, 0xff, 0x30,
    0x0, 0x3, 0xef, 0xff, 0xa0, 0xd, 0xff, 0xfb,
    0x0, 0x0, 0x0, 0x5b, 0x74, 0x10, 0xd, 0xff,
    0xfe, 0x0, 0x0, 0x0, 0x0, 0x0, 0x0, 0xa,
    0xff, 0xff, 0xd5, 0x10, 0x0, 0x0, 0x0, 0x0,
    0x3, 0xff, 0xff, 0xff, 0xfd, 0xa7, 0x30, 0x0,
    0x0, 0x0, 0x5f, 0xff, 0xff, 0xff, 0xff, 0xfe,
    0x70, 0x0, 0x0, 0x2, 0x9f, 0xff, 0xff, 0xff,
    0xff, 0xfc, 0x10, 0x0, 0x0, 0x0, 0x37, 0xad,
    0xff, 0xff, 0xff, 0xb0, 0x0, 0x0, 0x0, 0x0,
    0x0, 0x28, 0xff, 0xff, 0xf1, 0x0, 0x1, 0x30,
    0x0, 0x0, 0x0, 0x9f, 0xff, 0xf4, 0x3b, 0xef,
    0xf2, 0x0, 0x0, 0x0, 0x7f, 0xff, 0xf3, 0x2f,
    0xff, 0xfd, 0x20, 0x0, 0x2, 0xef, 0xff, 0xf0,
    0xa, 0xff, 0xff, 0xfb, 0x99, 0xbf, 0xff, 0xff,
    0x80, 0x1, 0xdf, 0xff, 0xff, 0xff, 0xff, 0xff,
    0xfb, 0x0, 0x0, 0x1a, 0xff, 0xff, 0xff, 0xff,
    0xff, 0x80, 0x0, 0x0, 0x0, 0x38, 0xce, 0xff,
    0xdb, 0x61, 0x0, 0x0,

    /* U+0074 "t" */
    0x0, 0x6, 0x88, 0x85, 0x0, 0x0, 0x0, 0x0,
    0xdf, 0xff, 0xb0, 0x0, 0x0, 0x0, 0xd, 0xff,
    0xfb, 0x0, 0x0, 0x0, 0x0, 0xdf, 0xff, 0xb0,
    0x0, 0x0, 0x0, 0xd, 0xff, 0xfb, 0x0, 0x0,
    0xa, 0xff, 0xff, 0xff, 0xff, 0xff, 0x80, 0xaf,
    0xff, 0xff, 0xff, 0xff, 0xf8, 0xa, 0xff, 0xff,
    0xff, 0xff, 0xff, 0x80, 0x69, 0x9f, 0xff, 0xfe,
    0x99, 0x95, 0x0, 0x0, 0xdf, 0xff, 0xb0, 0x0,
    0x0, 0x0, 0xd, 0xff, 0xfb, 0x0, 0x0, 0x0,
    0x0, 0xdf, 0xff, 0xb0, 0x0, 0x0, 0x0, 0xd,
    0xff, 0xfb, 0x0, 0x0, 0x0, 0x0, 0xdf, 0xff,
    0xb0, 0x0, 0x0, 0x0, 0xd, 0xff, 0xfb, 0x0,
    0x0, 0x0, 0x0, 0xdf, 0xff, 0xb0, 0x0, 0x0,
    0x0, 0xd, 0xff, 0xfb, 0x0, 0x0, 0x0, 0x0,
    0xdf, 0xff, 0xb0, 0x0, 0x0, 0x0, 0xd, 0xff,
    0xfb, 0x0, 0x0, 0x0, 0x0, 0xdf, 0xff, 0xc0,
    0x0, 0x0, 0x0, 0xc, 0xff, 0xff, 0x10, 0x0,
    0x0, 0x0, 0x9f, 0xff, 0xff, 0xcd, 0x60, 0x0,
    0x2, 0xff, 0xff, 0xff, 0xfa, 0x0, 0x0, 0x6,
    0xff, 0xff, 0xff, 0xd0, 0x0, 0x0, 0x3, 0x9d,
    0xff, 0xeb, 0x0,

    /* U+0075 "u" */
    0x9f, 0xff, 0xf0, 0x0, 0x0, 0x0, 0xf, 0xff,
    0xfa, 0x9f, 0xff, 0xf0, 0x0, 0x0, 0x0, 0xf,
    0xff, 0xfa, 0x9f, 0xff, 0xf0, 0x0, 0x0, 0x0,
    0xf, 0xff, 0xfa, 0x9f, 0xff, 0xf0, 0x0, 0x0,
    0x0, 0xf, 0xff, 0xfa, 0x9f, 0xff, 0xf0, 0x0,
    0x0, 0x0, 0xf, 0xff, 0xfa, 0x9f, 0xff, 0xf0,
    0x0, 0x0, 0x0, 0xf, 0xff, 0xfa, 0x9f, 0xff,
    0xf0, 0x0, 0x0, 0x0, 0xf, 0xff, 0xfa, 0x9f,
    0xff, 0xf0, 0x0, 0x0, 0x0, 0xf, 0xff, 0xfa,
    0x9f, 0xff, 0xf0, 0x0, 0x0, 0x0, 0xf, 0xff,
    0xfa, 0x9f, 0xff, 0xf0, 0x0, 0x0, 0x0, 0xf,
    0xff, 0xfa, 0x9f, 0xff, 0xf0, 0x0, 0x0, 0x0,
    0xf, 0xff, 0xfa, 0x9f, 0xff, 0xf0, 0x0, 0x0,
    0x0, 0xf, 0xff, 0xfa, 0x9f, 0xff, 0xf0, 0x0,
    0x0, 0x0, 0xf, 0xff, 0xfa, 0x8f, 0xff, 0xf3,
    0x0, 0x0, 0x0, 0x4f, 0xff, 0xfa, 0x6f, 0xff,
    0xfb, 0x0, 0x0, 0x0, 0xcf, 0xff, 0xfa, 0x2f,
    0xff, 0xff, 0xa1, 0x0, 0x3c, 0xff, 0xff, 0xfa,
    0xc, 0xff, 0xff, 0xff, 0xef, 0xff, 0xdc, 0xff,
    0xfa, 0x3, 0xff, 0xff, 0xff, 0xff, 0xff, 0x4b,
    0xff, 0xfa, 0x0, 0x4f, 0xff, 0xff, 0xff, 0xf6,
    0xb, 0xff, 0xfa, 0x0, 0x1, 0x8c, 0xff, 0xd9,
    0x20, 0xb, 0xff, 0xfa,

    /* U+0076 "v" */
    0x2f, 0xff, 0xfb, 0x0, 0x0, 0x0, 0x0, 0x8,
    0xff, 0xff, 0x40, 0xcf, 0xff, 0xf1, 0x0, 0x0,
    0x0, 0x0, 0xef, 0xff, 0xe0, 0x6, 0xff, 0xff,
    0x60, 0x0, 0x0, 0x0, 0x3f, 0xff, 0xf8, 0x0,
    0x1f, 0xff, 0xfb, 0x0, 0x0, 0x0, 0x8, 0xff,
    0xff, 0x20, 0x0, 0xaf, 0xff, 0xf1, 0x0, 0x0,
    0x0, 0xdf, 0xff, 0xc0, 0x0, 0x4, 0xff, 0xff,
    0x60, 0x0, 0x0, 0x3f, 0xff, 0xf7, 0x0, 0x0,
    0xe, 0xff, 0xfb, 0x0, 0x0, 0x8, 0xff, 0xff,
    0x10, 0x0, 0x0, 0x9f, 0xff, 0xf1, 0x0, 0x0,
    0xdf, 0xff, 0xb0, 0x0, 0x0, 0x3, 0xff, 0xff,
    0x50, 0x0, 0x2f, 0xff, 0xf5, 0x0, 0x0, 0x0,
    0xd, 0xff, 0xfb, 0x0, 0x8, 0xff, 0xff, 0x0,
    0x0, 0x0, 0x0, 0x7f, 0xff, 0xf0, 0x0, 0xdf,
    0xff, 0x90, 0x0, 0x0, 0x0, 0x1, 0xff, 0xff,
    0x50, 0x2f, 0xff, 0xf3, 0x0, 0x0, 0x0, 0x0,
    0xb, 0xff, 0xfa, 0x6, 0xff, 0xfd, 0x0, 0x0,
    0x0, 0x0, 0x0, 0x6f, 0xff, 0xe0, 0xbf, 0xff,
    0x80, 0x0, 0x0, 0x0, 0x0, 0x0, 0xff, 0xff,
    0x3f, 0xff, 0xf2, 0x0, 0x0, 0x0, 0x0, 0x0,
    0xa, 0xff, 0xfa, 0xff, 0xfc, 0x0, 0x0, 0x0,
    0x0, 0x0, 0x0, 0x4f, 0xff, 0xff, 0xff, 0x60,
    0x0, 0x0, 0x0, 0x0, 0x0, 0x0, 0xef, 0xff,
    0xff, 0xf0, 0x0, 0x0, 0x0, 0x0, 0x0, 0x0,
    0x8, 0xff, 0xff, 0xfa, 0x0, 0x0, 0x0, 0x0,
    0x0, 0x0, 0x0, 0x2f, 0xff, 0xff, 0x40, 0x0,
    0x0, 0x0,

    /* U+0077 "w" */
    0x1f, 0xff, 0xfb, 0x0, 0x0, 0x0, 0x2f, 0xff,
    0xf6, 0x0, 0x0, 0x0, 0x8f, 0xff, 0xf4, 0xc,
    0xff, 0xff, 0x0, 0x0, 0x0, 0x6f, 0xff, 0xfa,
    0x0, 0x0, 0x0, 0xcf, 0xff, 0xf0, 0x7, 0xff,
    0xff, 0x30, 0x0, 0x0, 0xaf, 0xff, 0xfe, 0x0,
    0x0, 0x0, 0xff, 0xff, 0xb0, 0x3, 0xff, 0xff,
    0x70, 0x0, 0x0, 0xef, 0xff, 0xff, 0x20, 0x0,
    0x4, 0xff, 0xff, 0x60, 0x0, 0xef, 0xff, 0xb0,
    0x0, 0x3, 0xff, 0xff, 0xff, 0x60, 0x0, 0x8,
    0xff, 0xff, 0x10, 0x0, 0x9f, 0xff, 0xf0, 0x0,
    0x7, 0xff, 0xfe, 0xff, 0xa0, 0x0, 0xc, 0xff,
    0xfd, 0x0, 0x0, 0x5f, 0xff, 0xf3, 0x0, 0xb,
    0xff, 0xda, 0xff, 0xe0, 0x0, 0xf, 0xff, 0xf8,
    0x0, 0x0, 0xf, 0xff, 0xf7, 0x0, 0xf, 0xff,
    0x96, 0xff, 0xf2, 0x0, 0x4f, 0xff, 0xf3, 0x0,
    0x0, 0xb, 0xff, 0xfa, 0x0, 0x3f, 0xff, 0x63,
    0xff, 0xf6, 0x0, 0x8f, 0xff, 0xe0, 0x0, 0x0,
    0x7, 0xff, 0xfe, 0x0, 0x7f, 0xff, 0x20, 0xef,
    0xfa, 0x0, 0xbf, 0xff, 0xa0, 0x0, 0x0, 0x2,
    0xff, 0xff, 0x20, 0xaf, 0xfe, 0x0, 0xbf, 0xfe,
    0x0, 0xff, 0xff, 0x50, 0x0, 0x0, 0x0, 0xdf,
    0xff, 0x50, 0xef, 0xfa, 0x0, 0x7f, 0xff, 0x13,
    0xff, 0xff, 0x10, 0x0, 0x0, 0x0, 0x9f, 0xff,
    0x92, 0xff, 0xf5, 0x0, 0x2f, 0xff, 0x56, 0xff,
    0xfc, 0x0, 0x0, 0x0, 0x0, 0x4f, 0xff, 0xc5,
    0xff, 0xf1, 0x0, 0xe, 0xff, 0x89, 0xff, 0xf7,
    0x0, 0x0, 0x0, 0x0, 0xf, 0xff, 0xf9, 0xff,
    0xc0, 0x0, 0x9, 0xff, 0xcc, 0xff, 0xf2, 0x0,
    0x0, 0x0, 0x0, 0xb, 0xff, 0xfe, 0xff, 0x80,
    0x0, 0x5, 0xff, 0xff, 0xff, 0xe0, 0x0, 0x0,
    0x0, 0x0, 0x6, 0xff, 0xff, 0xff, 0x30, 0x0,
    0x0, 0xff, 0xff, 0xff, 0x90, 0x0, 0x0, 0x0,
    0x0, 0x1, 0xff, 0xff, 0xff, 0x0, 0x0, 0x0,
    0xcf, 0xff, 0xff, 0x40, 0x0, 0x0, 0x0, 0x0,
    0x0, 0xdf, 0xff, 0xfa, 0x0, 0x0, 0x0, 0x7f,
    0xff, 0xff, 0x0, 0x0, 0x0, 0x0, 0x0, 0x0,
    0x8f, 0xff, 0xf6, 0x0, 0x0, 0x0, 0x3f, 0xff,
    0xfb, 0x0, 0x0, 0x0,

    /* U+0078 "x" */
    0x6, 0xff, 0xff, 0x90, 0x0, 0x0, 0x0, 0xef,
    0xff, 0xe1, 0x0, 0xcf, 0xff, 0xf3, 0x0, 0x0,
    0x8, 0xff, 0xff, 0x50, 0x0, 0x2f, 0xff, 0xfc,
    0x0, 0x0, 0x2f, 0xff, 0xfb, 0x0, 0x0, 0x8,
    0xff, 0xff, 0x50, 0x0, 0xbf, 0xff, 0xf2, 0x0,
    0x0, 0x0, 0xdf, 0xff, 0xd0, 0x4, 0xff, 0xff,
    0x70, 0x0, 0x0, 0x0, 0x4f, 0xff, 0xf6, 0xc,
    0xff, 0xfc, 0x0, 0x0, 0x0, 0x0, 0xa, 0xff,
    0xfe, 0x5f, 0xff, 0xf3, 0x0, 0x0, 0x0, 0x0,
    0x1, 0xef, 0xff, 0xff, 0xff, 0x80, 0x0, 0x0,
    0x0, 0x0, 0x0, 0x6f, 0xff, 0xff, 0xfe, 0x0,
    0x0, 0x0, 0x0, 0x0, 0x0, 0xc, 0xff, 0xff,
    0xf4, 0x0, 0x0, 0x0, 0x0, 0x0, 0x0, 0x2f,
    0xff, 0xff, 0xf7, 0x0, 0x0, 0x0, 0x0, 0x0,
    0x0, 0xbf, 0xff, 0xff, 0xff, 0x20, 0x0, 0x0,
    0x0, 0x0, 0x5, 0xff, 0xff, 0xbf, 0xff, 0xc0,
    0x0, 0x0, 0x0, 0x0, 0x1e, 0xff, 0xf8, 0x2f,
    0xff, 0xf6, 0x0, 0x0, 0x0, 0x0, 0xaf, 0xff,
    0xf1, 0xa, 0xff, 0xff, 0x10, 0x0, 0x0, 0x4,
    0xff, 0xff, 0x80, 0x1, 0xff, 0xff, 0xb0, 0x0,
    0x0, 0xd, 0xff, 0xfe, 0x0, 0x0, 0x8f, 0xff,
    0xf5, 0x0, 0x0, 0x8f, 0xff, 0xf5, 0x0, 0x0,
    0xd, 0xff, 0xfe, 0x10, 0x3, 0xff, 0xff, 0xb0,
    0x0, 0x0, 0x4, 0xff, 0xff, 0xa0, 0xc, 0xff,
    0xff, 0x20, 0x0, 0x0, 0x0, 0xbf, 0xff, 0xf4,

    /* U+0079 "y" */
    0x2f, 0xff, 0xfb, 0x0, 0x0, 0x0, 0x0, 0x8,
    0xff, 0xff, 0x40, 0xbf, 0xff, 0xf1, 0x0, 0x0,
    0x0, 0x0, 0xdf, 0xff, 0xe0, 0x5, 0xff, 0xff,
    0x60, 0x0, 0x0, 0x0, 0x3f, 0xff, 0xf8, 0x0,
    0xf, 0xff, 0xfc, 0x0, 0x0, 0x0, 0x9, 0xff,
    0xff, 0x20, 0x0, 0x9f, 0xff, 0xf1, 0x0, 0x0,
    0x0, 0xef, 0xff, 0xc0, 0x0, 0x3, 0xff, 0xff,
    0x60, 0x0, 0x0, 0x4f, 0xff, 0xf6, 0x0, 0x0,
    0xd, 0xff, 0xfc, 0x0, 0x0, 0x9, 0xff, 0xff,
    0x0, 0x0, 0x0, 0x7f, 0xff, 0xf1, 0x0, 0x0,
    0xef, 0xff, 0xa0, 0x0, 0x0, 0x1, 0xff, 0xff,
    0x60, 0x0, 0x4f, 0xff, 0xf3, 0x0, 0x0, 0x0,
    0xb, 0xff, 0xfc, 0x0, 0xa, 0xff, 0xfd, 0x0,
    0x0, 0x0, 0x0, 0x5f, 0xff, 0xf1, 0x0, 0xff,
    0xff, 0x70, 0x0, 0x0, 0x0, 0x0, 0xef, 0xff,
    0x60, 0x5f, 0xff, 0xf1, 0x0, 0x0, 0x0, 0x0,
    0x9, 0xff, 0xfb, 0x9, 0xff, 0xfb, 0x0, 0x0,
    0x0, 0x0, 0x0, 0x3f, 0xff, 0xf0, 0xef, 0xff,
    0x50, 0x0, 0x0, 0x0, 0x0, 0x0, 0xdf, 0xff,
    0x6f, 0xff, 0xe0, 0x0, 0x0, 0x0, 0x0, 0x0,
    0x7, 0xff, 0xfd, 0xff, 0xf9, 0x0, 0x0, 0x0,
    0x0, 0x0, 0x0, 0x1f, 0xff, 0xff, 0xff, 0x30,
    0x0, 0x0, 0x0, 0x0, 0x0, 0x0, 0xbf, 0xff,
    0xff, 0xc0, 0x0, 0x0, 0x0, 0x0, 0x0, 0x0,
    0x5, 0xff, 0xff, 0xf6, 0x0, 0x0, 0x0, 0x0,
    0x0, 0x0, 0x0, 0xf, 0xff, 0xff, 0x10, 0x0,
    0x0, 0x0, 0x0, 0x0, 0x0, 0x1, 0xff, 0xff,
    0xa0, 0x0, 0x0, 0x0, 0x0, 0x0, 0x0, 0x0,
    0x5f, 0xff, 0xf4, 0x0, 0x0, 0x0, 0x0, 0x0,
    0x0, 0x0, 0x1d, 0xff, 0xfd, 0x0, 0x0, 0x0,
    0x0, 0x0, 0x0, 0xcc, 0xcf, 0xff, 0xff, 0x50,
    0x0, 0x0, 0x0, 0x0, 0x0, 0x2f, 0xff, 0xff,
    0xff, 0xb0, 0x0, 0x0, 0x0, 0x0, 0x0, 0x7,
    0xff, 0xff, 0xff, 0xb0, 0x0, 0x0, 0x0, 0x0,
    0x0, 0x0, 0x7d, 0xff, 0xeb, 0x50, 0x0, 0x0,
    0x0, 0x0, 0x0, 0x0,

    /* U+007A "z" */
    0x8f, 0xff, 0xff, 0xff, 0xff, 0xff, 0xff, 0xfe,
    0x8, 0xff, 0xff, 0xff, 0xff, 0xff, 0xff, 0xff,
    0xe0, 0x8f, 0xff, 0xff, 0xff, 0xff, 0xff, 0xff,
    0xfe, 0x7, 0xee, 0xee, 0xee, 0xee, 0xef, 0xff,
    0xff, 0xa0, 0x0, 0x0, 0x0, 0x0, 0x3, 0xff,
    0xff, 0xd0, 0x0, 0x0, 0x0, 0x0, 0x1, 0xdf,
    0xff, 0xf3, 0x0, 0x0, 0x0, 0x0, 0x0, 0xbf,
    0xff, 0xf6, 0x0, 0x0, 0x0, 0x0, 0x0, 0x7f,
    0xff, 0xfa, 0x0, 0x0, 0x0, 0x0, 0x0, 0x4f,
    0xff, 0xfd, 0x0, 0x0, 0x0, 0x0, 0x0, 0x1e,
    0xff, 0xff, 0x30, 0x0, 0x0, 0x0, 0x0, 0xc,
    0xff, 0xff, 0x60, 0x0, 0x0, 0x0, 0x0, 0x9,
    0xff, 0xff, 0xa0, 0x0, 0x0, 0x0, 0x0, 0x5,
    0xff, 0xff, 0xd0, 0x0, 0x0, 0x0, 0x0, 0x2,
    0xff, 0xff, 0xf3, 0x0, 0x0, 0x0, 0x0, 0x0,
    0xdf, 0xff, 0xf6, 0x0, 0x0, 0x0, 0x0, 0x0,
    0xaf, 0xff, 0xfa, 0x0, 0x0, 0x0, 0x0, 0x0,
    0x6f, 0xff, 0xff, 0xee, 0xee, 0xee, 0xee, 0xee,
    0x3d, 0xff, 0xff, 0xff, 0xff, 0xff, 0xff, 0xff,
    0xf3, 0xdf, 0xff, 0xff, 0xff, 0xff, 0xff, 0xff,
    0xff, 0x3d, 0xff, 0xff, 0xff, 0xff, 0xff, 0xff,
    0xff, 0xf3,

    /* U+007B "{" */
    0x0, 0x0, 0x0, 0x2, 0x7b, 0xef, 0x70, 0x0,
    0x0, 0x8, 0xff, 0xff, 0xf7, 0x0, 0x0, 0x7,
    0xff, 0xff, 0xff, 0x70, 0x0, 0x1, 0xff, 0xff,
    0xfd, 0xa4, 0x0, 0x0, 0x5f, 0xff, 0xf8, 0x0,
    0x0, 0x0, 0x8, 0xff, 0xfe, 0x0, 0x0, 0x0,
    0x0, 0x9f, 0xff, 0xa0, 0x0, 0x0, 0x0, 0xa,
    0xff, 0xf9, 0x0, 0x0, 0x0, 0x0, 0xaf, 0xff,
    0x90, 0x0, 0x0, 0x0, 0xa, 0xff, 0xf9, 0x0,
    0x0, 0x0, 0x0, 0xaf, 0xff, 0x90, 0x0, 0x0,
    0x0, 0xa, 0xff, 0xf9, 0x0, 0x0, 0x0, 0x0,
    0xdf, 0xff, 0x80, 0x0, 0x0, 0x0, 0x4f, 0xff,
    0xf6, 0x0, 0x0, 0x26, 0x9f, 0xff, 0xfe, 0x0,
    0x0, 0x8, 0xff, 0xff, 0xfd, 0x30, 0x0, 0x0,
    0x8f, 0xff, 0xd5, 0x0, 0x0, 0x0, 0x8, 0xff,
    0xff, 0xb4, 0x0, 0x0, 0x0, 0x8f, 0xff, 0xff,
    0xf8, 0x0, 0x0, 0x0, 0x3, 0xcf, 0xff, 0xf3,
    0x0, 0x0, 0x0, 0x1, 0xff, 0xff, 0x70, 0x0,
    0x0, 0x0, 0xc, 0xff, 0xf9, 0x0, 0x0, 0x0,
    0x0, 0xaf, 0xff, 0x90, 0x0, 0x0, 0x0, 0xa,
    0xff, 0xf9, 0x0, 0x0, 0x0, 0x0, 0xaf, 0xff,
    0x90, 0x0, 0x0, 0x0, 0xa, 0xff, 0xf9, 0x0,
    0x0, 0x0, 0x0, 0x9f, 0xff, 0xa0, 0x0, 0x0,
    0x0, 0x8, 0xff, 0xfd, 0x0, 0x0, 0x0, 0x0,
    0x6f, 0xff, 0xf6, 0x0, 0x0, 0x0, 0x1, 0xff,
    0xff, 0xfd, 0x93, 0x0, 0x0, 0x8, 0xff, 0xff,
    0xff, 0x70, 0x0, 0x0, 0x9, 0xff, 0xff, 0xf7,
    0x0, 0x0, 0x0, 0x2, 0x8b, 0xef, 0x70,

    /* U+007C "|" */
    0x58, 0x88, 0x4a, 0xff, 0xf9, 0xaf, 0xff, 0x9a,
    0xff, 0xf9, 0xaf, 0xff, 0x9a, 0xff, 0xf9, 0xaf,
    0xff, 0x9a, 0xff, 0xf9, 0xaf, 0xff, 0x9a, 0xff,
    0xf9, 0xaf, 0xff, 0x9a, 0xff, 0xf9, 0xaf, 0xff,
    0x9a, 0xff, 0xf9, 0xaf, 0xff, 0x9a, 0xff, 0xf9,
    0xaf, 0xff, 0x9a, 0xff, 0xf9, 0xaf, 0xff, 0x9a,
    0xff, 0xf9, 0xaf, 0xff, 0x9a, 0xff, 0xf9, 0xaf,
    0xff, 0x9a, 0xff, 0xf9, 0xaf, 0xff, 0x9a, 0xff,
    0xf9, 0xaf, 0xff, 0x9a, 0xff, 0xf9, 0xaf, 0xff,
    0x9a, 0xff, 0xf9, 0xaf, 0xff, 0x9a, 0xff, 0xf9,
    0xaf, 0xff, 0x9a, 0xff, 0xf9, 0xaf, 0xff, 0x9a,
    0xff, 0xf9, 0xaf, 0xff, 0x9a, 0xff, 0xf9, 0xaf,
    0xff, 0x9a, 0xff, 0xf9, 0xaf, 0xff, 0x9a, 0xff,
    0xf9, 0xaf, 0xff, 0x9a, 0xff, 0xf9,

    /* U+007D "}" */
    0x1f, 0xec, 0x94, 0x0, 0x0, 0x0, 0x1, 0xff,
    0xff, 0xfc, 0x10, 0x0, 0x0, 0x1f, 0xff, 0xff,
    0xfd, 0x0, 0x0, 0x0, 0x9b, 0xff, 0xff, 0xf5,
    0x0, 0x0, 0x0, 0x2, 0xff, 0xff, 0xa0, 0x0,
    0x0, 0x0, 0x8, 0xff, 0xfd, 0x0, 0x0, 0x0,
    0x0, 0x5f, 0xff, 0xf0, 0x0, 0x0, 0x0, 0x3,
    0xff, 0xff, 0x0, 0x0, 0x0, 0x0, 0x3f, 0xff,
    0xf0, 0x0, 0x0, 0x0, 0x3, 0xff, 0xff, 0x0,
    0x0, 0x0, 0x0, 0x3f, 0xff, 0xf0, 0x0, 0x0,
    0x0, 0x3, 0xff, 0xff, 0x0, 0x0, 0x0, 0x0,
    0x3f, 0xff, 0xf2, 0x0, 0x0, 0x0, 0x0, 0xff,
    0xff, 0x90, 0x0, 0x0, 0x0, 0xa, 0xff, 0xff,
    0xb5, 0x30, 0x0, 0x0, 0xb, 0xff, 0xff, 0xfe,
    0x0, 0x0, 0x0, 0x4, 0xaf, 0xff, 0xe0, 0x0,
    0x0, 0x1, 0x8e, 0xff, 0xfe, 0x0, 0x0, 0x3,
    0xef, 0xff, 0xff, 0xe0, 0x0, 0x0, 0xdf, 0xff,
    0xf7, 0x20, 0x0, 0x0, 0x2f, 0xff, 0xf7, 0x0,
    0x0, 0x0, 0x3, 0xff, 0xff, 0x10, 0x0, 0x0,
    0x0, 0x3f, 0xff, 0xf0, 0x0, 0x0, 0x0, 0x3,
    0xff, 0xff, 0x0, 0x0, 0x0, 0x0, 0x3f, 0xff,
    0xf0, 0x0, 0x0, 0x0, 0x3, 0xff, 0xff, 0x0,
    0x0, 0x0, 0x0, 0x4f, 0xff, 0xf0, 0x0, 0x0,
    0x0, 0x8, 0xff, 0xfe, 0x0, 0x0, 0x0, 0x2,
    0xef, 0xff, 0xb0, 0x0, 0x0, 0x8b, 0xff, 0xff,
    0xf6, 0x0, 0x0, 0x1f, 0xff, 0xff, 0xfd, 0x0,
    0x0, 0x1, 0xff, 0xff, 0xfd, 0x10, 0x0, 0x0,
    0x1f, 0xec, 0x95, 0x0, 0x0, 0x0, 0x0,

    /* U+007E "~" */
    0x0, 0x2, 0x9d, 0xeb, 0x50, 0x0, 0x0, 0x1,
    0x33, 0x31, 0x0, 0x5f, 0xff, 0xff, 0xfb, 0x10,
    0x0, 0x5, 0xff, 0xf6, 0x2, 0xff, 0xff, 0xff,
    0xff, 0xd2, 0x0, 0x9, 0xff, 0xf5, 0x9, 0xff,
    0xff, 0xff, 0xff, 0xfe, 0x50, 0x5f, 0xff, 0xf2,
    0xe, 0xff, 0xf7, 0x3, 0xdf, 0xff, 0xff, 0xff,
    0xff, 0xd0, 0x1f, 0xff, 0xc0, 0x0, 0x1c, 0xff,
    0xff, 0xff, 0xff, 0x60, 0x2f, 0xff, 0x80, 0x0,
    0x0, 0xaf, 0xff, 0xff, 0xf9, 0x0, 0x5, 0x55,
    0x20, 0x0, 0x0, 0x4, 0xbf, 0xfc, 0x50, 0x0,

    /* U+00A0 " " */

    /* U+00A1 "¡" */
    0x1, 0xaf, 0xd6, 0x0, 0xbf, 0xff, 0xf4, 0xf,
    0xff, 0xff, 0x90, 0xff, 0xff, 0xf8, 0x7, 0xff,
    0xfe, 0x10, 0x4, 0x87, 0x10, 0x0, 0x0, 0x0,
    0x0, 0x0, 0x0, 0x0, 0x0, 0x0, 0x0, 0x0,
    0x5f, 0xff, 0xf0, 0x6, 0xff, 0xff, 0x0, 0x6f,
    0xff, 0xf0, 0x6, 0xff, 0xff, 0x0, 0x7f, 0xff,
    0xf0, 0x7, 0xff, 0xff, 0x0, 0x7f, 0xff, 0xf1,
    0x7, 0xff, 0xff, 0x10, 0x8f, 0xff, 0xf1, 0x8,
    0xff, 0xff, 0x20, 0x8f, 0xff, 0xf2, 0x9, 0xff,
    0xff, 0x20, 0x9f, 0xff, 0xf2, 0x9, 0xff, 0xff,
    0x30, 0xaf, 0xff, 0xf3, 0xa, 0xff, 0xff, 0x30,
    0xaf, 0xff, 0xf4, 0xa, 0xff, 0xff, 0x40,

    /* U+00A2 "¢" */
    0x0, 0x0, 0x0, 0x0, 0x3f, 0xe0, 0x0, 0x0,
    0x0, 0x0, 0x0, 0x0, 0x0, 0x3, 0xfe, 0x0,
    0x0, 0x0, 0x0, 0x0, 0x0, 0x0, 0x0, 0x3f,
    0xe0, 0x0, 0x0, 0x0, 0x0, 0x0, 0x0, 0x17,
    0xcf, 0xff, 0xfc, 0x71, 0x0, 0x0, 0x0, 0x0,
    0x7f, 0xff, 0xff, 0xff, 0xff, 0xf6, 0x0, 0x0,
    0x0, 0x9f, 0xff, 0xff, 0xff, 0xff, 0xff, 0xf8,
    0x0, 0x0, 0x7f, 0xff, 0xff, 0xef, 0xfe, 0xff,
    0xff, 0xf5, 0x0, 0x2f, 0xff, 0xff, 0x53, 0xfe,
    0x6, 0xff, 0xff, 0xd0, 0x9, 0xff, 0xff, 0x60,
    0x3f, 0xe0, 0x7, 0xff, 0xff, 0x40, 0xef, 0xff,
    0xe0, 0x3, 0xfe, 0x0, 0xd, 0xa7, 0x40, 0x2f,
    0xff, 0xf8, 0x0, 0x3f, 0xe0, 0x0, 0x0, 0x0,
    0x4, 0xff, 0xff, 0x50, 0x3, 0xfe, 0x0, 0x0,
    0x0, 0x0, 0x6f, 0xff, 0xf4, 0x0, 0x3f, 0xe0,
    0x0, 0x0, 0x0, 0x6, 0xff, 0xff, 0x40, 0x3,
    0xfe, 0x0, 0x0, 0x0, 0x0, 0x4f, 0xff, 0xf5,
    0x0, 0x3f, 0xe0, 0x0, 0x0, 0x0, 0x3, 0xff,
    0xff, 0x80, 0x3, 0xfe, 0x0, 0x0, 0x0, 0x0,
    0xe, 0xff, 0xfe, 0x0, 0x3f, 0xe0, 0x0, 0xec,
    0x96, 0x10, 0x9f, 0xff, 0xf6, 0x3, 0xfe, 0x0,
    0x7f, 0xff, 0xf4, 0x2, 0xff, 0xff, 0xf5, 0x3f,
    0xe0, 0x6f, 0xff, 0xfe, 0x0, 0x7, 0xff, 0xff,
    0xfe, 0xff, 0xef, 0xff, 0xff, 0x50, 0x0, 0x9,
    0xff, 0xff, 0xff, 0xff, 0xff, 0xff, 0x80, 0x0,
    0x0, 0x7, 0xff, 0xff, 0xff, 0xff, 0xff, 0x60,
    0x0, 0x0, 0x0, 0x1, 0x8c, 0xff, 0xff, 0xc7,
    0x10, 0x0, 0x0, 0x0, 0x0, 0x0, 0x3, 0xfe,
    0x0, 0x0, 0x0, 0x0, 0x0, 0x0, 0x0, 0x0,
    0x3f, 0xe0, 0x0, 0x0, 0x0, 0x0, 0x0, 0x0,
    0x0, 0x3, 0xfe, 0x0, 0x0, 0x0, 0x0,

    /* U+00A3 "£" */
    0x0, 0x0, 0x0, 0x2, 0x7c, 0xef, 0xec, 0x92,
    0x0, 0x0, 0x0, 0x0, 0x0, 0x9f, 0xff, 0xff,
    0xff, 0xff, 0x90, 0x0, 0x0, 0x0, 0xc, 0xff,
    0xff, 0xff, 0xff, 0xff, 0xfc, 0x10, 0x0, 0x0,
    0xaf, 0xff, 0xff, 0xff, 0xff, 0xff, 0xff, 0xa0,
    0x0, 0x3, 0xff, 0xff, 0xf6, 0x10, 0x15, 0xef,
    0xff, 0xf3, 0x0, 0x8, 0xff, 0xff, 0x40, 0x0,
    0x0, 0x2f, 0xff, 0xf9, 0x0, 0xb, 0xff, 0xfc,
    0x0, 0x0, 0x0, 0xa, 0xfe, 0xb7, 0x0, 0xc,
    0xff, 0xfa, 0x0, 0x0, 0x0, 0x0, 0x0, 0x0,
    0x0, 0xc, 0xff, 0xfa, 0x0, 0x0, 0x0, 0x0,
    0x0, 0x0, 0x0, 0xb, 0xff, 0xfa, 0x0, 0x0,
    0x0, 0x0, 0x0, 0x0, 0x0, 0xa, 0xff, 0xfb,
    0x0, 0x0, 0x0, 0x0, 0x0, 0x0, 0x4f, 0xff,
    0xff, 0xff, 0xff, 0xff, 0xff, 0xf2, 0x0, 0x0,
    0x4f, 0xff, 0xff, 0xff, 0xff, 0xff, 0xff, 0xf2,
    0x0, 0x0, 0x4f, 0xff, 0xff, 0xff, 0xff, 0xff,
    0xff, 0xf2, 0x0, 0x0, 0x2, 0x29, 0xff, 0xfe,
    0x22, 0x22, 0x22, 0x20, 0x0, 0x0, 0x0, 0x7,
    0xff, 0xfe, 0x0, 0x0, 0x0, 0x0, 0x0, 0x0,
    0x0, 0x6, 0xff, 0xfe, 0x0, 0x0, 0x0, 0x0,
    0x0, 0x0, 0x0, 0x6, 0xff, 0xff, 0x0, 0x0,
    0x0, 0x0, 0x0, 0x0, 0x0, 0x5, 0xff, 0xff,
    0x0, 0x0, 0x0, 0x0, 0x0, 0x0, 0x0, 0x6,
    0xff, 0xfd, 0x0, 0x0, 0x0, 0x0, 0x33, 0x33,
    0x0, 0x9, 0xff, 0xf5, 0x0, 0x0, 0x0, 0x4,
    0xff, 0xff, 0x1, 0x6f, 0xff, 0x60, 0x0, 0x0,
    0x0, 0x7, 0xff, 0xfe, 0x4f, 0xff, 0xff, 0xff,
    0xff, 0xff, 0xff, 0xff, 0xff, 0xfc, 0x4f, 0xff,
    0xff, 0xff, 0xff, 0xff, 0xff, 0xff, 0xff, 0xf6,
    0x4f, 0xff, 0xff, 0xff, 0xff, 0xff, 0xff, 0xff,
    0xff, 0xb0, 0x4f, 0xff, 0xff, 0xff, 0xff, 0xff,
    0xff, 0xff, 0xc7, 0x0,

    /* U+00A4 "¤" */
    0x0, 0x50, 0x0, 0x0, 0x0, 0x1, 0x0, 0x0,
    0x0, 0x0, 0x50, 0x0, 0x7f, 0xa0, 0x0, 0x5a,
    0xef, 0xff, 0xea, 0x40, 0x0, 0xaf, 0x70, 0x6f,
    0xff, 0xa4, 0xdf, 0xff, 0xff, 0xff, 0xff, 0xc3,
    0xaf, 0xff, 0x62, 0xef, 0xff, 0xff, 0xff, 0xff,
    0xff, 0xff, 0xff, 0xff, 0xff, 0xe2, 0x2, 0xef,
    0xff, 0xff, 0xa4, 0x10, 0x14, 0xaf, 0xff, 0xff,
    0xe2, 0x0, 0x5, 0xff, 0xfe, 0x30, 0x0, 0x0,
    0x0, 0x4f, 0xff, 0xf4, 0x0, 0x0, 0xdf, 0xfe,
    0x10, 0x0, 0x0, 0x0, 0x0, 0x2f, 0xff, 0xb0,
    0x0, 0x4f, 0xff, 0x30, 0x0, 0x0, 0x0, 0x0,
    0x0, 0x5f, 0xff, 0x30, 0xa, 0xff, 0xa0, 0x0,
    0x0, 0x0, 0x0, 0x0, 0x0, 0xcf, 0xf9, 0x0,
    0xef, 0xf4, 0x0, 0x0, 0x0, 0x0, 0x0, 0x0,
    0x6, 0xff, 0xd0, 0x1f, 0xff, 0x10, 0x0, 0x0,
    0x0, 0x0, 0x0, 0x0, 0x2f, 0xff, 0x2, 0xff,
    0xf0, 0x0, 0x0, 0x0, 0x0, 0x0, 0x0, 0x1,
    0xff, 0xf1, 0x2f, 0xff, 0x0, 0x0, 0x0, 0x0,
    0x0, 0x0, 0x0, 0x1f, 0xff, 0x11, 0xff, 0xf1,
    0x0, 0x0, 0x0, 0x0, 0x0, 0x0, 0x3, 0xff,
    0xf0, 0xe, 0xff, 0x50, 0x0, 0x0, 0x0, 0x0,
    0x0, 0x0, 0x7f, 0xfc, 0x0, 0x9f, 0xfb, 0x0,
    0x0, 0x0, 0x0, 0x0, 0x0, 0xd, 0xff, 0x80,
    0x3, 0xff, 0xf5, 0x0, 0x0, 0x0, 0x0, 0x0,
    0x7, 0xff, 0xf2, 0x0, 0xb, 0xff, 0xf3, 0x0,
    0x0, 0x0, 0x0, 0x4, 0xff, 0xfa, 0x0, 0x0,
    0xaf, 0xff, 0xf5, 0x0, 0x0, 0x0, 0x7, 0xff,
    0xff, 0xa0, 0x0, 0x9f, 0xff, 0xff, 0xfc, 0x73,
    0x34, 0x7d, 0xff, 0xff, 0xff, 0xa0, 0x7f, 0xff,
    0xef, 0xff, 0xff, 0xff, 0xff, 0xff, 0xfe, 0xef,
    0xff, 0x70, 0xcf, 0xe2, 0x2b, 0xff, 0xff, 0xff,
    0xff, 0xfa, 0x12, 0xef, 0xc1, 0x1, 0xb2, 0x0,
    0x3, 0x8c, 0xef, 0xec, 0x82, 0x0, 0x2, 0xb1,
    0x0, 0x0, 0x0, 0x0, 0x0, 0x0, 0x0, 0x0,
    0x0, 0x0, 0x0, 0x0,

    /* U+00A5 "¥" */
    0x3f, 0xff, 0xfa, 0x0, 0x0, 0x0, 0x0, 0x5f,
    0xff, 0xf8, 0xc, 0xff, 0xff, 0x10, 0x0, 0x0,
    0x0, 0xcf, 0xff, 0xf1, 0x4, 0xff, 0xff, 0x70,
    0x0, 0x0, 0x2, 0xff, 0xff, 0xa0, 0x0, 0xdf,
    0xff, 0xe0, 0x0, 0x0, 0x9, 0xff, 0xff, 0x20,
    0x0, 0x6f, 0xff, 0xf5, 0x0, 0x0, 0x1f, 0xff,
    0xfb, 0x0, 0x0, 0xe, 0xff, 0xfc, 0x0, 0x0,
    0x7f, 0xff, 0xf3, 0x0, 0x0, 0x7, 0xff, 0xff,
    0x20, 0x0, 0xdf, 0xff, 0xc0, 0x0, 0x0, 0x0,
    0xef, 0xff, 0x90, 0x4, 0xff, 0xff, 0x40, 0x0,
    0x0, 0x0, 0x8f, 0xff, 0xf1, 0xb, 0xff, 0xfd,
    0x0, 0x0, 0x0, 0x0, 0x1f, 0xff, 0xf7, 0x2f,
    0xff, 0xf5, 0x0, 0x0, 0x0, 0x0, 0x9, 0xff,
    0xfd, 0x9f, 0xff, 0xd0, 0x0, 0x0, 0x0, 0x0,
    0x2, 0xff, 0xff, 0xff, 0xff, 0x60, 0x0, 0x0,
    0x0, 0x0, 0x0, 0xaf, 0xff, 0xff, 0xfe, 0x0,
    0x0, 0x0, 0x0, 0xdf, 0xff, 0xff, 0xff, 0xff,
    0xff, 0xff, 0xfd, 0x0, 0x0, 0xdf, 0xff, 0xff,
    0xff, 0xff, 0xff, 0xff, 0xfd, 0x0, 0x0, 0xce,
    0xee, 0xee, 0xff, 0xff, 0xee, 0xee, 0xeb, 0x0,
    0x0, 0x0, 0x0, 0x3, 0xff, 0xff, 0x60, 0x0,
    0x0, 0x0, 0x0, 0x0, 0x0, 0x3, 0xff, 0xff,
    0x60, 0x0, 0x0, 0x0, 0x0, 0xdf, 0xff, 0xff,
    0xff, 0xff, 0xff, 0xff, 0xfd, 0x0, 0x0, 0xdf,
    0xff, 0xff, 0xff, 0xff, 0xff, 0xff, 0xfd, 0x0,
    0x0, 0xce, 0xee, 0xee, 0xff, 0xff, 0xee, 0xee,
    0xeb, 0x0, 0x0, 0x0, 0x0, 0x3, 0xff, 0xff,
    0x60, 0x0, 0x0, 0x0, 0x0, 0x0, 0x0, 0x3,
    0xff, 0xff, 0x60, 0x0, 0x0, 0x0, 0x0, 0x0,
    0x0, 0x3, 0xff, 0xff, 0x60, 0x0, 0x0, 0x0,
    0x0, 0x0, 0x0, 0x3, 0xff, 0xff, 0x60, 0x0,
    0x0, 0x0, 0x0, 0x0, 0x0, 0x3, 0xff, 0xff,
    0x60, 0x0, 0x0, 0x0,

    /* U+00A6 "¦" */
    0x6f, 0xff, 0xc6, 0xff, 0xfc, 0x6f, 0xff, 0xc6,
    0xff, 0xfc, 0x6f, 0xff, 0xc6, 0xff, 0xfc, 0x6f,
    0xff, 0xc6, 0xff, 0xfc, 0x6f, 0xff, 0xc6, 0xff,
    0xfc, 0x6f, 0xff, 0xc6, 0xff, 0xfc, 0x2, 0x22,
    0x10, 0x0, 0x0, 0x0, 0x0, 0x0, 0x0, 0x0,
    0x0, 0x0, 0x0, 0x0, 0x0, 0x0, 0x0, 0x6,
    0xff, 0xfc, 0x6f, 0xff, 0xc6, 0xff, 0xfc, 0x6f,
    0xff, 0xc6, 0xff, 0xfc, 0x6f, 0xff, 0xc6, 0xff,
    0xfc, 0x6f, 0xff, 0xc6, 0xff, 0xfc, 0x6f, 0xff,
    0xc6, 0xff, 0xfc, 0x6f, 0xff, 0xc1, 0x33, 0x32,

    /* U+00A7 "§" */
    0x0, 0x0, 0x4, 0xad, 0xff, 0xeb, 0x60, 0x0,
    0x0, 0x0, 0x0, 0xbf, 0xff, 0xff, 0xff, 0xfd,
    0x20, 0x0, 0x0, 0xc, 0xff, 0xff, 0xff, 0xff,
    0xff, 0xd1, 0x0, 0x0, 0x5f, 0xff, 0xff, 0xba,
    0xdf, 0xff, 0xf9, 0x0, 0x0, 0xbf, 0xff, 0xd1,
    0x0, 0x8, 0xff, 0xff, 0x10, 0x0, 0xdf, 0xff,
    0x50, 0x0, 0x0, 0xdf, 0xff, 0x40, 0x0, 0xdf,
    0xff, 0x50, 0x0, 0x0, 0x46, 0x30, 0x0, 0x0,
    0xbf, 0xff, 0xb0, 0x0, 0x0, 0x0, 0x0, 0x0,
    0x0, 0x5f, 0xff, 0xfa, 0x10, 0x0, 0x0, 0x0,
    0x0, 0x0, 0xa, 0xff, 0xff, 0xf9, 0x10, 0x0,
    0x0, 0x0, 0x0, 0x0, 0x9f, 0xff, 0xff, 0xfa,
    0x20, 0x0, 0x0, 0x0, 0x2a, 0xdf, 0xff, 0xff,
    0xff, 0xfa, 0x20, 0x0, 0x3, 0xff, 0xf9, 0x37,
    0xef, 0xff, 0xff, 0xf6, 0x0, 0xd, 0xff, 0xb0,
    0x0, 0x6, 0xdf, 0xff, 0xff, 0x60, 0x1f, 0xff,
    0x80, 0x0, 0x0, 0x5, 0xef, 0xff, 0xf1, 0x2f,
    0xff, 0x90, 0x0, 0x0, 0x0, 0xc, 0xff, 0xf7,
    0xf, 0xff, 0xf3, 0x0, 0x0, 0x0, 0x4, 0xff,
    0xfa, 0xa, 0xff, 0xff, 0x70, 0x0, 0x0, 0x1,
    0xff, 0xf9, 0x1, 0xef, 0xff, 0xfe, 0x71, 0x0,
    0x5, 0xff, 0xf4, 0x0, 0x2d, 0xff, 0xff, 0xff,
    0x82, 0x5e, 0xff, 0xa0, 0x0, 0x0, 0x8f, 0xff,
    0xff, 0xff, 0xfe, 0xc6, 0x0, 0x0, 0x0, 0x1,
    0x7e, 0xff, 0xff, 0xfe, 0x30, 0x0, 0x0, 0x0,
    0x0, 0x0, 0x6e, 0xff, 0xff, 0xf3, 0x0, 0x0,
    0x0, 0x0, 0x0, 0x0, 0x8f, 0xff, 0xfc, 0x0,
    0x0, 0x0, 0x0, 0x0, 0x0, 0x4, 0xff, 0xff,
    0x20, 0x0, 0x3, 0x74, 0x0, 0x0, 0x0, 0xef,
    0xff, 0x50, 0x5, 0xff, 0xfd, 0x0, 0x0, 0x0,
    0xef, 0xff, 0x50, 0x2, 0xff, 0xff, 0x90, 0x0,
    0x7, 0xff, 0xff, 0x20, 0x0, 0xaf, 0xff, 0xfe,
    0xbb, 0xef, 0xff, 0xfd, 0x0, 0x0, 0x1e, 0xff,
    0xff, 0xff, 0xff, 0xff, 0xf3, 0x0, 0x0, 0x2,
    0xcf, 0xff, 0xff, 0xff, 0xfd, 0x30, 0x0, 0x0,
    0x0, 0x5, 0xae, 0xff, 0xeb, 0x60, 0x0, 0x0,

    /* U+00A8 "¨" */
    0x2, 0xac, 0x60, 0x0, 0x5, 0xcb, 0x20, 0xe,
    0xff, 0xf4, 0x0, 0x4f, 0xff, 0xe0, 0x3f, 0xff,
    0xf9, 0x0, 0x8f, 0xff, 0xf3, 0x1f, 0xff, 0xf6,
    0x0, 0x6f, 0xff, 0xf1, 0x4, 0xde, 0x80, 0x0,
    0x8, 0xed, 0x50,

    /* U+00A9 "©" */
    0x0, 0x0, 0x0, 0x0, 0x1, 0x6a, 0xdf, 0xff,
    0xda, 0x60, 0x0, 0x0, 0x0, 0x0, 0x0, 0x0,
    0x0, 0x1, 0x9f, 0xff, 0xff, 0xff, 0xff, 0xff,
    0x80, 0x0, 0x0, 0x0, 0x0, 0x0, 0x0, 0x5f,
    0xff, 0xff, 0xff, 0xff, 0xff, 0xff, 0xfe, 0x40,
    0x0, 0x0, 0x0, 0x0, 0x8, 0xff, 0xff, 0xff,
    0xfe, 0xde, 0xff, 0xff, 0xff, 0xf7, 0x0, 0x0,
    0x0, 0x0, 0x8f, 0xff, 0xff, 0xa5, 0x0, 0x0,
    0x5, 0xbf, 0xff, 0xff, 0x70, 0x0, 0x0, 0x5,
    0xff, 0xff, 0xd3, 0x0, 0x0, 0x0, 0x0, 0x4,
    0xef, 0xff, 0xf4, 0x0, 0x0, 0x1f, 0xff, 0xfb,
    0x0, 0x4, 0xbe, 0xfe, 0xb5, 0x0, 0x1c, 0xff,
    0xfe, 0x0, 0x0, 0x9f, 0xff, 0xd0, 0x0, 0xbf,
    0xff, 0xff, 0xff, 0xc1, 0x1, 0xef, 0xff, 0x70,
    0x1, 0xff, 0xff, 0x20, 0xc, 0xff, 0xff, 0xff,
    0xff, 0xfd, 0x10, 0x4f, 0xff, 0xf0, 0x7, 0xff,
    0xfa, 0x0, 0x9f, 0xff, 0xe9, 0x68, 0xef, 0xff,
    0xa0, 0xb, 0xff, 0xf5, 0xb, 0xff, 0xf4, 0x1,
    0xff, 0xfc, 0x10, 0x0, 0xc, 0xff, 0xf2, 0x5,
    0xff, 0xf9, 0xe, 0xff, 0xf0, 0x7, 0xff, 0xf2,
    0x0, 0x0, 0x2, 0xff, 0xf6, 0x1, 0xff, 0xfc,
    0xf, 0xff, 0xd0, 0xa, 0xff, 0xb0, 0x0, 0x0,
    0x0, 0x0, 0x0, 0x0, 0xff, 0xfe, 0xf, 0xff,
    0xc0, 0xc, 0xff, 0x90, 0x0, 0x0, 0x0, 0x0,
    0x0, 0x0, 0xdf, 0xff, 0xf, 0xff, 0xd0, 0xa,
    0xff, 0xb0, 0x0, 0x0, 0x0, 0x0, 0x0, 0x0,
    0xff, 0xfe, 0xe, 0xff, 0xf0, 0x7, 0xff, 0xf2,
    0x0, 0x0, 0x5, 0xff, 0xf3, 0x1, 0xff, 0xfc,
    0xb, 0xff, 0xf4, 0x1, 0xff, 0xfc, 0x10, 0x0,
    0x1d, 0xff, 0xf0, 0x5, 0xff, 0xf9, 0x7, 0xff,
    0xfa, 0x0, 0x9f, 0xff, 0xe9, 0x68, 0xef, 0xff,
    0x80, 0xb, 0xff, 0xf5, 0x1, 0xff, 0xff, 0x20,
    0xc, 0xff, 0xff, 0xff, 0xff, 0xfc, 0x0, 0x4f,
    0xff, 0xf0, 0x0, 0x9f, 0xff, 0xd0, 0x0, 0xbf,
    0xff, 0xff, 0xff, 0xb1, 0x1, 0xef, 0xff, 0x70,
    0x0, 0x1f, 0xff, 0xfb, 0x0, 0x4, 0xbe, 0xfe,
    0xb5, 0x0, 0x1c, 0xff, 0xfe, 0x0, 0x0, 0x5,
    0xff, 0xff, 0xd3, 0x0, 0x0, 0x0, 0x0, 0x4,
    0xef, 0xff, 0xf4, 0x0, 0x0, 0x0, 0x8f, 0xff,
    0xff, 0xa4, 0x0, 0x0, 0x5, 0xbf, 0xff, 0xff,
    0x70, 0x0, 0x0, 0x0, 0x8, 0xff, 0xff, 0xff,
    0xfe, 0xde, 0xff, 0xff, 0xff, 0xf7, 0x0, 0x0,
    0x0, 0x0, 0x0, 0x5f, 0xff, 0xff, 0xff, 0xff,
    0xff, 0xff, 0xfe, 0x40, 0x0, 0x0, 0x0, 0x0,
    0x0, 0x1, 0x9f, 0xff, 0xff, 0xff, 0xff, 0xff,
    0x80, 0x0, 0x0, 0x0, 0x0, 0x0, 0x0, 0x0,
    0x1, 0x6a, 0xdf, 0xff, 0xda, 0x60, 0x0, 0x0,
    0x0, 0x0,

    /* U+00AA "ª" */
    0x0, 0x3, 0x9c, 0xef, 0xea, 0x50, 0x0, 0x0,
    0xaf, 0xff, 0xff, 0xff, 0xfd, 0x20, 0xb, 0xff,
    0xff, 0xed, 0xff, 0xff, 0xd0, 0x4f, 0xff, 0xc2,
    0x0, 0xa, 0xff, 0xf6, 0x2, 0x47, 0x10, 0x0,
    0x2, 0xff, 0xf9, 0x0, 0x0, 0x0, 0x0, 0x7,
    0xff, 0xfa, 0x0, 0x4, 0x8a, 0xce, 0xff, 0xff,
    0xfa, 0x5, 0xef, 0xff, 0xff, 0xff, 0xff, 0xfa,
    0x5f, 0xff, 0xfc, 0x96, 0x42, 0xff, 0xfa, 0xcf,
    0xff, 0x30, 0x0, 0x1, 0xff, 0xfa, 0xef, 0xfb,
    0x0, 0x0, 0x5, 0xff, 0xfa, 0xef, 0xfe, 0x20,
    0x0, 0x4e, 0xff, 0xfa, 0x9f, 0xff, 0xfc, 0xbe,
    0xff, 0xff, 0xfa, 0x1c, 0xff, 0xff, 0xff, 0xf4,
    0xef, 0xfa, 0x0, 0x6c, 0xff, 0xea, 0x20, 0xef,
    0xfa,

    /* U+00AB "«" */
    0x0, 0x0, 0x0, 0x6, 0xaa, 0xaa, 0x30, 0x7,
    0xaa, 0xaa, 0x20, 0x0, 0x0, 0x4, 0xff, 0xff,
    0xa0, 0x6, 0xff, 0xff, 0x80, 0x0, 0x0, 0x3,
    0xff, 0xff, 0xc0, 0x4, 0xff, 0xff, 0xb0, 0x0,
    0x0, 0x1, 0xef, 0xff, 0xe1, 0x2, 0xff, 0xff,
    0xd0, 0x0, 0x0, 0x0, 0xcf, 0xff, 0xf3, 0x1,
    0xdf, 0xff, 0xe1, 0x0, 0x0, 0x0, 0xaf, 0xff,
    0xf5, 0x0, 0xcf, 0xff, 0xf3, 0x0, 0x0, 0x0,
    0x8f, 0xff, 0xf8, 0x0, 0xaf, 0xff, 0xf6, 0x0,
    0x0, 0x0, 0x5f, 0xff, 0xfa, 0x0, 0x7f, 0xff,
    0xf8, 0x0, 0x0, 0x0, 0x2f, 0xff, 0xfe, 0x0,
    0x4f, 0xff, 0xfc, 0x0, 0x0, 0x0, 0x0, 0xaf,
    0xff, 0xf6, 0x0, 0xcf, 0xff, 0xf4, 0x0, 0x0,
    0x0, 0x0, 0xcf, 0xff, 0xf3, 0x1, 0xdf, 0xff,
    0xf2, 0x0, 0x0, 0x0, 0x1, 0xef, 0xff, 0xe2,
    0x2, 0xef, 0xff, 0xd1, 0x0, 0x0, 0x0, 0x2,
    0xff, 0xff, 0xd0, 0x4, 0xff, 0xff, 0xb0, 0x0,
    0x0, 0x0, 0x4, 0xff, 0xff, 0xb0, 0x6, 0xff,
    0xff, 0x90, 0x0, 0x0, 0x0, 0x6, 0xff, 0xff,
    0x80, 0x8, 0xff, 0xff, 0x60, 0x0, 0x0, 0x0,
    0x9, 0xff, 0xff, 0x60, 0xb, 0xff, 0xff, 0x40,
    0x0, 0x0, 0x0, 0xb, 0xff, 0xff, 0x30, 0xd,
    0xff, 0xfe, 0x20,

    /* U+00AC "¬" */
    0x2c, 0xcc, 0xcc, 0xcc, 0xcc, 0xcc, 0xcc, 0xcc,
    0x42, 0xff, 0xff, 0xff, 0xff, 0xff, 0xff, 0xff,
    0xf5, 0x2f, 0xff, 0xff, 0xff, 0xff, 0xff, 0xff,
    0xff, 0x52, 0xff, 0xff, 0xff, 0xff, 0xff, 0xff,
    0xff, 0xf5, 0x0, 0x0, 0x0, 0x0, 0x0, 0x0,
    0xaf, 0xff, 0x50, 0x0, 0x0, 0x0, 0x0, 0x0,
    0xa, 0xff, 0xf5, 0x0, 0x0, 0x0, 0x0, 0x0,
    0x0, 0xaf, 0xff, 0x50, 0x0, 0x0, 0x0, 0x0,
    0x0, 0xa, 0xff, 0xf5, 0x0, 0x0, 0x0, 0x0,
    0x0, 0x0, 0x58, 0x88, 0x20,

    /* U+00AE "®" */
    0x0, 0x0, 0x0, 0x0, 0x47, 0x99, 0x74, 0x0,
    0x0, 0x0, 0x0, 0x0, 0x0, 0x1, 0x9f, 0xff,
    0xff, 0xff, 0xe8, 0x0, 0x0, 0x0, 0x0, 0x0,
    0x4e, 0xff, 0xff, 0xff, 0xff, 0xff, 0xe3, 0x0,
    0x0, 0x0, 0x5, 0xff, 0xfd, 0x62, 0x0, 0x27,
    0xef, 0xff, 0x40, 0x0, 0x0, 0x3f, 0xff, 0x80,
    0x0, 0x0, 0x0, 0x9, 0xff, 0xe2, 0x0, 0x0,
    0xdf, 0xf6, 0x0, 0x0, 0x0, 0x0, 0x0, 0x7f,
    0xfb, 0x0, 0x5, 0xff, 0x90, 0xb, 0xff, 0xff,
    0xe9, 0x0, 0xb, 0xff, 0x40, 0xb, 0xff, 0x10,
    0xb, 0xfd, 0xbb, 0xff, 0xb0, 0x2, 0xff, 0xa0,
    0xf, 0xfa, 0x0, 0xb, 0xf9, 0x0, 0x8f, 0xf0,
    0x0, 0xcf, 0xe0, 0x2f, 0xf6, 0x0, 0xb, 0xf9,
    0x0, 0x8f, 0xf0, 0x0, 0x8f, 0xf0, 0x4f, 0xf5,
    0x0, 0xb, 0xfd, 0x9a, 0xff, 0x90, 0x0, 0x7f,
    0xf2, 0x3f, 0xf6, 0x0, 0xb, 0xff, 0xff, 0xfc,
    0x0, 0x0, 0x7f, 0xf1, 0x1f, 0xf8, 0x0, 0xb,
    0xf9, 0x6, 0xff, 0x10, 0x0, 0xaf, 0xf0, 0xd,
    0xfd, 0x0, 0xb, 0xf9, 0x0, 0xef, 0x80, 0x0,
    0xff, 0xb0, 0x8, 0xff, 0x50, 0xb, 0xf9, 0x0,
    0x8f, 0xf1, 0x7, 0xff, 0x60, 0x1, 0xff, 0xf2,
    0x3, 0x52, 0x0, 0x5, 0x51, 0x3f, 0xfe, 0x0,
    0x0, 0x7f, 0xfd, 0x20, 0x0, 0x0, 0x0, 0x4,
    0xef, 0xf5, 0x0, 0x0, 0xa, 0xff, 0xf7, 0x10,
    0x0, 0x1, 0x8f, 0xff, 0x80, 0x0, 0x0, 0x0,
    0x9f, 0xff, 0xfc, 0xaa, 0xcf, 0xff, 0xf8, 0x0,
    0x0, 0x0, 0x0, 0x6, 0xef, 0xff, 0xff, 0xff,
    0xfd, 0x40, 0x0, 0x0, 0x0, 0x0, 0x0, 0x5,
    0xad, 0xff, 0xda, 0x50, 0x0, 0x0, 0x0,

    /* U+00AF "¯" */
    0x11, 0x11, 0x11, 0x11, 0x11, 0xe, 0xff, 0xff,
    0xff, 0xff, 0xf2, 0xef, 0xff, 0xff, 0xff, 0xff,
    0x2e, 0xff, 0xff, 0xff, 0xff, 0xf2,

    /* U+00B0 "°" */
    0x0, 0x0, 0x3, 0x42, 0x0, 0x0, 0x0, 0x1,
    0x9f, 0xff, 0xfd, 0x40, 0x0, 0x2, 0xdf, 0xff,
    0xff, 0xff, 0x80, 0x0, 0xcf, 0xff, 0xff, 0xff,
    0xff, 0x50, 0x5f, 0xff, 0xa2, 0x5, 0xef, 0xfd,
    0xb, 0xff, 0xc0, 0x0, 0x4, 0xff, 0xf3, 0xdf,
    0xf7, 0x0, 0x0, 0xe, 0xff, 0x5d, 0xff, 0x70,
    0x0, 0x0, 0xff, 0xf4, 0xaf, 0xfe, 0x10, 0x0,
    0x7f, 0xff, 0x24, 0xff, 0xfd, 0x65, 0x9f, 0xff,
    0xb0, 0xa, 0xff, 0xff, 0xff, 0xff, 0xf2, 0x0,
    0xa, 0xff, 0xff, 0xff, 0xe4, 0x0, 0x0, 0x4,
    0xbe, 0xfd, 0x81, 0x0, 0x0,

    /* U+00B1 "±" */
    0x0, 0x0, 0x0, 0xd, 0xff, 0xf1, 0x0, 0x0,
    0x0, 0x0, 0x0, 0x0, 0xd, 0xff, 0xf1, 0x0,
    0x0, 0x0, 0x0, 0x0, 0x0, 0xd, 0xff, 0xf1,
    0x0, 0x0, 0x0, 0x0, 0x0, 0x0, 0xd, 0xff,
    0xf1, 0x0, 0x0, 0x0, 0x0, 0x0, 0x0, 0xd,
    0xff, 0xf1, 0x0, 0x0, 0x0, 0xaf, 0xff, 0xff,
    0xff, 0xff, 0xff, 0xff, 0xff, 0xfd, 0xaf, 0xff,
    0xff, 0xff, 0xff, 0xff, 0xff, 0xff, 0xfd, 0xaf,
    0xff, 0xff, 0xff, 0xff, 0xff, 0xff, 0xff, 0xfd,
    0x7c, 0xcc, 0xcc, 0xcf, 0xff, 0xfc, 0xcc, 0xcc,
    0xca, 0x0, 0x0, 0x0, 0xd, 0xff, 0xf1, 0x0,
    0x0, 0x0, 0x0, 0x0, 0x0, 0xd, 0xff, 0xf1,
    0x0, 0x0, 0x0, 0x0, 0x0, 0x0, 0xd, 0xff,
    0xf1, 0x0, 0x0, 0x0, 0x0, 0x0, 0x0, 0xd,
    0xff, 0xf1, 0x0, 0x0, 0x0, 0x0, 0x0, 0x0,
    0x3, 0x33, 0x30, 0x0, 0x0, 0x0, 0x0, 0x0,
    0x0, 0x0, 0x0, 0x0, 0x0, 0x0, 0x0, 0x8d,
    0xdd, 0xdd, 0xdd, 0xdd, 0xdd, 0xdd, 0xdd, 0xdb,
    0xaf, 0xff, 0xff, 0xff, 0xff, 0xff, 0xff, 0xff,
    0xfd, 0xaf, 0xff, 0xff, 0xff, 0xff, 0xff, 0xff,
    0xff, 0xfd, 0xaf, 0xff, 0xff, 0xff, 0xff, 0xff,
    0xff, 0xff, 0xfd,

    /* U+00B2 "²" */
    0x0, 0x5, 0xbe, 0xff, 0xea, 0x50, 0x0, 0x1,
    0xbf, 0xff, 0xff, 0xff, 0xfc, 0x10, 0xa, 0xff,
    0xff, 0xee, 0xff, 0xff, 0xb0, 0x1f, 0xff, 0xc1,
    0x0, 0x3e, 0xff, 0xf1, 0x17, 0x77, 0x30, 0x0,
    0x9, 0xff, 0xf1, 0x0, 0x0, 0x0, 0x0, 0x1d,
    0xff, 0xd0, 0x0, 0x0, 0x0, 0x2, 0xdf, 0xff,
    0x50, 0x0, 0x0, 0x0, 0x6f, 0xff, 0xf6, 0x0,
    0x0, 0x0, 0x1b, 0xff, 0xfd, 0x30, 0x0, 0x0,
    0x5, 0xef, 0xff, 0x70, 0x0, 0x0, 0x1, 0xaf,
    0xff, 0xc2, 0x0, 0x0, 0x0, 0xe, 0xff, 0xff,
    0xff, 0xff, 0xff, 0xf8, 0xf, 0xff, 0xff, 0xff,
    0xff, 0xff, 0xf8, 0xf, 0xff, 0xff, 0xff, 0xff,
    0xff, 0xf8,

    /* U+00B3 "³" */
    0x0, 0x3, 0x9d, 0xef, 0xec, 0x81, 0x0, 0x0,
    0x9, 0xff, 0xff, 0xff, 0xff, 0xf5, 0x0, 0x8,
    0xff, 0xff, 0xff, 0xff, 0xff, 0xf2, 0x0, 0xbd,
    0xdc, 0x30, 0x1, 0x9f, 0xff, 0x50, 0x0, 0x0,
    0x0, 0x0, 0x2b, 0xff, 0xe1, 0x0, 0x0, 0x0,
    0x9f, 0xff, 0xfd, 0x92, 0x0, 0x0, 0x0, 0x9,
    0xff, 0xff, 0xc8, 0x10, 0x0, 0x0, 0x0, 0x24,
    0x58, 0xef, 0xff, 0x40, 0x0, 0x0, 0x0, 0x0,
    0x3, 0xff, 0xfd, 0x2, 0x99, 0x95, 0x0, 0x0,
    0x1f, 0xff, 0xf0, 0x1f, 0xff, 0xf6, 0x10, 0x3b,
    0xff, 0xfd, 0x0, 0x8f, 0xff, 0xff, 0xff, 0xff,
    0xff, 0x50, 0x0, 0x8f, 0xff, 0xff, 0xff, 0xff,
    0x60, 0x0, 0x0, 0x28, 0xde, 0xfe, 0xc8, 0x10,
    0x0,

    /* U+00B4 "´" */
    0x0, 0x4, 0x66, 0x64, 0x0, 0xf, 0xff, 0xf4,
    0x0, 0x7f, 0xff, 0x90, 0x0, 0xef, 0xfe, 0x0,
    0x5, 0xff, 0xf4, 0x0, 0xc, 0xff, 0x90, 0x0,

    /* U+00B5 "µ" */
    0x9f, 0xff, 0xf0, 0x0, 0x0, 0x0, 0xf, 0xff,
    0xfa, 0x0, 0x9f, 0xff, 0xf0, 0x0, 0x0, 0x0,
    0xf, 0xff, 0xfa, 0x0, 0x9f, 0xff, 0xf0, 0x0,
    0x0, 0x0, 0xf, 0xff, 0xfa, 0x0, 0x9f, 0xff,
    0xf0, 0x0, 0x0, 0x0, 0xf, 0xff, 0xfa, 0x0,
    0x9f, 0xff, 0xf0, 0x0, 0x0, 0x0, 0xf, 0xff,
    0xfa, 0x0, 0x9f, 0xff, 0xf0, 0x0, 0x0, 0x0,
    0xf, 0xff, 0xfa, 0x0, 0x9f, 0xff, 0xf0, 0x0,
    0x0, 0x0, 0xf, 0xff, 0xfa, 0x0, 0x9f, 0xff,
    0xf0, 0x0, 0x0, 0x0, 0xf, 0xff, 0xfa, 0x0,
    0x9f, 0xff, 0xf0, 0x0, 0x0, 0x0, 0xf, 0xff,
    0xfa, 0x0, 0x9f, 0xff, 0xf0, 0x0, 0x0, 0x0,
    0xf, 0xff, 0xfa, 0x0, 0x9f, 0xff, 0xf0, 0x0,
    0x0, 0x0, 0xf, 0xff, 0xfa, 0x0, 0x9f, 0xff,
    0xf0, 0x0, 0x0, 0x0, 0xf, 0xff, 0xfa, 0x0,
    0x9f, 0xff, 0xf0, 0x0, 0x0, 0x0, 0xf, 0xff,
    0xfa, 0x0, 0x9f, 0xff, 0xf2, 0x0, 0x0, 0x0,
    0x1f, 0xff, 0xfa, 0x0, 0x9f, 0xff, 0xf8, 0x0,
    0x0, 0x0, 0x7f, 0xff, 0xfa, 0x0, 0x9f, 0xff,
    0xff, 0x50, 0x0, 0x4, 0xff, 0xff, 0xfb, 0x0,
    0x9f, 0xff, 0xff, 0xfc, 0x98, 0xcf, 0xff, 0xff,
    0xff, 0xa7, 0x9f, 0xff, 0xfd, 0xff, 0xff, 0xff,
    0xf7, 0xff, 0xff, 0xff, 0x9f, 0xff, 0xf3, 0xff,
    0xff, 0xff, 0x80, 0xaf, 0xff, 0xff, 0x9f, 0xff,
    0xf0, 0x2a, 0xef, 0xb5, 0x0, 0x6, 0xce, 0xff,
    0x9f, 0xff, 0xf0, 0x0, 0x0, 0x0, 0x0, 0x0,
    0x0, 0x0, 0x9f, 0xff, 0xf0, 0x0, 0x0, 0x0,
    0x0, 0x0, 0x0, 0x0, 0x9f, 0xff, 0xf0, 0x0,
    0x0, 0x0, 0x0, 0x0, 0x0, 0x0, 0x9f, 0xff,
    0xf0, 0x0, 0x0, 0x0, 0x0, 0x0, 0x0, 0x0,
    0x9f, 0xff, 0xf0, 0x0, 0x0, 0x0, 0x0, 0x0,
    0x0, 0x0, 0x9f, 0xff, 0xf0, 0x0, 0x0, 0x0,
    0x0, 0x0, 0x0, 0x0, 0x9f, 0xff, 0xf0, 0x0,
    0x0, 0x0, 0x0, 0x0, 0x0, 0x0,

    /* U+00B6 "¶" */
    0x0, 0x0, 0x5, 0xad, 0xff, 0xff, 0xff, 0xff,
    0xff, 0x0, 0x2, 0xdf, 0xff, 0xff, 0xff, 0xff,
    0xff, 0xff, 0x0, 0x4f, 0xff, 0xff, 0xff, 0xff,
    0xff, 0xff, 0xff, 0x1, 0xef, 0xff, 0xff, 0xff,
    0xfb, 0xbb, 0xff, 0xff, 0xa, 0xff, 0xff, 0xff,
    0xff, 0xd0, 0x0, 0xff, 0xff, 0xf, 0xff, 0xff,
    0xff, 0xff, 0xd0, 0x0, 0xff, 0xff, 0x4f, 0xff,
    0xff, 0xff, 0xff, 0xd0, 0x0, 0xff, 0xff, 0x6f,
    0xff, 0xff, 0xff, 0xff, 0xd0, 0x0, 0xff, 0xff,
    0x6f, 0xff, 0xff, 0xff, 0xff, 0xd0, 0x0, 0xff,
    0xff, 0x5f, 0xff, 0xff, 0xff, 0xff, 0xd0, 0x0,
    0xff, 0xff, 0x2f, 0xff, 0xff, 0xff, 0xff, 0xd0,
    0x0, 0xff, 0xff, 0xd, 0xff, 0xff, 0xff, 0xff,
    0xd0, 0x0, 0xff, 0xff, 0x5, 0xff, 0xff, 0xff,
    0xff, 0xd0, 0x0, 0xff, 0xff, 0x0, 0x9f, 0xff,
    0xff, 0xff, 0xd0, 0x0, 0xff, 0xff, 0x0, 0x8,
    0xff, 0xff, 0xff, 0xd0, 0x0, 0xff, 0xff, 0x0,
    0x0, 0x4b, 0xff, 0xff, 0xd0, 0x0, 0xff, 0xff,
    0x0, 0x0, 0x0, 0x13, 0x56, 0x50, 0x0, 0xff,
    0xff, 0x0, 0x0, 0x0, 0x0, 0x0, 0x0, 0x0,
    0xff, 0xff, 0x0, 0x0, 0x0, 0x0, 0x0, 0x0,
    0x0, 0xff, 0xff, 0x0, 0x0, 0x0, 0x0, 0x0,
    0x0, 0x0, 0xff, 0xff, 0x0, 0x0, 0x0, 0x0,
    0x0, 0x0, 0x0, 0xff, 0xff, 0x0, 0x0, 0x0,
    0x0, 0x0, 0x0, 0x0, 0xff, 0xff, 0x0, 0x0,
    0x0, 0x0, 0x0, 0x0, 0x0, 0xff, 0xff, 0x0,
    0x0, 0x0, 0x0, 0x0, 0x0, 0x0, 0xff, 0xff,
    0x0, 0x0, 0x0, 0x0, 0x0, 0x0, 0x0, 0xff,
    0xff, 0x0, 0x0, 0x0, 0x0, 0x0, 0x0, 0x0,
    0xff, 0xff,

    /* U+00B7 "·" */
    0x0, 0x49, 0x71, 0x0, 0x7f, 0xff, 0xe1, 0xf,
    0xff, 0xff, 0x60, 0xff, 0xff, 0xf7, 0xb, 0xff,
    0xff, 0x30, 0x1a, 0xfd, 0x50,

    /* U+00B8 "¸" */
    0x2, 0xfd, 0x0, 0x0, 0x5, 0xfc, 0x0, 0x0,
    0x7, 0xfe, 0x95, 0x0, 0x9, 0xff, 0xff, 0xa0,
    0x0, 0x0, 0xbf, 0xf0, 0x0, 0x1, 0xbf, 0xf1,
    0x5f, 0xff, 0xff, 0xc0, 0x5f, 0xff, 0xea, 0x10,

    /* U+00B9 "¹" */
    0x0, 0x6, 0xef, 0xff, 0x90, 0x4d, 0xff, 0xff,
    0xf9, 0x1f, 0xff, 0xff, 0xff, 0x92, 0xff, 0xb4,
    0xff, 0xf9, 0x2d, 0x40, 0x2f, 0xff, 0x90, 0x0,
    0x2, 0xff, 0xf9, 0x0, 0x0, 0x2f, 0xff, 0x90,
    0x0, 0x2, 0xff, 0xf9, 0x0, 0x0, 0x2f, 0xff,
    0x90, 0x0, 0x2, 0xff, 0xf9, 0x0, 0x0, 0x2f,
    0xff, 0x90, 0x0, 0x2, 0xff, 0xf9, 0x0, 0x0,
    0x2f, 0xff, 0x90, 0x0, 0x2, 0xff, 0xf9,

    /* U+00BA "º" */
    0x0, 0x0, 0x5b, 0xdf, 0xec, 0x82, 0x0, 0x0,
    0x0, 0x2d, 0xff, 0xff, 0xff, 0xff, 0x70, 0x0,
    0x1, 0xef, 0xff, 0xff, 0xff, 0xff, 0xf9, 0x0,
    0xb, 0xff, 0xfc, 0x30, 0x16, 0xff, 0xff, 0x40,
    0x3f, 0xff, 0xd0, 0x0, 0x0, 0x5f, 0xff, 0xb0,
    0x8f, 0xff, 0x60, 0x0, 0x0, 0xd, 0xff, 0xf1,
    0xaf, 0xff, 0x30, 0x0, 0x0, 0xa, 0xff, 0xf3,
    0xbf, 0xff, 0x10, 0x0, 0x0, 0x8, 0xff, 0xf4,
    0xaf, 0xff, 0x30, 0x0, 0x0, 0xa, 0xff, 0xf3,
    0x8f, 0xff, 0x60, 0x0, 0x0, 0xd, 0xff, 0xf1,
    0x3f, 0xff, 0xd0, 0x0, 0x0, 0x5f, 0xff, 0xb0,
    0xc, 0xff, 0xfb, 0x30, 0x16, 0xff, 0xff, 0x50,
    0x1, 0xef, 0xff, 0xff, 0xff, 0xff, 0xf9, 0x0,
    0x0, 0x2d, 0xff, 0xff, 0xff, 0xff, 0x80, 0x0,
    0x0, 0x0, 0x5b, 0xdf, 0xec, 0x82, 0x0, 0x0,

    /* U+00BB "»" */
    0x4a, 0xaa, 0xa6, 0x0, 0x5a, 0xaa, 0xa4, 0x0,
    0x0, 0x0, 0x0, 0xaf, 0xff, 0xf4, 0x0, 0xcf,
    0xff, 0xf3, 0x0, 0x0, 0x0, 0x0, 0xcf, 0xff,
    0xf2, 0x1, 0xef, 0xff, 0xe1, 0x0, 0x0, 0x0,
    0x1, 0xef, 0xff, 0xd1, 0x3, 0xff, 0xff, 0xc0,
    0x0, 0x0, 0x0, 0x3, 0xff, 0xff, 0xc0, 0x5,
    0xff, 0xff, 0xa0, 0x0, 0x0, 0x0, 0x5, 0xff,
    0xff, 0xa0, 0x7, 0xff, 0xff, 0x80, 0x0, 0x0,
    0x0, 0x8, 0xff, 0xff, 0x70, 0xa, 0xff, 0xff,
    0x50, 0x0, 0x0, 0x0, 0xb, 0xff, 0xff, 0x50,
    0xc, 0xff, 0xff, 0x30, 0x0, 0x0, 0x0, 0xe,
    0xff, 0xff, 0x10, 0x1f, 0xff, 0xfe, 0x0, 0x0,
    0x0, 0x6, 0xff, 0xff, 0xa0, 0x8, 0xff, 0xff,
    0x80, 0x0, 0x0, 0x4, 0xff, 0xff, 0xc0, 0x6,
    0xff, 0xff, 0xa0, 0x0, 0x0, 0x2, 0xef, 0xff,
    0xd1, 0x3, 0xff, 0xff, 0xc0, 0x0, 0x0, 0x1,
    0xdf, 0xff, 0xe2, 0x1, 0xef, 0xff, 0xe1, 0x0,
    0x0, 0x0, 0xbf, 0xff, 0xf4, 0x0, 0xdf, 0xff,
    0xf2, 0x0, 0x0, 0x0, 0x9f, 0xff, 0xf6, 0x0,
    0xbf, 0xff, 0xf4, 0x0, 0x0, 0x0, 0x6f, 0xff,
    0xf8, 0x0, 0x8f, 0xff, 0xf6, 0x0, 0x0, 0x0,
    0x4f, 0xff, 0xfb, 0x0, 0x5f, 0xff, 0xf9, 0x0,
    0x0, 0x0, 0x0,

    /* U+00BC "¼" */
    0x0, 0x6f, 0xff, 0xf2, 0x0, 0x0, 0x0, 0x0,
    0x0, 0x0, 0xbf, 0xfa, 0x0, 0x0, 0xa, 0xff,
    0xff, 0xf2, 0x0, 0x0, 0x0, 0x0, 0x0, 0x6,
    0xff, 0xe1, 0x0, 0x0, 0x9f, 0xff, 0xff, 0xf2,
    0x0, 0x0, 0x0, 0x0, 0x0, 0x2f, 0xff, 0x40,
    0x0, 0x0, 0x9f, 0xa3, 0xff, 0xf2, 0x0, 0x0,
    0x0, 0x0, 0x0, 0xcf, 0xf9, 0x0, 0x0, 0x0,
    0x97, 0x3, 0xff, 0xf2, 0x0, 0x0, 0x0, 0x0,
    0x8, 0xff, 0xd0, 0x0, 0x0, 0x0, 0x10, 0x3,
    0xff, 0xf2, 0x0, 0x0, 0x0, 0x0, 0x3f, 0xff,
    0x30, 0x0, 0x0, 0x0, 0x0, 0x3, 0xff, 0xf2,
    0x0, 0x0, 0x0, 0x0, 0xdf, 0xf8, 0x0, 0x0,
    0x0, 0x0, 0x0, 0x3, 0xff, 0xf2, 0x0, 0x0,
    0x0, 0x9, 0xff, 0xd0, 0x0, 0x0, 0x0, 0x0,
    0x0, 0x3, 0xff, 0xf2, 0x0, 0x0, 0x0, 0x4f,
    0xff, 0x20, 0x0, 0x0, 0x0, 0x0, 0x0, 0x3,
    0xff, 0xf2, 0x0, 0x0, 0x1, 0xef, 0xf7, 0x0,
    0x0, 0x0, 0x0, 0x0, 0x0, 0x3, 0xff, 0xf2,
    0x0, 0x0, 0xa, 0xff, 0xc0, 0x0, 0x0, 0x0,
    0x0, 0x0, 0x0, 0x3, 0xff, 0xf2, 0x0, 0x0,
    0x5f, 0xff, 0x10, 0x0, 0x0, 0x33, 0x33, 0x0,
    0x0, 0x3, 0xff, 0xf2, 0x0, 0x1, 0xef, 0xf6,
    0x0, 0x0, 0xa, 0xff, 0xff, 0x0, 0x0, 0x3,
    0xff, 0xf2, 0x0, 0xb, 0xff, 0xa0, 0x0, 0x0,
    0x3f, 0xff, 0xff, 0x0, 0x0, 0x1, 0x88, 0x81,
    0x0, 0x6f, 0xfe, 0x10, 0x0, 0x0, 0xdf, 0xff,
    0xff, 0x0, 0x0, 0x0, 0x0, 0x0, 0x2, 0xff,
    0xf4, 0x0, 0x0, 0x6, 0xff, 0xef, 0xff, 0x0,
    0x0, 0x0, 0x0, 0x0, 0xc, 0xff, 0x90, 0x0,
    0x0, 0x1e, 0xff, 0x4f, 0xff, 0x0, 0x0, 0x0,
    0x0, 0x0, 0x8f, 0xfd, 0x0, 0x0, 0x0, 0x9f,
    0xf9, 0x2f, 0xff, 0x0, 0x0, 0x0, 0x0, 0x3,
    0xff, 0xf3, 0x0, 0x0, 0x3, 0xff, 0xf1, 0x2f,
    0xff, 0x0, 0x0, 0x0, 0x0, 0xd, 0xff, 0x80,
    0x0, 0x0, 0xc, 0xff, 0x70, 0x2f, 0xff, 0x0,
    0x0, 0x0, 0x0, 0x9f, 0xfd, 0x0, 0x0, 0x0,
    0x6f, 0xfd, 0x0, 0x2f, 0xff, 0x0, 0x0, 0x0,
    0x4, 0xff, 0xf2, 0x0, 0x0, 0x0, 0xdf, 0xfd,
    0xbb, 0xcf, 0xff, 0xb7, 0x0, 0x0, 0x1e, 0xff,
    0x70, 0x0, 0x0, 0x0, 0xef, 0xff, 0xff, 0xff,
    0xff, 0xfa, 0x0, 0x0, 0xaf, 0xfc, 0x0, 0x0,
    0x0, 0x0, 0xef, 0xff, 0xff, 0xff, 0xff, 0xfa,
    0x0, 0x5, 0xff, 0xf1, 0x0, 0x0, 0x0, 0x0,
    0x0, 0x0, 0x0, 0x3f, 0xff, 0x0, 0x0, 0x1e,
    0xff, 0x60, 0x0, 0x0, 0x0, 0x0, 0x0, 0x0,
    0x0, 0x3f, 0xff, 0x0,

    /* U+00BD "½" */
    0x0, 0x7, 0x88, 0x81, 0x0, 0x0, 0x0, 0x0,
    0x0, 0x0, 0x48, 0x87, 0x0, 0x0, 0x0, 0x2d,
    0xff, 0xff, 0x20, 0x0, 0x0, 0x0, 0x0, 0x0,
    0x2f, 0xff, 0x50, 0x0, 0x0, 0x4f, 0xff, 0xff,
    0xf2, 0x0, 0x0, 0x0, 0x0, 0x0, 0xc, 0xff,
    0xa0, 0x0, 0x0, 0x9, 0xff, 0xaf, 0xff, 0x20,
    0x0, 0x0, 0x0, 0x0, 0x7, 0xff, 0xe1, 0x0,
    0x0, 0x0, 0x9e, 0x43, 0xff, 0xf2, 0x0, 0x0,
    0x0, 0x0, 0x2, 0xff, 0xf4, 0x0, 0x0, 0x0,
    0x6, 0x10, 0x3f, 0xff, 0x20, 0x0, 0x0, 0x0,
    0x0, 0xcf, 0xf9, 0x0, 0x0, 0x0, 0x0, 0x0,
    0x3, 0xff, 0xf2, 0x0, 0x0, 0x0, 0x0, 0x7f,
    0xfe, 0x0, 0x0, 0x0, 0x0, 0x0, 0x0, 0x3f,
    0xff, 0x20, 0x0, 0x0, 0x0, 0x2f, 0xff, 0x40,
    0x0, 0x0, 0x0, 0x0, 0x0, 0x3, 0xff, 0xf2,
    0x0, 0x0, 0x0, 0xd, 0xff, 0x90, 0x0, 0x0,
    0x0, 0x0, 0x0, 0x0, 0x3f, 0xff, 0x20, 0x0,
    0x0, 0x8, 0xff, 0xd0, 0x0, 0x0, 0x0, 0x0,
    0x0, 0x0, 0x3, 0xff, 0xf2, 0x0, 0x0, 0x3,
    0xff, 0xf3, 0x0, 0x0, 0x0, 0x0, 0x0, 0x0,
    0x0, 0x3f, 0xff, 0x20, 0x0, 0x0, 0xdf, 0xf8,
    0x0, 0x0, 0x0, 0x0, 0x0, 0x0, 0x0, 0x3,
    0xff, 0xf2, 0x0, 0x0, 0x8f, 0xfd, 0x0, 0x0,
    0x5, 0x89, 0x85, 0x0, 0x0, 0x0, 0x3f, 0xff,
    0x20, 0x0, 0x3f, 0xff, 0x30, 0x0, 0x3e, 0xff,
    0xff, 0xfd, 0x30, 0x0, 0x3, 0xff, 0xf2, 0x0,
    0xd, 0xff, 0x80, 0x0, 0x1f, 0xff, 0xff, 0xff,
    0xfe, 0x10, 0x0, 0x0, 0x0, 0x0, 0x9, 0xff,
    0xc0, 0x0, 0x7, 0xff, 0xe3, 0x4, 0xff, 0xf8,
    0x0, 0x0, 0x0, 0x0, 0x4, 0xff, 0xf2, 0x0,
    0x0, 0x36, 0x64, 0x0, 0xa, 0xff, 0xa0, 0x0,
    0x0, 0x0, 0x0, 0xef, 0xf7, 0x0, 0x0, 0x0,
    0x0, 0x0, 0x0, 0xbf, 0xf8, 0x0, 0x0, 0x0,
    0x0, 0xaf, 0xfc, 0x0, 0x0, 0x0, 0x0, 0x0,
    0x0, 0x4f, 0xff, 0x10, 0x0, 0x0, 0x0, 0x4f,
    0xff, 0x20, 0x0, 0x0, 0x0, 0x0, 0x0, 0x3f,
    0xff, 0x70, 0x0, 0x0, 0x0, 0x1e, 0xff, 0x70,
    0x0, 0x0, 0x0, 0x0, 0x0, 0x3e, 0xff, 0xa0,
    0x0, 0x0, 0x0, 0xa, 0xff, 0xc0, 0x0, 0x0,
    0x0, 0x0, 0x0, 0x3e, 0xff, 0xb0, 0x0, 0x0,
    0x0, 0x5, 0xff, 0xf2, 0x0, 0x0, 0x0, 0x0,
    0x0, 0x3f, 0xff, 0xc0, 0x0, 0x0, 0x0, 0x1,
    0xef, 0xf6, 0x0, 0x0, 0x0, 0x0, 0x0, 0x3f,
    0xff, 0xc0, 0x0, 0x0, 0x0, 0x0, 0xbf, 0xfb,
    0x0, 0x0, 0x0, 0x0, 0x0, 0x2f, 0xff, 0xfd,
    0xdd, 0xdd, 0xb0, 0x0, 0x6f, 0xff, 0x10, 0x0,
    0x0, 0x0, 0x0, 0x6, 0xff, 0xff, 0xff, 0xff,
    0xfd, 0x0, 0x1f, 0xff, 0x50, 0x0, 0x0, 0x0,
    0x0, 0x0, 0x6f, 0xff, 0xff, 0xff, 0xff, 0xd0,

    /* U+00BE "¾" */
    0x0, 0x2, 0x8a, 0xa8, 0x30, 0x0, 0x0, 0x0,
    0x0, 0x0, 0x0, 0x9, 0xbb, 0x50, 0x0, 0x0,
    0xa, 0xff, 0xff, 0xff, 0x90, 0x0, 0x0, 0x0,
    0x0, 0x0, 0x7, 0xff, 0xe0, 0x0, 0x0, 0xa,
    0xff, 0xff, 0xff, 0xff, 0x60, 0x0, 0x0, 0x0,
    0x0, 0x2, 0xff, 0xf4, 0x0, 0x0, 0x1, 0xff,
    0xf8, 0x11, 0xbf, 0xfd, 0x0, 0x0, 0x0, 0x0,
    0x0, 0xcf, 0xf9, 0x0, 0x0, 0x0, 0x15, 0x54,
    0x0, 0x4, 0xff, 0xf0, 0x0, 0x0, 0x0, 0x0,
    0x8f, 0xfd, 0x0, 0x0, 0x0, 0x0, 0x0, 0x0,
    0x0, 0x7f, 0xfd, 0x0, 0x0, 0x0, 0x0, 0x3f,
    0xff, 0x30, 0x0, 0x0, 0x0, 0x0, 0x0, 0x57,
    0xaf, 0xff, 0x40, 0x0, 0x0, 0x0, 0xd, 0xff,
    0x90, 0x0, 0x0, 0x0, 0x0, 0x0, 0xc, 0xff,
    0xfc, 0x30, 0x0, 0x0, 0x0, 0x8, 0xff, 0xd0,
    0x0, 0x0, 0x0, 0x0, 0x0, 0x0, 0xcf, 0xff,
    0xfe, 0x50, 0x0, 0x0, 0x3, 0xff, 0xf3, 0x0,
    0x0, 0x0, 0x0, 0x0, 0x0, 0x0, 0x1, 0xaf,
    0xff, 0x20, 0x0, 0x0, 0xdf, 0xf8, 0x0, 0x0,
    0x0, 0x0, 0x0, 0x0, 0x0, 0x0, 0x0, 0xff,
    0xf8, 0x0, 0x0, 0x8f, 0xfd, 0x0, 0x0, 0x0,
    0x0, 0x0, 0x0, 0x0, 0x0, 0x0, 0xf, 0xff,
    0x90, 0x0, 0x3f, 0xff, 0x30, 0x0, 0x0, 0x0,
    0x0, 0x0, 0x7f, 0xff, 0x50, 0x19, 0xff, 0xf6,
    0x0, 0xd, 0xff, 0x80, 0x0, 0x0, 0x0, 0x0,
    0x0, 0x1, 0xff, 0xff, 0xff, 0xff, 0xfe, 0x0,
    0x9, 0xff, 0xd0, 0x0, 0x0, 0xc, 0xff, 0xfa,
    0x0, 0x4, 0xef, 0xff, 0xff, 0xfd, 0x20, 0x4,
    0xff, 0xf3, 0x0, 0x0, 0x6, 0xff, 0xff, 0xa0,
    0x0, 0x0, 0x6a, 0xcc, 0xa5, 0x0, 0x0, 0xdf,
    0xf8, 0x0, 0x0, 0x1, 0xef, 0xff, 0xfa, 0x0,
    0x0, 0x0, 0x0, 0x0, 0x0, 0x0, 0x9f, 0xfc,
    0x0, 0x0, 0x0, 0xaf, 0xfe, 0xff, 0xa0, 0x0,
    0x0, 0x0, 0x0, 0x0, 0x0, 0x4f, 0xff, 0x20,
    0x0, 0x0, 0x3f, 0xfe, 0x7f, 0xfa, 0x0, 0x0,
    0x0, 0x0, 0x0, 0x0, 0xe, 0xff, 0x70, 0x0,
    0x0, 0xd, 0xff, 0x56, 0xff, 0xa0, 0x0, 0x0,
    0x0, 0x0, 0x0, 0x9, 0xff, 0xc0, 0x0, 0x0,
    0x7, 0xff, 0xc0, 0x6f, 0xfa, 0x0, 0x0, 0x0,
    0x0, 0x0, 0x4, 0xff, 0xf2, 0x0, 0x0, 0x1,
    0xff, 0xf3, 0x6, 0xff, 0xa0, 0x0, 0x0, 0x0,
    0x0, 0x1, 0xef, 0xf7, 0x0, 0x0, 0x0, 0xaf,
    0xf9, 0x0, 0x6f, 0xfa, 0x0, 0x0, 0x0, 0x0,
    0x0, 0xaf, 0xfc, 0x0, 0x0, 0x0, 0x2f, 0xff,
    0xcb, 0xbd, 0xff, 0xeb, 0x40, 0x0, 0x0, 0x0,
    0x5f, 0xff, 0x20, 0x0, 0x0, 0x3, 0xff, 0xff,
    0xff, 0xff, 0xff, 0xf6, 0x0, 0x0, 0x0, 0x1e,
    0xff, 0x60, 0x0, 0x0, 0x0, 0x3f, 0xff, 0xff,
    0xff, 0xff, 0xff, 0x60, 0x0, 0x0, 0xa, 0xff,
    0xc0, 0x0, 0x0, 0x0, 0x0, 0x0, 0x0, 0x0,
    0x8f, 0xfa, 0x0, 0x0, 0x0, 0x5, 0xff, 0xf2,
    0x0, 0x0, 0x0, 0x0, 0x0, 0x0, 0x0, 0x8,
    0xff, 0xa0, 0x0,

    /* U+00BF "¿" */
    0x0, 0x0, 0x0, 0x2, 0xbf, 0xd4, 0x0, 0x0,
    0x0, 0x0, 0x0, 0x0, 0xd, 0xff, 0xff, 0x20,
    0x0, 0x0, 0x0, 0x0, 0x0, 0x3f, 0xff, 0xff,
    0x60, 0x0, 0x0, 0x0, 0x0, 0x0, 0x1f, 0xff,
    0xff, 0x50, 0x0, 0x0, 0x0, 0x0, 0x0, 0x9,
    0xff, 0xfd, 0x0, 0x0, 0x0, 0x0, 0x0, 0x0,
    0x0, 0x58, 0x60, 0x0, 0x0, 0x0, 0x0, 0x0,
    0x0, 0x0, 0x0, 0x0, 0x0, 0x0, 0x0, 0x0,
    0x0, 0x0, 0x0, 0x0, 0x0, 0x0, 0x0, 0x0,
    0x0, 0x0, 0x0, 0x4, 0xaa, 0xa7, 0x0, 0x0,
    0x0, 0x0, 0x0, 0x0, 0x8, 0xff, 0xfb, 0x0,
    0x0, 0x0, 0x0, 0x0, 0x0, 0xa, 0xff, 0xfa,
    0x0, 0x0, 0x0, 0x0, 0x0, 0x0, 0x1f, 0xff,
    0xf7, 0x0, 0x0, 0x0, 0x0, 0x0, 0x1, 0xdf,
    0xff, 0xf3, 0x0, 0x0, 0x0, 0x0, 0x0, 0x5e,
    0xff, 0xff, 0xb0, 0x0, 0x0, 0x0, 0x0, 0x9,
    0xff, 0xff, 0xfd, 0x10, 0x0, 0x0, 0x0, 0x0,
    0xaf, 0xff, 0xff, 0x90, 0x0, 0x0, 0x0, 0x0,
    0x6, 0xff, 0xff, 0xf5, 0x0, 0x0, 0x0, 0x0,
    0x0, 0xd, 0xff, 0xff, 0x40, 0x0, 0x0, 0x0,
    0x0, 0x0, 0x2f, 0xff, 0xfb, 0x0, 0x0, 0x0,
    0x0, 0x0, 0x0, 0x4f, 0xff, 0xf7, 0x0, 0x0,
    0x0, 0x15, 0x55, 0x50, 0x3f, 0xff, 0xf7, 0x0,
    0x0, 0x0, 0x7f, 0xff, 0xf1, 0x1f, 0xff, 0xfd,
    0x0, 0x0, 0x0, 0xdf, 0xff, 0xe0, 0xd, 0xff,
    0xff, 0xb1, 0x0, 0x2b, 0xff, 0xff, 0x90, 0x5,
    0xff, 0xff, 0xff, 0xdd, 0xff, 0xff, 0xff, 0x20,
    0x0, 0x8f, 0xff, 0xff, 0xff, 0xff, 0xff, 0xf4,
    0x0, 0x0, 0x6, 0xef, 0xff, 0xff, 0xff, 0xfd,
    0x40, 0x0, 0x0, 0x0, 0x16, 0xbd, 0xff, 0xda,
    0x50, 0x0, 0x0,

    /* U+00C0 "À" */
    0x0, 0x0, 0x0, 0x0, 0x66, 0x66, 0x20, 0x0,
    0x0, 0x0, 0x0, 0x0, 0x0, 0x0, 0x0, 0x0,
    0x0, 0x8f, 0xff, 0xc0, 0x0, 0x0, 0x0, 0x0,
    0x0, 0x0, 0x0, 0x0, 0x0, 0x0, 0xd, 0xff,
    0xf3, 0x0, 0x0, 0x0, 0x0, 0x0, 0x0, 0x0,
    0x0, 0x0, 0x0, 0x3, 0xff, 0xfa, 0x0, 0x0,
    0x0, 0x0, 0x0, 0x0, 0x0, 0x0, 0x0, 0x0,
    0x0, 0x8f, 0xff, 0x10, 0x0, 0x0, 0x0, 0x0,
    0x0, 0x0, 0x0, 0x0, 0x0, 0x0, 0xd, 0xff,
    0x80, 0x0, 0x0, 0x0, 0x0, 0x0, 0x0, 0x0,
    0x0, 0x0, 0x0, 0x0, 0x0, 0x0, 0x0, 0x0,
    0x0, 0x0, 0x0, 0x0, 0x0, 0x0, 0x0, 0x0,
    0x0, 0x0, 0x0, 0x0, 0x0, 0x0, 0x0, 0x0,
    0x0, 0x0, 0x0, 0x0, 0x0, 0x0, 0x0, 0x0,
    0x0, 0x0, 0x0, 0x0, 0x0, 0x0, 0x0, 0x0,
    0x0, 0x2, 0xff, 0xff, 0xff, 0x20, 0x0, 0x0,
    0x0, 0x0, 0x0, 0x0, 0x0, 0x0, 0x8, 0xff,
    0xff, 0xff, 0x80, 0x0, 0x0, 0x0, 0x0, 0x0,
    0x0, 0x0, 0x0, 0xd, 0xff, 0xff, 0xff, 0xe0,
    0x0, 0x0, 0x0, 0x0, 0x0, 0x0, 0x0, 0x0,
    0x3f, 0xff, 0xff, 0xff, 0xf3, 0x0, 0x0, 0x0,
    0x0, 0x0, 0x0, 0x0, 0x0, 0x9f, 0xff, 0xbd,
    0xff, 0xf9, 0x0, 0x0, 0x0, 0x0, 0x0, 0x0,
    0x0, 0x0, 0xef, 0xff, 0x78, 0xff, 0xfe, 0x0,
    0x0, 0x0, 0x0, 0x0, 0x0, 0x0, 0x4, 0xff,
    0xff, 0x34, 0xff, 0xff, 0x50, 0x0, 0x0, 0x0,
    0x0, 0x0, 0x0, 0xa, 0xff, 0xff, 0x0, 0xff,
    0xff, 0xa0, 0x0, 0x0, 0x0, 0x0, 0x0, 0x0,
    0xf, 0xff, 0xfb, 0x0, 0xbf, 0xff, 0xf1, 0x0,
    0x0, 0x0, 0x0, 0x0, 0x0, 0x5f, 0xff, 0xf6,
    0x0, 0x6f, 0xff, 0xf6, 0x0, 0x0, 0x0, 0x0,
    0x0, 0x0, 0xaf, 0xff, 0xf2, 0x0, 0x2f, 0xff,
    0xfc, 0x0, 0x0, 0x0, 0x0, 0x0, 0x0, 0xff,
    0xff, 0xd0, 0x0, 0xd, 0xff, 0xff, 0x10, 0x0,
    0x0, 0x0, 0x0, 0x6, 0xff, 0xff, 0x80, 0x0,
    0x8, 0xff, 0xff, 0x70, 0x0, 0x0, 0x0, 0x0,
    0xb, 0xff, 0xff, 0x30, 0x0, 0x3, 0xff, 0xff,
    0xd0, 0x0, 0x0, 0x0, 0x0, 0x1f, 0xff, 0xfe,
    0x0, 0x0, 0x0, 0xdf, 0xff, 0xf3, 0x0, 0x0,
    0x0, 0x0, 0x7f, 0xff, 0xf9, 0x0, 0x0, 0x0,
    0x8f, 0xff, 0xf8, 0x0, 0x0, 0x0, 0x0, 0xcf,
    0xff, 0xff, 0xff, 0xff, 0xff, 0xff, 0xff, 0xfe,
    0x0, 0x0, 0x0, 0x2, 0xff, 0xff, 0xff, 0xff,
    0xff, 0xff, 0xff, 0xff, 0xff, 0x40, 0x0, 0x0,
    0x7, 0xff, 0xff, 0xff, 0xff, 0xff, 0xff, 0xff,
    0xff, 0xff, 0xa0, 0x0, 0x0, 0xd, 0xff, 0xff,
    0xdc, 0xcc, 0xcc, 0xcc, 0xcc, 0xff, 0xff, 0xf0,
    0x0, 0x0, 0x3f, 0xff, 0xfe, 0x0, 0x0, 0x0,
    0x0, 0x0, 0xcf, 0xff, 0xf5, 0x0, 0x0, 0x8f,
    0xff, 0xf9, 0x0, 0x0, 0x0, 0x0, 0x0, 0x6f,
    0xff, 0xfb, 0x0, 0x0, 0xef, 0xff, 0xf3, 0x0,
    0x0, 0x0, 0x0, 0x0, 0x1f, 0xff, 0xff, 0x10,
    0x4, 0xff, 0xff, 0xd0, 0x0, 0x0, 0x0, 0x0,
    0x0, 0xb, 0xff, 0xff, 0x60, 0x9, 0xff, 0xff,
    0x80, 0x0, 0x0, 0x0, 0x0, 0x0, 0x5, 0xff,
    0xff, 0xc0, 0xe, 0xff, 0xff, 0x30, 0x0, 0x0,
    0x0, 0x0, 0x0, 0x0, 0xff, 0xff, 0xf2,

    /* U+00C1 "Á" */
    0x0, 0x0, 0x0, 0x0, 0x0, 0x0, 0x2, 0x66,
    0x66, 0x0, 0x0, 0x0, 0x0, 0x0, 0x0, 0x0,
    0x0, 0x0, 0x0, 0xa, 0xff, 0xf9, 0x0, 0x0,
    0x0, 0x0, 0x0, 0x0, 0x0, 0x0, 0x0, 0x0,
    0x1f, 0xff, 0xe1, 0x0, 0x0, 0x0, 0x0, 0x0,
    0x0, 0x0, 0x0, 0x0, 0x0, 0x8f, 0xff, 0x40,
    0x0, 0x0, 0x0, 0x0, 0x0, 0x0, 0x0, 0x0,
    0x0, 0x0, 0xef, 0xfa, 0x0, 0x0, 0x0, 0x0,
    0x0, 0x0, 0x0, 0x0, 0x0, 0x0, 0x6, 0xff,
    0xe1, 0x0, 0x0, 0x0, 0x0, 0x0, 0x0, 0x0,
    0x0, 0x0, 0x0, 0x0, 0x0, 0x0, 0x0, 0x0,
    0x0, 0x0, 0x0, 0x0, 0x0, 0x0, 0x0, 0x0,
    0x0, 0x0, 0x0, 0x0, 0x0, 0x0, 0x0, 0x0,
    0x0, 0x0, 0x0, 0x0, 0x0, 0x0, 0x0, 0x0,
    0x0, 0x0, 0x0, 0x0, 0x0, 0x0, 0x0, 0x0,
    0x0, 0x2, 0xff, 0xff, 0xff, 0x20, 0x0, 0x0,
    0x0, 0x0, 0x0, 0x0, 0x0, 0x0, 0x8, 0xff,
    0xff, 0xff, 0x80, 0x0, 0x0, 0x0, 0x0, 0x0,
    0x0, 0x0, 0x0, 0xd, 0xff, 0xff, 0xff, 0xe0,
    0x0, 0x0, 0x0, 0x0, 0x0, 0x0, 0x0, 0x0,
    0x3f, 0xff, 0xff, 0xff, 0xf3, 0x0, 0x0, 0x0,
    0x0, 0x0, 0x0, 0x0, 0x0, 0x9f, 0xff, 0xbd,
    0xff, 0xf9, 0x0, 0x0, 0x0, 0x0, 0x0, 0x0,
    0x0, 0x0, 0xef, 0xff, 0x78, 0xff, 0xfe, 0x0,
    0x0, 0x0, 0x0, 0x0, 0x0, 0x0, 0x4, 0xff,
    0xff, 0x34, 0xff, 0xff, 0x50, 0x0, 0x0, 0x0,
    0x0, 0x0, 0x0, 0xa, 0xff, 0xff, 0x0, 0xff,
    0xff, 0xa0, 0x0, 0x0, 0x0, 0x0, 0x0, 0x0,
    0xf, 0xff, 0xfb, 0x0, 0xbf, 0xff, 0xf1, 0x0,
    0x0, 0x0, 0x0, 0x0, 0x0, 0x5f, 0xff, 0xf6,
    0x0, 0x6f, 0xff, 0xf6, 0x0, 0x0, 0x0, 0x0,
    0x0, 0x0, 0xaf, 0xff, 0xf2, 0x0, 0x2f, 0xff,
    0xfc, 0x0, 0x0, 0x0, 0x0, 0x0, 0x0, 0xff,
    0xff, 0xd0, 0x0, 0xd, 0xff, 0xff, 0x10, 0x0,
    0x0, 0x0, 0x0, 0x6, 0xff, 0xff, 0x80, 0x0,
    0x8, 0xff, 0xff, 0x70, 0x0, 0x0, 0x0, 0x0,
    0xb, 0xff, 0xff, 0x30, 0x0, 0x3, 0xff, 0xff,
    0xd0, 0x0, 0x0, 0x0, 0x0, 0x1f, 0xff, 0xfe,
    0x0, 0x0, 0x0, 0xdf, 0xff, 0xf3, 0x0, 0x0,
    0x0, 0x0, 0x7f, 0xff, 0xf9, 0x0, 0x0, 0x0,
    0x8f, 0xff, 0xf8, 0x0, 0x0, 0x0, 0x0, 0xcf,
    0xff, 0xff, 0xff, 0xff, 0xff, 0xff, 0xff, 0xfe,
    0x0, 0x0, 0x0, 0x2, 0xff, 0xff, 0xff, 0xff,
    0xff, 0xff, 0xff, 0xff, 0xff, 0x40, 0x0, 0x0,
    0x7, 0xff, 0xff, 0xff, 0xff, 0xff, 0xff, 0xff,
    0xff, 0xff, 0xa0, 0x0, 0x0, 0xd, 0xff, 0xff,
    0xdc, 0xcc, 0xcc, 0xcc, 0xcc, 0xff, 0xff, 0xf0,
    0x0, 0x0, 0x3f, 0xff, 0xfe, 0x0, 0x0, 0x0,
    0x0, 0x0, 0xcf, 0xff, 0xf5, 0x0, 0x0, 0x8f,
    0xff, 0xf9, 0x0, 0x0, 0x0, 0x0, 0x0, 0x6f,
    0xff, 0xfb, 0x0, 0x0, 0xef, 0xff, 0xf3, 0x0,
    0x0, 0x0, 0x0, 0x0, 0x1f, 0xff, 0xff, 0x10,
    0x4, 0xff, 0xff, 0xd0, 0x0, 0x0, 0x0, 0x0,
    0x0, 0xb, 0xff, 0xff, 0x60, 0x9, 0xff, 0xff,
    0x80, 0x0, 0x0, 0x0, 0x0, 0x0, 0x5, 0xff,
    0xff, 0xc0, 0xe, 0xff, 0xff, 0x30, 0x0, 0x0,
    0x0, 0x0, 0x0, 0x0, 0xff, 0xff, 0xf2,

    /* U+00C2 "Â" */
    0x0, 0x0, 0x0, 0x0, 0x0, 0x7, 0x88, 0x71,
    0x0, 0x0, 0x0, 0x0, 0x0, 0x0, 0x0, 0x0,
    0x0, 0x0, 0xaf, 0xff, 0xfb, 0x0, 0x0, 0x0,
    0x0, 0x0, 0x0, 0x0, 0x0, 0x0, 0x9, 0xff,
    0xff, 0xff, 0xa0, 0x0, 0x0, 0x0, 0x0, 0x0,
    0x0, 0x0, 0x0, 0x7f, 0xff, 0x86, 0xff, 0xf8,
    0x0, 0x0, 0x0, 0x0, 0x0, 0x0, 0x0, 0x5,
    0xff, 0xfb, 0x0, 0x9f, 0xff, 0x50, 0x0, 0x0,
    0x0, 0x0, 0x0, 0x0, 0x4f, 0xff, 0xd1, 0x0,
    0xc, 0xff, 0xf4, 0x0, 0x0, 0x0, 0x0, 0x0,
    0x0, 0x0, 0x0, 0x0, 0x0, 0x0, 0x0, 0x0,
    0x0, 0x0, 0x0, 0x0, 0x0, 0x0, 0x0, 0x0,
    0x0, 0x0, 0x0, 0x0, 0x0, 0x0, 0x0, 0x0,
    0x0, 0x0, 0x0, 0x0, 0x0, 0x0, 0x0, 0x0,
    0x0, 0x0, 0x0, 0x0, 0x0, 0x0, 0x0, 0x0,
    0x0, 0x2, 0xff, 0xff, 0xff, 0x20, 0x0, 0x0,
    0x0, 0x0, 0x0, 0x0, 0x0, 0x0, 0x8, 0xff,
    0xff, 0xff, 0x80, 0x0, 0x0, 0x0, 0x0, 0x0,
    0x0, 0x0, 0x0, 0xd, 0xff, 0xff, 0xff, 0xe0,
    0x0, 0x0, 0x0, 0x0, 0x0, 0x0, 0x0, 0x0,
    0x3f, 0xff, 0xff, 0xff, 0xf3, 0x0, 0x0, 0x0,
    0x0, 0x0, 0x0, 0x0, 0x0, 0x9f, 0xff, 0xbd,
    0xff, 0xf9, 0x0, 0x0, 0x0, 0x0, 0x0, 0x0,
    0x0, 0x0, 0xef, 0xff, 0x78, 0xff, 0xfe, 0x0,
    0x0, 0x0, 0x0, 0x0, 0x0, 0x0, 0x4, 0xff,
    0xff, 0x34, 0xff, 0xff, 0x50, 0x0, 0x0, 0x0,
    0x0, 0x0, 0x0, 0xa, 0xff, 0xff, 0x0, 0xff,
    0xff, 0xa0, 0x0, 0x0, 0x0, 0x0, 0x0, 0x0,
    0xf, 0xff, 0xfb, 0x0, 0xbf, 0xff, 0xf1, 0x0,
    0x0, 0x0, 0x0, 0x0, 0x0, 0x5f, 0xff, 0xf6,
    0x0, 0x6f, 0xff, 0xf6, 0x0, 0x0, 0x0, 0x0,
    0x0, 0x0, 0xaf, 0xff, 0xf2, 0x0, 0x2f, 0xff,
    0xfc, 0x0, 0x0, 0x0, 0x0, 0x0, 0x0, 0xff,
    0xff, 0xd0, 0x0, 0xd, 0xff, 0xff, 0x10, 0x0,
    0x0, 0x0, 0x0, 0x6, 0xff, 0xff, 0x80, 0x0,
    0x8, 0xff, 0xff, 0x70, 0x0, 0x0, 0x0, 0x0,
    0xb, 0xff, 0xff, 0x30, 0x0, 0x3, 0xff, 0xff,
    0xd0, 0x0, 0x0, 0x0, 0x0, 0x1f, 0xff, 0xfe,
    0x0, 0x0, 0x0, 0xdf, 0xff, 0xf3, 0x0, 0x0,
    0x0, 0x0, 0x7f, 0xff, 0xf9, 0x0, 0x0, 0x0,
    0x8f, 0xff, 0xf8, 0x0, 0x0, 0x0, 0x0, 0xcf,
    0xff, 0xff, 0xff, 0xff, 0xff, 0xff, 0xff, 0xfe,
    0x0, 0x0, 0x0, 0x2, 0xff, 0xff, 0xff, 0xff,
    0xff, 0xff, 0xff, 0xff, 0xff, 0x40, 0x0, 0x0,
    0x7, 0xff, 0xff, 0xff, 0xff, 0xff, 0xff, 0xff,
    0xff, 0xff, 0xa0, 0x0, 0x0, 0xd, 0xff, 0xff,
    0xdc, 0xcc, 0xcc, 0xcc, 0xcc, 0xff, 0xff, 0xf0,
    0x0, 0x0, 0x3f, 0xff, 0xfe, 0x0, 0x0, 0x0,
    0x0, 0x0, 0xcf, 0xff, 0xf5, 0x0, 0x0, 0x8f,
    0xff, 0xf9, 0x0, 0x0, 0x0, 0x0, 0x0, 0x6f,
    0xff, 0xfb, 0x0, 0x0, 0xef, 0xff, 0xf3, 0x0,
    0x0, 0x0, 0x0, 0x0, 0x1f, 0xff, 0xff, 0x10,
    0x4, 0xff, 0xff, 0xd0, 0x0, 0x0, 0x0, 0x0,
    0x0, 0xb, 0xff, 0xff, 0x60, 0x9, 0xff, 0xff,
    0x80, 0x0, 0x0, 0x0, 0x0, 0x0, 0x5, 0xff,
    0xff, 0xc0, 0xe, 0xff, 0xff, 0x30, 0x0, 0x0,
    0x0, 0x0, 0x0, 0x0, 0xff, 0xff, 0xf2,

    /* U+00C3 "Ã" */
    0x0, 0x0, 0x0, 0x0, 0x7, 0xba, 0x40, 0x0,
    0x9b, 0x90, 0x0, 0x0, 0x0, 0x0, 0x0, 0x0,
    0x0, 0xbf, 0xff, 0xfa, 0x23, 0xff, 0xa0, 0x0,
    0x0, 0x0, 0x0, 0x0, 0x0, 0x4, 0xff, 0xff,
    0xff, 0xff, 0xff, 0x60, 0x0, 0x0, 0x0, 0x0,
    0x0, 0x0, 0x8, 0xff, 0x52, 0xaf, 0xff, 0xfd,
    0x0, 0x0, 0x0, 0x0, 0x0, 0x0, 0x0, 0x7,
    0xbb, 0x0, 0x3, 0x9b, 0x81, 0x0, 0x0, 0x0,
    0x0, 0x0, 0x0, 0x0, 0x0, 0x0, 0x0, 0x0,
    0x0, 0x0, 0x0, 0x0, 0x0, 0x0, 0x0, 0x0,
    0x0, 0x0, 0x0, 0x0, 0x0, 0x0, 0x0, 0x0,
    0x0, 0x0, 0x0, 0x0, 0x0, 0x0, 0x0, 0x0,
    0x0, 0x0, 0x0, 0x0, 0x0, 0x0, 0x0, 0x0,
    0x0, 0x0, 0x0, 0x0, 0x2, 0xff, 0xff, 0xff,
    0x20, 0x0, 0x0, 0x0, 0x0, 0x0, 0x0, 0x0,
    0x0, 0x8, 0xff, 0xff, 0xff, 0x80, 0x0, 0x0,
    0x0, 0x0, 0x0, 0x0, 0x0, 0x0, 0xd, 0xff,
    0xff, 0xff, 0xe0, 0x0, 0x0, 0x0, 0x0, 0x0,
    0x0, 0x0, 0x0, 0x3f, 0xff, 0xff, 0xff, 0xf3,
    0x0, 0x0, 0x0, 0x0, 0x0, 0x0, 0x0, 0x0,
    0x9f, 0xff, 0xbd, 0xff, 0xf9, 0x0, 0x0, 0x0,
    0x0, 0x0, 0x0, 0x0, 0x0, 0xef, 0xff, 0x78,
    0xff, 0xfe, 0x0, 0x0, 0x0, 0x0, 0x0, 0x0,
    0x0, 0x4, 0xff, 0xff, 0x34, 0xff, 0xff, 0x50,
    0x0, 0x0, 0x0, 0x0, 0x0, 0x0, 0xa, 0xff,
    0xff, 0x0, 0xff, 0xff, 0xa0, 0x0, 0x0, 0x0,
    0x0, 0x0, 0x0, 0xf, 0xff, 0xfb, 0x0, 0xbf,
    0xff, 0xf1, 0x0, 0x0, 0x0, 0x0, 0x0, 0x0,
    0x5f, 0xff, 0xf6, 0x0, 0x6f, 0xff, 0xf6, 0x0,
    0x0, 0x0, 0x0, 0x0, 0x0, 0xaf, 0xff, 0xf2,
    0x0, 0x2f, 0xff, 0xfc, 0x0, 0x0, 0x0, 0x0,
    0x0, 0x0, 0xff, 0xff, 0xd0, 0x0, 0xd, 0xff,
    0xff, 0x10, 0x0, 0x0, 0x0, 0x0, 0x6, 0xff,
    0xff, 0x80, 0x0, 0x8, 0xff, 0xff, 0x70, 0x0,
    0x0, 0x0, 0x0, 0xb, 0xff, 0xff, 0x30, 0x0,
    0x3, 0xff, 0xff, 0xd0, 0x0, 0x0, 0x0, 0x0,
    0x1f, 0xff, 0xfe, 0x0, 0x0, 0x0, 0xdf, 0xff,
    0xf3, 0x0, 0x0, 0x0, 0x0, 0x7f, 0xff, 0xf9,
    0x0, 0x0, 0x0, 0x8f, 0xff, 0xf8, 0x0, 0x0,
    0x0, 0x0, 0xcf, 0xff, 0xff, 0xff, 0xff, 0xff,
    0xff, 0xff, 0xfe, 0x0, 0x0, 0x0, 0x2, 0xff,
    0xff, 0xff, 0xff, 0xff, 0xff, 0xff, 0xff, 0xff,
    0x40, 0x0, 0x0, 0x7, 0xff, 0xff, 0xff, 0xff,
    0xff, 0xff, 0xff, 0xff, 0xff, 0xa0, 0x0, 0x0,
    0xd, 0xff, 0xff, 0xdc, 0xcc, 0xcc, 0xcc, 0xcc,
    0xff, 0xff, 0xf0, 0x0, 0x0, 0x3f, 0xff, 0xfe,
    0x0, 0x0, 0x0, 0x0, 0x0, 0xcf, 0xff, 0xf5,
    0x0, 0x0, 0x8f, 0xff, 0xf9, 0x0, 0x0, 0x0,
    0x0, 0x0, 0x6f, 0xff, 0xfb, 0x0, 0x0, 0xef,
    0xff, 0xf3, 0x0, 0x0, 0x0, 0x0, 0x0, 0x1f,
    0xff, 0xff, 0x10, 0x4, 0xff, 0xff, 0xd0, 0x0,
    0x0, 0x0, 0x0, 0x0, 0xb, 0xff, 0xff, 0x60,
    0x9, 0xff, 0xff, 0x80, 0x0, 0x0, 0x0, 0x0,
    0x0, 0x5, 0xff, 0xff, 0xc0, 0xe, 0xff, 0xff,
    0x30, 0x0, 0x0, 0x0, 0x0, 0x0, 0x0, 0xff,
    0xff, 0xf2,

    /* U+00C4 "Ä" */
    0x0, 0x0, 0x0, 0x4, 0xdf, 0x90, 0x0, 0x8,
    0xee, 0x50, 0x0, 0x0, 0x0, 0x0, 0x0, 0x0,
    0xe, 0xff, 0xf7, 0x0, 0x5f, 0xff, 0xf2, 0x0,
    0x0, 0x0, 0x0, 0x0, 0x0, 0x2f, 0xff, 0xfa,
    0x0, 0x7f, 0xff, 0xf4, 0x0, 0x0, 0x0, 0x0,
    0x0, 0x0, 0xd, 0xff, 0xf5, 0x0, 0x3f, 0xff,
    0xe1, 0x0, 0x0, 0x0, 0x0, 0x0, 0x0, 0x2,
    0xac, 0x60, 0x0, 0x5, 0xbb, 0x30, 0x0, 0x0,
    0x0, 0x0, 0x0, 0x0, 0x0, 0x0, 0x0, 0x0,
    0x0, 0x0, 0x0, 0x0, 0x0, 0x0, 0x0, 0x0,
    0x0, 0x0, 0x0, 0x0, 0x0, 0x0, 0x0, 0x0,
    0x0, 0x0, 0x0, 0x0, 0x0, 0x0, 0x0, 0x0,
    0x0, 0x0, 0x0, 0x0, 0x0, 0x0, 0x0, 0x0,
    0x0, 0x0, 0x0, 0x0, 0x2, 0xff, 0xff, 0xff,
    0x20, 0x0, 0x0, 0x0, 0x0, 0x0, 0x0, 0x0,
    0x0, 0x8, 0xff, 0xff, 0xff, 0x80, 0x0, 0x0,
    0x0, 0x0, 0x0, 0x0, 0x0, 0x0, 0xd, 0xff,
    0xff, 0xff, 0xe0, 0x0, 0x0, 0x0, 0x0, 0x0,
    0x0, 0x0, 0x0, 0x3f, 0xff, 0xff, 0xff, 0xf3,
    0x0, 0x0, 0x0, 0x0, 0x0, 0x0, 0x0, 0x0,
    0x9f, 0xff, 0xbd, 0xff, 0xf9, 0x0, 0x0, 0x0,
    0x0, 0x0, 0x0, 0x0, 0x0, 0xef, 0xff, 0x78,
    0xff, 0xfe, 0x0, 0x0, 0x0, 0x0, 0x0, 0x0,
    0x0, 0x4, 0xff, 0xff, 0x34, 0xff, 0xff, 0x50,
    0x0, 0x0, 0x0, 0x0, 0x0, 0x0, 0xa, 0xff,
    0xff, 0x0, 0xff, 0xff, 0xa0, 0x0, 0x0, 0x0,
    0x0, 0x0, 0x0, 0xf, 0xff, 0xfb, 0x0, 0xbf,
    0xff, 0xf1, 0x0, 0x0, 0x0, 0x0, 0x0, 0x0,
    0x5f, 0xff, 0xf6, 0x0, 0x6f, 0xff, 0xf6, 0x0,
    0x0, 0x0, 0x0, 0x0, 0x0, 0xaf, 0xff, 0xf2,
    0x0, 0x2f, 0xff, 0xfc, 0x0, 0x0, 0x0, 0x0,
    0x0, 0x0, 0xff, 0xff, 0xd0, 0x0, 0xd, 0xff,
    0xff, 0x10, 0x0, 0x0, 0x0, 0x0, 0x6, 0xff,
    0xff, 0x80, 0x0, 0x8, 0xff, 0xff, 0x70, 0x0,
    0x0, 0x0, 0x0, 0xb, 0xff, 0xff, 0x30, 0x0,
    0x3, 0xff, 0xff, 0xd0, 0x0, 0x0, 0x0, 0x0,
    0x1f, 0xff, 0xfe, 0x0, 0x0, 0x0, 0xdf, 0xff,
    0xf3, 0x0, 0x0, 0x0, 0x0, 0x7f, 0xff, 0xf9,
    0x0, 0x0, 0x0, 0x8f, 0xff, 0xf8, 0x0, 0x0,
    0x0, 0x0, 0xcf, 0xff, 0xff, 0xff, 0xff, 0xff,
    0xff, 0xff, 0xfe, 0x0, 0x0, 0x0, 0x2, 0xff,
    0xff, 0xff, 0xff, 0xff, 0xff, 0xff, 0xff, 0xff,
    0x40, 0x0, 0x0, 0x7, 0xff, 0xff, 0xff, 0xff,
    0xff, 0xff, 0xff, 0xff, 0xff, 0xa0, 0x0, 0x0,
    0xd, 0xff, 0xff, 0xdc, 0xcc, 0xcc, 0xcc, 0xcc,
    0xff, 0xff, 0xf0, 0x0, 0x0, 0x3f, 0xff, 0xfe,
    0x0, 0x0, 0x0, 0x0, 0x0, 0xcf, 0xff, 0xf5,
    0x0, 0x0, 0x8f, 0xff, 0xf9, 0x0, 0x0, 0x0,
    0x0, 0x0, 0x6f, 0xff, 0xfb, 0x0, 0x0, 0xef,
    0xff, 0xf3, 0x0, 0x0, 0x0, 0x0, 0x0, 0x1f,
    0xff, 0xff, 0x10, 0x4, 0xff, 0xff, 0xd0, 0x0,
    0x0, 0x0, 0x0, 0x0, 0xb, 0xff, 0xff, 0x60,
    0x9, 0xff, 0xff, 0x80, 0x0, 0x0, 0x0, 0x0,
    0x0, 0x5, 0xff, 0xff, 0xc0, 0xe, 0xff, 0xff,
    0x30, 0x0, 0x0, 0x0, 0x0, 0x0, 0x0, 0xff,
    0xff, 0xf2,

    /* U+00C5 "Å" */
    0x0, 0x0, 0x0, 0x0, 0x0, 0x5c, 0xff, 0xc6,
    0x0, 0x0, 0x0, 0x0, 0x0, 0x0, 0x0, 0x0,
    0x0, 0x8, 0xff, 0xff, 0xff, 0xa0, 0x0, 0x0,
    0x0, 0x0, 0x0, 0x0, 0x0, 0x0, 0x3f, 0xfe,
    0x65, 0xdf, 0xf5, 0x0, 0x0, 0x0, 0x0, 0x0,
    0x0, 0x0, 0x0, 0x9f, 0xf3, 0x0, 0x1f, 0xfb,
    0x0, 0x0, 0x0, 0x0, 0x0, 0x0, 0x0, 0x0,
    0xaf, 0xf0, 0x0, 0xd, 0xfd, 0x0, 0x0, 0x0,
    0x0, 0x0, 0x0, 0x0, 0x0, 0x8f, 0xf3, 0x0,
    0x1f, 0xfb, 0x0, 0x0, 0x0, 0x0, 0x0, 0x0,
    0x0, 0x0, 0x3f, 0xfe, 0x65, 0xdf, 0xf5, 0x0,
    0x0, 0x0, 0x0, 0x0, 0x0, 0x0, 0x0, 0x7,
    0xff, 0xff, 0xff, 0x90, 0x0, 0x0, 0x0, 0x0,
    0x0, 0x0, 0x0, 0x0, 0x0, 0x4c, 0xff, 0xc6,
    0x0, 0x0, 0x0, 0x0, 0x0, 0x0, 0x0, 0x0,
    0x0, 0x0, 0x0, 0x0, 0x0, 0x0, 0x0, 0x0,
    0x0, 0x0, 0x0, 0x0, 0x0, 0x0, 0x2, 0xff,
    0xff, 0xff, 0x20, 0x0, 0x0, 0x0, 0x0, 0x0,
    0x0, 0x0, 0x0, 0x8, 0xff, 0xff, 0xff, 0x80,
    0x0, 0x0, 0x0, 0x0, 0x0, 0x0, 0x0, 0x0,
    0xd, 0xff, 0xff, 0xff, 0xe0, 0x0, 0x0, 0x0,
    0x0, 0x0, 0x0, 0x0, 0x0, 0x3f, 0xff, 0xff,
    0xff, 0xf3, 0x0, 0x0, 0x0, 0x0, 0x0, 0x0,
    0x0, 0x0, 0x9f, 0xff, 0xbd, 0xff, 0xf9, 0x0,
    0x0, 0x0, 0x0, 0x0, 0x0, 0x0, 0x0, 0xef,
    0xff, 0x78, 0xff, 0xfe, 0x0, 0x0, 0x0, 0x0,
    0x0, 0x0, 0x0, 0x4, 0xff, 0xff, 0x34, 0xff,
    0xff, 0x50, 0x0, 0x0, 0x0, 0x0, 0x0, 0x0,
    0xa, 0xff, 0xff, 0x0, 0xff, 0xff, 0xa0, 0x0,
    0x0, 0x0, 0x0, 0x0, 0x0, 0xf, 0xff, 0xfb,
    0x0, 0xbf, 0xff, 0xf1, 0x0, 0x0, 0x0, 0x0,
    0x0, 0x0, 0x5f, 0xff, 0xf6, 0x0, 0x6f, 0xff,
    0xf6, 0x0, 0x0, 0x0, 0x0, 0x0, 0x0, 0xaf,
    0xff, 0xf2, 0x0, 0x2f, 0xff, 0xfc, 0x0, 0x0,
    0x0, 0x0, 0x0, 0x0, 0xff, 0xff, 0xd0, 0x0,
    0xd, 0xff, 0xff, 0x10, 0x0, 0x0, 0x0, 0x0,
    0x6, 0xff, 0xff, 0x80, 0x0, 0x8, 0xff, 0xff,
    0x70, 0x0, 0x0, 0x0, 0x0, 0xb, 0xff, 0xff,
    0x30, 0x0, 0x3, 0xff, 0xff, 0xd0, 0x0, 0x0,
    0x0, 0x0, 0x1f, 0xff, 0xfe, 0x0, 0x0, 0x0,
    0xdf, 0xff, 0xf3, 0x0, 0x0, 0x0, 0x0, 0x7f,
    0xff, 0xf9, 0x0, 0x0, 0x0, 0x8f, 0xff, 0xf8,
    0x0, 0x0, 0x0, 0x0, 0xcf, 0xff, 0xff, 0xff,
    0xff, 0xff, 0xff, 0xff, 0xfe, 0x0, 0x0, 0x0,
    0x2, 0xff, 0xff, 0xff, 0xff, 0xff, 0xff, 0xff,
    0xff, 0xff, 0x40, 0x0, 0x0, 0x7, 0xff, 0xff,
    0xff, 0xff, 0xff, 0xff, 0xff, 0xff, 0xff, 0xa0,
    0x0, 0x0, 0xd, 0xff, 0xff, 0xdc, 0xcc, 0xcc,
    0xcc, 0xcc, 0xff, 0xff, 0xf0, 0x0, 0x0, 0x3f,
    0xff, 0xfe, 0x0, 0x0, 0x0, 0x0, 0x0, 0xcf,
    0xff, 0xf5, 0x0, 0x0, 0x8f, 0xff, 0xf9, 0x0,
    0x0, 0x0, 0x0, 0x0, 0x6f, 0xff, 0xfb, 0x0,
    0x0, 0xef, 0xff, 0xf3, 0x0, 0x0, 0x0, 0x0,
    0x0, 0x1f, 0xff, 0xff, 0x10, 0x4, 0xff, 0xff,
    0xd0, 0x0, 0x0, 0x0, 0x0, 0x0, 0xb, 0xff,
    0xff, 0x60, 0x9, 0xff, 0xff, 0x80, 0x0, 0x0,
    0x0, 0x0, 0x0, 0x5, 0xff, 0xff, 0xc0, 0xe,
    0xff, 0xff, 0x30, 0x0, 0x0, 0x0, 0x0, 0x0,
    0x0, 0xff, 0xff, 0xf2,

    /* U+00C6 "Æ" */
    0x0, 0x0, 0x0, 0x0, 0x0, 0x0, 0x9f, 0xff,
    0xff, 0xff, 0xff, 0xff, 0xff, 0xff, 0xff, 0xff,
    0xff, 0x40, 0x0, 0x0, 0x0, 0x0, 0x0, 0x1f,
    0xff, 0xff, 0xff, 0xff, 0xff, 0xff, 0xff, 0xff,
    0xff, 0xff, 0xf4, 0x0, 0x0, 0x0, 0x0, 0x0,
    0x8, 0xff, 0xff, 0xff, 0xff, 0xff, 0xff, 0xff,
    0xff, 0xff, 0xff, 0xff, 0x40, 0x0, 0x0, 0x0,
    0x0, 0x0, 0xef, 0xff, 0xd0, 0x7f, 0xff, 0xff,
    0xff, 0xff, 0xff, 0xff, 0xff, 0xf4, 0x0, 0x0,
    0x0, 0x0, 0x0, 0x6f, 0xff, 0xf6, 0x7, 0xff,
    0xff, 0x0, 0x0, 0x0, 0x0, 0x0, 0x0, 0x0,
    0x0, 0x0, 0x0, 0x0, 0xd, 0xff, 0xfe, 0x0,
    0x7f, 0xff, 0xf0, 0x0, 0x0, 0x0, 0x0, 0x0,
    0x0, 0x0, 0x0, 0x0, 0x0, 0x5, 0xff, 0xff,
    0x80, 0x7, 0xff, 0xff, 0x0, 0x0, 0x0, 0x0,
    0x0, 0x0, 0x0, 0x0, 0x0, 0x0, 0x0, 0xcf,
    0xff, 0xf1, 0x0, 0x7f, 0xff, 0xf0, 0x0, 0x0,
    0x0, 0x0, 0x0, 0x0, 0x0, 0x0, 0x0, 0x0,
    0x3f, 0xff, 0xfa, 0x0, 0x7, 0xff, 0xff, 0x0,
    0x0, 0x0, 0x0, 0x0, 0x0, 0x0, 0x0, 0x0,
    0x0, 0xa, 0xff, 0xff, 0x30, 0x0, 0x7f, 0xff,
    0xf0, 0x0, 0x0, 0x0, 0x0, 0x0, 0x0, 0x0,
    0x0, 0x0, 0x2, 0xff, 0xff, 0xc0, 0x0, 0x7,
    0xff, 0xff, 0x0, 0x0, 0x0, 0x0, 0x0, 0x0,
    0x0, 0x0, 0x0, 0x0, 0x9f, 0xff, 0xf5, 0x0,
    0x0, 0x7f, 0xff, 0xff, 0xff, 0xff, 0xff, 0xff,
    0xff, 0x70, 0x0, 0x0, 0x0, 0x1f, 0xff, 0xfe,
    0x0, 0x0, 0x7, 0xff, 0xff, 0xff, 0xff, 0xff,
    0xff, 0xff, 0xf7, 0x0, 0x0, 0x0, 0x7, 0xff,
    0xff, 0x70, 0x0, 0x0, 0x7f, 0xff, 0xff, 0xff,
    0xff, 0xff, 0xff, 0xff, 0x70, 0x0, 0x0, 0x0,
    0xef, 0xff, 0xf1, 0x0, 0x0, 0x7, 0xff, 0xff,
    0xee, 0xee, 0xee, 0xee, 0xee, 0xe6, 0x0, 0x0,
    0x0, 0x6f, 0xff, 0xf9, 0x0, 0x0, 0x0, 0x7f,
    0xff, 0xf0, 0x0, 0x0, 0x0, 0x0, 0x0, 0x0,
    0x0, 0x0, 0xd, 0xff, 0xff, 0xff, 0xff, 0xff,
    0xff, 0xff, 0xff, 0x0, 0x0, 0x0, 0x0, 0x0,
    0x0, 0x0, 0x0, 0x4, 0xff, 0xff, 0xff, 0xff,
    0xff, 0xff, 0xff, 0xff, 0xf0, 0x0, 0x0, 0x0,
    0x0, 0x0, 0x0, 0x0, 0x0, 0xbf, 0xff, 0xff,
    0xff, 0xff, 0xff, 0xff, 0xff, 0xff, 0x0, 0x0,
    0x0, 0x0, 0x0, 0x0, 0x0, 0x0, 0x3f, 0xff,
    0xfe, 0x88, 0x88, 0x88, 0x88, 0xbf, 0xff, 0xf0,
    0x0, 0x0, 0x0, 0x0, 0x0, 0x0, 0x0, 0xa,
    0xff, 0xff, 0x70, 0x0, 0x0, 0x0, 0x7, 0xff,
    0xff, 0x0, 0x0, 0x0, 0x0, 0x0, 0x0, 0x0,
    0x1, 0xff, 0xff, 0xf0, 0x0, 0x0, 0x0, 0x0,
    0x7f, 0xff, 0xf0, 0x0, 0x0, 0x0, 0x0, 0x0,
    0x0, 0x0, 0x8f, 0xff, 0xf9, 0x0, 0x0, 0x0,
    0x0, 0x7, 0xff, 0xff, 0xff, 0xff, 0xff, 0xff,
    0xff, 0xff, 0x60, 0xf, 0xff, 0xff, 0x20, 0x0,
    0x0, 0x0, 0x0, 0x7f, 0xff, 0xff, 0xff, 0xff,
    0xff, 0xff, 0xff, 0xf6, 0x7, 0xff, 0xff, 0xb0,
    0x0, 0x0, 0x0, 0x0, 0x7, 0xff, 0xff, 0xff,
    0xff, 0xff, 0xff, 0xff, 0xff, 0x60, 0xef, 0xff,
    0xf4, 0x0, 0x0, 0x0, 0x0, 0x0, 0x7f, 0xff,
    0xff, 0xff, 0xff, 0xff, 0xff, 0xff, 0xf6,

    /* U+00C7 "Ç" */
    0x0, 0x0, 0x0, 0x0, 0x49, 0xce, 0xff, 0xeb,
    0x72, 0x0, 0x0, 0x0, 0x0, 0x0, 0x0, 0x5d,
    0xff, 0xff, 0xff, 0xff, 0xff, 0xa1, 0x0, 0x0,
    0x0, 0x0, 0xa, 0xff, 0xff, 0xff, 0xff, 0xff,
    0xff, 0xff, 0x50, 0x0, 0x0, 0x0, 0xcf, 0xff,
    0xff, 0xff, 0xff, 0xff, 0xff, 0xff, 0xf5, 0x0,
    0x0, 0xa, 0xff, 0xff, 0xff, 0x95, 0x44, 0x6b,
    0xff, 0xff, 0xff, 0x30, 0x0, 0x4f, 0xff, 0xff,
    0xa1, 0x0, 0x0, 0x0, 0x3d, 0xff, 0xff, 0xc0,
    0x0, 0xdf, 0xff, 0xf9, 0x0, 0x0, 0x0, 0x0,
    0x1, 0xef, 0xff, 0xf3, 0x4, 0xff, 0xff, 0xd0,
    0x0, 0x0, 0x0, 0x0, 0x0, 0x5f, 0xff, 0xf8,
    0x9, 0xff, 0xff, 0x50, 0x0, 0x0, 0x0, 0x0,
    0x0, 0xc, 0xdd, 0xda, 0xd, 0xff, 0xff, 0x0,
    0x0, 0x0, 0x0, 0x0, 0x0, 0x0, 0x0, 0x0,
    0xf, 0xff, 0xfc, 0x0, 0x0, 0x0, 0x0, 0x0,
    0x0, 0x0, 0x0, 0x0, 0x1f, 0xff, 0xf9, 0x0,
    0x0, 0x0, 0x0, 0x0, 0x0, 0x0, 0x0, 0x0,
    0x2f, 0xff, 0xf8, 0x0, 0x0, 0x0, 0x0, 0x0,
    0x0, 0x0, 0x0, 0x0, 0x2f, 0xff, 0xf8, 0x0,
    0x0, 0x0, 0x0, 0x0, 0x0, 0x0, 0x0, 0x0,
    0x1f, 0xff, 0xf9, 0x0, 0x0, 0x0, 0x0, 0x0,
    0x0, 0x0, 0x0, 0x0, 0xf, 0xff, 0xfb, 0x0,
    0x0, 0x0, 0x0, 0x0, 0x0, 0x0, 0x0, 0x0,
    0xd, 0xff, 0xff, 0x0, 0x0, 0x0, 0x0, 0x0,
    0x0, 0x0, 0x0, 0x0, 0x9, 0xff, 0xff, 0x50,
    0x0, 0x0, 0x0, 0x0, 0x0, 0xd, 0xdd, 0xda,
    0x4, 0xff, 0xff, 0xd0, 0x0, 0x0, 0x0, 0x0,
    0x0, 0x5f, 0xff, 0xf8, 0x0, 0xdf, 0xff, 0xf9,
    0x0, 0x0, 0x0, 0x0, 0x1, 0xef, 0xff, 0xf3,
    0x0, 0x5f, 0xff, 0xff, 0xa1, 0x0, 0x0, 0x0,
    0x3d, 0xff, 0xff, 0xb0, 0x0, 0xa, 0xff, 0xff,
    0xff, 0x95, 0x44, 0x6b, 0xff, 0xff, 0xff, 0x20,
    0x0, 0x0, 0xcf, 0xff, 0xff, 0xff, 0xff, 0xff,
    0xff, 0xff, 0xf4, 0x0, 0x0, 0x0, 0xa, 0xff,
    0xff, 0xff, 0xff, 0xff, 0xff, 0xfe, 0x40, 0x0,
    0x0, 0x0, 0x0, 0x5d, 0xff, 0xff, 0xff, 0xff,
    0xff, 0xa1, 0x0, 0x0, 0x0, 0x0, 0x0, 0x0,
    0x49, 0xcf, 0xff, 0xeb, 0x72, 0x0, 0x0, 0x0,
    0x0, 0x0, 0x0, 0x0, 0x0, 0x6, 0xfb, 0x0,
    0x0, 0x0, 0x0, 0x0, 0x0, 0x0, 0x0, 0x0,
    0x0, 0x9, 0xfe, 0xa6, 0x0, 0x0, 0x0, 0x0,
    0x0, 0x0, 0x0, 0x0, 0x0, 0x9, 0xde, 0xff,
    0xa0, 0x0, 0x0, 0x0, 0x0, 0x0, 0x0, 0x0,
    0x0, 0x0, 0x0, 0xbf, 0xf0, 0x0, 0x0, 0x0,
    0x0, 0x0, 0x0, 0x0, 0x0, 0x0, 0x1, 0xdf,
    0xf0, 0x0, 0x0, 0x0, 0x0, 0x0, 0x0, 0x0,
    0x0, 0x6f, 0xff, 0xff, 0xb0, 0x0, 0x0, 0x0,
    0x0, 0x0, 0x0, 0x0, 0x0, 0x6f, 0xff, 0xd9,
    0x10, 0x0, 0x0, 0x0,

    /* U+00C8 "È" */
    0x0, 0x0, 0x56, 0x66, 0x30, 0x0, 0x0, 0x0,
    0x0, 0x0, 0x0, 0x6f, 0xff, 0xd0, 0x0, 0x0,
    0x0, 0x0, 0x0, 0x0, 0xb, 0xff, 0xf5, 0x0,
    0x0, 0x0, 0x0, 0x0, 0x0, 0x2, 0xff, 0xfc,
    0x0, 0x0, 0x0, 0x0, 0x0, 0x0, 0x0, 0x6f,
    0xff, 0x30, 0x0, 0x0, 0x0, 0x0, 0x0, 0x0,
    0xc, 0xff, 0xa0, 0x0, 0x0, 0x0, 0x0, 0x0,
    0x0, 0x0, 0x0, 0x0, 0x0, 0x0, 0x0, 0x0,
    0x0, 0x0, 0x0, 0x0, 0x0, 0x0, 0x0, 0x0,
    0x0, 0x0, 0x0, 0x0, 0x0, 0x0, 0x0, 0x0,
    0x0, 0x5f, 0xff, 0xff, 0xff, 0xff, 0xff, 0xff,
    0xff, 0xfa, 0x5f, 0xff, 0xff, 0xff, 0xff, 0xff,
    0xff, 0xff, 0xfa, 0x5f, 0xff, 0xff, 0xff, 0xff,
    0xff, 0xff, 0xff, 0xfa, 0x5f, 0xff, 0xff, 0xff,
    0xff, 0xff, 0xff, 0xff, 0xfa, 0x5f, 0xff, 0xf5,
    0x0, 0x0, 0x0, 0x0, 0x0, 0x0, 0x5f, 0xff,
    0xf5, 0x0, 0x0, 0x0, 0x0, 0x0, 0x0, 0x5f,
    0xff, 0xf5, 0x0, 0x0, 0x0, 0x0, 0x0, 0x0,
    0x5f, 0xff, 0xf5, 0x0, 0x0, 0x0, 0x0, 0x0,
    0x0, 0x5f, 0xff, 0xf5, 0x0, 0x0, 0x0, 0x0,
    0x0, 0x0, 0x5f, 0xff, 0xf5, 0x0, 0x0, 0x0,
    0x0, 0x0, 0x0, 0x5f, 0xff, 0xf5, 0x0, 0x0,
    0x0, 0x0, 0x0, 0x0, 0x5f, 0xff, 0xff, 0xff,
    0xff, 0xff, 0xff, 0xff, 0xb0, 0x5f, 0xff, 0xff,
    0xff, 0xff, 0xff, 0xff, 0xff, 0xb0, 0x5f, 0xff,
    0xff, 0xff, 0xff, 0xff, 0xff, 0xff, 0xb0, 0x5f,
    0xff, 0xfe, 0xee, 0xee, 0xee, 0xee, 0xee, 0xa0,
    0x5f, 0xff, 0xf5, 0x0, 0x0, 0x0, 0x0, 0x0,
    0x0, 0x5f, 0xff, 0xf5, 0x0, 0x0, 0x0, 0x0,
    0x0, 0x0, 0x5f, 0xff, 0xf5, 0x0, 0x0, 0x0,
    0x0, 0x0, 0x0, 0x5f, 0xff, 0xf5, 0x0, 0x0,
    0x0, 0x0, 0x0, 0x0, 0x5f, 0xff, 0xf5, 0x0,
    0x0, 0x0, 0x0, 0x0, 0x0, 0x5f, 0xff, 0xf5,
    0x0, 0x0, 0x0, 0x0, 0x0, 0x0, 0x5f, 0xff,
    0xf5, 0x0, 0x0, 0x0, 0x0, 0x0, 0x0, 0x5f,
    0xff, 0xff, 0xff, 0xff, 0xff, 0xff, 0xff, 0xfb,
    0x5f, 0xff, 0xff, 0xff, 0xff, 0xff, 0xff, 0xff,
    0xfb, 0x5f, 0xff, 0xff, 0xff, 0xff, 0xff, 0xff,
    0xff, 0xfb, 0x5f, 0xff, 0xff, 0xff, 0xff, 0xff,
    0xff, 0xff, 0xfb,

    /* U+00C9 "É" */
    0x0, 0x0, 0x0, 0x0, 0x1, 0x66, 0x66, 0x10,
    0x0, 0x0, 0x0, 0x0, 0x0, 0x8, 0xff, 0xfb,
    0x0, 0x0, 0x0, 0x0, 0x0, 0x0, 0xe, 0xff,
    0xf1, 0x0, 0x0, 0x0, 0x0, 0x0, 0x0, 0x6f,
    0xff, 0x60, 0x0, 0x0, 0x0, 0x0, 0x0, 0x0,
    0xdf, 0xfc, 0x0, 0x0, 0x0, 0x0, 0x0, 0x0,
    0x5, 0xff, 0xf2, 0x0, 0x0, 0x0, 0x0, 0x0,
    0x0, 0x0, 0x0, 0x0, 0x0, 0x0, 0x0, 0x0,
    0x0, 0x0, 0x0, 0x0, 0x0, 0x0, 0x0, 0x0,
    0x0, 0x0, 0x0, 0x0, 0x0, 0x0, 0x0, 0x0,
    0x0, 0x5f, 0xff, 0xff, 0xff, 0xff, 0xff, 0xff,
    0xff, 0xfa, 0x5f, 0xff, 0xff, 0xff, 0xff, 0xff,
    0xff, 0xff, 0xfa, 0x5f, 0xff, 0xff, 0xff, 0xff,
    0xff, 0xff, 0xff, 0xfa, 0x5f, 0xff, 0xff, 0xff,
    0xff, 0xff, 0xff, 0xff, 0xfa, 0x5f, 0xff, 0xf5,
    0x0, 0x0, 0x0, 0x0, 0x0, 0x0, 0x5f, 0xff,
    0xf5, 0x0, 0x0, 0x0, 0x0, 0x0, 0x0, 0x5f,
    0xff, 0xf5, 0x0, 0x0, 0x0, 0x0, 0x0, 0x0,
    0x5f, 0xff, 0xf5, 0x0, 0x0, 0x0, 0x0, 0x0,
    0x0, 0x5f, 0xff, 0xf5, 0x0, 0x0, 0x0, 0x0,
    0x0, 0x0, 0x5f, 0xff, 0xf5, 0x0, 0x0, 0x0,
    0x0, 0x0, 0x0, 0x5f, 0xff, 0xf5, 0x0, 0x0,
    0x0, 0x0, 0x0, 0x0, 0x5f, 0xff, 0xff, 0xff,
    0xff, 0xff, 0xff, 0xff, 0xb0, 0x5f, 0xff, 0xff,
    0xff, 0xff, 0xff, 0xff, 0xff, 0xb0, 0x5f, 0xff,
    0xff, 0xff, 0xff, 0xff, 0xff, 0xff, 0xb0, 0x5f,
    0xff, 0xfe, 0xee, 0xee, 0xee, 0xee, 0xee, 0xa0,
    0x5f, 0xff, 0xf5, 0x0, 0x0, 0x0, 0x0, 0x0,
    0x0, 0x5f, 0xff, 0xf5, 0x0, 0x0, 0x0, 0x0,
    0x0, 0x0, 0x5f, 0xff, 0xf5, 0x0, 0x0, 0x0,
    0x0, 0x0, 0x0, 0x5f, 0xff, 0xf5, 0x0, 0x0,
    0x0, 0x0, 0x0, 0x0, 0x5f, 0xff, 0xf5, 0x0,
    0x0, 0x0, 0x0, 0x0, 0x0, 0x5f, 0xff, 0xf5,
    0x0, 0x0, 0x0, 0x0, 0x0, 0x0, 0x5f, 0xff,
    0xf5, 0x0, 0x0, 0x0, 0x0, 0x0, 0x0, 0x5f,
    0xff, 0xff, 0xff, 0xff, 0xff, 0xff, 0xff, 0xfb,
    0x5f, 0xff, 0xff, 0xff, 0xff, 0xff, 0xff, 0xff,
    0xfb, 0x5f, 0xff, 0xff, 0xff, 0xff, 0xff, 0xff,
    0xff, 0xfb, 0x5f, 0xff, 0xff, 0xff, 0xff, 0xff,
    0xff, 0xff, 0xfb,

    /* U+00CA "Ê" */
    0x0, 0x0, 0x0, 0x6, 0x88, 0x82, 0x0, 0x0,
    0x0, 0x0, 0x0, 0x0, 0x8f, 0xff, 0xfd, 0x10,
    0x0, 0x0, 0x0, 0x0, 0x6, 0xff, 0xff, 0xff,
    0xc0, 0x0, 0x0, 0x0, 0x0, 0x5f, 0xff, 0xa4,
    0xff, 0xfa, 0x0, 0x0, 0x0, 0x3, 0xff, 0xfd,
    0x0, 0x7f, 0xff, 0x80, 0x0, 0x0, 0x2e, 0xff,
    0xf2, 0x0, 0xb, 0xff, 0xf6, 0x0, 0x0, 0x0,
    0x0, 0x0, 0x0, 0x0, 0x0, 0x0, 0x0, 0x0,
    0x0, 0x0, 0x0, 0x0, 0x0, 0x0, 0x0, 0x0,
    0x0, 0x0, 0x0, 0x0, 0x0, 0x0, 0x0, 0x0,
    0x0, 0x5f, 0xff, 0xff, 0xff, 0xff, 0xff, 0xff,
    0xff, 0xfa, 0x5f, 0xff, 0xff, 0xff, 0xff, 0xff,
    0xff, 0xff, 0xfa, 0x5f, 0xff, 0xff, 0xff, 0xff,
    0xff, 0xff, 0xff, 0xfa, 0x5f, 0xff, 0xff, 0xff,
    0xff, 0xff, 0xff, 0xff, 0xfa, 0x5f, 0xff, 0xf5,
    0x0, 0x0, 0x0, 0x0, 0x0, 0x0, 0x5f, 0xff,
    0xf5, 0x0, 0x0, 0x0, 0x0, 0x0, 0x0, 0x5f,
    0xff, 0xf5, 0x0, 0x0, 0x0, 0x0, 0x0, 0x0,
    0x5f, 0xff, 0xf5, 0x0, 0x0, 0x0, 0x0, 0x0,
    0x0, 0x5f, 0xff, 0xf5, 0x0, 0x0, 0x0, 0x0,
    0x0, 0x0, 0x5f, 0xff, 0xf5, 0x0, 0x0, 0x0,
    0x0, 0x0, 0x0, 0x5f, 0xff, 0xf5, 0x0, 0x0,
    0x0, 0x0, 0x0, 0x0, 0x5f, 0xff, 0xff, 0xff,
    0xff, 0xff, 0xff, 0xff, 0xb0, 0x5f, 0xff, 0xff,
    0xff, 0xff, 0xff, 0xff, 0xff, 0xb0, 0x5f, 0xff,
    0xff, 0xff, 0xff, 0xff, 0xff, 0xff, 0xb0, 0x5f,
    0xff, 0xfe, 0xee, 0xee, 0xee, 0xee, 0xee, 0xa0,
    0x5f, 0xff, 0xf5, 0x0, 0x0, 0x0, 0x0, 0x0,
    0x0, 0x5f, 0xff, 0xf5, 0x0, 0x0, 0x0, 0x0,
    0x0, 0x0, 0x5f, 0xff, 0xf5, 0x0, 0x0, 0x0,
    0x0, 0x0, 0x0, 0x5f, 0xff, 0xf5, 0x0, 0x0,
    0x0, 0x0, 0x0, 0x0, 0x5f, 0xff, 0xf5, 0x0,
    0x0, 0x0, 0x0, 0x0, 0x0, 0x5f, 0xff, 0xf5,
    0x0, 0x0, 0x0, 0x0, 0x0, 0x0, 0x5f, 0xff,
    0xf5, 0x0, 0x0, 0x0, 0x0, 0x0, 0x0, 0x5f,
    0xff, 0xff, 0xff, 0xff, 0xff, 0xff, 0xff, 0xfb,
    0x5f, 0xff, 0xff, 0xff, 0xff, 0xff, 0xff, 0xff,
    0xfb, 0x5f, 0xff, 0xff, 0xff, 0xff, 0xff, 0xff,
    0xff, 0xfb, 0x5f, 0xff, 0xff, 0xff, 0xff, 0xff,
    0xff, 0xff, 0xfb,

    /* U+00CB "Ë" */
    0x0, 0x3, 0xcf, 0xa0, 0x0, 0x6, 0xee, 0x70,
    0x0, 0x0, 0xd, 0xff, 0xf9, 0x0, 0x3f, 0xff,
    0xf3, 0x0, 0x0, 0xf, 0xff, 0xfc, 0x0, 0x6f,
    0xff, 0xf6, 0x0, 0x0, 0xc, 0xff, 0xf7, 0x0,
    0x2f, 0xff, 0xf2, 0x0, 0x0, 0x1, 0x9c, 0x70,
    0x0, 0x4, 0xbb, 0x40, 0x0, 0x0, 0x0, 0x0,
    0x0, 0x0, 0x0, 0x0, 0x0, 0x0, 0x0, 0x0,
    0x0, 0x0, 0x0, 0x0, 0x0, 0x0, 0x0, 0x0,
    0x0, 0x0, 0x0, 0x0, 0x0, 0x0, 0x0, 0x0,
    0x5f, 0xff, 0xff, 0xff, 0xff, 0xff, 0xff, 0xff,
    0xfa, 0x5f, 0xff, 0xff, 0xff, 0xff, 0xff, 0xff,
    0xff, 0xfa, 0x5f, 0xff, 0xff, 0xff, 0xff, 0xff,
    0xff, 0xff, 0xfa, 0x5f, 0xff, 0xff, 0xff, 0xff,
    0xff, 0xff, 0xff, 0xfa, 0x5f, 0xff, 0xf5, 0x0,
    0x0, 0x0, 0x0, 0x0, 0x0, 0x5f, 0xff, 0xf5,
    0x0, 0x0, 0x0, 0x0, 0x0, 0x0, 0x5f, 0xff,
    0xf5, 0x0, 0x0, 0x0, 0x0, 0x0, 0x0, 0x5f,
    0xff, 0xf5, 0x0, 0x0, 0x0, 0x0, 0x0, 0x0,
    0x5f, 0xff, 0xf5, 0x0, 0x0, 0x0, 0x0, 0x0,
    0x0, 0x5f, 0xff, 0xf5, 0x0, 0x0, 0x0, 0x0,
    0x0, 0x0, 0x5f, 0xff, 0xf5, 0x0, 0x0, 0x0,
    0x0, 0x0, 0x0, 0x5f, 0xff, 0xff, 0xff, 0xff,
    0xff, 0xff, 0xff, 0xb0, 0x5f, 0xff, 0xff, 0xff,
    0xff, 0xff, 0xff, 0xff, 0xb0, 0x5f, 0xff, 0xff,
    0xff, 0xff, 0xff, 0xff, 0xff, 0xb0, 0x5f, 0xff,
    0xfe, 0xee, 0xee, 0xee, 0xee, 0xee, 0xa0, 0x5f,
    0xff, 0xf5, 0x0, 0x0, 0x0, 0x0, 0x0, 0x0,
    0x5f, 0xff, 0xf5, 0x0, 0x0, 0x0, 0x0, 0x0,
    0x0, 0x5f, 0xff, 0xf5, 0x0, 0x0, 0x0, 0x0,
    0x0, 0x0, 0x5f, 0xff, 0xf5, 0x0, 0x0, 0x0,
    0x0, 0x0, 0x0, 0x5f, 0xff, 0xf5, 0x0, 0x0,
    0x0, 0x0, 0x0, 0x0, 0x5f, 0xff, 0xf5, 0x0,
    0x0, 0x0, 0x0, 0x0, 0x0, 0x5f, 0xff, 0xf5,
    0x0, 0x0, 0x0, 0x0, 0x0, 0x0, 0x5f, 0xff,
    0xff, 0xff, 0xff, 0xff, 0xff, 0xff, 0xfb, 0x5f,
    0xff, 0xff, 0xff, 0xff, 0xff, 0xff, 0xff, 0xfb,
    0x5f, 0xff, 0xff, 0xff, 0xff, 0xff, 0xff, 0xff,
    0xfb, 0x5f, 0xff, 0xff, 0xff, 0xff, 0xff, 0xff,
    0xff, 0xfb,

    /* U+00CC "Ì" */
    0x6, 0x66, 0x62, 0x0, 0x0, 0x9f, 0xff, 0xa0,
    0x0, 0x0, 0xdf, 0xff, 0x20, 0x0, 0x4, 0xff,
    0xf9, 0x0, 0x0, 0x9, 0xff, 0xf1, 0x0, 0x0,
    0xe, 0xff, 0x70, 0x0, 0x0, 0x0, 0x0, 0x0,
    0x0, 0x0, 0x0, 0x0, 0x0, 0x0, 0x0, 0x0,
    0x0, 0x0, 0x5f, 0xff, 0xf5, 0x0, 0x5, 0xff,
    0xff, 0x50, 0x0, 0x5f, 0xff, 0xf5, 0x0, 0x5,
    0xff, 0xff, 0x50, 0x0, 0x5f, 0xff, 0xf5, 0x0,
    0x5, 0xff, 0xff, 0x50, 0x0, 0x5f, 0xff, 0xf5,
    0x0, 0x5, 0xff, 0xff, 0x50, 0x0, 0x5f, 0xff,
    0xf5, 0x0, 0x5, 0xff, 0xff, 0x50, 0x0, 0x5f,
    0xff, 0xf5, 0x0, 0x5, 0xff, 0xff, 0x50, 0x0,
    0x5f, 0xff, 0xf5, 0x0, 0x5, 0xff, 0xff, 0x50,
    0x0, 0x5f, 0xff, 0xf5, 0x0, 0x5, 0xff, 0xff,
    0x50, 0x0, 0x5f, 0xff, 0xf5, 0x0, 0x5, 0xff,
    0xff, 0x50, 0x0, 0x5f, 0xff, 0xf5, 0x0, 0x5,
    0xff, 0xff, 0x50, 0x0, 0x5f, 0xff, 0xf5, 0x0,
    0x5, 0xff, 0xff, 0x50, 0x0, 0x5f, 0xff, 0xf5,
    0x0, 0x5, 0xff, 0xff, 0x50, 0x0, 0x5f, 0xff,
    0xf5, 0x0, 0x5, 0xff, 0xff, 0x50,

    /* U+00CD "Í" */
    0x0, 0x2, 0x66, 0x66, 0x0, 0x0, 0xbf, 0xff,
    0x80, 0x0, 0x2f, 0xff, 0xd0, 0x0, 0x9, 0xff,
    0xf3, 0x0, 0x1, 0xff, 0xf8, 0x0, 0x0, 0x8f,
    0xfd, 0x0, 0x0, 0x0, 0x0, 0x0, 0x0, 0x0,
    0x0, 0x0, 0x0, 0x0, 0x0, 0x0, 0x0, 0x0,
    0x5, 0xff, 0xff, 0x50, 0x0, 0x5f, 0xff, 0xf5,
    0x0, 0x5, 0xff, 0xff, 0x50, 0x0, 0x5f, 0xff,
    0xf5, 0x0, 0x5, 0xff, 0xff, 0x50, 0x0, 0x5f,
    0xff, 0xf5, 0x0, 0x5, 0xff, 0xff, 0x50, 0x0,
    0x5f, 0xff, 0xf5, 0x0, 0x5, 0xff, 0xff, 0x50,
    0x0, 0x5f, 0xff, 0xf5, 0x0, 0x5, 0xff, 0xff,
    0x50, 0x0, 0x5f, 0xff, 0xf5, 0x0, 0x5, 0xff,
    0xff, 0x50, 0x0, 0x5f, 0xff, 0xf5, 0x0, 0x5,
    0xff, 0xff, 0x50, 0x0, 0x5f, 0xff, 0xf5, 0x0,
    0x5, 0xff, 0xff, 0x50, 0x0, 0x5f, 0xff, 0xf5,
    0x0, 0x5, 0xff, 0xff, 0x50, 0x0, 0x5f, 0xff,
    0xf5, 0x0, 0x5, 0xff, 0xff, 0x50, 0x0, 0x5f,
    0xff, 0xf5, 0x0, 0x5, 0xff, 0xff, 0x50, 0x0,
    0x5f, 0xff, 0xf5, 0x0, 0x5, 0xff, 0xff, 0x50,
    0x0, 0x5f, 0xff, 0xf5, 0x0, 0x0,

    /* U+00CE "Î" */
    0x0, 0x0, 0x7, 0x88, 0x70, 0x0, 0x0, 0x0,
    0x0, 0xbf, 0xff, 0xfb, 0x0, 0x0, 0x0, 0xa,
    0xff, 0xff, 0xff, 0x90, 0x0, 0x0, 0x8f, 0xff,
    0x77, 0xff, 0xf7, 0x0, 0x6, 0xff, 0xfa, 0x0,
    0xaf, 0xff, 0x50, 0x5f, 0xff, 0xd0, 0x0, 0xd,
    0xff, 0xf3, 0x0, 0x0, 0x0, 0x0, 0x0, 0x0,
    0x0, 0x0, 0x0, 0x0, 0x0, 0x0, 0x0, 0x0,
    0x0, 0x0, 0x0, 0x0, 0x0, 0x0, 0x0, 0x0,
    0x0, 0x5f, 0xff, 0xf5, 0x0, 0x0, 0x0, 0x0,
    0x5f, 0xff, 0xf5, 0x0, 0x0, 0x0, 0x0, 0x5f,
    0xff, 0xf5, 0x0, 0x0, 0x0, 0x0, 0x5f, 0xff,
    0xf5, 0x0, 0x0, 0x0, 0x0, 0x5f, 0xff, 0xf5,
    0x0, 0x0, 0x0, 0x0, 0x5f, 0xff, 0xf5, 0x0,
    0x0, 0x0, 0x0, 0x5f, 0xff, 0xf5, 0x0, 0x0,
    0x0, 0x0, 0x5f, 0xff, 0xf5, 0x0, 0x0, 0x0,
    0x0, 0x5f, 0xff, 0xf5, 0x0, 0x0, 0x0, 0x0,
    0x5f, 0xff, 0xf5, 0x0, 0x0, 0x0, 0x0, 0x5f,
    0xff, 0xf5, 0x0, 0x0, 0x0, 0x0, 0x5f, 0xff,
    0xf5, 0x0, 0x0, 0x0, 0x0, 0x5f, 0xff, 0xf5,
    0x0, 0x0, 0x0, 0x0, 0x5f, 0xff, 0xf5, 0x0,
    0x0, 0x0, 0x0, 0x5f, 0xff, 0xf5, 0x0, 0x0,
    0x0, 0x0, 0x5f, 0xff, 0xf5, 0x0, 0x0, 0x0,
    0x0, 0x5f, 0xff, 0xf5, 0x0, 0x0, 0x0, 0x0,
    0x5f, 0xff, 0xf5, 0x0, 0x0, 0x0, 0x0, 0x5f,
    0xff, 0xf5, 0x0, 0x0, 0x0, 0x0, 0x5f, 0xff,
    0xf5, 0x0, 0x0, 0x0, 0x0, 0x5f, 0xff, 0xf5,
    0x0, 0x0, 0x0, 0x0, 0x5f, 0xff, 0xf5, 0x0,
    0x0, 0x0, 0x0, 0x5f, 0xff, 0xf5, 0x0, 0x0,
    0x0, 0x0, 0x5f, 0xff, 0xf5, 0x0, 0x0, 0x0,
    0x0, 0x5f, 0xff, 0xf5, 0x0, 0x0, 0x0, 0x0,
    0x5f, 0xff, 0xf5, 0x0, 0x0,

    /* U+00CF "Ï" */
    0x4, 0xde, 0x80, 0x0, 0x9, 0xed, 0x40, 0x1f,
    0xff, 0xf5, 0x0, 0x6f, 0xff, 0xf1, 0x3f, 0xff,
    0xf8, 0x0, 0x9f, 0xff, 0xf3, 0xe, 0xff, 0xf4,
    0x0, 0x5f, 0xff, 0xe0, 0x2, 0xab, 0x50, 0x0,
    0x6, 0xba, 0x20, 0x0, 0x0, 0x0, 0x0, 0x0,
    0x0, 0x0, 0x0, 0x0, 0x0, 0x0, 0x0, 0x0,
    0x0, 0x0, 0x0, 0x0, 0x0, 0x0, 0x0, 0x0,
    0x0, 0x0, 0x5f, 0xff, 0xf5, 0x0, 0x0, 0x0,
    0x0, 0x5f, 0xff, 0xf5, 0x0, 0x0, 0x0, 0x0,
    0x5f, 0xff, 0xf5, 0x0, 0x0, 0x0, 0x0, 0x5f,
    0xff, 0xf5, 0x0, 0x0, 0x0, 0x0, 0x5f, 0xff,
    0xf5, 0x0, 0x0, 0x0, 0x0, 0x5f, 0xff, 0xf5,
    0x0, 0x0, 0x0, 0x0, 0x5f, 0xff, 0xf5, 0x0,
    0x0, 0x0, 0x0, 0x5f, 0xff, 0xf5, 0x0, 0x0,
    0x0, 0x0, 0x5f, 0xff, 0xf5, 0x0, 0x0, 0x0,
    0x0, 0x5f, 0xff, 0xf5, 0x0, 0x0, 0x0, 0x0,
    0x5f, 0xff, 0xf5, 0x0, 0x0, 0x0, 0x0, 0x5f,
    0xff, 0xf5, 0x0, 0x0, 0x0, 0x0, 0x5f, 0xff,
    0xf5, 0x0, 0x0, 0x0, 0x0, 0x5f, 0xff, 0xf5,
    0x0, 0x0, 0x0, 0x0, 0x5f, 0xff, 0xf5, 0x0,
    0x0, 0x0, 0x0, 0x5f, 0xff, 0xf5, 0x0, 0x0,
    0x0, 0x0, 0x5f, 0xff, 0xf5, 0x0, 0x0, 0x0,
    0x0, 0x5f, 0xff, 0xf5, 0x0, 0x0, 0x0, 0x0,
    0x5f, 0xff, 0xf5, 0x0, 0x0, 0x0, 0x0, 0x5f,
    0xff, 0xf5, 0x0, 0x0, 0x0, 0x0, 0x5f, 0xff,
    0xf5, 0x0, 0x0, 0x0, 0x0, 0x5f, 0xff, 0xf5,
    0x0, 0x0, 0x0, 0x0, 0x5f, 0xff, 0xf5, 0x0,
    0x0, 0x0, 0x0, 0x5f, 0xff, 0xf5, 0x0, 0x0,
    0x0, 0x0, 0x5f, 0xff, 0xf5, 0x0, 0x0, 0x0,
    0x0, 0x5f, 0xff, 0xf5, 0x0, 0x0,

    /* U+00D0 "Ð" */
    0x0, 0x5, 0xff, 0xff, 0xff, 0xff, 0xff, 0xec,
    0x84, 0x0, 0x0, 0x0, 0x0, 0x0, 0x5, 0xff,
    0xff, 0xff, 0xff, 0xff, 0xff, 0xff, 0xd5, 0x0,
    0x0, 0x0, 0x0, 0x5, 0xff, 0xff, 0xff, 0xff,
    0xff, 0xff, 0xff, 0xff, 0xb1, 0x0, 0x0, 0x0,
    0x5, 0xff, 0xff, 0xff, 0xff, 0xff, 0xff, 0xff,
    0xff, 0xfd, 0x10, 0x0, 0x0, 0x5, 0xff, 0xff,
    0x71, 0x11, 0x12, 0x48, 0xdf, 0xff, 0xff, 0xb0,
    0x0, 0x0, 0x5, 0xff, 0xff, 0x60, 0x0, 0x0,
    0x0, 0x6, 0xff, 0xff, 0xf6, 0x0, 0x0, 0x5,
    0xff, 0xff, 0x60, 0x0, 0x0, 0x0, 0x0, 0x5f,
    0xff, 0xfe, 0x0, 0x0, 0x5, 0xff, 0xff, 0x60,
    0x0, 0x0, 0x0, 0x0, 0x9, 0xff, 0xff, 0x50,
    0x0, 0x5, 0xff, 0xff, 0x60, 0x0, 0x0, 0x0,
    0x0, 0x2, 0xff, 0xff, 0xa0, 0x0, 0x5, 0xff,
    0xff, 0x60, 0x0, 0x0, 0x0, 0x0, 0x0, 0xdf,
    0xff, 0xe0, 0x0, 0x5, 0xff, 0xff, 0x60, 0x0,
    0x0, 0x0, 0x0, 0x0, 0x9f, 0xff, 0xf0, 0xaf,
    0xff, 0xff, 0xff, 0xff, 0xff, 0xff, 0x60, 0x0,
    0x0, 0x7f, 0xff, 0xf2, 0xaf, 0xff, 0xff, 0xff,
    0xff, 0xff, 0xff, 0x60, 0x0, 0x0, 0x6f, 0xff,
    0xf3, 0xaf, 0xff, 0xff, 0xff, 0xff, 0xff, 0xff,
    0x60, 0x0, 0x0, 0x6f, 0xff, 0xf3, 0x35, 0x5a,
    0xff, 0xff, 0xb5, 0x55, 0x55, 0x20, 0x0, 0x0,
    0x7f, 0xff, 0xf2, 0x0, 0x5, 0xff, 0xff, 0x60,
    0x0, 0x0, 0x0, 0x0, 0x0, 0x9f, 0xff, 0xf0,
    0x0, 0x5, 0xff, 0xff, 0x60, 0x0, 0x0, 0x0,
    0x0, 0x0, 0xdf, 0xff, 0xe0, 0x0, 0x5, 0xff,
    0xff, 0x60, 0x0, 0x0, 0x0, 0x0, 0x2, 0xff,
    0xff, 0xa0, 0x0, 0x5, 0xff, 0xff, 0x60, 0x0,
    0x0, 0x0, 0x0, 0xa, 0xff, 0xff, 0x50, 0x0,
    0x5, 0xff, 0xff, 0x60, 0x0, 0x0, 0x0, 0x0,
    0x5f, 0xff, 0xfe, 0x0, 0x0, 0x5, 0xff, 0xff,
    0x60, 0x0, 0x0, 0x0, 0x7, 0xff, 0xff, 0xf6,
    0x0, 0x0, 0x5, 0xff, 0xff, 0x71, 0x11, 0x12,
    0x48, 0xef, 0xff, 0xff, 0xb0, 0x0, 0x0, 0x5,
    0xff, 0xff, 0xff, 0xff, 0xff, 0xff, 0xff, 0xff,
    0xfd, 0x10, 0x0, 0x0, 0x5, 0xff, 0xff, 0xff,
    0xff, 0xff, 0xff, 0xff, 0xff, 0xb0, 0x0, 0x0,
    0x0, 0x5, 0xff, 0xff, 0xff, 0xff, 0xff, 0xff,
    0xff, 0xd5, 0x0, 0x0, 0x0, 0x0, 0x5, 0xff,
    0xff, 0xff, 0xff, 0xff, 0xeb, 0x83, 0x0, 0x0,
    0x0, 0x0,

    /* U+00D1 "Ñ" */
    0x0, 0x0, 0x0, 0x2, 0x9b, 0x81, 0x0, 0x2b,
    0xb4, 0x0, 0x0, 0x0, 0x0, 0x0, 0x2, 0xff,
    0xff, 0xf6, 0x8, 0xff, 0x40, 0x0, 0x0, 0x0,
    0x0, 0x0, 0xaf, 0xff, 0xff, 0xff, 0xff, 0xf0,
    0x0, 0x0, 0x0, 0x0, 0x0, 0xe, 0xfe, 0x14,
    0xdf, 0xff, 0xf7, 0x0, 0x0, 0x0, 0x0, 0x0,
    0x0, 0xbb, 0x70, 0x0, 0x6a, 0xa5, 0x0, 0x0,
    0x0, 0x0, 0x0, 0x0, 0x0, 0x0, 0x0, 0x0,
    0x0, 0x0, 0x0, 0x0, 0x0, 0x0, 0x0, 0x0,
    0x0, 0x0, 0x0, 0x0, 0x0, 0x0, 0x0, 0x0,
    0x0, 0x0, 0x0, 0x0, 0x0, 0x0, 0x0, 0x0,
    0x0, 0x0, 0x0, 0x0, 0x5f, 0xff, 0xff, 0x40,
    0x0, 0x0, 0x0, 0x0, 0x1, 0xff, 0xff, 0xb5,
    0xff, 0xff, 0xfd, 0x0, 0x0, 0x0, 0x0, 0x0,
    0x1f, 0xff, 0xfb, 0x5f, 0xff, 0xff, 0xf8, 0x0,
    0x0, 0x0, 0x0, 0x1, 0xff, 0xff, 0xb5, 0xff,
    0xff, 0xff, 0xf2, 0x0, 0x0, 0x0, 0x0, 0x1f,
    0xff, 0xfb, 0x5f, 0xff, 0xff, 0xff, 0xc0, 0x0,
    0x0, 0x0, 0x1, 0xff, 0xff, 0xb5, 0xff, 0xff,
    0xff, 0xff, 0x60, 0x0, 0x0, 0x0, 0x1f, 0xff,
    0xfb, 0x5f, 0xff, 0xf9, 0xff, 0xff, 0x10, 0x0,
    0x0, 0x1, 0xff, 0xff, 0xb5, 0xff, 0xff, 0x3e,
    0xff, 0xfa, 0x0, 0x0, 0x0, 0x1f, 0xff, 0xfb,
    0x5f, 0xff, 0xf3, 0x7f, 0xff, 0xf5, 0x0, 0x0,
    0x1, 0xff, 0xff, 0xb5, 0xff, 0xff, 0x40, 0xef,
    0xff, 0xe0, 0x0, 0x0, 0x1f, 0xff, 0xfb, 0x5f,
    0xff, 0xf5, 0x5, 0xff, 0xff, 0x90, 0x0, 0x1,
    0xff, 0xff, 0xb5, 0xff, 0xff, 0x60, 0xc, 0xff,
    0xff, 0x30, 0x0, 0x1f, 0xff, 0xfb, 0x5f, 0xff,
    0xf6, 0x0, 0x2f, 0xff, 0xfd, 0x0, 0x1, 0xff,
    0xff, 0xb5, 0xff, 0xff, 0x60, 0x0, 0x8f, 0xff,
    0xf7, 0x0, 0xf, 0xff, 0xfb, 0x5f, 0xff, 0xf6,
    0x0, 0x0, 0xdf, 0xff, 0xf2, 0x0, 0xff, 0xff,
    0xb5, 0xff, 0xff, 0x60, 0x0, 0x4, 0xff, 0xff,
    0xb0, 0xf, 0xff, 0xfb, 0x5f, 0xff, 0xf6, 0x0,
    0x0, 0xa, 0xff, 0xff, 0x40, 0xff, 0xff, 0xb5,
    0xff, 0xff, 0x60, 0x0, 0x0, 0x1e, 0xff, 0xfd,
    0xf, 0xff, 0xfb, 0x5f, 0xff, 0xf6, 0x0, 0x0,
    0x0, 0x6f, 0xff, 0xf5, 0xef, 0xff, 0xb5, 0xff,
    0xff, 0x60, 0x0, 0x0, 0x0, 0xbf, 0xff, 0xcd,
    0xff, 0xfb, 0x5f, 0xff, 0xf6, 0x0, 0x0, 0x0,
    0x2, 0xff, 0xff, 0xff, 0xff, 0xb5, 0xff, 0xff,
    0x60, 0x0, 0x0, 0x0, 0x7, 0xff, 0xff, 0xff,
    0xfb, 0x5f, 0xff, 0xf6, 0x0, 0x0, 0x0, 0x0,
    0xd, 0xff, 0xff, 0xff, 0xb5, 0xff, 0xff, 0x60,
    0x0, 0x0, 0x0, 0x0, 0x3f, 0xff, 0xff, 0xfb,
    0x5f, 0xff, 0xf6, 0x0, 0x0, 0x0, 0x0, 0x0,
    0x9f, 0xff, 0xff, 0xb5, 0xff, 0xff, 0x60, 0x0,
    0x0, 0x0, 0x0, 0x0, 0xef, 0xff, 0xfb,

    /* U+00D2 "Ò" */
    0x0, 0x0, 0x0, 0x1, 0x66, 0x66, 0x10, 0x0,
    0x0, 0x0, 0x0, 0x0, 0x0, 0x0, 0x0, 0x0,
    0xb, 0xff, 0xf8, 0x0, 0x0, 0x0, 0x0, 0x0,
    0x0, 0x0, 0x0, 0x0, 0x0, 0x2f, 0xff, 0xe0,
    0x0, 0x0, 0x0, 0x0, 0x0, 0x0, 0x0, 0x0,
    0x0, 0x0, 0x6f, 0xff, 0x60, 0x0, 0x0, 0x0,
    0x0, 0x0, 0x0, 0x0, 0x0, 0x0, 0x0, 0xcf,
    0xfd, 0x0, 0x0, 0x0, 0x0, 0x0, 0x0, 0x0,
    0x0, 0x0, 0x0, 0x2, 0xff, 0xf5, 0x0, 0x0,
    0x0, 0x0, 0x0, 0x0, 0x0, 0x0, 0x0, 0x0,
    0x0, 0x0, 0x0, 0x0, 0x0, 0x0, 0x0, 0x0,
    0x0, 0x0, 0x0, 0x0, 0x0, 0x0, 0x0, 0x0,
    0x0, 0x0, 0x0, 0x0, 0x0, 0x0, 0x0, 0x0,
    0x0, 0x0, 0x0, 0x0, 0x0, 0x0, 0x0, 0x0,
    0x0, 0x0, 0x0, 0x0, 0x4, 0x9c, 0xef, 0xfe,
    0xb7, 0x20, 0x0, 0x0, 0x0, 0x0, 0x0, 0x0,
    0x5d, 0xff, 0xff, 0xff, 0xff, 0xff, 0xb2, 0x0,
    0x0, 0x0, 0x0, 0x0, 0xaf, 0xff, 0xff, 0xff,
    0xff, 0xff, 0xff, 0xf6, 0x0, 0x0, 0x0, 0x0,
    0xbf, 0xff, 0xff, 0xff, 0xff, 0xff, 0xff, 0xff,
    0xf7, 0x0, 0x0, 0x0, 0x9f, 0xff, 0xff, 0xf9,
    0x54, 0x46, 0xbf, 0xff, 0xff, 0xf4, 0x0, 0x0,
    0x4f, 0xff, 0xff, 0xa1, 0x0, 0x0, 0x0, 0x3d,
    0xff, 0xff, 0xe0, 0x0, 0xd, 0xff, 0xff, 0x90,
    0x0, 0x0, 0x0, 0x0, 0x1d, 0xff, 0xff, 0x70,
    0x4, 0xff, 0xff, 0xd0, 0x0, 0x0, 0x0, 0x0,
    0x0, 0x3f, 0xff, 0xfe, 0x0, 0x9f, 0xff, 0xf5,
    0x0, 0x0, 0x0, 0x0, 0x0, 0x0, 0xbf, 0xff,
    0xf4, 0xd, 0xff, 0xff, 0x0, 0x0, 0x0, 0x0,
    0x0, 0x0, 0x5, 0xff, 0xff, 0x80, 0xff, 0xff,
    0xc0, 0x0, 0x0, 0x0, 0x0, 0x0, 0x0, 0x1f,
    0xff, 0xfa, 0x1f, 0xff, 0xf9, 0x0, 0x0, 0x0,
    0x0, 0x0, 0x0, 0x0, 0xff, 0xff, 0xc2, 0xff,
    0xff, 0x80, 0x0, 0x0, 0x0, 0x0, 0x0, 0x0,
    0xe, 0xff, 0xfd, 0x2f, 0xff, 0xf8, 0x0, 0x0,
    0x0, 0x0, 0x0, 0x0, 0x0, 0xef, 0xff, 0xd1,
    0xff, 0xff, 0x90, 0x0, 0x0, 0x0, 0x0, 0x0,
    0x0, 0xf, 0xff, 0xfc, 0xf, 0xff, 0xfc, 0x0,
    0x0, 0x0, 0x0, 0x0, 0x0, 0x1, 0xff, 0xff,
    0xa0, 0xdf, 0xff, 0xf0, 0x0, 0x0, 0x0, 0x0,
    0x0, 0x0, 0x5f, 0xff, 0xf8, 0x9, 0xff, 0xff,
    0x50, 0x0, 0x0, 0x0, 0x0, 0x0, 0xb, 0xff,
    0xff, 0x40, 0x4f, 0xff, 0xfd, 0x0, 0x0, 0x0,
    0x0, 0x0, 0x3, 0xff, 0xff, 0xe0, 0x0, 0xdf,
    0xff, 0xf9, 0x0, 0x0, 0x0, 0x0, 0x1, 0xdf,
    0xff, 0xf8, 0x0, 0x4, 0xff, 0xff, 0xfa, 0x10,
    0x0, 0x0, 0x3, 0xdf, 0xff, 0xfe, 0x10, 0x0,
    0xa, 0xff, 0xff, 0xff, 0x95, 0x44, 0x6b, 0xff,
    0xff, 0xff, 0x50, 0x0, 0x0, 0xb, 0xff, 0xff,
    0xff, 0xff, 0xff, 0xff, 0xff, 0xff, 0x70, 0x0,
    0x0, 0x0, 0xa, 0xff, 0xff, 0xff, 0xff, 0xff,
    0xff, 0xff, 0x60, 0x0, 0x0, 0x0, 0x0, 0x5,
    0xdf, 0xff, 0xff, 0xff, 0xff, 0xfb, 0x20, 0x0,
    0x0, 0x0, 0x0, 0x0, 0x0, 0x49, 0xce, 0xff,
    0xeb, 0x72, 0x0, 0x0, 0x0, 0x0,

    /* U+00D3 "Ó" */
    0x0, 0x0, 0x0, 0x0, 0x0, 0x0, 0x3, 0x66,
    0x65, 0x0, 0x0, 0x0, 0x0, 0x0, 0x0, 0x0,
    0x0, 0x0, 0x0, 0xdf, 0xff, 0x60, 0x0, 0x0,
    0x0, 0x0, 0x0, 0x0, 0x0, 0x0, 0x0, 0x4f,
    0xff, 0xb0, 0x0, 0x0, 0x0, 0x0, 0x0, 0x0,
    0x0, 0x0, 0x0, 0xc, 0xff, 0xf1, 0x0, 0x0,
    0x0, 0x0, 0x0, 0x0, 0x0, 0x0, 0x0, 0x3,
    0xff, 0xf6, 0x0, 0x0, 0x0, 0x0, 0x0, 0x0,
    0x0, 0x0, 0x0, 0x0, 0xaf, 0xfc, 0x0, 0x0,
    0x0, 0x0, 0x0, 0x0, 0x0, 0x0, 0x0, 0x0,
    0x0, 0x0, 0x0, 0x0, 0x0, 0x0, 0x0, 0x0,
    0x0, 0x0, 0x0, 0x0, 0x0, 0x0, 0x0, 0x0,
    0x0, 0x0, 0x0, 0x0, 0x0, 0x0, 0x0, 0x0,
    0x0, 0x0, 0x0, 0x0, 0x0, 0x0, 0x0, 0x0,
    0x0, 0x0, 0x0, 0x0, 0x4, 0x9c, 0xef, 0xfe,
    0xb7, 0x20, 0x0, 0x0, 0x0, 0x0, 0x0, 0x0,
    0x5d, 0xff, 0xff, 0xff, 0xff, 0xff, 0xb2, 0x0,
    0x0, 0x0, 0x0, 0x0, 0xaf, 0xff, 0xff, 0xff,
    0xff, 0xff, 0xff, 0xf6, 0x0, 0x0, 0x0, 0x0,
    0xbf, 0xff, 0xff, 0xff, 0xff, 0xff, 0xff, 0xff,
    0xf7, 0x0, 0x0, 0x0, 0x9f, 0xff, 0xff, 0xf9,
    0x54, 0x46, 0xbf, 0xff, 0xff, 0xf4, 0x0, 0x0,
    0x4f, 0xff, 0xff, 0xa1, 0x0, 0x0, 0x0, 0x3d,
    0xff, 0xff, 0xe0, 0x0, 0xd, 0xff, 0xff, 0x90,
    0x0, 0x0, 0x0, 0x0, 0x1d, 0xff, 0xff, 0x70,
    0x4, 0xff, 0xff, 0xd0, 0x0, 0x0, 0x0, 0x0,
    0x0, 0x3f, 0xff, 0xfe, 0x0, 0x9f, 0xff, 0xf5,
    0x0, 0x0, 0x0, 0x0, 0x0, 0x0, 0xbf, 0xff,
    0xf4, 0xd, 0xff, 0xff, 0x0, 0x0, 0x0, 0x0,
    0x0, 0x0, 0x5, 0xff, 0xff, 0x80, 0xff, 0xff,
    0xc0, 0x0, 0x0, 0x0, 0x0, 0x0, 0x0, 0x1f,
    0xff, 0xfa, 0x1f, 0xff, 0xf9, 0x0, 0x0, 0x0,
    0x0, 0x0, 0x0, 0x0, 0xff, 0xff, 0xc2, 0xff,
    0xff, 0x80, 0x0, 0x0, 0x0, 0x0, 0x0, 0x0,
    0xe, 0xff, 0xfd, 0x2f, 0xff, 0xf8, 0x0, 0x0,
    0x0, 0x0, 0x0, 0x0, 0x0, 0xef, 0xff, 0xd1,
    0xff, 0xff, 0x90, 0x0, 0x0, 0x0, 0x0, 0x0,
    0x0, 0xf, 0xff, 0xfc, 0xf, 0xff, 0xfc, 0x0,
    0x0, 0x0, 0x0, 0x0, 0x0, 0x1, 0xff, 0xff,
    0xa0, 0xdf, 0xff, 0xf0, 0x0, 0x0, 0x0, 0x0,
    0x0, 0x0, 0x5f, 0xff, 0xf8, 0x9, 0xff, 0xff,
    0x50, 0x0, 0x0, 0x0, 0x0, 0x0, 0xb, 0xff,
    0xff, 0x40, 0x4f, 0xff, 0xfd, 0x0, 0x0, 0x0,
    0x0, 0x0, 0x3, 0xff, 0xff, 0xe0, 0x0, 0xdf,
    0xff, 0xf9, 0x0, 0x0, 0x0, 0x0, 0x1, 0xdf,
    0xff, 0xf8, 0x0, 0x4, 0xff, 0xff, 0xfa, 0x10,
    0x0, 0x0, 0x3, 0xdf, 0xff, 0xfe, 0x10, 0x0,
    0xa, 0xff, 0xff, 0xff, 0x95, 0x44, 0x6b, 0xff,
    0xff, 0xff, 0x50, 0x0, 0x0, 0xb, 0xff, 0xff,
    0xff, 0xff, 0xff, 0xff, 0xff, 0xff, 0x70, 0x0,
    0x0, 0x0, 0xa, 0xff, 0xff, 0xff, 0xff, 0xff,
    0xff, 0xff, 0x60, 0x0, 0x0, 0x0, 0x0, 0x5,
    0xdf, 0xff, 0xff, 0xff, 0xff, 0xfb, 0x20, 0x0,
    0x0, 0x0, 0x0, 0x0, 0x0, 0x49, 0xce, 0xff,
    0xeb, 0x72, 0x0, 0x0, 0x0, 0x0,

    /* U+00D4 "Ô" */
    0x0, 0x0, 0x0, 0x0, 0x0, 0x18, 0x88, 0x70,
    0x0, 0x0, 0x0, 0x0, 0x0, 0x0, 0x0, 0x0,
    0x0, 0x1d, 0xff, 0xff, 0xa0, 0x0, 0x0, 0x0,
    0x0, 0x0, 0x0, 0x0, 0x0, 0x1d, 0xff, 0xef,
    0xff, 0x90, 0x0, 0x0, 0x0, 0x0, 0x0, 0x0,
    0x0, 0x1d, 0xff, 0xe2, 0x5f, 0xff, 0x80, 0x0,
    0x0, 0x0, 0x0, 0x0, 0x0, 0x1d, 0xff, 0xf3,
    0x0, 0x8f, 0xff, 0x80, 0x0, 0x0, 0x0, 0x0,
    0x0, 0x5, 0x88, 0x84, 0x0, 0x0, 0x68, 0x87,
    0x10, 0x0, 0x0, 0x0, 0x0, 0x0, 0x0, 0x0,
    0x0, 0x0, 0x0, 0x0, 0x0, 0x0, 0x0, 0x0,
    0x0, 0x0, 0x0, 0x0, 0x0, 0x0, 0x0, 0x0,
    0x0, 0x0, 0x0, 0x0, 0x0, 0x0, 0x0, 0x0,
    0x0, 0x0, 0x0, 0x0, 0x0, 0x0, 0x0, 0x0,
    0x0, 0x0, 0x0, 0x0, 0x4, 0x9c, 0xef, 0xfe,
    0xb7, 0x20, 0x0, 0x0, 0x0, 0x0, 0x0, 0x0,
    0x5d, 0xff, 0xff, 0xff, 0xff, 0xff, 0xb2, 0x0,
    0x0, 0x0, 0x0, 0x0, 0xaf, 0xff, 0xff, 0xff,
    0xff, 0xff, 0xff, 0xf6, 0x0, 0x0, 0x0, 0x0,
    0xbf, 0xff, 0xff, 0xff, 0xff, 0xff, 0xff, 0xff,
    0xf7, 0x0, 0x0, 0x0, 0x9f, 0xff, 0xff, 0xf9,
    0x54, 0x46, 0xbf, 0xff, 0xff, 0xf4, 0x0, 0x0,
    0x4f, 0xff, 0xff, 0xa1, 0x0, 0x0, 0x0, 0x3d,
    0xff, 0xff, 0xe0, 0x0, 0xd, 0xff, 0xff, 0x90,
    0x0, 0x0, 0x0, 0x0, 0x1d, 0xff, 0xff, 0x70,
    0x4, 0xff, 0xff, 0xd0, 0x0, 0x0, 0x0, 0x0,
    0x0, 0x3f, 0xff, 0xfe, 0x0, 0x9f, 0xff, 0xf5,
    0x0, 0x0, 0x0, 0x0, 0x0, 0x0, 0xbf, 0xff,
    0xf4, 0xd, 0xff, 0xff, 0x0, 0x0, 0x0, 0x0,
    0x0, 0x0, 0x5, 0xff, 0xff, 0x80, 0xff, 0xff,
    0xc0, 0x0, 0x0, 0x0, 0x0, 0x0, 0x0, 0x1f,
    0xff, 0xfa, 0x1f, 0xff, 0xf9, 0x0, 0x0, 0x0,
    0x0, 0x0, 0x0, 0x0, 0xff, 0xff, 0xc2, 0xff,
    0xff, 0x80, 0x0, 0x0, 0x0, 0x0, 0x0, 0x0,
    0xe, 0xff, 0xfd, 0x2f, 0xff, 0xf8, 0x0, 0x0,
    0x0, 0x0, 0x0, 0x0, 0x0, 0xef, 0xff, 0xd1,
    0xff, 0xff, 0x90, 0x0, 0x0, 0x0, 0x0, 0x0,
    0x0, 0xf, 0xff, 0xfc, 0xf, 0xff, 0xfc, 0x0,
    0x0, 0x0, 0x0, 0x0, 0x0, 0x1, 0xff, 0xff,
    0xa0, 0xdf, 0xff, 0xf0, 0x0, 0x0, 0x0, 0x0,
    0x0, 0x0, 0x5f, 0xff, 0xf8, 0x9, 0xff, 0xff,
    0x50, 0x0, 0x0, 0x0, 0x0, 0x0, 0xb, 0xff,
    0xff, 0x40, 0x4f, 0xff, 0xfd, 0x0, 0x0, 0x0,
    0x0, 0x0, 0x3, 0xff, 0xff, 0xe0, 0x0, 0xdf,
    0xff, 0xf9, 0x0, 0x0, 0x0, 0x0, 0x1, 0xdf,
    0xff, 0xf8, 0x0, 0x4, 0xff, 0xff, 0xfa, 0x10,
    0x0, 0x0, 0x3, 0xdf, 0xff, 0xfe, 0x10, 0x0,
    0xa, 0xff, 0xff, 0xff, 0x95, 0x44, 0x6b, 0xff,
    0xff, 0xff, 0x50, 0x0, 0x0, 0xb, 0xff, 0xff,
    0xff, 0xff, 0xff, 0xff, 0xff, 0xff, 0x70, 0x0,
    0x0, 0x0, 0xa, 0xff, 0xff, 0xff, 0xff, 0xff,
    0xff, 0xff, 0x60, 0x0, 0x0, 0x0, 0x0, 0x5,
    0xdf, 0xff, 0xff, 0xff, 0xff, 0xfb, 0x20, 0x0,
    0x0, 0x0, 0x0, 0x0, 0x0, 0x49, 0xce, 0xff,
    0xeb, 0x72, 0x0, 0x0, 0x0, 0x0,

    /* U+00D5 "Õ" */
    0x0, 0x0, 0x0, 0x0, 0x5d, 0xfe, 0x92, 0x2,
    0xff, 0x80, 0x0, 0x0, 0x0, 0x0, 0x0, 0x0,
    0x3f, 0xff, 0xff, 0xfc, 0xef, 0xf5, 0x0, 0x0,
    0x0, 0x0, 0x0, 0x0, 0xa, 0xff, 0xde, 0xff,
    0xff, 0xfd, 0x0, 0x0, 0x0, 0x0, 0x0, 0x0,
    0x0, 0xdf, 0xe0, 0x4, 0xbe, 0xfb, 0x20, 0x0,
    0x0, 0x0, 0x0, 0x0, 0x0, 0x0, 0x0, 0x0,
    0x0, 0x0, 0x0, 0x0, 0x0, 0x0, 0x0, 0x0,
    0x0, 0x0, 0x0, 0x0, 0x0, 0x0, 0x0, 0x0,
    0x0, 0x0, 0x0, 0x0, 0x0, 0x0, 0x0, 0x0,
    0x0, 0x0, 0x0, 0x0, 0x0, 0x0, 0x0, 0x0,
    0x0, 0x0, 0x0, 0x0, 0x0, 0x0, 0x0, 0x0,
    0x0, 0x0, 0x0, 0x0, 0x0, 0x0, 0x0, 0x0,
    0x49, 0xce, 0xff, 0xeb, 0x72, 0x0, 0x0, 0x0,
    0x0, 0x0, 0x0, 0x5, 0xdf, 0xff, 0xff, 0xff,
    0xff, 0xfb, 0x20, 0x0, 0x0, 0x0, 0x0, 0xa,
    0xff, 0xff, 0xff, 0xff, 0xff, 0xff, 0xff, 0x60,
    0x0, 0x0, 0x0, 0xb, 0xff, 0xff, 0xff, 0xff,
    0xff, 0xff, 0xff, 0xff, 0x70, 0x0, 0x0, 0x9,
    0xff, 0xff, 0xff, 0x95, 0x44, 0x6b, 0xff, 0xff,
    0xff, 0x40, 0x0, 0x4, 0xff, 0xff, 0xfa, 0x10,
    0x0, 0x0, 0x3, 0xdf, 0xff, 0xfe, 0x0, 0x0,
    0xdf, 0xff, 0xf9, 0x0, 0x0, 0x0, 0x0, 0x1,
    0xdf, 0xff, 0xf7, 0x0, 0x4f, 0xff, 0xfd, 0x0,
    0x0, 0x0, 0x0, 0x0, 0x3, 0xff, 0xff, 0xe0,
    0x9, 0xff, 0xff, 0x50, 0x0, 0x0, 0x0, 0x0,
    0x0, 0xb, 0xff, 0xff, 0x40, 0xdf, 0xff, 0xf0,
    0x0, 0x0, 0x0, 0x0, 0x0, 0x0, 0x5f, 0xff,
    0xf8, 0xf, 0xff, 0xfc, 0x0, 0x0, 0x0, 0x0,
    0x0, 0x0, 0x1, 0xff, 0xff, 0xa1, 0xff, 0xff,
    0x90, 0x0, 0x0, 0x0, 0x0, 0x0, 0x0, 0xf,
    0xff, 0xfc, 0x2f, 0xff, 0xf8, 0x0, 0x0, 0x0,
    0x0, 0x0, 0x0, 0x0, 0xef, 0xff, 0xd2, 0xff,
    0xff, 0x80, 0x0, 0x0, 0x0, 0x0, 0x0, 0x0,
    0xe, 0xff, 0xfd, 0x1f, 0xff, 0xf9, 0x0, 0x0,
    0x0, 0x0, 0x0, 0x0, 0x0, 0xff, 0xff, 0xc0,
    0xff, 0xff, 0xc0, 0x0, 0x0, 0x0, 0x0, 0x0,
    0x0, 0x1f, 0xff, 0xfa, 0xd, 0xff, 0xff, 0x0,
    0x0, 0x0, 0x0, 0x0, 0x0, 0x5, 0xff, 0xff,
    0x80, 0x9f, 0xff, 0xf5, 0x0, 0x0, 0x0, 0x0,
    0x0, 0x0, 0xbf, 0xff, 0xf4, 0x4, 0xff, 0xff,
    0xd0, 0x0, 0x0, 0x0, 0x0, 0x0, 0x3f, 0xff,
    0xfe, 0x0, 0xd, 0xff, 0xff, 0x90, 0x0, 0x0,
    0x0, 0x0, 0x1d, 0xff, 0xff, 0x80, 0x0, 0x4f,
    0xff, 0xff, 0xa1, 0x0, 0x0, 0x0, 0x3d, 0xff,
    0xff, 0xe1, 0x0, 0x0, 0xaf, 0xff, 0xff, 0xf9,
    0x54, 0x46, 0xbf, 0xff, 0xff, 0xf5, 0x0, 0x0,
    0x0, 0xbf, 0xff, 0xff, 0xff, 0xff, 0xff, 0xff,
    0xff, 0xf7, 0x0, 0x0, 0x0, 0x0, 0xaf, 0xff,
    0xff, 0xff, 0xff, 0xff, 0xff, 0xf6, 0x0, 0x0,
    0x0, 0x0, 0x0, 0x5d, 0xff, 0xff, 0xff, 0xff,
    0xff, 0xb2, 0x0, 0x0, 0x0, 0x0, 0x0, 0x0,
    0x4, 0x9c, 0xef, 0xfe, 0xb7, 0x20, 0x0, 0x0,
    0x0,

    /* U+00D6 "Ö" */
    0x0, 0x0, 0x0, 0x6, 0xee, 0x60, 0x0, 0xa,
    0xfc, 0x30, 0x0, 0x0, 0x0, 0x0, 0x0, 0x3,
    0xff, 0xff, 0x30, 0x8, 0xff, 0xfe, 0x0, 0x0,
    0x0, 0x0, 0x0, 0x0, 0x5f, 0xff, 0xf6, 0x0,
    0xbf, 0xff, 0xf1, 0x0, 0x0, 0x0, 0x0, 0x0,
    0x2, 0xff, 0xff, 0x20, 0x7, 0xff, 0xfc, 0x0,
    0x0, 0x0, 0x0, 0x0, 0x0, 0x4, 0xbb, 0x40,
    0x0, 0x7, 0xc9, 0x10, 0x0, 0x0, 0x0, 0x0,
    0x0, 0x0, 0x0, 0x0, 0x0, 0x0, 0x0, 0x0,
    0x0, 0x0, 0x0, 0x0, 0x0, 0x0, 0x0, 0x0,
    0x0, 0x0, 0x0, 0x0, 0x0, 0x0, 0x0, 0x0,
    0x0, 0x0, 0x0, 0x0, 0x0, 0x0, 0x0, 0x0,
    0x0, 0x0, 0x0, 0x0, 0x0, 0x0, 0x0, 0x0,
    0x49, 0xce, 0xff, 0xeb, 0x72, 0x0, 0x0, 0x0,
    0x0, 0x0, 0x0, 0x5, 0xdf, 0xff, 0xff, 0xff,
    0xff, 0xfb, 0x20, 0x0, 0x0, 0x0, 0x0, 0xa,
    0xff, 0xff, 0xff, 0xff, 0xff, 0xff, 0xff, 0x60,
    0x0, 0x0, 0x0, 0xb, 0xff, 0xff, 0xff, 0xff,
    0xff, 0xff, 0xff, 0xff, 0x70, 0x0, 0x0, 0x9,
    0xff, 0xff, 0xff, 0x95, 0x44, 0x6b, 0xff, 0xff,
    0xff, 0x40, 0x0, 0x4, 0xff, 0xff, 0xfa, 0x10,
    0x0, 0x0, 0x3, 0xdf, 0xff, 0xfe, 0x0, 0x0,
    0xdf, 0xff, 0xf9, 0x0, 0x0, 0x0, 0x0, 0x1,
    0xdf, 0xff, 0xf7, 0x0, 0x4f, 0xff, 0xfd, 0x0,
    0x0, 0x0, 0x0, 0x0, 0x3, 0xff, 0xff, 0xe0,
    0x9, 0xff, 0xff, 0x50, 0x0, 0x0, 0x0, 0x0,
    0x0, 0xb, 0xff, 0xff, 0x40, 0xdf, 0xff, 0xf0,
    0x0, 0x0, 0x0, 0x0, 0x0, 0x0, 0x5f, 0xff,
    0xf8, 0xf, 0xff, 0xfc, 0x0, 0x0, 0x0, 0x0,
    0x0, 0x0, 0x1, 0xff, 0xff, 0xa1, 0xff, 0xff,
    0x90, 0x0, 0x0, 0x0, 0x0, 0x0, 0x0, 0xf,
    0xff, 0xfc, 0x2f, 0xff, 0xf8, 0x0, 0x0, 0x0,
    0x0, 0x0, 0x0, 0x0, 0xef, 0xff, 0xd2, 0xff,
    0xff, 0x80, 0x0, 0x0, 0x0, 0x0, 0x0, 0x0,
    0xe, 0xff, 0xfd, 0x1f, 0xff, 0xf9, 0x0, 0x0,
    0x0, 0x0, 0x0, 0x0, 0x0, 0xff, 0xff, 0xc0,
    0xff, 0xff, 0xc0, 0x0, 0x0, 0x0, 0x0, 0x0,
    0x0, 0x1f, 0xff, 0xfa, 0xd, 0xff, 0xff, 0x0,
    0x0, 0x0, 0x0, 0x0, 0x0, 0x5, 0xff, 0xff,
    0x80, 0x9f, 0xff, 0xf5, 0x0, 0x0, 0x0, 0x0,
    0x0, 0x0, 0xbf, 0xff, 0xf4, 0x4, 0xff, 0xff,
    0xd0, 0x0, 0x0, 0x0, 0x0, 0x0, 0x3f, 0xff,
    0xfe, 0x0, 0xd, 0xff, 0xff, 0x90, 0x0, 0x0,
    0x0, 0x0, 0x1d, 0xff, 0xff, 0x80, 0x0, 0x4f,
    0xff, 0xff, 0xa1, 0x0, 0x0, 0x0, 0x3d, 0xff,
    0xff, 0xe1, 0x0, 0x0, 0xaf, 0xff, 0xff, 0xf9,
    0x54, 0x46, 0xbf, 0xff, 0xff, 0xf5, 0x0, 0x0,
    0x0, 0xbf, 0xff, 0xff, 0xff, 0xff, 0xff, 0xff,
    0xff, 0xf7, 0x0, 0x0, 0x0, 0x0, 0xaf, 0xff,
    0xff, 0xff, 0xff, 0xff, 0xff, 0xf6, 0x0, 0x0,
    0x0, 0x0, 0x0, 0x5d, 0xff, 0xff, 0xff, 0xff,
    0xff, 0xb2, 0x0, 0x0, 0x0, 0x0, 0x0, 0x0,
    0x4, 0x9c, 0xef, 0xfe, 0xb7, 0x20, 0x0, 0x0,
    0x0,

    /* U+00D7 "×" */
    0x0, 0x1, 0x0, 0x0, 0x0, 0x0, 0x0, 0x2,
    0x0, 0x0, 0xc, 0xd1, 0x0, 0x0, 0x0, 0x0,
    0xa, 0xe2, 0x0, 0xb, 0xff, 0xd1, 0x0, 0x0,
    0x0, 0xa, 0xff, 0xe2, 0x8, 0xff, 0xff, 0xd1,
    0x0, 0x0, 0xa, 0xff, 0xff, 0xc0, 0xb, 0xff,
    0xff, 0xd1, 0x0, 0xa, 0xff, 0xff, 0xe2, 0x0,
    0xb, 0xff, 0xff, 0xd1, 0xa, 0xff, 0xff, 0xe2,
    0x0, 0x0, 0xb, 0xff, 0xff, 0xda, 0xff, 0xff,
    0xe2, 0x0, 0x0, 0x0, 0xb, 0xff, 0xff, 0xff,
    0xff, 0xe2, 0x0, 0x0, 0x0, 0x0, 0xc, 0xff,
    0xff, 0xff, 0xe2, 0x0, 0x0, 0x0, 0x0, 0x0,
    0xe, 0xff, 0xff, 0xf4, 0x0, 0x0, 0x0, 0x0,
    0x0, 0xa, 0xff, 0xff, 0xff, 0xd1, 0x0, 0x0,
    0x0, 0x0, 0x9, 0xff, 0xff, 0xff, 0xff, 0xd1,
    0x0, 0x0, 0x0, 0x9, 0xff, 0xff, 0xec, 0xff,
    0xff, 0xd1, 0x0, 0x0, 0x9, 0xff, 0xff, 0xe2,
    0xc, 0xff, 0xff, 0xd1, 0x0, 0x9, 0xff, 0xff,
    0xe2, 0x0, 0xc, 0xff, 0xff, 0xd1, 0x7, 0xff,
    0xff, 0xe2, 0x0, 0x0, 0xc, 0xff, 0xff, 0xc0,
    0x1d, 0xff, 0xe3, 0x0, 0x0, 0x0, 0xc, 0xff,
    0xf4, 0x0, 0x1d, 0xe3, 0x0, 0x0, 0x0, 0x0,
    0xc, 0xf4, 0x0, 0x0, 0x12, 0x0, 0x0, 0x0,
    0x0, 0x0, 0x3, 0x0, 0x0,

    /* U+00D8 "Ø" */
    0x0, 0x0, 0x0, 0x0, 0x0, 0x0, 0x0, 0x0,
    0x0, 0x0, 0x33, 0x0, 0x0, 0x0, 0x0, 0x0,
    0x4, 0x9c, 0xef, 0xfe, 0xb7, 0x20, 0x1e, 0xf8,
    0x0, 0x0, 0x0, 0x0, 0x5d, 0xff, 0xff, 0xff,
    0xff, 0xff, 0xbd, 0xff, 0xf1, 0x0, 0x0, 0x0,
    0xaf, 0xff, 0xff, 0xff, 0xff, 0xff, 0xff, 0xff,
    0xf5, 0x0, 0x0, 0x0, 0xbf, 0xff, 0xff, 0xff,
    0xff, 0xff, 0xff, 0xff, 0xff, 0x0, 0x0, 0x0,
    0x9f, 0xff, 0xff, 0xf9, 0x54, 0x46, 0xbf, 0xff,
    0xff, 0xf4, 0x0, 0x0, 0x4f, 0xff, 0xff, 0xa1,
    0x0, 0x0, 0x0, 0xcf, 0xff, 0xff, 0xe0, 0x0,
    0xd, 0xff, 0xff, 0x90, 0x0, 0x0, 0x0, 0x4f,
    0xff, 0xff, 0xff, 0x70, 0x4, 0xff, 0xff, 0xd0,
    0x0, 0x0, 0x0, 0x1e, 0xff, 0xef, 0xff, 0xfe,
    0x0, 0x9f, 0xff, 0xf5, 0x0, 0x0, 0x0, 0xb,
    0xff, 0xe1, 0xbf, 0xff, 0xf4, 0xd, 0xff, 0xff,
    0x0, 0x0, 0x0, 0x7, 0xff, 0xf4, 0x5, 0xff,
    0xff, 0x80, 0xff, 0xff, 0xc0, 0x0, 0x0, 0x3,
    0xff, 0xf8, 0x0, 0x1f, 0xff, 0xfa, 0x1f, 0xff,
    0xf9, 0x0, 0x0, 0x0, 0xdf, 0xfc, 0x0, 0x0,
    0xff, 0xff, 0xc2, 0xff, 0xff, 0x80, 0x0, 0x0,
    0xaf, 0xff, 0x20, 0x0, 0xe, 0xff, 0xfd, 0x2f,
    0xff, 0xf8, 0x0, 0x0, 0x6f, 0xff, 0x50, 0x0,
    0x0, 0xef, 0xff, 0xd1, 0xff, 0xff, 0x90, 0x0,
    0x2f, 0xff, 0xa0, 0x0, 0x0, 0xf, 0xff, 0xfc,
    0xf, 0xff, 0xfc, 0x0, 0xc, 0xff, 0xd0, 0x0,
    0x0, 0x1, 0xff, 0xff, 0xa0, 0xdf, 0xff, 0xf0,
    0x8, 0xff, 0xf3, 0x0, 0x0, 0x0, 0x5f, 0xff,
    0xf8, 0x9, 0xff, 0xff, 0x54, 0xff, 0xf7, 0x0,
    0x0, 0x0, 0xb, 0xff, 0xff, 0x40, 0x4f, 0xff,
    0xfe, 0xff, 0xfb, 0x0, 0x0, 0x0, 0x3, 0xff,
    0xff, 0xe0, 0x0, 0xdf, 0xff, 0xff, 0xfe, 0x10,
    0x0, 0x0, 0x1, 0xdf, 0xff, 0xf8, 0x0, 0x4,
    0xff, 0xff, 0xff, 0x60, 0x0, 0x0, 0x3, 0xdf,
    0xff, 0xfe, 0x10, 0x0, 0xa, 0xff, 0xff, 0xff,
    0x95, 0x44, 0x6b, 0xff, 0xff, 0xff, 0x50, 0x0,
    0x0, 0x1f, 0xff, 0xff, 0xff, 0xff, 0xff, 0xff,
    0xff, 0xff, 0x70, 0x0, 0x0, 0xa, 0xff, 0xff,
    0xff, 0xff, 0xff, 0xff, 0xff, 0xff, 0x60, 0x0,
    0x0, 0x5, 0xff, 0xfb, 0xdf, 0xff, 0xff, 0xff,
    0xff, 0xfb, 0x20, 0x0, 0x0, 0x0, 0x1c, 0xfa,
    0x0, 0x49, 0xce, 0xff, 0xeb, 0x72, 0x0, 0x0,
    0x0, 0x0, 0x0, 0x6, 0x0, 0x0, 0x0, 0x0,
    0x0, 0x0, 0x0, 0x0, 0x0, 0x0,

    /* U+00D9 "Ù" */
    0x0, 0x0, 0x0, 0x56, 0x66, 0x40, 0x0, 0x0,
    0x0, 0x0, 0x0, 0x0, 0x0, 0x0, 0x5f, 0xff,
    0xe0, 0x0, 0x0, 0x0, 0x0, 0x0, 0x0, 0x0,
    0x0, 0xa, 0xff, 0xf6, 0x0, 0x0, 0x0, 0x0,
    0x0, 0x0, 0x0, 0x0, 0x1, 0xef, 0xfd, 0x0,
    0x0, 0x0, 0x0, 0x0, 0x0, 0x0, 0x0, 0x0,
    0x5f, 0xff, 0x40, 0x0, 0x0, 0x0, 0x0, 0x0,
    0x0, 0x0, 0x0, 0xb, 0xff, 0xc0, 0x0, 0x0,
    0x0, 0x0, 0x0, 0x0, 0x0, 0x0, 0x0, 0x0,
    0x0, 0x0, 0x0, 0x0, 0x0, 0x0, 0x0, 0x0,
    0x0, 0x0, 0x0, 0x0, 0x0, 0x0, 0x0, 0x0,
    0x0, 0x0, 0x0, 0x0, 0x0, 0x0, 0x0, 0x0,
    0x0, 0x0, 0x0, 0x5f, 0xff, 0xf5, 0x0, 0x0,
    0x0, 0x0, 0x0, 0xd, 0xff, 0xfe, 0x5f, 0xff,
    0xf5, 0x0, 0x0, 0x0, 0x0, 0x0, 0xd, 0xff,
    0xfe, 0x5f, 0xff, 0xf5, 0x0, 0x0, 0x0, 0x0,
    0x0, 0xd, 0xff, 0xfe, 0x5f, 0xff, 0xf5, 0x0,
    0x0, 0x0, 0x0, 0x0, 0xd, 0xff, 0xfe, 0x5f,
    0xff, 0xf5, 0x0, 0x0, 0x0, 0x0, 0x0, 0xd,
    0xff, 0xfe, 0x5f, 0xff, 0xf5, 0x0, 0x0, 0x0,
    0x0, 0x0, 0xd, 0xff, 0xfe, 0x5f, 0xff, 0xf5,
    0x0, 0x0, 0x0, 0x0, 0x0, 0xd, 0xff, 0xfe,
    0x5f, 0xff, 0xf5, 0x0, 0x0, 0x0, 0x0, 0x0,
    0xd, 0xff, 0xfe, 0x5f, 0xff, 0xf5, 0x0, 0x0,
    0x0, 0x0, 0x0, 0xd, 0xff, 0xfe, 0x5f, 0xff,
    0xf5, 0x0, 0x0, 0x0, 0x0, 0x0, 0xd, 0xff,
    0xfe, 0x5f, 0xff, 0xf5, 0x0, 0x0, 0x0, 0x0,
    0x0, 0xd, 0xff, 0xfe, 0x5f, 0xff, 0xf5, 0x0,
    0x0, 0x0, 0x0, 0x0, 0xd, 0xff, 0xfe, 0x5f,
    0xff, 0xf5, 0x0, 0x0, 0x0, 0x0, 0x0, 0xd,
    0xff, 0xfe, 0x5f, 0xff, 0xf5, 0x0, 0x0, 0x0,
    0x0, 0x0, 0xd, 0xff, 0xfe, 0x5f, 0xff, 0xf5,
    0x0, 0x0, 0x0, 0x0, 0x0, 0xd, 0xff, 0xfe,
    0x5f, 0xff, 0xf5, 0x0, 0x0, 0x0, 0x0, 0x0,
    0xd, 0xff, 0xfe, 0x5f, 0xff, 0xf5, 0x0, 0x0,
    0x0, 0x0, 0x0, 0xd, 0xff, 0xfd, 0x5f, 0xff,
    0xf7, 0x0, 0x0, 0x0, 0x0, 0x0, 0xf, 0xff,
    0xfd, 0x3f, 0xff, 0xfc, 0x0, 0x0, 0x0, 0x0,
    0x0, 0x4f, 0xff, 0xfb, 0xe, 0xff, 0xff, 0x50,
    0x0, 0x0, 0x0, 0x0, 0xdf, 0xff, 0xf7, 0x9,
    0xff, 0xff, 0xf5, 0x0, 0x0, 0x0, 0x1b, 0xff,
    0xff, 0xf1, 0x1, 0xff, 0xff, 0xff, 0xc6, 0x43,
    0x59, 0xff, 0xff, 0xff, 0x80, 0x0, 0x5f, 0xff,
    0xff, 0xff, 0xff, 0xff, 0xff, 0xff, 0xfc, 0x0,
    0x0, 0x5, 0xff, 0xff, 0xff, 0xff, 0xff, 0xff,
    0xff, 0xb1, 0x0, 0x0, 0x0, 0x2b, 0xff, 0xff,
    0xff, 0xff, 0xff, 0xe7, 0x0, 0x0, 0x0, 0x0,
    0x0, 0x28, 0xbe, 0xff, 0xfd, 0xa5, 0x0, 0x0,
    0x0,

    /* U+00DA "Ú" */
    0x0, 0x0, 0x0, 0x0, 0x0, 0x0, 0x66, 0x66,
    0x10, 0x0, 0x0, 0x0, 0x0, 0x0, 0x0, 0x0,
    0x7, 0xff, 0xfc, 0x0, 0x0, 0x0, 0x0, 0x0,
    0x0, 0x0, 0x0, 0xe, 0xff, 0xf2, 0x0, 0x0,
    0x0, 0x0, 0x0, 0x0, 0x0, 0x0, 0x5f, 0xff,
    0x70, 0x0, 0x0, 0x0, 0x0, 0x0, 0x0, 0x0,
    0x0, 0xcf, 0xfc, 0x0, 0x0, 0x0, 0x0, 0x0,
    0x0, 0x0, 0x0, 0x4, 0xff, 0xf3, 0x0, 0x0,
    0x0, 0x0, 0x0, 0x0, 0x0, 0x0, 0x0, 0x0,
    0x0, 0x0, 0x0, 0x0, 0x0, 0x0, 0x0, 0x0,
    0x0, 0x0, 0x0, 0x0, 0x0, 0x0, 0x0, 0x0,
    0x0, 0x0, 0x0, 0x0, 0x0, 0x0, 0x0, 0x0,
    0x0, 0x0, 0x0, 0x5f, 0xff, 0xf5, 0x0, 0x0,
    0x0, 0x0, 0x0, 0xd, 0xff, 0xfe, 0x5f, 0xff,
    0xf5, 0x0, 0x0, 0x0, 0x0, 0x0, 0xd, 0xff,
    0xfe, 0x5f, 0xff, 0xf5, 0x0, 0x0, 0x0, 0x0,
    0x0, 0xd, 0xff, 0xfe, 0x5f, 0xff, 0xf5, 0x0,
    0x0, 0x0, 0x0, 0x0, 0xd, 0xff, 0xfe, 0x5f,
    0xff, 0xf5, 0x0, 0x0, 0x0, 0x0, 0x0, 0xd,
    0xff, 0xfe, 0x5f, 0xff, 0xf5, 0x0, 0x0, 0x0,
    0x0, 0x0, 0xd, 0xff, 0xfe, 0x5f, 0xff, 0xf5,
    0x0, 0x0, 0x0, 0x0, 0x0, 0xd, 0xff, 0xfe,
    0x5f, 0xff, 0xf5, 0x0, 0x0, 0x0, 0x0, 0x0,
    0xd, 0xff, 0xfe, 0x5f, 0xff, 0xf5, 0x0, 0x0,
    0x0, 0x0, 0x0, 0xd, 0xff, 0xfe, 0x5f, 0xff,
    0xf5, 0x0, 0x0, 0x0, 0x0, 0x0, 0xd, 0xff,
    0xfe, 0x5f, 0xff, 0xf5, 0x0, 0x0, 0x0, 0x0,
    0x0, 0xd, 0xff, 0xfe, 0x5f, 0xff, 0xf5, 0x0,
    0x0, 0x0, 0x0, 0x0, 0xd, 0xff, 0xfe, 0x5f,
    0xff, 0xf5, 0x0, 0x0, 0x0, 0x0, 0x0, 0xd,
    0xff, 0xfe, 0x5f, 0xff, 0xf5, 0x0, 0x0, 0x0,
    0x0, 0x0, 0xd, 0xff, 0xfe, 0x5f, 0xff, 0xf5,
    0x0, 0x0, 0x0, 0x0, 0x0, 0xd, 0xff, 0xfe,
    0x5f, 0xff, 0xf5, 0x0, 0x0, 0x0, 0x0, 0x0,
    0xd, 0xff, 0xfe, 0x5f, 0xff, 0xf5, 0x0, 0x0,
    0x0, 0x0, 0x0, 0xd, 0xff, 0xfd, 0x5f, 0xff,
    0xf7, 0x0, 0x0, 0x0, 0x0, 0x0, 0xf, 0xff,
    0xfd, 0x3f, 0xff, 0xfc, 0x0, 0x0, 0x0, 0x0,
    0x0, 0x4f, 0xff, 0xfb, 0xe, 0xff, 0xff, 0x50,
    0x0, 0x0, 0x0, 0x0, 0xdf, 0xff, 0xf7, 0x9,
    0xff, 0xff, 0xf5, 0x0, 0x0, 0x0, 0x1b, 0xff,
    0xff, 0xf1, 0x1, 0xff, 0xff, 0xff, 0xc6, 0x43,
    0x59, 0xff, 0xff, 0xff, 0x80, 0x0, 0x5f, 0xff,
    0xff, 0xff, 0xff, 0xff, 0xff, 0xff, 0xfc, 0x0,
    0x0, 0x5, 0xff, 0xff, 0xff, 0xff, 0xff, 0xff,
    0xff, 0xb1, 0x0, 0x0, 0x0, 0x2b, 0xff, 0xff,
    0xff, 0xff, 0xff, 0xe7, 0x0, 0x0, 0x0, 0x0,
    0x0, 0x28, 0xbe, 0xff, 0xfd, 0xa5, 0x0, 0x0,
    0x0,

    /* U+00DB "Û" */
    0x0, 0x0, 0x0, 0x0, 0x6, 0x88, 0x82, 0x0,
    0x0, 0x0, 0x0, 0x0, 0x0, 0x0, 0x0, 0x9f,
    0xff, 0xfe, 0x20, 0x0, 0x0, 0x0, 0x0, 0x0,
    0x0, 0x8, 0xff, 0xfd, 0xff, 0xe1, 0x0, 0x0,
    0x0, 0x0, 0x0, 0x0, 0x8f, 0xff, 0x71, 0xef,
    0xfd, 0x10, 0x0, 0x0, 0x0, 0x0, 0x8, 0xff,
    0xf9, 0x0, 0x2f, 0xff, 0xd1, 0x0, 0x0, 0x0,
    0x0, 0x18, 0x88, 0x70, 0x0, 0x3, 0x88, 0x84,
    0x0, 0x0, 0x0, 0x0, 0x0, 0x0, 0x0, 0x0,
    0x0, 0x0, 0x0, 0x0, 0x0, 0x0, 0x0, 0x0,
    0x0, 0x0, 0x0, 0x0, 0x0, 0x0, 0x0, 0x0,
    0x0, 0x0, 0x0, 0x0, 0x0, 0x0, 0x0, 0x0,
    0x0, 0x0, 0x0, 0x5f, 0xff, 0xf5, 0x0, 0x0,
    0x0, 0x0, 0x0, 0xd, 0xff, 0xfe, 0x5f, 0xff,
    0xf5, 0x0, 0x0, 0x0, 0x0, 0x0, 0xd, 0xff,
    0xfe, 0x5f, 0xff, 0xf5, 0x0, 0x0, 0x0, 0x0,
    0x0, 0xd, 0xff, 0xfe, 0x5f, 0xff, 0xf5, 0x0,
    0x0, 0x0, 0x0, 0x0, 0xd, 0xff, 0xfe, 0x5f,
    0xff, 0xf5, 0x0, 0x0, 0x0, 0x0, 0x0, 0xd,
    0xff, 0xfe, 0x5f, 0xff, 0xf5, 0x0, 0x0, 0x0,
    0x0, 0x0, 0xd, 0xff, 0xfe, 0x5f, 0xff, 0xf5,
    0x0, 0x0, 0x0, 0x0, 0x0, 0xd, 0xff, 0xfe,
    0x5f, 0xff, 0xf5, 0x0, 0x0, 0x0, 0x0, 0x0,
    0xd, 0xff, 0xfe, 0x5f, 0xff, 0xf5, 0x0, 0x0,
    0x0, 0x0, 0x0, 0xd, 0xff, 0xfe, 0x5f, 0xff,
    0xf5, 0x0, 0x0, 0x0, 0x0, 0x0, 0xd, 0xff,
    0xfe, 0x5f, 0xff, 0xf5, 0x0, 0x0, 0x0, 0x0,
    0x0, 0xd, 0xff, 0xfe, 0x5f, 0xff, 0xf5, 0x0,
    0x0, 0x0, 0x0, 0x0, 0xd, 0xff, 0xfe, 0x5f,
    0xff, 0xf5, 0x0, 0x0, 0x0, 0x0, 0x0, 0xd,
    0xff, 0xfe, 0x5f, 0xff, 0xf5, 0x0, 0x0, 0x0,
    0x0, 0x0, 0xd, 0xff, 0xfe, 0x5f, 0xff, 0xf5,
    0x0, 0x0, 0x0, 0x0, 0x0, 0xd, 0xff, 0xfe,
    0x5f, 0xff, 0xf5, 0x0, 0x0, 0x0, 0x0, 0x0,
    0xd, 0xff, 0xfe, 0x5f, 0xff, 0xf5, 0x0, 0x0,
    0x0, 0x0, 0x0, 0xd, 0xff, 0xfd, 0x5f, 0xff,
    0xf7, 0x0, 0x0, 0x0, 0x0, 0x0, 0xf, 0xff,
    0xfd, 0x3f, 0xff, 0xfc, 0x0, 0x0, 0x0, 0x0,
    0x0, 0x4f, 0xff, 0xfb, 0xe, 0xff, 0xff, 0x50,
    0x0, 0x0, 0x0, 0x0, 0xdf, 0xff, 0xf7, 0x9,
    0xff, 0xff, 0xf5, 0x0, 0x0, 0x0, 0x1b, 0xff,
    0xff, 0xf1, 0x1, 0xff, 0xff, 0xff, 0xc6, 0x43,
    0x59, 0xff, 0xff, 0xff, 0x80, 0x0, 0x5f, 0xff,
    0xff, 0xff, 0xff, 0xff, 0xff, 0xff, 0xfc, 0x0,
    0x0, 0x5, 0xff, 0xff, 0xff, 0xff, 0xff, 0xff,
    0xff, 0xb1, 0x0, 0x0, 0x0, 0x2b, 0xff, 0xff,
    0xff, 0xff, 0xff, 0xe7, 0x0, 0x0, 0x0, 0x0,
    0x0, 0x28, 0xbe, 0xff, 0xfd, 0xa5, 0x0, 0x0,
    0x0,

    /* U+00DC "Ü" */
    0x0, 0x0, 0x1, 0x9c, 0x80, 0x0, 0x3, 0xbb,
    0x50, 0x0, 0x0, 0x0, 0x0, 0xb, 0xff, 0xf8,
    0x0, 0x1f, 0xff, 0xf3, 0x0, 0x0, 0x0, 0x0,
    0xf, 0xff, 0xfc, 0x0, 0x5f, 0xff, 0xf7, 0x0,
    0x0, 0x0, 0x0, 0xc, 0xff, 0xf9, 0x0, 0x2f,
    0xff, 0xf4, 0x0, 0x0, 0x0, 0x0, 0x2, 0xcf,
    0xb1, 0x0, 0x5, 0xee, 0x70, 0x0, 0x0, 0x0,
    0x0, 0x0, 0x0, 0x0, 0x0, 0x0, 0x0, 0x0,
    0x0, 0x0, 0x0, 0x0, 0x0, 0x0, 0x0, 0x0,
    0x0, 0x0, 0x0, 0x0, 0x0, 0x0, 0x0, 0x0,
    0x0, 0x0, 0x0, 0x0, 0x0, 0x0, 0x0, 0x0,
    0x0, 0x0, 0x0, 0x0, 0x0, 0x0, 0x0, 0x0,
    0x0, 0x0, 0x0, 0x5f, 0xff, 0xf5, 0x0, 0x0,
    0x0, 0x0, 0x0, 0xd, 0xff, 0xfe, 0x5f, 0xff,
    0xf5, 0x0, 0x0, 0x0, 0x0, 0x0, 0xd, 0xff,
    0xfe, 0x5f, 0xff, 0xf5, 0x0, 0x0, 0x0, 0x0,
    0x0, 0xd, 0xff, 0xfe, 0x5f, 0xff, 0xf5, 0x0,
    0x0, 0x0, 0x0, 0x0, 0xd, 0xff, 0xfe, 0x5f,
    0xff, 0xf5, 0x0, 0x0, 0x0, 0x0, 0x0, 0xd,
    0xff, 0xfe, 0x5f, 0xff, 0xf5, 0x0, 0x0, 0x0,
    0x0, 0x0, 0xd, 0xff, 0xfe, 0x5f, 0xff, 0xf5,
    0x0, 0x0, 0x0, 0x0, 0x0, 0xd, 0xff, 0xfe,
    0x5f, 0xff, 0xf5, 0x0, 0x0, 0x0, 0x0, 0x0,
    0xd, 0xff, 0xfe, 0x5f, 0xff, 0xf5, 0x0, 0x0,
    0x0, 0x0, 0x0, 0xd, 0xff, 0xfe, 0x5f, 0xff,
    0xf5, 0x0, 0x0, 0x0, 0x0, 0x0, 0xd, 0xff,
    0xfe, 0x5f, 0xff, 0xf5, 0x0, 0x0, 0x0, 0x0,
    0x0, 0xd, 0xff, 0xfe, 0x5f, 0xff, 0xf5, 0x0,
    0x0, 0x0, 0x0, 0x0, 0xd, 0xff, 0xfe, 0x5f,
    0xff, 0xf5, 0x0, 0x0, 0x0, 0x0, 0x0, 0xd,
    0xff, 0xfe, 0x5f, 0xff, 0xf5, 0x0, 0x0, 0x0,
    0x0, 0x0, 0xd, 0xff, 0xfe, 0x5f, 0xff, 0xf5,
    0x0, 0x0, 0x0, 0x0, 0x0, 0xd, 0xff, 0xfe,
    0x5f, 0xff, 0xf5, 0x0, 0x0, 0x0, 0x0, 0x0,
    0xd, 0xff, 0xfe, 0x5f, 0xff, 0xf5, 0x0, 0x0,
    0x0, 0x0, 0x0, 0xd, 0xff, 0xfd, 0x5f, 0xff,
    0xf7, 0x0, 0x0, 0x0, 0x0, 0x0, 0xf, 0xff,
    0xfd, 0x3f, 0xff, 0xfc, 0x0, 0x0, 0x0, 0x0,
    0x0, 0x4f, 0xff, 0xfb, 0xe, 0xff, 0xff, 0x50,
    0x0, 0x0, 0x0, 0x0, 0xdf, 0xff, 0xf7, 0x9,
    0xff, 0xff, 0xf5, 0x0, 0x0, 0x0, 0x1b, 0xff,
    0xff, 0xf1, 0x1, 0xff, 0xff, 0xff, 0xc6, 0x43,
    0x59, 0xff, 0xff, 0xff, 0x80, 0x0, 0x5f, 0xff,
    0xff, 0xff, 0xff, 0xff, 0xff, 0xff, 0xfc, 0x0,
    0x0, 0x5, 0xff, 0xff, 0xff, 0xff, 0xff, 0xff,
    0xff, 0xb1, 0x0, 0x0, 0x0, 0x2b, 0xff, 0xff,
    0xff, 0xff, 0xff, 0xe7, 0x0, 0x0, 0x0, 0x0,
    0x0, 0x28, 0xbe, 0xff, 0xfd, 0xa5, 0x0, 0x0,
    0x0,

    /* U+00DD "Ý" */
    0x0, 0x0, 0x0, 0x0, 0x0, 0x0, 0x3, 0x66,
    0x65, 0x0, 0x0, 0x0, 0x0, 0x0, 0x0, 0x0,
    0x0, 0x0, 0x0, 0xdf, 0xff, 0x60, 0x0, 0x0,
    0x0, 0x0, 0x0, 0x0, 0x0, 0x0, 0x0, 0x5f,
    0xff, 0xb0, 0x0, 0x0, 0x0, 0x0, 0x0, 0x0,
    0x0, 0x0, 0x0, 0xc, 0xff, 0xf1, 0x0, 0x0,
    0x0, 0x0, 0x0, 0x0, 0x0, 0x0, 0x0, 0x3,
    0xff, 0xf6, 0x0, 0x0, 0x0, 0x0, 0x0, 0x0,
    0x0, 0x0, 0x0, 0x0, 0xaf, 0xfc, 0x0, 0x0,
    0x0, 0x0, 0x0, 0x0, 0x0, 0x0, 0x0, 0x0,
    0x0, 0x0, 0x0, 0x0, 0x0, 0x0, 0x0, 0x0,
    0x0, 0x0, 0x0, 0x0, 0x0, 0x0, 0x0, 0x0,
    0x0, 0x0, 0x0, 0x0, 0x0, 0x0, 0x0, 0x0,
    0x0, 0x0, 0x0, 0x0, 0x0, 0x0, 0x0, 0x0,
    0x0, 0xcf, 0xff, 0xfa, 0x0, 0x0, 0x0, 0x0,
    0x0, 0x0, 0xef, 0xff, 0xf7, 0x3, 0xff, 0xff,
    0xf3, 0x0, 0x0, 0x0, 0x0, 0x0, 0x7f, 0xff,
    0xfd, 0x0, 0x9, 0xff, 0xff, 0xc0, 0x0, 0x0,
    0x0, 0x0, 0x1f, 0xff, 0xff, 0x40, 0x0, 0x1e,
    0xff, 0xff, 0x50, 0x0, 0x0, 0x0, 0x9, 0xff,
    0xff, 0xb0, 0x0, 0x0, 0x6f, 0xff, 0xfe, 0x0,
    0x0, 0x0, 0x2, 0xff, 0xff, 0xf2, 0x0, 0x0,
    0x0, 0xcf, 0xff, 0xf8, 0x0, 0x0, 0x0, 0xbf,
    0xff, 0xf7, 0x0, 0x0, 0x0, 0x3, 0xff, 0xff,
    0xf1, 0x0, 0x0, 0x4f, 0xff, 0xfd, 0x0, 0x0,
    0x0, 0x0, 0x9, 0xff, 0xff, 0xa0, 0x0, 0xd,
    0xff, 0xff, 0x40, 0x0, 0x0, 0x0, 0x0, 0xe,
    0xff, 0xff, 0x30, 0x6, 0xff, 0xff, 0xb0, 0x0,
    0x0, 0x0, 0x0, 0x0, 0x5f, 0xff, 0xfb, 0x0,
    0xef, 0xff, 0xf2, 0x0, 0x0, 0x0, 0x0, 0x0,
    0x0, 0xcf, 0xff, 0xf3, 0x6f, 0xff, 0xf7, 0x0,
    0x0, 0x0, 0x0, 0x0, 0x0, 0x2, 0xff, 0xff,
    0xad, 0xff, 0xfd, 0x0, 0x0, 0x0, 0x0, 0x0,
    0x0, 0x0, 0x8, 0xff, 0xff, 0xff, 0xff, 0x40,
    0x0, 0x0, 0x0, 0x0, 0x0, 0x0, 0x0, 0xe,
    0xff, 0xff, 0xff, 0xb0, 0x0, 0x0, 0x0, 0x0,
    0x0, 0x0, 0x0, 0x0, 0x5f, 0xff, 0xff, 0xf2,
    0x0, 0x0, 0x0, 0x0, 0x0, 0x0, 0x0, 0x0,
    0x0, 0xbf, 0xff, 0xf7, 0x0, 0x0, 0x0, 0x0,
    0x0, 0x0, 0x0, 0x0, 0x0, 0x7, 0xff, 0xff,
    0x30, 0x0, 0x0, 0x0, 0x0, 0x0, 0x0, 0x0,
    0x0, 0x0, 0x7f, 0xff, 0xf3, 0x0, 0x0, 0x0,
    0x0, 0x0, 0x0, 0x0, 0x0, 0x0, 0x7, 0xff,
    0xff, 0x30, 0x0, 0x0, 0x0, 0x0, 0x0, 0x0,
    0x0, 0x0, 0x0, 0x7f, 0xff, 0xf3, 0x0, 0x0,
    0x0, 0x0, 0x0, 0x0, 0x0, 0x0, 0x0, 0x7,
    0xff, 0xff, 0x30, 0x0, 0x0, 0x0, 0x0, 0x0,
    0x0, 0x0, 0x0, 0x0, 0x7f, 0xff, 0xf3, 0x0,
    0x0, 0x0, 0x0, 0x0, 0x0, 0x0, 0x0, 0x0,
    0x7, 0xff, 0xff, 0x30, 0x0, 0x0, 0x0, 0x0,
    0x0, 0x0, 0x0, 0x0, 0x0, 0x7f, 0xff, 0xf3,
    0x0, 0x0, 0x0, 0x0, 0x0, 0x0, 0x0, 0x0,
    0x0, 0x7, 0xff, 0xff, 0x30, 0x0, 0x0, 0x0,
    0x0, 0x0, 0x0, 0x0, 0x0, 0x0, 0x7f, 0xff,
    0xf3, 0x0, 0x0, 0x0, 0x0, 0x0,

    /* U+00DE "Þ" */
    0x7f, 0xff, 0xf4, 0x0, 0x0, 0x0, 0x0, 0x0,
    0x0, 0x7, 0xff, 0xff, 0x40, 0x0, 0x0, 0x0,
    0x0, 0x0, 0x0, 0x7f, 0xff, 0xf4, 0x0, 0x0,
    0x0, 0x0, 0x0, 0x0, 0x7, 0xff, 0xff, 0x40,
    0x0, 0x0, 0x0, 0x0, 0x0, 0x0, 0x7f, 0xff,
    0xf4, 0x0, 0x0, 0x0, 0x0, 0x0, 0x0, 0x7,
    0xff, 0xff, 0xff, 0xff, 0xff, 0xda, 0x60, 0x0,
    0x0, 0x7f, 0xff, 0xff, 0xff, 0xff, 0xff, 0xff,
    0xe6, 0x0, 0x7, 0xff, 0xff, 0xff, 0xff, 0xff,
    0xff, 0xff, 0xfa, 0x0, 0x7f, 0xff, 0xfd, 0xcc,
    0xcc, 0xdf, 0xff, 0xff, 0xf8, 0x7, 0xff, 0xff,
    0x40, 0x0, 0x0, 0x17, 0xff, 0xff, 0xf1, 0x7f,
    0xff, 0xf4, 0x0, 0x0, 0x0, 0x6, 0xff, 0xff,
    0x77, 0xff, 0xff, 0x40, 0x0, 0x0, 0x0, 0xd,
    0xff, 0xfb, 0x7f, 0xff, 0xf4, 0x0, 0x0, 0x0,
    0x0, 0xaf, 0xff, 0xd7, 0xff, 0xff, 0x40, 0x0,
    0x0, 0x0, 0xa, 0xff, 0xfd, 0x7f, 0xff, 0xf4,
    0x0, 0x0, 0x0, 0x0, 0xef, 0xff, 0xb7, 0xff,
    0xff, 0x40, 0x0, 0x0, 0x0, 0x7f, 0xff, 0xf6,
    0x7f, 0xff, 0xf4, 0x0, 0x0, 0x14, 0xaf, 0xff,
    0xfe, 0x17, 0xff, 0xff, 0xff, 0xff, 0xff, 0xff,
    0xff, 0xff, 0x50, 0x7f, 0xff, 0xff, 0xff, 0xff,
    0xff, 0xff, 0xff, 0x60, 0x7, 0xff, 0xff, 0xff,
    0xff, 0xff, 0xff, 0xfc, 0x30, 0x0, 0x7f, 0xff,
    0xfd, 0xcc, 0xcc, 0xba, 0x72, 0x0, 0x0, 0x7,
    0xff, 0xff, 0x40, 0x0, 0x0, 0x0, 0x0, 0x0,
    0x0, 0x7f, 0xff, 0xf4, 0x0, 0x0, 0x0, 0x0,
    0x0, 0x0, 0x7, 0xff, 0xff, 0x40, 0x0, 0x0,
    0x0, 0x0, 0x0, 0x0, 0x7f, 0xff, 0xf4, 0x0,
    0x0, 0x0, 0x0, 0x0, 0x0, 0x7, 0xff, 0xff,
    0x40, 0x0, 0x0, 0x0, 0x0, 0x0, 0x0,

    /* U+00DF "ß" */
    0x0, 0x0, 0x16, 0xbd, 0xff, 0xec, 0x83, 0x0,
    0x0, 0x0, 0x0, 0x6, 0xff, 0xff, 0xff, 0xff,
    0xff, 0xb2, 0x0, 0x0, 0x0, 0x9f, 0xff, 0xff,
    0xff, 0xff, 0xff, 0xfe, 0x20, 0x0, 0x6, 0xff,
    0xff, 0xff, 0xff, 0xff, 0xff, 0xff, 0xe0, 0x0,
    0xe, 0xff, 0xff, 0xd4, 0x0, 0x18, 0xff, 0xff,
    0xf7, 0x0, 0x3f, 0xff, 0xfd, 0x0, 0x0, 0x0,
    0x6f, 0xff, 0xfb, 0x0, 0x5f, 0xff, 0xf6, 0x0,
    0x0, 0x0, 0xe, 0xff, 0xfd, 0x0, 0x5f, 0xff,
    0xf3, 0x0, 0x0, 0x0, 0xd, 0xff, 0xfc, 0x0,
    0x5f, 0xff, 0xf3, 0x0, 0x0, 0x0, 0xf, 0xff,
    0xf9, 0x0, 0x5f, 0xff, 0xf3, 0x0, 0x0, 0x0,
    0x7f, 0xff, 0xf3, 0x0, 0x5f, 0xff, 0xf3, 0x0,
    0x0, 0x17, 0xff, 0xff, 0x80, 0x0, 0x5f, 0xff,
    0xf3, 0x0, 0xbf, 0xff, 0xff, 0xe6, 0x0, 0x0,
    0x5f, 0xff, 0xf3, 0x0, 0xbf, 0xff, 0xff, 0x73,
    0x0, 0x0, 0x5f, 0xff, 0xf3, 0x0, 0xbf, 0xff,
    0xff, 0xff, 0xc2, 0x0, 0x5f, 0xff, 0xf3, 0x0,
    0x8c, 0xce, 0xff, 0xff, 0xfe, 0x20, 0x5f, 0xff,
    0xf3, 0x0, 0x0, 0x0, 0x2a, 0xff, 0xff, 0xb0,
    0x5f, 0xff, 0xf3, 0x0, 0x0, 0x0, 0x0, 0xbf,
    0xff, 0xf2, 0x5f, 0xff, 0xf3, 0x0, 0x0, 0x0,
    0x0, 0x3f, 0xff, 0xf6, 0x5f, 0xff, 0xf3, 0x0,
    0x0, 0x0, 0x0, 0x1f, 0xff, 0xf8, 0x5f, 0xff,
    0xf3, 0x0, 0x0, 0x0, 0x0, 0x3f, 0xff, 0xf8,
    0x5f, 0xff, 0xf3, 0x0, 0x0, 0x0, 0x0, 0xaf,
    0xff, 0xf6, 0x5f, 0xff, 0xf3, 0x0, 0x0, 0x0,
    0x2b, 0xff, 0xff, 0xf1, 0x5f, 0xff, 0xf3, 0x0,
    0xbe, 0xef, 0xff, 0xff, 0xff, 0x90, 0x5f, 0xff,
    0xf3, 0x0, 0xdf, 0xff, 0xff, 0xff, 0xfc, 0x0,
    0x5f, 0xff, 0xf3, 0x0, 0xdf, 0xff, 0xff, 0xff,
    0x90, 0x0, 0x5f, 0xff, 0xf3, 0x0, 0xdf, 0xff,
    0xec, 0x83, 0x0, 0x0,

    /* U+00E0 "à" */
    0x0, 0x0, 0xaf, 0xff, 0xa0, 0x0, 0x0, 0x0,
    0x0, 0x0, 0x0, 0x1e, 0xff, 0xf2, 0x0, 0x0,
    0x0, 0x0, 0x0, 0x0, 0x5, 0xff, 0xf9, 0x0,
    0x0, 0x0, 0x0, 0x0, 0x0, 0x0, 0xbf, 0xff,
    0x10, 0x0, 0x0, 0x0, 0x0, 0x0, 0x0, 0x1f,
    0xff, 0x70, 0x0, 0x0, 0x0, 0x0, 0x0, 0x0,
    0x3, 0x66, 0x50, 0x0, 0x0, 0x0, 0x0, 0x0,
    0x0, 0x0, 0x0, 0x0, 0x0, 0x0, 0x0, 0x0,
    0x0, 0x0, 0x0, 0x0, 0x0, 0x0, 0x0, 0x0,
    0x0, 0x0, 0x6, 0xad, 0xff, 0xec, 0x82, 0x0,
    0x0, 0x0, 0x6, 0xef, 0xff, 0xff, 0xff, 0xff,
    0x90, 0x0, 0x0, 0x8f, 0xff, 0xff, 0xff, 0xff,
    0xff, 0xfc, 0x0, 0x5, 0xff, 0xff, 0xfd, 0x99,
    0xbf, 0xff, 0xff, 0x70, 0xd, 0xff, 0xff, 0x50,
    0x0, 0x2, 0xff, 0xff, 0xe0, 0x3, 0x6a, 0xd6,
    0x0, 0x0, 0x0, 0x8f, 0xff, 0xf1, 0x0, 0x0,
    0x0, 0x0, 0x0, 0x0, 0x5f, 0xff, 0xf3, 0x0,
    0x0, 0x0, 0x0, 0x0, 0x2, 0xbf, 0xff, 0xf4,
    0x0, 0x0, 0x4, 0x79, 0xbd, 0xff, 0xff, 0xff,
    0xf4, 0x0, 0x29, 0xff, 0xff, 0xff, 0xff, 0xff,
    0xff, 0xf4, 0x4, 0xef, 0xff, 0xff, 0xff, 0xfc,
    0xaf, 0xff, 0xf4, 0x1f, 0xff, 0xff, 0xd8, 0x42,
    0x0, 0x4f, 0xff, 0xf4, 0x6f, 0xff, 0xf6, 0x0,
    0x0, 0x0, 0x4f, 0xff, 0xf4, 0x9f, 0xff, 0xd0,
    0x0, 0x0, 0x0, 0x6f, 0xff, 0xf4, 0x9f, 0xff,
    0xd0, 0x0, 0x0, 0x0, 0xcf, 0xff, 0xf4, 0x7f,
    0xff, 0xf4, 0x0, 0x0, 0xa, 0xff, 0xff, 0xf4,
    0x3f, 0xff, 0xff, 0xb7, 0x69, 0xef, 0xff, 0xff,
    0xf4, 0xa, 0xff, 0xff, 0xff, 0xff, 0xff, 0x6f,
    0xff, 0xf4, 0x0, 0xaf, 0xff, 0xff, 0xff, 0xf6,
    0x2f, 0xff, 0xf4, 0x0, 0x4, 0xad, 0xff, 0xd9,
    0x20, 0x2f, 0xff, 0xf4,

    /* U+00E1 "á" */
    0x0, 0x0, 0x0, 0x0, 0x5, 0xff, 0xfe, 0x10,
    0x0, 0x0, 0x0, 0x0, 0x0, 0xc, 0xff, 0xf5,
    0x0, 0x0, 0x0, 0x0, 0x0, 0x0, 0x4f, 0xff,
    0xa0, 0x0, 0x0, 0x0, 0x0, 0x0, 0x0, 0xbf,
    0xfe, 0x10, 0x0, 0x0, 0x0, 0x0, 0x0, 0x2,
    0xff, 0xf5, 0x0, 0x0, 0x0, 0x0, 0x0, 0x0,
    0x3, 0x66, 0x50, 0x0, 0x0, 0x0, 0x0, 0x0,
    0x0, 0x0, 0x0, 0x0, 0x0, 0x0, 0x0, 0x0,
    0x0, 0x0, 0x0, 0x0, 0x0, 0x0, 0x0, 0x0,
    0x0, 0x0, 0x6, 0xad, 0xff, 0xec, 0x82, 0x0,
    0x0, 0x0, 0x6, 0xef, 0xff, 0xff, 0xff, 0xff,
    0x90, 0x0, 0x0, 0x8f, 0xff, 0xff, 0xff, 0xff,
    0xff, 0xfc, 0x0, 0x5, 0xff, 0xff, 0xfd, 0x99,
    0xbf, 0xff, 0xff, 0x70, 0xd, 0xff, 0xff, 0x50,
    0x0, 0x2, 0xff, 0xff, 0xe0, 0x3, 0x6a, 0xd6,
    0x0, 0x0, 0x0, 0x8f, 0xff, 0xf1, 0x0, 0x0,
    0x0, 0x0, 0x0, 0x0, 0x5f, 0xff, 0xf3, 0x0,
    0x0, 0x0, 0x0, 0x0, 0x2, 0xbf, 0xff, 0xf4,
    0x0, 0x0, 0x4, 0x79, 0xbd, 0xff, 0xff, 0xff,
    0xf4, 0x0, 0x29, 0xff, 0xff, 0xff, 0xff, 0xff,
    0xff, 0xf4, 0x4, 0xef, 0xff, 0xff, 0xff, 0xfc,
    0xaf, 0xff, 0xf4, 0x1f, 0xff, 0xff, 0xd8, 0x42,
    0x0, 0x4f, 0xff, 0xf4, 0x6f, 0xff, 0xf6, 0x0,
    0x0, 0x0, 0x4f, 0xff, 0xf4, 0x9f, 0xff, 0xd0,
    0x0, 0x0, 0x0, 0x6f, 0xff, 0xf4, 0x9f, 0xff,
    0xd0, 0x0, 0x0, 0x0, 0xcf, 0xff, 0xf4, 0x7f,
    0xff, 0xf4, 0x0, 0x0, 0xa, 0xff, 0xff, 0xf4,
    0x3f, 0xff, 0xff, 0xb7, 0x69, 0xef, 0xff, 0xff,
    0xf4, 0xa, 0xff, 0xff, 0xff, 0xff, 0xff, 0x6f,
    0xff, 0xf4, 0x0, 0xaf, 0xff, 0xff, 0xff, 0xf6,
    0x2f, 0xff, 0xf4, 0x0, 0x4, 0xad, 0xff, 0xd9,
    0x20, 0x2f, 0xff, 0xf4,

    /* U+00E2 "â" */
    0x0, 0x0, 0x0, 0x3f, 0xff, 0xf8, 0x0, 0x0,
    0x0, 0x0, 0x0, 0x3, 0xff, 0xff, 0xff, 0x70,
    0x0, 0x0, 0x0, 0x0, 0x3e, 0xff, 0xc8, 0xff,
    0xf6, 0x0, 0x0, 0x0, 0x2, 0xef, 0xfd, 0x10,
    0x9f, 0xff, 0x50, 0x0, 0x0, 0x2e, 0xff, 0xf2,
    0x0, 0xb, 0xff, 0xf5, 0x0, 0x0, 0x0, 0x0,
    0x0, 0x0, 0x0, 0x0, 0x0, 0x0, 0x0, 0x0,
    0x0, 0x0, 0x0, 0x0, 0x0, 0x0, 0x0, 0x0,
    0x0, 0x0, 0x0, 0x0, 0x0, 0x0, 0x0, 0x0,
    0x0, 0x0, 0x6, 0xad, 0xff, 0xec, 0x82, 0x0,
    0x0, 0x0, 0x6, 0xef, 0xff, 0xff, 0xff, 0xff,
    0x90, 0x0, 0x0, 0x8f, 0xff, 0xff, 0xff, 0xff,
    0xff, 0xfc, 0x0, 0x5, 0xff, 0xff, 0xfd, 0x99,
    0xbf, 0xff, 0xff, 0x70, 0xd, 0xff, 0xff, 0x50,
    0x0, 0x2, 0xff, 0xff, 0xe0, 0x3, 0x6a, 0xd6,
    0x0, 0x0, 0x0, 0x8f, 0xff, 0xf1, 0x0, 0x0,
    0x0, 0x0, 0x0, 0x0, 0x5f, 0xff, 0xf3, 0x0,
    0x0, 0x0, 0x0, 0x0, 0x2, 0xbf, 0xff, 0xf4,
    0x0, 0x0, 0x4, 0x79, 0xbd, 0xff, 0xff, 0xff,
    0xf4, 0x0, 0x29, 0xff, 0xff, 0xff, 0xff, 0xff,
    0xff, 0xf4, 0x4, 0xef, 0xff, 0xff, 0xff, 0xfc,
    0xaf, 0xff, 0xf4, 0x1f, 0xff, 0xff, 0xd8, 0x42,
    0x0, 0x4f, 0xff, 0xf4, 0x6f, 0xff, 0xf6, 0x0,
    0x0, 0x0, 0x4f, 0xff, 0xf4, 0x9f, 0xff, 0xd0,
    0x0, 0x0, 0x0, 0x6f, 0xff, 0xf4, 0x9f, 0xff,
    0xd0, 0x0, 0x0, 0x0, 0xcf, 0xff, 0xf4, 0x7f,
    0xff, 0xf4, 0x0, 0x0, 0xa, 0xff, 0xff, 0xf4,
    0x3f, 0xff, 0xff, 0xb7, 0x69, 0xef, 0xff, 0xff,
    0xf4, 0xa, 0xff, 0xff, 0xff, 0xff, 0xff, 0x6f,
    0xff, 0xf4, 0x0, 0xaf, 0xff, 0xff, 0xff, 0xf6,
    0x2f, 0xff, 0xf4, 0x0, 0x4, 0xad, 0xff, 0xd9,
    0x20, 0x2f, 0xff, 0xf4,

    /* U+00E3 "ã" */
    0x0, 0x0, 0x6, 0xaa, 0x40, 0x0, 0x8b, 0xa0,
    0x0, 0x0, 0x0, 0x9f, 0xff, 0xfb, 0x31, 0xef,
    0xc0, 0x0, 0x0, 0x2, 0xff, 0xff, 0xff, 0xff,
    0xff, 0x80, 0x0, 0x0, 0x6, 0xff, 0x71, 0x9f,
    0xff, 0xfe, 0x10, 0x0, 0x0, 0x6, 0xcc, 0x10,
    0x2, 0x9b, 0x92, 0x0, 0x0, 0x0, 0x0, 0x0,
    0x0, 0x0, 0x0, 0x0, 0x0, 0x0, 0x0, 0x0,
    0x0, 0x0, 0x0, 0x0, 0x0, 0x0, 0x0, 0x0,
    0x0, 0x0, 0x0, 0x0, 0x0, 0x0, 0x0, 0x0,
    0x0, 0x0, 0x6, 0xad, 0xff, 0xec, 0x82, 0x0,
    0x0, 0x0, 0x6, 0xef, 0xff, 0xff, 0xff, 0xff,
    0x90, 0x0, 0x0, 0x8f, 0xff, 0xff, 0xff, 0xff,
    0xff, 0xfc, 0x0, 0x5, 0xff, 0xff, 0xfd, 0x99,
    0xbf, 0xff, 0xff, 0x70, 0xd, 0xff, 0xff, 0x50,
    0x0, 0x2, 0xff, 0xff, 0xe0, 0x3, 0x6a, 0xd6,
    0x0, 0x0, 0x0, 0x8f, 0xff, 0xf1, 0x0, 0x0,
    0x0, 0x0, 0x0, 0x0, 0x5f, 0xff, 0xf3, 0x0,
    0x0, 0x0, 0x0, 0x0, 0x2, 0xbf, 0xff, 0xf4,
    0x0, 0x0, 0x4, 0x79, 0xbd, 0xff, 0xff, 0xff,
    0xf4, 0x0, 0x29, 0xff, 0xff, 0xff, 0xff, 0xff,
    0xff, 0xf4, 0x4, 0xef, 0xff, 0xff, 0xff, 0xfc,
    0xaf, 0xff, 0xf4, 0x1f, 0xff, 0xff, 0xd8, 0x42,
    0x0, 0x4f, 0xff, 0xf4, 0x6f, 0xff, 0xf6, 0x0,
    0x0, 0x0, 0x4f, 0xff, 0xf4, 0x9f, 0xff, 0xd0,
    0x0, 0x0, 0x0, 0x6f, 0xff, 0xf4, 0x9f, 0xff,
    0xd0, 0x0, 0x0, 0x0, 0xcf, 0xff, 0xf4, 0x7f,
    0xff, 0xf4, 0x0, 0x0, 0xa, 0xff, 0xff, 0xf4,
    0x3f, 0xff, 0xff, 0xb7, 0x69, 0xef, 0xff, 0xff,
    0xf4, 0xa, 0xff, 0xff, 0xff, 0xff, 0xff, 0x6f,
    0xff, 0xf4, 0x0, 0xaf, 0xff, 0xff, 0xff, 0xf6,
    0x2f, 0xff, 0xf4, 0x0, 0x4, 0xad, 0xff, 0xd9,
    0x20, 0x2f, 0xff, 0xf4,

    /* U+00E4 "ä" */
    0x0, 0x1, 0xac, 0x70, 0x0, 0x4, 0xbb, 0x40,
    0x0, 0x0, 0xc, 0xff, 0xf7, 0x0, 0x2f, 0xff,
    0xf2, 0x0, 0x0, 0xf, 0xff, 0xfb, 0x0, 0x6f,
    0xff, 0xf6, 0x0, 0x0, 0xd, 0xff, 0xf8, 0x0,
    0x3f, 0xff, 0xf3, 0x0, 0x0, 0x3, 0xcf, 0xa0,
    0x0, 0x6, 0xee, 0x60, 0x0, 0x0, 0x0, 0x0,
    0x0, 0x0, 0x0, 0x0, 0x0, 0x0, 0x0, 0x0,
    0x0, 0x0, 0x0, 0x0, 0x0, 0x0, 0x0, 0x0,
    0x0, 0x0, 0x0, 0x0, 0x0, 0x0, 0x0, 0x0,
    0x0, 0x0, 0x6, 0xad, 0xff, 0xec, 0x82, 0x0,
    0x0, 0x0, 0x6, 0xef, 0xff, 0xff, 0xff, 0xff,
    0x90, 0x0, 0x0, 0x8f, 0xff, 0xff, 0xff, 0xff,
    0xff, 0xfc, 0x0, 0x5, 0xff, 0xff, 0xfd, 0x99,
    0xbf, 0xff, 0xff, 0x70, 0xd, 0xff, 0xff, 0x50,
    0x0, 0x2, 0xff, 0xff, 0xe0, 0x3, 0x6a, 0xd6,
    0x0, 0x0, 0x0, 0x8f, 0xff, 0xf1, 0x0, 0x0,
    0x0, 0x0, 0x0, 0x0, 0x5f, 0xff, 0xf3, 0x0,
    0x0, 0x0, 0x0, 0x0, 0x2, 0xbf, 0xff, 0xf4,
    0x0, 0x0, 0x4, 0x79, 0xbd, 0xff, 0xff, 0xff,
    0xf4, 0x0, 0x29, 0xff, 0xff, 0xff, 0xff, 0xff,
    0xff, 0xf4, 0x4, 0xef, 0xff, 0xff, 0xff, 0xfc,
    0xaf, 0xff, 0xf4, 0x1f, 0xff, 0xff, 0xd8, 0x42,
    0x0, 0x4f, 0xff, 0xf4, 0x6f, 0xff, 0xf6, 0x0,
    0x0, 0x0, 0x4f, 0xff, 0xf4, 0x9f, 0xff, 0xd0,
    0x0, 0x0, 0x0, 0x6f, 0xff, 0xf4, 0x9f, 0xff,
    0xd0, 0x0, 0x0, 0x0, 0xcf, 0xff, 0xf4, 0x7f,
    0xff, 0xf4, 0x0, 0x0, 0xa, 0xff, 0xff, 0xf4,
    0x3f, 0xff, 0xff, 0xb7, 0x69, 0xef, 0xff, 0xff,
    0xf4, 0xa, 0xff, 0xff, 0xff, 0xff, 0xff, 0x6f,
    0xff, 0xf4, 0x0, 0xaf, 0xff, 0xff, 0xff, 0xf6,
    0x2f, 0xff, 0xf4, 0x0, 0x4, 0xad, 0xff, 0xd9,
    0x20, 0x2f, 0xff, 0xf4,

    /* U+00E5 "å" */
    0x0, 0x0, 0x0, 0x1, 0x44, 0x20, 0x0, 0x0,
    0x0, 0x0, 0x0, 0x0, 0x8f, 0xff, 0xfb, 0x20,
    0x0, 0x0, 0x0, 0x0, 0xa, 0xff, 0xff, 0xff,
    0xe1, 0x0, 0x0, 0x0, 0x0, 0x4f, 0xfc, 0x21,
    0x7f, 0xf9, 0x0, 0x0, 0x0, 0x0, 0x8f, 0xf2,
    0x0, 0xc, 0xfd, 0x0, 0x0, 0x0, 0x0, 0x8f,
    0xf2, 0x0, 0xc, 0xfd, 0x0, 0x0, 0x0, 0x0,
    0x4f, 0xfc, 0x20, 0x7f, 0xf9, 0x0, 0x0, 0x0,
    0x0, 0xb, 0xff, 0xff, 0xff, 0xe1, 0x0, 0x0,
    0x0, 0x0, 0x0, 0x9f, 0xff, 0xfc, 0x20, 0x0,
    0x0, 0x0, 0x0, 0x0, 0x1, 0x45, 0x20, 0x0,
    0x0, 0x0, 0x0, 0x0, 0x0, 0x0, 0x0, 0x0,
    0x0, 0x0, 0x0, 0x0, 0x0, 0x6, 0xad, 0xff,
    0xec, 0x82, 0x0, 0x0, 0x0, 0x6, 0xef, 0xff,
    0xff, 0xff, 0xff, 0x90, 0x0, 0x0, 0x8f, 0xff,
    0xff, 0xff, 0xff, 0xff, 0xfc, 0x0, 0x5, 0xff,
    0xff, 0xfd, 0x99, 0xbf, 0xff, 0xff, 0x70, 0xd,
    0xff, 0xff, 0x50, 0x0, 0x2, 0xff, 0xff, 0xe0,
    0x3, 0x6a, 0xd6, 0x0, 0x0, 0x0, 0x8f, 0xff,
    0xf1, 0x0, 0x0, 0x0, 0x0, 0x0, 0x0, 0x5f,
    0xff, 0xf3, 0x0, 0x0, 0x0, 0x0, 0x0, 0x2,
    0xbf, 0xff, 0xf4, 0x0, 0x0, 0x4, 0x79, 0xbd,
    0xff, 0xff, 0xff, 0xf4, 0x0, 0x29, 0xff, 0xff,
    0xff, 0xff, 0xff, 0xff, 0xf4, 0x4, 0xef, 0xff,
    0xff, 0xff, 0xfc, 0xaf, 0xff, 0xf4, 0x1f, 0xff,
    0xff, 0xd8, 0x42, 0x0, 0x4f, 0xff, 0xf4, 0x6f,
    0xff, 0xf6, 0x0, 0x0, 0x0, 0x4f, 0xff, 0xf4,
    0x9f, 0xff, 0xd0, 0x0, 0x0, 0x0, 0x6f, 0xff,
    0xf4, 0x9f, 0xff, 0xd0, 0x0, 0x0, 0x0, 0xcf,
    0xff, 0xf4, 0x7f, 0xff, 0xf4, 0x0, 0x0, 0xa,
    0xff, 0xff, 0xf4, 0x3f, 0xff, 0xff, 0xb7, 0x69,
    0xef, 0xff, 0xff, 0xf4, 0xa, 0xff, 0xff, 0xff,
    0xff, 0xff, 0x6f, 0xff, 0xf4, 0x0, 0xaf, 0xff,
    0xff, 0xff, 0xf6, 0x2f, 0xff, 0xf4, 0x0, 0x4,
    0xad, 0xff, 0xd9, 0x20, 0x2f, 0xff, 0xf4,

    /* U+00E6 "æ" */
    0x0, 0x0, 0x6, 0xad, 0xff, 0xeb, 0x60, 0x0,
    0x2, 0x8c, 0xef, 0xec, 0x82, 0x0, 0x0, 0x0,
    0x0, 0x6e, 0xff, 0xff, 0xff, 0xff, 0xe3, 0x8,
    0xff, 0xff, 0xff, 0xff, 0xf9, 0x0, 0x0, 0x0,
    0x9f, 0xff, 0xff, 0xff, 0xff, 0xff, 0xeb, 0xff,
    0xff, 0xff, 0xff, 0xff, 0xfc, 0x0, 0x0, 0x5f,
    0xff, 0xff, 0xd9, 0x9b, 0xff, 0xff, 0xff, 0xff,
    0xea, 0x8a, 0xef, 0xff, 0xfa, 0x0, 0xd, 0xff,
    0xff, 0x40, 0x0, 0x2, 0xef, 0xff, 0xff, 0x70,
    0x0, 0x0, 0xaf, 0xff, 0xf4, 0x0, 0x25, 0x8b,
    0x50, 0x0, 0x0, 0x7, 0xff, 0xff, 0x80, 0x0,
    0x0, 0x0, 0xcf, 0xff, 0xb0, 0x0, 0x0, 0x0,
    0x0, 0x0, 0x0, 0x5f, 0xff, 0xf0, 0x0, 0x0,
    0x0, 0x5, 0xff, 0xff, 0x0, 0x0, 0x0, 0x0,
    0x1, 0x22, 0x26, 0xff, 0xfc, 0x22, 0x22, 0x22,
    0x22, 0x4f, 0xff, 0xf3, 0x0, 0x0, 0x6a, 0xef,
    0xff, 0xff, 0xff, 0xff, 0xff, 0xff, 0xff, 0xff,
    0xff, 0xff, 0xff, 0x40, 0x5, 0xef, 0xff, 0xff,
    0xff, 0xff, 0xff, 0xff, 0xff, 0xff, 0xff, 0xff,
    0xff, 0xff, 0xf5, 0x6, 0xff, 0xff, 0xff, 0xff,
    0xff, 0xff, 0xff, 0xff, 0xff, 0xff, 0xff, 0xff,
    0xff, 0xff, 0x52, 0xff, 0xff, 0xf9, 0x31, 0x0,
    0x5, 0xff, 0xfb, 0x0, 0x0, 0x0, 0x0, 0x0,
    0x0, 0x0, 0x7f, 0xff, 0xf3, 0x0, 0x0, 0x0,
    0x5f, 0xff, 0xd0, 0x0, 0x0, 0x0, 0x0, 0x0,
    0x0, 0x9, 0xff, 0xfd, 0x0, 0x0, 0x0, 0x8,
    0xff, 0xff, 0x20, 0x0, 0x0, 0x0, 0x1, 0x0,
    0x0, 0x9f, 0xff, 0xe0, 0x0, 0x0, 0x1, 0xef,
    0xff, 0xfb, 0x0, 0x0, 0x0, 0x8, 0xff, 0xdb,
    0x7, 0xff, 0xff, 0x80, 0x0, 0x2, 0xcf, 0xff,
    0xff, 0xfa, 0x10, 0x0, 0x7, 0xff, 0xff, 0xb0,
    0x3f, 0xff, 0xff, 0xea, 0xac, 0xff, 0xff, 0xef,
    0xff, 0xff, 0xba, 0xbe, 0xff, 0xff, 0xf2, 0x0,
    0xaf, 0xff, 0xff, 0xff, 0xff, 0xff, 0xb0, 0xcf,
    0xff, 0xff, 0xff, 0xff, 0xff, 0xf5, 0x0, 0x0,
    0xaf, 0xff, 0xff, 0xff, 0xff, 0x80, 0x0, 0x9f,
    0xff, 0xff, 0xff, 0xff, 0xd4, 0x0, 0x0, 0x0,
    0x39, 0xdf, 0xfd, 0xb6, 0x10, 0x0, 0x0, 0x28,
    0xce, 0xff, 0xda, 0x50, 0x0, 0x0,

    /* U+00E7 "ç" */
    0x0, 0x0, 0x1, 0x6b, 0xef, 0xfe, 0xb6, 0x0,
    0x0, 0x0, 0x0, 0x6, 0xff, 0xff, 0xff, 0xff,
    0xfe, 0x50, 0x0, 0x0, 0x9, 0xff, 0xff, 0xff,
    0xff, 0xff, 0xff, 0x70, 0x0, 0x7, 0xff, 0xff,
    0xfe, 0xcc, 0xff, 0xff, 0xff, 0x40, 0x2, 0xff,
    0xff, 0xf7, 0x0, 0x0, 0x8f, 0xff, 0xfd, 0x0,
    0x9f, 0xff, 0xf7, 0x0, 0x0, 0x0, 0x9f, 0xff,
    0xf3, 0xe, 0xff, 0xfe, 0x0, 0x0, 0x0, 0x1,
    0xeb, 0x85, 0x13, 0xff, 0xff, 0x80, 0x0, 0x0,
    0x0, 0x0, 0x0, 0x0, 0x5f, 0xff, 0xf5, 0x0,
    0x0, 0x0, 0x0, 0x0, 0x0, 0x6, 0xff, 0xff,
    0x30, 0x0, 0x0, 0x0, 0x0, 0x0, 0x0, 0x6f,
    0xff, 0xf4, 0x0, 0x0, 0x0, 0x0, 0x0, 0x0,
    0x5, 0xff, 0xff, 0x50, 0x0, 0x0, 0x0, 0x0,
    0x0, 0x0, 0x3f, 0xff, 0xf9, 0x0, 0x0, 0x0,
    0x0, 0x0, 0x0, 0x0, 0xff, 0xff, 0xe0, 0x0,
    0x0, 0x0, 0x1f, 0xda, 0x72, 0x9, 0xff, 0xff,
    0x70, 0x0, 0x0, 0x8, 0xff, 0xff, 0x40, 0x2f,
    0xff, 0xff, 0x70, 0x0, 0x8, 0xff, 0xff, 0xd0,
    0x0, 0x6f, 0xff, 0xff, 0xfc, 0xcf, 0xff, 0xff,
    0xf4, 0x0, 0x0, 0x8f, 0xff, 0xff, 0xff, 0xff,
    0xff, 0xf7, 0x0, 0x0, 0x0, 0x5f, 0xff, 0xff,
    0xff, 0xff, 0xe5, 0x0, 0x0, 0x0, 0x0, 0x16,
    0xbf, 0xff, 0xeb, 0x60, 0x0, 0x0, 0x0, 0x0,
    0x0, 0x0, 0x3f, 0xe0, 0x0, 0x0, 0x0, 0x0,
    0x0, 0x0, 0x0, 0x6, 0xff, 0xc9, 0x20, 0x0,
    0x0, 0x0, 0x0, 0x0, 0x0, 0x6c, 0xcf, 0xfd,
    0x0, 0x0, 0x0, 0x0, 0x0, 0x0, 0x0, 0x0,
    0x8f, 0xf3, 0x0, 0x0, 0x0, 0x0, 0x0, 0x0,
    0x0, 0xa, 0xff, 0x20, 0x0, 0x0, 0x0, 0x0,
    0x0, 0x3f, 0xff, 0xff, 0xd0, 0x0, 0x0, 0x0,
    0x0, 0x0, 0x3, 0xff, 0xfe, 0xa2, 0x0, 0x0,
    0x0,

    /* U+00E8 "è" */
    0x0, 0x0, 0x2f, 0xff, 0xf3, 0x0, 0x0, 0x0,
    0x0, 0x0, 0x0, 0x0, 0x7f, 0xff, 0xa0, 0x0,
    0x0, 0x0, 0x0, 0x0, 0x0, 0x0, 0xcf, 0xff,
    0x20, 0x0, 0x0, 0x0, 0x0, 0x0, 0x0, 0x2,
    0xff, 0xf8, 0x0, 0x0, 0x0, 0x0, 0x0, 0x0,
    0x0, 0x8, 0xff, 0xf1, 0x0, 0x0, 0x0, 0x0,
    0x0, 0x0, 0x0, 0x6, 0x66, 0x20, 0x0, 0x0,
    0x0, 0x0, 0x0, 0x0, 0x0, 0x0, 0x0, 0x0,
    0x0, 0x0, 0x0, 0x0, 0x0, 0x0, 0x0, 0x0,
    0x0, 0x0, 0x0, 0x0, 0x0, 0x0, 0x1, 0x7b,
    0xef, 0xfd, 0xa4, 0x0, 0x0, 0x0, 0x0, 0x6,
    0xff, 0xff, 0xff, 0xff, 0xfd, 0x30, 0x0, 0x0,
    0x8, 0xff, 0xff, 0xff, 0xff, 0xff, 0xff, 0x40,
    0x0, 0x6, 0xff, 0xff, 0xfc, 0x9a, 0xdf, 0xff,
    0xff, 0x20, 0x2, 0xff, 0xff, 0xc2, 0x0, 0x0,
    0x6f, 0xff, 0xfb, 0x0, 0x9f, 0xff, 0xe1, 0x0,
    0x0, 0x0, 0x8f, 0xff, 0xf2, 0xe, 0xff, 0xf7,
    0x0, 0x0, 0x0, 0x0, 0xff, 0xff, 0x73, 0xff,
    0xff, 0x42, 0x22, 0x22, 0x22, 0x2c, 0xff, 0xfa,
    0x5f, 0xff, 0xff, 0xff, 0xff, 0xff, 0xff, 0xff,
    0xff, 0xb6, 0xff, 0xff, 0xff, 0xff, 0xff, 0xff,
    0xff, 0xff, 0xfc, 0x6f, 0xff, 0xff, 0xff, 0xff,
    0xff, 0xff, 0xff, 0xff, 0xc5, 0xff, 0xff, 0x20,
    0x0, 0x0, 0x0, 0x0, 0x0, 0x0, 0x3f, 0xff,
    0xf5, 0x0, 0x0, 0x0, 0x0, 0x0, 0x0, 0x0,
    0xff, 0xff, 0x90, 0x0, 0x0, 0x0, 0x1, 0x0,
    0x0, 0xa, 0xff, 0xff, 0x30, 0x0, 0x0, 0x1,
    0xfe, 0xb8, 0x20, 0x2f, 0xff, 0xfe, 0x40, 0x0,
    0x2, 0xdf, 0xff, 0xf2, 0x0, 0x7f, 0xff, 0xff,
    0xda, 0xac, 0xff, 0xff, 0xf9, 0x0, 0x0, 0x9f,
    0xff, 0xff, 0xff, 0xff, 0xff, 0xfc, 0x0, 0x0,
    0x0, 0x6f, 0xff, 0xff, 0xff, 0xff, 0xf8, 0x0,
    0x0, 0x0, 0x0, 0x16, 0xbe, 0xff, 0xec, 0x72,
    0x0, 0x0,

    /* U+00E9 "é" */
    0x0, 0x0, 0x0, 0x0, 0x0, 0xcf, 0xff, 0x80,
    0x0, 0x0, 0x0, 0x0, 0x0, 0x0, 0x4f, 0xff,
    0xd0, 0x0, 0x0, 0x0, 0x0, 0x0, 0x0, 0xb,
    0xff, 0xf3, 0x0, 0x0, 0x0, 0x0, 0x0, 0x0,
    0x2, 0xff, 0xf9, 0x0, 0x0, 0x0, 0x0, 0x0,
    0x0, 0x0, 0x9f, 0xfd, 0x0, 0x0, 0x0, 0x0,
    0x0, 0x0, 0x0, 0x6, 0x66, 0x20, 0x0, 0x0,
    0x0, 0x0, 0x0, 0x0, 0x0, 0x0, 0x0, 0x0,
    0x0, 0x0, 0x0, 0x0, 0x0, 0x0, 0x0, 0x0,
    0x0, 0x0, 0x0, 0x0, 0x0, 0x0, 0x1, 0x7b,
    0xef, 0xfd, 0xa4, 0x0, 0x0, 0x0, 0x0, 0x6,
    0xff, 0xff, 0xff, 0xff, 0xfd, 0x30, 0x0, 0x0,
    0x8, 0xff, 0xff, 0xff, 0xff, 0xff, 0xff, 0x40,
    0x0, 0x6, 0xff, 0xff, 0xfc, 0x9a, 0xdf, 0xff,
    0xff, 0x20, 0x2, 0xff, 0xff, 0xc2, 0x0, 0x0,
    0x6f, 0xff, 0xfb, 0x0, 0x9f, 0xff, 0xe1, 0x0,
    0x0, 0x0, 0x8f, 0xff, 0xf2, 0xe, 0xff, 0xf7,
    0x0, 0x0, 0x0, 0x0, 0xff, 0xff, 0x73, 0xff,
    0xff, 0x42, 0x22, 0x22, 0x22, 0x2c, 0xff, 0xfa,
    0x5f, 0xff, 0xff, 0xff, 0xff, 0xff, 0xff, 0xff,
    0xff, 0xb6, 0xff, 0xff, 0xff, 0xff, 0xff, 0xff,
    0xff, 0xff, 0xfc, 0x6f, 0xff, 0xff, 0xff, 0xff,
    0xff, 0xff, 0xff, 0xff, 0xc5, 0xff, 0xff, 0x20,
    0x0, 0x0, 0x0, 0x0, 0x0, 0x0, 0x3f, 0xff,
    0xf5, 0x0, 0x0, 0x0, 0x0, 0x0, 0x0, 0x0,
    0xff, 0xff, 0x90, 0x0, 0x0, 0x0, 0x1, 0x0,
    0x0, 0xa, 0xff, 0xff, 0x30, 0x0, 0x0, 0x1,
    0xfe, 0xb8, 0x20, 0x2f, 0xff, 0xfe, 0x40, 0x0,
    0x2, 0xdf, 0xff, 0xf2, 0x0, 0x7f, 0xff, 0xff,
    0xda, 0xac, 0xff, 0xff, 0xf9, 0x0, 0x0, 0x9f,
    0xff, 0xff, 0xff, 0xff, 0xff, 0xfc, 0x0, 0x0,
    0x0, 0x6f, 0xff, 0xff, 0xff, 0xff, 0xf8, 0x0,
    0x0, 0x0, 0x0, 0x16, 0xbe, 0xff, 0xec, 0x72,
    0x0, 0x0,

    /* U+00EA "ê" */
    0x0, 0x0, 0x0, 0x9, 0xff, 0xfe, 0x20, 0x0,
    0x0, 0x0, 0x0, 0x0, 0x9, 0xff, 0xff, 0xfe,
    0x10, 0x0, 0x0, 0x0, 0x0, 0x9, 0xff, 0xf7,
    0xdf, 0xfd, 0x10, 0x0, 0x0, 0x0, 0x8, 0xff,
    0xf8, 0x2, 0xef, 0xfd, 0x10, 0x0, 0x0, 0x8,
    0xff, 0xfa, 0x0, 0x3, 0xff, 0xfc, 0x0, 0x0,
    0x0, 0x0, 0x0, 0x0, 0x0, 0x0, 0x0, 0x0,
    0x0, 0x0, 0x0, 0x0, 0x0, 0x0, 0x0, 0x0,
    0x0, 0x0, 0x0, 0x0, 0x0, 0x0, 0x0, 0x0,
    0x0, 0x0, 0x0, 0x0, 0x0, 0x0, 0x1, 0x7b,
    0xef, 0xfd, 0xa4, 0x0, 0x0, 0x0, 0x0, 0x6,
    0xff, 0xff, 0xff, 0xff, 0xfd, 0x30, 0x0, 0x0,
    0x8, 0xff, 0xff, 0xff, 0xff, 0xff, 0xff, 0x40,
    0x0, 0x6, 0xff, 0xff, 0xfc, 0x9a, 0xdf, 0xff,
    0xff, 0x20, 0x2, 0xff, 0xff, 0xc2, 0x0, 0x0,
    0x6f, 0xff, 0xfb, 0x0, 0x9f, 0xff, 0xe1, 0x0,
    0x0, 0x0, 0x8f, 0xff, 0xf2, 0xe, 0xff, 0xf7,
    0x0, 0x0, 0x0, 0x0, 0xff, 0xff, 0x73, 0xff,
    0xff, 0x42, 0x22, 0x22, 0x22, 0x2c, 0xff, 0xfa,
    0x5f, 0xff, 0xff, 0xff, 0xff, 0xff, 0xff, 0xff,
    0xff, 0xb6, 0xff, 0xff, 0xff, 0xff, 0xff, 0xff,
    0xff, 0xff, 0xfc, 0x6f, 0xff, 0xff, 0xff, 0xff,
    0xff, 0xff, 0xff, 0xff, 0xc5, 0xff, 0xff, 0x20,
    0x0, 0x0, 0x0, 0x0, 0x0, 0x0, 0x3f, 0xff,
    0xf5, 0x0, 0x0, 0x0, 0x0, 0x0, 0x0, 0x0,
    0xff, 0xff, 0x90, 0x0, 0x0, 0x0, 0x1, 0x0,
    0x0, 0xa, 0xff, 0xff, 0x30, 0x0, 0x0, 0x1,
    0xfe, 0xb8, 0x20, 0x2f, 0xff, 0xfe, 0x40, 0x0,
    0x2, 0xdf, 0xff, 0xf2, 0x0, 0x7f, 0xff, 0xff,
    0xda, 0xac, 0xff, 0xff, 0xf9, 0x0, 0x0, 0x9f,
    0xff, 0xff, 0xff, 0xff, 0xff, 0xfc, 0x0, 0x0,
    0x0, 0x6f, 0xff, 0xff, 0xff, 0xff, 0xf8, 0x0,
    0x0, 0x0, 0x0, 0x16, 0xbe, 0xff, 0xec, 0x72,
    0x0, 0x0,

    /* U+00EB "ë" */
    0x0, 0x0, 0x5c, 0xb3, 0x0, 0x0, 0x8c, 0x90,
    0x0, 0x0, 0x0, 0x3f, 0xff, 0xe1, 0x0, 0x9f,
    0xff, 0xa0, 0x0, 0x0, 0x7, 0xff, 0xff, 0x40,
    0xd, 0xff, 0xff, 0x0, 0x0, 0x0, 0x5f, 0xff,
    0xf1, 0x0, 0xaf, 0xff, 0xc0, 0x0, 0x0, 0x0,
    0x8e, 0xe5, 0x0, 0x1, 0xbf, 0xc2, 0x0, 0x0,
    0x0, 0x0, 0x0, 0x0, 0x0, 0x0, 0x0, 0x0,
    0x0, 0x0, 0x0, 0x0, 0x0, 0x0, 0x0, 0x0,
    0x0, 0x0, 0x0, 0x0, 0x0, 0x0, 0x0, 0x0,
    0x0, 0x0, 0x0, 0x0, 0x0, 0x0, 0x1, 0x7b,
    0xef, 0xfd, 0xa4, 0x0, 0x0, 0x0, 0x0, 0x6,
    0xff, 0xff, 0xff, 0xff, 0xfd, 0x30, 0x0, 0x0,
    0x8, 0xff, 0xff, 0xff, 0xff, 0xff, 0xff, 0x40,
    0x0, 0x6, 0xff, 0xff, 0xfc, 0x9a, 0xdf, 0xff,
    0xff, 0x20, 0x2, 0xff, 0xff, 0xc2, 0x0, 0x0,
    0x6f, 0xff, 0xfb, 0x0, 0x9f, 0xff, 0xe1, 0x0,
    0x0, 0x0, 0x8f, 0xff, 0xf2, 0xe, 0xff, 0xf7,
    0x0, 0x0, 0x0, 0x0, 0xff, 0xff, 0x73, 0xff,
    0xff, 0x42, 0x22, 0x22, 0x22, 0x2c, 0xff, 0xfa,
    0x5f, 0xff, 0xff, 0xff, 0xff, 0xff, 0xff, 0xff,
    0xff, 0xb6, 0xff, 0xff, 0xff, 0xff, 0xff, 0xff,
    0xff, 0xff, 0xfc, 0x6f, 0xff, 0xff, 0xff, 0xff,
    0xff, 0xff, 0xff, 0xff, 0xc5, 0xff, 0xff, 0x20,
    0x0, 0x0, 0x0, 0x0, 0x0, 0x0, 0x3f, 0xff,
    0xf5, 0x0, 0x0, 0x0, 0x0, 0x0, 0x0, 0x0,
    0xff, 0xff, 0x90, 0x0, 0x0, 0x0, 0x1, 0x0,
    0x0, 0xa, 0xff, 0xff, 0x30, 0x0, 0x0, 0x1,
    0xfe, 0xb8, 0x20, 0x2f, 0xff, 0xfe, 0x40, 0x0,
    0x2, 0xdf, 0xff, 0xf2, 0x0, 0x7f, 0xff, 0xff,
    0xda, 0xac, 0xff, 0xff, 0xf9, 0x0, 0x0, 0x9f,
    0xff, 0xff, 0xff, 0xff, 0xff, 0xfc, 0x0, 0x0,
    0x0, 0x6f, 0xff, 0xff, 0xff, 0xff, 0xf8, 0x0,
    0x0, 0x0, 0x0, 0x16, 0xbe, 0xff, 0xec, 0x72,
    0x0, 0x0,

    /* U+00EC "ì" */
    0x26, 0x66, 0x60, 0x0, 0xd, 0xff, 0xf6, 0x0,
    0x3, 0xff, 0xfd, 0x0, 0x0, 0x8f, 0xff, 0x40,
    0x0, 0xd, 0xff, 0xc0, 0x0, 0x3, 0xff, 0xf3,
    0x0, 0x0, 0x0, 0x0, 0x0, 0x0, 0x0, 0x0,
    0x0, 0x9, 0xff, 0xff, 0x0, 0x9, 0xff, 0xff,
    0x0, 0x9, 0xff, 0xff, 0x0, 0x9, 0xff, 0xff,
    0x0, 0x9, 0xff, 0xff, 0x0, 0x9, 0xff, 0xff,
    0x0, 0x9, 0xff, 0xff, 0x0, 0x9, 0xff, 0xff,
    0x0, 0x9, 0xff, 0xff, 0x0, 0x9, 0xff, 0xff,
    0x0, 0x9, 0xff, 0xff, 0x0, 0x9, 0xff, 0xff,
    0x0, 0x9, 0xff, 0xff, 0x0, 0x9, 0xff, 0xff,
    0x0, 0x9, 0xff, 0xff, 0x0, 0x9, 0xff, 0xff,
    0x0, 0x9, 0xff, 0xff, 0x0, 0x9, 0xff, 0xff,
    0x0, 0x9, 0xff, 0xff, 0x0, 0x9, 0xff, 0xff,

    /* U+00ED "í" */
    0x0, 0x4, 0x66, 0x64, 0x0, 0xe, 0xff, 0xf4,
    0x0, 0x6f, 0xff, 0x90, 0x0, 0xdf, 0xfe, 0x0,
    0x5, 0xff, 0xf4, 0x0, 0xc, 0xff, 0xa0, 0x0,
    0x0, 0x0, 0x0, 0x0, 0x0, 0x0, 0x0, 0x0,
    0x9f, 0xff, 0xf0, 0x0, 0x9f, 0xff, 0xf0, 0x0,
    0x9f, 0xff, 0xf0, 0x0, 0x9f, 0xff, 0xf0, 0x0,
    0x9f, 0xff, 0xf0, 0x0, 0x9f, 0xff, 0xf0, 0x0,
    0x9f, 0xff, 0xf0, 0x0, 0x9f, 0xff, 0xf0, 0x0,
    0x9f, 0xff, 0xf0, 0x0, 0x9f, 0xff, 0xf0, 0x0,
    0x9f, 0xff, 0xf0, 0x0, 0x9f, 0xff, 0xf0, 0x0,
    0x9f, 0xff, 0xf0, 0x0, 0x9f, 0xff, 0xf0, 0x0,
    0x9f, 0xff, 0xf0, 0x0, 0x9f, 0xff, 0xf0, 0x0,
    0x9f, 0xff, 0xf0, 0x0, 0x9f, 0xff, 0xf0, 0x0,
    0x9f, 0xff, 0xf0, 0x0, 0x9f, 0xff, 0xf0, 0x0,

    /* U+00EE "î" */
    0x0, 0x0, 0x38, 0x88, 0x60, 0x0, 0x0, 0x0,
    0x3, 0xef, 0xff, 0xf8, 0x0, 0x0, 0x0, 0x2e,
    0xff, 0xdf, 0xff, 0x70, 0x0, 0x2, 0xef, 0xfd,
    0x18, 0xff, 0xf6, 0x0, 0x2e, 0xff, 0xe2, 0x0,
    0xaf, 0xff, 0x60, 0x68, 0x88, 0x30, 0x0, 0x7,
    0x88, 0x70, 0x0, 0x0, 0x0, 0x0, 0x0, 0x0,
    0x0, 0x0, 0x0, 0x0, 0x0, 0x0, 0x0, 0x0,
    0x0, 0x0, 0x9f, 0xff, 0xf0, 0x0, 0x0, 0x0,
    0x0, 0x9f, 0xff, 0xf0, 0x0, 0x0, 0x0, 0x0,
    0x9f, 0xff, 0xf0, 0x0, 0x0, 0x0, 0x0, 0x9f,
    0xff, 0xf0, 0x0, 0x0, 0x0, 0x0, 0x9f, 0xff,
    0xf0, 0x0, 0x0, 0x0, 0x0, 0x9f, 0xff, 0xf0,
    0x0, 0x0, 0x0, 0x0, 0x9f, 0xff, 0xf0, 0x0,
    0x0, 0x0, 0x0, 0x9f, 0xff, 0xf0, 0x0, 0x0,
    0x0, 0x0, 0x9f, 0xff, 0xf0, 0x0, 0x0, 0x0,
    0x0, 0x9f, 0xff, 0xf0, 0x0, 0x0, 0x0, 0x0,
    0x9f, 0xff, 0xf0, 0x0, 0x0, 0x0, 0x0, 0x9f,
    0xff, 0xf0, 0x0, 0x0, 0x0, 0x0, 0x9f, 0xff,
    0xf0, 0x0, 0x0, 0x0, 0x0, 0x9f, 0xff, 0xf0,
    0x0, 0x0, 0x0, 0x0, 0x9f, 0xff, 0xf0, 0x0,
    0x0, 0x0, 0x0, 0x9f, 0xff, 0xf0, 0x0, 0x0,
    0x0, 0x0, 0x9f, 0xff, 0xf0, 0x0, 0x0, 0x0,
    0x0, 0x9f, 0xff, 0xf0, 0x0, 0x0, 0x0, 0x0,
    0x9f, 0xff, 0xf0, 0x0, 0x0, 0x0, 0x0, 0x9f,
    0xff, 0xf0, 0x0, 0x0,

    /* U+00EF "ï" */
    0x5, 0xcb, 0x30, 0x0, 0x8, 0xc9, 0x4, 0xff,
    0xfe, 0x10, 0x9, 0xff, 0xfa, 0x8f, 0xff, 0xf4,
    0x0, 0xdf, 0xff, 0xe5, 0xff, 0xff, 0x10, 0xb,
    0xff, 0xfb, 0x8, 0xed, 0x50, 0x0, 0x1b, 0xfc,
    0x20, 0x0, 0x0, 0x0, 0x0, 0x0, 0x0, 0x0,
    0x0, 0x0, 0x0, 0x0, 0x0, 0x0, 0x0, 0x0,
    0x0, 0x0, 0x0, 0x0, 0x0, 0x0, 0x9f, 0xff,
    0xf0, 0x0, 0x0, 0x0, 0x9, 0xff, 0xff, 0x0,
    0x0, 0x0, 0x0, 0x9f, 0xff, 0xf0, 0x0, 0x0,
    0x0, 0x9, 0xff, 0xff, 0x0, 0x0, 0x0, 0x0,
    0x9f, 0xff, 0xf0, 0x0, 0x0, 0x0, 0x9, 0xff,
    0xff, 0x0, 0x0, 0x0, 0x0, 0x9f, 0xff, 0xf0,
    0x0, 0x0, 0x0, 0x9, 0xff, 0xff, 0x0, 0x0,
    0x0, 0x0, 0x9f, 0xff, 0xf0, 0x0, 0x0, 0x0,
    0x9, 0xff, 0xff, 0x0, 0x0, 0x0, 0x0, 0x9f,
    0xff, 0xf0, 0x0, 0x0, 0x0, 0x9, 0xff, 0xff,
    0x0, 0x0, 0x0, 0x0, 0x9f, 0xff, 0xf0, 0x0,
    0x0, 0x0, 0x9, 0xff, 0xff, 0x0, 0x0, 0x0,
    0x0, 0x9f, 0xff, 0xf0, 0x0, 0x0, 0x0, 0x9,
    0xff, 0xff, 0x0, 0x0, 0x0, 0x0, 0x9f, 0xff,
    0xf0, 0x0, 0x0, 0x0, 0x9, 0xff, 0xff, 0x0,
    0x0, 0x0, 0x0, 0x9f, 0xff, 0xf0, 0x0, 0x0,
    0x0, 0x9, 0xff, 0xff, 0x0, 0x0,

    /* U+00F0 "ð" */
    0x0, 0x0, 0x13, 0x0, 0x0, 0x0, 0x0, 0x0,
    0x0, 0x0, 0x0, 0x8, 0xfd, 0x50, 0x0, 0x0,
    0x6, 0x40, 0x0, 0x0, 0x0, 0xdf, 0xff, 0xd3,
    0x0, 0x5d, 0xf9, 0x0, 0x0, 0x0, 0x7, 0xff,
    0xff, 0xfa, 0xdf, 0xff, 0x90, 0x0, 0x0, 0x0,
    0x1, 0x9f, 0xff, 0xff, 0xfa, 0x20, 0x0, 0x0,
    0x0, 0x0, 0x5, 0xef, 0xff, 0xfe, 0x20, 0x0,
    0x0, 0x0, 0x0, 0x5d, 0xff, 0xfd, 0xff, 0xfe,
    0x10, 0x0, 0x0, 0x0, 0xf, 0xff, 0xb3, 0xa,
    0xff, 0xfd, 0x0, 0x0, 0x0, 0x0, 0xcb, 0x30,
    0x0, 0xa, 0xff, 0xf9, 0x0, 0x0, 0x0, 0x1,
    0x0, 0x0, 0x0, 0xd, 0xff, 0xf3, 0x0, 0x0,
    0x0, 0x5, 0xbe, 0xfe, 0xa4, 0x2f, 0xff, 0xc0,
    0x0, 0x0, 0x1c, 0xff, 0xff, 0xff, 0xf9, 0x9f,
    0xff, 0x50, 0x0, 0x1d, 0xff, 0xff, 0xff, 0xff,
    0xfb, 0xff, 0xfc, 0x0, 0xb, 0xff, 0xff, 0xa4,
    0x23, 0x7f, 0xff, 0xff, 0xf1, 0x5, 0xff, 0xff,
    0x70, 0x0, 0x0, 0x2e, 0xff, 0xff, 0x50, 0xcf,
    0xff, 0xd0, 0x0, 0x0, 0x0, 0x6f, 0xff, 0xf8,
    0x1f, 0xff, 0xf6, 0x0, 0x0, 0x0, 0x0, 0xff,
    0xff, 0xb4, 0xff, 0xff, 0x20, 0x0, 0x0, 0x0,
    0xb, 0xff, 0xfc, 0x6f, 0xff, 0xf0, 0x0, 0x0,
    0x0, 0x0, 0x9f, 0xff, 0xc6, 0xff, 0xff, 0x0,
    0x0, 0x0, 0x0, 0x8, 0xff, 0xfc, 0x6f, 0xff,
    0xf1, 0x0, 0x0, 0x0, 0x0, 0x9f, 0xff, 0xa4,
    0xff, 0xff, 0x40, 0x0, 0x0, 0x0, 0xc, 0xff,
    0xf8, 0xf, 0xff, 0xf9, 0x0, 0x0, 0x0, 0x1,
    0xff, 0xff, 0x40, 0xbf, 0xff, 0xf3, 0x0, 0x0,
    0x0, 0xaf, 0xff, 0xe0, 0x3, 0xff, 0xff, 0xe4,
    0x0, 0x0, 0x9f, 0xff, 0xf7, 0x0, 0x8, 0xff,
    0xff, 0xfd, 0xbb, 0xff, 0xff, 0xfc, 0x0, 0x0,
    0xb, 0xff, 0xff, 0xff, 0xff, 0xff, 0xfd, 0x10,
    0x0, 0x0, 0x8, 0xff, 0xff, 0xff, 0xff, 0xfb,
    0x10, 0x0, 0x0, 0x0, 0x2, 0x8c, 0xef, 0xfd,
    0x93, 0x0, 0x0, 0x0,

    /* U+00F1 "ñ" */
    0x0, 0x0, 0x3c, 0xfe, 0xa3, 0x0, 0xff, 0xb0,
    0x0, 0x0, 0x1, 0xff, 0xff, 0xff, 0xdd, 0xff,
    0x80, 0x0, 0x0, 0x8, 0xff, 0xdd, 0xff, 0xff,
    0xff, 0x10, 0x0, 0x0, 0xb, 0xff, 0x10, 0x3a,
    0xef, 0xc4, 0x0, 0x0, 0x0, 0x0, 0x0, 0x0,
    0x0, 0x0, 0x0, 0x0, 0x0, 0x0, 0x0, 0x0,
    0x0, 0x0, 0x0, 0x0, 0x0, 0x0, 0x0, 0x0,
    0x0, 0x0, 0x0, 0x0, 0x0, 0x0, 0x0, 0x9f,
    0xff, 0xc0, 0x2, 0x9d, 0xff, 0xd8, 0x10, 0x0,
    0x9f, 0xff, 0xc0, 0x5f, 0xff, 0xff, 0xff, 0xf4,
    0x0, 0x9f, 0xff, 0xc4, 0xff, 0xff, 0xff, 0xff,
    0xff, 0x30, 0x9f, 0xff, 0xcd, 0xff, 0xfe, 0xff,
    0xff, 0xff, 0xc0, 0x9f, 0xff, 0xff, 0xc3, 0x0,
    0x19, 0xff, 0xff, 0xf2, 0x9f, 0xff, 0xfd, 0x0,
    0x0, 0x0, 0xaf, 0xff, 0xf6, 0x9f, 0xff, 0xf5,
    0x0, 0x0, 0x0, 0x3f, 0xff, 0xf8, 0x9f, 0xff,
    0xf1, 0x0, 0x0, 0x0, 0xf, 0xff, 0xf9, 0x9f,
    0xff, 0xf0, 0x0, 0x0, 0x0, 0xf, 0xff, 0xf9,
    0x9f, 0xff, 0xf0, 0x0, 0x0, 0x0, 0xf, 0xff,
    0xf9, 0x9f, 0xff, 0xf0, 0x0, 0x0, 0x0, 0xf,
    0xff, 0xf9, 0x9f, 0xff, 0xf0, 0x0, 0x0, 0x0,
    0xf, 0xff, 0xf9, 0x9f, 0xff, 0xf0, 0x0, 0x0,
    0x0, 0xf, 0xff, 0xf9, 0x9f, 0xff, 0xf0, 0x0,
    0x0, 0x0, 0xf, 0xff, 0xf9, 0x9f, 0xff, 0xf0,
    0x0, 0x0, 0x0, 0xf, 0xff, 0xf9, 0x9f, 0xff,
    0xf0, 0x0, 0x0, 0x0, 0xf, 0xff, 0xf9, 0x9f,
    0xff, 0xf0, 0x0, 0x0, 0x0, 0xf, 0xff, 0xf9,
    0x9f, 0xff, 0xf0, 0x0, 0x0, 0x0, 0xf, 0xff,
    0xf9, 0x9f, 0xff, 0xf0, 0x0, 0x0, 0x0, 0xf,
    0xff, 0xf9, 0x9f, 0xff, 0xf0, 0x0, 0x0, 0x0,
    0xf, 0xff, 0xf9,

    /* U+00F2 "ò" */
    0x0, 0x0, 0xd, 0xff, 0xf7, 0x0, 0x0, 0x0,
    0x0, 0x0, 0x0, 0x0, 0x4, 0xff, 0xfe, 0x0,
    0x0, 0x0, 0x0, 0x0, 0x0, 0x0, 0x0, 0x9f,
    0xff, 0x50, 0x0, 0x0, 0x0, 0x0, 0x0, 0x0,
    0x0, 0xe, 0xff, 0xc0, 0x0, 0x0, 0x0, 0x0,
    0x0, 0x0, 0x0, 0x4, 0xff, 0xf3, 0x0, 0x0,
    0x0, 0x0, 0x0, 0x0, 0x0, 0x0, 0x56, 0x63,
    0x0, 0x0, 0x0, 0x0, 0x0, 0x0, 0x0, 0x0,
    0x0, 0x0, 0x0, 0x0, 0x0, 0x0, 0x0, 0x0,
    0x0, 0x0, 0x0, 0x0, 0x0, 0x0, 0x0, 0x0,
    0x0, 0x0, 0x1, 0x6b, 0xef, 0xfe, 0xb6, 0x0,
    0x0, 0x0, 0x0, 0x0, 0x6f, 0xff, 0xff, 0xff,
    0xff, 0xe5, 0x0, 0x0, 0x0, 0x9, 0xff, 0xff,
    0xff, 0xff, 0xff, 0xff, 0x80, 0x0, 0x0, 0x7f,
    0xff, 0xff, 0xfc, 0xcf, 0xff, 0xff, 0xf6, 0x0,
    0x2, 0xff, 0xff, 0xf7, 0x0, 0x0, 0x8f, 0xff,
    0xff, 0x10, 0x9, 0xff, 0xff, 0x70, 0x0, 0x0,
    0x9, 0xff, 0xff, 0x80, 0xe, 0xff, 0xfe, 0x0,
    0x0, 0x0, 0x0, 0xef, 0xff, 0xd0, 0x3f, 0xff,
    0xf8, 0x0, 0x0, 0x0, 0x0, 0xaf, 0xff, 0xf1,
    0x5f, 0xff, 0xf5, 0x0, 0x0, 0x0, 0x0, 0x6f,
    0xff, 0xf4, 0x6f, 0xff, 0xf4, 0x0, 0x0, 0x0,
    0x0, 0x5f, 0xff, 0xf5, 0x6f, 0xff, 0xf4, 0x0,
    0x0, 0x0, 0x0, 0x5f, 0xff, 0xf5, 0x5f, 0xff,
    0xf5, 0x0, 0x0, 0x0, 0x0, 0x6f, 0xff, 0xf4,
    0x3f, 0xff, 0xf8, 0x0, 0x0, 0x0, 0x0, 0xaf,
    0xff, 0xf1, 0xf, 0xff, 0xfe, 0x0, 0x0, 0x0,
    0x0, 0xef, 0xff, 0xd0, 0x9, 0xff, 0xff, 0x70,
    0x0, 0x0, 0x9, 0xff, 0xff, 0x80, 0x2, 0xff,
    0xff, 0xf7, 0x0, 0x0, 0x8f, 0xff, 0xfe, 0x10,
    0x0, 0x6f, 0xff, 0xff, 0xfc, 0xcf, 0xff, 0xff,
    0xf5, 0x0, 0x0, 0x8, 0xff, 0xff, 0xff, 0xff,
    0xff, 0xff, 0x70, 0x0, 0x0, 0x0, 0x5f, 0xff,
    0xff, 0xff, 0xff, 0xe4, 0x0, 0x0, 0x0, 0x0,
    0x1, 0x6b, 0xef, 0xfe, 0xb6, 0x0, 0x0, 0x0,

    /* U+00F3 "ó" */
    0x0, 0x0, 0x0, 0x0, 0x0, 0x9f, 0xff, 0xb0,
    0x0, 0x0, 0x0, 0x0, 0x0, 0x0, 0x1, 0xff,
    0xff, 0x20, 0x0, 0x0, 0x0, 0x0, 0x0, 0x0,
    0x7, 0xff, 0xf7, 0x0, 0x0, 0x0, 0x0, 0x0,
    0x0, 0x0, 0xe, 0xff, 0xc0, 0x0, 0x0, 0x0,
    0x0, 0x0, 0x0, 0x0, 0x6f, 0xff, 0x20, 0x0,
    0x0, 0x0, 0x0, 0x0, 0x0, 0x0, 0x46, 0x64,
    0x0, 0x0, 0x0, 0x0, 0x0, 0x0, 0x0, 0x0,
    0x0, 0x0, 0x0, 0x0, 0x0, 0x0, 0x0, 0x0,
    0x0, 0x0, 0x0, 0x0, 0x0, 0x0, 0x0, 0x0,
    0x0, 0x0, 0x1, 0x6b, 0xef, 0xfe, 0xb6, 0x0,
    0x0, 0x0, 0x0, 0x0, 0x6f, 0xff, 0xff, 0xff,
    0xff, 0xe5, 0x0, 0x0, 0x0, 0x9, 0xff, 0xff,
    0xff, 0xff, 0xff, 0xff, 0x80, 0x0, 0x0, 0x7f,
    0xff, 0xff, 0xfc, 0xcf, 0xff, 0xff, 0xf6, 0x0,
    0x2, 0xff, 0xff, 0xf7, 0x0, 0x0, 0x8f, 0xff,
    0xff, 0x10, 0x9, 0xff, 0xff, 0x70, 0x0, 0x0,
    0x9, 0xff, 0xff, 0x80, 0xe, 0xff, 0xfe, 0x0,
    0x0, 0x0, 0x0, 0xef, 0xff, 0xd0, 0x3f, 0xff,
    0xf8, 0x0, 0x0, 0x0, 0x0, 0xaf, 0xff, 0xf1,
    0x5f, 0xff, 0xf5, 0x0, 0x0, 0x0, 0x0, 0x6f,
    0xff, 0xf4, 0x6f, 0xff, 0xf4, 0x0, 0x0, 0x0,
    0x0, 0x5f, 0xff, 0xf5, 0x6f, 0xff, 0xf4, 0x0,
    0x0, 0x0, 0x0, 0x5f, 0xff, 0xf5, 0x5f, 0xff,
    0xf5, 0x0, 0x0, 0x0, 0x0, 0x6f, 0xff, 0xf4,
    0x3f, 0xff, 0xf8, 0x0, 0x0, 0x0, 0x0, 0xaf,
    0xff, 0xf1, 0xf, 0xff, 0xfe, 0x0, 0x0, 0x0,
    0x0, 0xef, 0xff, 0xd0, 0x9, 0xff, 0xff, 0x70,
    0x0, 0x0, 0x9, 0xff, 0xff, 0x80, 0x2, 0xff,
    0xff, 0xf7, 0x0, 0x0, 0x8f, 0xff, 0xfe, 0x10,
    0x0, 0x6f, 0xff, 0xff, 0xfc, 0xcf, 0xff, 0xff,
    0xf5, 0x0, 0x0, 0x8, 0xff, 0xff, 0xff, 0xff,
    0xff, 0xff, 0x70, 0x0, 0x0, 0x0, 0x5f, 0xff,
    0xff, 0xff, 0xff, 0xe4, 0x0, 0x0, 0x0, 0x0,
    0x1, 0x6b, 0xef, 0xfe, 0xb6, 0x0, 0x0, 0x0,

    /* U+00F4 "ô" */
    0x0, 0x0, 0x0, 0x6, 0xff, 0xff, 0x40, 0x0,
    0x0, 0x0, 0x0, 0x0, 0x0, 0x5f, 0xff, 0xff,
    0xf4, 0x0, 0x0, 0x0, 0x0, 0x0, 0x5, 0xff,
    0xf9, 0xbf, 0xff, 0x30, 0x0, 0x0, 0x0, 0x0,
    0x5f, 0xff, 0xb0, 0xc, 0xff, 0xe3, 0x0, 0x0,
    0x0, 0x4, 0xff, 0xfd, 0x0, 0x1, 0xef, 0xfe,
    0x20, 0x0, 0x0, 0x0, 0x0, 0x0, 0x0, 0x0,
    0x0, 0x0, 0x0, 0x0, 0x0, 0x0, 0x0, 0x0,
    0x0, 0x0, 0x0, 0x0, 0x0, 0x0, 0x0, 0x0,
    0x0, 0x0, 0x0, 0x0, 0x0, 0x0, 0x0, 0x0,
    0x0, 0x0, 0x1, 0x6b, 0xef, 0xfe, 0xb6, 0x0,
    0x0, 0x0, 0x0, 0x0, 0x6f, 0xff, 0xff, 0xff,
    0xff, 0xe5, 0x0, 0x0, 0x0, 0x9, 0xff, 0xff,
    0xff, 0xff, 0xff, 0xff, 0x80, 0x0, 0x0, 0x7f,
    0xff, 0xff, 0xfc, 0xcf, 0xff, 0xff, 0xf6, 0x0,
    0x2, 0xff, 0xff, 0xf7, 0x0, 0x0, 0x8f, 0xff,
    0xff, 0x10, 0x9, 0xff, 0xff, 0x70, 0x0, 0x0,
    0x9, 0xff, 0xff, 0x80, 0xe, 0xff, 0xfe, 0x0,
    0x0, 0x0, 0x0, 0xef, 0xff, 0xd0, 0x3f, 0xff,
    0xf8, 0x0, 0x0, 0x0, 0x0, 0xaf, 0xff, 0xf1,
    0x5f, 0xff, 0xf5, 0x0, 0x0, 0x0, 0x0, 0x6f,
    0xff, 0xf4, 0x6f, 0xff, 0xf4, 0x0, 0x0, 0x0,
    0x0, 0x5f, 0xff, 0xf5, 0x6f, 0xff, 0xf4, 0x0,
    0x0, 0x0, 0x0, 0x5f, 0xff, 0xf5, 0x5f, 0xff,
    0xf5, 0x0, 0x0, 0x0, 0x0, 0x6f, 0xff, 0xf4,
    0x3f, 0xff, 0xf8, 0x0, 0x0, 0x0, 0x0, 0xaf,
    0xff, 0xf1, 0xf, 0xff, 0xfe, 0x0, 0x0, 0x0,
    0x0, 0xef, 0xff, 0xd0, 0x9, 0xff, 0xff, 0x70,
    0x0, 0x0, 0x9, 0xff, 0xff, 0x80, 0x2, 0xff,
    0xff, 0xf7, 0x0, 0x0, 0x8f, 0xff, 0xfe, 0x10,
    0x0, 0x6f, 0xff, 0xff, 0xfc, 0xcf, 0xff, 0xff,
    0xf5, 0x0, 0x0, 0x8, 0xff, 0xff, 0xff, 0xff,
    0xff, 0xff, 0x70, 0x0, 0x0, 0x0, 0x5f, 0xff,
    0xff, 0xff, 0xff, 0xe4, 0x0, 0x0, 0x0, 0x0,
    0x1, 0x6b, 0xef, 0xfe, 0xb6, 0x0, 0x0, 0x0,

    /* U+00F5 "õ" */
    0x0, 0x0, 0x1, 0x8b, 0x93, 0x0, 0xa, 0xb7,
    0x0, 0x0, 0x0, 0x0, 0xd, 0xff, 0xff, 0x91,
    0x4f, 0xf8, 0x0, 0x0, 0x0, 0x0, 0x6f, 0xff,
    0xff, 0xff, 0xff, 0xf4, 0x0, 0x0, 0x0, 0x0,
    0xaf, 0xf3, 0x2b, 0xff, 0xff, 0xc0, 0x0, 0x0,
    0x0, 0x0, 0x9c, 0xb0, 0x0, 0x4a, 0xb8, 0x0,
    0x0, 0x0, 0x0, 0x0, 0x0, 0x0, 0x0, 0x0,
    0x0, 0x0, 0x0, 0x0, 0x0, 0x0, 0x0, 0x0,
    0x0, 0x0, 0x0, 0x0, 0x0, 0x0, 0x0, 0x0,
    0x0, 0x0, 0x0, 0x0, 0x0, 0x0, 0x0, 0x0,
    0x0, 0x0, 0x1, 0x6b, 0xef, 0xfe, 0xb6, 0x0,
    0x0, 0x0, 0x0, 0x0, 0x6f, 0xff, 0xff, 0xff,
    0xff, 0xe5, 0x0, 0x0, 0x0, 0x9, 0xff, 0xff,
    0xff, 0xff, 0xff, 0xff, 0x80, 0x0, 0x0, 0x7f,
    0xff, 0xff, 0xfc, 0xcf, 0xff, 0xff, 0xf6, 0x0,
    0x2, 0xff, 0xff, 0xf7, 0x0, 0x0, 0x8f, 0xff,
    0xff, 0x10, 0x9, 0xff, 0xff, 0x70, 0x0, 0x0,
    0x9, 0xff, 0xff, 0x80, 0xe, 0xff, 0xfe, 0x0,
    0x0, 0x0, 0x0, 0xef, 0xff, 0xd0, 0x3f, 0xff,
    0xf8, 0x0, 0x0, 0x0, 0x0, 0xaf, 0xff, 0xf1,
    0x5f, 0xff, 0xf5, 0x0, 0x0, 0x0, 0x0, 0x6f,
    0xff, 0xf4, 0x6f, 0xff, 0xf4, 0x0, 0x0, 0x0,
    0x0, 0x5f, 0xff, 0xf5, 0x6f, 0xff, 0xf4, 0x0,
    0x0, 0x0, 0x0, 0x5f, 0xff, 0xf5, 0x5f, 0xff,
    0xf5, 0x0, 0x0, 0x0, 0x0, 0x6f, 0xff, 0xf4,
    0x3f, 0xff, 0xf8, 0x0, 0x0, 0x0, 0x0, 0xaf,
    0xff, 0xf1, 0xf, 0xff, 0xfe, 0x0, 0x0, 0x0,
    0x0, 0xef, 0xff, 0xd0, 0x9, 0xff, 0xff, 0x70,
    0x0, 0x0, 0x9, 0xff, 0xff, 0x80, 0x2, 0xff,
    0xff, 0xf7, 0x0, 0x0, 0x8f, 0xff, 0xfe, 0x10,
    0x0, 0x6f, 0xff, 0xff, 0xfc, 0xcf, 0xff, 0xff,
    0xf5, 0x0, 0x0, 0x8, 0xff, 0xff, 0xff, 0xff,
    0xff, 0xff, 0x70, 0x0, 0x0, 0x0, 0x5f, 0xff,
    0xff, 0xff, 0xff, 0xe4, 0x0, 0x0, 0x0, 0x0,
    0x1, 0x6b, 0xef, 0xfe, 0xb6, 0x0, 0x0, 0x0,

    /* U+00F6 "ö" */
    0x0, 0x0, 0x3b, 0xc5, 0x0, 0x0, 0x6c, 0xa2,
    0x0, 0x0, 0x0, 0x1, 0xef, 0xff, 0x30, 0x5,
    0xff, 0xfd, 0x0, 0x0, 0x0, 0x4, 0xff, 0xff,
    0x80, 0x9, 0xff, 0xff, 0x20, 0x0, 0x0, 0x1,
    0xff, 0xff, 0x50, 0x7, 0xff, 0xff, 0x0, 0x0,
    0x0, 0x0, 0x5e, 0xe8, 0x0, 0x0, 0x9f, 0xd4,
    0x0, 0x0, 0x0, 0x0, 0x0, 0x0, 0x0, 0x0,
    0x0, 0x0, 0x0, 0x0, 0x0, 0x0, 0x0, 0x0,
    0x0, 0x0, 0x0, 0x0, 0x0, 0x0, 0x0, 0x0,
    0x0, 0x0, 0x0, 0x0, 0x0, 0x0, 0x0, 0x0,
    0x0, 0x0, 0x1, 0x6b, 0xef, 0xfe, 0xb6, 0x0,
    0x0, 0x0, 0x0, 0x0, 0x6f, 0xff, 0xff, 0xff,
    0xff, 0xe5, 0x0, 0x0, 0x0, 0x9, 0xff, 0xff,
    0xff, 0xff, 0xff, 0xff, 0x80, 0x0, 0x0, 0x7f,
    0xff, 0xff, 0xfc, 0xcf, 0xff, 0xff, 0xf6, 0x0,
    0x2, 0xff, 0xff, 0xf7, 0x0, 0x0, 0x8f, 0xff,
    0xff, 0x10, 0x9, 0xff, 0xff, 0x70, 0x0, 0x0,
    0x9, 0xff, 0xff, 0x80, 0xe, 0xff, 0xfe, 0x0,
    0x0, 0x0, 0x0, 0xef, 0xff, 0xd0, 0x3f, 0xff,
    0xf8, 0x0, 0x0, 0x0, 0x0, 0xaf, 0xff, 0xf1,
    0x5f, 0xff, 0xf5, 0x0, 0x0, 0x0, 0x0, 0x6f,
    0xff, 0xf4, 0x6f, 0xff, 0xf4, 0x0, 0x0, 0x0,
    0x0, 0x5f, 0xff, 0xf5, 0x6f, 0xff, 0xf4, 0x0,
    0x0, 0x0, 0x0, 0x5f, 0xff, 0xf5, 0x5f, 0xff,
    0xf5, 0x0, 0x0, 0x0, 0x0, 0x6f, 0xff, 0xf4,
    0x3f, 0xff, 0xf8, 0x0, 0x0, 0x0, 0x0, 0xaf,
    0xff, 0xf1, 0xf, 0xff, 0xfe, 0x0, 0x0, 0x0,
    0x0, 0xef, 0xff, 0xd0, 0x9, 0xff, 0xff, 0x70,
    0x0, 0x0, 0x9, 0xff, 0xff, 0x80, 0x2, 0xff,
    0xff, 0xf7, 0x0, 0x0, 0x8f, 0xff, 0xfe, 0x10,
    0x0, 0x6f, 0xff, 0xff, 0xfc, 0xcf, 0xff, 0xff,
    0xf5, 0x0, 0x0, 0x8, 0xff, 0xff, 0xff, 0xff,
    0xff, 0xff, 0x70, 0x0, 0x0, 0x0, 0x5f, 0xff,
    0xff, 0xff, 0xff, 0xe4, 0x0, 0x0, 0x0, 0x0,
    0x1, 0x6b, 0xef, 0xfe, 0xb6, 0x0, 0x0, 0x0,

    /* U+00F7 "÷" */
    0x0, 0x0, 0x0, 0x6, 0xee, 0x80, 0x0, 0x0,
    0x0, 0x0, 0x0, 0x0, 0x5f, 0xff, 0xf8, 0x0,
    0x0, 0x0, 0x0, 0x0, 0x0, 0xaf, 0xff, 0xfd,
    0x0, 0x0, 0x0, 0x0, 0x0, 0x0, 0x8f, 0xff,
    0xfc, 0x0, 0x0, 0x0, 0x0, 0x0, 0x0, 0x1e,
    0xff, 0xf4, 0x0, 0x0, 0x0, 0x0, 0x0, 0x0,
    0x1, 0x78, 0x20, 0x0, 0x0, 0x0, 0x0, 0x0,
    0x0, 0x0, 0x0, 0x0, 0x0, 0x0, 0x0, 0x0,
    0x0, 0x0, 0x0, 0x0, 0x0, 0x0, 0x0, 0x0,
    0x8f, 0xff, 0xff, 0xff, 0xff, 0xff, 0xff, 0xff,
    0xfc, 0x8f, 0xff, 0xff, 0xff, 0xff, 0xff, 0xff,
    0xff, 0xfc, 0x8f, 0xff, 0xff, 0xff, 0xff, 0xff,
    0xff, 0xff, 0xfc, 0x7d, 0xdd, 0xdd, 0xdd, 0xdd,
    0xdd, 0xdd, 0xdd, 0xda, 0x0, 0x0, 0x0, 0x0,
    0x0, 0x0, 0x0, 0x0, 0x0, 0x0, 0x0, 0x0,
    0x0, 0x0, 0x0, 0x0, 0x0, 0x0, 0x0, 0x0,
    0x0, 0x6, 0xee, 0x80, 0x0, 0x0, 0x0, 0x0,
    0x0, 0x0, 0x5f, 0xff, 0xf8, 0x0, 0x0, 0x0,
    0x0, 0x0, 0x0, 0xaf, 0xff, 0xfd, 0x0, 0x0,
    0x0, 0x0, 0x0, 0x0, 0x8f, 0xff, 0xfb, 0x0,
    0x0, 0x0, 0x0, 0x0, 0x0, 0x1e, 0xff, 0xf4,
    0x0, 0x0, 0x0, 0x0, 0x0, 0x0, 0x1, 0x78,
    0x20, 0x0, 0x0, 0x0,

    /* U+00F8 "ø" */
    0x0, 0x0, 0x0, 0x0, 0x0, 0x0, 0x0, 0x0,
    0x4, 0x0, 0x0, 0x0, 0x1, 0x6b, 0xef, 0xfe,
    0xb6, 0x0, 0x5f, 0xb1, 0x0, 0x0, 0x6f, 0xff,
    0xff, 0xff, 0xff, 0xe9, 0xff, 0xe2, 0x0, 0x9,
    0xff, 0xff, 0xff, 0xff, 0xff, 0xff, 0xff, 0x30,
    0x0, 0x7f, 0xff, 0xff, 0xfc, 0xcf, 0xff, 0xff,
    0xfb, 0x0, 0x2, 0xff, 0xff, 0xf7, 0x0, 0x0,
    0x9f, 0xff, 0xff, 0x10, 0x9, 0xff, 0xff, 0x70,
    0x0, 0x0, 0xaf, 0xff, 0xff, 0x80, 0xe, 0xff,
    0xfe, 0x0, 0x0, 0x8, 0xff, 0xff, 0xff, 0xd0,
    0x3f, 0xff, 0xf8, 0x0, 0x0, 0x6f, 0xfc, 0xaf,
    0xff, 0xf1, 0x5f, 0xff, 0xf5, 0x0, 0x4, 0xff,
    0xe1, 0x6f, 0xff, 0xf4, 0x6f, 0xff, 0xf4, 0x0,
    0x3f, 0xff, 0x20, 0x5f, 0xff, 0xf5, 0x6f, 0xff,
    0xf4, 0x1, 0xef, 0xf4, 0x0, 0x5f, 0xff, 0xf5,
    0x5f, 0xff, 0xf5, 0x1d, 0xff, 0x60, 0x0, 0x6f,
    0xff, 0xf4, 0x3f, 0xff, 0xf9, 0xbf, 0xf8, 0x0,
    0x0, 0xaf, 0xff, 0xf1, 0xf, 0xff, 0xff, 0xff,
    0xa0, 0x0, 0x0, 0xef, 0xff, 0xd0, 0x9, 0xff,
    0xff, 0xfb, 0x0, 0x0, 0x9, 0xff, 0xff, 0x80,
    0x2, 0xff, 0xff, 0xf8, 0x0, 0x0, 0x8f, 0xff,
    0xfe, 0x10, 0x0, 0xaf, 0xff, 0xff, 0xfc, 0xcf,
    0xff, 0xff, 0xf5, 0x0, 0x2, 0xff, 0xff, 0xff,
    0xff, 0xff, 0xff, 0xff, 0x70, 0x0, 0x1e, 0xff,
    0xaf, 0xff, 0xff, 0xff, 0xff, 0xe4, 0x0, 0x0,
    0x3e, 0xf6, 0x1, 0x6b, 0xef, 0xfe, 0xb6, 0x0,
    0x0, 0x0, 0x2, 0x70, 0x0, 0x0, 0x0, 0x0,
    0x0, 0x0, 0x0, 0x0,

    /* U+00F9 "ù" */
    0x0, 0x0, 0xcf, 0xff, 0x80, 0x0, 0x0, 0x0,
    0x0, 0x0, 0x0, 0x2f, 0xff, 0xe0, 0x0, 0x0,
    0x0, 0x0, 0x0, 0x0, 0x8, 0xff, 0xf6, 0x0,
    0x0, 0x0, 0x0, 0x0, 0x0, 0x0, 0xdf, 0xfd,
    0x0, 0x0, 0x0, 0x0, 0x0, 0x0, 0x0, 0x3f,
    0xff, 0x50, 0x0, 0x0, 0x0, 0x0, 0x0, 0x0,
    0x4, 0x66, 0x40, 0x0, 0x0, 0x0, 0x0, 0x0,
    0x0, 0x0, 0x0, 0x0, 0x0, 0x0, 0x0, 0x0,
    0x0, 0x0, 0x0, 0x0, 0x0, 0x0, 0x0, 0x0,
    0x9f, 0xff, 0xf0, 0x0, 0x0, 0x0, 0xf, 0xff,
    0xfa, 0x9f, 0xff, 0xf0, 0x0, 0x0, 0x0, 0xf,
    0xff, 0xfa, 0x9f, 0xff, 0xf0, 0x0, 0x0, 0x0,
    0xf, 0xff, 0xfa, 0x9f, 0xff, 0xf0, 0x0, 0x0,
    0x0, 0xf, 0xff, 0xfa, 0x9f, 0xff, 0xf0, 0x0,
    0x0, 0x0, 0xf, 0xff, 0xfa, 0x9f, 0xff, 0xf0,
    0x0, 0x0, 0x0, 0xf, 0xff, 0xfa, 0x9f, 0xff,
    0xf0, 0x0, 0x0, 0x0, 0xf, 0xff, 0xfa, 0x9f,
    0xff, 0xf0, 0x0, 0x0, 0x0, 0xf, 0xff, 0xfa,
    0x9f, 0xff, 0xf0, 0x0, 0x0, 0x0, 0xf, 0xff,
    0xfa, 0x9f, 0xff, 0xf0, 0x0, 0x0, 0x0, 0xf,
    0xff, 0xfa, 0x9f, 0xff, 0xf0, 0x0, 0x0, 0x0,
    0xf, 0xff, 0xfa, 0x9f, 0xff, 0xf0, 0x0, 0x0,
    0x0, 0xf, 0xff, 0xfa, 0x9f, 0xff, 0xf0, 0x0,
    0x0, 0x0, 0xf, 0xff, 0xfa, 0x8f, 0xff, 0xf3,
    0x0, 0x0, 0x0, 0x4f, 0xff, 0xfa, 0x6f, 0xff,
    0xfb, 0x0, 0x0, 0x0, 0xcf, 0xff, 0xfa, 0x2f,
    0xff, 0xff, 0xa1, 0x0, 0x3c, 0xff, 0xff, 0xfa,
    0xc, 0xff, 0xff, 0xff, 0xef, 0xff, 0xdc, 0xff,
    0xfa, 0x3, 0xff, 0xff, 0xff, 0xff, 0xff, 0x4b,
    0xff, 0xfa, 0x0, 0x4f, 0xff, 0xff, 0xff, 0xf6,
    0xb, 0xff, 0xfa, 0x0, 0x1, 0x8c, 0xff, 0xd9,
    0x20, 0xb, 0xff, 0xfa,

    /* U+00FA "ú" */
    0x0, 0x0, 0x0, 0x0, 0x8, 0xff, 0xfc, 0x0,
    0x0, 0x0, 0x0, 0x0, 0x0, 0xe, 0xff, 0xf3,
    0x0, 0x0, 0x0, 0x0, 0x0, 0x0, 0x6f, 0xff,
    0x80, 0x0, 0x0, 0x0, 0x0, 0x0, 0x0, 0xdf,
    0xfd, 0x0, 0x0, 0x0, 0x0, 0x0, 0x0, 0x5,
    0xff, 0xf3, 0x0, 0x0, 0x0, 0x0, 0x0, 0x0,
    0x4, 0x66, 0x40, 0x0, 0x0, 0x0, 0x0, 0x0,
    0x0, 0x0, 0x0, 0x0, 0x0, 0x0, 0x0, 0x0,
    0x0, 0x0, 0x0, 0x0, 0x0, 0x0, 0x0, 0x0,
    0x9f, 0xff, 0xf0, 0x0, 0x0, 0x0, 0xf, 0xff,
    0xfa, 0x9f, 0xff, 0xf0, 0x0, 0x0, 0x0, 0xf,
    0xff, 0xfa, 0x9f, 0xff, 0xf0, 0x0, 0x0, 0x0,
    0xf, 0xff, 0xfa, 0x9f, 0xff, 0xf0, 0x0, 0x0,
    0x0, 0xf, 0xff, 0xfa, 0x9f, 0xff, 0xf0, 0x0,
    0x0, 0x0, 0xf, 0xff, 0xfa, 0x9f, 0xff, 0xf0,
    0x0, 0x0, 0x0, 0xf, 0xff, 0xfa, 0x9f, 0xff,
    0xf0, 0x0, 0x0, 0x0, 0xf, 0xff, 0xfa, 0x9f,
    0xff, 0xf0, 0x0, 0x0, 0x0, 0xf, 0xff, 0xfa,
    0x9f, 0xff, 0xf0, 0x0, 0x0, 0x0, 0xf, 0xff,
    0xfa, 0x9f, 0xff, 0xf0, 0x0, 0x0, 0x0, 0xf,
    0xff, 0xfa, 0x9f, 0xff, 0xf0, 0x0, 0x0, 0x0,
    0xf, 0xff, 0xfa, 0x9f, 0xff, 0xf0, 0x0, 0x0,
    0x0, 0xf, 0xff, 0xfa, 0x9f, 0xff, 0xf0, 0x0,
    0x0, 0x0, 0xf, 0xff, 0xfa, 0x8f, 0xff, 0xf3,
    0x0, 0x0, 0x0, 0x4f, 0xff, 0xfa, 0x6f, 0xff,
    0xfb, 0x0, 0x0, 0x0, 0xcf, 0xff, 0xfa, 0x2f,
    0xff, 0xff, 0xa1, 0x0, 0x3c, 0xff, 0xff, 0xfa,
    0xc, 0xff, 0xff, 0xff, 0xef, 0xff, 0xdc, 0xff,
    0xfa, 0x3, 0xff, 0xff, 0xff, 0xff, 0xff, 0x4b,
    0xff, 0xfa, 0x0, 0x4f, 0xff, 0xff, 0xff, 0xf6,
    0xb, 0xff, 0xfa, 0x0, 0x1, 0x8c, 0xff, 0xd9,
    0x20, 0xb, 0xff, 0xfa,

    /* U+00FB "û" */
    0x0, 0x0, 0x0, 0x4f, 0xff, 0xf5, 0x0, 0x0,
    0x0, 0x0, 0x0, 0x3, 0xff, 0xff, 0xff, 0x30,
    0x0, 0x0, 0x0, 0x0, 0x2e, 0xff, 0xdc, 0xff,
    0xe2, 0x0, 0x0, 0x0, 0x1, 0xdf, 0xfe, 0x21,
    0xef, 0xfd, 0x0, 0x0, 0x0, 0xc, 0xff, 0xf4,
    0x0, 0x4f, 0xff, 0xb0, 0x0, 0x0, 0x38, 0x88,
    0x50, 0x0, 0x5, 0x88, 0x83, 0x0, 0x0, 0x0,
    0x0, 0x0, 0x0, 0x0, 0x0, 0x0, 0x0, 0x0,
    0x0, 0x0, 0x0, 0x0, 0x0, 0x0, 0x0, 0x0,
    0x9f, 0xff, 0xf0, 0x0, 0x0, 0x0, 0xf, 0xff,
    0xfa, 0x9f, 0xff, 0xf0, 0x0, 0x0, 0x0, 0xf,
    0xff, 0xfa, 0x9f, 0xff, 0xf0, 0x0, 0x0, 0x0,
    0xf, 0xff, 0xfa, 0x9f, 0xff, 0xf0, 0x0, 0x0,
    0x0, 0xf, 0xff, 0xfa, 0x9f, 0xff, 0xf0, 0x0,
    0x0, 0x0, 0xf, 0xff, 0xfa, 0x9f, 0xff, 0xf0,
    0x0, 0x0, 0x0, 0xf, 0xff, 0xfa, 0x9f, 0xff,
    0xf0, 0x0, 0x0, 0x0, 0xf, 0xff, 0xfa, 0x9f,
    0xff, 0xf0, 0x0, 0x0, 0x0, 0xf, 0xff, 0xfa,
    0x9f, 0xff, 0xf0, 0x0, 0x0, 0x0, 0xf, 0xff,
    0xfa, 0x9f, 0xff, 0xf0, 0x0, 0x0, 0x0, 0xf,
    0xff, 0xfa, 0x9f, 0xff, 0xf0, 0x0, 0x0, 0x0,
    0xf, 0xff, 0xfa, 0x9f, 0xff, 0xf0, 0x0, 0x0,
    0x0, 0xf, 0xff, 0xfa, 0x9f, 0xff, 0xf0, 0x0,
    0x0, 0x0, 0xf, 0xff, 0xfa, 0x8f, 0xff, 0xf3,
    0x0, 0x0, 0x0, 0x4f, 0xff, 0xfa, 0x6f, 0xff,
    0xfb, 0x0, 0x0, 0x0, 0xcf, 0xff, 0xfa, 0x2f,
    0xff, 0xff, 0xa1, 0x0, 0x3c, 0xff, 0xff, 0xfa,
    0xc, 0xff, 0xff, 0xff, 0xef, 0xff, 0xdc, 0xff,
    0xfa, 0x3, 0xff, 0xff, 0xff, 0xff, 0xff, 0x4b,
    0xff, 0xfa, 0x0, 0x4f, 0xff, 0xff, 0xff, 0xf6,
    0xb, 0xff, 0xfa, 0x0, 0x1, 0x8c, 0xff, 0xd9,
    0x20, 0xb, 0xff, 0xfa,

    /* U+00FC "ü" */
    0x0, 0x2, 0xac, 0x60, 0x0, 0x5, 0xcb, 0x20,
    0x0, 0x0, 0xe, 0xff, 0xf4, 0x0, 0x4f, 0xff,
    0xe0, 0x0, 0x0, 0x3f, 0xff, 0xf9, 0x0, 0x8f,
    0xff, 0xf3, 0x0, 0x0, 0x1f, 0xff, 0xf6, 0x0,
    0x6f, 0xff, 0xf1, 0x0, 0x0, 0x4, 0xde, 0x80,
    0x0, 0x8, 0xed, 0x50, 0x0, 0x0, 0x0, 0x0,
    0x0, 0x0, 0x0, 0x0, 0x0, 0x0, 0x0, 0x0,
    0x0, 0x0, 0x0, 0x0, 0x0, 0x0, 0x0, 0x0,
    0x0, 0x0, 0x0, 0x0, 0x0, 0x0, 0x0, 0x0,
    0x9f, 0xff, 0xf0, 0x0, 0x0, 0x0, 0xf, 0xff,
    0xfa, 0x9f, 0xff, 0xf0, 0x0, 0x0, 0x0, 0xf,
    0xff, 0xfa, 0x9f, 0xff, 0xf0, 0x0, 0x0, 0x0,
    0xf, 0xff, 0xfa, 0x9f, 0xff, 0xf0, 0x0, 0x0,
    0x0, 0xf, 0xff, 0xfa, 0x9f, 0xff, 0xf0, 0x0,
    0x0, 0x0, 0xf, 0xff, 0xfa, 0x9f, 0xff, 0xf0,
    0x0, 0x0, 0x0, 0xf, 0xff, 0xfa, 0x9f, 0xff,
    0xf0, 0x0, 0x0, 0x0, 0xf, 0xff, 0xfa, 0x9f,
    0xff, 0xf0, 0x0, 0x0, 0x0, 0xf, 0xff, 0xfa,
    0x9f, 0xff, 0xf0, 0x0, 0x0, 0x0, 0xf, 0xff,
    0xfa, 0x9f, 0xff, 0xf0, 0x0, 0x0, 0x0, 0xf,
    0xff, 0xfa, 0x9f, 0xff, 0xf0, 0x0, 0x0, 0x0,
    0xf, 0xff, 0xfa, 0x9f, 0xff, 0xf0, 0x0, 0x0,
    0x0, 0xf, 0xff, 0xfa, 0x9f, 0xff, 0xf0, 0x0,
    0x0, 0x0, 0xf, 0xff, 0xfa, 0x8f, 0xff, 0xf3,
    0x0, 0x0, 0x0, 0x4f, 0xff, 0xfa, 0x6f, 0xff,
    0xfb, 0x0, 0x0, 0x0, 0xcf, 0xff, 0xfa, 0x2f,
    0xff, 0xff, 0xa1, 0x0, 0x3c, 0xff, 0xff, 0xfa,
    0xc, 0xff, 0xff, 0xff, 0xef, 0xff, 0xdc, 0xff,
    0xfa, 0x3, 0xff, 0xff, 0xff, 0xff, 0xff, 0x4b,
    0xff, 0xfa, 0x0, 0x4f, 0xff, 0xff, 0xff, 0xf6,
    0xb, 0xff, 0xfa, 0x0, 0x1, 0x8c, 0xff, 0xd9,
    0x20, 0xb, 0xff, 0xfa,

    /* U+00FD "ý" */
    0x0, 0x0, 0x0, 0x0, 0x0, 0xd, 0xff, 0xf6,
    0x0, 0x0, 0x0, 0x0, 0x0, 0x0, 0x0, 0x5,
    0xff, 0xfc, 0x0, 0x0, 0x0, 0x0, 0x0, 0x0,
    0x0, 0x0, 0xcf, 0xff, 0x20, 0x0, 0x0, 0x0,
    0x0, 0x0, 0x0, 0x0, 0x3f, 0xff, 0x70, 0x0,
    0x0, 0x0, 0x0, 0x0, 0x0, 0x0, 0xb, 0xff,
    0xc0, 0x0, 0x0, 0x0, 0x0, 0x0, 0x0, 0x0,
    0x0, 0x66, 0x62, 0x0, 0x0, 0x0, 0x0, 0x0,
    0x0, 0x0, 0x0, 0x0, 0x0, 0x0, 0x0, 0x0,
    0x0, 0x0, 0x0, 0x0, 0x0, 0x0, 0x0, 0x0,
    0x0, 0x0, 0x0, 0x0, 0x2f, 0xff, 0xfb, 0x0,
    0x0, 0x0, 0x0, 0x8, 0xff, 0xff, 0x40, 0xbf,
    0xff, 0xf1, 0x0, 0x0, 0x0, 0x0, 0xdf, 0xff,
    0xe0, 0x5, 0xff, 0xff, 0x60, 0x0, 0x0, 0x0,
    0x3f, 0xff, 0xf8, 0x0, 0xf, 0xff, 0xfc, 0x0,
    0x0, 0x0, 0x9, 0xff, 0xff, 0x20, 0x0, 0x9f,
    0xff, 0xf1, 0x0, 0x0, 0x0, 0xef, 0xff, 0xc0,
    0x0, 0x3, 0xff, 0xff, 0x60, 0x0, 0x0, 0x4f,
    0xff, 0xf6, 0x0, 0x0, 0xd, 0xff, 0xfc, 0x0,
    0x0, 0x9, 0xff, 0xff, 0x0, 0x0, 0x0, 0x7f,
    0xff, 0xf1, 0x0, 0x0, 0xef, 0xff, 0xa0, 0x0,
    0x0, 0x1, 0xff, 0xff, 0x60, 0x0, 0x4f, 0xff,
    0xf3, 0x0, 0x0, 0x0, 0xb, 0xff, 0xfc, 0x0,
    0xa, 0xff, 0xfd, 0x0, 0x0, 0x0, 0x0, 0x5f,
    0xff, 0xf1, 0x0, 0xff, 0xff, 0x70, 0x0, 0x0,
    0x0, 0x0, 0xef, 0xff, 0x60, 0x5f, 0xff, 0xf1,
    0x0, 0x0, 0x0, 0x0, 0x9, 0xff, 0xfb, 0x9,
    0xff, 0xfb, 0x0, 0x0, 0x0, 0x0, 0x0, 0x3f,
    0xff, 0xf0, 0xef, 0xff, 0x50, 0x0, 0x0, 0x0,
    0x0, 0x0, 0xdf, 0xff, 0x6f, 0xff, 0xe0, 0x0,
    0x0, 0x0, 0x0, 0x0, 0x7, 0xff, 0xfd, 0xff,
    0xf9, 0x0, 0x0, 0x0, 0x0, 0x0, 0x0, 0x1f,
    0xff, 0xff, 0xff, 0x30, 0x0, 0x0, 0x0, 0x0,
    0x0, 0x0, 0xbf, 0xff, 0xff, 0xc0, 0x0, 0x0,
    0x0, 0x0, 0x0, 0x0, 0x5, 0xff, 0xff, 0xf6,
    0x0, 0x0, 0x0, 0x0, 0x0, 0x0, 0x0, 0xf,
    0xff, 0xff, 0x10, 0x0, 0x0, 0x0, 0x0, 0x0,
    0x0, 0x1, 0xff, 0xff, 0xa0, 0x0, 0x0, 0x0,
    0x0, 0x0, 0x0, 0x0, 0x5f, 0xff, 0xf4, 0x0,
    0x0, 0x0, 0x0, 0x0, 0x0, 0x0, 0x1d, 0xff,
    0xfd, 0x0, 0x0, 0x0, 0x0, 0x0, 0x0, 0xcc,
    0xcf, 0xff, 0xff, 0x50, 0x0, 0x0, 0x0, 0x0,
    0x0, 0x2f, 0xff, 0xff, 0xff, 0xb0, 0x0, 0x0,
    0x0, 0x0, 0x0, 0x7, 0xff, 0xff, 0xff, 0xb0,
    0x0, 0x0, 0x0, 0x0, 0x0, 0x0, 0x7d, 0xff,
    0xeb, 0x50, 0x0, 0x0, 0x0, 0x0, 0x0, 0x0,

    /* U+00FE "þ" */
    0x9f, 0xff, 0xf0, 0x0, 0x0, 0x0, 0x0, 0x0,
    0x0, 0x9, 0xff, 0xff, 0x0, 0x0, 0x0, 0x0,
    0x0, 0x0, 0x0, 0x9f, 0xff, 0xf0, 0x0, 0x0,
    0x0, 0x0, 0x0, 0x0, 0x9, 0xff, 0xff, 0x0,
    0x0, 0x0, 0x0, 0x0, 0x0, 0x0, 0x9f, 0xff,
    0xf0, 0x0, 0x0, 0x0, 0x0, 0x0, 0x0, 0x9,
    0xff, 0xff, 0x0, 0x0, 0x0, 0x0, 0x0, 0x0,
    0x0, 0x9f, 0xff, 0xf0, 0x2, 0x9d, 0xff, 0xc8,
    0x10, 0x0, 0x9, 0xff, 0xff, 0x5, 0xff, 0xff,
    0xff, 0xff, 0x60, 0x0, 0x9f, 0xff, 0xf3, 0xff,
    0xff, 0xff, 0xff, 0xff, 0x70, 0x9, 0xff, 0xff,
    0xdf, 0xfe, 0xce, 0xff, 0xff, 0xff, 0x30, 0x9f,
    0xff, 0xff, 0xe4, 0x0, 0x3, 0xdf, 0xff, 0xfc,
    0x9, 0xff, 0xff, 0xf2, 0x0, 0x0, 0x1, 0xef,
    0xff, 0xf3, 0x9f, 0xff, 0xf8, 0x0, 0x0, 0x0,
    0x7, 0xff, 0xff, 0x89, 0xff, 0xff, 0x30, 0x0,
    0x0, 0x0, 0x1f, 0xff, 0xfb, 0x9f, 0xff, 0xf0,
    0x0, 0x0, 0x0, 0x0, 0xef, 0xff, 0xd9, 0xff,
    0xfe, 0x0, 0x0, 0x0, 0x0, 0xc, 0xff, 0xfe,
    0x9f, 0xff, 0xe0, 0x0, 0x0, 0x0, 0x0, 0xdf,
    0xff, 0xe9, 0xff, 0xff, 0x0, 0x0, 0x0, 0x0,
    0xe, 0xff, 0xfd, 0x9f, 0xff, 0xf3, 0x0, 0x0,
    0x0, 0x1, 0xff, 0xff, 0xb9, 0xff, 0xff, 0x90,
    0x0, 0x0, 0x0, 0x7f, 0xff, 0xf8, 0x9f, 0xff,
    0xff, 0x20, 0x0, 0x0, 0x1e, 0xff, 0xff, 0x39,
    0xff, 0xff, 0xfe, 0x40, 0x0, 0x3d, 0xff, 0xff,
    0xc0, 0x9f, 0xff, 0xfd, 0xff, 0xec, 0xef, 0xff,
    0xff, 0xf3, 0x9, 0xff, 0xff, 0x3f, 0xff, 0xff,
    0xff, 0xff, 0xf7, 0x0, 0x9f, 0xff, 0xf0, 0x5f,
    0xff, 0xff, 0xff, 0xf6, 0x0, 0x9, 0xff, 0xff,
    0x0, 0x29, 0xdf, 0xfd, 0x81, 0x0, 0x0, 0x9f,
    0xff, 0xf0, 0x0, 0x0, 0x0, 0x0, 0x0, 0x0,
    0x9, 0xff, 0xff, 0x0, 0x0, 0x0, 0x0, 0x0,
    0x0, 0x0, 0x9f, 0xff, 0xf0, 0x0, 0x0, 0x0,
    0x0, 0x0, 0x0, 0x9, 0xff, 0xff, 0x0, 0x0,
    0x0, 0x0, 0x0, 0x0, 0x0, 0x9f, 0xff, 0xf0,
    0x0, 0x0, 0x0, 0x0, 0x0, 0x0, 0x9, 0xff,
    0xff, 0x0, 0x0, 0x0, 0x0, 0x0, 0x0, 0x0,
    0x9f, 0xff, 0xf0, 0x0, 0x0, 0x0, 0x0, 0x0,
    0x0, 0x0,

    /* U+00FF "ÿ" */
    0x0, 0x0, 0x9, 0xed, 0x40, 0x0, 0x2b, 0xfb,
    0x10, 0x0, 0x0, 0x0, 0x6, 0xff, 0xff, 0x10,
    0xc, 0xff, 0xfa, 0x0, 0x0, 0x0, 0x0, 0x9f,
    0xff, 0xf3, 0x0, 0xff, 0xff, 0xd0, 0x0, 0x0,
    0x0, 0x5, 0xff, 0xfe, 0x0, 0xa, 0xff, 0xf9,
    0x0, 0x0, 0x0, 0x0, 0x6, 0xca, 0x20, 0x0,
    0x19, 0xc8, 0x0, 0x0, 0x0, 0x0, 0x0, 0x0,
    0x0, 0x0, 0x0, 0x0, 0x0, 0x0, 0x0, 0x0,
    0x0, 0x0, 0x0, 0x0, 0x0, 0x0, 0x0, 0x0,
    0x0, 0x0, 0x0, 0x0, 0x0, 0x0, 0x0, 0x0,
    0x0, 0x0, 0x0, 0x0, 0x2f, 0xff, 0xfb, 0x0,
    0x0, 0x0, 0x0, 0x8, 0xff, 0xff, 0x40, 0xbf,
    0xff, 0xf1, 0x0, 0x0, 0x0, 0x0, 0xdf, 0xff,
    0xe0, 0x5, 0xff, 0xff, 0x60, 0x0, 0x0, 0x0,
    0x3f, 0xff, 0xf8, 0x0, 0xf, 0xff, 0xfc, 0x0,
    0x0, 0x0, 0x9, 0xff, 0xff, 0x20, 0x0, 0x9f,
    0xff, 0xf1, 0x0, 0x0, 0x0, 0xef, 0xff, 0xc0,
    0x0, 0x3, 0xff, 0xff, 0x60, 0x0, 0x0, 0x4f,
    0xff, 0xf6, 0x0, 0x0, 0xd, 0xff, 0xfc, 0x0,
    0x0, 0x9, 0xff, 0xff, 0x0, 0x0, 0x0, 0x7f,
    0xff, 0xf1, 0x0, 0x0, 0xef, 0xff, 0xa0, 0x0,
    0x0, 0x1, 0xff, 0xff, 0x60, 0x0, 0x4f, 0xff,
    0xf3, 0x0, 0x0, 0x0, 0xb, 0xff, 0xfc, 0x0,
    0xa, 0xff, 0xfd, 0x0, 0x0, 0x0, 0x0, 0x5f,
    0xff, 0xf1, 0x0, 0xff, 0xff, 0x70, 0x0, 0x0,
    0x0, 0x0, 0xef, 0xff, 0x60, 0x5f, 0xff, 0xf1,
    0x0, 0x0, 0x0, 0x0, 0x9, 0xff, 0xfb, 0x9,
    0xff, 0xfb, 0x0, 0x0, 0x0, 0x0, 0x0, 0x3f,
    0xff, 0xf0, 0xef, 0xff, 0x50, 0x0, 0x0, 0x0,
    0x0, 0x0, 0xdf, 0xff, 0x6f, 0xff, 0xe0, 0x0,
    0x0, 0x0, 0x0, 0x0, 0x7, 0xff, 0xfd, 0xff,
    0xf9, 0x0, 0x0, 0x0, 0x0, 0x0, 0x0, 0x1f,
    0xff, 0xff, 0xff, 0x30, 0x0, 0x0, 0x0, 0x0,
    0x0, 0x0, 0xbf, 0xff, 0xff, 0xc0, 0x0, 0x0,
    0x0, 0x0, 0x0, 0x0, 0x5, 0xff, 0xff, 0xf6,
    0x0, 0x0, 0x0, 0x0, 0x0, 0x0, 0x0, 0xf,
    0xff, 0xff, 0x10, 0x0, 0x0, 0x0, 0x0, 0x0,
    0x0, 0x1, 0xff, 0xff, 0xa0, 0x0, 0x0, 0x0,
    0x0, 0x0, 0x0, 0x0, 0x5f, 0xff, 0xf4, 0x0,
    0x0, 0x0, 0x0, 0x0, 0x0, 0x0, 0x1d, 0xff,
    0xfd, 0x0, 0x0, 0x0, 0x0, 0x0, 0x0, 0xcc,
    0xcf, 0xff, 0xff, 0x50, 0x0, 0x0, 0x0, 0x0,
    0x0, 0x2f, 0xff, 0xff, 0xff, 0xb0, 0x0, 0x0,
    0x0, 0x0, 0x0, 0x7, 0xff, 0xff, 0xff, 0xb0,
    0x0, 0x0, 0x0, 0x0, 0x0, 0x0, 0x7d, 0xff,
    0xeb, 0x50, 0x0, 0x0, 0x0, 0x0, 0x0, 0x0,

    /* U+2013 "–" */
    0xcc, 0xcc, 0xcc, 0xcc, 0xcc, 0xcc, 0xcc, 0xcc,
    0xcc, 0xff, 0xff, 0xff, 0xff, 0xff, 0xff, 0xff,
    0xff, 0xff, 0xff, 0xff, 0xff, 0xff, 0xff, 0xff,
    0xff, 0xff, 0xff, 0xff, 0xff, 0xff, 0xff, 0xff,
    0xff, 0xff, 0xff, 0xff,

    /* U+2014 "—" */
    0xcc, 0xcc, 0xcc, 0xcc, 0xcc, 0xcc, 0xcc, 0xcc,
    0xcc, 0xcc, 0xcc, 0xcc, 0xcc, 0xcc, 0xcc, 0xcc,
    0xcc, 0xcc, 0xff, 0xff, 0xff, 0xff, 0xff, 0xff,
    0xff, 0xff, 0xff, 0xff, 0xff, 0xff, 0xff, 0xff,
    0xff, 0xff, 0xff, 0xff, 0xff, 0xff, 0xff, 0xff,
    0xff, 0xff, 0xff, 0xff, 0xff, 0xff, 0xff, 0xff,
    0xff, 0xff, 0xff, 0xff, 0xff, 0xff, 0xff, 0xff,
    0xff, 0xff, 0xff, 0xff, 0xff, 0xff, 0xff, 0xff,
    0xff, 0xff, 0xff, 0xff, 0xff, 0xff, 0xff, 0xff,

    /* U+2018 "‘" */
    0x0, 0x3, 0xff, 0xf1, 0x0, 0x7, 0xff, 0xe0,
    0x0, 0xc, 0xff, 0xc0, 0x0, 0x1f, 0xff, 0xa0,
    0x0, 0x5f, 0xff, 0x70, 0x0, 0xaf, 0xff, 0x50,
    0x0, 0xef, 0xff, 0x30, 0x3, 0xff, 0xff, 0x0,
    0x7, 0xff, 0xfe, 0x0, 0xc, 0xff, 0xfc, 0x0,
    0xa, 0xaa, 0xa6, 0x0,

    /* U+2019 "’" */
    0x0, 0x6a, 0xaa, 0xa0, 0x0, 0xbf, 0xff, 0xc0,
    0x0, 0xef, 0xff, 0x80, 0x0, 0xff, 0xff, 0x30,
    0x2, 0xff, 0xfe, 0x0, 0x4, 0xff, 0xfa, 0x0,
    0x7, 0xff, 0xf5, 0x0, 0x9, 0xff, 0xf1, 0x0,
    0xb, 0xff, 0xc0, 0x0, 0xe, 0xff, 0x80, 0x0,
    0xf, 0xff, 0x30, 0x0,

    /* U+201A "‚" */
    0x4, 0xaa, 0xaa, 0x20, 0x8f, 0xff, 0xf0, 0xa,
    0xff, 0xfc, 0x0, 0xcf, 0xff, 0x70, 0xf, 0xff,
    0xf2, 0x1, 0xff, 0xfe, 0x0, 0x3f, 0xff, 0x90,
    0x6, 0xff, 0xf5, 0x0, 0x8f, 0xff, 0x0, 0xa,
    0xff, 0xb0, 0x0, 0xdf, 0xf7, 0x0, 0x0,

    /* U+201B "‛" */
    0x6f, 0xff, 0xf3, 0x2, 0xff, 0xff, 0x50, 0xd,
    0xff, 0xf8, 0x0, 0x8f, 0xff, 0xa0, 0x4, 0xff,
    0xfc, 0x0, 0xf, 0xff, 0xf0, 0x0, 0xaf, 0xff,
    0x10, 0x6, 0xff, 0xf3, 0x0, 0x1f, 0xff, 0x60,
    0x0, 0xdf, 0xf8, 0x0, 0x5, 0xaa, 0x60,

    /* U+201C "“" */
    0x0, 0x3, 0xff, 0xf1, 0x0, 0x8, 0xff, 0xb0,
    0x0, 0x7f, 0xfe, 0x0, 0x0, 0xdf, 0xf9, 0x0,
    0xc, 0xff, 0xc0, 0x0, 0x1f, 0xff, 0x70, 0x1,
    0xff, 0xfa, 0x0, 0x6, 0xff, 0xf4, 0x0, 0x5f,
    0xff, 0x70, 0x0, 0xbf, 0xff, 0x20, 0xa, 0xff,
    0xf5, 0x0, 0xf, 0xff, 0xf0, 0x0, 0xef, 0xff,
    0x30, 0x4, 0xff, 0xfd, 0x0, 0x3f, 0xff, 0xf0,
    0x0, 0x8f, 0xff, 0xb0, 0x7, 0xff, 0xfe, 0x0,
    0xd, 0xff, 0xf9, 0x0, 0xcf, 0xff, 0xc0, 0x2,
    0xff, 0xff, 0x60, 0xa, 0xaa, 0xa6, 0x0, 0x3a,
    0xaa, 0xa3, 0x0,

    /* U+201D "”" */
    0x0, 0x6a, 0xaa, 0xa0, 0x1, 0xaa, 0xaa, 0x50,
    0xb, 0xff, 0xfc, 0x0, 0x4f, 0xff, 0xf4, 0x0,
    0xef, 0xff, 0x80, 0x6, 0xff, 0xff, 0x0, 0xf,
    0xff, 0xf3, 0x0, 0x8f, 0xff, 0xb0, 0x2, 0xff,
    0xfe, 0x0, 0xb, 0xff, 0xf6, 0x0, 0x4f, 0xff,
    0xa0, 0x0, 0xdf, 0xff, 0x20, 0x7, 0xff, 0xf5,
    0x0, 0xf, 0xff, 0xd0, 0x0, 0x9f, 0xff, 0x10,
    0x2, 0xff, 0xf8, 0x0, 0xb, 0xff, 0xc0, 0x0,
    0x4f, 0xff, 0x40, 0x0, 0xef, 0xf8, 0x0, 0x6,
    0xff, 0xf0, 0x0, 0xf, 0xff, 0x30, 0x0, 0x9f,
    0xfb, 0x0, 0x0,

    /* U+2022 "•" */
    0x0, 0x0, 0x13, 0x31, 0x0, 0x0, 0x0, 0x1a,
    0xff, 0xff, 0xb2, 0x0, 0x1, 0xef, 0xff, 0xff,
    0xfe, 0x30, 0xc, 0xff, 0xff, 0xff, 0xff, 0xd0,
    0x3f, 0xff, 0xff, 0xff, 0xff, 0xf5, 0x7f, 0xff,
    0xff, 0xff, 0xff, 0xf9, 0x8f, 0xff, 0xff, 0xff,
    0xff, 0xfa, 0x6f, 0xff, 0xff, 0xff, 0xff, 0xf8,
    0x1f, 0xff, 0xff, 0xff, 0xff, 0xf3, 0x9, 0xff,
    0xff, 0xff, 0xff, 0xb0, 0x0, 0xaf, 0xff, 0xff,
    0xfc, 0x10, 0x0, 0x5, 0xce, 0xfc, 0x60, 0x0,

    /* U+2026 "…" */
    0x0, 0x49, 0x71, 0x0, 0x0, 0x0, 0x1, 0x78,
    0x40, 0x0, 0x0, 0x0, 0x5, 0x97, 0x0, 0x7,
    0xff, 0xfd, 0x0, 0x0, 0x0, 0x1e, 0xff, 0xf6,
    0x0, 0x0, 0x0, 0x8f, 0xff, 0xd0, 0xf, 0xff,
    0xff, 0x60, 0x0, 0x0, 0x7f, 0xff, 0xfe, 0x0,
    0x0, 0x0, 0xff, 0xff, 0xf5, 0xf, 0xff, 0xff,
    0x70, 0x0, 0x0, 0x8f, 0xff, 0xff, 0x0, 0x0,
    0x1, 0xff, 0xff, 0xf6, 0xb, 0xff, 0xff, 0x30,
    0x0, 0x0, 0x3f, 0xff, 0xfa, 0x0, 0x0, 0x0,
    0xcf, 0xff, 0xf2, 0x1, 0xaf, 0xd5, 0x0, 0x0,
    0x0, 0x5, 0xdf, 0xa1, 0x0, 0x0, 0x0, 0x1b,
    0xfd, 0x40,

    /* U+2190 "←" */
    0x0, 0x0, 0x0, 0x0, 0x0, 0x0, 0x31, 0x0,
    0x0, 0x0, 0x0, 0x0, 0x0, 0x0, 0x0, 0x0,
    0x0, 0x0, 0x0, 0x3f, 0xd1, 0x0, 0x0, 0x0,
    0x0, 0x0, 0x0, 0x0, 0x0, 0x0, 0x0, 0x0,
    0x3f, 0xff, 0xd1, 0x0, 0x0, 0x0, 0x0, 0x0,
    0x0, 0x0, 0x0, 0x0, 0x0, 0x3f, 0xff, 0xfe,
    0x20, 0x0, 0x0, 0x0, 0x0, 0x0, 0x0, 0x0,
    0x0, 0x0, 0x3f, 0xff, 0xfe, 0x20, 0x0, 0x0,
    0x0, 0x0, 0x0, 0x0, 0x0, 0x0, 0x0, 0x3f,
    0xff, 0xfe, 0x20, 0x0, 0x0, 0x0, 0x0, 0x0,
    0x0, 0x0, 0x0, 0x0, 0x3f, 0xff, 0xfe, 0x20,
    0x0, 0x0, 0x0, 0x0, 0x0, 0x0, 0x0, 0x0,
    0x0, 0x3f, 0xff, 0xfd, 0x20, 0x0, 0x0, 0x0,
    0x0, 0x0, 0x0, 0x0, 0x0, 0x0, 0x3f, 0xff,
    0xfc, 0x10, 0x0, 0x0, 0x0, 0x0, 0x0, 0x0,
    0x0, 0x0, 0x0, 0x3f, 0xff, 0xfa, 0x0, 0x0,
    0x0, 0x0, 0x0, 0x0, 0x0, 0x0, 0x0, 0x0,
    0x3f, 0xff, 0xf6, 0x0, 0x12, 0x22, 0x22, 0x22,
    0x22, 0x22, 0x22, 0x22, 0x10, 0x3f, 0xff, 0xfd,
    0xdf, 0xff, 0xff, 0xff, 0xff, 0xff, 0xff, 0xff,
    0xff, 0xfd, 0x2f, 0xff, 0xff, 0xff, 0xff, 0xff,
    0xff, 0xff, 0xff, 0xff, 0xff, 0xff, 0xff, 0xd0,
    0xaf, 0xff, 0xff, 0xff, 0xff, 0xff, 0xff, 0xff,
    0xff, 0xff, 0xff, 0xff, 0xfd, 0x0, 0xaf, 0xff,
    0xd6, 0x89, 0xaa, 0xaa, 0xaa, 0xaa, 0xaa, 0xaa,
    0xaa, 0xaa, 0x80, 0x0, 0xaf, 0xff, 0xd2, 0x0,
    0x0, 0x0, 0x0, 0x0, 0x0, 0x0, 0x0, 0x0,
    0x0, 0x0, 0xaf, 0xff, 0xf4, 0x0, 0x0, 0x0,
    0x0, 0x0, 0x0, 0x0, 0x0, 0x0, 0x0, 0x0,
    0xaf, 0xff, 0xf6, 0x0, 0x0, 0x0, 0x0, 0x0,
    0x0, 0x0, 0x0, 0x0, 0x0, 0x0, 0xaf, 0xff,
    0xf7, 0x0, 0x0, 0x0, 0x0, 0x0, 0x0, 0x0,
    0x0, 0x0, 0x0, 0x0, 0xaf, 0xff, 0xf7, 0x0,
    0x0, 0x0, 0x0, 0x0, 0x0, 0x0, 0x0, 0x0,
    0x0, 0x0, 0xaf, 0xff, 0xf7, 0x0, 0x0, 0x0,
    0x0, 0x0, 0x0, 0x0, 0x0, 0x0, 0x0, 0x0,
    0xaf, 0xff, 0xf7, 0x0, 0x0, 0x0, 0x0, 0x0,
    0x0, 0x0, 0x0, 0x0, 0x0, 0x0, 0xaf, 0xff,
    0xf3, 0x0, 0x0, 0x0, 0x0, 0x0, 0x0, 0x0,
    0x0, 0x0, 0x0, 0x0, 0xaf, 0xf7, 0x0, 0x0,
    0x0, 0x0, 0x0, 0x0, 0x0, 0x0, 0x0, 0x0,
    0x0, 0x0, 0xa7, 0x0, 0x0, 0x0, 0x0, 0x0,
    0x0, 0x0, 0x0, 0x0, 0x0, 0x0, 0x0, 0x0,
    0x0, 0x0, 0x0, 0x0, 0x0, 0x0, 0x0,

    /* U+2191 "↑" */
    0x0, 0x0, 0x0, 0x0, 0x0, 0x0, 0x42, 0x0,
    0x0, 0x0, 0x0, 0x0, 0x0, 0x0, 0x0, 0x0,
    0x0, 0x0, 0x5, 0xfe, 0x20, 0x0, 0x0, 0x0,
    0x0, 0x0, 0x0, 0x0, 0x0, 0x0, 0x0, 0x5f,
    0xff, 0xe2, 0x0, 0x0, 0x0, 0x0, 0x0, 0x0,
    0x0, 0x0, 0x0, 0x5, 0xff, 0xff, 0xfe, 0x20,
    0x0, 0x0, 0x0, 0x0, 0x0, 0x0, 0x0, 0x0,
    0x5f, 0xff, 0xff, 0xff, 0xe2, 0x0, 0x0, 0x0,
    0x0, 0x0, 0x0, 0x0, 0x5, 0xff, 0xff, 0xff,
    0xff, 0xfe, 0x20, 0x0, 0x0, 0x0, 0x0, 0x0,
    0x0, 0x5f, 0xff, 0xfc, 0xff, 0xbf, 0xff, 0xe2,
    0x0, 0x0, 0x0, 0x0, 0x0, 0x5, 0xff, 0xff,
    0x5c, 0xff, 0x7a, 0xff, 0xfe, 0x20, 0x0, 0x0,
    0x0, 0x0, 0x5f, 0xff, 0xf8, 0xe, 0xff, 0x90,
    0xcf, 0xff, 0xe2, 0x0, 0x0, 0x0, 0x5, 0xff,
    0xff, 0xb0, 0xf, 0xff, 0xb0, 0x1e, 0xff, 0xfe,
    0x20, 0x0, 0x0, 0x5f, 0xff, 0xfc, 0x0, 0xf,
    0xff, 0xb0, 0x3, 0xff, 0xff, 0xe2, 0x0, 0x5,
    0xff, 0xff, 0xd1, 0x0, 0xf, 0xff, 0xc0, 0x0,
    0x3f, 0xff, 0xfe, 0x20, 0x3f, 0xff, 0xfd, 0x10,
    0x0, 0xf, 0xff, 0xc0, 0x0, 0x3, 0xff, 0xff,
    0xd0, 0x9, 0xff, 0xd1, 0x0, 0x0, 0xf, 0xff,
    0xc0, 0x0, 0x0, 0x3f, 0xff, 0x50, 0x0, 0x9d,
    0x10, 0x0, 0x0, 0xf, 0xff, 0xc0, 0x0, 0x0,
    0x3, 0xe5, 0x0, 0x0, 0x0, 0x0, 0x0, 0x0,
    0xf, 0xff, 0xc0, 0x0, 0x0, 0x0, 0x10, 0x0,
    0x0, 0x0, 0x0, 0x0, 0x0, 0xf, 0xff, 0xc0,
    0x0, 0x0, 0x0, 0x0, 0x0, 0x0, 0x0, 0x0,
    0x0, 0x0, 0xf, 0xff, 0xc0, 0x0, 0x0, 0x0,
    0x0, 0x0, 0x0, 0x0, 0x0, 0x0, 0x0, 0xf,
    0xff, 0xc0, 0x0, 0x0, 0x0, 0x0, 0x0, 0x0,
    0x0, 0x0, 0x0, 0x0, 0xf, 0xff, 0xc0, 0x0,
    0x0, 0x0, 0x0, 0x0, 0x0, 0x0, 0x0, 0x0,
    0x0, 0xf, 0xff, 0xc0, 0x0, 0x0, 0x0, 0x0,
    0x0, 0x0, 0x0, 0x0, 0x0, 0x0, 0xf, 0xff,
    0xc0, 0x0, 0x0, 0x0, 0x0, 0x0, 0x0, 0x0,
    0x0, 0x0, 0x0, 0xf, 0xff, 0xc0, 0x0, 0x0,
    0x0, 0x0, 0x0, 0x0, 0x0, 0x0, 0x0, 0x0,
    0xf, 0xff, 0xc0, 0x0, 0x0, 0x0, 0x0, 0x0,
    0x0, 0x0, 0x0, 0x0, 0x0, 0xf, 0xff, 0xc0,
    0x0, 0x0, 0x0, 0x0, 0x0, 0x0, 0x0, 0x0,
    0x0, 0x0, 0xf, 0xff, 0xc0, 0x0, 0x0, 0x0,
    0x0, 0x0, 0x0, 0x0, 0x0, 0x0, 0x0, 0xf,
    0xff, 0xc0, 0x0, 0x0, 0x0, 0x0, 0x0,

    /* U+2192 "→" */
    0x0, 0x0, 0x0, 0x0, 0x0, 0x0, 0x0, 0x40,
    0x0, 0x0, 0x0, 0x0, 0x0, 0x0, 0x0, 0x0,
    0x0, 0x0, 0x0, 0x0, 0x9f, 0x80, 0x0, 0x0,
    0x0, 0x0, 0x0, 0x0, 0x0, 0x0, 0x0, 0x0,
    0x0, 0x9f, 0xff, 0x80, 0x0, 0x0, 0x0, 0x0,
    0x0, 0x0, 0x0, 0x0, 0x0, 0x0, 0xa, 0xff,
    0xff, 0x80, 0x0, 0x0, 0x0, 0x0, 0x0, 0x0,
    0x0, 0x0, 0x0, 0x0, 0xa, 0xff, 0xff, 0x80,
    0x0, 0x0, 0x0, 0x0, 0x0, 0x0, 0x0, 0x0,
    0x0, 0x0, 0xa, 0xff, 0xff, 0x80, 0x0, 0x0,
    0x0, 0x0, 0x0, 0x0, 0x0, 0x0, 0x0, 0x0,
    0xa, 0xff, 0xff, 0x80, 0x0, 0x0, 0x0, 0x0,
    0x0, 0x0, 0x0, 0x0, 0x0, 0x0, 0xa, 0xff,
    0xff, 0x80, 0x0, 0x0, 0x0, 0x0, 0x0, 0x0,
    0x0, 0x0, 0x0, 0x0, 0x8, 0xff, 0xff, 0x80,
    0x0, 0x0, 0x0, 0x0, 0x0, 0x0, 0x0, 0x0,
    0x0, 0x0, 0x5, 0xff, 0xff, 0x80, 0x0, 0x12,
    0x22, 0x22, 0x22, 0x22, 0x22, 0x22, 0x22, 0x11,
    0x2, 0xdf, 0xff, 0x80, 0x8, 0xff, 0xff, 0xff,
    0xff, 0xff, 0xff, 0xff, 0xff, 0xff, 0xec, 0xff,
    0xff, 0x80, 0x8f, 0xff, 0xff, 0xff, 0xff, 0xff,
    0xff, 0xff, 0xff, 0xff, 0xff, 0xff, 0xff, 0x78,
    0xff, 0xff, 0xff, 0xff, 0xff, 0xff, 0xff, 0xff,
    0xff, 0xff, 0xff, 0xff, 0xe2, 0x5a, 0xaa, 0xaa,
    0xaa, 0xaa, 0xaa, 0xaa, 0xaa, 0xa9, 0x86, 0xaf,
    0xff, 0xe2, 0x0, 0x0, 0x0, 0x0, 0x0, 0x0,
    0x0, 0x0, 0x0, 0x0, 0x9f, 0xff, 0xe2, 0x0,
    0x0, 0x0, 0x0, 0x0, 0x0, 0x0, 0x0, 0x0,
    0x1, 0xcf, 0xff, 0xe2, 0x0, 0x0, 0x0, 0x0,
    0x0, 0x0, 0x0, 0x0, 0x0, 0x2, 0xef, 0xff,
    0xe2, 0x0, 0x0, 0x0, 0x0, 0x0, 0x0, 0x0,
    0x0, 0x0, 0x3, 0xef, 0xff, 0xe2, 0x0, 0x0,
    0x0, 0x0, 0x0, 0x0, 0x0, 0x0, 0x0, 0x3,
    0xff, 0xff, 0xe2, 0x0, 0x0, 0x0, 0x0, 0x0,
    0x0, 0x0, 0x0, 0x0, 0x3, 0xff, 0xff, 0xe2,
    0x0, 0x0, 0x0, 0x0, 0x0, 0x0, 0x0, 0x0,
    0x0, 0x3, 0xff, 0xff, 0xe2, 0x0, 0x0, 0x0,
    0x0, 0x0, 0x0, 0x0, 0x0, 0x0, 0x0, 0xdf,
    0xff, 0xe2, 0x0, 0x0, 0x0, 0x0, 0x0, 0x0,
    0x0, 0x0, 0x0, 0x0, 0x3, 0xef, 0xe2, 0x0,
    0x0, 0x0, 0x0, 0x0, 0x0, 0x0, 0x0, 0x0,
    0x0, 0x0, 0x3, 0xd2, 0x0, 0x0, 0x0, 0x0,
    0x0, 0x0, 0x0, 0x0, 0x0, 0x0, 0x0, 0x0,
    0x0, 0x0, 0x0, 0x0, 0x0, 0x0, 0x0,

    /* U+2193 "↓" */
    0x0, 0x0, 0x0, 0x0, 0x0, 0x3, 0x33, 0x20,
    0x0, 0x0, 0x0, 0x0, 0x0, 0x0, 0x0, 0x0,
    0x0, 0x0, 0xf, 0xff, 0xc0, 0x0, 0x0, 0x0,
    0x0, 0x0, 0x0, 0x0, 0x0, 0x0, 0x0, 0xf,
    0xff, 0xc0, 0x0, 0x0, 0x0, 0x0, 0x0, 0x0,
    0x0, 0x0, 0x0, 0x0, 0xf, 0xff, 0xc0, 0x0,
    0x0, 0x0, 0x0, 0x0, 0x0, 0x0, 0x0, 0x0,
    0x0, 0xf, 0xff, 0xc0, 0x0, 0x0, 0x0, 0x0,
    0x0, 0x0, 0x0, 0x0, 0x0, 0x0, 0xf, 0xff,
    0xc0, 0x0, 0x0, 0x0, 0x0, 0x0, 0x0, 0x0,
    0x0, 0x0, 0x0, 0xf, 0xff, 0xc0, 0x0, 0x0,
    0x0, 0x0, 0x0, 0x0, 0x0, 0x0, 0x0, 0x0,
    0xf, 0xff, 0xc0, 0x0, 0x0, 0x0, 0x0, 0x0,
    0x0, 0x0, 0x0, 0x0, 0x0, 0xf, 0xff, 0xc0,
    0x0, 0x0, 0x0, 0x0, 0x0, 0x0, 0x0, 0x0,
    0x0, 0x0, 0xf, 0xff, 0xc0, 0x0, 0x0, 0x0,
    0x0, 0x0, 0x0, 0x0, 0x0, 0x0, 0x0, 0xf,
    0xff, 0xc0, 0x0, 0x0, 0x0, 0x0, 0x0, 0x0,
    0x0, 0x0, 0x0, 0x0, 0xf, 0xff, 0xc0, 0x0,
    0x0, 0x0, 0x0, 0x0, 0x0, 0x2, 0x0, 0x0,
    0x0, 0xf, 0xff, 0xc0, 0x0, 0x0, 0x0, 0x30,
    0x0, 0x0, 0xce, 0x20, 0x0, 0x0, 0xf, 0xff,
    0xc0, 0x0, 0x0, 0x6, 0xf8, 0x0, 0xc, 0xff,
    0xe2, 0x0, 0x0, 0xf, 0xff, 0xc0, 0x0, 0x0,
    0x6f, 0xff, 0x80, 0x2e, 0xff, 0xfe, 0x20, 0x0,
    0xf, 0xff, 0xc0, 0x0, 0x6, 0xff, 0xff, 0xc0,
    0x3, 0xef, 0xff, 0xe2, 0x0, 0xf, 0xff, 0xc0,
    0x0, 0x6f, 0xff, 0xfc, 0x0, 0x0, 0x3e, 0xff,
    0xfe, 0x20, 0xf, 0xff, 0xb0, 0x5, 0xff, 0xff,
    0xc0, 0x0, 0x0, 0x3, 0xef, 0xff, 0xd0, 0xf,
    0xff, 0xa0, 0x3f, 0xff, 0xfc, 0x0, 0x0, 0x0,
    0x0, 0x3e, 0xff, 0xfb, 0xe, 0xff, 0x91, 0xef,
    0xff, 0xc0, 0x0, 0x0, 0x0, 0x0, 0x3, 0xef,
    0xff, 0x7b, 0xff, 0x7c, 0xff, 0xfc, 0x0, 0x0,
    0x0, 0x0, 0x0, 0x0, 0x3e, 0xff, 0xfd, 0xff,
    0xdf, 0xff, 0xc0, 0x0, 0x0, 0x0, 0x0, 0x0,
    0x0, 0x3, 0xef, 0xff, 0xff, 0xff, 0xfc, 0x0,
    0x0, 0x0, 0x0, 0x0, 0x0, 0x0, 0x0, 0x3e,
    0xff, 0xff, 0xff, 0xc0, 0x0, 0x0, 0x0, 0x0,
    0x0, 0x0, 0x0, 0x0, 0x3, 0xef, 0xff, 0xfc,
    0x0, 0x0, 0x0, 0x0, 0x0, 0x0, 0x0, 0x0,
    0x0, 0x0, 0x3e, 0xff, 0xc0, 0x0, 0x0, 0x0,
    0x0, 0x0, 0x0, 0x0, 0x0, 0x0, 0x0, 0x3,
    0xec, 0x0, 0x0, 0x0, 0x0, 0x0, 0x0, 0x0,
    0x0, 0x0, 0x0, 0x0, 0x0, 0x20, 0x0, 0x0,
    0x0, 0x0, 0x0, 0x0,

    /* U+2212 "−" */
    0x12, 0x22, 0x22, 0x22, 0x22, 0x22, 0x22, 0x22,
    0x22, 0x6f, 0xff, 0xff, 0xff, 0xff, 0xff, 0xff,
    0xff, 0xfe, 0x6f, 0xff, 0xff, 0xff, 0xff, 0xff,
    0xff, 0xff, 0xfe, 0x6f, 0xff, 0xff, 0xff, 0xff,
    0xff, 0xff, 0xff, 0xfe, 0x5d, 0xdd, 0xdd, 0xdd,
    0xdd, 0xdd, 0xdd, 0xdd, 0xdc,

    /* U+2713 "✓" */
    0x0, 0x0, 0x0, 0x0, 0x0, 0x0, 0x0, 0x0,
    0x0, 0x0, 0x0, 0x4, 0x0, 0x0, 0x0, 0x0,
    0x0, 0x0, 0x0, 0x0, 0x0, 0x0, 0x0, 0x0,
    0xb, 0xf6, 0x0, 0x0, 0x0, 0x0, 0x0, 0x0,
    0x0, 0x0, 0x0, 0x0, 0x0, 0xb, 0xff, 0xf6,
    0x0, 0x0, 0x0, 0x0, 0x0, 0x0, 0x0, 0x0,
    0x0, 0x0, 0xb, 0xff, 0xff, 0xf1, 0x0, 0x0,
    0x0, 0x0, 0x0, 0x0, 0x0, 0x0, 0x0, 0xc,
    0xff, 0xff, 0xf5, 0x0, 0x0, 0x0, 0x0, 0x0,
    0x0, 0x0, 0x0, 0x0, 0xc, 0xff, 0xff, 0xf4,
    0x0, 0x0, 0x0, 0x0, 0x0, 0x0, 0x0, 0x0,
    0x0, 0xc, 0xff, 0xff, 0xf4, 0x0, 0x0, 0x0,
    0x10, 0x0, 0x0, 0x0, 0x0, 0x0, 0xc, 0xff,
    0xff, 0xf4, 0x0, 0x0, 0x0, 0x3f, 0x70, 0x0,
    0x0, 0x0, 0x0, 0xc, 0xff, 0xff, 0xf4, 0x0,
    0x0, 0x0, 0x3f, 0xff, 0x80, 0x0, 0x0, 0x0,
    0xc, 0xff, 0xff, 0xf4, 0x0, 0x0, 0x0, 0x2f,
    0xff, 0xff, 0x80, 0x0, 0x0, 0xc, 0xff, 0xff,
    0xf4, 0x0, 0x0, 0x0, 0x0, 0x9f, 0xff, 0xff,
    0x80, 0x0, 0xc, 0xff, 0xff, 0xf4, 0x0, 0x0,
    0x0, 0x0, 0x0, 0x8f, 0xff, 0xff, 0x90, 0xc,
    0xff, 0xff, 0xf4, 0x0, 0x0, 0x0, 0x0, 0x0,
    0x0, 0x8f, 0xff, 0xff, 0x9c, 0xff, 0xff, 0xf4,
    0x0, 0x0, 0x0, 0x0, 0x0, 0x0, 0x0, 0x8f,
    0xff, 0xff, 0xff, 0xff, 0xf4, 0x0, 0x0, 0x0,
    0x0, 0x0, 0x0, 0x0, 0x0, 0x8f, 0xff, 0xff,
    0xff, 0xf4, 0x0, 0x0, 0x0, 0x0, 0x0, 0x0,
    0x0, 0x0, 0x0, 0x8f, 0xff, 0xff, 0xf4, 0x0,
    0x0, 0x0, 0x0, 0x0, 0x0, 0x0, 0x0, 0x0,
    0x0, 0x8f, 0xff, 0xf4, 0x0, 0x0, 0x0, 0x0,
    0x0, 0x0, 0x0, 0x0, 0x0, 0x0, 0x0, 0x8f,
    0xf4, 0x0, 0x0, 0x0, 0x0, 0x0, 0x0, 0x0,
    0x0, 0x0, 0x0, 0x0, 0x0, 0x74, 0x0, 0x0,
    0x0, 0x0, 0x0, 0x0, 0x0, 0x0,

    /* U+2717 "✗" */
    0x0, 0x2, 0x0, 0x0, 0x0, 0x0, 0x0, 0x0,
    0x20, 0x0, 0x0, 0x9f, 0x30, 0x0, 0x0, 0x0,
    0x0, 0x5, 0xf6, 0x0, 0x8, 0xff, 0xf3, 0x0,
    0x0, 0x0, 0x0, 0x5f, 0xff, 0x60, 0x7f, 0xff,
    0xff, 0x30, 0x0, 0x0, 0x5, 0xff, 0xff, 0xf4,
    0x1d, 0xff, 0xff, 0xf3, 0x0, 0x0, 0x5f, 0xff,
    0xff, 0xb0, 0x1, 0xdf, 0xff, 0xff, 0x30, 0x6,
    0xff, 0xff, 0xfb, 0x0, 0x0, 0x1d, 0xff, 0xff,
    0xf3, 0x6f, 0xff, 0xff, 0xb0, 0x0, 0x0, 0x1,
    0xdf, 0xff, 0xff, 0xff, 0xff, 0xfb, 0x0, 0x0,
    0x0, 0x0, 0x1d, 0xff, 0xff, 0xff, 0xff, 0xb0,
    0x0, 0x0, 0x0, 0x0, 0x1, 0xdf, 0xff, 0xff,
    0xfb, 0x0, 0x0, 0x0, 0x0, 0x0, 0x0, 0x7f,
    0xff, 0xff, 0xf4, 0x0, 0x0, 0x0, 0x0, 0x0,
    0x6, 0xff, 0xff, 0xff, 0xff, 0x40, 0x0, 0x0,
    0x0, 0x0, 0x6f, 0xff, 0xff, 0xff, 0xff, 0xf4,
    0x0, 0x0, 0x0, 0x6, 0xff, 0xff, 0xfb, 0xcf,
    0xff, 0xff, 0x40, 0x0, 0x0, 0x6f, 0xff, 0xff,
    0xa0, 0x1c, 0xff, 0xff, 0xf4, 0x0, 0x6, 0xff,
    0xff, 0xfa, 0x0, 0x1, 0xcf, 0xff, 0xff, 0x40,
    0x6f, 0xff, 0xff, 0xa0, 0x0, 0x0, 0x1c, 0xff,
    0xff, 0xf3, 0x2e, 0xff, 0xfa, 0x0, 0x0, 0x0,
    0x1, 0xcf, 0xff, 0xc1, 0x2, 0xef, 0xa0, 0x0,
    0x0, 0x0, 0x0, 0xc, 0xfc, 0x10, 0x0, 0x29,
    0x0, 0x0, 0x0, 0x0, 0x0, 0x0, 0x91, 0x0
};


/*---------------------
 *  GLYPH DESCRIPTION
 *--------------------*/

static const lv_font_fmt_txt_glyph_dsc_t glyph_dsc[] = {
    {.bitmap_index = 0, .adv_w = 0, .box_w = 0, .box_h = 0, .ofs_x = 0, .ofs_y = 0} /* id = 0 reserved */,
    {.bitmap_index = 0, .adv_w = 145, .box_w = 0, .box_h = 0, .ofs_x = 0, .ofs_y = 0},
    {.bitmap_index = 0, .adv_w = 185, .box_w = 7, .box_h = 26, .ofs_x = 2, .ofs_y = 0},
    {.bitmap_index = 91, .adv_w = 301, .box_w = 13, .box_h = 11, .ofs_x = 3, .ofs_y = 15},
    {.bitmap_index = 163, .adv_w = 371, .box_w = 23, .box_h = 26, .ofs_x = 0, .ofs_y = 0},
    {.bitmap_index = 462, .adv_w = 375, .box_w = 21, .box_h = 34, .ofs_x = 1, .ofs_y = -4},
    {.bitmap_index = 819, .adv_w = 579, .box_w = 30, .box_h = 26, .ofs_x = 3, .ofs_y = 0},
    {.bitmap_index = 1209, .adv_w = 382, .box_w = 23, .box_h = 26, .ofs_x = 1, .ofs_y = 0},
    {.bitmap_index = 1508, .adv_w = 188, .box_w = 6, .box_h = 11, .ofs_x = 3, .ofs_y = 15},
    {.bitmap_index = 1541, .adv_w = 215, .box_w = 10, .box_h = 33, .ofs_x = 3, .ofs_y = -5},
    {.bitmap_index = 1706, .adv_w = 215, .box_w = 10, .box_h = 33, .ofs_x = 1, .ofs_y = -5},
    {.bitmap_index = 1871, .adv_w = 311, .box_w = 15, .box_h = 15, .ofs_x = 2, .ofs_y = 11},
    {.bitmap_index = 1984, .adv_w = 388, .box_w = 18, .box_h = 18, .ofs_x = 3, .ofs_y = 2},
    {.bitmap_index = 2146, .adv_w = 184, .box_w = 7, .box_h = 11, .ofs_x = 2, .ofs_y = -7},
    {.bitmap_index = 2185, .adv_w = 268, .box_w = 13, .box_h = 4, .ofs_x = 2, .ofs_y = 9},
    {.bitmap_index = 2211, .adv_w = 184, .box_w = 7, .box_h = 6, .ofs_x = 2, .ofs_y = 0},
    {.bitmap_index = 2232, .adv_w = 218, .box_w = 14, .box_h = 32, .ofs_x = 0, .ofs_y = -4},
    {.bitmap_index = 2456, .adv_w = 380, .box_w = 21, .box_h = 26, .ofs_x = 1, .ofs_y = 0},
    {.bitmap_index = 2729, .adv_w = 244, .box_w = 12, .box_h = 26, .ofs_x = 1, .ofs_y = 0},
    {.bitmap_index = 2885, .adv_w = 359, .box_w = 19, .box_h = 26, .ofs_x = 2, .ofs_y = 0},
    {.bitmap_index = 3132, .adv_w = 366, .box_w = 21, .box_h = 26, .ofs_x = 1, .ofs_y = 0},
    {.bitmap_index = 3405, .adv_w = 384, .box_w = 22, .box_h = 26, .ofs_x = 1, .ofs_y = 0},
    {.bitmap_index = 3691, .adv_w = 353, .box_w = 20, .box_h = 26, .ofs_x = 1, .ofs_y = 0},
    {.bitmap_index = 3951, .adv_w = 368, .box_w = 21, .box_h = 26, .ofs_x = 1, .ofs_y = 0},
    {.bitmap_index = 4224, .adv_w = 332, .box_w = 19, .box_h = 26, .ofs_x = 1, .ofs_y = 0},
    {.bitmap_index = 4471, .adv_w = 369, .box_w = 21, .box_h = 26, .ofs_x = 1, .ofs_y = 0},
    {.bitmap_index = 4744, .adv_w = 368, .box_w = 21, .box_h = 26, .ofs_x = 1, .ofs_y = 0},
    {.bitmap_index = 5017, .adv_w = 184, .box_w = 7, .box_h = 19, .ofs_x = 2, .ofs_y = 0},
    {.bitmap_index = 5084, .adv_w = 190, .box_w = 7, .box_h = 26, .ofs_x = 2, .ofs_y = -7},
    {.bitmap_index = 5175, .adv_w = 388, .box_w = 19, .box_h = 21, .ofs_x = 2, .ofs_y = 0},
    {.bitmap_index = 5375, .adv_w = 388, .box_w = 18, .box_h = 12, .ofs_x = 3, .ofs_y = 4},
    {.bitmap_index = 5483, .adv_w = 388, .box_w = 19, .box_h = 21, .ofs_x = 3, .ofs_y = 0},
    {.bitmap_index = 5683, .adv_w = 313, .box_w = 17, .box_h = 26, .ofs_x = 1, .ofs_y = 0},
    {.bitmap_index = 5904, .adv_w = 575, .box_w = 34, .box_h = 33, .ofs_x = 1, .ofs_y = -7},
    {.bitmap_index = 6465, .adv_w = 419, .box_w = 26, .box_h = 26, .ofs_x = 0, .ofs_y = 0},
    {.bitmap_index = 6803, .adv_w = 380, .box_w = 21, .box_h = 26, .ofs_x = 2, .ofs_y = 0},
    {.bitmap_index = 7076, .adv_w = 424, .box_w = 24, .box_h = 26, .ofs_x = 1, .ofs_y = 0},
    {.bitmap_index = 7388, .adv_w = 416, .box_w = 23, .box_h = 26, .ofs_x = 2, .ofs_y = 0},
    {.bitmap_index = 7687, .adv_w = 349, .box_w = 18, .box_h = 26, .ofs_x = 2, .ofs_y = 0},
    {.bitmap_index = 7921, .adv_w = 339, .box_w = 18, .box_h = 26, .ofs_x = 2, .ofs_y = 0},
    {.bitmap_index = 8155, .adv_w = 431, .box_w = 25, .box_h = 26, .ofs_x = 1, .ofs_y = 0},
    {.bitmap_index = 8480, .adv_w = 429, .box_w = 23, .box_h = 26, .ofs_x = 2, .ofs_y = 0},
    {.bitmap_index = 8779, .adv_w = 159, .box_w = 6, .box_h = 26, .ofs_x = 2, .ofs_y = 0},
    {.bitmap_index = 8857, .adv_w = 334, .box_w = 18, .box_h = 26, .ofs_x = 1, .ofs_y = 0},
    {.bitmap_index = 9091, .adv_w = 405, .box_w = 23, .box_h = 26, .ofs_x = 2, .ofs_y = 0},
    {.bitmap_index = 9390, .adv_w = 326, .box_w = 17, .box_h = 26, .ofs_x = 2, .ofs_y = 0},
    {.bitmap_index = 9611, .adv_w = 531, .box_w = 29, .box_h = 26, .ofs_x = 2, .ofs_y = 0},
    {.bitmap_index = 9988, .adv_w = 437, .box_w = 23, .box_h = 26, .ofs_x = 2, .ofs_y = 0},
    {.bitmap_index = 10287, .adv_w = 443, .box_w = 25, .box_h = 26, .ofs_x = 1, .ofs_y = 0},
    {.bitmap_index = 10612, .adv_w = 372, .box_w = 20, .box_h = 26, .ofs_x = 2, .ofs_y = 0},
    {.bitmap_index = 10872, .adv_w = 445, .box_w = 25, .box_h = 28, .ofs_x = 1, .ofs_y = -2},
    {.bitmap_index = 11222, .adv_w = 376, .box_w = 21, .box_h = 26, .ofs_x = 2, .ofs_y = 0},
    {.bitmap_index = 11495, .adv_w = 375, .box_w = 21, .box_h = 26, .ofs_x = 1, .ofs_y = 0},
    {.bitmap_index = 11768, .adv_w = 380, .box_w = 22, .box_h = 26, .ofs_x = 1, .ofs_y = 0},
    {.bitmap_index = 12054, .adv_w = 424, .box_w = 22, .box_h = 26, .ofs_x = 2, .ofs_y = 0},
    {.bitmap_index = 12340, .adv_w = 419, .box_w = 26, .box_h = 26, .ofs_x = 0, .ofs_y = 0},
    {.bitmap_index = 12678, .adv_w = 588, .box_w = 36, .box_h = 26, .ofs_x = 0, .ofs_y = 0},
    {.bitmap_index = 13146, .adv_w = 415, .box_w = 25, .box_h = 26, .ofs_x = 0, .ofs_y = 0},
    {.bitmap_index = 13471, .adv_w = 411, .box_w = 25, .box_h = 26, .ofs_x = 0, .ofs_y = 0},
    {.bitmap_index = 13796, .adv_w = 376, .box_w = 20, .box_h = 26, .ofs_x = 2, .ofs_y = 0},
    {.bitmap_index = 14056, .adv_w = 215, .box_w = 9, .box_h = 33, .ofs_x = 3, .ofs_y = -5},
    {.bitmap_index = 14205, .adv_w = 218, .box_w = 14, .box_h = 32, .ofs_x = 0, .ofs_y = -4},
    {.bitmap_index = 14429, .adv_w = 215, .box_w = 9, .box_h = 33, .ofs_x = 1, .ofs_y = -5},
    {.bitmap_index = 14578, .adv_w = 277, .box_w = 16, .box_h = 12, .ofs_x = 1, .ofs_y = 14},
    {.bitmap_index = 14674, .adv_w = 270, .box_w = 17, .box_h = 4, .ofs_x = 0, .ofs_y = -4},
    {.bitmap_index = 14708, .adv_w = 202, .box_w = 8, .box_h = 6, .ofs_x = 2, .ofs_y = 22},
    {.bitmap_index = 14732, .adv_w = 331, .box_w = 18, .box_h = 20, .ofs_x = 1, .ofs_y = 0},
    {.bitmap_index = 14912, .adv_w = 359, .box_w = 19, .box_h = 26, .ofs_x = 2, .ofs_y = 0},
    {.bitmap_index = 15159, .adv_w = 336, .box_w = 19, .box_h = 20, .ofs_x = 1, .ofs_y = 0},
    {.bitmap_index = 15349, .adv_w = 359, .box_w = 20, .box_h = 26, .ofs_x = 1, .ofs_y = 0},
    {.bitmap_index = 15609, .adv_w = 341, .box_w = 19, .box_h = 20, .ofs_x = 1, .ofs_y = 0},
    {.bitmap_index = 15799, .adv_w = 224, .box_w = 14, .box_h = 28, .ofs_x = 0, .ofs_y = 0},
    {.bitmap_index = 15995, .adv_w = 360, .box_w = 20, .box_h = 27, .ofs_x = 1, .ofs_y = -7},
    {.bitmap_index = 16265, .adv_w = 353, .box_w = 18, .box_h = 26, .ofs_x = 2, .ofs_y = 0},
    {.bitmap_index = 16499, .adv_w = 151, .box_w = 6, .box_h = 28, .ofs_x = 2, .ofs_y = 0},
    {.bitmap_index = 16583, .adv_w = 151, .box_w = 9, .box_h = 35, .ofs_x = -1, .ofs_y = -7},
    {.bitmap_index = 16741, .adv_w = 328, .box_w = 19, .box_h = 26, .ofs_x = 2, .ofs_y = 0},
    {.bitmap_index = 16988, .adv_w = 151, .box_w = 5, .box_h = 26, .ofs_x = 2, .ofs_y = 0},
    {.bitmap_index = 17053, .adv_w = 519, .box_w = 28, .box_h = 20, .ofs_x = 2, .ofs_y = 0},
    {.bitmap_index = 17333, .adv_w = 352, .box_w = 18, .box_h = 20, .ofs_x = 2, .ofs_y = 0},
    {.bitmap_index = 17513, .adv_w = 351, .box_w = 20, .box_h = 20, .ofs_x = 1, .ofs_y = 0},
    {.bitmap_index = 17713, .adv_w = 359, .box_w = 19, .box_h = 27, .ofs_x = 2, .ofs_y = -7},
    {.bitmap_index = 17970, .adv_w = 359, .box_w = 20, .box_h = 27, .ofs_x = 1, .ofs_y = -7},
    {.bitmap_index = 18240, .adv_w = 229, .box_w = 12, .box_h = 20, .ofs_x = 2, .ofs_y = 0},
    {.bitmap_index = 18360, .adv_w = 316, .box_w = 18, .box_h = 20, .ofs_x = 1, .ofs_y = 0},
    {.bitmap_index = 18540, .adv_w = 203, .box_w = 13, .box_h = 25, .ofs_x = 0, .ofs_y = 0},
    {.bitmap_index = 18703, .adv_w = 353, .box_w = 18, .box_h = 20, .ofs_x = 2, .ofs_y = 0},
    {.bitmap_index = 18883, .adv_w = 338, .box_w = 21, .box_h = 20, .ofs_x = 0, .ofs_y = 0},
    {.bitmap_index = 19093, .adv_w = 483, .box_w = 30, .box_h = 20, .ofs_x = 0, .ofs_y = 0},
    {.bitmap_index = 19393, .adv_w = 328, .box_w = 20, .box_h = 20, .ofs_x = 0, .ofs_y = 0},
    {.bitmap_index = 19593, .adv_w = 339, .box_w = 21, .box_h = 27, .ofs_x = 0, .ofs_y = -7},
    {.bitmap_index = 19877, .adv_w = 326, .box_w = 17, .box_h = 20, .ofs_x = 2, .ofs_y = 0},
    {.bitmap_index = 20047, .adv_w = 262, .box_w = 13, .box_h = 33, .ofs_x = 2, .ofs_y = -5},
    {.bitmap_index = 20262, .adv_w = 207, .box_w = 5, .box_h = 44, .ofs_x = 4, .ofs_y = -8},
    {.bitmap_index = 20372, .adv_w = 262, .box_w = 13, .box_h = 33, .ofs_x = 1, .ofs_y = -5},
    {.bitmap_index = 20587, .adv_w = 388, .box_w = 20, .box_h = 8, .ofs_x = 2, .ofs_y = 7},
    {.bitmap_index = 20667, .adv_w = 145, .box_w = 0, .box_h = 0, .ofs_x = 0, .ofs_y = 0},
    {.bitmap_index = 20667, .adv_w = 185, .box_w = 7, .box_h = 27, .ofs_x = 2, .ofs_y = -7},
    {.bitmap_index = 20762, .adv_w = 336, .box_w = 19, .box_h = 26, .ofs_x = 1, .ofs_y = 0},
    {.bitmap_index = 21009, .adv_w = 363, .box_w = 20, .box_h = 26, .ofs_x = 1, .ofs_y = 0},
    {.bitmap_index = 21269, .adv_w = 431, .box_w = 23, .box_h = 24, .ofs_x = 2, .ofs_y = -1},
    {.bitmap_index = 21545, .adv_w = 325, .box_w = 20, .box_h = 26, .ofs_x = 0, .ofs_y = 0},
    {.bitmap_index = 21805, .adv_w = 182, .box_w = 5, .box_h = 32, .ofs_x = 3, .ofs_y = -6},
    {.bitmap_index = 21885, .adv_w = 327, .box_w = 18, .box_h = 32, .ofs_x = 1, .ofs_y = -6},
    {.bitmap_index = 22173, .adv_w = 352, .box_w = 14, .box_h = 5, .ofs_x = 4, .ofs_y = 23},
    {.bitmap_index = 22208, .adv_w = 527, .box_w = 28, .box_h = 27, .ofs_x = 2, .ofs_y = 0},
    {.bitmap_index = 22586, .adv_w = 265, .box_w = 14, .box_h = 15, .ofs_x = 1, .ofs_y = 12},
    {.bitmap_index = 22691, .adv_w = 365, .box_w = 21, .box_h = 17, .ofs_x = 1, .ofs_y = 3},
    {.bitmap_index = 22870, .adv_w = 388, .box_w = 17, .box_h = 9, .ofs_x = 3, .ofs_y = 5},
    {.bitmap_index = 22947, .adv_w = 382, .box_w = 22, .box_h = 21, .ofs_x = 1, .ofs_y = 6},
    {.bitmap_index = 23178, .adv_w = 260, .box_w = 11, .box_h = 4, .ofs_x = 3, .ofs_y = 24},
    {.bitmap_index = 23200, .adv_w = 264, .box_w = 13, .box_h = 13, .ofs_x = 2, .ofs_y = 14},
    {.bitmap_index = 23285, .adv_w = 388, .box_w = 18, .box_h = 19, .ofs_x = 3, .ofs_y = 1},
    {.bitmap_index = 23456, .adv_w = 261, .box_w = 14, .box_h = 14, .ofs_x = 1, .ofs_y = 16},
    {.bitmap_index = 23554, .adv_w = 267, .box_w = 15, .box_h = 14, .ofs_x = 1, .ofs_y = 16},
    {.bitmap_index = 23659, .adv_w = 202, .box_w = 8, .box_h = 6, .ofs_x = 2, .ofs_y = 22},
    {.bitmap_index = 23683, .adv_w = 354, .box_w = 20, .box_h = 27, .ofs_x = 2, .ofs_y = -7},
    {.bitmap_index = 23953, .adv_w = 346, .box_w = 18, .box_h = 26, .ofs_x = 1, .ofs_y = 0},
    {.bitmap_index = 24187, .adv_w = 184, .box_w = 7, .box_h = 6, .ofs_x = 2, .ofs_y = 10},
    {.bitmap_index = 24208, .adv_w = 191, .box_w = 8, .box_h = 8, .ofs_x = 3, .ofs_y = -7},
    {.bitmap_index = 24240, .adv_w = 186, .box_w = 9, .box_h = 14, .ofs_x = 1, .ofs_y = 16},
    {.bitmap_index = 24303, .adv_w = 281, .box_w = 16, .box_h = 15, .ofs_x = 1, .ofs_y = 12},
    {.bitmap_index = 24423, .adv_w = 365, .box_w = 21, .box_h = 17, .ofs_x = 1, .ofs_y = 3},
    {.bitmap_index = 24602, .adv_w = 479, .box_w = 28, .box_h = 26, .ofs_x = 1, .ofs_y = 0},
    {.bitmap_index = 24966, .adv_w = 501, .box_w = 29, .box_h = 27, .ofs_x = 1, .ofs_y = 0},
    {.bitmap_index = 25358, .adv_w = 523, .box_w = 31, .box_h = 27, .ofs_x = 1, .ofs_y = 0},
    {.bitmap_index = 25777, .adv_w = 313, .box_w = 18, .box_h = 27, .ofs_x = 1, .ofs_y = -7},
    {.bitmap_index = 26020, .adv_w = 419, .box_w = 26, .box_h = 35, .ofs_x = 0, .ofs_y = 0},
    {.bitmap_index = 26475, .adv_w = 419, .box_w = 26, .box_h = 35, .ofs_x = 0, .ofs_y = 0},
    {.bitmap_index = 26930, .adv_w = 419, .box_w = 26, .box_h = 35, .ofs_x = 0, .ofs_y = 0},
    {.bitmap_index = 27385, .adv_w = 419, .box_w = 26, .box_h = 34, .ofs_x = 0, .ofs_y = 0},
    {.bitmap_index = 27827, .adv_w = 419, .box_w = 26, .box_h = 34, .ofs_x = 0, .ofs_y = 0},
    {.bitmap_index = 28269, .adv_w = 419, .box_w = 26, .box_h = 36, .ofs_x = 0, .ofs_y = 0},
    {.bitmap_index = 28737, .adv_w = 584, .box_w = 35, .box_h = 26, .ofs_x = 0, .ofs_y = 0},
    {.bitmap_index = 29192, .adv_w = 424, .box_w = 24, .box_h = 33, .ofs_x = 1, .ofs_y = -7},
    {.bitmap_index = 29588, .adv_w = 349, .box_w = 18, .box_h = 35, .ofs_x = 2, .ofs_y = 0},
    {.bitmap_index = 29903, .adv_w = 349, .box_w = 18, .box_h = 35, .ofs_x = 2, .ofs_y = 0},
    {.bitmap_index = 30218, .adv_w = 349, .box_w = 18, .box_h = 35, .ofs_x = 2, .ofs_y = 0},
    {.bitmap_index = 30533, .adv_w = 349, .box_w = 18, .box_h = 34, .ofs_x = 2, .ofs_y = 0},
    {.bitmap_index = 30839, .adv_w = 159, .box_w = 9, .box_h = 35, .ofs_x = -1, .ofs_y = 0},
    {.bitmap_index = 30997, .adv_w = 159, .box_w = 9, .box_h = 35, .ofs_x = 2, .ofs_y = 0},
    {.bitmap_index = 31155, .adv_w = 159, .box_w = 14, .box_h = 35, .ofs_x = -2, .ofs_y = 0},
    {.bitmap_index = 31400, .adv_w = 159, .box_w = 14, .box_h = 34, .ofs_x = -2, .ofs_y = 0},
    {.bitmap_index = 31638, .adv_w = 433, .box_w = 26, .box_h = 26, .ofs_x = 0, .ofs_y = 0},
    {.bitmap_index = 31976, .adv_w = 437, .box_w = 23, .box_h = 34, .ofs_x = 2, .ofs_y = 0},
    {.bitmap_index = 32367, .adv_w = 443, .box_w = 25, .box_h = 35, .ofs_x = 1, .ofs_y = 0},
    {.bitmap_index = 32805, .adv_w = 443, .box_w = 25, .box_h = 35, .ofs_x = 1, .ofs_y = 0},
    {.bitmap_index = 33243, .adv_w = 443, .box_w = 25, .box_h = 35, .ofs_x = 1, .ofs_y = 0},
    {.bitmap_index = 33681, .adv_w = 443, .box_w = 25, .box_h = 34, .ofs_x = 1, .ofs_y = 0},
    {.bitmap_index = 34106, .adv_w = 443, .box_w = 25, .box_h = 34, .ofs_x = 1, .ofs_y = 0},
    {.bitmap_index = 34531, .adv_w = 388, .box_w = 19, .box_h = 19, .ofs_x = 3, .ofs_y = 1},
    {.bitmap_index = 34712, .adv_w = 443, .box_w = 25, .box_h = 28, .ofs_x = 1, .ofs_y = -1},
    {.bitmap_index = 35062, .adv_w = 424, .box_w = 22, .box_h = 35, .ofs_x = 2, .ofs_y = 0},
    {.bitmap_index = 35447, .adv_w = 424, .box_w = 22, .box_h = 35, .ofs_x = 2, .ofs_y = 0},
    {.bitmap_index = 35832, .adv_w = 424, .box_w = 22, .box_h = 35, .ofs_x = 2, .ofs_y = 0},
    {.bitmap_index = 36217, .adv_w = 424, .box_w = 22, .box_h = 35, .ofs_x = 2, .ofs_y = 0},
    {.bitmap_index = 36602, .adv_w = 411, .box_w = 25, .box_h = 35, .ofs_x = 0, .ofs_y = 0},
    {.bitmap_index = 37040, .adv_w = 379, .box_w = 19, .box_h = 26, .ofs_x = 2, .ofs_y = 0},
    {.bitmap_index = 37287, .adv_w = 371, .box_w = 20, .box_h = 26, .ofs_x = 2, .ofs_y = 0},
    {.bitmap_index = 37547, .adv_w = 331, .box_w = 18, .box_h = 28, .ofs_x = 1, .ofs_y = 0},
    {.bitmap_index = 37799, .adv_w = 331, .box_w = 18, .box_h = 28, .ofs_x = 1, .ofs_y = 0},
    {.bitmap_index = 38051, .adv_w = 331, .box_w = 18, .box_h = 28, .ofs_x = 1, .ofs_y = 0},
    {.bitmap_index = 38303, .adv_w = 331, .box_w = 18, .box_h = 28, .ofs_x = 1, .ofs_y = 0},
    {.bitmap_index = 38555, .adv_w = 331, .box_w = 18, .box_h = 28, .ofs_x = 1, .ofs_y = 0},
    {.bitmap_index = 38807, .adv_w = 331, .box_w = 18, .box_h = 31, .ofs_x = 1, .ofs_y = 0},
    {.bitmap_index = 39086, .adv_w = 526, .box_w = 31, .box_h = 20, .ofs_x = 1, .ofs_y = 0},
    {.bitmap_index = 39396, .adv_w = 336, .box_w = 19, .box_h = 27, .ofs_x = 1, .ofs_y = -7},
    {.bitmap_index = 39653, .adv_w = 341, .box_w = 19, .box_h = 28, .ofs_x = 1, .ofs_y = 0},
    {.bitmap_index = 39919, .adv_w = 341, .box_w = 19, .box_h = 28, .ofs_x = 1, .ofs_y = 0},
    {.bitmap_index = 40185, .adv_w = 341, .box_w = 19, .box_h = 28, .ofs_x = 1, .ofs_y = 0},
    {.bitmap_index = 40451, .adv_w = 341, .box_w = 19, .box_h = 28, .ofs_x = 1, .ofs_y = 0},
    {.bitmap_index = 40717, .adv_w = 151, .box_w = 8, .box_h = 28, .ofs_x = -1, .ofs_y = 0},
    {.bitmap_index = 40829, .adv_w = 151, .box_w = 8, .box_h = 28, .ofs_x = 2, .ofs_y = 0},
    {.bitmap_index = 40941, .adv_w = 151, .box_w = 14, .box_h = 28, .ofs_x = -2, .ofs_y = 0},
    {.bitmap_index = 41137, .adv_w = 151, .box_w = 13, .box_h = 28, .ofs_x = -2, .ofs_y = 0},
    {.bitmap_index = 41319, .adv_w = 342, .box_w = 19, .box_h = 29, .ofs_x = 1, .ofs_y = 0},
    {.bitmap_index = 41595, .adv_w = 352, .box_w = 18, .box_h = 27, .ofs_x = 2, .ofs_y = 0},
    {.bitmap_index = 41838, .adv_w = 351, .box_w = 20, .box_h = 28, .ofs_x = 1, .ofs_y = 0},
    {.bitmap_index = 42118, .adv_w = 351, .box_w = 20, .box_h = 28, .ofs_x = 1, .ofs_y = 0},
    {.bitmap_index = 42398, .adv_w = 351, .box_w = 20, .box_h = 28, .ofs_x = 1, .ofs_y = 0},
    {.bitmap_index = 42678, .adv_w = 351, .box_w = 20, .box_h = 28, .ofs_x = 1, .ofs_y = 0},
    {.bitmap_index = 42958, .adv_w = 351, .box_w = 20, .box_h = 28, .ofs_x = 1, .ofs_y = 0},
    {.bitmap_index = 43238, .adv_w = 388, .box_w = 18, .box_h = 20, .ofs_x = 3, .ofs_y = 0},
    {.bitmap_index = 43418, .adv_w = 351, .box_w = 20, .box_h = 22, .ofs_x = 1, .ofs_y = -1},
    {.bitmap_index = 43638, .adv_w = 353, .box_w = 18, .box_h = 28, .ofs_x = 2, .ofs_y = 0},
    {.bitmap_index = 43890, .adv_w = 353, .box_w = 18, .box_h = 28, .ofs_x = 2, .ofs_y = 0},
    {.bitmap_index = 44142, .adv_w = 353, .box_w = 18, .box_h = 28, .ofs_x = 2, .ofs_y = 0},
    {.bitmap_index = 44394, .adv_w = 353, .box_w = 18, .box_h = 28, .ofs_x = 2, .ofs_y = 0},
    {.bitmap_index = 44646, .adv_w = 339, .box_w = 21, .box_h = 35, .ofs_x = 0, .ofs_y = -7},
    {.bitmap_index = 45014, .adv_w = 359, .box_w = 19, .box_h = 33, .ofs_x = 2, .ofs_y = -7},
    {.bitmap_index = 45328, .adv_w = 339, .box_w = 21, .box_h = 35, .ofs_x = 0, .ofs_y = -7},
    {.bitmap_index = 45696, .adv_w = 288, .box_w = 18, .box_h = 4, .ofs_x = 0, .ofs_y = 9},
    {.bitmap_index = 45732, .adv_w = 576, .box_w = 36, .box_h = 4, .ofs_x = 0, .ofs_y = 9},
    {.bitmap_index = 45804, .adv_w = 169, .box_w = 8, .box_h = 11, .ofs_x = 2, .ofs_y = 15},
    {.bitmap_index = 45848, .adv_w = 169, .box_w = 8, .box_h = 11, .ofs_x = 2, .ofs_y = 16},
    {.bitmap_index = 45892, .adv_w = 157, .box_w = 7, .box_h = 11, .ofs_x = 2, .ofs_y = -7},
    {.bitmap_index = 45931, .adv_w = 169, .box_w = 7, .box_h = 11, .ofs_x = 1, .ofs_y = 15},
    {.bitmap_index = 45970, .adv_w = 292, .box_w = 15, .box_h = 11, .ofs_x = 2, .ofs_y = 15},
    {.bitmap_index = 46053, .adv_w = 289, .box_w = 15, .box_h = 11, .ofs_x = 2, .ofs_y = 16},
    {.bitmap_index = 46136, .adv_w = 290, .box_w = 12, .box_h = 12, .ofs_x = 3, .ofs_y = 5},
    {.bitmap_index = 46208, .adv_w = 551, .box_w = 30, .box_h = 6, .ofs_x = 2, .ofs_y = 0},
    {.bitmap_index = 46298, .adv_w = 550, .box_w = 27, .box_h = 26, .ofs_x = 3, .ofs_y = -2},
    {.bitmap_index = 46649, .adv_w = 508, .box_w = 26, .box_h = 27, .ofs_x = 3, .ofs_y = 0},
    {.bitmap_index = 47000, .adv_w = 550, .box_w = 27, .box_h = 26, .ofs_x = 4, .ofs_y = -2},
    {.bitmap_index = 47351, .adv_w = 508, .box_w = 26, .box_h = 28, .ofs_x = 3, .ofs_y = -1},
    {.bitmap_index = 47715, .adv_w = 388, .box_w = 18, .box_h = 5, .ofs_x = 3, .ofs_y = 8},
    {.bitmap_index = 47760, .adv_w = 509, .box_w = 27, .box_h = 20, .ofs_x = 3, .ofs_y = 2},
    {.bitmap_index = 48030, .adv_w = 509, .box_w = 20, .box_h = 20, .ofs_x = 6, .ofs_y = 2}
};

/*---------------------
 *  CHARACTER MAPPING
 *--------------------*/

static const uint16_t unicode_list_3[] = {
    0x0, 0x1, 0x5, 0x6, 0x7, 0x8, 0x9, 0xa,
    0xf, 0x13, 0x17d, 0x17e, 0x17f, 0x180, 0x1ff, 0x700,
    0x704
};

/*Collect the unicode lists and glyph_id offsets*/
static const lv_font_fmt_txt_cmap_t cmaps[] =
{
    {
        .range_start = 32, .range_length = 95, .glyph_id_start = 1,
        .unicode_list = NULL, .glyph_id_ofs_list = NULL, .list_length = 0, .type = LV_FONT_FMT_TXT_CMAP_FORMAT0_TINY
    },
    {
        .range_start = 160, .range_length = 13, .glyph_id_start = 96,
        .unicode_list = NULL, .glyph_id_ofs_list = NULL, .list_length = 0, .type = LV_FONT_FMT_TXT_CMAP_FORMAT0_TINY
    },
    {
        .range_start = 174, .range_length = 82, .glyph_id_start = 109,
        .unicode_list = NULL, .glyph_id_ofs_list = NULL, .list_length = 0, .type = LV_FONT_FMT_TXT_CMAP_FORMAT0_TINY
    },
    {
        .range_start = 8211, .range_length = 1797, .glyph_id_start = 191,
        .unicode_list = unicode_list_3, .glyph_id_ofs_list = NULL, .list_length = 17, .type = LV_FONT_FMT_TXT_CMAP_SPARSE_TINY
    }
};

/*-----------------
 *    KERNING
 *----------------*/


/*Pair left and right glyphs for kerning*/
static const uint8_t kern_pair_glyph_ids[] =
{
    3, 7,
    3, 13,
    3, 15,
    3, 21,
    3, 98,
    3, 200,
    6, 193,
    6, 194,
    6, 197,
    6, 198,
    7, 3,
    7, 8,
    7, 61,
    7, 109,
    7, 193,
    7, 197,
    8, 7,
    8, 13,
    8, 15,
    8, 21,
    8, 98,
    8, 200,
    9, 93,
    9, 98,
    10, 193,
    10, 197,
    11, 7,
    11, 13,
    11, 15,
    11, 21,
    11, 33,
    11, 64,
    11, 105,
    11, 200,
    12, 19,
    12, 20,
    12, 24,
    12, 61,
    12, 117,
    12, 193,
    12, 197,
    13, 1,
    13, 2,
    13, 3,
    13, 8,
    13, 17,
    13, 18,
    13, 20,
    13, 22,
    13, 23,
    13, 24,
    13, 25,
    13, 26,
    13, 32,
    13, 33,
    13, 105,
    13, 117,
    13, 194,
    13, 196,
    13, 198,
    14, 19,
    14, 20,
    14, 24,
    14, 61,
    14, 117,
    14, 193,
    14, 197,
    15, 1,
    15, 2,
    15, 3,
    15, 8,
    15, 17,
    15, 18,
    15, 20,
    15, 22,
    15, 23,
    15, 24,
    15, 25,
    15, 26,
    15, 32,
    15, 33,
    15, 105,
    15, 117,
    15, 194,
    15, 196,
    15, 198,
    16, 13,
    16, 15,
    16, 61,
    16, 200,
    17, 13,
    17, 15,
    17, 24,
    17, 61,
    17, 64,
    17, 193,
    17, 195,
    17, 197,
    17, 200,
    18, 10,
    18, 62,
    18, 64,
    18, 94,
    19, 21,
    20, 11,
    20, 13,
    20, 15,
    20, 63,
    20, 107,
    20, 111,
    20, 195,
    20, 200,
    21, 11,
    21, 13,
    21, 15,
    21, 18,
    21, 63,
    21, 109,
    21, 111,
    21, 117,
    21, 200,
    22, 11,
    22, 13,
    22, 15,
    22, 63,
    22, 109,
    22, 111,
    22, 200,
    23, 13,
    23, 15,
    23, 64,
    23, 195,
    23, 200,
    24, 4,
    24, 7,
    24, 13,
    24, 15,
    24, 17,
    24, 20,
    24, 21,
    24, 22,
    24, 23,
    24, 24,
    24, 25,
    24, 26,
    24, 27,
    24, 28,
    24, 29,
    24, 64,
    24, 98,
    24, 107,
    24, 195,
    24, 200,
    25, 11,
    25, 13,
    25, 15,
    25, 63,
    25, 107,
    25, 111,
    25, 195,
    25, 200,
    26, 13,
    26, 15,
    26, 24,
    26, 61,
    26, 64,
    26, 193,
    26, 195,
    26, 197,
    26, 200,
    27, 61,
    27, 193,
    27, 197,
    28, 61,
    28, 193,
    28, 197,
    30, 61,
    30, 193,
    30, 197,
    31, 24,
    31, 61,
    31, 193,
    31, 197,
    33, 13,
    33, 15,
    33, 16,
    33, 61,
    33, 64,
    33, 109,
    33, 193,
    33, 195,
    33, 197,
    33, 200,
    60, 93,
    60, 98,
    61, 3,
    61, 5,
    61, 8,
    61, 11,
    61, 12,
    61, 14,
    61, 16,
    61, 18,
    61, 29,
    61, 30,
    61, 32,
    61, 33,
    61, 61,
    61, 63,
    61, 95,
    61, 98,
    61, 105,
    61, 107,
    61, 108,
    61, 109,
    61, 111,
    61, 112,
    61, 117,
    61, 118,
    61, 122,
    61, 150,
    61, 182,
    61, 193,
    61, 194,
    61, 197,
    61, 198,
    61, 199,
    61, 203,
    61, 205,
    62, 193,
    62, 197,
    63, 7,
    63, 13,
    63, 15,
    63, 21,
    63, 33,
    63, 64,
    63, 105,
    63, 200,
    64, 11,
    64, 17,
    64, 18,
    64, 20,
    64, 21,
    64, 22,
    64, 23,
    64, 25,
    64, 26,
    64, 33,
    64, 61,
    64, 63,
    64, 93,
    64, 105,
    64, 111,
    64, 117,
    64, 193,
    64, 197,
    92, 93,
    92, 98,
    93, 10,
    93, 62,
    93, 64,
    93, 94,
    94, 193,
    94, 197,
    95, 19,
    95, 20,
    95, 24,
    95, 61,
    95, 117,
    95, 193,
    95, 197,
    97, 61,
    97, 193,
    97, 197,
    98, 3,
    98, 8,
    98, 10,
    98, 18,
    98, 61,
    98, 62,
    98, 94,
    98, 109,
    98, 193,
    98, 194,
    98, 197,
    98, 198,
    105, 13,
    105, 15,
    105, 16,
    105, 61,
    105, 64,
    105, 109,
    105, 193,
    105, 195,
    105, 197,
    105, 200,
    109, 7,
    109, 21,
    109, 33,
    109, 98,
    109, 105,
    111, 7,
    111, 13,
    111, 15,
    111, 21,
    111, 33,
    111, 64,
    111, 105,
    111, 200,
    112, 61,
    112, 193,
    112, 197,
    116, 12,
    116, 14,
    116, 16,
    116, 29,
    116, 64,
    116, 95,
    116, 108,
    116, 118,
    116, 182,
    116, 193,
    116, 194,
    116, 197,
    116, 198,
    116, 203,
    116, 205,
    117, 10,
    117, 62,
    117, 64,
    117, 94,
    118, 19,
    118, 20,
    118, 24,
    118, 61,
    118, 117,
    118, 193,
    118, 197,
    122, 18,
    122, 19,
    122, 20,
    122, 24,
    122, 25,
    122, 61,
    122, 193,
    122, 197,
    126, 61,
    126, 193,
    126, 194,
    126, 197,
    126, 198,
    150, 61,
    182, 19,
    182, 20,
    182, 24,
    182, 61,
    182, 117,
    182, 193,
    182, 197,
    193, 7,
    193, 13,
    193, 15,
    193, 16,
    193, 21,
    193, 98,
    193, 126,
    193, 195,
    193, 200,
    194, 4,
    194, 7,
    194, 12,
    194, 13,
    194, 14,
    194, 15,
    194, 16,
    194, 17,
    194, 21,
    194, 23,
    194, 24,
    194, 25,
    194, 27,
    194, 28,
    194, 29,
    194, 30,
    194, 33,
    194, 64,
    194, 95,
    194, 98,
    194, 105,
    194, 107,
    194, 108,
    194, 112,
    194, 116,
    194, 117,
    194, 118,
    194, 126,
    194, 182,
    194, 200,
    194, 203,
    194, 205,
    195, 18,
    195, 33,
    195, 61,
    195, 105,
    195, 193,
    195, 194,
    195, 197,
    195, 198,
    197, 7,
    197, 13,
    197, 15,
    197, 16,
    197, 21,
    197, 98,
    197, 126,
    197, 195,
    197, 200,
    198, 4,
    198, 7,
    198, 12,
    198, 13,
    198, 14,
    198, 15,
    198, 16,
    198, 17,
    198, 21,
    198, 23,
    198, 24,
    198, 25,
    198, 27,
    198, 28,
    198, 29,
    198, 30,
    198, 33,
    198, 64,
    198, 95,
    198, 98,
    198, 105,
    198, 107,
    198, 108,
    198, 112,
    198, 116,
    198, 117,
    198, 118,
    198, 126,
    198, 182,
    198, 200,
    198, 203,
    198, 205,
    199, 61,
    200, 1,
    200, 2,
    200, 3,
    200, 8,
    200, 17,
    200, 18,
    200, 20,
    200, 22,
    200, 23,
    200, 24,
    200, 25,
    200, 26,
    200, 32,
    200, 33,
    200, 105,
    200, 117,
    200, 194,
    200, 196,
    200, 198,
    201, 19,
    201, 20,
    201, 24,
    201, 61,
    201, 117,
    201, 193,
    201, 197,
    205, 19,
    205, 20,
    205, 24,
    205, 61,
    205, 117,
    205, 193,
    205, 197
};

/* Kerning between the respective left and right glyphs
 * 4.4 format which needs to scaled with `kern_scale`*/
static const int8_t kern_pair_values[] =
{
    -19, -50, -50, -36, -10, -50, -36, -39,
    -36, -39, -19, -19, -36, -13, -52, -52,
    -19, -50, -50, -36, -10, -50, 7, -4,
    -19, -19, -19, -78, -78, -26, -9, -39,
    -9, -78, -15, -4, -15, -27, -6, -23,
    -23, -12, -5, -54, -54, -16, -51, -14,
    -5, -16, -12, -15, -6, -51, -25, -25,
    -29, -47, -78, -47, -15, -4, -15, -27,
    -6, -23, -23, -12, -5, -54, -54, -16,
    -51, -14, -5, -16, -12, -15, -6, -51,
    -25, -25, -29, -47, -78, -47, -23, -23,
    3, -23, -16, -16, -11, -12, -26, -26,
    -29, -26, -16, 7, 7, 7, 7, -9,
    -5, -12, -12, -5, -19, -5, -29, -12,
    -17, -19, -19, -18, -17, -3, -17, -24,
    -19, -2, -14, -14, -2, -3, -2, -14,
    -18, -18, -26, -26, -18, -33, -26, -72,
    -72, -9, -10, -33, -6, -9, 11, -8,
    -6, -19, -19, -52, -91, -29, -36, -82,
    -72, -5, -12, -12, -5, -19, -5, -29,
    -12, -16, -16, -11, -12, -26, -26, -29,
    -26, -16, -36, -26, -26, -36, -26, -26,
    -39, -33, -33, -42, -42, -55, -55, -25,
    -25, -23, -22, -23, -3, -19, -23, -19,
    -25, 7, -4, -46, -6, -46, -51, -19,
    -19, 8, -26, -15, -29, -36, -23, -28,
    -51, -19, -9, -23, -19, -19, -41, -51,
    -29, -29, -19, -19, -19, -19, -24, -33,
    -24, -33, -19, -19, -19, -19, -19, -19,
    -78, -78, -26, -9, -39, -9, -78, -39,
    -26, -62, -26, -33, -26, -26, -26, -26,
    -23, -46, -39, 19, -23, -39, -26, -23,
    -23, 7, -4, 7, 7, 7, 7, -19,
    -19, -15, -4, -15, -27, -6, -23, -23,
    -19, -19, -19, -10, -10, -7, -19, -33,
    -7, -7, -6, -36, -13, -36, -13, -25,
    -25, -23, -22, -23, -3, -19, -23, -19,
    -25, -19, -28, -3, -16, -3, -19, -78,
    -78, -26, -9, -39, -9, -78, -39, -33,
    -33, -22, -22, -19, -23, -19, -22, -19,
    -22, -22, -29, 8, -29, 8, -22, -22,
    7, 7, 7, 7, -15, -4, -15, -23,
    -6, -23, -23, -23, -29, -26, -29, -19,
    -36, -49, -49, -60, -36, -19, -36, -19,
    -23, -15, -4, -15, -27, -6, -23, -23,
    -36, -57, -57, -55, -36, -22, -36, -49,
    -57, -72, -39, -32, -69, -32, -69, -82,
    -26, -55, -26, -36, -23, -33, -33, -55,
    -33, -33, -23, -26, -36, -33, -49, -32,
    -33, -26, -6, -32, -39, -32, -69, -32,
    -32, -39, -21, -52, -21, -72, -55, -72,
    -55, -36, -57, -57, -55, -36, -22, -36,
    -49, -57, -72, -39, -32, -69, -32, -69,
    -82, -26, -55, -26, -36, -23, -33, -33,
    -55, -33, -33, -23, -26, -36, -33, -49,
    -32, -33, -26, -6, -32, -39, -32, -69,
    -32, -32, -23, -12, -5, -54, -54, -16,
    -51, -14, -5, -16, -12, -15, -6, -51,
    -25, -25, -29, -47, -78, -47, -15, -4,
    -15, -27, -6, -23, -23, -15, -4, -15,
    -27, -6, -23, -23
};

/*Collect the kern pair's data in one place*/
static const lv_font_fmt_txt_kern_pair_t kern_pairs =
{
    .glyph_ids = kern_pair_glyph_ids,
    .values = kern_pair_values,
    .pair_cnt = 484,
    .glyph_ids_size = 0
};

/*--------------------
 *  ALL CUSTOM DATA
 *--------------------*/

#if LVGL_VERSION_MAJOR == 8
/*Store all the custom data of the font*/
static  lv_font_fmt_txt_glyph_cache_t cache;
#endif

#if LVGL_VERSION_MAJOR >= 8
static const lv_font_fmt_txt_dsc_t font_dsc = {
#else
static lv_font_fmt_txt_dsc_t font_dsc = {
#endif
    .glyph_bitmap = glyph_bitmap,
    .glyph_dsc = glyph_dsc,
    .cmaps = cmaps,
    .kern_dsc = &kern_pairs,
    .kern_scale = 16,
    .cmap_num = 4,
    .bpp = 4,
    .kern_classes = 0,
    .bitmap_format = 0,
#if LVGL_VERSION_MAJOR == 8
    .cache = &cache
#endif
};



/*-----------------
 *  PUBLIC FONT
 *----------------*/

/*Initialize a public general font descriptor*/
#if LVGL_VERSION_MAJOR >= 8
const lv_font_t inter_semi_36 = {
#else
lv_font_t inter_semi_36 = {
#endif
    .get_glyph_dsc = lv_font_get_glyph_dsc_fmt_txt,    /*Function pointer to get glyph's data*/
    .get_glyph_bitmap = lv_font_get_bitmap_fmt_txt,    /*Function pointer to get glyph's bitmap*/
    .line_height = 44,          /*The maximum line height required by the font*/
    .base_line = 8,             /*Baseline measured from the bottom of the line*/
#if !(LVGL_VERSION_MAJOR == 6 && LVGL_VERSION_MINOR == 0)
    .subpx = LV_FONT_SUBPX_NONE,
#endif
#if LV_VERSION_CHECK(7, 4, 0) || LVGL_VERSION_MAJOR >= 8
    .underline_position = -6,
    .underline_thickness = 3,
#endif
    .dsc = &font_dsc,          /*The custom font data. Will be accessed by `get_glyph_bitmap/dsc` */
#if LV_VERSION_CHECK(8, 2, 0) || LVGL_VERSION_MAJOR >= 9
    .fallback = NULL,
#endif
    .user_data = NULL,
};



#endif /*#if INTER_SEMI_36*/

