/*******************************************************************************
 * Size: 22 px
 * Bpp: 4
 * Opts: --no-compress --format lvgl --bpp 4 --size 22 --font tools/.fontcache/JetBrainsMonoNerdFont-Regular.ttf -r 0xe23c,0xe266,0xe621,0xe627,0xe659,0xe6a9,0xe712,0xe795,0xe7a3,0xe7a8,0xe900,0xeab0,0xeb29,0xed0d,0xee00-0xee05,0xefc5,0xefcc,0xf007,0xf013,0xf017,0xf028,0xf031,0xf0a0,0xf108,0xf109,0xf11b,0xf120,0xf178,0xf17c,0xf187,0xf192,0xf1ab,0xf1eb,0xf1fc,0xf242,0xf293,0xf2d0,0xf2db,0xf300-0xf381,0xf43a,0xf488,0xf489,0xf492,0xf4bc,0xf003b,0xf0079,0xf00de,0xf0150,0xf01c4,0xf01c5,0xf0249,0xf027c,0xf02a2,0xf02ca,0xf0322,0xf035b,0xf0379,0xf03d6,0xf03d8,0xf046d,0xf04e1,0xf052b,0xf057e,0xf075a,0xf08ae,0xf0928,0xf0960,0xf09e8,0xf0a5f,0xf0a60,0xf0e09,0xf0e0c,0xf0ee0,0xf1104,0xf199f,0xf1ad0 --lv-include lvgl.h -o main/fonts/nf_22.c --lv-font-name nf_22
 ******************************************************************************/

#ifdef LV_LVGL_H_INCLUDE_SIMPLE
#include "lvgl.h"
#else
#include "lvgl.h"
#endif

#ifndef NF_22
#define NF_22 1
#endif

#if NF_22

/*-----------------
 *    BITMAPS
 *----------------*/

/*Store the image of the glyphs*/
static LV_ATTRIBUTE_LARGE_CONST const uint8_t glyph_bitmap[] = {
    /* U+E23C "" */
    0x0, 0x1, 0x22, 0x22, 0x22, 0x22, 0x22, 0x22,
    0x22, 0x22, 0x20, 0x0, 0xcf, 0xff, 0xff, 0xff,
    0xff, 0xff, 0xff, 0xff, 0xff, 0x0, 0xc, 0xff,
    0xff, 0xff, 0xff, 0xff, 0xff, 0xff, 0xff, 0xf8,
    0x99, 0xef, 0xff, 0xff, 0xff, 0xff, 0xff, 0xff,
    0xe8, 0x9f, 0xff, 0xff, 0xff, 0xff, 0xff, 0xff,
    0xff, 0xff, 0xfe, 0x0, 0xff, 0xff, 0xff, 0xff,
    0xff, 0xff, 0xff, 0xff, 0xff, 0xe0, 0xf, 0xf2,
    0x11, 0x11, 0x11, 0x11, 0x11, 0x11, 0x11, 0x3e,
    0x0, 0xff, 0x0, 0x0, 0x0, 0x0, 0x0, 0x0,
    0x0, 0x1, 0xe0, 0xf, 0xf0, 0x0, 0x0, 0x0,
    0x0, 0x0, 0x0, 0x0, 0x1e, 0x0, 0xff, 0x0,
    0x0, 0x0, 0x0, 0x0, 0x0, 0x0, 0x1, 0xe0,
    0xf, 0xf0, 0x0, 0x0, 0x0, 0x0, 0x0, 0x0,
    0x0, 0x1e, 0x0, 0xff, 0x0, 0x0, 0x0, 0x0,
    0x0, 0x0, 0x0, 0x1, 0xe0, 0xf, 0xf0, 0x0,
    0x0, 0x0, 0x0, 0x0, 0x0, 0x0, 0x1e, 0x0,
    0xff, 0x0, 0x0, 0x0, 0x0, 0x0, 0x0, 0x0,
    0x1, 0xe0, 0xf, 0xf0, 0x0, 0x0, 0x0, 0x0,
    0x0, 0x0, 0x0, 0x1e, 0x0, 0xff, 0x0, 0x0,
    0x0, 0x0, 0x0, 0x0, 0x0, 0x1, 0xe0, 0xf,
    0xf0, 0x0, 0x0, 0x0, 0x0, 0x0, 0x0, 0x0,
    0x1e, 0x0, 0xff, 0x0, 0x0, 0x0, 0x0, 0x0,
    0x0, 0x0, 0x1, 0xfd, 0xef, 0xf0, 0x0, 0x0,
    0x0, 0x0, 0x0, 0x0, 0x0, 0x1f, 0x44, 0x4f,
    0x21, 0x11, 0x11, 0x11, 0x11, 0x11, 0x11, 0x13,
    0xe0, 0x0, 0xff, 0xff, 0xff, 0xff, 0xff, 0xff,
    0xff, 0xff, 0xfe, 0x0, 0x1, 0x11, 0x11, 0x11,
    0x11, 0x11, 0x11, 0x11, 0x11, 0x10, 0x0,

    /* U+E266 "" */
    0x0, 0x0, 0x5, 0x99, 0x99, 0x99, 0x99, 0x94,
    0x0, 0x0, 0x0, 0x0, 0x0, 0xff, 0xff, 0xff,
    0xff, 0xff, 0xe0, 0x0, 0x0, 0x38, 0x96, 0xf,
    0xff, 0xff, 0xff, 0xff, 0xff, 0x7, 0x98, 0x2e,
    0xff, 0xb0, 0xff, 0xff, 0xff, 0xff, 0xff, 0xf0,
    0xcf, 0xfd, 0xcf, 0xfb, 0xf, 0xff, 0xff, 0xff,
    0xff, 0xff, 0xc, 0xff, 0xb0, 0x33, 0x20, 0xff,
    0xff, 0xff, 0xff, 0xff, 0xf0, 0x34, 0x40, 0x27,
    0x75, 0xf, 0xff, 0xff, 0xff, 0xff, 0xff, 0x5,
    0x66, 0x1e, 0xff, 0xb0, 0xff, 0xff, 0xff, 0xff,
    0xff, 0xf0, 0xcf, 0xfc, 0xdf, 0xfb, 0xf, 0xff,
    0xff, 0xff, 0xff, 0xff, 0xc, 0xff, 0xc1, 0x55,
    0x30, 0xff, 0xff, 0xff, 0xff, 0xff, 0xf0, 0x46,
    0x51, 0x16, 0x64, 0xf, 0xff, 0xff, 0xff, 0xff,
    0xff, 0x4, 0x55, 0x1d, 0xff, 0xb0, 0xff, 0xff,
    0xff, 0xff, 0xff, 0xf0, 0xcf, 0xfb, 0xdf, 0xfb,
    0xf, 0xff, 0xff, 0xff, 0xff, 0xff, 0xc, 0xff,
    0xc2, 0x77, 0x50, 0xff, 0xff, 0xff, 0xff, 0xff,
    0xf0, 0x57, 0x71, 0x4, 0x43, 0xf, 0xff, 0xff,
    0xff, 0xff, 0xff, 0x3, 0x44, 0xc, 0xff, 0xb0,
    0xff, 0xff, 0xff, 0xff, 0xff, 0xf0, 0xcf, 0xfb,
    0xef, 0xfb, 0xf, 0xff, 0xff, 0xff, 0xff, 0xff,
    0xc, 0xff, 0xd3, 0x88, 0x60, 0xff, 0xff, 0xff,
    0xff, 0xff, 0xf0, 0x78, 0x82, 0x0, 0x0, 0xf,
    0xff, 0xff, 0xff, 0xff, 0xff, 0x0, 0x0, 0x0,
    0x0, 0x0, 0x9f, 0xff, 0xff, 0xff, 0xff, 0x80,
    0x0, 0x0,

    /* U+E621 "" */
    0x7, 0x10, 0x91, 0x0, 0x0, 0xe2, 0x2, 0x0,
    0x50, 0xc, 0x20, 0x0, 0xb, 0x20, 0x50, 0x2,
    0x0, 0xe2, 0x0, 0x0, 0x91, 0x8, 0x10, 0x0,
    0xe, 0x30, 0x10, 0x6, 0x0, 0xa1,

    /* U+E627 "" */
    0x0, 0x0, 0x4, 0x78, 0x98, 0x61, 0x0, 0x0,
    0x1, 0x74, 0xac, 0xcf, 0xfb, 0xcb, 0x7c, 0x20,
    0xa, 0x8c, 0xaf, 0xfc, 0xba, 0xfc, 0xe8, 0x70,
    0x4, 0x9d, 0x4c, 0xfc, 0xa7, 0xfc, 0xfa, 0x10,
    0x0, 0x9f, 0xbc, 0xc6, 0x6b, 0xcc, 0xfb, 0x0,
    0x0, 0xbf, 0xff, 0xcc, 0xdc, 0xff, 0xfd, 0x0,
    0x0, 0xcf, 0xff, 0xfb, 0xaf, 0xff, 0xfe, 0x0,
    0x0, 0xcf, 0xff, 0xfd, 0xdf, 0xff, 0xfe, 0x0,
    0x0, 0xbf, 0xff, 0xff, 0xff, 0xff, 0xff, 0x0,
    0x0, 0x9f, 0xff, 0xff, 0xff, 0xff, 0xff, 0x0,
    0xa, 0xbf, 0xff, 0xff, 0xff, 0xff, 0xff, 0xa2,
    0x1, 0x9f, 0xff, 0xff, 0xff, 0xff, 0xff, 0x0,
    0x0, 0x9f, 0xff, 0xff, 0xff, 0xff, 0xff, 0x0,
    0x0, 0xaf, 0xff, 0xff, 0xff, 0xff, 0xff, 0x10,
    0x0, 0xbf, 0xff, 0xff, 0xff, 0xff, 0xff, 0x0,
    0x0, 0xaf, 0xff, 0xff, 0xff, 0xff, 0xfd, 0x0,
    0x0, 0x7f, 0xff, 0xff, 0xff, 0xff, 0xf8, 0x0,
    0x0, 0x1e, 0xff, 0xff, 0xff, 0xff, 0xe1, 0x0,
    0x0, 0xa, 0xdf, 0xff, 0xff, 0xfb, 0xd3, 0x0,
    0x0, 0x18, 0x11, 0x56, 0x64, 0x10, 0x43, 0x0,

    /* U+E659 "" */
    0x0, 0x0, 0x0, 0x30, 0x0, 0x0, 0x0, 0x0,
    0x0, 0x0, 0x0, 0x0, 0xd, 0x70, 0x0, 0x0,
    0x0, 0x0, 0x0, 0x0, 0x0, 0x3, 0xfd, 0x0,
    0x0, 0x0, 0x0, 0x0, 0x0, 0x0, 0x0, 0x9f,
    0xf4, 0x0, 0x0, 0x41, 0x0, 0x0, 0x0, 0x0,
    0xe, 0xff, 0xb0, 0x0, 0xb, 0x80, 0x0, 0x0,
    0x0, 0x5, 0xbf, 0xff, 0x20, 0x2, 0xfe, 0x0,
    0x0, 0x0, 0x0, 0xb2, 0xdf, 0xf9, 0x0, 0x9d,
    0xf6, 0x0, 0x0, 0x0, 0x1b, 0x6, 0xff, 0xf0,
    0x19, 0x5f, 0xc0, 0x0, 0x0, 0x7, 0x60, 0x1f,
    0xff, 0x68, 0x20, 0xef, 0x30, 0x0, 0x0, 0xc0,
    0x0, 0xaf, 0xfd, 0xc5, 0x5b, 0xfa, 0x0, 0x0,
    0x3f, 0xdd, 0xde, 0xff, 0xf8, 0x44, 0x5f, 0xf1,
    0x0, 0x9, 0x40, 0x0, 0xe, 0xff, 0xa0, 0x0,
    0x8f, 0x80, 0x0, 0xd0, 0x0, 0x0, 0x8f, 0xff,
    0x10, 0x6, 0xff, 0x20, 0x7a, 0x0, 0x0, 0x2,
    0xff, 0xf7, 0x3, 0x55, 0x54, 0x3e, 0xb0, 0x0,
    0x0, 0x4f, 0xff, 0xe2, 0x0, 0x0, 0x8, 0x88,
    0x81, 0x0, 0x58, 0x88, 0x88, 0x80, 0x0, 0x0,

    /* U+E6A9 "" */
    0x0, 0x0, 0x0, 0x0, 0x0, 0x0, 0x0, 0x0,
    0x2, 0x30, 0x0, 0x0, 0x0, 0x0, 0x0, 0x0,
    0x0, 0x4, 0xbb, 0x0, 0x0, 0x0, 0x0, 0x0,
    0x0, 0x0, 0x5, 0xdf, 0xd0, 0x0, 0xff, 0xff,
    0xf5, 0x6f, 0xff, 0xff, 0xff, 0xfe, 0x2c, 0xf1,
    0xff, 0xff, 0x94, 0xff, 0xff, 0xff, 0xff, 0xf3,
    0x9f, 0xf1, 0xff, 0xfa, 0x1c, 0xdd, 0xdd, 0xff,
    0xff, 0x66, 0xff, 0xf1, 0xff, 0xc0, 0x0, 0x0,
    0x4, 0xff, 0xf8, 0x0, 0xbf, 0xf1, 0xff, 0xc0,
    0x0, 0x0, 0x2e, 0xff, 0xb0, 0x0, 0xbf, 0xf1,
    0xff, 0xc0, 0x0, 0x0, 0xdf, 0xfd, 0x0, 0x0,
    0xbf, 0xf1, 0xff, 0xc0, 0x0, 0xb, 0xff, 0xe2,
    0x0, 0x0, 0xbf, 0xf1, 0xff, 0xc0, 0x0, 0x8f,
    0xff, 0x30, 0x0, 0x0, 0xbf, 0xf1, 0xff, 0xc0,
    0x5, 0xff, 0xf6, 0x0, 0x0, 0x0, 0xbf, 0xf1,
    0xff, 0xf6, 0x3f, 0xff, 0xfc, 0xcc, 0xcc, 0x29,
    0xef, 0xf1, 0xff, 0xb2, 0xef, 0xff, 0xff, 0xff,
    0xf5, 0x8f, 0xff, 0xf1, 0xfd, 0x1c, 0xff, 0xff,
    0xff, 0xff, 0x75, 0xff, 0xff, 0xf1, 0x0, 0xaf,
    0xe7, 0x0, 0x0, 0x0, 0x0, 0x0, 0x0, 0x0,
    0x7, 0xd6, 0x0, 0x0, 0x0, 0x0, 0x0, 0x0,
    0x0, 0x0, 0x25, 0x0, 0x0, 0x0, 0x0, 0x0,
    0x0, 0x0, 0x0, 0x0,

    /* U+E712 "" */
    0x0, 0x0, 0x0, 0x0, 0x0, 0x0, 0x0, 0x0,
    0x0, 0x0, 0x8f, 0xfa, 0x0, 0x0, 0x0, 0x0,
    0x0, 0x1f, 0xff, 0xf7, 0x0, 0x0, 0x0, 0x0,
    0x2, 0x7d, 0x69, 0xc0, 0x0, 0x0, 0x0, 0x0,
    0x1a, 0xca, 0x7e, 0x0, 0x0, 0x0, 0x0, 0x0,
    0xff, 0xff, 0xf0, 0x0, 0x0, 0x0, 0x0, 0x17,
    0xc8, 0x3f, 0x70, 0x0, 0x0, 0x0, 0x8, 0x0,
    0x0, 0xcf, 0x10, 0x0, 0x0, 0x5, 0x70, 0x0,
    0x5, 0xfb, 0x0, 0x0, 0x0, 0xd1, 0x0, 0x0,
    0xd, 0xf4, 0x0, 0x0, 0x4a, 0x0, 0x0, 0x0,
    0x9f, 0xa0, 0x0, 0xb, 0x70, 0x0, 0x0, 0x8,
    0xfd, 0x0, 0x0, 0xe8, 0x0, 0x0, 0x0, 0xbf,
    0xd0, 0x2, 0xaf, 0xf8, 0x0, 0x0, 0x4f, 0xff,
    0x0, 0xcf, 0xff, 0xf6, 0x0, 0x6, 0xff, 0xfa,
    0xc, 0xff, 0xff, 0x40, 0x17, 0xff, 0xff, 0xe2,
    0x7d, 0xff, 0xff, 0xcd, 0xdf, 0xff, 0x80, 0x0,
    0x2, 0x79, 0x20, 0x0, 0x3a, 0x40, 0x0,

    /* U+E795 "" */
    0x7b, 0xbb, 0xbb, 0xbb, 0xbb, 0xbb, 0xbb, 0xa2,
    0xff, 0xff, 0xff, 0xff, 0xff, 0xff, 0xff, 0xf7,
    0xff, 0xfc, 0xff, 0xff, 0xff, 0xff, 0xff, 0xf7,
    0xff, 0x70, 0xaf, 0xff, 0xff, 0xff, 0xff, 0xf7,
    0xff, 0xe2, 0xa, 0xff, 0xff, 0xff, 0xff, 0xf7,
    0xff, 0xfe, 0x20, 0xbf, 0xff, 0xff, 0xff, 0xf7,
    0xff, 0xfc, 0x1, 0xdf, 0xff, 0xff, 0xff, 0xf7,
    0xff, 0xd1, 0xc, 0xff, 0xff, 0xff, 0xff, 0xf7,
    0xff, 0x70, 0xbf, 0xa0, 0x0, 0xf, 0xff, 0xf7,
    0xff, 0xfc, 0xff, 0xd8, 0x88, 0x8f, 0xff, 0xf7,
    0xff, 0xff, 0xff, 0xff, 0xff, 0xff, 0xff, 0xf7,
    0xff, 0xff, 0xff, 0xff, 0xff, 0xff, 0xff, 0xf7,
    0xff, 0xff, 0xff, 0xff, 0xff, 0xff, 0xff, 0xf7,
    0xae, 0xff, 0xff, 0xff, 0xff, 0xff, 0xff, 0xe3,

    /* U+E7A3 "" */
    0x0, 0x0, 0x0, 0x3a, 0x70, 0x0, 0x0, 0x0,
    0x0, 0x0, 0x19, 0xff, 0xfe, 0x60, 0x0, 0x0,
    0x0, 0x7, 0xff, 0xff, 0xff, 0xfc, 0x30, 0x0,
    0x4, 0xdf, 0xff, 0xfe, 0xff, 0xff, 0xfa, 0x10,
    0x9f, 0xff, 0xf6, 0x0, 0x3, 0xbf, 0xff, 0xf3,
    0xff, 0xfe, 0x20, 0x0, 0x0, 0x8, 0xff, 0xf9,
    0xff, 0xf5, 0x0, 0x14, 0x20, 0x0, 0xef, 0xfa,
    0xff, 0xe0, 0x3, 0xef, 0xf8, 0x5e, 0xff, 0xfa,
    0xff, 0xa0, 0xc, 0xff, 0xff, 0xfc, 0xbf, 0xa9,
    0xff, 0xa0, 0xd, 0xff, 0xff, 0xf6, 0x4a, 0x38,
    0xff, 0xd0, 0x9, 0xff, 0xfe, 0xdf, 0xff, 0xea,
    0xff, 0xf3, 0x0, 0x8d, 0xb2, 0x6, 0xff, 0xfa,
    0xff, 0xfd, 0x10, 0x0, 0x0, 0x4, 0xff, 0xf9,
    0xbf, 0xff, 0xd4, 0x0, 0x1, 0x7f, 0xff, 0xf5,
    0x7, 0xef, 0xff, 0xec, 0xdf, 0xff, 0xfc, 0x30,
    0x0, 0x19, 0xff, 0xff, 0xff, 0xfe, 0x60, 0x0,
    0x0, 0x0, 0x3c, 0xff, 0xff, 0x80, 0x0, 0x0,
    0x0, 0x0, 0x0, 0x5c, 0xa2, 0x0, 0x0, 0x0,

    /* U+E7A8 "" */
    0x0, 0x0, 0x0, 0x1, 0x30, 0x20, 0x0, 0x0,
    0x0, 0x0, 0x0, 0xb, 0xce, 0xed, 0xfb, 0x50,
    0x0, 0x0, 0x0, 0x3, 0xff, 0xff, 0x6d, 0xff,
    0xec, 0x0, 0x0, 0x0, 0x6e, 0xfc, 0x41, 0xb6,
    0x17, 0xef, 0xe0, 0x0, 0x5, 0xcf, 0x80, 0x0,
    0x0, 0x0, 0x1c, 0xfa, 0x0, 0x18, 0xff, 0xff,
    0xff, 0xff, 0xfe, 0x51, 0xee, 0x40, 0x1f, 0xef,
    0xff, 0xff, 0xef, 0xff, 0xf1, 0xcf, 0x90, 0x9f,
    0x8a, 0x9f, 0xf5, 0x1, 0xdf, 0xf3, 0x9a, 0xe3,
    0x6f, 0x80, 0x9f, 0xff, 0xff, 0xff, 0x50, 0x2e,
    0xe1, 0x9f, 0x60, 0x9f, 0xfc, 0xbe, 0xff, 0x80,
    0x4e, 0xe4, 0x9f, 0x93, 0xaf, 0xf7, 0x21, 0xff,
    0xf4, 0xcf, 0xf2, 0x1f, 0xff, 0xff, 0xff, 0xf0,
    0xcf, 0xff, 0xff, 0x90, 0x2b, 0xfe, 0xcc, 0xcc,
    0xb0, 0x3b, 0xcc, 0xff, 0x80, 0x7, 0xff, 0xa9,
    0x0, 0x0, 0x3, 0xbb, 0xff, 0x0, 0x0, 0x7f,
    0x8b, 0x10, 0x0, 0x8, 0x4f, 0xf1, 0x0, 0x0,
    0x26, 0xff, 0xfc, 0xab, 0xdf, 0xfd, 0x40, 0x0,
    0x0, 0x1, 0x3c, 0xdf, 0xff, 0xfd, 0x63, 0x0,
    0x0, 0x0, 0x0, 0x0, 0x26, 0x97, 0x90, 0x0,
    0x0, 0x0, 0x0, 0x0, 0x0, 0x0, 0x0, 0x0,
    0x0, 0x0, 0x0,

    /* U+E900 "" */
    0x6b, 0x91, 0xbb, 0x44, 0xba, 0x61, 0xbb, 0x37,
    0x20, 0xc0, 0x17, 0x50, 0xc5, 0xa5, 0x88, 0x40,
    0xb8, 0x20, 0xc0, 0x17, 0x40, 0xc5, 0xa4, 0xb8,
    0x30, 0xb8, 0x20, 0x7b, 0x92, 0xbb, 0x54, 0xca,
    0x82, 0xbb, 0x47, 0xb6,

    /* U+EAB0 "" */
    0x0, 0x14, 0x55, 0x55, 0x55, 0x55, 0x55, 0x55,
    0x10, 0x0, 0x6, 0xff, 0xff, 0xff, 0xff, 0xff,
    0xff, 0xff, 0xf9, 0x0, 0x5f, 0x81, 0x0, 0x0,
    0x0, 0x0, 0x0, 0x0, 0x5f, 0x80, 0xca, 0x0,
    0x0, 0x0, 0x0, 0x0, 0x0, 0x0, 0x6, 0xf0,
    0xfa, 0x66, 0x66, 0x66, 0x66, 0x66, 0x66, 0x66,
    0x68, 0xf3, 0xff, 0xff, 0xff, 0xff, 0xff, 0xff,
    0xff, 0xff, 0xff, 0xf3, 0xf6, 0x0, 0x0, 0x0,
    0x0, 0x0, 0x0, 0x0, 0x1, 0xf3, 0xf6, 0x0,
    0x0, 0x0, 0x0, 0x0, 0x0, 0x0, 0x1, 0xf3,
    0xf6, 0x0, 0x4, 0x0, 0x4, 0x10, 0x4, 0x10,
    0x1, 0xf3, 0xf6, 0x0, 0xbf, 0xb0, 0x9f, 0xd0,
    0x7f, 0xe0, 0x1, 0xf3, 0xf6, 0x0, 0xbf, 0xa0,
    0x9f, 0xd0, 0x8f, 0xe0, 0x1, 0xf3, 0xf6, 0x0,
    0x3, 0x0, 0x3, 0x0, 0x3, 0x10, 0x1, 0xf3,
    0xf6, 0x0, 0x15, 0x10, 0x5, 0x10, 0x0, 0x0,
    0x1, 0xf3, 0xf6, 0x0, 0xcf, 0xb0, 0xaf, 0xd0,
    0x0, 0x0, 0x1, 0xf3, 0xf6, 0x0, 0xbf, 0xa0,
    0x9f, 0xd0, 0x0, 0x0, 0x1, 0xf3, 0xf7, 0x0,
    0x5, 0x0, 0x4, 0x10, 0x0, 0x0, 0x2, 0xf3,
    0xda, 0x0, 0x0, 0x0, 0x0, 0x0, 0x0, 0x0,
    0x6, 0xf1, 0x6f, 0x70, 0x0, 0x0, 0x0, 0x0,
    0x0, 0x0, 0x5e, 0xa0, 0x8, 0xff, 0xfe, 0xee,
    0xee, 0xee, 0xee, 0xef, 0xfb, 0x0, 0x0, 0x26,
    0x77, 0x77, 0x77, 0x77, 0x77, 0x76, 0x30, 0x0,

    /* U+EB29 "" */
    0x0, 0x0, 0x0, 0x0, 0x14, 0x20, 0x0, 0x0,
    0x0, 0x0, 0x0, 0x0, 0x0, 0x5c, 0xff, 0xfd,
    0x71, 0x0, 0x0, 0x0, 0x0, 0x3, 0x9f, 0xfa,
    0x41, 0x39, 0xef, 0xa4, 0x0, 0x0, 0x6, 0xdf,
    0xd7, 0x10, 0x0, 0x0, 0x5, 0xbf, 0xe8, 0x10,
    0xaf, 0xb3, 0x0, 0x0, 0x0, 0x0, 0x0, 0x2,
    0x9f, 0xd0, 0xff, 0xfa, 0x40, 0x0, 0x0, 0x0,
    0x0, 0x29, 0xff, 0xf3, 0xf5, 0x6d, 0xfd, 0x60,
    0x0, 0x0, 0x4b, 0xfe, 0x83, 0xf3, 0xf4, 0x0,
    0x4a, 0xfe, 0x82, 0x6d, 0xfc, 0x50, 0x1, 0xf3,
    0xf4, 0x2c, 0x71, 0x18, 0xef, 0xf9, 0x30, 0x0,
    0x1, 0xf3, 0xf4, 0x8, 0xff, 0x91, 0x1f, 0x40,
    0x0, 0x0, 0x1, 0xf3, 0xf4, 0x0, 0x6, 0xd6,
    0xf, 0x40, 0x0, 0x0, 0x1, 0xf3, 0xf4, 0x3f,
    0xb4, 0x0, 0xf, 0x40, 0x0, 0x0, 0x1, 0xf3,
    0xf4, 0x5, 0xcf, 0x10, 0xf, 0x40, 0x0, 0x0,
    0x1, 0xf3, 0xf4, 0x0, 0x0, 0x0, 0xf, 0x40,
    0x0, 0x0, 0x1, 0xf3, 0xf5, 0x0, 0x0, 0x0,
    0xf, 0x40, 0x0, 0x0, 0x1, 0xf3, 0xce, 0x71,
    0x0, 0x0, 0xf, 0x40, 0x0, 0x0, 0x5c, 0xe0,
    0x19, 0xff, 0xa4, 0x0, 0xf, 0x40, 0x3, 0x9f,
    0xfb, 0x30, 0x0, 0x6, 0xcf, 0xe8, 0x2f, 0x67,
    0xdf, 0xd7, 0x10, 0x0, 0x0, 0x0, 0x2, 0x8e,
    0xff, 0xff, 0xa3, 0x0, 0x0, 0x0, 0x0, 0x0,
    0x0, 0x0, 0x47, 0x50, 0x0, 0x0, 0x0, 0x0,

    /* U+ED0D "" */
    0x0, 0x0, 0x0, 0x0, 0x0, 0x0, 0x0, 0x0,
    0x0, 0x0, 0x0, 0x0, 0x6, 0xdd, 0x50, 0x0,
    0x0, 0x0, 0x0, 0x0, 0x3, 0xcf, 0x8a, 0xfc,
    0x30, 0x0, 0x0, 0x0, 0x2, 0xaf, 0xa2, 0x0,
    0x3c, 0xf9, 0x10, 0x0, 0x0, 0x8f, 0xc3, 0x0,
    0x0, 0x0, 0x5e, 0xf7, 0x0, 0x4e, 0xe6, 0x0,
    0x0, 0x0, 0x0, 0x0, 0x7f, 0xe3, 0xea, 0x0,
    0x0, 0x0, 0x0, 0x0, 0x0, 0x1, 0xbd, 0xf5,
    0x0, 0x9, 0x40, 0x4b, 0xed, 0xa3, 0x0, 0x6e,
    0xf5, 0x0, 0xe, 0x73, 0xfa, 0x66, 0xcf, 0x20,
    0x6e, 0xf5, 0x0, 0xe, 0x77, 0xf1, 0x0, 0xd,
    0x50, 0x6e, 0xf5, 0x0, 0xe, 0x73, 0xff, 0xc9,
    0x62, 0x0, 0x6e, 0xf5, 0x0, 0xe, 0x70, 0x27,
    0xac, 0xff, 0x50, 0x6e, 0xf5, 0x0, 0xe, 0x77,
    0x70, 0x0, 0xc, 0xb0, 0x6e, 0xf5, 0x0, 0xe,
    0x77, 0xf5, 0x11, 0x4e, 0x90, 0x6e, 0xf5, 0x0,
    0xe, 0x70, 0xaf, 0xff, 0xfa, 0x0, 0x6e, 0xe9,
    0x0, 0xe, 0x70, 0x0, 0x22, 0x0, 0x1, 0xad,
    0x5e, 0xe6, 0x5f, 0x50, 0x0, 0x0, 0x0, 0x6e,
    0xe4, 0x1, 0x9f, 0xfc, 0x0, 0x0, 0x0, 0x4d,
    0xf8, 0x0, 0x0, 0x0, 0x10, 0x51, 0x0, 0x2b,
    0xfa, 0x10, 0x0, 0x0, 0x0, 0x3, 0xee, 0x69,
    0xfc, 0x30, 0x0, 0x0, 0x0, 0x0, 0x0, 0x8,
    0xfe, 0x50, 0x0, 0x0, 0x0, 0x0, 0x0, 0x0,
    0x0, 0x0, 0x0, 0x0, 0x0, 0x0,

    /* U+EE00 "" */
    0x8c, 0xcc, 0xcc, 0xcc, 0xcc, 0xcc, 0xab, 0xff,
    0xff, 0xff, 0xff, 0xff, 0xfd, 0xbf, 0x32, 0x22,
    0x22, 0x22, 0x22, 0x2b, 0xf1, 0x0, 0x0, 0x0,
    0x0, 0x0, 0xbf, 0x10, 0x0, 0x0, 0x0, 0x0,
    0xb, 0xf1, 0x0, 0x0, 0x0, 0x0, 0x0, 0xbf,
    0x10, 0x0, 0x0, 0x0, 0x0, 0xb, 0xf1, 0x0,
    0x0, 0x0, 0x0, 0x0, 0xbf, 0x10, 0x0, 0x0,
    0x0, 0x0, 0xb, 0xf1, 0x0, 0x0, 0x0, 0x0,
    0x0, 0xbf, 0x10, 0x0, 0x0, 0x0, 0x0, 0xb,
    0xf1, 0x0, 0x0, 0x0, 0x0, 0x0, 0xbf, 0x10,
    0x0, 0x0, 0x0, 0x0, 0xb, 0xf1, 0x0, 0x0,
    0x0, 0x0, 0x0, 0xbf, 0x10, 0x0, 0x0, 0x0,
    0x0, 0xb, 0xf1, 0x0, 0x0, 0x0, 0x0, 0x0,
    0xbf, 0x10, 0x0, 0x0, 0x0, 0x0, 0xb, 0xf1,
    0x0, 0x0, 0x0, 0x0, 0x0, 0xbf, 0x10, 0x0,
    0x0, 0x0, 0x0, 0xb, 0xf1, 0x0, 0x0, 0x0,
    0x0, 0x0, 0xbf, 0x10, 0x0, 0x0, 0x0, 0x0,
    0xb, 0xf1, 0x0, 0x0, 0x0, 0x0, 0x0, 0xbf,
    0x10, 0x0, 0x0, 0x0, 0x0, 0xb, 0xf1, 0x0,
    0x0, 0x0, 0x0, 0x0, 0xbf, 0xff, 0xff, 0xff,
    0xff, 0xff, 0xda, 0xee, 0xee, 0xee, 0xee, 0xee,
    0xec,

    /* U+EE01 "" */
    0x7c, 0xcc, 0xcc, 0xcc, 0xcc, 0xcc, 0xcc, 0xb9,
    0xff, 0xff, 0xff, 0xff, 0xff, 0xff, 0xfe, 0x12,
    0x22, 0x22, 0x22, 0x22, 0x22, 0x22, 0x20, 0x0,
    0x0, 0x0, 0x0, 0x0, 0x0, 0x0, 0x0, 0x0,
    0x0, 0x0, 0x0, 0x0, 0x0, 0x0, 0x0, 0x0,
    0x0, 0x0, 0x0, 0x0, 0x0, 0x0, 0x0, 0x0,
    0x0, 0x0, 0x0, 0x0, 0x0, 0x0, 0x0, 0x0,
    0x0, 0x0, 0x0, 0x0, 0x0, 0x0, 0x0, 0x0,
    0x0, 0x0, 0x0, 0x0, 0x0, 0x0, 0x0, 0x0,
    0x0, 0x0, 0x0, 0x0, 0x0, 0x0, 0x0, 0x0,
    0x0, 0x0, 0x0, 0x0, 0x0, 0x0, 0x0, 0x0,
    0x0, 0x0, 0x0, 0x0, 0x0, 0x0, 0x0, 0x0,
    0x0, 0x0, 0x0, 0x0, 0x0, 0x0, 0x0, 0x0,
    0x0, 0x0, 0x0, 0x0, 0x0, 0x0, 0x0, 0x0,
    0x0, 0x0, 0x0, 0x0, 0x0, 0x0, 0x0, 0x0,
    0x0, 0x0, 0x0, 0x0, 0x0, 0x0, 0x0, 0x0,
    0x0, 0x0, 0x0, 0x0, 0x0, 0x0, 0x0, 0x0,
    0x0, 0x0, 0x0, 0x0, 0x0, 0x0, 0x0, 0x0,
    0x0, 0x0, 0x0, 0x0, 0x0, 0x0, 0x0, 0x0,
    0x0, 0x0, 0x0, 0x0, 0x0, 0x0, 0x0, 0x0,
    0x0, 0x0, 0x0, 0x0, 0x0, 0x0, 0x0, 0x0,
    0x0, 0x0, 0x0, 0x0, 0x0, 0x0, 0x0, 0x0,
    0x0, 0x0, 0x0, 0x0, 0x9f, 0xff, 0xff, 0xff,
    0xff, 0xff, 0xff, 0xe8, 0xee, 0xee, 0xee, 0xee,
    0xee, 0xee, 0xed,

    /* U+EE02 "" */
    0x8c, 0xcc, 0xcc, 0xcc, 0xcc, 0xcc, 0xba, 0xff,
    0xff, 0xff, 0xff, 0xff, 0xfe, 0x12, 0x22, 0x22,
    0x22, 0x22, 0x2e, 0xe0, 0x0, 0x0, 0x0, 0x0,
    0x0, 0xde, 0x0, 0x0, 0x0, 0x0, 0x0, 0xd,
    0xe0, 0x0, 0x0, 0x0, 0x0, 0x0, 0xde, 0x0,
    0x0, 0x0, 0x0, 0x0, 0xd, 0xe0, 0x0, 0x0,
    0x0, 0x0, 0x0, 0xde, 0x0, 0x0, 0x0, 0x0,
    0x0, 0xd, 0xe0, 0x0, 0x0, 0x0, 0x0, 0x0,
    0xde, 0x0, 0x0, 0x0, 0x0, 0x0, 0xd, 0xe0,
    0x0, 0x0, 0x0, 0x0, 0x0, 0xde, 0x0, 0x0,
    0x0, 0x0, 0x0, 0xd, 0xe0, 0x0, 0x0, 0x0,
    0x0, 0x0, 0xde, 0x0, 0x0, 0x0, 0x0, 0x0,
    0xd, 0xe0, 0x0, 0x0, 0x0, 0x0, 0x0, 0xde,
    0x0, 0x0, 0x0, 0x0, 0x0, 0xd, 0xe0, 0x0,
    0x0, 0x0, 0x0, 0x0, 0xde, 0x0, 0x0, 0x0,
    0x0, 0x0, 0xd, 0xe0, 0x0, 0x0, 0x0, 0x0,
    0x0, 0xde, 0x0, 0x0, 0x0, 0x0, 0x0, 0xd,
    0xe0, 0x0, 0x0, 0x0, 0x0, 0x0, 0xde, 0x0,
    0x0, 0x0, 0x0, 0x0, 0xd, 0xe0, 0x0, 0x0,
    0x0, 0x0, 0x0, 0xee, 0xaf, 0xff, 0xff, 0xff,
    0xff, 0xff, 0xe9, 0xee, 0xee, 0xee, 0xee, 0xee,
    0xed,

    /* U+EE03 "" */
    0x8c, 0xcc, 0xcc, 0xcc, 0xcc, 0xcc, 0xbb, 0xff,
    0xff, 0xff, 0xff, 0xff, 0xfe, 0xbf, 0x32, 0x22,
    0x22, 0x22, 0x22, 0x2b, 0xf1, 0x0, 0x0, 0x0,
    0x0, 0x0, 0xbf, 0x10, 0x0, 0x0, 0x0, 0x0,
    0xb, 0xf1, 0x3, 0xee, 0xee, 0xee, 0xec, 0xbf,
    0x10, 0x3f, 0xff, 0xff, 0xff, 0xeb, 0xf1, 0x3,
    0xff, 0xff, 0xff, 0xfe, 0xbf, 0x10, 0x3f, 0xff,
    0xff, 0xff, 0xeb, 0xf1, 0x3, 0xff, 0xff, 0xff,
    0xfe, 0xbf, 0x10, 0x3f, 0xff, 0xff, 0xff, 0xeb,
    0xf1, 0x3, 0xff, 0xff, 0xff, 0xfe, 0xbf, 0x10,
    0x3f, 0xff, 0xff, 0xff, 0xeb, 0xf1, 0x3, 0xff,
    0xff, 0xff, 0xfe, 0xbf, 0x10, 0x3f, 0xff, 0xff,
    0xff, 0xeb, 0xf1, 0x3, 0xff, 0xff, 0xff, 0xfe,
    0xbf, 0x10, 0x3f, 0xff, 0xff, 0xff, 0xeb, 0xf1,
    0x3, 0xff, 0xff, 0xff, 0xfe, 0xbf, 0x10, 0x3f,
    0xff, 0xff, 0xff, 0xeb, 0xf1, 0x3, 0xff, 0xff,
    0xff, 0xfe, 0xbf, 0x10, 0x3f, 0xff, 0xff, 0xff,
    0xeb, 0xf1, 0x0, 0x0, 0x0, 0x0, 0x0, 0xbf,
    0x10, 0x0, 0x0, 0x0, 0x0, 0xb, 0xf1, 0x0,
    0x0, 0x0, 0x0, 0x0, 0xbf, 0xff, 0xff, 0xff,
    0xff, 0xff, 0xea, 0xee, 0xee, 0xee, 0xee, 0xee,
    0xed,

    /* U+EE04 "" */
    0x7c, 0xcc, 0xcc, 0xcc, 0xcc, 0xcc, 0xcc, 0xb9,
    0xff, 0xff, 0xff, 0xff, 0xff, 0xff, 0xfe, 0x12,
    0x22, 0x22, 0x22, 0x22, 0x22, 0x22, 0x20, 0x0,
    0x0, 0x0, 0x0, 0x0, 0x0, 0x0, 0x0, 0x0,
    0x0, 0x0, 0x0, 0x0, 0x0, 0x8, 0xee, 0xee,
    0xee, 0xee, 0xee, 0xee, 0xec, 0x9f, 0xff, 0xff,
    0xff, 0xff, 0xff, 0xff, 0xe9, 0xff, 0xff, 0xff,
    0xff, 0xff, 0xff, 0xfe, 0x9f, 0xff, 0xff, 0xff,
    0xff, 0xff, 0xff, 0xe9, 0xff, 0xff, 0xff, 0xff,
    0xff, 0xff, 0xfe, 0x9f, 0xff, 0xff, 0xff, 0xff,
    0xff, 0xff, 0xe9, 0xff, 0xff, 0xff, 0xff, 0xff,
    0xff, 0xfe, 0x9f, 0xff, 0xff, 0xff, 0xff, 0xff,
    0xff, 0xe9, 0xff, 0xff, 0xff, 0xff, 0xff, 0xff,
    0xfe, 0x9f, 0xff, 0xff, 0xff, 0xff, 0xff, 0xff,
    0xe9, 0xff, 0xff, 0xff, 0xff, 0xff, 0xff, 0xfe,
    0x9f, 0xff, 0xff, 0xff, 0xff, 0xff, 0xff, 0xe9,
    0xff, 0xff, 0xff, 0xff, 0xff, 0xff, 0xfe, 0x9f,
    0xff, 0xff, 0xff, 0xff, 0xff, 0xff, 0xe9, 0xff,
    0xff, 0xff, 0xff, 0xff, 0xff, 0xfe, 0x9f, 0xff,
    0xff, 0xff, 0xff, 0xff, 0xff, 0xe0, 0x0, 0x0,
    0x0, 0x0, 0x0, 0x0, 0x0, 0x0, 0x0, 0x0,
    0x0, 0x0, 0x0, 0x0, 0x0, 0x0, 0x0, 0x0,
    0x0, 0x0, 0x0, 0x0, 0x9f, 0xff, 0xff, 0xff,
    0xff, 0xff, 0xff, 0xe8, 0xee, 0xee, 0xee, 0xee,
    0xee, 0xee, 0xed,

    /* U+EE05 "" */
    0xac, 0xcc, 0xcc, 0xcc, 0xcc, 0xcc, 0x8d, 0xff,
    0xff, 0xff, 0xff, 0xff, 0xfb, 0x22, 0x22, 0x22,
    0x22, 0x22, 0x3f, 0xb0, 0x0, 0x0, 0x0, 0x0,
    0x1, 0xfb, 0x0, 0x0, 0x0, 0x0, 0x0, 0x1f,
    0xbc, 0xdd, 0xdd, 0xdd, 0xd4, 0x1, 0xfb, 0xdf,
    0xff, 0xff, 0xff, 0x40, 0x1f, 0xbd, 0xff, 0xff,
    0xff, 0xf4, 0x1, 0xfb, 0xdf, 0xff, 0xff, 0xff,
    0x40, 0x1f, 0xbd, 0xff, 0xff, 0xff, 0xf4, 0x1,
    0xfb, 0xdf, 0xff, 0xff, 0xff, 0x40, 0x1f, 0xbd,
    0xff, 0xff, 0xff, 0xf4, 0x1, 0xfb, 0xdf, 0xff,
    0xff, 0xff, 0x40, 0x1f, 0xbd, 0xff, 0xff, 0xff,
    0xf4, 0x1, 0xfb, 0xdf, 0xff, 0xff, 0xff, 0x40,
    0x1f, 0xbd, 0xff, 0xff, 0xff, 0xf4, 0x1, 0xfb,
    0xdf, 0xff, 0xff, 0xff, 0x40, 0x1f, 0xbd, 0xff,
    0xff, 0xff, 0xf4, 0x1, 0xfb, 0xdf, 0xff, 0xff,
    0xff, 0x40, 0x1f, 0xbd, 0xff, 0xff, 0xff, 0xf4,
    0x1, 0xfb, 0xdf, 0xff, 0xff, 0xff, 0x40, 0x1f,
    0xb0, 0x0, 0x0, 0x0, 0x0, 0x1, 0xfb, 0x0,
    0x0, 0x0, 0x0, 0x0, 0x1f, 0xb0, 0x0, 0x0,
    0x0, 0x0, 0x1, 0xfb, 0xdf, 0xff, 0xff, 0xff,
    0xff, 0xff, 0xbc, 0xee, 0xee, 0xee, 0xee, 0xee,
    0xea,

    /* U+EFC5 "" */
    0x4, 0x88, 0x88, 0x88, 0x88, 0x88, 0x88, 0x88,
    0x88, 0x88, 0x72, 0x6, 0xff, 0xff, 0xff, 0xff,
    0xff, 0xff, 0xff, 0xff, 0xff, 0xff, 0xf4, 0xef,
    0xff, 0xff, 0xff, 0xff, 0xff, 0xff, 0xff, 0xff,
    0xff, 0xff, 0xbe, 0xff, 0xff, 0x71, 0xbf, 0xf8,
    0x1a, 0xff, 0x90, 0x9f, 0xff, 0xfb, 0x2f, 0xff,
    0xf1, 0x6, 0xff, 0x20, 0x4f, 0xf3, 0x3, 0xff,
    0xfe, 0x10, 0xcf, 0xff, 0x10, 0x6f, 0xf2, 0x4,
    0xff, 0x30, 0x3f, 0xff, 0xa0, 0x1f, 0xff, 0xf1,
    0x6, 0xff, 0x20, 0x4f, 0xf3, 0x3, 0xff, 0xfd,
    0xd, 0xff, 0xff, 0x60, 0xaf, 0xf7, 0x9, 0xff,
    0x80, 0x8f, 0xff, 0xfa, 0xff, 0xff, 0xff, 0xff,
    0xff, 0xff, 0xff, 0xff, 0xff, 0xff, 0xff, 0xdf,
    0xff, 0xff, 0xff, 0xff, 0xff, 0xff, 0xff, 0xff,
    0xff, 0xff, 0xfd, 0x99, 0x99, 0x99, 0x99, 0x99,
    0x99, 0x99, 0x99, 0x99, 0x99, 0x99, 0x80, 0x0,
    0x0, 0x0, 0x0, 0x0, 0x0, 0x0, 0x0, 0x0,
    0x0, 0x0, 0xff, 0xff, 0xff, 0xff, 0xff, 0xff,
    0xff, 0xff, 0xff, 0xff, 0xff, 0xdf, 0xff, 0xff,
    0xff, 0xff, 0xff, 0xff, 0xff, 0xff, 0xff, 0xff,
    0xfd, 0xff, 0xf3, 0x9f, 0xff, 0x48, 0xff, 0xf6,
    0x7f, 0xff, 0x76, 0xff, 0xd6, 0xbc, 0x26, 0xcc,
    0xc3, 0x5c, 0xcc, 0x44, 0xcc, 0xc5, 0x3c, 0xb5,

    /* U+EFCC "" */
    0x0, 0x0, 0x0, 0x0, 0x0, 0x0, 0x0, 0x0,
    0x0, 0x0, 0x0, 0x0, 0x0, 0x6, 0xbe, 0xff,
    0xfc, 0x71, 0x0, 0x0, 0x0, 0x0, 0x0, 0x5e,
    0xff, 0xff, 0xff, 0xff, 0xf8, 0x0, 0x0, 0x0,
    0x0, 0x8f, 0xff, 0xff, 0xb9, 0xff, 0xff, 0xfb,
    0x10, 0x0, 0x0, 0x8f, 0xff, 0xff, 0xf0, 0xa,
    0xff, 0xff, 0xfc, 0x0, 0x0, 0x5f, 0xff, 0xff,
    0xff, 0x41, 0xdf, 0xff, 0xff, 0xf9, 0x0, 0xd,
    0xff, 0x32, 0xef, 0xff, 0xff, 0xff, 0x51, 0xdf,
    0xf2, 0x5, 0xff, 0xe0, 0xb, 0xff, 0xff, 0xff,
    0xf0, 0x9, 0xff, 0x90, 0xaf, 0xff, 0xa9, 0xff,
    0xff, 0xff, 0xff, 0xb8, 0xff, 0xfe, 0xd, 0xff,
    0xff, 0xff, 0xff, 0xff, 0xff, 0xff, 0xff, 0xff,
    0xf1, 0xff, 0xff, 0xff, 0xff, 0xff, 0xff, 0xff,
    0xff, 0xff, 0xff, 0x3f, 0xfd, 0x25, 0xff, 0xff,
    0xff, 0xff, 0xff, 0xff, 0xff, 0xf2, 0xdf, 0x90,
    0xf, 0xff, 0xff, 0xff, 0xff, 0xff, 0xff, 0xfb,
    0xb, 0xff, 0x7a, 0xff, 0xff, 0xff, 0xfe, 0xaa,
    0xaa, 0x96, 0x0, 0x6f, 0xff, 0xff, 0xff, 0xff,
    0xff, 0x20, 0x0, 0x0, 0x0, 0x0, 0xef, 0xff,
    0xff, 0xff, 0xff, 0xc0, 0x0, 0x0, 0x0, 0x0,
    0x6, 0xff, 0xff, 0xff, 0xff, 0xfe, 0x0, 0x0,
    0x0, 0x0, 0x0, 0xa, 0xff, 0xff, 0xff, 0xff,
    0xf5, 0x0, 0x0, 0x0, 0x0, 0x0, 0xb, 0xff,
    0xff, 0xff, 0xff, 0xa0, 0x0, 0x0, 0x0, 0x0,
    0x0, 0x8, 0xff, 0xff, 0xff, 0xf8, 0x0, 0x0,
    0x0, 0x0, 0x0, 0x0, 0x2, 0x9e, 0xff, 0xfd,
    0x10, 0x0, 0x0, 0x0, 0x0, 0x0, 0x0, 0x0,
    0x1, 0x33, 0x0, 0x0, 0x0, 0x0, 0x0,

    /* U+F007 "" */
    0x0, 0x0, 0x0, 0x0, 0x0, 0x0, 0x0, 0x0,
    0x0, 0x0, 0x0, 0x0, 0x7d, 0xff, 0xc5, 0x0,
    0x0, 0x0, 0x0, 0x0, 0xb, 0xff, 0xff, 0xff,
    0x80, 0x0, 0x0, 0x0, 0x0, 0x8f, 0xff, 0xff,
    0xff, 0xf4, 0x0, 0x0, 0x0, 0x0, 0xef, 0xff,
    0xff, 0xff, 0xfb, 0x0, 0x0, 0x0, 0x2, 0xff,
    0xff, 0xff, 0xff, 0xfe, 0x0, 0x0, 0x0, 0x2,
    0xff, 0xff, 0xff, 0xff, 0xfe, 0x0, 0x0, 0x0,
    0x0, 0xef, 0xff, 0xff, 0xff, 0xfb, 0x0, 0x0,
    0x0, 0x0, 0x8f, 0xff, 0xff, 0xff, 0xf4, 0x0,
    0x0, 0x0, 0x0, 0xb, 0xff, 0xff, 0xff, 0x80,
    0x0, 0x0, 0x0, 0x0, 0x0, 0x7d, 0xff, 0xc5,
    0x0, 0x0, 0x0, 0x0, 0x0, 0x0, 0x0, 0x0,
    0x0, 0x0, 0x0, 0x0, 0x0, 0x0, 0x0, 0x0,
    0x0, 0x0, 0x0, 0x0, 0x0, 0x0, 0x1, 0x8d,
    0xff, 0xff, 0xff, 0xc7, 0x0, 0x0, 0x0, 0x5f,
    0xff, 0xff, 0xff, 0xff, 0xff, 0xd2, 0x0, 0x5,
    0xff, 0xff, 0xff, 0xff, 0xff, 0xff, 0xfe, 0x20,
    0x1f, 0xff, 0xff, 0xff, 0xff, 0xff, 0xff, 0xff,
    0xc0, 0x8f, 0xff, 0xff, 0xff, 0xff, 0xff, 0xff,
    0xff, 0xf4, 0xdf, 0xff, 0xff, 0xff, 0xff, 0xff,
    0xff, 0xff, 0xf9, 0xff, 0xff, 0xff, 0xff, 0xff,
    0xff, 0xff, 0xff, 0xfb, 0xdf, 0xff, 0xff, 0xff,
    0xff, 0xff, 0xff, 0xff, 0xfa, 0x13, 0x44, 0x44,
    0x44, 0x44, 0x44, 0x44, 0x44, 0x30,

    /* U+F013 "" */
    0x0, 0x0, 0x0, 0x0, 0x0, 0x0, 0x0, 0x0,
    0x0, 0x0, 0x0, 0x0, 0x0, 0x0, 0x9, 0xff,
    0xfc, 0x0, 0x0, 0x0, 0x0, 0x0, 0x0, 0x0,
    0x0, 0xff, 0xff, 0xf2, 0x0, 0x0, 0x0, 0x0,
    0x0, 0x0, 0x0, 0x2f, 0xff, 0xff, 0x60, 0x0,
    0x0, 0x0, 0x0, 0x2a, 0x61, 0x5d, 0xff, 0xff,
    0xfe, 0x61, 0x5a, 0x40, 0x0, 0xd, 0xff, 0xff,
    0xff, 0xff, 0xff, 0xff, 0xff, 0xfe, 0x10, 0x7,
    0xff, 0xff, 0xff, 0xff, 0xff, 0xff, 0xff, 0xff,
    0xfa, 0x0, 0xdf, 0xff, 0xff, 0xff, 0xff, 0xff,
    0xff, 0xff, 0xff, 0xf1, 0x9, 0xff, 0xff, 0xff,
    0xc2, 0x1, 0x9f, 0xff, 0xff, 0xfc, 0x0, 0x8,
    0xff, 0xff, 0xd0, 0x0, 0x0, 0xaf, 0xff, 0xfa,
    0x0, 0x0, 0xf, 0xff, 0xf8, 0x0, 0x0, 0x5,
    0xff, 0xff, 0x20, 0x0, 0x0, 0xff, 0xff, 0x80,
    0x0, 0x0, 0x4f, 0xff, 0xf3, 0x0, 0x0, 0x7f,
    0xff, 0xfd, 0x0, 0x0, 0xa, 0xff, 0xff, 0xa0,
    0x0, 0x9f, 0xff, 0xff, 0xfb, 0x10, 0x8, 0xff,
    0xff, 0xff, 0xb0, 0xe, 0xff, 0xff, 0xff, 0xff,
    0xef, 0xff, 0xff, 0xff, 0xff, 0x10, 0x7f, 0xff,
    0xff, 0xff, 0xff, 0xff, 0xff, 0xff, 0xff, 0xa0,
    0x0, 0xdf, 0xff, 0xff, 0xff, 0xff, 0xff, 0xff,
    0xff, 0xf2, 0x0, 0x2, 0xa7, 0x25, 0xef, 0xff,
    0xff, 0xf7, 0x16, 0xa4, 0x0, 0x0, 0x0, 0x0,
    0x3, 0xff, 0xff, 0xf6, 0x0, 0x0, 0x0, 0x0,
    0x0, 0x0, 0x0, 0xf, 0xff, 0xff, 0x20, 0x0,
    0x0, 0x0, 0x0, 0x0, 0x0, 0x0, 0x9f, 0xff,
    0xc0, 0x0, 0x0, 0x0, 0x0, 0x0, 0x0, 0x0,
    0x0, 0x1, 0x0, 0x0, 0x0, 0x0, 0x0,

    /* U+F017 "" */
    0x0, 0x0, 0x0, 0x0, 0x0, 0x0, 0x0, 0x0,
    0x0, 0x0, 0x0, 0x0, 0x0, 0x6, 0xbe, 0xff,
    0xfc, 0x71, 0x0, 0x0, 0x0, 0x0, 0x0, 0x5e,
    0xff, 0xfe, 0xdf, 0xff, 0xf8, 0x0, 0x0, 0x0,
    0x0, 0x8f, 0xfa, 0x40, 0x0, 0x2, 0x8f, 0xfc,
    0x10, 0x0, 0x0, 0x8f, 0xe4, 0x0, 0x2, 0x30,
    0x0, 0x1c, 0xfc, 0x0, 0x0, 0x5f, 0xe2, 0x0,
    0x0, 0xcf, 0x0, 0x0, 0xc, 0xf9, 0x0, 0xe,
    0xf4, 0x0, 0x0, 0xd, 0xf1, 0x0, 0x0, 0x1e,
    0xf3, 0x5, 0xfb, 0x0, 0x0, 0x0, 0xdf, 0x10,
    0x0, 0x0, 0x6f, 0xa0, 0xaf, 0x50, 0x0, 0x0,
    0xd, 0xf1, 0x0, 0x0, 0x0, 0xfe, 0xd, 0xf0,
    0x0, 0x0, 0x0, 0xdf, 0x10, 0x0, 0x0, 0xc,
    0xf2, 0xff, 0x0, 0x0, 0x0, 0xd, 0xf5, 0x0,
    0x0, 0x0, 0xaf, 0x3f, 0xf0, 0x0, 0x0, 0x0,
    0x8f, 0xf9, 0x0, 0x0, 0xa, 0xf3, 0xdf, 0x0,
    0x0, 0x0, 0x0, 0x5e, 0xfd, 0x30, 0x0, 0xcf,
    0x2a, 0xf4, 0x0, 0x0, 0x0, 0x0, 0x1b, 0xfd,
    0x0, 0xf, 0xe0, 0x5f, 0xb0, 0x0, 0x0, 0x0,
    0x0, 0x5, 0x30, 0x6, 0xfa, 0x0, 0xef, 0x40,
    0x0, 0x0, 0x0, 0x0, 0x0, 0x1, 0xef, 0x30,
    0x5, 0xfe, 0x20, 0x0, 0x0, 0x0, 0x0, 0x0,
    0xcf, 0xa0, 0x0, 0x9, 0xfe, 0x30, 0x0, 0x0,
    0x0, 0x1, 0xcf, 0xd0, 0x0, 0x0, 0x9, 0xff,
    0xa3, 0x0, 0x0, 0x28, 0xff, 0xc1, 0x0, 0x0,
    0x0, 0x6, 0xef, 0xff, 0xdd, 0xef, 0xff, 0x90,
    0x0, 0x0, 0x0, 0x0, 0x0, 0x7c, 0xff, 0xff,
    0xd8, 0x20, 0x0, 0x0, 0x0, 0x0, 0x0, 0x0,
    0x0, 0x11, 0x0, 0x0, 0x0, 0x0, 0x0,

    /* U+F028 "" */
    0x0, 0x0, 0x0, 0x0, 0x0, 0x0, 0x0, 0x0,
    0x0, 0x0, 0x0, 0x0, 0x0, 0x0, 0x0, 0x0,
    0x0, 0x0, 0x5a, 0x30, 0x0, 0x0, 0x5, 0xe5,
    0x0, 0x0, 0x0, 0x0, 0x0, 0x0, 0x7, 0xff,
    0xa0, 0x0, 0x0, 0x4, 0xff, 0x40, 0x0, 0x0,
    0x0, 0x0, 0x0, 0x9f, 0xff, 0xb0, 0x0, 0x0,
    0x0, 0x6f, 0xf2, 0x0, 0x0, 0x0, 0x0, 0xa,
    0xff, 0xff, 0xb0, 0x0, 0x7, 0xe3, 0x8, 0xfb,
    0x0, 0x0, 0x0, 0x1, 0xcf, 0xff, 0xff, 0xb0,
    0x0, 0x6, 0xff, 0x20, 0xdf, 0x40, 0x6, 0xaa,
    0xad, 0xff, 0xff, 0xff, 0xb0, 0x0, 0x0, 0x8f,
    0xb0, 0x6f, 0xa0, 0x8f, 0xff, 0xff, 0xff, 0xff,
    0xff, 0xb0, 0x1f, 0xb0, 0xd, 0xf2, 0x1f, 0xe0,
    0xef, 0xff, 0xff, 0xff, 0xff, 0xff, 0xb0, 0xd,
    0xf6, 0x7, 0xf7, 0xd, 0xf1, 0xff, 0xff, 0xff,
    0xff, 0xff, 0xff, 0xb0, 0x4, 0xfb, 0x4, 0xf9,
    0xc, 0xf3, 0xff, 0xff, 0xff, 0xff, 0xff, 0xff,
    0xb0, 0x3, 0xfb, 0x4, 0xf9, 0xb, 0xf3, 0xff,
    0xff, 0xff, 0xff, 0xff, 0xff, 0xb0, 0xc, 0xf7,
    0x6, 0xf8, 0xd, 0xf2, 0xbf, 0xff, 0xff, 0xff,
    0xff, 0xff, 0xb0, 0x1f, 0xd0, 0xc, 0xf3, 0xf,
    0xf0, 0x1a, 0xef, 0xff, 0xff, 0xff, 0xff, 0xb0,
    0x2, 0x0, 0x6f, 0xd0, 0x6f, 0xb0, 0x0, 0x0,
    0x3, 0xef, 0xff, 0xff, 0xb0, 0x0, 0x4, 0xff,
    0x30, 0xcf, 0x50, 0x0, 0x0, 0x0, 0x2d, 0xff,
    0xff, 0xb0, 0x0, 0x9, 0xf5, 0x6, 0xfc, 0x0,
    0x0, 0x0, 0x0, 0x1, 0xcf, 0xff, 0xb0, 0x0,
    0x0, 0x10, 0x4f, 0xf3, 0x0, 0x0, 0x0, 0x0,
    0x0, 0xb, 0xff, 0xa0, 0x0, 0x0, 0x3, 0xff,
    0x70, 0x0, 0x0, 0x0, 0x0, 0x0, 0x0, 0x9f,
    0x50, 0x0, 0x0, 0x6, 0xf7, 0x0, 0x0, 0x0,
    0x0, 0x0, 0x0, 0x0, 0x0, 0x0, 0x0, 0x0,
    0x0, 0x10, 0x0, 0x0,

    /* U+F031 "" */
    0x0, 0x0, 0x0, 0x0, 0xa8, 0x0, 0x0, 0x0,
    0x0, 0x0, 0x0, 0x0, 0x7, 0xff, 0x40, 0x0,
    0x0, 0x0, 0x0, 0x0, 0x0, 0xd, 0xff, 0xa0,
    0x0, 0x0, 0x0, 0x0, 0x0, 0x0, 0x3f, 0xff,
    0xf0, 0x0, 0x0, 0x0, 0x0, 0x0, 0x0, 0x9f,
    0xff, 0xf6, 0x0, 0x0, 0x0, 0x0, 0x0, 0x0,
    0xef, 0xce, 0xfc, 0x0, 0x0, 0x0, 0x0, 0x0,
    0x5, 0xff, 0x59, 0xff, 0x20, 0x0, 0x0, 0x0,
    0x0, 0xb, 0xff, 0x3, 0xff, 0x80, 0x0, 0x0,
    0x0, 0x0, 0x1f, 0xf9, 0x0, 0xdf, 0xd0, 0x0,
    0x0, 0x0, 0x0, 0x7f, 0xf3, 0x0, 0x7f, 0xf4,
    0x0, 0x0, 0x0, 0x0, 0xdf, 0xd0, 0x0, 0x2f,
    0xf9, 0x0, 0x0, 0x0, 0x3, 0xff, 0xff, 0xff,
    0xff, 0xff, 0x0, 0x0, 0x0, 0x9, 0xff, 0xff,
    0xff, 0xff, 0xff, 0x50, 0x0, 0x0, 0xf, 0xfd,
    0x88, 0x88, 0x88, 0xef, 0xb0, 0x0, 0x0, 0x5f,
    0xf5, 0x0, 0x0, 0x0, 0x9f, 0xf2, 0x0, 0x49,
    0xdf, 0xf7, 0x0, 0x0, 0x1, 0xaf, 0xfb, 0x82,
    0xef, 0xff, 0xff, 0x40, 0x0, 0x8, 0xff, 0xff,
    0xfb, 0x9f, 0xff, 0xfd, 0x10, 0x0, 0x3, 0xef,
    0xff, 0xf6,

    /* U+F0A0 "" */
    0x9, 0xde, 0xee, 0xee, 0xee, 0xee, 0xee, 0xee,
    0xed, 0xa1, 0xa, 0xff, 0xff, 0xff, 0xff, 0xff,
    0xff, 0xff, 0xff, 0xff, 0xc0, 0xff, 0x10, 0x0,
    0x0, 0x0, 0x0, 0x0, 0x0, 0x1, 0xef, 0xf,
    0xe0, 0x0, 0x0, 0x0, 0x0, 0x0, 0x0, 0x0,
    0xd, 0xf1, 0xfe, 0x0, 0x0, 0x0, 0x0, 0x0,
    0x0, 0x0, 0x0, 0xdf, 0x1f, 0xe0, 0x0, 0x0,
    0x0, 0x0, 0x0, 0x0, 0x0, 0xd, 0xf1, 0xfe,
    0x0, 0x0, 0x0, 0x0, 0x0, 0x0, 0x0, 0x0,
    0xdf, 0x1f, 0xe0, 0x0, 0x0, 0x0, 0x0, 0x0,
    0x0, 0x0, 0xd, 0xf1, 0xfe, 0x0, 0x0, 0x0,
    0x0, 0x0, 0x0, 0x0, 0x0, 0xdf, 0x1f, 0xfe,
    0xee, 0xee, 0xee, 0xee, 0xee, 0xee, 0xee, 0xef,
    0xf1, 0xff, 0xff, 0xff, 0xff, 0xff, 0xff, 0xff,
    0xff, 0xff, 0xff, 0x1f, 0xf1, 0x0, 0x0, 0x0,
    0x0, 0x0, 0x0, 0x0, 0xe, 0xf1, 0xfe, 0x0,
    0x0, 0x0, 0x0, 0x0, 0x0, 0x1, 0x0, 0xdf,
    0x1f, 0xe0, 0x0, 0x0, 0x0, 0x0, 0xcd, 0x0,
    0xfb, 0xd, 0xf1, 0xfe, 0x0, 0x0, 0x0, 0x0,
    0x6, 0x70, 0x8, 0x50, 0xdf, 0x1f, 0xf0, 0x0,
    0x0, 0x0, 0x0, 0x0, 0x0, 0x0, 0xd, 0xf1,
    0xbf, 0xff, 0xff, 0xff, 0xff, 0xff, 0xff, 0xff,
    0xff, 0xfc, 0x1, 0xae, 0xff, 0xff, 0xff, 0xff,
    0xff, 0xff, 0xff, 0xeb, 0x20,

    /* U+F108 "" */
    0x0, 0x0, 0x0, 0x0, 0x0, 0x0, 0x0, 0x0,
    0x0, 0x0, 0x0, 0x2, 0xcf, 0xff, 0xff, 0xff,
    0xff, 0xff, 0xff, 0xff, 0xff, 0xff, 0xb1, 0xcf,
    0xff, 0xff, 0xff, 0xff, 0xff, 0xff, 0xff, 0xff,
    0xff, 0xff, 0xaf, 0xfc, 0x77, 0x77, 0x77, 0x77,
    0x77, 0x77, 0x77, 0x77, 0x7c, 0xfe, 0xff, 0x80,
    0x0, 0x0, 0x0, 0x0, 0x0, 0x0, 0x0, 0x0,
    0x9f, 0xef, 0xf8, 0x0, 0x0, 0x0, 0x0, 0x0,
    0x0, 0x0, 0x0, 0x9, 0xfe, 0xff, 0x80, 0x0,
    0x0, 0x0, 0x0, 0x0, 0x0, 0x0, 0x0, 0x9f,
    0xef, 0xf8, 0x0, 0x0, 0x0, 0x0, 0x0, 0x0,
    0x0, 0x0, 0x9, 0xfe, 0xff, 0x80, 0x0, 0x0,
    0x0, 0x0, 0x0, 0x0, 0x0, 0x0, 0x9f, 0xef,
    0xf8, 0x0, 0x0, 0x0, 0x0, 0x0, 0x0, 0x0,
    0x0, 0x9, 0xfe, 0xff, 0x80, 0x0, 0x0, 0x0,
    0x0, 0x0, 0x0, 0x0, 0x0, 0x9f, 0xef, 0xf8,
    0x0, 0x0, 0x0, 0x0, 0x0, 0x0, 0x0, 0x0,
    0x9, 0xfe, 0xff, 0xed, 0xdd, 0xdd, 0xdd, 0xdd,
    0xdd, 0xdd, 0xdd, 0xdd, 0xff, 0xef, 0xff, 0xff,
    0xff, 0xff, 0xff, 0xff, 0xff, 0xff, 0xff, 0xff,
    0xfe, 0xff, 0xff, 0xff, 0xff, 0xff, 0xff, 0xff,
    0xff, 0xff, 0xff, 0xff, 0xed, 0xff, 0xff, 0xff,
    0xff, 0xff, 0xff, 0xff, 0xff, 0xff, 0xff, 0xfb,
    0x3e, 0xff, 0xff, 0xff, 0xff, 0xff, 0xff, 0xff,
    0xff, 0xff, 0xfd, 0x20, 0x3, 0x33, 0x33, 0x33,
    0xbf, 0xff, 0x93, 0x33, 0x33, 0x32, 0x0, 0x0,
    0x0, 0x2, 0x88, 0x8e, 0xff, 0xfd, 0x88, 0x71,
    0x0, 0x0, 0x0, 0x0, 0x0, 0xdf, 0xff, 0xff,
    0xff, 0xff, 0xff, 0xb0, 0x0, 0x0, 0x0, 0x0,
    0x9, 0xff, 0xff, 0xff, 0xff, 0xff, 0xf7, 0x0,
    0x0, 0x0, 0x0, 0x0, 0x0, 0x0, 0x0, 0x0,
    0x0, 0x0, 0x0, 0x0, 0x0,

    /* U+F109 "" */
    0x0, 0x5, 0xdf, 0xff, 0xff, 0xff, 0xff, 0xff,
    0xff, 0xff, 0xe9, 0x0, 0x0, 0x0, 0x2f, 0xff,
    0xff, 0xff, 0xff, 0xff, 0xff, 0xff, 0xff, 0xff,
    0x80, 0x0, 0x0, 0x6f, 0xfa, 0x99, 0x99, 0x99,
    0x99, 0x99, 0x99, 0x99, 0xef, 0xc0, 0x0, 0x0,
    0x7f, 0xf1, 0x0, 0x0, 0x0, 0x0, 0x0, 0x0,
    0x0, 0xbf, 0xd0, 0x0, 0x0, 0x7f, 0xf1, 0x0,
    0x0, 0x0, 0x0, 0x0, 0x0, 0x0, 0xbf, 0xd0,
    0x0, 0x0, 0x7f, 0xf1, 0x0, 0x0, 0x0, 0x0,
    0x0, 0x0, 0x0, 0xbf, 0xd0, 0x0, 0x0, 0x7f,
    0xf1, 0x0, 0x0, 0x0, 0x0, 0x0, 0x0, 0x0,
    0xbf, 0xd0, 0x0, 0x0, 0x7f, 0xf1, 0x0, 0x0,
    0x0, 0x0, 0x0, 0x0, 0x0, 0xbf, 0xd0, 0x0,
    0x0, 0x7f, 0xf1, 0x0, 0x0, 0x0, 0x0, 0x0,
    0x0, 0x0, 0xbf, 0xd0, 0x0, 0x0, 0x7f, 0xf1,
    0x0, 0x0, 0x0, 0x0, 0x0, 0x0, 0x0, 0xbf,
    0xd0, 0x0, 0x0, 0x7f, 0xf1, 0x0, 0x0, 0x0,
    0x0, 0x0, 0x0, 0x0, 0xbf, 0xd0, 0x0, 0x0,
    0x7f, 0xf1, 0x0, 0x0, 0x0, 0x0, 0x0, 0x0,
    0x0, 0xbf, 0xd0, 0x0, 0x0, 0x5c, 0xc0, 0x0,
    0x0, 0x0, 0x0, 0x0, 0x0, 0x0, 0x8c, 0xa0,
    0x0, 0x0, 0x0, 0x0, 0x0, 0x0, 0x0, 0x0,
    0x0, 0x0, 0x0, 0x0, 0x0, 0x0, 0xad, 0xdd,
    0xdd, 0xdd, 0xdd, 0xdd, 0xdd, 0xdd, 0xdd, 0xdd,
    0xdd, 0xdd, 0xc2, 0xef, 0xff, 0xff, 0xff, 0xff,
    0xff, 0xff, 0xff, 0xff, 0xff, 0xff, 0xff, 0xf4,
    0x8f, 0xff, 0xff, 0xff, 0xff, 0xff, 0xff, 0xff,
    0xff, 0xff, 0xff, 0xff, 0xd0, 0x8, 0xdf, 0xff,
    0xff, 0xff, 0xff, 0xff, 0xff, 0xff, 0xff, 0xff,
    0xeb, 0x20,

    /* U+F11B "" */
    0x0, 0x0, 0x0, 0x34, 0x55, 0x55, 0x55, 0x55,
    0x54, 0x31, 0x0, 0x0, 0x0, 0x0, 0x1, 0xaf,
    0xff, 0xff, 0xff, 0xff, 0xff, 0xff, 0xff, 0xc4,
    0x0, 0x0, 0x0, 0x4f, 0xff, 0xff, 0xff, 0xff,
    0xff, 0xff, 0xff, 0xff, 0xff, 0x90, 0x0, 0x4,
    0xff, 0xff, 0xff, 0xff, 0xff, 0xff, 0xff, 0xff,
    0xff, 0xff, 0xf9, 0x0, 0xe, 0xff, 0xff, 0xff,
    0xff, 0xff, 0xff, 0xff, 0xff, 0xfe, 0xff, 0xff,
    0x50, 0x7f, 0xff, 0xff, 0xe3, 0x8f, 0xff, 0xff,
    0xff, 0xff, 0x70, 0x2f, 0xff, 0xd0, 0xcf, 0xff,
    0xff, 0xa0, 0x3f, 0xff, 0xff, 0xff, 0xff, 0x20,
    0xd, 0xff, 0xf2, 0xef, 0xff, 0xd6, 0x30, 0x15,
    0xbf, 0xff, 0xff, 0xff, 0x91, 0x5f, 0xff, 0xf4,
    0xff, 0xff, 0x80, 0x0, 0x0, 0x5f, 0xff, 0xff,
    0xdb, 0xff, 0xff, 0xff, 0xf5, 0xef, 0xff, 0xfb,
    0x70, 0x2b, 0xef, 0xff, 0xfe, 0x0, 0x8f, 0xff,
    0xff, 0xf4, 0xaf, 0xff, 0xff, 0xb0, 0x4f, 0xff,
    0xff, 0xfd, 0x0, 0x5f, 0xff, 0xff, 0xf0, 0x4f,
    0xff, 0xff, 0xf9, 0xdf, 0xff, 0xff, 0xff, 0x74,
    0xdf, 0xff, 0xff, 0xa0, 0xb, 0xff, 0xff, 0xff,
    0xff, 0xff, 0xff, 0xff, 0xff, 0xff, 0xff, 0xff,
    0x20, 0x1, 0xdf, 0xff, 0xff, 0xff, 0xff, 0xff,
    0xff, 0xff, 0xff, 0xff, 0xf4, 0x0, 0x0, 0xa,
    0xff, 0xff, 0xff, 0xff, 0xff, 0xff, 0xff, 0xff,
    0xfd, 0x30, 0x0, 0x0, 0x0, 0x39, 0xce, 0xee,
    0xee, 0xee, 0xee, 0xee, 0xdb, 0x60, 0x0, 0x0,

    /* U+F120 "" */
    0x7b, 0x20, 0x0, 0x0, 0x0, 0x0, 0x0, 0x0,
    0x0, 0x0, 0x0, 0xf, 0xfe, 0x20, 0x0, 0x0,
    0x0, 0x0, 0x0, 0x0, 0x0, 0x0, 0x0, 0x7f,
    0xfe, 0x20, 0x0, 0x0, 0x0, 0x0, 0x0, 0x0,
    0x0, 0x0, 0x0, 0x8f, 0xfe, 0x20, 0x0, 0x0,
    0x0, 0x0, 0x0, 0x0, 0x0, 0x0, 0x0, 0x7f,
    0xfe, 0x20, 0x0, 0x0, 0x0, 0x0, 0x0, 0x0,
    0x0, 0x0, 0x0, 0x7f, 0xfe, 0x20, 0x0, 0x0,
    0x0, 0x0, 0x0, 0x0, 0x0, 0x0, 0x0, 0x7f,
    0xfe, 0x20, 0x0, 0x0, 0x0, 0x0, 0x0, 0x0,
    0x0, 0x0, 0x0, 0x7f, 0xfe, 0x20, 0x0, 0x0,
    0x0, 0x0, 0x0, 0x0, 0x0, 0x0, 0x0, 0x7f,
    0xfe, 0x0, 0x0, 0x0, 0x0, 0x0, 0x0, 0x0,
    0x0, 0x0, 0x5, 0xff, 0xf1, 0x0, 0x0, 0x0,
    0x0, 0x0, 0x0, 0x0, 0x0, 0x5, 0xff, 0xf5,
    0x0, 0x0, 0x0, 0x0, 0x0, 0x0, 0x0, 0x0,
    0x5, 0xff, 0xf5, 0x0, 0x0, 0x0, 0x0, 0x0,
    0x0, 0x0, 0x0, 0x5, 0xff, 0xf4, 0x0, 0x0,
    0x0, 0x0, 0x0, 0x0, 0x0, 0x0, 0x5, 0xff,
    0xf4, 0x0, 0x0, 0x0, 0x0, 0x0, 0x0, 0x0,
    0x0, 0x5, 0xff, 0xf4, 0x0, 0x0, 0x0, 0x0,
    0x0, 0x0, 0x0, 0x0, 0x5, 0xff, 0xf4, 0x0,
    0x0, 0x48, 0x99, 0x99, 0x99, 0x99, 0x99, 0x82,
    0xef, 0xf4, 0x0, 0x0, 0xf, 0xff, 0xff, 0xff,
    0xff, 0xff, 0xff, 0xc9, 0xe4, 0x0, 0x0, 0x0,
    0xbf, 0xff, 0xff, 0xff, 0xff, 0xff, 0xf7,

    /* U+F178 "" */
    0x0, 0x0, 0x0, 0x0, 0x0, 0x0, 0x0, 0x0,
    0x0, 0x0, 0x0, 0x0, 0x0, 0x0, 0x0, 0x0,
    0x1, 0xee, 0x20, 0x0, 0x0, 0x0, 0x0, 0x0,
    0x0, 0x0, 0x0, 0x3f, 0xfe, 0x20, 0x0, 0x0,
    0x0, 0x0, 0x0, 0x0, 0x0, 0x0, 0x7f, 0xfe,
    0x30, 0x0, 0x0, 0x0, 0x0, 0x0, 0x0, 0x0,
    0x0, 0x7f, 0xfe, 0x30, 0x0, 0x0, 0x0, 0x0,
    0x0, 0x0, 0x0, 0x0, 0x8f, 0xfe, 0x30, 0xaf,
    0xff, 0xff, 0xff, 0xff, 0xff, 0xff, 0xff, 0xff,
    0xfe, 0x1e, 0xff, 0xff, 0xff, 0xff, 0xff, 0xff,
    0xff, 0xff, 0xff, 0xf3, 0x38, 0x88, 0x88, 0x88,
    0x88, 0x88, 0x88, 0x8a, 0xff, 0xf8, 0x0, 0x0,
    0x0, 0x0, 0x0, 0x0, 0x0, 0x1, 0xef, 0xf8,
    0x0, 0x0, 0x0, 0x0, 0x0, 0x0, 0x0, 0x1,
    0xef, 0xf8, 0x0, 0x0, 0x0, 0x0, 0x0, 0x0,
    0x0, 0x1, 0xdf, 0xf9, 0x0, 0x0, 0x0, 0x0,
    0x0, 0x0, 0x0, 0x0, 0x3f, 0xf9, 0x0, 0x0,
    0x0, 0x0, 0x0, 0x0, 0x0, 0x0, 0x0, 0x66,
    0x0, 0x0, 0x0,

    /* U+F17C "" */
    0x0, 0x0, 0x0, 0x0, 0x0, 0x0, 0x0, 0x0,
    0x0, 0x0, 0x0, 0x0, 0x4, 0xdf, 0xf9, 0x0,
    0x0, 0x0, 0x0, 0x0, 0x0, 0xf, 0xff, 0xff,
    0x50, 0x0, 0x0, 0x0, 0x0, 0x0, 0x4f, 0xff,
    0xdf, 0xa0, 0x0, 0x0, 0x0, 0x0, 0x0, 0x55,
    0xa6, 0x4d, 0xc0, 0x0, 0x0, 0x0, 0x0, 0x0,
    0x4a, 0x55, 0x9d, 0xd0, 0x0, 0x0, 0x0, 0x0,
    0x0, 0x54, 0x0, 0x2d, 0xe0, 0x0, 0x0, 0x0,
    0x0, 0x0, 0x87, 0x22, 0x2a, 0xf2, 0x0, 0x0,
    0x0, 0x0, 0x0, 0xe2, 0x11, 0x4, 0xfc, 0x0,
    0x0, 0x0, 0x0, 0xa, 0xc0, 0x0, 0x0, 0xdf,
    0x80, 0x0, 0x0, 0x0, 0x5e, 0x60, 0x0, 0x0,
    0x6d, 0xf4, 0x0, 0x0, 0x0, 0xdd, 0x0, 0x0,
    0x0, 0xe, 0xdc, 0x0, 0x0, 0x5, 0xc9, 0x0,
    0x0, 0x0, 0x9, 0xbf, 0x20, 0x0, 0xa, 0xa5,
    0x0, 0x0, 0x0, 0x4, 0x8f, 0x50, 0x0, 0xa,
    0xd1, 0x0, 0x0, 0x0, 0x1d, 0xfc, 0x40, 0x0,
    0x41, 0x1d, 0x30, 0x0, 0x0, 0x48, 0xc5, 0x50,
    0x5, 0x0, 0x7, 0xf2, 0x0, 0x0, 0x40, 0x0,
    0x40, 0x4, 0x0, 0x0, 0xc4, 0x0, 0x0, 0x40,
    0x0, 0x4, 0x4, 0x0, 0x0, 0x26, 0x0, 0x19,
    0x10, 0x0, 0x14, 0x5, 0x20, 0x0, 0xb, 0xfd,
    0xfe, 0x0, 0x4, 0x20, 0x0, 0x13, 0x44, 0x43,
    0x0, 0x2, 0x42, 0x50, 0x0, 0x0, 0x0, 0x0,
    0x0, 0x0, 0x0, 0x12, 0x0, 0x0,

    /* U+F187 "" */
    0x7c, 0xdd, 0xdd, 0xdd, 0xdd, 0xdd, 0xdd, 0xdd,
    0xdd, 0xda, 0xf, 0xff, 0xff, 0xff, 0xff, 0xff,
    0xff, 0xff, 0xff, 0xff, 0xf4, 0xff, 0xff, 0xff,
    0xff, 0xff, 0xff, 0xff, 0xff, 0xff, 0xff, 0x4a,
    0xff, 0xff, 0xff, 0xff, 0xff, 0xff, 0xff, 0xff,
    0xff, 0xd1, 0x0, 0x0, 0x0, 0x0, 0x0, 0x0,
    0x0, 0x0, 0x0, 0x0, 0x0, 0x69, 0x99, 0x99,
    0x99, 0x99, 0x99, 0x99, 0x99, 0x99, 0x0, 0xb,
    0xff, 0xff, 0xff, 0xff, 0xff, 0xff, 0xff, 0xff,
    0xf0, 0x0, 0xbf, 0xff, 0xff, 0xff, 0xff, 0xff,
    0xff, 0xff, 0xff, 0x0, 0xb, 0xff, 0xff, 0x70,
    0x0, 0x0, 0x2, 0xff, 0xff, 0xf0, 0x0, 0xbf,
    0xff, 0xff, 0xee, 0xee, 0xee, 0xff, 0xff, 0xff,
    0x0, 0xb, 0xff, 0xff, 0xff, 0xff, 0xff, 0xff,
    0xff, 0xff, 0xf0, 0x0, 0xbf, 0xff, 0xff, 0xff,
    0xff, 0xff, 0xff, 0xff, 0xff, 0x0, 0xb, 0xff,
    0xff, 0xff, 0xff, 0xff, 0xff, 0xff, 0xff, 0xf0,
    0x0, 0xbf, 0xff, 0xff, 0xff, 0xff, 0xff, 0xff,
    0xff, 0xff, 0x0, 0xb, 0xff, 0xff, 0xff, 0xff,
    0xff, 0xff, 0xff, 0xff, 0xf0, 0x0, 0xbf, 0xff,
    0xff, 0xff, 0xff, 0xff, 0xff, 0xff, 0xff, 0x0,
    0x7, 0xff, 0xff, 0xff, 0xff, 0xff, 0xff, 0xff,
    0xff, 0xc0, 0x0, 0x8, 0xef, 0xff, 0xff, 0xff,
    0xff, 0xff, 0xff, 0xb1, 0x0,

    /* U+F192 "" */
    0x0, 0x0, 0x0, 0x0, 0x0, 0x0, 0x0, 0x0,
    0x0, 0x0, 0x0, 0x0, 0x0, 0x6, 0xbe, 0xff,
    0xfc, 0x71, 0x0, 0x0, 0x0, 0x0, 0x0, 0x5e,
    0xff, 0xfd, 0xdf, 0xff, 0xf8, 0x0, 0x0, 0x0,
    0x0, 0x8f, 0xfa, 0x40, 0x0, 0x3, 0x8f, 0xfb,
    0x10, 0x0, 0x0, 0x8f, 0xe4, 0x0, 0x0, 0x0,
    0x0, 0x2d, 0xfc, 0x0, 0x0, 0x5f, 0xe2, 0x0,
    0x0, 0x0, 0x0, 0x0, 0xc, 0xf9, 0x0, 0xe,
    0xf4, 0x0, 0x0, 0x0, 0x0, 0x0, 0x0, 0x1f,
    0xf2, 0x5, 0xfb, 0x0, 0x0, 0x5, 0xab, 0x70,
    0x0, 0x0, 0x7f, 0x90, 0xaf, 0x50, 0x0, 0x9,
    0xff, 0xff, 0xd1, 0x0, 0x1, 0xfe, 0xd, 0xf0,
    0x0, 0x4, 0xff, 0xff, 0xff, 0x90, 0x0, 0xd,
    0xf1, 0xff, 0x0, 0x0, 0x9f, 0xff, 0xff, 0xfe,
    0x0, 0x0, 0xbf, 0x2f, 0xf0, 0x0, 0x9, 0xff,
    0xff, 0xff, 0xe0, 0x0, 0xb, 0xf3, 0xdf, 0x0,
    0x0, 0x5f, 0xff, 0xff, 0xfa, 0x0, 0x0, 0xdf,
    0x1a, 0xf4, 0x0, 0x0, 0xbf, 0xff, 0xfe, 0x20,
    0x0, 0x1f, 0xe0, 0x5f, 0xb0, 0x0, 0x0, 0x7c,
    0xd9, 0x10, 0x0, 0x7, 0xf9, 0x0, 0xef, 0x40,
    0x0, 0x0, 0x0, 0x0, 0x0, 0x1, 0xef, 0x20,
    0x5, 0xfe, 0x20, 0x0, 0x0, 0x0, 0x0, 0x0,
    0xcf, 0x90, 0x0, 0x9, 0xfe, 0x30, 0x0, 0x0,
    0x0, 0x1, 0xcf, 0xc0, 0x0, 0x0, 0x9, 0xff,
    0xa3, 0x0, 0x0, 0x28, 0xff, 0xc1, 0x0, 0x0,
    0x0, 0x6, 0xef, 0xff, 0xdd, 0xef, 0xff, 0x90,
    0x0, 0x0, 0x0, 0x0, 0x0, 0x7c, 0xff, 0xff,
    0xd8, 0x20, 0x0, 0x0, 0x0, 0x0, 0x0, 0x0,
    0x0, 0x11, 0x0, 0x0, 0x0, 0x0, 0x0,

    /* U+F1AB "" */
    0x4, 0x88, 0x88, 0x88, 0x88, 0x88, 0x88, 0x88,
    0x88, 0x88, 0x88, 0x86, 0x0, 0x6f, 0xff, 0xff,
    0xff, 0xff, 0xff, 0xff, 0xff, 0xff, 0xff, 0xff,
    0xff, 0xd0, 0xef, 0xff, 0xff, 0xff, 0xff, 0xff,
    0xff, 0xff, 0xff, 0xff, 0xff, 0xff, 0xf5, 0xff,
    0xff, 0xff, 0xff, 0xff, 0xff, 0xb0, 0x0, 0x0,
    0x0, 0x0, 0x1f, 0xf7, 0xff, 0xff, 0xfd, 0x8f,
    0xff, 0xff, 0xb0, 0x0, 0x6, 0x30, 0x0, 0x1f,
    0xf7, 0xff, 0xff, 0xf5, 0xa, 0xff, 0xff, 0xb0,
    0x59, 0x9f, 0xd9, 0x94, 0x1f, 0xf7, 0xff, 0xff,
    0xd0, 0x3, 0xff, 0xff, 0xb0, 0xaf, 0xff, 0xff,
    0xf8, 0x1f, 0xf7, 0xff, 0xff, 0x60, 0x40, 0xcf,
    0xff, 0xb0, 0x0, 0x0, 0x1f, 0xa0, 0x1f, 0xf7,
    0xff, 0xfe, 0x3, 0xc0, 0x4f, 0xff, 0xb0, 0x0,
    0xcc, 0xcf, 0x20, 0x1f, 0xf7, 0xff, 0xf8, 0x0,
    0x0, 0xd, 0xff, 0xb0, 0x0, 0x7f, 0xf8, 0x0,
    0x1f, 0xf7, 0xff, 0xf1, 0x2a, 0xa9, 0x6, 0xff,
    0xb0, 0x5, 0xff, 0xff, 0x40, 0x1f, 0xf7, 0xff,
    0xf8, 0xcf, 0xff, 0x9b, 0xff, 0xb0, 0x3, 0x91,
    0x19, 0x30, 0x1f, 0xf7, 0xff, 0xff, 0xff, 0xff,
    0xff, 0xff, 0xb0, 0x0, 0x0, 0x0, 0x0, 0x1f,
    0xf7, 0xef, 0xff, 0xff, 0xff, 0xff, 0xff, 0xff,
    0xff, 0xff, 0xff, 0xff, 0xff, 0xf6, 0x7f, 0xff,
    0xff, 0xff, 0xff, 0xff, 0xff, 0xff, 0xff, 0xff,
    0xff, 0xff, 0xe1, 0x4, 0x89, 0x99, 0x99, 0x99,
    0x99, 0x99, 0x99, 0x99, 0x99, 0x99, 0x97, 0x10,

    /* U+F1EB "" */
    0x0, 0x0, 0x0, 0x1, 0x58, 0xbc, 0xdd, 0xc9,
    0x62, 0x0, 0x0, 0x0, 0x0, 0x0, 0x0, 0x4,
    0xbf, 0xff, 0xff, 0xff, 0xff, 0xff, 0xd7, 0x0,
    0x0, 0x0, 0x0, 0x3, 0xbf, 0xff, 0xff, 0xec,
    0xbb, 0xdf, 0xff, 0xff, 0xe6, 0x0, 0x0, 0x0,
    0x8f, 0xff, 0xfa, 0x40, 0x0, 0x0, 0x0, 0x37,
    0xdf, 0xff, 0xc2, 0x0, 0x1b, 0xff, 0xf9, 0x10,
    0x0, 0x0, 0x0, 0x0, 0x0, 0x6, 0xef, 0xfe,
    0x40, 0xdf, 0xfd, 0x20, 0x0, 0x0, 0x0, 0x0,
    0x0, 0x0, 0x0, 0x9, 0xff, 0xf3, 0xdf, 0xb0,
    0x0, 0x0, 0x0, 0x35, 0x66, 0x41, 0x0, 0x0,
    0x0, 0x6f, 0xf4, 0x13, 0x0, 0x0, 0x3, 0xaf,
    0xff, 0xff, 0xff, 0xc5, 0x0, 0x0, 0x2, 0x30,
    0x0, 0x0, 0x0, 0x9f, 0xff, 0xff, 0xff, 0xff,
    0xff, 0xd2, 0x0, 0x0, 0x0, 0x0, 0x0, 0xd,
    0xff, 0xfa, 0x52, 0x12, 0x48, 0xef, 0xff, 0x40,
    0x0, 0x0, 0x0, 0x0, 0x3f, 0xfc, 0x20, 0x0,
    0x0, 0x0, 0x8, 0xff, 0x90, 0x0, 0x0, 0x0,
    0x0, 0x7, 0x70, 0x0, 0x0, 0x0, 0x0, 0x0,
    0x39, 0x20, 0x0, 0x0, 0x0, 0x0, 0x0, 0x0,
    0x0, 0x0, 0x0, 0x0, 0x0, 0x0, 0x0, 0x0,
    0x0, 0x0, 0x0, 0x0, 0x0, 0x0, 0x1b, 0xfe,
    0x40, 0x0, 0x0, 0x0, 0x0, 0x0, 0x0, 0x0,
    0x0, 0x0, 0x0, 0x9f, 0xff, 0xf0, 0x0, 0x0,
    0x0, 0x0, 0x0, 0x0, 0x0, 0x0, 0x0, 0x0,
    0xcf, 0xff, 0xf2, 0x0, 0x0, 0x0, 0x0, 0x0,
    0x0, 0x0, 0x0, 0x0, 0x0, 0x8f, 0xff, 0xe0,
    0x0, 0x0, 0x0, 0x0, 0x0, 0x0, 0x0, 0x0,
    0x0, 0x0, 0x9, 0xec, 0x30, 0x0, 0x0, 0x0,
    0x0, 0x0,

    /* U+F1FC "" */
    0x0, 0x0, 0x0, 0x0, 0x0, 0x0, 0x0, 0x0,
    0x0, 0x0, 0x30, 0x0, 0x0, 0x0, 0x0, 0x0,
    0x0, 0x0, 0x0, 0x0, 0x4, 0xef, 0xd1, 0x0,
    0x0, 0x0, 0x0, 0x0, 0x0, 0x0, 0x0, 0x8,
    0xff, 0xff, 0x50, 0x0, 0x0, 0x0, 0x0, 0x0,
    0x0, 0x0, 0x1b, 0xff, 0xff, 0xf2, 0x0, 0x0,
    0x0, 0x0, 0x0, 0x0, 0x0, 0x4e, 0xff, 0xff,
    0xf8, 0x0, 0x0, 0x0, 0x0, 0x0, 0x0, 0x0,
    0x8f, 0xff, 0xff, 0xfd, 0x0, 0x0, 0x0, 0x0,
    0x0, 0x0, 0x1, 0xbf, 0xff, 0xff, 0xff, 0x30,
    0x0, 0x0, 0x0, 0x0, 0x0, 0x4, 0xef, 0xff,
    0xff, 0xff, 0x90, 0x0, 0x0, 0x0, 0x0, 0x0,
    0x6, 0xff, 0xff, 0xff, 0xff, 0xe0, 0x0, 0x0,
    0x0, 0x0, 0x0, 0x2, 0xff, 0xff, 0xff, 0xff,
    0xf4, 0x0, 0x0, 0x0, 0x0, 0x0, 0x0, 0x7f,
    0xff, 0xff, 0xff, 0xfa, 0x0, 0x0, 0x0, 0x0,
    0x0, 0x0, 0x3, 0xff, 0xff, 0xff, 0xfe, 0x10,
    0x0, 0x0, 0x0, 0x0, 0x3, 0xab, 0x23, 0xef,
    0xff, 0xff, 0x50, 0x0, 0x0, 0x0, 0x0, 0x5,
    0xff, 0xfe, 0x32, 0xdf, 0xff, 0xb0, 0x0, 0x0,
    0x0, 0x0, 0x2, 0xff, 0xff, 0xff, 0x41, 0xcf,
    0xb1, 0x0, 0x0, 0x0, 0x0, 0x0, 0x7f, 0xff,
    0xff, 0xff, 0x50, 0x20, 0x0, 0x0, 0x0, 0x0,
    0x0, 0xa, 0xff, 0xff, 0xff, 0xff, 0x20, 0x0,
    0x0, 0x0, 0x0, 0x0, 0x0, 0xbf, 0xff, 0xff,
    0xff, 0xf1, 0x0, 0x0, 0x0, 0x0, 0x0, 0x5,
    0x9f, 0xff, 0xff, 0xff, 0xfc, 0x0, 0x0, 0x0,
    0x0, 0x0, 0x1, 0xff, 0xff, 0xff, 0xff, 0xff,
    0x20, 0x0, 0x0, 0x0, 0x0, 0x0, 0xd, 0xff,
    0xff, 0xff, 0xfb, 0x20, 0x0, 0x0, 0x0, 0x0,
    0x0, 0x0, 0x0, 0x0, 0x0, 0x0, 0x0, 0x0,
    0x0, 0x0, 0x0, 0x0, 0x0,

    /* U+F242 "" */
    0x0, 0x57, 0x77, 0x77, 0x77, 0x77, 0x77, 0x77,
    0x77, 0x63, 0x0, 0x2, 0xdf, 0xff, 0xff, 0xff,
    0xff, 0xff, 0xff, 0xff, 0xff, 0xf8, 0x0, 0xbf,
    0xff, 0xff, 0xff, 0xff, 0xff, 0xff, 0xff, 0xff,
    0xff, 0xf3, 0xf, 0xfb, 0x10, 0x0, 0x0, 0x0,
    0x0, 0x0, 0x0, 0x2, 0xff, 0x70, 0xff, 0x80,
    0x44, 0x44, 0x44, 0x42, 0x0, 0x0, 0x0, 0xf,
    0xfa, 0xf, 0xf8, 0x1f, 0xff, 0xff, 0xff, 0x80,
    0x0, 0x0, 0x0, 0xff, 0xfa, 0xff, 0x81, 0xff,
    0xff, 0xff, 0xf8, 0x0, 0x0, 0x0, 0xf, 0xff,
    0xdf, 0xf8, 0x1f, 0xff, 0xff, 0xff, 0x80, 0x0,
    0x0, 0x0, 0xff, 0xfd, 0xff, 0x81, 0xff, 0xff,
    0xff, 0xf8, 0x0, 0x0, 0x0, 0xf, 0xff, 0xdf,
    0xf8, 0x1d, 0xdd, 0xdd, 0xdd, 0x70, 0x0, 0x0,
    0x0, 0xff, 0xe6, 0xff, 0xa0, 0x0, 0x0, 0x0,
    0x0, 0x0, 0x0, 0x0, 0x2f, 0xf8, 0xb, 0xff,
    0xff, 0xff, 0xff, 0xff, 0xff, 0xff, 0xff, 0xff,
    0xff, 0x50, 0x2e, 0xff, 0xff, 0xff, 0xff, 0xff,
    0xff, 0xff, 0xff, 0xff, 0xa0, 0x0, 0x16, 0x88,
    0x88, 0x88, 0x88, 0x88, 0x88, 0x88, 0x87, 0x40,
    0x0,

    /* U+F293 "" */
    0x0, 0x0, 0x0, 0x0, 0x0, 0x0, 0x0, 0x0,
    0x0, 0x1, 0x8d, 0xff, 0xfe, 0xa3, 0x0, 0x0,
    0x0, 0x4e, 0xff, 0xfd, 0xff, 0xff, 0x70, 0x0,
    0x2, 0xff, 0xff, 0xf2, 0xdf, 0xff, 0xf5, 0x0,
    0xc, 0xff, 0xff, 0xf2, 0x1d, 0xff, 0xfe, 0x0,
    0x2f, 0xff, 0xff, 0xf2, 0x2, 0xef, 0xff, 0x50,
    0x7f, 0xff, 0xcf, 0xf2, 0x61, 0x3f, 0xff, 0x90,
    0xaf, 0xf6, 0xb, 0xf2, 0x8d, 0x5, 0xff, 0xc0,
    0xdf, 0xfe, 0x20, 0xb2, 0x86, 0xb, 0xff, 0xe0,
    0xef, 0xff, 0xe2, 0x0, 0x10, 0xaf, 0xff, 0xf0,
    0xff, 0xff, 0xfe, 0x20, 0x8, 0xff, 0xff, 0xf0,
    0xff, 0xff, 0xff, 0x70, 0xd, 0xff, 0xff, 0xf1,
    0xff, 0xff, 0xf8, 0x0, 0x1, 0xdf, 0xff, 0xf0,
    0xef, 0xff, 0x80, 0x51, 0x51, 0x2e, 0xff, 0xf0,
    0xbf, 0xf8, 0x5, 0xf2, 0x8d, 0x2, 0xff, 0xd0,
    0x9f, 0xfb, 0x5f, 0xf2, 0x86, 0x9, 0xff, 0xa0,
    0x4f, 0xff, 0xff, 0xf2, 0x10, 0x9f, 0xff, 0x70,
    0xe, 0xff, 0xff, 0xf2, 0x8, 0xff, 0xff, 0x20,
    0x5, 0xff, 0xff, 0xf3, 0x8f, 0xff, 0xfa, 0x0,
    0x0, 0x8f, 0xff, 0xfa, 0xff, 0xff, 0xc1, 0x0,
    0x0, 0x4, 0xbf, 0xff, 0xff, 0xe7, 0x0, 0x0,
    0x0, 0x0, 0x0, 0x23, 0x31, 0x0, 0x0, 0x0,

    /* U+F2D0 "" */
    0x6, 0xab, 0xbb, 0xbb, 0xbb, 0xbb, 0xbb, 0xbb,
    0xba, 0x70, 0x8, 0xff, 0xff, 0xff, 0xff, 0xff,
    0xff, 0xff, 0xff, 0xff, 0xa0, 0xef, 0xff, 0xff,
    0xff, 0xff, 0xff, 0xff, 0xff, 0xff, 0xff, 0xf,
    0xff, 0xff, 0xff, 0xff, 0xff, 0xff, 0xff, 0xff,
    0xff, 0xf1, 0xff, 0xff, 0xff, 0xff, 0xff, 0xff,
    0xff, 0xff, 0xff, 0xff, 0x1f, 0xff, 0xff, 0xff,
    0xff, 0xff, 0xff, 0xff, 0xff, 0xff, 0xf1, 0xff,
    0xff, 0xff, 0xff, 0xff, 0xff, 0xff, 0xff, 0xff,
    0xff, 0x1f, 0xff, 0xff, 0xff, 0xff, 0xff, 0xff,
    0xff, 0xff, 0xff, 0xf1, 0xfe, 0x0, 0x0, 0x0,
    0x0, 0x0, 0x0, 0x0, 0x0, 0xdf, 0x1f, 0xe0,
    0x0, 0x0, 0x0, 0x0, 0x0, 0x0, 0x0, 0xd,
    0xf1, 0xfe, 0x0, 0x0, 0x0, 0x0, 0x0, 0x0,
    0x0, 0x0, 0xdf, 0x1f, 0xe0, 0x0, 0x0, 0x0,
    0x0, 0x0, 0x0, 0x0, 0xd, 0xf1, 0xfe, 0x0,
    0x0, 0x0, 0x0, 0x0, 0x0, 0x0, 0x0, 0xdf,
    0x1f, 0xe0, 0x0, 0x0, 0x0, 0x0, 0x0, 0x0,
    0x0, 0xd, 0xf1, 0xfe, 0x0, 0x0, 0x0, 0x0,
    0x0, 0x0, 0x0, 0x0, 0xdf, 0x1f, 0xf0, 0x0,
    0x0, 0x0, 0x0, 0x0, 0x0, 0x0, 0xe, 0xf1,
    0xbf, 0xff, 0xff, 0xff, 0xff, 0xff, 0xff, 0xff,
    0xff, 0xfc, 0x1, 0xbe, 0xff, 0xff, 0xff, 0xff,
    0xff, 0xff, 0xff, 0xfb, 0x20,

    /* U+F2DB "" */
    0x0, 0x0, 0x8, 0x90, 0x7, 0xb0, 0x5, 0xc1,
    0x0, 0x0, 0x0, 0x0, 0x0, 0xef, 0x0, 0xcf,
    0x10, 0xaf, 0x30, 0x0, 0x0, 0x0, 0x0, 0x3f,
    0xf5, 0x5d, 0xf6, 0x5c, 0xf7, 0x0, 0x0, 0x0,
    0x0, 0xbf, 0xff, 0xff, 0xff, 0xff, 0xff, 0xfe,
    0x20, 0x0, 0x0, 0x5f, 0xff, 0xff, 0xff, 0xff,
    0xff, 0xff, 0xfa, 0x0, 0x9, 0xde, 0xff, 0x93,
    0x33, 0x33, 0x33, 0x35, 0xff, 0xfd, 0xc1, 0xdf,
    0xff, 0xf1, 0x69, 0x99, 0x99, 0x98, 0xc, 0xff,
    0xff, 0x20, 0x18, 0xff, 0x1a, 0xff, 0xff, 0xff,
    0xf0, 0xcf, 0xc1, 0x0, 0x0, 0x7f, 0xf1, 0xaf,
    0xff, 0xff, 0xff, 0xc, 0xfc, 0x0, 0x7, 0xbd,
    0xff, 0x1a, 0xff, 0xff, 0xff, 0xf0, 0xcf, 0xfb,
    0x90, 0xef, 0xff, 0xf1, 0xaf, 0xff, 0xff, 0xff,
    0xc, 0xff, 0xff, 0x21, 0x39, 0xff, 0x1a, 0xff,
    0xff, 0xff, 0xf0, 0xcf, 0xd3, 0x20, 0x0, 0x7f,
    0xf1, 0xaf, 0xff, 0xff, 0xff, 0xc, 0xfc, 0x0,
    0x5, 0x9c, 0xff, 0x1a, 0xff, 0xff, 0xff, 0xf0,
    0xcf, 0xe9, 0x70, 0xef, 0xff, 0xf3, 0x0, 0x0,
    0x0, 0x0, 0xe, 0xff, 0xff, 0x32, 0x59, 0xff,
    0xeb, 0xbb, 0xbb, 0xbb, 0xbd, 0xff, 0xc5, 0x40,
    0x0, 0x2f, 0xff, 0xff, 0xff, 0xff, 0xff, 0xff,
    0xf6, 0x0, 0x0, 0x0, 0x4b, 0xff, 0xdd, 0xff,
    0xdd, 0xff, 0xd7, 0x0, 0x0, 0x0, 0x0, 0xe,
    0xf0, 0xc, 0xf1, 0xa, 0xf3, 0x0, 0x0, 0x0,
    0x0, 0x0, 0xde, 0x0, 0xbf, 0x0, 0x9f, 0x20,
    0x0, 0x0, 0x0, 0x0, 0x1, 0x10, 0x0, 0x10,
    0x0, 0x20, 0x0, 0x0, 0x0,

    /* U+F300 "" */
    0x0, 0x0, 0x0, 0x0, 0x0, 0x0, 0x0, 0x0,
    0x0, 0x0, 0x0, 0x0, 0x0, 0x1f, 0xff, 0xff,
    0xff, 0xff, 0xff, 0x10, 0x0, 0x0, 0x0, 0x0,
    0xaf, 0xff, 0xff, 0xff, 0xff, 0xff, 0xa0, 0x0,
    0x0, 0x0, 0x3, 0xff, 0xff, 0xff, 0xff, 0xff,
    0xff, 0xf3, 0x0, 0x0, 0x0, 0xc, 0xff, 0xff,
    0xff, 0xff, 0xff, 0xff, 0xfc, 0x0, 0x0, 0x0,
    0x5f, 0xff, 0xff, 0xff, 0xff, 0xff, 0xff, 0xff,
    0x60, 0x0, 0x0, 0xef, 0xff, 0xfe, 0x2a, 0xff,
    0xdf, 0xff, 0xff, 0xe0, 0x0, 0x8, 0xff, 0xff,
    0xe2, 0x0, 0xac, 0x13, 0xff, 0xff, 0xf8, 0x0,
    0x2f, 0xff, 0xfe, 0x20, 0x30, 0x3, 0x0, 0x3f,
    0xff, 0xff, 0x20, 0xaf, 0xff, 0xd1, 0x5, 0xfa,
    0x0, 0x63, 0x3, 0xff, 0xff, 0xa0, 0xcf, 0xfd,
    0x10, 0x49, 0xff, 0xb0, 0x8, 0x30, 0x3f, 0xff,
    0xc0, 0x3f, 0xf1, 0x5, 0x55, 0xff, 0xfb, 0x0,
    0xa3, 0x4, 0xff, 0x30, 0x9, 0xfe, 0xbf, 0xfd,
    0xff, 0xff, 0xcc, 0xff, 0xbe, 0xf9, 0x0, 0x1,
    0xff, 0xff, 0xff, 0xff, 0xff, 0xff, 0xff, 0xff,
    0xf1, 0x0, 0x0, 0x7f, 0xff, 0xff, 0xff, 0xff,
    0xff, 0xff, 0xff, 0x70, 0x0, 0x0, 0xd, 0xff,
    0xff, 0xff, 0xff, 0xff, 0xff, 0xfd, 0x0, 0x0,
    0x0, 0x4, 0xff, 0xff, 0xff, 0xff, 0xff, 0xff,
    0xf5, 0x0, 0x0, 0x0, 0x0, 0xbf, 0xff, 0xff,
    0xff, 0xff, 0xff, 0xb0, 0x0, 0x0, 0x0, 0x0,
    0x2f, 0xff, 0xff, 0xff, 0xff, 0xff, 0x20, 0x0,
    0x0, 0x0, 0x0, 0x2, 0x33, 0x33, 0x33, 0x33,
    0x32, 0x0, 0x0, 0x0,

    /* U+F301 "" */
    0x0, 0x0, 0x0, 0x2, 0x79, 0xa9, 0x74, 0x0,
    0x0, 0x0, 0x0, 0x0, 0x0, 0x4, 0xdf, 0xff,
    0xff, 0xff, 0xe7, 0x0, 0x0, 0x0, 0x0, 0x0,
    0xaf, 0xff, 0xff, 0xff, 0xff, 0xff, 0xd2, 0x0,
    0x0, 0x0, 0x1c, 0xff, 0xff, 0xff, 0x63, 0x6a,
    0xff, 0xfe, 0x30, 0x0, 0x0, 0xbf, 0xff, 0xff,
    0xff, 0x60, 0x0, 0x3d, 0xff, 0xe1, 0x0, 0x7,
    0xff, 0xff, 0xff, 0xff, 0x70, 0x0, 0x0, 0xcf,
    0xfb, 0x0, 0x1e, 0xff, 0xff, 0xff, 0xff, 0x80,
    0x0, 0x0, 0x1e, 0xff, 0x30, 0x6f, 0xfc, 0xbf,
    0xff, 0xff, 0xea, 0x40, 0x0, 0x6, 0xff, 0xa0,
    0xbf, 0xf4, 0x4, 0xcf, 0xff, 0xff, 0xf7, 0x0,
    0x0, 0xff, 0xe0, 0xdf, 0xf0, 0x0, 0xd, 0xff,
    0xff, 0xff, 0x20, 0x0, 0xbf, 0xf1, 0xff, 0xe0,
    0x0, 0x2f, 0xff, 0xff, 0xff, 0x70, 0x0, 0x9f,
    0xf2, 0xff, 0xe0, 0x0, 0x2f, 0xff, 0xff, 0xff,
    0x70, 0x0, 0x9f, 0xf3, 0xdf, 0xf0, 0x0, 0xe,
    0xff, 0xff, 0xff, 0x40, 0x0, 0xbf, 0xf1, 0xbf,
    0xf3, 0x0, 0x5, 0xff, 0xff, 0xff, 0xf8, 0x10,
    0xff, 0xe0, 0x6f, 0xf9, 0x0, 0x0, 0x3b, 0xdf,
    0xff, 0xff, 0xfa, 0xff, 0xa0, 0x1f, 0xff, 0x30,
    0x0, 0x0, 0xf, 0xff, 0xff, 0xff, 0xff, 0x40,
    0x8, 0xff, 0xe1, 0x0, 0x0, 0xe, 0xff, 0xff,
    0xff, 0xfb, 0x0, 0x0, 0xcf, 0xfe, 0x30, 0x0,
    0xd, 0xff, 0xff, 0xff, 0xe2, 0x0, 0x0, 0x1d,
    0xff, 0xfb, 0x52, 0xc, 0xff, 0xff, 0xff, 0x40,
    0x0, 0x0, 0x1, 0xcf, 0xff, 0xff, 0xff, 0xff,
    0xff, 0xe3, 0x0, 0x0, 0x0, 0x0, 0x6, 0xef,
    0xff, 0xff, 0xff, 0xf8, 0x10, 0x0, 0x0, 0x0,
    0x0, 0x0, 0x4, 0x8a, 0xbb, 0x95, 0x10, 0x0,
    0x0, 0x0,

    /* U+F302 "" */
    0x0, 0x0, 0x0, 0x0, 0x0, 0x1, 0x9b, 0x0,
    0x0, 0x0, 0x0, 0x0, 0x0, 0x0, 0x3, 0xef,
    0xb0, 0x0, 0x0, 0x0, 0x0, 0x0, 0x0, 0x1,
    0xef, 0xf6, 0x0, 0x0, 0x0, 0x0, 0x0, 0x0,
    0x0, 0x7f, 0xfb, 0x0, 0x0, 0x0, 0x0, 0x0,
    0x0, 0x0, 0xa, 0xfa, 0x0, 0x0, 0x0, 0x0,
    0x0, 0x27, 0x98, 0x30, 0x32, 0x48, 0xa8, 0x40,
    0x0, 0x0, 0x8f, 0xff, 0xff, 0xeb, 0xff, 0xff,
    0xff, 0xc1, 0x0, 0x8f, 0xff, 0xff, 0xff, 0xff,
    0xff, 0xff, 0xff, 0xa0, 0x3f, 0xff, 0xff, 0xff,
    0xff, 0xff, 0xff, 0xff, 0xb0, 0x9, 0xff, 0xff,
    0xff, 0xff, 0xff, 0xff, 0xff, 0xf1, 0x0, 0xdf,
    0xff, 0xff, 0xff, 0xff, 0xff, 0xff, 0xfa, 0x0,
    0xf, 0xff, 0xff, 0xff, 0xff, 0xff, 0xff, 0xff,
    0x80, 0x0, 0xff, 0xff, 0xff, 0xff, 0xff, 0xff,
    0xff, 0xf8, 0x0, 0xd, 0xff, 0xff, 0xff, 0xff,
    0xff, 0xff, 0xff, 0xd0, 0x0, 0xaf, 0xff, 0xff,
    0xff, 0xff, 0xff, 0xff, 0xff, 0x60, 0x6, 0xff,
    0xff, 0xff, 0xff, 0xff, 0xff, 0xff, 0xff, 0x60,
    0x1f, 0xff, 0xff, 0xff, 0xff, 0xff, 0xff, 0xff,
    0xff, 0x50, 0xaf, 0xff, 0xff, 0xff, 0xff, 0xff,
    0xff, 0xff, 0xe0, 0x1, 0xff, 0xff, 0xff, 0xff,
    0xff, 0xff, 0xff, 0xf6, 0x0, 0x6, 0xff, 0xff,
    0xff, 0xff, 0xff, 0xff, 0xfc, 0x0, 0x0, 0xa,
    0xff, 0xff, 0xff, 0xff, 0xff, 0xfe, 0x20, 0x0,
    0x0, 0x8, 0xff, 0xa5, 0x34, 0x8d, 0xfc, 0x20,
    0x0, 0x0, 0x0, 0x0, 0x0, 0x0, 0x0, 0x0,
    0x0, 0x0, 0x0,

    /* U+F303 "" */
    0x0, 0x0, 0x0, 0x0, 0x0, 0x0, 0x0, 0x0,
    0x0, 0x0, 0x0, 0x0, 0x0, 0x0, 0x0, 0x0,
    0xb0, 0x0, 0x0, 0x0, 0x0, 0x0, 0x0, 0x0,
    0x0, 0x0, 0x4, 0xf3, 0x0, 0x0, 0x0, 0x0,
    0x0, 0x0, 0x0, 0x0, 0x0, 0xb, 0xfa, 0x0,
    0x0, 0x0, 0x0, 0x0, 0x0, 0x0, 0x0, 0x0,
    0x2f, 0xff, 0x10, 0x0, 0x0, 0x0, 0x0, 0x0,
    0x0, 0x0, 0x0, 0x9f, 0xff, 0x80, 0x0, 0x0,
    0x0, 0x0, 0x0, 0x0, 0x0, 0x0, 0xef, 0xff,
    0xe0, 0x0, 0x0, 0x0, 0x0, 0x0, 0x0, 0x0,
    0x6, 0x6f, 0xff, 0xf7, 0x0, 0x0, 0x0, 0x0,
    0x0, 0x0, 0x0, 0x1f, 0xfb, 0xff, 0xfe, 0x0,
    0x0, 0x0, 0x0, 0x0, 0x0, 0x0, 0x8f, 0xff,
    0xff, 0xff, 0x70, 0x0, 0x0, 0x0, 0x0, 0x0,
    0x1, 0xff, 0xff, 0xff, 0xff, 0xf1, 0x0, 0x0,
    0x0, 0x0, 0x0, 0x8, 0xff, 0xff, 0xff, 0xff,
    0xf8, 0x0, 0x0, 0x0, 0x0, 0x0, 0x1f, 0xff,
    0xff, 0xdf, 0xff, 0xff, 0x10, 0x0, 0x0, 0x0,
    0x0, 0x9f, 0xff, 0xf3, 0x4, 0xff, 0xff, 0x90,
    0x0, 0x0, 0x0, 0x2, 0xff, 0xff, 0x80, 0x0,
    0xaf, 0xff, 0xf2, 0x0, 0x0, 0x0, 0xa, 0xff,
    0xff, 0x40, 0x0, 0x4f, 0xff, 0xfa, 0x0, 0x0,
    0x0, 0x3f, 0xff, 0xff, 0x20, 0x0, 0x3f, 0xff,
    0xb8, 0x10, 0x0, 0x0, 0xcf, 0xff, 0xff, 0x30,
    0x0, 0x3f, 0xff, 0xfe, 0x40, 0x0, 0x5, 0xff,
    0xfd, 0x73, 0x0, 0x0, 0x3, 0x7d, 0xff, 0xf4,
    0x0, 0xd, 0xfb, 0x30, 0x0, 0x0, 0x0, 0x0,
    0x0, 0x4b, 0xfc, 0x3, 0x6b, 0x20, 0x0, 0x0,
    0x0, 0x0, 0x0, 0x0, 0x0, 0x3c, 0x50, 0x20,
    0x0, 0x0, 0x0, 0x0, 0x0, 0x0, 0x0, 0x0,
    0x0, 0x20,

    /* U+F304 "" */
    0x0, 0x0, 0x0, 0x0, 0x0, 0x77, 0x0, 0x0,
    0x0, 0x0, 0x0, 0x0, 0x0, 0x0, 0x0, 0x7,
    0xff, 0x70, 0x0, 0x0, 0x0, 0x0, 0x0, 0x0,
    0x0, 0x0, 0x4, 0xab, 0x40, 0x0, 0x0, 0x0,
    0x0, 0x0, 0xf, 0xff, 0x76, 0xfa, 0x8a, 0xaf,
    0x76, 0xff, 0xf1, 0x0, 0x0, 0xf, 0xf8, 0x5f,
    0xfa, 0x8a, 0xaf, 0xf6, 0x8f, 0xf1, 0x0, 0x0,
    0xf, 0x9b, 0x3e, 0xfa, 0x8a, 0xaf, 0xd3, 0xb8,
    0xf1, 0x0, 0x0, 0x8, 0x64, 0xc3, 0xea, 0x8a,
    0xad, 0x3b, 0x36, 0x71, 0x0, 0x0, 0x7, 0xfd,
    0x3c, 0x38, 0x8a, 0x73, 0xc3, 0xdf, 0x60, 0x0,
    0x0, 0xf, 0xff, 0xd3, 0xc2, 0x89, 0x2c, 0x3d,
    0xff, 0xf0, 0x0, 0x7, 0x4a, 0xaa, 0xa7, 0x26,
    0x22, 0x62, 0x8a, 0xaa, 0xa3, 0x70, 0x7f, 0xba,
    0xaa, 0xaa, 0x91, 0x0, 0x19, 0x98, 0x88, 0x8b,
    0xf7, 0x7f, 0xa9, 0x99, 0x99, 0x81, 0x0, 0x1a,
    0xaa, 0xaa, 0xab, 0xf7, 0x7, 0x4a, 0xaa, 0xa7,
    0x25, 0x11, 0x62, 0x8b, 0xbb, 0xb4, 0x70, 0x0,
    0xf, 0xff, 0xd3, 0xc2, 0xa9, 0x1b, 0x3d, 0xff,
    0xf0, 0x0, 0x0, 0x7, 0xfd, 0x3c, 0x37, 0xa9,
    0x83, 0xb3, 0xdf, 0x70, 0x0, 0x0, 0x7, 0x63,
    0xc4, 0xd9, 0xa9, 0xae, 0x3b, 0x35, 0x71, 0x0,
    0x0, 0xf, 0x8b, 0x4d, 0xf9, 0xa9, 0xaf, 0xe3,
    0xb8, 0xf1, 0x0, 0x0, 0xf, 0xf8, 0x7f, 0xf9,
    0xa9, 0xaf, 0xf5, 0x7f, 0xf1, 0x0, 0x0, 0xf,
    0xff, 0x78, 0xf9, 0xa9, 0x9e, 0x66, 0xff, 0xf1,
    0x0, 0x0, 0x0, 0x0, 0x0, 0x14, 0xbb, 0x30,
    0x0, 0x0, 0x0, 0x0, 0x0, 0x0, 0x0, 0x0,
    0x7, 0xff, 0x70, 0x0, 0x0, 0x0, 0x0, 0x0,
    0x0, 0x0, 0x0, 0x0, 0x77, 0x0, 0x0, 0x0,
    0x0, 0x0,

    /* U+F305 "" */
    0x0, 0x0, 0x0, 0x4, 0x8a, 0xcb, 0x95, 0x0,
    0x0, 0x0, 0x0, 0x0, 0x0, 0x6, 0xef, 0xfa,
    0x34, 0x6a, 0xe8, 0x0, 0x0, 0x0, 0x0, 0x1,
    0xcf, 0xff, 0xa0, 0x0, 0x0, 0x19, 0xd2, 0x0,
    0x0, 0x0, 0x1e, 0xff, 0xff, 0x20, 0x0, 0x0,
    0x0, 0x4e, 0x30, 0x0, 0x0, 0xcf, 0xff, 0xfb,
    0x0, 0x0, 0x0, 0x0, 0x4, 0xe1, 0x0, 0x8,
    0xff, 0xff, 0xf6, 0x0, 0x0, 0x0, 0x0, 0x0,
    0x7b, 0x0, 0x1f, 0xff, 0xff, 0xf2, 0x0, 0xbb,
    0x70, 0x0, 0x0, 0xd, 0x40, 0x6f, 0xff, 0xff,
    0xf0, 0x6, 0xff, 0xfd, 0x20, 0x0, 0x6, 0xa0,
    0xbf, 0xff, 0xff, 0xe0, 0x9, 0xff, 0xff, 0xc0,
    0x0, 0x1, 0xe0, 0xdf, 0xff, 0xff, 0xd0, 0xc,
    0xff, 0xff, 0xf3, 0x0, 0x0, 0xe1, 0xff, 0xff,
    0xff, 0xc0, 0xd, 0xff, 0xff, 0xf6, 0x0, 0x0,
    0xc3, 0xff, 0xff, 0xff, 0xc0, 0xd, 0xff, 0xff,
    0xd2, 0x0, 0x0, 0xe2, 0xdf, 0xff, 0xff, 0xd0,
    0x4, 0x66, 0x42, 0x0, 0x0, 0x4c, 0xf1, 0xbf,
    0xff, 0xff, 0xe2, 0x0, 0x0, 0x1, 0x36, 0x9e,
    0xff, 0xe0, 0x6f, 0xff, 0xff, 0xff, 0xff, 0xef,
    0xff, 0xff, 0xff, 0xff, 0xa0, 0x1f, 0xff, 0xff,
    0xff, 0xff, 0xff, 0xff, 0xff, 0xff, 0xff, 0x30,
    0x7, 0xff, 0xff, 0xff, 0xff, 0xff, 0xff, 0xff,
    0xff, 0xfb, 0x0, 0x0, 0xcf, 0xff, 0xff, 0xff,
    0xff, 0xff, 0xff, 0xff, 0xe1, 0x0, 0x0, 0x1d,
    0xff, 0xff, 0xff, 0xff, 0xff, 0xff, 0xfe, 0x30,
    0x0, 0x0, 0x1, 0xbf, 0xff, 0xff, 0xff, 0xff,
    0xff, 0xd2, 0x0, 0x0, 0x0, 0x0, 0x6, 0xef,
    0xff, 0xff, 0xff, 0xf7, 0x0, 0x0, 0x0, 0x0,
    0x0, 0x0, 0x3, 0x8a, 0xba, 0x84, 0x0, 0x0,
    0x0, 0x0,

    /* U+F306 "" */
    0x0, 0x0, 0x0, 0x38, 0x74, 0x51, 0x0, 0x0,
    0x0, 0x0, 0x0, 0x2b, 0xff, 0xff, 0xff, 0xb8,
    0x0, 0x0, 0x0, 0x7, 0xff, 0xf9, 0x65, 0x69,
    0xef, 0xe4, 0x0, 0x0, 0x6f, 0xf9, 0x20, 0x0,
    0x0, 0x1b, 0xff, 0x30, 0x1, 0xfe, 0x50, 0x0,
    0x0, 0x0, 0x0, 0xcf, 0xd0, 0x1a, 0xe2, 0x0,
    0x0, 0x0, 0x0, 0x0, 0x3f, 0xa2, 0x2f, 0x40,
    0x0, 0x0, 0x58, 0x64, 0x0, 0xc, 0xb0, 0x9e,
    0x0, 0x0, 0x5, 0x40, 0x0, 0x0, 0x8, 0xc0,
    0xc7, 0x0, 0x0, 0x7, 0x0, 0x0, 0x0, 0x7,
    0xe0, 0xc5, 0x0, 0x0, 0x44, 0x0, 0x0, 0x0,
    0x8, 0xb0, 0xd4, 0x0, 0x0, 0x46, 0x0, 0x0,
    0x0, 0xa, 0x50, 0xc4, 0x0, 0x0, 0xb, 0x0,
    0x10, 0x0, 0x3d, 0x0, 0xc7, 0x0, 0x0, 0x16,
    0x70, 0x0, 0x3, 0xc2, 0x0, 0x99, 0x0, 0x0,
    0x1, 0x8a, 0x55, 0xab, 0x10, 0x0, 0x5e, 0x40,
    0x0, 0x0, 0x13, 0x65, 0x10, 0x0, 0x0, 0xe,
    0xd0, 0x0, 0x0, 0x0, 0x0, 0x0, 0x0, 0x0,
    0x6, 0xf2, 0x0, 0x0, 0x0, 0x0, 0x0, 0x0,
    0x0, 0x0, 0xc9, 0x0, 0x0, 0x0, 0x0, 0x0,
    0x0, 0x0, 0x0, 0x1e, 0x60, 0x0, 0x0, 0x0,
    0x0, 0x0, 0x0, 0x0, 0x2, 0xd6, 0x0, 0x0,
    0x0, 0x0, 0x0, 0x0, 0x0, 0x0, 0x1b, 0x71,
    0x0, 0x0, 0x0, 0x0, 0x0, 0x0, 0x0, 0x0,
    0x48, 0x41, 0x0, 0x0, 0x0, 0x0,

    /* U+F307 "" */
    0x0, 0x0, 0x0, 0x0, 0x0, 0x0, 0x0, 0x0,
    0x0, 0x0, 0x0, 0x0, 0x2, 0x35, 0x41, 0x0,
    0x0, 0x0, 0x0, 0x0, 0x0, 0x0, 0x0, 0x0,
    0x0, 0x2, 0x69, 0x95, 0x10, 0x0, 0x0, 0x0,
    0x0, 0x0, 0x0, 0x0, 0x0, 0x0, 0x1, 0x6c,
    0xc7, 0x10, 0x0, 0x0, 0x0, 0x0, 0x0, 0x0,
    0x0, 0x0, 0x0, 0x2, 0x9f, 0xc5, 0x0, 0x0,
    0x0, 0x0, 0x0, 0x0, 0x0, 0x0, 0x0, 0x0,
    0x18, 0xfd, 0x50, 0x0, 0x0, 0x0, 0x0, 0x0,
    0x0, 0x0, 0x0, 0x0, 0x2, 0xcf, 0xb2, 0x0,
    0x0, 0x0, 0x0, 0x0, 0x0, 0x0, 0x0, 0x0,
    0x0, 0xcf, 0xe3, 0x0, 0x0, 0x0, 0x0, 0x0,
    0x0, 0x0, 0x0, 0x0, 0x2, 0xff, 0xf2, 0x0,
    0x0, 0x0, 0x0, 0x0, 0x0, 0x0, 0x0, 0x0,
    0xf, 0xff, 0xb0, 0x0, 0x0, 0x0, 0x0, 0x0,
    0x0, 0x0, 0x0, 0x4, 0xff, 0xfe, 0x0, 0x0,
    0x0, 0x0, 0x0, 0x0, 0x0, 0x0, 0x3, 0xef,
    0xff, 0xb0, 0x0, 0x0, 0x0, 0x0, 0x0, 0x0,
    0x0, 0x6, 0xff, 0xff, 0xf2, 0x0, 0x0, 0x0,
    0x0, 0x0, 0x0, 0x0, 0x5d, 0xff, 0xff, 0xe3,
    0x0, 0x0, 0x0, 0x0, 0x0, 0x0, 0x17, 0xdf,
    0xff, 0xff, 0xc1, 0x0, 0x0, 0x0, 0x0, 0x0,
    0x26, 0xbf, 0xff, 0xff, 0xff, 0x70, 0x0, 0x0,
    0x0, 0x1, 0x49, 0xdf, 0xff, 0xff, 0xff, 0xf9,
    0x10, 0x0, 0x0, 0x0, 0x2c, 0xff, 0xff, 0xff,
    0xff, 0xfe, 0x71, 0x0, 0x0, 0x0, 0x0, 0xb,
    0xff, 0xff, 0xff, 0xff, 0xd5, 0x0, 0x0, 0x0,
    0x0, 0x0, 0x0, 0xdf, 0xff, 0xff, 0xe9, 0x30,
    0x0, 0x0, 0x0, 0x0, 0x0, 0x0, 0x4, 0xff,
    0xe9, 0x40, 0x0, 0x0, 0x0, 0x0, 0x0, 0x0,
    0x0, 0x0, 0x0, 0x20, 0x0, 0x0, 0x0, 0x0,
    0x0, 0x0, 0x0, 0x0, 0x0,

    /* U+F308 "" */
    0x0, 0x0, 0x0, 0x0, 0x5, 0x88, 0x50, 0x0,
    0x0, 0x0, 0x0, 0x0, 0x0, 0x0, 0x0, 0x0,
    0x67, 0x65, 0x0, 0x0, 0x0, 0x0, 0x0, 0x0,
    0x0, 0x7, 0x89, 0x8a, 0x77, 0x50, 0x0, 0x0,
    0x60, 0x0, 0x0, 0x0, 0x0, 0x88, 0x9a, 0x97,
    0x65, 0x0, 0x0, 0x6f, 0x60, 0x0, 0x0, 0x6,
    0x59, 0x8a, 0x9a, 0x77, 0x95, 0x40, 0x7, 0xfd,
    0x55, 0x0, 0x0, 0x96, 0x87, 0x88, 0x86, 0x59,
    0x76, 0x0, 0x5f, 0xff, 0xf9, 0x0, 0x9, 0x68,
    0x68, 0x88, 0x65, 0x96, 0x60, 0x28, 0xff, 0xfc,
    0x10, 0xef, 0xff, 0xff, 0xff, 0xff, 0xff, 0xff,
    0xff, 0xff, 0x52, 0x0, 0xe, 0xff, 0xff, 0xff,
    0xff, 0xff, 0xff, 0xff, 0xff, 0xc0, 0x0, 0x0,
    0xbf, 0xff, 0xff, 0xff, 0xff, 0xff, 0xff, 0xff,
    0xf2, 0x0, 0x0, 0x5, 0xff, 0xff, 0xfc, 0xff,
    0xff, 0xff, 0xff, 0xf4, 0x0, 0x0, 0x0, 0x9,
    0xdd, 0xbc, 0xff, 0xff, 0xff, 0xff, 0xe4, 0x0,
    0x0, 0x0, 0x0, 0x4, 0x20, 0x1d, 0xff, 0xff,
    0xff, 0x91, 0x0, 0x0, 0x0, 0x0, 0x0, 0x3,
    0x56, 0x6d, 0xed, 0xa5, 0x10, 0x0, 0x0, 0x0,
    0x0,

    /* U+F309 "" */
    0x0, 0x0, 0x0, 0x5, 0x9c, 0xdd, 0xc9, 0x50,
    0x0, 0x0, 0x0, 0x0, 0x0, 0x6, 0xe9, 0x52,
    0x0, 0x15, 0xae, 0x60, 0x0, 0x0, 0x0, 0x1,
    0xba, 0x10, 0x5, 0x89, 0x60, 0x1, 0xab, 0x10,
    0x0, 0x0, 0x1d, 0x60, 0x4, 0xc6, 0x11, 0x6d,
    0x20, 0x6, 0xd1, 0x0, 0x0, 0xb6, 0x0, 0x5c,
    0x0, 0x0, 0x4, 0xc0, 0x0, 0x6b, 0x0, 0x7,
    0x90, 0x3, 0xd1, 0x0, 0x0, 0x0, 0xd2, 0x0,
    0xa, 0x70, 0x1e, 0x10, 0xd, 0x50, 0x0, 0x0,
    0x0, 0xa4, 0x0, 0x1, 0xe0, 0x69, 0x0, 0x6e,
    0x0, 0x0, 0x0, 0x0, 0xc3, 0x0, 0x0, 0x96,
    0xa4, 0x0, 0xc8, 0x0, 0x0, 0x0, 0x1, 0xe0,
    0x0, 0x0, 0x7a, 0xd0, 0x0, 0xf4, 0x0, 0x0,
    0x0, 0x8, 0x70, 0x0, 0x0, 0xed, 0xe0, 0x0,
    0xf1, 0x0, 0x0, 0x0, 0x3c, 0x0, 0x0, 0x9,
    0x7e, 0xe0, 0x0, 0xf2, 0x0, 0x0, 0x1, 0xd2,
    0x0, 0x0, 0x5d, 0xf, 0xd0, 0x0, 0xd5, 0x0,
    0x0, 0x2c, 0x20, 0x0, 0x3, 0xe3, 0x1d, 0xb3,
    0x0, 0x9b, 0x0, 0x5, 0xd2, 0x0, 0x0, 0x3e,
    0x40, 0x4b, 0x78, 0x0, 0x1f, 0x73, 0xba, 0x10,
    0x0, 0x6, 0xf5, 0x0, 0x86, 0x1d, 0x0, 0x1a,
    0xff, 0x50, 0x0, 0x3, 0xbe, 0x30, 0x0, 0xe1,
    0x8, 0xcd, 0xfc, 0x8e, 0xea, 0x9a, 0xdf, 0x80,
    0x0, 0x8, 0x80, 0x0, 0xda, 0x20, 0x0, 0x69,
    0xa9, 0x61, 0x0, 0x0, 0x5d, 0x0, 0x0, 0x2e,
    0x40, 0x0, 0x0, 0x0, 0x0, 0x0, 0x4, 0xe2,
    0x0, 0x0, 0x2, 0xd8, 0x0, 0x0, 0x0, 0x0,
    0x0, 0x7d, 0x20, 0x0, 0x0, 0x0, 0x19, 0xd8,
    0x20, 0x0, 0x2, 0x7d, 0x91, 0x0, 0x0, 0x0,
    0x0, 0x0, 0x27, 0xce, 0xed, 0xec, 0x72, 0x0,
    0x0, 0x0, 0x0, 0x0, 0x0, 0x0, 0x0, 0x0,
    0x0, 0x0, 0x0, 0x0, 0x0,

    /* U+F30A "" */
    0x0, 0x0, 0x0, 0x5, 0x9c, 0xde, 0xc9, 0x50,
    0x0, 0x0, 0x0, 0x0, 0x0, 0x6, 0xef, 0xff,
    0xff, 0xff, 0xfe, 0x60, 0x0, 0x0, 0x0, 0x1,
    0xbf, 0xff, 0xff, 0xff, 0xff, 0xff, 0xfb, 0x10,
    0x0, 0x0, 0x1d, 0xff, 0xff, 0xff, 0xff, 0xff,
    0xff, 0xff, 0xd1, 0x0, 0x0, 0xbf, 0xff, 0xff,
    0xff, 0xff, 0xba, 0xdf, 0xff, 0xfb, 0x0, 0x7,
    0xff, 0xff, 0xff, 0xff, 0xd2, 0x0, 0x7, 0xff,
    0xff, 0x70, 0x1e, 0xff, 0xff, 0xff, 0xff, 0x30,
    0x47, 0x10, 0x9f, 0xff, 0xe0, 0x6f, 0xff, 0xff,
    0xff, 0xfd, 0x3, 0xff, 0xd0, 0x4f, 0xff, 0xf6,
    0xaf, 0xff, 0xff, 0xff, 0xfc, 0x6, 0xff, 0xf0,
    0x3f, 0xff, 0xfa, 0xdf, 0xff, 0xff, 0xff, 0xfc,
    0x6, 0xff, 0xfb, 0xdf, 0xff, 0xfd, 0xff, 0xff,
    0xff, 0xfe, 0xdc, 0x5, 0xde, 0xff, 0xff, 0xff,
    0xff, 0xff, 0xff, 0xf7, 0x0, 0xc, 0x0, 0x0,
    0xff, 0xff, 0xff, 0xff, 0xff, 0xff, 0x50, 0x15,
    0x6c, 0x2, 0x67, 0xff, 0xff, 0xff, 0xfd, 0xff,
    0xfc, 0x2, 0xef, 0xfc, 0x6, 0xff, 0xff, 0xff,
    0xff, 0xfb, 0xff, 0xf7, 0x9, 0xff, 0xfc, 0x6,
    0xff, 0xff, 0xff, 0xff, 0xf6, 0xff, 0xf7, 0x8,
    0xff, 0xfa, 0x7, 0xff, 0xff, 0xff, 0xff, 0xf1,
    0xff, 0xfc, 0x1, 0xcf, 0xe2, 0xc, 0xff, 0xff,
    0xff, 0xff, 0x80, 0xff, 0xff, 0x60, 0x1, 0x0,
    0x6f, 0xff, 0xff, 0xff, 0xfd, 0x0, 0xff, 0xff,
    0xf9, 0x31, 0x29, 0xff, 0xff, 0xff, 0xff, 0xe2,
    0x0, 0xff, 0xff, 0xff, 0xff, 0xff, 0xff, 0xff,
    0xff, 0xfd, 0x20, 0x0, 0xcf, 0xff, 0xff, 0xff,
    0xff, 0xff, 0xff, 0xff, 0x91, 0x0, 0x0, 0x2d,
    0xff, 0xff, 0xff, 0xff, 0xff, 0xfc, 0x72, 0x0,
    0x0, 0x0, 0x0, 0x1, 0x11, 0x11, 0x11, 0x10,
    0x0, 0x0, 0x0, 0x0, 0x0,

    /* U+F30B "" */
    0x0, 0x0, 0x0, 0x5, 0x9b, 0xbc, 0xc9, 0x50,
    0x0, 0x0, 0x0, 0x0, 0x0, 0x6, 0xd8, 0x20,
    0x0, 0x3, 0x8d, 0x60, 0x0, 0x0, 0x0, 0x1,
    0xb8, 0x0, 0x0, 0x0, 0x0, 0x0, 0x8b, 0x10,
    0x0, 0x0, 0x1c, 0x30, 0x0, 0x0, 0x0, 0x0,
    0x0, 0x4, 0xc1, 0x0, 0x0, 0xb3, 0x0, 0x0,
    0x0, 0x0, 0x2, 0x0, 0x0, 0x3b, 0x0, 0x7,
    0x70, 0x0, 0x0, 0x0, 0x9, 0xff, 0xe5, 0x0,
    0x7, 0x70, 0x1c, 0x0, 0x0, 0x0, 0x0, 0x9f,
    0xeb, 0xff, 0x50, 0x0, 0xc1, 0x66, 0x0, 0x0,
    0x0, 0x0, 0xee, 0x10, 0x3f, 0xb0, 0x0, 0x66,
    0xb1, 0x0, 0x0, 0x0, 0x1, 0xfc, 0x0, 0xf,
    0xc0, 0x0, 0x1a, 0xc0, 0x0, 0x0, 0x0, 0x1,
    0xfc, 0x0, 0x5, 0x30, 0x0, 0xc, 0xc0, 0x0,
    0x0, 0x1, 0x21, 0xfc, 0x21, 0x0, 0x0, 0x0,
    0xc, 0xc0, 0x0, 0x8, 0xff, 0xf1, 0xff, 0xff,
    0x30, 0x0, 0x0, 0xc, 0xc0, 0x0, 0xbf, 0xfb,
    0xa1, 0xfe, 0xba, 0x10, 0x0, 0x0, 0xc, 0xc0,
    0x4, 0xfc, 0x10, 0x1, 0xfc, 0x0, 0x0, 0x0,
    0x0, 0x1b, 0xc0, 0x8, 0xf5, 0x0, 0x1, 0xfc,
    0x0, 0x0, 0x0, 0x0, 0x66, 0xc0, 0x8, 0xf5,
    0x0, 0x3, 0xfb, 0x0, 0x0, 0x0, 0x0, 0xc1,
    0xc0, 0x4, 0xfe, 0x20, 0x1b, 0xf6, 0x0, 0x0,
    0x0, 0x6, 0x80, 0xc0, 0x0, 0x9f, 0xfe, 0xff,
    0xb0, 0x0, 0x0, 0x0, 0x2c, 0x0, 0xc0, 0x0,
    0x6, 0xce, 0xd7, 0x0, 0x0, 0x0, 0x2, 0xc1,
    0x0, 0xc0, 0x0, 0x0, 0x0, 0x0, 0x0, 0x0,
    0x0, 0x7c, 0x10, 0x0, 0xb2, 0x0, 0x0, 0x0,
    0x0, 0x0, 0x1, 0x6c, 0x80, 0x0, 0x0, 0x2b,
    0xcc, 0xcc, 0xcc, 0xcc, 0xcb, 0xbb, 0x61, 0x0,
    0x0, 0x0,

    /* U+F30C "" */
    0x2, 0x40, 0x0, 0x0, 0x0, 0x21, 0x0, 0x0,
    0x0, 0x46, 0x0, 0xef, 0xf8, 0x2, 0x9d, 0xff,
    0xff, 0xb5, 0x18, 0xef, 0xf6, 0xd, 0xff, 0x89,
    0xff, 0xff, 0xff, 0xf3, 0x7e, 0xff, 0xff, 0x30,
    0x8f, 0x6c, 0xff, 0xff, 0xff, 0xff, 0x3f, 0xff,
    0xff, 0xd0, 0x1, 0x9b, 0xff, 0xff, 0xff, 0xff,
    0xf7, 0xef, 0xff, 0xf6, 0x0, 0x6, 0xff, 0xff,
    0xff, 0xff, 0xff, 0xe6, 0xff, 0xfe, 0x0, 0x0,
    0xef, 0xff, 0xff, 0xff, 0xff, 0xff, 0xd6, 0xef,
    0x54, 0x0, 0x5f, 0xff, 0xff, 0xff, 0xff, 0xff,
    0xff, 0xe6, 0x12, 0xb0, 0x9, 0xff, 0xff, 0xff,
    0xff, 0xff, 0xff, 0xff, 0xff, 0xff, 0x0, 0xbf,
    0xff, 0xff, 0xff, 0xff, 0xff, 0xff, 0xff, 0xff,
    0xf2, 0xb, 0xff, 0xff, 0xff, 0xff, 0xff, 0xff,
    0xff, 0xff, 0xff, 0x30, 0xaf, 0xff, 0xff, 0xff,
    0xff, 0xff, 0xff, 0xff, 0xff, 0xf2, 0x8, 0xff,
    0xff, 0xff, 0xff, 0xff, 0xff, 0xff, 0xff, 0xff,
    0x0, 0x3f, 0xff, 0xff, 0xff, 0xff, 0xff, 0xff,
    0xff, 0xff, 0xa0, 0x0, 0xcf, 0xff, 0xff, 0xff,
    0xff, 0xff, 0xff, 0xff, 0xf4, 0x0, 0x3, 0xff,
    0xff, 0xff, 0xff, 0xff, 0xff, 0xff, 0xfb, 0x0,
    0x0, 0x7, 0xff, 0xff, 0xff, 0xff, 0xff, 0xff,
    0xfd, 0x10, 0x0, 0x0, 0x7, 0xff, 0xff, 0xff,
    0xff, 0xff, 0xfd, 0x10, 0x0, 0x0, 0x0, 0x4,
    0xdf, 0xff, 0xff, 0xff, 0xf8, 0x0, 0x0, 0x0,
    0x0, 0x0, 0x0, 0x49, 0xbd, 0xcb, 0x61, 0x0,
    0x0, 0x0,

    /* U+F30D "" */
    0x0, 0x0, 0x0, 0x25, 0x65, 0x11, 0x0, 0x0,
    0x0, 0x0, 0x0, 0x0, 0x0, 0x2b, 0xff, 0xff,
    0xe8, 0x22, 0x0, 0x0, 0x0, 0x0, 0x0, 0x5,
    0xff, 0xff, 0xff, 0xff, 0xe6, 0x30, 0x0, 0x0,
    0x0, 0x0, 0x6f, 0xff, 0xff, 0xff, 0xff, 0xff,
    0xa3, 0x20, 0x0, 0x0, 0x3, 0xff, 0xff, 0xff,
    0x40, 0x29, 0xff, 0xfd, 0x32, 0x0, 0x0, 0x28,
    0xff, 0xff, 0xfc, 0xb, 0xa2, 0x7f, 0xff, 0xe3,
    0x30, 0x0, 0x68, 0xff, 0xff, 0xfc, 0x1f, 0xfc,
    0xf, 0xff, 0xfe, 0x22, 0x0, 0x75, 0x8f, 0xff,
    0xff, 0x91, 0x14, 0x9f, 0xff, 0xff, 0xc2, 0x10,
    0x1e, 0x72, 0xaf, 0xff, 0xff, 0xce, 0xff, 0xff,
    0xff, 0xf5, 0x30, 0x2, 0xdd, 0x42, 0xaf, 0xff,
    0xff, 0xff, 0xff, 0xff, 0xf6, 0x50, 0x0, 0x7,
    0xec, 0x3f, 0xff, 0xff, 0xff, 0xff, 0xff, 0xc0,
    0xc0, 0x0, 0x0, 0x26, 0xff, 0xff, 0xff, 0xff,
    0xff, 0xfc, 0x8, 0xb0, 0x0, 0x1, 0x6f, 0xff,
    0xff, 0xff, 0xff, 0xff, 0xa0, 0x6e, 0x20, 0x0,
    0x17, 0xff, 0xff, 0xff, 0xff, 0xff, 0xf8, 0x7,
    0xe3, 0x0, 0x1, 0x7f, 0xff, 0xff, 0xff, 0xff,
    0xff, 0x60, 0x9e, 0x30, 0x0, 0x15, 0xff, 0xff,
    0xff, 0xff, 0xff, 0xd2, 0x2c, 0xd2, 0x0, 0x0,
    0x3b, 0xff, 0xff, 0xff, 0xff, 0xf8, 0x6, 0xfa,
    0x0, 0x0, 0x0, 0x6b, 0xff, 0xff, 0xff, 0xfa,
    0x22, 0xcf, 0x60, 0x0, 0x0, 0x0, 0x94, 0xff,
    0xff, 0xe9, 0x22, 0x9f, 0xc2, 0x0, 0x0, 0x0,
    0x0, 0xa4, 0x15, 0x53, 0x4, 0xbf, 0xf6, 0x0,
    0x0, 0x0, 0x0, 0x0, 0x1e, 0xa8, 0xac, 0xff,
    0xf8, 0x10, 0x0, 0x0, 0x0, 0x0, 0x0, 0x1,
    0xaf, 0xfe, 0xb6, 0x10, 0x0, 0x0, 0x0, 0x0,
    0x0, 0x0, 0x0, 0x0, 0x0, 0x0, 0x0, 0x0,
    0x0, 0x0, 0x0, 0x0, 0x0,

    /* U+F30E "" */
    0x99, 0x99, 0x99, 0x99, 0x99, 0x88, 0x88, 0x74,
    0x0, 0x0, 0x0, 0xff, 0xff, 0xff, 0xff, 0xff,
    0xff, 0xff, 0xff, 0xf8, 0x0, 0x0, 0xf9, 0x0,
    0x11, 0x11, 0x11, 0x11, 0x11, 0x25, 0xcf, 0xc1,
    0x0, 0xf9, 0x0, 0x0, 0x0, 0x0, 0x0, 0x0,
    0x0, 0x6, 0xfc, 0x0, 0xf9, 0x0, 0x8, 0xf1,
    0x0, 0x0, 0x0, 0x0, 0x0, 0x7f, 0x60, 0xff,
    0xe6, 0x9, 0xf1, 0x0, 0x38, 0x71, 0x59, 0x50,
    0xe, 0xc0, 0xaa, 0xde, 0x9, 0xf1, 0x5, 0xff,
    0xff, 0xff, 0xf8, 0x9, 0xf0, 0x0, 0x9f, 0x9,
    0xf1, 0xd, 0xe4, 0x7f, 0xd3, 0xef, 0x8, 0xf1,
    0x0, 0x9f, 0x9, 0xf1, 0xf, 0xb0, 0x1f, 0xa0,
    0xaf, 0x18, 0xf1, 0x0, 0x9f, 0x9, 0xf1, 0xf,
    0xb0, 0x1f, 0xa0, 0xaf, 0x18, 0xf1, 0x0, 0x9f,
    0x9, 0xf1, 0xf, 0xb0, 0x1f, 0xa0, 0xaf, 0x18,
    0xf1, 0x0, 0x9f, 0x9, 0xf1, 0xf, 0xb0, 0x1f,
    0x90, 0xaf, 0x18, 0xf1, 0x0, 0x8f, 0x8, 0xf1,
    0x0, 0x0, 0x0, 0x0, 0xaf, 0x18, 0xf1, 0x0,
    0x7f, 0x16, 0xf7, 0x0, 0x0, 0x0, 0x1, 0xee,
    0x8, 0xf1, 0x0, 0x4f, 0x51, 0xef, 0xba, 0xaa,
    0xaa, 0xbf, 0xf7, 0x8, 0xf1, 0x0, 0xd, 0xd0,
    0x1b, 0xff, 0xff, 0xff, 0xfe, 0x70, 0x8, 0xf1,
    0x0, 0x4, 0xfb, 0x10, 0x0, 0x0, 0x0, 0x0,
    0x0, 0x8, 0xf1, 0x0, 0x0, 0x6f, 0xe7, 0x21,
    0x0, 0x0, 0x0, 0x0, 0x4e, 0xf1, 0x0, 0x0,
    0x3, 0xcf, 0xff, 0xff, 0xff, 0xff, 0xff, 0xff,
    0xf1, 0x0, 0x0, 0x0, 0x3, 0x68, 0x88, 0x88,
    0x88, 0x88, 0x88, 0x80,

    /* U+F30F "" */
    0xa7, 0x77, 0x77, 0x77, 0x77, 0x77, 0x77, 0x88,
    0x61, 0x0, 0x0, 0x80, 0x0, 0x0, 0x0, 0x0,
    0x0, 0x0, 0x0, 0x27, 0x70, 0x0, 0x80, 0xab,
    0xbb, 0xbb, 0xaa, 0xaa, 0xaa, 0xa8, 0x30, 0x18,
    0x0, 0x80, 0xff, 0xff, 0xff, 0xff, 0xff, 0xff,
    0xff, 0xfb, 0x10, 0x80, 0x80, 0xff, 0xff, 0x11,
    0xff, 0xff, 0xff, 0xff, 0xff, 0xd0, 0x34, 0x80,
    0x14, 0xef, 0x11, 0xff, 0xfa, 0x8d, 0xe9, 0x8e,
    0xf8, 0x6, 0x80, 0x0, 0x8f, 0x11, 0xff, 0x50,
    0x1, 0x20, 0x0, 0xdd, 0x6, 0x77, 0xb0, 0x7f,
    0x11, 0xfd, 0x7, 0x90, 0x8, 0x90, 0x5f, 0x5,
    0x0, 0x70, 0x7f, 0x11, 0xfb, 0xe, 0xf1, 0xf,
    0xf0, 0x3f, 0x5, 0x0, 0x70, 0x7f, 0x11, 0xfb,
    0xe, 0xf1, 0xf, 0xf0, 0x3f, 0x5, 0x0, 0x70,
    0x7f, 0x11, 0xfb, 0xe, 0xf1, 0xf, 0xf1, 0x3f,
    0x5, 0x0, 0x70, 0x7f, 0x11, 0xfb, 0xe, 0xf1,
    0xf, 0xf1, 0x3f, 0x5, 0x0, 0x70, 0x7f, 0x10,
    0xff, 0xff, 0xff, 0xff, 0xf1, 0x3f, 0x5, 0x0,
    0x60, 0x6f, 0x20, 0xcf, 0xff, 0xff, 0xff, 0xc0,
    0x5f, 0x5, 0x0, 0x43, 0x2f, 0x90, 0x5, 0x66,
    0x66, 0x65, 0x0, 0xbf, 0x5, 0x0, 0x8, 0x9,
    0xf8, 0x0, 0x0, 0x0, 0x0, 0x9, 0xff, 0x5,
    0x0, 0x5, 0x30, 0xaf, 0xfc, 0xcc, 0xcc, 0xcd,
    0xff, 0xff, 0x5, 0x0, 0x0, 0x72, 0x5, 0xcf,
    0xff, 0xff, 0xff, 0xff, 0xf7, 0x5, 0x0, 0x0,
    0x6, 0x50, 0x0, 0x0, 0x0, 0x0, 0x0, 0x0,
    0x5, 0x0, 0x0, 0x0, 0x16, 0x55, 0x55, 0x55,
    0x55, 0x55, 0x55, 0x58,

    /* U+F310 "" */
    0x0, 0x0, 0x2, 0x91, 0x0, 0x0, 0x0, 0x0,
    0x0, 0x0, 0x3d, 0x21, 0x0, 0x0, 0x0, 0x0,
    0x0, 0x0, 0x6, 0xf4, 0x0, 0x0, 0x0, 0x0,
    0x0, 0x6, 0x6b, 0x20, 0x0, 0x0, 0x0, 0x0,
    0x2, 0xfc, 0x0, 0x0, 0x0, 0x0, 0x0, 0x0,
    0x6, 0x37, 0x40, 0x0, 0x0, 0x0, 0x0, 0x6d,
    0x45, 0xfd, 0x0, 0x0, 0x0, 0x0, 0xc, 0xf9,
    0x9, 0x50, 0x0, 0x0, 0x0, 0x0, 0x38, 0x10,
    0x0, 0x0, 0x0, 0x0, 0x8, 0x50, 0x0, 0x0,
    0x5, 0x80, 0x0, 0x9, 0xff, 0xea, 0x77, 0x9e,
    0xff, 0x80, 0x2, 0xf7, 0x28, 0xdf, 0xfd, 0x82,
    0x8f, 0x20, 0x9e, 0x0, 0x0, 0x0, 0x0, 0x0,
    0xe9, 0xe, 0x80, 0x0, 0x0, 0x0, 0x0, 0x9,
    0xe0, 0xf5, 0x0, 0x0, 0x0, 0x0, 0x0, 0x7f,
    0xe, 0x60, 0x0, 0x0, 0x0, 0x0, 0x8, 0xe0,
    0xba, 0x0, 0x0, 0x0, 0x0, 0x0, 0xcc, 0x6,
    0xf1, 0x0, 0x0, 0x0, 0x0, 0x2f, 0x60, 0xe,
    0xb0, 0x0, 0x0, 0x0, 0xc, 0xe0, 0x0, 0x3f,
    0xb1, 0x0, 0x0, 0x1c, 0xf3, 0x0, 0x0, 0x4f,
    0xf9, 0x77, 0xaf, 0xf4, 0x0, 0x0, 0x0, 0x19,
    0xef, 0xfd, 0x81, 0x0, 0x0, 0x0, 0x0, 0x0,
    0x0, 0x0, 0x0, 0x0, 0x0,

    /* U+F311 "" */
    0x0, 0x0, 0x0, 0x0, 0x0, 0x0, 0x1, 0x30,
    0x0, 0x0, 0x0, 0x0, 0x0, 0x0, 0x0, 0x0,
    0x0, 0x0, 0xb, 0x80, 0x0, 0x0, 0x0, 0x0,
    0x0, 0x0, 0x0, 0x0, 0x0, 0x0, 0x5f, 0xa0,
    0x0, 0x0, 0x0, 0x0, 0x0, 0x2, 0x0, 0x0,
    0x0, 0x1, 0xef, 0xd0, 0x0, 0x0, 0x0, 0x0,
    0x0, 0x23, 0x5, 0xb8, 0x63, 0x2b, 0xff, 0xf0,
    0x0, 0x0, 0x0, 0x0, 0x0, 0x90, 0x0, 0xcf,
    0xff, 0xff, 0xff, 0xf4, 0x0, 0x0, 0x1, 0x0,
    0x4, 0x70, 0x0, 0x1e, 0xff, 0xff, 0xff, 0xff,
    0xc8, 0x30, 0x87, 0x0, 0xa, 0x40, 0x0, 0x3,
    0xff, 0xff, 0xff, 0xff, 0xff, 0xff, 0x86, 0x60,
    0xd, 0x30, 0x0, 0x0, 0x7f, 0xff, 0xff, 0xff,
    0xff, 0xc4, 0x87, 0x0, 0xf, 0x40, 0x0, 0x0,
    0x8f, 0xff, 0xff, 0xff, 0xc4, 0x0, 0x0, 0x0,
    0xf, 0x50, 0x0, 0x1, 0xff, 0xff, 0xff, 0xfd,
    0x0, 0x0, 0x0, 0x0, 0xd, 0x80, 0x0, 0x8,
    0xff, 0xff, 0xff, 0xfc, 0x0, 0x0, 0x0, 0x0,
    0xa, 0xe0, 0x0, 0x1f, 0xfc, 0x65, 0xdf, 0xfc,
    0x0, 0x0, 0x0, 0x0, 0x4, 0xf9, 0x0, 0x69,
    0x22, 0x62, 0xa, 0xfd, 0x0, 0x0, 0x0, 0x0,
    0x0, 0xaf, 0xc6, 0x57, 0xa6, 0x0, 0x0, 0xae,
    0x0, 0x0, 0x0, 0x0, 0x0, 0x7, 0xcd, 0xa5,
    0x0, 0x0, 0x0, 0x9, 0x0, 0x0, 0x0, 0x0,
    0x0, 0x0, 0x0, 0x0, 0x0, 0x0, 0x0, 0x0,
    0x0, 0x0, 0x0, 0x0, 0x0, 0x0, 0x0, 0x0,
    0x0, 0x0, 0x0, 0x0, 0x0, 0x0, 0x0, 0x0,

    /* U+F312 "" */
    0xff, 0xff, 0xff, 0xff, 0xff, 0xff, 0xff, 0x36,
    0xff, 0xff, 0xff, 0xf, 0xff, 0xff, 0xff, 0xff,
    0xff, 0xff, 0xf3, 0x7f, 0xff, 0xff, 0xf0, 0xff,
    0xff, 0xff, 0xff, 0xff, 0xff, 0xff, 0x37, 0xff,
    0xff, 0xff, 0xf, 0xff, 0xff, 0xff, 0xff, 0xff,
    0xff, 0xf3, 0x7f, 0xff, 0xff, 0xf0, 0xff, 0xff,
    0xff, 0xff, 0xff, 0xff, 0xff, 0x37, 0xff, 0xff,
    0xff, 0xf, 0xff, 0xff, 0xff, 0xff, 0xff, 0xff,
    0xf3, 0x7f, 0xff, 0xff, 0xf0, 0xff, 0xff, 0xff,
    0xb8, 0x88, 0x88, 0x88, 0x17, 0xff, 0xff, 0xff,
    0xf, 0xff, 0xff, 0xf7, 0x2, 0x22, 0x22, 0x20,
    0x7f, 0xff, 0xff, 0xf0, 0xff, 0xff, 0xff, 0x73,
    0xff, 0xff, 0xff, 0x37, 0xff, 0xff, 0xff, 0xf,
    0xff, 0xff, 0xf7, 0x3f, 0xff, 0xff, 0xf3, 0x7f,
    0xff, 0xff, 0xf0, 0xff, 0xff, 0xff, 0x73, 0xff,
    0xff, 0xff, 0x37, 0xff, 0xff, 0xff, 0xf, 0xff,
    0xff, 0xf7, 0x3f, 0xff, 0xff, 0xf3, 0x7f, 0xff,
    0xff, 0xf0, 0xff, 0xff, 0xff, 0x73, 0xff, 0xff,
    0xff, 0x37, 0xff, 0xff, 0xff, 0xf, 0xff, 0xff,
    0xf7, 0x3f, 0xff, 0xff, 0xf3, 0x7f, 0xff, 0xff,
    0xf0, 0xff, 0xff, 0xff, 0x73, 0xff, 0xff, 0xff,
    0x37, 0xff, 0xff, 0xff, 0xf, 0xff, 0xff, 0xf7,
    0x3f, 0xff, 0xff, 0xf3, 0x7f, 0xff, 0xff, 0xf0,
    0xff, 0xff, 0xff, 0x73, 0xff, 0xff, 0xff, 0x37,
    0xff, 0xff, 0xff, 0xf, 0xff, 0xff, 0xf7, 0x3f,
    0xff, 0xff, 0xf3, 0x7f, 0xff, 0xff, 0xf0, 0xff,
    0xff, 0xff, 0x73, 0xff, 0xff, 0xff, 0x37, 0xff,
    0xff, 0xff, 0xf, 0xff, 0xff, 0xf7, 0x3f, 0xff,
    0xff, 0xf3, 0x7f, 0xff, 0xff, 0xf0, 0xff, 0xff,
    0xff, 0x73, 0xff, 0xff, 0xff, 0x37, 0xff, 0xff,
    0xff, 0xf, 0xff, 0xff, 0xf7, 0x3f, 0xff, 0xff,
    0xf3, 0x7f, 0xff, 0xff, 0xf0, 0x0, 0x0, 0x0,
    0x0, 0x0, 0x0, 0x0, 0x0, 0x0, 0x0, 0x0,
    0x0,

    /* U+F313 "" */
    0x0, 0x0, 0x2, 0x30, 0x0, 0x33, 0x10, 0x3,
    0x20, 0x0, 0x0, 0x0, 0x0, 0xe, 0xf2, 0x0,
    0xaf, 0xd0, 0x2f, 0xe0, 0x0, 0x0, 0x0, 0x0,
    0xb, 0xfb, 0x0, 0x2f, 0xf6, 0xbf, 0xb0, 0x0,
    0x0, 0x0, 0x0, 0x2, 0xff, 0x50, 0x8, 0xff,
    0xff, 0x20, 0x0, 0x0, 0x0, 0x8, 0xbb, 0xef,
    0xeb, 0xba, 0xef, 0xf9, 0x0, 0x10, 0x0, 0x0,
    0x3f, 0xff, 0xff, 0xff, 0xff, 0xbf, 0xf3, 0x0,
    0xc4, 0x0, 0x0, 0x46, 0x66, 0xab, 0x96, 0x66,
    0x5c, 0xfb, 0x5, 0xfc, 0x0, 0x0, 0x0, 0x4,
    0xff, 0x20, 0x0, 0x3, 0xff, 0x5e, 0xf8, 0x0,
    0x0, 0x0, 0xd, 0xf9, 0x0, 0x0, 0x0, 0x9f,
    0xbf, 0xe0, 0x0, 0x7c, 0xcc, 0xcf, 0xe1, 0x0,
    0x0, 0x0, 0x1b, 0xff, 0xec, 0xc7, 0xdf, 0xff,
    0xff, 0xa0, 0x0, 0x0, 0x0, 0xb, 0xff, 0xff,
    0xfd, 0x25, 0x5d, 0xfd, 0xf8, 0x0, 0x0, 0x0,
    0x4f, 0xf6, 0x55, 0x52, 0x0, 0x3f, 0xff, 0xff,
    0x0, 0x0, 0x0, 0xdf, 0x90, 0x0, 0x0, 0x0,
    0xbf, 0xb3, 0xff, 0xd0, 0x0, 0x5, 0xed, 0x10,
    0x0, 0x0, 0x0, 0x9f, 0x20, 0xff, 0xfb, 0xee,
    0xee, 0xee, 0xee, 0xe7, 0x0, 0x0, 0x17, 0x0,
    0x9f, 0xff, 0xff, 0xff, 0xff, 0xff, 0xe1, 0x0,
    0x0, 0x0, 0x0, 0xff, 0xff, 0x94, 0x4a, 0xfe,
    0x44, 0x20, 0x0, 0x0, 0x0, 0xc, 0xff, 0xff,
    0xf0, 0x1, 0xff, 0x60, 0x0, 0x0, 0x0, 0x0,
    0xf, 0xff, 0x5f, 0xfa, 0x0, 0x7f, 0xe0, 0x0,
    0x0, 0x0, 0x0, 0xf, 0xf1, 0xf, 0xff, 0x0,
    0xb, 0x90, 0x0, 0x0,

    /* U+F314 "" */
    0x0, 0x0, 0x0, 0x0, 0x48, 0xab, 0xa9, 0x73,
    0x4, 0x41, 0x0, 0x0, 0x0, 0x0, 0x1, 0x8e,
    0xff, 0xff, 0xff, 0xff, 0xfe, 0xff, 0xb6, 0x0,
    0x0, 0x0, 0x6e, 0xff, 0xff, 0xff, 0xff, 0xff,
    0xff, 0xfc, 0x97, 0x80, 0x0, 0xa, 0xff, 0xff,
    0xff, 0xff, 0xff, 0xff, 0xff, 0xea, 0xc9, 0xd0,
    0x0, 0x9f, 0xff, 0xff, 0xff, 0xff, 0xff, 0xff,
    0xff, 0x79, 0x9b, 0xb0, 0x4, 0xff, 0xee, 0xff,
    0xff, 0xff, 0xff, 0xff, 0xff, 0xfc, 0x66, 0x90,
    0xb, 0xf4, 0x56, 0x4d, 0xff, 0xff, 0xff, 0xff,
    0xec, 0xcc, 0xb7, 0x10, 0xf, 0x87, 0xee, 0xd2,
    0xef, 0xb2, 0x3a, 0xff, 0x30, 0x0, 0x0, 0x0,
    0xf, 0x6b, 0x72, 0xc7, 0x6f, 0x30, 0x0, 0x8f,
    0x40, 0x0, 0x0, 0x0, 0xc, 0xc4, 0xc7, 0xa9,
    0x7, 0x10, 0x0, 0x6, 0x82, 0x0, 0x0, 0x0,
    0x3, 0xfc, 0x79, 0xf3, 0x0, 0x0, 0x0, 0x0,
    0x0, 0x0, 0x0, 0x0, 0x0, 0x29, 0xcb, 0x40,
    0x0, 0x0, 0x0, 0x0, 0x0, 0x0, 0x0, 0x0,

    /* U+F315 "" */
    0x0, 0x0, 0x0, 0x0, 0x0, 0x0, 0x0, 0x0,
    0x0, 0x0, 0x4, 0x8a, 0xaa, 0x82, 0x1, 0x7a,
    0xa9, 0x95, 0x0, 0x2, 0xb1, 0x0, 0x2, 0xa2,
    0xb3, 0x0, 0x0, 0x85, 0x0, 0x1a, 0x0, 0x20,
    0x1, 0xd5, 0x0, 0x21, 0x6, 0x40, 0x0, 0xb0,
    0x0, 0x53, 0xf, 0x32, 0x61, 0x0, 0xa1, 0x0,
    0x5, 0x80, 0x0, 0x4d, 0xfe, 0x70, 0x0, 0x49,
    0x0, 0x0, 0x7, 0x70, 0x7, 0xff, 0xfa, 0x0,
    0x59, 0x0, 0x0, 0x0, 0xc, 0xba, 0xf7, 0x47,
    0xec, 0xce, 0x10, 0x0, 0x0, 0xa, 0x40, 0x86,
    0x0, 0x4, 0x60, 0x5d, 0x0, 0x0, 0x2, 0x80,
    0x9f, 0xd4, 0x12, 0xaf, 0x70, 0x96, 0x0, 0x0,
    0x58, 0xbb, 0x33, 0xbf, 0xc1, 0x17, 0xa9, 0x90,
    0x0, 0x2b, 0xdd, 0x0, 0x1, 0xf3, 0x0, 0x9,
    0xbd, 0x40, 0xa, 0x17, 0x70, 0x0, 0xf, 0x20,
    0x0, 0x35, 0x2d, 0x0, 0xa0, 0x77, 0x0, 0x3,
    0xf7, 0x0, 0x4, 0x50, 0xd2, 0x9, 0xb, 0xd1,
    0x2, 0xcb, 0xd6, 0x2, 0xc8, 0xe, 0x10, 0x76,
    0xff, 0xfd, 0xb1, 0x0, 0x9f, 0xfc, 0xa8, 0xb0,
    0x0, 0xf1, 0x1c, 0xf3, 0x0, 0x0, 0xf8, 0x0,
    0xf4, 0x0, 0xa, 0x0, 0xd, 0x20, 0x0, 0xb,
    0x0, 0xe, 0x0, 0x0, 0x64, 0x0, 0x79, 0x0,
    0x6, 0x60, 0x4, 0xa0, 0x0, 0x0, 0xa3, 0x7,
    0xfc, 0x9b, 0xf5, 0x3, 0xc1, 0x0, 0x0, 0x0,
    0x7d, 0xf8, 0x20, 0x26, 0xfe, 0x91, 0x0, 0x0,
    0x0, 0x0, 0x29, 0x80, 0x0, 0x8b, 0x30, 0x0,
    0x0, 0x0, 0x0, 0x0, 0x4, 0xab, 0xc7, 0x0,
    0x0, 0x0, 0x0,

    /* U+F316 "" */
    0x0, 0x0, 0x0, 0x0, 0x57, 0x99, 0x75, 0x0,
    0x0, 0x0, 0x0, 0x0, 0x0, 0x2, 0xaf, 0xff,
    0xff, 0xff, 0xfa, 0x20, 0x0, 0x0, 0x0, 0x0,
    0x7f, 0xff, 0xde, 0xfd, 0xac, 0xff, 0xf7, 0x0,
    0x0, 0x0, 0x9, 0xff, 0xf1, 0x0, 0x1, 0x5b,
    0x6f, 0xff, 0x90, 0x0, 0x0, 0x8f, 0xff, 0xa4,
    0x11, 0x0, 0x33, 0xa, 0xff, 0xf8, 0x0, 0x4,
    0xff, 0xff, 0x66, 0xfb, 0x60, 0x0, 0x3, 0xff,
    0xff, 0x40, 0xd, 0xff, 0xff, 0x50, 0x0, 0x0,
    0x0, 0x0, 0xdf, 0xff, 0xd0, 0x4f, 0xb2, 0x3,
    0xe5, 0x0, 0x0, 0x0, 0x0, 0x7f, 0xff, 0xf4,
    0x9f, 0x40, 0x0, 0xcf, 0xfc, 0x80, 0x0, 0x0,
    0x69, 0xef, 0xf9, 0xdf, 0xb0, 0x0, 0x6, 0xdf,
    0xf8, 0x0, 0x0, 0x30, 0xa, 0xfd, 0xef, 0xfb,
    0x10, 0x0, 0x2, 0x78, 0x0, 0x0, 0x0, 0x2,
    0xfe, 0xff, 0xff, 0xe6, 0x0, 0x0, 0x0, 0x0,
    0x0, 0x0, 0x3, 0xff, 0xef, 0xff, 0xe6, 0x95,
    0x0, 0x0, 0x0, 0x0, 0x0, 0xb, 0xfe, 0xcf,
    0xff, 0xc0, 0x19, 0xd9, 0x40, 0x0, 0x0, 0x5,
    0xdf, 0xfc, 0x7d, 0xa6, 0xc6, 0x0, 0x3e, 0xff,
    0xdc, 0xbd, 0xff, 0xff, 0xf8, 0x0, 0x0, 0x6,
    0x0, 0x0, 0x21, 0x1, 0x3, 0xff, 0xff, 0xf2,
    0x0, 0x0, 0x0, 0x0, 0x0, 0x3, 0x73, 0x5,
    0xff, 0xff, 0xa1, 0x0, 0x0, 0x0, 0x0, 0x0,
    0x0, 0x20, 0xb, 0xe5, 0x33, 0x10, 0x0, 0x0,
    0x0, 0x0, 0x0, 0x0, 0x0, 0x6a, 0x20, 0x0,
    0x0, 0x0, 0x0, 0x0, 0x0, 0x0, 0x0, 0x0,
    0x70, 0x0, 0x0, 0x0,

    /* U+F317 "" */
    0x0, 0x0, 0x0, 0x0, 0x59, 0xce, 0xec, 0x95,
    0x0, 0x0, 0x0, 0x0, 0x0, 0x0, 0x0, 0x6e,
    0xff, 0xff, 0xff, 0xff, 0xe6, 0x0, 0x0, 0x0,
    0x0, 0x0, 0xb, 0xff, 0xff, 0xff, 0xff, 0xff,
    0xff, 0xb1, 0x0, 0x0, 0x0, 0x1, 0xdf, 0xff,
    0xff, 0xfb, 0xcf, 0xff, 0xff, 0xfd, 0x10, 0x0,
    0x0, 0xb, 0xff, 0xff, 0xff, 0xf7, 0x9f, 0xff,
    0xff, 0xff, 0xc0, 0x0, 0x0, 0x7f, 0xff, 0xff,
    0xff, 0xf9, 0xbf, 0xff, 0xff, 0xff, 0xf7, 0x0,
    0x0, 0xef, 0xff, 0xff, 0xff, 0xfa, 0xbf, 0xff,
    0xff, 0xff, 0xff, 0x10, 0x6, 0xff, 0xff, 0xff,
    0xff, 0xf0, 0x1f, 0xff, 0xff, 0xff, 0xff, 0x60,
    0xa, 0xff, 0xff, 0xff, 0xff, 0xc0, 0xe, 0xff,
    0xff, 0xff, 0xff, 0xb0, 0xd, 0xff, 0xff, 0xff,
    0xff, 0xa0, 0xc, 0xff, 0xff, 0xff, 0xff, 0xd0,
    0xe, 0xff, 0xff, 0xff, 0xff, 0x90, 0xc, 0xff,
    0xff, 0xff, 0xff, 0xf0, 0xf, 0xff, 0xff, 0xff,
    0xff, 0x80, 0xc, 0xff, 0xff, 0xfb, 0x8f, 0xf0,
    0xd, 0xf7, 0xdf, 0xff, 0xff, 0x80, 0xd, 0xff,
    0xff, 0xe0, 0x9f, 0xe0, 0xb, 0xfb, 0x7b, 0xbf,
    0xff, 0x80, 0xe, 0xff, 0x80, 0x5f, 0xff, 0xb0,
    0x6, 0xff, 0xd0, 0x1, 0x8f, 0x70, 0x8, 0xb3,
    0x0, 0xcf, 0xff, 0x70, 0x1, 0xff, 0xf9, 0x10,
    0x0, 0x0, 0x0, 0x0, 0xa, 0xff, 0xff, 0x10,
    0x0, 0x8f, 0xff, 0xe3, 0x0, 0x0, 0x0, 0x4,
    0xdf, 0xff, 0xf9, 0x0, 0x0, 0xd, 0xff, 0xff,
    0x70, 0x0, 0x1, 0xbf, 0xff, 0xff, 0xd0, 0x0,
    0x0, 0x2, 0xef, 0xff, 0xfd, 0x74, 0x7e, 0xff,
    0xff, 0xfe, 0x20, 0x0, 0x0, 0x0, 0x2d, 0xff,
    0xff, 0xff, 0xff, 0xff, 0xff, 0xd2, 0x0, 0x0,
    0x0, 0x0, 0x0, 0x9f, 0xff, 0xff, 0xff, 0xff,
    0xf9, 0x10, 0x0, 0x0, 0x0, 0x0, 0x0, 0x1,
    0x7c, 0xff, 0xfe, 0xc7, 0x20, 0x0, 0x0, 0x0,
    0x0, 0x0, 0x0, 0x0, 0x0, 0x0, 0x0, 0x0,
    0x0, 0x0, 0x0, 0x0,

    /* U+F318 "" */
    0x0, 0x0, 0x0, 0x5, 0x9c, 0xde, 0xc9, 0x50,
    0x0, 0x0, 0x0, 0x0, 0x0, 0x6, 0xef, 0xff,
    0xff, 0xff, 0xfe, 0x60, 0x0, 0x0, 0x0, 0x1,
    0xbf, 0xff, 0xff, 0xff, 0xff, 0xff, 0xfb, 0x10,
    0x0, 0x0, 0x1d, 0xff, 0xff, 0xff, 0xff, 0xff,
    0xff, 0xff, 0xd1, 0x0, 0x0, 0xbf, 0xff, 0xfb,
    0x52, 0x12, 0x63, 0x5f, 0xff, 0xfb, 0x0, 0x7,
    0xff, 0xff, 0x60, 0x1, 0x20, 0x0, 0xf, 0xff,
    0xff, 0x70, 0x1e, 0xff, 0xfc, 0x0, 0x9f, 0xff,
    0x90, 0xf, 0xff, 0xff, 0xe0, 0x6f, 0xff, 0xfa,
    0x2, 0xff, 0xff, 0xf6, 0x6f, 0xff, 0xff, 0xf6,
    0xaf, 0xff, 0xfd, 0x0, 0x6c, 0xef, 0xff, 0xff,
    0xff, 0xff, 0xfa, 0xdf, 0xff, 0xff, 0xa1, 0x0,
    0x0, 0x27, 0xef, 0xff, 0xff, 0xfd, 0xff, 0xff,
    0xff, 0xff, 0xa8, 0x65, 0x10, 0x2f, 0xff, 0xff,
    0xff, 0xff, 0xff, 0xfa, 0x5e, 0xff, 0xff, 0xe1,
    0xa, 0xff, 0xff, 0xff, 0xdf, 0xff, 0xf5, 0x8,
    0xff, 0xff, 0xf2, 0x9, 0xff, 0xff, 0xfd, 0xbf,
    0xf2, 0xf5, 0x0, 0x7c, 0xdb, 0x40, 0xd, 0xff,
    0xff, 0xfb, 0x7f, 0xf1, 0xf6, 0x0, 0x0, 0x0,
    0x3, 0xcf, 0xff, 0xff, 0xf6, 0x1f, 0xf2, 0xfe,
    0x9e, 0xda, 0x9a, 0xdf, 0xff, 0xff, 0xff, 0xf1,
    0x8, 0xf2, 0x12, 0x22, 0x22, 0x22, 0x22, 0x22,
    0x27, 0xff, 0x80, 0x0, 0xdf, 0xff, 0xff, 0xff,
    0xff, 0xff, 0xff, 0xff, 0xfd, 0x0, 0x0, 0x2e,
    0xff, 0xff, 0xff, 0xff, 0xff, 0xff, 0xff, 0xe2,
    0x0, 0x0, 0x2, 0xdf, 0xff, 0xff, 0xff, 0xff,
    0xff, 0xfd, 0x20, 0x0, 0x0, 0x0, 0x19, 0xff,
    0xff, 0xff, 0xff, 0xff, 0x91, 0x0, 0x0, 0x0,
    0x0, 0x0, 0x27, 0xcf, 0xff, 0xfc, 0x72, 0x0,
    0x0, 0x0, 0x0, 0x0, 0x0, 0x0, 0x0, 0x0,
    0x0, 0x0, 0x0, 0x0, 0x0,

    /* U+F319 "" */
    0x0, 0x0, 0x0, 0x5, 0x9a, 0xaa, 0xa9, 0x50,
    0x0, 0x0, 0x0, 0x0, 0x0, 0x6, 0xa5, 0x0,
    0x0, 0x0, 0x5a, 0x60, 0x0, 0x0, 0x0, 0x1,
    0xa4, 0x0, 0x0, 0x0, 0x0, 0x0, 0x4a, 0x10,
    0x0, 0x0, 0x1a, 0x10, 0x0, 0x0, 0x0, 0x0,
    0x0, 0x2, 0xa1, 0x0, 0x0, 0xa1, 0x0, 0x6,
    0xbe, 0xed, 0xac, 0xa0, 0x0, 0x1a, 0x0, 0x7,
    0x30, 0x0, 0xcf, 0xfc, 0xbd, 0xff, 0xf0, 0x0,
    0x4, 0x70, 0x19, 0x0, 0x6, 0xfe, 0x20, 0x0,
    0x6f, 0xf0, 0x0, 0x0, 0x91, 0x63, 0x0, 0x9,
    0xfa, 0x0, 0x0, 0x9, 0x90, 0x0, 0x0, 0x36,
    0x90, 0x0, 0x6, 0xff, 0x73, 0x10, 0x0, 0x0,
    0x0, 0x0, 0x9, 0x90, 0x0, 0x0, 0x9f, 0xff,
    0xff, 0xd7, 0x0, 0x0, 0x0, 0x9, 0x90, 0x0,
    0x0, 0x2, 0x79, 0xbc, 0xff, 0xc0, 0x0, 0x0,
    0x9, 0x90, 0x0, 0x8, 0xa0, 0x0, 0x0, 0x2f,
    0xf3, 0x0, 0x0, 0x9, 0x90, 0x0, 0xe, 0xf5,
    0x0, 0x0, 0xe, 0xf4, 0x0, 0x0, 0x9, 0x90,
    0xe, 0xe, 0xff, 0x84, 0x35, 0xcf, 0xe0, 0x0,
    0x0, 0x9, 0x63, 0xe, 0xc, 0xff, 0xff, 0xff,
    0xfb, 0x20, 0x0, 0x0, 0x36, 0x19, 0xe, 0x2,
    0x60, 0x35, 0x65, 0x20, 0x0, 0x0, 0x0, 0x91,
    0x8, 0x2e, 0xee, 0xee, 0xee, 0xee, 0xee, 0xee,
    0xe8, 0x2, 0x70, 0x0, 0xa1, 0x0, 0x0, 0x0,
    0x0, 0x0, 0x0, 0x0, 0x1a, 0x0, 0x0, 0x1a,
    0x10, 0x0, 0x0, 0x0, 0x0, 0x0, 0x1, 0xa1,
    0x0, 0x0, 0x1, 0xa2, 0x0, 0x0, 0x0, 0x0,
    0x0, 0x2a, 0x10, 0x0, 0x0, 0x0, 0x8, 0x93,
    0x0, 0x0, 0x0, 0x39, 0x70, 0x0, 0x0, 0x0,
    0x0, 0x0, 0x16, 0x99, 0x99, 0x99, 0x61, 0x0,
    0x0, 0x0,

    /* U+F31A "" */
    0x0, 0x0, 0x0, 0x0, 0x5d, 0xea, 0x20, 0x0,
    0x0, 0x0, 0x0, 0x0, 0x0, 0x0, 0x2f, 0xff,
    0xfe, 0x20, 0x0, 0x0, 0x0, 0x0, 0x0, 0x0,
    0x8, 0xff, 0xff, 0xf9, 0x0, 0x0, 0x0, 0x0,
    0x0, 0x0, 0x0, 0x86, 0xe9, 0x4f, 0xd0, 0x0,
    0x0, 0x0, 0x0, 0x0, 0x0, 0x7, 0xaa, 0x8b,
    0xce, 0x0, 0x0, 0x0, 0x0, 0x0, 0x0, 0x0,
    0x83, 0x1, 0x4e, 0xf0, 0x0, 0x0, 0x0, 0x0,
    0x0, 0x0, 0x6, 0x20, 0x23, 0xdf, 0x20, 0x0,
    0x0, 0x0, 0x0, 0x0, 0x0, 0x95, 0x53, 0x37,
    0xfb, 0x0, 0x0, 0x0, 0x0, 0x0, 0x0, 0x4a,
    0x0, 0x0, 0x1f, 0xf5, 0x0, 0x0, 0x0, 0x0,
    0x0, 0x1e, 0x20, 0x0, 0x0, 0xcf, 0xf2, 0x0,
    0x0, 0x0, 0x0, 0xa, 0xe0, 0x0, 0x0, 0x4,
    0xef, 0xc0, 0x0, 0x0, 0x0, 0x0, 0xd5, 0x0,
    0x0, 0x0, 0xb, 0xcf, 0x30, 0x0, 0x0, 0x0,
    0x6c, 0x0, 0x0, 0x0, 0x0, 0x7c, 0xf8, 0x0,
    0x0, 0x0, 0xd, 0x80, 0x0, 0x0, 0x0, 0x5,
    0xcf, 0xa0, 0x0, 0x0, 0x2, 0xe7, 0x0, 0x0,
    0x0, 0x0, 0x6c, 0xfb, 0x0, 0x0, 0x1, 0x40,
    0x63, 0x0, 0x0, 0x0, 0x47, 0xff, 0x91, 0x0,
    0x5, 0x10, 0x0, 0xb4, 0x0, 0x0, 0x5, 0x1b,
    0x80, 0x40, 0x0, 0x50, 0x0, 0x2, 0xf1, 0x0,
    0x0, 0x50, 0x0, 0x3, 0x20, 0x5, 0x0, 0x0,
    0x6, 0x0, 0x0, 0x77, 0x0, 0x0, 0x5, 0x0,
    0x50, 0x0, 0x0, 0x9, 0x67, 0xcf, 0x50, 0x0,
    0x5, 0x30, 0x5, 0x64, 0x0, 0x0, 0x97, 0x89,
    0xc4, 0x0, 0x35, 0x0, 0x0, 0x0, 0x26, 0x65,
    0x62, 0x0, 0x0, 0x54, 0x53, 0x0, 0x0, 0x0,
    0x0, 0x0, 0x0, 0x0, 0x0, 0x0, 0x0, 0x0,
    0x0, 0x0,

    /* U+F31B "" */
    0x0, 0x0, 0x0, 0x0, 0x2, 0x32, 0x2, 0x77,
    0x10, 0x0, 0x0, 0x0, 0x0, 0x0, 0x2a, 0xff,
    0xf3, 0x4f, 0xff, 0xf2, 0x0, 0x0, 0x0, 0x0,
    0x8, 0xff, 0xff, 0xd0, 0xcf, 0xff, 0xfb, 0x0,
    0x0, 0x0, 0x0, 0xbf, 0xfe, 0x94, 0x20, 0xef,
    0xff, 0xfd, 0x0, 0x0, 0x0, 0x9, 0xff, 0xb1,
    0x0, 0x0, 0xaf, 0xff, 0xf9, 0x0, 0x0, 0x0,
    0x19, 0xeb, 0x0, 0x0, 0x0, 0x1c, 0xff, 0xb0,
    0x62, 0x0, 0x0, 0x11, 0x0, 0x0, 0x0, 0x0,
    0x0, 0x22, 0x4, 0xfa, 0x0, 0x1b, 0xff, 0xa0,
    0x0, 0x0, 0x0, 0x0, 0x0, 0x8, 0xff, 0x0,
    0xaf, 0xff, 0xf8, 0x0, 0x0, 0x0, 0x0, 0x0,
    0x2, 0xff, 0x40, 0xff, 0xff, 0xfc, 0x0, 0x0,
    0x0, 0x0, 0x0, 0x0, 0xff, 0x60, 0xdf, 0xff,
    0xfb, 0x0, 0x0, 0x0, 0x0, 0x0, 0x0, 0xff,
    0x60, 0x5f, 0xff, 0xf3, 0x0, 0x0, 0x0, 0x0,
    0x0, 0x1, 0xff, 0x50, 0x3, 0x99, 0x20, 0x0,
    0x0, 0x0, 0x0, 0x0, 0x6, 0xff, 0x20, 0x0,
    0x34, 0x60, 0x0, 0x0, 0x0, 0x0, 0x0, 0xd,
    0xfc, 0x0, 0x0, 0x6f, 0xf5, 0x0, 0x0, 0x0,
    0x3b, 0xd9, 0x6, 0xf5, 0x0, 0x0, 0xd, 0xff,
    0x40, 0x0, 0x2, 0xff, 0xff, 0xb0, 0x80, 0x0,
    0x0, 0x1, 0xef, 0xfa, 0x30, 0x8, 0xff, 0xff,
    0xf2, 0x0, 0x0, 0x0, 0x0, 0x2d, 0xff, 0xff,
    0x28, 0xff, 0xff, 0xf2, 0x0, 0x0, 0x0, 0x0,
    0x0, 0x7e, 0xff, 0x63, 0xff, 0xff, 0xc0, 0x0,
    0x0, 0x0, 0x0, 0x0, 0x0, 0x47, 0x70, 0x4c,
    0xea, 0x10, 0x0, 0x0,

    /* U+F31C "" */
    0x0, 0x0, 0x0, 0x5, 0xac, 0xee, 0xca, 0x50,
    0x0, 0x0, 0x0, 0x0, 0x0, 0x7, 0xef, 0xff,
    0xff, 0xff, 0xfe, 0x60, 0x0, 0x0, 0x0, 0x1,
    0xcf, 0xff, 0xff, 0xff, 0xff, 0xef, 0xfb, 0x10,
    0x0, 0x0, 0x1d, 0xff, 0xfd, 0x74, 0x2d, 0xb0,
    0x4, 0xff, 0xd1, 0x0, 0x0, 0xcf, 0xff, 0x70,
    0x0, 0x2f, 0x0, 0x0, 0x7f, 0xfc, 0x0, 0x7,
    0xff, 0xf4, 0x0, 0x5b, 0xdd, 0x0, 0x0, 0x5f,
    0xff, 0x70, 0x1f, 0xff, 0x60, 0x1c, 0xff, 0xff,
    0x20, 0x0, 0x9f, 0xff, 0xe1, 0x6f, 0xff, 0xb6,
    0xcf, 0xff, 0xff, 0xd5, 0x38, 0xf4, 0xff, 0xf6,
    0xbf, 0xe7, 0x6d, 0xff, 0xff, 0xff, 0xff, 0xff,
    0x50, 0xaf, 0xfa, 0xdf, 0x10, 0x0, 0xdf, 0xff,
    0xff, 0xff, 0xff, 0x80, 0x5f, 0xfd, 0xfa, 0x0,
    0x0, 0x8f, 0xff, 0xff, 0xff, 0xff, 0xc0, 0x3f,
    0xff, 0xfc, 0x0, 0x0, 0xaf, 0xff, 0xff, 0xff,
    0xff, 0xd0, 0x2f, 0xff, 0xdf, 0x60, 0x4, 0xff,
    0xff, 0xff, 0xff, 0xff, 0xa0, 0x4f, 0xfd, 0xbf,
    0xfe, 0xdf, 0xff, 0xff, 0xff, 0xff, 0xff, 0x50,
    0x8f, 0xfb, 0x7f, 0xfb, 0x32, 0xff, 0xff, 0xff,
    0xea, 0xcf, 0x20, 0xef, 0xf6, 0x1f, 0xff, 0x20,
    0x4f, 0xff, 0xfd, 0x10, 0x7, 0xd7, 0xff, 0xf1,
    0x8, 0xff, 0xd1, 0x2, 0xaf, 0xf5, 0x0, 0x0,
    0xff, 0xff, 0x80, 0x1, 0xdf, 0xfd, 0x30, 0x0,
    0xc5, 0x0, 0x0, 0xff, 0xfd, 0x0, 0x0, 0x2e,
    0xff, 0xfa, 0x40, 0x6c, 0x0, 0x7, 0xff, 0xe2,
    0x0, 0x0, 0x2, 0xdf, 0xff, 0xff, 0xef, 0xea,
    0xcf, 0xfd, 0x20, 0x0, 0x0, 0x0, 0x19, 0xff,
    0xff, 0xff, 0xff, 0xff, 0x91, 0x0, 0x0, 0x0,
    0x0, 0x0, 0x28, 0xcf, 0xff, 0xfc, 0x82, 0x0,
    0x0, 0x0, 0x0, 0x0, 0x0, 0x0, 0x0, 0x0,
    0x0, 0x0, 0x0, 0x0, 0x0,

    /* U+F31D "" */
    0x0, 0x0, 0x2, 0xa8, 0x0, 0x0, 0x0, 0x0,
    0x0, 0x0, 0x0, 0x0, 0x0, 0x0, 0xb, 0xff,
    0x77, 0x50, 0x1, 0x75, 0x2d, 0xe4, 0x0, 0x0,
    0x0, 0x0, 0xa, 0xff, 0xaf, 0xf1, 0x2e, 0xff,
    0xaf, 0xfc, 0x0, 0x0, 0x0, 0x0, 0x3, 0xba,
    0xef, 0x80, 0xcf, 0xff, 0xaf, 0xf8, 0x0, 0x0,
    0x0, 0x0, 0x4f, 0xff, 0xff, 0x24, 0xf9, 0x3c,
    0xfb, 0xa1, 0x0, 0x0, 0x0, 0x0, 0x6f, 0xf5,
    0x12, 0x8, 0xe0, 0x3, 0xff, 0xf8, 0x0, 0x0,
    0x0, 0x0, 0x2f, 0xf0, 0x0, 0x9, 0xa0, 0x0,
    0xbb, 0xd7, 0x0, 0x0, 0x0, 0x0, 0x9, 0xf7,
    0x0, 0x8, 0x70, 0x0, 0x0, 0x0, 0x0, 0x0,
    0x0, 0x0, 0x81, 0x9f, 0xa2, 0x4, 0x60, 0x6,
    0xac, 0xa5, 0x0, 0x0, 0x0, 0x9, 0xfa, 0x3,
    0x9c, 0x80, 0x24, 0xba, 0xab, 0xff, 0xc0, 0x0,
    0x1, 0x68, 0xff, 0xa0, 0x0, 0x0, 0x0, 0x0,
    0x0, 0x3f, 0xf8, 0x0, 0xb, 0xff, 0xcf, 0x70,
    0x0, 0x4, 0x7, 0x0, 0x0, 0x2f, 0xf8, 0x0,
    0xe, 0xff, 0xbf, 0x10, 0x0, 0xa4, 0x5, 0xa0,
    0x5, 0xef, 0x87, 0x10, 0x5, 0xda, 0xef, 0x30,
    0x4d, 0xb0, 0x0, 0xe5, 0xe, 0xfa, 0xff, 0xd0,
    0x0, 0x3, 0xff, 0xff, 0xfb, 0x0, 0x0, 0xac,
    0xa, 0xfb, 0xff, 0xe0, 0x0, 0x0, 0x8d, 0xdb,
    0x50, 0x34, 0x0, 0x8f, 0x9, 0xf8, 0x8c, 0x40,
    0x0, 0x0, 0x0, 0x0, 0x39, 0xff, 0x62, 0xdf,
    0x1, 0x30, 0x0, 0x0, 0x0, 0x0, 0x0, 0x0,
    0xaf, 0xff, 0xff, 0xfd, 0x0, 0x0, 0x0, 0x0,
    0x0, 0x0, 0x0, 0x0, 0x29, 0x67, 0x8f, 0xf7,
    0x0, 0x0, 0x0, 0x0, 0x0, 0x0, 0x0, 0x0,
    0x0, 0xef, 0xe4, 0x40, 0x0, 0x0, 0x0, 0x0,
    0x0, 0x0, 0x0, 0x0, 0x1, 0xff, 0xf1, 0x0,
    0x0, 0x0, 0x0, 0x0, 0x0, 0x0, 0x0, 0x0,
    0x0, 0x7c, 0x60, 0x0, 0x0, 0x0, 0x0, 0x0,

    /* U+F31E "" */
    0x0, 0x0, 0x0, 0x0, 0x0, 0x23, 0x0, 0x0,
    0x0, 0x0, 0x0, 0x0, 0x0, 0x0, 0x0, 0x0,
    0x89, 0x0, 0x0, 0x0, 0x0, 0x0, 0x0, 0x0,
    0x0, 0x0, 0x0, 0xef, 0x10, 0x0, 0x0, 0x0,
    0x0, 0x0, 0x0, 0x0, 0x0, 0x6, 0xff, 0x70,
    0x0, 0x0, 0x0, 0x0, 0x0, 0x0, 0x0, 0x0,
    0xd, 0xff, 0xe0, 0x0, 0x0, 0x0, 0x0, 0x0,
    0x0, 0x0, 0x0, 0x4f, 0xff, 0xf6, 0x0, 0x0,
    0x0, 0x0, 0x0, 0x0, 0x0, 0x0, 0xcf, 0xff,
    0xfd, 0x0, 0x0, 0x0, 0x0, 0x0, 0x0, 0x0,
    0x4, 0xff, 0xb3, 0xff, 0x50, 0x0, 0x0, 0x0,
    0x0, 0x0, 0x0, 0xb, 0xfb, 0x0, 0xef, 0xd0,
    0x0, 0x0, 0x0, 0x0, 0x0, 0x0, 0x3f, 0xd0,
    0x15, 0x7f, 0xf5, 0x0, 0x0, 0x0, 0x0, 0x0,
    0x0, 0xbf, 0x61, 0xeb, 0xe, 0xfd, 0x0, 0x0,
    0x0, 0x0, 0x0, 0x3, 0xff, 0xa, 0xff, 0x26,
    0xff, 0x50, 0x0, 0x0, 0x0, 0x0, 0xc, 0xfd,
    0x1f, 0xff, 0xa0, 0xdf, 0xd0, 0x0, 0x0, 0x0,
    0x0, 0x4f, 0xfa, 0x4f, 0xbf, 0xf3, 0x7f, 0xf5,
    0x0, 0x0, 0x0, 0x0, 0xcf, 0xfb, 0x4d, 0x8,
    0xf8, 0x3f, 0xfd, 0x0, 0x0, 0x0, 0x5, 0xff,
    0xfd, 0x28, 0x4, 0xfb, 0x2f, 0xff, 0x60, 0x0,
    0x0, 0xd, 0xff, 0xff, 0x14, 0x2, 0xf8, 0x3f,
    0xff, 0xe0, 0x0, 0x0, 0x6f, 0xff, 0xff, 0x61,
    0x2, 0xf3, 0x7f, 0xff, 0xf7, 0x0, 0x0, 0xef,
    0xff, 0xea, 0x40, 0x4, 0xa0, 0x7e, 0xff, 0xff,
    0x10, 0x8, 0xff, 0xb5, 0x0, 0x0, 0x6, 0x10,
    0x0, 0x5b, 0xff, 0x90, 0x2f, 0xb3, 0x0, 0x0,
    0x0, 0x2, 0x0, 0x0, 0x0, 0x3b, 0xf2, 0x74,
    0x0, 0x0, 0x0, 0x0, 0x0, 0x0, 0x0, 0x0,
    0x0, 0x37, 0x0, 0x0, 0x0, 0x0, 0x0, 0x0,
    0x0, 0x0, 0x0, 0x0, 0x0,

    /* U+F31F "" */
    0x0, 0x0, 0x0, 0x0, 0x0, 0x60, 0x0, 0x0,
    0x0, 0x0, 0x0, 0x0, 0x0, 0x0, 0x0, 0x0,
    0xe6, 0x0, 0x0, 0x0, 0x0, 0x0, 0x0, 0x0,
    0x0, 0x0, 0x7, 0xfe, 0x0, 0x0, 0x0, 0x0,
    0x0, 0x0, 0x0, 0x0, 0x0, 0xe, 0xff, 0x60,
    0x0, 0x0, 0x0, 0x0, 0x0, 0x0, 0x0, 0x0,
    0x6f, 0xff, 0xd0, 0x0, 0x0, 0x0, 0x0, 0x0,
    0x0, 0x0, 0x0, 0xef, 0xff, 0xf6, 0x0, 0x0,
    0x0, 0x0, 0x0, 0x0, 0x0, 0x6, 0xff, 0xff,
    0xfd, 0x0, 0x0, 0x0, 0x0, 0x0, 0x0, 0x0,
    0xd, 0xff, 0xff, 0xff, 0x50, 0x0, 0x0, 0x0,
    0x0, 0x0, 0x0, 0x3, 0xbf, 0xff, 0xff, 0xd0,
    0x0, 0x0, 0x0, 0x0, 0x0, 0x0, 0x0, 0x4,
    0xdf, 0xff, 0xf5, 0x0, 0x0, 0x0, 0x0, 0x0,
    0x5, 0x82, 0x0, 0x6, 0xef, 0xfd, 0x0, 0x0,
    0x0, 0x0, 0x0, 0xd, 0xff, 0xb4, 0x0, 0x8,
    0xff, 0x40, 0x0, 0x0, 0x0, 0x0, 0x5f, 0xff,
    0xff, 0xd7, 0x10, 0x1a, 0xc0, 0x0, 0x0, 0x0,
    0x0, 0xcf, 0xff, 0xff, 0xff, 0xf9, 0x20, 0x31,
    0x0, 0x0, 0x0, 0x4, 0xff, 0xff, 0xff, 0xff,
    0xff, 0xfc, 0x50, 0x0, 0x0, 0x0, 0xc, 0xff,
    0xff, 0xff, 0xff, 0xff, 0xfa, 0x40, 0x0, 0x0,
    0x0, 0x4f, 0xff, 0xff, 0xff, 0xff, 0xe7, 0x10,
    0x6, 0xa0, 0x0, 0x0, 0xcf, 0xff, 0xff, 0xff,
    0xb5, 0x0, 0x4, 0xdf, 0xf3, 0x0, 0x4, 0xff,
    0xff, 0xfe, 0x92, 0x0, 0x2, 0xbf, 0xff, 0xfb,
    0x0, 0xb, 0xff, 0xfc, 0x60, 0x0, 0x0, 0x3,
    0x9f, 0xff, 0xff, 0x30, 0x3f, 0xfa, 0x30, 0x0,
    0x0, 0x0, 0x0, 0x0, 0x5a, 0xff, 0xa0, 0x97,
    0x10, 0x0, 0x0, 0x0, 0x0, 0x0, 0x0, 0x0,
    0x16, 0xb2, 0x0, 0x0, 0x0, 0x0, 0x0, 0x0,
    0x0, 0x0, 0x0, 0x0, 0x0,

    /* U+F320 "" */
    0x0, 0x0, 0x0, 0x5, 0xac, 0xee, 0xc9, 0x40,
    0x0, 0x0, 0x0, 0x0, 0x0, 0x7, 0xef, 0xff,
    0xff, 0xff, 0xfe, 0x60, 0x0, 0x0, 0x0, 0x1,
    0xbf, 0xff, 0xff, 0xff, 0xff, 0xff, 0xfb, 0x10,
    0x0, 0x0, 0x1d, 0xff, 0xff, 0xff, 0xff, 0xff,
    0xff, 0xff, 0xc0, 0x0, 0x0, 0xcf, 0xff, 0xff,
    0xff, 0xff, 0xff, 0xff, 0xff, 0xfb, 0x0, 0x6,
    0xff, 0xff, 0xff, 0xff, 0xff, 0xfe, 0xff, 0xff,
    0xff, 0x50, 0xe, 0xff, 0xff, 0xff, 0xff, 0xd4,
    0x0, 0x4, 0xcf, 0xff, 0xe0, 0x5f, 0xff, 0xff,
    0xff, 0xfd, 0x10, 0x0, 0x0, 0xa, 0xff, 0xf4,
    0xaf, 0xff, 0xff, 0xff, 0xe1, 0x0, 0x0, 0x34,
    0x1, 0xff, 0xf9, 0xdf, 0xfc, 0xff, 0xff, 0x30,
    0x0, 0x0, 0x58, 0x0, 0xbf, 0xfc, 0xff, 0xf5,
    0x8f, 0xf5, 0x3, 0x20, 0x0, 0x0, 0x0, 0x4e,
    0xfe, 0xff, 0xf6, 0x0, 0x0, 0x7f, 0xf2, 0x0,
    0x0, 0x0, 0x9f, 0xfe, 0xdf, 0xf8, 0x0, 0x3a,
    0xff, 0xf3, 0x0, 0x0, 0x0, 0xcf, 0xfd, 0xbf,
    0xfe, 0x0, 0x15, 0x89, 0x50, 0x0, 0x0, 0x2,
    0xff, 0xfa, 0x6f, 0xff, 0x70, 0x0, 0x0, 0x0,
    0x0, 0x0, 0xa, 0xff, 0xf5, 0xf, 0xff, 0xf5,
    0x0, 0x0, 0x0, 0x0, 0x0, 0x7f, 0xff, 0xf1,
    0x8, 0xff, 0xff, 0x91, 0x0, 0x0, 0x0, 0x2a,
    0xff, 0xff, 0x80, 0x0, 0xdf, 0xff, 0xff, 0xb7,
    0x55, 0x8c, 0xff, 0xff, 0xfd, 0x0, 0x0, 0x2e,
    0xff, 0xff, 0xff, 0xff, 0xff, 0xff, 0xff, 0xe2,
    0x0, 0x0, 0x2, 0xdf, 0xff, 0xff, 0xff, 0xff,
    0xff, 0xfd, 0x20, 0x0, 0x0, 0x0, 0x9, 0xff,
    0xff, 0xff, 0xff, 0xff, 0x80, 0x0, 0x0, 0x0,
    0x0, 0x0, 0x28, 0xcf, 0xff, 0xec, 0x71, 0x0,
    0x0, 0x0, 0x0, 0x0, 0x0, 0x0, 0x0, 0x10,
    0x0, 0x0, 0x0, 0x0, 0x0,

    /* U+F321 "" */
    0x0, 0x0, 0x0, 0x0, 0x0, 0x0, 0x0, 0x0,
    0x0, 0x0, 0x0, 0x0, 0x0, 0x0, 0x0, 0x0,
    0x49, 0xce, 0xec, 0x95, 0x0, 0x0, 0x0, 0x0,
    0x0, 0x0, 0x0, 0x5d, 0xff, 0xff, 0xff, 0x9d,
    0xe7, 0x0, 0x0, 0x0, 0x0, 0x0, 0xb, 0xff,
    0xff, 0xff, 0xf4, 0x0, 0x4c, 0xc1, 0x0, 0x0,
    0x0, 0x1, 0xda, 0x5f, 0xff, 0xff, 0x40, 0x0,
    0x0, 0xbd, 0x10, 0x0, 0x0, 0xb, 0xa0, 0x5f,
    0xff, 0xf8, 0x0, 0x0, 0x5c, 0xff, 0xc0, 0x0,
    0x0, 0x7d, 0x0, 0x6f, 0xff, 0xd0, 0x0, 0x6e,
    0xff, 0xff, 0xf8, 0x0, 0x0, 0xe4, 0x0, 0x6f,
    0xff, 0x50, 0x4a, 0xb7, 0x56, 0x9d, 0xff, 0x10,
    0x6, 0xd0, 0x0, 0x5f, 0xfe, 0x4, 0xc2, 0xf2,
    0x40, 0x0, 0x2d, 0x70, 0xa, 0x70, 0x0, 0x2f,
    0xf9, 0x1c, 0x2c, 0x86, 0x61, 0x0, 0x7, 0xb0,
    0xd, 0x40, 0x0, 0xe, 0xf8, 0x43, 0xcd, 0xc,
    0x36, 0x0, 0x3, 0xe0, 0xe, 0x30, 0x0, 0x8,
    0xfa, 0x5f, 0xc1, 0x5a, 0x3a, 0x0, 0x2, 0xf0,
    0xf, 0x30, 0x0, 0x0, 0xee, 0x12, 0x3, 0xe3,
    0x6c, 0x0, 0x1, 0xf0, 0xd, 0xb1, 0x0, 0x0,
    0x2e, 0xd8, 0xaf, 0x70, 0xcc, 0x0, 0x3, 0xd0,
    0xb, 0xff, 0x80, 0x0, 0x1, 0x7b, 0xa4, 0x5,
    0xf8, 0x0, 0x6, 0xb0, 0x7, 0xff, 0xff, 0x82,
    0x0, 0x0, 0x0, 0x7f, 0xf1, 0x0, 0xb, 0x60,
    0x1, 0xff, 0xff, 0xff, 0xd9, 0x89, 0xae, 0xff,
    0x90, 0x0, 0x2f, 0x10, 0x0, 0x8f, 0xff, 0xff,
    0xff, 0xff, 0xff, 0xfc, 0x0, 0x0, 0xb9, 0x0,
    0x0, 0xd, 0xff, 0xff, 0xff, 0xff, 0xff, 0x90,
    0x0, 0x7, 0xd0, 0x0, 0x0, 0x2, 0xef, 0xff,
    0xff, 0xff, 0xa3, 0x0, 0x0, 0x7e, 0x20, 0x0,
    0x0, 0x0, 0x2d, 0xfb, 0x87, 0x41, 0x0, 0x0,
    0x2b, 0xe2, 0x0, 0x0, 0x0, 0x0, 0x1, 0x9f,
    0xb6, 0x21, 0x2, 0x5b, 0xf9, 0x10, 0x0, 0x0,
    0x0, 0x0, 0x0, 0x1, 0x7b, 0xef, 0xff, 0xc8,
    0x20, 0x0, 0x0, 0x0, 0x0, 0x0, 0x0, 0x0,
    0x0, 0x0, 0x0, 0x0, 0x0, 0x0, 0x0, 0x0,

    /* U+F322 "" */
    0x0, 0x0, 0x0, 0x0, 0x0, 0x0, 0x0, 0x0,
    0x0, 0x0, 0x0, 0x0, 0x0, 0x0, 0x0, 0x0,
    0x0, 0x5, 0x30, 0x0, 0x0, 0x0, 0x0, 0x0,
    0x0, 0x0, 0x0, 0x0, 0x6, 0xea, 0x30, 0x0,
    0x0, 0x0, 0x0, 0x0, 0x0, 0x0, 0x0, 0x8,
    0xcf, 0xf9, 0x30, 0x0, 0x0, 0x0, 0x0, 0x0,
    0x0, 0x0, 0x8, 0xaf, 0xff, 0xda, 0x10, 0x0,
    0x0, 0x0, 0x0, 0x0, 0x0, 0x5, 0xbe, 0xff,
    0xff, 0xac, 0x0, 0x0, 0x0, 0x0, 0x0, 0x0,
    0x3, 0xeb, 0xff, 0xff, 0xff, 0xaa, 0x0, 0x0,
    0x0, 0x0, 0x0, 0x2, 0xea, 0xff, 0xff, 0xff,
    0xfc, 0xd6, 0x0, 0x0, 0x0, 0x0, 0x1, 0xdc,
    0xdf, 0xff, 0xff, 0xff, 0xfa, 0xf2, 0x0, 0x0,
    0x0, 0x0, 0xbf, 0xaf, 0xff, 0xff, 0xff, 0xff,
    0xdc, 0xc0, 0x0, 0x0, 0x0, 0x9f, 0xaf, 0xff,
    0xff, 0xff, 0xff, 0xff, 0xaf, 0x60, 0x0, 0x0,
    0x6f, 0xdc, 0xff, 0xff, 0xff, 0xff, 0xff, 0xfb,
    0xfe, 0x0, 0x0, 0x4f, 0xfa, 0xff, 0xff, 0xff,
    0xff, 0xff, 0xff, 0xfc, 0xf5, 0x0, 0x2e, 0xfb,
    0xef, 0xff, 0xff, 0xff, 0xff, 0xff, 0xff, 0xbf,
    0xa0, 0xd, 0xfe, 0xbf, 0xff, 0xff, 0xff, 0xff,
    0xff, 0xff, 0xfb, 0xfc, 0xa, 0xff, 0xaf, 0xff,
    0xff, 0xff, 0xff, 0xff, 0xff, 0xfa, 0xef, 0xc0,
    0x13, 0x8a, 0xbb, 0xbb, 0xbc, 0xde, 0xef, 0xff,
    0xca, 0xcf, 0xf6, 0x0, 0xd, 0xff, 0xff, 0xff,
    0xfe, 0xcc, 0xbb, 0xbd, 0xff, 0xf8, 0x0, 0x7,
    0xff, 0xff, 0xff, 0xff, 0xff, 0xed, 0xcb, 0x97,
    0x51, 0x0, 0x0, 0x1, 0x11, 0x11, 0x11, 0x0,
    0x0, 0x0, 0x0, 0x0, 0x0, 0x0,

    /* U+F323 "" */
    0x0, 0x0, 0x0, 0x0, 0x0, 0x0, 0x0, 0x0,
    0x0, 0x0, 0x0, 0x0, 0x0, 0x0, 0x1, 0x26,
    0x7a, 0x89, 0x42, 0x0, 0x0, 0x0, 0x0, 0x0,
    0x0, 0x3, 0x5f, 0xef, 0xff, 0xfd, 0xf4, 0x30,
    0x0, 0x0, 0x0, 0x0, 0x0, 0xff, 0xff, 0xff,
    0xff, 0xff, 0xfe, 0x0, 0x0, 0x0, 0x0, 0x8,
    0xef, 0xff, 0xff, 0xff, 0xff, 0xff, 0xfe, 0x60,
    0x0, 0x0, 0x5, 0xaf, 0xff, 0xff, 0xff, 0xff,
    0xff, 0xff, 0xf9, 0x40, 0x0, 0x0, 0xaf, 0xff,
    0xff, 0xff, 0xff, 0xff, 0xff, 0xff, 0xf8, 0x0,
    0x0, 0x6d, 0xff, 0xff, 0xff, 0xef, 0xff, 0xef,
    0xff, 0xff, 0xc5, 0x0, 0x6, 0xff, 0xff, 0xff,
    0xf6, 0x9f, 0xc7, 0xaf, 0xff, 0xff, 0x30, 0x0,
    0xbf, 0xff, 0xff, 0xf6, 0x16, 0xf5, 0x17, 0xff,
    0xff, 0xfb, 0x10, 0xaf, 0xff, 0xff, 0xff, 0xd7,
    0xdf, 0xd8, 0xef, 0xff, 0xff, 0xfd, 0x9, 0xe7,
    0x9d, 0xff, 0xff, 0xff, 0xff, 0xff, 0xfe, 0xf6,
    0x9a, 0x90, 0x9, 0x76, 0x2e, 0xdf, 0xff, 0xca,
    0xbd, 0xfc, 0xe7, 0x33, 0xc0, 0x0, 0x9, 0x31,
    0x1a, 0xf8, 0x0, 0x0, 0x5f, 0xc2, 0x2, 0x53,
    0x0, 0x0, 0x5, 0x0, 0x9, 0xff, 0x33, 0xdf,
    0x90, 0x0, 0x5, 0x0, 0x0, 0x0, 0x0, 0x0,
    0x3, 0x20, 0x0, 0x0, 0x0, 0x0, 0x0, 0x0,

    /* U+F324 "" */
    0x0, 0x0, 0x0, 0x0, 0x0, 0x33, 0x0, 0x0,
    0x0, 0x0, 0x0, 0x0, 0x0, 0x0, 0x0, 0x9,
    0xbb, 0x90, 0x0, 0x0, 0x0, 0x0, 0x0, 0x0,
    0x0, 0x4, 0xd6, 0x0, 0x6d, 0x40, 0x0, 0x0,
    0x0, 0x0, 0x0, 0x1, 0xab, 0x20, 0x0, 0x2,
    0xba, 0x10, 0x0, 0x0, 0x0, 0x0, 0x5d, 0x80,
    0x0, 0x0, 0x0, 0x8, 0xd5, 0x0, 0x0, 0x0,
    0x1b, 0xa1, 0x14, 0x0, 0x0, 0x0, 0x41, 0x1a,
    0xb1, 0x0, 0x6, 0xd5, 0x0, 0x0, 0x32, 0x0,
    0x23, 0x0, 0x0, 0x5d, 0x60, 0xba, 0x10, 0x0,
    0x0, 0x1, 0x45, 0x10, 0x0, 0x0, 0x1, 0xab,
    0xf4, 0x20, 0x0, 0x0, 0x4, 0xe5, 0x30, 0x0,
    0x0, 0x3, 0xdf, 0xf0, 0x14, 0x0, 0x1, 0x9f,
    0xf2, 0x3, 0x10, 0x0, 0x8f, 0xff, 0xf0, 0x0,
    0x33, 0x5e, 0xff, 0xf2, 0x0, 0x23, 0x4d, 0xff,
    0xff, 0xf0, 0x0, 0x2, 0xff, 0xff, 0xf2, 0x0,
    0x0, 0xff, 0xff, 0xff, 0xf0, 0x0, 0x1, 0xff,
    0xff, 0xf2, 0x0, 0x0, 0xff, 0xff, 0xff, 0xf9,
    0x0, 0x1, 0xff, 0xff, 0xfa, 0x10, 0x0, 0xff,
    0xff, 0xff, 0x2c, 0xe4, 0x1, 0xff, 0xff, 0xcc,
    0xe5, 0x0, 0xff, 0xff, 0xc2, 0x0, 0x7f, 0xa3,
    0xff, 0xf6, 0x0, 0x6f, 0xb1, 0xff, 0xf7, 0x0,
    0x0, 0x2, 0xcf, 0xfb, 0x20, 0x0, 0x1, 0xbf,
    0xfb, 0x20, 0x0, 0x0, 0x0, 0x6, 0x50, 0x0,
    0x0, 0x0, 0x5, 0x60, 0x0, 0x0,

    /* U+F325 "" */
    0x10, 0x0, 0x0, 0x0, 0x0, 0x0, 0x0, 0x0,
    0x0, 0x0, 0x0, 0xc2, 0x0, 0x0, 0x0, 0x0,
    0x0, 0x0, 0x0, 0x0, 0x0, 0xb4, 0x4e, 0x73,
    0x35, 0x40, 0x0, 0x0, 0x0, 0x25, 0x43, 0x5b,
    0xb0, 0x8, 0xff, 0xff, 0xfb, 0x0, 0x0, 0x5,
    0xff, 0xff, 0xfd, 0x10, 0x0, 0x48, 0xab, 0xff,
    0x40, 0x0, 0xd, 0xfe, 0xa9, 0x71, 0x0, 0x0,
    0x0, 0x0, 0xcf, 0xa0, 0x0, 0x3f, 0xf4, 0x0,
    0x0, 0x0, 0x0, 0x0, 0x0, 0x5f, 0xf1, 0x0,
    0x9f, 0xd0, 0x0, 0x0, 0x0, 0x0, 0x0, 0x0,
    0xe, 0xf6, 0x0, 0xef, 0x70, 0x0, 0x0, 0x0,
    0x0, 0x0, 0x0, 0x9, 0xfc, 0x4, 0xff, 0x10,
    0x0, 0x0, 0x0, 0x0, 0x0, 0x0, 0x4, 0xff,
    0x1a, 0xfc, 0x0, 0x0, 0x0, 0x0, 0x0, 0x0,
    0x0, 0x0, 0xef, 0x8f, 0xf6, 0x0, 0x0, 0x0,
    0x0, 0x0, 0x0, 0x0, 0x0, 0x9f, 0xff, 0xf1,
    0x0, 0x0, 0x0, 0x0, 0x0, 0x0, 0x0, 0x0,
    0x4f, 0xff, 0xc0, 0x0, 0x0, 0x0, 0x0, 0x0,
    0x0, 0x0, 0x0, 0xb, 0xcc, 0x50, 0x0, 0x0,
    0x0, 0x0,

    /* U+F326 "" */
    0x20, 0x0, 0x0, 0x0, 0x0, 0x0, 0x0, 0x0,
    0x0, 0x59, 0x10, 0x0, 0x0, 0x0, 0x0, 0x0,
    0x0, 0x0, 0x5f, 0xe5, 0x0, 0x0, 0x0, 0x0,
    0x0, 0x0, 0x0, 0x1d, 0xfc, 0x0, 0x0, 0x0,
    0x0, 0x0, 0x0, 0x0, 0x4, 0xef, 0x80, 0x0,
    0x0, 0x0, 0x0, 0x0, 0x0, 0x0, 0x9f, 0xf7,
    0x0, 0x0, 0x0, 0x0, 0x0, 0x0, 0x0, 0x2d,
    0xff, 0x80, 0x0, 0x0, 0x0, 0x0, 0x0, 0x0,
    0x4, 0xbf, 0xfa, 0x0, 0x0, 0x1, 0x54, 0x0,
    0x0, 0x0, 0xaf, 0xff, 0xd3, 0x0, 0x4f, 0xe7,
    0x30, 0x0, 0x0, 0x1a, 0xff, 0xff, 0x72, 0xfc,
    0x10, 0x0, 0x0, 0x0, 0x2, 0xaf, 0xff, 0xfe,
    0xf6, 0x0, 0x0, 0x0, 0x0, 0x0, 0x4a, 0xff,
    0xff, 0xf9, 0x0, 0x0, 0x0, 0x0, 0x0, 0x4,
    0xbf, 0xff, 0xf9, 0x0, 0x0, 0x0, 0x0, 0x0,
    0x0, 0x5c, 0xff, 0xf4, 0x0, 0x0, 0x0, 0x0,
    0x0, 0x0, 0x18, 0xff, 0xe0, 0x0, 0x0, 0x0,
    0x0, 0x0, 0x0, 0x6, 0xff, 0x60, 0x0, 0x0,
    0x0, 0x0, 0x0, 0x0, 0x2e, 0xf7, 0x0, 0x0,
    0x0, 0x0, 0x0, 0x0, 0x5, 0xef, 0x60, 0x0,
    0x0, 0x0, 0x0, 0x0, 0x15, 0x9b, 0xf7, 0x0,
    0x0, 0x0, 0x0, 0x0, 0x0, 0x12, 0x68, 0xa0,
    0x0, 0x0, 0x0, 0x0, 0x0, 0x0, 0x67, 0x49,
    0x0, 0x0, 0x0, 0x0, 0x0, 0x0, 0x0, 0x1,
    0x70, 0x0, 0x0, 0x0, 0x0, 0x0, 0x0, 0x0,
    0x0, 0x0, 0x0, 0x0, 0x0, 0x0, 0x0,

    /* U+F327 "" */
    0x0, 0x5f, 0xff, 0xfe, 0xed, 0xb8, 0x50, 0x0,
    0x0, 0x0, 0x0, 0x0, 0x0, 0x0, 0x0, 0x0,
    0x12, 0x46, 0x8c, 0xff, 0xff, 0xa4, 0x0, 0x0,
    0x0, 0x0, 0x0, 0x0, 0x0, 0x0, 0x1, 0x34,
    0x67, 0x8c, 0xff, 0xfd, 0x0, 0x0, 0x0, 0x0,
    0x0, 0x0, 0x5, 0xad, 0xff, 0xff, 0xec, 0xcf,
    0xff, 0xff, 0x0, 0x8, 0x20, 0x0, 0x0, 0x0,
    0x7, 0x75, 0x32, 0x0, 0x5a, 0xef, 0xfd, 0xbf,
    0x81, 0x6, 0xe5, 0x0, 0x0, 0x0, 0x0, 0x0,
    0x2, 0x9f, 0xfa, 0x62, 0x0, 0xc, 0xff, 0xea,
    0x8e, 0x60, 0x0, 0x0, 0x0, 0x1, 0x9f, 0xc6,
    0x0, 0x0, 0x0, 0x9f, 0xc8, 0x9d, 0xfe, 0xf6,
    0x0, 0x0, 0x0, 0xa, 0xa3, 0x0, 0x0, 0x0,
    0x2, 0xfa, 0x0, 0x0, 0x3a, 0xff, 0x10, 0x0,
    0x0, 0x0, 0x0, 0x0, 0x0, 0x0, 0x6, 0xf4,
    0x0, 0x0, 0x0, 0xaf, 0xb2, 0x0, 0x0, 0x0,
    0x0, 0x0, 0x0, 0x0, 0x6, 0xf5, 0x0, 0x0,
    0x0, 0x4, 0xa1, 0x0, 0x0, 0x0, 0x0, 0x0,
    0x0, 0x0, 0x1, 0xfd, 0x10, 0x0, 0x0, 0x0,
    0x0, 0x0, 0x0, 0x0, 0x0, 0x0, 0x0, 0x0,
    0x0, 0x6f, 0xfd, 0xcb, 0x96, 0x20, 0x0, 0x0,
    0x0, 0x0, 0x0, 0x0, 0x0, 0x0, 0x0, 0x4,
    0xae, 0xff, 0xff, 0xfc, 0x50, 0x0, 0x0, 0x0,
    0x0, 0x0, 0x0, 0x0, 0x0, 0x0, 0x0, 0x1,
    0x6e, 0xff, 0xf9, 0x0, 0x0, 0x0, 0x0, 0x0,
    0x0, 0x0, 0x0, 0x0, 0x0, 0x0, 0x1, 0xde,
    0x7f, 0x80, 0x0, 0x0, 0x0, 0x0, 0x0, 0x0,
    0x0, 0x0, 0x0, 0x0, 0x0, 0x2f, 0x85, 0xf1,
    0x0, 0x0, 0x0, 0x0, 0x0, 0x0, 0x0, 0x0,
    0x0, 0x0, 0x0, 0x8, 0xe0, 0xb5, 0x0, 0x0,
    0x0, 0x0, 0x0, 0x0, 0x0, 0x0, 0x0, 0x0,
    0x0, 0x1, 0xf4, 0x0, 0x0, 0x0, 0x0, 0x0,
    0x0, 0x0, 0x0, 0x0, 0x0, 0x0, 0x0, 0x0,
    0xa7, 0x0, 0x0, 0x0, 0x0, 0x0, 0x0, 0x0,
    0x0, 0x0, 0x0, 0x0, 0x0, 0x0, 0x67, 0x0,

    /* U+F328 "" */
    0x0, 0x0, 0x0, 0x0, 0x0, 0x0, 0x0, 0x0,
    0x0, 0x0, 0x0, 0x0, 0x0, 0x0, 0x0, 0x2,
    0x2, 0x5, 0x0, 0x0, 0x0, 0x0, 0x0, 0x0,
    0x0, 0x0, 0x3, 0x45, 0x98, 0x58, 0x61, 0x40,
    0x0, 0x0, 0x0, 0x0, 0x0, 0x2, 0x58, 0x13,
    0x31, 0x27, 0x57, 0x10, 0x0, 0x0, 0x0, 0x0,
    0x5, 0x63, 0x24, 0x20, 0x50, 0x32, 0x77, 0x22,
    0x0, 0x0, 0x0, 0x10, 0x86, 0x32, 0x11, 0x30,
    0x23, 0x2, 0x27, 0x0, 0x0, 0x0, 0x0, 0x74,
    0x40, 0x23, 0x12, 0x0, 0x2, 0x13, 0x80, 0x0,
    0x0, 0x0, 0x27, 0x5, 0x24, 0x1, 0x0, 0x10,
    0x14, 0x66, 0x30, 0x0, 0x1, 0x2, 0x82, 0x10,
    0x20, 0x1, 0x0, 0x12, 0x57, 0x89, 0x0, 0x6,
    0x53, 0x28, 0x32, 0x30, 0x0, 0x0, 0x0, 0x2,
    0x75, 0x81, 0x0, 0x5, 0x22, 0x44, 0x10, 0x0,
    0x0, 0x0, 0x0, 0x5, 0x34, 0x50, 0x0, 0x6,
    0x0, 0x25, 0x30, 0x43, 0x20, 0x0, 0x0, 0x96,
    0x68, 0x10, 0x0, 0x52, 0x83, 0x12, 0x32, 0x22,
    0x1, 0x1, 0x24, 0x4, 0x78, 0x0, 0x1, 0x85,
    0x91, 0x44, 0x72, 0x1, 0x11, 0x11, 0x35, 0x72,
    0x20, 0x0, 0x12, 0x27, 0x12, 0x22, 0x3, 0x2,
    0x12, 0x33, 0x83, 0x0, 0x0, 0x0, 0x0, 0x57,
    0x52, 0x13, 0x2, 0x16, 0x12, 0x55, 0x0, 0x0,
    0x0, 0x0, 0x0, 0x44, 0x76, 0x23, 0x72, 0x31,
    0xa5, 0x40, 0x0, 0x0, 0x0, 0x0, 0x0, 0x43,
    0x88, 0x88, 0x77, 0xa0, 0x30, 0x0, 0x0, 0x0,
    0x0, 0x0, 0x0, 0x0, 0x63, 0x43, 0x52, 0x10,
    0x0, 0x0, 0x0, 0x0, 0x0, 0x0, 0x0, 0x0,
    0x0, 0x10, 0x0, 0x0, 0x0, 0x0,

    /* U+F329 "" */
    0x48, 0xb7, 0x10, 0x0, 0x0, 0x0, 0x0, 0x0,
    0xcf, 0xff, 0xfa, 0x40, 0x0, 0x0, 0x0, 0x0,
    0xdd, 0xff, 0xff, 0xfe, 0x10, 0x0, 0x0, 0x0,
    0xc2, 0x3e, 0xff, 0xff, 0xb0, 0x0, 0x0, 0x0,
    0x40, 0x1, 0xef, 0xff, 0xf5, 0x0, 0x0, 0x0,
    0x0, 0x0, 0x8f, 0xff, 0xfe, 0x10, 0x0, 0x0,
    0x0, 0x0, 0x1f, 0xff, 0xff, 0x90, 0x0, 0x0,
    0x0, 0x0, 0x9, 0xff, 0xff, 0xf4, 0x0, 0x0,
    0x0, 0x0, 0x2, 0xef, 0xff, 0xfd, 0x0, 0x0,
    0x0, 0x0, 0x0, 0x4, 0xbf, 0xff, 0x80, 0x0,
    0x0, 0x0, 0x0, 0x0, 0x4f, 0xff, 0xf2, 0x0,
    0x0, 0x0, 0x0, 0x0, 0x4f, 0xff, 0xfc, 0x0,
    0x0, 0x0, 0x0, 0x0, 0x4f, 0xff, 0x1b, 0x60,
    0x0, 0x0, 0x0, 0x0, 0x3f, 0xff, 0x0, 0x40,
    0x0, 0x0, 0x0, 0x0, 0x3f, 0xfe, 0x0, 0x0,
    0x0, 0x0, 0x0, 0x0, 0x3f, 0xfe, 0x0, 0x0,
    0x0, 0x0, 0x0, 0x0, 0x3f, 0x7e, 0x0, 0x0,
    0x0, 0x0, 0x0, 0x0, 0x3d, 0xc, 0x0, 0x0,
    0x0, 0x0, 0x0, 0x0, 0x2a, 0x4, 0x0, 0x0,
    0x0, 0x0, 0x0, 0x0, 0x26, 0x0, 0x0, 0x0,
    0x0, 0x0, 0x0, 0x0, 0x22, 0x0, 0x0, 0x0,
    0x0, 0x0, 0x0, 0x0, 0x10, 0x0, 0x0, 0x0,

    /* U+F32A "" */
    0x0, 0x0, 0x0, 0x5, 0x9c, 0xde, 0xc9, 0x50,
    0x0, 0x0, 0x0, 0x0, 0x0, 0x6, 0xef, 0xff,
    0xff, 0xff, 0xfe, 0x60, 0x0, 0x0, 0x0, 0x1,
    0xbf, 0xff, 0xcd, 0xff, 0xff, 0xff, 0xfb, 0x10,
    0x0, 0x0, 0x1d, 0xff, 0x70, 0x0, 0x3e, 0xff,
    0xff, 0xff, 0xd1, 0x0, 0x0, 0xcf, 0xe2, 0x0,
    0x0, 0x2, 0xff, 0xff, 0xff, 0xfb, 0x0, 0x7,
    0xff, 0x60, 0x6, 0xc0, 0x0, 0x9f, 0xff, 0xff,
    0xff, 0x70, 0x1e, 0xff, 0x90, 0x5, 0xf9, 0x0,
    0x5f, 0xfc, 0xef, 0xff, 0xe1, 0x6f, 0xff, 0xf1,
    0x0, 0xee, 0x0, 0x5f, 0x70, 0xd, 0xff, 0xf6,
    0xaf, 0xff, 0xf9, 0x0, 0x5b, 0x0, 0xaf, 0x30,
    0xc, 0xff, 0xfa, 0xdf, 0xff, 0xff, 0x10, 0x0,
    0x4, 0xff, 0x0, 0x3f, 0xff, 0xfd, 0xff, 0xff,
    0xff, 0x90, 0x0, 0x7f, 0xff, 0x0, 0xbf, 0xff,
    0xff, 0xff, 0xff, 0xff, 0xf2, 0x2, 0xff, 0xfe,
    0x4, 0xff, 0xff, 0xff, 0xdf, 0xff, 0xff, 0xfa,
    0x0, 0xcf, 0xfd, 0xd, 0xff, 0xff, 0xfd, 0xbf,
    0xff, 0xff, 0xff, 0x30, 0x5f, 0xff, 0xcf, 0xff,
    0xff, 0xfb, 0x6f, 0xff, 0xff, 0xff, 0xc0, 0xf,
    0xf9, 0xcf, 0xff, 0xff, 0xf6, 0x1f, 0xff, 0xff,
    0xff, 0xf8, 0x2f, 0xf1, 0x8f, 0xff, 0xff, 0xf1,
    0x8, 0xff, 0xff, 0xff, 0xff, 0xff, 0xfe, 0xff,
    0xff, 0xff, 0x80, 0x0, 0xdf, 0xff, 0xdc, 0xcc,
    0xcc, 0xcc, 0xcd, 0xff, 0xfd, 0x0, 0x0, 0x2e,
    0xff, 0x0, 0x0, 0x0, 0x0, 0x0, 0xff, 0xe2,
    0x0, 0x0, 0x2, 0xdf, 0xee, 0xee, 0xee, 0xee,
    0xee, 0xfd, 0x20, 0x0, 0x0, 0x0, 0x8, 0xff,
    0xff, 0xff, 0xff, 0xff, 0x80, 0x0, 0x0, 0x0,
    0x0, 0x0, 0x17, 0xce, 0xff, 0xec, 0x71, 0x0,
    0x0, 0x0, 0x0, 0x0, 0x0, 0x0, 0x0, 0x0,
    0x0, 0x0, 0x0, 0x0, 0x0,

    /* U+F32B "" */
    0x0, 0x0, 0x0, 0x5, 0x9c, 0xde, 0xc9, 0x50,
    0x0, 0x0, 0x0, 0x0, 0x0, 0x6, 0xef, 0xff,
    0xff, 0xff, 0xfe, 0x60, 0x0, 0x0, 0x0, 0x1,
    0xbf, 0xff, 0xff, 0xff, 0xff, 0xff, 0xfb, 0x10,
    0x0, 0x0, 0x1d, 0xff, 0xff, 0xff, 0xff, 0xff,
    0xff, 0xff, 0xd1, 0x0, 0x0, 0xbf, 0xff, 0xff,
    0xff, 0xff, 0xff, 0xff, 0xff, 0xfb, 0x0, 0x7,
    0xff, 0xff, 0xff, 0xff, 0xff, 0xff, 0xff, 0xff,
    0xff, 0x70, 0x1e, 0xff, 0xff, 0xff, 0xff, 0xff,
    0xff, 0xff, 0xff, 0xff, 0xe0, 0x6f, 0xff, 0xff,
    0xff, 0xff, 0xff, 0xff, 0xdf, 0xff, 0xff, 0xf6,
    0xaf, 0xff, 0xff, 0xff, 0xff, 0xff, 0xf7, 0xc,
    0xff, 0xff, 0xfa, 0xdf, 0xff, 0xff, 0xff, 0xff,
    0xff, 0x70, 0x0, 0xcf, 0xff, 0xfd, 0xff, 0xff,
    0xff, 0xff, 0xff, 0xf7, 0x0, 0x0, 0xc, 0xff,
    0xff, 0xff, 0xff, 0xff, 0xff, 0xff, 0x70, 0x0,
    0x0, 0x0, 0xcf, 0xff, 0xdf, 0xff, 0xff, 0xff,
    0xf7, 0x0, 0x0, 0x0, 0x0, 0xc, 0xfe, 0xbf,
    0xff, 0xff, 0xff, 0x70, 0x0, 0x2, 0x90, 0x0,
    0x0, 0xcb, 0x7f, 0xff, 0xff, 0xf7, 0x0, 0x0,
    0x2e, 0xfa, 0x0, 0x0, 0x4, 0x1f, 0xff, 0xff,
    0x70, 0x0, 0x2, 0xef, 0xff, 0xa0, 0x0, 0x0,
    0x8, 0xff, 0xf7, 0x0, 0x0, 0x2e, 0xff, 0xff,
    0xfa, 0x0, 0x0, 0x0, 0xdf, 0x80, 0x0, 0x2,
    0xef, 0xff, 0xff, 0xff, 0xa0, 0x0, 0x0, 0x27,
    0x0, 0x0, 0x2e, 0xff, 0xff, 0xff, 0xff, 0xe1,
    0x0, 0x0, 0x0, 0x0, 0x2, 0xef, 0xff, 0xff,
    0xff, 0xfd, 0x20, 0x0, 0x0, 0x0, 0x0, 0x2e,
    0xff, 0xff, 0xff, 0xff, 0x80, 0x0, 0x0, 0x0,
    0x0, 0x0, 0x17, 0xce, 0xff, 0xfc, 0x81, 0x0,
    0x0, 0x0, 0x0, 0x0, 0x0, 0x0, 0x0, 0x0,
    0x0, 0x0, 0x0, 0x0, 0x0,

    /* U+F32C "" */
    0x0, 0x0, 0x0, 0x0, 0x46, 0x77, 0x52, 0x0,
    0x0, 0x0, 0x0, 0x0, 0x0, 0x2, 0xaf, 0xff,
    0xff, 0xff, 0xd6, 0x0, 0x0, 0x0, 0x0, 0x0,
    0x8f, 0xff, 0xff, 0xff, 0xff, 0xff, 0xd2, 0x0,
    0x0, 0x0, 0xb, 0xff, 0xff, 0xff, 0xff, 0xff,
    0xff, 0xfe, 0x30, 0x0, 0x0, 0x9f, 0xff, 0xff,
    0xff, 0xff, 0xff, 0xff, 0xff, 0xe2, 0x0, 0x5,
    0xff, 0xff, 0xff, 0xff, 0xad, 0xff, 0xda, 0xff,
    0xfc, 0x0, 0xe, 0xff, 0xff, 0xff, 0x92, 0x0,
    0x95, 0x0, 0x2a, 0xff, 0x50, 0x5f, 0xff, 0xff,
    0x92, 0x33, 0x1, 0x53, 0x20, 0x33, 0xef, 0xc0,
    0xaf, 0xff, 0xe5, 0x0, 0x2, 0x65, 0x30, 0x25,
    0x0, 0xef, 0xf1, 0xdf, 0xff, 0xd0, 0x34, 0x42,
    0x0, 0x33, 0x3, 0x0, 0xef, 0xf4, 0xff, 0xff,
    0xd0, 0x3, 0x33, 0x1, 0x35, 0x13, 0x5d, 0xff,
    0xf6, 0xff, 0xff, 0xd3, 0x3, 0x0, 0x52, 0x4,
    0x26, 0xbf, 0xff, 0xf6, 0xef, 0xff, 0xd0, 0x46,
    0x0, 0x30, 0x4, 0x32, 0x6f, 0xff, 0xf5, 0xcf,
    0xff, 0xd0, 0x3, 0x33, 0x31, 0x35, 0x0, 0x6f,
    0xff, 0xf3, 0x7f, 0xff, 0xe5, 0x3, 0x0, 0x62,
    0x3, 0x2, 0xbf, 0xff, 0xe0, 0x2f, 0xff, 0xff,
    0xd8, 0x0, 0x30, 0x4, 0x9f, 0xff, 0xff, 0x90,
    0x9, 0xff, 0xff, 0xff, 0xd5, 0x31, 0x9f, 0xff,
    0xff, 0xff, 0x10, 0x1, 0xef, 0xff, 0xff, 0xff,
    0xef, 0xff, 0xff, 0xff, 0xf6, 0x0, 0x0, 0x2f,
    0xff, 0xff, 0xff, 0xff, 0xff, 0xff, 0xff, 0x90,
    0x0, 0x0, 0x2, 0xef, 0xff, 0xff, 0xff, 0xff,
    0xff, 0xf7, 0x0, 0x0, 0x0, 0x0, 0x19, 0xff,
    0xff, 0xff, 0xff, 0xfc, 0x40, 0x0, 0x0, 0x0,
    0x0, 0x0, 0x17, 0xbd, 0xee, 0xc9, 0x40, 0x0,
    0x0, 0x0,

    /* U+F32D "" */
    0x0, 0x0, 0x0, 0x30, 0x0, 0x0, 0x0, 0x0,
    0x0, 0x0, 0x0, 0x0, 0x0, 0x0, 0xbb, 0xce,
    0xed, 0xb6, 0x10, 0x0, 0x0, 0x0, 0x0, 0x0,
    0x2b, 0xca, 0xff, 0xff, 0xff, 0xf8, 0x0, 0x0,
    0x0, 0x0, 0x5, 0xff, 0x71, 0xff, 0xff, 0xff,
    0xff, 0xd1, 0x0, 0x0, 0x0, 0x5f, 0xff, 0x10,
    0x6f, 0xff, 0xff, 0xff, 0xfe, 0x10, 0x0, 0x2,
    0xff, 0xfb, 0x0, 0xb, 0xff, 0xff, 0xff, 0xff,
    0xc0, 0x0, 0xb, 0xff, 0xf5, 0x0, 0x2, 0xff,
    0xff, 0xff, 0xff, 0xf6, 0x0, 0x3f, 0xff, 0xd0,
    0x0, 0x0, 0xcd, 0xff, 0xff, 0xff, 0xfe, 0x0,
    0x9f, 0xff, 0x50, 0x0, 0x0, 0xb8, 0xaf, 0xff,
    0xff, 0xff, 0x40, 0xcf, 0xfd, 0x0, 0x0, 0x0,
    0x9c, 0xa, 0xdc, 0xff, 0xff, 0x80, 0xff, 0xf5,
    0x0, 0x0, 0x0, 0x8f, 0x0, 0xca, 0x27, 0xef,
    0x90, 0xff, 0xc0, 0x0, 0x0, 0x0, 0x7f, 0x20,
    0x1e, 0xc0, 0x7, 0xc0, 0xef, 0x40, 0x0, 0x0,
    0x0, 0x6f, 0x30, 0x4, 0xf8, 0x0, 0xa2, 0xcb,
    0x0, 0x0, 0x0, 0x0, 0x5f, 0x20, 0x0, 0x9e,
    0x6, 0x70, 0xa3, 0x0, 0x0, 0x0, 0x0, 0x4f,
    0x10, 0x0, 0x1e, 0x98, 0x0, 0x7f, 0xda, 0x86,
    0x43, 0x10, 0x3d, 0x0, 0x3, 0x8c, 0x45, 0x0,
    0xa, 0xff, 0xff, 0xff, 0xff, 0xff, 0xde, 0xc9,
    0x46, 0xd5, 0x0, 0x1, 0x45, 0x67, 0x78, 0x77,
    0x65, 0x44, 0x6a, 0xff, 0xb0, 0x0, 0x0, 0x3e,
    0xed, 0xdd, 0xdd, 0xef, 0xff, 0xff, 0xfd, 0x10,
    0x0, 0x0, 0x3, 0xef, 0xff, 0xff, 0xff, 0xff,
    0xff, 0xb1, 0x0, 0x0, 0x0, 0x0, 0x8, 0xff,
    0xff, 0xff, 0xff, 0xe6, 0x0, 0x0, 0x0, 0x0,
    0x0, 0x0, 0x5, 0x9a, 0xba, 0x84, 0x0, 0x0,
    0x0, 0x0,

    /* U+F32E "" */
    0x0, 0x0, 0x0, 0x0, 0x36, 0x76, 0x51, 0x0,
    0x0, 0x0, 0x0, 0x0, 0x0, 0x2, 0x9f, 0xff,
    0xff, 0xff, 0xc5, 0x0, 0x0, 0x0, 0x0, 0x0,
    0x3f, 0xff, 0xff, 0xff, 0xff, 0xff, 0xc1, 0x0,
    0x0, 0x0, 0x0, 0x8, 0xff, 0xff, 0xef, 0xff,
    0xff, 0xfe, 0x30, 0x0, 0x0, 0x0, 0x0, 0x89,
    0x30, 0x0, 0x16, 0xef, 0xff, 0xe1, 0x0, 0x5,
    0x90, 0x0, 0x0, 0x0, 0x0, 0x0, 0xa, 0xff,
    0xfc, 0x0, 0xe, 0xf9, 0x0, 0x0, 0x0, 0x0,
    0x0, 0x0, 0xbf, 0xff, 0x50, 0x5f, 0xff, 0x40,
    0x0, 0x0, 0x10, 0x0, 0x0, 0xe, 0xff, 0xc0,
    0xaf, 0xfe, 0x0, 0x0, 0x4d, 0xff, 0x90, 0x0,
    0x7, 0xff, 0xf1, 0xdf, 0xf9, 0x0, 0x3, 0xff,
    0xff, 0xf9, 0x0, 0x2, 0xff, 0xf4, 0xff, 0xf7,
    0x0, 0x9, 0xff, 0xff, 0xff, 0x0, 0x0, 0xff,
    0xf6, 0xff, 0xf6, 0x0, 0xa, 0xff, 0xff, 0xff,
    0x10, 0x0, 0xff, 0xf6, 0xef, 0xf8, 0x0, 0x7,
    0xff, 0xff, 0xfd, 0x0, 0x1, 0xff, 0xf5, 0xbf,
    0xfc, 0x0, 0x0, 0xbf, 0xff, 0xf4, 0x0, 0x5,
    0xff, 0xf2, 0x7f, 0xff, 0x30, 0x0, 0x5, 0x97,
    0x10, 0x0, 0xb, 0xff, 0xe0, 0x1f, 0xff, 0xc0,
    0x0, 0x0, 0x0, 0x0, 0x0, 0x9, 0xff, 0x80,
    0x8, 0xff, 0xfa, 0x0, 0x0, 0x0, 0x0, 0x0,
    0x0, 0x8e, 0x10, 0x0, 0xdf, 0xff, 0xc3, 0x0,
    0x0, 0x1, 0x60, 0x0, 0x2, 0x0, 0x0, 0x2e,
    0xff, 0xff, 0xd9, 0x88, 0xbf, 0xf9, 0x0, 0x0,
    0x0, 0x0, 0x2, 0xdf, 0xff, 0xff, 0xff, 0xff,
    0xff, 0x90, 0x0, 0x0, 0x0, 0x0, 0x7, 0xff,
    0xff, 0xff, 0xff, 0xfb, 0x20, 0x0, 0x0, 0x0,
    0x0, 0x0, 0x15, 0xac, 0xdc, 0xb7, 0x20, 0x0,
    0x0, 0x0,

    /* U+F32F "" */
    0x0, 0x0, 0x7, 0x99, 0x99, 0x99, 0x99, 0x88,
    0x20, 0x0, 0x0, 0x0, 0x0, 0x3f, 0xff, 0xff,
    0xff, 0xff, 0xff, 0xb0, 0x0, 0x0, 0x0, 0x0,
    0xcf, 0xff, 0xff, 0xff, 0xff, 0xff, 0xf4, 0x0,
    0x0, 0x0, 0x0, 0x0, 0x0, 0x0, 0x0, 0x0,
    0x0, 0x0, 0x0, 0x0, 0x0, 0x0, 0x0, 0x0,
    0x0, 0x0, 0x0, 0x0, 0x0, 0x0, 0x0, 0x0,
    0x0, 0x0, 0x0, 0x0, 0x0, 0x0, 0x0, 0x0,
    0x0, 0x0, 0x2, 0xbc, 0xcc, 0xcc, 0xcc, 0xcb,
    0x40, 0x0, 0x0, 0x88, 0x0, 0xa, 0xff, 0xff,
    0xff, 0xff, 0xd3, 0x0, 0x0, 0x3d, 0xff, 0x20,
    0x3f, 0xff, 0xff, 0xff, 0xf9, 0x0, 0x0, 0x8,
    0xff, 0xff, 0xb0, 0xcf, 0xff, 0xff, 0xfd, 0x30,
    0x0, 0x3, 0xdf, 0xff, 0xff, 0xf4, 0xaf, 0xff,
    0xff, 0x90, 0x0, 0x0, 0x8f, 0xff, 0xff, 0xff,
    0xf2, 0x1f, 0xff, 0xe4, 0x0, 0x0, 0x3d, 0xff,
    0xff, 0xff, 0xff, 0x90, 0x8, 0xf9, 0x0, 0x0,
    0x7, 0xff, 0xff, 0xff, 0xff, 0xfe, 0x10, 0x0,
    0x20, 0x0, 0x0, 0x13, 0x33, 0x33, 0x33, 0x33,
    0x32, 0x0, 0x0, 0x0, 0x0, 0x0, 0x0, 0x0,
    0x0, 0x0, 0x0, 0x0, 0x0, 0x0, 0x0, 0x0,
    0x0, 0x0, 0x0, 0x0, 0x0, 0x0, 0x0, 0x0,
    0x0, 0x0, 0x11, 0x11, 0x11, 0x11, 0x11, 0x11,
    0x11, 0x0, 0x0, 0x0, 0x0, 0xef, 0xff, 0xff,
    0xff, 0xff, 0xff, 0xf6, 0x0, 0x0, 0x0, 0x0,
    0x5f, 0xff, 0xff, 0xff, 0xff, 0xff, 0xd0, 0x0,
    0x0, 0x0, 0x0, 0xa, 0xcc, 0xcc, 0xcc, 0xcc,
    0xcc, 0x40, 0x0, 0x0,

    /* U+F330 "" */
    0x0, 0x0, 0x0, 0x0, 0x1, 0x23, 0x10, 0x0,
    0x0, 0x0, 0x0, 0x0, 0x0, 0x0, 0x4a, 0xef,
    0xff, 0xfe, 0xa4, 0x0, 0x0, 0x0, 0x0, 0x0,
    0x2b, 0xff, 0xff, 0xff, 0xff, 0xff, 0xb2, 0x0,
    0x0, 0x0, 0x4, 0xef, 0xff, 0xff, 0xff, 0xff,
    0xff, 0xfe, 0x30, 0x0, 0x0, 0x3f, 0xff, 0xff,
    0xff, 0xff, 0xff, 0xff, 0xff, 0xf3, 0x0, 0x1,
    0xef, 0xff, 0xff, 0xff, 0xff, 0xff, 0xff, 0xff,
    0xfe, 0x10, 0x9, 0xff, 0xff, 0xff, 0xff, 0x44,
    0xff, 0xff, 0xff, 0xff, 0x90, 0x2f, 0xff, 0xff,
    0xff, 0xf8, 0x0, 0x8f, 0xff, 0xff, 0xff, 0xf2,
    0x7f, 0xff, 0xff, 0xff, 0xb0, 0x0, 0xb, 0xff,
    0xff, 0xff, 0xf7, 0xcf, 0xff, 0xff, 0xfe, 0x10,
    0x0, 0x1, 0xdf, 0xff, 0xff, 0xfb, 0xef, 0xff,
    0xff, 0xf3, 0x0, 0x0, 0x23, 0x6f, 0xff, 0xff,
    0xfe, 0xff, 0xff, 0xff, 0x70, 0x0, 0x0, 0x0,
    0x6, 0xff, 0xff, 0xff, 0xff, 0xff, 0xfa, 0x0,
    0x0, 0x0, 0x15, 0x55, 0xbf, 0xff, 0xff, 0xdf,
    0xff, 0xd0, 0x0, 0x0, 0x0, 0x6, 0x66, 0x7d,
    0xff, 0xfd, 0xaf, 0xff, 0x20, 0x0, 0x0, 0x0,
    0x4, 0x66, 0x69, 0xff, 0xfa, 0x5f, 0xf5, 0x0,
    0x0, 0x0, 0x0, 0x1, 0x33, 0x33, 0x8f, 0xf5,
    0xe, 0x90, 0x0, 0x0, 0x0, 0x0, 0x2, 0x99,
    0x99, 0x9c, 0xe0, 0x4, 0x0, 0x0, 0x0, 0x0,
    0x0, 0x0, 0x78, 0x88, 0x89, 0x50, 0x0, 0x0,
    0x0, 0x0, 0x0, 0x0, 0x0, 0x5a, 0xaa, 0xa6,
    0x0, 0x0, 0x0, 0x0, 0x0, 0x0, 0x0, 0x0,
    0x16, 0x66, 0x30, 0x0, 0x0, 0x0, 0x0, 0x0,
    0x0, 0x0, 0x0, 0x4, 0x44, 0x10, 0x0, 0x0,
    0x0, 0x0, 0x0, 0x0, 0x0, 0x0, 0x8, 0x70,
    0x0, 0x0,

    /* U+F331 "" */
    0x0, 0x0, 0x0, 0x0, 0x0, 0x0, 0x0, 0x0,
    0x0, 0x0, 0x0, 0x0, 0x0, 0x0, 0x0, 0x0,
    0x5, 0x7c, 0xb7, 0x40, 0x0, 0x0, 0x0, 0x0,
    0x0, 0x0, 0x0, 0x18, 0x73, 0x1, 0x10, 0x38,
    0x70, 0x0, 0x0, 0x0, 0x0, 0x0, 0x4, 0x80,
    0x0, 0x0, 0x0, 0x0, 0x18, 0x30, 0x0, 0x0,
    0x0, 0x0, 0xb7, 0x0, 0x0, 0x28, 0x72, 0x0,
    0x0, 0x89, 0x0, 0x0, 0x0, 0x4, 0x80, 0x0,
    0x68, 0x66, 0x56, 0x96, 0x0, 0x18, 0x30, 0x0,
    0x0, 0x18, 0x0, 0x19, 0x20, 0x0, 0x0, 0x3,
    0x90, 0x0, 0x80, 0x0, 0x0, 0x81, 0x0, 0x90,
    0x0, 0x0, 0x0, 0x0, 0x19, 0x0, 0x17, 0x0,
    0x0, 0x80, 0x8, 0x20, 0x0, 0x0, 0x0, 0x0,
    0x3, 0x60, 0x8, 0x0, 0x4, 0x30, 0x8, 0x0,
    0x0, 0x27, 0x71, 0x0, 0x0, 0x90, 0x3, 0x40,
    0x7, 0x0, 0x44, 0x0, 0x2, 0xff, 0xfe, 0x10,
    0x0, 0x63, 0x0, 0x70, 0xb, 0x10, 0x72, 0x0,
    0x9, 0xff, 0xff, 0x70, 0x0, 0x45, 0x1, 0xb0,
    0xc, 0x10, 0x71, 0x0, 0xa, 0xff, 0xff, 0x80,
    0x0, 0x35, 0x1, 0xc0, 0x8, 0x0, 0x53, 0x0,
    0x4, 0xff, 0xff, 0x20, 0x0, 0x53, 0x0, 0x70,
    0x5, 0x20, 0x18, 0x0, 0x0, 0x4a, 0xa3, 0x0,
    0x0, 0x90, 0x3, 0x50, 0x1, 0x70, 0x9, 0x0,
    0x0, 0x0, 0x0, 0x0, 0x2, 0x70, 0x7, 0x0,
    0x0, 0x80, 0x1, 0x90, 0x0, 0x0, 0x0, 0x0,
    0x9, 0x0, 0x8, 0x0, 0x0, 0x27, 0x0, 0x39,
    0x0, 0x0, 0x0, 0x1, 0x91, 0x0, 0x81, 0x0,
    0x0, 0x6, 0x50, 0x1, 0x87, 0x23, 0x23, 0x77,
    0x0, 0x6, 0x50, 0x0, 0x0, 0x0, 0xe5, 0x0,
    0x1, 0x5a, 0x94, 0x0, 0x0, 0x7c, 0x0, 0x0,
    0x0, 0x0, 0x7, 0x70, 0x0, 0x0, 0x0, 0x0,
    0x8, 0x50, 0x0, 0x0, 0x0, 0x0, 0x0, 0x28,
    0x72, 0x1, 0x10, 0x38, 0x81, 0x0, 0x0, 0x0,
    0x0, 0x0, 0x0, 0x0, 0x15, 0x8c, 0xb7, 0x50,
    0x0, 0x0, 0x0, 0x0, 0x0, 0x0, 0x0, 0x0,
    0x0, 0x0, 0x0, 0x0, 0x0, 0x0, 0x0, 0x0,

    /* U+F332 "" */
    0x0, 0xa, 0xa0, 0x0, 0x0, 0x66, 0x0, 0x0,
    0x0, 0xd, 0xd0, 0x0, 0x7, 0xff, 0x60, 0x0,
    0x0, 0x0, 0x0, 0x0, 0x9, 0xff, 0xf6, 0x0,
    0x0, 0x0, 0x0, 0x0, 0x0, 0x9f, 0xff, 0x60,
    0x0, 0x0, 0x0, 0x0, 0x0, 0x9, 0xff, 0xf6,
    0x0, 0x0, 0x0, 0x0, 0x0, 0x7, 0xff, 0xf9,
    0x7e, 0x70, 0x0, 0x0, 0x0, 0x7f, 0xff, 0x90,
    0xff, 0xf0, 0x0, 0x0, 0x7, 0xff, 0xf9, 0x0,
    0x9f, 0x90, 0x0, 0x0, 0x9, 0xff, 0x90, 0x0,
    0x0, 0x0, 0x0, 0x0, 0x0, 0x99, 0x0, 0x0,
    0x0, 0x0, 0x0, 0x0, 0x0, 0x0, 0x0, 0x0,
    0x0, 0x0, 0x0, 0x0, 0x0, 0x0, 0x0, 0x0,
    0x0, 0x0, 0x3d, 0xc3, 0x0, 0x0, 0x0, 0x0,
    0x0, 0x0, 0xdf, 0xfd, 0x0, 0x0, 0x0, 0x0,
    0x0, 0x0, 0xef, 0xfe, 0x0, 0x0, 0x0, 0x0,
    0x0, 0x0, 0x5f, 0xf5, 0x0, 0x0, 0x0, 0x0,
    0x0, 0x0, 0x0, 0x0, 0x0, 0x0, 0x0, 0x0,

    /* U+F333 "" */
    0x0, 0x0, 0x0, 0x0, 0x5a, 0x70, 0x0, 0x0,
    0x0, 0x0, 0x0, 0x0, 0x0, 0x0, 0x0, 0xbf,
    0xf1, 0x0, 0x3, 0x80, 0x0, 0x0, 0x0, 0x0,
    0x0, 0x0, 0x8f, 0xf7, 0x0, 0x3f, 0xfd, 0x0,
    0x0, 0x0, 0x9, 0x60, 0x0, 0x4f, 0xff, 0xc9,
    0xff, 0xfa, 0x0, 0x0, 0x0, 0x8f, 0xf8, 0x0,
    0x1b, 0x98, 0xbf, 0xff, 0xf4, 0x0, 0x0, 0x0,
    0x4f, 0xff, 0x90, 0x0, 0x0, 0x0, 0x7f, 0xf1,
    0x0, 0x0, 0x0, 0xb, 0xff, 0x60, 0x0, 0x0,
    0x0, 0x3, 0xfa, 0x0, 0x0, 0x0, 0x3, 0xf9,
    0x0, 0x0, 0x0, 0x0, 0x0, 0x5f, 0xff, 0xf7,
    0x0, 0x7, 0xf1, 0x0, 0x0, 0x0, 0x0, 0x0,
    0xc, 0xff, 0xfc, 0x37, 0xaf, 0xa0, 0x0, 0x0,
    0x0, 0x0, 0x0, 0x6, 0xfc, 0x84, 0xff, 0xff,
    0x70, 0x0, 0x0, 0x0, 0x0, 0x0, 0x0, 0x0,
    0x0, 0xff, 0xff, 0x70, 0x0, 0x0, 0x0, 0x0,
    0x0, 0x0, 0x0, 0x0, 0x48, 0xcf, 0x90, 0x0,
    0x0, 0x0, 0x0, 0x0, 0x1, 0x20, 0x0, 0x0,
    0xa, 0xe0, 0x0, 0x0, 0x0, 0x0, 0x0, 0xa,
    0xfe, 0xb5, 0x0, 0x4, 0xf6, 0x0, 0x0, 0x0,
    0x0, 0x0, 0x2f, 0xff, 0xf9, 0x0, 0x9, 0xff,
    0x20, 0x0, 0x0, 0x0, 0x0, 0xde, 0xbc, 0xc3,
    0x0, 0x3f, 0xff, 0x40, 0x0, 0x0, 0x0, 0x2d,
    0xf4, 0x0, 0x0, 0x0, 0xbf, 0xf5, 0x0, 0x36,
    0x33, 0x5a, 0xff, 0xb0, 0x0, 0x0, 0x0, 0x2e,
    0x60, 0x0, 0x8f, 0xff, 0xff, 0xff, 0xf0, 0x0,
    0x0, 0x0, 0x0, 0x0, 0x0, 0xdf, 0xf6, 0x13,
    0xff, 0xf4, 0x0, 0x0, 0x0, 0x0, 0x0, 0x1,
    0xff, 0xc0, 0x0, 0x4f, 0xd3, 0x0, 0x0, 0x0,
    0x0, 0x0, 0x2, 0xcf, 0x30, 0x0, 0x3, 0x0,
    0x0, 0x0, 0x0, 0x0, 0x0, 0x0, 0x0, 0x0,
    0x0, 0x0, 0x0, 0x0, 0x0,

    /* U+F334 "" */
    0x0, 0x0, 0x0, 0x5, 0x9c, 0xde, 0xc9, 0x50,
    0x0, 0x0, 0x0, 0x0, 0x0, 0x6, 0xef, 0xff,
    0xff, 0xff, 0xfe, 0x60, 0x0, 0x0, 0x0, 0x1,
    0xbf, 0xff, 0xd7, 0x9f, 0xff, 0xff, 0xfb, 0x10,
    0x0, 0x0, 0x1d, 0xff, 0xff, 0xb0, 0x1f, 0xff,
    0x97, 0xff, 0xd1, 0x0, 0x0, 0xbf, 0xfe, 0xff,
    0xe0, 0x6, 0xc9, 0x0, 0xaf, 0xfb, 0x0, 0x7,
    0xff, 0x51, 0xcf, 0xf2, 0x11, 0x0, 0x0, 0xef,
    0xff, 0x70, 0x1e, 0xff, 0x20, 0xb, 0xff, 0xff,
    0xe7, 0x3, 0xff, 0xff, 0xe0, 0x6f, 0xff, 0xc0,
    0xc, 0xff, 0xff, 0xff, 0xb0, 0xbd, 0xdf, 0xf6,
    0xaf, 0xff, 0xf2, 0x9f, 0xff, 0xff, 0xff, 0xf8,
    0x0, 0xa, 0xfa, 0xdf, 0xfd, 0x91, 0xff, 0xff,
    0xff, 0xff, 0xff, 0x0, 0x19, 0xfd, 0xff, 0x20,
    0x4, 0xff, 0xff, 0xff, 0xff, 0xff, 0xce, 0xff,
    0xff, 0xff, 0x10, 0x4, 0xff, 0xff, 0xff, 0xff,
    0xff, 0xff, 0xff, 0xff, 0xdf, 0xea, 0x52, 0xff,
    0xff, 0xff, 0xff, 0xff, 0x79, 0xdf, 0xfd, 0xbf,
    0xff, 0xe0, 0xcf, 0xff, 0xff, 0xff, 0xfb, 0x0,
    0xa, 0xfb, 0x7f, 0xff, 0xe0, 0x2f, 0xff, 0xff,
    0xff, 0xe2, 0x22, 0x2e, 0xf6, 0x1f, 0xff, 0x40,
    0x1e, 0xff, 0xff, 0xfd, 0x23, 0xff, 0xff, 0xf1,
    0x8, 0xff, 0x21, 0xdf, 0xf4, 0x77, 0x40, 0x7,
    0xff, 0xff, 0x80, 0x0, 0xdf, 0xec, 0xff, 0xb0,
    0x6, 0x90, 0x2, 0xff, 0xfd, 0x0, 0x0, 0x2e,
    0xff, 0xff, 0x70, 0x3f, 0xfb, 0x4, 0xff, 0xe2,
    0x0, 0x0, 0x2, 0xdf, 0xff, 0xa4, 0xcf, 0xff,
    0xef, 0xfd, 0x20, 0x0, 0x0, 0x0, 0x19, 0xff,
    0xff, 0xff, 0xff, 0xff, 0x91, 0x0, 0x0, 0x0,
    0x0, 0x0, 0x27, 0xcf, 0xff, 0xfc, 0x72, 0x0,
    0x0, 0x0, 0x0, 0x0, 0x0, 0x0, 0x0, 0x0,
    0x0, 0x0, 0x0, 0x0, 0x0,

    /* U+F335 "" */
    0x0, 0x0, 0x0, 0x0, 0x2, 0xbe, 0xa1, 0x0,
    0x0, 0x0, 0x15, 0x78, 0xdf, 0xbf, 0xb0, 0x0,
    0x0, 0x8f, 0xff, 0xff, 0x60, 0x9f, 0x0, 0x0,
    0xcf, 0xff, 0xff, 0xfa, 0x3c, 0xf0, 0x0, 0x9f,
    0xfd, 0x51, 0x18, 0xff, 0xf5, 0x0, 0x2f, 0xfd,
    0x0, 0x0, 0x4, 0x62, 0x0, 0x7, 0xff, 0x40,
    0x0, 0x0, 0x0, 0x0, 0x0, 0x9f, 0xf0, 0x0,
    0x0, 0x2b, 0xd9, 0x10, 0xa, 0xff, 0x1, 0x57,
    0x8d, 0xfb, 0xfb, 0x0, 0xaf, 0xf8, 0xff, 0xff,
    0xf6, 0x9, 0xf0, 0xa, 0xff, 0xff, 0xff, 0xff,
    0x92, 0xcf, 0x0, 0xaf, 0xff, 0xe6, 0x22, 0x9f,
    0xff, 0x60, 0xa, 0xff, 0xd1, 0x0, 0x0, 0x57,
    0x30, 0x0, 0xaf, 0xf4, 0x0, 0x0, 0x0, 0x0,
    0x0, 0xa, 0xff, 0x0, 0x0, 0x0, 0x0, 0x0,
    0x0, 0xaf, 0xf0, 0x0, 0x0, 0x0, 0x0, 0x0,
    0xa, 0xff, 0x0, 0x0, 0x0, 0x0, 0x0, 0x3,
    0xef, 0xf7, 0x0, 0x0, 0x0, 0x0, 0x0, 0xde,
    0x6b, 0xf2, 0x0, 0x0, 0x0, 0x0, 0xf, 0x90,
    0x4f, 0x50, 0x0, 0x0, 0x0, 0x0, 0xbf, 0x8c,
    0xf1, 0x0, 0x0, 0x0, 0x0, 0x1, 0xcf, 0xe4,
    0x0, 0x0, 0x0, 0x0, 0x0, 0x0, 0x0, 0x0,
    0x0, 0x0, 0x0, 0x0, 0x0,

    /* U+F336 "" */
    0x0, 0xb, 0xff, 0xff, 0xff, 0xff, 0xff, 0xff,
    0xff, 0x90, 0xb, 0xff, 0xff, 0xff, 0xff, 0xff,
    0xff, 0xff, 0xf9, 0xb, 0xff, 0xff, 0xff, 0xff,
    0xff, 0xff, 0xff, 0xff, 0x9c, 0xff, 0xeb, 0xbb,
    0xbb, 0xbb, 0xbb, 0xbb, 0xff, 0xf9, 0xff, 0xfb,
    0x0, 0x0, 0x0, 0x0, 0x0, 0x1f, 0xff, 0x9f,
    0xff, 0xb0, 0x0, 0x0, 0x0, 0x0, 0x1, 0xff,
    0xf9, 0xff, 0xfb, 0x0, 0x0, 0x0, 0x0, 0x0,
    0x1f, 0xff, 0x9f, 0xff, 0xb0, 0x0, 0x5b, 0xbb,
    0xbb, 0xbb, 0xff, 0xf9, 0xff, 0xfb, 0x0, 0x8,
    0xff, 0xff, 0xff, 0xff, 0xfe, 0x4f, 0xff, 0xb0,
    0x0, 0x8f, 0xff, 0xff, 0xff, 0xf9, 0x0, 0xff,
    0xfb, 0x0, 0x0, 0x0, 0xd, 0xff, 0xff, 0x30,
    0xf, 0xff, 0xb0, 0x0, 0x0, 0x0, 0xdf, 0xff,
    0xfd, 0x30, 0xff, 0xfb, 0x0, 0x0, 0x0, 0xd,
    0xff, 0xff, 0xff, 0x4f, 0xff, 0xb0, 0x0, 0x49,
    0x99, 0xef, 0xff, 0xff, 0xf4, 0xff, 0xfb, 0x0,
    0x8, 0xff, 0xff, 0xff, 0xff, 0xfe, 0xf, 0xff,
    0xb0, 0x0, 0x8f, 0xff, 0xff, 0xf5, 0x1, 0x10,
    0xff, 0xfb, 0x0, 0x8, 0xff, 0xff, 0xff, 0x10,
    0x0, 0xf, 0xff, 0xb0, 0x0, 0x8f, 0xff, 0xff,
    0xf7, 0x0, 0x0, 0xff, 0xfe, 0x99, 0x9c, 0xfe,
    0xbf, 0xff, 0xc0, 0x0, 0xf, 0xff, 0xff, 0xff,
    0xff, 0x0, 0x5f, 0xd2, 0x0, 0x0, 0xff, 0xff,
    0xff, 0xff, 0xc0, 0x0, 0x10, 0x0, 0x0, 0xf,
    0xff, 0xff, 0xff, 0xf8, 0x0, 0x0, 0x0, 0x0,
    0x0, 0x0, 0x0, 0x0, 0x0, 0x0, 0x0, 0x0,
    0x0, 0x0, 0x0,

    /* U+F337 "" */
    0x0, 0x0, 0x0, 0x0, 0x0, 0x10, 0x0, 0x0,
    0x0, 0x0, 0x0, 0x0, 0x0, 0x0, 0x0, 0xa,
    0xff, 0xfe, 0xdc, 0x50, 0x0, 0x0, 0x0, 0x0,
    0x0, 0x2, 0xdf, 0xff, 0xff, 0xff, 0xf3, 0x0,
    0x0, 0x0, 0x0, 0x0, 0x5f, 0xff, 0xff, 0xa9,
    0xff, 0xfe, 0x50, 0x0, 0x0, 0x0, 0x5, 0xff,
    0xff, 0xff, 0xfa, 0x29, 0xff, 0xfc, 0x0, 0x0,
    0x0, 0x7f, 0xff, 0xff, 0xff, 0xff, 0xff, 0xff,
    0xef, 0x80, 0x0, 0x3d, 0xff, 0xff, 0xff, 0xff,
    0xff, 0xff, 0xff, 0xff, 0xf4, 0x0, 0x6f, 0xff,
    0xff, 0xff, 0xff, 0xff, 0x97, 0x89, 0xab, 0xf5,
    0x1, 0xef, 0xff, 0xff, 0xff, 0xff, 0xff, 0x60,
    0x0, 0x0, 0xf3, 0xc, 0xff, 0xff, 0xff, 0xff,
    0xff, 0xff, 0x80, 0x0, 0x1, 0x70, 0x5f, 0xff,
    0xff, 0xff, 0xff, 0xff, 0xff, 0xa0, 0x0, 0x0,
    0x0, 0x39, 0xff, 0xff, 0xff, 0xff, 0xff, 0xff,
    0xc0, 0x0, 0x0, 0x0, 0x9, 0xdf, 0xff, 0xff,
    0xff, 0xff, 0xff, 0xd0, 0x0, 0x0, 0x0, 0x2,
    0x4f, 0xff, 0xff, 0xff, 0xff, 0xff, 0x50, 0x0,
    0x0, 0x0, 0x0, 0xe, 0xff, 0xff, 0xff, 0xff,
    0xfb, 0x0, 0x0, 0x0, 0x0, 0x0, 0x7, 0x5d,
    0xff, 0xff, 0xff, 0xf4, 0x0, 0x0, 0x0, 0x0,
    0x0, 0x0, 0x0, 0x44, 0x9e, 0xdd, 0x60, 0x0,
    0x0, 0x0, 0x0, 0x0, 0x0, 0x0, 0x0, 0x0,
    0x0, 0x0, 0x0, 0x0, 0x0, 0x0,

    /* U+F338 "" */
    0x0, 0x0, 0x0, 0x0, 0x0, 0x0, 0x0, 0x0,
    0x0, 0x70, 0x0, 0x0, 0x0, 0x0, 0x0, 0x0,
    0x0, 0x0, 0x0, 0x0, 0x7a, 0x0, 0x0, 0x0,
    0x0, 0x6, 0x0, 0x0, 0x0, 0x0, 0x0, 0x6f,
    0xb0, 0x0, 0x0, 0x0, 0x0, 0x9c, 0x30, 0x15,
    0x61, 0x3, 0xbf, 0xfb, 0x0, 0x0, 0x0, 0x0,
    0xa, 0x44, 0x98, 0x22, 0x8e, 0xff, 0xff, 0xb0,
    0x0, 0x0, 0x28, 0x63, 0x20, 0x22, 0x0, 0x11,
    0xef, 0xff, 0xfa, 0x0, 0x0, 0x9, 0xd, 0xc0,
    0x3a, 0x50, 0x15, 0x9c, 0xff, 0xff, 0x80, 0x0,
    0x0, 0xa1, 0xdf, 0x71, 0x4a, 0x22, 0xb5, 0xff,
    0xff, 0xf5, 0x0, 0x0, 0xa, 0xff, 0xfc, 0xcf,
    0xfe, 0x88, 0xef, 0xff, 0xff, 0x10, 0x0, 0x0,
    0x1d, 0xff, 0xbd, 0xff, 0xff, 0xff, 0x99, 0xff,
    0xa0, 0x0, 0x0, 0x0, 0x17, 0x97, 0xff, 0xec,
    0x96, 0x44, 0xb7, 0x72, 0x0, 0x0, 0x0, 0x0,
    0x0, 0x3c, 0xff, 0xff, 0xff, 0xe7, 0xcf, 0x83,
    0x0, 0x0, 0x0, 0x0, 0x0, 0x3, 0x9e, 0xff,
    0xff, 0x90, 0x5d, 0x35, 0x41, 0x0, 0x0, 0x0,
    0x0, 0x0, 0x1, 0x21, 0x0, 0x0, 0x15, 0x7f,
    0xf1, 0x0, 0x0, 0x0, 0x0, 0x0, 0x0, 0x0,
    0x0, 0x0, 0x1, 0xef, 0x70, 0x0, 0x0, 0x0,
    0x0, 0x0, 0x0, 0x0, 0x0, 0x0, 0x0, 0x6a,
    0x0, 0x0, 0x0, 0x0, 0x0, 0x0, 0x0, 0x0,
    0x0, 0x0, 0x0, 0x0,

    /* U+F339 "" */
    0x0, 0x6, 0xaa, 0x99, 0x87, 0x66, 0x55, 0x25,
    0x66, 0x78, 0x89, 0x60, 0x1c, 0xff, 0xff, 0xff,
    0xff, 0xff, 0xf6, 0xff, 0xff, 0xff, 0xfe, 0x9,
    0xf7, 0x1a, 0xff, 0xff, 0xff, 0xff, 0x6f, 0xff,
    0xff, 0xff, 0xf0, 0xec, 0x0, 0x8f, 0xff, 0xff,
    0xff, 0xf6, 0xff, 0xff, 0xff, 0xfe, 0xf, 0xa0,
    0x5, 0xff, 0xff, 0xfe, 0x14, 0x6f, 0xff, 0xff,
    0xff, 0xc0, 0xdd, 0x0, 0x1f, 0xff, 0xff, 0x70,
    0x44, 0x3a, 0xff, 0xff, 0xf9, 0x8, 0xf6, 0x0,
    0xcf, 0xff, 0xe0, 0xf, 0x60, 0x4, 0xff, 0xff,
    0x50, 0x1e, 0xf8, 0x27, 0xff, 0xf7, 0x3, 0x53,
    0x70, 0x1f, 0xff, 0xf1, 0x0, 0x3d, 0xff, 0xff,
    0xff, 0x0, 0x90, 0x7, 0x8, 0xff, 0xfb, 0x0,
    0x0, 0x5, 0x9c, 0xff, 0xc0, 0x4b, 0x8, 0x21,
    0xff, 0xff, 0x50, 0x0, 0x0, 0x0, 0x6, 0xff,
    0xb3, 0x1, 0xd0, 0x8f, 0xff, 0xe0, 0x0, 0x0,
    0x0, 0x0, 0xc, 0xff, 0xfc, 0x40, 0xe, 0xff,
    0xf5, 0x0, 0x0, 0x0, 0x0, 0x0, 0x2e, 0xff,
    0xff, 0xdd, 0xff, 0xfa, 0x0, 0x0, 0x0, 0x0,
    0x0, 0x0, 0x2c, 0xff, 0xff, 0xff, 0xe9, 0x0,
    0x0,

    /* U+F33A "" */
    0x0, 0x0, 0x0, 0x0, 0x0, 0x2, 0x0, 0x0,
    0x0, 0x0, 0x1, 0x0, 0x0, 0x0, 0x0, 0x0,
    0x8, 0x0, 0x0, 0x0, 0x1, 0xa0, 0x0, 0x0,
    0x0, 0x0, 0x0, 0x1e, 0x0, 0x0, 0x0, 0x5e,
    0x40, 0x0, 0x0, 0x0, 0x0, 0x0, 0x3f, 0x60,
    0x0, 0x2b, 0xf9, 0x0, 0x0, 0x0, 0x0, 0x0,
    0x0, 0x2f, 0xfb, 0xac, 0xff, 0xc0, 0x0, 0x0,
    0x0, 0x0, 0x0, 0x0, 0xe, 0xff, 0xff, 0xfb,
    0x0, 0x0, 0x0, 0x0, 0x0, 0x0, 0x0, 0x4,
    0xff, 0xfe, 0x60, 0x0, 0x0, 0x0, 0x0, 0x0,
    0x0, 0x0, 0x1, 0x26, 0x40, 0x0, 0x0, 0x0,
    0x0, 0x0, 0x0, 0x0, 0x8, 0xef, 0xf9, 0x0,
    0x0, 0x0, 0x0, 0x0, 0x0, 0x0, 0x4, 0xef,
    0xff, 0xff, 0x80, 0x0, 0x0, 0x0, 0x0, 0x0,
    0x0, 0x6f, 0xff, 0xff, 0xff, 0xf1, 0x0, 0x0,
    0x0, 0x0, 0x0, 0x8, 0xff, 0xff, 0xff, 0xff,
    0xf5, 0x0, 0x0, 0x0, 0x0, 0x0, 0x7f, 0xff,
    0xc7, 0x43, 0x7f, 0xf8, 0x0, 0x0, 0x0, 0x0,
    0x6, 0xff, 0xb3, 0x0, 0x0, 0x4, 0xfa, 0x0,
    0x0, 0x0, 0x0, 0x4f, 0xd4, 0x0, 0x0, 0x0,
    0x0, 0xab, 0x0, 0x0, 0x0, 0x2, 0xe8, 0x0,
    0x0, 0x0, 0x0, 0x0, 0x4b, 0x0, 0x0, 0x0,
    0xa, 0x30, 0x0, 0x0, 0x0, 0x0, 0x0, 0x9,
    0x0, 0x0, 0x0, 0x40, 0x0, 0x0, 0x0, 0x0,
    0x0, 0x0, 0x3, 0x0, 0x0, 0x0, 0x0, 0x0,
    0x0, 0x0, 0x0, 0x0, 0x0, 0x0, 0x0, 0x0,
    0x0,

    /* U+F33B "" */
    0x0, 0x0, 0x0, 0x0, 0x0, 0x5b, 0xb3, 0x0,
    0x0, 0x0, 0x0, 0x0, 0x0, 0x0, 0x0, 0x0,
    0x8, 0xa1, 0x2c, 0x50, 0x0, 0x0, 0x0, 0x0,
    0x0, 0x0, 0x0, 0x0, 0x7a, 0x0, 0x0, 0xc4,
    0x0, 0x0, 0x0, 0x0, 0x0, 0x0, 0x0, 0x7,
    0xb0, 0x0, 0x0, 0x1d, 0x40, 0x0, 0x0, 0x0,
    0x0, 0x0, 0x0, 0x7c, 0x0, 0x10, 0x0, 0x2,
    0xd4, 0x0, 0x0, 0x0, 0x0, 0x0, 0x6, 0xf2,
    0x1, 0xb0, 0x0, 0x2c, 0x7f, 0x30, 0x0, 0x0,
    0x0, 0x0, 0x6f, 0xf8, 0x7b, 0xf0, 0x6c, 0x9f,
    0xff, 0xf3, 0x0, 0x0, 0x0, 0x6, 0xff, 0xff,
    0xff, 0xfd, 0xff, 0xff, 0xff, 0xff, 0x30, 0x0,
    0x0, 0x5f, 0xff, 0xff, 0xff, 0xff, 0xff, 0xff,
    0xff, 0xff, 0xe3, 0x0, 0x4, 0xff, 0xff, 0xff,
    0xff, 0xff, 0xff, 0xff, 0xff, 0xff, 0xfe, 0x20,
    0xd, 0xff, 0xff, 0xff, 0xff, 0xff, 0xff, 0xff,
    0xff, 0xff, 0xff, 0xc0, 0xb, 0xff, 0xff, 0xff,
    0xff, 0xff, 0xff, 0xff, 0xff, 0xff, 0xff, 0xe0,
    0x0, 0x49, 0xdf, 0xff, 0xff, 0xff, 0xff, 0xff,
    0xff, 0xff, 0xfd, 0x30, 0x0, 0x0, 0x6, 0xff,
    0xff, 0xff, 0xff, 0xff, 0xff, 0xfb, 0x50, 0x0,
    0x0, 0x1, 0xaf, 0xff, 0xa7, 0x8b, 0xef, 0xff,
    0xc5, 0x0, 0x0, 0x0, 0x0, 0x1, 0xaf, 0xff,
    0xff, 0xc9, 0xdf, 0xff, 0xa0, 0x0, 0x0, 0x0,
    0x0, 0x0, 0x0, 0x6b, 0xff, 0xff, 0xff, 0xff,
    0xfe, 0x12, 0xa9, 0x0, 0x0, 0x0, 0x0, 0x0,
    0x5f, 0xff, 0xff, 0xff, 0xfd, 0x14, 0x88, 0x10,
    0x0, 0x0, 0x5, 0xe9, 0xbf, 0xff, 0xff, 0xf9,
    0x30, 0x6d, 0x0, 0x0, 0x0, 0x0, 0x3, 0x82,
    0xcf, 0xff, 0xff, 0x60, 0x0, 0x1, 0x0, 0x0,
    0x0, 0x0, 0x0, 0x0, 0x1, 0xbf, 0xff, 0xd0,
    0x0, 0x0, 0x0, 0x0, 0x0, 0x0, 0x0, 0x0,
    0x0, 0x3d, 0xc8, 0x10, 0x0, 0x0, 0x0, 0x0,
    0x0, 0x0, 0x0, 0x0, 0x0, 0x0, 0x0, 0x0,
    0x0, 0x0, 0x0, 0x0,

    /* U+F33C "" */
    0x0, 0x0, 0x0, 0x0, 0x3, 0x55, 0x50, 0x0,
    0x0, 0x0, 0x0, 0x0, 0x0, 0x0, 0x0, 0x3,
    0xff, 0xb0, 0x0, 0x0, 0x0, 0x0, 0x0, 0x0,
    0x0, 0x0, 0x0, 0x8f, 0x10, 0x0, 0x0, 0x0,
    0x0, 0x0, 0x0, 0x0, 0x0, 0xc6, 0x8, 0xb,
    0x20, 0x0, 0x0, 0x0, 0x0, 0x0, 0x0, 0x5,
    0x72, 0x8, 0xf, 0xf6, 0x0, 0x0, 0x0, 0x0,
    0x0, 0x0, 0x7, 0x83, 0x8, 0xf, 0xff, 0xa1,
    0x0, 0x0, 0x0, 0x0, 0x6e, 0xee, 0xe6, 0x8,
    0xf, 0xff, 0xfe, 0x30, 0x0, 0x1, 0x66, 0x66,
    0x66, 0x62, 0x8, 0xf, 0xff, 0xff, 0xf8, 0x0,
    0x1, 0x88, 0x88, 0x88, 0x83, 0x8, 0xf, 0xff,
    0xff, 0xff, 0xc2, 0xee, 0xee, 0xee, 0xee, 0xe6,
    0x8, 0xf, 0xff, 0xff, 0xff, 0xfd, 0x0, 0x6,
    0x66, 0x66, 0x62, 0x8, 0xf, 0xff, 0xff, 0xff,
    0xa1, 0x0, 0x8, 0x88, 0x88, 0x83, 0x8, 0xf,
    0xff, 0xff, 0xf6, 0x0, 0x0, 0x0, 0x5, 0xee,
    0xe6, 0x8, 0xf, 0xff, 0xfd, 0x20, 0x0, 0x0,
    0x0, 0x37, 0x77, 0x72, 0x8, 0xf, 0xff, 0x90,
    0x0, 0x0, 0x0, 0x0, 0x37, 0x77, 0x73, 0x8,
    0xf, 0xe4, 0x0, 0x0, 0x0, 0x0, 0x0, 0x0,
    0xd, 0xe6, 0x8, 0x9, 0x10, 0x0, 0x0, 0x0,
    0x0, 0x0, 0x0, 0x0, 0x0, 0x8, 0x0, 0x0,
    0x0, 0x0, 0x0, 0x0, 0x0, 0x0, 0x0, 0x0,
    0x2, 0x0, 0x0, 0x0, 0x0, 0x0,

    /* U+F33D "" */
    0x5, 0x10, 0x0, 0x0, 0x0, 0x0, 0x0, 0x0,
    0x0, 0x0, 0x0, 0x0, 0xc, 0xf6, 0x0, 0x0,
    0x17, 0xbf, 0xff, 0xeb, 0x60, 0x0, 0x0, 0x0,
    0x1, 0xdf, 0xc2, 0x6, 0xff, 0xff, 0xff, 0xff,
    0xfe, 0x60, 0x0, 0x0, 0x0, 0x1d, 0xfe, 0x4f,
    0xff, 0xff, 0xff, 0xff, 0xff, 0xfa, 0x0, 0x0,
    0x0, 0x1, 0xd2, 0x1, 0xaf, 0xff, 0xff, 0xff,
    0xff, 0xff, 0xa0, 0x0, 0x0, 0x0, 0x61, 0x0,
    0x4, 0xdf, 0xff, 0xff, 0xff, 0xff, 0xf6, 0x0,
    0x0, 0x1, 0xfd, 0x10, 0x0, 0x8, 0xff, 0xff,
    0xff, 0xff, 0xfe, 0x0, 0x0, 0x8, 0xff, 0xc0,
    0x0, 0x0, 0x5f, 0xff, 0xff, 0xff, 0xff, 0x50,
    0x0, 0xd, 0xff, 0xfb, 0x0, 0x0, 0x6, 0xff,
    0xff, 0xff, 0xff, 0xa0, 0x0, 0xf, 0xff, 0xff,
    0xb0, 0x0, 0x0, 0xdf, 0xff, 0xff, 0xff, 0xe0,
    0x0, 0x2f, 0xff, 0xff, 0xfc, 0x10, 0x2, 0xbe,
    0xff, 0xff, 0xff, 0xf0, 0x0, 0x2f, 0xff, 0xff,
    0xff, 0xf8, 0x49, 0xfd, 0xef, 0xff, 0xff, 0xf0,
    0x0, 0xe, 0xcf, 0xff, 0xff, 0xff, 0xfd, 0xcf,
    0x43, 0xdf, 0xff, 0xe0, 0x0, 0xd, 0x4d, 0xff,
    0xff, 0xff, 0xff, 0xf8, 0x0, 0x4f, 0xff, 0xb0,
    0x0, 0x8, 0xa0, 0x9f, 0xff, 0xff, 0xfe, 0x8d,
    0x0, 0xf, 0xff, 0x60, 0x0, 0x2, 0xf3, 0x2,
    0x8b, 0xca, 0x60, 0xc, 0x70, 0x3f, 0xfe, 0x0,
    0x0, 0x0, 0x9e, 0x10, 0x0, 0x0, 0x0, 0x2,
    0xe0, 0xbf, 0xf6, 0x0, 0x0, 0x0, 0xc, 0xe3,
    0x0, 0x0, 0x0, 0x0, 0xbc, 0xff, 0x90, 0x0,
    0x0, 0x0, 0x1, 0xcf, 0x92, 0x0, 0x0, 0x5,
    0xef, 0xfa, 0x0, 0x0, 0x0, 0x0, 0x0, 0x9,
    0xff, 0xeb, 0xac, 0xef, 0xff, 0x70, 0x0, 0x0,
    0x0, 0x0, 0x0, 0x0, 0x28, 0xdf, 0xff, 0xfc,
    0x71, 0x0, 0x0, 0x0, 0x0, 0x0, 0x0, 0x0,
    0x0, 0x0, 0x22, 0x0, 0x0, 0x0, 0x0, 0x0,

    /* U+F33E "" */
    0xee, 0x90, 0x0, 0xae, 0xee, 0x20, 0x0, 0x0,
    0x0, 0xee, 0xec, 0xff, 0xa0, 0x0, 0xbf, 0xff,
    0x20, 0x0, 0x0, 0x0, 0xff, 0xfd, 0xff, 0xa0,
    0x0, 0xaf, 0xff, 0xd6, 0x0, 0x0, 0x4c, 0xff,
    0xfd, 0xff, 0xa0, 0x0, 0x6, 0xef, 0xff, 0xd5,
    0x0, 0x7e, 0xff, 0x80, 0xff, 0xa0, 0x0, 0x0,
    0x7, 0xff, 0xff, 0xc4, 0x0, 0x51, 0x0, 0xff,
    0xa0, 0x0, 0x0, 0x0, 0x18, 0xff, 0xff, 0xc3,
    0x0, 0x0, 0xff, 0xa0, 0x0, 0x0, 0x28, 0x20,
    0x19, 0xff, 0xff, 0xb3, 0x0, 0xff, 0xa0, 0x0,
    0x19, 0xff, 0xfa, 0x0, 0x2a, 0xff, 0xff, 0xa2,
    0xff, 0xa0, 0x0, 0xbf, 0xff, 0xc3, 0x0, 0x0,
    0x2b, 0xff, 0xfd, 0xff, 0xa0, 0x0, 0xbf, 0xff,
    0x20, 0x0, 0x0, 0x0, 0xff, 0xfe, 0xff, 0xa0,
    0x0, 0x8c, 0xcc, 0x10, 0x0, 0x0, 0x0, 0xbb,
    0xba, 0xff, 0xa0, 0x0, 0x0, 0x58, 0x88, 0x88,
    0x88, 0x88, 0x86, 0x10, 0xff, 0xa0, 0x0, 0x1d,
    0xff, 0xff, 0xff, 0xff, 0xff, 0xff, 0xf3, 0xff,
    0xa0, 0x0, 0x9f, 0xff, 0xff, 0xff, 0xff, 0xff,
    0xff, 0xfb, 0xff, 0xa0, 0x0, 0xbf, 0xf7, 0x44,
    0x43, 0x33, 0xaf, 0xff, 0xe5, 0xff, 0xa0, 0x0,
    0xbf, 0xf0, 0x0, 0x0, 0x2c, 0xff, 0xfb, 0x10,
    0xff, 0xa0, 0x0, 0xbf, 0xf0, 0x0, 0x8, 0xff,
    0xfe, 0x50, 0x0, 0xff, 0xa0, 0x0, 0xbf, 0xf0,
    0x2, 0xbd, 0xdd, 0xa1, 0x0, 0x0, 0xff, 0xa0,
    0x0, 0xbf, 0xf1, 0x0, 0x0, 0x0, 0x0, 0x0,
    0x0, 0xff, 0xa0, 0x0, 0xaf, 0xff, 0xdd, 0xdd,
    0xdd, 0xdd, 0xdd, 0xda, 0xff, 0xa0, 0x0, 0x5f,
    0xff, 0xff, 0xff, 0xff, 0xff, 0xff, 0xfd, 0xff,
    0xa0, 0x0, 0x5, 0xdf, 0xff, 0xff, 0xff, 0xff,
    0xff, 0xfd, 0x0, 0x0, 0x0, 0x0, 0x0, 0x0,
    0x0, 0x0, 0x0, 0x0, 0x0,

    /* U+F33F "" */
    0x0, 0x0, 0x0, 0x0, 0x0, 0x0, 0x0, 0x0,
    0x0, 0x0, 0x0, 0x0, 0x0, 0x0, 0x0, 0x16,
    0x9a, 0xa8, 0x50, 0x0, 0x0, 0x0, 0x0, 0x0,
    0x0, 0x2, 0xaf, 0x95, 0x22, 0x47, 0xb9, 0x10,
    0x0, 0x0, 0x0, 0x0, 0x7, 0xfa, 0x10, 0x0,
    0x0, 0x0, 0x4c, 0x40, 0x0, 0x0, 0x0, 0x8,
    0xf6, 0x0, 0x0, 0x0, 0x0, 0x0, 0xb, 0x50,
    0x0, 0x0, 0x6, 0xf8, 0x0, 0x0, 0x0, 0x0,
    0x0, 0x0, 0x1f, 0x20, 0x0, 0x1, 0xfd, 0x0,
    0x0, 0x10, 0x0, 0x0, 0x0, 0xb, 0xfd, 0x0,
    0x0, 0x9f, 0x50, 0x0, 0x3e, 0x10, 0x0, 0x0,
    0x9, 0xfc, 0xa5, 0x0, 0xf, 0xf0, 0x0, 0x0,
    0xac, 0x0, 0x0, 0x6, 0xfe, 0x14, 0xb0, 0x3,
    0xfd, 0x0, 0x0, 0x0, 0xca, 0x0, 0x4, 0xff,
    0x30, 0x1f, 0x0, 0x6f, 0xb0, 0x0, 0x1c, 0x21,
    0xe8, 0x2, 0xef, 0x50, 0x0, 0xf2, 0x7, 0xfc,
    0x0, 0xc, 0xfd, 0x13, 0xf7, 0xdf, 0x70, 0x0,
    0xf, 0x30, 0x6f, 0xe0, 0xa, 0xff, 0xfb, 0x5,
    0xff, 0xa0, 0x0, 0x2, 0xf3, 0x4, 0xff, 0x28,
    0xff, 0xff, 0xf9, 0x9f, 0xf3, 0x2, 0x60, 0x6f,
    0x0, 0xf, 0xfc, 0xff, 0xff, 0xff, 0xff, 0xd9,
    0xd2, 0xdf, 0x5d, 0xd0, 0x0, 0xbf, 0xff, 0xff,
    0xff, 0xff, 0xf7, 0xb, 0xff, 0xff, 0xf7, 0x0,
    0x5, 0xff, 0xff, 0xff, 0xff, 0xff, 0xf3, 0x9f,
    0xff, 0xff, 0x10, 0x1, 0xdf, 0xff, 0xff, 0xff,
    0xff, 0xff, 0xff, 0xff, 0xff, 0xfb, 0x0, 0x9d,
    0xdd, 0xdd, 0xdd, 0xdd, 0xdd, 0xdd, 0xdd, 0xdd,
    0xdd, 0xd6, 0x0,

    /* U+F340 "" */
    0x0, 0x0, 0x0, 0x0, 0x0, 0x0, 0x0, 0x0,
    0x1, 0x0, 0x0, 0x0, 0x0, 0x0, 0x0, 0x0,
    0x0, 0x0, 0x0, 0x8c, 0x10, 0x2c, 0x30, 0x0,
    0x0, 0x0, 0x0, 0x0, 0x29, 0x50, 0x8d, 0x10,
    0x2e, 0xfd, 0x0, 0x0, 0x0, 0x0, 0x4, 0x2e,
    0x70, 0x8d, 0x10, 0x2e, 0xff, 0xf0, 0x0, 0x0,
    0x1, 0x8c, 0x3e, 0x70, 0x8d, 0x10, 0x1d, 0xff,
    0xfe, 0x0, 0x0, 0x2a, 0xea, 0x13, 0x20, 0x5,
    0x10, 0x1d, 0xff, 0xff, 0x90, 0x1, 0x67, 0x20,
    0x0, 0x0, 0x0, 0x0, 0xd, 0xff, 0xff, 0xf4,
    0x1, 0x10, 0x0, 0x0, 0x0, 0x0, 0x0, 0x0,
    0xbf, 0xff, 0xfc, 0x0, 0x0, 0x0, 0x0, 0x0,
    0x0, 0x0, 0x0, 0x6, 0xff, 0xff, 0x50, 0x0,
    0x0, 0x0, 0x0, 0x0, 0x0, 0x0, 0x0, 0x5f,
    0xff, 0xc0, 0x0, 0x0, 0x0, 0x0, 0x0, 0x0,
    0x0, 0x0, 0x5, 0xff, 0xf3, 0x0, 0x0, 0x0,
    0x0, 0x0, 0x0, 0x0, 0x0, 0x0, 0x7f, 0xf9,
    0x0, 0x0, 0x0, 0x0, 0x0, 0x0, 0x0, 0x0,
    0x0, 0xb, 0xfe, 0x0, 0x0, 0x0, 0x0, 0x0,
    0x0, 0x0, 0x0, 0x0, 0x0, 0xff, 0x40, 0x0,
    0x0, 0x0, 0x0, 0x0, 0x0, 0x0, 0x0, 0x0,
    0x5f, 0x80, 0x0, 0x0, 0x0, 0x0, 0x0, 0x0,
    0x0, 0x0, 0x0, 0xa, 0xc0, 0x0, 0x0, 0x0,
    0x0, 0x0, 0x0, 0x0, 0x0, 0x0, 0x1, 0xe1,
    0x0, 0x0, 0x0, 0x0, 0x0, 0x0, 0x0, 0x0,
    0x0, 0x0, 0x73, 0x0, 0x0, 0x0, 0x0, 0x0,
    0x0, 0x0, 0x0, 0x0, 0x0, 0x5, 0x0, 0x0,
    0x0, 0x0, 0x0, 0x0, 0x0, 0x0, 0x0, 0x0,
    0x0, 0x0, 0x0, 0x0, 0x0, 0x0,

    /* U+F341 "" */
    0x0, 0x0, 0x0, 0x0, 0x0, 0x0, 0x0, 0x0,
    0x0, 0x0, 0x0, 0x0, 0x0, 0x0, 0x0, 0x0,
    0x37, 0x87, 0x78, 0x88, 0x88, 0x88, 0x60, 0x0,
    0x0, 0x15, 0x55, 0x6a, 0x50, 0x0, 0x0, 0x0,
    0x10, 0x0, 0x29, 0x0, 0x3, 0x60, 0x0, 0x2,
    0x70, 0x0, 0x0, 0x0, 0x46, 0x0, 0x6, 0x20,
    0x7, 0x0, 0x0, 0x0, 0x35, 0x0, 0x0, 0x0,
    0x6, 0x30, 0x4, 0x30, 0x7, 0x0, 0x0, 0x0,
    0x8, 0x0, 0x0, 0x0, 0x0, 0x80, 0x6, 0x10,
    0x8, 0x0, 0x11, 0x0, 0x8, 0x0, 0x0, 0x0,
    0x0, 0x27, 0x37, 0x0, 0x8, 0x19, 0x66, 0x88,
    0x77, 0x0, 0x0, 0x0, 0x3d, 0xc4, 0x38, 0x0,
    0x8, 0x0, 0x7, 0xa8, 0x20, 0x0, 0x0, 0x0,
    0xdf, 0xf9, 0x5, 0x20, 0x8, 0x1, 0xdf, 0xff,
    0xf3, 0x0, 0x0, 0x0, 0xcf, 0xf9, 0x1, 0x60,
    0x8, 0x9, 0xff, 0xb3, 0x8d, 0x0, 0x0, 0x0,
    0x18, 0x80, 0x0, 0x70, 0x8, 0xd, 0xff, 0x10,
    0xd, 0x20, 0x0, 0x1, 0x50, 0x0, 0x0, 0x70,
    0x7, 0xc, 0xff, 0x30, 0x1e, 0x20, 0x38, 0xdf,
    0xb0, 0x0, 0x0, 0x80, 0x7, 0x7, 0xff, 0xea,
    0xdc, 0xa, 0xff, 0xff, 0x30, 0x1, 0x0, 0x80,
    0x7, 0x0, 0x9f, 0xff, 0xd2, 0x0, 0x6e, 0xfb,
    0x0, 0xb, 0x2, 0x50, 0x5, 0x30, 0x2, 0x64,
    0x0, 0x0, 0x0, 0xb9, 0x0, 0x76, 0x7, 0x10,
    0x0, 0x80, 0x0, 0x0, 0x0, 0x40, 0x0, 0xc6,
    0xbb, 0x60, 0x8, 0x0, 0x0, 0x53, 0x0, 0x0,
    0x0, 0x8a, 0x8b, 0x30, 0x0, 0x0, 0x72, 0x0,
    0x0, 0x8, 0x10, 0x0, 0x0, 0x0, 0x20, 0x0,
    0x0, 0x3, 0x60, 0x0, 0x0, 0x0, 0x91, 0x0,
    0x0, 0x0, 0x0, 0x0, 0x0, 0x38, 0x0, 0x0,
    0x0, 0x0, 0x9, 0x40, 0x0, 0x0, 0x0, 0x0,
    0x7, 0x60, 0x0, 0x0, 0x0, 0x0, 0x0, 0x49,
    0x51, 0x0, 0x0, 0x27, 0x92, 0x0, 0x0, 0x0,
    0x0, 0x0, 0x0, 0x0, 0x37, 0x88, 0x88, 0x61,
    0x0, 0x0, 0x0, 0x0,

    /* U+F342 "" */
    0x0, 0x0, 0x0, 0x0, 0x8, 0xc9, 0x10, 0x0,
    0x0, 0x0, 0x0, 0x0, 0x0, 0x0, 0x6e, 0xff,
    0xff, 0x70, 0x0, 0x0, 0x0, 0x0, 0x0, 0x3,
    0xcf, 0xff, 0xff, 0xff, 0xd5, 0x0, 0x0, 0x0,
    0x0, 0x1a, 0xff, 0xff, 0xff, 0xff, 0xff, 0xfb,
    0x20, 0x0, 0x0, 0x8f, 0xff, 0xff, 0xff, 0xff,
    0xff, 0xff, 0xff, 0x90, 0x0, 0x9f, 0xff, 0xff,
    0xfe, 0x60, 0x5d, 0xff, 0xff, 0xff, 0xc0, 0xe,
    0xff, 0xff, 0xf9, 0x10, 0x0, 0x7, 0xff, 0xff,
    0xff, 0x10, 0xff, 0xff, 0xd2, 0x0, 0x0, 0x0,
    0x1, 0xbf, 0xff, 0xf1, 0xf, 0xff, 0xf5, 0x0,
    0x0, 0x0, 0x0, 0x3, 0xff, 0xff, 0x10, 0xff,
    0xff, 0x50, 0x0, 0x0, 0x0, 0x0, 0x2f, 0xff,
    0xf1, 0xf, 0xff, 0xf5, 0x0, 0x0, 0x0, 0x0,
    0x2, 0xff, 0xff, 0x10, 0xff, 0xff, 0x50, 0x0,
    0x0, 0x0, 0x0, 0x2f, 0xff, 0xf1, 0xf, 0xff,
    0xf5, 0x0, 0x0, 0x0, 0x0, 0x2, 0xff, 0xff,
    0x10, 0xff, 0xff, 0x70, 0x0, 0x0, 0x0, 0x0,
    0x4f, 0xff, 0xf1, 0xf, 0xff, 0xff, 0x70, 0x0,
    0x0, 0x0, 0x5e, 0xff, 0xff, 0x10, 0xef, 0xff,
    0xff, 0xd4, 0x0, 0x3, 0xcf, 0xff, 0xff, 0xf0,
    0x6, 0xff, 0xff, 0xff, 0xfb, 0x5a, 0xff, 0xff,
    0xff, 0xf8, 0x0, 0x3, 0xcf, 0xff, 0xff, 0xff,
    0xff, 0xff, 0xff, 0xe5, 0x0, 0x0, 0x0, 0x6e,
    0xff, 0xff, 0xff, 0xff, 0xff, 0xff, 0xa1, 0x0,
    0x0, 0x0, 0x19, 0xff, 0xff, 0xff, 0xff, 0xff,
    0xff, 0xf2, 0x0, 0x0, 0x0, 0x2, 0xbf, 0xff,
    0xc8, 0xff, 0xff, 0xff, 0x30, 0x0, 0x0, 0x0,
    0x0, 0x48, 0x50, 0x1, 0x9e, 0xfa, 0x20, 0x0,
    0x0, 0x0, 0x0, 0x0, 0x0, 0x0, 0x0, 0x0,
    0x0, 0x0,

    /* U+F343 "" */
    0x0, 0x18, 0x70, 0x0, 0x0, 0x0, 0x0, 0x0,
    0x0, 0x17, 0xd5, 0x90, 0x0, 0x0, 0x0, 0x0,
    0x0, 0x0, 0xb2, 0xa3, 0x90, 0x0, 0x0, 0x3b,
    0x10, 0x0, 0x0, 0x9c, 0xb3, 0x90, 0x0, 0x1b,
    0xff, 0x10, 0x0, 0x0, 0x83, 0xd3, 0x95, 0x90,
    0xe, 0xff, 0x10, 0x0, 0x0, 0x9b, 0xb3, 0x91,
    0xb1, 0xe, 0xff, 0x10, 0x0, 0x0, 0x83, 0xe3,
    0x92, 0x14, 0x2e, 0xff, 0x10, 0x0, 0x0, 0x9a,
    0xa3, 0x94, 0xc4, 0x6e, 0xff, 0x10, 0x0, 0x0,
    0x85, 0xf3, 0x90, 0x54, 0x7e, 0xff, 0x1a, 0x53,
    0x0, 0xa7, 0x97, 0xb0, 0x2, 0x2e, 0xff, 0x19,
    0x6f, 0x50, 0x8b, 0xc4, 0x59, 0x0, 0xe, 0xff,
    0x16, 0x5f, 0xf1, 0xe4, 0x0, 0x3, 0xa0, 0xe,
    0xff, 0x10, 0x8f, 0xf1, 0x3a, 0x10, 0x0, 0x1a,
    0x1e, 0xff, 0x10, 0x1d, 0xf1, 0x2, 0xb3, 0x0,
    0x0, 0x8f, 0xff, 0x10, 0x1, 0xb1, 0x0, 0xa,
    0x60, 0x3, 0xcf, 0xff, 0x90, 0x0, 0x0, 0x0,
    0x0, 0xaa, 0xaf, 0xff, 0xff, 0xfb, 0x10, 0x0,
    0x0, 0x0, 0x9f, 0xff, 0xff, 0xff, 0xff, 0xd2,
    0x0, 0x0, 0x0, 0xaf, 0xff, 0xff, 0xff, 0xff,
    0xff, 0x40, 0x0, 0x0, 0x3e, 0xff, 0xff, 0xff,
    0xff, 0xfe, 0x60, 0x0, 0x0, 0x1, 0xcf, 0xff,
    0xff, 0xfe, 0x70, 0x0, 0x0, 0x0, 0x0, 0xa,
    0xff, 0xfe, 0x70, 0x0, 0x0, 0x0, 0x0, 0x0,
    0x0, 0x7e, 0x70, 0x0, 0x0, 0x0, 0x0, 0x0,
    0x0, 0x0, 0x0, 0x0, 0x0, 0x0, 0x0,

    /* U+F344 "" */
    0x0, 0x0, 0x0, 0x0, 0x0, 0x0, 0x0, 0x0,
    0x6b, 0xda, 0x20, 0x0, 0x0, 0x0, 0x0, 0x0,
    0x0, 0x0, 0x0, 0x1d, 0xfe, 0xef, 0xf7, 0x0,
    0x0, 0x0, 0x3, 0x44, 0x10, 0x0, 0x0, 0xbf,
    0x60, 0x3, 0xef, 0x50, 0x0, 0x8, 0xff, 0xff,
    0xfa, 0x10, 0x0, 0xf7, 0x0, 0xd1, 0x6f, 0xc0,
    0x0, 0xbf, 0xff, 0xff, 0xff, 0xf4, 0x1, 0xf3,
    0x0, 0x97, 0x2f, 0xf0, 0x7, 0xfe, 0x30, 0x4,
    0xdf, 0xff, 0x20, 0xd8, 0x0, 0xa6, 0x4f, 0xf0,
    0xd, 0xf3, 0x8, 0xc8, 0x1c, 0xff, 0xc0, 0x3e,
    0xac, 0xd0, 0xcf, 0xd0, 0xf, 0xe0, 0xab, 0x6d,
    0xa2, 0xff, 0xf8, 0x2, 0x76, 0x8, 0xff, 0x80,
    0xe, 0xd0, 0xc0, 0x3, 0xf0, 0xcf, 0xff, 0x93,
    0x35, 0xcf, 0xfe, 0x10, 0xc, 0xf4, 0x0, 0x2,
    0xf0, 0xbf, 0xff, 0xff, 0xff, 0xff, 0xe3, 0x0,
    0x5, 0xff, 0x73, 0x4c, 0xa0, 0xef, 0xff, 0xff,
    0xff, 0xfc, 0x20, 0x0, 0x0, 0x5e, 0xff, 0xfa,
    0x4, 0xff, 0xff, 0xdc, 0xb9, 0x40, 0x0, 0x0,
    0x0, 0x0, 0x34, 0x10, 0xa, 0xff, 0xb1, 0x0,
    0x0, 0x0, 0x0, 0x0, 0x0, 0x0, 0x0, 0x0,
    0xe, 0xfe, 0x13, 0xbc, 0x91, 0x0, 0x0, 0x0,
    0x0, 0x0, 0x0, 0x0, 0x2f, 0xf7, 0x1e, 0x86,
    0xbe, 0x20, 0x0, 0x0, 0x0, 0x0, 0x0, 0x0,
    0x4f, 0xf5, 0x6b, 0x0, 0xd, 0xb0, 0x0, 0x0,
    0x0, 0x0, 0x0, 0x0, 0x3f, 0xf5, 0x7b, 0x0,
    0x9, 0xf0, 0x0, 0x0, 0x0, 0x0, 0x0, 0x0,
    0xf, 0xfa, 0x2e, 0x86, 0xa, 0xf1, 0x0, 0x0,
    0x0, 0x0, 0x0, 0x0, 0xb, 0xff, 0x31, 0x76,
    0xe, 0xf0, 0x0, 0x0, 0x0, 0x0, 0x0, 0x0,
    0x2, 0xef, 0xe6, 0x34, 0xcf, 0xa0, 0x0, 0x0,
    0x0, 0x0, 0x0, 0x0, 0x0, 0x3e, 0xff, 0xff,
    0xfc, 0x10, 0x0, 0x0, 0x0, 0x0, 0x0, 0x0,
    0x0, 0x1, 0x8d, 0xfc, 0x60, 0x0, 0x0, 0x0,

    /* U+F345 "" */
    0x0, 0x0, 0x0, 0x0, 0x0, 0x13, 0x0, 0x0,
    0x0, 0x0, 0x0, 0x0, 0x0, 0x0, 0x0, 0x0,
    0x8, 0xa0, 0x0, 0x0, 0x0, 0x0, 0x0, 0x0,
    0x0, 0x0, 0x0, 0x0, 0xef, 0x10, 0x0, 0x0,
    0x0, 0x0, 0x0, 0x0, 0x0, 0x0, 0x0, 0x5f,
    0xf8, 0x0, 0x0, 0x0, 0x0, 0x0, 0x0, 0x0,
    0x0, 0x0, 0xc, 0xff, 0xe0, 0x0, 0x0, 0x0,
    0x0, 0x0, 0x0, 0x0, 0x0, 0x3, 0xff, 0xff,
    0x60, 0x0, 0x0, 0x0, 0x0, 0x0, 0x0, 0x0,
    0x0, 0x4f, 0xff, 0xfe, 0x0, 0x0, 0x0, 0x0,
    0x0, 0x0, 0x0, 0x0, 0x2c, 0x7e, 0xff, 0xf6,
    0x0, 0x0, 0x0, 0x0, 0x0, 0x0, 0x0, 0x9,
    0xff, 0xcf, 0xff, 0xd0, 0x0, 0x0, 0x0, 0x0,
    0x0, 0x0, 0x2, 0xff, 0xff, 0xff, 0xff, 0x60,
    0x0, 0x0, 0x0, 0x0, 0x0, 0x0, 0xaf, 0xff,
    0xff, 0xff, 0xfe, 0x0, 0x0, 0x0, 0x0, 0x0,
    0x0, 0x2f, 0xff, 0xff, 0xff, 0xff, 0xf6, 0x0,
    0x0, 0x0, 0x0, 0x0, 0xb, 0xff, 0xff, 0x95,
    0xff, 0xff, 0xe0, 0x0, 0x0, 0x0, 0x0, 0x3,
    0xff, 0xf4, 0x50, 0x4, 0x3c, 0xff, 0x70, 0x0,
    0x0, 0x0, 0x0, 0xcf, 0xff, 0x10, 0x0, 0x0,
    0xcf, 0xfe, 0x0, 0x0, 0x0, 0x0, 0x5f, 0xff,
    0x90, 0xc, 0xe3, 0x6, 0xef, 0xf8, 0x0, 0x0,
    0x0, 0xd, 0xff, 0xf0, 0x2, 0xff, 0x80, 0xb,
    0xfb, 0xb1, 0x0, 0x0, 0x6, 0xff, 0xff, 0xe1,
    0x8, 0xa1, 0x5, 0xff, 0xfb, 0x10, 0x0, 0x0,
    0xef, 0xff, 0xfc, 0x0, 0x0, 0x0, 0x5f, 0xff,
    0xfd, 0x20, 0x0, 0x8f, 0xff, 0xe6, 0x0, 0x0,
    0x0, 0x0, 0x4d, 0xff, 0xfa, 0x0, 0x1f, 0xfc,
    0x50, 0x0, 0x0, 0x0, 0x0, 0x0, 0x5, 0xcf,
    0xf3, 0x8, 0x82, 0x0, 0x0, 0x0, 0x0, 0x0,
    0x0, 0x0, 0x0, 0x28, 0x90, 0x0, 0x0, 0x0,
    0x0, 0x0, 0x0, 0x0, 0x0, 0x0, 0x0, 0x0,
    0x0,

    /* U+F346 "" */
    0x0, 0x0, 0x0, 0x0, 0x0, 0x1, 0x0, 0x0,
    0x0, 0x0, 0x0, 0x0, 0x0, 0x0, 0x0, 0x0,
    0x6, 0xa0, 0x0, 0x0, 0x0, 0x0, 0x0, 0x0,
    0x0, 0x0, 0x0, 0x0, 0xef, 0x30, 0x0, 0x0,
    0x0, 0x0, 0x0, 0x0, 0x0, 0x0, 0x0, 0x7f,
    0xfb, 0x0, 0x0, 0x0, 0x0, 0x0, 0x0, 0x0,
    0x0, 0x0, 0x1f, 0xff, 0xf3, 0x0, 0x0, 0x0,
    0x0, 0x0, 0x0, 0x0, 0x0, 0x8, 0xff, 0xff,
    0xb0, 0x0, 0x0, 0x0, 0x0, 0x0, 0x0, 0x0,
    0x1, 0xff, 0xff, 0xff, 0x40, 0x0, 0x0, 0x0,
    0x0, 0x0, 0x0, 0x0, 0x9f, 0xff, 0xff, 0xfc,
    0x0, 0x0, 0x0, 0x0, 0x0, 0x0, 0x0, 0x2f,
    0xff, 0xff, 0xff, 0xf4, 0x0, 0x0, 0x0, 0x0,
    0x0, 0x0, 0xa, 0xff, 0xff, 0xef, 0xff, 0xc0,
    0x0, 0x0, 0x0, 0x0, 0x0, 0x3, 0xff, 0xff,
    0x74, 0xff, 0xff, 0x50, 0x0, 0x0, 0x0, 0x0,
    0x0, 0xbf, 0xff, 0xd0, 0xb, 0xff, 0xfd, 0x0,
    0x0, 0x0, 0x0, 0x0, 0x3f, 0xff, 0xf5, 0x0,
    0x3f, 0xff, 0xf6, 0x0, 0x0, 0x0, 0x0, 0xc,
    0xff, 0xfc, 0x0, 0x0, 0xaf, 0xff, 0xd0, 0x0,
    0x0, 0x0, 0x4, 0xff, 0xff, 0x30, 0x0, 0x2,
    0xff, 0xff, 0x60, 0x0, 0x0, 0x0, 0xcf, 0xff,
    0xa0, 0x0, 0x0, 0x9, 0xff, 0xfe, 0x0, 0x0,
    0x0, 0x5f, 0xff, 0xf1, 0x0, 0x0, 0x0, 0x1f,
    0xff, 0xf7, 0x0, 0x0, 0xd, 0xff, 0xf8, 0x0,
    0x27, 0xcf, 0xfe, 0xff, 0xff, 0xe0, 0x0, 0x6,
    0xff, 0xfe, 0x0, 0x0, 0x0, 0x29, 0xff, 0xff,
    0xff, 0x70, 0x0, 0xef, 0xff, 0x60, 0x0, 0x0,
    0x0, 0x1, 0xaf, 0xff, 0xfe, 0x0, 0x7f, 0xff,
    0xd0, 0x0, 0x0, 0x0, 0x0, 0x0, 0x6f, 0xff,
    0xf7, 0x8, 0x99, 0x83, 0x0, 0x0, 0x0, 0x0,
    0x0, 0x0, 0x49, 0x99, 0x70,

    /* U+F347 "" */
    0x0, 0x0, 0x0, 0x0, 0x0, 0x0, 0x0, 0x0,
    0x13, 0x0, 0x0, 0x0, 0x0, 0x0, 0x0, 0x0,
    0x0, 0x0, 0x2b, 0xff, 0xf7, 0x0, 0x0, 0x0,
    0x0, 0x0, 0x2, 0x20, 0x2, 0xef, 0xff, 0xff,
    0x40, 0x1, 0x0, 0x0, 0x0, 0xaf, 0xf5, 0x9,
    0xff, 0xd3, 0x4, 0xa0, 0x63, 0x0, 0x0, 0x0,
    0xff, 0xf5, 0xf, 0xfc, 0x0, 0x0, 0x31, 0xb3,
    0x0, 0x0, 0x0, 0x48, 0x50, 0x3f, 0xf3, 0x0,
    0x3a, 0x70, 0xe4, 0x0, 0x4a, 0x70, 0xa, 0xf9,
    0x3f, 0xf0, 0x5, 0xff, 0xf6, 0xf9, 0x7, 0xff,
    0x9d, 0x1f, 0xff, 0xe, 0xd0, 0x5f, 0xff, 0xfa,
    0xef, 0xef, 0xf3, 0x2f, 0x99, 0xff, 0x35, 0xe6,
    0xff, 0x61, 0xdb, 0xaf, 0xff, 0x40, 0x3f, 0xe0,
    0xcf, 0xc0, 0x4c, 0xc4, 0x0, 0x8a, 0x1b, 0xb2,
    0x0, 0x7f, 0xe0, 0x7, 0xda, 0x0, 0x0, 0x0,
    0x77, 0x20, 0x0, 0x1, 0xef, 0xb0, 0x0, 0x0,
    0x0, 0x0, 0x0, 0x63, 0x1a, 0x0, 0x3d, 0xff,
    0x60, 0x0, 0x0, 0x0, 0x0, 0x0, 0x30, 0x9,
    0xfd, 0xff, 0xfd, 0x0, 0x0, 0x0, 0x0, 0x0,
    0x0, 0x0, 0x1, 0xdf, 0xff, 0xc1, 0x0, 0x0,
    0x0, 0x0, 0x0, 0x0, 0x0, 0x0, 0x4, 0x53,
    0x0, 0x0, 0x0, 0x0, 0x0, 0x0, 0x0, 0x0,

    /* U+F348 "" */
    0x0, 0x0, 0x0, 0x0, 0x0, 0x6e, 0xe8, 0x0,
    0x0, 0x0, 0x0, 0x0, 0x6f, 0xfa, 0x0, 0x0,
    0x0, 0x0, 0x0, 0x6f, 0xfa, 0x0, 0x0, 0x0,
    0x0, 0x0, 0x6f, 0xfa, 0x0, 0x0, 0x0, 0x0,
    0x0, 0x6f, 0xfa, 0x0, 0x0, 0x0, 0x0, 0x0,
    0x6f, 0xfa, 0x0, 0x0, 0x0, 0x0, 0x0, 0x6f,
    0xfa, 0x16, 0x0, 0x0, 0x0, 0x0, 0x6f, 0xfa,
    0xc, 0xf7, 0x0, 0x0, 0x0, 0x6f, 0xfa, 0x0,
    0x9f, 0xf7, 0x0, 0x0, 0x6f, 0xfa, 0x0, 0x0,
    0x9f, 0xf7, 0x0, 0x6f, 0xfa, 0x0, 0x0, 0x0,
    0x9f, 0xf7, 0x9, 0xff, 0x70, 0x0, 0x0, 0x6,
    0xff, 0xa0, 0x9, 0xff, 0x70, 0x0, 0x6, 0xff,
    0xa0, 0x0, 0x9, 0xff, 0x70, 0x6, 0xff, 0xa0,
    0x0, 0x0, 0x9, 0xfe, 0x16, 0xff, 0xa0, 0x0,
    0x0, 0x0, 0x8, 0x26, 0xff, 0xa0, 0x0, 0x0,
    0x0, 0x0, 0x6, 0xff, 0xa0, 0x0, 0x0, 0x0,
    0x0, 0x6, 0xff, 0xa0, 0x0, 0x0, 0x0, 0x0,
    0x6, 0xff, 0xa0, 0x0, 0x0, 0x0, 0x0, 0x6,
    0xff, 0xa0, 0x0, 0x0, 0x0, 0x0, 0x6, 0xff,
    0xa0, 0x0, 0x0, 0x0, 0x0, 0x6, 0xff, 0xa0,
    0x0, 0x0, 0x0, 0x0, 0x0, 0x11, 0x10, 0x0,
    0x0, 0x0, 0x0, 0x0, 0x0,

    /* U+F349 "" */
    0x0, 0x0, 0x0, 0x3, 0x8a, 0xcb, 0xa8, 0x30,
    0x0, 0x0, 0x0, 0x0, 0x0, 0x1, 0xbf, 0xff,
    0xff, 0xff, 0xfb, 0x10, 0x0, 0x0, 0x0, 0x0,
    0x1d, 0xff, 0xff, 0xff, 0xff, 0xff, 0xd1, 0x0,
    0x0, 0x0, 0x0, 0xcf, 0xff, 0xff, 0xff, 0xff,
    0xff, 0xfb, 0x0, 0x0, 0x0, 0x5, 0xfa, 0x25,
    0xff, 0xff, 0xff, 0x72, 0x9f, 0x40, 0x0, 0x0,
    0xb, 0xf0, 0x72, 0x9f, 0xff, 0xfa, 0x18, 0xe,
    0xc0, 0x0, 0x0, 0x1f, 0xf0, 0x51, 0x9c, 0x12,
    0xca, 0x6, 0xe, 0xf1, 0x0, 0x0, 0x3f, 0xfa,
    0x35, 0xd1, 0x0, 0x1c, 0x62, 0x9f, 0xf4, 0x0,
    0x0, 0x5f, 0xfa, 0x87, 0x10, 0x0, 0x0, 0x44,
    0x8f, 0xf5, 0x0, 0x0, 0x6f, 0xf3, 0x0, 0x13,
    0x43, 0x21, 0x0, 0x2f, 0xf7, 0x0, 0x0, 0x8f,
    0xff, 0xdd, 0x30, 0x0, 0x3, 0xcd, 0xff, 0xf7,
    0x0, 0x0, 0x9f, 0xff, 0xff, 0xfb, 0x98, 0x9e,
    0xff, 0xff, 0xf8, 0x0, 0x0, 0xaf, 0xff, 0xff,
    0xff, 0xff, 0xff, 0xff, 0xff, 0xf9, 0x0, 0x0,
    0xcf, 0xff, 0xa9, 0xbf, 0xff, 0xfb, 0x89, 0xff,
    0xfa, 0x0, 0x0, 0xef, 0xd2, 0x0, 0x0, 0x44,
    0x0, 0x0, 0x1c, 0xfc, 0x0, 0x3, 0xff, 0x20,
    0x0, 0x0, 0x0, 0x0, 0x0, 0x1, 0xef, 0x0,
    0xa, 0xfb, 0x0, 0x0, 0x0, 0x0, 0x0, 0x0,
    0x0, 0x6f, 0x60, 0x1f, 0xf5, 0x0, 0x0, 0x0,
    0x0, 0x0, 0x0, 0x0, 0x1f, 0xe0, 0x6f, 0xf2,
    0x0, 0x0, 0x0, 0x0, 0x0, 0x0, 0x0, 0xc,
    0xf7, 0xbf, 0xf1, 0x0, 0x0, 0x0, 0x0, 0x0,
    0x0, 0x0, 0xa, 0xfc, 0xdf, 0xf0, 0x0, 0x0,
    0x0, 0x0, 0x0, 0x0, 0x0, 0xa, 0xfe, 0xef,
    0xf0, 0x0, 0x0, 0x0, 0x0, 0x0, 0x0, 0x0,
    0xa, 0xff, 0x0, 0x0, 0x0, 0x0, 0x0, 0x0,
    0x0, 0x0, 0x0, 0x0, 0x0,

    /* U+F34A "" */
    0x0, 0x0, 0x0, 0x0, 0x0, 0x50, 0x0, 0x0,
    0x0, 0x0, 0x0, 0x0, 0x0, 0x0, 0x0, 0x0,
    0xc7, 0x0, 0x0, 0x0, 0x0, 0x0, 0x0, 0x0,
    0x0, 0x0, 0x3, 0xfd, 0x0, 0x0, 0x0, 0x0,
    0x0, 0x0, 0x0, 0x0, 0x0, 0xa, 0xff, 0x40,
    0x0, 0x0, 0x0, 0x0, 0x0, 0x0, 0x0, 0x0,
    0x2f, 0xff, 0xb0, 0x0, 0x0, 0x0, 0x0, 0x0,
    0x0, 0x0, 0x0, 0x8f, 0xff, 0xf2, 0x0, 0x0,
    0x0, 0x0, 0x1, 0x24, 0x7d, 0xfb, 0x5f, 0xff,
    0xd3, 0xef, 0xb5, 0x31, 0x0, 0x0, 0x0, 0x0,
    0xcf, 0xa6, 0xfe, 0x3e, 0xf7, 0x0, 0x0, 0x0,
    0x0, 0x0, 0x0, 0xd, 0xfa, 0x63, 0xdf, 0x80,
    0x0, 0x0, 0x0, 0x0, 0x0, 0x0, 0x54, 0xdf,
    0x9c, 0xf9, 0x61, 0x0, 0x0, 0x0, 0x0, 0x0,
    0x0, 0xde, 0x4e, 0xff, 0xb5, 0xf9, 0x0, 0x0,
    0x0, 0x0, 0x0, 0x6, 0xff, 0x4e, 0xff, 0xa6,
    0xff, 0x20, 0x0, 0x0, 0x0, 0x0, 0xd, 0xf5,
    0xdf, 0xdf, 0xf9, 0x7f, 0x90, 0x0, 0x0, 0x0,
    0x0, 0x6f, 0x5d, 0xfd, 0x14, 0xff, 0x97, 0xf2,
    0x0, 0x0, 0x0, 0x0, 0xd5, 0xdf, 0xd1, 0x0,
    0x4f, 0xf9, 0x79, 0x0, 0x0, 0x0, 0x2, 0x4d,
    0xfd, 0x10, 0x0, 0x4, 0xff, 0x95, 0x0, 0x0,
    0x24, 0x69, 0xef, 0xd3, 0x40, 0x0, 0x6, 0x3f,
    0xfd, 0x86, 0x41, 0x0, 0x24, 0x44, 0x6e, 0x60,
    0x0, 0x8, 0xd4, 0x23, 0x30, 0x0, 0x1, 0xff,
    0xff, 0xff, 0x70, 0x0, 0x9, 0xff, 0xff, 0xfc,
    0x0, 0x9, 0xff, 0xfd, 0x94, 0x0, 0x0, 0x1,
    0x59, 0xef, 0xff, 0x50, 0x2f, 0xfb, 0x40, 0x0,
    0x0, 0x0, 0x0, 0x0, 0x5, 0xcf, 0xd0, 0x9b,
    0x30, 0x0, 0x0, 0x0, 0x0, 0x0, 0x0, 0x0,
    0x5, 0xc6, 0x0, 0x0, 0x0, 0x0, 0x0, 0x0,
    0x0, 0x0, 0x0, 0x0, 0x0,

    /* U+F34B "" */
    0x0, 0x0, 0x12, 0x0, 0x0, 0x0, 0x0, 0x0,
    0x10, 0x0, 0x0, 0x0, 0x5d, 0xff, 0xfb, 0x20,
    0x0, 0x3, 0xbf, 0xff, 0xc4, 0x0, 0x8, 0xff,
    0xeb, 0xef, 0xf6, 0x0, 0x6f, 0xfe, 0xce, 0xff,
    0x70, 0x5f, 0xe4, 0x0, 0x6, 0xff, 0x55, 0xfe,
    0x50, 0x0, 0x5e, 0xf4, 0xcf, 0x30, 0x0, 0x0,
    0x3f, 0xef, 0xf3, 0x0, 0x50, 0x4, 0xfb, 0xfd,
    0x0, 0x33, 0x30, 0x7, 0xff, 0x70, 0x5, 0xf3,
    0x0, 0xef, 0xfd, 0x1, 0xdd, 0xd1, 0x3, 0xff,
    0x20, 0x2d, 0xfd, 0x0, 0xef, 0xcf, 0x30, 0x0,
    0x0, 0x1d, 0xff, 0xd1, 0x2, 0xe0, 0x4, 0xfb,
    0x5f, 0xe4, 0x0, 0x4, 0xef, 0xab, 0xfd, 0x40,
    0x0, 0x4e, 0xf4, 0x8, 0xff, 0xdb, 0xef, 0xfa,
    0x0, 0xbf, 0xfe, 0xbd, 0xff, 0x70, 0x0, 0x5d,
    0xff, 0xfc, 0x50, 0x0, 0x5, 0xcf, 0xff, 0xc4,
    0x0, 0x0, 0x0, 0x12, 0x0, 0x0, 0x0, 0x0,
    0x0, 0x10, 0x0, 0x0,

    /* U+F34C "" */
    0x0, 0x0, 0x0, 0x0, 0x0, 0x0, 0x0, 0x0,
    0x1b, 0xd9, 0x0, 0x0, 0x0, 0x0, 0x0, 0x0,
    0x0, 0x0, 0xb, 0xff, 0xf7, 0x0, 0x0, 0x0,
    0x0, 0x0, 0x0, 0x0, 0x0, 0xef, 0xff, 0xa0,
    0x0, 0x0, 0x0, 0x0, 0x0, 0x0, 0x0, 0xa,
    0xff, 0xf6, 0x0, 0x0, 0x0, 0x0, 0x0, 0x0,
    0x0, 0x0, 0x8, 0xa6, 0x7, 0xff, 0xff, 0x40,
    0x0, 0xdf, 0xff, 0xf5, 0x0, 0x0, 0x0, 0x3f,
    0xff, 0xf0, 0x0, 0x4f, 0xff, 0xf5, 0x0, 0x0,
    0x0, 0x2, 0xff, 0xfe, 0x0, 0x1e, 0xff, 0xf8,
    0x0, 0x0, 0x0, 0x0, 0x2f, 0xff, 0xe0, 0xb,
    0xff, 0xfb, 0x0, 0x0, 0x0, 0x0, 0x2, 0xff,
    0xfe, 0x8, 0xff, 0xfd, 0x0, 0x0, 0x6, 0x77,
    0x72, 0x2f, 0xff, 0xe5, 0xff, 0xff, 0x20, 0x0,
    0x0, 0xbf, 0xff, 0x62, 0xff, 0xff, 0xff, 0xff,
    0x40, 0x0, 0x0, 0xa, 0xff, 0xf6, 0x2f, 0xff,
    0xff, 0xff, 0x70, 0x0, 0x0, 0x0, 0xaf, 0xff,
    0x62, 0xff, 0xff, 0xff, 0xf5, 0x0, 0x0, 0x0,
    0xa, 0xff, 0xf6, 0x2f, 0xff, 0xff, 0xff, 0xf2,
    0x0, 0x0, 0x0, 0xaf, 0xff, 0x62, 0xff, 0xff,
    0xdf, 0xff, 0xc0, 0x0, 0x0, 0xa, 0xff, 0xf6,
    0x2f, 0xff, 0xf2, 0xff, 0xff, 0x80, 0x0, 0x0,
    0xaf, 0xff, 0x62, 0xff, 0xff, 0x6, 0xff, 0xff,
    0x40, 0x0, 0xa, 0xff, 0xf6, 0x2f, 0xff, 0xf0,
    0xa, 0xff, 0xfe, 0x10, 0x0, 0xaf, 0xff, 0x62,
    0xff, 0xff, 0x0, 0x1e, 0xff, 0xfb, 0x0, 0xa,
    0xff, 0xf6, 0x3f, 0xff, 0xf0, 0x0, 0x5f, 0xff,
    0xf7, 0x0, 0xaf, 0xff, 0x67, 0xff, 0xff, 0x40,
    0x0, 0xef, 0xff, 0xf5, 0xc, 0xff, 0xf8, 0x1,
    0x11, 0x10, 0x0, 0x1, 0x11, 0x11, 0x10, 0x11,
    0x11, 0x10,

    /* U+F34D "" */
    0x0, 0x0, 0x0, 0x0, 0x0, 0x0, 0x0, 0x0,
    0x0, 0x0, 0x0, 0x0, 0x0, 0x0, 0x0, 0x0,
    0x16, 0xac, 0xdd, 0xc9, 0x50, 0x0, 0x0, 0x0,
    0x0, 0x0, 0x0, 0x19, 0xff, 0xff, 0xff, 0xff,
    0xfe, 0x70, 0x0, 0x0, 0x0, 0x0, 0x5, 0xff,
    0xff, 0xff, 0xff, 0xff, 0xff, 0xfc, 0x10, 0x0,
    0x0, 0x0, 0x7f, 0xff, 0xff, 0xff, 0xff, 0xff,
    0xff, 0xff, 0xe1, 0x0, 0x0, 0x7, 0xff, 0xff,
    0xff, 0xff, 0xff, 0xff, 0xff, 0xff, 0xfb, 0x0,
    0x0, 0x4f, 0xff, 0xff, 0xff, 0xff, 0xc7, 0x32,
    0x36, 0xbf, 0xff, 0x40, 0x0, 0xdf, 0xff, 0xff,
    0xff, 0xf6, 0x0, 0x0, 0x0, 0x2, 0xcf, 0xa0,
    0x5, 0xff, 0xff, 0xff, 0xff, 0x40, 0x0, 0x0,
    0x0, 0x0, 0xa, 0xd0, 0xa, 0xff, 0xff, 0xff,
    0xfc, 0x0, 0x0, 0x0, 0x0, 0x0, 0x0, 0x90,
    0xd, 0xff, 0xff, 0xff, 0xfa, 0x0, 0x0, 0x0,
    0x0, 0x0, 0x0, 0x0, 0xe, 0xff, 0xff, 0xff,
    0xfd, 0x0, 0x0, 0x0, 0x0, 0x0, 0x0, 0x0,
    0xf, 0xff, 0xff, 0xff, 0xff, 0x40, 0x0, 0x0,
    0x0, 0x0, 0x0, 0x0, 0xe, 0xff, 0xff, 0xff,
    0xff, 0xc0, 0x0, 0x0, 0x0, 0x0, 0x0, 0x0,
    0xd, 0xff, 0xff, 0xff, 0xff, 0xf7, 0x0, 0x0,
    0x0, 0x0, 0x0, 0x0, 0xa, 0xff, 0xff, 0xff,
    0xff, 0xff, 0x20, 0x0, 0x0, 0x0, 0x0, 0x0,
    0x7, 0xff, 0xff, 0xff, 0xff, 0xff, 0xc0, 0x0,
    0x0, 0x0, 0x0, 0x0, 0x3, 0xff, 0xff, 0xff,
    0xff, 0xff, 0xf5, 0x0, 0x0, 0x0, 0x0, 0x0,
    0x0, 0xef, 0xff, 0xff, 0xff, 0xff, 0xfe, 0x0,
    0x0, 0x0, 0x0, 0x0, 0x0, 0x8f, 0xff, 0xff,
    0xff, 0xff, 0xff, 0x60, 0x0, 0x0, 0x0, 0x0,
    0x0, 0x2f, 0xff, 0xff, 0xff, 0xff, 0xff, 0xd0,
    0x0, 0x0, 0x0, 0x0, 0x0, 0x0, 0x0, 0x0,
    0x0, 0x0, 0x0, 0x0, 0x0, 0x0, 0x0, 0x0,

    /* U+F34E "" */
    0x0, 0x0, 0x0, 0x1, 0x57, 0x75, 0x10, 0x0,
    0x0, 0x0, 0x0, 0x0, 0x1, 0xa8, 0x30, 0x14,
    0xa9, 0x44, 0x40, 0x0, 0x0, 0x0, 0x3e, 0x60,
    0x0, 0x0, 0x9, 0xd1, 0x5, 0x0, 0x0, 0x2,
    0xff, 0x70, 0x0, 0x0, 0xa, 0xfc, 0x0, 0x30,
    0x0, 0xc, 0xff, 0xf9, 0x42, 0x35, 0xbf, 0xff,
    0x70, 0x30, 0x0, 0x3f, 0xff, 0xff, 0xff, 0xff,
    0xff, 0xff, 0xe0, 0x13, 0x0, 0x8f, 0xff, 0xff,
    0xff, 0xff, 0xff, 0xff, 0xf4, 0x4, 0x1, 0xa8,
    0xaf, 0xff, 0xff, 0xff, 0xff, 0xd9, 0xf6, 0x30,
    0x47, 0x42, 0x4, 0xff, 0xff, 0xff, 0xf9, 0x0,
    0x5a, 0x10, 0x50, 0x3, 0x20, 0x6f, 0xff, 0xff,
    0xb0, 0x0, 0x36, 0x0, 0x40, 0x0, 0x40, 0xe,
    0xff, 0xff, 0x30, 0x0, 0x52, 0x0, 0x40, 0x0,
    0x4, 0x9, 0xff, 0xfe, 0x0, 0x0, 0x80, 0x0,
    0x30, 0x0, 0x4, 0x7, 0xff, 0xfd, 0x0, 0x6,
    0x30, 0x0, 0x5, 0x0, 0x3, 0xc, 0xff, 0xff,
    0x40, 0x75, 0x0, 0x0, 0x1, 0x40, 0x6, 0xdf,
    0xff, 0xff, 0xfe, 0x40, 0x0, 0x0, 0x0, 0x4,
    0x30, 0x17, 0xbd, 0xca, 0x60, 0x0, 0x0, 0x0,

    /* U+F34F "" */
    0x0, 0x0, 0x0, 0x0, 0x8, 0xee, 0x80, 0x0,
    0x0, 0x0, 0x0, 0x0, 0x0, 0x0, 0x0, 0xc,
    0xff, 0xc0, 0x0, 0x0, 0x0, 0x0, 0x0, 0x1,
    0x70, 0x0, 0xf, 0xff, 0xf0, 0x0, 0x7, 0x10,
    0x0, 0x0, 0x1d, 0xfd, 0x44, 0xbf, 0xff, 0xfa,
    0x43, 0xdf, 0xd1, 0x0, 0x0, 0xaf, 0xff, 0xff,
    0xff, 0xff, 0xff, 0xff, 0xff, 0xf9, 0x0, 0x0,
    0x2f, 0xff, 0xff, 0xff, 0xff, 0xff, 0xff, 0xff,
    0xf2, 0x0, 0x0, 0x6, 0xff, 0xff, 0xff, 0xff,
    0xff, 0xff, 0xff, 0x60, 0x0, 0x0, 0x6, 0xff,
    0xff, 0xff, 0xff, 0xff, 0xff, 0xff, 0x60, 0x0,
    0x0, 0xd, 0xff, 0xff, 0xf7, 0x22, 0x7f, 0xff,
    0xff, 0xd0, 0x0, 0x7a, 0xdf, 0xff, 0xff, 0x60,
    0x0, 0x7, 0xff, 0xff, 0xfd, 0xa7, 0xff, 0xff,
    0xff, 0xff, 0x0, 0x0, 0x0, 0xff, 0xff, 0xff,
    0xff, 0xff, 0xff, 0xff, 0xff, 0x0, 0x0, 0x0,
    0xff, 0xff, 0xff, 0xff, 0xbe, 0xff, 0xff, 0xff,
    0x30, 0x0, 0x4, 0xff, 0xff, 0xff, 0xeb, 0x0,
    0x1f, 0xff, 0xff, 0xe3, 0x0, 0x3e, 0xff, 0xff,
    0xf1, 0x0, 0x0, 0x9, 0xff, 0xff, 0xfa, 0x0,
    0xaf, 0xff, 0xff, 0x90, 0x0, 0x0, 0x5, 0xff,
    0xff, 0xf3, 0x0, 0x3f, 0xff, 0xff, 0x50, 0x0,
    0x0, 0xe, 0xff, 0xff, 0xc0, 0x0, 0xd, 0xff,
    0xff, 0xd0, 0x0, 0x0, 0x9f, 0xff, 0xff, 0x50,
    0x0, 0x6, 0xff, 0xff, 0xf9, 0x0, 0x0, 0x3f,
    0xff, 0x8b, 0x0, 0x0, 0x0, 0xc8, 0xff, 0xf3,
    0x0, 0x0, 0x3, 0xb2, 0x0, 0x0, 0x0, 0x0,
    0x0, 0x2b, 0x30, 0x0,

    /* U+F350 "" */
    0x0, 0x0, 0x0, 0x3b, 0xdb, 0x30, 0x0, 0x0,
    0x0, 0x0, 0x0, 0x0, 0x3d, 0x30, 0x4d, 0x30,
    0x1, 0xbd, 0x60, 0x0, 0x0, 0xb, 0x30, 0x0,
    0x4b, 0x0, 0x97, 0xd, 0x10, 0x0, 0x0, 0xd0,
    0x0, 0x1, 0xec, 0xee, 0x71, 0xd1, 0x0, 0x0,
    0xb, 0x30, 0x0, 0x5e, 0x30, 0x5f, 0xd5, 0x0,
    0x9, 0xed, 0xfe, 0x41, 0x5e, 0x70, 0x0, 0xa4,
    0x0, 0xc, 0x70, 0x0, 0x7f, 0xda, 0x97, 0x0,
    0xa, 0x40, 0x8, 0x70, 0x0, 0x0, 0x87, 0x2,
    0xd2, 0x4, 0xd0, 0x0, 0xd0, 0x0, 0x0, 0x1,
    0xd0, 0x4, 0xde, 0xc2, 0x0, 0xe, 0x0, 0x0,
    0x0, 0xe, 0x0, 0x0, 0x0, 0x0, 0x0, 0xd1,
    0x0, 0x0, 0x1, 0xd7, 0xbb, 0x94, 0x0, 0x0,
    0x7, 0x90, 0x0, 0x0, 0x9e, 0x73, 0x25, 0xbb,
    0x0, 0x0, 0xb, 0x92, 0x2, 0x9c, 0x10, 0x0,
    0x0, 0x7b, 0x0, 0x0, 0x7, 0xce, 0xcf, 0x10,
    0x0, 0x0, 0x0, 0x96, 0x0, 0x0, 0x0, 0x5,
    0x90, 0x0, 0x0, 0x0, 0x2, 0xc0, 0x0, 0x0,
    0x0, 0x85, 0x0, 0x0, 0x0, 0x0, 0xd, 0x0,
    0x0, 0x0, 0x9, 0x50, 0x0, 0x0, 0x0, 0x0,
    0xd0, 0x0, 0x0, 0x0, 0x77, 0x0, 0x0, 0x0,
    0x0, 0xc, 0x0, 0x0, 0x0, 0x2, 0xd0, 0x0,
    0x0, 0x0, 0x7, 0x70, 0x0, 0x0, 0x0, 0x9,
    0x90, 0x0, 0x0, 0x3, 0xd0, 0x0, 0x0, 0x0,
    0x0, 0xa, 0xb3, 0x0, 0x6, 0xd2, 0x0, 0x0,
    0x0, 0x0, 0x0, 0x5, 0xbd, 0xdd, 0x80, 0x0,
    0x0,

    /* U+F351 "" */
    0x0, 0x0, 0x1, 0x7b, 0xde, 0xda, 0x50, 0x0,
    0x0, 0x0, 0x8, 0xff, 0xff, 0xff, 0xff, 0xe5,
    0x0, 0x0, 0x1c, 0xff, 0xff, 0xff, 0xff, 0xff,
    0xf8, 0x0, 0xc, 0xff, 0xff, 0xff, 0xff, 0xff,
    0xff, 0x40, 0x9, 0xff, 0xff, 0xff, 0xff, 0xff,
    0xff, 0x40, 0x2, 0xff, 0xff, 0xff, 0xff, 0xff,
    0xff, 0x40, 0x0, 0x8f, 0xff, 0xff, 0xff, 0xff,
    0xff, 0x48, 0x10, 0xc, 0xff, 0xff, 0xff, 0xff,
    0xff, 0x49, 0xfd, 0x0, 0xef, 0xff, 0xff, 0xff,
    0xff, 0x49, 0xff, 0xf6, 0xf, 0xff, 0xff, 0xff,
    0xff, 0x49, 0xff, 0xff, 0xe0, 0xef, 0xff, 0xff,
    0xff, 0x49, 0xff, 0xff, 0xff, 0x2c, 0xff, 0xff,
    0xff, 0x49, 0xff, 0xff, 0xff, 0xf5, 0x7f, 0xff,
    0xff, 0x49, 0xff, 0xff, 0xff, 0xff, 0x61, 0xff,
    0xff, 0x49, 0xff, 0xff, 0xff, 0xff, 0xf6, 0x7,
    0xff, 0x49, 0xff, 0xff, 0xff, 0xff, 0xff, 0x40,
    0xa, 0x49, 0xff, 0xff, 0xff, 0xff, 0xff, 0xf0,
    0x0, 0x9, 0xff, 0xff, 0xff, 0xff, 0xff, 0xfa,
    0x0, 0x9, 0xff, 0xff, 0xff, 0xff, 0xff, 0xff,
    0x20, 0x9, 0xff, 0xff, 0xff, 0xff, 0xff, 0xff,
    0x60, 0x2, 0xff, 0xff, 0xff, 0xff, 0xff, 0xff,
    0x80, 0x0, 0x2, 0xcf, 0xff, 0xff, 0xff, 0xfe,
    0x50, 0x0, 0x0, 0x0, 0x5a, 0xef, 0xff, 0xc7,
    0x0, 0x0, 0x0, 0x0, 0x0, 0x0, 0x0, 0x0,
    0x0, 0x0, 0x0, 0x0,

    /* U+F352 "" */
    0x0, 0x0, 0x0, 0x0, 0x58, 0x0, 0x0, 0x0,
    0x0, 0x0, 0x0, 0x0, 0x0, 0x5f, 0xf8, 0x0,
    0x0, 0x0, 0x0, 0x0, 0x0, 0x0, 0x5f, 0xff,
    0xf8, 0x0, 0x0, 0x0, 0x0, 0x0, 0x0, 0x5f,
    0xff, 0xff, 0xf9, 0x0, 0x0, 0x0, 0x0, 0x0,
    0x5f, 0xff, 0xff, 0xff, 0xf9, 0x0, 0x0, 0x0,
    0x0, 0x5f, 0xff, 0xff, 0xff, 0xff, 0xf9, 0x0,
    0x0, 0x0, 0x5f, 0xff, 0xff, 0xff, 0xff, 0xff,
    0xf9, 0x0, 0x0, 0x3f, 0xff, 0xff, 0xff, 0xff,
    0xff, 0xff, 0xf6, 0x0, 0xd, 0xff, 0xff, 0xff,
    0xff, 0xff, 0xff, 0xff, 0xf1, 0x5, 0xff, 0xff,
    0xff, 0xff, 0xff, 0xff, 0xff, 0xff, 0x90, 0xaf,
    0xff, 0xff, 0xff, 0xff, 0xff, 0xff, 0xff, 0xfe,
    0xd, 0xff, 0xff, 0xff, 0xff, 0xff, 0xff, 0xff,
    0xff, 0xf1, 0xff, 0xff, 0xff, 0xff, 0xff, 0xff,
    0xff, 0xff, 0xff, 0x3f, 0xff, 0xff, 0xff, 0xff,
    0xff, 0xff, 0xff, 0xff, 0xf3, 0xdf, 0xff, 0xff,
    0xff, 0xff, 0xff, 0xff, 0xff, 0xff, 0x1a, 0xff,
    0xff, 0xff, 0xff, 0xff, 0xff, 0xff, 0xff, 0xe0,
    0x4f, 0xff, 0xff, 0xff, 0xff, 0xff, 0xff, 0xff,
    0xf9, 0x0, 0xcf, 0xff, 0xff, 0xff, 0xff, 0xff,
    0xff, 0xff, 0x10, 0x2, 0xff, 0xff, 0xff, 0xff,
    0xff, 0xff, 0xff, 0x60, 0x0, 0x4, 0xff, 0xff,
    0xff, 0xff, 0xff, 0xff, 0x70, 0x0, 0x0, 0x3,
    0xdf, 0xff, 0xff, 0xff, 0xfe, 0x50, 0x0, 0x0,
    0x0, 0x0, 0x5b, 0xff, 0xff, 0xc7, 0x0, 0x0,
    0x0, 0x0, 0x0, 0x0, 0x0, 0x1, 0x0, 0x0,
    0x0, 0x0, 0x0,

    /* U+F353 "" */
    0x0, 0x0, 0x0, 0x14, 0x9c, 0xcc, 0xcc, 0xcc,
    0xcc, 0xcc, 0xcb, 0x0, 0x0, 0x0, 0x0, 0x6,
    0xff, 0xff, 0xff, 0xff, 0xff, 0xfe, 0x0, 0x0,
    0x0, 0x0, 0x0, 0x5f, 0xff, 0xff, 0xff, 0xff,
    0xfe, 0xaa, 0xaa, 0xaa, 0x71, 0x0, 0xb, 0xff,
    0xff, 0xff, 0xff, 0xfe, 0xff, 0xff, 0xff, 0xfe,
    0x20, 0x3, 0xff, 0xff, 0xff, 0xff, 0xfe, 0xff,
    0xff, 0xff, 0xff, 0xb0, 0x0, 0xef, 0xff, 0xff,
    0xff, 0xfe, 0xff, 0xff, 0xff, 0xff, 0xf0, 0x0,
    0xcf, 0xff, 0xff, 0xff, 0xf8, 0xff, 0xff, 0xff,
    0xff, 0xf0, 0x0, 0xcf, 0xff, 0xff, 0xff, 0xc0,
    0xff, 0xff, 0xff, 0xff, 0xc0, 0x0, 0xef, 0xff,
    0xff, 0xff, 0x20, 0xff, 0xff, 0xff, 0xff, 0x30,
    0x2, 0xff, 0xff, 0xff, 0xf6, 0x0, 0xff, 0xff,
    0xfe, 0xb3, 0x0, 0x9, 0xff, 0xff, 0xff, 0xa0,
    0x0, 0xf5, 0x0, 0x0, 0x0, 0x0, 0x4f, 0xff,
    0xff, 0xfe, 0x10, 0x2, 0xf7, 0x0, 0x0, 0x0,
    0x5, 0xff, 0xff, 0xff, 0xf4, 0x0, 0xc, 0xff,
    0x30, 0x0, 0x16, 0xcf, 0xff, 0xff, 0xff, 0x90,
    0x0, 0x9f, 0xff, 0xe1, 0x0, 0x1d, 0xff, 0xff,
    0xff, 0xfd, 0x0, 0x4, 0xff, 0xff, 0xfc, 0x0,
    0x2, 0xef, 0xff, 0xff, 0xf2, 0x0, 0x1e, 0xff,
    0xff, 0xff, 0xa0, 0x0, 0x3f, 0xff, 0xff, 0x70,
    0x0, 0xbf, 0xff, 0xff, 0xff, 0xf8, 0x0, 0x5,
    0xff, 0xfb, 0x0, 0x6, 0xff, 0xff, 0xff, 0xff,
    0xff, 0x50, 0x0, 0x8f, 0xe1, 0x0, 0x2f, 0xff,
    0xff, 0xff, 0xff, 0xff, 0xf3, 0x0, 0xa, 0x50,
    0x0, 0xdf, 0xff, 0xff, 0xff, 0xff, 0xff, 0xfe,
    0x10, 0x0, 0x0, 0x8, 0xff, 0xff, 0xff, 0xff,
    0xff, 0xff, 0xff, 0xc0, 0x0, 0x0, 0x4f, 0xff,
    0xff, 0xff, 0x22, 0x22, 0x22, 0x22, 0x20, 0x0,
    0x0, 0x12, 0x22, 0x22, 0x22,

    /* U+F354 "" */
    0xee, 0xee, 0xee, 0xee, 0xee, 0xee, 0xee, 0xee,
    0xee, 0xee, 0xee, 0xff, 0xff, 0xff, 0xff, 0xff,
    0xff, 0xff, 0xff, 0xff, 0xff, 0xff, 0xff, 0xff,
    0xff, 0xff, 0xff, 0xff, 0xff, 0xff, 0xff, 0xff,
    0xff, 0xff, 0xff, 0xff, 0xff, 0xff, 0xff, 0xff,
    0xff, 0xff, 0xff, 0xff, 0xff, 0xff, 0xff, 0xff,
    0xff, 0xff, 0xff, 0xff, 0xff, 0xff, 0xff, 0xff,
    0xff, 0xff, 0xff, 0xff, 0xff, 0xff, 0xff, 0xff,
    0xff, 0xff, 0xff, 0xff, 0xff, 0xff, 0xff, 0xff,
    0xff, 0xff, 0xff, 0xff, 0xff, 0x55, 0x55, 0x55,
    0x55, 0x55, 0x55, 0x55, 0x5e, 0xff, 0xff, 0xff,
    0xff, 0xff, 0xff, 0xff, 0xff, 0xff, 0xff, 0xff,
    0xff, 0xff, 0xff, 0xff, 0xff, 0xff, 0xff, 0xff,
    0xff, 0xff, 0xff, 0xff, 0xff, 0xff, 0xff, 0xff,
    0xff, 0xff, 0xff, 0xff, 0xff, 0xff, 0xff, 0xff,
    0xff, 0xff, 0xff, 0xff, 0xff, 0xff, 0xff, 0xff,
    0xff, 0xff, 0xff, 0xff, 0xff, 0xff, 0xff, 0xff,
    0xff, 0xff, 0xff, 0xff, 0xff, 0xff, 0xff, 0xff,
    0xff, 0xff, 0xff, 0xff, 0xff, 0xff, 0xff, 0xff,
    0xff, 0xff, 0xff, 0xff, 0xff, 0xe7, 0x77, 0x77,
    0x77, 0x7e, 0xff, 0xff, 0xff, 0xff, 0xff, 0xff,
    0xfd, 0xdd, 0xdd, 0xdd, 0x5d, 0xff, 0xff, 0xff,
    0xff, 0xff, 0xff, 0xff, 0xff, 0xff, 0xff, 0x7d,
    0xff, 0xff, 0xff, 0xff, 0xff, 0xff, 0xff, 0xff,
    0xff, 0xff, 0x7d, 0xff, 0xff, 0xff, 0xff, 0xff,
    0xff, 0xff, 0xff, 0xff, 0xff, 0x7d, 0xff, 0xff,
    0xff, 0xff, 0xff, 0xff, 0xff, 0xff, 0xff, 0xff,
    0x7d, 0xff, 0xff, 0xff, 0xff, 0xff, 0xff, 0xff,
    0xff, 0xff, 0xff, 0x7d, 0xff, 0xff, 0xff, 0xff,
    0xff, 0xff, 0xff, 0xff, 0xff, 0xff, 0x7d, 0xff,
    0xff, 0xff, 0x0, 0x0, 0x0, 0x0, 0x0, 0x0,
    0x0, 0x0, 0x0, 0x0, 0x0,

    /* U+F355 "" */
    0x0, 0x0, 0x0, 0x5, 0x9c, 0xde, 0xc9, 0x50,
    0x0, 0x0, 0x0, 0x0, 0x0, 0x6, 0xef, 0xff,
    0xff, 0xff, 0xfe, 0x60, 0x0, 0x0, 0x0, 0x1,
    0xbf, 0xff, 0xef, 0xff, 0xfe, 0xff, 0xfb, 0x10,
    0x0, 0x0, 0x1d, 0xff, 0xff, 0x9f, 0xff, 0xfa,
    0xff, 0xff, 0xd1, 0x0, 0x0, 0xbf, 0xff, 0xff,
    0x9f, 0xff, 0xfa, 0xff, 0xff, 0xfb, 0x0, 0x7,
    0xff, 0xff, 0xff, 0x9f, 0xff, 0xfa, 0xff, 0xff,
    0xff, 0x70, 0x1e, 0xff, 0x99, 0x9f, 0x9f, 0x99,
    0xfa, 0xd6, 0x9c, 0xff, 0xe0, 0x6f, 0xff, 0xbb,
    0x6e, 0x9d, 0x5b, 0xfa, 0xf5, 0xc7, 0xff, 0xf6,
    0xaf, 0xff, 0xbb, 0x7d, 0x9e, 0xd7, 0xaa, 0xf4,
    0xbf, 0xff, 0xfa, 0xdf, 0xff, 0x89, 0x6e, 0x9b,
    0x99, 0xda, 0xe5, 0xef, 0xff, 0xfd, 0xff, 0xec,
    0xcc, 0xcc, 0x7c, 0xcc, 0xc7, 0xcc, 0xcc, 0xcf,
    0xff, 0xff, 0xff, 0xff, 0xff, 0xff, 0xec, 0xff,
    0xff, 0xff, 0xff, 0xff, 0xdf, 0xff, 0xff, 0x7b,
    0x89, 0xec, 0x6e, 0x5e, 0xff, 0xff, 0xfd, 0xbf,
    0xff, 0xff, 0xb9, 0x5a, 0xec, 0x54, 0x4f, 0xff,
    0xff, 0xfb, 0x7f, 0xff, 0xff, 0xf7, 0xbc, 0xea,
    0x87, 0x5f, 0xff, 0xff, 0xf6, 0x1f, 0xff, 0xff,
    0xff, 0xff, 0xec, 0xff, 0xff, 0xff, 0xff, 0xf1,
    0x8, 0xff, 0xff, 0xff, 0xff, 0xec, 0xff, 0xff,
    0xff, 0xff, 0x80, 0x0, 0xdf, 0xff, 0xff, 0xff,
    0xec, 0xff, 0xff, 0xff, 0xfd, 0x0, 0x0, 0x2e,
    0xff, 0xff, 0xff, 0xec, 0xff, 0xff, 0xff, 0xe2,
    0x0, 0x0, 0x2, 0xdf, 0xff, 0xff, 0xfe, 0xff,
    0xff, 0xfd, 0x20, 0x0, 0x0, 0x0, 0x19, 0xff,
    0xff, 0xff, 0xff, 0xff, 0x91, 0x0, 0x0, 0x0,
    0x0, 0x0, 0x27, 0xcf, 0xff, 0xfc, 0x72, 0x0,
    0x0, 0x0, 0x0, 0x0, 0x0, 0x0, 0x0, 0x0,
    0x0, 0x0, 0x0, 0x0, 0x0,

    /* U+F356 "" */
    0x0, 0x0, 0x4, 0x60, 0x0, 0x0, 0x0, 0x0,
    0x0, 0x0, 0x0, 0x0, 0x0, 0xb, 0xf2, 0x0,
    0x0, 0x0, 0x0, 0x0, 0x0, 0x0, 0x0, 0x0,
    0xb, 0xf2, 0x0, 0x0, 0x0, 0x0, 0x0, 0x0,
    0x0, 0x0, 0x0, 0xb, 0xf2, 0x0, 0x0, 0x0,
    0x0, 0x0, 0x0, 0x0, 0xdd, 0xdd, 0xdf, 0xf2,
    0xb, 0xd0, 0x1d, 0xdd, 0xdd, 0xdd, 0xdd, 0xff,
    0xff, 0xff, 0xf2, 0xd, 0xf0, 0x1f, 0xff, 0xff,
    0xff, 0xff, 0xfd, 0x0, 0xb, 0xf2, 0xd, 0xf0,
    0x1f, 0xb0, 0xbf, 0x20, 0xdf, 0xfd, 0x0, 0xb,
    0xf2, 0xd, 0xf0, 0x1f, 0xb0, 0xbf, 0x20, 0xdf,
    0xff, 0xff, 0xff, 0xff, 0xff, 0xff, 0xff, 0xb0,
    0xbf, 0x20, 0xdf, 0xcc, 0xcc, 0xcc, 0xcc, 0xcc,
    0xcc, 0xcc, 0x90, 0x9c, 0x10, 0xac,

    /* U+F357 "" */
    0x0, 0x0, 0x0, 0x0, 0x10, 0x10, 0x0, 0x0,
    0x0, 0x0, 0x11, 0x14, 0x25, 0x14, 0x2, 0x0,
    0x0, 0x0, 0x20, 0xa3, 0xb5, 0x78, 0x68, 0x20,
    0x10, 0x0, 0x8, 0x57, 0x25, 0x77, 0x52, 0x65,
    0xa0, 0x0, 0x37, 0x63, 0x9f, 0xff, 0xff, 0xfa,
    0x26, 0x56, 0x0, 0x93, 0xdf, 0xe8, 0x55, 0x8d,
    0xfe, 0x39, 0x0, 0x1, 0xdf, 0x80, 0x38, 0x85,
    0x7, 0xff, 0x20, 0x0, 0x8f, 0x80, 0xbf, 0xff,
    0xfd, 0x26, 0xfc, 0x0, 0x1f, 0xd0, 0xbf, 0xff,
    0xff, 0xfe, 0xc, 0xf3, 0x4, 0xf7, 0x1f, 0xff,
    0xff, 0xff, 0xf7, 0x6f, 0x70, 0x7f, 0x40, 0x1b,
    0xff, 0xff, 0xff, 0xb3, 0xfa, 0x6, 0xf4, 0x0,
    0x6, 0xff, 0xff, 0xfb, 0x2f, 0xa0, 0x5f, 0x70,
    0x0, 0x1, 0xbf, 0xff, 0x85, 0xf9, 0x1, 0xfd,
    0x0, 0x0, 0x0, 0x6f, 0xff, 0xef, 0x50, 0xa,
    0xf6, 0x0, 0x0, 0x0, 0x1b, 0xff, 0xe0, 0x0,
    0x1f, 0xf5, 0x0, 0x0, 0x0, 0x6, 0xf5, 0x0,
    0x7, 0x4e, 0xfc, 0x63, 0x35, 0xb7, 0x1, 0x70,
    0x2, 0x95, 0x3c, 0xff, 0xff, 0xff, 0xe0, 0x57,
    0x60, 0x10, 0x86, 0x54, 0x9b, 0xca, 0x54, 0x5b,
    0x1, 0x0, 0x3, 0xb, 0x4a, 0x57, 0x77, 0x93,
    0x12, 0x0, 0x0, 0x1, 0x20, 0x62, 0x61, 0x50,
    0x30, 0x0, 0x0, 0x0, 0x0, 0x0, 0x2, 0x1,
    0x0, 0x0, 0x0, 0x0, 0x0, 0x0, 0x0, 0x0,
    0x0, 0x0, 0x0, 0x0,

    /* U+F358 "" */
    0x0, 0x0, 0x0, 0x0, 0x0, 0x2, 0x58, 0xac,
    0xca, 0x85, 0x41, 0x0, 0x0, 0x0, 0x0, 0x5,
    0xae, 0xff, 0xa6, 0x20, 0x0, 0x0, 0x0, 0x0,
    0x0, 0x1, 0x9e, 0xff, 0xc5, 0x0, 0x0, 0x0,
    0x0, 0x0, 0x0, 0x0, 0x7, 0xff, 0xfc, 0x40,
    0x47, 0xac, 0xdd, 0xb9, 0x75, 0x10, 0x0, 0xa,
    0xff, 0xe6, 0x6c, 0xff, 0xe9, 0x51, 0x0, 0x0,
    0x0, 0x0, 0x8, 0xff, 0xda, 0xff, 0xfa, 0x40,
    0x0, 0x0, 0x0, 0x0, 0x0, 0x2, 0xff, 0xff,
    0xff, 0xb2, 0x0, 0x0, 0x0, 0x0, 0x0, 0x0,
    0x0, 0x7f, 0xff, 0xfe, 0x50, 0x0, 0x0, 0x0,
    0x0, 0x0, 0x0, 0x0, 0x9, 0xff, 0xfc, 0x10,
    0x0, 0x0, 0x1, 0x0, 0x0, 0x0, 0x0, 0x0,
    0x8f, 0xfc, 0x20, 0x0, 0x0, 0x1, 0x70, 0x0,
    0x0, 0x0, 0x0, 0x6, 0xfe, 0x47, 0x0, 0x0,
    0x1, 0xc2, 0x0, 0x0, 0x0, 0x0, 0x2, 0xbf,
    0x40, 0x0, 0x0, 0x28, 0xf7, 0x0, 0x0, 0x0,
    0x0, 0x0, 0x6, 0xdd, 0xca, 0x9a, 0xdf, 0xf6,
    0x0, 0x0, 0x0, 0x0, 0x0, 0x0, 0x15, 0x5,
    0x9c, 0xdb, 0x81, 0x0, 0x0, 0x0, 0x0, 0x0,
    0x0, 0x0, 0x0, 0x0, 0x0, 0x0, 0x0, 0x0,
    0x0, 0x0, 0x0, 0x0, 0x0,

    /* U+F359 "" */
    0x0, 0x0, 0x0, 0x3, 0x4, 0x0, 0x0, 0x0,
    0x0, 0x0, 0x0, 0x8, 0x60, 0xc1, 0x0, 0x0,
    0x0, 0x0, 0x0, 0x3, 0xf6, 0xd, 0xc0, 0x0,
    0x0, 0x0, 0x0, 0x1, 0xef, 0x40, 0xbf, 0x80,
    0x0, 0x0, 0x0, 0x0, 0xbf, 0xa0, 0x2, 0xff,
    0x50, 0x0, 0x0, 0x0, 0x8f, 0xd0, 0x0, 0x6,
    0xff, 0x20, 0x0, 0x0, 0x4f, 0xf2, 0x0, 0x0,
    0xa, 0xfd, 0x0, 0x0, 0x1e, 0xf6, 0x0, 0x0,
    0x0, 0xd, 0xf8, 0x0, 0x8, 0xfa, 0x0, 0x0,
    0x0, 0x0, 0x3f, 0xf1, 0x1, 0xff, 0x10, 0x0,
    0x0, 0x0, 0x0, 0x9f, 0x80, 0x5f, 0x90, 0x0,
    0x0, 0x0, 0x0, 0x1, 0xfe, 0xa, 0xf2, 0x0,
    0x0, 0x0, 0x0, 0x0, 0xa, 0xf3, 0xde, 0x0,
    0x0, 0x0, 0x0, 0x0, 0x0, 0x5f, 0x6f, 0xb0,
    0x0, 0x0, 0x0, 0x0, 0x0, 0x1, 0xf8, 0xfb,
    0x0, 0x0, 0x0, 0x0, 0x0, 0x0, 0x1f, 0x8d,
    0xd0, 0x0, 0x0, 0x0, 0x0, 0x0, 0x3, 0xf6,
    0x8f, 0x30, 0x0, 0x0, 0x0, 0x0, 0x0, 0x9f,
    0x22, 0xfc, 0x0, 0x0, 0x0, 0x0, 0x0, 0x2f,
    0xb0, 0x8, 0xf9, 0x0, 0x0, 0x0, 0x0, 0x2d,
    0xf2, 0x0, 0xa, 0xfb, 0x20, 0x0, 0x0, 0x5e,
    0xf4, 0x0, 0x0, 0x8, 0xff, 0xc9, 0x9a, 0xef,
    0xe3, 0x0, 0x0, 0x0, 0x2, 0x9e, 0xff, 0xfc,
    0x60, 0x0, 0x0, 0x0, 0x0, 0x0, 0x0, 0x0,
    0x0, 0x0, 0x0, 0x0,

    /* U+F35A "" */
    0x0, 0x0, 0x0, 0x0, 0x0, 0x8d, 0x30, 0x0,
    0x0, 0x0, 0x0, 0x0, 0x0, 0x0, 0x0, 0x0,
    0xe, 0xf6, 0x0, 0x0, 0x0, 0x0, 0x0, 0x0,
    0x0, 0x0, 0x0, 0x0, 0x37, 0x0, 0x0, 0x0,
    0x0, 0x0, 0x0, 0x0, 0x0, 0x0, 0x0, 0x0,
    0x0, 0xce, 0x30, 0x0, 0x0, 0x0, 0x0, 0x0,
    0x0, 0x0, 0x0, 0x0, 0x1f, 0xff, 0x30, 0x0,
    0x0, 0x0, 0x0, 0x0, 0x8c, 0x20, 0x0, 0x0,
    0x5f, 0xfe, 0x30, 0x0, 0x0, 0x0, 0x0, 0xf,
    0xf6, 0x0, 0x0, 0x0, 0x5f, 0xfe, 0x30, 0x0,
    0x0, 0x0, 0x0, 0x59, 0x10, 0x0, 0x0, 0x0,
    0x5f, 0xfe, 0x30, 0x0, 0x0, 0x0, 0x0, 0x0,
    0xbd, 0x20, 0x0, 0x0, 0x5f, 0xfe, 0x30, 0x0,
    0x0, 0x0, 0x0, 0x1f, 0xfe, 0x20, 0x0, 0x0,
    0x6f, 0xfe, 0x10, 0x9d, 0x20, 0x0, 0x0, 0x6f,
    0xfe, 0x20, 0x0, 0x0, 0x6f, 0xf9, 0xf, 0xf7,
    0x0, 0x0, 0x0, 0x6f, 0xfe, 0x20, 0x0, 0x0,
    0xaf, 0xe0, 0x48, 0x10, 0x0, 0x0, 0x0, 0x6f,
    0xfe, 0x20, 0x0, 0x8, 0xff, 0x0, 0x0, 0xbe,
    0x30, 0x0, 0x0, 0x6f, 0xfe, 0x20, 0x0, 0xaf,
    0xd0, 0x0, 0xf, 0xff, 0x40, 0x0, 0x0, 0x6f,
    0xfe, 0x20, 0x1f, 0xf9, 0x0, 0x0, 0x4f, 0xff,
    0x40, 0x0, 0x0, 0x6f, 0xfa, 0xa, 0xff, 0x30,
    0x0, 0x0, 0x4f, 0xff, 0x30, 0x0, 0x0, 0x6d,
    0x46, 0xff, 0xa0, 0x0, 0x0, 0x0, 0x5f, 0xff,
    0x30, 0x0, 0x0, 0x6, 0xff, 0xe1, 0x0, 0x0,
    0x0, 0x0, 0x5f, 0xff, 0x30, 0x0, 0x19, 0xff,
    0xe2, 0x0, 0x0, 0x0, 0x0, 0x0, 0x5f, 0xff,
    0x86, 0x9f, 0xff, 0xe2, 0x0, 0x0, 0x0, 0x0,
    0x0, 0x0, 0x5f, 0xff, 0xff, 0xff, 0xa1, 0x0,
    0x0, 0x0, 0x0, 0x0, 0x0, 0x0, 0x2b, 0xff,
    0xea, 0x30, 0x0, 0x0, 0x0, 0x0, 0x0, 0x0,
    0x0, 0x0, 0x0, 0x0, 0x0, 0x0, 0x0, 0x0,
    0x0,

    /* U+F35B "" */
    0x0, 0x0, 0x18, 0x86, 0x0, 0x48, 0x83, 0x0,
    0x78, 0x81, 0x0, 0x0, 0x0, 0x3f, 0xfe, 0x0,
    0xbf, 0xfa, 0x0, 0xff, 0xf6, 0x0, 0x0, 0x0,
    0x3f, 0xff, 0x20, 0xff, 0xfe, 0x4, 0xff, 0xfa,
    0x0, 0x0, 0x0, 0x3f, 0xff, 0x63, 0xff, 0xff,
    0x28, 0xff, 0xfe, 0x0, 0x0, 0x0, 0x3f, 0xff,
    0xa8, 0xff, 0xff, 0x6c, 0xff, 0xff, 0x20, 0x0,
    0x0, 0x3f, 0xff, 0xec, 0xff, 0xff, 0xaf, 0xff,
    0xff, 0x60, 0x0, 0x0, 0x3f, 0xff, 0xff, 0xfe,
    0xff, 0xff, 0xfd, 0xff, 0xa0, 0x0, 0x0, 0x3f,
    0xff, 0xff, 0xfa, 0xbf, 0xff, 0xf6, 0xff, 0xe0,
    0xa, 0x73, 0xbf, 0xff, 0xff, 0xf6, 0x7f, 0xff,
    0xf1, 0xbf, 0xf2, 0x5f, 0xff, 0xff, 0xff, 0xff,
    0xf2, 0x3f, 0xff, 0xd0, 0x7f, 0xf6, 0xcf, 0xff,
    0xff, 0xff, 0xff, 0xe0, 0xf, 0xff, 0x90, 0x3f,
    0xfa, 0x17, 0xbd, 0xda, 0x57, 0xff, 0xa0, 0xb,
    0xff, 0x50, 0xf, 0xfd,

    /* U+F35C "" */
    0x0, 0x0, 0x0, 0x4, 0x9b, 0xdc, 0xb8, 0x40,
    0x0, 0x0, 0x0, 0x0, 0x0, 0x0, 0x6e, 0xff,
    0xff, 0xff, 0xff, 0xd5, 0x0, 0x0, 0x0, 0x0,
    0x0, 0xbf, 0xff, 0xff, 0xff, 0xff, 0xff, 0xfa,
    0x0, 0x0, 0x0, 0x1, 0xdf, 0xff, 0xff, 0xca,
    0xbd, 0xff, 0xff, 0xfc, 0x0, 0x0, 0x0, 0xbf,
    0xff, 0xf8, 0x10, 0x0, 0x1, 0x9f, 0xff, 0xfa,
    0x0, 0x0, 0x7f, 0xff, 0xe2, 0x0, 0x0, 0x0,
    0x0, 0x4f, 0xff, 0xf5, 0x0, 0xe, 0xff, 0xf2,
    0x0, 0x0, 0x0, 0x0, 0x0, 0x4f, 0xff, 0xe0,
    0x6, 0xff, 0xf6, 0x0, 0x0, 0x0, 0x0, 0x0,
    0x0, 0x9f, 0xff, 0x40, 0xaf, 0xff, 0x0, 0x0,
    0x0, 0x0, 0x0, 0x0, 0x2, 0xff, 0xf9, 0xd,
    0xff, 0xa0, 0x0, 0x0, 0x7, 0xa1, 0x0, 0x0,
    0xd, 0xff, 0xc0, 0xff, 0xf8, 0x0, 0x0, 0x7,
    0xff, 0xd1, 0x0, 0x0, 0xbf, 0xfd, 0xf, 0xff,
    0x80, 0x0, 0x0, 0xcf, 0xff, 0xd1, 0x0, 0xb,
    0xff, 0xd0, 0xdf, 0xfa, 0x0, 0x0, 0x2, 0xef,
    0xff, 0xd1, 0x0, 0xaf, 0xfc, 0xb, 0xff, 0xe0,
    0x0, 0x0, 0x2, 0xef, 0xff, 0xd1, 0x0, 0x7a,
    0x40, 0x6f, 0xff, 0x60, 0x0, 0x0, 0x2, 0xef,
    0xff, 0xc1, 0x0, 0x0, 0x1, 0xff, 0xfe, 0x20,
    0x0, 0x0, 0x2, 0xef, 0xff, 0xc1, 0x0, 0x0,
    0x8, 0xff, 0xfd, 0x20, 0x0, 0x0, 0x2, 0xef,
    0xff, 0xc1, 0x0, 0x0, 0xd, 0xff, 0xff, 0x70,
    0x0, 0x0, 0x2, 0xef, 0xff, 0x90, 0x0, 0x0,
    0x2e, 0xff, 0xff, 0xfc, 0x9a, 0x80, 0x2, 0xef,
    0xf5, 0x0, 0x0, 0x0, 0x2d, 0xff, 0xff, 0xff,
    0xff, 0x40, 0x2, 0xb5, 0x0, 0x0, 0x0, 0x0,
    0x8, 0xff, 0xff, 0xff, 0xf8, 0x0, 0x0, 0x0,
    0x0, 0x0, 0x0, 0x0, 0x1, 0x6b, 0xdf, 0xed,
    0x40, 0x0, 0x0, 0x0, 0x0, 0x0, 0x0, 0x0,
    0x0, 0x0, 0x0, 0x0, 0x0, 0x0, 0x0, 0x0,
    0x0,

    /* U+F35D "" */
    0x0, 0x0, 0x0, 0x0, 0x0, 0x2, 0x53, 0x0,
    0x0, 0x0, 0x0, 0x0, 0x0, 0x0, 0x0, 0x17,
    0xef, 0xf8, 0x47, 0xab, 0xcb, 0x40, 0x0, 0x0,
    0x0, 0x5, 0xff, 0xe8, 0x8e, 0xff, 0xff, 0xff,
    0xb0, 0x0, 0x0, 0x0, 0xf, 0xe7, 0xa, 0xff,
    0xff, 0xff, 0xfc, 0x10, 0x0, 0x0, 0x0, 0x0,
    0x16, 0x3a, 0xff, 0xff, 0xff, 0xff, 0x90, 0x0,
    0x0, 0x4, 0x63, 0xef, 0x81, 0xd5, 0xcf, 0xff,
    0xc7, 0x0, 0x0, 0x0, 0x6f, 0x5a, 0xfb, 0x8,
    0x80, 0x4, 0x66, 0x30, 0x0, 0x0, 0x0, 0x0,
    0x0, 0x30, 0x8c, 0x2, 0x9f, 0xfc, 0x30, 0x0,
    0x0, 0x0, 0x0, 0x0, 0x4d, 0x90, 0xaf, 0xfe,
    0x62, 0x41, 0x0, 0x0, 0x0, 0x0, 0x2b, 0xe7,
    0x48, 0xeb, 0x33, 0xcf, 0xf9, 0x0, 0x0, 0x0,
    0x6, 0xd8, 0x9a, 0x96, 0x20, 0x8, 0xcb, 0x70,
    0x0, 0x0, 0x0, 0x8b, 0x10, 0x0, 0x0, 0x0,
    0x0, 0x0, 0x0, 0x0, 0x0, 0x5, 0xb0, 0x0,
    0x0, 0x2, 0x56, 0x41, 0x0, 0x0, 0x0, 0x0,
    0xd, 0x79, 0xbb, 0xaa, 0xef, 0xff, 0xff, 0xc6,
    0x10, 0x0, 0x4, 0xaf, 0xff, 0xff, 0xff, 0xff,
    0xff, 0xff, 0xff, 0xfa, 0x40, 0xef, 0xff, 0xff,
    0xff, 0xff, 0xff, 0xff, 0xff, 0xff, 0xff, 0xfe,
    0xff, 0xff, 0xff, 0xff, 0xff, 0xff, 0xff, 0xff,
    0xff, 0xff, 0xff, 0x28, 0xef, 0xff, 0xff, 0xff,
    0xff, 0xff, 0xff, 0xff, 0xfe, 0x82, 0x0, 0x4,
    0xaf, 0xff, 0xff, 0xff, 0xff, 0xff, 0xfa, 0x40,
    0x0, 0x0, 0x0, 0x1, 0x7d, 0xff, 0xff, 0xff,
    0xd7, 0x10, 0x0, 0x0, 0x0, 0x0, 0x0, 0x0,
    0x39, 0xee, 0x93, 0x0, 0x0, 0x0, 0x0, 0x0,
    0x0, 0x0, 0x0, 0x0, 0x0, 0x0, 0x0, 0x0,
    0x0, 0x0,

    /* U+F35E "" */
    0x2d, 0xdd, 0xdd, 0x60, 0x0, 0x0, 0x0, 0x0,
    0xbd, 0xdd, 0xd4, 0x8, 0xff, 0xff, 0xf3, 0x0,
    0x0, 0x0, 0x8, 0xff, 0xff, 0xa0, 0x0, 0xcf,
    0xff, 0xfd, 0x0, 0x0, 0x0, 0x4f, 0xff, 0xfd,
    0x0, 0x0, 0x2f, 0xff, 0xff, 0xa0, 0x0, 0x0,
    0xdf, 0xff, 0xf3, 0x0, 0x0, 0x5, 0xff, 0xff,
    0xf5, 0x0, 0x0, 0x7f, 0xff, 0x70, 0x0, 0x0,
    0x0, 0x9f, 0xff, 0xff, 0x20, 0x0, 0xb, 0xfb,
    0x0, 0x0, 0x0, 0x0, 0xd, 0xff, 0xff, 0xc0,
    0x0, 0x1, 0xc1, 0x0, 0x0, 0x0, 0x0, 0x2,
    0xff, 0xff, 0xf8, 0x0, 0x0, 0x0, 0x0, 0x0,
    0x0, 0x0, 0x0, 0x6f, 0xff, 0xff, 0x40, 0x0,
    0x0, 0x0, 0x0, 0x0, 0x0, 0x0, 0xb, 0xff,
    0xff, 0xe1, 0x0, 0x0, 0x0, 0x0, 0x0, 0x0,
    0x0, 0x1, 0xef, 0xff, 0xfb, 0x0, 0x0, 0x0,
    0x0, 0x0, 0x0, 0x0, 0x3, 0xff, 0xff, 0xff,
    0x60, 0x0, 0x0, 0x0, 0x0, 0x0, 0x0, 0xd,
    0xff, 0xff, 0xff, 0xf2, 0x0, 0x0, 0x0, 0x0,
    0x0, 0x0, 0xaf, 0xff, 0xff, 0xff, 0xfd, 0x0,
    0x0, 0x0, 0x0, 0x0, 0x6, 0xff, 0xff, 0xbb,
    0xff, 0xff, 0x90, 0x0, 0x0, 0x0, 0x0, 0x3f,
    0xff, 0xfe, 0x11, 0xff, 0xff, 0xf4, 0x0, 0x0,
    0x0, 0x0, 0xdf, 0xff, 0xf5, 0x0, 0x6f, 0xff,
    0xfe, 0x10, 0x0, 0x0, 0xa, 0xff, 0xff, 0xa0,
    0x0, 0xb, 0xff, 0xff, 0xb0, 0x0, 0x0, 0x6f,
    0xff, 0xfe, 0x0, 0x0, 0x1, 0xef, 0xff, 0xf7,
    0x0, 0x2, 0xff, 0xff, 0xf3, 0x0, 0x0, 0x0,
    0x5f, 0xff, 0xff, 0x30, 0xd, 0xff, 0xff, 0x80,
    0x0, 0x0, 0x0, 0xa, 0xff, 0xff, 0xd0, 0x9f,
    0xff, 0xfc, 0x0, 0x0, 0x0, 0x0, 0x1, 0xef,
    0xff, 0xfa,

    /* U+F35F "" */
    0x0, 0x0, 0x0, 0x5, 0x9c, 0xde, 0xc9, 0x50,
    0x0, 0x0, 0x0, 0x0, 0x0, 0x6, 0xef, 0xff,
    0xff, 0xff, 0xfe, 0x60, 0x0, 0x0, 0x0, 0x1,
    0xbf, 0xfa, 0x51, 0x0, 0x15, 0xaf, 0xfb, 0x10,
    0x0, 0x0, 0x1d, 0xfc, 0x20, 0x0, 0x0, 0x0,
    0x3, 0xdf, 0xd1, 0x0, 0x0, 0xbf, 0xb0, 0x0,
    0x0, 0x0, 0x0, 0x0, 0xb, 0xfb, 0x0, 0x7,
    0xfc, 0x0, 0x0, 0x0, 0x0, 0x0, 0x0, 0x0,
    0xcf, 0x70, 0x1e, 0xf2, 0x0, 0x0, 0x0, 0x0,
    0x0, 0x0, 0x0, 0x2f, 0xe0, 0x6f, 0x90, 0x0,
    0x0, 0x0, 0x27, 0x0, 0x0, 0x0, 0x9, 0xf6,
    0xaf, 0x40, 0x0, 0x0, 0x1, 0xdf, 0x10, 0x3,
    0x0, 0x4, 0xfa, 0xdf, 0x0, 0x0, 0x0, 0xc,
    0xff, 0x70, 0x5f, 0x60, 0x0, 0xfd, 0xff, 0x0,
    0x0, 0x0, 0xaf, 0xff, 0x24, 0xff, 0xf5, 0x0,
    0xff, 0xfe, 0x0, 0x0, 0x8, 0xff, 0xf9, 0x2f,
    0xff, 0xff, 0x30, 0xef, 0xdf, 0x0, 0x0, 0x7f,
    0xff, 0xf3, 0xef, 0xff, 0xff, 0xe3, 0xfd, 0xbf,
    0x30, 0x5, 0xff, 0xff, 0xad, 0xff, 0xff, 0xff,
    0xff, 0xfb, 0x7f, 0x90, 0x3f, 0xff, 0xff, 0xdf,
    0xff, 0xff, 0xff, 0xff, 0xf6, 0x1f, 0xf3, 0xef,
    0xff, 0xff, 0xff, 0xff, 0xff, 0xff, 0xff, 0xf1,
    0x8, 0xff, 0xff, 0xff, 0xff, 0xff, 0xff, 0xff,
    0xff, 0xff, 0x80, 0x0, 0xdf, 0xff, 0xff, 0xff,
    0xff, 0xff, 0xff, 0xff, 0xfd, 0x0, 0x0, 0x2e,
    0xff, 0xff, 0xff, 0xff, 0xff, 0xff, 0xff, 0xe2,
    0x0, 0x0, 0x2, 0xdf, 0xff, 0xff, 0xff, 0xff,
    0xff, 0xfd, 0x20, 0x0, 0x0, 0x0, 0x19, 0xff,
    0xff, 0xff, 0xff, 0xff, 0x91, 0x0, 0x0, 0x0,
    0x0, 0x0, 0x27, 0xcf, 0xff, 0xfc, 0x72, 0x0,
    0x0, 0x0, 0x0, 0x0, 0x0, 0x0, 0x0, 0x0,
    0x0, 0x0, 0x0, 0x0, 0x0,

    /* U+F360 "" */
    0x0, 0x0, 0x0, 0x0, 0x0, 0x0, 0x0, 0x0,
    0x0, 0x0, 0x0, 0x0, 0x0, 0x0, 0x0, 0x0,
    0x0, 0x0, 0x2, 0x69, 0x9a, 0xa4, 0x0, 0x0,
    0x0, 0x0, 0x0, 0x0, 0x1, 0x59, 0x97, 0x33,
    0x55, 0x19, 0x50, 0x0, 0x0, 0x0, 0x1, 0x59,
    0x98, 0x43, 0x6b, 0xff, 0xff, 0xe2, 0xa0, 0x0,
    0x0, 0x7, 0xa8, 0x43, 0x6a, 0xef, 0xff, 0xff,
    0xff, 0xfb, 0x54, 0x0, 0x0, 0xb3, 0x49, 0xef,
    0xff, 0xff, 0xff, 0xff, 0xfd, 0xef, 0x28, 0x0,
    0x8, 0x3b, 0xff, 0xea, 0x7d, 0xff, 0xff, 0xd5,
    0x10, 0x5f, 0x4a, 0x0, 0xa, 0x4f, 0xa3, 0x0,
    0x7, 0xff, 0xec, 0xa0, 0x0, 0x1f, 0x89, 0x10,
    0xa, 0x6f, 0x70, 0x0, 0x4, 0xa6, 0x79, 0xd0,
    0x0, 0x2e, 0xc5, 0x50, 0xa, 0x4f, 0xb0, 0x0,
    0x0, 0xff, 0xff, 0xf8, 0x9d, 0xff, 0xf2, 0x90,
    0x7, 0x3f, 0xf0, 0x2, 0x6a, 0xff, 0xff, 0xab,
    0xff, 0xff, 0xf5, 0xa0, 0x3, 0x6c, 0xfc, 0xef,
    0xf9, 0x8f, 0xfe, 0x5f, 0xff, 0xff, 0xf9, 0x81,
    0x0, 0x98, 0xff, 0xff, 0xff, 0x9c, 0xfc, 0xef,
    0xff, 0xff, 0xf9, 0x72, 0x0, 0xa4, 0xff, 0xff,
    0xff, 0xf7, 0x2, 0xff, 0xff, 0xff, 0xf3, 0xa0,
    0x0, 0x73, 0xff, 0xff, 0xff, 0xf6, 0x2, 0xff,
    0xff, 0xfd, 0x45, 0x70, 0x0, 0x37, 0xbf, 0xff,
    0xff, 0xfe, 0xef, 0xfe, 0xa6, 0x34, 0xa8, 0x0,
    0x0, 0xa, 0x5f, 0xff, 0xff, 0xff, 0xb7, 0x33,
    0x8a, 0xa6, 0x10, 0x0, 0x0, 0x8, 0x56, 0xef,
    0xc8, 0x43, 0x7a, 0xa7, 0x20, 0x0, 0x0, 0x0,
    0x0, 0x0, 0xa8, 0x22, 0x69, 0xa7, 0x30, 0x0,
    0x0, 0x0, 0x0, 0x0, 0x0, 0x0, 0x3, 0x77,
    0x30, 0x0, 0x0, 0x0, 0x0, 0x0, 0x0, 0x0,

    /* U+F361 "" */
    0x0, 0x0, 0x0, 0x0, 0x0, 0x0, 0x0, 0x18,
    0xba, 0x20, 0x0, 0x0, 0x0, 0x0, 0x5e, 0x90,
    0x2, 0xef, 0xff, 0x90, 0x0, 0x0, 0x2, 0x0,
    0xef, 0xe0, 0xd, 0xff, 0xff, 0x70, 0x0, 0x0,
    0xaf, 0x40, 0xff, 0xe0, 0x4f, 0xff, 0xff, 0x10,
    0x0, 0x0, 0xef, 0x90, 0xdf, 0x90, 0x6f, 0xff,
    0xf5, 0x0, 0x2, 0x40, 0xaf, 0x90, 0x5c, 0x10,
    0x5f, 0xff, 0x60, 0x0, 0xe, 0xf2, 0x2d, 0x40,
    0x0, 0x0, 0x9, 0x92, 0x0, 0x0, 0xc, 0xf7,
    0x0, 0x0, 0x3, 0x55, 0x41, 0x0, 0x0, 0x0,
    0x3, 0xf7, 0x0, 0x4b, 0xff, 0xff, 0xff, 0x90,
    0x0, 0x0, 0x0, 0x10, 0x1b, 0xff, 0xff, 0xff,
    0xff, 0xf6, 0x0, 0x0, 0x0, 0x2, 0xef, 0xff,
    0xff, 0xff, 0xff, 0xf7, 0x0, 0x0, 0x0, 0xd,
    0xff, 0xff, 0xff, 0xff, 0xff, 0xf1, 0x0, 0x0,
    0x0, 0x4f, 0xff, 0xff, 0xff, 0xff, 0xff, 0x40,
    0x0, 0x0, 0x0, 0x7f, 0xff, 0xff, 0xff, 0xff,
    0xc2, 0x0, 0x0, 0x0, 0x0, 0x7f, 0xff, 0xff,
    0xff, 0xf6, 0x0, 0x0, 0x0, 0x0, 0x0, 0x3f,
    0xff, 0xff, 0xfc, 0x20, 0x0, 0x0, 0x0, 0x0,
    0x0, 0xd, 0xff, 0xff, 0xc0, 0x0, 0x6b, 0xd9,
    0x0, 0x0, 0x0, 0x4, 0xff, 0xff, 0x70, 0x2,
    0xff, 0xfe, 0x0, 0x0, 0x0, 0x0, 0x9f, 0xff,
    0xe2, 0x6, 0xff, 0xf9, 0x0, 0x0, 0x0, 0x0,
    0xa, 0xff, 0xff, 0xdf, 0xff, 0xe1, 0x0, 0x0,
    0x0, 0x0, 0x0, 0x7f, 0xff, 0xff, 0xfd, 0x20,
    0x0, 0x0, 0x0, 0x0, 0x0, 0x1, 0x8c, 0xec,
    0x70, 0x0, 0x0, 0x0,

    /* U+F362 "" */
    0x0, 0x0, 0x0, 0x0, 0x2, 0x6a, 0x96, 0x0,
    0x0, 0x0, 0x0, 0x0, 0x0, 0x0, 0x49, 0xdf,
    0xff, 0xbf, 0xc3, 0x0, 0x0, 0x0, 0x0, 0x27,
    0xbf, 0xff, 0xff, 0xff, 0xbf, 0xff, 0x91, 0x0,
    0x0, 0x6, 0xff, 0xff, 0xff, 0xff, 0xff, 0xbf,
    0xff, 0xff, 0x60, 0x0, 0x1d, 0x6d, 0xff, 0xff,
    0xff, 0xff, 0xbf, 0xff, 0xff, 0xfd, 0x30, 0x1f,
    0xf7, 0xbf, 0xff, 0xff, 0xff, 0xbf, 0xff, 0xff,
    0xa6, 0x61, 0xf, 0xff, 0xa7, 0xff, 0xff, 0xff,
    0xbf, 0xe9, 0x67, 0xbf, 0xf2, 0xf, 0xff, 0xfd,
    0x6e, 0xff, 0xfd, 0x66, 0x8d, 0xff, 0xff, 0xf0,
    0xf, 0xff, 0xff, 0xf7, 0x98, 0x79, 0x9f, 0xff,
    0xff, 0xff, 0xf0, 0xe, 0xff, 0xff, 0xff, 0x6f,
    0xff, 0xbf, 0xff, 0xff, 0xff, 0xe0, 0xd, 0xff,
    0xff, 0xff, 0x8f, 0xff, 0xbf, 0xff, 0xff, 0xff,
    0xd0, 0xd, 0xff, 0xff, 0xff, 0x8f, 0xff, 0x9f,
    0xff, 0xff, 0xff, 0xb0, 0xc, 0xff, 0xff, 0xff,
    0x7a, 0xaa, 0xda, 0xff, 0xff, 0xff, 0xa0, 0xb,
    0xff, 0xfd, 0xbb, 0x6f, 0xff, 0xff, 0xbc, 0xff,
    0xff, 0x90, 0xa, 0xcb, 0xbd, 0xff, 0x8f, 0xff,
    0xff, 0xfd, 0xaf, 0xff, 0x70, 0x4, 0xff, 0xff,
    0xff, 0x8f, 0xff, 0xff, 0xff, 0xfa, 0xdf, 0x60,
    0x0, 0x8f, 0xff, 0xff, 0x8f, 0xff, 0xff, 0xff,
    0xff, 0xcb, 0x50, 0x0, 0x6, 0xff, 0xff, 0x8f,
    0xff, 0xff, 0xff, 0xff, 0xf8, 0x0, 0x0, 0x0,
    0x5f, 0xff, 0x8f, 0xff, 0xff, 0xff, 0xd7, 0x0,
    0x0, 0x0, 0x0, 0x5, 0xff, 0x8f, 0xff, 0xff,
    0xb4, 0x0, 0x0, 0x0, 0x0, 0x0, 0x0, 0x4f,
    0x8f, 0xfe, 0x81, 0x0, 0x0, 0x0, 0x0, 0x0,
    0x0, 0x0, 0x3, 0x6c, 0x50, 0x0, 0x0, 0x0,
    0x0, 0x0, 0x0, 0x0, 0x0, 0x0, 0x0, 0x0,
    0x0, 0x0, 0x0, 0x0, 0x0,

    /* U+F363 "" */
    0x0, 0x0, 0x0, 0x0, 0x0, 0x0, 0x0, 0x0,
    0x50, 0x0, 0x0, 0x0, 0x0, 0x0, 0x0, 0x0,
    0x0, 0x1, 0x7e, 0x70, 0x0, 0x0, 0x0, 0x0,
    0x0, 0x0, 0x0, 0x0, 0x8f, 0xff, 0x30, 0x0,
    0x0, 0x0, 0x0, 0x0, 0x0, 0x0, 0x5e, 0xff,
    0xff, 0x90, 0x0, 0x0, 0x0, 0x0, 0x0, 0x0,
    0x1b, 0xff, 0xff, 0xff, 0xf7, 0x0, 0x0, 0x0,
    0x0, 0x0, 0x6, 0xff, 0xff, 0xff, 0xff, 0xff,
    0x20, 0x0, 0x0, 0x0, 0x2, 0xbf, 0xff, 0xff,
    0xff, 0xff, 0xff, 0x90, 0x0, 0x0, 0x0, 0x6f,
    0xff, 0xff, 0xff, 0xe5, 0x2a, 0xff, 0xf1, 0x0,
    0x0, 0x1b, 0xfa, 0x56, 0xff, 0xff, 0x40, 0x0,
    0xaf, 0xf5, 0x0, 0x5, 0xa5, 0x0, 0xb, 0xeb,
    0xf8, 0x0, 0x0, 0xd, 0xfb, 0x0, 0x22, 0x0,
    0x0, 0x5e, 0x3f, 0xc0, 0x0, 0x0, 0x4, 0xff,
    0x0, 0x0, 0x0, 0x1, 0xe2, 0xaf, 0x20, 0x0,
    0x0, 0x0, 0xcf, 0x30, 0x0, 0x0, 0xb, 0x54,
    0xf5, 0x0, 0x0, 0x0, 0x0, 0x4f, 0x70, 0x0,
    0x0, 0x58, 0xd, 0x90, 0x0, 0x0, 0x0, 0x0,
    0xd, 0xa0, 0x0, 0x1, 0xa0, 0x7d, 0x0, 0x0,
    0x0, 0x0, 0x0, 0x7, 0xd0, 0x0, 0x8, 0x12,
    0xe2, 0x0, 0x0, 0x0, 0x0, 0x0, 0x1, 0xf0,
    0x0, 0x32, 0xb, 0x50, 0x0, 0x0, 0x0, 0x0,
    0x0, 0x0, 0xb3, 0x0, 0x10, 0x5a, 0x0, 0x0,
    0x0, 0x0, 0x0, 0x0, 0x0, 0x65, 0x0, 0x0,
    0xb0, 0x0, 0x0, 0x0, 0x0, 0x0, 0x0, 0x0,
    0x17, 0x0, 0x7, 0x20, 0x0, 0x0, 0x0, 0x0,
    0x0, 0x0, 0x0, 0x6, 0x0, 0x14, 0x0, 0x0,
    0x0, 0x0, 0x0, 0x0, 0x0, 0x0, 0x3, 0x0,
    0x0, 0x0, 0x0, 0x0, 0x0, 0x0, 0x0, 0x0,
    0x0, 0x0,

    /* U+F364 "" */
    0x0, 0x0, 0x0, 0x0, 0x0, 0x0, 0x24, 0x0,
    0x0, 0x0, 0x0, 0x0, 0x0, 0x0, 0x0, 0x0,
    0x1, 0xcf, 0xff, 0x60, 0x0, 0x0, 0x0, 0x8,
    0x50, 0x0, 0x0, 0x0, 0xce, 0x86, 0xbf, 0x84,
    0x10, 0x0, 0x0, 0xef, 0xa0, 0x0, 0x0, 0x2e,
    0x10, 0x0, 0x68, 0x88, 0x75, 0x31, 0xe, 0xfc,
    0xd3, 0x0, 0x3, 0x70, 0x0, 0x0, 0x0, 0x0,
    0x0, 0x0, 0xdf, 0x23, 0xb8, 0x0, 0x4, 0x0,
    0x0, 0x0, 0x0, 0x0, 0x0, 0x7, 0xf3, 0x0,
    0x49, 0x10, 0x10, 0x0, 0x31, 0x0, 0x0, 0x0,
    0x0, 0xd, 0x80, 0x0, 0x5, 0x40, 0x0, 0x5,
    0x50, 0x0, 0x0, 0x0, 0x0, 0x5d, 0x30, 0x0,
    0x0, 0x20, 0x0, 0x3b, 0x0, 0x0, 0x0, 0x0,
    0xb, 0xff, 0x72, 0x0, 0x0, 0x0, 0x0, 0xe2,
    0x0, 0x0, 0x0, 0x0, 0x7f, 0x42, 0x56, 0x42,
    0x0, 0x0, 0xb, 0xa0, 0x0, 0x0, 0x0, 0x1,
    0xeb, 0x0, 0x0, 0x0, 0x0, 0x0, 0x7f, 0x10,
    0x0, 0x0, 0x0, 0x2, 0xd8, 0x0, 0x0, 0x0,
    0x0, 0x5, 0xf5, 0x0, 0x0, 0x0, 0x0, 0x0,
    0x46, 0x10, 0x0, 0x0, 0x0, 0x5f, 0x70, 0x0,
    0x0, 0x0, 0x0, 0x0, 0x0, 0x0, 0x0, 0x0,
    0x9, 0xf5, 0x0, 0x0, 0x0, 0x0, 0x0, 0x0,
    0x0, 0x0, 0x0, 0x4, 0xfe, 0x0, 0x0, 0x0,
    0x0, 0x0, 0x0, 0x0, 0x0, 0x0, 0x5, 0xff,
    0x40, 0x0, 0x0, 0x0, 0x0, 0x0, 0x0, 0x4,
    0x34, 0x7d, 0xfe, 0x50, 0x0, 0x0, 0x0, 0x0,
    0x0, 0x0, 0x0, 0xdd, 0xed, 0xb7, 0x10, 0x0,
    0x0, 0x0, 0x0, 0x0, 0x0, 0x0, 0xc, 0x10,
    0x0, 0x0, 0x0, 0x0, 0x0, 0x0, 0x0, 0x0,
    0x0, 0x0, 0x60, 0x0, 0x0, 0x0, 0x0, 0x0,
    0x0, 0x0, 0x0, 0x0, 0x0, 0x0, 0x0, 0x0,
    0x0, 0x0, 0x0, 0x0, 0x0,

    /* U+F365 "" */
    0x0, 0x0, 0x0, 0x0, 0x37, 0x98, 0x74, 0x0,
    0x0, 0x0, 0x0, 0x0, 0x0, 0x0, 0x7e, 0xff,
    0xff, 0xff, 0xfa, 0x20, 0x0, 0x0, 0x0, 0x0,
    0x3d, 0xfc, 0x72, 0x0, 0x14, 0x9f, 0xf8, 0x0,
    0x0, 0x0, 0x3, 0xfe, 0x50, 0x0, 0x0, 0x0,
    0x1, 0xbf, 0xa0, 0x0, 0x60, 0xc, 0xd1, 0x0,
    0x3, 0x66, 0x40, 0x0, 0x9, 0xf8, 0x0, 0xfc,
    0x30, 0x10, 0x4, 0xdf, 0xff, 0xff, 0x80, 0x0,
    0xaf, 0x30, 0xff, 0xf9, 0x10, 0x4f, 0xe7, 0x32,
    0x5b, 0xfb, 0x0, 0xe, 0xc0, 0xff, 0xff, 0xf7,
    0x5, 0x10, 0x0, 0x0, 0x7f, 0x90, 0x7, 0xf2,
    0xff, 0xff, 0xff, 0xd4, 0x0, 0x0, 0x0, 0xa,
    0xf2, 0x1, 0xf7, 0xff, 0xff, 0xff, 0xff, 0xa2,
    0x0, 0x0, 0x2, 0xf7, 0x0, 0xda, 0xff, 0xff,
    0xff, 0xff, 0xff, 0x80, 0x0, 0x0, 0xfa, 0x0,
    0xcb, 0xff, 0xff, 0xff, 0xff, 0xfe, 0x60, 0x0,
    0x0, 0xea, 0x0, 0xcb, 0xff, 0xff, 0xff, 0xff,
    0x91, 0x0, 0x0, 0x1, 0xf8, 0x0, 0xda, 0xff,
    0xff, 0xff, 0xc2, 0x0, 0x0, 0x0, 0x8, 0xf3,
    0x1, 0xf7, 0xff, 0xff, 0xe5, 0x3, 0x0, 0x0,
    0x0, 0x4f, 0xb0, 0x6, 0xf3, 0xff, 0xf8, 0x0,
    0x5f, 0xc4, 0x0, 0x28, 0xfd, 0x10, 0xe, 0xc0,
    0xfb, 0x20, 0x0, 0x6, 0xff, 0xff, 0xff, 0xa1,
    0x0, 0x9f, 0x40, 0x40, 0xb, 0xc1, 0x0, 0x5,
    0x88, 0x72, 0x0, 0x7, 0xf9, 0x0, 0x0, 0x5,
    0xfd, 0x40, 0x0, 0x0, 0x0, 0x1, 0xaf, 0xb0,
    0x0, 0x0, 0x0, 0x5e, 0xfb, 0x51, 0x0, 0x3,
    0x8f, 0xf9, 0x0, 0x0, 0x0, 0x0, 0x1, 0xaf,
    0xff, 0xff, 0xff, 0xfd, 0x40, 0x0, 0x0, 0x0,
    0x0, 0x0, 0x1, 0x69, 0xbb, 0xa7, 0x30, 0x0,
    0x0, 0x0,

    /* U+F366 "" */
    0x0, 0x0, 0x0, 0x0, 0x0, 0x0, 0x0, 0x0,
    0x0, 0x0, 0x0, 0x0, 0x0, 0x0, 0x0, 0x0,
    0x0, 0xb5, 0x0, 0x0, 0x0, 0x0, 0x0, 0x0,
    0x0, 0x0, 0x0, 0x0, 0x9f, 0xe1, 0x0, 0x0,
    0x0, 0x0, 0x0, 0x0, 0x0, 0x0, 0x0, 0x5f,
    0xff, 0xb0, 0x0, 0x0, 0x0, 0x0, 0x0, 0x0,
    0x0, 0x0, 0xd, 0xfe, 0xff, 0x50, 0x0, 0x0,
    0x0, 0x0, 0x0, 0x0, 0x0, 0x4, 0xff, 0xdf,
    0xfd, 0x0, 0x0, 0x0, 0x0, 0x0, 0x0, 0x0,
    0x0, 0x8f, 0xfc, 0xff, 0xf1, 0x2, 0x44, 0x20,
    0x0, 0xab, 0xdf, 0xfd, 0x8a, 0xff, 0xbf, 0xff,
    0x8e, 0xff, 0xff, 0xf9, 0xc, 0xff, 0xff, 0xff,
    0xff, 0xfc, 0xff, 0xff, 0xff, 0xff, 0xff, 0x40,
    0x6f, 0xfd, 0xff, 0xff, 0xff, 0xcf, 0xff, 0xff,
    0xed, 0xff, 0xd0, 0x1, 0xff, 0xfc, 0xcf, 0xff,
    0x77, 0x79, 0xff, 0xcd, 0xff, 0xf6, 0x0, 0x7,
    0xff, 0xff, 0xbb, 0xa0, 0xa6, 0x1c, 0xcf, 0xff,
    0xfd, 0x0, 0x0, 0xa, 0xff, 0xff, 0xe5, 0xff,
    0xfd, 0x6f, 0xff, 0xfe, 0x20, 0x0, 0x0, 0x8,
    0xef, 0xfb, 0xc, 0xff, 0x62, 0xff, 0xd9, 0x10,
    0x0, 0x0, 0x0, 0x5, 0xff, 0xf6, 0xae, 0xfb,
    0xcf, 0xfd, 0x30, 0x0, 0x0, 0x0, 0x8, 0xff,
    0xff, 0x90, 0x65, 0x1c, 0xff, 0xff, 0x20, 0x0,
    0x0, 0x3, 0xff, 0xfe, 0xaf, 0xeb, 0xef, 0xfc,
    0xff, 0xfc, 0x0, 0x0, 0x0, 0xbf, 0xfc, 0xbf,
    0xff, 0x49, 0xff, 0xfc, 0xff, 0xf3, 0x0, 0x0,
    0x1f, 0xfd, 0xef, 0xff, 0xb0, 0x2f, 0xff, 0xfd,
    0xff, 0x80, 0x0, 0x7, 0xff, 0xff, 0xff, 0xd1,
    0x0, 0x5f, 0xff, 0xff, 0xfc, 0x0, 0x0, 0xcf,
    0xff, 0xff, 0xa1, 0x0, 0x0, 0x3b, 0xff, 0xff,
    0xf0, 0x0, 0x0, 0x24, 0x43, 0x0, 0x0, 0x0,
    0x0, 0x0, 0x12, 0x34, 0x0,

    /* U+F367 "" */
    0x0, 0x0, 0x0, 0x0, 0x0, 0x0, 0x0, 0x0,
    0x0, 0x0, 0x0, 0x0, 0x0, 0x0, 0x5, 0xad,
    0xee, 0xda, 0x50, 0x0, 0x0, 0x0, 0x0, 0x0,
    0x6, 0xbb, 0xff, 0xff, 0xff, 0xff, 0x70, 0x0,
    0x0, 0x0, 0x0, 0x1f, 0xff, 0xff, 0xff, 0xff,
    0xff, 0xfc, 0x0, 0x0, 0x0, 0x11, 0x7, 0xff,
    0xff, 0xff, 0xff, 0xff, 0xfe, 0x0, 0x0, 0x0,
    0xc4, 0x1, 0xef, 0xff, 0xff, 0xff, 0xff, 0xfb,
    0x2, 0x0, 0x7, 0xf6, 0x0, 0x7f, 0xff, 0xff,
    0xff, 0xff, 0xf5, 0xa, 0x70, 0x1f, 0xf9, 0x0,
    0x5f, 0xff, 0xbd, 0xff, 0xff, 0xf0, 0xf, 0xf0,
    0x6f, 0xfa, 0x0, 0x4f, 0xfc, 0x4, 0xff, 0xff,
    0xb0, 0x4f, 0xf6, 0xbf, 0xfa, 0x0, 0x3f, 0xf7,
    0x0, 0xef, 0xed, 0x40, 0x8f, 0xfa, 0xdf, 0xfb,
    0x0, 0xf, 0xf1, 0x0, 0x8f, 0xff, 0x0, 0xcf,
    0xfd, 0xff, 0xfd, 0x0, 0xd, 0xa0, 0x54, 0x1f,
    0xfa, 0x0, 0xff, 0xff, 0xff, 0xfd, 0x0, 0x8,
    0x40, 0xc7, 0xa, 0xf6, 0x1, 0xff, 0xff, 0xef,
    0xff, 0x0, 0x0, 0x2, 0xfd, 0x2, 0xf2, 0x5,
    0xff, 0xfe, 0xbf, 0xff, 0x20, 0x0, 0x6, 0xff,
    0x10, 0x30, 0x4, 0xff, 0xfb, 0x6f, 0xff, 0x60,
    0x0, 0xb, 0xff, 0x40, 0x0, 0x8, 0xff, 0xf7,
    0x1f, 0xff, 0xb0, 0x0, 0xc, 0xff, 0x80, 0x0,
    0xa, 0xff, 0xf1, 0x8, 0xff, 0xe0, 0x0, 0x3f,
    0xff, 0xd0, 0x0, 0x4f, 0xff, 0x80, 0x0, 0xdf,
    0xf4, 0x0, 0x6f, 0xff, 0xf3, 0x0, 0xdf, 0xfd,
    0x0, 0x0, 0x2e, 0xfe, 0x20, 0x9f, 0xff, 0xf7,
    0x6, 0xff, 0xe2, 0x0, 0x0, 0x2, 0xdf, 0xf9,
    0xff, 0xff, 0xfc, 0x3f, 0xfd, 0x20, 0x0, 0x0,
    0x0, 0x9, 0xff, 0xff, 0xff, 0xff, 0xff, 0x80,
    0x0, 0x0, 0x0, 0x0, 0x0, 0x17, 0xcf, 0xff,
    0xfb, 0x71, 0x0, 0x0, 0x0, 0x0, 0x0, 0x0,
    0x0, 0x0, 0x0, 0x0, 0x0, 0x0, 0x0, 0x0,

    /* U+F368 "" */
    0x0, 0x0, 0x0, 0x0, 0x0, 0x0, 0x0, 0x0,
    0x0, 0x0, 0x0, 0x13, 0x30, 0x0, 0x0, 0x0,
    0x0, 0x0, 0x16, 0x60, 0x0, 0x0, 0x0, 0x16,
    0x60, 0x0, 0x0, 0x0, 0x4, 0xd8, 0xb0, 0x0,
    0x20, 0x0, 0x0, 0x29, 0x20, 0x0, 0x0, 0x3,
    0xfd, 0xe9, 0x52, 0x30, 0x0, 0x0, 0x0, 0x75,
    0x99, 0x64, 0x2a, 0xff, 0xca, 0xff, 0x60, 0x0,
    0x0, 0x0, 0x1f, 0xff, 0xff, 0xff, 0xff, 0xee,
    0xff, 0xe0, 0x0, 0x0, 0x0, 0x7f, 0xff, 0xff,
    0xff, 0xff, 0xfb, 0xbd, 0x20, 0x0, 0x0, 0x0,
    0xaf, 0xff, 0xff, 0xff, 0xff, 0xfc, 0x50, 0x0,
    0x0, 0x0, 0x0, 0xaf, 0xff, 0xff, 0xff, 0xff,
    0xf6, 0x0, 0x0, 0x0, 0x0, 0x1, 0xef, 0xff,
    0xff, 0xff, 0xff, 0xcd, 0x10, 0x0, 0x0, 0x0,
    0x2, 0x7c, 0x47, 0x89, 0x98, 0x7d, 0xc0, 0x0,
    0x0, 0x0, 0x0, 0x0, 0x40, 0x0, 0x0, 0x0,
    0x0, 0x30, 0x0, 0x0,

    /* U+F369 "" */
    0x0, 0x23, 0x33, 0x10, 0x0, 0x0, 0x0, 0x0,
    0x0, 0x11, 0x0, 0x0, 0x7f, 0xff, 0xe1, 0x0,
    0x0, 0x0, 0x0, 0x3, 0xf4, 0x0, 0x0, 0xb,
    0xff, 0xfb, 0x0, 0x0, 0x0, 0x0, 0x1e, 0x80,
    0x0, 0x0, 0x1, 0xef, 0xff, 0x70, 0x0, 0x0,
    0x0, 0xbc, 0x0, 0x0, 0x0, 0x0, 0x4f, 0xff,
    0xf7, 0x97, 0x65, 0x38, 0xe1, 0x0, 0x0, 0x0,
    0x0, 0x4b, 0xff, 0xfe, 0xa0, 0x0, 0x5f, 0x72,
    0x0, 0x0, 0x0, 0x1b, 0xf6, 0xdf, 0xff, 0xc1,
    0x1, 0xe7, 0x3, 0x70, 0x0, 0x2, 0xef, 0x40,
    0x3f, 0xff, 0xf7, 0xc, 0xb0, 0x0, 0x8, 0x10,
    0xe, 0xf5, 0x0, 0x7, 0xff, 0xfe, 0x9e, 0x10,
    0x0, 0x0, 0xa0, 0x8f, 0xd0, 0x0, 0x0, 0xbf,
    0xfa, 0xf3, 0x0, 0x0, 0x0, 0x47, 0xdf, 0x90,
    0x0, 0x0, 0x3f, 0xaf, 0xf9, 0x0, 0x0, 0x0,
    0xd, 0xff, 0x80, 0x0, 0x0, 0xcb, 0xdf, 0xff,
    0x40, 0x0, 0x0, 0xe, 0xef, 0xa0, 0x0, 0x9,
    0xe1, 0x7f, 0xff, 0xe1, 0x0, 0x0, 0x1d, 0x9f,
    0xf1, 0x0, 0x5f, 0x30, 0xb, 0xff, 0xfb, 0x0,
    0x0, 0x89, 0x2f, 0xfb, 0x2, 0xf7, 0x0, 0x1,
    0xef, 0xff, 0x70, 0x3, 0xe2, 0x4, 0xff, 0xbd,
    0xb0, 0x0, 0x0, 0x4f, 0xff, 0xf3, 0x4e, 0x40,
    0x0, 0x3d, 0xff, 0x70, 0x0, 0x0, 0x9, 0xff,
    0xfe, 0xe4, 0x0, 0x0, 0x6, 0xfe, 0xff, 0xa6,
    0x43, 0x46, 0xff, 0xff, 0x90, 0x0, 0x0, 0x2f,
    0x60, 0x59, 0xce, 0xff, 0xdb, 0x9f, 0xff, 0xf4,
    0x0, 0x0, 0x34, 0x0, 0x0, 0x0, 0x0, 0x0,
    0x3, 0x55, 0x54, 0x0,

    /* U+F36A "" */
    0xd4, 0x0, 0x0, 0x0, 0x0, 0x0, 0x0, 0x0,
    0x0, 0x0, 0x4d, 0x7e, 0x20, 0x0, 0x0, 0x0,
    0x0, 0x0, 0x0, 0x0, 0x2, 0xe7, 0xb, 0xda,
    0xaa, 0xaa, 0xaa, 0xaa, 0xaa, 0xaa, 0xaa, 0xad,
    0xb0, 0x3, 0xff, 0xff, 0xff, 0xff, 0xff, 0xff,
    0xff, 0xff, 0xff, 0x30, 0x3, 0xff, 0xf7, 0x2b,
    0xff, 0xff, 0xff, 0xc3, 0x5f, 0xff, 0x30, 0x3,
    0xff, 0xc0, 0x1, 0xff, 0xff, 0xff, 0x40, 0x9,
    0xff, 0x30, 0x3, 0xff, 0xe0, 0x4, 0xff, 0xff,
    0xff, 0x60, 0xc, 0xff, 0x30, 0x2, 0xff, 0xfd,
    0xaf, 0xff, 0xff, 0xff, 0xfb, 0xdf, 0xff, 0x20,
    0x0, 0x6a, 0xaa, 0xaa, 0xaa, 0xaa, 0xaa, 0xaa,
    0xaa, 0xa5, 0x0, 0x0, 0x9d, 0xdd, 0xdd, 0xdd,
    0xdd, 0xdd, 0xdd, 0xdd, 0xd9, 0x0, 0x2, 0xff,
    0xff, 0xff, 0xf9, 0x66, 0x9f, 0xff, 0xff, 0xff,
    0x30, 0x3, 0xff, 0xff, 0xfc, 0x10, 0x44, 0x11,
    0xcf, 0xff, 0xff, 0x40, 0x3, 0xff, 0xff, 0xd1,
    0x7f, 0xef, 0xf7, 0xd, 0xff, 0xff, 0x40, 0x3,
    0xff, 0xff, 0x56, 0xe4, 0x0, 0x4e, 0x75, 0xff,
    0xff, 0x40, 0x3, 0xff, 0xff, 0x1e, 0x63, 0xcc,
    0x24, 0xf0, 0xff, 0xff, 0x40, 0x3, 0xff, 0xff,
    0x2f, 0xff, 0xff, 0x80, 0xf2, 0xef, 0xff, 0x40,
    0x3, 0xff, 0xff, 0x1f, 0x77, 0xff, 0x41, 0xf2,
    0xff, 0xff, 0x40, 0x3, 0xff, 0xff, 0x5b, 0xa0,
    0x12, 0x9, 0xc4, 0xff, 0xff, 0x40, 0x3, 0xff,
    0xff, 0xd2, 0xeb, 0x66, 0xbe, 0x3c, 0xff, 0xff,
    0x40, 0x3, 0xff, 0xff, 0xfb, 0x29, 0xcd, 0x92,
    0xaf, 0xff, 0xff, 0x40, 0x2, 0xff, 0xff, 0xff,
    0xe7, 0x44, 0x7e, 0xff, 0xff, 0xff, 0x40, 0x0,
    0xaf, 0xff, 0xff, 0xff, 0xff, 0xff, 0xff, 0xff,
    0xfb, 0x0,

    /* U+F36B "" */
    0x0, 0x0, 0x0, 0x0, 0x0, 0xd3, 0x0, 0x3,
    0x0, 0x0, 0x0, 0x0, 0x0, 0x0, 0x10, 0x0,
    0x4f, 0xb0, 0x6, 0xf2, 0x0, 0x0, 0x0, 0x0,
    0x0, 0xb, 0xd3, 0x4b, 0xff, 0xdb, 0xff, 0x20,
    0x0, 0x0, 0x0, 0x0, 0x0, 0x7f, 0xff, 0xff,
    0xff, 0xff, 0xf7, 0x1, 0x60, 0x0, 0x0, 0x0,
    0x7, 0xff, 0xff, 0xff, 0xff, 0xff, 0xfd, 0xff,
    0x30, 0x0, 0x5, 0x45, 0xff, 0xff, 0xa5, 0x22,
    0x5b, 0xff, 0xff, 0xa0, 0x0, 0x0, 0xef, 0xff,
    0xfe, 0x30, 0x0, 0x0, 0x5, 0xff, 0xf6, 0x0,
    0x0, 0x3, 0xff, 0xff, 0x30, 0x0, 0x0, 0x0,
    0x5, 0xff, 0xd0, 0x0, 0x0, 0xd, 0xff, 0x90,
    0x0, 0x0, 0x0, 0x0, 0xc, 0xff, 0xfe, 0x60,
    0x0, 0xff, 0xf2, 0x0, 0x21, 0x0, 0x20, 0x0,
    0x6f, 0xff, 0xd3, 0x7, 0xdf, 0xff, 0x0, 0x7f,
    0xe1, 0x8f, 0xd0, 0x3, 0xff, 0xc0, 0x2, 0xff,
    0xff, 0xf0, 0xb, 0xff, 0x3c, 0xff, 0x20, 0x2f,
    0xfb, 0x0, 0x0, 0x6f, 0xff, 0x20, 0x3b, 0x90,
    0x4c, 0x70, 0x5, 0xff, 0xe4, 0x0, 0x0, 0xef,
    0xf7, 0x0, 0x0, 0x0, 0x0, 0x0, 0xbf, 0xff,
    0xf6, 0x0, 0xe, 0xff, 0xf1, 0x0, 0x0, 0x0,
    0x0, 0x4f, 0xff, 0x86, 0x20, 0xc, 0xff, 0xff,
    0xd2, 0x0, 0x0, 0x0, 0x3e, 0xff, 0x90, 0x0,
    0x0, 0x98, 0x9f, 0xff, 0xf8, 0x20, 0x3, 0x9f,
    0xff, 0xf7, 0x0, 0x0, 0x0, 0x0, 0x9f, 0xff,
    0xff, 0xff, 0xff, 0xff, 0xff, 0xe1, 0x0, 0x0,
    0x0, 0x7, 0xff, 0xff, 0xff, 0xff, 0xff, 0xb1,
    0x4a, 0x10, 0x0, 0x0, 0x0, 0xbe, 0x56, 0xdf,
    0xff, 0xef, 0xf1, 0x0, 0x0, 0x0, 0x0, 0x0,
    0x2, 0x10, 0x5, 0xfb, 0x0, 0xaf, 0x10, 0x0,
    0x0, 0x0, 0x0, 0x0, 0x0, 0x0, 0x1f, 0x30,
    0x0, 0x60, 0x0, 0x0, 0x0, 0x0, 0x0, 0x0,
    0x0, 0x0, 0x0, 0x0, 0x0, 0x0, 0x0, 0x0,
    0x0,

    /* U+F36C "" */
    0x0, 0x0, 0x0, 0x0, 0x14, 0x55, 0x41, 0x0,
    0x0, 0x0, 0x0, 0x0, 0x0, 0x0, 0x7d, 0xff,
    0xff, 0xff, 0xc6, 0x0, 0x0, 0x0, 0x0, 0x0,
    0x4e, 0xff, 0xff, 0xff, 0xff, 0xff, 0xd3, 0x0,
    0x0, 0x0, 0x6, 0xff, 0xff, 0xff, 0xff, 0xff,
    0xff, 0xff, 0x60, 0x0, 0x0, 0x5f, 0xff, 0xff,
    0xff, 0xff, 0xff, 0xff, 0xff, 0xf5, 0x0, 0x3,
    0xff, 0xff, 0xff, 0xff, 0xff, 0xff, 0xff, 0xff,
    0xff, 0x20, 0xb, 0xff, 0xff, 0xff, 0xff, 0xff,
    0xff, 0xff, 0xff, 0xff, 0xb0, 0x3f, 0xff, 0xff,
    0xff, 0xff, 0xee, 0xff, 0xff, 0xff, 0xff, 0xf3,
    0x8f, 0xff, 0xff, 0xff, 0xc3, 0x0, 0x3c, 0xff,
    0xff, 0xff, 0xf8, 0xcf, 0xff, 0xff, 0xfd, 0x0,
    0x0, 0x1, 0xef, 0xff, 0xff, 0xfc, 0xef, 0xff,
    0xff, 0xf7, 0x0, 0x0, 0x0, 0x7f, 0xff, 0xff,
    0xfe, 0xff, 0xff, 0xff, 0xf5, 0x0, 0x0, 0x0,
    0x4f, 0xff, 0xff, 0xff, 0xef, 0xff, 0xff, 0xf6,
    0x0, 0x0, 0x0, 0x6f, 0xff, 0xff, 0xfe, 0xdf,
    0xff, 0xff, 0xfb, 0x0, 0x0, 0x0, 0xbf, 0xff,
    0xff, 0xfd, 0x9f, 0xff, 0xff, 0xff, 0x70, 0x0,
    0x8, 0xff, 0xff, 0xff, 0xf9, 0x4f, 0xff, 0xff,
    0xff, 0xf8, 0x0, 0x7f, 0xff, 0xff, 0xff, 0xf4,
    0xd, 0xff, 0xff, 0xff, 0xf2, 0x0, 0x2f, 0xff,
    0xff, 0xff, 0xd0, 0x3, 0xff, 0xff, 0xff, 0xc0,
    0x0, 0xc, 0xff, 0xff, 0xff, 0x40, 0x0, 0x8f,
    0xff, 0xff, 0x50, 0x0, 0x6, 0xff, 0xff, 0xf8,
    0x0, 0x0, 0x9, 0xff, 0xfe, 0x0, 0x0, 0x0,
    0xff, 0xff, 0xa0, 0x0, 0x0, 0x0, 0x6f, 0xf8,
    0x0, 0x0, 0x0, 0xaf, 0xf8, 0x0, 0x0, 0x0,
    0x0, 0x1, 0x72, 0x0, 0x0, 0x0, 0x39, 0x20,
    0x0, 0x0,

    /* U+F36D "" */
    0x0, 0x0, 0x0, 0x0, 0x19, 0xed, 0x80, 0x0,
    0x0, 0x0, 0x0, 0x0, 0x0, 0x0, 0x1, 0xef,
    0xff, 0xfb, 0x0, 0x0, 0x0, 0x0, 0x0, 0x0,
    0x0, 0x8, 0xff, 0xff, 0xff, 0x50, 0x0, 0x0,
    0x0, 0x0, 0x8, 0x0, 0xc, 0xff, 0xff, 0xff,
    0x80, 0x3, 0x60, 0x0, 0x0, 0x8f, 0xc0, 0xa,
    0xff, 0xff, 0xff, 0x70, 0x3e, 0xf4, 0x0, 0x5,
    0xff, 0xe2, 0x4, 0xff, 0xff, 0xff, 0x20, 0x5f,
    0xfe, 0x10, 0xd, 0xff, 0x30, 0x81, 0x7f, 0xff,
    0xf4, 0x27, 0x8, 0xff, 0x90, 0x5f, 0xf9, 0x9,
    0xfc, 0x11, 0x55, 0x12, 0xef, 0x60, 0xef, 0xf0,
    0x9f, 0xf2, 0x3f, 0xff, 0xc1, 0x0, 0x2e, 0xff,
    0xe0, 0x7f, 0xf4, 0xdf, 0xd0, 0x8f, 0xff, 0xfc,
    0x0, 0xef, 0xff, 0xf5, 0x3f, 0xf7, 0xef, 0xb0,
    0xbf, 0xff, 0xfe, 0x1, 0xff, 0xff, 0xf8, 0x1f,
    0xf9, 0xff, 0xa0, 0xcf, 0xff, 0xfe, 0x1, 0xff,
    0xff, 0xf9, 0xf, 0xfa, 0xef, 0xc0, 0xaf, 0xff,
    0xfe, 0x1, 0xff, 0xff, 0xf7, 0x2f, 0xf8, 0xcf,
    0xf0, 0x6f, 0xff, 0xfe, 0x1, 0xff, 0xff, 0xf3,
    0x5f, 0xf6, 0x7f, 0xf5, 0xe, 0xff, 0xfe, 0x1,
    0xff, 0xff, 0xb0, 0xbf, 0xf1, 0x2f, 0xfd, 0x3,
    0xff, 0xfe, 0x1, 0xff, 0xfe, 0x13, 0xff, 0xc0,
    0x9, 0xff, 0x90, 0x3e, 0xfe, 0x1, 0xff, 0xd2,
    0x1d, 0xff, 0x40, 0x1, 0xef, 0xf9, 0x0, 0x7a,
    0x1, 0xb5, 0x2, 0xdf, 0xfa, 0x0, 0x0, 0x3f,
    0xff, 0xd4, 0x0, 0x0, 0x0, 0x7e, 0xff, 0xc0,
    0x0, 0x0, 0x3, 0xef, 0xff, 0xeb, 0x9a, 0xcf,
    0xff, 0xfb, 0x0, 0x0, 0x0, 0x0, 0x1a, 0xff,
    0xff, 0xff, 0xff, 0xff, 0x70, 0x0, 0x0, 0x0,
    0x0, 0x0, 0x28, 0xdf, 0xff, 0xeb, 0x71, 0x0,
    0x0, 0x0, 0x0, 0x0, 0x0, 0x0, 0x0, 0x0,
    0x0, 0x0, 0x0, 0x0, 0x0,

    /* U+F36E "" */
    0x0, 0x0, 0x0, 0x5, 0x97, 0x76, 0x66, 0x40,
    0x0, 0x0, 0x0, 0x0, 0x0, 0x6, 0xb4, 0x0,
    0x0, 0x0, 0x15, 0x50, 0x0, 0x0, 0x0, 0x1,
    0xb6, 0x0, 0x16, 0xac, 0xca, 0x50, 0x6, 0x10,
    0x0, 0x0, 0x1c, 0x30, 0x7, 0xff, 0xff, 0xff,
    0xfd, 0x40, 0x61, 0x0, 0x0, 0xb4, 0x0, 0xaf,
    0xff, 0xff, 0xff, 0xff, 0xf6, 0x6, 0x0, 0x7,
    0x90, 0x8, 0xff, 0xff, 0xff, 0xff, 0xff, 0xff,
    0x40, 0x50, 0x1e, 0x10, 0x2f, 0xff, 0xa4, 0x11,
    0x5c, 0xff, 0xff, 0xd0, 0x50, 0x6a, 0x0, 0x8f,
    0xf6, 0x0, 0x0, 0x0, 0x9f, 0xff, 0xf4, 0x5,
    0xa5, 0x0, 0xdf, 0x80, 0x0, 0x0, 0x0, 0xc,
    0xff, 0xf9, 0x6, 0xd3, 0x0, 0xff, 0x10, 0x6,
    0x91, 0x0, 0x5, 0xff, 0xfb, 0x7, 0xf2, 0x0,
    0xfd, 0x0, 0x6, 0xfe, 0x60, 0x1, 0xff, 0xfb,
    0x7, 0xf3, 0x0, 0xdd, 0x0, 0x6, 0xff, 0x70,
    0x1, 0xff, 0xf9, 0x8, 0xd4, 0x0, 0x9f, 0x0,
    0x6, 0xc2, 0x0, 0x4, 0xff, 0xf5, 0x8, 0xb8,
    0x0, 0x3f, 0x60, 0x1, 0x0, 0x0, 0xa, 0xff,
    0xe0, 0x9, 0x6d, 0x0, 0xa, 0xf3, 0x0, 0x0,
    0x0, 0x6f, 0xff, 0x60, 0x36, 0x1f, 0x50, 0x0,
    0xcf, 0x70, 0x0, 0x19, 0xff, 0xf9, 0x0, 0xa1,
    0x8, 0xe1, 0x0, 0xa, 0xff, 0xee, 0xff, 0xff,
    0x70, 0x4, 0x80, 0x0, 0xdb, 0x0, 0x0, 0x39,
    0xde, 0xec, 0x81, 0x0, 0x2c, 0x0, 0x0, 0x2e,
    0xb1, 0x0, 0x0, 0x0, 0x0, 0x0, 0x4, 0xd2,
    0x0, 0x0, 0x2, 0xde, 0x50, 0x0, 0x0, 0x0,
    0x1, 0x8d, 0x20, 0x0, 0x0, 0x0, 0x9, 0xfd,
    0x84, 0x22, 0x35, 0xae, 0x90, 0x0, 0x0, 0x0,
    0x0, 0x0, 0x27, 0xce, 0xff, 0xec, 0x71, 0x0,
    0x0, 0x0, 0x0, 0x0, 0x0, 0x0, 0x0, 0x0,
    0x0, 0x0, 0x0, 0x0, 0x0,

    /* U+F36F "" */
    0x0, 0x0, 0x90, 0x0, 0x0, 0x0, 0x5, 0x0,
    0x0, 0x0, 0x0, 0xbf, 0x90, 0x0, 0x0, 0x0,
    0x9b, 0x0, 0x0, 0x0, 0xbf, 0xff, 0x30, 0x0,
    0x0, 0x9, 0xfb, 0x0, 0x0, 0x8f, 0xff, 0xfd,
    0x0, 0x0, 0x0, 0x9f, 0xfc, 0x0, 0xb5, 0xff,
    0xff, 0xf8, 0x0, 0x0, 0x9, 0xff, 0xfc, 0xf,
    0xd7, 0xff, 0xff, 0xf3, 0x0, 0x0, 0x9f, 0xff,
    0xf1, 0xff, 0x8c, 0xff, 0xff, 0xd0, 0x0, 0x9,
    0xff, 0xff, 0x1f, 0xff, 0x5f, 0xff, 0xff, 0x80,
    0x0, 0x9f, 0xff, 0xf1, 0xff, 0xfd, 0x7f, 0xff,
    0xff, 0x20, 0x9, 0xff, 0xff, 0x1f, 0xff, 0xf8,
    0xcf, 0xff, 0xfc, 0x0, 0x9f, 0xff, 0xf1, 0xff,
    0xff, 0xc2, 0xff, 0xff, 0xf7, 0x9, 0xff, 0xff,
    0x1f, 0xff, 0xfc, 0x8, 0xff, 0xff, 0xf2, 0x9f,
    0xff, 0xf1, 0xff, 0xff, 0xc0, 0xd, 0xff, 0xff,
    0xc7, 0xff, 0xff, 0x1f, 0xff, 0xfc, 0x0, 0x3f,
    0xff, 0xff, 0x7c, 0xff, 0xf1, 0xff, 0xff, 0xc0,
    0x0, 0x8f, 0xff, 0xff, 0x4f, 0xff, 0x1f, 0xff,
    0xfc, 0x0, 0x0, 0xdf, 0xff, 0xfb, 0x7f, 0xf1,
    0xff, 0xff, 0xc0, 0x0, 0x3, 0xff, 0xff, 0xf6,
    0xcf, 0x1b, 0xff, 0xfc, 0x0, 0x0, 0x9, 0xff,
    0xff, 0xf4, 0xc0, 0xb, 0xff, 0xc0, 0x0, 0x0,
    0xd, 0xff, 0xff, 0x90, 0x0, 0xb, 0xfc, 0x0,
    0x0, 0x0, 0x4f, 0xff, 0xd1, 0x0, 0x0, 0xb,
    0xc0, 0x0, 0x0, 0x0, 0x9f, 0xd1, 0x0, 0x0,
    0x0, 0x8, 0x0, 0x0, 0x0, 0x0, 0xb1, 0x0,
    0x0, 0x0, 0x0, 0x0, 0x0, 0x0, 0x0, 0x0,
    0x0, 0x0, 0x0,

    /* U+F370 "" */
    0x0, 0x0, 0x0, 0x0, 0x0, 0x0, 0x2, 0x46,
    0x64, 0x10, 0x0, 0x0, 0x0, 0x0, 0x0, 0x0,
    0x7, 0xdf, 0xff, 0xff, 0xfb, 0x30, 0x0, 0x0,
    0x20, 0x0, 0x0, 0xcf, 0xff, 0xff, 0xff, 0xfa,
    0x60, 0x0, 0x2, 0xf4, 0x0, 0x9, 0xe3, 0xdf,
    0xff, 0xff, 0xfe, 0x60, 0x0, 0x6, 0xfe, 0x0,
    0x7f, 0xfe, 0xff, 0xff, 0xff, 0xff, 0x92, 0x0,
    0xe, 0xff, 0x36, 0xff, 0xff, 0xff, 0xff, 0xff,
    0xff, 0xb0, 0x0, 0x8f, 0xff, 0x7a, 0xc6, 0x44,
    0x6c, 0xff, 0xff, 0xff, 0xf2, 0x51, 0xff, 0xff,
    0x81, 0x0, 0x0, 0x0, 0x5f, 0xff, 0xff, 0xf8,
    0xc9, 0xff, 0xff, 0x50, 0x0, 0x0, 0x0, 0x5,
    0xff, 0xff, 0xfc, 0xef, 0xff, 0xfd, 0x15, 0x0,
    0x0, 0x0, 0x50, 0xdf, 0xff, 0xfe, 0xff, 0xff,
    0xfa, 0x2, 0xa1, 0x0, 0x2a, 0x10, 0xaf, 0xff,
    0xff, 0xef, 0xff, 0xfa, 0x0, 0x4e, 0x45, 0xd2,
    0x0, 0xbf, 0xff, 0xfe, 0xdf, 0xff, 0xfd, 0x0,
    0x5, 0xfe, 0x20, 0x1, 0xff, 0xff, 0xfd, 0x9f,
    0xff, 0xff, 0x40, 0x0, 0x10, 0x0, 0x1c, 0xff,
    0xff, 0xf9, 0x4f, 0xff, 0xff, 0xe2, 0x0, 0x0,
    0x16, 0xef, 0xff, 0xff, 0xf4, 0xd, 0xff, 0xff,
    0xfe, 0x30, 0x4e, 0xff, 0xff, 0xff, 0xff, 0xd0,
    0x4, 0xff, 0xff, 0xff, 0xfa, 0x35, 0xdf, 0xff,
    0xff, 0xff, 0x40, 0x0, 0x8f, 0xff, 0xff, 0xff,
    0xff, 0xce, 0xff, 0xff, 0xf8, 0x0, 0x0, 0x9,
    0xff, 0xff, 0xff, 0xff, 0xff, 0xff, 0xff, 0x90,
    0x0, 0x0, 0x0, 0x6f, 0xff, 0xff, 0xff, 0xff,
    0xff, 0xf7, 0x0, 0x0, 0x0, 0x0, 0x1, 0x9f,
    0xff, 0xff, 0xff, 0xfa, 0x20, 0x0, 0x0, 0x0,
    0x0, 0x0, 0x0, 0x47, 0x88, 0x74, 0x0, 0x0,
    0x0, 0x0,

    /* U+F371 "" */
    0x0, 0x0, 0x0, 0x5, 0x9c, 0xde, 0xc9, 0x50,
    0x0, 0x0, 0x0, 0x0, 0x0, 0x6, 0xef, 0xff,
    0xff, 0xff, 0xfe, 0x60, 0x0, 0x0, 0x0, 0x1,
    0xcf, 0xff, 0xff, 0xf2, 0x47, 0xdf, 0xfb, 0x10,
    0x0, 0x0, 0x1d, 0xff, 0xff, 0xff, 0xfb, 0x95,
    0x5, 0xef, 0xd1, 0x0, 0x0, 0xcf, 0xff, 0xff,
    0xff, 0xff, 0xff, 0xe4, 0x2d, 0xfc, 0x0, 0x7,
    0xff, 0xff, 0xff, 0xff, 0xf3, 0x6c, 0xff, 0x71,
    0xef, 0x70, 0x1f, 0xff, 0xff, 0xff, 0xff, 0xf1,
    0x0, 0x6f, 0xf4, 0x4f, 0xf1, 0x6f, 0xff, 0xff,
    0xff, 0xff, 0xff, 0xd5, 0x7, 0xfe, 0xc, 0xf6,
    0xbf, 0xff, 0xff, 0xff, 0xff, 0xff, 0xff, 0x50,
    0xdf, 0x56, 0xfa, 0xdf, 0xff, 0xff, 0xff, 0xff,
    0xf0, 0x8f, 0xe0, 0x7f, 0x92, 0xfd, 0xff, 0xff,
    0xff, 0xff, 0xff, 0xf0, 0xd, 0xf2, 0x5f, 0xb1,
    0xff, 0xff, 0xff, 0xff, 0xff, 0xff, 0xf0, 0xd,
    0xf2, 0x4f, 0xb1, 0xff, 0xdf, 0xff, 0xff, 0xff,
    0xff, 0xf0, 0x7f, 0xe0, 0x7f, 0x92, 0xfd, 0xbf,
    0xff, 0xff, 0xff, 0xff, 0xfe, 0xff, 0x50, 0xdf,
    0x56, 0xfb, 0x6f, 0xff, 0xff, 0xff, 0xff, 0xff,
    0xe5, 0x6, 0xfe, 0xb, 0xf6, 0x1f, 0xff, 0xff,
    0xff, 0xff, 0xf2, 0x0, 0x6f, 0xf5, 0x3f, 0xf1,
    0x8, 0xff, 0xff, 0xff, 0xff, 0xf2, 0x5b, 0xff,
    0x80, 0xdf, 0x80, 0x0, 0xdf, 0xff, 0xff, 0xff,
    0xff, 0xff, 0xe6, 0xb, 0xfd, 0x0, 0x0, 0x2e,
    0xff, 0xff, 0xff, 0xfd, 0xb6, 0x13, 0xdf, 0xe2,
    0x0, 0x0, 0x2, 0xdf, 0xff, 0xff, 0xf0, 0x15,
    0xaf, 0xfd, 0x20, 0x0, 0x0, 0x0, 0x9, 0xff,
    0xff, 0xff, 0xff, 0xff, 0x90, 0x0, 0x0, 0x0,
    0x0, 0x0, 0x27, 0xce, 0xff, 0xec, 0x71, 0x0,
    0x0, 0x0, 0x0, 0x0, 0x0, 0x0, 0x0, 0x0,
    0x0, 0x0, 0x0, 0x0, 0x0,

    /* U+F372 "" */
    0x0, 0x0, 0x0, 0x0, 0x0, 0x5b, 0x20, 0x0,
    0x0, 0x0, 0x0, 0x0, 0x0, 0x0, 0x0, 0x0,
    0xff, 0xc0, 0x0, 0x57, 0x50, 0x0, 0x0, 0x0,
    0x40, 0x0, 0x0, 0xaf, 0xf6, 0x2d, 0xff, 0xf3,
    0x0, 0x0, 0xc, 0xfb, 0x0, 0x0, 0x2f, 0xfe,
    0xef, 0xff, 0xe1, 0x0, 0x0, 0xd, 0xff, 0xb0,
    0x0, 0x9, 0xff, 0xff, 0x62, 0x0, 0x0, 0x0,
    0x2, 0xef, 0xf7, 0x0, 0x2, 0xff, 0xf7, 0x0,
    0x0, 0x0, 0x0, 0x0, 0x2f, 0xfe, 0x0, 0x0,
    0xcf, 0xf4, 0x0, 0x0, 0x0, 0x0, 0x0, 0x9,
    0xff, 0x20, 0x0, 0x8f, 0xf4, 0x0, 0x66, 0x0,
    0x0, 0x0, 0x9, 0xff, 0x20, 0x0, 0x4f, 0xf6,
    0x3, 0xff, 0x40, 0x48, 0x10, 0xc, 0xff, 0xcf,
    0xfa, 0x3f, 0xf7, 0x5, 0xff, 0x50, 0xef, 0xa0,
    0x1f, 0xff, 0xff, 0xfe, 0x3f, 0xf6, 0x5, 0xff,
    0x40, 0xff, 0xc0, 0x6f, 0xff, 0xfc, 0x93, 0x6f,
    0xf4, 0x7, 0xff, 0x10, 0xdf, 0xe0, 0xbf, 0xfe,
    0x30, 0x0, 0xbf, 0xf2, 0xc, 0xfd, 0x0, 0x9f,
    0xf4, 0xef, 0xf4, 0x0, 0x3, 0xff, 0xe0, 0x8f,
    0xfe, 0xc6, 0x4f, 0xfd, 0xff, 0xf0, 0x0, 0xc,
    0xff, 0xed, 0xff, 0xff, 0xfe, 0xb, 0xff, 0xff,
    0xf3, 0x4, 0xdf, 0xff, 0xff, 0xff, 0xff, 0xe7,
    0x1, 0xcf, 0xff, 0xff, 0xff, 0xff, 0xff, 0xfb,
    0x62, 0x0, 0x0, 0x0, 0x9, 0xff, 0xff, 0xff,
    0xff, 0xfd, 0x30, 0x0, 0x0, 0x0, 0x0, 0x0,
    0x4, 0x8e, 0xff, 0xff, 0xe1, 0x0, 0x0, 0x0,
    0x0, 0x0, 0x0, 0x0, 0x0, 0xcf, 0xff, 0x80,
    0x0, 0x0, 0x0, 0x0, 0x0, 0x0, 0x0, 0x0,
    0x5f, 0xff, 0x50, 0x0, 0x0, 0x0, 0x0, 0x0,
    0x0, 0x0, 0x0, 0x9, 0xc9, 0x0, 0x0, 0x0,
    0x0, 0x0,

    /* U+F373 "" */
    0x0, 0x0, 0x0, 0x0, 0x5a, 0xce, 0x10, 0x0,
    0x4a, 0x63, 0x0, 0x0, 0x0, 0x0, 0x8, 0xff,
    0xf1, 0x0, 0x1e, 0xff, 0xf7, 0x0, 0x0, 0x0,
    0x0, 0x8f, 0xff, 0x10, 0xc, 0xff, 0xfb, 0x0,
    0x0, 0x10, 0x0, 0x8, 0xff, 0xf1, 0x8, 0xff,
    0xfd, 0x0, 0x0, 0x1d, 0xd3, 0x0, 0x8f, 0xff,
    0x14, 0xff, 0xff, 0x20, 0x0, 0x9, 0xff, 0xf9,
    0x88, 0xff, 0xf2, 0xef, 0xff, 0x60, 0x0, 0x0,
    0x2f, 0xff, 0xfa, 0x8f, 0xff, 0xdf, 0xff, 0x90,
    0x0, 0x0, 0x0, 0x7f, 0xf6, 0x8, 0xff, 0xff,
    0xff, 0xe0, 0x0, 0x0, 0x0, 0x3, 0xf7, 0x0,
    0x8f, 0xff, 0xef, 0xff, 0x60, 0x0, 0x0, 0x0,
    0xae, 0x0, 0x8, 0xff, 0xf5, 0xff, 0xff, 0x20,
    0x0, 0x9d, 0xff, 0x80, 0x0, 0x8f, 0xff, 0x19,
    0xff, 0xfd, 0x0, 0xf, 0xff, 0xf6, 0x0, 0x8,
    0xff, 0xf1, 0xd, 0xff, 0xf9, 0x0, 0xff, 0xff,
    0x60, 0x0, 0x8f, 0xff, 0x10, 0x3f, 0xff, 0xf5,
    0x0, 0x37, 0xe8, 0x0, 0x8, 0xff, 0xf1, 0x0,
    0x8f, 0xff, 0xe1, 0x0, 0x8, 0xe0, 0x0, 0x8f,
    0xff, 0x0, 0x2, 0xcf, 0xfd, 0x50, 0x0, 0x4f,
    0x90, 0x3, 0x52, 0x0, 0x5, 0xe3, 0x72, 0x0,
    0x0, 0xc, 0xff, 0x90, 0x0, 0x0, 0x6, 0xff,
    0xa2, 0x0, 0x0, 0x7, 0xff, 0xff, 0xe8, 0x55,
    0x7d, 0xff, 0xff, 0xb0, 0x0, 0x0, 0x9f, 0xfc,
    0x49, 0xff, 0xff, 0xa4, 0x9f, 0xfe, 0x0, 0x0,
    0x0, 0x96, 0x0, 0xa, 0xff, 0xd0, 0x0, 0x4c,
    0x20, 0x0, 0x0, 0x0, 0x0, 0x0, 0x6f, 0xf9,
    0x0, 0x0, 0x0, 0x0, 0x0, 0x0, 0x0, 0x0,
    0x3, 0xff, 0x60, 0x0, 0x0, 0x0, 0x0, 0x0,
    0x0, 0x0, 0x0, 0x0, 0x10, 0x0, 0x0, 0x0,
    0x0, 0x0,

    /* U+F374 "" */
    0x0, 0x0, 0x0, 0x0, 0x0, 0x0, 0x0, 0x0,
    0x0, 0x0, 0x0, 0x0, 0x0, 0x0, 0x0, 0x0,
    0x88, 0x0, 0x0, 0x0, 0x0, 0x0, 0x0, 0x0,
    0x0, 0x0, 0x1, 0xff, 0x10, 0x0, 0x0, 0x0,
    0x0, 0x0, 0x0, 0x0, 0x0, 0xa, 0xff, 0xa0,
    0x0, 0x0, 0x0, 0x0, 0x0, 0x0, 0x0, 0x0,
    0x3f, 0xff, 0xf3, 0x0, 0x0, 0x0, 0x0, 0x0,
    0x0, 0x0, 0x0, 0xcf, 0xff, 0xfc, 0x0, 0x0,
    0x0, 0x0, 0x0, 0x0, 0x0, 0x2, 0xff, 0xff,
    0xff, 0x50, 0x0, 0x0, 0x0, 0x0, 0x0, 0x0,
    0x0, 0xdf, 0xff, 0xff, 0xe0, 0x0, 0x0, 0x0,
    0x0, 0x0, 0x0, 0x20, 0x57, 0x4c, 0xff, 0xf8,
    0x0, 0x0, 0x0, 0x0, 0x0, 0x2, 0xd0, 0x0,
    0x3, 0xff, 0xff, 0x10, 0x0, 0x0, 0x0, 0x0,
    0xb, 0xf7, 0x74, 0x0, 0xaf, 0xff, 0xa0, 0x0,
    0x0, 0x0, 0x0, 0x4f, 0xff, 0xf1, 0x0, 0x1f,
    0xf9, 0xc2, 0x0, 0x0, 0x0, 0x0, 0xdf, 0xff,
    0x70, 0x0, 0x7, 0xb0, 0x0, 0x0, 0x0, 0x0,
    0x6, 0xff, 0xfd, 0x0, 0x0, 0x0, 0x40, 0x43,
    0x0, 0x0, 0x0, 0x1e, 0xff, 0xf5, 0x0, 0x0,
    0x0, 0x1, 0xff, 0xe1, 0x0, 0x0, 0x9f, 0xff,
    0xc0, 0x0, 0x0, 0x0, 0x6, 0xff, 0xf9, 0x0,
    0x2, 0xff, 0xff, 0xe2, 0x7, 0xff, 0xff, 0xff,
    0xff, 0xff, 0x20, 0xb, 0xff, 0xff, 0xfd, 0x0,
    0xaf, 0xff, 0xff, 0xff, 0xff, 0xb0, 0x4f, 0xff,
    0xff, 0xf9, 0x1, 0xdf, 0xff, 0xff, 0xff, 0xff,
    0xf4, 0x9b, 0xbb, 0xbb, 0xa0, 0x7, 0xaa, 0xab,
    0xbb, 0xbb, 0xbb, 0xb9,

    /* U+F375 "" */
    0x1, 0xcf, 0xff, 0xff, 0xff, 0xff, 0xff, 0xff,
    0xff, 0xff, 0xff, 0x1d, 0xff, 0xff, 0xff, 0xff,
    0xff, 0xff, 0xff, 0xff, 0xff, 0xff, 0xdf, 0xff,
    0xff, 0xc8, 0x79, 0xef, 0xff, 0xff, 0xff, 0xff,
    0xff, 0xff, 0xff, 0xf8, 0x0, 0x0, 0x1d, 0xfe,
    0x29, 0xff, 0xff, 0xff, 0xff, 0xff, 0xd0, 0x2d,
    0xfa, 0x4, 0xfe, 0x8, 0xff, 0xff, 0xff, 0xff,
    0xff, 0x90, 0xbf, 0xff, 0x50, 0xf3, 0x1, 0x3a,
    0xff, 0xff, 0xff, 0xff, 0x60, 0xef, 0xff, 0x90,
    0xd5, 0x3, 0x6b, 0xff, 0xff, 0xff, 0xff, 0x60,
    0xff, 0xff, 0xa0, 0xce, 0x8, 0xff, 0xff, 0xff,
    0xff, 0xff, 0x60, 0xff, 0xff, 0x90, 0xde, 0x8,
    0xff, 0xff, 0xff, 0xff, 0xff, 0x80, 0xdf, 0xff,
    0x70, 0xee, 0x8, 0xff, 0xff, 0xff, 0xff, 0xff,
    0xc0, 0x5f, 0xfe, 0x23, 0xff, 0x7, 0xff, 0xff,
    0xff, 0xff, 0xff, 0xf5, 0x1, 0x30, 0xc, 0xff,
    0x20, 0x4a, 0xff, 0xff, 0xff, 0xff, 0xff, 0xb7,
    0x62, 0x1e, 0xff, 0xd7, 0x6c, 0xff, 0xff, 0xff,
    0xff, 0xff, 0xff, 0xfc, 0x6, 0xff, 0xff, 0xff,
    0xff, 0xfd, 0xff, 0xff, 0xff, 0xff, 0xff, 0xad,
    0xff, 0xff, 0xff, 0xff, 0xd1, 0xff, 0xff, 0xff,
    0xff, 0xff, 0xff, 0xff, 0xff, 0xff, 0xfc, 0x10,

    /* U+F376 "" */
    0x9, 0xef, 0xff, 0xff, 0xfe, 0x30, 0xbf, 0xff,
    0xfe, 0xaf, 0xff, 0xff, 0xff, 0xff, 0xe3, 0xc,
    0xff, 0xfe, 0xff, 0x41, 0x11, 0x11, 0x2c, 0xfe,
    0x30, 0xcf, 0xfe, 0xff, 0x10, 0x0, 0x0, 0x0,
    0xcf, 0xe3, 0xc, 0xfe, 0xff, 0x10, 0x0, 0x0,
    0x0, 0xc, 0xfe, 0x30, 0xce, 0xff, 0x10, 0x0,
    0x0, 0x0, 0x0, 0xcf, 0xe3, 0xb, 0xff, 0x10,
    0x0, 0x0, 0x0, 0x0, 0xc, 0xfe, 0x20, 0xff,
    0x10, 0x0, 0x0, 0x0, 0x0, 0x0, 0xcf, 0xe2,
    0xff, 0x10, 0x0, 0x0, 0x0, 0x0, 0x0, 0xc,
    0xfd, 0xff, 0x10, 0x0, 0x0, 0x0, 0x0, 0x0,
    0x2, 0xfe, 0xff, 0x10, 0x0, 0x0, 0x0, 0x0,
    0x0, 0x2, 0xfe, 0xff, 0x10, 0x0, 0x0, 0x0,
    0x0, 0x0, 0x2, 0xfe, 0xff, 0x10, 0x0, 0x0,
    0x0, 0x0, 0x0, 0x2, 0xfe, 0xff, 0x10, 0x0,
    0x0, 0x0, 0x0, 0x0, 0x2, 0xfe, 0xff, 0x10,
    0x0, 0x0, 0x0, 0x0, 0x0, 0x2, 0xfe, 0xff,
    0x10, 0x0, 0x0, 0x0, 0x0, 0x0, 0x2, 0xfe,
    0xff, 0x10, 0x0, 0x0, 0x0, 0x0, 0x0, 0x2,
    0xfe, 0xff, 0x10, 0x0, 0x0, 0x0, 0x0, 0x0,
    0x2, 0xfe, 0xff, 0x10, 0x0, 0x0, 0x0, 0x0,
    0x0, 0x2, 0xfe, 0xff, 0x20, 0x0, 0x0, 0x0,
    0x0, 0x0, 0x3, 0xfe, 0xbf, 0xff, 0xff, 0xff,
    0xff, 0xff, 0xff, 0xff, 0xf9, 0x1b, 0xff, 0xff,
    0xff, 0xff, 0xff, 0xff, 0xff, 0xb1, 0x0, 0x1,
    0x11, 0x11, 0x11, 0x11, 0x11, 0x10, 0x0,

    /* U+F377 "" */
    0x9, 0xef, 0xff, 0xff, 0xfe, 0x20, 0xaf, 0xff,
    0xff, 0x1a, 0xff, 0xff, 0xff, 0xff, 0xfe, 0x30,
    0xbf, 0xff, 0xf1, 0xff, 0xff, 0xff, 0xff, 0xff,
    0xfe, 0x30, 0xbf, 0xff, 0x1f, 0xff, 0xff, 0xff,
    0xff, 0xff, 0xff, 0x30, 0xaf, 0xf1, 0xff, 0xff,
    0xff, 0xff, 0xff, 0xff, 0xff, 0x30, 0xaf, 0x1f,
    0xff, 0xff, 0xff, 0xff, 0xff, 0xff, 0xff, 0x40,
    0xa1, 0xff, 0xff, 0xff, 0xff, 0xff, 0xff, 0xff,
    0xff, 0x40, 0xf, 0xff, 0xff, 0xff, 0xff, 0xff,
    0xff, 0xff, 0xff, 0x40, 0xff, 0xc9, 0x87, 0x8b,
    0xff, 0xff, 0xff, 0xff, 0xff, 0xf, 0x60, 0x0,
    0x0, 0x1, 0xff, 0xff, 0xff, 0xff, 0xf1, 0xf8,
    0x0, 0x0, 0x0, 0x4f, 0x75, 0x55, 0x55, 0xbf,
    0x1f, 0xce, 0xcb, 0xbc, 0xeb, 0xe1, 0xb9, 0x1b,
    0x84, 0xf1, 0xf5, 0x2, 0x33, 0x20, 0x1e, 0x2f,
    0xe2, 0xfc, 0x4f, 0x1f, 0xa2, 0x0, 0x0, 0x16,
    0xe0, 0x32, 0x3, 0x24, 0xf1, 0xfa, 0xde, 0xdd,
    0xee, 0x9e, 0x1d, 0xb1, 0xda, 0x4f, 0x1f, 0x50,
    0x1, 0x10, 0x1, 0xe2, 0xfe, 0x2f, 0xc4, 0xf1,
    0xfb, 0x41, 0x0, 0x13, 0x8e, 0x0, 0x0, 0x0,
    0x4f, 0x1f, 0x9a, 0xde, 0xfe, 0xb7, 0xe2, 0xfe,
    0x2f, 0xc4, 0xf1, 0xf5, 0x0, 0x0, 0x0, 0x1e,
    0x1e, 0xc1, 0xeb, 0x4f, 0x1f, 0xd6, 0x32, 0x23,
    0x5b, 0xf4, 0x22, 0x22, 0x29, 0xf0, 0xbf, 0xff,
    0xff, 0xff, 0xff, 0xff, 0xff, 0xff, 0xfc, 0x1,
    0xbf, 0xff, 0xff, 0xff, 0xff, 0xff, 0xff, 0xfc,
    0x20, 0x0, 0x1, 0x11, 0x11, 0x11, 0x11, 0x11,
    0x10, 0x0, 0x0,

    /* U+F378 "" */
    0x9, 0xef, 0xff, 0xff, 0xfe, 0x30, 0xbf, 0xff,
    0xff, 0x1a, 0xff, 0xff, 0xff, 0xff, 0xff, 0x30,
    0xbf, 0xff, 0xf1, 0xff, 0xff, 0xff, 0xff, 0xff,
    0xff, 0x30, 0xbf, 0xff, 0x1f, 0xff, 0xff, 0xff,
    0xff, 0xff, 0xff, 0x40, 0xbf, 0xf1, 0xff, 0xff,
    0xff, 0xff, 0xff, 0xff, 0xff, 0x40, 0xaf, 0x1f,
    0xff, 0xff, 0xff, 0xff, 0xff, 0xff, 0xff, 0x40,
    0xa1, 0xff, 0xff, 0xff, 0xff, 0xff, 0xff, 0xff,
    0xff, 0x40, 0xf, 0xff, 0xff, 0xff, 0xff, 0xff,
    0xff, 0xff, 0xff, 0x40, 0xfe, 0x99, 0x99, 0x99,
    0x99, 0x99, 0x9e, 0xff, 0xff, 0xf, 0x66, 0x88,
    0x17, 0x88, 0x8, 0x87, 0x5f, 0xff, 0xf1, 0xf5,
    0x35, 0x50, 0x45, 0x40, 0x55, 0x45, 0xff, 0xff,
    0x1f, 0x58, 0xcc, 0x1b, 0xcb, 0xc, 0xca, 0x5f,
    0xff, 0xf1, 0xf5, 0x12, 0x20, 0x22, 0x20, 0x22,
    0x25, 0xff, 0xff, 0x1f, 0x59, 0xee, 0x1c, 0xe3,
    0x0, 0x0, 0x2, 0x29, 0xf1, 0xf5, 0x11, 0x10,
    0x11, 0x0, 0x1c, 0x0, 0x0, 0x4f, 0x1f, 0x5a,
    0xff, 0x2d, 0xe0, 0xe1, 0xd0, 0x0, 0x4, 0xf1,
    0xf7, 0x0, 0x0, 0x0, 0x1f, 0x1d, 0x0, 0x2c,
    0x4f, 0x1f, 0xfd, 0xdd, 0xde, 0xd1, 0xf1, 0xd2,
    0x92, 0xc4, 0xf1, 0xff, 0xff, 0xff, 0xff, 0x1f,
    0x1d, 0x3a, 0x2c, 0x4f, 0x1f, 0xff, 0xff, 0xff,
    0xf4, 0x0, 0x0, 0x0, 0x8, 0xf0, 0xbf, 0xff,
    0xff, 0xff, 0xff, 0xff, 0xff, 0xff, 0xfc, 0x1,
    0xbf, 0xff, 0xff, 0xff, 0xff, 0xff, 0xff, 0xfc,
    0x20, 0x0, 0x1, 0x11, 0x11, 0x11, 0x11, 0x11,
    0x10, 0x0, 0x0,

    /* U+F379 "" */
    0x9, 0xef, 0xff, 0xff, 0xfe, 0x20, 0xbf, 0xff,
    0xfe, 0xaf, 0xff, 0xff, 0xff, 0xff, 0xe2, 0xc,
    0xff, 0xfe, 0xff, 0xff, 0xff, 0xff, 0xff, 0xfe,
    0x20, 0xcf, 0xfe, 0xff, 0xff, 0xff, 0xff, 0xff,
    0xff, 0xe2, 0xc, 0xfe, 0xff, 0xff, 0xff, 0xff,
    0xff, 0xff, 0xfe, 0x20, 0xce, 0xff, 0xff, 0xff,
    0xff, 0xff, 0xff, 0xff, 0xe3, 0xb, 0xff, 0xff,
    0xff, 0xff, 0xff, 0xff, 0xff, 0xfe, 0x30, 0xff,
    0xff, 0xff, 0xff, 0xff, 0xff, 0xff, 0xff, 0xe3,
    0xff, 0xff, 0xff, 0xff, 0xff, 0xff, 0xff, 0xff,
    0xfe, 0xff, 0xf6, 0x10, 0x3c, 0xff, 0xff, 0xff,
    0xff, 0xfe, 0xff, 0x30, 0x0, 0x0, 0xdf, 0xfe,
    0xee, 0xee, 0xfe, 0xf9, 0x0, 0x0, 0x0, 0x4f,
    0x10, 0x0, 0x0, 0x9e, 0xf6, 0x0, 0x0, 0x5f,
    0x6e, 0x2f, 0xff, 0xf9, 0x7e, 0xf7, 0x0, 0x0,
    0xd2, 0xde, 0x2f, 0xff, 0xf9, 0x7e, 0xfd, 0x0,
    0x8, 0x60, 0x6e, 0x2f, 0xff, 0xf9, 0x7e, 0xff,
    0x90, 0x1c, 0x0, 0xc, 0x5f, 0xff, 0xf9, 0x7e,
    0xff, 0xfc, 0xc4, 0x0, 0x3, 0xdb, 0xbb, 0xb6,
    0x7e, 0xff, 0xff, 0xb0, 0x0, 0x0, 0xa9, 0x88,
    0x88, 0xee, 0xff, 0xff, 0x20, 0x0, 0x0, 0x1f,
    0xff, 0xff, 0xfe, 0xff, 0xfe, 0x44, 0x44, 0x44,
    0x4d, 0xff, 0xff, 0xfe, 0xbf, 0xff, 0xff, 0xff,
    0xff, 0xff, 0xff, 0xff, 0xf9, 0x1b, 0xff, 0xff,
    0xff, 0xff, 0xff, 0xff, 0xff, 0xa1, 0x0, 0x1,
    0x11, 0x11, 0x11, 0x11, 0x11, 0x10, 0x0,

    /* U+F37A "" */
    0x9, 0xef, 0xff, 0xff, 0xfe, 0x20, 0xbf, 0xff,
    0xfe, 0xaf, 0xff, 0xff, 0xff, 0xff, 0xe2, 0xc,
    0xff, 0xfe, 0xff, 0xff, 0xff, 0xff, 0xff, 0xfe,
    0x30, 0xcf, 0xfe, 0xff, 0xff, 0xff, 0xff, 0xff,
    0xff, 0xe3, 0xc, 0xfe, 0xff, 0xff, 0xff, 0xff,
    0xff, 0xff, 0xfe, 0x30, 0xce, 0xff, 0xff, 0xff,
    0xff, 0xff, 0xff, 0xff, 0xe3, 0xb, 0xff, 0xff,
    0xff, 0xff, 0xff, 0xff, 0xff, 0xfe, 0x30, 0xff,
    0xff, 0xff, 0xff, 0xff, 0xff, 0xff, 0xff, 0xe3,
    0xfc, 0x99, 0x99, 0x99, 0x99, 0x99, 0x99, 0x99,
    0xde, 0xfc, 0x88, 0x88, 0x88, 0x88, 0x88, 0x88,
    0x88, 0xce, 0xff, 0xf9, 0x66, 0x66, 0x66, 0x66,
    0x66, 0xaf, 0xfe, 0xff, 0xfd, 0xcc, 0xcc, 0xcc,
    0xcc, 0xcc, 0xef, 0xfe, 0xff, 0xff, 0xff, 0xff,
    0xff, 0xff, 0xff, 0xff, 0xfe, 0xff, 0xff, 0xff,
    0xff, 0xff, 0xff, 0xff, 0xff, 0xfe, 0xf8, 0xc6,
    0x11, 0x13, 0xf3, 0x11, 0x11, 0x11, 0xae, 0xff,
    0xff, 0xee, 0xee, 0xf0, 0x0, 0x0, 0x56, 0x7e,
    0xf8, 0xd7, 0x22, 0x23, 0xf0, 0x4, 0xc6, 0xd1,
    0x7e, 0xff, 0xfe, 0xdd, 0xde, 0xf0, 0x4e, 0x9d,
    0x10, 0x7e, 0xf8, 0xd6, 0x11, 0x13, 0xf0, 0xd2,
    0x1, 0x0, 0x7e, 0xff, 0xff, 0xff, 0xff, 0xf2,
    0x0, 0x0, 0x0, 0xae, 0xbf, 0xff, 0xff, 0xff,
    0xff, 0xff, 0xff, 0xff, 0xf9, 0x1b, 0xff, 0xff,
    0xff, 0xff, 0xff, 0xff, 0xff, 0xa0, 0x0, 0x1,
    0x11, 0x11, 0x11, 0x11, 0x11, 0x10, 0x0,

    /* U+F37B "" */
    0x0, 0x12, 0x22, 0x22, 0x21, 0x0, 0x22, 0x22,
    0x22, 0x2c, 0xff, 0xff, 0xff, 0xff, 0x40, 0xaf,
    0xff, 0xfe, 0xbf, 0xff, 0xff, 0xff, 0xff, 0xf4,
    0xa, 0xff, 0xfe, 0xff, 0xff, 0xff, 0xff, 0xff,
    0xff, 0x50, 0xaf, 0xfe, 0xff, 0xff, 0xff, 0xff,
    0xff, 0xff, 0xf5, 0xa, 0xfe, 0xff, 0xff, 0xff,
    0xff, 0xff, 0xff, 0xff, 0x50, 0xae, 0xff, 0xff,
    0xff, 0xff, 0xff, 0xff, 0xff, 0xf5, 0x8, 0xff,
    0xff, 0xff, 0xff, 0xff, 0xff, 0xff, 0xff, 0x50,
    0xff, 0xff, 0xff, 0xff, 0xff, 0xff, 0xff, 0xff,
    0xf5, 0xff, 0xff, 0xff, 0xff, 0x55, 0x55, 0x55,
    0x55, 0xbe, 0xff, 0xff, 0xff, 0xf9, 0x4b, 0xbb,
    0xbb, 0xbb, 0xee, 0xff, 0xff, 0xff, 0xf2, 0xdf,
    0xff, 0xff, 0xff, 0xfe, 0xff, 0xff, 0xff, 0x95,
    0xff, 0x58, 0xfd, 0x3b, 0xfe, 0xf8, 0x2b, 0xff,
    0x2d, 0xff, 0x0, 0x61, 0x8, 0xfe, 0xff, 0x94,
    0xfa, 0x5f, 0xff, 0xc0, 0x0, 0x5f, 0xfe, 0xff,
    0xf2, 0xc2, 0xcf, 0xff, 0xd1, 0x0, 0x8f, 0xfe,
    0xff, 0xfa, 0x14, 0xff, 0xff, 0x10, 0x40, 0xa,
    0xfe, 0xff, 0xff, 0x2c, 0xff, 0xff, 0x25, 0xfb,
    0x19, 0xfe, 0xff, 0xff, 0xdf, 0xff, 0xff, 0xff,
    0xff, 0xff, 0xfe, 0xff, 0xee, 0xff, 0xff, 0xee,
    0xff, 0xfe, 0xee, 0xfe, 0xf8, 0x11, 0x2f, 0xf3,
    0x11, 0x5f, 0xd1, 0x11, 0x9d, 0xbf, 0xff, 0xff,
    0xff, 0xff, 0xff, 0xff, 0xff, 0xf9, 0x1b, 0xff,
    0xff, 0xff, 0xff, 0xff, 0xff, 0xff, 0xa0, 0x0,
    0x1, 0x11, 0x11, 0x11, 0x11, 0x11, 0x10, 0x0,

    /* U+F37C "" */
    0x9, 0xef, 0xff, 0xff, 0xfe, 0x20, 0xbf, 0xff,
    0xff, 0xa, 0xff, 0xff, 0xff, 0xff, 0xfe, 0x30,
    0xbf, 0xff, 0xf0, 0xff, 0xff, 0xff, 0xff, 0xff,
    0xfe, 0x30, 0xbf, 0xff, 0xf, 0xff, 0xff, 0xff,
    0xff, 0xff, 0xfe, 0x30, 0xbf, 0xf0, 0xff, 0xff,
    0xff, 0xff, 0xff, 0xff, 0xff, 0x30, 0xbf, 0xf,
    0xff, 0xff, 0xff, 0xff, 0xff, 0xff, 0xff, 0x30,
    0xb0, 0xff, 0xff, 0xff, 0xff, 0xff, 0xff, 0xff,
    0xff, 0x30, 0xf, 0xff, 0xff, 0xff, 0xff, 0xff,
    0xff, 0xff, 0xff, 0x30, 0xfc, 0x99, 0x99, 0x99,
    0xff, 0xa9, 0x99, 0x99, 0xef, 0xf, 0xc9, 0x99,
    0x99, 0xaf, 0xe0, 0x0, 0x1, 0x55, 0xf0, 0xf9,
    0x44, 0x44, 0x45, 0xfe, 0x9, 0xe2, 0x2, 0x5f,
    0xf, 0xec, 0xcc, 0xcc, 0xdf, 0xe0, 0xef, 0xe2,
    0x5, 0xf0, 0xf8, 0x22, 0x22, 0x24, 0xff, 0x12,
    0x22, 0x10, 0x7f, 0xf, 0xfe, 0xee, 0xee, 0xef,
    0xff, 0xee, 0xee, 0xef, 0xf0, 0xff, 0xff, 0xff,
    0xff, 0xff, 0xff, 0xff, 0xff, 0xff, 0xf, 0x81,
    0x11, 0x11, 0x11, 0x11, 0x11, 0x11, 0x18, 0xf0,
    0xff, 0xff, 0xff, 0xff, 0xff, 0xff, 0xff, 0xff,
    0xff, 0xf, 0x70, 0x0, 0x0, 0x0, 0x0, 0x0,
    0x0, 0x7, 0xf0, 0xff, 0xff, 0xff, 0xff, 0xff,
    0xff, 0xff, 0xff, 0xff, 0xf, 0x80, 0x0, 0x0,
    0x2f, 0xff, 0xff, 0xff, 0xff, 0xf0, 0xbf, 0xff,
    0xff, 0xff, 0xff, 0xff, 0xff, 0xff, 0xfb, 0x1,
    0xbf, 0xff, 0xff, 0xff, 0xff, 0xff, 0xff, 0xfb,
    0x10, 0x0, 0x1, 0x11, 0x11, 0x11, 0x11, 0x11,
    0x10, 0x0, 0x0,

    /* U+F37D "" */
    0x0, 0x0, 0x0, 0x0, 0x0, 0x0, 0x0, 0x1,
    0x33, 0x10, 0x0, 0x0, 0x39, 0xba, 0x60, 0x0,
    0x0, 0x2, 0xad, 0xaa, 0xea, 0x10, 0x8, 0xe7,
    0x57, 0xdd, 0x61, 0x0, 0x4d, 0x40, 0x0, 0x8,
    0xd0, 0x5c, 0x0, 0x0, 0xa, 0xf5, 0x4, 0xd1,
    0x0, 0x0, 0x0, 0xa7, 0xc3, 0x0, 0x0, 0x3,
    0x87, 0x2d, 0x20, 0x0, 0x0, 0x0, 0x3d, 0xf0,
    0x0, 0x0, 0x0, 0x0, 0xd4, 0x0, 0x0, 0x0,
    0x0, 0xf, 0xf0, 0x0, 0x0, 0x0, 0x9, 0x90,
    0x0, 0x0, 0x0, 0x0, 0xf, 0xc4, 0x0, 0x0,
    0x0, 0x8c, 0x6, 0x52, 0x0, 0x0, 0x0, 0x3c,
    0x5d, 0x0, 0x0, 0xa, 0xd1, 0x7, 0xf5, 0x0,
    0x0, 0x0, 0xb6, 0x8, 0xd5, 0x36, 0xdb, 0x10,
    0x2, 0x8d, 0x71, 0x0, 0x1a, 0xb0, 0x0, 0x39,
    0xb9, 0x40, 0x0, 0x0, 0x1, 0x9f, 0xee, 0xf9,
    0x0, 0x0, 0x0, 0x0, 0x0, 0x0, 0x0, 0x0,
    0x0, 0x22, 0x0, 0x0,

    /* U+F37E "" */
    0x0, 0x0, 0x0, 0x3, 0xd4, 0x0, 0x0, 0x0,
    0x0, 0x0, 0x0, 0x0, 0x3f, 0xff, 0x40, 0x0,
    0x0, 0x0, 0x0, 0x0, 0x3, 0xfc, 0x1b, 0xf4,
    0x0, 0x0, 0x0, 0x0, 0x0, 0x3f, 0xc0, 0x0,
    0xbf, 0x40, 0x0, 0x0, 0x0, 0x3, 0xfc, 0x0,
    0x0, 0xb, 0xf4, 0x0, 0x0, 0x0, 0x4f, 0xc0,
    0x0, 0x0, 0x0, 0xbf, 0x40, 0x0, 0x3, 0xfc,
    0x0, 0x0, 0x0, 0x0, 0xb, 0xf4, 0x0, 0x4f,
    0xc0, 0x0, 0x0, 0x0, 0x0, 0x0, 0xbf, 0x40,
    0xee, 0x0, 0x0, 0x0, 0x0, 0x0, 0x0, 0xe,
    0xe0, 0x6f, 0x90, 0x0, 0x0, 0x0, 0x0, 0x0,
    0x9f, 0x60, 0x6, 0xf9, 0x0, 0x0, 0x0, 0x0,
    0x9, 0xf6, 0x0, 0x0, 0x6f, 0x90, 0x0, 0x0,
    0x0, 0x9f, 0x70, 0x0, 0x20, 0x6, 0xf9, 0x0,
    0x0, 0x9, 0xf7, 0x0, 0x20, 0xfa, 0x0, 0x6f,
    0x90, 0x0, 0x9f, 0x70, 0x9, 0xf0, 0x5f, 0xa0,
    0x6, 0xf9, 0x8, 0xf7, 0x0, 0x9f, 0x60, 0x5,
    0xfa, 0x0, 0x6f, 0xdf, 0x70, 0x9, 0xf6, 0x0,
    0x0, 0x5f, 0xa0, 0x6, 0xf7, 0x0, 0x9f, 0x60,
    0x0, 0x0, 0x5, 0xfa, 0x0, 0x0, 0x9, 0xf6,
    0x0, 0x0, 0x0, 0x0, 0x5f, 0xa0, 0x0, 0x9f,
    0x60, 0x0, 0x0, 0x0, 0x0, 0x5, 0xfa, 0x9,
    0xf6, 0x0, 0x0, 0x0, 0x0, 0x0, 0x0, 0x5f,
    0xdf, 0x60, 0x0, 0x0, 0x0, 0x0, 0x0, 0x0,
    0x5, 0xf6, 0x0, 0x0, 0x0, 0x0, 0x0, 0x0,
    0x0, 0x0, 0x0, 0x0, 0x0, 0x0, 0x0,

    /* U+F37F "" */
    0x0, 0x0, 0x0, 0x60, 0x0, 0x0, 0x0, 0x0,
    0x1, 0x7e, 0xf1, 0x0, 0x0, 0x0, 0x0, 0x6f,
    0xff, 0xf1, 0x0, 0x0, 0x0, 0x0, 0xbf, 0xff,
    0xf1, 0x0, 0x0, 0x0, 0x3, 0xdf, 0xff, 0xf5,
    0x67, 0x87, 0x0, 0xdf, 0xff, 0xff, 0xff, 0xff,
    0xfa, 0x0, 0x8b, 0xef, 0xff, 0xfd, 0xee, 0xf7,
    0x0, 0x0, 0xbf, 0xff, 0xf1, 0x0, 0x0, 0x0,
    0x0, 0xbf, 0xff, 0xf1, 0x0, 0x0, 0x0, 0x0,
    0xbf, 0xff, 0xf1, 0x0, 0x0, 0x0, 0x0, 0xbf,
    0xff, 0xf1, 0x0, 0x0, 0x0, 0x0, 0xbf, 0xff,
    0xf1, 0x0, 0x0, 0x0, 0x0, 0xbf, 0xff, 0xf1,
    0x0, 0x0, 0x0, 0x0, 0xbf, 0xff, 0xf1, 0x0,
    0x0, 0x0, 0x0, 0xbf, 0xff, 0xf1, 0x0, 0x0,
    0x0, 0x0, 0xbf, 0xff, 0xf1, 0x0, 0x0, 0x0,
    0x0, 0xbf, 0xff, 0xf1, 0x0, 0x0, 0x0, 0x0,
    0xaf, 0xff, 0xf2, 0x0, 0x0, 0x0, 0x0, 0x9f,
    0xff, 0xfa, 0x0, 0x4b, 0x90, 0x0, 0x5f, 0xff,
    0xff, 0xff, 0xff, 0x80, 0x0, 0xc, 0xff, 0xff,
    0xff, 0xe4, 0x0, 0x0, 0x0, 0x8e, 0xff, 0xd7,
    0x0, 0x0, 0x0, 0x0, 0x0, 0x0, 0x0, 0x0,
    0x0,

    /* U+F380 "" */
    0x0, 0x0, 0x0, 0x0, 0x0, 0x0, 0x0, 0x0,
    0x0, 0x0, 0x0, 0x4, 0xbc, 0x81, 0x4, 0x8b,
    0xcc, 0xa7, 0x20, 0x0, 0x0, 0x0, 0x3f, 0xff,
    0xfd, 0xdf, 0xff, 0xff, 0xff, 0xfc, 0x30, 0x0,
    0x0, 0xbf, 0xff, 0xff, 0xff, 0xff, 0xff, 0xff,
    0xff, 0xf7, 0x0, 0x0, 0xff, 0xff, 0xff, 0xff,
    0xff, 0xff, 0xff, 0xff, 0xff, 0x90, 0x0, 0xff,
    0xff, 0xff, 0xff, 0xff, 0xff, 0xff, 0xff, 0xff,
    0xf6, 0x0, 0xff, 0xff, 0xff, 0xff, 0xff, 0xff,
    0xff, 0xff, 0xff, 0xff, 0x20, 0xff, 0xff, 0xff,
    0xff, 0xfe, 0xbb, 0xff, 0xff, 0xff, 0xff, 0xa0,
    0xff, 0xff, 0xff, 0xff, 0x50, 0x0, 0x1a, 0xff,
    0xff, 0xff, 0xf1, 0xff, 0xff, 0xff, 0xf4, 0x0,
    0x10, 0x0, 0xcf, 0xff, 0xff, 0xf5, 0xff, 0xff,
    0xff, 0xc0, 0xb, 0xff, 0x40, 0x2f, 0xff, 0xff,
    0xf8, 0xff, 0xff, 0xff, 0x80, 0x4f, 0xff, 0xe0,
    0x2, 0x7c, 0xff, 0xf9, 0xff, 0xff, 0xff, 0x70,
    0x4f, 0xff, 0xe0, 0x3, 0x8c, 0xff, 0xf8, 0xff,
    0xff, 0xff, 0x70, 0xb, 0xff, 0x50, 0xf, 0xff,
    0xff, 0xf8, 0xff, 0xff, 0xff, 0xa0, 0x0, 0x10,
    0x0, 0xf, 0xff, 0xff, 0xf8, 0xff, 0xff, 0xff,
    0xf2, 0x0, 0x0, 0x0, 0xf, 0xff, 0xff, 0xf8,
    0xff, 0xff, 0xff, 0xff, 0xb7, 0x0, 0x0, 0xf,
    0xff, 0xff, 0xf8, 0xff, 0xff, 0xff, 0xff, 0xff,
    0xe2, 0x0, 0xf, 0xff, 0xff, 0xf8, 0xff, 0xff,
    0xff, 0xff, 0xff, 0xfb, 0x0, 0xf, 0xff, 0xff,
    0xf8, 0xff, 0xff, 0xff, 0xff, 0xff, 0xfe, 0x0,
    0xf, 0xff, 0xff, 0xf7, 0xdf, 0xff, 0xff, 0xb2,
    0x1, 0x7e, 0x0, 0xd, 0xff, 0xff, 0xf4, 0x5f,
    0xff, 0xfc, 0x0, 0x0, 0x7, 0x0, 0x5, 0xff,
    0xff, 0xb0, 0x4, 0xbd, 0x91, 0x0, 0x0, 0x1,
    0x0, 0x0, 0x4b, 0xd8, 0x0, 0x0, 0x0, 0x0,
    0x0, 0x0, 0x0, 0x0, 0x0, 0x0, 0x0, 0x0,

    /* U+F381 "" */
    0x0, 0x0, 0x0, 0x0, 0x0, 0x5, 0xef, 0xff,
    0xff, 0xff, 0xff, 0x43, 0x20, 0x0, 0x0, 0x0,
    0x0, 0x1c, 0xff, 0xff, 0xff, 0xff, 0xff, 0xff,
    0xec, 0x95, 0x10, 0x0, 0x0, 0xbf, 0xff, 0xff,
    0xff, 0xff, 0xff, 0xff, 0xff, 0xf9, 0x10, 0x0,
    0x1e, 0xff, 0xff, 0xff, 0xff, 0xff, 0xff, 0xff,
    0xff, 0xe1, 0x0, 0x8, 0xff, 0xff, 0xff, 0xff,
    0xff, 0xff, 0xff, 0xff, 0xf9, 0x0, 0x6, 0xff,
    0xff, 0xff, 0xff, 0xff, 0xff, 0xff, 0xff, 0xfb,
    0x0, 0x6, 0xff, 0xff, 0xff, 0xff, 0xff, 0xff,
    0xff, 0xff, 0xf4, 0x0, 0x9, 0xff, 0xff, 0xff,
    0xff, 0xff, 0xff, 0xff, 0xfc, 0x20, 0x0, 0xe,
    0xff, 0xff, 0xff, 0xff, 0xff, 0xff, 0xfd, 0x40,
    0x0, 0x0, 0xaf, 0xff, 0xff, 0xff, 0xff, 0xff,
    0xff, 0xc1, 0x0, 0x0, 0x3c, 0xff, 0xff, 0xff,
    0xff, 0xff, 0xff, 0xff, 0x10, 0x0, 0x1a, 0xff,
    0xff, 0xff, 0xff, 0xff, 0xff, 0xff, 0xfa, 0x0,
    0x1, 0xef, 0xff, 0xff, 0xff, 0xff, 0xff, 0xff,
    0xff, 0xf9, 0x0, 0x6, 0xff, 0xff, 0xff, 0xff,
    0xff, 0xff, 0xff, 0xff, 0xfc, 0x0, 0x1, 0xef,
    0xff, 0xff, 0xff, 0xff, 0xff, 0xff, 0xff, 0xff,
    0x30, 0x0, 0x2c, 0xff, 0xff, 0xff, 0xff, 0xff,
    0xff, 0xff, 0xff, 0xd0, 0x0, 0x0, 0x7f, 0xff,
    0xff, 0xff, 0xff, 0xff, 0xff, 0xff, 0xf9, 0x0,
    0x0, 0x3, 0xef, 0xff, 0xff, 0xff, 0xff, 0xff,
    0xff, 0xff, 0x30, 0x0, 0x0, 0x2d, 0xff, 0xff,
    0xff, 0xff, 0xff, 0xff, 0xff, 0x70, 0x0, 0x0,
    0x2, 0xff, 0xff, 0xff, 0xff, 0xff, 0xff, 0xff,
    0x40, 0x0, 0x0, 0x0, 0x6f, 0xff, 0xff, 0xff,
    0xff, 0xff, 0xfb, 0x0, 0x0, 0x0, 0x0, 0xe,
    0xff, 0xff, 0x0, 0x0, 0x0, 0x0, 0x0, 0x0,
    0x0, 0x0, 0x0, 0x0, 0x0,

    /* U+F43A "" */
    0x0, 0x0, 0x0, 0x5, 0x9c, 0xee, 0xc9, 0x50,
    0x0, 0x0, 0x0, 0x0, 0x0, 0x6, 0xef, 0xff,
    0xff, 0xff, 0xfe, 0x60, 0x0, 0x0, 0x0, 0x1,
    0xcf, 0xfd, 0x84, 0x33, 0x48, 0xdf, 0xfc, 0x10,
    0x0, 0x0, 0x1d, 0xfe, 0x60, 0x0, 0x0, 0x0,
    0x6, 0xef, 0xd1, 0x0, 0x0, 0xcf, 0xd2, 0x0,
    0x0, 0x0, 0x0, 0x0, 0x2d, 0xfc, 0x0, 0x7,
    0xfe, 0x20, 0x0, 0x0, 0x42, 0x0, 0x0, 0x2,
    0xef, 0x70, 0xe, 0xf5, 0x0, 0x0, 0x1, 0xfd,
    0x0, 0x0, 0x0, 0x5f, 0xe0, 0x6f, 0xc0, 0x0,
    0x0, 0x2, 0xfe, 0x0, 0x0, 0x0, 0xd, 0xf6,
    0xaf, 0x70, 0x0, 0x0, 0x2, 0xfe, 0x0, 0x0,
    0x0, 0x7, 0xfa, 0xef, 0x30, 0x0, 0x0, 0x2,
    0xfe, 0x0, 0x0, 0x0, 0x3, 0xfd, 0xff, 0x10,
    0x0, 0x0, 0x2, 0xfe, 0x0, 0x0, 0x0, 0x1,
    0xff, 0xff, 0x10, 0x0, 0x0, 0x1, 0xff, 0xf9,
    0x20, 0x0, 0x1, 0xff, 0xef, 0x30, 0x0, 0x0,
    0x0, 0x5c, 0xff, 0xf0, 0x0, 0x3, 0xfe, 0xbf,
    0x60, 0x0, 0x0, 0x0, 0x0, 0x3a, 0xa0, 0x0,
    0x6, 0xfb, 0x7f, 0xb0, 0x0, 0x0, 0x0, 0x0,
    0x0, 0x0, 0x0, 0xb, 0xf7, 0x1f, 0xf3, 0x0,
    0x0, 0x0, 0x0, 0x0, 0x0, 0x0, 0x4f, 0xf1,
    0x9, 0xfd, 0x10, 0x0, 0x0, 0x0, 0x0, 0x0,
    0x1, 0xdf, 0x80, 0x0, 0xdf, 0xc0, 0x0, 0x0,
    0x0, 0x0, 0x0, 0x1c, 0xfd, 0x0, 0x0, 0x2e,
    0xfd, 0x30, 0x0, 0x0, 0x0, 0x3, 0xdf, 0xe2,
    0x0, 0x0, 0x2, 0xef, 0xfb, 0x51, 0x0, 0x15,
    0xbf, 0xfe, 0x20, 0x0, 0x0, 0x0, 0x9, 0xff,
    0xff, 0xff, 0xff, 0xff, 0x90, 0x0, 0x0, 0x0,
    0x0, 0x0, 0x28, 0xcf, 0xff, 0xfc, 0x72, 0x0,
    0x0, 0x0, 0x0, 0x0, 0x0, 0x0, 0x0, 0x0,
    0x0, 0x0, 0x0, 0x0, 0x0,

    /* U+F488 "" */
    0x8, 0xcc, 0xcc, 0xcc, 0xcc, 0xcc, 0xcc, 0xcc,
    0xcc, 0xcc, 0x80, 0xaf, 0xff, 0xff, 0xff, 0xff,
    0xff, 0xff, 0xff, 0xff, 0xff, 0xfa, 0xff, 0x54,
    0x6f, 0xf4, 0x46, 0xfe, 0x44, 0x44, 0x44, 0x45,
    0xff, 0xff, 0x10, 0x2f, 0xe0, 0x2, 0xfe, 0x0,
    0x0, 0x0, 0x1, 0xff, 0xff, 0x10, 0x2f, 0xe0,
    0x2, 0xfe, 0x0, 0x0, 0x0, 0x1, 0xff, 0xff,
    0xff, 0xff, 0xff, 0xff, 0xff, 0xff, 0xff, 0xff,
    0xff, 0xff, 0xff, 0xff, 0xff, 0xff, 0xff, 0xff,
    0xff, 0xff, 0xff, 0xff, 0xff, 0xff, 0x22, 0x22,
    0x22, 0x22, 0x22, 0x22, 0x22, 0x22, 0x22, 0xff,
    0xff, 0x10, 0x0, 0x0, 0x0, 0x0, 0x0, 0x0,
    0x0, 0x1, 0xff, 0xff, 0x10, 0x0, 0x0, 0x0,
    0x0, 0x0, 0x0, 0x0, 0x1, 0xff, 0xff, 0x10,
    0x0, 0x0, 0x0, 0x0, 0x0, 0x0, 0x0, 0x1,
    0xff, 0xff, 0x10, 0x0, 0x0, 0x0, 0x0, 0x0,
    0x0, 0x0, 0x1, 0xff, 0xff, 0x10, 0x0, 0x0,
    0x0, 0x0, 0x0, 0x0, 0x0, 0x1, 0xff, 0xff,
    0x10, 0x0, 0x0, 0x0, 0x0, 0x0, 0x0, 0x0,
    0x1, 0xff, 0xff, 0x10, 0x0, 0x0, 0x0, 0x0,
    0x0, 0x0, 0x0, 0x1, 0xff, 0xff, 0x10, 0x0,
    0x0, 0x0, 0x0, 0x0, 0x0, 0x0, 0x1, 0xff,
    0xff, 0x10, 0x0, 0x0, 0x0, 0x0, 0x0, 0x0,
    0x0, 0x1, 0xff, 0xff, 0x32, 0x22, 0x22, 0x22,
    0x22, 0x22, 0x22, 0x22, 0x23, 0xff, 0xbf, 0xff,
    0xff, 0xff, 0xff, 0xff, 0xff, 0xff, 0xff, 0xff,
    0xfb, 0x1b, 0xee, 0xee, 0xee, 0xee, 0xee, 0xee,
    0xee, 0xee, 0xee, 0xb1,

    /* U+F489 "" */
    0x8, 0xcc, 0xcc, 0xcc, 0xcc, 0xcc, 0xcc, 0xcc,
    0xcc, 0xcc, 0x80, 0xaf, 0xff, 0xff, 0xff, 0xff,
    0xff, 0xff, 0xff, 0xff, 0xff, 0xfa, 0xff, 0x54,
    0x44, 0x44, 0x44, 0x44, 0x44, 0x44, 0x44, 0x45,
    0xff, 0xff, 0x10, 0x0, 0x0, 0x0, 0x0, 0x0,
    0x0, 0x0, 0x1, 0xff, 0xff, 0x10, 0x0, 0x0,
    0x0, 0x0, 0x0, 0x0, 0x0, 0x1, 0xff, 0xff,
    0x10, 0x0, 0x0, 0x0, 0x0, 0x0, 0x0, 0x0,
    0x1, 0xff, 0xff, 0x10, 0x1e, 0xc0, 0x0, 0x0,
    0x0, 0x0, 0x0, 0x1, 0xff, 0xff, 0x10, 0x1e,
    0xfc, 0x0, 0x0, 0x0, 0x0, 0x0, 0x1, 0xff,
    0xff, 0x10, 0x2, 0xef, 0xc0, 0x0, 0x0, 0x0,
    0x0, 0x1, 0xff, 0xff, 0x10, 0x0, 0x2e, 0xfb,
    0x0, 0x0, 0x0, 0x0, 0x1, 0xff, 0xff, 0x10,
    0x0, 0x1d, 0xfc, 0x0, 0x0, 0x0, 0x0, 0x1,
    0xff, 0xff, 0x10, 0x1, 0xdf, 0xd1, 0x0, 0x0,
    0x0, 0x0, 0x1, 0xff, 0xff, 0x10, 0xd, 0xfd,
    0x10, 0x9, 0xdd, 0xdd, 0xb0, 0x1, 0xff, 0xff,
    0x10, 0x1f, 0xd1, 0x0, 0xe, 0xff, 0xff, 0xf1,
    0x1, 0xff, 0xff, 0x10, 0x1, 0x0, 0x0, 0x1,
    0x33, 0x33, 0x10, 0x1, 0xff, 0xff, 0x10, 0x0,
    0x0, 0x0, 0x0, 0x0, 0x0, 0x0, 0x1, 0xff,
    0xff, 0x10, 0x0, 0x0, 0x0, 0x0, 0x0, 0x0,
    0x0, 0x1, 0xff, 0xff, 0x32, 0x22, 0x22, 0x22,
    0x22, 0x22, 0x22, 0x22, 0x23, 0xff, 0xbf, 0xff,
    0xff, 0xff, 0xff, 0xff, 0xff, 0xff, 0xff, 0xff,
    0xfb, 0x1b, 0xee, 0xee, 0xee, 0xee, 0xee, 0xee,
    0xee, 0xee, 0xee, 0xb1,

    /* U+F492 "" */
    0x0, 0x0, 0x0, 0x0, 0x0, 0x0, 0x0, 0x22,
    0x0, 0x0, 0x0, 0x0, 0x0, 0x0, 0x0, 0x0,
    0x0, 0x2, 0xef, 0xfe, 0x30, 0x0, 0x0, 0x0,
    0x0, 0x0, 0x0, 0x0, 0x1, 0xef, 0xee, 0xfc,
    0x0, 0x0, 0x0, 0x0, 0x0, 0x0, 0x69, 0xce,
    0xff, 0xc0, 0x2f, 0xe0, 0x0, 0x0, 0x0, 0x0,
    0x0, 0xcf, 0xff, 0xff, 0xc1, 0x2, 0xff, 0xff,
    0xfc, 0x0, 0x0, 0x0, 0x3f, 0xe6, 0x42, 0x0,
    0x0, 0x2f, 0xff, 0xff, 0xe0, 0x0, 0x0, 0x4,
    0xfc, 0x0, 0x0, 0x0, 0x2, 0xfe, 0x11, 0x10,
    0x0, 0x0, 0x12, 0x5f, 0xc0, 0x0, 0x0, 0x0,
    0x2f, 0xe0, 0x0, 0x0, 0x6, 0xef, 0xff, 0xfc,
    0x0, 0x0, 0x0, 0x2, 0xfe, 0x0, 0x0, 0x7,
    0xff, 0xff, 0xff, 0xc0, 0x0, 0x0, 0x0, 0x2f,
    0xe0, 0x0, 0x0, 0xef, 0x60, 0x4, 0xfc, 0x0,
    0x0, 0x0, 0x2, 0xfe, 0x0, 0x0, 0xf, 0xf1,
    0x0, 0x4f, 0xc0, 0x0, 0x0, 0x0, 0x2f, 0xe1,
    0x11, 0x0, 0xff, 0x10, 0x3, 0xfe, 0x64, 0x20,
    0x0, 0x2, 0xff, 0xff, 0xfe, 0xf, 0xf1, 0x0,
    0xe, 0xff, 0xff, 0xfc, 0x10, 0x2f, 0xff, 0xff,
    0xc0, 0xff, 0x10, 0x0, 0x29, 0xce, 0xff, 0xfc,
    0x2, 0xfe, 0x0, 0x0, 0xf, 0xf1, 0x0, 0x0,
    0x0, 0x0, 0x3e, 0xfe, 0xef, 0xc0, 0x0, 0x0,
    0xff, 0x10, 0x0, 0x0, 0x0, 0x0, 0x3e, 0xff,
    0xe3, 0x0, 0x0, 0xf, 0xf1, 0x0, 0x0, 0x0,
    0x0, 0x0, 0x2, 0x20, 0x0, 0x0, 0x0, 0xef,
    0x0, 0x0, 0x0, 0x0, 0x0, 0x0, 0x0, 0x0,
    0x0, 0x0, 0x1, 0x10, 0x0, 0x0, 0x0, 0x0,
    0x0, 0x0, 0x0, 0x0, 0x0, 0x0,

    /* U+F4BC "" */
    0x0, 0x0, 0x0, 0xa, 0xa0, 0x0, 0x8, 0xb0,
    0x0, 0x0, 0x0, 0x0, 0x0, 0x0, 0xf, 0xf0,
    0x0, 0xe, 0xf2, 0x0, 0x0, 0x0, 0x0, 0x0,
    0x1, 0x2f, 0xf2, 0x11, 0x1e, 0xf3, 0x10, 0x0,
    0x0, 0x0, 0x4, 0xef, 0xff, 0xff, 0xff, 0xff,
    0xff, 0xfe, 0x40, 0x0, 0x0, 0xe, 0xff, 0xff,
    0xff, 0xff, 0xff, 0xff, 0xff, 0xe0, 0x0, 0x0,
    0x2f, 0xe0, 0x0, 0x0, 0x0, 0x0, 0x0, 0xe,
    0xf2, 0x0, 0x0, 0x2f, 0xe0, 0x0, 0x0, 0x0,
    0x0, 0x0, 0xe, 0xf2, 0x0, 0xbf, 0xff, 0xe0,
    0xd, 0xff, 0xff, 0xff, 0xe0, 0xe, 0xff, 0xfa,
    0xaf, 0xff, 0xe0, 0xf, 0xff, 0xff, 0xff, 0xf2,
    0xe, 0xff, 0xfa, 0x0, 0x2f, 0xe0, 0xf, 0xf0,
    0x0, 0xe, 0xf2, 0xe, 0xf2, 0x0, 0x0, 0x2f,
    0xe0, 0xf, 0xf0, 0x0, 0xe, 0xf2, 0xe, 0xf2,
    0x0, 0x0, 0x2f, 0xe0, 0xf, 0xf0, 0x0, 0xe,
    0xf2, 0xe, 0xf2, 0x0, 0x0, 0x2f, 0xe0, 0xf,
    0xf0, 0x0, 0xe, 0xf2, 0xe, 0xf2, 0x0, 0x9f,
    0xff, 0xe0, 0xf, 0xff, 0xff, 0xff, 0xf2, 0xe,
    0xff, 0xf9, 0xbf, 0xff, 0xe0, 0xd, 0xff, 0xff,
    0xff, 0xe1, 0xe, 0xff, 0xfb, 0x1, 0x3f, 0xe0,
    0x0, 0x22, 0x22, 0x22, 0x0, 0xe, 0xf3, 0x10,
    0x0, 0x2f, 0xe0, 0x0, 0x0, 0x0, 0x0, 0x0,
    0xe, 0xf2, 0x0, 0x0, 0xf, 0xff, 0xff, 0xff,
    0xff, 0xff, 0xff, 0xff, 0xf0, 0x0, 0x0, 0x5,
    0xef, 0xff, 0xff, 0xff, 0xff, 0xff, 0xff, 0x50,
    0x0, 0x0, 0x0, 0x1, 0x2f, 0xf2, 0x11, 0x1e,
    0xf3, 0x10, 0x0, 0x0, 0x0, 0x0, 0x0, 0xf,
    0xf0, 0x0, 0xe, 0xf2, 0x0, 0x0, 0x0, 0x0,
    0x0, 0x0, 0xa, 0xa0, 0x0, 0x8, 0xb0, 0x0,
    0x0, 0x0,

    /* U+F003B "󰀻" */
    0x0, 0x0, 0x0, 0x0, 0x0, 0x0, 0x0, 0xf,
    0xff, 0xb0, 0x9f, 0xff, 0x13, 0xff, 0xf7, 0xff,
    0xfb, 0x9, 0xff, 0xf1, 0x3f, 0xff, 0x7f, 0xff,
    0xb0, 0x9f, 0xff, 0x13, 0xff, 0xf7, 0xaa, 0xa7,
    0x6, 0xaa, 0xa0, 0x2a, 0xaa, 0x40, 0x0, 0x0,
    0x0, 0x0, 0x0, 0x0, 0x0, 0xbb, 0xb8, 0x7,
    0xbb, 0xb0, 0x2b, 0xbb, 0x5f, 0xff, 0xb0, 0x9f,
    0xff, 0x13, 0xff, 0xf7, 0xff, 0xfb, 0x9, 0xff,
    0xf1, 0x3f, 0xff, 0x7f, 0xff, 0xa0, 0x9f, 0xff,
    0x13, 0xff, 0xf6, 0x0, 0x0, 0x0, 0x0, 0x0,
    0x0, 0x0, 0x0, 0x0, 0x0, 0x0, 0x0, 0x0,
    0x0, 0x0, 0xff, 0xfb, 0x9, 0xff, 0xf1, 0x3f,
    0xff, 0x7f, 0xff, 0xb0, 0x9f, 0xff, 0x13, 0xff,
    0xf7, 0xff, 0xfb, 0x9, 0xff, 0xf1, 0x3f, 0xff,
    0x7a, 0xaa, 0x70, 0x6a, 0xaa, 0x2, 0xaa, 0xa4,

    /* U+F0079 "󰁹" */
    0x0, 0x1, 0x11, 0x11, 0x0, 0x0, 0x0, 0x2f,
    0xff, 0xff, 0x50, 0x0, 0x4, 0x6f, 0xff, 0xff,
    0x84, 0x10, 0xcf, 0xff, 0xff, 0xff, 0xff, 0xe0,
    0xef, 0xff, 0xff, 0xff, 0xff, 0xf1, 0xef, 0xff,
    0xff, 0xff, 0xff, 0xf1, 0xef, 0xff, 0xff, 0xff,
    0xff, 0xf1, 0xef, 0xff, 0xff, 0xff, 0xff, 0xf1,
    0xef, 0xff, 0xff, 0xff, 0xff, 0xf1, 0xef, 0xff,
    0xff, 0xff, 0xff, 0xf1, 0xef, 0xff, 0xff, 0xff,
    0xff, 0xf1, 0xef, 0xff, 0xff, 0xff, 0xff, 0xf1,
    0xef, 0xff, 0xff, 0xff, 0xff, 0xf1, 0xef, 0xff,
    0xff, 0xff, 0xff, 0xf1, 0xef, 0xff, 0xff, 0xff,
    0xff, 0xf1, 0xef, 0xff, 0xff, 0xff, 0xff, 0xf1,
    0xef, 0xff, 0xff, 0xff, 0xff, 0xf1, 0xef, 0xff,
    0xff, 0xff, 0xff, 0xf1, 0xcf, 0xff, 0xff, 0xff,
    0xff, 0xe0, 0x3, 0x33, 0x33, 0x33, 0x33, 0x10,

    /* U+F00DE "󰃞" */
    0x0, 0x0, 0x0, 0x0, 0x0, 0x0, 0x0, 0x0,
    0x0, 0x0, 0x0, 0x0, 0x0, 0x0, 0x0, 0x4c,
    0x10, 0x0, 0x0, 0x0, 0x0, 0x0, 0x0, 0x0,
    0x0, 0x4f, 0xfd, 0x10, 0x0, 0x0, 0x0, 0x0,
    0x0, 0x0, 0x0, 0x4f, 0xff, 0xfd, 0x20, 0x0,
    0x0, 0x0, 0x0, 0xf, 0xff, 0xff, 0xff, 0xff,
    0xff, 0xff, 0xfb, 0x0, 0x0, 0x0, 0xff, 0xff,
    0xff, 0xed, 0xff, 0xff, 0xff, 0xb0, 0x0, 0x0,
    0xf, 0xff, 0xf9, 0x20, 0x0, 0x4c, 0xff, 0xfb,
    0x0, 0x0, 0x0, 0xff, 0xf6, 0x0, 0x0, 0x0,
    0xa, 0xff, 0xb0, 0x0, 0x0, 0x4f, 0xfa, 0x0,
    0x0, 0x0, 0x0, 0xe, 0xfe, 0x10, 0x0, 0x4f,
    0xff, 0x20, 0x0, 0x0, 0x0, 0x0, 0x7f, 0xfd,
    0x10, 0x4f, 0xff, 0xf0, 0x0, 0x0, 0x0, 0x0,
    0x3, 0xff, 0xfd, 0x1b, 0xff, 0xfe, 0x0, 0x0,
    0x0, 0x0, 0x0, 0x2f, 0xff, 0xf6, 0xc, 0xff,
    0xf0, 0x0, 0x0, 0x0, 0x0, 0x4, 0xff, 0xf8,
    0x0, 0xc, 0xff, 0x50, 0x0, 0x0, 0x0, 0x0,
    0xaf, 0xf8, 0x0, 0x0, 0xf, 0xfd, 0x0, 0x0,
    0x0, 0x0, 0x3f, 0xfc, 0x0, 0x0, 0x0, 0xff,
    0xfb, 0x10, 0x0, 0x0, 0x3e, 0xff, 0xb0, 0x0,
    0x0, 0xf, 0xff, 0xfe, 0x84, 0x35, 0xaf, 0xff,
    0xfb, 0x0, 0x0, 0x0, 0xff, 0xff, 0xff, 0xff,
    0xff, 0xff, 0xff, 0xb0, 0x0, 0x0, 0xa, 0xaa,
    0xad, 0xff, 0xff, 0xfb, 0xaa, 0xa7, 0x0, 0x0,
    0x0, 0x0, 0x0, 0xc, 0xff, 0xf8, 0x0, 0x0,
    0x0, 0x0, 0x0, 0x0, 0x0, 0x0, 0xc, 0xf8,
    0x0, 0x0, 0x0, 0x0, 0x0, 0x0, 0x0, 0x0,
    0x0, 0x6, 0x0, 0x0, 0x0, 0x0, 0x0,

    /* U+F0150 "󰅐" */
    0x0, 0x0, 0x0, 0x0, 0x0, 0x0, 0x0, 0x0,
    0x0, 0x0, 0x0, 0x5, 0xae, 0xff, 0xea, 0x50,
    0x0, 0x0, 0x0, 0x3, 0xdf, 0xfe, 0xcc, 0xff,
    0xfc, 0x20, 0x0, 0x0, 0x4f, 0xfb, 0x30, 0x0,
    0x4, 0xbf, 0xf4, 0x0, 0x2, 0xff, 0x60, 0x0,
    0x0, 0x0, 0x7, 0xfe, 0x20, 0xc, 0xf6, 0x0,
    0x0, 0x84, 0x0, 0x0, 0x7f, 0xb0, 0x4f, 0xb0,
    0x0, 0x0, 0xe7, 0x0, 0x0, 0xc, 0xf3, 0x9f,
    0x40, 0x0, 0x0, 0xe7, 0x0, 0x0, 0x5, 0xf8,
    0xdf, 0x0, 0x0, 0x0, 0xe7, 0x0, 0x0, 0x0,
    0xfc, 0xfd, 0x0, 0x0, 0x0, 0xe7, 0x0, 0x0,
    0x0, 0xee, 0xfd, 0x0, 0x0, 0x0, 0xec, 0x20,
    0x0, 0x0, 0xee, 0xdf, 0x0, 0x0, 0x0, 0x2c,
    0xf8, 0x0, 0x0, 0xfc, 0xaf, 0x40, 0x0, 0x0,
    0x0, 0x6e, 0xe3, 0x5, 0xf9, 0x5f, 0xb0, 0x0,
    0x0, 0x0, 0x1, 0x91, 0xc, 0xf4, 0xd, 0xf6,
    0x0, 0x0, 0x0, 0x0, 0x0, 0x6f, 0xc0, 0x2,
    0xff, 0x50, 0x0, 0x0, 0x0, 0x5, 0xff, 0x20,
    0x0, 0x5f, 0xf9, 0x20, 0x0, 0x3, 0xaf, 0xf4,
    0x0, 0x0, 0x3, 0xef, 0xfd, 0xbb, 0xdf, 0xfd,
    0x30, 0x0, 0x0, 0x0, 0x6, 0xcf, 0xff, 0xfb,
    0x60, 0x0, 0x0, 0x0, 0x0, 0x0, 0x0, 0x11,
    0x0, 0x0, 0x0, 0x0,

    /* U+F01C4 "󰇄" */
    0x0, 0x0, 0x0, 0x0, 0x0, 0x0, 0x0, 0x0,
    0x0, 0x0, 0x6, 0xff, 0xff, 0xff, 0xff, 0xff,
    0xff, 0xff, 0xff, 0xff, 0x70, 0xff, 0xcc, 0xcc,
    0xcc, 0xcc, 0xcc, 0xcc, 0xcc, 0xcc, 0xff, 0xf,
    0xd0, 0x0, 0x0, 0x0, 0x0, 0x0, 0x0, 0x0,
    0xc, 0xf1, 0xfd, 0x0, 0x0, 0x0, 0x0, 0x0,
    0x0, 0x0, 0x0, 0xcf, 0x1f, 0xd0, 0x0, 0x0,
    0x0, 0x0, 0x0, 0x0, 0x0, 0xc, 0xf1, 0xfd,
    0x0, 0x0, 0x0, 0x0, 0x0, 0x0, 0x0, 0x0,
    0xcf, 0x1f, 0xd0, 0x0, 0x0, 0x0, 0x0, 0x0,
    0x0, 0x0, 0xc, 0xf1, 0xfd, 0x0, 0x0, 0x0,
    0x0, 0x0, 0x0, 0x0, 0x0, 0xcf, 0x1f, 0xd0,
    0x0, 0x0, 0x0, 0x0, 0x0, 0x0, 0x0, 0xc,
    0xf1, 0xfd, 0x0, 0x0, 0x0, 0x0, 0x0, 0x0,
    0x0, 0x0, 0xcf, 0x1f, 0xd0, 0x0, 0x0, 0x0,
    0x0, 0x0, 0x0, 0x0, 0xc, 0xf1, 0xff, 0xff,
    0xff, 0xff, 0xff, 0xff, 0xff, 0xff, 0xff, 0xff,
    0x1f, 0xff, 0xff, 0xff, 0xff, 0xff, 0xff, 0xff,
    0xff, 0xff, 0xf1, 0xcf, 0xff, 0xff, 0xff, 0xff,
    0xff, 0xff, 0xff, 0xff, 0xfd, 0x1, 0x89, 0x99,
    0x99, 0x9e, 0xff, 0xfb, 0x99, 0x99, 0x98, 0x20,
    0x0, 0x0, 0x0, 0x2, 0xff, 0xff, 0xb0, 0x0,
    0x0, 0x0, 0x0, 0x0, 0x0, 0x0, 0xcf, 0xff,
    0xff, 0x50, 0x0, 0x0, 0x0, 0x0, 0x0, 0x0,
    0x5f, 0xff, 0xff, 0xfe, 0x0, 0x0, 0x0, 0x0,
    0x0, 0x0, 0x1, 0x44, 0x44, 0x44, 0x30, 0x0,
    0x0, 0x0,

    /* U+F01C5 "󰇅" */
    0x0, 0x0, 0x0, 0x0, 0x0, 0x0, 0x5f, 0xff,
    0xff, 0xff, 0xff, 0x70, 0xdf, 0xcc, 0xcc, 0xcc,
    0xcf, 0xf0, 0xef, 0x0, 0x0, 0x0, 0xc, 0xf1,
    0xef, 0xaa, 0xaa, 0xaa, 0xae, 0xf1, 0xef, 0xff,
    0xff, 0xff, 0xff, 0xf1, 0xef, 0x33, 0x33, 0x33,
    0x3d, 0xf1, 0xef, 0x0, 0x0, 0x0, 0xc, 0xf1,
    0xef, 0xff, 0xff, 0xff, 0xff, 0xf1, 0xef, 0xff,
    0xff, 0xff, 0xff, 0xf1, 0xef, 0xff, 0xff, 0xff,
    0xff, 0xf1, 0xef, 0xff, 0xff, 0xff, 0xff, 0xf1,
    0xef, 0xff, 0xff, 0xff, 0xff, 0xf1, 0xef, 0xff,
    0xff, 0xff, 0xff, 0xf1, 0xef, 0xff, 0xff, 0xff,
    0xff, 0xf1, 0xef, 0xff, 0xff, 0xfa, 0x6d, 0xf1,
    0xef, 0xff, 0xff, 0xf7, 0xc, 0xf1, 0xdf, 0xff,
    0xff, 0xfd, 0xcf, 0xf0, 0x5f, 0xff, 0xff, 0xff,
    0xff, 0x70, 0x0, 0x0, 0x0, 0x0, 0x0, 0x0,

    /* U+F0249 "󰉉" */
    0x2, 0x32, 0x0, 0x0, 0x0, 0x0, 0x3, 0x10,
    0x8, 0xff, 0xa0, 0x0, 0x3, 0x44, 0x0, 0xfe,
    0x20, 0xff, 0xfa, 0x0, 0x0, 0xbf, 0xf0, 0xf,
    0xfe, 0x2f, 0xff, 0xa0, 0x0, 0xb, 0xff, 0x0,
    0xff, 0xfa, 0xff, 0xfa, 0x0, 0x0, 0xbf, 0xf0,
    0xf, 0xff, 0xaf, 0xff, 0xa0, 0x0, 0xb, 0xff,
    0x0, 0xff, 0xfa, 0xff, 0xfb, 0x0, 0x0, 0x34,
    0x40, 0x1f, 0xff, 0xaf, 0xff, 0xfd, 0xcc, 0xcc,
    0xcc, 0xce, 0xff, 0xfa, 0xff, 0xff, 0xff, 0xff,
    0xff, 0xff, 0xff, 0xff, 0xaf, 0xfe, 0x20, 0x0,
    0x0, 0x0, 0x0, 0x5f, 0xfa, 0xff, 0xb0, 0x0,
    0x0, 0x0, 0x0, 0x1, 0xff, 0xaf, 0xfb, 0x0,
    0x0, 0x0, 0x0, 0x0, 0x1f, 0xfa, 0xff, 0xb0,
    0x0, 0x0, 0x0, 0x0, 0x1, 0xff, 0xaf, 0xfb,
    0x0, 0x0, 0x0, 0x0, 0x0, 0x1f, 0xfa, 0xff,
    0xb0, 0x0, 0x0, 0x0, 0x0, 0x1, 0xff, 0xaf,
    0xfe, 0xbb, 0xbb, 0xbb, 0xbb, 0xbb, 0xcf, 0xf9,
    0x7f, 0xff, 0xff, 0xff, 0xff, 0xff, 0xff, 0xfe,
    0x30, 0x1, 0x11, 0x11, 0x11, 0x11, 0x11, 0x11,
    0x0,

    /* U+F027C "󰉼" */
    0x0, 0x0, 0x0, 0x0, 0x0, 0x0, 0x0, 0x0,
    0xdf, 0xff, 0xff, 0xff, 0xff, 0xff, 0xa0, 0x0,
    0xff, 0xff, 0xff, 0xff, 0xff, 0xff, 0xe3, 0x32,
    0xff, 0xff, 0xff, 0xff, 0xff, 0xff, 0xff, 0xf9,
    0xff, 0xff, 0xff, 0xff, 0xff, 0xff, 0xfb, 0xf9,
    0xff, 0xff, 0xff, 0xff, 0xff, 0xff, 0xc3, 0xf9,
    0x47, 0x77, 0x77, 0x77, 0x77, 0x77, 0x33, 0xf9,
    0x0, 0x0, 0x0, 0x0, 0x0, 0x0, 0x3, 0xf9,
    0x0, 0x0, 0x5c, 0xcc, 0xcc, 0xcc, 0xcd, 0xf9,
    0x0, 0x0, 0x6f, 0xff, 0xff, 0xff, 0xff, 0xf9,
    0x0, 0x0, 0x6f, 0xff, 0x40, 0x0, 0x0, 0x0,
    0x0, 0x0, 0x6f, 0xff, 0x30, 0x0, 0x0, 0x0,
    0x0, 0x0, 0x6f, 0xff, 0x30, 0x0, 0x0, 0x0,
    0x0, 0x0, 0x6f, 0xff, 0x30, 0x0, 0x0, 0x0,
    0x0, 0x0, 0x6f, 0xff, 0x30, 0x0, 0x0, 0x0,
    0x0, 0x0, 0x6f, 0xff, 0x30, 0x0, 0x0, 0x0,
    0x0, 0x0, 0x6f, 0xff, 0x30, 0x0, 0x0, 0x0,
    0x0, 0x0, 0x6f, 0xff, 0x30, 0x0, 0x0, 0x0,
    0x0, 0x0, 0x4f, 0xff, 0x20, 0x0, 0x0, 0x0,
    0x0, 0x0, 0x2, 0x31, 0x0, 0x0, 0x0, 0x0,

    /* U+F02A2 "󰊢" */
    0x0, 0x0, 0x0, 0x0, 0x1, 0x0, 0x0, 0x0,
    0x0, 0x0, 0x0, 0x0, 0x0, 0x5f, 0xf8, 0x0,
    0x0, 0x0, 0x0, 0x0, 0x0, 0x0, 0x7, 0xff,
    0xf9, 0x0, 0x0, 0x0, 0x0, 0x0, 0x0, 0x41,
    0x6, 0xaf, 0xf9, 0x0, 0x0, 0x0, 0x0, 0x0,
    0x5f, 0xd1, 0x0, 0x5f, 0xf9, 0x0, 0x0, 0x0,
    0x0, 0x5f, 0xff, 0x50, 0x0, 0xff, 0xf9, 0x0,
    0x0, 0x0, 0x5f, 0xff, 0xfb, 0x0, 0x7, 0xff,
    0xf8, 0x0, 0x0, 0x5f, 0xff, 0xff, 0xf4, 0x1,
    0x7, 0xff, 0xf8, 0x0, 0x5f, 0xff, 0xff, 0xff,
    0x40, 0xc1, 0x2, 0x6f, 0xf8, 0xe, 0xff, 0xff,
    0xff, 0xf4, 0xf, 0xc0, 0x0, 0xaf, 0xf2, 0xef,
    0xff, 0xff, 0xff, 0x40, 0xff, 0x0, 0xa, 0xff,
    0x24, 0xff, 0xff, 0xff, 0xf4, 0xf, 0xfb, 0x36,
    0xff, 0x80, 0x4, 0xff, 0xff, 0xfc, 0x0, 0x8f,
    0xff, 0xff, 0x80, 0x0, 0x4, 0xff, 0xff, 0x50,
    0x1, 0xff, 0xff, 0x80, 0x0, 0x0, 0x4, 0xff,
    0xf8, 0x0, 0x4f, 0xff, 0x80, 0x0, 0x0, 0x0,
    0x5, 0xff, 0xfa, 0x9f, 0xff, 0x80, 0x0, 0x0,
    0x0, 0x0, 0x5, 0xff, 0xff, 0xff, 0x80, 0x0,
    0x0, 0x0, 0x0, 0x0, 0x5, 0xff, 0xff, 0x80,
    0x0, 0x0, 0x0, 0x0, 0x0, 0x0, 0x5, 0xff,
    0x80, 0x0, 0x0, 0x0, 0x0, 0x0, 0x0, 0x0,
    0x0, 0x10, 0x0, 0x0, 0x0, 0x0,

    /* U+F02CA "󰋊" */
    0x0, 0x0, 0x0, 0x0, 0x0, 0x0, 0x0, 0x6,
    0xff, 0xff, 0xff, 0xff, 0xff, 0xff, 0xe3, 0xff,
    0xff, 0xff, 0xec, 0xef, 0xff, 0xff, 0xbf, 0xff,
    0xf9, 0x20, 0x0, 0x3b, 0xff, 0xfc, 0xff, 0xf6,
    0x0, 0x0, 0x0, 0x9, 0xff, 0xcf, 0xf9, 0x0,
    0x0, 0x0, 0x0, 0xd, 0xfc, 0xff, 0x20, 0x0,
    0x0, 0x0, 0x0, 0x6f, 0xcf, 0xe0, 0x0, 0x3,
    0xa0, 0x0, 0x2, 0xfc, 0xfe, 0x0, 0x0, 0x6f,
    0x10, 0x0, 0x1f, 0xcf, 0xf0, 0x0, 0x0, 0x22,
    0x0, 0x4, 0xfc, 0xff, 0x60, 0x0, 0x3e, 0xe4,
    0x0, 0xaf, 0xcf, 0xff, 0x20, 0x6, 0x93, 0xe2,
    0x5f, 0xfc, 0xff, 0xfe, 0x40, 0xe, 0x5, 0xef,
    0xff, 0xcf, 0xff, 0xff, 0xc8, 0xd5, 0x9, 0xff,
    0xfc, 0xff, 0xff, 0xff, 0xff, 0xc0, 0xc, 0xff,
    0xcf, 0xfb, 0xdf, 0xff, 0xff, 0x20, 0x2f, 0xfc,
    0xfe, 0x4, 0xff, 0xff, 0xf9, 0x7e, 0xff, 0xcf,
    0xfe, 0xff, 0xff, 0xff, 0xff, 0xff, 0xfb, 0x6f,
    0xff, 0xff, 0xff, 0xff, 0xff, 0xfe, 0x30, 0x0,
    0x0, 0x0, 0x0, 0x0, 0x0, 0x0,

    /* U+F0322 "󰌢" */
    0x0, 0x0, 0x0, 0x0, 0x0, 0x0, 0x0, 0x0,
    0x0, 0x0, 0x0, 0x0, 0x8f, 0xff, 0xff, 0xff,
    0xff, 0xff, 0xff, 0xff, 0xf8, 0x0, 0x1, 0xfe,
    0xcc, 0xcc, 0xcc, 0xcc, 0xcc, 0xcc, 0xcc, 0xef,
    0x10, 0x2, 0xfa, 0x0, 0x0, 0x0, 0x0, 0x0,
    0x0, 0x0, 0xaf, 0x20, 0x2, 0xfa, 0x0, 0x0,
    0x0, 0x0, 0x0, 0x0, 0x0, 0xaf, 0x20, 0x2,
    0xfa, 0x0, 0x0, 0x0, 0x0, 0x0, 0x0, 0x0,
    0xaf, 0x20, 0x2, 0xfa, 0x0, 0x0, 0x0, 0x0,
    0x0, 0x0, 0x0, 0xaf, 0x20, 0x2, 0xfa, 0x0,
    0x0, 0x0, 0x0, 0x0, 0x0, 0x0, 0xaf, 0x20,
    0x2, 0xfa, 0x0, 0x0, 0x0, 0x0, 0x0, 0x0,
    0x0, 0xaf, 0x20, 0x2, 0xfa, 0x0, 0x0, 0x0,
    0x0, 0x0, 0x0, 0x0, 0xaf, 0x20, 0x2, 0xfa,
    0x0, 0x0, 0x0, 0x0, 0x0, 0x0, 0x0, 0xaf,
    0x20, 0x2, 0xfd, 0x77, 0x77, 0x77, 0x77, 0x77,
    0x77, 0x77, 0xdf, 0x20, 0x0, 0xdf, 0xff, 0xff,
    0xff, 0xff, 0xff, 0xff, 0xff, 0xfd, 0x0, 0xaa,
    0xbf, 0xff, 0xff, 0xff, 0xff, 0xff, 0xff, 0xff,
    0xfa, 0xaa, 0xff, 0xff, 0xff, 0xff, 0xff, 0xff,
    0xff, 0xff, 0xff, 0xff, 0xff, 0x33, 0x33, 0x33,
    0x33, 0x33, 0x33, 0x33, 0x33, 0x33, 0x33, 0x33,

    /* U+F035B "󰍛" */
    0x0, 0x0, 0x3, 0xf9, 0xb, 0xf1, 0x0, 0x0,
    0x0, 0x0, 0x1, 0x4f, 0xa1, 0xcf, 0x21, 0x0,
    0x0, 0x0, 0x8f, 0xff, 0xff, 0xff, 0xff, 0xff,
    0x40, 0x0, 0xf, 0xeb, 0xbb, 0xbb, 0xbb, 0xbb,
    0xfb, 0x0, 0x1, 0xfb, 0x0, 0x0, 0x0, 0x0,
    0x1f, 0xb0, 0xb, 0xdf, 0xb0, 0x2c, 0xcc, 0xcc,
    0x1, 0xff, 0xc7, 0xef, 0xfb, 0x3, 0xff, 0xff,
    0xf1, 0x1f, 0xff, 0x90, 0x1f, 0xb0, 0x3f, 0xa0,
    0xcf, 0x11, 0xfb, 0x0, 0x1, 0xfb, 0x3, 0xfa,
    0xc, 0xf1, 0x1f, 0xb0, 0xe, 0xff, 0xb0, 0x3f,
    0xff, 0xff, 0x11, 0xff, 0xf9, 0xcd, 0xfb, 0x2,
    0xdd, 0xdd, 0xd1, 0x1f, 0xfd, 0x70, 0x1f, 0xb0,
    0x0, 0x0, 0x0, 0x1, 0xfb, 0x0, 0x1, 0xfc,
    0x11, 0x11, 0x11, 0x11, 0x2f, 0xb0, 0x0, 0xe,
    0xff, 0xff, 0xff, 0xff, 0xff, 0xf8, 0x0, 0x0,
    0x2a, 0xbc, 0xfe, 0xbe, 0xfb, 0xb8, 0x0, 0x0,
    0x0, 0x0, 0x3f, 0xa0, 0xcf, 0x10, 0x0, 0x0,
    0x0, 0x0, 0x1, 0x85, 0x6, 0x80, 0x0, 0x0,
    0x0,

    /* U+F0379 "󰍹" */
    0x0, 0x0, 0x0, 0x0, 0x0, 0x0, 0x0, 0x0,
    0x0, 0x0, 0x6, 0xff, 0xff, 0xff, 0xff, 0xff,
    0xff, 0xff, 0xff, 0xff, 0x70, 0xff, 0xcc, 0xcc,
    0xcc, 0xcc, 0xcc, 0xcc, 0xcc, 0xcc, 0xff, 0xf,
    0xd0, 0x0, 0x0, 0x0, 0x0, 0x0, 0x0, 0x0,
    0xc, 0xf1, 0xfd, 0x0, 0x0, 0x0, 0x0, 0x0,
    0x0, 0x0, 0x0, 0xcf, 0x1f, 0xd0, 0x0, 0x0,
    0x0, 0x0, 0x0, 0x0, 0x0, 0xc, 0xf1, 0xfd,
    0x0, 0x0, 0x0, 0x0, 0x0, 0x0, 0x0, 0x0,
    0xcf, 0x1f, 0xd0, 0x0, 0x0, 0x0, 0x0, 0x0,
    0x0, 0x0, 0xc, 0xf1, 0xfd, 0x0, 0x0, 0x0,
    0x0, 0x0, 0x0, 0x0, 0x0, 0xcf, 0x1f, 0xd0,
    0x0, 0x0, 0x0, 0x0, 0x0, 0x0, 0x0, 0xc,
    0xf1, 0xfd, 0x0, 0x0, 0x0, 0x0, 0x0, 0x0,
    0x0, 0x0, 0xcf, 0x1f, 0xd0, 0x0, 0x0, 0x0,
    0x0, 0x0, 0x0, 0x0, 0xc, 0xf1, 0xfd, 0x0,
    0x0, 0x0, 0x0, 0x0, 0x0, 0x0, 0x0, 0xcf,
    0x1f, 0xd0, 0x0, 0x0, 0x0, 0x0, 0x0, 0x0,
    0x0, 0xc, 0xf1, 0xdf, 0xff, 0xff, 0xff, 0xff,
    0xff, 0xff, 0xff, 0xff, 0xfe, 0x3, 0xbc, 0xcc,
    0xcc, 0xce, 0xff, 0xfd, 0xcc, 0xcc, 0xcb, 0x40,
    0x0, 0x0, 0x0, 0x0, 0x9f, 0xff, 0x10, 0x0,
    0x0, 0x0, 0x0, 0x0, 0x0, 0x4, 0xce, 0xff,
    0xfc, 0xb0, 0x0, 0x0, 0x0, 0x0, 0x0, 0x0,
    0x5f, 0xff, 0xff, 0xfe, 0x0, 0x0, 0x0, 0x0,
    0x0, 0x0, 0x0, 0x0, 0x0, 0x0, 0x0, 0x0,
    0x0, 0x0,

    /* U+F03D6 "󰏖" */
    0x0, 0x0, 0x0, 0x0, 0x0, 0x0, 0x0, 0x0,
    0x0, 0x0, 0x0, 0x0, 0x0, 0x0, 0x1, 0x9f,
    0x91, 0x0, 0x0, 0x0, 0x0, 0x0, 0x0, 0x0,
    0x8, 0xff, 0xff, 0xf8, 0x0, 0x0, 0x0, 0x0,
    0x0, 0x0, 0x6e, 0xff, 0xf5, 0x9f, 0xfe, 0x60,
    0x0, 0x0, 0x0, 0x5, 0xdf, 0xff, 0xff, 0x40,
    0x2a, 0xff, 0xd5, 0x0, 0x0, 0x9, 0xff, 0xff,
    0xff, 0xf4, 0x0, 0x3, 0xbf, 0xf9, 0x0, 0x3,
    0xff, 0xff, 0xff, 0xff, 0x40, 0x0, 0x4c, 0xff,
    0xf3, 0x0, 0xcf, 0xfc, 0xff, 0xff, 0xf4, 0x3,
    0xbf, 0xf9, 0x6f, 0xc0, 0x1f, 0xff, 0x15, 0xef,
    0xff, 0x6a, 0xff, 0xb2, 0x2b, 0xff, 0x10, 0x2c,
    0xf1, 0x0, 0x7f, 0xff, 0xfc, 0x31, 0x9f, 0xfe,
    0x30, 0x0, 0xcf, 0x10, 0x0, 0x1c, 0xfa, 0x8,
    0xff, 0xef, 0xc0, 0x0, 0xc, 0xf1, 0x0, 0x0,
    0xaf, 0xfe, 0xff, 0x82, 0xfc, 0x0, 0x0, 0xcf,
    0x10, 0x0, 0xa, 0xff, 0xfa, 0x10, 0x1f, 0xc0,
    0x0, 0xc, 0xf2, 0x0, 0x0, 0xaf, 0x82, 0x0,
    0x3, 0xfc, 0x0, 0x0, 0xaf, 0xf8, 0x0, 0xa,
    0xf2, 0x0, 0x19, 0xff, 0xa0, 0x0, 0x0, 0x7f,
    0xfd, 0x40, 0xaf, 0x20, 0x7f, 0xff, 0x70, 0x0,
    0x0, 0x0, 0x19, 0xff, 0xbc, 0xf8, 0xef, 0xf9,
    0x10, 0x0, 0x0, 0x0, 0x0, 0x2, 0xbf, 0xff,
    0xff, 0xb2, 0x0, 0x0, 0x0, 0x0, 0x0, 0x0,
    0x0, 0x3c, 0xfc, 0x30, 0x0, 0x0, 0x0, 0x0,
    0x0, 0x0, 0x0, 0x0, 0x2, 0x0, 0x0, 0x0,
    0x0, 0x0,

    /* U+F03D8 "󰏘" */
    0x0, 0x0, 0x0, 0x1, 0x10, 0x0, 0x0, 0x0,
    0x0, 0x0, 0x3, 0xae, 0xff, 0xfd, 0x82, 0x0,
    0x0, 0x0, 0x8, 0xfd, 0xdf, 0xff, 0xbf, 0xf7,
    0x0, 0x0, 0xb, 0xfb, 0x0, 0xcf, 0x40, 0x3f,
    0xf9, 0x0, 0x8, 0xff, 0xc0, 0xd, 0xf5, 0x4,
    0xff, 0xf7, 0x2, 0xff, 0xff, 0xee, 0xff, 0xfc,
    0xff, 0xff, 0xf1, 0x9f, 0x63, 0xdf, 0xff, 0xff,
    0xff, 0x73, 0xbf, 0x6d, 0xe0, 0x7, 0xff, 0xff,
    0xff, 0xf0, 0x4, 0xf9, 0xff, 0x63, 0xdf, 0xff,
    0xff, 0xff, 0x72, 0xbf, 0x8f, 0xff, 0xff, 0xff,
    0xff, 0xff, 0xff, 0xff, 0xf5, 0xdf, 0xff, 0xff,
    0xff, 0xff, 0xff, 0xff, 0xfc, 0x9, 0xff, 0xff,
    0xff, 0xff, 0xff, 0xff, 0xfc, 0x10, 0x2f, 0xff,
    0xff, 0xff, 0xfd, 0x88, 0x74, 0x0, 0x0, 0x8f,
    0xff, 0xff, 0xff, 0x10, 0x0, 0x0, 0x0, 0x0,
    0xbf, 0xff, 0xff, 0xf1, 0x0, 0x0, 0x0, 0x0,
    0x0, 0x9f, 0xff, 0xff, 0x80, 0x0, 0x0, 0x0,
    0x0, 0x0, 0x3a, 0xff, 0xf5, 0x0, 0x0, 0x0,
    0x0, 0x0, 0x0, 0x0, 0x11, 0x0, 0x0, 0x0,
    0x0,

    /* U+F046D "󰑭" */
    0x0, 0x0, 0x0, 0x0, 0x0, 0x0, 0x0, 0x6,
    0x0, 0x0, 0x0, 0x0, 0x0, 0x0, 0x0, 0x0,
    0x0, 0x9f, 0xa0, 0x0, 0x0, 0x0, 0x0, 0x0,
    0x0, 0x0, 0x0, 0x8f, 0xfa, 0x0, 0x0, 0x0,
    0x0, 0x0, 0x0, 0x0, 0x97, 0x8, 0xff, 0xa0,
    0x0, 0x0, 0x0, 0x0, 0x0, 0x1, 0xef, 0x72,
    0xff, 0xe2, 0x0, 0x0, 0x0, 0x0, 0x0, 0x71,
    0x4f, 0xff, 0xfe, 0x30, 0x0, 0x0, 0x0, 0x0,
    0x5, 0xfd, 0xef, 0xff, 0xe3, 0x0, 0x0, 0x0,
    0x0, 0x0, 0x30, 0xaf, 0xff, 0xfe, 0x30, 0x0,
    0x0, 0x0, 0x0, 0x8, 0xf6, 0xa, 0xff, 0xe3,
    0x0, 0x0, 0x0, 0x0, 0x0, 0x3, 0xff, 0x8e,
    0xfe, 0x30, 0x0, 0x0, 0x0, 0x0, 0x9, 0xc3,
    0xef, 0xff, 0xe3, 0x0, 0x0, 0x0, 0x0, 0x0,
    0xb, 0xff, 0xff, 0xfe, 0x30, 0x0, 0x0, 0x0,
    0x0, 0x9, 0x50, 0xbf, 0xff, 0xe3, 0x0, 0x0,
    0x0, 0x0, 0x0, 0x2f, 0xf5, 0x2f, 0xfe, 0x30,
    0x0, 0x0, 0x0, 0x0, 0x7, 0x6, 0xff, 0xef,
    0xe3, 0x0, 0x0, 0x0, 0x0, 0x0, 0x9f, 0xce,
    0xff, 0xfe, 0x30, 0x0, 0x0, 0x0, 0x0, 0x0,
    0x7f, 0xff, 0xff, 0xe3, 0x0, 0x0, 0x0, 0x0,
    0x0, 0x0, 0x7, 0xff, 0xfe, 0x30, 0x0, 0x0,
    0x0, 0x0, 0x0, 0x0, 0x0, 0x7f, 0xe3, 0x0,
    0x0, 0x0, 0x0, 0x0, 0x0, 0x0, 0x0, 0x6,
    0x30, 0x0, 0x0, 0x0, 0x0, 0x0, 0x0, 0x0,

    /* U+F04E1 "󰓡" */
    0x0, 0x0, 0x0, 0x0, 0x0, 0x0, 0x10, 0x0,
    0x0, 0x0, 0x0, 0x0, 0x0, 0x0, 0x2, 0xc0,
    0x0, 0x0, 0x0, 0x0, 0x0, 0x0, 0x0, 0x2f,
    0xc0, 0x0, 0x0, 0x0, 0x7, 0xcc, 0xcc, 0xcc,
    0xff, 0xc0, 0x0, 0x0, 0x0, 0x9f, 0xff, 0xff,
    0xff, 0xff, 0x30, 0x0, 0x0, 0x0, 0x0, 0x0,
    0x3, 0xff, 0x40, 0x0, 0x6, 0x0, 0x0, 0x0,
    0x0, 0x2f, 0x40, 0x0, 0xb, 0xa0, 0x0, 0x0,
    0x0, 0x2, 0x40, 0x0, 0xa, 0xfa, 0x0, 0x0,
    0x0, 0x0, 0x0, 0x0, 0xa, 0xff, 0xff, 0xff,
    0xff, 0xf1, 0x0, 0x0, 0x0, 0x5f, 0xfe, 0xcc,
    0xcc, 0xcc, 0x10, 0x0, 0x0, 0x0, 0x5f, 0xa0,
    0x0, 0x0, 0x0, 0x0, 0x0, 0x0, 0x0, 0x5a,
    0x0, 0x0, 0x0, 0x0, 0x0, 0x0, 0x0, 0x0,
    0x20, 0x0, 0x0, 0x0, 0x0, 0x0, 0x0,

    /* U+F052B "󰔫" */
    0x0, 0x0, 0x0, 0x0, 0x0, 0x0, 0x0, 0x0,
    0x2, 0xff, 0xff, 0xff, 0xff, 0xc0, 0x0, 0x33,
    0x6f, 0xff, 0xfd, 0xff, 0xff, 0x33, 0x2e, 0xff,
    0xff, 0xd1, 0x4, 0xff, 0xff, 0xf9, 0x7f, 0xff,
    0xf8, 0x0, 0xd, 0xff, 0xff, 0x20, 0x8f, 0xff,
    0xd1, 0x3, 0xff, 0xfd, 0x40, 0x0, 0x4f, 0xff,
    0xfd, 0xff, 0xff, 0x0, 0xc, 0xde, 0xff, 0xf6,
    0x39, 0xff, 0xfd, 0xd8, 0xbf, 0xff, 0xf9, 0x0,
    0xe, 0xff, 0xff, 0x63, 0xff, 0xff, 0x90, 0x0,
    0xef, 0xff, 0xc0, 0x2, 0xbf, 0xff, 0x52, 0x8f,
    0xff, 0x80, 0x2, 0x26, 0xff, 0xff, 0xef, 0xff,
    0xf2, 0x21, 0xef, 0xff, 0xfd, 0x10, 0x4f, 0xff,
    0xff, 0x97, 0xff, 0xff, 0x80, 0x0, 0xdf, 0xff,
    0xf3, 0x8, 0xff, 0xfd, 0x0, 0x3f, 0xff, 0xe5,
    0x0, 0x4, 0xff, 0xfe, 0xcf, 0xff, 0xf0, 0x0,
    0x0, 0x2f, 0xff, 0xff, 0xff, 0xfd, 0x0, 0x0,
    0x0, 0x1, 0x11, 0x11, 0x11, 0x0, 0x0,

    /* U+F057E "󰕾" */
    0x0, 0x0, 0x0, 0x0, 0x0, 0x95, 0x0, 0x0,
    0x0, 0x0, 0x0, 0x0, 0x63, 0xe, 0xfc, 0x20,
    0x0, 0x0, 0x0, 0x0, 0x6f, 0x30, 0x3b, 0xff,
    0x30, 0x0, 0x0, 0x0, 0x6f, 0xf3, 0x0, 0x6,
    0xfe, 0x10, 0x0, 0x0, 0x6f, 0xff, 0x30, 0x20,
    0x7, 0xfa, 0x8, 0x88, 0x9f, 0xff, 0xf3, 0xe,
    0x40, 0xd, 0xf1, 0xff, 0xff, 0xff, 0xff, 0x30,
    0xee, 0x0, 0x7f, 0x6f, 0xff, 0xff, 0xff, 0xf3,
    0xe, 0xf4, 0x4, 0xf8, 0xff, 0xff, 0xff, 0xff,
    0x30, 0xef, 0x50, 0x4f, 0x9f, 0xff, 0xff, 0xff,
    0xf3, 0xe, 0xf2, 0x6, 0xf7, 0xff, 0xff, 0xff,
    0xff, 0x30, 0xe9, 0x0, 0xaf, 0x30, 0x0, 0xc,
    0xff, 0xf3, 0x8, 0x0, 0x3f, 0xd0, 0x0, 0x0,
    0xc, 0xff, 0x30, 0x0, 0x1d, 0xf4, 0x0, 0x0,
    0x0, 0xc, 0xf3, 0x0, 0x4e, 0xf9, 0x0, 0x0,
    0x0, 0x0, 0xc, 0x30, 0xcf, 0xf8, 0x0, 0x0,
    0x0, 0x0, 0x0, 0x1, 0xe, 0xb3, 0x0, 0x0,
    0x0, 0x0, 0x0, 0x0, 0x0, 0x10, 0x0, 0x0,
    0x0,

    /* U+F075A "󰝚" */
    0x0, 0x0, 0x0, 0x0, 0x0, 0x0, 0x0, 0x0,
    0x0, 0x0, 0x0, 0x0, 0x0, 0x0, 0x0, 0x0,
    0x26, 0x9d, 0xf1, 0x0, 0x0, 0x0, 0x0, 0x15,
    0x8c, 0xff, 0xff, 0xff, 0x10, 0x0, 0x0, 0x5a,
    0xef, 0xff, 0xff, 0xff, 0xff, 0xf1, 0x0, 0x0,
    0xa, 0xff, 0xff, 0xff, 0xc9, 0x62, 0xcf, 0x10,
    0x0, 0x0, 0xaf, 0xea, 0x73, 0x0, 0x0, 0xc,
    0xf1, 0x0, 0x0, 0xa, 0xf3, 0x0, 0x0, 0x0,
    0x0, 0xcf, 0x10, 0x0, 0x0, 0xaf, 0x30, 0x0,
    0x0, 0x0, 0xc, 0xf1, 0x0, 0x0, 0xa, 0xf3,
    0x0, 0x0, 0x0, 0x0, 0xcf, 0x10, 0x0, 0x0,
    0xaf, 0x30, 0x0, 0x0, 0x8d, 0xde, 0xf1, 0x0,
    0x0, 0xa, 0xf3, 0x0, 0x0, 0xbf, 0xff, 0xff,
    0x10, 0x1a, 0xff, 0xff, 0x30, 0x0, 0x2f, 0xff,
    0xff, 0xf1, 0xb, 0xff, 0xff, 0xf3, 0x0, 0x4,
    0xff, 0xff, 0xff, 0x1, 0xff, 0xff, 0xff, 0x30,
    0x0, 0x1f, 0xff, 0xff, 0xc0, 0x2f, 0xff, 0xff,
    0xf1, 0x0, 0x0, 0x6f, 0xff, 0xe2, 0x0, 0xdf,
    0xff, 0xfd, 0x0, 0x0, 0x0, 0x26, 0x51, 0x0,
    0x3, 0xef, 0xfd, 0x20, 0x0, 0x0, 0x0, 0x0,
    0x0, 0x0, 0x0, 0x33, 0x0, 0x0, 0x0, 0x0,
    0x0, 0x0, 0x0,

    /* U+F08AE "󰢮" */
    0xbb, 0x33, 0xbb, 0xbb, 0xbb, 0xbb, 0xbb, 0xbb,
    0xbb, 0xa, 0xf4, 0x5f, 0xff, 0xff, 0xff, 0xff,
    0xff, 0xff, 0xf1, 0x1f, 0x45, 0xff, 0xff, 0xff,
    0xff, 0xd4, 0x3b, 0xff, 0x11, 0xf4, 0x5f, 0xff,
    0xff, 0xff, 0xf2, 0x0, 0xe, 0xf1, 0x1f, 0x45,
    0xff, 0xff, 0xff, 0xff, 0x0, 0x0, 0xcf, 0x11,
    0xf4, 0x5f, 0xff, 0xff, 0xff, 0xf2, 0x0, 0xe,
    0xf1, 0x1f, 0x45, 0xff, 0xff, 0xff, 0xff, 0xc3,
    0x2b, 0xff, 0x11, 0xf4, 0x5f, 0xff, 0xff, 0xff,
    0xff, 0xff, 0xff, 0xf1, 0x1f, 0x44, 0xdf, 0xff,
    0xff, 0xfc, 0xcc, 0xcc, 0xcc, 0x0, 0x72, 0x3,
    0x77, 0x77, 0x77, 0x0, 0x0, 0x0, 0x0,

    /* U+F0928 "󰤨" */
    0x0, 0x0, 0x0, 0x1, 0x34, 0x65, 0x32, 0x0,
    0x0, 0x0, 0x0, 0x0, 0x0, 0x39, 0xdf, 0xff,
    0xff, 0xff, 0xea, 0x50, 0x0, 0x0, 0x0, 0x5c,
    0xff, 0xff, 0xff, 0xff, 0xff, 0xff, 0xfe, 0x70,
    0x0, 0x2b, 0xff, 0xff, 0xff, 0xff, 0xff, 0xff,
    0xff, 0xff, 0xfe, 0x40, 0xbf, 0xff, 0xff, 0xff,
    0xff, 0xff, 0xff, 0xff, 0xff, 0xff, 0xf1, 0x1e,
    0xff, 0xff, 0xff, 0xff, 0xff, 0xff, 0xff, 0xff,
    0xff, 0x50, 0x3, 0xff, 0xff, 0xff, 0xff, 0xff,
    0xff, 0xff, 0xff, 0xf8, 0x0, 0x0, 0x6f, 0xff,
    0xff, 0xff, 0xff, 0xff, 0xff, 0xff, 0xb0, 0x0,
    0x0, 0x9, 0xff, 0xff, 0xff, 0xff, 0xff, 0xff,
    0xfd, 0x10, 0x0, 0x0, 0x0, 0xcf, 0xff, 0xff,
    0xff, 0xff, 0xff, 0xf2, 0x0, 0x0, 0x0, 0x0,
    0x1e, 0xff, 0xff, 0xff, 0xff, 0xff, 0x50, 0x0,
    0x0, 0x0, 0x0, 0x3, 0xff, 0xff, 0xff, 0xff,
    0xf8, 0x0, 0x0, 0x0, 0x0, 0x0, 0x0, 0x6f,
    0xff, 0xff, 0xff, 0xb0, 0x0, 0x0, 0x0, 0x0,
    0x0, 0x0, 0x9, 0xff, 0xff, 0xfd, 0x0, 0x0,
    0x0, 0x0, 0x0, 0x0, 0x0, 0x0, 0xcf, 0xff,
    0xf2, 0x0, 0x0, 0x0, 0x0, 0x0, 0x0, 0x0,
    0x0, 0x1e, 0xff, 0x50, 0x0, 0x0, 0x0, 0x0,
    0x0, 0x0, 0x0, 0x0, 0x3, 0xf8, 0x0, 0x0,
    0x0, 0x0, 0x0, 0x0, 0x0, 0x0, 0x0, 0x0,
    0x40, 0x0, 0x0, 0x0, 0x0, 0x0,

    /* U+F0960 "󰥠" */
    0x0, 0x0, 0x0, 0x0, 0x0, 0x34, 0x30, 0x0,
    0x0, 0x0, 0x0, 0x0, 0x0, 0x19, 0xff, 0xff,
    0xf9, 0x10, 0x0, 0x0, 0x0, 0x0, 0x3e, 0xff,
    0xff, 0xff, 0xfe, 0x30, 0x0, 0x0, 0x0, 0x1e,
    0xff, 0xff, 0xff, 0xff, 0xfe, 0x10, 0x0, 0x0,
    0xa, 0xff, 0xff, 0xff, 0xff, 0xff, 0xf9, 0x0,
    0x0, 0x1, 0xff, 0xff, 0xff, 0xdf, 0xff, 0xff,
    0xf0, 0x0, 0x0, 0x4f, 0xff, 0xff, 0x30, 0x4f,
    0xff, 0xff, 0x20, 0x0, 0x5, 0xff, 0xff, 0xd0,
    0x0, 0xef, 0xff, 0xf4, 0x0, 0x0, 0x4f, 0xff,
    0xff, 0x30, 0x4f, 0xff, 0xff, 0x20, 0x0, 0x0,
    0xff, 0xff, 0xff, 0xef, 0xff, 0xff, 0xe0, 0x0,
    0x0, 0x8, 0xff, 0xff, 0xff, 0xff, 0xff, 0xf7,
    0x0, 0x0, 0x0, 0xd, 0xff, 0xff, 0xff, 0xff,
    0xfc, 0x0, 0x0, 0x0, 0x0, 0x15, 0x55, 0x55,
    0x55, 0x55, 0x10, 0xc, 0xcc, 0xcc, 0xcc, 0xcc,
    0xcc, 0xcc, 0xcc, 0xcc, 0xc3, 0xff, 0xff, 0xff,
    0xff, 0xff, 0xff, 0xff, 0xff, 0xff, 0x4f, 0xff,
    0xff, 0xff, 0xff, 0xff, 0xe0, 0x4d, 0x1b, 0xf4,
    0xfc, 0x0, 0x0, 0x0, 0x0, 0xee, 0x4, 0xd2,
    0xbf, 0x4f, 0xff, 0xff, 0xff, 0xff, 0xff, 0xff,
    0xff, 0xff, 0xf4, 0xdd, 0xff, 0xdd, 0xdd, 0xdd,
    0xdd, 0xdd, 0xef, 0xed, 0x30, 0x2b, 0x80, 0x0,
    0x0, 0x0, 0x0, 0x4, 0xb5, 0x0,

    /* U+F09E8 "󰧨" */
    0x3, 0x44, 0x44, 0x44, 0x44, 0x44, 0x44, 0x44,
    0x44, 0x30, 0x9, 0xff, 0xff, 0xff, 0xff, 0xff,
    0xff, 0xff, 0xff, 0xff, 0xa0, 0xfe, 0x88, 0x88,
    0x88, 0x88, 0x88, 0x88, 0x88, 0x88, 0xef, 0xf,
    0xd1, 0x88, 0x88, 0x88, 0x88, 0x88, 0x8, 0x88,
    0x3c, 0xf1, 0xfd, 0x3f, 0xff, 0xff, 0xff, 0xff,
    0xf1, 0xff, 0xf6, 0xcf, 0x1f, 0xd3, 0xff, 0xff,
    0xff, 0xff, 0xff, 0x4, 0x44, 0x1c, 0xf1, 0xfd,
    0x3f, 0xff, 0xff, 0xff, 0xff, 0xf1, 0xcc, 0xc4,
    0xcf, 0x1f, 0xd3, 0xff, 0xff, 0xff, 0xff, 0xff,
    0x1f, 0xff, 0x6c, 0xf1, 0xfd, 0x0, 0x0, 0x0,
    0x0, 0x0, 0x1, 0xff, 0xf6, 0xcf, 0x1f, 0xd3,
    0xff, 0xff, 0x88, 0xff, 0xff, 0x1f, 0xff, 0x6c,
    0xf1, 0xfd, 0x3f, 0xff, 0xf8, 0x8f, 0xff, 0xf1,
    0xff, 0xf5, 0xcf, 0x1f, 0xd0, 0x0, 0x0, 0x0,
    0x0, 0x0, 0x0, 0x0, 0xc, 0xf1, 0xff, 0xff,
    0xff, 0xff, 0xff, 0xff, 0xff, 0xff, 0xff, 0xff,
    0x1f, 0xff, 0xff, 0xff, 0xff, 0xff, 0xff, 0xff,
    0xff, 0xff, 0xf1, 0xcf, 0xff, 0xff, 0xff, 0xff,
    0xff, 0xff, 0xff, 0xff, 0xfd, 0x1, 0x89, 0x99,
    0x99, 0x9e, 0xff, 0xfb, 0x99, 0x99, 0x98, 0x20,
    0x0, 0x0, 0x0, 0x2, 0xff, 0xff, 0xb0, 0x0,
    0x0, 0x0, 0x0, 0x0, 0x0, 0x0, 0xcf, 0xff,
    0xff, 0x50, 0x0, 0x0, 0x0, 0x0, 0x0, 0x0,
    0x5f, 0xff, 0xff, 0xfe, 0x0, 0x0, 0x0, 0x0,
    0x0, 0x0, 0x1, 0x44, 0x44, 0x44, 0x30, 0x0,
    0x0, 0x0,

    /* U+F0A5F "󰩟" */
    0x0, 0x0, 0x0, 0x0, 0x0, 0x0, 0x0, 0x0,
    0x6, 0xff, 0xff, 0xff, 0xff, 0xff, 0xff, 0xff,
    0xd2, 0xff, 0xff, 0xff, 0xff, 0xff, 0xff, 0xff,
    0xff, 0x9f, 0xff, 0xff, 0xff, 0xff, 0xff, 0xff,
    0xff, 0xfa, 0xff, 0xff, 0xd9, 0xef, 0xa9, 0x99,
    0xbf, 0xff, 0xaf, 0xff, 0xf9, 0xc, 0xf1, 0x0,
    0x0, 0x6f, 0xfa, 0xff, 0xff, 0x90, 0xcf, 0x10,
    0xbb, 0x1, 0xff, 0xaf, 0xff, 0xf9, 0xc, 0xf1,
    0xe, 0xe0, 0x1f, 0xfa, 0xff, 0xff, 0x90, 0xcf,
    0x10, 0x0, 0x3, 0xff, 0xaf, 0xff, 0xf9, 0xc,
    0xf1, 0x3, 0x35, 0xdf, 0xfa, 0xff, 0xff, 0x90,
    0xcf, 0x10, 0xef, 0xff, 0xff, 0xaf, 0xff, 0xf9,
    0xc, 0xf1, 0xe, 0xff, 0xff, 0xfa, 0xff, 0xff,
    0x90, 0xcf, 0x10, 0xef, 0xff, 0xff, 0xaf, 0xff,
    0xfd, 0x8e, 0xf9, 0x8f, 0xff, 0xff, 0xfa, 0xff,
    0xff, 0xff, 0xff, 0xff, 0xff, 0xff, 0xff, 0xaf,
    0xff, 0xff, 0xff, 0xff, 0xff, 0xff, 0xff, 0xf9,
    0x7f, 0xff, 0xff, 0xff, 0xff, 0xff, 0xff, 0xfe,
    0x30, 0x1, 0x11, 0x11, 0x11, 0x11, 0x11, 0x11,
    0x0,

    /* U+F0A60 "󰩠" */
    0x0, 0x0, 0x0, 0x0, 0x0, 0x0, 0x0, 0x0,
    0x0, 0x0, 0x0, 0x9f, 0xff, 0xff, 0xff, 0xff,
    0xfc, 0x10, 0x0, 0x0, 0x2f, 0xec, 0xef, 0xdc,
    0xcc, 0xef, 0xf7, 0x0, 0x0, 0x4, 0xf8, 0x9,
    0xf4, 0x0, 0x0, 0xbf, 0x80, 0x0, 0x0, 0x4f,
    0x80, 0x9f, 0x40, 0xa9, 0x4, 0xf8, 0x0, 0x0,
    0x4, 0xf8, 0x9, 0xf4, 0xf, 0xe0, 0x4f, 0x80,
    0x0, 0x0, 0x4f, 0x80, 0x9f, 0x40, 0x22, 0x4,
    0xf8, 0x0, 0x0, 0x4, 0xf8, 0x9, 0xf4, 0x0,
    0x0, 0x8f, 0x80, 0x0, 0x0, 0x4f, 0x80, 0x9f,
    0x40, 0x88, 0xbf, 0xf8, 0x0, 0x0, 0x4, 0xf8,
    0x9, 0xf4, 0xf, 0xff, 0xff, 0x80, 0x0, 0x0,
    0x4f, 0x80, 0x9f, 0x40, 0xff, 0xff, 0xf8, 0x0,
    0x0, 0x4, 0xfb, 0x5b, 0xf7, 0x5f, 0xff, 0xff,
    0x80, 0x0, 0x0, 0x2f, 0xff, 0xff, 0xff, 0xff,
    0xff, 0xf7, 0x0, 0x0, 0x0, 0x8e, 0xff, 0xff,
    0xff, 0xff, 0xfb, 0x0, 0x0, 0x0, 0x0, 0x0,
    0x0, 0xcf, 0x0, 0x0, 0x0, 0x0, 0x0, 0x0,
    0x0, 0x3, 0xae, 0xfa, 0x60, 0x0, 0x0, 0x0,
    0xbb, 0xbb, 0xbb, 0xdf, 0xff, 0xff, 0xbb, 0xbb,
    0xbb, 0x3f, 0xff, 0xff, 0xff, 0xff, 0xff, 0xff,
    0xff, 0xff, 0xf4, 0x11, 0x11, 0x11, 0x7f, 0xff,
    0xfb, 0x11, 0x11, 0x11, 0x0, 0x0, 0x0, 0x0,
    0x0, 0x0, 0x0, 0x0, 0x0, 0x0,

    /* U+F0E09 "󰸉" */
    0x0, 0x0, 0x0, 0x0, 0x0, 0x0, 0x0, 0x0,
    0x0, 0x6, 0xff, 0xff, 0xff, 0xf3, 0x2f, 0xff,
    0xff, 0xff, 0x70, 0xff, 0xcc, 0xcc, 0xcc, 0x32,
    0xcc, 0xcc, 0xcc, 0xef, 0xf, 0xc0, 0x0, 0x0,
    0x0, 0x0, 0x0, 0x0, 0xb, 0xf1, 0xfc, 0x0,
    0x0, 0x0, 0x0, 0x0, 0x0, 0x0, 0xbf, 0x1f,
    0xc0, 0x0, 0x0, 0x0, 0x0, 0x48, 0x10, 0xb,
    0xf1, 0xfc, 0x0, 0x0, 0x0, 0x0, 0xe, 0xfa,
    0x0, 0xbf, 0x1f, 0xc0, 0x0, 0x0, 0x0, 0x0,
    0xbf, 0x70, 0xb, 0xf1, 0xfc, 0x0, 0x0, 0x0,
    0x0, 0x0, 0x10, 0x0, 0xbf, 0x13, 0x20, 0x0,
    0x0, 0x0, 0x0, 0x0, 0x0, 0x2, 0x30, 0x32,
    0x0, 0x0, 0x0, 0x0, 0x0, 0x0, 0x0, 0x23,
    0xf, 0xc0, 0x0, 0x5, 0xa0, 0x0, 0x0, 0x0,
    0xb, 0xf1, 0xfc, 0x0, 0x2, 0xff, 0x70, 0xb,
    0x60, 0x0, 0xbf, 0x1f, 0xc0, 0x0, 0xcf, 0xff,
    0x48, 0xff, 0x20, 0xb, 0xf1, 0xfc, 0x0, 0x9f,
    0xff, 0xff, 0xff, 0xfd, 0x0, 0xbf, 0x1f, 0xc0,
    0x17, 0x77, 0x77, 0x77, 0x77, 0x73, 0xb, 0xf1,
    0xfc, 0x0, 0x0, 0x0, 0x0, 0x0, 0x0, 0x0,
    0xbf, 0x1f, 0xfc, 0xcc, 0xcc, 0xc3, 0x2c, 0xcc,
    0xcc, 0xce, 0xf0, 0x6f, 0xff, 0xff, 0xff, 0x32,
    0xff, 0xff, 0xff, 0xf7, 0x0, 0x0, 0x0, 0x0,
    0x0, 0x0, 0x0, 0x0, 0x0, 0x0,

    /* U+F0E0C "󰸌" */
    0x0, 0x0, 0x0, 0x0, 0x0, 0x0, 0x0, 0x0,
    0x0, 0x0, 0x0, 0x0, 0x4a, 0xef, 0xff, 0xc7,
    0x10, 0x0, 0x0, 0x0, 0x2, 0xcf, 0xff, 0xdc,
    0xef, 0xff, 0x60, 0x0, 0x0, 0x4, 0xff, 0xb4,
    0x0, 0x0, 0x28, 0xff, 0xa0, 0x0, 0x2, 0xff,
    0x70, 0x53, 0x0, 0x15, 0x2, 0xcf, 0x80, 0x0,
    0xcf, 0x70, 0x6f, 0xf1, 0xc, 0xfa, 0x1, 0xdf,
    0x40, 0x4f, 0xc0, 0x5, 0xff, 0x10, 0xcf, 0x90,
    0x4, 0xfb, 0x9, 0xf4, 0x0, 0x3, 0x20, 0x0,
    0x40, 0x0, 0xd, 0xf0, 0xdf, 0x8, 0xa0, 0x0,
    0x0, 0x0, 0x7, 0xa1, 0xaf, 0x2f, 0xd3, 0xff,
    0x60, 0x0, 0x0, 0x2, 0xff, 0x79, 0xf3, 0xfd,
    0xc, 0xd2, 0x0, 0x0, 0x0, 0xb, 0xe2, 0xcf,
    0x1d, 0xf0, 0x0, 0x0, 0x0, 0x0, 0x0, 0x0,
    0x5f, 0xb0, 0xaf, 0x40, 0x0, 0x0, 0x0, 0x0,
    0x2, 0x8f, 0xf3, 0x4, 0xfb, 0x0, 0x0, 0x0,
    0x4e, 0xff, 0xff, 0xe4, 0x0, 0xc, 0xf6, 0x0,
    0x0, 0xe, 0xfc, 0xcb, 0x71, 0x0, 0x0, 0x3f,
    0xf6, 0x0, 0x0, 0xed, 0x0, 0x0, 0x0, 0x0,
    0x0, 0x5f, 0xfa, 0x30, 0x8, 0xf4, 0x0, 0x0,
    0x0, 0x0, 0x0, 0x3d, 0xff, 0xec, 0xdf, 0x40,
    0x0, 0x0, 0x0, 0x0, 0x0, 0x6, 0xbf, 0xff,
    0xa0, 0x0, 0x0, 0x0, 0x0, 0x0, 0x0, 0x0,
    0x1, 0x10, 0x0, 0x0, 0x0, 0x0,

    /* U+F0EE0 "󰻠" */
    0x0, 0x0, 0x2, 0x62, 0x4, 0x60, 0x0, 0x0,
    0x0, 0x0, 0x0, 0x6f, 0x60, 0xcf, 0x10, 0x0,
    0x0, 0x0, 0x17, 0x8b, 0xfb, 0x8e, 0xf9, 0x86,
    0x0, 0x0, 0xd, 0xff, 0xff, 0xff, 0xff, 0xff,
    0xf7, 0x0, 0x1, 0xff, 0xff, 0xff, 0xff, 0xff,
    0xff, 0xb0, 0x0, 0x1f, 0xff, 0xff, 0xff, 0xff,
    0xff, 0xfb, 0x0, 0xee, 0xfe, 0x21, 0x13, 0xd1,
    0xd9, 0x2f, 0xfe, 0x7f, 0xff, 0xb0, 0x11, 0x3c,
    0xd, 0x81, 0xff, 0xf7, 0x67, 0xfb, 0x8, 0x9d,
    0xc0, 0x53, 0x1f, 0xd6, 0x30, 0x1f, 0xb0, 0x0,
    0x3d, 0x55, 0x21, 0xfb, 0x0, 0xcd, 0xfb, 0x9,
    0x52, 0xff, 0xf8, 0x1f, 0xfc, 0x6f, 0xff, 0xe1,
    0x0, 0x6f, 0xff, 0x91, 0xff, 0xf7, 0x1, 0xff,
    0xff, 0xff, 0xff, 0xff, 0xff, 0xb0, 0x0, 0x1f,
    0xff, 0xff, 0xff, 0xff, 0xff, 0xfb, 0x0, 0x0,
    0xef, 0xff, 0xff, 0xff, 0xff, 0xff, 0x80, 0x0,
    0x2, 0x89, 0xcf, 0xc9, 0xef, 0xa9, 0x70, 0x0,
    0x0, 0x0, 0x6, 0xf6, 0xc, 0xf1, 0x0, 0x0,
    0x0, 0x0, 0x0, 0x37, 0x30, 0x57, 0x0, 0x0,
    0x0,

    /* U+F1104 "󱄄" */
    0x0, 0x0, 0x0, 0x0, 0x0, 0x0, 0x0, 0x0,
    0x0, 0x0, 0x6, 0xff, 0xff, 0xff, 0xff, 0xff,
    0xff, 0xff, 0xff, 0xff, 0x70, 0xff, 0xcc, 0xcc,
    0xcc, 0xcc, 0xcc, 0xcc, 0xcc, 0xcc, 0xff, 0xf,
    0xd0, 0x0, 0x0, 0x0, 0x0, 0x0, 0x0, 0x0,
    0xc, 0xf1, 0xfd, 0x0, 0x0, 0x0, 0x0, 0x0,
    0x21, 0x0, 0x0, 0xcf, 0x1f, 0xd0, 0x0, 0x0,
    0x0, 0x0, 0x1a, 0xa1, 0x0, 0xc, 0xf1, 0xfd,
    0x0, 0x0, 0x0, 0x41, 0x3, 0xbc, 0x30, 0x0,
    0xcf, 0x1f, 0xd0, 0x0, 0x0, 0xb, 0x80, 0x2,
    0x20, 0x0, 0xc, 0xf1, 0xfd, 0x0, 0x0, 0x18,
    0xfe, 0x60, 0x0, 0x0, 0x0, 0xcf, 0x1f, 0xd0,
    0x0, 0xa, 0xff, 0xff, 0x80, 0x0, 0x0, 0xc,
    0xf1, 0xfd, 0x0, 0x0, 0x2, 0xfd, 0x10, 0x0,
    0x0, 0x0, 0xcf, 0x1f, 0xd0, 0x0, 0x0, 0x9,
    0x50, 0x0, 0x0, 0x0, 0xc, 0xf1, 0xfd, 0x0,
    0x0, 0x0, 0x10, 0x0, 0x0, 0x0, 0x0, 0xcf,
    0x1f, 0xd0, 0x0, 0x0, 0x0, 0x0, 0x0, 0x0,
    0x0, 0xc, 0xf1, 0xdf, 0xff, 0xff, 0xff, 0xff,
    0xff, 0xff, 0xff, 0xff, 0xfe, 0x3, 0xbc, 0xcc,
    0xcc, 0xce, 0xff, 0xfd, 0xcc, 0xcc, 0xcb, 0x40,
    0x0, 0x0, 0x0, 0x0, 0x9f, 0xff, 0x10, 0x0,
    0x0, 0x0, 0x0, 0x0, 0x0, 0x4, 0xce, 0xff,
    0xfc, 0xb0, 0x0, 0x0, 0x0, 0x0, 0x0, 0x0,
    0x5f, 0xff, 0xff, 0xfe, 0x0, 0x0, 0x0, 0x0,
    0x0, 0x0, 0x0, 0x0, 0x0, 0x0, 0x0, 0x0,
    0x0, 0x0,

    /* U+F199F "󱦟" */
    0x0, 0x0, 0x0, 0x0, 0x0, 0x0, 0xef, 0xff,
    0xff, 0xff, 0xff, 0xf1, 0xef, 0xcc, 0xcc, 0xcc,
    0xcf, 0xf1, 0xef, 0x0, 0x0, 0x0, 0xc, 0xf1,
    0xef, 0x0, 0x0, 0x0, 0xc, 0xf1, 0xef, 0x0,
    0x0, 0x0, 0xc, 0xf1, 0xcf, 0x70, 0x0, 0x0,
    0x4f, 0xe0, 0xc, 0xf8, 0x0, 0x3, 0xfe, 0x20,
    0x0, 0xbf, 0x90, 0x3e, 0xf3, 0x0, 0x0, 0xb,
    0xfa, 0xef, 0x30, 0x0, 0x0, 0x7, 0xfd, 0xfe,
    0x10, 0x0, 0x0, 0x8f, 0xa0, 0x7f, 0xd1, 0x0,
    0x9, 0xfa, 0x0, 0x7, 0xfd, 0x10, 0x9f, 0xa0,
    0xa, 0x40, 0x7f, 0xc0, 0xef, 0x0, 0xaf, 0xf4,
    0xc, 0xf1, 0xef, 0x0, 0x99, 0x96, 0xc, 0xf1,
    0xef, 0x0, 0x0, 0x0, 0xc, 0xf1, 0xef, 0xcc,
    0xcc, 0xcc, 0xcf, 0xf1, 0xef, 0xff, 0xff, 0xff,
    0xff, 0xf1, 0x0, 0x0, 0x0, 0x0, 0x0, 0x0,

    /* U+F1AD0 "󱫐" */
    0x0, 0x0, 0x4, 0x88, 0x88, 0x80, 0x0, 0x0,
    0x0, 0x0, 0x0, 0x8, 0xff, 0xff, 0xe0, 0x0,
    0x0, 0x0, 0x0, 0x0, 0x2, 0x55, 0x55, 0x40,
    0x0, 0x0, 0x0, 0x0, 0x0, 0x4, 0x9b, 0xba,
    0x61, 0x0, 0x10, 0x0, 0x0, 0x3, 0xdf, 0xff,
    0xff, 0xff, 0x73, 0xe6, 0x0, 0x0, 0x5f, 0xff,
    0xff, 0xff, 0xff, 0xff, 0xf7, 0x0, 0x3, 0xff,
    0xff, 0xf5, 0xe, 0xff, 0xff, 0xd0, 0x0, 0xe,
    0xff, 0xff, 0xf5, 0xe, 0xff, 0xff, 0xf5, 0x0,
    0x6f, 0xff, 0xff, 0xf5, 0xe, 0xff, 0xff, 0xfc,
    0x0, 0xbf, 0xff, 0xff, 0xf5, 0xe, 0xff, 0xff,
    0xff, 0x10, 0xef, 0xff, 0xff, 0xf5, 0xe, 0xff,
    0xff, 0xff, 0x50, 0xff, 0xff, 0xff, 0xf5, 0xe,
    0xff, 0xfc, 0xab, 0x50, 0xff, 0xff, 0xff, 0xf9,
    0x6f, 0xfa, 0x10, 0x0, 0x0, 0xcf, 0xff, 0xff,
    0xff, 0xff, 0x80, 0x0, 0x0, 0x0, 0x7f, 0xff,
    0xff, 0xff, 0xfc, 0x0, 0x0, 0x0, 0x61, 0x1f,
    0xff, 0xff, 0xff, 0xf5, 0x0, 0x0, 0x7, 0xf9,
    0x5, 0xff, 0xff, 0xff, 0xf2, 0x6, 0x50, 0x7f,
    0xd1, 0x0, 0x8f, 0xff, 0xff, 0xf1, 0xb, 0xfa,
    0xfd, 0x10, 0x0, 0x5, 0xff, 0xff, 0xf4, 0x0,
    0xcf, 0xd1, 0x0, 0x0, 0x0, 0x17, 0xce, 0xe7,
    0x0, 0x1a, 0x10, 0x0
};


/*---------------------
 *  GLYPH DESCRIPTION
 *--------------------*/

static const lv_font_fmt_txt_glyph_dsc_t glyph_dsc[] = {
    {.bitmap_index = 0, .adv_w = 0, .box_w = 0, .box_h = 0, .ofs_x = 0, .ofs_y = 0} /* id = 0 reserved */,
    {.bitmap_index = 0, .adv_w = 211, .box_w = 21, .box_h = 22, .ofs_x = 0, .ofs_y = -3},
    {.bitmap_index = 231, .adv_w = 211, .box_w = 21, .box_h = 20, .ofs_x = 0, .ofs_y = -2},
    {.bitmap_index = 441, .adv_w = 211, .box_w = 3, .box_h = 20, .ofs_x = 5, .ofs_y = -2},
    {.bitmap_index = 471, .adv_w = 211, .box_w = 16, .box_h = 20, .ofs_x = -1, .ofs_y = -2},
    {.bitmap_index = 631, .adv_w = 211, .box_w = 19, .box_h = 16, .ofs_x = 0, .ofs_y = 0},
    {.bitmap_index = 783, .adv_w = 211, .box_w = 20, .box_h = 18, .ofs_x = 0, .ofs_y = -1},
    {.bitmap_index = 963, .adv_w = 211, .box_w = 15, .box_h = 18, .ofs_x = 0, .ofs_y = -1},
    {.bitmap_index = 1098, .adv_w = 211, .box_w = 16, .box_h = 14, .ofs_x = 0, .ofs_y = 1},
    {.bitmap_index = 1210, .adv_w = 211, .box_w = 16, .box_h = 18, .ofs_x = 0, .ofs_y = -1},
    {.bitmap_index = 1354, .adv_w = 211, .box_w = 18, .box_h = 19, .ofs_x = 0, .ofs_y = -2},
    {.bitmap_index = 1525, .adv_w = 211, .box_w = 18, .box_h = 4, .ofs_x = 0, .ofs_y = 6},
    {.bitmap_index = 1561, .adv_w = 211, .box_w = 20, .box_h = 20, .ofs_x = 0, .ofs_y = -2},
    {.bitmap_index = 1761, .adv_w = 211, .box_w = 20, .box_h = 20, .ofs_x = 0, .ofs_y = -2},
    {.bitmap_index = 1961, .adv_w = 211, .box_w = 18, .box_h = 22, .ofs_x = 0, .ofs_y = -3},
    {.bitmap_index = 2159, .adv_w = 211, .box_w = 13, .box_h = 26, .ofs_x = 1, .ofs_y = -5},
    {.bitmap_index = 2328, .adv_w = 211, .box_w = 15, .box_h = 26, .ofs_x = -1, .ofs_y = -5},
    {.bitmap_index = 2523, .adv_w = 211, .box_w = 13, .box_h = 26, .ofs_x = -1, .ofs_y = -5},
    {.bitmap_index = 2692, .adv_w = 211, .box_w = 13, .box_h = 26, .ofs_x = 1, .ofs_y = -5},
    {.bitmap_index = 2861, .adv_w = 211, .box_w = 15, .box_h = 26, .ofs_x = -1, .ofs_y = -5},
    {.bitmap_index = 3056, .adv_w = 211, .box_w = 13, .box_h = 26, .ofs_x = -1, .ofs_y = -5},
    {.bitmap_index = 3225, .adv_w = 211, .box_w = 23, .box_h = 16, .ofs_x = 0, .ofs_y = 0},
    {.bitmap_index = 3409, .adv_w = 211, .box_w = 21, .box_h = 22, .ofs_x = 0, .ofs_y = -3},
    {.bitmap_index = 3640, .adv_w = 211, .box_w = 18, .box_h = 22, .ofs_x = 0, .ofs_y = -3},
    {.bitmap_index = 3838, .adv_w = 211, .box_w = 21, .box_h = 22, .ofs_x = -1, .ofs_y = -3},
    {.bitmap_index = 4069, .adv_w = 211, .box_w = 21, .box_h = 22, .ofs_x = 0, .ofs_y = -3},
    {.bitmap_index = 4300, .adv_w = 211, .box_w = 26, .box_h = 20, .ofs_x = 0, .ofs_y = -2},
    {.bitmap_index = 4560, .adv_w = 211, .box_w = 18, .box_h = 18, .ofs_x = 0, .ofs_y = -1},
    {.bitmap_index = 4722, .adv_w = 211, .box_w = 21, .box_h = 18, .ofs_x = 0, .ofs_y = -1},
    {.bitmap_index = 4911, .adv_w = 211, .box_w = 23, .box_h = 22, .ofs_x = 0, .ofs_y = -3},
    {.bitmap_index = 5164, .adv_w = 211, .box_w = 26, .box_h = 18, .ofs_x = 0, .ofs_y = -1},
    {.bitmap_index = 5398, .adv_w = 211, .box_w = 26, .box_h = 16, .ofs_x = 0, .ofs_y = 0},
    {.bitmap_index = 5606, .adv_w = 211, .box_w = 23, .box_h = 18, .ofs_x = 0, .ofs_y = -1},
    {.bitmap_index = 5813, .adv_w = 211, .box_w = 21, .box_h = 14, .ofs_x = 0, .ofs_y = 1},
    {.bitmap_index = 5960, .adv_w = 211, .box_w = 18, .box_h = 22, .ofs_x = -1, .ofs_y = -3},
    {.bitmap_index = 6158, .adv_w = 211, .box_w = 21, .box_h = 18, .ofs_x = 0, .ofs_y = -1},
    {.bitmap_index = 6347, .adv_w = 211, .box_w = 21, .box_h = 22, .ofs_x = 0, .ofs_y = -3},
    {.bitmap_index = 6578, .adv_w = 211, .box_w = 26, .box_h = 16, .ofs_x = 0, .ofs_y = 0},
    {.bitmap_index = 6786, .adv_w = 211, .box_w = 26, .box_h = 18, .ofs_x = 0, .ofs_y = -1},
    {.bitmap_index = 7020, .adv_w = 211, .box_w = 23, .box_h = 22, .ofs_x = -1, .ofs_y = -3},
    {.bitmap_index = 7273, .adv_w = 211, .box_w = 23, .box_h = 14, .ofs_x = 0, .ofs_y = 1},
    {.bitmap_index = 7434, .adv_w = 211, .box_w = 16, .box_h = 22, .ofs_x = 0, .ofs_y = -3},
    {.bitmap_index = 7610, .adv_w = 211, .box_w = 21, .box_h = 18, .ofs_x = 0, .ofs_y = -1},
    {.bitmap_index = 7799, .adv_w = 211, .box_w = 21, .box_h = 21, .ofs_x = 0, .ofs_y = -3},
    {.bitmap_index = 8020, .adv_w = 211, .box_w = 22, .box_h = 20, .ofs_x = 0, .ofs_y = -2},
    {.bitmap_index = 8240, .adv_w = 211, .box_w = 22, .box_h = 22, .ofs_x = 0, .ofs_y = -3},
    {.bitmap_index = 8482, .adv_w = 211, .box_w = 19, .box_h = 23, .ofs_x = 0, .ofs_y = -4},
    {.bitmap_index = 8701, .adv_w = 211, .box_w = 22, .box_h = 22, .ofs_x = 0, .ofs_y = -3},
    {.bitmap_index = 8943, .adv_w = 211, .box_w = 22, .box_h = 22, .ofs_x = 0, .ofs_y = -3},
    {.bitmap_index = 9185, .adv_w = 211, .box_w = 22, .box_h = 22, .ofs_x = 0, .ofs_y = -3},
    {.bitmap_index = 9427, .adv_w = 211, .box_w = 18, .box_h = 22, .ofs_x = 0, .ofs_y = -3},
    {.bitmap_index = 9625, .adv_w = 211, .box_w = 23, .box_h = 22, .ofs_x = -1, .ofs_y = -3},
    {.bitmap_index = 9878, .adv_w = 211, .box_w = 23, .box_h = 14, .ofs_x = -1, .ofs_y = 1},
    {.bitmap_index = 10039, .adv_w = 211, .box_w = 22, .box_h = 23, .ofs_x = 0, .ofs_y = -4},
    {.bitmap_index = 10292, .adv_w = 211, .box_w = 22, .box_h = 23, .ofs_x = 0, .ofs_y = -4},
    {.bitmap_index = 10545, .adv_w = 211, .box_w = 22, .box_h = 22, .ofs_x = 0, .ofs_y = -3},
    {.bitmap_index = 10787, .adv_w = 211, .box_w = 21, .box_h = 20, .ofs_x = -1, .ofs_y = -2},
    {.bitmap_index = 10997, .adv_w = 211, .box_w = 22, .box_h = 23, .ofs_x = 0, .ofs_y = -4},
    {.bitmap_index = 11250, .adv_w = 211, .box_w = 22, .box_h = 20, .ofs_x = 0, .ofs_y = -2},
    {.bitmap_index = 11470, .adv_w = 211, .box_w = 22, .box_h = 20, .ofs_x = 0, .ofs_y = -2},
    {.bitmap_index = 11690, .adv_w = 211, .box_w = 15, .box_h = 23, .ofs_x = 0, .ofs_y = -4},
    {.bitmap_index = 11863, .adv_w = 211, .box_w = 24, .box_h = 18, .ofs_x = -1, .ofs_y = -2},
    {.bitmap_index = 12079, .adv_w = 211, .box_w = 23, .box_h = 23, .ofs_x = 0, .ofs_y = -4},
    {.bitmap_index = 12344, .adv_w = 211, .box_w = 22, .box_h = 20, .ofs_x = 0, .ofs_y = -2},
    {.bitmap_index = 12564, .adv_w = 211, .box_w = 24, .box_h = 12, .ofs_x = -1, .ofs_y = 2},
    {.bitmap_index = 12708, .adv_w = 211, .box_w = 19, .box_h = 23, .ofs_x = -1, .ofs_y = -3},
    {.bitmap_index = 12927, .adv_w = 211, .box_w = 22, .box_h = 20, .ofs_x = 0, .ofs_y = -2},
    {.bitmap_index = 13147, .adv_w = 211, .box_w = 24, .box_h = 23, .ofs_x = -1, .ofs_y = -4},
    {.bitmap_index = 13423, .adv_w = 211, .box_w = 22, .box_h = 23, .ofs_x = 0, .ofs_y = -4},
    {.bitmap_index = 13676, .adv_w = 211, .box_w = 22, .box_h = 22, .ofs_x = 0, .ofs_y = -3},
    {.bitmap_index = 13918, .adv_w = 211, .box_w = 21, .box_h = 23, .ofs_x = -1, .ofs_y = -4},
    {.bitmap_index = 14160, .adv_w = 211, .box_w = 22, .box_h = 20, .ofs_x = 0, .ofs_y = -2},
    {.bitmap_index = 14380, .adv_w = 211, .box_w = 22, .box_h = 23, .ofs_x = 0, .ofs_y = -4},
    {.bitmap_index = 14633, .adv_w = 211, .box_w = 24, .box_h = 22, .ofs_x = -1, .ofs_y = -3},
    {.bitmap_index = 14897, .adv_w = 211, .box_w = 22, .box_h = 23, .ofs_x = 0, .ofs_y = -4},
    {.bitmap_index = 15150, .adv_w = 211, .box_w = 22, .box_h = 23, .ofs_x = 0, .ofs_y = -4},
    {.bitmap_index = 15403, .adv_w = 211, .box_w = 22, .box_h = 23, .ofs_x = 0, .ofs_y = -4},
    {.bitmap_index = 15656, .adv_w = 211, .box_w = 24, .box_h = 24, .ofs_x = -1, .ofs_y = -4},
    {.bitmap_index = 15944, .adv_w = 211, .box_w = 23, .box_h = 20, .ofs_x = 0, .ofs_y = -2},
    {.bitmap_index = 16174, .adv_w = 211, .box_w = 23, .box_h = 16, .ofs_x = 0, .ofs_y = 0},
    {.bitmap_index = 16358, .adv_w = 211, .box_w = 22, .box_h = 18, .ofs_x = 0, .ofs_y = -1},
    {.bitmap_index = 16556, .adv_w = 211, .box_w = 22, .box_h = 14, .ofs_x = 0, .ofs_y = 1},
    {.bitmap_index = 16710, .adv_w = 211, .box_w = 18, .box_h = 23, .ofs_x = 0, .ofs_y = -4},
    {.bitmap_index = 16917, .adv_w = 211, .box_w = 28, .box_h = 20, .ofs_x = -1, .ofs_y = -2},
    {.bitmap_index = 17197, .adv_w = 211, .box_w = 23, .box_h = 20, .ofs_x = 0, .ofs_y = -2},
    {.bitmap_index = 17427, .adv_w = 211, .box_w = 16, .box_h = 22, .ofs_x = 0, .ofs_y = -3},
    {.bitmap_index = 17603, .adv_w = 211, .box_w = 22, .box_h = 23, .ofs_x = 0, .ofs_y = -4},
    {.bitmap_index = 17856, .adv_w = 211, .box_w = 22, .box_h = 23, .ofs_x = 0, .ofs_y = -4},
    {.bitmap_index = 18109, .adv_w = 211, .box_w = 22, .box_h = 22, .ofs_x = 0, .ofs_y = -3},
    {.bitmap_index = 18351, .adv_w = 211, .box_w = 22, .box_h = 22, .ofs_x = 0, .ofs_y = -3},
    {.bitmap_index = 18593, .adv_w = 211, .box_w = 22, .box_h = 22, .ofs_x = 0, .ofs_y = -3},
    {.bitmap_index = 18835, .adv_w = 211, .box_w = 22, .box_h = 20, .ofs_x = 0, .ofs_y = -2},
    {.bitmap_index = 19055, .adv_w = 211, .box_w = 22, .box_h = 22, .ofs_x = 0, .ofs_y = -3},
    {.bitmap_index = 19297, .adv_w = 211, .box_w = 24, .box_h = 24, .ofs_x = -1, .ofs_y = -4},
    {.bitmap_index = 19585, .adv_w = 211, .box_w = 16, .box_h = 17, .ofs_x = 0, .ofs_y = -1},
    {.bitmap_index = 19721, .adv_w = 211, .box_w = 22, .box_h = 23, .ofs_x = 0, .ofs_y = -4},
    {.bitmap_index = 19974, .adv_w = 211, .box_w = 22, .box_h = 23, .ofs_x = 0, .ofs_y = -4},
    {.bitmap_index = 20227, .adv_w = 211, .box_w = 15, .box_h = 23, .ofs_x = 0, .ofs_y = -4},
    {.bitmap_index = 20400, .adv_w = 211, .box_w = 19, .box_h = 23, .ofs_x = 0, .ofs_y = -4},
    {.bitmap_index = 20619, .adv_w = 211, .box_w = 22, .box_h = 18, .ofs_x = 0, .ofs_y = -1},
    {.bitmap_index = 20817, .adv_w = 211, .box_w = 23, .box_h = 17, .ofs_x = -1, .ofs_y = -1},
    {.bitmap_index = 21013, .adv_w = 211, .box_w = 23, .box_h = 14, .ofs_x = -1, .ofs_y = 1},
    {.bitmap_index = 21174, .adv_w = 211, .box_w = 22, .box_h = 19, .ofs_x = 0, .ofs_y = -2},
    {.bitmap_index = 21383, .adv_w = 211, .box_w = 24, .box_h = 23, .ofs_x = -1, .ofs_y = -4},
    {.bitmap_index = 21659, .adv_w = 211, .box_w = 22, .box_h = 18, .ofs_x = 0, .ofs_y = -1},
    {.bitmap_index = 21857, .adv_w = 211, .box_w = 24, .box_h = 22, .ofs_x = -1, .ofs_y = -3},
    {.bitmap_index = 22121, .adv_w = 211, .box_w = 22, .box_h = 23, .ofs_x = 0, .ofs_y = -4},
    {.bitmap_index = 22374, .adv_w = 211, .box_w = 23, .box_h = 19, .ofs_x = 0, .ofs_y = -1},
    {.bitmap_index = 22593, .adv_w = 211, .box_w = 23, .box_h = 20, .ofs_x = 0, .ofs_y = -2},
    {.bitmap_index = 22823, .adv_w = 211, .box_w = 24, .box_h = 23, .ofs_x = -1, .ofs_y = -3},
    {.bitmap_index = 23099, .adv_w = 211, .box_w = 21, .box_h = 23, .ofs_x = -1, .ofs_y = -4},
    {.bitmap_index = 23341, .adv_w = 211, .box_w = 18, .box_h = 23, .ofs_x = 0, .ofs_y = -4},
    {.bitmap_index = 23548, .adv_w = 211, .box_w = 24, .box_h = 22, .ofs_x = -1, .ofs_y = -3},
    {.bitmap_index = 23812, .adv_w = 211, .box_w = 23, .box_h = 23, .ofs_x = 0, .ofs_y = -4},
    {.bitmap_index = 24077, .adv_w = 211, .box_w = 23, .box_h = 22, .ofs_x = 0, .ofs_y = -3},
    {.bitmap_index = 24330, .adv_w = 211, .box_w = 22, .box_h = 16, .ofs_x = 0, .ofs_y = 0},
    {.bitmap_index = 24506, .adv_w = 211, .box_w = 15, .box_h = 23, .ofs_x = 0, .ofs_y = -4},
    {.bitmap_index = 24679, .adv_w = 211, .box_w = 22, .box_h = 23, .ofs_x = 0, .ofs_y = -4},
    {.bitmap_index = 24932, .adv_w = 211, .box_w = 22, .box_h = 23, .ofs_x = 0, .ofs_y = -4},
    {.bitmap_index = 25185, .adv_w = 211, .box_w = 22, .box_h = 12, .ofs_x = 0, .ofs_y = 2},
    {.bitmap_index = 25317, .adv_w = 211, .box_w = 21, .box_h = 23, .ofs_x = 0, .ofs_y = -4},
    {.bitmap_index = 25559, .adv_w = 211, .box_w = 24, .box_h = 22, .ofs_x = -1, .ofs_y = -3},
    {.bitmap_index = 25823, .adv_w = 211, .box_w = 20, .box_h = 16, .ofs_x = 0, .ofs_y = 0},
    {.bitmap_index = 25983, .adv_w = 211, .box_w = 22, .box_h = 20, .ofs_x = 0, .ofs_y = -2},
    {.bitmap_index = 26203, .adv_w = 211, .box_w = 19, .box_h = 22, .ofs_x = 0, .ofs_y = -3},
    {.bitmap_index = 26412, .adv_w = 211, .box_w = 17, .box_h = 23, .ofs_x = 0, .ofs_y = -4},
    {.bitmap_index = 26608, .adv_w = 211, .box_w = 19, .box_h = 23, .ofs_x = 0, .ofs_y = -4},
    {.bitmap_index = 26827, .adv_w = 211, .box_w = 22, .box_h = 23, .ofs_x = 0, .ofs_y = -4},
    {.bitmap_index = 27080, .adv_w = 211, .box_w = 22, .box_h = 23, .ofs_x = 0, .ofs_y = -4},
    {.bitmap_index = 27333, .adv_w = 211, .box_w = 22, .box_h = 23, .ofs_x = 0, .ofs_y = -4},
    {.bitmap_index = 27586, .adv_w = 211, .box_w = 22, .box_h = 10, .ofs_x = 0, .ofs_y = 3},
    {.bitmap_index = 27696, .adv_w = 211, .box_w = 17, .box_h = 23, .ofs_x = 0, .ofs_y = -4},
    {.bitmap_index = 27892, .adv_w = 211, .box_w = 23, .box_h = 15, .ofs_x = 0, .ofs_y = 0},
    {.bitmap_index = 28065, .adv_w = 211, .box_w = 17, .box_h = 23, .ofs_x = 0, .ofs_y = -4},
    {.bitmap_index = 28261, .adv_w = 211, .box_w = 23, .box_h = 23, .ofs_x = 0, .ofs_y = -4},
    {.bitmap_index = 28526, .adv_w = 211, .box_w = 22, .box_h = 12, .ofs_x = 0, .ofs_y = 2},
    {.bitmap_index = 28658, .adv_w = 211, .box_w = 23, .box_h = 23, .ofs_x = 0, .ofs_y = -4},
    {.bitmap_index = 28923, .adv_w = 211, .box_w = 22, .box_h = 22, .ofs_x = 0, .ofs_y = -3},
    {.bitmap_index = 29165, .adv_w = 211, .box_w = 22, .box_h = 22, .ofs_x = 0, .ofs_y = -3},
    {.bitmap_index = 29407, .adv_w = 211, .box_w = 22, .box_h = 23, .ofs_x = 0, .ofs_y = -4},
    {.bitmap_index = 29660, .adv_w = 211, .box_w = 24, .box_h = 20, .ofs_x = -1, .ofs_y = -2},
    {.bitmap_index = 29900, .adv_w = 211, .box_w = 20, .box_h = 22, .ofs_x = -1, .ofs_y = -3},
    {.bitmap_index = 30120, .adv_w = 211, .box_w = 22, .box_h = 23, .ofs_x = -1, .ofs_y = -4},
    {.bitmap_index = 30373, .adv_w = 211, .box_w = 22, .box_h = 22, .ofs_x = 0, .ofs_y = -3},
    {.bitmap_index = 30615, .adv_w = 211, .box_w = 23, .box_h = 22, .ofs_x = -1, .ofs_y = -3},
    {.bitmap_index = 30868, .adv_w = 211, .box_w = 22, .box_h = 22, .ofs_x = 0, .ofs_y = -3},
    {.bitmap_index = 31110, .adv_w = 211, .box_w = 23, .box_h = 22, .ofs_x = -1, .ofs_y = -3},
    {.bitmap_index = 31363, .adv_w = 211, .box_w = 22, .box_h = 24, .ofs_x = 0, .ofs_y = -4},
    {.bitmap_index = 31627, .adv_w = 211, .box_w = 22, .box_h = 12, .ofs_x = 0, .ofs_y = 2},
    {.bitmap_index = 31759, .adv_w = 211, .box_w = 22, .box_h = 20, .ofs_x = 0, .ofs_y = -2},
    {.bitmap_index = 31979, .adv_w = 211, .box_w = 22, .box_h = 22, .ofs_x = 0, .ofs_y = -3},
    {.bitmap_index = 32221, .adv_w = 211, .box_w = 23, .box_h = 23, .ofs_x = -1, .ofs_y = -4},
    {.bitmap_index = 32486, .adv_w = 211, .box_w = 22, .box_h = 22, .ofs_x = 0, .ofs_y = -3},
    {.bitmap_index = 32728, .adv_w = 211, .box_w = 22, .box_h = 23, .ofs_x = 0, .ofs_y = -4},
    {.bitmap_index = 32981, .adv_w = 211, .box_w = 22, .box_h = 23, .ofs_x = 0, .ofs_y = -4},
    {.bitmap_index = 33234, .adv_w = 211, .box_w = 19, .box_h = 23, .ofs_x = 0, .ofs_y = -4},
    {.bitmap_index = 33453, .adv_w = 211, .box_w = 22, .box_h = 22, .ofs_x = 0, .ofs_y = -3},
    {.bitmap_index = 33695, .adv_w = 211, .box_w = 22, .box_h = 23, .ofs_x = 0, .ofs_y = -4},
    {.bitmap_index = 33948, .adv_w = 211, .box_w = 22, .box_h = 22, .ofs_x = 0, .ofs_y = -3},
    {.bitmap_index = 34190, .adv_w = 211, .box_w = 21, .box_h = 23, .ofs_x = 0, .ofs_y = -4},
    {.bitmap_index = 34432, .adv_w = 211, .box_w = 22, .box_h = 20, .ofs_x = 0, .ofs_y = -2},
    {.bitmap_index = 34652, .adv_w = 211, .box_w = 22, .box_h = 16, .ofs_x = 0, .ofs_y = 0},
    {.bitmap_index = 34828, .adv_w = 211, .box_w = 18, .box_h = 23, .ofs_x = 0, .ofs_y = -4},
    {.bitmap_index = 35035, .adv_w = 211, .box_w = 19, .box_h = 23, .ofs_x = 0, .ofs_y = -4},
    {.bitmap_index = 35254, .adv_w = 211, .box_w = 19, .box_h = 23, .ofs_x = 0, .ofs_y = -4},
    {.bitmap_index = 35473, .adv_w = 211, .box_w = 18, .box_h = 23, .ofs_x = 0, .ofs_y = -4},
    {.bitmap_index = 35680, .adv_w = 211, .box_w = 18, .box_h = 23, .ofs_x = 0, .ofs_y = -4},
    {.bitmap_index = 35887, .adv_w = 211, .box_w = 18, .box_h = 24, .ofs_x = 0, .ofs_y = -4},
    {.bitmap_index = 36103, .adv_w = 211, .box_w = 19, .box_h = 23, .ofs_x = 0, .ofs_y = -4},
    {.bitmap_index = 36322, .adv_w = 211, .box_w = 22, .box_h = 12, .ofs_x = 0, .ofs_y = 2},
    {.bitmap_index = 36454, .adv_w = 211, .box_w = 18, .box_h = 23, .ofs_x = 0, .ofs_y = -4},
    {.bitmap_index = 36661, .adv_w = 211, .box_w = 14, .box_h = 23, .ofs_x = 0, .ofs_y = -4},
    {.bitmap_index = 36822, .adv_w = 211, .box_w = 22, .box_h = 24, .ofs_x = 0, .ofs_y = -4},
    {.bitmap_index = 37086, .adv_w = 211, .box_w = 22, .box_h = 23, .ofs_x = 0, .ofs_y = -4},
    {.bitmap_index = 37339, .adv_w = 211, .box_w = 22, .box_h = 23, .ofs_x = 0, .ofs_y = -4},
    {.bitmap_index = 37592, .adv_w = 211, .box_w = 22, .box_h = 20, .ofs_x = 0, .ofs_y = -2},
    {.bitmap_index = 37812, .adv_w = 211, .box_w = 22, .box_h = 20, .ofs_x = 0, .ofs_y = -2},
    {.bitmap_index = 38032, .adv_w = 211, .box_w = 23, .box_h = 20, .ofs_x = 0, .ofs_y = -2},
    {.bitmap_index = 38262, .adv_w = 211, .box_w = 22, .box_h = 22, .ofs_x = 0, .ofs_y = -3},
    {.bitmap_index = 38504, .adv_w = 211, .box_w = 15, .box_h = 16, .ofs_x = 0, .ofs_y = 0},
    {.bitmap_index = 38624, .adv_w = 211, .box_w = 12, .box_h = 20, .ofs_x = 1, .ofs_y = -2},
    {.bitmap_index = 38744, .adv_w = 211, .box_w = 21, .box_h = 22, .ofs_x = 0, .ofs_y = -3},
    {.bitmap_index = 38975, .adv_w = 211, .box_w = 18, .box_h = 20, .ofs_x = 0, .ofs_y = -2},
    {.bitmap_index = 39155, .adv_w = 211, .box_w = 21, .box_h = 20, .ofs_x = 0, .ofs_y = -2},
    {.bitmap_index = 39365, .adv_w = 211, .box_w = 12, .box_h = 20, .ofs_x = 1, .ofs_y = -2},
    {.bitmap_index = 39485, .adv_w = 211, .box_w = 17, .box_h = 18, .ofs_x = 0, .ofs_y = -1},
    {.bitmap_index = 39638, .adv_w = 211, .box_w = 16, .box_h = 20, .ofs_x = 0, .ofs_y = -2},
    {.bitmap_index = 39798, .adv_w = 211, .box_w = 19, .box_h = 20, .ofs_x = 0, .ofs_y = -2},
    {.bitmap_index = 39988, .adv_w = 211, .box_w = 15, .box_h = 20, .ofs_x = 0, .ofs_y = -2},
    {.bitmap_index = 40138, .adv_w = 211, .box_w = 22, .box_h = 16, .ofs_x = 0, .ofs_y = 0},
    {.bitmap_index = 40314, .adv_w = 211, .box_w = 17, .box_h = 17, .ofs_x = 0, .ofs_y = -1},
    {.bitmap_index = 40459, .adv_w = 211, .box_w = 21, .box_h = 20, .ofs_x = 0, .ofs_y = -2},
    {.bitmap_index = 40669, .adv_w = 211, .box_w = 21, .box_h = 20, .ofs_x = -1, .ofs_y = -2},
    {.bitmap_index = 40879, .adv_w = 211, .box_w = 17, .box_h = 18, .ofs_x = 0, .ofs_y = -1},
    {.bitmap_index = 41032, .adv_w = 211, .box_w = 20, .box_h = 20, .ofs_x = 0, .ofs_y = -2},
    {.bitmap_index = 41232, .adv_w = 211, .box_w = 17, .box_h = 14, .ofs_x = 0, .ofs_y = 1},
    {.bitmap_index = 41351, .adv_w = 211, .box_w = 15, .box_h = 18, .ofs_x = 0, .ofs_y = -1},
    {.bitmap_index = 41486, .adv_w = 211, .box_w = 17, .box_h = 17, .ofs_x = 0, .ofs_y = -1},
    {.bitmap_index = 41631, .adv_w = 211, .box_w = 19, .box_h = 18, .ofs_x = -1, .ofs_y = -1},
    {.bitmap_index = 41802, .adv_w = 211, .box_w = 19, .box_h = 10, .ofs_x = 0, .ofs_y = 3},
    {.bitmap_index = 41897, .adv_w = 211, .box_w = 22, .box_h = 18, .ofs_x = 0, .ofs_y = -1},
    {.bitmap_index = 42095, .adv_w = 211, .box_w = 19, .box_h = 20, .ofs_x = 0, .ofs_y = -2},
    {.bitmap_index = 42285, .adv_w = 211, .box_w = 21, .box_h = 20, .ofs_x = 0, .ofs_y = -2},
    {.bitmap_index = 42495, .adv_w = 211, .box_w = 17, .box_h = 18, .ofs_x = 0, .ofs_y = -1},
    {.bitmap_index = 42648, .adv_w = 211, .box_w = 19, .box_h = 20, .ofs_x = 0, .ofs_y = -2},
    {.bitmap_index = 42838, .adv_w = 211, .box_w = 19, .box_h = 20, .ofs_x = 0, .ofs_y = -2},
    {.bitmap_index = 43028, .adv_w = 211, .box_w = 19, .box_h = 20, .ofs_x = 0, .ofs_y = -2},
    {.bitmap_index = 43218, .adv_w = 211, .box_w = 17, .box_h = 18, .ofs_x = 0, .ofs_y = -1},
    {.bitmap_index = 43371, .adv_w = 211, .box_w = 21, .box_h = 20, .ofs_x = 0, .ofs_y = -2},
    {.bitmap_index = 43581, .adv_w = 211, .box_w = 12, .box_h = 20, .ofs_x = 1, .ofs_y = -2},
    {.bitmap_index = 43701, .adv_w = 211, .box_w = 18, .box_h = 20, .ofs_x = 0, .ofs_y = -2}
};

/*---------------------
 *  CHARACTER MAPPING
 *--------------------*/

static const uint16_t unicode_list_0[] = {
    0x0, 0x2a, 0x3e5, 0x3eb, 0x41d, 0x46d, 0x4d6, 0x559,
    0x567, 0x56c, 0x6c4, 0x874, 0x8ed, 0xad1, 0xbc4, 0xbc5,
    0xbc6, 0xbc7, 0xbc8, 0xbc9, 0xd89, 0xd90, 0xdcb, 0xdd7,
    0xddb, 0xdec, 0xdf5, 0xe64, 0xecc, 0xecd, 0xedf, 0xee4,
    0xf3c, 0xf40, 0xf4b, 0xf56, 0xf6f, 0xfaf, 0xfc0, 0x1006,
    0x1057, 0x1094, 0x109f
};

static const uint16_t unicode_list_2[] = {
    0x0, 0x4e, 0x4f, 0x58, 0x82
};

static const uint16_t unicode_list_3[] = {
    0x0, 0x3e, 0xa3, 0x115, 0x189, 0x18a, 0x20e, 0x241,
    0x267, 0x28f, 0x2e7, 0x320, 0x33e, 0x39b, 0x39d, 0x432,
    0x4a6, 0x4f0, 0x543, 0x71f, 0x873, 0x8ed, 0x925, 0x9ad,
    0xa24, 0xa25, 0xdce, 0xdd1, 0xea5, 0x10c9, 0x1964, 0x1a95
};

/*Collect the unicode lists and glyph_id offsets*/
static const lv_font_fmt_txt_cmap_t cmaps[] =
{
    {
        .range_start = 57916, .range_length = 4256, .glyph_id_start = 1,
        .unicode_list = unicode_list_0, .glyph_id_ofs_list = NULL, .list_length = 43, .type = LV_FONT_FMT_TXT_CMAP_SPARSE_TINY
    },
    {
        .range_start = 62208, .range_length = 130, .glyph_id_start = 44,
        .unicode_list = NULL, .glyph_id_ofs_list = NULL, .list_length = 0, .type = LV_FONT_FMT_TXT_CMAP_FORMAT0_TINY
    },
    {
        .range_start = 62522, .range_length = 131, .glyph_id_start = 174,
        .unicode_list = unicode_list_2, .glyph_id_ofs_list = NULL, .list_length = 5, .type = LV_FONT_FMT_TXT_CMAP_SPARSE_TINY
    },
    {
        .range_start = 983099, .range_length = 6806, .glyph_id_start = 179,
        .unicode_list = unicode_list_3, .glyph_id_ofs_list = NULL, .list_length = 32, .type = LV_FONT_FMT_TXT_CMAP_SPARSE_TINY
    }
};



/*--------------------
 *  ALL CUSTOM DATA
 *--------------------*/

#if LVGL_VERSION_MAJOR == 8
/*Store all the custom data of the font*/
static  lv_font_fmt_txt_glyph_cache_t cache;
#endif

#if LVGL_VERSION_MAJOR >= 8
static const lv_font_fmt_txt_dsc_t font_dsc = {
#else
static lv_font_fmt_txt_dsc_t font_dsc = {
#endif
    .glyph_bitmap = glyph_bitmap,
    .glyph_dsc = glyph_dsc,
    .cmaps = cmaps,
    .kern_dsc = NULL,
    .kern_scale = 0,
    .cmap_num = 4,
    .bpp = 4,
    .kern_classes = 0,
    .bitmap_format = 0,
#if LVGL_VERSION_MAJOR == 8
    .cache = &cache
#endif
};



/*-----------------
 *  PUBLIC FONT
 *----------------*/

/*Initialize a public general font descriptor*/
#if LVGL_VERSION_MAJOR >= 8
const lv_font_t nf_22 = {
#else
lv_font_t nf_22 = {
#endif
    .get_glyph_dsc = lv_font_get_glyph_dsc_fmt_txt,    /*Function pointer to get glyph's data*/
    .get_glyph_bitmap = lv_font_get_bitmap_fmt_txt,    /*Function pointer to get glyph's bitmap*/
    .line_height = 26,          /*The maximum line height required by the font*/
    .base_line = 5,             /*Baseline measured from the bottom of the line*/
#if !(LVGL_VERSION_MAJOR == 6 && LVGL_VERSION_MINOR == 0)
    .subpx = LV_FONT_SUBPX_NONE,
#endif
#if LV_VERSION_CHECK(7, 4, 0) || LVGL_VERSION_MAJOR >= 8
    .underline_position = -3,
    .underline_thickness = 1,
#endif
    .dsc = &font_dsc,          /*The custom font data. Will be accessed by `get_glyph_bitmap/dsc` */
#if LV_VERSION_CHECK(8, 2, 0) || LVGL_VERSION_MAJOR >= 9
    .fallback = NULL,
#endif
    .user_data = NULL,
};



#endif /*#if NF_22*/

