/*******************************************************************************
 * Size: 22 px
 * Bpp: 4
 * Opts: --no-compress --format lvgl --bpp 4 --size 22 --font tools/.fontcache/IBMPlexSans-SemiBold.ttf -r 0x20-0x7E,0xA0-0xFF,0x2013-0x2014,0x2018-0x201D,0x2022,0x2026,0x2212,0x2190-0x2193 --lv-include lvgl.h -o main/fonts/plex_semi_22.c --lv-font-name plex_semi_22
 ******************************************************************************/

#ifdef LV_LVGL_H_INCLUDE_SIMPLE
#include "lvgl.h"
#else
#include "lvgl.h"
#endif

#ifndef PLEX_SEMI_22
#define PLEX_SEMI_22 1
#endif

#if PLEX_SEMI_22

/*-----------------
 *    BITMAPS
 *----------------*/

/*Store the image of the glyphs*/
static LV_ATTRIBUTE_LARGE_CONST const uint8_t glyph_bitmap[] = {
    /* U+0020 " " */

    /* U+0021 "!" */
    0x1f, 0xfe, 0x1, 0xff, 0xe0, 0x1f, 0xfe, 0x1,
    0xff, 0xe0, 0x1f, 0xfe, 0x0, 0xff, 0xc0, 0xc,
    0xfa, 0x0, 0xaf, 0x80, 0x8, 0xf5, 0x0, 0x6f,
    0x30, 0x3, 0xf1, 0x0, 0x0, 0x0, 0x6, 0x95,
    0x4, 0xff, 0xf1, 0x5f, 0xff, 0x21, 0xcf, 0xa0,

    /* U+0022 "\"" */
    0x6f, 0xf1, 0xc, 0xfc, 0x6f, 0xf1, 0xc, 0xfc,
    0x6f, 0xf1, 0xc, 0xfc, 0x6f, 0xf1, 0xc, 0xfc,
    0x6f, 0xf1, 0xc, 0xfc, 0x6f, 0xf1, 0xc, 0xfc,
    0x6f, 0xf1, 0xc, 0xfc, 0x0, 0x0, 0x0, 0x0,

    /* U+0023 "#" */
    0x0, 0x0, 0x2f, 0xb0, 0x0, 0xcf, 0x0, 0x0,
    0x0, 0x5f, 0x80, 0x0, 0xfe, 0x0, 0x0, 0x0,
    0x8f, 0x50, 0x2, 0xfb, 0x0, 0x0, 0x0, 0xaf,
    0x20, 0x5, 0xf8, 0x0, 0x7, 0xff, 0xff, 0xff,
    0xff, 0xff, 0xfd, 0x6, 0xdd, 0xff, 0xdd, 0xdf,
    0xfd, 0xdb, 0x0, 0x2, 0xfb, 0x0, 0xd, 0xf0,
    0x0, 0x0, 0x5, 0xf8, 0x0, 0xf, 0xd0, 0x0,
    0x0, 0x7, 0xf6, 0x0, 0x2f, 0xb0, 0x0, 0x0,
    0xa, 0xf3, 0x0, 0x4f, 0x90, 0x0, 0x6f, 0xff,
    0xff, 0xff, 0xff, 0xff, 0xe0, 0x5d, 0xdf, 0xfd,
    0xdd, 0xff, 0xdd, 0xc0, 0x0, 0x2f, 0xb0, 0x0,
    0xcf, 0x10, 0x0, 0x0, 0x4f, 0x90, 0x0, 0xee,
    0x0, 0x0, 0x0, 0x7f, 0x60, 0x1, 0xfb, 0x0,
    0x0, 0x0, 0xaf, 0x30, 0x4, 0xf9, 0x0, 0x0,

    /* U+0024 "$" */
    0x0, 0x0, 0x2, 0x64, 0x0, 0x0, 0x0, 0x0,
    0x0, 0x6f, 0xd0, 0x0, 0x0, 0x0, 0x0, 0x18,
    0xfe, 0x30, 0x0, 0x0, 0x1, 0xbf, 0xff, 0xff,
    0xe7, 0x0, 0x1, 0xef, 0xff, 0xff, 0xff, 0xf9,
    0x0, 0x7f, 0xf8, 0x3f, 0x93, 0xce, 0x40, 0xb,
    0xff, 0x2, 0xf9, 0x0, 0x20, 0x0, 0xaf, 0xf2,
    0x2f, 0x90, 0x0, 0x0, 0x6, 0xff, 0xe9, 0xf9,
    0x0, 0x0, 0x0, 0xb, 0xff, 0xff, 0xfa, 0x40,
    0x0, 0x0, 0x6, 0xdf, 0xff, 0xff, 0xc1, 0x0,
    0x0, 0x0, 0x3f, 0xde, 0xff, 0xb0, 0x0, 0x0,
    0x2, 0xf9, 0x1d, 0xff, 0x10, 0x0, 0x0, 0x2f,
    0x90, 0x8f, 0xf2, 0x2, 0xd4, 0x2, 0xf9, 0xb,
    0xff, 0x0, 0xdf, 0xfa, 0x7f, 0xba, 0xff, 0xa0,
    0x3, 0xef, 0xff, 0xff, 0xff, 0xd1, 0x0, 0x1,
    0x7c, 0xff, 0xfc, 0x70, 0x0, 0x0, 0x0, 0x6,
    0xfd, 0x0, 0x0, 0x0, 0x0, 0x0, 0x6f, 0xd0,
    0x0, 0x0,

    /* U+0025 "%" */
    0x3, 0xbf, 0xfc, 0x30, 0x0, 0x0, 0xb, 0xfc,
    0x0, 0x2, 0xff, 0xdd, 0xff, 0x20, 0x0, 0x6,
    0xff, 0x20, 0x0, 0x8f, 0xe0, 0xd, 0xf9, 0x0,
    0x1, 0xff, 0x70, 0x0, 0xc, 0xfa, 0x0, 0xaf,
    0xc0, 0x0, 0xbf, 0xc0, 0x0, 0x0, 0xcf, 0xa0,
    0xa, 0xfc, 0x0, 0x6f, 0xf2, 0x0, 0x0, 0xb,
    0xfb, 0x0, 0xaf, 0xb0, 0x1f, 0xf7, 0x0, 0x0,
    0x0, 0x7f, 0xf2, 0x2e, 0xf7, 0xb, 0xfd, 0x0,
    0x0, 0x0, 0x0, 0xdf, 0xff, 0xfd, 0x6, 0xff,
    0x32, 0xbf, 0xfc, 0x40, 0x0, 0x7a, 0xa7, 0x1,
    0xff, 0x80, 0xef, 0xed, 0xff, 0x30, 0x0, 0x0,
    0x0, 0xbf, 0xd0, 0x6f, 0xf0, 0xc, 0xfa, 0x0,
    0x0, 0x0, 0x6f, 0xf3, 0xa, 0xfc, 0x0, 0x9f,
    0xd0, 0x0, 0x0, 0x1f, 0xf8, 0x0, 0xbf, 0xb0,
    0x8, 0xfe, 0x0, 0x0, 0xb, 0xfd, 0x0, 0xa,
    0xfc, 0x0, 0x9f, 0xd0, 0x0, 0x6, 0xff, 0x30,
    0x0, 0x6f, 0xf0, 0xc, 0xfa, 0x0, 0x1, 0xff,
    0x80, 0x0, 0x1, 0xef, 0xed, 0xff, 0x30, 0x0,
    0xbf, 0xd0, 0x0, 0x0, 0x2, 0xbf, 0xfc, 0x40,

    /* U+0026 "&" */
    0x0, 0x5, 0xcf, 0xec, 0x50, 0x0, 0x0, 0x0,
    0x9, 0xff, 0xff, 0xff, 0x80, 0x0, 0x0, 0x2,
    0xff, 0xd4, 0x5e, 0xff, 0x10, 0x0, 0x0, 0x5f,
    0xf5, 0x0, 0x7f, 0xf2, 0x0, 0x0, 0x3, 0xff,
    0x80, 0xb, 0xff, 0x0, 0x0, 0x0, 0xc, 0xff,
    0x5a, 0xff, 0x60, 0x0, 0x0, 0x0, 0x2f, 0xff,
    0xff, 0x60, 0x0, 0x0, 0x0, 0x5, 0xff, 0xff,
    0x50, 0xa, 0xff, 0xe0, 0x8, 0xff, 0xdf, 0xfe,
    0x20, 0xcf, 0xfe, 0x3, 0xff, 0xb0, 0x7f, 0xfd,
    0x2f, 0xf9, 0x50, 0x9f, 0xf3, 0x0, 0x9f, 0xfe,
    0xff, 0x20, 0xb, 0xff, 0x20, 0x0, 0xbf, 0xff,
    0xc0, 0x0, 0xaf, 0xf7, 0x0, 0x1, 0xff, 0xfa,
    0x0, 0x5, 0xff, 0xfa, 0x78, 0xdf, 0xff, 0xf6,
    0x0, 0xa, 0xff, 0xff, 0xff, 0xfc, 0xff, 0xf4,
    0x0, 0x5, 0xcf, 0xff, 0xd6, 0x6, 0xff, 0xe2,

    /* U+0027 "'" */
    0x6f, 0xf1, 0x6f, 0xf1, 0x6f, 0xf1, 0x6f, 0xf1,
    0x6f, 0xf1, 0x6f, 0xf1, 0x6f, 0xf1, 0x0, 0x0,

    /* U+0028 "(" */
    0x0, 0x8, 0xff, 0x30, 0x5, 0xff, 0x50, 0x0,
    0xef, 0xa0, 0x0, 0x7f, 0xf2, 0x0, 0xe, 0xfa,
    0x0, 0x3, 0xff, 0x50, 0x0, 0x7f, 0xf1, 0x0,
    0xb, 0xfd, 0x0, 0x0, 0xdf, 0xc0, 0x0, 0xe,
    0xfb, 0x0, 0x0, 0xef, 0xb0, 0x0, 0xd, 0xfc,
    0x0, 0x0, 0xbf, 0xd0, 0x0, 0x8, 0xff, 0x0,
    0x0, 0x3f, 0xf4, 0x0, 0x0, 0xef, 0x90, 0x0,
    0x8, 0xff, 0x10, 0x0, 0x1f, 0xf9, 0x0, 0x0,
    0x7f, 0xf3, 0x0, 0x0, 0xaf, 0xe2, 0x0, 0x0,
    0x22, 0x10,

    /* U+0029 ")" */
    0xc, 0xfd, 0x10, 0x0, 0x1, 0xdf, 0xb0, 0x0,
    0x0, 0x4f, 0xf5, 0x0, 0x0, 0xb, 0xfd, 0x0,
    0x0, 0x4, 0xff, 0x40, 0x0, 0x0, 0xef, 0x90,
    0x0, 0x0, 0xaf, 0xe0, 0x0, 0x0, 0x7f, 0xf1,
    0x0, 0x0, 0x5f, 0xf3, 0x0, 0x0, 0x5f, 0xf4,
    0x0, 0x0, 0x5f, 0xf4, 0x0, 0x0, 0x5f, 0xf3,
    0x0, 0x0, 0x6f, 0xf1, 0x0, 0x0, 0x9f, 0xe0,
    0x0, 0x0, 0xef, 0xa0, 0x0, 0x3, 0xff, 0x50,
    0x0, 0x9, 0xfe, 0x0, 0x0, 0x2f, 0xf7, 0x0,
    0x0, 0xcf, 0xd0, 0x0, 0xa, 0xfe, 0x20, 0x0,
    0x2, 0x21, 0x0, 0x0,

    /* U+002A "*" */
    0x0, 0x0, 0x1f, 0xf5, 0x0, 0x0, 0x0, 0x0,
    0xf, 0xf4, 0x0, 0x0, 0x4, 0x10, 0xf, 0xf3,
    0x0, 0x50, 0xd, 0xfa, 0x4f, 0xf5, 0x9f, 0xf1,
    0x2f, 0xff, 0xff, 0xff, 0xff, 0xf5, 0x0, 0x49,
    0xef, 0xff, 0xa5, 0x0, 0x0, 0x1, 0xef, 0xff,
    0x40, 0x0, 0x0, 0xc, 0xfc, 0x9f, 0xe2, 0x0,
    0x0, 0xaf, 0xf3, 0xe, 0xfd, 0x0, 0x0, 0x7f,
    0x80, 0x4, 0xf9, 0x0, 0x0, 0x2, 0x0, 0x0,
    0x20, 0x0,

    /* U+002B "+" */
    0x0, 0x0, 0x9e, 0xc0, 0x0, 0x0, 0x0, 0xa,
    0xfd, 0x0, 0x0, 0x0, 0x0, 0xaf, 0xd0, 0x0,
    0x0, 0x0, 0xa, 0xfd, 0x0, 0x0, 0x25, 0x55,
    0xbf, 0xe5, 0x55, 0x38, 0xff, 0xff, 0xff, 0xff,
    0xfb, 0x8f, 0xff, 0xff, 0xff, 0xff, 0xb0, 0x0,
    0xa, 0xfd, 0x0, 0x0, 0x0, 0x0, 0xaf, 0xd0,
    0x0, 0x0, 0x0, 0xa, 0xfd, 0x0, 0x0, 0x0,
    0x0, 0xaf, 0xd0, 0x0, 0x0,

    /* U+002C "," */
    0x0, 0x7a, 0x40, 0x6, 0xff, 0xe0, 0x7, 0xff,
    0xf0, 0x2, 0xdf, 0xd0, 0x0, 0x7f, 0x80, 0x1,
    0xef, 0x10, 0xb, 0xf4, 0x0,

    /* U+002D "-" */
    0x9d, 0xdd, 0xdd, 0x7b, 0xff, 0xff, 0xf9, 0xbf,
    0xff, 0xff, 0x90,

    /* U+002E "." */
    0x8, 0xa4, 0x6, 0xff, 0xe0, 0x7f, 0xff, 0x1,
    0xdf, 0x80,

    /* U+002F "/" */
    0x0, 0x0, 0x0, 0xbf, 0x90, 0x0, 0x0, 0x1f,
    0xf4, 0x0, 0x0, 0x5, 0xff, 0x0, 0x0, 0x0,
    0xaf, 0xa0, 0x0, 0x0, 0xf, 0xf5, 0x0, 0x0,
    0x5, 0xff, 0x10, 0x0, 0x0, 0xaf, 0xb0, 0x0,
    0x0, 0xe, 0xf6, 0x0, 0x0, 0x4, 0xff, 0x10,
    0x0, 0x0, 0x9f, 0xc0, 0x0, 0x0, 0xe, 0xf7,
    0x0, 0x0, 0x3, 0xff, 0x20, 0x0, 0x0, 0x8f,
    0xd0, 0x0, 0x0, 0xd, 0xf8, 0x0, 0x0, 0x2,
    0xff, 0x30, 0x0, 0x0, 0x7f, 0xe0, 0x0, 0x0,
    0xc, 0xf9, 0x0, 0x0, 0x1, 0xff, 0x40, 0x0,
    0x0, 0x6f, 0xe0, 0x0, 0x0, 0xb, 0xfa, 0x0,
    0x0, 0x0,

    /* U+0030 "0" */
    0x0, 0x2, 0x9e, 0xfe, 0xa3, 0x0, 0x0, 0x3,
    0xff, 0xff, 0xff, 0xf6, 0x0, 0x0, 0xef, 0xfb,
    0x8a, 0xff, 0xf2, 0x0, 0x6f, 0xfa, 0x0, 0x7,
    0xff, 0x90, 0xb, 0xff, 0x30, 0x0, 0x1f, 0xfe,
    0x0, 0xef, 0xf0, 0x0, 0x0, 0xdf, 0xf1, 0xf,
    0xff, 0x0, 0x0, 0xc, 0xff, 0x31, 0xff, 0xf0,
    0x0, 0x0, 0xcf, 0xf4, 0x1f, 0xff, 0x0, 0x0,
    0xc, 0xff, 0x40, 0xff, 0xf0, 0x0, 0x0, 0xcf,
    0xf3, 0xe, 0xff, 0x0, 0x0, 0xd, 0xff, 0x10,
    0xbf, 0xf3, 0x0, 0x1, 0xff, 0xe0, 0x6, 0xff,
    0xa0, 0x0, 0x7f, 0xf9, 0x0, 0xe, 0xff, 0xb8,
    0xaf, 0xff, 0x20, 0x0, 0x3f, 0xff, 0xff, 0xff,
    0x60, 0x0, 0x0, 0x29, 0xef, 0xeb, 0x30, 0x0,

    /* U+0031 "1" */
    0x0, 0x0, 0xbf, 0xff, 0xf1, 0x0, 0x0, 0x0,
    0x8f, 0xff, 0xff, 0x10, 0x0, 0x0, 0x5f, 0xfb,
    0xdf, 0xf1, 0x0, 0x0, 0x3f, 0xfd, 0x1c, 0xff,
    0x10, 0x0, 0xd, 0xff, 0x20, 0xcf, 0xf1, 0x0,
    0x0, 0x4f, 0x50, 0xc, 0xff, 0x10, 0x0, 0x0,
    0x10, 0x0, 0xcf, 0xf1, 0x0, 0x0, 0x0, 0x0,
    0xc, 0xff, 0x10, 0x0, 0x0, 0x0, 0x0, 0xcf,
    0xf1, 0x0, 0x0, 0x0, 0x0, 0xc, 0xff, 0x10,
    0x0, 0x0, 0x0, 0x0, 0xcf, 0xf1, 0x0, 0x0,
    0x0, 0x0, 0xc, 0xff, 0x10, 0x0, 0x0, 0x0,
    0x0, 0xcf, 0xf1, 0x0, 0x0, 0x6, 0x66, 0x6d,
    0xff, 0x76, 0x63, 0x0, 0xff, 0xff, 0xff, 0xff,
    0xff, 0x90, 0xf, 0xff, 0xff, 0xff, 0xff, 0xf9,

    /* U+0032 "2" */
    0x0, 0x2a, 0xef, 0xea, 0x30, 0x0, 0x6, 0xff,
    0xff, 0xff, 0xf6, 0x0, 0x3f, 0xff, 0xb9, 0xdf,
    0xff, 0x10, 0xbf, 0xf5, 0x0, 0xc, 0xff, 0x70,
    0x17, 0xa0, 0x0, 0x7, 0xff, 0x90, 0x0, 0x0,
    0x0, 0x8, 0xff, 0x80, 0x0, 0x0, 0x0, 0xd,
    0xff, 0x40, 0x0, 0x0, 0x0, 0x7f, 0xfc, 0x0,
    0x0, 0x0, 0x6, 0xff, 0xe2, 0x0, 0x0, 0x0,
    0x7f, 0xfe, 0x30, 0x0, 0x0, 0x9, 0xff, 0xe2,
    0x0, 0x0, 0x0, 0xaf, 0xfc, 0x10, 0x0, 0x0,
    0xb, 0xff, 0xa0, 0x0, 0x0, 0x0, 0x9f, 0xfe,
    0x88, 0x88, 0x88, 0x80, 0xaf, 0xff, 0xff, 0xff,
    0xff, 0xf0, 0xaf, 0xff, 0xff, 0xff, 0xff, 0xf0,

    /* U+0033 "3" */
    0x0, 0x6, 0xce, 0xfe, 0xa2, 0x0, 0x1, 0xcf,
    0xff, 0xff, 0xff, 0x50, 0xa, 0xff, 0xd8, 0x7d,
    0xff, 0xf1, 0x1, 0xd9, 0x0, 0x0, 0xef, 0xf4,
    0x0, 0x0, 0x0, 0x0, 0xbf, 0xf4, 0x0, 0x0,
    0x0, 0x0, 0xef, 0xf1, 0x0, 0x0, 0x57, 0x8e,
    0xff, 0x60, 0x0, 0x0, 0xcf, 0xff, 0xc3, 0x0,
    0x0, 0x0, 0xcf, 0xff, 0xfe, 0x30, 0x0, 0x0,
    0x0, 0x15, 0xff, 0xf1, 0x0, 0x0, 0x0, 0x0,
    0x8f, 0xf8, 0x0, 0x40, 0x0, 0x0, 0x6f, 0xf9,
    0xa, 0xf6, 0x0, 0x0, 0xbf, 0xf7, 0x2f, 0xff,
    0xb7, 0x7c, 0xff, 0xf2, 0x5, 0xff, 0xff, 0xff,
    0xff, 0x50, 0x0, 0x28, 0xdf, 0xfd, 0x92, 0x0,

    /* U+0034 "4" */
    0x0, 0x0, 0x0, 0x7f, 0xff, 0x60, 0x0, 0x0,
    0x0, 0x1f, 0xff, 0xf6, 0x0, 0x0, 0x0, 0xa,
    0xff, 0xff, 0x60, 0x0, 0x0, 0x3, 0xff, 0x8f,
    0xf6, 0x0, 0x0, 0x0, 0xcf, 0x95, 0xff, 0x60,
    0x0, 0x0, 0x6f, 0xf1, 0x5f, 0xf6, 0x0, 0x0,
    0x1e, 0xf7, 0x5, 0xff, 0x60, 0x0, 0x9, 0xfd,
    0x0, 0x5f, 0xf6, 0x0, 0x2, 0xff, 0x50, 0x5,
    0xff, 0x60, 0x0, 0xbf, 0xc0, 0x0, 0x5f, 0xf6,
    0x0, 0x3f, 0xf7, 0x44, 0x48, 0xff, 0x94, 0x14,
    0xff, 0xff, 0xff, 0xff, 0xff, 0xf6, 0x4f, 0xff,
    0xff, 0xff, 0xff, 0xff, 0x60, 0x0, 0x0, 0x0,
    0x5f, 0xf6, 0x0, 0x0, 0x0, 0x0, 0x5, 0xff,
    0x60, 0x0, 0x0, 0x0, 0x0, 0x5f, 0xf6, 0x0,

    /* U+0035 "5" */
    0xc, 0xff, 0xff, 0xff, 0xff, 0x50, 0xd, 0xff,
    0xff, 0xff, 0xff, 0x50, 0xe, 0xfb, 0x99, 0x99,
    0x99, 0x20, 0xf, 0xf5, 0x0, 0x0, 0x0, 0x0,
    0xf, 0xf4, 0x0, 0x0, 0x0, 0x0, 0x1f, 0xf3,
    0x4, 0x65, 0x0, 0x0, 0x2f, 0xf3, 0xcf, 0xff,
    0xe5, 0x0, 0x3f, 0xfa, 0xff, 0xff, 0xff, 0x40,
    0x3f, 0xfc, 0x30, 0x2c, 0xff, 0xc0, 0x0, 0x10,
    0x0, 0x1, 0xff, 0xf1, 0x0, 0x0, 0x0, 0x0,
    0xef, 0xf2, 0x1, 0x40, 0x0, 0x0, 0xff, 0xf1,
    0x3d, 0xe2, 0x0, 0x5, 0xff, 0xd0, 0x7f, 0xff,
    0x97, 0x9f, 0xff, 0x60, 0x9, 0xff, 0xff, 0xff,
    0xf9, 0x0, 0x0, 0x4b, 0xef, 0xeb, 0x40, 0x0,

    /* U+0036 "6" */
    0x0, 0x0, 0x3d, 0xff, 0xb1, 0x0, 0x0, 0x3,
    0xff, 0xf8, 0x0, 0x0, 0x0, 0x2f, 0xff, 0x70,
    0x0, 0x0, 0x0, 0xdf, 0xf7, 0x0, 0x0, 0x0,
    0x7, 0xff, 0xa0, 0x0, 0x0, 0x0, 0xf, 0xff,
    0x11, 0x33, 0x0, 0x0, 0x5f, 0xf9, 0x8f, 0xff,
    0xe5, 0x0, 0xaf, 0xfa, 0xff, 0xff, 0xff, 0x40,
    0xdf, 0xfd, 0x40, 0x2b, 0xff, 0xd0, 0xef, 0xf4,
    0x0, 0x0, 0xef, 0xf1, 0xef, 0xf1, 0x0, 0x0,
    0xcf, 0xf3, 0xcf, 0xf2, 0x0, 0x0, 0xdf, 0xf2,
    0x7f, 0xf7, 0x0, 0x2, 0xff, 0xe0, 0x1e, 0xff,
    0x95, 0x7e, 0xff, 0x60, 0x4, 0xff, 0xff, 0xff,
    0xf9, 0x0, 0x0, 0x29, 0xef, 0xeb, 0x50, 0x0,

    /* U+0037 "7" */
    0xbf, 0xff, 0xff, 0xff, 0xff, 0xfb, 0xff, 0xff,
    0xff, 0xff, 0xff, 0xbf, 0xd6, 0x66, 0x67, 0xff,
    0xeb, 0xfc, 0x0, 0x0, 0x5f, 0xf9, 0xbf, 0xc0,
    0x0, 0xc, 0xff, 0x33, 0x54, 0x0, 0x2, 0xff,
    0xc0, 0x0, 0x0, 0x0, 0x8f, 0xf6, 0x0, 0x0,
    0x0, 0xe, 0xff, 0x10, 0x0, 0x0, 0x5, 0xff,
    0xa0, 0x0, 0x0, 0x0, 0xbf, 0xf4, 0x0, 0x0,
    0x0, 0x2f, 0xfd, 0x0, 0x0, 0x0, 0x8, 0xff,
    0x70, 0x0, 0x0, 0x0, 0xef, 0xf1, 0x0, 0x0,
    0x0, 0x4f, 0xfb, 0x0, 0x0, 0x0, 0xb, 0xff,
    0x50, 0x0, 0x0, 0x1, 0xff, 0xe0, 0x0, 0x0,

    /* U+0038 "8" */
    0x0, 0x4, 0xbe, 0xfe, 0xb6, 0x0, 0x0, 0x8,
    0xff, 0xff, 0xff, 0xfb, 0x0, 0x3, 0xff, 0xf8,
    0x57, 0xef, 0xf6, 0x0, 0x7f, 0xf6, 0x0, 0x3,
    0xff, 0xa0, 0x7, 0xff, 0x30, 0x0, 0xf, 0xfb,
    0x0, 0x4f, 0xf5, 0x0, 0x2, 0xff, 0x70, 0x0,
    0xaf, 0xe6, 0x35, 0xdf, 0xc0, 0x0, 0x0, 0x6f,
    0xff, 0xff, 0x90, 0x0, 0x0, 0x6e, 0xff, 0xff,
    0xff, 0x80, 0x0, 0x6f, 0xfc, 0x20, 0x29, 0xff,
    0x90, 0xd, 0xff, 0x20, 0x0, 0xe, 0xff, 0x0,
    0xff, 0xf0, 0x0, 0x0, 0xdf, 0xf2, 0xe, 0xff,
    0x40, 0x0, 0x1f, 0xff, 0x10, 0x8f, 0xfe, 0x75,
    0x7d, 0xff, 0xb0, 0x0, 0xbf, 0xff, 0xff, 0xff,
    0xd1, 0x0, 0x0, 0x5b, 0xef, 0xfc, 0x70, 0x0,

    /* U+0039 "9" */
    0x0, 0x3, 0xae, 0xfe, 0xa3, 0x0, 0x0, 0x6,
    0xff, 0xff, 0xff, 0xf6, 0x0, 0x3, 0xff, 0xf8,
    0x68, 0xff, 0xf3, 0x0, 0xbf, 0xf5, 0x0, 0x4,
    0xff, 0xa0, 0xf, 0xff, 0x0, 0x0, 0xf, 0xff,
    0x0, 0xff, 0xf0, 0x0, 0x0, 0xef, 0xf1, 0xe,
    0xff, 0x20, 0x0, 0x1f, 0xff, 0x10, 0x9f, 0xfc,
    0x30, 0x2c, 0xff, 0xf0, 0x1, 0xff, 0xff, 0xff,
    0xbf, 0xfd, 0x0, 0x3, 0xdf, 0xff, 0xa7, 0xff,
    0x80, 0x0, 0x0, 0x24, 0x10, 0xdf, 0xf2, 0x0,
    0x0, 0x0, 0x0, 0x7f, 0xfa, 0x0, 0x0, 0x0,
    0x0, 0x4f, 0xff, 0x10, 0x0, 0x0, 0x0, 0x4f,
    0xff, 0x50, 0x0, 0x0, 0x0, 0x6f, 0xff, 0x60,
    0x0, 0x0, 0x0, 0x9f, 0xff, 0x50, 0x0, 0x0,

    /* U+003A ":" */
    0xb, 0xfb, 0x3, 0xff, 0xf3, 0x2f, 0xff, 0x20,
    0x6a, 0x60, 0x0, 0x0, 0x0, 0x0, 0x0, 0x0,
    0x0, 0x0, 0x0, 0x0, 0x6, 0xa6, 0x2, 0xff,
    0xf2, 0x3f, 0xff, 0x30, 0xbf, 0xb0,

    /* U+003B ";" */
    0xb, 0xfb, 0x3, 0xff, 0xf3, 0x2f, 0xff, 0x20,
    0x6a, 0x60, 0x0, 0x0, 0x0, 0x0, 0x0, 0x0,
    0x0, 0x0, 0x0, 0x0, 0x6, 0xa6, 0x2, 0xff,
    0xf2, 0x3f, 0xff, 0x30, 0xcf, 0xf1, 0x3, 0xfc,
    0x0, 0xbf, 0x40, 0x8f, 0x70, 0x0,

    /* U+003C "<" */
    0x0, 0x0, 0x0, 0x0, 0x10, 0x0, 0x0, 0x0,
    0x5, 0xe0, 0x0, 0x0, 0x1, 0xbf, 0xf0, 0x0,
    0x0, 0x6f, 0xff, 0xd0, 0x0, 0x2b, 0xff, 0xf8,
    0x0, 0x7, 0xff, 0xfc, 0x20, 0x0, 0xbf, 0xff,
    0x60, 0x0, 0x0, 0xdf, 0xf5, 0x0, 0x0, 0x0,
    0x8f, 0xff, 0xa1, 0x0, 0x0, 0x3, 0xdf, 0xfe,
    0x60, 0x0, 0x0, 0x8, 0xff, 0xfc, 0x20, 0x0,
    0x0, 0x2c, 0xff, 0xf0, 0x0, 0x0, 0x0, 0x7f,
    0xf0, 0x0, 0x0, 0x0, 0x2, 0xc0, 0x0, 0x0,
    0x0, 0x0, 0x0,

    /* U+003D "=" */
    0x25, 0x55, 0x55, 0x55, 0x55, 0x38, 0xff, 0xff,
    0xff, 0xff, 0xfb, 0x8f, 0xff, 0xff, 0xff, 0xff,
    0xb0, 0x0, 0x0, 0x0, 0x0, 0x0, 0x0, 0x0,
    0x0, 0x0, 0x0, 0x2, 0x55, 0x55, 0x55, 0x55,
    0x53, 0x8f, 0xff, 0xff, 0xff, 0xff, 0xb8, 0xff,
    0xff, 0xff, 0xff, 0xfb,

    /* U+003E ">" */
    0x10, 0x0, 0x0, 0x0, 0x0, 0xc7, 0x0, 0x0,
    0x0, 0x0, 0xdf, 0xc2, 0x0, 0x0, 0x0, 0xbf,
    0xff, 0x80, 0x0, 0x0, 0x6, 0xff, 0xfd, 0x30,
    0x0, 0x0, 0x1a, 0xff, 0xf9, 0x0, 0x0, 0x0,
    0x4d, 0xff, 0xd0, 0x0, 0x0, 0x3, 0xff, 0xf0,
    0x0, 0x0, 0x8f, 0xff, 0xa0, 0x0, 0x4d, 0xff,
    0xe4, 0x0, 0x1a, 0xff, 0xf9, 0x10, 0x0, 0xcf,
    0xfe, 0x40, 0x0, 0x0, 0xdf, 0x90, 0x0, 0x0,
    0x0, 0xa3, 0x0, 0x0, 0x0, 0x0, 0x0, 0x0,
    0x0, 0x0, 0x0,

    /* U+003F "?" */
    0x0, 0x3b, 0xef, 0xd9, 0x10, 0x0, 0x7f, 0xff,
    0xff, 0xfe, 0x20, 0x2f, 0xff, 0x98, 0xdf, 0xfc,
    0x5, 0xef, 0x30, 0x1, 0xff, 0xf1, 0x0, 0x40,
    0x0, 0xd, 0xff, 0x20, 0x0, 0x0, 0x0, 0xff,
    0xf0, 0x0, 0x0, 0x14, 0xcf, 0xf8, 0x0, 0x0,
    0x6f, 0xff, 0xfb, 0x0, 0x0, 0x6, 0xff, 0xb4,
    0x0, 0x0, 0x0, 0x6f, 0xf4, 0x0, 0x0, 0x0,
    0x3, 0x88, 0x20, 0x0, 0x0, 0x0, 0x0, 0x0,
    0x0, 0x0, 0x0, 0x1, 0x98, 0x10, 0x0, 0x0,
    0x0, 0xaf, 0xfa, 0x0, 0x0, 0x0, 0xc, 0xff,
    0xb0, 0x0, 0x0, 0x0, 0x5e, 0xe5, 0x0, 0x0,

    /* U+0040 "@" */
    0x0, 0x0, 0x4, 0x9d, 0xff, 0xeb, 0x60, 0x0,
    0x0, 0x0, 0x2, 0xcf, 0xff, 0xdd, 0xef, 0xfe,
    0x40, 0x0, 0x0, 0x3f, 0xfb, 0x40, 0x0, 0x2,
    0x9f, 0xf6, 0x0, 0x1, 0xef, 0x60, 0x0, 0x0,
    0x0, 0x3, 0xff, 0x30, 0x9, 0xf8, 0x0, 0x7e,
    0xf9, 0x6f, 0xc0, 0x5f, 0xb0, 0x1f, 0xe0, 0x7,
    0xff, 0xef, 0xcf, 0xc0, 0xd, 0xf1, 0x5f, 0x80,
    0xf, 0xf8, 0x0, 0xbf, 0xc0, 0x8, 0xf5, 0x8f,
    0x50, 0x3f, 0xf1, 0x0, 0x6f, 0xc0, 0x6, 0xf6,
    0x9f, 0x40, 0x5f, 0xf0, 0x0, 0x6f, 0xc0, 0x6,
    0xf7, 0x9f, 0x40, 0x4f, 0xf0, 0x0, 0x6f, 0xc0,
    0x7, 0xf6, 0x8f, 0x50, 0x3f, 0xf1, 0x0, 0x7f,
    0xc0, 0xa, 0xf3, 0x5f, 0x80, 0xe, 0xfa, 0x12,
    0xcf, 0xe1, 0x4f, 0xd0, 0x1f, 0xd0, 0x5, 0xff,
    0xff, 0x6d, 0xff, 0xff, 0x40, 0xa, 0xf6, 0x0,
    0x4b, 0xb6, 0x2, 0xac, 0xa3, 0x0, 0x2, 0xff,
    0x50, 0x0, 0x0, 0x0, 0x0, 0x0, 0x0, 0x0,
    0x5f, 0xfa, 0x30, 0x0, 0x0, 0x0, 0x0, 0x0,
    0x0, 0x3, 0xdf, 0xff, 0xdc, 0xcc, 0xca, 0x0,
    0x0, 0x0, 0x0, 0x5, 0xad, 0xff, 0xff, 0xfd,
    0x0, 0x0,

    /* U+0041 "A" */
    0x0, 0x0, 0x8, 0xff, 0xf6, 0x0, 0x0, 0x0,
    0x0, 0x0, 0xdf, 0xff, 0xb0, 0x0, 0x0, 0x0,
    0x0, 0x3f, 0xff, 0xff, 0x0, 0x0, 0x0, 0x0,
    0x8, 0xff, 0x9f, 0xf5, 0x0, 0x0, 0x0, 0x0,
    0xdf, 0xd2, 0xff, 0xa0, 0x0, 0x0, 0x0, 0x2f,
    0xf8, 0xd, 0xff, 0x0, 0x0, 0x0, 0x7, 0xff,
    0x30, 0x8f, 0xf4, 0x0, 0x0, 0x0, 0xcf, 0xe0,
    0x3, 0xff, 0x90, 0x0, 0x0, 0x1f, 0xf9, 0x0,
    0xe, 0xfe, 0x0, 0x0, 0x7, 0xff, 0xb8, 0x88,
    0xdf, 0xf4, 0x0, 0x0, 0xcf, 0xff, 0xff, 0xff,
    0xff, 0x90, 0x0, 0x1f, 0xff, 0xff, 0xff, 0xff,
    0xfe, 0x0, 0x6, 0xff, 0x70, 0x0, 0x0, 0xcf,
    0xf3, 0x0, 0xbf, 0xf2, 0x0, 0x0, 0x7, 0xff,
    0x80, 0x1f, 0xfd, 0x0, 0x0, 0x0, 0x2f, 0xfd,
    0x5, 0xff, 0x80, 0x0, 0x0, 0x0, 0xdf, 0xf2,

    /* U+0042 "B" */
    0x3f, 0xff, 0xff, 0xff, 0xfb, 0x20, 0x3, 0xff,
    0xff, 0xff, 0xff, 0xff, 0x20, 0x3f, 0xfd, 0x88,
    0x88, 0xef, 0xfa, 0x3, 0xff, 0xb0, 0x0, 0x3,
    0xff, 0xe0, 0x3f, 0xfb, 0x0, 0x0, 0xf, 0xff,
    0x3, 0xff, 0xb0, 0x0, 0x1, 0xff, 0xd0, 0x3f,
    0xfb, 0x0, 0x0, 0x8f, 0xf6, 0x3, 0xff, 0xff,
    0xff, 0xff, 0xd6, 0x0, 0x3f, 0xff, 0xff, 0xff,
    0xff, 0xa2, 0x3, 0xff, 0xd6, 0x66, 0x69, 0xff,
    0xe0, 0x3f, 0xfb, 0x0, 0x0, 0x9, 0xff, 0x63,
    0xff, 0xb0, 0x0, 0x0, 0x7f, 0xf8, 0x3f, 0xfb,
    0x0, 0x0, 0xa, 0xff, 0x73, 0xff, 0xd8, 0x88,
    0x8a, 0xff, 0xf2, 0x3f, 0xff, 0xff, 0xff, 0xff,
    0xf8, 0x3, 0xff, 0xff, 0xff, 0xff, 0xd6, 0x0,

    /* U+0043 "C" */
    0x0, 0x2, 0x9d, 0xfe, 0xc6, 0x0, 0x0, 0x6,
    0xff, 0xff, 0xff, 0xfc, 0x10, 0x5, 0xff, 0xfd,
    0xab, 0xff, 0xfb, 0x0, 0xef, 0xf7, 0x0, 0x2,
    0xdf, 0xf2, 0x5f, 0xfc, 0x0, 0x0, 0x4, 0x91,
    0x9, 0xff, 0x60, 0x0, 0x0, 0x0, 0x0, 0xcf,
    0xf4, 0x0, 0x0, 0x0, 0x0, 0xd, 0xff, 0x30,
    0x0, 0x0, 0x0, 0x0, 0xdf, 0xf3, 0x0, 0x0,
    0x0, 0x0, 0xc, 0xff, 0x40, 0x0, 0x0, 0x0,
    0x0, 0xaf, 0xf6, 0x0, 0x0, 0x0, 0x0, 0x6,
    0xff, 0xb0, 0x0, 0x0, 0x3c, 0x30, 0xf, 0xff,
    0x60, 0x0, 0x2d, 0xff, 0x30, 0x6f, 0xff, 0xda,
    0xbf, 0xff, 0xb0, 0x0, 0x8f, 0xff, 0xff, 0xff,
    0xb0, 0x0, 0x0, 0x3a, 0xef, 0xec, 0x50, 0x0,

    /* U+0044 "D" */
    0x3f, 0xff, 0xff, 0xfe, 0xa4, 0x0, 0x0, 0x3f,
    0xff, 0xff, 0xff, 0xff, 0x90, 0x0, 0x3f, 0xfe,
    0xaa, 0xac, 0xff, 0xf8, 0x0, 0x3f, 0xfb, 0x0,
    0x0, 0x4f, 0xff, 0x10, 0x3f, 0xfb, 0x0, 0x0,
    0x7, 0xff, 0x80, 0x3f, 0xfb, 0x0, 0x0, 0x2,
    0xff, 0xc0, 0x3f, 0xfb, 0x0, 0x0, 0x1, 0xff,
    0xe0, 0x3f, 0xfb, 0x0, 0x0, 0x1, 0xff, 0xf0,
    0x3f, 0xfb, 0x0, 0x0, 0x1, 0xff, 0xf0, 0x3f,
    0xfb, 0x0, 0x0, 0x1, 0xff, 0xe0, 0x3f, 0xfb,
    0x0, 0x0, 0x2, 0xff, 0xc0, 0x3f, 0xfb, 0x0,
    0x0, 0x7, 0xff, 0x80, 0x3f, 0xfb, 0x0, 0x0,
    0x5f, 0xff, 0x20, 0x3f, 0xfe, 0xaa, 0xad, 0xff,
    0xf8, 0x0, 0x3f, 0xff, 0xff, 0xff, 0xff, 0x90,
    0x0, 0x3f, 0xff, 0xff, 0xfe, 0xa4, 0x0, 0x0,

    /* U+0045 "E" */
    0x3f, 0xff, 0xff, 0xff, 0xff, 0xe3, 0xff, 0xff,
    0xff, 0xff, 0xfe, 0x3f, 0xfe, 0xaa, 0xaa, 0xaa,
    0x93, 0xff, 0xb0, 0x0, 0x0, 0x0, 0x3f, 0xfb,
    0x0, 0x0, 0x0, 0x3, 0xff, 0xb0, 0x0, 0x0,
    0x0, 0x3f, 0xfb, 0x0, 0x0, 0x0, 0x3, 0xff,
    0xff, 0xff, 0xff, 0xf1, 0x3f, 0xff, 0xff, 0xff,
    0xff, 0x13, 0xff, 0xea, 0xaa, 0xaa, 0xa0, 0x3f,
    0xfb, 0x0, 0x0, 0x0, 0x3, 0xff, 0xb0, 0x0,
    0x0, 0x0, 0x3f, 0xfb, 0x0, 0x0, 0x0, 0x3,
    0xff, 0xea, 0xaa, 0xaa, 0xa9, 0x3f, 0xff, 0xff,
    0xff, 0xff, 0xe3, 0xff, 0xff, 0xff, 0xff, 0xfe,

    /* U+0046 "F" */
    0x3f, 0xff, 0xff, 0xff, 0xff, 0xb3, 0xff, 0xff,
    0xff, 0xff, 0xfb, 0x3f, 0xfe, 0xaa, 0xaa, 0xaa,
    0x73, 0xff, 0xb0, 0x0, 0x0, 0x0, 0x3f, 0xfb,
    0x0, 0x0, 0x0, 0x3, 0xff, 0xb0, 0x0, 0x0,
    0x0, 0x3f, 0xfb, 0x0, 0x0, 0x0, 0x3, 0xff,
    0xff, 0xff, 0xff, 0xc0, 0x3f, 0xff, 0xff, 0xff,
    0xfc, 0x3, 0xff, 0xea, 0xaa, 0xaa, 0x70, 0x3f,
    0xfb, 0x0, 0x0, 0x0, 0x3, 0xff, 0xb0, 0x0,
    0x0, 0x0, 0x3f, 0xfb, 0x0, 0x0, 0x0, 0x3,
    0xff, 0xb0, 0x0, 0x0, 0x0, 0x3f, 0xfb, 0x0,
    0x0, 0x0, 0x3, 0xff, 0xb0, 0x0, 0x0, 0x0,

    /* U+0047 "G" */
    0x0, 0x1, 0x8d, 0xff, 0xd8, 0x10, 0x0, 0x0,
    0x5f, 0xff, 0xff, 0xff, 0xe4, 0x0, 0x4, 0xff,
    0xfe, 0xab, 0xef, 0xff, 0x20, 0xd, 0xff, 0x70,
    0x0, 0x8, 0xff, 0x70, 0x4f, 0xfb, 0x0, 0x0,
    0x0, 0x83, 0x0, 0x9f, 0xf5, 0x0, 0x0, 0x0,
    0x0, 0x0, 0xcf, 0xf3, 0x0, 0x0, 0x0, 0x0,
    0x0, 0xdf, 0xf3, 0x0, 0xb, 0xff, 0xff, 0xf1,
    0xdf, 0xf3, 0x0, 0xb, 0xff, 0xff, 0xf1, 0xcf,
    0xf3, 0x0, 0x5, 0x77, 0xdf, 0xf1, 0x9f, 0xf5,
    0x0, 0x0, 0x0, 0xbf, 0xf1, 0x5f, 0xfb, 0x0,
    0x0, 0x0, 0xdf, 0xf1, 0xe, 0xff, 0x70, 0x0,
    0x9, 0xff, 0xf1, 0x5, 0xff, 0xfe, 0xaa, 0xef,
    0xdf, 0xf1, 0x0, 0x8f, 0xff, 0xff, 0xfd, 0x7f,
    0xf1, 0x0, 0x3, 0xae, 0xfe, 0x91, 0x6f, 0xf1,

    /* U+0048 "H" */
    0x3f, 0xfb, 0x0, 0x0, 0x0, 0xef, 0xf0, 0x3f,
    0xfb, 0x0, 0x0, 0x0, 0xef, 0xf0, 0x3f, 0xfb,
    0x0, 0x0, 0x0, 0xef, 0xf0, 0x3f, 0xfb, 0x0,
    0x0, 0x0, 0xef, 0xf0, 0x3f, 0xfb, 0x0, 0x0,
    0x0, 0xef, 0xf0, 0x3f, 0xfb, 0x0, 0x0, 0x0,
    0xef, 0xf0, 0x3f, 0xfb, 0x0, 0x0, 0x0, 0xef,
    0xf0, 0x3f, 0xff, 0xff, 0xff, 0xff, 0xff, 0xf0,
    0x3f, 0xff, 0xff, 0xff, 0xff, 0xff, 0xf0, 0x3f,
    0xfe, 0xaa, 0xaa, 0xaa, 0xff, 0xf0, 0x3f, 0xfb,
    0x0, 0x0, 0x0, 0xef, 0xf0, 0x3f, 0xfb, 0x0,
    0x0, 0x0, 0xef, 0xf0, 0x3f, 0xfb, 0x0, 0x0,
    0x0, 0xef, 0xf0, 0x3f, 0xfb, 0x0, 0x0, 0x0,
    0xef, 0xf0, 0x3f, 0xfb, 0x0, 0x0, 0x0, 0xef,
    0xf0, 0x3f, 0xfb, 0x0, 0x0, 0x0, 0xef, 0xf0,

    /* U+0049 "I" */
    0xdf, 0xff, 0xff, 0xf2, 0xdf, 0xff, 0xff, 0xf2,
    0x56, 0xef, 0xf7, 0x60, 0x0, 0xdf, 0xf1, 0x0,
    0x0, 0xdf, 0xf1, 0x0, 0x0, 0xdf, 0xf1, 0x0,
    0x0, 0xdf, 0xf1, 0x0, 0x0, 0xdf, 0xf1, 0x0,
    0x0, 0xdf, 0xf1, 0x0, 0x0, 0xdf, 0xf1, 0x0,
    0x0, 0xdf, 0xf1, 0x0, 0x0, 0xdf, 0xf1, 0x0,
    0x0, 0xdf, 0xf1, 0x0, 0x46, 0xef, 0xf6, 0x60,
    0xdf, 0xff, 0xff, 0xf2, 0xdf, 0xff, 0xff, 0xf2,

    /* U+004A "J" */
    0x0, 0x7f, 0xff, 0xff, 0xff, 0x40, 0x7, 0xff,
    0xff, 0xff, 0xf4, 0x0, 0x37, 0x77, 0x7c, 0xff,
    0x40, 0x0, 0x0, 0x0, 0xaf, 0xf4, 0x0, 0x0,
    0x0, 0xa, 0xff, 0x40, 0x0, 0x0, 0x0, 0xaf,
    0xf4, 0x0, 0x0, 0x0, 0xa, 0xff, 0x40, 0x0,
    0x0, 0x0, 0xaf, 0xf4, 0x0, 0x0, 0x0, 0xa,
    0xff, 0x40, 0x0, 0x0, 0x0, 0xaf, 0xf4, 0x0,
    0x0, 0x0, 0xa, 0xff, 0x41, 0x59, 0x40, 0x0,
    0xaf, 0xf4, 0x3f, 0xfb, 0x0, 0x1e, 0xff, 0x20,
    0xdf, 0xfd, 0xae, 0xff, 0xc0, 0x3, 0xff, 0xff,
    0xff, 0xf3, 0x0, 0x3, 0xae, 0xfe, 0x92, 0x0,

    /* U+004B "K" */
    0x3f, 0xfb, 0x0, 0x0, 0x9, 0xff, 0xb0, 0x3f,
    0xfb, 0x0, 0x0, 0x5f, 0xfd, 0x10, 0x3f, 0xfb,
    0x0, 0x2, 0xff, 0xf2, 0x0, 0x3f, 0xfb, 0x0,
    0xd, 0xff, 0x50, 0x0, 0x3f, 0xfb, 0x0, 0xbf,
    0xf8, 0x0, 0x0, 0x3f, 0xfb, 0x7, 0xff, 0xb0,
    0x0, 0x0, 0x3f, 0xfb, 0x3f, 0xff, 0x10, 0x0,
    0x0, 0x3f, 0xfc, 0xdf, 0xff, 0x40, 0x0, 0x0,
    0x3f, 0xff, 0xff, 0xff, 0xe0, 0x0, 0x0, 0x3f,
    0xff, 0xf3, 0xdf, 0xf8, 0x0, 0x0, 0x3f, 0xff,
    0x50, 0x3f, 0xff, 0x30, 0x0, 0x3f, 0xfb, 0x0,
    0x9, 0xff, 0xc0, 0x0, 0x3f, 0xfb, 0x0, 0x1,
    0xef, 0xf6, 0x0, 0x3f, 0xfb, 0x0, 0x0, 0x6f,
    0xff, 0x10, 0x3f, 0xfb, 0x0, 0x0, 0xc, 0xff,
    0xa0, 0x3f, 0xfb, 0x0, 0x0, 0x3, 0xff, 0xf4,

    /* U+004C "L" */
    0x3f, 0xfb, 0x0, 0x0, 0x0, 0x3f, 0xfb, 0x0,
    0x0, 0x0, 0x3f, 0xfb, 0x0, 0x0, 0x0, 0x3f,
    0xfb, 0x0, 0x0, 0x0, 0x3f, 0xfb, 0x0, 0x0,
    0x0, 0x3f, 0xfb, 0x0, 0x0, 0x0, 0x3f, 0xfb,
    0x0, 0x0, 0x0, 0x3f, 0xfb, 0x0, 0x0, 0x0,
    0x3f, 0xfb, 0x0, 0x0, 0x0, 0x3f, 0xfb, 0x0,
    0x0, 0x0, 0x3f, 0xfb, 0x0, 0x0, 0x0, 0x3f,
    0xfb, 0x0, 0x0, 0x0, 0x3f, 0xfb, 0x0, 0x0,
    0x0, 0x3f, 0xfe, 0xaa, 0xaa, 0xa7, 0x3f, 0xff,
    0xff, 0xff, 0xfc, 0x3f, 0xff, 0xff, 0xff, 0xfc,

    /* U+004D "M" */
    0x3f, 0xff, 0x50, 0x0, 0x0, 0x3, 0xff, 0xf2,
    0x3f, 0xff, 0xd0, 0x0, 0x0, 0xb, 0xff, 0xf2,
    0x3f, 0xff, 0xf5, 0x0, 0x0, 0x3f, 0xff, 0xf2,
    0x3f, 0xff, 0xfd, 0x0, 0x0, 0xbf, 0xff, 0xf2,
    0x3f, 0xfe, 0xff, 0x50, 0x3, 0xff, 0xef, 0xf2,
    0x3f, 0xf9, 0xef, 0xd0, 0xb, 0xfd, 0x9f, 0xf2,
    0x3f, 0xf8, 0x6f, 0xf5, 0x3f, 0xf6, 0x9f, 0xf2,
    0x3f, 0xf8, 0xe, 0xfd, 0xbf, 0xd0, 0x9f, 0xf2,
    0x3f, 0xf8, 0x6, 0xff, 0xff, 0x50, 0x9f, 0xf2,
    0x3f, 0xf8, 0x0, 0xef, 0xfd, 0x0, 0x9f, 0xf2,
    0x3f, 0xf8, 0x0, 0x6f, 0xf5, 0x0, 0x9f, 0xf2,
    0x3f, 0xf8, 0x0, 0xd, 0xc0, 0x0, 0x9f, 0xf2,
    0x3f, 0xf8, 0x0, 0x5, 0x40, 0x0, 0x9f, 0xf2,
    0x3f, 0xf8, 0x0, 0x0, 0x0, 0x0, 0x9f, 0xf2,
    0x3f, 0xf8, 0x0, 0x0, 0x0, 0x0, 0x9f, 0xf2,
    0x3f, 0xf8, 0x0, 0x0, 0x0, 0x0, 0x9f, 0xf2,

    /* U+004E "N" */
    0x3f, 0xff, 0x40, 0x0, 0x0, 0xbf, 0xf0, 0x3f,
    0xff, 0xd0, 0x0, 0x0, 0xbf, 0xf0, 0x3f, 0xff,
    0xf6, 0x0, 0x0, 0xbf, 0xf0, 0x3f, 0xff, 0xfe,
    0x0, 0x0, 0xbf, 0xf0, 0x3f, 0xfe, 0xff, 0x80,
    0x0, 0xbf, 0xf0, 0x3f, 0xf9, 0xdf, 0xf1, 0x0,
    0xbf, 0xf0, 0x3f, 0xf8, 0x6f, 0xfa, 0x0, 0xbf,
    0xf0, 0x3f, 0xf8, 0xe, 0xff, 0x30, 0xbf, 0xf0,
    0x3f, 0xf8, 0x6, 0xff, 0xb0, 0xbf, 0xf0, 0x3f,
    0xf8, 0x0, 0xdf, 0xf3, 0xbf, 0xf0, 0x3f, 0xf8,
    0x0, 0x4f, 0xfb, 0xbf, 0xf0, 0x3f, 0xf8, 0x0,
    0xb, 0xff, 0xef, 0xf0, 0x3f, 0xf8, 0x0, 0x2,
    0xff, 0xff, 0xf0, 0x3f, 0xf8, 0x0, 0x0, 0x9f,
    0xff, 0xf0, 0x3f, 0xf8, 0x0, 0x0, 0x1f, 0xff,
    0xf0, 0x3f, 0xf8, 0x0, 0x0, 0x7, 0xff, 0xf0,

    /* U+004F "O" */
    0x0, 0x2, 0x9d, 0xff, 0xc7, 0x0, 0x0, 0x0,
    0x7f, 0xff, 0xff, 0xff, 0xe3, 0x0, 0x5, 0xff,
    0xfd, 0xab, 0xff, 0xfe, 0x10, 0xe, 0xff, 0x70,
    0x0, 0x1c, 0xff, 0x90, 0x5f, 0xfc, 0x0, 0x0,
    0x2, 0xff, 0xf0, 0x9f, 0xf6, 0x0, 0x0, 0x0,
    0xbf, 0xf4, 0xcf, 0xf4, 0x0, 0x0, 0x0, 0x9f,
    0xf6, 0xdf, 0xf3, 0x0, 0x0, 0x0, 0x9f, 0xf7,
    0xdf, 0xf3, 0x0, 0x0, 0x0, 0x9f, 0xf7, 0xcf,
    0xf4, 0x0, 0x0, 0x0, 0x9f, 0xf6, 0x9f, 0xf6,
    0x0, 0x0, 0x0, 0xbf, 0xf4, 0x5f, 0xfc, 0x0,
    0x0, 0x2, 0xff, 0xf0, 0xe, 0xff, 0x70, 0x0,
    0x1c, 0xff, 0x90, 0x5, 0xff, 0xfd, 0xab, 0xff,
    0xfe, 0x10, 0x0, 0x7f, 0xff, 0xff, 0xff, 0xe3,
    0x0, 0x0, 0x2, 0x9d, 0xff, 0xc7, 0x0, 0x0,

    /* U+0050 "P" */
    0x3f, 0xff, 0xff, 0xff, 0xea, 0x20, 0x3, 0xff,
    0xff, 0xff, 0xff, 0xfe, 0x20, 0x3f, 0xfe, 0x99,
    0x99, 0xef, 0xfb, 0x3, 0xff, 0xb0, 0x0, 0x1,
    0xef, 0xf1, 0x3f, 0xfb, 0x0, 0x0, 0xc, 0xff,
    0x33, 0xff, 0xb0, 0x0, 0x0, 0xcf, 0xf3, 0x3f,
    0xfb, 0x0, 0x0, 0xe, 0xff, 0x13, 0xff, 0xd9,
    0x99, 0x9d, 0xff, 0xc0, 0x3f, 0xff, 0xff, 0xff,
    0xff, 0xf2, 0x3, 0xff, 0xff, 0xff, 0xfe, 0xa2,
    0x0, 0x3f, 0xfb, 0x0, 0x0, 0x0, 0x0, 0x3,
    0xff, 0xb0, 0x0, 0x0, 0x0, 0x0, 0x3f, 0xfb,
    0x0, 0x0, 0x0, 0x0, 0x3, 0xff, 0xb0, 0x0,
    0x0, 0x0, 0x0, 0x3f, 0xfb, 0x0, 0x0, 0x0,
    0x0, 0x3, 0xff, 0xb0, 0x0, 0x0, 0x0, 0x0,

    /* U+0051 "Q" */
    0x0, 0x2, 0x9d, 0xff, 0xc7, 0x0, 0x0, 0x0,
    0x6f, 0xff, 0xff, 0xff, 0xe2, 0x0, 0x5, 0xff,
    0xfd, 0xab, 0xff, 0xfe, 0x10, 0xe, 0xff, 0x80,
    0x0, 0x1c, 0xff, 0x90, 0x4f, 0xfc, 0x0, 0x0,
    0x2, 0xff, 0xf0, 0x9f, 0xf6, 0x0, 0x0, 0x0,
    0xcf, 0xf3, 0xbf, 0xf4, 0x0, 0x0, 0x0, 0x9f,
    0xf6, 0xdf, 0xf3, 0x0, 0x0, 0x0, 0x9f, 0xf7,
    0xdf, 0xf3, 0x0, 0x0, 0x0, 0x9f, 0xf7, 0xcf,
    0xf3, 0x0, 0x0, 0x0, 0x9f, 0xf7, 0xaf, 0xf5,
    0x0, 0x0, 0x0, 0xbf, 0xf4, 0x6f, 0xfa, 0x0,
    0x0, 0x1, 0xef, 0xf1, 0x1f, 0xff, 0x40, 0x0,
    0x9, 0xff, 0xb0, 0x8, 0xff, 0xfa, 0x67, 0xcf,
    0xff, 0x30, 0x0, 0xaf, 0xff, 0xff, 0xff, 0xf6,
    0x0, 0x0, 0x6, 0xdf, 0xff, 0xfb, 0x30, 0x0,
    0x0, 0x0, 0x6, 0xff, 0x50, 0x0, 0x0, 0x0,
    0x0, 0x5, 0xff, 0x96, 0x40, 0x0, 0x0, 0x0,
    0x1, 0xff, 0xff, 0xb0, 0x0, 0x0, 0x0, 0x0,
    0x5d, 0xff, 0xb0, 0x0,

    /* U+0052 "R" */
    0x3f, 0xff, 0xff, 0xff, 0xea, 0x20, 0x3, 0xff,
    0xff, 0xff, 0xff, 0xff, 0x20, 0x3f, 0xfe, 0x99,
    0x99, 0xef, 0xfb, 0x3, 0xff, 0xb0, 0x0, 0x1,
    0xef, 0xf1, 0x3f, 0xfb, 0x0, 0x0, 0xc, 0xff,
    0x33, 0xff, 0xb0, 0x0, 0x0, 0xcf, 0xf3, 0x3f,
    0xfb, 0x0, 0x0, 0xe, 0xff, 0x13, 0xff, 0xd7,
    0x77, 0x8c, 0xff, 0xb0, 0x3f, 0xff, 0xff, 0xff,
    0xff, 0xe2, 0x3, 0xff, 0xff, 0xff, 0xff, 0xb1,
    0x0, 0x3f, 0xfb, 0x0, 0x5f, 0xfc, 0x0, 0x3,
    0xff, 0xb0, 0x0, 0xdf, 0xf4, 0x0, 0x3f, 0xfb,
    0x0, 0x5, 0xff, 0xc0, 0x3, 0xff, 0xb0, 0x0,
    0xd, 0xff, 0x40, 0x3f, 0xfb, 0x0, 0x0, 0x6f,
    0xfc, 0x3, 0xff, 0xb0, 0x0, 0x0, 0xef, 0xf4,

    /* U+0053 "S" */
    0x0, 0x3, 0xad, 0xff, 0xd8, 0x10, 0x0, 0x6,
    0xff, 0xff, 0xff, 0xff, 0x50, 0x3, 0xff, 0xfd,
    0xaa, 0xef, 0xfd, 0x0, 0x8f, 0xf8, 0x0, 0x0,
    0x9c, 0x10, 0xa, 0xff, 0x40, 0x0, 0x0, 0x0,
    0x0, 0x9f, 0xf9, 0x0, 0x0, 0x0, 0x0, 0x4,
    0xff, 0xfe, 0xa7, 0x30, 0x0, 0x0, 0x8, 0xff,
    0xff, 0xff, 0xe6, 0x0, 0x0, 0x4, 0xbf, 0xff,
    0xff, 0xf8, 0x0, 0x0, 0x0, 0x2, 0x4a, 0xff,
    0xf1, 0x0, 0x0, 0x0, 0x0, 0xb, 0xff, 0x40,
    0x3, 0x0, 0x0, 0x0, 0x9f, 0xf4, 0x4, 0xfc,
    0x20, 0x0, 0x1e, 0xff, 0x20, 0xdf, 0xff, 0xca,
    0xbf, 0xff, 0xb0, 0x2, 0xcf, 0xff, 0xff, 0xff,
    0xd1, 0x0, 0x0, 0x5b, 0xef, 0xfc, 0x70, 0x0,

    /* U+0054 "T" */
    0x6f, 0xff, 0xff, 0xff, 0xff, 0xff, 0x36, 0xff,
    0xff, 0xff, 0xff, 0xff, 0xf3, 0x4a, 0xaa, 0xaf,
    0xff, 0xaa, 0xaa, 0x10, 0x0, 0x1, 0xff, 0xd0,
    0x0, 0x0, 0x0, 0x0, 0x1f, 0xfd, 0x0, 0x0,
    0x0, 0x0, 0x1, 0xff, 0xd0, 0x0, 0x0, 0x0,
    0x0, 0x1f, 0xfd, 0x0, 0x0, 0x0, 0x0, 0x1,
    0xff, 0xd0, 0x0, 0x0, 0x0, 0x0, 0x1f, 0xfd,
    0x0, 0x0, 0x0, 0x0, 0x1, 0xff, 0xd0, 0x0,
    0x0, 0x0, 0x0, 0x1f, 0xfd, 0x0, 0x0, 0x0,
    0x0, 0x1, 0xff, 0xd0, 0x0, 0x0, 0x0, 0x0,
    0x1f, 0xfd, 0x0, 0x0, 0x0, 0x0, 0x1, 0xff,
    0xd0, 0x0, 0x0, 0x0, 0x0, 0x1f, 0xfd, 0x0,
    0x0, 0x0, 0x0, 0x1, 0xff, 0xd0, 0x0, 0x0,

    /* U+0055 "U" */
    0x5f, 0xf8, 0x0, 0x0, 0x6, 0xff, 0x75, 0xff,
    0x80, 0x0, 0x0, 0x6f, 0xf7, 0x5f, 0xf8, 0x0,
    0x0, 0x6, 0xff, 0x75, 0xff, 0x80, 0x0, 0x0,
    0x6f, 0xf7, 0x5f, 0xf8, 0x0, 0x0, 0x6, 0xff,
    0x75, 0xff, 0x80, 0x0, 0x0, 0x6f, 0xf7, 0x5f,
    0xf8, 0x0, 0x0, 0x6, 0xff, 0x75, 0xff, 0x80,
    0x0, 0x0, 0x6f, 0xf7, 0x5f, 0xf8, 0x0, 0x0,
    0x6, 0xff, 0x74, 0xff, 0x80, 0x0, 0x0, 0x6f,
    0xf7, 0x4f, 0xfa, 0x0, 0x0, 0x7, 0xff, 0x62,
    0xff, 0xd0, 0x0, 0x0, 0xaf, 0xf4, 0xe, 0xff,
    0x60, 0x0, 0x4f, 0xff, 0x10, 0x8f, 0xff, 0xca,
    0xcf, 0xff, 0xa0, 0x0, 0xcf, 0xff, 0xff, 0xff,
    0xd1, 0x0, 0x0, 0x7c, 0xef, 0xfc, 0x81, 0x0,

    /* U+0056 "V" */
    0x7f, 0xf7, 0x0, 0x0, 0x0, 0x5f, 0xf8, 0x2f,
    0xfc, 0x0, 0x0, 0x0, 0xaf, 0xf3, 0xd, 0xff,
    0x10, 0x0, 0x0, 0xef, 0xe0, 0x8, 0xff, 0x60,
    0x0, 0x4, 0xff, 0x90, 0x3, 0xff, 0xa0, 0x0,
    0x8, 0xff, 0x40, 0x0, 0xef, 0xf0, 0x0, 0xd,
    0xff, 0x0, 0x0, 0x9f, 0xf4, 0x0, 0x2f, 0xfa,
    0x0, 0x0, 0x4f, 0xf9, 0x0, 0x7f, 0xf5, 0x0,
    0x0, 0xf, 0xfd, 0x0, 0xbf, 0xf0, 0x0, 0x0,
    0xa, 0xff, 0x10, 0xff, 0xb0, 0x0, 0x0, 0x5,
    0xff, 0x53, 0xff, 0x60, 0x0, 0x0, 0x0, 0xff,
    0xa7, 0xff, 0x10, 0x0, 0x0, 0x0, 0xbf, 0xeb,
    0xfc, 0x0, 0x0, 0x0, 0x0, 0x6f, 0xff, 0xf7,
    0x0, 0x0, 0x0, 0x0, 0x1f, 0xff, 0xf2, 0x0,
    0x0, 0x0, 0x0, 0xc, 0xff, 0xd0, 0x0, 0x0,

    /* U+0057 "W" */
    0x5f, 0xf9, 0x0, 0x0, 0x4f, 0xff, 0x30, 0x0,
    0x9, 0xff, 0x21, 0xff, 0xc0, 0x0, 0x7, 0xff,
    0xf6, 0x0, 0x0, 0xcf, 0xe0, 0xd, 0xff, 0x0,
    0x0, 0xbf, 0xff, 0xa0, 0x0, 0xf, 0xfb, 0x0,
    0xaf, 0xf2, 0x0, 0xe, 0xfd, 0xfe, 0x0, 0x3,
    0xff, 0x70, 0x6, 0xff, 0x50, 0x2, 0xff, 0x6f,
    0xf1, 0x0, 0x6f, 0xf3, 0x0, 0x3f, 0xf9, 0x0,
    0x6f, 0xd1, 0xff, 0x50, 0x9, 0xff, 0x0, 0x0,
    0xff, 0xc0, 0xa, 0xfa, 0xd, 0xf9, 0x0, 0xcf,
    0xc0, 0x0, 0xc, 0xff, 0x0, 0xdf, 0x60, 0xaf,
    0xc0, 0xf, 0xf8, 0x0, 0x0, 0x8f, 0xf2, 0x1f,
    0xf2, 0x6, 0xff, 0x3, 0xff, 0x50, 0x0, 0x4,
    0xff, 0x54, 0xfe, 0x0, 0x2f, 0xf3, 0x6f, 0xf1,
    0x0, 0x0, 0x1f, 0xf8, 0x8f, 0xb0, 0x0, 0xef,
    0x79, 0xfd, 0x0, 0x0, 0x0, 0xdf, 0xbc, 0xf7,
    0x0, 0xb, 0xfa, 0xcf, 0xa0, 0x0, 0x0, 0xa,
    0xfe, 0xff, 0x30, 0x0, 0x7f, 0xef, 0xf6, 0x0,
    0x0, 0x0, 0x6f, 0xff, 0xf0, 0x0, 0x4, 0xff,
    0xff, 0x20, 0x0, 0x0, 0x3, 0xff, 0xfc, 0x0,
    0x0, 0xf, 0xff, 0xf0, 0x0, 0x0, 0x0, 0xf,
    0xff, 0x80, 0x0, 0x0, 0xcf, 0xfb, 0x0, 0x0,

    /* U+0058 "X" */
    0x2f, 0xff, 0x40, 0x0, 0x0, 0xaf, 0xf7, 0x0,
    0x7f, 0xfd, 0x0, 0x0, 0x3f, 0xfd, 0x0, 0x0,
    0xdf, 0xf6, 0x0, 0xd, 0xff, 0x40, 0x0, 0x4,
    0xff, 0xe1, 0x6, 0xff, 0xa0, 0x0, 0x0, 0xa,
    0xff, 0x91, 0xef, 0xe1, 0x0, 0x0, 0x0, 0x1f,
    0xff, 0xbf, 0xf6, 0x0, 0x0, 0x0, 0x0, 0x6f,
    0xff, 0xfc, 0x0, 0x0, 0x0, 0x0, 0x0, 0xdf,
    0xff, 0x30, 0x0, 0x0, 0x0, 0x0, 0x1f, 0xff,
    0xf6, 0x0, 0x0, 0x0, 0x0, 0xa, 0xff, 0xff,
    0xf1, 0x0, 0x0, 0x0, 0x4, 0xff, 0xa8, 0xff,
    0xa0, 0x0, 0x0, 0x0, 0xdf, 0xf2, 0xe, 0xff,
    0x40, 0x0, 0x0, 0x7f, 0xf8, 0x0, 0x6f, 0xfd,
    0x0, 0x0, 0x2f, 0xfe, 0x0, 0x0, 0xcf, 0xf7,
    0x0, 0xb, 0xff, 0x60, 0x0, 0x3, 0xff, 0xf2,
    0x4, 0xff, 0xd0, 0x0, 0x0, 0xa, 0xff, 0xb0,

    /* U+0059 "Y" */
    0x8f, 0xfb, 0x0, 0x0, 0x0, 0xbf, 0xf6, 0xe,
    0xff, 0x40, 0x0, 0x4, 0xff, 0xd0, 0x6, 0xff,
    0xc0, 0x0, 0xc, 0xff, 0x50, 0x0, 0xdf, 0xf4,
    0x0, 0x4f, 0xfc, 0x0, 0x0, 0x5f, 0xfd, 0x0,
    0xcf, 0xf3, 0x0, 0x0, 0xc, 0xff, 0x54, 0xff,
    0xb0, 0x0, 0x0, 0x4, 0xff, 0xdc, 0xff, 0x20,
    0x0, 0x0, 0x0, 0xbf, 0xff, 0xf9, 0x0, 0x0,
    0x0, 0x0, 0x2f, 0xff, 0xf1, 0x0, 0x0, 0x0,
    0x0, 0xa, 0xff, 0x80, 0x0, 0x0, 0x0, 0x0,
    0x8, 0xff, 0x60, 0x0, 0x0, 0x0, 0x0, 0x8,
    0xff, 0x60, 0x0, 0x0, 0x0, 0x0, 0x8, 0xff,
    0x60, 0x0, 0x0, 0x0, 0x0, 0x8, 0xff, 0x60,
    0x0, 0x0, 0x0, 0x0, 0x8, 0xff, 0x60, 0x0,
    0x0, 0x0, 0x0, 0x8, 0xff, 0x60, 0x0, 0x0,

    /* U+005A "Z" */
    0xc, 0xff, 0xff, 0xff, 0xff, 0xff, 0x20, 0xcf,
    0xff, 0xff, 0xff, 0xff, 0xf2, 0x7, 0xaa, 0xaa,
    0xaa, 0xcf, 0xff, 0x10, 0x0, 0x0, 0x0, 0xd,
    0xff, 0x70, 0x0, 0x0, 0x0, 0x9, 0xff, 0xb0,
    0x0, 0x0, 0x0, 0x5, 0xff, 0xe1, 0x0, 0x0,
    0x0, 0x2, 0xff, 0xf4, 0x0, 0x0, 0x0, 0x0,
    0xcf, 0xf8, 0x0, 0x0, 0x0, 0x0, 0x8f, 0xfc,
    0x0, 0x0, 0x0, 0x0, 0x4f, 0xfe, 0x10, 0x0,
    0x0, 0x0, 0x1e, 0xff, 0x40, 0x0, 0x0, 0x0,
    0xc, 0xff, 0x80, 0x0, 0x0, 0x0, 0x8, 0xff,
    0xc0, 0x0, 0x0, 0x0, 0x1, 0xff, 0xfb, 0xaa,
    0xaa, 0xaa, 0xa3, 0x2f, 0xff, 0xff, 0xff, 0xff,
    0xff, 0x52, 0xff, 0xff, 0xff, 0xff, 0xff, 0xf5,

    /* U+005B "[" */
    0x3f, 0xff, 0xf1, 0x3f, 0xff, 0xf1, 0x3f, 0xf6,
    0x10, 0x3f, 0xf6, 0x0, 0x3f, 0xf6, 0x0, 0x3f,
    0xf6, 0x0, 0x3f, 0xf6, 0x0, 0x3f, 0xf6, 0x0,
    0x3f, 0xf6, 0x0, 0x3f, 0xf6, 0x0, 0x3f, 0xf6,
    0x0, 0x3f, 0xf6, 0x0, 0x3f, 0xf6, 0x0, 0x3f,
    0xf6, 0x0, 0x3f, 0xf6, 0x0, 0x3f, 0xf6, 0x0,
    0x3f, 0xf6, 0x0, 0x3f, 0xf6, 0x0, 0x3f, 0xff,
    0xf1, 0x3f, 0xff, 0xf1, 0x1, 0x11, 0x10,

    /* U+005C "\\" */
    0xf, 0xf5, 0x0, 0x0, 0x0, 0xb, 0xfa, 0x0,
    0x0, 0x0, 0x6, 0xff, 0x0, 0x0, 0x0, 0x1,
    0xff, 0x40, 0x0, 0x0, 0x0, 0xcf, 0x90, 0x0,
    0x0, 0x0, 0x7f, 0xe0, 0x0, 0x0, 0x0, 0x2f,
    0xf3, 0x0, 0x0, 0x0, 0xd, 0xf8, 0x0, 0x0,
    0x0, 0x8, 0xfd, 0x0, 0x0, 0x0, 0x3, 0xff,
    0x20, 0x0, 0x0, 0x0, 0xdf, 0x70, 0x0, 0x0,
    0x0, 0x8f, 0xc0, 0x0, 0x0, 0x0, 0x3f, 0xf1,
    0x0, 0x0, 0x0, 0xe, 0xf6, 0x0, 0x0, 0x0,
    0x9, 0xfb, 0x0, 0x0, 0x0, 0x4, 0xff, 0x10,
    0x0, 0x0, 0x0, 0xff, 0x60, 0x0, 0x0, 0x0,
    0xaf, 0xb0, 0x0, 0x0, 0x0, 0x5f, 0xf0, 0x0,
    0x0, 0x0, 0xf, 0xf5,

    /* U+005D "]" */
    0xdf, 0xff, 0x7d, 0xff, 0xf7, 0x3, 0xff, 0x70,
    0x2f, 0xf7, 0x2, 0xff, 0x70, 0x2f, 0xf7, 0x2,
    0xff, 0x70, 0x2f, 0xf7, 0x2, 0xff, 0x70, 0x2f,
    0xf7, 0x2, 0xff, 0x70, 0x2f, 0xf7, 0x2, 0xff,
    0x70, 0x2f, 0xf7, 0x2, 0xff, 0x70, 0x2f, 0xf7,
    0x2, 0xff, 0x70, 0x2f, 0xf7, 0xdf, 0xff, 0x7d,
    0xff, 0xf7, 0x1, 0x11, 0x0,

    /* U+005E "^" */
    0x0, 0x0, 0xd, 0xff, 0x10, 0x0, 0x0, 0x0,
    0x6, 0xff, 0xfa, 0x0, 0x0, 0x0, 0x0, 0xef,
    0xff, 0xf2, 0x0, 0x0, 0x0, 0x7f, 0xf6, 0xff,
    0xb0, 0x0, 0x0, 0x1f, 0xfb, 0x9, 0xff, 0x30,
    0x0, 0x8, 0xff, 0x20, 0x1f, 0xfc, 0x0, 0x1,
    0xff, 0x90, 0x0, 0x8f, 0xf4, 0x0, 0xaf, 0xf1,
    0x0, 0x0, 0xef, 0xd0, 0x7, 0xf8, 0x0, 0x0,
    0x7, 0xf9, 0x0, 0x1, 0x0, 0x0, 0x0, 0x1,
    0x0,

    /* U+005F "_" */
    0x26, 0x66, 0x66, 0x66, 0x66, 0x64, 0x5f, 0xff,
    0xff, 0xff, 0xff, 0xfa, 0x5f, 0xff, 0xff, 0xff,
    0xff, 0xfa,

    /* U+0060 "`" */
    0x0, 0x0, 0x0, 0x5, 0xd3, 0x0, 0x2f, 0xfb,
    0x0, 0x7, 0xff, 0x30, 0x0, 0xbf, 0xb0, 0x0,
    0x1c, 0x50,

    /* U+0061 "a" */
    0x0, 0x19, 0xdf, 0xfc, 0x60, 0x0, 0x2, 0xef,
    0xff, 0xff, 0xfa, 0x0, 0x6, 0xfe, 0x75, 0x7f,
    0xff, 0x30, 0x0, 0x52, 0x0, 0x7, 0xff, 0x70,
    0x0, 0x0, 0x0, 0x5, 0xff, 0x70, 0x0, 0x5b,
    0xef, 0xff, 0xff, 0x80, 0x8, 0xff, 0xec, 0xbc,
    0xff, 0x80, 0xf, 0xfd, 0x0, 0x5, 0xff, 0x80,
    0x2f, 0xfb, 0x0, 0x6, 0xff, 0x80, 0xf, 0xff,
    0x41, 0x4d, 0xff, 0xa3, 0x9, 0xff, 0xff, 0xf7,
    0xdf, 0xfa, 0x0, 0x8d, 0xfd, 0x70, 0x4e, 0xfa,

    /* U+0062 "b" */
    0x6f, 0xf7, 0x0, 0x0, 0x0, 0x0, 0x6f, 0xf7,
    0x0, 0x0, 0x0, 0x0, 0x6f, 0xf7, 0x0, 0x0,
    0x0, 0x0, 0x6f, 0xf7, 0x0, 0x0, 0x0, 0x0,
    0x6f, 0xf7, 0x0, 0x0, 0x0, 0x0, 0x6f, 0xf7,
    0x3c, 0xfe, 0xa1, 0x0, 0x6f, 0xf9, 0xff, 0xff,
    0xfe, 0x10, 0x6f, 0xff, 0xa6, 0x8e, 0xff, 0x80,
    0x6f, 0xfa, 0x0, 0x3, 0xff, 0xe0, 0x6f, 0xf7,
    0x0, 0x0, 0xdf, 0xf1, 0x6f, 0xf7, 0x0, 0x0,
    0xbf, 0xf2, 0x6f, 0xf7, 0x0, 0x0, 0xbf, 0xf2,
    0x6f, 0xf7, 0x0, 0x0, 0xdf, 0xf1, 0x6f, 0xfa,
    0x0, 0x3, 0xff, 0xe0, 0x6f, 0xff, 0xa6, 0x8e,
    0xff, 0x80, 0x6f, 0xf9, 0xff, 0xff, 0xfe, 0x10,
    0x6f, 0xf7, 0x3c, 0xfe, 0xa1, 0x0,

    /* U+0063 "c" */
    0x0, 0x5, 0xcf, 0xfd, 0x70, 0x0, 0x9, 0xff,
    0xff, 0xff, 0xb0, 0x5, 0xff, 0xe6, 0x5b, 0xff,
    0x60, 0xcf, 0xf2, 0x0, 0xb, 0x71, 0xf, 0xfe,
    0x0, 0x0, 0x0, 0x1, 0xff, 0xd0, 0x0, 0x0,
    0x0, 0x1f, 0xfd, 0x0, 0x0, 0x0, 0x0, 0xff,
    0xd0, 0x0, 0x0, 0x0, 0xc, 0xff, 0x20, 0x0,
    0xca, 0x20, 0x5f, 0xfe, 0x65, 0xbf, 0xf6, 0x0,
    0x9f, 0xff, 0xff, 0xfb, 0x0, 0x0, 0x5c, 0xff,
    0xd7, 0x0,

    /* U+0064 "d" */
    0x0, 0x0, 0x0, 0x0, 0x4f, 0xf9, 0x0, 0x0,
    0x0, 0x0, 0x4f, 0xf9, 0x0, 0x0, 0x0, 0x0,
    0x4f, 0xf9, 0x0, 0x0, 0x0, 0x0, 0x4f, 0xf9,
    0x0, 0x0, 0x0, 0x0, 0x4f, 0xf9, 0x0, 0x8,
    0xef, 0xd5, 0x4f, 0xf9, 0x0, 0xcf, 0xff, 0xff,
    0x8f, 0xf9, 0x6, 0xff, 0xf8, 0x69, 0xff, 0xf9,
    0xb, 0xff, 0x50, 0x0, 0x7f, 0xf9, 0xe, 0xff,
    0x0, 0x0, 0x4f, 0xf9, 0xf, 0xff, 0x0, 0x0,
    0x4f, 0xf9, 0xf, 0xff, 0x0, 0x0, 0x4f, 0xf9,
    0xe, 0xff, 0x0, 0x0, 0x4f, 0xf9, 0xb, 0xff,
    0x50, 0x0, 0x7f, 0xf9, 0x5, 0xff, 0xf9, 0x69,
    0xff, 0xf9, 0x0, 0xcf, 0xff, 0xff, 0x8f, 0xf9,
    0x0, 0x8, 0xef, 0xd5, 0x4f, 0xf9,

    /* U+0065 "e" */
    0x0, 0x5, 0xbe, 0xfd, 0x70, 0x0, 0x0, 0x8f,
    0xff, 0xff, 0xfc, 0x0, 0x4, 0xff, 0xd5, 0x39,
    0xff, 0x90, 0xc, 0xff, 0x20, 0x0, 0xcf, 0xf0,
    0xf, 0xfd, 0x0, 0x0, 0x8f, 0xf4, 0x1f, 0xff,
    0xff, 0xff, 0xff, 0xf6, 0x1f, 0xff, 0xee, 0xee,
    0xee, 0xe5, 0xf, 0xfd, 0x0, 0x0, 0x0, 0x0,
    0xb, 0xff, 0x20, 0x0, 0x7, 0x0, 0x4, 0xff,
    0xe7, 0x56, 0xdf, 0xa0, 0x0, 0x8f, 0xff, 0xff,
    0xff, 0x60, 0x0, 0x4, 0xbe, 0xfe, 0xa3, 0x0,

    /* U+0066 "f" */
    0x0, 0x7, 0xdf, 0xf6, 0x0, 0x6f, 0xff, 0xf6,
    0x0, 0xbf, 0xf4, 0x41, 0x0, 0xcf, 0xf0, 0x0,
    0x0, 0xcf, 0xf0, 0x0, 0x8f, 0xff, 0xff, 0xf6,
    0x8f, 0xff, 0xff, 0xf6, 0x24, 0xdf, 0xf4, 0x41,
    0x0, 0xcf, 0xf0, 0x0, 0x0, 0xcf, 0xf0, 0x0,
    0x0, 0xcf, 0xf0, 0x0, 0x0, 0xcf, 0xf0, 0x0,
    0x0, 0xcf, 0xf0, 0x0, 0x0, 0xcf, 0xf0, 0x0,
    0x0, 0xcf, 0xf0, 0x0, 0x0, 0xcf, 0xf0, 0x0,
    0x0, 0xcf, 0xf0, 0x0,

    /* U+0067 "g" */
    0x0, 0x0, 0x0, 0x0, 0x2, 0x31, 0x0, 0x0,
    0x0, 0x0, 0xbf, 0xf6, 0x0, 0x0, 0x0, 0x0,
    0xff, 0xf6, 0x0, 0x29, 0xdf, 0xff, 0xf3, 0x0,
    0x2, 0xef, 0xff, 0xff, 0xff, 0x20, 0xa, 0xff,
    0x50, 0x6, 0xff, 0x90, 0xc, 0xfe, 0x0, 0x0,
    0xff, 0xb0, 0x9, 0xff, 0x50, 0x6, 0xff, 0x80,
    0x2, 0xef, 0xff, 0xff, 0xfe, 0x10, 0x0, 0x3e,
    0xef, 0xfd, 0x91, 0x0, 0x3, 0xfa, 0x0, 0x0,
    0x0, 0x0, 0xb, 0xf7, 0x0, 0x0, 0x0, 0x0,
    0xc, 0xfe, 0x88, 0x87, 0x75, 0x10, 0x6, 0xff,
    0xff, 0xff, 0xff, 0xe3, 0x0, 0xaf, 0xff, 0xff,
    0xff, 0xfc, 0x1e, 0xf1, 0x0, 0x0, 0x2d, 0xff,
    0x5f, 0xf4, 0x0, 0x0, 0x3e, 0xfd, 0x2f, 0xff,
    0xff, 0xff, 0xff, 0xf5, 0x2, 0x9d, 0xff, 0xfe,
    0xc9, 0x20,

    /* U+0068 "h" */
    0x6f, 0xf7, 0x0, 0x0, 0x0, 0x6, 0xff, 0x70,
    0x0, 0x0, 0x0, 0x6f, 0xf7, 0x0, 0x0, 0x0,
    0x6, 0xff, 0x70, 0x0, 0x0, 0x0, 0x6f, 0xf7,
    0x0, 0x0, 0x0, 0x6, 0xff, 0x73, 0xcf, 0xe9,
    0x0, 0x6f, 0xf8, 0xff, 0xff, 0xf9, 0x6, 0xff,
    0xfa, 0x68, 0xff, 0xf1, 0x6f, 0xfa, 0x0, 0x9,
    0xff, 0x46, 0xff, 0x70, 0x0, 0x6f, 0xf6, 0x6f,
    0xf7, 0x0, 0x6, 0xff, 0x76, 0xff, 0x70, 0x0,
    0x6f, 0xf7, 0x6f, 0xf7, 0x0, 0x6, 0xff, 0x76,
    0xff, 0x70, 0x0, 0x6f, 0xf7, 0x6f, 0xf7, 0x0,
    0x6, 0xff, 0x76, 0xff, 0x70, 0x0, 0x6f, 0xf7,
    0x6f, 0xf7, 0x0, 0x6, 0xff, 0x70,

    /* U+0069 "i" */
    0x4e, 0xe4, 0x9f, 0xfa, 0x7f, 0xf8, 0x3, 0x40,
    0x0, 0x0, 0x6f, 0xf7, 0x6f, 0xf7, 0x6f, 0xf7,
    0x6f, 0xf7, 0x6f, 0xf7, 0x6f, 0xf7, 0x6f, 0xf7,
    0x6f, 0xf7, 0x6f, 0xf7, 0x6f, 0xf7, 0x6f, 0xf7,
    0x6f, 0xf7,

    /* U+006A "j" */
    0x0, 0x4e, 0xe4, 0x0, 0x9f, 0xfa, 0x0, 0x7f,
    0xf8, 0x0, 0x3, 0x40, 0x0, 0x0, 0x0, 0x0,
    0x6f, 0xf7, 0x0, 0x6f, 0xf7, 0x0, 0x6f, 0xf7,
    0x0, 0x6f, 0xf7, 0x0, 0x6f, 0xf7, 0x0, 0x6f,
    0xf7, 0x0, 0x6f, 0xf7, 0x0, 0x6f, 0xf7, 0x0,
    0x6f, 0xf7, 0x0, 0x6f, 0xf7, 0x0, 0x6f, 0xf7,
    0x0, 0x6f, 0xf7, 0x0, 0x6f, 0xf6, 0x4, 0x8f,
    0xf5, 0x2f, 0xff, 0xf1, 0x2f, 0xfd, 0x50,

    /* U+006B "k" */
    0x6f, 0xf7, 0x0, 0x0, 0x0, 0x0, 0x6f, 0xf7,
    0x0, 0x0, 0x0, 0x0, 0x6f, 0xf7, 0x0, 0x0,
    0x0, 0x0, 0x6f, 0xf7, 0x0, 0x0, 0x0, 0x0,
    0x6f, 0xf7, 0x0, 0x0, 0x0, 0x0, 0x6f, 0xf7,
    0x0, 0xc, 0xff, 0x60, 0x6f, 0xf7, 0x0, 0x9f,
    0xf8, 0x0, 0x6f, 0xf7, 0x7, 0xff, 0xb0, 0x0,
    0x6f, 0xf7, 0x3f, 0xfc, 0x0, 0x0, 0x6f, 0xf7,
    0xdf, 0xf1, 0x0, 0x0, 0x6f, 0xff, 0xff, 0xf6,
    0x0, 0x0, 0x6f, 0xff, 0xef, 0xfe, 0x10, 0x0,
    0x6f, 0xff, 0x38, 0xff, 0x90, 0x0, 0x6f, 0xf7,
    0x1, 0xef, 0xf2, 0x0, 0x6f, 0xf7, 0x0, 0x7f,
    0xfc, 0x0, 0x6f, 0xf7, 0x0, 0xe, 0xff, 0x50,
    0x6f, 0xf7, 0x0, 0x5, 0xff, 0xe0,

    /* U+006C "l" */
    0x6f, 0xf7, 0x6, 0xff, 0x70, 0x6f, 0xf7, 0x6,
    0xff, 0x70, 0x6f, 0xf7, 0x6, 0xff, 0x70, 0x6f,
    0xf7, 0x6, 0xff, 0x70, 0x6f, 0xf7, 0x6, 0xff,
    0x70, 0x6f, 0xf7, 0x6, 0xff, 0x70, 0x6f, 0xf7,
    0x6, 0xff, 0x70, 0x5f, 0xf9, 0x41, 0xff, 0xff,
    0x5, 0xdf, 0xf0,

    /* U+006D "m" */
    0x6f, 0xf7, 0x3c, 0xfd, 0x70, 0x7, 0xdf, 0xd5,
    0x0, 0x6f, 0xf8, 0xff, 0xff, 0xf7, 0x8f, 0xff,
    0xff, 0x40, 0x6f, 0xff, 0xa6, 0xaf, 0xff, 0xf8,
    0x6c, 0xff, 0xb0, 0x6f, 0xfa, 0x0, 0xd, 0xff,
    0x70, 0x1, 0xff, 0xe0, 0x6f, 0xf7, 0x0, 0x9,
    0xff, 0x30, 0x0, 0xdf, 0xf0, 0x6f, 0xf7, 0x0,
    0x9, 0xff, 0x30, 0x0, 0xcf, 0xf0, 0x6f, 0xf7,
    0x0, 0x9, 0xff, 0x30, 0x0, 0xcf, 0xf0, 0x6f,
    0xf7, 0x0, 0x9, 0xff, 0x30, 0x0, 0xcf, 0xf0,
    0x6f, 0xf7, 0x0, 0x9, 0xff, 0x30, 0x0, 0xcf,
    0xf0, 0x6f, 0xf7, 0x0, 0x9, 0xff, 0x30, 0x0,
    0xcf, 0xf0, 0x6f, 0xf7, 0x0, 0x9, 0xff, 0x30,
    0x0, 0xcf, 0xf0, 0x6f, 0xf7, 0x0, 0x9, 0xff,
    0x30, 0x0, 0xcf, 0xf0,

    /* U+006E "n" */
    0x6f, 0xf7, 0x3c, 0xfe, 0x90, 0x6, 0xff, 0x8f,
    0xff, 0xff, 0x90, 0x6f, 0xff, 0xa6, 0x8f, 0xff,
    0x16, 0xff, 0xa0, 0x0, 0x9f, 0xf4, 0x6f, 0xf7,
    0x0, 0x6, 0xff, 0x66, 0xff, 0x70, 0x0, 0x6f,
    0xf7, 0x6f, 0xf7, 0x0, 0x6, 0xff, 0x76, 0xff,
    0x70, 0x0, 0x6f, 0xf7, 0x6f, 0xf7, 0x0, 0x6,
    0xff, 0x76, 0xff, 0x70, 0x0, 0x6f, 0xf7, 0x6f,
    0xf7, 0x0, 0x6, 0xff, 0x76, 0xff, 0x70, 0x0,
    0x6f, 0xf7,

    /* U+006F "o" */
    0x0, 0x5, 0xbe, 0xfd, 0x70, 0x0, 0x0, 0x8f,
    0xff, 0xff, 0xfd, 0x10, 0x4, 0xff, 0xe7, 0x5b,
    0xff, 0xa0, 0xb, 0xff, 0x20, 0x0, 0xcf, 0xf2,
    0xf, 0xfd, 0x0, 0x0, 0x7f, 0xf6, 0x1f, 0xfd,
    0x0, 0x0, 0x6f, 0xf7, 0x1f, 0xfd, 0x0, 0x0,
    0x6f, 0xf7, 0xf, 0xfd, 0x0, 0x0, 0x7f, 0xf6,
    0xb, 0xff, 0x20, 0x0, 0xcf, 0xf2, 0x4, 0xff,
    0xe7, 0x5b, 0xff, 0xa0, 0x0, 0x8f, 0xff, 0xff,
    0xfd, 0x10, 0x0, 0x5, 0xcf, 0xfd, 0x80, 0x0,

    /* U+0070 "p" */
    0x6f, 0xf7, 0x3c, 0xfe, 0xa1, 0x0, 0x6f, 0xf9,
    0xff, 0xff, 0xfe, 0x10, 0x6f, 0xff, 0xa6, 0x8e,
    0xff, 0x80, 0x6f, 0xfa, 0x0, 0x3, 0xff, 0xe0,
    0x6f, 0xf7, 0x0, 0x0, 0xdf, 0xf1, 0x6f, 0xf7,
    0x0, 0x0, 0xbf, 0xf2, 0x6f, 0xf7, 0x0, 0x0,
    0xbf, 0xf2, 0x6f, 0xf7, 0x0, 0x0, 0xdf, 0xf1,
    0x6f, 0xfa, 0x0, 0x3, 0xff, 0xe0, 0x6f, 0xff,
    0xa6, 0x8e, 0xff, 0x80, 0x6f, 0xf9, 0xff, 0xff,
    0xfe, 0x10, 0x6f, 0xf7, 0x3c, 0xfe, 0xa1, 0x0,
    0x6f, 0xf7, 0x0, 0x0, 0x0, 0x0, 0x6f, 0xf7,
    0x0, 0x0, 0x0, 0x0, 0x6f, 0xf7, 0x0, 0x0,
    0x0, 0x0, 0x6f, 0xf7, 0x0, 0x0, 0x0, 0x0,

    /* U+0071 "q" */
    0x0, 0x8, 0xef, 0xd5, 0x4f, 0xf9, 0x0, 0xcf,
    0xff, 0xff, 0x8f, 0xf9, 0x6, 0xff, 0xf8, 0x69,
    0xff, 0xf9, 0xb, 0xff, 0x50, 0x0, 0x7f, 0xf9,
    0xe, 0xff, 0x0, 0x0, 0x4f, 0xf9, 0xf, 0xff,
    0x0, 0x0, 0x4f, 0xf9, 0xf, 0xff, 0x0, 0x0,
    0x4f, 0xf9, 0xe, 0xff, 0x0, 0x0, 0x4f, 0xf9,
    0xb, 0xff, 0x50, 0x0, 0x7f, 0xf9, 0x5, 0xff,
    0xf9, 0x69, 0xff, 0xf9, 0x0, 0xcf, 0xff, 0xff,
    0x8f, 0xf9, 0x0, 0x8, 0xef, 0xd5, 0x4f, 0xf9,
    0x0, 0x0, 0x0, 0x0, 0x4f, 0xf9, 0x0, 0x0,
    0x0, 0x0, 0x4f, 0xf9, 0x0, 0x0, 0x0, 0x0,
    0x4f, 0xf9, 0x0, 0x0, 0x0, 0x0, 0x4f, 0xf9,

    /* U+0072 "r" */
    0x6f, 0xf7, 0x3c, 0xf3, 0x6f, 0xf8, 0xff, 0xf3,
    0x6f, 0xfe, 0xfc, 0xb2, 0x6f, 0xfd, 0x10, 0x0,
    0x6f, 0xf7, 0x0, 0x0, 0x6f, 0xf7, 0x0, 0x0,
    0x6f, 0xf7, 0x0, 0x0, 0x6f, 0xf7, 0x0, 0x0,
    0x6f, 0xf7, 0x0, 0x0, 0x6f, 0xf7, 0x0, 0x0,
    0x6f, 0xf7, 0x0, 0x0, 0x6f, 0xf7, 0x0, 0x0,

    /* U+0073 "s" */
    0x0, 0x2a, 0xef, 0xea, 0x30, 0x0, 0x3f, 0xff,
    0xff, 0xff, 0x70, 0xc, 0xff, 0x74, 0x7e, 0xf4,
    0x0, 0xff, 0xc0, 0x0, 0x13, 0x0, 0xd, 0xff,
    0x73, 0x10, 0x0, 0x0, 0x5f, 0xff, 0xff, 0xd6,
    0x0, 0x0, 0x4c, 0xff, 0xff, 0xf8, 0x0, 0x0,
    0x0, 0x25, 0xef, 0xf0, 0x1, 0x80, 0x0, 0xa,
    0xff, 0x11, 0xdf, 0xd6, 0x46, 0xff, 0xd0, 0xa,
    0xff, 0xff, 0xff, 0xf4, 0x0, 0x5, 0xbe, 0xfe,
    0xa2, 0x0,

    /* U+0074 "t" */
    0x0, 0x7f, 0xf1, 0x0, 0x0, 0x7f, 0xf1, 0x0,
    0x0, 0xaf, 0xf1, 0x0, 0x7f, 0xff, 0xff, 0xf6,
    0x7f, 0xff, 0xff, 0xf6, 0x24, 0xdf, 0xf5, 0x41,
    0x0, 0xcf, 0xf1, 0x0, 0x0, 0xcf, 0xf1, 0x0,
    0x0, 0xcf, 0xf1, 0x0, 0x0, 0xcf, 0xf1, 0x0,
    0x0, 0xcf, 0xf1, 0x0, 0x0, 0xbf, 0xf1, 0x0,
    0x0, 0xaf, 0xf5, 0x41, 0x0, 0x6f, 0xff, 0xf3,
    0x0, 0x8, 0xef, 0xf3,

    /* U+0075 "u" */
    0x8f, 0xf5, 0x0, 0x8, 0xff, 0x58, 0xff, 0x50,
    0x0, 0x8f, 0xf5, 0x8f, 0xf5, 0x0, 0x8, 0xff,
    0x58, 0xff, 0x50, 0x0, 0x8f, 0xf5, 0x8f, 0xf5,
    0x0, 0x8, 0xff, 0x58, 0xff, 0x50, 0x0, 0x8f,
    0xf5, 0x8f, 0xf5, 0x0, 0x8, 0xff, 0x57, 0xff,
    0x50, 0x0, 0x8f, 0xf5, 0x6f, 0xf8, 0x0, 0xc,
    0xff, 0x53, 0xff, 0xf8, 0x6b, 0xff, 0xf5, 0xb,
    0xff, 0xff, 0xe9, 0xff, 0x50, 0x19, 0xef, 0xb2,
    0x8f, 0xf5,

    /* U+0076 "v" */
    0x9f, 0xf2, 0x0, 0x0, 0x8f, 0xf1, 0x4f, 0xf7,
    0x0, 0x0, 0xdf, 0xc0, 0xe, 0xfc, 0x0, 0x2,
    0xff, 0x70, 0x9, 0xff, 0x10, 0x7, 0xff, 0x20,
    0x4, 0xff, 0x60, 0xb, 0xfd, 0x0, 0x0, 0xff,
    0xb0, 0xf, 0xf8, 0x0, 0x0, 0xaf, 0xf0, 0x4f,
    0xf3, 0x0, 0x0, 0x5f, 0xf3, 0x9f, 0xe0, 0x0,
    0x0, 0xf, 0xf8, 0xdf, 0x80, 0x0, 0x0, 0xb,
    0xfe, 0xff, 0x30, 0x0, 0x0, 0x6, 0xff, 0xfe,
    0x0, 0x0, 0x0, 0x1, 0xff, 0xf9, 0x0, 0x0,

    /* U+0077 "w" */
    0x5f, 0xf5, 0x0, 0x5, 0xff, 0x70, 0x0, 0x3f,
    0xf6, 0x1f, 0xf9, 0x0, 0xa, 0xff, 0xb0, 0x0,
    0x6f, 0xf2, 0xd, 0xfc, 0x0, 0xe, 0xff, 0xf0,
    0x0, 0xaf, 0xe0, 0x9, 0xff, 0x0, 0x2f, 0xef,
    0xf4, 0x0, 0xef, 0x90, 0x5, 0xff, 0x40, 0x7f,
    0xab, 0xf9, 0x2, 0xff, 0x50, 0x0, 0xff, 0x70,
    0xbf, 0x67, 0xfd, 0x5, 0xff, 0x10, 0x0, 0xcf,
    0xb0, 0xff, 0x22, 0xff, 0x19, 0xfd, 0x0, 0x0,
    0x8f, 0xe3, 0xfe, 0x0, 0xef, 0x5c, 0xf9, 0x0,
    0x0, 0x4f, 0xfa, 0xfa, 0x0, 0xaf, 0xaf, 0xf4,
    0x0, 0x0, 0xf, 0xff, 0xf5, 0x0, 0x5f, 0xff,
    0xf0, 0x0, 0x0, 0xb, 0xff, 0xf1, 0x0, 0x1f,
    0xff, 0xc0, 0x0, 0x0, 0x7, 0xff, 0xc0, 0x0,
    0xc, 0xff, 0x80, 0x0,

    /* U+0078 "x" */
    0x3f, 0xfe, 0x10, 0x0, 0xcf, 0xf3, 0x8, 0xff,
    0x90, 0x5, 0xff, 0x80, 0x0, 0xdf, 0xf3, 0xe,
    0xfd, 0x0, 0x0, 0x3f, 0xfc, 0x8f, 0xf3, 0x0,
    0x0, 0x9, 0xff, 0xff, 0x90, 0x0, 0x0, 0x0,
    0xef, 0xfe, 0x0, 0x0, 0x0, 0x1, 0xff, 0xfe,
    0x10, 0x0, 0x0, 0xb, 0xff, 0xff, 0xa0, 0x0,
    0x0, 0x5f, 0xf7, 0xbf, 0xf4, 0x0, 0x1, 0xef,
    0xd0, 0x2f, 0xfe, 0x0, 0x9, 0xff, 0x40, 0x8,
    0xff, 0x90, 0x4f, 0xfb, 0x0, 0x0, 0xef, 0xf3,

    /* U+0079 "y" */
    0xaf, 0xf2, 0x0, 0x0, 0x7f, 0xf2, 0x4f, 0xf7,
    0x0, 0x0, 0xdf, 0xc0, 0xe, 0xfc, 0x0, 0x2,
    0xff, 0x70, 0x9, 0xff, 0x20, 0x7, 0xff, 0x20,
    0x4, 0xff, 0x70, 0xc, 0xfc, 0x0, 0x0, 0xef,
    0xc0, 0x2f, 0xf7, 0x0, 0x0, 0x9f, 0xf1, 0x7f,
    0xf1, 0x0, 0x0, 0x4f, 0xf5, 0xbf, 0xc0, 0x0,
    0x0, 0xe, 0xfa, 0xff, 0x60, 0x0, 0x0, 0x9,
    0xff, 0xff, 0x10, 0x0, 0x0, 0x3, 0xff, 0xfb,
    0x0, 0x0, 0x0, 0x0, 0xef, 0xf6, 0x0, 0x0,
    0x0, 0x0, 0xdf, 0xf1, 0x0, 0x0, 0x1, 0x45,
    0xff, 0xb0, 0x0, 0x0, 0x4, 0xff, 0xff, 0x40,
    0x0, 0x0, 0x4, 0xff, 0xd6, 0x0, 0x0, 0x0,

    /* U+007A "z" */
    0xf, 0xff, 0xff, 0xff, 0xff, 0x10, 0xff, 0xff,
    0xff, 0xff, 0xf1, 0x4, 0x44, 0x44, 0xaf, 0xfd,
    0x0, 0x0, 0x0, 0x3f, 0xfe, 0x20, 0x0, 0x0,
    0x1e, 0xff, 0x40, 0x0, 0x0, 0xc, 0xff, 0x70,
    0x0, 0x0, 0x9, 0xff, 0xa0, 0x0, 0x0, 0x6,
    0xff, 0xc0, 0x0, 0x0, 0x3, 0xff, 0xe1, 0x0,
    0x0, 0x1, 0xef, 0xf8, 0x44, 0x44, 0x41, 0x3f,
    0xff, 0xff, 0xff, 0xff, 0x33, 0xff, 0xff, 0xff,
    0xff, 0xf3,

    /* U+007B "{" */
    0x0, 0xa, 0xff, 0xd0, 0x4, 0xff, 0xfd, 0x0,
    0x6f, 0xf3, 0x0, 0x6, 0xff, 0x20, 0x0, 0x6f,
    0xf2, 0x0, 0x6, 0xff, 0x20, 0x0, 0x6f, 0xf2,
    0x0, 0x8, 0xff, 0x10, 0x4, 0xef, 0xc0, 0x9,
    0xff, 0xd2, 0x0, 0x9f, 0xf7, 0x0, 0x3, 0x9f,
    0xfa, 0x0, 0x0, 0x9f, 0xf0, 0x0, 0x6, 0xff,
    0x20, 0x0, 0x6f, 0xf2, 0x0, 0x6, 0xff, 0x20,
    0x0, 0x6f, 0xf2, 0x0, 0x6, 0xff, 0x20, 0x0,
    0x5f, 0xff, 0xd0, 0x0, 0xbf, 0xfd, 0x0, 0x0,
    0x1, 0x0,

    /* U+007C "|" */
    0xf, 0xf5, 0xf, 0xf5, 0xf, 0xf5, 0xf, 0xf5,
    0xf, 0xf5, 0xf, 0xf5, 0xf, 0xf5, 0xf, 0xf5,
    0xf, 0xf5, 0xf, 0xf5, 0xf, 0xf5, 0xf, 0xf5,
    0xf, 0xf5, 0xf, 0xf5, 0xf, 0xf5, 0xf, 0xf5,
    0xf, 0xf5, 0xf, 0xf5, 0xf, 0xf5, 0xf, 0xf5,
    0x2, 0x20,

    /* U+007D "}" */
    0xdf, 0xfa, 0x0, 0xd, 0xff, 0xf5, 0x0, 0x3,
    0xff, 0x60, 0x0, 0x2f, 0xf7, 0x0, 0x2, 0xff,
    0x70, 0x0, 0x2f, 0xf7, 0x0, 0x2, 0xff, 0x70,
    0x0, 0x1f, 0xf8, 0x0, 0x0, 0xcf, 0xe4, 0x0,
    0x2, 0xdf, 0xf8, 0x0, 0x8, 0xff, 0x80, 0xa,
    0xff, 0x93, 0x0, 0xff, 0x90, 0x0, 0x2f, 0xf7,
    0x0, 0x2, 0xff, 0x70, 0x0, 0x2f, 0xf7, 0x0,
    0x2, 0xff, 0x70, 0x0, 0x2f, 0xf6, 0x0, 0xdf,
    0xff, 0x50, 0xd, 0xff, 0xb0, 0x0, 0x1, 0x0,
    0x0, 0x0,

    /* U+007E "~" */
    0xa, 0xfe, 0xb4, 0x0, 0x0, 0x9, 0xff, 0xff,
    0xfc, 0x76, 0xb5, 0x2c, 0x66, 0xbf, 0xff, 0xff,
    0xc0, 0x0, 0x0, 0x3a, 0xef, 0xc2,

    /* U+00A0 " " */

    /* U+00A1 "¡" */
    0x1c, 0xfa, 0x5, 0xff, 0xf2, 0x4f, 0xff, 0x10,
    0x69, 0x50, 0x0, 0x0, 0x0, 0x4f, 0x10, 0x7,
    0xf3, 0x0, 0x9f, 0x50, 0xb, 0xf7, 0x0, 0xdf,
    0x90, 0xf, 0xfb, 0x1, 0xff, 0xd0, 0x1f, 0xfe,
    0x1, 0xff, 0xe0, 0x1f, 0xfe, 0x1, 0xff, 0xe0,

    /* U+00A2 "¢" */
    0x0, 0x0, 0x9, 0xb4, 0x0, 0x0, 0x0, 0x0,
    0xd, 0xf6, 0x0, 0x0, 0x0, 0x0, 0x2d, 0xf8,
    0x10, 0x0, 0x0, 0x1b, 0xff, 0xff, 0xf7, 0x0,
    0x0, 0xcf, 0xff, 0xff, 0xff, 0x60, 0x6, 0xff,
    0x8a, 0xf5, 0xcf, 0x80, 0xc, 0xfe, 0xa, 0xf3,
    0x22, 0x0, 0xf, 0xfb, 0xa, 0xf3, 0x0, 0x0,
    0xf, 0xfb, 0xa, 0xf3, 0x0, 0x0, 0xf, 0xfb,
    0xa, 0xf3, 0x0, 0x0, 0xd, 0xfd, 0xa, 0xf3,
    0x1, 0x0, 0x8, 0xff, 0x4a, 0xf3, 0x8f, 0x70,
    0x1, 0xef, 0xfe, 0xfd, 0xff, 0xb0, 0x0, 0x3e,
    0xff, 0xff, 0xfc, 0x10, 0x0, 0x0, 0x6e, 0xfb,
    0x50, 0x0, 0x0, 0x0, 0xd, 0xf6, 0x0, 0x0,
    0x0, 0x0, 0xd, 0xf6, 0x0, 0x0,

    /* U+00A3 "£" */
    0x0, 0x0, 0x6c, 0xff, 0xd9, 0x20, 0x0, 0x0,
    0xcf, 0xff, 0xff, 0xff, 0x50, 0x0, 0x9f, 0xff,
    0xb9, 0xcf, 0xff, 0x10, 0xf, 0xff, 0x50, 0x0,
    0x6e, 0x40, 0x1, 0xff, 0xf0, 0x0, 0x0, 0x0,
    0x0, 0xf, 0xfe, 0x0, 0x0, 0x0, 0x0, 0x0,
    0xcf, 0xf1, 0x0, 0x0, 0x0, 0x1, 0xff, 0xff,
    0xff, 0xff, 0xb0, 0x0, 0x1f, 0xff, 0xff, 0xff,
    0xfb, 0x0, 0x0, 0x55, 0xdf, 0xf6, 0x55, 0x40,
    0x0, 0x0, 0xb, 0xff, 0x10, 0x0, 0x0, 0x0,
    0x0, 0xef, 0xe0, 0x0, 0x0, 0x0, 0x0, 0x9f,
    0xf5, 0x0, 0x0, 0x0, 0x0, 0x6f, 0xfe, 0x99,
    0x99, 0x99, 0x90, 0x7, 0xff, 0xff, 0xff, 0xff,
    0xff, 0x0, 0x7f, 0xff, 0xff, 0xff, 0xff, 0xf0,

    /* U+00A4 "¤" */
    0x1, 0x0, 0x0, 0x0, 0x0, 0x1, 0x0, 0x2e,
    0xa0, 0x0, 0x0, 0x0, 0x1d, 0xb0, 0x6f, 0xfa,
    0x7d, 0xfe, 0xc6, 0xdf, 0xf3, 0x7, 0xff, 0xff,
    0xff, 0xff, 0xff, 0x30, 0x0, 0xcf, 0xf9, 0x34,
    0xcf, 0xf7, 0x0, 0x1, 0xff, 0xc0, 0x0, 0x1f,
    0xfc, 0x0, 0x3, 0xff, 0x80, 0x0, 0xd, 0xff,
    0x0, 0x4, 0xff, 0x80, 0x0, 0xc, 0xff, 0x0,
    0x3, 0xff, 0x80, 0x0, 0xd, 0xff, 0x0, 0x1,
    0xff, 0xc0, 0x0, 0x1f, 0xfc, 0x0, 0x0, 0xcf,
    0xf9, 0x33, 0xcf, 0xf7, 0x0, 0x7, 0xff, 0xff,
    0xff, 0xff, 0xff, 0x30, 0x6f, 0xfa, 0x7d, 0xfe,
    0xc6, 0xdf, 0xf2, 0x2e, 0xa0, 0x0, 0x0, 0x0,
    0x1d, 0xb0, 0x1, 0x0, 0x0, 0x0, 0x0, 0x1,
    0x0,

    /* U+00A5 "¥" */
    0xbf, 0xf8, 0x0, 0x0, 0x6, 0xff, 0xb2, 0xff,
    0xf1, 0x0, 0x0, 0xdf, 0xf2, 0xa, 0xff, 0x90,
    0x0, 0x6f, 0xfa, 0x0, 0x1f, 0xff, 0x10, 0xd,
    0xff, 0x10, 0x0, 0x8f, 0xf9, 0x6, 0xff, 0x80,
    0x0, 0x1, 0xff, 0xf2, 0xdf, 0xe1, 0x0, 0x0,
    0x7, 0xff, 0xef, 0xf7, 0x0, 0x0, 0x9d, 0xef,
    0xff, 0xff, 0xed, 0x90, 0xb, 0xff, 0xff, 0xff,
    0xff, 0xfb, 0x0, 0x0, 0x0, 0xff, 0xf0, 0x0,
    0x0, 0x0, 0x0, 0xf, 0xff, 0x0, 0x0, 0x0,
    0xbf, 0xff, 0xff, 0xff, 0xff, 0xb0, 0x9, 0xdd,
    0xdf, 0xff, 0xdd, 0xd9, 0x0, 0x0, 0x0, 0xff,
    0xf0, 0x0, 0x0, 0x0, 0x0, 0xf, 0xff, 0x0,
    0x0, 0x0, 0x0, 0x0, 0xff, 0xf0, 0x0, 0x0,

    /* U+00A6 "¦" */
    0xf, 0xf5, 0xf, 0xf5, 0xf, 0xf5, 0xf, 0xf5,
    0xf, 0xf5, 0xf, 0xf5, 0xf, 0xf5, 0xf, 0xf5,
    0x0, 0x0, 0x0, 0x0, 0x0, 0x0, 0x0, 0x0,
    0xf, 0xf5, 0xf, 0xf5, 0xf, 0xf5, 0xf, 0xf5,
    0xf, 0xf5, 0xf, 0xf5, 0xf, 0xf5, 0xf, 0xf5,
    0x0, 0x0,

    /* U+00A7 "§" */
    0x0, 0x2a, 0xdf, 0xeb, 0x50, 0x0, 0x4f, 0xff,
    0xff, 0xff, 0x80, 0xd, 0xfd, 0x42, 0x3a, 0xe1,
    0x0, 0xff, 0x70, 0x0, 0x1, 0x0, 0xe, 0xfc,
    0x10, 0x0, 0x0, 0x0, 0x8f, 0xff, 0xb6, 0x10,
    0x0, 0x0, 0xaf, 0xff, 0xff, 0xa1, 0x0, 0x5e,
    0x77, 0xbf, 0xff, 0xc0, 0x4f, 0xc0, 0x0, 0x1b,
    0xff, 0x4a, 0xfb, 0x0, 0x0, 0x2f, 0xf4, 0xaf,
    0xf5, 0x0, 0x3, 0xfe, 0x4, 0xff, 0xfe, 0x95,
    0xcc, 0x20, 0x4, 0xef, 0xff, 0xff, 0x30, 0x0,
    0x0, 0x48, 0xdf, 0xff, 0x20, 0x0, 0x0, 0x0,
    0x5f, 0xf8, 0x0, 0x0, 0x0, 0x0, 0xdf, 0x90,
    0x4, 0xd5, 0x0, 0x6f, 0xf7, 0x0, 0xef, 0xff,
    0xff, 0xfd, 0x0, 0x2, 0xae, 0xff, 0xe9, 0x10,
    0x0, 0x0, 0x1, 0x0, 0x0, 0x0,

    /* U+00A8 "¨" */
    0x0, 0x0, 0x0, 0x0, 0x1, 0xef, 0x90, 0x6f,
    0xf3, 0x4f, 0xfd, 0xa, 0xff, 0x71, 0xdf, 0x80,
    0x5f, 0xe3,

    /* U+00A9 "©" */
    0x0, 0x0, 0x0, 0x1, 0x0, 0x0, 0x0, 0x0,
    0x0, 0x0, 0x7c, 0xff, 0xfe, 0x91, 0x0, 0x0,
    0x0, 0x2d, 0xfb, 0x65, 0x69, 0xef, 0x60, 0x0,
    0x2, 0xed, 0x30, 0x0, 0x0, 0x1a, 0xf6, 0x0,
    0xb, 0xe1, 0x0, 0x0, 0x0, 0x0, 0xaf, 0x10,
    0x3f, 0x50, 0x6, 0xdf, 0xfb, 0x20, 0x1f, 0x80,
    0x8f, 0x0, 0x7f, 0xff, 0xff, 0xe1, 0xa, 0xe0,
    0xcc, 0x1, 0xff, 0xa1, 0x2e, 0xc2, 0x7, 0xf1,
    0xdb, 0x5, 0xff, 0x30, 0x1, 0x0, 0x6, 0xf2,
    0xdb, 0x7, 0xff, 0x20, 0x0, 0x0, 0x6, 0xf3,
    0xcb, 0x5, 0xff, 0x30, 0x1, 0x0, 0x6, 0xf1,
    0x9e, 0x1, 0xff, 0xa1, 0x3d, 0xe4, 0x9, 0xe0,
    0x4f, 0x40, 0x7f, 0xff, 0xff, 0xe2, 0xe, 0xa0,
    0xd, 0xd0, 0x6, 0xdf, 0xeb, 0x20, 0x8f, 0x20,
    0x3, 0xfb, 0x10, 0x0, 0x0, 0x7, 0xf8, 0x0,
    0x0, 0x5f, 0xe8, 0x32, 0x26, 0xcf, 0x90, 0x0,
    0x0, 0x2, 0xaf, 0xff, 0xff, 0xc4, 0x0, 0x0,
    0x0, 0x0, 0x0, 0x34, 0x31, 0x0, 0x0, 0x0,

    /* U+00AA "ª" */
    0x0, 0x9e, 0xfd, 0x70, 0x0, 0x8f, 0xa8, 0xdf,
    0x60, 0x0, 0x10, 0x4, 0xfb, 0x0, 0x1a, 0xef,
    0xff, 0xc0, 0xc, 0xf7, 0x26, 0xfc, 0x0, 0xff,
    0x0, 0x4f, 0xc0, 0xd, 0xf7, 0x5b, 0xfe, 0x50,
    0x3c, 0xfd, 0x3a, 0xfa,

    /* U+00AB "«" */
    0x0, 0x0, 0x0, 0x0, 0x0, 0x0, 0x0, 0xa,
    0x30, 0x0, 0x95, 0x0, 0x1c, 0xfa, 0x0, 0xbf,
    0xb0, 0x2d, 0xfe, 0x21, 0xcf, 0xf3, 0x1e, 0xff,
    0x30, 0xdf, 0xf5, 0x3, 0xff, 0x50, 0x1f, 0xf7,
    0x0, 0x3f, 0xfa, 0x1, 0xff, 0xb0, 0x0, 0xaf,
    0xf8, 0x9, 0xff, 0xa0, 0x0, 0x8f, 0xf6, 0x7,
    0xff, 0x80, 0x0, 0x6f, 0x80, 0x5, 0xf9, 0x0,
    0x0, 0x41, 0x0, 0x3, 0x20,

    /* U+00AC "¬" */
    0x35, 0x55, 0x55, 0x55, 0x55, 0x3c, 0xff, 0xff,
    0xff, 0xff, 0xfb, 0xcf, 0xff, 0xff, 0xff, 0xff,
    0xb0, 0x0, 0x0, 0x0, 0x9, 0xfb, 0x0, 0x0,
    0x0, 0x0, 0x9f, 0xb0, 0x0, 0x0, 0x0, 0x9,
    0xfb, 0x0, 0x0, 0x0, 0x0, 0x9f, 0xb0,

    /* U+00AD "­" */

    /* U+00AE "®" */
    0x0, 0x19, 0xdd, 0xa3, 0x0, 0x2, 0xe8, 0x32,
    0x6e, 0x50, 0xc, 0x6b, 0xff, 0xa2, 0xe1, 0x2e,
    0xb, 0x83, 0xf1, 0xa6, 0x4d, 0xb, 0xff, 0x90,
    0x88, 0x2e, 0xb, 0x89, 0xb0, 0xa7, 0xd, 0x56,
    0x52, 0x93, 0xe1, 0x3, 0xe7, 0x11, 0x4d, 0x60,
    0x0, 0x2a, 0xef, 0xc5, 0x0,

    /* U+00AF "¯" */
    0x11, 0x11, 0x11, 0x1a, 0xff, 0xff, 0xfe, 0xaf,
    0xff, 0xff, 0xe0,

    /* U+00B0 "°" */
    0x0, 0x9e, 0xfb, 0x20, 0x0, 0xdf, 0xff, 0xff,
    0x30, 0x7f, 0xc1, 0x8, 0xfc, 0xb, 0xf5, 0x0,
    0xf, 0xf1, 0xbf, 0x50, 0x0, 0xff, 0x17, 0xfc,
    0x10, 0x8f, 0xc0, 0xd, 0xff, 0xff, 0xf3, 0x0,
    0x19, 0xef, 0xc3, 0x0,

    /* U+00B1 "±" */
    0x0, 0x0, 0x23, 0x20, 0x0, 0x0, 0x0, 0xa,
    0xfd, 0x0, 0x0, 0x0, 0x0, 0xaf, 0xd0, 0x0,
    0x0, 0x0, 0xa, 0xfd, 0x0, 0x0, 0x25, 0x55,
    0xbf, 0xe5, 0x55, 0x38, 0xff, 0xff, 0xff, 0xff,
    0xfb, 0x8f, 0xff, 0xff, 0xff, 0xff, 0xb0, 0x0,
    0xa, 0xfd, 0x0, 0x0, 0x0, 0x0, 0xaf, 0xd0,
    0x0, 0x0, 0x0, 0xa, 0xfd, 0x0, 0x0, 0x0,
    0x0, 0xaf, 0xd0, 0x0, 0x0, 0x0, 0x0, 0x0,
    0x0, 0x0, 0x25, 0x55, 0x55, 0x55, 0x55, 0x38,
    0xff, 0xff, 0xff, 0xff, 0xfb, 0x8f, 0xff, 0xff,
    0xff, 0xff, 0xb0,

    /* U+00B2 "²" */
    0x3, 0xcf, 0xe9, 0x12, 0xff, 0xbe, 0xf9, 0x16,
    0x50, 0x5f, 0xc0, 0x0, 0xa, 0xf8, 0x0, 0x1b,
    0xfa, 0x0, 0x4e, 0xe6, 0x0, 0x3f, 0xfb, 0x99,
    0x93, 0xff, 0xff, 0xff,

    /* U+00B3 "³" */
    0x7, 0xdf, 0xe9, 0x3, 0xfc, 0x9d, 0xf9, 0x2,
    0x0, 0x8f, 0x90, 0x7, 0xff, 0xa0, 0x0, 0x49,
    0xdf, 0x60, 0x60, 0x4, 0xfc, 0x8f, 0xc9, 0xdf,
    0x90, 0x8e, 0xfe, 0x90,

    /* U+00B4 "´" */
    0x0, 0x0, 0x0, 0x1d, 0x70, 0x8, 0xff, 0x51,
    0xff, 0xa0, 0x8f, 0xe0, 0x4, 0xc3, 0x0,

    /* U+00B5 "µ" */
    0x6f, 0xf7, 0x0, 0x6, 0xff, 0x76, 0xff, 0x70,
    0x0, 0x6f, 0xf7, 0x6f, 0xf7, 0x0, 0x6, 0xff,
    0x76, 0xff, 0x70, 0x0, 0x6f, 0xf7, 0x6f, 0xf7,
    0x0, 0x6, 0xff, 0x76, 0xff, 0x70, 0x0, 0x6f,
    0xf7, 0x6f, 0xf7, 0x0, 0x6, 0xff, 0x76, 0xff,
    0x70, 0x0, 0x6f, 0xf7, 0x6f, 0xfb, 0x0, 0x9,
    0xff, 0x76, 0xff, 0xf9, 0x6a, 0xff, 0xf7, 0x6f,
    0xff, 0xff, 0xf8, 0xff, 0x76, 0xff, 0x9e, 0xd5,
    0x6f, 0xf7, 0x6f, 0xf3, 0x0, 0x0, 0x0, 0x6,
    0xff, 0x60, 0x0, 0x0, 0x0, 0x6f, 0xf6, 0x0,
    0x0, 0x0, 0x6, 0xff, 0x60, 0x0, 0x0, 0x0,

    /* U+00B6 "¶" */
    0x0, 0x8, 0xef, 0xff, 0xff, 0xff, 0xf6, 0x0,
    0xdf, 0xff, 0xff, 0xff, 0xff, 0xf6, 0x8, 0xff,
    0xff, 0xf9, 0x25, 0xfe, 0x20, 0xf, 0xff, 0xff,
    0xf8, 0x4, 0xfe, 0x0, 0x2f, 0xff, 0xff, 0xf8,
    0x4, 0xfe, 0x0, 0x1f, 0xff, 0xff, 0xf8, 0x4,
    0xfe, 0x0, 0xe, 0xff, 0xff, 0xf8, 0x4, 0xfe,
    0x0, 0x5, 0xff, 0xff, 0xf8, 0x4, 0xfe, 0x0,
    0x0, 0x8f, 0xff, 0xf8, 0x4, 0xfe, 0x0, 0x0,
    0x3, 0x8d, 0xf8, 0x4, 0xfe, 0x0, 0x0, 0x0,
    0xa, 0xf8, 0x4, 0xfe, 0x0, 0x0, 0x0, 0xa,
    0xf8, 0x4, 0xfe, 0x0, 0x0, 0x0, 0xa, 0xf8,
    0x4, 0xfe, 0x0, 0x0, 0x0, 0xa, 0xf8, 0x4,
    0xfe, 0x0, 0x0, 0x0, 0xa, 0xf8, 0x4, 0xfe,
    0x0, 0x0, 0x0, 0xa, 0xf8, 0x4, 0xfe, 0x0,
    0x0, 0x0, 0xa, 0xf8, 0x4, 0xfe, 0x0, 0x0,
    0x0, 0xa, 0xf8, 0x4, 0xfe, 0x0, 0x0, 0x0,
    0xa, 0xf8, 0x4, 0xfe, 0x0, 0x0, 0x0, 0x1,
    0x21, 0x0, 0x22, 0x0,

    /* U+00B7 "·" */
    0x3a, 0x91, 0xdf, 0xf8, 0xdf, 0xf9, 0x6f, 0xe3,

    /* U+00B8 "¸" */
    0x0, 0x21, 0x0, 0x1, 0xf4, 0x0, 0x4, 0xf2,
    0x10, 0x2, 0x6d, 0xf5, 0x18, 0x38, 0xf9, 0x6f,
    0xff, 0xf3, 0x1, 0x44, 0x0,

    /* U+00B9 "¹" */
    0x2, 0xef, 0xf4, 0x0, 0xd, 0xfe, 0xf4, 0x0,
    0x5f, 0x5b, 0xf4, 0x0, 0x2, 0xb, 0xf4, 0x0,
    0x0, 0xb, 0xf4, 0x0, 0x0, 0xb, 0xf4, 0x0,
    0x7, 0x8d, 0xfa, 0x81, 0xe, 0xff, 0xff, 0xf2,

    /* U+00BA "º" */
    0x0, 0x6d, 0xfe, 0x90, 0x0, 0x6f, 0xe9, 0xcf,
    0xb0, 0xe, 0xf2, 0x0, 0xdf, 0x30, 0xff, 0x0,
    0xa, 0xf6, 0xf, 0xf0, 0x0, 0xaf, 0x60, 0xef,
    0x20, 0xd, 0xf3, 0x6, 0xfe, 0x9c, 0xfb, 0x0,
    0x6, 0xdf, 0xe9, 0x10,

    /* U+00BB "»" */
    0x0, 0x0, 0x0, 0x0, 0x0, 0x5, 0x90, 0x0,
    0x3a, 0x0, 0x0, 0xbf, 0xb0, 0xa, 0xfc, 0x10,
    0x4, 0xff, 0xc1, 0x2f, 0xfd, 0x10, 0x5, 0xff,
    0xd0, 0x4f, 0xfe, 0x10, 0x7, 0xff, 0x10, 0x5f,
    0xf2, 0x0, 0xbf, 0xf1, 0xa, 0xff, 0x20, 0xaf,
    0xf9, 0x8, 0xff, 0xa0, 0x8f, 0xf7, 0x6, 0xff,
    0x80, 0xa, 0xf5, 0x0, 0x8f, 0x60, 0x0, 0x23,
    0x0, 0x1, 0x40, 0x0, 0x0,

    /* U+00BC "¼" */
    0x2, 0xef, 0xf4, 0x0, 0x0, 0x0, 0x2, 0xfe,
    0x10, 0x0, 0xdf, 0xef, 0x40, 0x0, 0x0, 0x0,
    0xdf, 0x40, 0x0, 0x5f, 0x5b, 0xf4, 0x0, 0x0,
    0x0, 0x9f, 0x80, 0x0, 0x0, 0x20, 0xbf, 0x40,
    0x0, 0x0, 0x5f, 0xc0, 0x0, 0x0, 0x0, 0xb,
    0xf4, 0x0, 0x0, 0x2f, 0xe1, 0x0, 0x0, 0x0,
    0x0, 0xbf, 0x40, 0x0, 0xc, 0xf4, 0x0, 0x0,
    0x0, 0x8, 0x9e, 0xfb, 0x91, 0x8, 0xf9, 0x0,
    0x0, 0x0, 0x0, 0xef, 0xff, 0xff, 0x24, 0xfc,
    0x0, 0x9, 0xee, 0x0, 0x0, 0x0, 0x0, 0x1,
    0xef, 0x20, 0x4, 0xff, 0xf0, 0x0, 0x0, 0x0,
    0x0, 0xbf, 0x50, 0x0, 0xec, 0xff, 0x0, 0x0,
    0x0, 0x0, 0x7f, 0xa0, 0x0, 0x9f, 0x2f, 0xf0,
    0x0, 0x0, 0x0, 0x3f, 0xd0, 0x0, 0x3f, 0x70,
    0xff, 0x0, 0x0, 0x0, 0x1e, 0xf3, 0x0, 0xb,
    0xf8, 0x8f, 0xf8, 0x0, 0x0, 0xa, 0xf6, 0x0,
    0x0, 0xbf, 0xff, 0xff, 0xf0, 0x0, 0x6, 0xfb,
    0x0, 0x0, 0x0, 0x0, 0xf, 0xf0, 0x0, 0x0,
    0x77, 0x10, 0x0, 0x0, 0x0, 0x0, 0x77, 0x0,

    /* U+00BD "½" */
    0x0, 0x68, 0x82, 0x0, 0x0, 0x0, 0x0, 0x77,
    0x10, 0x0, 0x7f, 0xff, 0x40, 0x0, 0x0, 0x0,
    0x8f, 0x90, 0x0, 0x4f, 0xbb, 0xf4, 0x0, 0x0,
    0x0, 0x3f, 0xd0, 0x0, 0x1, 0xa1, 0xbf, 0x40,
    0x0, 0x0, 0x1e, 0xf2, 0x0, 0x0, 0x0, 0xb,
    0xf4, 0x0, 0x0, 0xb, 0xf6, 0x0, 0x0, 0x0,
    0x0, 0xbf, 0x40, 0x0, 0x7, 0xfa, 0x0, 0x0,
    0x0, 0x0, 0xb, 0xf4, 0x0, 0x3, 0xfe, 0x10,
    0x0, 0x0, 0x0, 0xef, 0xff, 0xff, 0x20, 0xdf,
    0x30, 0x59, 0xa7, 0x0, 0x8, 0x99, 0x99, 0x91,
    0xaf, 0x70, 0x8f, 0xff, 0xfb, 0x0, 0x0, 0x0,
    0x0, 0x5f, 0xb0, 0xa, 0xe2, 0x2f, 0xf2, 0x0,
    0x0, 0x0, 0x2f, 0xe1, 0x0, 0x0, 0x0, 0xff,
    0x10, 0x0, 0x0, 0xc, 0xf4, 0x0, 0x0, 0x0,
    0xaf, 0xb0, 0x0, 0x0, 0x9, 0xf8, 0x0, 0x0,
    0x1, 0xbf, 0xc0, 0x0, 0x0, 0x4, 0xfc, 0x0,
    0x0, 0x2, 0xdf, 0x80, 0x0, 0x0, 0x1, 0xef,
    0x20, 0x0, 0x0, 0xdf, 0xda, 0xaa, 0x30, 0x0,
    0xcf, 0x50, 0x0, 0x0, 0xe, 0xff, 0xff, 0xf5,

    /* U+00BE "¾" */
    0x7, 0xdf, 0xe9, 0x0, 0x0, 0x0, 0x6, 0xfb,
    0x0, 0x3f, 0xd9, 0xef, 0x90, 0x0, 0x0, 0x2f,
    0xe1, 0x0, 0x2, 0x0, 0x8f, 0x90, 0x0, 0x0,
    0xdf, 0x30, 0x0, 0x0, 0x7f, 0xfa, 0x10, 0x0,
    0x9, 0xf7, 0x0, 0x0, 0x0, 0x4a, 0xef, 0x50,
    0x0, 0x5f, 0xb0, 0x0, 0x0, 0x2, 0x0, 0x4f,
    0xc0, 0x2, 0xfe, 0x10, 0x0, 0x0, 0x5f, 0x60,
    0x8f, 0xb0, 0xc, 0xf4, 0x0, 0x0, 0x0, 0x5f,
    0xff, 0xff, 0x40, 0x8f, 0x80, 0x0, 0x67, 0x50,
    0x2, 0x78, 0x71, 0x4, 0xfc, 0x0, 0x5, 0xff,
    0xa0, 0x0, 0x0, 0x0, 0x1e, 0xf2, 0x0, 0x1e,
    0xef, 0xa0, 0x0, 0x0, 0x0, 0xbf, 0x50, 0x0,
    0xbe, 0x4f, 0xa0, 0x0, 0x0, 0x7, 0xf9, 0x0,
    0x7, 0xf4, 0x3f, 0xa0, 0x0, 0x0, 0x3f, 0xd0,
    0x0, 0xf, 0xd8, 0x9f, 0xd6, 0x0, 0x1, 0xef,
    0x20, 0x0, 0xf, 0xff, 0xff, 0xfc, 0x0, 0xa,
    0xf6, 0x0, 0x0, 0x0, 0x0, 0x3f, 0xa0, 0x0,
    0x18, 0x60, 0x0, 0x0, 0x0, 0x0, 0x18, 0x50,

    /* U+00BF "¿" */
    0x0, 0x0, 0x6f, 0xe3, 0x0, 0x0, 0x0, 0xd,
    0xff, 0xa0, 0x0, 0x0, 0x0, 0xcf, 0xf8, 0x0,
    0x0, 0x0, 0x2, 0x98, 0x10, 0x0, 0x0, 0x0,
    0x0, 0x0, 0x0, 0x0, 0x0, 0x6, 0xff, 0x30,
    0x0, 0x0, 0x0, 0x7f, 0xf3, 0x0, 0x0, 0x3,
    0xcf, 0xff, 0x30, 0x0, 0x4, 0xff, 0xfd, 0xa2,
    0x0, 0x0, 0xef, 0xf5, 0x0, 0x0, 0x0, 0x3f,
    0xfc, 0x0, 0x0, 0x0, 0x5, 0xff, 0xa0, 0x0,
    0x7, 0x10, 0x3f, 0xfe, 0x0, 0x6, 0xff, 0x40,
    0xdf, 0xfd, 0x8a, 0xff, 0xe0, 0x3, 0xff, 0xff,
    0xff, 0xf4, 0x0, 0x2, 0xae, 0xfe, 0xa2, 0x0,

    /* U+00C0 "À" */
    0x0, 0x0, 0x0, 0x0, 0x0, 0x0, 0x0, 0x0,
    0x0, 0x0, 0x7d, 0x0, 0x0, 0x0, 0x0, 0x0,
    0x0, 0x6f, 0xf7, 0x0, 0x0, 0x0, 0x0, 0x0,
    0x0, 0xbf, 0xe0, 0x0, 0x0, 0x0, 0x0, 0x0,
    0x1, 0xef, 0x70, 0x0, 0x0, 0x0, 0x0, 0x0,
    0x4, 0xb3, 0x0, 0x0, 0x0, 0x0, 0x0, 0x0,
    0x0, 0x0, 0x0, 0x0, 0x0, 0x0, 0x0, 0x8f,
    0xff, 0x60, 0x0, 0x0, 0x0, 0x0, 0xd, 0xff,
    0xfb, 0x0, 0x0, 0x0, 0x0, 0x3, 0xff, 0xff,
    0xf0, 0x0, 0x0, 0x0, 0x0, 0x8f, 0xf9, 0xff,
    0x50, 0x0, 0x0, 0x0, 0xd, 0xfd, 0x2f, 0xfa,
    0x0, 0x0, 0x0, 0x2, 0xff, 0x80, 0xdf, 0xf0,
    0x0, 0x0, 0x0, 0x7f, 0xf3, 0x8, 0xff, 0x40,
    0x0, 0x0, 0xc, 0xfe, 0x0, 0x3f, 0xf9, 0x0,
    0x0, 0x1, 0xff, 0x90, 0x0, 0xef, 0xe0, 0x0,
    0x0, 0x7f, 0xfb, 0x88, 0x8d, 0xff, 0x40, 0x0,
    0xc, 0xff, 0xff, 0xff, 0xff, 0xf9, 0x0, 0x1,
    0xff, 0xff, 0xff, 0xff, 0xff, 0xe0, 0x0, 0x6f,
    0xf7, 0x0, 0x0, 0xc, 0xff, 0x30, 0xb, 0xff,
    0x20, 0x0, 0x0, 0x7f, 0xf8, 0x1, 0xff, 0xd0,
    0x0, 0x0, 0x2, 0xff, 0xd0, 0x5f, 0xf8, 0x0,
    0x0, 0x0, 0xd, 0xff, 0x20,

    /* U+00C1 "Á" */
    0x0, 0x0, 0x0, 0x0, 0x0, 0x0, 0x0, 0x0,
    0x0, 0x0, 0x0, 0x4d, 0x50, 0x0, 0x0, 0x0,
    0x0, 0x0, 0xc, 0xff, 0x20, 0x0, 0x0, 0x0,
    0x0, 0x4, 0xff, 0x60, 0x0, 0x0, 0x0, 0x0,
    0x0, 0xcf, 0xb0, 0x0, 0x0, 0x0, 0x0, 0x0,
    0x6, 0xc1, 0x0, 0x0, 0x0, 0x0, 0x0, 0x0,
    0x0, 0x0, 0x0, 0x0, 0x0, 0x0, 0x0, 0x8f,
    0xff, 0x60, 0x0, 0x0, 0x0, 0x0, 0xd, 0xff,
    0xfb, 0x0, 0x0, 0x0, 0x0, 0x3, 0xff, 0xff,
    0xf0, 0x0, 0x0, 0x0, 0x0, 0x8f, 0xf9, 0xff,
    0x50, 0x0, 0x0, 0x0, 0xd, 0xfd, 0x2f, 0xfa,
    0x0, 0x0, 0x0, 0x2, 0xff, 0x80, 0xdf, 0xf0,
    0x0, 0x0, 0x0, 0x7f, 0xf3, 0x8, 0xff, 0x40,
    0x0, 0x0, 0xc, 0xfe, 0x0, 0x3f, 0xf9, 0x0,
    0x0, 0x1, 0xff, 0x90, 0x0, 0xef, 0xe0, 0x0,
    0x0, 0x7f, 0xfb, 0x88, 0x8d, 0xff, 0x40, 0x0,
    0xc, 0xff, 0xff, 0xff, 0xff, 0xf9, 0x0, 0x1,
    0xff, 0xff, 0xff, 0xff, 0xff, 0xe0, 0x0, 0x6f,
    0xf7, 0x0, 0x0, 0xc, 0xff, 0x30, 0xb, 0xff,
    0x20, 0x0, 0x0, 0x7f, 0xf8, 0x1, 0xff, 0xd0,
    0x0, 0x0, 0x2, 0xff, 0xd0, 0x5f, 0xf8, 0x0,
    0x0, 0x0, 0xd, 0xff, 0x20,

    /* U+00C2 "Â" */
    0x0, 0x0, 0x1, 0x78, 0x60, 0x0, 0x0, 0x0,
    0x0, 0x0, 0xbf, 0xff, 0x70, 0x0, 0x0, 0x0,
    0x0, 0x9f, 0xfb, 0xff, 0x40, 0x0, 0x0, 0x0,
    0x6f, 0xf4, 0x8, 0xff, 0x20, 0x0, 0x0, 0x1,
    0xb3, 0x0, 0x8, 0x90, 0x0, 0x0, 0x0, 0x0,
    0x0, 0x0, 0x0, 0x0, 0x0, 0x0, 0x0, 0x8,
    0xff, 0xf6, 0x0, 0x0, 0x0, 0x0, 0x0, 0xdf,
    0xff, 0xb0, 0x0, 0x0, 0x0, 0x0, 0x3f, 0xff,
    0xff, 0x0, 0x0, 0x0, 0x0, 0x8, 0xff, 0x9f,
    0xf5, 0x0, 0x0, 0x0, 0x0, 0xdf, 0xd2, 0xff,
    0xa0, 0x0, 0x0, 0x0, 0x2f, 0xf8, 0xd, 0xff,
    0x0, 0x0, 0x0, 0x7, 0xff, 0x30, 0x8f, 0xf4,
    0x0, 0x0, 0x0, 0xcf, 0xe0, 0x3, 0xff, 0x90,
    0x0, 0x0, 0x1f, 0xf9, 0x0, 0xe, 0xfe, 0x0,
    0x0, 0x7, 0xff, 0xb8, 0x88, 0xdf, 0xf4, 0x0,
    0x0, 0xcf, 0xff, 0xff, 0xff, 0xff, 0x90, 0x0,
    0x1f, 0xff, 0xff, 0xff, 0xff, 0xfe, 0x0, 0x6,
    0xff, 0x70, 0x0, 0x0, 0xcf, 0xf3, 0x0, 0xbf,
    0xf2, 0x0, 0x0, 0x7, 0xff, 0x80, 0x1f, 0xfd,
    0x0, 0x0, 0x0, 0x2f, 0xfd, 0x5, 0xff, 0x80,
    0x0, 0x0, 0x0, 0xdf, 0xf2,

    /* U+00C3 "Ã" */
    0x0, 0x0, 0x1, 0x0, 0x0, 0x0, 0x0, 0x0,
    0x0, 0x1d, 0xff, 0x93, 0x36, 0x0, 0x0, 0x0,
    0x7, 0xff, 0xff, 0xff, 0xf2, 0x0, 0x0, 0x0,
    0x5, 0x3, 0x9e, 0xe7, 0x0, 0x0, 0x0, 0x0,
    0x0, 0x0, 0x0, 0x0, 0x0, 0x0, 0x0, 0x0,
    0x8f, 0xff, 0x60, 0x0, 0x0, 0x0, 0x0, 0xd,
    0xff, 0xfb, 0x0, 0x0, 0x0, 0x0, 0x3, 0xff,
    0xff, 0xf0, 0x0, 0x0, 0x0, 0x0, 0x8f, 0xf9,
    0xff, 0x50, 0x0, 0x0, 0x0, 0xd, 0xfd, 0x2f,
    0xfa, 0x0, 0x0, 0x0, 0x2, 0xff, 0x80, 0xdf,
    0xf0, 0x0, 0x0, 0x0, 0x7f, 0xf3, 0x8, 0xff,
    0x40, 0x0, 0x0, 0xc, 0xfe, 0x0, 0x3f, 0xf9,
    0x0, 0x0, 0x1, 0xff, 0x90, 0x0, 0xef, 0xe0,
    0x0, 0x0, 0x7f, 0xfb, 0x88, 0x8d, 0xff, 0x40,
    0x0, 0xc, 0xff, 0xff, 0xff, 0xff, 0xf9, 0x0,
    0x1, 0xff, 0xff, 0xff, 0xff, 0xff, 0xe0, 0x0,
    0x6f, 0xf7, 0x0, 0x0, 0xc, 0xff, 0x30, 0xb,
    0xff, 0x20, 0x0, 0x0, 0x7f, 0xf8, 0x1, 0xff,
    0xd0, 0x0, 0x0, 0x2, 0xff, 0xd0, 0x5f, 0xf8,
    0x0, 0x0, 0x0, 0xd, 0xff, 0x20,

    /* U+00C4 "Ä" */
    0x0, 0x0, 0x0, 0x0, 0x0, 0x0, 0x0, 0x0,
    0x0, 0x4f, 0xf5, 0x9, 0xfd, 0x0, 0x0, 0x0,
    0x8, 0xff, 0x90, 0xef, 0xf3, 0x0, 0x0, 0x0,
    0x3e, 0xe4, 0x8, 0xfc, 0x0, 0x0, 0x0, 0x0,
    0x0, 0x0, 0x0, 0x0, 0x0, 0x0, 0x0, 0x0,
    0x8f, 0xff, 0x60, 0x0, 0x0, 0x0, 0x0, 0xd,
    0xff, 0xfb, 0x0, 0x0, 0x0, 0x0, 0x3, 0xff,
    0xff, 0xf0, 0x0, 0x0, 0x0, 0x0, 0x8f, 0xf9,
    0xff, 0x50, 0x0, 0x0, 0x0, 0xd, 0xfd, 0x2f,
    0xfa, 0x0, 0x0, 0x0, 0x2, 0xff, 0x80, 0xdf,
    0xf0, 0x0, 0x0, 0x0, 0x7f, 0xf3, 0x8, 0xff,
    0x40, 0x0, 0x0, 0xc, 0xfe, 0x0, 0x3f, 0xf9,
    0x0, 0x0, 0x1, 0xff, 0x90, 0x0, 0xef, 0xe0,
    0x0, 0x0, 0x7f, 0xfb, 0x88, 0x8d, 0xff, 0x40,
    0x0, 0xc, 0xff, 0xff, 0xff, 0xff, 0xf9, 0x0,
    0x1, 0xff, 0xff, 0xff, 0xff, 0xff, 0xe0, 0x0,
    0x6f, 0xf7, 0x0, 0x0, 0xc, 0xff, 0x30, 0xb,
    0xff, 0x20, 0x0, 0x0, 0x7f, 0xf8, 0x1, 0xff,
    0xd0, 0x0, 0x0, 0x2, 0xff, 0xd0, 0x5f, 0xf8,
    0x0, 0x0, 0x0, 0xd, 0xff, 0x20,

    /* U+00C5 "Å" */
    0x0, 0x0, 0x0, 0x57, 0x30, 0x0, 0x0, 0x0,
    0x0, 0x0, 0xdf, 0xff, 0x80, 0x0, 0x0, 0x0,
    0x0, 0x8f, 0x70, 0xbf, 0x20, 0x0, 0x0, 0x0,
    0xa, 0xf3, 0x7, 0xf5, 0x0, 0x0, 0x0, 0x0,
    0x7f, 0x70, 0xbf, 0x20, 0x0, 0x0, 0x0, 0x0,
    0xdf, 0xff, 0x90, 0x0, 0x0, 0x0, 0x0, 0x0,
    0x57, 0x40, 0x0, 0x0, 0x0, 0x0, 0x0, 0x8f,
    0xff, 0x60, 0x0, 0x0, 0x0, 0x0, 0xd, 0xff,
    0xfb, 0x0, 0x0, 0x0, 0x0, 0x3, 0xff, 0xff,
    0xf0, 0x0, 0x0, 0x0, 0x0, 0x8f, 0xf9, 0xff,
    0x50, 0x0, 0x0, 0x0, 0xd, 0xfd, 0x2f, 0xfa,
    0x0, 0x0, 0x0, 0x2, 0xff, 0x80, 0xdf, 0xf0,
    0x0, 0x0, 0x0, 0x7f, 0xf3, 0x8, 0xff, 0x40,
    0x0, 0x0, 0xc, 0xfe, 0x0, 0x3f, 0xf9, 0x0,
    0x0, 0x1, 0xff, 0x90, 0x0, 0xef, 0xe0, 0x0,
    0x0, 0x7f, 0xfb, 0x88, 0x8d, 0xff, 0x40, 0x0,
    0xc, 0xff, 0xff, 0xff, 0xff, 0xf9, 0x0, 0x1,
    0xff, 0xff, 0xff, 0xff, 0xff, 0xe0, 0x0, 0x6f,
    0xf7, 0x0, 0x0, 0xc, 0xff, 0x30, 0xb, 0xff,
    0x20, 0x0, 0x0, 0x7f, 0xf8, 0x1, 0xff, 0xd0,
    0x0, 0x0, 0x2, 0xff, 0xd0, 0x5f, 0xf8, 0x0,
    0x0, 0x0, 0xd, 0xff, 0x20,

    /* U+00C6 "Æ" */
    0x0, 0x0, 0x0, 0xa, 0xff, 0xff, 0xff, 0xff,
    0xff, 0xfa, 0x0, 0x0, 0x0, 0x1f, 0xff, 0xff,
    0xff, 0xff, 0xff, 0xfa, 0x0, 0x0, 0x0, 0x9f,
    0xfd, 0xff, 0xca, 0xaa, 0xaa, 0xa6, 0x0, 0x0,
    0x1, 0xff, 0xa8, 0xff, 0x60, 0x0, 0x0, 0x0,
    0x0, 0x0, 0x8, 0xff, 0x38, 0xff, 0x60, 0x0,
    0x0, 0x0, 0x0, 0x0, 0x1f, 0xfc, 0x8, 0xff,
    0x60, 0x0, 0x0, 0x0, 0x0, 0x0, 0x7f, 0xf5,
    0x8, 0xff, 0x60, 0x0, 0x0, 0x0, 0x0, 0x0,
    0xef, 0xd0, 0x8, 0xff, 0xff, 0xff, 0xff, 0xc0,
    0x0, 0x6, 0xff, 0x60, 0x8, 0xff, 0xff, 0xff,
    0xff, 0xc0, 0x0, 0xe, 0xff, 0x88, 0x8c, 0xff,
    0xa7, 0x77, 0x77, 0x60, 0x0, 0x6f, 0xff, 0xff,
    0xff, 0xff, 0x60, 0x0, 0x0, 0x0, 0x0, 0xdf,
    0xff, 0xff, 0xff, 0xff, 0x60, 0x0, 0x0, 0x0,
    0x5, 0xff, 0x80, 0x0, 0x8, 0xff, 0x60, 0x0,
    0x0, 0x0, 0xc, 0xff, 0x10, 0x0, 0x8, 0xff,
    0xca, 0xaa, 0xaa, 0xa6, 0x4f, 0xf9, 0x0, 0x0,
    0x8, 0xff, 0xff, 0xff, 0xff, 0xfa, 0xcf, 0xf2,
    0x0, 0x0, 0x8, 0xff, 0xff, 0xff, 0xff, 0xfa,

    /* U+00C7 "Ç" */
    0x0, 0x2, 0x9d, 0xfe, 0xc6, 0x0, 0x0, 0x6,
    0xff, 0xff, 0xff, 0xfc, 0x10, 0x5, 0xff, 0xfd,
    0xab, 0xff, 0xfb, 0x0, 0xef, 0xf7, 0x0, 0x2,
    0xdf, 0xf2, 0x5f, 0xfc, 0x0, 0x0, 0x4, 0x91,
    0x9, 0xff, 0x60, 0x0, 0x0, 0x0, 0x0, 0xcf,
    0xf4, 0x0, 0x0, 0x0, 0x0, 0xd, 0xff, 0x30,
    0x0, 0x0, 0x0, 0x0, 0xdf, 0xf3, 0x0, 0x0,
    0x0, 0x0, 0xc, 0xff, 0x40, 0x0, 0x0, 0x0,
    0x0, 0xaf, 0xf6, 0x0, 0x0, 0x0, 0x0, 0x6,
    0xff, 0xb0, 0x0, 0x0, 0x3c, 0x30, 0x1f, 0xff,
    0x60, 0x0, 0x2d, 0xff, 0x30, 0x7f, 0xff, 0xda,
    0xbf, 0xff, 0xb0, 0x0, 0x8f, 0xff, 0xff, 0xff,
    0xc0, 0x0, 0x0, 0x3a, 0xef, 0xec, 0x60, 0x0,
    0x0, 0x0, 0x7, 0xe2, 0x10, 0x0, 0x0, 0x0,
    0x0, 0x25, 0xdf, 0x30, 0x0, 0x0, 0x0, 0x6b,
    0x8d, 0xf5, 0x0, 0x0, 0x0, 0x5, 0xdf, 0xe9,
    0x0, 0x0,

    /* U+00C8 "È" */
    0x0, 0x0, 0x0, 0x0, 0x0, 0x0, 0x0, 0x3b,
    0x70, 0x0, 0x0, 0x0, 0xd, 0xfe, 0x0, 0x0,
    0x0, 0x0, 0x3f, 0xf7, 0x0, 0x0, 0x0, 0x0,
    0x7f, 0xe0, 0x0, 0x0, 0x0, 0x0, 0xb8, 0x0,
    0x0, 0x0, 0x0, 0x0, 0x0, 0x0, 0x3, 0xff,
    0xff, 0xff, 0xff, 0xfe, 0x3f, 0xff, 0xff, 0xff,
    0xff, 0xe3, 0xff, 0xea, 0xaa, 0xaa, 0xa9, 0x3f,
    0xfb, 0x0, 0x0, 0x0, 0x3, 0xff, 0xb0, 0x0,
    0x0, 0x0, 0x3f, 0xfb, 0x0, 0x0, 0x0, 0x3,
    0xff, 0xb0, 0x0, 0x0, 0x0, 0x3f, 0xff, 0xff,
    0xff, 0xff, 0x13, 0xff, 0xff, 0xff, 0xff, 0xf1,
    0x3f, 0xfe, 0xaa, 0xaa, 0xaa, 0x3, 0xff, 0xb0,
    0x0, 0x0, 0x0, 0x3f, 0xfb, 0x0, 0x0, 0x0,
    0x3, 0xff, 0xb0, 0x0, 0x0, 0x0, 0x3f, 0xfe,
    0xaa, 0xaa, 0xaa, 0x93, 0xff, 0xff, 0xff, 0xff,
    0xfe, 0x3f, 0xff, 0xff, 0xff, 0xff, 0xe0,

    /* U+00C9 "É" */
    0x0, 0x0, 0x0, 0x0, 0x0, 0x0, 0x0, 0x0,
    0xb, 0x91, 0x0, 0x0, 0x0, 0x3, 0xff, 0xa0,
    0x0, 0x0, 0x0, 0xbf, 0xd0, 0x0, 0x0, 0x0,
    0x3f, 0xf3, 0x0, 0x0, 0x0, 0x2, 0xa7, 0x0,
    0x0, 0x0, 0x0, 0x0, 0x0, 0x0, 0x3, 0xff,
    0xff, 0xff, 0xff, 0xfe, 0x3f, 0xff, 0xff, 0xff,
    0xff, 0xe3, 0xff, 0xea, 0xaa, 0xaa, 0xa9, 0x3f,
    0xfb, 0x0, 0x0, 0x0, 0x3, 0xff, 0xb0, 0x0,
    0x0, 0x0, 0x3f, 0xfb, 0x0, 0x0, 0x0, 0x3,
    0xff, 0xb0, 0x0, 0x0, 0x0, 0x3f, 0xff, 0xff,
    0xff, 0xff, 0x13, 0xff, 0xff, 0xff, 0xff, 0xf1,
    0x3f, 0xfe, 0xaa, 0xaa, 0xaa, 0x3, 0xff, 0xb0,
    0x0, 0x0, 0x0, 0x3f, 0xfb, 0x0, 0x0, 0x0,
    0x3, 0xff, 0xb0, 0x0, 0x0, 0x0, 0x3f, 0xfe,
    0xaa, 0xaa, 0xaa, 0x93, 0xff, 0xff, 0xff, 0xff,
    0xfe, 0x3f, 0xff, 0xff, 0xff, 0xff, 0xe0,

    /* U+00CA "Ê" */
    0x0, 0x0, 0x48, 0x82, 0x0, 0x0, 0x0, 0x4f,
    0xff, 0xe1, 0x0, 0x0, 0x2e, 0xfc, 0xef, 0xc0,
    0x0, 0xd, 0xfb, 0x2, 0xef, 0x90, 0x0, 0x6a,
    0x0, 0x2, 0xc3, 0x0, 0x0, 0x0, 0x0, 0x0,
    0x0, 0x3f, 0xff, 0xff, 0xff, 0xff, 0xe3, 0xff,
    0xff, 0xff, 0xff, 0xfe, 0x3f, 0xfe, 0xaa, 0xaa,
    0xaa, 0x93, 0xff, 0xb0, 0x0, 0x0, 0x0, 0x3f,
    0xfb, 0x0, 0x0, 0x0, 0x3, 0xff, 0xb0, 0x0,
    0x0, 0x0, 0x3f, 0xfb, 0x0, 0x0, 0x0, 0x3,
    0xff, 0xff, 0xff, 0xff, 0xf1, 0x3f, 0xff, 0xff,
    0xff, 0xff, 0x13, 0xff, 0xea, 0xaa, 0xaa, 0xa0,
    0x3f, 0xfb, 0x0, 0x0, 0x0, 0x3, 0xff, 0xb0,
    0x0, 0x0, 0x0, 0x3f, 0xfb, 0x0, 0x0, 0x0,
    0x3, 0xff, 0xea, 0xaa, 0xaa, 0xa9, 0x3f, 0xff,
    0xff, 0xff, 0xff, 0xe3, 0xff, 0xff, 0xff, 0xff,
    0xfe,

    /* U+00CB "Ë" */
    0x0, 0x0, 0x0, 0x0, 0x0, 0x0, 0xb, 0xfc,
    0x2, 0xff, 0x70, 0x0, 0xff, 0xf1, 0x6f, 0xfb,
    0x0, 0xa, 0xfb, 0x2, 0xef, 0x60, 0x0, 0x0,
    0x0, 0x0, 0x0, 0x3, 0xff, 0xff, 0xff, 0xff,
    0xfe, 0x3f, 0xff, 0xff, 0xff, 0xff, 0xe3, 0xff,
    0xea, 0xaa, 0xaa, 0xa9, 0x3f, 0xfb, 0x0, 0x0,
    0x0, 0x3, 0xff, 0xb0, 0x0, 0x0, 0x0, 0x3f,
    0xfb, 0x0, 0x0, 0x0, 0x3, 0xff, 0xb0, 0x0,
    0x0, 0x0, 0x3f, 0xff, 0xff, 0xff, 0xff, 0x13,
    0xff, 0xff, 0xff, 0xff, 0xf1, 0x3f, 0xfe, 0xaa,
    0xaa, 0xaa, 0x3, 0xff, 0xb0, 0x0, 0x0, 0x0,
    0x3f, 0xfb, 0x0, 0x0, 0x0, 0x3, 0xff, 0xb0,
    0x0, 0x0, 0x0, 0x3f, 0xfe, 0xaa, 0xaa, 0xaa,
    0x93, 0xff, 0xff, 0xff, 0xff, 0xfe, 0x3f, 0xff,
    0xff, 0xff, 0xff, 0xe0,

    /* U+00CC "Ì" */
    0x0, 0x0, 0x0, 0x0, 0x5, 0xd4, 0x0, 0x0,
    0x2f, 0xfc, 0x0, 0x0, 0x6, 0xff, 0x40, 0x0,
    0x0, 0xaf, 0xc0, 0x0, 0x0, 0x1c, 0x60, 0x0,
    0x0, 0x0, 0x0, 0x0, 0xdf, 0xff, 0xff, 0xf2,
    0xdf, 0xff, 0xff, 0xf2, 0x56, 0xef, 0xf7, 0x60,
    0x0, 0xdf, 0xf1, 0x0, 0x0, 0xdf, 0xf1, 0x0,
    0x0, 0xdf, 0xf1, 0x0, 0x0, 0xdf, 0xf1, 0x0,
    0x0, 0xdf, 0xf1, 0x0, 0x0, 0xdf, 0xf1, 0x0,
    0x0, 0xdf, 0xf1, 0x0, 0x0, 0xdf, 0xf1, 0x0,
    0x0, 0xdf, 0xf1, 0x0, 0x0, 0xdf, 0xf1, 0x0,
    0x46, 0xef, 0xf6, 0x60, 0xdf, 0xff, 0xff, 0xf2,
    0xdf, 0xff, 0xff, 0xf2,

    /* U+00CD "Í" */
    0x0, 0x0, 0x0, 0x0, 0x0, 0x0, 0xd7, 0x0,
    0x0, 0x7, 0xff, 0x60, 0x0, 0xe, 0xfb, 0x0,
    0x0, 0x7f, 0xe1, 0x0, 0x0, 0x3b, 0x40, 0x0,
    0x0, 0x0, 0x0, 0x0, 0xdf, 0xff, 0xff, 0xf2,
    0xdf, 0xff, 0xff, 0xf2, 0x56, 0xef, 0xf7, 0x60,
    0x0, 0xdf, 0xf1, 0x0, 0x0, 0xdf, 0xf1, 0x0,
    0x0, 0xdf, 0xf1, 0x0, 0x0, 0xdf, 0xf1, 0x0,
    0x0, 0xdf, 0xf1, 0x0, 0x0, 0xdf, 0xf1, 0x0,
    0x0, 0xdf, 0xf1, 0x0, 0x0, 0xdf, 0xf1, 0x0,
    0x0, 0xdf, 0xf1, 0x0, 0x0, 0xdf, 0xf1, 0x0,
    0x46, 0xef, 0xf6, 0x60, 0xdf, 0xff, 0xff, 0xf2,
    0xdf, 0xff, 0xff, 0xf2,

    /* U+00CE "Î" */
    0x0, 0x6, 0x87, 0x10, 0x0, 0x7, 0xff, 0xfb,
    0x0, 0x4, 0xff, 0xbf, 0xf9, 0x2, 0xef, 0x80,
    0x4f, 0xf6, 0x8, 0x80, 0x0, 0x3b, 0x10, 0x0,
    0x0, 0x0, 0x0, 0xd, 0xff, 0xff, 0xff, 0x20,
    0xdf, 0xff, 0xff, 0xf2, 0x5, 0x6e, 0xff, 0x76,
    0x0, 0x0, 0xdf, 0xf1, 0x0, 0x0, 0xd, 0xff,
    0x10, 0x0, 0x0, 0xdf, 0xf1, 0x0, 0x0, 0xd,
    0xff, 0x10, 0x0, 0x0, 0xdf, 0xf1, 0x0, 0x0,
    0xd, 0xff, 0x10, 0x0, 0x0, 0xdf, 0xf1, 0x0,
    0x0, 0xd, 0xff, 0x10, 0x0, 0x0, 0xdf, 0xf1,
    0x0, 0x0, 0xd, 0xff, 0x10, 0x0, 0x46, 0xef,
    0xf6, 0x60, 0xd, 0xff, 0xff, 0xff, 0x20, 0xdf,
    0xff, 0xff, 0xf2,

    /* U+00CF "Ï" */
    0x0, 0x0, 0x0, 0x0, 0x0, 0xdf, 0xa0, 0x5f,
    0xf4, 0x3f, 0xfe, 0x9, 0xff, 0x80, 0xcf, 0x90,
    0x4e, 0xe3, 0x0, 0x0, 0x0, 0x0, 0x0, 0xdf,
    0xff, 0xff, 0xf2, 0xd, 0xff, 0xff, 0xff, 0x20,
    0x56, 0xef, 0xf7, 0x60, 0x0, 0xd, 0xff, 0x10,
    0x0, 0x0, 0xdf, 0xf1, 0x0, 0x0, 0xd, 0xff,
    0x10, 0x0, 0x0, 0xdf, 0xf1, 0x0, 0x0, 0xd,
    0xff, 0x10, 0x0, 0x0, 0xdf, 0xf1, 0x0, 0x0,
    0xd, 0xff, 0x10, 0x0, 0x0, 0xdf, 0xf1, 0x0,
    0x0, 0xd, 0xff, 0x10, 0x0, 0x0, 0xdf, 0xf1,
    0x0, 0x4, 0x6e, 0xff, 0x66, 0x0, 0xdf, 0xff,
    0xff, 0xf2, 0xd, 0xff, 0xff, 0xff, 0x20,

    /* U+00D0 "Ð" */
    0x1, 0xff, 0xff, 0xff, 0xeb, 0x50, 0x0, 0x0,
    0x1f, 0xff, 0xff, 0xff, 0xff, 0xb0, 0x0, 0x1,
    0xff, 0xea, 0xaa, 0xcf, 0xff, 0x90, 0x0, 0x1f,
    0xfc, 0x0, 0x0, 0x3e, 0xff, 0x30, 0x1, 0xff,
    0xc0, 0x0, 0x0, 0x6f, 0xf9, 0x0, 0x1f, 0xfc,
    0x0, 0x0, 0x1, 0xff, 0xd0, 0x25, 0xff, 0xd3,
    0x31, 0x0, 0xf, 0xff, 0xc, 0xff, 0xff, 0xff,
    0x80, 0x0, 0xff, 0xf1, 0xcf, 0xff, 0xff, 0xf8,
    0x0, 0xf, 0xff, 0x10, 0x1f, 0xfc, 0x0, 0x0,
    0x0, 0xff, 0xf0, 0x1, 0xff, 0xc0, 0x0, 0x0,
    0x1f, 0xfd, 0x0, 0x1f, 0xfc, 0x0, 0x0, 0x6,
    0xff, 0x90, 0x1, 0xff, 0xc0, 0x0, 0x4, 0xef,
    0xf3, 0x0, 0x1f, 0xfe, 0xaa, 0xac, 0xff, 0xfa,
    0x0, 0x1, 0xff, 0xff, 0xff, 0xff, 0xfb, 0x0,
    0x0, 0x1f, 0xff, 0xff, 0xfe, 0xb5, 0x0, 0x0,

    /* U+00D1 "Ñ" */
    0x0, 0x0, 0x1, 0x0, 0x0, 0x0, 0x0, 0x0,
    0x6, 0xff, 0xd6, 0x26, 0x20, 0x0, 0x0, 0xd,
    0xff, 0xff, 0xff, 0xb0, 0x0, 0x0, 0x2, 0x31,
    0x5c, 0xfc, 0x20, 0x0, 0x0, 0x0, 0x0, 0x0,
    0x0, 0x0, 0x0, 0x3f, 0xff, 0x40, 0x0, 0x0,
    0xbf, 0xf0, 0x3f, 0xff, 0xd0, 0x0, 0x0, 0xbf,
    0xf0, 0x3f, 0xff, 0xf6, 0x0, 0x0, 0xbf, 0xf0,
    0x3f, 0xff, 0xfe, 0x0, 0x0, 0xbf, 0xf0, 0x3f,
    0xfe, 0xff, 0x80, 0x0, 0xbf, 0xf0, 0x3f, 0xf9,
    0xdf, 0xf1, 0x0, 0xbf, 0xf0, 0x3f, 0xf8, 0x6f,
    0xfa, 0x0, 0xbf, 0xf0, 0x3f, 0xf8, 0xe, 0xff,
    0x30, 0xbf, 0xf0, 0x3f, 0xf8, 0x6, 0xff, 0xb0,
    0xbf, 0xf0, 0x3f, 0xf8, 0x0, 0xdf, 0xf3, 0xbf,
    0xf0, 0x3f, 0xf8, 0x0, 0x4f, 0xfb, 0xbf, 0xf0,
    0x3f, 0xf8, 0x0, 0xb, 0xff, 0xef, 0xf0, 0x3f,
    0xf8, 0x0, 0x2, 0xff, 0xff, 0xf0, 0x3f, 0xf8,
    0x0, 0x0, 0x9f, 0xff, 0xf0, 0x3f, 0xf8, 0x0,
    0x0, 0x1f, 0xff, 0xf0, 0x3f, 0xf8, 0x0, 0x0,
    0x7, 0xff, 0xf0,

    /* U+00D2 "Ò" */
    0x0, 0x0, 0x7, 0x40, 0x0, 0x0, 0x0, 0x0,
    0x0, 0xef, 0xc0, 0x0, 0x0, 0x0, 0x0, 0x0,
    0x6f, 0xf4, 0x0, 0x0, 0x0, 0x0, 0x0, 0xb,
    0xfc, 0x0, 0x0, 0x0, 0x0, 0x0, 0x1, 0xec,
    0x10, 0x0, 0x0, 0x0, 0x0, 0x0, 0x10, 0x0,
    0x0, 0x0, 0x0, 0x2, 0x9d, 0xff, 0xc7, 0x0,
    0x0, 0x0, 0x7f, 0xff, 0xff, 0xff, 0xe3, 0x0,
    0x5, 0xff, 0xfd, 0xab, 0xff, 0xfe, 0x10, 0xe,
    0xff, 0x70, 0x0, 0x1c, 0xff, 0x90, 0x5f, 0xfc,
    0x0, 0x0, 0x2, 0xff, 0xf0, 0x9f, 0xf6, 0x0,
    0x0, 0x0, 0xbf, 0xf4, 0xcf, 0xf4, 0x0, 0x0,
    0x0, 0x9f, 0xf6, 0xdf, 0xf3, 0x0, 0x0, 0x0,
    0x9f, 0xf7, 0xdf, 0xf3, 0x0, 0x0, 0x0, 0x9f,
    0xf7, 0xcf, 0xf4, 0x0, 0x0, 0x0, 0x9f, 0xf6,
    0x9f, 0xf6, 0x0, 0x0, 0x0, 0xbf, 0xf4, 0x5f,
    0xfc, 0x0, 0x0, 0x2, 0xff, 0xf0, 0xe, 0xff,
    0x70, 0x0, 0x1c, 0xff, 0x90, 0x5, 0xff, 0xfd,
    0xab, 0xff, 0xfe, 0x10, 0x0, 0x7f, 0xff, 0xff,
    0xff, 0xe3, 0x0, 0x0, 0x2, 0x9d, 0xff, 0xc7,
    0x0, 0x0,

    /* U+00D3 "Ó" */
    0x0, 0x0, 0x0, 0x7, 0x50, 0x0, 0x0, 0x0,
    0x0, 0x0, 0x2f, 0xf9, 0x0, 0x0, 0x0, 0x0,
    0x0, 0xaf, 0xf2, 0x0, 0x0, 0x0, 0x0, 0x2,
    0xff, 0x50, 0x0, 0x0, 0x0, 0x0, 0x4, 0xea,
    0x0, 0x0, 0x0, 0x0, 0x0, 0x0, 0x0, 0x0,
    0x0, 0x0, 0x0, 0x2, 0x9d, 0xff, 0xc7, 0x0,
    0x0, 0x0, 0x7f, 0xff, 0xff, 0xff, 0xe3, 0x0,
    0x5, 0xff, 0xfd, 0xab, 0xff, 0xfe, 0x10, 0xe,
    0xff, 0x70, 0x0, 0x1c, 0xff, 0x90, 0x5f, 0xfc,
    0x0, 0x0, 0x2, 0xff, 0xf0, 0x9f, 0xf6, 0x0,
    0x0, 0x0, 0xbf, 0xf4, 0xcf, 0xf4, 0x0, 0x0,
    0x0, 0x9f, 0xf6, 0xdf, 0xf3, 0x0, 0x0, 0x0,
    0x9f, 0xf7, 0xdf, 0xf3, 0x0, 0x0, 0x0, 0x9f,
    0xf7, 0xcf, 0xf4, 0x0, 0x0, 0x0, 0x9f, 0xf6,
    0x9f, 0xf6, 0x0, 0x0, 0x0, 0xbf, 0xf4, 0x5f,
    0xfc, 0x0, 0x0, 0x2, 0xff, 0xf0, 0xe, 0xff,
    0x70, 0x0, 0x1c, 0xff, 0x90, 0x5, 0xff, 0xfd,
    0xab, 0xff, 0xfe, 0x10, 0x0, 0x7f, 0xff, 0xff,
    0xff, 0xe3, 0x0, 0x0, 0x2, 0x9d, 0xff, 0xc7,
    0x0, 0x0,

    /* U+00D4 "Ô" */
    0x0, 0x0, 0x5, 0x88, 0x20, 0x0, 0x0, 0x0,
    0x0, 0x3f, 0xff, 0xd0, 0x0, 0x0, 0x0, 0x1,
    0xef, 0xdf, 0xfa, 0x0, 0x0, 0x0, 0xc, 0xfc,
    0x14, 0xff, 0x70, 0x0, 0x0, 0xa, 0xc1, 0x0,
    0x4e, 0x50, 0x0, 0x0, 0x0, 0x0, 0x0, 0x0,
    0x0, 0x0, 0x0, 0x2, 0x9d, 0xff, 0xc7, 0x0,
    0x0, 0x0, 0x7f, 0xff, 0xff, 0xff, 0xe3, 0x0,
    0x5, 0xff, 0xfd, 0xab, 0xff, 0xfe, 0x10, 0xe,
    0xff, 0x70, 0x0, 0x1c, 0xff, 0x90, 0x5f, 0xfc,
    0x0, 0x0, 0x2, 0xff, 0xf0, 0x9f, 0xf6, 0x0,
    0x0, 0x0, 0xbf, 0xf4, 0xcf, 0xf4, 0x0, 0x0,
    0x0, 0x9f, 0xf6, 0xdf, 0xf3, 0x0, 0x0, 0x0,
    0x9f, 0xf7, 0xdf, 0xf3, 0x0, 0x0, 0x0, 0x9f,
    0xf7, 0xcf, 0xf4, 0x0, 0x0, 0x0, 0x9f, 0xf6,
    0x9f, 0xf6, 0x0, 0x0, 0x0, 0xbf, 0xf4, 0x5f,
    0xfc, 0x0, 0x0, 0x2, 0xff, 0xf0, 0xe, 0xff,
    0x70, 0x0, 0x1c, 0xff, 0x90, 0x5, 0xff, 0xfd,
    0xab, 0xff, 0xfe, 0x10, 0x0, 0x7f, 0xff, 0xff,
    0xff, 0xe3, 0x0, 0x0, 0x2, 0x9d, 0xff, 0xc7,
    0x0, 0x0,

    /* U+00D5 "Õ" */
    0x0, 0x5, 0xef, 0xa4, 0x5, 0x0, 0x0, 0x0,
    0xf, 0xff, 0xff, 0xff, 0x90, 0x0, 0x0, 0x5,
    0x53, 0x8e, 0xfe, 0x30, 0x0, 0x0, 0x0, 0x0,
    0x0, 0x10, 0x0, 0x0, 0x0, 0x0, 0x0, 0x0,
    0x0, 0x0, 0x0, 0x0, 0x2, 0x9d, 0xff, 0xc7,
    0x0, 0x0, 0x0, 0x7f, 0xff, 0xff, 0xff, 0xe3,
    0x0, 0x5, 0xff, 0xfd, 0xab, 0xff, 0xfe, 0x10,
    0xe, 0xff, 0x70, 0x0, 0x1c, 0xff, 0x90, 0x5f,
    0xfc, 0x0, 0x0, 0x2, 0xff, 0xf0, 0x9f, 0xf6,
    0x0, 0x0, 0x0, 0xbf, 0xf4, 0xcf, 0xf4, 0x0,
    0x0, 0x0, 0x9f, 0xf6, 0xdf, 0xf3, 0x0, 0x0,
    0x0, 0x9f, 0xf7, 0xdf, 0xf3, 0x0, 0x0, 0x0,
    0x9f, 0xf7, 0xcf, 0xf4, 0x0, 0x0, 0x0, 0x9f,
    0xf6, 0x9f, 0xf6, 0x0, 0x0, 0x0, 0xbf, 0xf4,
    0x5f, 0xfc, 0x0, 0x0, 0x2, 0xff, 0xf0, 0xe,
    0xff, 0x70, 0x0, 0x1c, 0xff, 0x90, 0x5, 0xff,
    0xfd, 0xab, 0xff, 0xfe, 0x10, 0x0, 0x7f, 0xff,
    0xff, 0xff, 0xe3, 0x0, 0x0, 0x2, 0x9d, 0xff,
    0xc7, 0x0, 0x0,

    /* U+00D6 "Ö" */
    0x0, 0xa, 0xfb, 0x2, 0xef, 0x50, 0x0, 0x0,
    0xf, 0xff, 0x16, 0xff, 0xb0, 0x0, 0x0, 0xc,
    0xfc, 0x3, 0xff, 0x60, 0x0, 0x0, 0x0, 0x10,
    0x0, 0x0, 0x0, 0x0, 0x0, 0x0, 0x0, 0x0,
    0x0, 0x0, 0x0, 0x0, 0x2, 0x9d, 0xff, 0xc7,
    0x0, 0x0, 0x0, 0x7f, 0xff, 0xff, 0xff, 0xe3,
    0x0, 0x5, 0xff, 0xfd, 0xab, 0xff, 0xfe, 0x10,
    0xe, 0xff, 0x70, 0x0, 0x1c, 0xff, 0x90, 0x5f,
    0xfc, 0x0, 0x0, 0x2, 0xff, 0xf0, 0x9f, 0xf6,
    0x0, 0x0, 0x0, 0xbf, 0xf4, 0xcf, 0xf4, 0x0,
    0x0, 0x0, 0x9f, 0xf6, 0xdf, 0xf3, 0x0, 0x0,
    0x0, 0x9f, 0xf7, 0xdf, 0xf3, 0x0, 0x0, 0x0,
    0x9f, 0xf7, 0xcf, 0xf4, 0x0, 0x0, 0x0, 0x9f,
    0xf6, 0x9f, 0xf6, 0x0, 0x0, 0x0, 0xbf, 0xf4,
    0x5f, 0xfc, 0x0, 0x0, 0x2, 0xff, 0xf0, 0xe,
    0xff, 0x70, 0x0, 0x1c, 0xff, 0x90, 0x5, 0xff,
    0xfd, 0xab, 0xff, 0xfe, 0x10, 0x0, 0x7f, 0xff,
    0xff, 0xff, 0xe3, 0x0, 0x0, 0x2, 0x9d, 0xff,
    0xc7, 0x0, 0x0,

    /* U+00D7 "×" */
    0x0, 0x70, 0x0, 0x0, 0x62, 0x0, 0xcf, 0x90,
    0x0, 0x6f, 0xe1, 0x8, 0xff, 0x80, 0x5f, 0xfb,
    0x0, 0x9, 0xff, 0xaf, 0xfc, 0x0, 0x0, 0xa,
    0xff, 0xfd, 0x10, 0x0, 0x0, 0x4f, 0xff, 0x70,
    0x0, 0x0, 0x3f, 0xff, 0xff, 0x60, 0x0, 0x2e,
    0xfe, 0x2c, 0xff, 0x50, 0xe, 0xfe, 0x20, 0xc,
    0xff, 0x20, 0x5e, 0x20, 0x0, 0x1d, 0x80, 0x0,
    0x10, 0x0, 0x0, 0x10, 0x0,

    /* U+00D8 "Ø" */
    0x0, 0x0, 0x0, 0x0, 0x0, 0xa, 0x40, 0x0,
    0x2, 0x9d, 0xfe, 0xc6, 0x7f, 0xf1, 0x0, 0x7f,
    0xff, 0xff, 0xff, 0xff, 0x70, 0x5, 0xff, 0xfb,
    0x88, 0xdf, 0xff, 0x10, 0xe, 0xff, 0x40, 0x0,
    0x5f, 0xff, 0x90, 0x5f, 0xfa, 0x0, 0x1, 0xef,
    0xff, 0xf0, 0x9f, 0xf5, 0x0, 0xa, 0xf9, 0x9f,
    0xf4, 0xcf, 0xf2, 0x0, 0x4f, 0xe0, 0x7f, 0xf6,
    0xdf, 0xf2, 0x0, 0xef, 0x40, 0x7f, 0xf7, 0xdf,
    0xf2, 0x9, 0xfa, 0x0, 0x7f, 0xf7, 0xcf, 0xf2,
    0x4f, 0xe1, 0x0, 0x7f, 0xf6, 0x9f, 0xf5, 0xdf,
    0x50, 0x0, 0xaf, 0xf4, 0x5f, 0xfe, 0xfa, 0x0,
    0x0, 0xef, 0xf0, 0xe, 0xff, 0xe1, 0x0, 0x9,
    0xff, 0x90, 0x6, 0xff, 0xfb, 0x88, 0xdf, 0xfe,
    0x10, 0xc, 0xff, 0xff, 0xff, 0xff, 0xe3, 0x0,
    0x6f, 0xf4, 0x9d, 0xff, 0xc7, 0x0, 0x0, 0x7,
    0x60, 0x0, 0x0, 0x0, 0x0, 0x0,

    /* U+00D9 "Ù" */
    0x0, 0x0, 0x0, 0x0, 0x0, 0x0, 0x0, 0x0,
    0x5, 0xd2, 0x0, 0x0, 0x0, 0x0, 0x3, 0xff,
    0xa0, 0x0, 0x0, 0x0, 0x0, 0x7, 0xff, 0x20,
    0x0, 0x0, 0x0, 0x0, 0xc, 0xfa, 0x0, 0x0,
    0x0, 0x0, 0x0, 0x1c, 0x50, 0x0, 0x0, 0x0,
    0x0, 0x0, 0x0, 0x0, 0x0, 0x5, 0xff, 0x80,
    0x0, 0x0, 0x6f, 0xf7, 0x5f, 0xf8, 0x0, 0x0,
    0x6, 0xff, 0x75, 0xff, 0x80, 0x0, 0x0, 0x6f,
    0xf7, 0x5f, 0xf8, 0x0, 0x0, 0x6, 0xff, 0x75,
    0xff, 0x80, 0x0, 0x0, 0x6f, 0xf7, 0x5f, 0xf8,
    0x0, 0x0, 0x6, 0xff, 0x75, 0xff, 0x80, 0x0,
    0x0, 0x6f, 0xf7, 0x5f, 0xf8, 0x0, 0x0, 0x6,
    0xff, 0x75, 0xff, 0x80, 0x0, 0x0, 0x6f, 0xf7,
    0x4f, 0xf8, 0x0, 0x0, 0x6, 0xff, 0x74, 0xff,
    0xa0, 0x0, 0x0, 0x7f, 0xf6, 0x2f, 0xfd, 0x0,
    0x0, 0xa, 0xff, 0x40, 0xef, 0xf6, 0x0, 0x4,
    0xff, 0xf1, 0x8, 0xff, 0xfc, 0xac, 0xff, 0xfa,
    0x0, 0xc, 0xff, 0xff, 0xff, 0xfd, 0x10, 0x0,
    0x7, 0xce, 0xff, 0xc8, 0x10, 0x0,

    /* U+00DA "Ú" */
    0x0, 0x0, 0x0, 0x0, 0x0, 0x0, 0x0, 0x0,
    0x0, 0x1, 0xd7, 0x0, 0x0, 0x0, 0x0, 0x0,
    0x8f, 0xf5, 0x0, 0x0, 0x0, 0x0, 0x1f, 0xfa,
    0x0, 0x0, 0x0, 0x0, 0x8, 0xfd, 0x0, 0x0,
    0x0, 0x0, 0x0, 0x4c, 0x30, 0x0, 0x0, 0x0,
    0x0, 0x0, 0x0, 0x0, 0x0, 0x5, 0xff, 0x80,
    0x0, 0x0, 0x6f, 0xf7, 0x5f, 0xf8, 0x0, 0x0,
    0x6, 0xff, 0x75, 0xff, 0x80, 0x0, 0x0, 0x6f,
    0xf7, 0x5f, 0xf8, 0x0, 0x0, 0x6, 0xff, 0x75,
    0xff, 0x80, 0x0, 0x0, 0x6f, 0xf7, 0x5f, 0xf8,
    0x0, 0x0, 0x6, 0xff, 0x75, 0xff, 0x80, 0x0,
    0x0, 0x6f, 0xf7, 0x5f, 0xf8, 0x0, 0x0, 0x6,
    0xff, 0x75, 0xff, 0x80, 0x0, 0x0, 0x6f, 0xf7,
    0x4f, 0xf8, 0x0, 0x0, 0x6, 0xff, 0x74, 0xff,
    0xa0, 0x0, 0x0, 0x7f, 0xf6, 0x2f, 0xfd, 0x0,
    0x0, 0xa, 0xff, 0x40, 0xef, 0xf6, 0x0, 0x4,
    0xff, 0xf1, 0x8, 0xff, 0xfc, 0xac, 0xff, 0xfa,
    0x0, 0xc, 0xff, 0xff, 0xff, 0xfd, 0x10, 0x0,
    0x7, 0xce, 0xff, 0xc8, 0x10, 0x0,

    /* U+00DB "Û" */
    0x0, 0x0, 0x7, 0x87, 0x0, 0x0, 0x0, 0x0,
    0x8, 0xff, 0xfa, 0x0, 0x0, 0x0, 0x5, 0xff,
    0xaf, 0xf7, 0x0, 0x0, 0x3, 0xff, 0x70, 0x5f,
    0xf4, 0x0, 0x0, 0xa, 0x60, 0x0, 0x5b, 0x10,
    0x0, 0x0, 0x0, 0x0, 0x0, 0x0, 0x0, 0x5f,
    0xf8, 0x0, 0x0, 0x6, 0xff, 0x75, 0xff, 0x80,
    0x0, 0x0, 0x6f, 0xf7, 0x5f, 0xf8, 0x0, 0x0,
    0x6, 0xff, 0x75, 0xff, 0x80, 0x0, 0x0, 0x6f,
    0xf7, 0x5f, 0xf8, 0x0, 0x0, 0x6, 0xff, 0x75,
    0xff, 0x80, 0x0, 0x0, 0x6f, 0xf7, 0x5f, 0xf8,
    0x0, 0x0, 0x6, 0xff, 0x75, 0xff, 0x80, 0x0,
    0x0, 0x6f, 0xf7, 0x5f, 0xf8, 0x0, 0x0, 0x6,
    0xff, 0x74, 0xff, 0x80, 0x0, 0x0, 0x6f, 0xf7,
    0x4f, 0xfa, 0x0, 0x0, 0x7, 0xff, 0x62, 0xff,
    0xd0, 0x0, 0x0, 0xaf, 0xf4, 0xe, 0xff, 0x60,
    0x0, 0x4f, 0xff, 0x10, 0x8f, 0xff, 0xca, 0xcf,
    0xff, 0xa0, 0x0, 0xcf, 0xff, 0xff, 0xff, 0xd1,
    0x0, 0x0, 0x7c, 0xef, 0xfc, 0x81, 0x0,

    /* U+00DC "Ü" */
    0x0, 0x1d, 0xf7, 0x5, 0xfe, 0x20, 0x0, 0x4,
    0xff, 0xc0, 0xaf, 0xf6, 0x0, 0x0, 0x1e, 0xf8,
    0x6, 0xff, 0x30, 0x0, 0x0, 0x0, 0x0, 0x0,
    0x0, 0x0, 0x0, 0x0, 0x0, 0x0, 0x0, 0x0,
    0x5, 0xff, 0x80, 0x0, 0x0, 0x6f, 0xf7, 0x5f,
    0xf8, 0x0, 0x0, 0x6, 0xff, 0x75, 0xff, 0x80,
    0x0, 0x0, 0x6f, 0xf7, 0x5f, 0xf8, 0x0, 0x0,
    0x6, 0xff, 0x75, 0xff, 0x80, 0x0, 0x0, 0x6f,
    0xf7, 0x5f, 0xf8, 0x0, 0x0, 0x6, 0xff, 0x75,
    0xff, 0x80, 0x0, 0x0, 0x6f, 0xf7, 0x5f, 0xf8,
    0x0, 0x0, 0x6, 0xff, 0x75, 0xff, 0x80, 0x0,
    0x0, 0x6f, 0xf7, 0x4f, 0xf8, 0x0, 0x0, 0x6,
    0xff, 0x74, 0xff, 0xa0, 0x0, 0x0, 0x7f, 0xf6,
    0x2f, 0xfd, 0x0, 0x0, 0xa, 0xff, 0x40, 0xef,
    0xf6, 0x0, 0x4, 0xff, 0xf1, 0x8, 0xff, 0xfc,
    0xac, 0xff, 0xfa, 0x0, 0xc, 0xff, 0xff, 0xff,
    0xfd, 0x10, 0x0, 0x7, 0xce, 0xff, 0xc8, 0x10,
    0x0,

    /* U+00DD "Ý" */
    0x0, 0x0, 0x0, 0x0, 0x0, 0x0, 0x0, 0x0,
    0x0, 0x0, 0x9, 0xa2, 0x0, 0x0, 0x0, 0x0,
    0x0, 0x2f, 0xfb, 0x0, 0x0, 0x0, 0x0, 0x0,
    0xaf, 0xe1, 0x0, 0x0, 0x0, 0x0, 0x2, 0xff,
    0x50, 0x0, 0x0, 0x0, 0x0, 0x1, 0x99, 0x0,
    0x0, 0x0, 0x0, 0x0, 0x0, 0x0, 0x0, 0x0,
    0x0, 0x8f, 0xfb, 0x0, 0x0, 0x0, 0xbf, 0xf6,
    0xe, 0xff, 0x40, 0x0, 0x4, 0xff, 0xd0, 0x6,
    0xff, 0xc0, 0x0, 0xc, 0xff, 0x50, 0x0, 0xdf,
    0xf4, 0x0, 0x4f, 0xfc, 0x0, 0x0, 0x5f, 0xfd,
    0x0, 0xcf, 0xf3, 0x0, 0x0, 0xc, 0xff, 0x54,
    0xff, 0xb0, 0x0, 0x0, 0x4, 0xff, 0xdc, 0xff,
    0x20, 0x0, 0x0, 0x0, 0xbf, 0xff, 0xf9, 0x0,
    0x0, 0x0, 0x0, 0x2f, 0xff, 0xf1, 0x0, 0x0,
    0x0, 0x0, 0xa, 0xff, 0x80, 0x0, 0x0, 0x0,
    0x0, 0x8, 0xff, 0x60, 0x0, 0x0, 0x0, 0x0,
    0x8, 0xff, 0x60, 0x0, 0x0, 0x0, 0x0, 0x8,
    0xff, 0x60, 0x0, 0x0, 0x0, 0x0, 0x8, 0xff,
    0x60, 0x0, 0x0, 0x0, 0x0, 0x8, 0xff, 0x60,
    0x0, 0x0, 0x0, 0x0, 0x8, 0xff, 0x60, 0x0,
    0x0,

    /* U+00DE "Þ" */
    0x3f, 0xfb, 0x0, 0x0, 0x0, 0x0, 0x3, 0xff,
    0xb0, 0x0, 0x0, 0x0, 0x0, 0x3f, 0xfb, 0x0,
    0x0, 0x0, 0x0, 0x3, 0xff, 0xff, 0xff, 0xfe,
    0xa2, 0x0, 0x3f, 0xff, 0xff, 0xff, 0xff, 0xe2,
    0x3, 0xff, 0xd9, 0x99, 0x9d, 0xff, 0xb0, 0x3f,
    0xfb, 0x0, 0x0, 0xe, 0xff, 0x13, 0xff, 0xb0,
    0x0, 0x0, 0xcf, 0xf3, 0x3f, 0xfb, 0x0, 0x0,
    0xc, 0xff, 0x33, 0xff, 0xb0, 0x0, 0x1, 0xef,
    0xf1, 0x3f, 0xfe, 0x99, 0x9a, 0xef, 0xfb, 0x3,
    0xff, 0xff, 0xff, 0xff, 0xfe, 0x20, 0x3f, 0xff,
    0xff, 0xff, 0xea, 0x20, 0x3, 0xff, 0xb0, 0x0,
    0x0, 0x0, 0x0, 0x3f, 0xfb, 0x0, 0x0, 0x0,
    0x0, 0x3, 0xff, 0xb0, 0x0, 0x0, 0x0, 0x0,

    /* U+00DF "ß" */
    0x0, 0x0, 0x4a, 0xef, 0xeb, 0x40, 0x0, 0x0,
    0x0, 0x7f, 0xff, 0xff, 0xff, 0x80, 0x0, 0x0,
    0x3f, 0xfe, 0x63, 0x5c, 0xff, 0x40, 0x0, 0x9,
    0xff, 0x50, 0x0, 0x1f, 0xfa, 0x0, 0x0, 0xcf,
    0xf1, 0x0, 0x0, 0xdf, 0xc0, 0x8, 0xff, 0xff,
    0x0, 0x7, 0xef, 0xfd, 0x0, 0x8f, 0xff, 0xf0,
    0x9, 0xff, 0xed, 0xa0, 0x2, 0x4d, 0xff, 0x0,
    0xff, 0xb0, 0x0, 0x0, 0x0, 0xcf, 0xf0, 0x1f,
    0xf9, 0x0, 0x0, 0x0, 0xc, 0xff, 0x0, 0xef,
    0xfa, 0x50, 0x0, 0x0, 0xcf, 0xf0, 0x5, 0xff,
    0xff, 0xe3, 0x0, 0xc, 0xff, 0x0, 0x2, 0x9e,
    0xff, 0xe0, 0x0, 0xcf, 0xf0, 0x0, 0x0, 0x9,
    0xff, 0x40, 0xc, 0xff, 0x0, 0x20, 0x0, 0x5f,
    0xf4, 0x0, 0xcf, 0xf0, 0x2e, 0xb4, 0x4c, 0xff,
    0x10, 0xc, 0xff, 0x9, 0xff, 0xff, 0xff, 0x70,
    0x0, 0xcf, 0xf0, 0x6, 0xcf, 0xfc, 0x50, 0x0,

    /* U+00E0 "à" */
    0x0, 0x0, 0x0, 0x0, 0x0, 0x0, 0x0, 0x4,
    0xc6, 0x0, 0x0, 0x0, 0x0, 0xe, 0xfe, 0x0,
    0x0, 0x0, 0x0, 0x4, 0xff, 0x60, 0x0, 0x0,
    0x0, 0x0, 0x8f, 0xe0, 0x0, 0x0, 0x0, 0x0,
    0xb, 0x70, 0x0, 0x0, 0x0, 0x0, 0x0, 0x0,
    0x0, 0x0, 0x0, 0x19, 0xdf, 0xfc, 0x60, 0x0,
    0x2, 0xef, 0xff, 0xff, 0xfa, 0x0, 0x6, 0xfe,
    0x75, 0x7f, 0xff, 0x30, 0x0, 0x52, 0x0, 0x7,
    0xff, 0x70, 0x0, 0x0, 0x0, 0x5, 0xff, 0x70,
    0x0, 0x5b, 0xef, 0xff, 0xff, 0x80, 0x8, 0xff,
    0xec, 0xbc, 0xff, 0x80, 0xf, 0xfd, 0x0, 0x5,
    0xff, 0x80, 0x2f, 0xfb, 0x0, 0x6, 0xff, 0x80,
    0xf, 0xff, 0x41, 0x4d, 0xff, 0xa3, 0x9, 0xff,
    0xff, 0xf7, 0xdf, 0xfa, 0x0, 0x8d, 0xfd, 0x70,
    0x4e, 0xfa,

    /* U+00E1 "á" */
    0x0, 0x0, 0x0, 0x0, 0x0, 0x0, 0x0, 0x0,
    0x0, 0xc9, 0x10, 0x0, 0x0, 0x0, 0x4, 0xff,
    0x80, 0x0, 0x0, 0x0, 0xc, 0xfd, 0x0, 0x0,
    0x0, 0x0, 0x4f, 0xf2, 0x0, 0x0, 0x0, 0x0,
    0x2a, 0x60, 0x0, 0x0, 0x0, 0x0, 0x0, 0x0,
    0x0, 0x0, 0x0, 0x19, 0xdf, 0xfc, 0x60, 0x0,
    0x2, 0xef, 0xff, 0xff, 0xfa, 0x0, 0x6, 0xfe,
    0x75, 0x7f, 0xff, 0x30, 0x0, 0x52, 0x0, 0x7,
    0xff, 0x70, 0x0, 0x0, 0x0, 0x5, 0xff, 0x70,
    0x0, 0x5b, 0xef, 0xff, 0xff, 0x80, 0x8, 0xff,
    0xec, 0xbc, 0xff, 0x80, 0xf, 0xfd, 0x0, 0x5,
    0xff, 0x80, 0x2f, 0xfb, 0x0, 0x6, 0xff, 0x80,
    0xf, 0xff, 0x41, 0x4d, 0xff, 0xa3, 0x9, 0xff,
    0xff, 0xf7, 0xdf, 0xfa, 0x0, 0x8d, 0xfd, 0x70,
    0x4e, 0xfa,

    /* U+00E2 "â" */
    0x0, 0x0, 0xdf, 0xf7, 0x0, 0x0, 0x0, 0x9,
    0xff, 0xff, 0x30, 0x0, 0x0, 0x5f, 0xf7, 0xcf,
    0xe1, 0x0, 0x0, 0xff, 0x70, 0xc, 0xf9, 0x0,
    0x0, 0x47, 0x0, 0x1, 0xa1, 0x0, 0x0, 0x0,
    0x0, 0x0, 0x0, 0x0, 0x0, 0x19, 0xdf, 0xfc,
    0x60, 0x0, 0x2, 0xef, 0xff, 0xff, 0xfa, 0x0,
    0x6, 0xfe, 0x75, 0x7f, 0xff, 0x30, 0x0, 0x52,
    0x0, 0x7, 0xff, 0x70, 0x0, 0x0, 0x0, 0x5,
    0xff, 0x70, 0x0, 0x5b, 0xef, 0xff, 0xff, 0x80,
    0x8, 0xff, 0xec, 0xbc, 0xff, 0x80, 0xf, 0xfd,
    0x0, 0x5, 0xff, 0x80, 0x2f, 0xfb, 0x0, 0x6,
    0xff, 0x80, 0xf, 0xff, 0x41, 0x4d, 0xff, 0xa3,
    0x9, 0xff, 0xff, 0xf7, 0xdf, 0xfa, 0x0, 0x8d,
    0xfd, 0x70, 0x4e, 0xfa,

    /* U+00E3 "ã" */
    0x0, 0x5e, 0xea, 0x30, 0x50, 0x0, 0x1, 0xff,
    0xff, 0xff, 0xf9, 0x0, 0x0, 0x54, 0x38, 0xef,
    0xe3, 0x0, 0x0, 0x0, 0x0, 0x1, 0x0, 0x0,
    0x0, 0x0, 0x0, 0x0, 0x0, 0x0, 0x0, 0x19,
    0xdf, 0xfc, 0x60, 0x0, 0x2, 0xef, 0xff, 0xff,
    0xfa, 0x0, 0x6, 0xfe, 0x75, 0x7f, 0xff, 0x30,
    0x0, 0x52, 0x0, 0x7, 0xff, 0x70, 0x0, 0x0,
    0x0, 0x5, 0xff, 0x70, 0x0, 0x5b, 0xef, 0xff,
    0xff, 0x80, 0x8, 0xff, 0xec, 0xbc, 0xff, 0x80,
    0xf, 0xfd, 0x0, 0x5, 0xff, 0x80, 0x2f, 0xfb,
    0x0, 0x6, 0xff, 0x80, 0xf, 0xff, 0x41, 0x4d,
    0xff, 0xa3, 0x9, 0xff, 0xff, 0xf7, 0xdf, 0xfa,
    0x0, 0x8d, 0xfd, 0x70, 0x4e, 0xfa,

    /* U+00E4 "ä" */
    0x0, 0xbf, 0xb0, 0x2e, 0xf5, 0x0, 0x0, 0xff,
    0xf0, 0x6f, 0xfa, 0x0, 0x0, 0xcf, 0xc0, 0x3f,
    0xf6, 0x0, 0x0, 0x0, 0x0, 0x0, 0x0, 0x0,
    0x0, 0x0, 0x0, 0x0, 0x0, 0x0, 0x0, 0x19,
    0xdf, 0xfc, 0x60, 0x0, 0x2, 0xef, 0xff, 0xff,
    0xfa, 0x0, 0x6, 0xfe, 0x75, 0x7f, 0xff, 0x30,
    0x0, 0x52, 0x0, 0x7, 0xff, 0x70, 0x0, 0x0,
    0x0, 0x5, 0xff, 0x70, 0x0, 0x5b, 0xef, 0xff,
    0xff, 0x80, 0x8, 0xff, 0xec, 0xbc, 0xff, 0x80,
    0xf, 0xfd, 0x0, 0x5, 0xff, 0x80, 0x2f, 0xfb,
    0x0, 0x6, 0xff, 0x80, 0xf, 0xff, 0x41, 0x4d,
    0xff, 0xa3, 0x9, 0xff, 0xff, 0xf7, 0xdf, 0xfa,
    0x0, 0x8d, 0xfd, 0x70, 0x4e, 0xfa,

    /* U+00E5 "å" */
    0x0, 0x1, 0xae, 0xd7, 0x0, 0x0, 0x0, 0xc,
    0xf9, 0xcf, 0x60, 0x0, 0x0, 0x2f, 0xa0, 0x1f,
    0xc0, 0x0, 0x0, 0x2f, 0xa0, 0x1f, 0xc0, 0x0,
    0x0, 0xc, 0xf9, 0xbf, 0x60, 0x0, 0x0, 0x1,
    0xaf, 0xe7, 0x0, 0x0, 0x0, 0x0, 0x0, 0x0,
    0x0, 0x0, 0x0, 0x19, 0xdf, 0xfc, 0x60, 0x0,
    0x2, 0xef, 0xff, 0xff, 0xfa, 0x0, 0x6, 0xfe,
    0x75, 0x7f, 0xff, 0x30, 0x0, 0x52, 0x0, 0x7,
    0xff, 0x70, 0x0, 0x0, 0x0, 0x5, 0xff, 0x70,
    0x0, 0x5b, 0xef, 0xff, 0xff, 0x80, 0x8, 0xff,
    0xec, 0xbc, 0xff, 0x80, 0xf, 0xfd, 0x0, 0x5,
    0xff, 0x80, 0x2f, 0xfb, 0x0, 0x6, 0xff, 0x80,
    0xf, 0xff, 0x41, 0x4d, 0xff, 0xa3, 0x9, 0xff,
    0xff, 0xf7, 0xdf, 0xfa, 0x0, 0x8d, 0xfd, 0x70,
    0x4e, 0xfa,

    /* U+00E6 "æ" */
    0x0, 0x19, 0xdf, 0xe9, 0x0, 0x5c, 0xff, 0xc6,
    0x0, 0x0, 0x2e, 0xff, 0xff, 0xfc, 0x7f, 0xff,
    0xff, 0xfa, 0x0, 0x6, 0xfe, 0x53, 0x5e, 0xff,
    0xfb, 0x34, 0xcf, 0xf5, 0x0, 0x6, 0x30, 0x0,
    0x7f, 0xfd, 0x0, 0x1, 0xff, 0xc0, 0x0, 0x0,
    0x0, 0x5, 0xff, 0x90, 0x0, 0xd, 0xff, 0x0,
    0x3, 0xad, 0xff, 0xff, 0xff, 0xff, 0xff, 0xff,
    0xf2, 0x7, 0xff, 0xfe, 0xee, 0xff, 0xfe, 0xee,
    0xee, 0xee, 0x20, 0xff, 0xe2, 0x0, 0x5f, 0xf9,
    0x0, 0x0, 0x0, 0x0, 0x2f, 0xfb, 0x0, 0x5,
    0xff, 0xd0, 0x0, 0x2, 0x60, 0x0, 0xff, 0xe4,
    0x14, 0xdd, 0xff, 0xd7, 0x58, 0xef, 0x60, 0x9,
    0xff, 0xff, 0xfe, 0x1a, 0xff, 0xff, 0xff, 0xf3,
    0x0, 0x8, 0xdf, 0xd9, 0x10, 0x5, 0xbe, 0xfd,
    0x81, 0x0,

    /* U+00E7 "ç" */
    0x0, 0x5, 0xcf, 0xfd, 0x70, 0x0, 0x9, 0xff,
    0xff, 0xff, 0xb0, 0x5, 0xff, 0xe6, 0x5b, 0xff,
    0x60, 0xcf, 0xf2, 0x0, 0xb, 0x71, 0xf, 0xfe,
    0x0, 0x0, 0x0, 0x1, 0xff, 0xd0, 0x0, 0x0,
    0x0, 0x1f, 0xfd, 0x0, 0x0, 0x0, 0x0, 0xff,
    0xd0, 0x0, 0x0, 0x0, 0xc, 0xff, 0x20, 0x0,
    0xca, 0x20, 0x5f, 0xfd, 0x65, 0xbf, 0xf7, 0x0,
    0xaf, 0xff, 0xff, 0xfc, 0x0, 0x0, 0x6c, 0xff,
    0xd8, 0x0, 0x0, 0x0, 0xf, 0x62, 0x0, 0x0,
    0x0, 0x0, 0x49, 0xfa, 0x0, 0x0, 0x1, 0xc8,
    0xaf, 0xc0, 0x0, 0x0, 0x1a, 0xff, 0xc3, 0x0,

    /* U+00E8 "è" */
    0x0, 0x0, 0x0, 0x0, 0x0, 0x0, 0x0, 0x1,
    0x8d, 0x0, 0x0, 0x0, 0x0, 0x7, 0xff, 0x60,
    0x0, 0x0, 0x0, 0x0, 0xcf, 0xe0, 0x0, 0x0,
    0x0, 0x0, 0x1e, 0xf6, 0x0, 0x0, 0x0, 0x0,
    0x5, 0xb3, 0x0, 0x0, 0x0, 0x0, 0x0, 0x0,
    0x0, 0x0, 0x0, 0x5, 0xbe, 0xfd, 0x70, 0x0,
    0x0, 0x8f, 0xff, 0xff, 0xfc, 0x0, 0x4, 0xff,
    0xd5, 0x39, 0xff, 0x90, 0xc, 0xff, 0x20, 0x0,
    0xcf, 0xf0, 0xf, 0xfd, 0x0, 0x0, 0x8f, 0xf4,
    0x1f, 0xff, 0xff, 0xff, 0xff, 0xf6, 0x1f, 0xff,
    0xee, 0xee, 0xee, 0xe5, 0xf, 0xfd, 0x0, 0x0,
    0x0, 0x0, 0xb, 0xff, 0x20, 0x0, 0x7, 0x0,
    0x4, 0xff, 0xe7, 0x56, 0xdf, 0xa0, 0x0, 0x8f,
    0xff, 0xff, 0xff, 0x60, 0x0, 0x4, 0xbe, 0xfe,
    0xa3, 0x0,

    /* U+00E9 "é" */
    0x0, 0x0, 0x0, 0x0, 0x0, 0x0, 0x0, 0x0,
    0x0, 0x5d, 0x50, 0x0, 0x0, 0x0, 0x0, 0xdf,
    0xf1, 0x0, 0x0, 0x0, 0x5, 0xff, 0x50, 0x0,
    0x0, 0x0, 0xc, 0xf9, 0x0, 0x0, 0x0, 0x0,
    0x6, 0xb0, 0x0, 0x0, 0x0, 0x0, 0x0, 0x0,
    0x0, 0x0, 0x0, 0x5, 0xbe, 0xfd, 0x70, 0x0,
    0x0, 0x8f, 0xff, 0xff, 0xfc, 0x0, 0x4, 0xff,
    0xd5, 0x39, 0xff, 0x90, 0xc, 0xff, 0x20, 0x0,
    0xcf, 0xf0, 0xf, 0xfd, 0x0, 0x0, 0x8f, 0xf4,
    0x1f, 0xff, 0xff, 0xff, 0xff, 0xf6, 0x1f, 0xff,
    0xee, 0xee, 0xee, 0xe5, 0xf, 0xfd, 0x0, 0x0,
    0x0, 0x0, 0xb, 0xff, 0x20, 0x0, 0x7, 0x0,
    0x4, 0xff, 0xe7, 0x56, 0xdf, 0xa0, 0x0, 0x8f,
    0xff, 0xff, 0xff, 0x60, 0x0, 0x4, 0xbe, 0xfe,
    0xa3, 0x0,

    /* U+00EA "ê" */
    0x0, 0x0, 0x5f, 0xfd, 0x10, 0x0, 0x0, 0x2,
    0xff, 0xff, 0xb0, 0x0, 0x0, 0xd, 0xfd, 0x6f,
    0xf7, 0x0, 0x0, 0x8f, 0xd1, 0x6, 0xff, 0x20,
    0x0, 0x9, 0x10, 0x0, 0x66, 0x0, 0x0, 0x0,
    0x0, 0x0, 0x0, 0x0, 0x0, 0x5, 0xbe, 0xfd,
    0x70, 0x0, 0x0, 0x8f, 0xff, 0xff, 0xfc, 0x0,
    0x4, 0xff, 0xd5, 0x39, 0xff, 0x90, 0xc, 0xff,
    0x20, 0x0, 0xcf, 0xf0, 0xf, 0xfd, 0x0, 0x0,
    0x8f, 0xf4, 0x1f, 0xff, 0xff, 0xff, 0xff, 0xf6,
    0x1f, 0xff, 0xee, 0xee, 0xee, 0xe5, 0xf, 0xfd,
    0x0, 0x0, 0x0, 0x0, 0xb, 0xff, 0x20, 0x0,
    0x7, 0x0, 0x4, 0xff, 0xe7, 0x56, 0xdf, 0xa0,
    0x0, 0x8f, 0xff, 0xff, 0xff, 0x60, 0x0, 0x4,
    0xbe, 0xfe, 0xa3, 0x0,

    /* U+00EB "ë" */
    0x0, 0x4e, 0xe3, 0x9, 0xfc, 0x0, 0x0, 0x9f,
    0xf8, 0xf, 0xff, 0x20, 0x0, 0x5f, 0xf4, 0xa,
    0xfd, 0x0, 0x0, 0x0, 0x0, 0x0, 0x0, 0x0,
    0x0, 0x0, 0x0, 0x0, 0x0, 0x0, 0x0, 0x5,
    0xbe, 0xfd, 0x70, 0x0, 0x0, 0x8f, 0xff, 0xff,
    0xfc, 0x0, 0x4, 0xff, 0xd5, 0x39, 0xff, 0x90,
    0xc, 0xff, 0x20, 0x0, 0xcf, 0xf0, 0xf, 0xfd,
    0x0, 0x0, 0x8f, 0xf4, 0x1f, 0xff, 0xff, 0xff,
    0xff, 0xf6, 0x1f, 0xff, 0xee, 0xee, 0xee, 0xe5,
    0xf, 0xfd, 0x0, 0x0, 0x0, 0x0, 0xb, 0xff,
    0x20, 0x0, 0x7, 0x0, 0x4, 0xff, 0xe7, 0x56,
    0xdf, 0xa0, 0x0, 0x8f, 0xff, 0xff, 0xff, 0x60,
    0x0, 0x4, 0xbe, 0xfe, 0xa3, 0x0,

    /* U+00EC "ì" */
    0x0, 0x20, 0x6, 0xec, 0x0, 0x8f, 0xf4, 0x0,
    0xcf, 0xc0, 0x2, 0xff, 0x40, 0x5, 0x50, 0x0,
    0x0, 0x0, 0x6f, 0xf7, 0x6, 0xff, 0x70, 0x6f,
    0xf7, 0x6, 0xff, 0x70, 0x6f, 0xf7, 0x6, 0xff,
    0x70, 0x6f, 0xf7, 0x6, 0xff, 0x70, 0x6f, 0xf7,
    0x6, 0xff, 0x70, 0x6f, 0xf7, 0x6, 0xff, 0x70,

    /* U+00ED "í" */
    0x0, 0x10, 0x0, 0x0, 0xbe, 0x70, 0x3, 0xff,
    0xa0, 0xa, 0xfd, 0x0, 0x2f, 0xf3, 0x0, 0x4,
    0x60, 0x0, 0x0, 0x0, 0x0, 0x6f, 0xf7, 0x0,
    0x6f, 0xf7, 0x0, 0x6f, 0xf7, 0x0, 0x6f, 0xf7,
    0x0, 0x6f, 0xf7, 0x0, 0x6f, 0xf7, 0x0, 0x6f,
    0xf7, 0x0, 0x6f, 0xf7, 0x0, 0x6f, 0xf7, 0x0,
    0x6f, 0xf7, 0x0, 0x6f, 0xf7, 0x0, 0x6f, 0xf7,
    0x0,

    /* U+00EE "î" */
    0x0, 0x38, 0x84, 0x0, 0x0, 0x2e, 0xff, 0xf3,
    0x0, 0x1d, 0xfc, 0xbf, 0xe2, 0xb, 0xfb, 0x0,
    0xaf, 0xd0, 0x28, 0x0, 0x0, 0x73, 0x0, 0x0,
    0x0, 0x0, 0x0, 0x0, 0x6f, 0xf7, 0x0, 0x0,
    0x6, 0xff, 0x70, 0x0, 0x0, 0x6f, 0xf7, 0x0,
    0x0, 0x6, 0xff, 0x70, 0x0, 0x0, 0x6f, 0xf7,
    0x0, 0x0, 0x6, 0xff, 0x70, 0x0, 0x0, 0x6f,
    0xf7, 0x0, 0x0, 0x6, 0xff, 0x70, 0x0, 0x0,
    0x6f, 0xf7, 0x0, 0x0, 0x6, 0xff, 0x70, 0x0,
    0x0, 0x6f, 0xf7, 0x0, 0x0, 0x6, 0xff, 0x70,
    0x0,

    /* U+00EF "ï" */
    0x7f, 0xd1, 0xc, 0xf9, 0xcf, 0xf4, 0x2f, 0xfe,
    0x8f, 0xe1, 0xd, 0xfa, 0x0, 0x0, 0x0, 0x0,
    0x0, 0x0, 0x0, 0x0, 0x0, 0x6f, 0xf7, 0x0,
    0x0, 0x6f, 0xf7, 0x0, 0x0, 0x6f, 0xf7, 0x0,
    0x0, 0x6f, 0xf7, 0x0, 0x0, 0x6f, 0xf7, 0x0,
    0x0, 0x6f, 0xf7, 0x0, 0x0, 0x6f, 0xf7, 0x0,
    0x0, 0x6f, 0xf7, 0x0, 0x0, 0x6f, 0xf7, 0x0,
    0x0, 0x6f, 0xf7, 0x0, 0x0, 0x6f, 0xf7, 0x0,
    0x0, 0x6f, 0xf7, 0x0,

    /* U+00F0 "ð" */
    0x0, 0x0, 0x0, 0x0, 0x1, 0x0, 0x0, 0x6e,
    0xff, 0xb5, 0xdc, 0x0, 0x0, 0x1, 0xaf, 0xff,
    0xd3, 0x0, 0x0, 0x0, 0x8f, 0xff, 0xe1, 0x0,
    0x0, 0x3, 0xf9, 0x6f, 0xfc, 0x0, 0x0, 0x0,
    0x10, 0x7, 0xff, 0x50, 0x0, 0x7, 0xdf, 0xd5,
    0xcf, 0xd0, 0x0, 0xbf, 0xff, 0xff, 0xaf, 0xf3,
    0x5, 0xff, 0xf6, 0x48, 0xff, 0xf8, 0xb, 0xff,
    0x40, 0x0, 0x7f, 0xfb, 0xf, 0xff, 0x0, 0x0,
    0x2f, 0xfc, 0xf, 0xfe, 0x0, 0x0, 0xf, 0xfd,
    0xf, 0xfe, 0x0, 0x0, 0xf, 0xfc, 0xe, 0xff,
    0x0, 0x0, 0x2f, 0xfa, 0xa, 0xff, 0x40, 0x0,
    0x7f, 0xf6, 0x2, 0xff, 0xe6, 0x47, 0xff, 0xe0,
    0x0, 0x6f, 0xff, 0xff, 0xff, 0x40, 0x0, 0x3,
    0xae, 0xfe, 0xa2, 0x0,

    /* U+00F1 "ñ" */
    0x0, 0x8f, 0xe8, 0x21, 0x50, 0x0, 0x4f, 0xff,
    0xff, 0xff, 0x50, 0x0, 0x73, 0x4a, 0xff, 0xb0,
    0x0, 0x0, 0x0, 0x0, 0x10, 0x0, 0x0, 0x0,
    0x0, 0x0, 0x0, 0x6, 0xff, 0x73, 0xcf, 0xe9,
    0x0, 0x6f, 0xf8, 0xff, 0xff, 0xf9, 0x6, 0xff,
    0xfa, 0x68, 0xff, 0xf1, 0x6f, 0xfa, 0x0, 0x9,
    0xff, 0x46, 0xff, 0x70, 0x0, 0x6f, 0xf6, 0x6f,
    0xf7, 0x0, 0x6, 0xff, 0x76, 0xff, 0x70, 0x0,
    0x6f, 0xf7, 0x6f, 0xf7, 0x0, 0x6, 0xff, 0x76,
    0xff, 0x70, 0x0, 0x6f, 0xf7, 0x6f, 0xf7, 0x0,
    0x6, 0xff, 0x76, 0xff, 0x70, 0x0, 0x6f, 0xf7,
    0x6f, 0xf7, 0x0, 0x6, 0xff, 0x70,

    /* U+00F2 "ò" */
    0x0, 0x0, 0x0, 0x0, 0x0, 0x0, 0x0, 0x1,
    0x9c, 0x0, 0x0, 0x0, 0x0, 0x8, 0xff, 0x40,
    0x0, 0x0, 0x0, 0x0, 0xdf, 0xc0, 0x0, 0x0,
    0x0, 0x0, 0x2f, 0xf4, 0x0, 0x0, 0x0, 0x0,
    0x6, 0xa2, 0x0, 0x0, 0x0, 0x0, 0x0, 0x0,
    0x0, 0x0, 0x0, 0x5, 0xbe, 0xfd, 0x70, 0x0,
    0x0, 0x8f, 0xff, 0xff, 0xfd, 0x10, 0x4, 0xff,
    0xe7, 0x5b, 0xff, 0xa0, 0xb, 0xff, 0x20, 0x0,
    0xcf, 0xf2, 0xf, 0xfd, 0x0, 0x0, 0x7f, 0xf6,
    0x1f, 0xfd, 0x0, 0x0, 0x6f, 0xf7, 0x1f, 0xfd,
    0x0, 0x0, 0x6f, 0xf7, 0xf, 0xfd, 0x0, 0x0,
    0x7f, 0xf6, 0xb, 0xff, 0x20, 0x0, 0xcf, 0xf2,
    0x4, 0xff, 0xe7, 0x5b, 0xff, 0xa0, 0x0, 0x8f,
    0xff, 0xff, 0xfd, 0x10, 0x0, 0x5, 0xcf, 0xfd,
    0x80, 0x0,

    /* U+00F3 "ó" */
    0x0, 0x0, 0x0, 0x0, 0x0, 0x0, 0x0, 0x0,
    0x0, 0x6c, 0x40, 0x0, 0x0, 0x0, 0x0, 0xef,
    0xe1, 0x0, 0x0, 0x0, 0x6, 0xff, 0x40, 0x0,
    0x0, 0x0, 0xe, 0xf8, 0x0, 0x0, 0x0, 0x0,
    0x7, 0xb0, 0x0, 0x0, 0x0, 0x0, 0x0, 0x0,
    0x0, 0x0, 0x0, 0x5, 0xbe, 0xfd, 0x70, 0x0,
    0x0, 0x8f, 0xff, 0xff, 0xfd, 0x10, 0x4, 0xff,
    0xe7, 0x5b, 0xff, 0xa0, 0xb, 0xff, 0x20, 0x0,
    0xcf, 0xf2, 0xf, 0xfd, 0x0, 0x0, 0x7f, 0xf6,
    0x1f, 0xfd, 0x0, 0x0, 0x6f, 0xf7, 0x1f, 0xfd,
    0x0, 0x0, 0x6f, 0xf7, 0xf, 0xfd, 0x0, 0x0,
    0x7f, 0xf6, 0xb, 0xff, 0x20, 0x0, 0xcf, 0xf2,
    0x4, 0xff, 0xe7, 0x5b, 0xff, 0xa0, 0x0, 0x8f,
    0xff, 0xff, 0xfd, 0x10, 0x0, 0x5, 0xcf, 0xfd,
    0x80, 0x0,

    /* U+00F4 "ô" */
    0x0, 0x0, 0x7f, 0xfd, 0x0, 0x0, 0x0, 0x3,
    0xff, 0xff, 0x90, 0x0, 0x0, 0x1e, 0xfc, 0x7f,
    0xf5, 0x0, 0x0, 0x9f, 0xc1, 0x7, 0xff, 0x10,
    0x0, 0x1a, 0x10, 0x0, 0x75, 0x0, 0x0, 0x0,
    0x0, 0x0, 0x0, 0x0, 0x0, 0x5, 0xbe, 0xfd,
    0x70, 0x0, 0x0, 0x8f, 0xff, 0xff, 0xfd, 0x10,
    0x4, 0xff, 0xe7, 0x5b, 0xff, 0xa0, 0xb, 0xff,
    0x20, 0x0, 0xcf, 0xf2, 0xf, 0xfd, 0x0, 0x0,
    0x7f, 0xf6, 0x1f, 0xfd, 0x0, 0x0, 0x6f, 0xf7,
    0x1f, 0xfd, 0x0, 0x0, 0x6f, 0xf7, 0xf, 0xfd,
    0x0, 0x0, 0x7f, 0xf6, 0xb, 0xff, 0x20, 0x0,
    0xcf, 0xf2, 0x4, 0xff, 0xe7, 0x5b, 0xff, 0xa0,
    0x0, 0x8f, 0xff, 0xff, 0xfd, 0x10, 0x0, 0x5,
    0xcf, 0xfd, 0x80, 0x0,

    /* U+00F5 "õ" */
    0x0, 0x1c, 0xfc, 0x61, 0x23, 0x0, 0x0, 0x9f,
    0xff, 0xff, 0xfe, 0x10, 0x0, 0x17, 0x36, 0xcf,
    0xf7, 0x0, 0x0, 0x0, 0x0, 0x1, 0x0, 0x0,
    0x0, 0x0, 0x0, 0x0, 0x0, 0x0, 0x0, 0x5,
    0xbe, 0xfd, 0x70, 0x0, 0x0, 0x8f, 0xff, 0xff,
    0xfd, 0x10, 0x4, 0xff, 0xe7, 0x5b, 0xff, 0xa0,
    0xb, 0xff, 0x20, 0x0, 0xcf, 0xf2, 0xf, 0xfd,
    0x0, 0x0, 0x7f, 0xf6, 0x1f, 0xfd, 0x0, 0x0,
    0x6f, 0xf7, 0x1f, 0xfd, 0x0, 0x0, 0x6f, 0xf7,
    0xf, 0xfd, 0x0, 0x0, 0x7f, 0xf6, 0xb, 0xff,
    0x20, 0x0, 0xcf, 0xf2, 0x4, 0xff, 0xe7, 0x5b,
    0xff, 0xa0, 0x0, 0x8f, 0xff, 0xff, 0xfd, 0x10,
    0x0, 0x5, 0xcf, 0xfd, 0x80, 0x0,

    /* U+00F6 "ö" */
    0x0, 0x5f, 0xe2, 0xa, 0xfb, 0x0, 0x0, 0xaf,
    0xf7, 0xf, 0xff, 0x10, 0x0, 0x6f, 0xf3, 0xc,
    0xfc, 0x0, 0x0, 0x0, 0x0, 0x0, 0x0, 0x0,
    0x0, 0x0, 0x0, 0x0, 0x0, 0x0, 0x0, 0x5,
    0xbe, 0xfd, 0x70, 0x0, 0x0, 0x8f, 0xff, 0xff,
    0xfd, 0x10, 0x4, 0xff, 0xe7, 0x5b, 0xff, 0xa0,
    0xb, 0xff, 0x20, 0x0, 0xcf, 0xf2, 0xf, 0xfd,
    0x0, 0x0, 0x7f, 0xf6, 0x1f, 0xfd, 0x0, 0x0,
    0x6f, 0xf7, 0x1f, 0xfd, 0x0, 0x0, 0x6f, 0xf7,
    0xf, 0xfd, 0x0, 0x0, 0x7f, 0xf6, 0xb, 0xff,
    0x20, 0x0, 0xcf, 0xf2, 0x4, 0xff, 0xe7, 0x5b,
    0xff, 0xa0, 0x0, 0x8f, 0xff, 0xff, 0xfd, 0x10,
    0x0, 0x5, 0xcf, 0xfd, 0x80, 0x0,

    /* U+00F7 "÷" */
    0x0, 0x0, 0xaf, 0xc1, 0x0, 0x0, 0x0, 0x2f,
    0xff, 0x50, 0x0, 0x0, 0x0, 0xef, 0xf3, 0x0,
    0x0, 0x0, 0x1, 0x42, 0x0, 0x0, 0x25, 0x55,
    0x55, 0x55, 0x55, 0x38, 0xff, 0xff, 0xff, 0xff,
    0xfb, 0x8f, 0xff, 0xff, 0xff, 0xff, 0xb0, 0x0,
    0x0, 0x0, 0x0, 0x0, 0x0, 0x0, 0x15, 0x20,
    0x0, 0x0, 0x0, 0xe, 0xff, 0x30, 0x0, 0x0,
    0x2, 0xff, 0xf5, 0x0, 0x0, 0x0, 0xa, 0xfc,
    0x10, 0x0,

    /* U+00F8 "ø" */
    0x0, 0x0, 0x0, 0x0, 0x0, 0x82, 0x0, 0x0,
    0x4b, 0xef, 0xd7, 0x8f, 0xd0, 0x0, 0x7f, 0xff,
    0xff, 0xff, 0xf4, 0x0, 0x3f, 0xfd, 0x53, 0x9f,
    0xfc, 0x0, 0xa, 0xff, 0x30, 0xb, 0xff, 0xf2,
    0x0, 0xef, 0xe0, 0x9, 0xfd, 0xff, 0x60, 0xf,
    0xfd, 0x6, 0xfc, 0x4f, 0xf8, 0x0, 0xff, 0xd4,
    0xfd, 0x14, 0xff, 0x90, 0xd, 0xfe, 0xef, 0x20,
    0x5f, 0xf7, 0x0, 0x9f, 0xff, 0x40, 0x9, 0xff,
    0x30, 0x3, 0xff, 0xe5, 0x38, 0xff, 0xc0, 0x0,
    0xaf, 0xff, 0xff, 0xff, 0xe2, 0x0, 0x5f, 0xe5,
    0xbe, 0xfd, 0x81, 0x0, 0x0, 0x63, 0x0, 0x0,
    0x0, 0x0, 0x0,

    /* U+00F9 "ù" */
    0x0, 0x0, 0x20, 0x0, 0x0, 0x0, 0x3, 0xbf,
    0x20, 0x0, 0x0, 0x0, 0x3f, 0xfa, 0x0, 0x0,
    0x0, 0x0, 0x7f, 0xf2, 0x0, 0x0, 0x0, 0x0,
    0xbf, 0xa0, 0x0, 0x0, 0x0, 0x1, 0x71, 0x0,
    0x0, 0x0, 0x0, 0x0, 0x0, 0x0, 0x8, 0xff,
    0x50, 0x0, 0x8f, 0xf5, 0x8f, 0xf5, 0x0, 0x8,
    0xff, 0x58, 0xff, 0x50, 0x0, 0x8f, 0xf5, 0x8f,
    0xf5, 0x0, 0x8, 0xff, 0x58, 0xff, 0x50, 0x0,
    0x8f, 0xf5, 0x8f, 0xf5, 0x0, 0x8, 0xff, 0x58,
    0xff, 0x50, 0x0, 0x8f, 0xf5, 0x7f, 0xf5, 0x0,
    0x8, 0xff, 0x56, 0xff, 0x80, 0x0, 0xcf, 0xf5,
    0x3f, 0xff, 0x86, 0xbf, 0xff, 0x50, 0xbf, 0xff,
    0xfe, 0x9f, 0xf5, 0x1, 0x9e, 0xfb, 0x28, 0xff,
    0x50,

    /* U+00FA "ú" */
    0x0, 0x0, 0x0, 0x20, 0x0, 0x0, 0x0, 0x0,
    0x5f, 0xa2, 0x0, 0x0, 0x0, 0xd, 0xfe, 0x10,
    0x0, 0x0, 0x5, 0xff, 0x40, 0x0, 0x0, 0x0,
    0xcf, 0x80, 0x0, 0x0, 0x0, 0x1, 0x80, 0x0,
    0x0, 0x0, 0x0, 0x0, 0x0, 0x0, 0x8, 0xff,
    0x50, 0x0, 0x8f, 0xf5, 0x8f, 0xf5, 0x0, 0x8,
    0xff, 0x58, 0xff, 0x50, 0x0, 0x8f, 0xf5, 0x8f,
    0xf5, 0x0, 0x8, 0xff, 0x58, 0xff, 0x50, 0x0,
    0x8f, 0xf5, 0x8f, 0xf5, 0x0, 0x8, 0xff, 0x58,
    0xff, 0x50, 0x0, 0x8f, 0xf5, 0x7f, 0xf5, 0x0,
    0x8, 0xff, 0x56, 0xff, 0x80, 0x0, 0xcf, 0xf5,
    0x3f, 0xff, 0x86, 0xbf, 0xff, 0x50, 0xbf, 0xff,
    0xfe, 0x9f, 0xf5, 0x1, 0x9e, 0xfb, 0x28, 0xff,
    0x50,

    /* U+00FB "û" */
    0x0, 0x4, 0xff, 0xf2, 0x0, 0x0, 0x1, 0xef,
    0xff, 0xd0, 0x0, 0x0, 0xcf, 0xd4, 0xef, 0xa0,
    0x0, 0x5f, 0xd1, 0x2, 0xef, 0x30, 0x0, 0x51,
    0x0, 0x2, 0x40, 0x0, 0x0, 0x0, 0x0, 0x0,
    0x0, 0x8f, 0xf5, 0x0, 0x8, 0xff, 0x58, 0xff,
    0x50, 0x0, 0x8f, 0xf5, 0x8f, 0xf5, 0x0, 0x8,
    0xff, 0x58, 0xff, 0x50, 0x0, 0x8f, 0xf5, 0x8f,
    0xf5, 0x0, 0x8, 0xff, 0x58, 0xff, 0x50, 0x0,
    0x8f, 0xf5, 0x8f, 0xf5, 0x0, 0x8, 0xff, 0x57,
    0xff, 0x50, 0x0, 0x8f, 0xf5, 0x6f, 0xf8, 0x0,
    0xc, 0xff, 0x53, 0xff, 0xf8, 0x6b, 0xff, 0xf5,
    0xb, 0xff, 0xff, 0xe9, 0xff, 0x50, 0x19, 0xef,
    0xb2, 0x8f, 0xf5,

    /* U+00FC "ü" */
    0x2, 0xef, 0x50, 0x7f, 0xd1, 0x0, 0x7f, 0xfa,
    0xd, 0xff, 0x40, 0x3, 0xff, 0x60, 0x8f, 0xe1,
    0x0, 0x0, 0x0, 0x0, 0x0, 0x0, 0x0, 0x0,
    0x0, 0x0, 0x0, 0x8, 0xff, 0x50, 0x0, 0x8f,
    0xf5, 0x8f, 0xf5, 0x0, 0x8, 0xff, 0x58, 0xff,
    0x50, 0x0, 0x8f, 0xf5, 0x8f, 0xf5, 0x0, 0x8,
    0xff, 0x58, 0xff, 0x50, 0x0, 0x8f, 0xf5, 0x8f,
    0xf5, 0x0, 0x8, 0xff, 0x58, 0xff, 0x50, 0x0,
    0x8f, 0xf5, 0x7f, 0xf5, 0x0, 0x8, 0xff, 0x56,
    0xff, 0x80, 0x0, 0xcf, 0xf5, 0x3f, 0xff, 0x86,
    0xbf, 0xff, 0x50, 0xbf, 0xff, 0xfe, 0x9f, 0xf5,
    0x1, 0x9e, 0xfb, 0x28, 0xff, 0x50,

    /* U+00FD "ý" */
    0x0, 0x0, 0x0, 0x20, 0x0, 0x0, 0x0, 0x0,
    0x0, 0xed, 0x50, 0x0, 0x0, 0x0, 0x6, 0xff,
    0x60, 0x0, 0x0, 0x0, 0xd, 0xfb, 0x0, 0x0,
    0x0, 0x0, 0x5f, 0xe1, 0x0, 0x0, 0x0, 0x0,
    0x5, 0x40, 0x0, 0x0, 0x0, 0x0, 0x0, 0x0,
    0x0, 0x0, 0xaf, 0xf2, 0x0, 0x0, 0x7f, 0xf2,
    0x4f, 0xf7, 0x0, 0x0, 0xdf, 0xc0, 0xe, 0xfc,
    0x0, 0x2, 0xff, 0x70, 0x9, 0xff, 0x20, 0x7,
    0xff, 0x20, 0x4, 0xff, 0x70, 0xc, 0xfc, 0x0,
    0x0, 0xef, 0xc0, 0x2f, 0xf7, 0x0, 0x0, 0x9f,
    0xf1, 0x7f, 0xf1, 0x0, 0x0, 0x4f, 0xf5, 0xbf,
    0xc0, 0x0, 0x0, 0xe, 0xfa, 0xff, 0x60, 0x0,
    0x0, 0x9, 0xff, 0xff, 0x10, 0x0, 0x0, 0x3,
    0xff, 0xfb, 0x0, 0x0, 0x0, 0x0, 0xef, 0xf6,
    0x0, 0x0, 0x0, 0x0, 0xdf, 0xf1, 0x0, 0x0,
    0x1, 0x45, 0xff, 0xb0, 0x0, 0x0, 0x4, 0xff,
    0xff, 0x40, 0x0, 0x0, 0x4, 0xff, 0xd6, 0x0,
    0x0, 0x0,

    /* U+00FE "þ" */
    0x6f, 0xf7, 0x0, 0x0, 0x0, 0x0, 0x6f, 0xf7,
    0x0, 0x0, 0x0, 0x0, 0x6f, 0xf7, 0x0, 0x0,
    0x0, 0x0, 0x6f, 0xf7, 0x0, 0x0, 0x0, 0x0,
    0x6f, 0xf7, 0x0, 0x0, 0x0, 0x0, 0x6f, 0xf7,
    0x3c, 0xfe, 0xa1, 0x0, 0x6f, 0xf9, 0xff, 0xff,
    0xfe, 0x10, 0x6f, 0xff, 0xa6, 0x8e, 0xff, 0x80,
    0x6f, 0xfa, 0x0, 0x3, 0xff, 0xe0, 0x6f, 0xf7,
    0x0, 0x0, 0xdf, 0xf1, 0x6f, 0xf7, 0x0, 0x0,
    0xbf, 0xf2, 0x6f, 0xf7, 0x0, 0x0, 0xbf, 0xf2,
    0x6f, 0xf7, 0x0, 0x0, 0xdf, 0xf1, 0x6f, 0xfa,
    0x0, 0x3, 0xff, 0xe0, 0x6f, 0xff, 0xa6, 0x8e,
    0xff, 0x80, 0x6f, 0xf9, 0xff, 0xff, 0xfe, 0x10,
    0x6f, 0xf7, 0x3c, 0xfe, 0xa1, 0x0, 0x6f, 0xf7,
    0x0, 0x0, 0x0, 0x0, 0x6f, 0xf7, 0x0, 0x0,
    0x0, 0x0, 0x6f, 0xf7, 0x0, 0x0, 0x0, 0x0,
    0x6f, 0xf7, 0x0, 0x0, 0x0, 0x0,

    /* U+00FF "ÿ" */
    0x0, 0xaf, 0xb0, 0x2d, 0xf6, 0x0, 0x0, 0xff,
    0xf1, 0x6f, 0xfb, 0x0, 0x0, 0xbf, 0xc0, 0x2f,
    0xf7, 0x0, 0x0, 0x0, 0x0, 0x0, 0x0, 0x0,
    0x0, 0x0, 0x0, 0x0, 0x0, 0x0, 0xaf, 0xf2,
    0x0, 0x0, 0x7f, 0xf2, 0x4f, 0xf7, 0x0, 0x0,
    0xdf, 0xc0, 0xe, 0xfc, 0x0, 0x2, 0xff, 0x70,
    0x9, 0xff, 0x20, 0x7, 0xff, 0x20, 0x4, 0xff,
    0x70, 0xc, 0xfc, 0x0, 0x0, 0xef, 0xc0, 0x2f,
    0xf7, 0x0, 0x0, 0x9f, 0xf1, 0x7f, 0xf1, 0x0,
    0x0, 0x4f, 0xf5, 0xbf, 0xc0, 0x0, 0x0, 0xe,
    0xfa, 0xff, 0x60, 0x0, 0x0, 0x9, 0xff, 0xff,
    0x10, 0x0, 0x0, 0x3, 0xff, 0xfb, 0x0, 0x0,
    0x0, 0x0, 0xef, 0xf6, 0x0, 0x0, 0x0, 0x0,
    0xdf, 0xf1, 0x0, 0x0, 0x1, 0x45, 0xff, 0xb0,
    0x0, 0x0, 0x4, 0xff, 0xff, 0x40, 0x0, 0x0,
    0x4, 0xff, 0xd6, 0x0, 0x0, 0x0,

    /* U+2013 "–" */
    0x17, 0x77, 0x77, 0x77, 0x77, 0x77, 0x3, 0xff,
    0xff, 0xff, 0xff, 0xff, 0xf2, 0x3f, 0xff, 0xff,
    0xff, 0xff, 0xff, 0x20,

    /* U+2014 "—" */
    0x17, 0x77, 0x77, 0x77, 0x77, 0x77, 0x77, 0x77,
    0x23, 0xff, 0xff, 0xff, 0xff, 0xff, 0xff, 0xff,
    0xf6, 0x3f, 0xff, 0xff, 0xff, 0xff, 0xff, 0xff,
    0xff, 0x60,

    /* U+2018 "‘" */
    0x0, 0xbf, 0x30, 0x9f, 0x50, 0x1f, 0xd0, 0x6,
    0xff, 0x90, 0x8f, 0xfe, 0x6, 0xff, 0xb0, 0x4,
    0x50, 0x0,

    /* U+2019 "’" */
    0x1, 0xdf, 0x80, 0x6f, 0xff, 0x5, 0xff, 0xe0,
    0x9, 0xfb, 0x0, 0xbf, 0x30, 0x6f, 0x80, 0x5,
    0x50, 0x0,

    /* U+201A "‚" */
    0x0, 0x46, 0x10, 0x4f, 0xfd, 0x6, 0xff, 0xf0,
    0x2f, 0xfe, 0x0, 0x6f, 0x90, 0xd, 0xf1, 0xb,
    0xf4, 0x0,

    /* U+201C "“" */
    0x0, 0xbf, 0x30, 0xc, 0xe2, 0x9, 0xf5, 0x0,
    0xaf, 0x40, 0x1f, 0xd0, 0x2, 0xfd, 0x0, 0x6f,
    0xf9, 0x7, 0xff, 0x80, 0x8f, 0xfe, 0x9, 0xff,
    0xd0, 0x6f, 0xfb, 0x7, 0xff, 0xa0, 0x4, 0x50,
    0x0, 0x45, 0x0,

    /* U+201D "”" */
    0x1, 0xdf, 0x80, 0x2d, 0xf7, 0x6, 0xff, 0xf0,
    0x7f, 0xfe, 0x5, 0xff, 0xe0, 0x6f, 0xfd, 0x0,
    0x9f, 0xb0, 0xa, 0xfa, 0x0, 0xbf, 0x30, 0xc,
    0xf3, 0x6, 0xf8, 0x0, 0x7f, 0x80, 0x5, 0x50,
    0x0, 0x65, 0x0,

    /* U+2022 "•" */
    0x0, 0x13, 0x20, 0x0, 0xaf, 0xff, 0xc1, 0x5f,
    0xff, 0xff, 0x98, 0xff, 0xff, 0xfc, 0x8f, 0xff,
    0xff, 0xb4, 0xff, 0xff, 0xf7, 0x6, 0xdf, 0xe9,
    0x0,

    /* U+2026 "…" */
    0x8, 0xa4, 0x0, 0x6, 0xa7, 0x0, 0x3, 0xa9,
    0x6, 0xff, 0xe0, 0x2, 0xff, 0xf3, 0x0, 0xdf,
    0xf7, 0x7f, 0xff, 0x0, 0x2f, 0xff, 0x40, 0xe,
    0xff, 0x81, 0xdf, 0x80, 0x0, 0xbf, 0xc0, 0x0,
    0x7f, 0xd2,

    /* U+2190 "←" */
    0x0, 0x0, 0x8, 0x50, 0x0, 0x0, 0x0, 0x0,
    0x0, 0x0, 0x8, 0xff, 0x30, 0x0, 0x0, 0x0,
    0x0, 0x0, 0x8, 0xff, 0x90, 0x0, 0x0, 0x0,
    0x0, 0x0, 0x8, 0xff, 0x80, 0x0, 0x0, 0x0,
    0x0, 0x0, 0x8, 0xff, 0xfe, 0xff, 0xff, 0xff,
    0xff, 0xff, 0x70, 0xcf, 0xff, 0xff, 0xff, 0xff,
    0xff, 0xff, 0xf7, 0x0, 0xcf, 0xf7, 0x45, 0x55,
    0x55, 0x55, 0x55, 0x20, 0x0, 0xcf, 0xf5, 0x0,
    0x0, 0x0, 0x0, 0x0, 0x0, 0x0, 0xcf, 0xf3,
    0x0, 0x0, 0x0, 0x0, 0x0, 0x0, 0x0, 0xc9,
    0x0, 0x0, 0x0, 0x0, 0x0, 0x0, 0x0, 0x0,
    0x0, 0x0, 0x0, 0x0, 0x0, 0x0,

    /* U+2191 "↑" */
    0x0, 0x0, 0x4, 0x10, 0x0, 0x0, 0x0, 0x5,
    0xfd, 0x10, 0x0, 0x0, 0x5, 0xff, 0xfd, 0x10,
    0x0, 0x5, 0xff, 0xff, 0xfd, 0x10, 0x5, 0xff,
    0xdf, 0xfe, 0xfd, 0x10, 0xef, 0xc5, 0xfe, 0x3f,
    0xfa, 0x3, 0xb0, 0x5f, 0xf0, 0x3b, 0x0, 0x0,
    0x5, 0xff, 0x0, 0x0, 0x0, 0x0, 0x5f, 0xf0,
    0x0, 0x0, 0x0, 0x5, 0xff, 0x0, 0x0, 0x0,
    0x0, 0x5f, 0xf0, 0x0, 0x0, 0x0, 0x5, 0xff,
    0x0, 0x0, 0x0, 0x0, 0x5f, 0xf0, 0x0, 0x0,
    0x0, 0x5, 0xff, 0x0, 0x0, 0x0, 0x0, 0x5f,
    0xf0, 0x0, 0x0, 0x0, 0x5, 0xff, 0x0, 0x0,

    /* U+2192 "→" */
    0x0, 0x0, 0x0, 0x0, 0x0, 0x2a, 0x0, 0x0,
    0x0, 0x0, 0x0, 0x0, 0x0, 0xd, 0xfc, 0x0,
    0x0, 0x0, 0x0, 0x0, 0x0, 0x0, 0x5f, 0xfc,
    0x0, 0x0, 0x0, 0x0, 0x0, 0x0, 0x0, 0x4f,
    0xfc, 0x0, 0x2f, 0xff, 0xff, 0xff, 0xff, 0xff,
    0xff, 0xfc, 0x2, 0xff, 0xff, 0xff, 0xff, 0xff,
    0xff, 0xff, 0xe2, 0x5, 0x55, 0x55, 0x55, 0x55,
    0x45, 0xef, 0xe2, 0x0, 0x0, 0x0, 0x0, 0x0,
    0x2, 0xef, 0xe2, 0x0, 0x0, 0x0, 0x0, 0x0,
    0x0, 0xdf, 0xe2, 0x0, 0x0, 0x0, 0x0, 0x0,
    0x0, 0x5, 0xe2, 0x0, 0x0, 0x0, 0x0, 0x0,
    0x0, 0x0, 0x0, 0x0, 0x0, 0x0,

    /* U+2193 "↓" */
    0x0, 0x0, 0x15, 0x50, 0x0, 0x0, 0x0, 0x5,
    0xff, 0x0, 0x0, 0x0, 0x0, 0x5f, 0xf0, 0x0,
    0x0, 0x0, 0x5, 0xff, 0x0, 0x0, 0x0, 0x0,
    0x5f, 0xf0, 0x0, 0x0, 0x0, 0x5, 0xff, 0x0,
    0x0, 0x0, 0x0, 0x5f, 0xf0, 0x0, 0x0, 0x0,
    0x5, 0xff, 0x0, 0x0, 0x0, 0x0, 0x5f, 0xf0,
    0x0, 0x0, 0x2, 0x5, 0xff, 0x0, 0x20, 0x8,
    0xf3, 0x5f, 0xf0, 0x8f, 0x30, 0xdf, 0xf7, 0xfe,
    0x7f, 0xf8, 0x1, 0xdf, 0xff, 0xff, 0xf9, 0x0,
    0x1, 0xdf, 0xff, 0xf9, 0x0, 0x0, 0x1, 0xdf,
    0xf9, 0x0, 0x0, 0x0, 0x1, 0xd9, 0x0, 0x0,
    0x0, 0x0, 0x1, 0x0, 0x0, 0x0,

    /* U+2212 "−" */
    0x5f, 0xff, 0xff, 0xff, 0xff, 0xe5, 0xff, 0xff,
    0xff, 0xff, 0xfe, 0x15, 0x55, 0x55, 0x55, 0x55,
    0x40
};


/*---------------------
 *  GLYPH DESCRIPTION
 *--------------------*/

static const lv_font_fmt_txt_glyph_dsc_t glyph_dsc[] = {
    {.bitmap_index = 0, .adv_w = 0, .box_w = 0, .box_h = 0, .ofs_x = 0, .ofs_y = 0} /* id = 0 reserved */,
    {.bitmap_index = 0, .adv_w = 83, .box_w = 0, .box_h = 0, .ofs_x = 0, .ofs_y = 0},
    {.bitmap_index = 0, .adv_w = 109, .box_w = 5, .box_h = 16, .ofs_x = 1, .ofs_y = 0},
    {.bitmap_index = 40, .adv_w = 166, .box_w = 8, .box_h = 8, .ofs_x = 1, .ofs_y = 9},
    {.bitmap_index = 72, .adv_w = 231, .box_w = 14, .box_h = 16, .ofs_x = 0, .ofs_y = 0},
    {.bitmap_index = 184, .adv_w = 211, .box_w = 13, .box_h = 20, .ofs_x = 0, .ofs_y = -2},
    {.bitmap_index = 314, .adv_w = 338, .box_w = 19, .box_h = 16, .ofs_x = 1, .ofs_y = 0},
    {.bitmap_index = 466, .adv_w = 251, .box_w = 15, .box_h = 16, .ofs_x = 1, .ofs_y = 0},
    {.bitmap_index = 586, .adv_w = 92, .box_w = 4, .box_h = 8, .ofs_x = 1, .ofs_y = 9},
    {.bitmap_index = 602, .adv_w = 119, .box_w = 7, .box_h = 21, .ofs_x = 1, .ofs_y = -4},
    {.bitmap_index = 676, .adv_w = 119, .box_w = 8, .box_h = 21, .ofs_x = -1, .ofs_y = -4},
    {.bitmap_index = 760, .adv_w = 196, .box_w = 12, .box_h = 11, .ofs_x = 0, .ofs_y = 6},
    {.bitmap_index = 826, .adv_w = 211, .box_w = 11, .box_h = 11, .ofs_x = 1, .ofs_y = 1},
    {.bitmap_index = 887, .adv_w = 105, .box_w = 6, .box_h = 7, .ofs_x = 0, .ofs_y = -3},
    {.bitmap_index = 908, .adv_w = 142, .box_w = 7, .box_h = 3, .ofs_x = 1, .ofs_y = 5},
    {.bitmap_index = 919, .adv_w = 105, .box_w = 5, .box_h = 4, .ofs_x = 1, .ofs_y = 0},
    {.bitmap_index = 929, .adv_w = 154, .box_w = 9, .box_h = 20, .ofs_x = 0, .ofs_y = -3},
    {.bitmap_index = 1019, .adv_w = 211, .box_w = 13, .box_h = 16, .ofs_x = 0, .ofs_y = 0},
    {.bitmap_index = 1123, .adv_w = 211, .box_w = 13, .box_h = 16, .ofs_x = 0, .ofs_y = 0},
    {.bitmap_index = 1227, .adv_w = 211, .box_w = 12, .box_h = 16, .ofs_x = 1, .ofs_y = 0},
    {.bitmap_index = 1323, .adv_w = 211, .box_w = 12, .box_h = 16, .ofs_x = 0, .ofs_y = 0},
    {.bitmap_index = 1419, .adv_w = 211, .box_w = 13, .box_h = 16, .ofs_x = 0, .ofs_y = 0},
    {.bitmap_index = 1523, .adv_w = 211, .box_w = 12, .box_h = 16, .ofs_x = 1, .ofs_y = 0},
    {.bitmap_index = 1619, .adv_w = 211, .box_w = 12, .box_h = 16, .ofs_x = 1, .ofs_y = 0},
    {.bitmap_index = 1715, .adv_w = 211, .box_w = 11, .box_h = 16, .ofs_x = 1, .ofs_y = 0},
    {.bitmap_index = 1803, .adv_w = 211, .box_w = 13, .box_h = 16, .ofs_x = 0, .ofs_y = 0},
    {.bitmap_index = 1907, .adv_w = 211, .box_w = 13, .box_h = 16, .ofs_x = 0, .ofs_y = 0},
    {.bitmap_index = 2011, .adv_w = 112, .box_w = 5, .box_h = 12, .ofs_x = 1, .ofs_y = 0},
    {.bitmap_index = 2041, .adv_w = 112, .box_w = 5, .box_h = 15, .ofs_x = 1, .ofs_y = -3},
    {.bitmap_index = 2079, .adv_w = 211, .box_w = 10, .box_h = 15, .ofs_x = 2, .ofs_y = -1},
    {.bitmap_index = 2154, .adv_w = 211, .box_w = 11, .box_h = 8, .ofs_x = 1, .ofs_y = 3},
    {.bitmap_index = 2198, .adv_w = 211, .box_w = 10, .box_h = 15, .ofs_x = 2, .ofs_y = -1},
    {.bitmap_index = 2273, .adv_w = 174, .box_w = 11, .box_h = 16, .ofs_x = 0, .ofs_y = 0},
    {.bitmap_index = 2361, .adv_w = 316, .box_w = 18, .box_h = 18, .ofs_x = 1, .ofs_y = -2},
    {.bitmap_index = 2523, .adv_w = 237, .box_w = 15, .box_h = 16, .ofs_x = 0, .ofs_y = 0},
    {.bitmap_index = 2643, .adv_w = 233, .box_w = 13, .box_h = 16, .ofs_x = 1, .ofs_y = 0},
    {.bitmap_index = 2747, .adv_w = 226, .box_w = 13, .box_h = 16, .ofs_x = 1, .ofs_y = 0},
    {.bitmap_index = 2851, .adv_w = 243, .box_w = 14, .box_h = 16, .ofs_x = 1, .ofs_y = 0},
    {.bitmap_index = 2963, .adv_w = 211, .box_w = 11, .box_h = 16, .ofs_x = 1, .ofs_y = 0},
    {.bitmap_index = 3051, .adv_w = 203, .box_w = 11, .box_h = 16, .ofs_x = 1, .ofs_y = 0},
    {.bitmap_index = 3139, .adv_w = 251, .box_w = 14, .box_h = 16, .ofs_x = 1, .ofs_y = 0},
    {.bitmap_index = 3251, .adv_w = 253, .box_w = 14, .box_h = 16, .ofs_x = 1, .ofs_y = 0},
    {.bitmap_index = 3363, .adv_w = 149, .box_w = 8, .box_h = 16, .ofs_x = 1, .ofs_y = 0},
    {.bitmap_index = 3427, .adv_w = 192, .box_w = 11, .box_h = 16, .ofs_x = 0, .ofs_y = 0},
    {.bitmap_index = 3515, .adv_w = 239, .box_w = 14, .box_h = 16, .ofs_x = 1, .ofs_y = 0},
    {.bitmap_index = 3627, .adv_w = 183, .box_w = 10, .box_h = 16, .ofs_x = 1, .ofs_y = 0},
    {.bitmap_index = 3707, .adv_w = 287, .box_w = 16, .box_h = 16, .ofs_x = 1, .ofs_y = 0},
    {.bitmap_index = 3835, .adv_w = 253, .box_w = 14, .box_h = 16, .ofs_x = 1, .ofs_y = 0},
    {.bitmap_index = 3947, .adv_w = 251, .box_w = 14, .box_h = 16, .ofs_x = 1, .ofs_y = 0},
    {.bitmap_index = 4059, .adv_w = 226, .box_w = 13, .box_h = 16, .ofs_x = 1, .ofs_y = 0},
    {.bitmap_index = 4163, .adv_w = 251, .box_w = 14, .box_h = 20, .ofs_x = 1, .ofs_y = -4},
    {.bitmap_index = 4303, .adv_w = 234, .box_w = 13, .box_h = 16, .ofs_x = 1, .ofs_y = 0},
    {.bitmap_index = 4407, .adv_w = 215, .box_w = 13, .box_h = 16, .ofs_x = 0, .ofs_y = 0},
    {.bitmap_index = 4511, .adv_w = 204, .box_w = 13, .box_h = 16, .ofs_x = 0, .ofs_y = 0},
    {.bitmap_index = 4615, .adv_w = 243, .box_w = 13, .box_h = 16, .ofs_x = 1, .ofs_y = 0},
    {.bitmap_index = 4719, .adv_w = 225, .box_w = 14, .box_h = 16, .ofs_x = 0, .ofs_y = 0},
    {.bitmap_index = 4831, .adv_w = 334, .box_w = 21, .box_h = 16, .ofs_x = 0, .ofs_y = 0},
    {.bitmap_index = 4999, .adv_w = 231, .box_w = 15, .box_h = 16, .ofs_x = 0, .ofs_y = 0},
    {.bitmap_index = 5119, .adv_w = 222, .box_w = 14, .box_h = 16, .ofs_x = 0, .ofs_y = 0},
    {.bitmap_index = 5231, .adv_w = 211, .box_w = 13, .box_h = 16, .ofs_x = 0, .ofs_y = 0},
    {.bitmap_index = 5335, .adv_w = 116, .box_w = 6, .box_h = 21, .ofs_x = 1, .ofs_y = -4},
    {.bitmap_index = 5398, .adv_w = 154, .box_w = 10, .box_h = 20, .ofs_x = 0, .ofs_y = -3},
    {.bitmap_index = 5498, .adv_w = 116, .box_w = 5, .box_h = 21, .ofs_x = 1, .ofs_y = -4},
    {.bitmap_index = 5551, .adv_w = 211, .box_w = 13, .box_h = 10, .ofs_x = 0, .ofs_y = 6},
    {.bitmap_index = 5616, .adv_w = 197, .box_w = 12, .box_h = 3, .ofs_x = 0, .ofs_y = -4},
    {.bitmap_index = 5634, .adv_w = 211, .box_w = 6, .box_h = 6, .ofs_x = 3, .ofs_y = 13},
    {.bitmap_index = 5652, .adv_w = 197, .box_w = 12, .box_h = 12, .ofs_x = 0, .ofs_y = 0},
    {.bitmap_index = 5724, .adv_w = 211, .box_w = 12, .box_h = 17, .ofs_x = 1, .ofs_y = 0},
    {.bitmap_index = 5826, .adv_w = 181, .box_w = 11, .box_h = 12, .ofs_x = 0, .ofs_y = 0},
    {.bitmap_index = 5892, .adv_w = 211, .box_w = 12, .box_h = 17, .ofs_x = 0, .ofs_y = 0},
    {.bitmap_index = 5994, .adv_w = 196, .box_w = 12, .box_h = 12, .ofs_x = 0, .ofs_y = 0},
    {.bitmap_index = 6066, .adv_w = 123, .box_w = 8, .box_h = 17, .ofs_x = 0, .ofs_y = 0},
    {.bitmap_index = 6134, .adv_w = 192, .box_w = 12, .box_h = 19, .ofs_x = 0, .ofs_y = -4},
    {.bitmap_index = 6248, .adv_w = 207, .box_w = 11, .box_h = 17, .ofs_x = 1, .ofs_y = 0},
    {.bitmap_index = 6342, .adv_w = 97, .box_w = 4, .box_h = 17, .ofs_x = 1, .ofs_y = 0},
    {.bitmap_index = 6376, .adv_w = 97, .box_w = 6, .box_h = 21, .ofs_x = -1, .ofs_y = -4},
    {.bitmap_index = 6439, .adv_w = 198, .box_w = 12, .box_h = 17, .ofs_x = 1, .ofs_y = 0},
    {.bitmap_index = 6541, .adv_w = 103, .box_w = 5, .box_h = 17, .ofs_x = 1, .ofs_y = 0},
    {.bitmap_index = 6584, .adv_w = 313, .box_w = 18, .box_h = 12, .ofs_x = 1, .ofs_y = 0},
    {.bitmap_index = 6692, .adv_w = 207, .box_w = 11, .box_h = 12, .ofs_x = 1, .ofs_y = 0},
    {.bitmap_index = 6758, .adv_w = 198, .box_w = 12, .box_h = 12, .ofs_x = 0, .ofs_y = 0},
    {.bitmap_index = 6830, .adv_w = 211, .box_w = 12, .box_h = 16, .ofs_x = 1, .ofs_y = -4},
    {.bitmap_index = 6926, .adv_w = 211, .box_w = 12, .box_h = 16, .ofs_x = 0, .ofs_y = -4},
    {.bitmap_index = 7022, .adv_w = 138, .box_w = 8, .box_h = 12, .ofs_x = 1, .ofs_y = 0},
    {.bitmap_index = 7070, .adv_w = 176, .box_w = 11, .box_h = 12, .ofs_x = 0, .ofs_y = 0},
    {.bitmap_index = 7136, .adv_w = 132, .box_w = 8, .box_h = 15, .ofs_x = 0, .ofs_y = 0},
    {.bitmap_index = 7196, .adv_w = 207, .box_w = 11, .box_h = 12, .ofs_x = 1, .ofs_y = 0},
    {.bitmap_index = 7262, .adv_w = 184, .box_w = 12, .box_h = 12, .ofs_x = 0, .ofs_y = 0},
    {.bitmap_index = 7334, .adv_w = 288, .box_w = 18, .box_h = 12, .ofs_x = 0, .ofs_y = 0},
    {.bitmap_index = 7442, .adv_w = 191, .box_w = 12, .box_h = 12, .ofs_x = 0, .ofs_y = 0},
    {.bitmap_index = 7514, .adv_w = 184, .box_w = 12, .box_h = 16, .ofs_x = 0, .ofs_y = -4},
    {.bitmap_index = 7610, .adv_w = 177, .box_w = 11, .box_h = 12, .ofs_x = 0, .ofs_y = 0},
    {.bitmap_index = 7676, .adv_w = 128, .box_w = 7, .box_h = 21, .ofs_x = 0, .ofs_y = -4},
    {.bitmap_index = 7750, .adv_w = 132, .box_w = 4, .box_h = 21, .ofs_x = 2, .ofs_y = -4},
    {.bitmap_index = 7792, .adv_w = 128, .box_w = 7, .box_h = 21, .ofs_x = 1, .ofs_y = -4},
    {.bitmap_index = 7866, .adv_w = 211, .box_w = 11, .box_h = 4, .ofs_x = 1, .ofs_y = 5},
    {.bitmap_index = 7888, .adv_w = 83, .box_w = 0, .box_h = 0, .ofs_x = 0, .ofs_y = 0},
    {.bitmap_index = 7888, .adv_w = 109, .box_w = 5, .box_h = 16, .ofs_x = 1, .ofs_y = -4},
    {.bitmap_index = 7928, .adv_w = 190, .box_w = 12, .box_h = 17, .ofs_x = 0, .ofs_y = -3},
    {.bitmap_index = 8030, .adv_w = 206, .box_w = 13, .box_h = 16, .ofs_x = 0, .ofs_y = 0},
    {.bitmap_index = 8134, .adv_w = 220, .box_w = 14, .box_h = 15, .ofs_x = 0, .ofs_y = 1},
    {.bitmap_index = 8239, .adv_w = 216, .box_w = 13, .box_h = 16, .ofs_x = 0, .ofs_y = 0},
    {.bitmap_index = 8343, .adv_w = 132, .box_w = 4, .box_h = 21, .ofs_x = 2, .ofs_y = -4},
    {.bitmap_index = 8385, .adv_w = 202, .box_w = 11, .box_h = 20, .ofs_x = 1, .ofs_y = -4},
    {.bitmap_index = 8495, .adv_w = 211, .box_w = 9, .box_h = 4, .ofs_x = 2, .ofs_y = 14},
    {.bitmap_index = 8513, .adv_w = 277, .box_w = 16, .box_h = 18, .ofs_x = 1, .ofs_y = -1},
    {.bitmap_index = 8657, .adv_w = 153, .box_w = 9, .box_h = 8, .ofs_x = 0, .ofs_y = 7},
    {.bitmap_index = 8693, .adv_w = 192, .box_w = 11, .box_h = 11, .ofs_x = 0, .ofs_y = 1},
    {.bitmap_index = 8754, .adv_w = 211, .box_w = 11, .box_h = 7, .ofs_x = 1, .ofs_y = 2},
    {.bitmap_index = 8793, .adv_w = 0, .box_w = 0, .box_h = 0, .ofs_x = 0, .ofs_y = 0},
    {.bitmap_index = 8793, .adv_w = 165, .box_w = 10, .box_h = 9, .ofs_x = 0, .ofs_y = 7},
    {.bitmap_index = 8838, .adv_w = 211, .box_w = 7, .box_h = 3, .ofs_x = 3, .ofs_y = 14},
    {.bitmap_index = 8849, .adv_w = 165, .box_w = 9, .box_h = 8, .ofs_x = 1, .ofs_y = 8},
    {.bitmap_index = 8885, .adv_w = 211, .box_w = 11, .box_h = 15, .ofs_x = 1, .ofs_y = 0},
    {.bitmap_index = 8968, .adv_w = 122, .box_w = 7, .box_h = 8, .ofs_x = 0, .ofs_y = 7},
    {.bitmap_index = 8996, .adv_w = 121, .box_w = 7, .box_h = 8, .ofs_x = 0, .ofs_y = 7},
    {.bitmap_index = 9024, .adv_w = 211, .box_w = 5, .box_h = 6, .ofs_x = 5, .ofs_y = 13},
    {.bitmap_index = 9039, .adv_w = 209, .box_w = 11, .box_h = 16, .ofs_x = 1, .ofs_y = -4},
    {.bitmap_index = 9127, .adv_w = 236, .box_w = 14, .box_h = 20, .ofs_x = 0, .ofs_y = -4},
    {.bitmap_index = 9267, .adv_w = 123, .box_w = 4, .box_h = 4, .ofs_x = 2, .ofs_y = 5},
    {.bitmap_index = 9275, .adv_w = 211, .box_w = 6, .box_h = 7, .ofs_x = 4, .ofs_y = -5},
    {.bitmap_index = 9296, .adv_w = 122, .box_w = 8, .box_h = 8, .ofs_x = 0, .ofs_y = 7},
    {.bitmap_index = 9328, .adv_w = 149, .box_w = 9, .box_h = 8, .ofs_x = 0, .ofs_y = 7},
    {.bitmap_index = 9364, .adv_w = 192, .box_w = 11, .box_h = 11, .ofs_x = 1, .ofs_y = 1},
    {.bitmap_index = 9425, .adv_w = 296, .box_w = 19, .box_h = 16, .ofs_x = 0, .ofs_y = 0},
    {.bitmap_index = 9577, .adv_w = 304, .box_w = 19, .box_h = 16, .ofs_x = 0, .ofs_y = 0},
    {.bitmap_index = 9729, .adv_w = 291, .box_w = 18, .box_h = 16, .ofs_x = 0, .ofs_y = 0},
    {.bitmap_index = 9873, .adv_w = 171, .box_w = 11, .box_h = 16, .ofs_x = 0, .ofs_y = -4},
    {.bitmap_index = 9961, .adv_w = 237, .box_w = 15, .box_h = 23, .ofs_x = 0, .ofs_y = 0},
    {.bitmap_index = 10134, .adv_w = 237, .box_w = 15, .box_h = 23, .ofs_x = 0, .ofs_y = 0},
    {.bitmap_index = 10307, .adv_w = 237, .box_w = 15, .box_h = 22, .ofs_x = 0, .ofs_y = 0},
    {.bitmap_index = 10472, .adv_w = 237, .box_w = 15, .box_h = 21, .ofs_x = 0, .ofs_y = 0},
    {.bitmap_index = 10630, .adv_w = 237, .box_w = 15, .box_h = 21, .ofs_x = 0, .ofs_y = 0},
    {.bitmap_index = 10788, .adv_w = 237, .box_w = 15, .box_h = 23, .ofs_x = 0, .ofs_y = 0},
    {.bitmap_index = 10961, .adv_w = 334, .box_w = 20, .box_h = 16, .ofs_x = 0, .ofs_y = 0},
    {.bitmap_index = 11121, .adv_w = 226, .box_w = 13, .box_h = 20, .ofs_x = 1, .ofs_y = -4},
    {.bitmap_index = 11251, .adv_w = 211, .box_w = 11, .box_h = 23, .ofs_x = 1, .ofs_y = 0},
    {.bitmap_index = 11378, .adv_w = 211, .box_w = 11, .box_h = 23, .ofs_x = 1, .ofs_y = 0},
    {.bitmap_index = 11505, .adv_w = 211, .box_w = 11, .box_h = 22, .ofs_x = 1, .ofs_y = 0},
    {.bitmap_index = 11626, .adv_w = 211, .box_w = 11, .box_h = 21, .ofs_x = 1, .ofs_y = 0},
    {.bitmap_index = 11742, .adv_w = 149, .box_w = 8, .box_h = 23, .ofs_x = 1, .ofs_y = 0},
    {.bitmap_index = 11834, .adv_w = 149, .box_w = 8, .box_h = 23, .ofs_x = 1, .ofs_y = 0},
    {.bitmap_index = 11926, .adv_w = 149, .box_w = 9, .box_h = 22, .ofs_x = 0, .ofs_y = 0},
    {.bitmap_index = 12025, .adv_w = 149, .box_w = 9, .box_h = 21, .ofs_x = 0, .ofs_y = 0},
    {.bitmap_index = 12120, .adv_w = 244, .box_w = 15, .box_h = 16, .ofs_x = 0, .ofs_y = 0},
    {.bitmap_index = 12240, .adv_w = 253, .box_w = 14, .box_h = 21, .ofs_x = 1, .ofs_y = 0},
    {.bitmap_index = 12387, .adv_w = 251, .box_w = 14, .box_h = 22, .ofs_x = 1, .ofs_y = 0},
    {.bitmap_index = 12541, .adv_w = 251, .box_w = 14, .box_h = 22, .ofs_x = 1, .ofs_y = 0},
    {.bitmap_index = 12695, .adv_w = 251, .box_w = 14, .box_h = 22, .ofs_x = 1, .ofs_y = 0},
    {.bitmap_index = 12849, .adv_w = 251, .box_w = 14, .box_h = 21, .ofs_x = 1, .ofs_y = 0},
    {.bitmap_index = 12996, .adv_w = 251, .box_w = 14, .box_h = 21, .ofs_x = 1, .ofs_y = 0},
    {.bitmap_index = 13143, .adv_w = 211, .box_w = 11, .box_h = 11, .ofs_x = 1, .ofs_y = 1},
    {.bitmap_index = 13204, .adv_w = 251, .box_w = 14, .box_h = 18, .ofs_x = 1, .ofs_y = -1},
    {.bitmap_index = 13330, .adv_w = 243, .box_w = 13, .box_h = 23, .ofs_x = 1, .ofs_y = 0},
    {.bitmap_index = 13480, .adv_w = 243, .box_w = 13, .box_h = 23, .ofs_x = 1, .ofs_y = 0},
    {.bitmap_index = 13630, .adv_w = 243, .box_w = 13, .box_h = 22, .ofs_x = 1, .ofs_y = 0},
    {.bitmap_index = 13773, .adv_w = 243, .box_w = 13, .box_h = 21, .ofs_x = 1, .ofs_y = 0},
    {.bitmap_index = 13910, .adv_w = 222, .box_w = 14, .box_h = 23, .ofs_x = 0, .ofs_y = 0},
    {.bitmap_index = 14071, .adv_w = 226, .box_w = 13, .box_h = 16, .ofs_x = 1, .ofs_y = 0},
    {.bitmap_index = 14175, .adv_w = 238, .box_w = 15, .box_h = 17, .ofs_x = 0, .ofs_y = 0},
    {.bitmap_index = 14303, .adv_w = 197, .box_w = 12, .box_h = 19, .ofs_x = 0, .ofs_y = 0},
    {.bitmap_index = 14417, .adv_w = 197, .box_w = 12, .box_h = 19, .ofs_x = 0, .ofs_y = 0},
    {.bitmap_index = 14531, .adv_w = 197, .box_w = 12, .box_h = 18, .ofs_x = 0, .ofs_y = 0},
    {.bitmap_index = 14639, .adv_w = 197, .box_w = 12, .box_h = 17, .ofs_x = 0, .ofs_y = 0},
    {.bitmap_index = 14741, .adv_w = 197, .box_w = 12, .box_h = 17, .ofs_x = 0, .ofs_y = 0},
    {.bitmap_index = 14843, .adv_w = 197, .box_w = 12, .box_h = 19, .ofs_x = 0, .ofs_y = 0},
    {.bitmap_index = 14957, .adv_w = 304, .box_w = 19, .box_h = 12, .ofs_x = 0, .ofs_y = 0},
    {.bitmap_index = 15071, .adv_w = 181, .box_w = 11, .box_h = 16, .ofs_x = 0, .ofs_y = -4},
    {.bitmap_index = 15159, .adv_w = 196, .box_w = 12, .box_h = 19, .ofs_x = 0, .ofs_y = 0},
    {.bitmap_index = 15273, .adv_w = 196, .box_w = 12, .box_h = 19, .ofs_x = 0, .ofs_y = 0},
    {.bitmap_index = 15387, .adv_w = 196, .box_w = 12, .box_h = 18, .ofs_x = 0, .ofs_y = 0},
    {.bitmap_index = 15495, .adv_w = 196, .box_w = 12, .box_h = 17, .ofs_x = 0, .ofs_y = 0},
    {.bitmap_index = 15597, .adv_w = 97, .box_w = 5, .box_h = 19, .ofs_x = 0, .ofs_y = 0},
    {.bitmap_index = 15645, .adv_w = 97, .box_w = 6, .box_h = 19, .ofs_x = 1, .ofs_y = 0},
    {.bitmap_index = 15702, .adv_w = 97, .box_w = 9, .box_h = 18, .ofs_x = -1, .ofs_y = 0},
    {.bitmap_index = 15783, .adv_w = 97, .box_w = 8, .box_h = 17, .ofs_x = -1, .ofs_y = 0},
    {.bitmap_index = 15851, .adv_w = 207, .box_w = 12, .box_h = 18, .ofs_x = 0, .ofs_y = 0},
    {.bitmap_index = 15959, .adv_w = 207, .box_w = 11, .box_h = 17, .ofs_x = 1, .ofs_y = 0},
    {.bitmap_index = 16053, .adv_w = 198, .box_w = 12, .box_h = 19, .ofs_x = 0, .ofs_y = 0},
    {.bitmap_index = 16167, .adv_w = 198, .box_w = 12, .box_h = 19, .ofs_x = 0, .ofs_y = 0},
    {.bitmap_index = 16281, .adv_w = 198, .box_w = 12, .box_h = 18, .ofs_x = 0, .ofs_y = 0},
    {.bitmap_index = 16389, .adv_w = 198, .box_w = 12, .box_h = 17, .ofs_x = 0, .ofs_y = 0},
    {.bitmap_index = 16491, .adv_w = 198, .box_w = 12, .box_h = 17, .ofs_x = 0, .ofs_y = 0},
    {.bitmap_index = 16593, .adv_w = 211, .box_w = 11, .box_h = 12, .ofs_x = 1, .ofs_y = 1},
    {.bitmap_index = 16659, .adv_w = 201, .box_w = 13, .box_h = 14, .ofs_x = 0, .ofs_y = -1},
    {.bitmap_index = 16750, .adv_w = 207, .box_w = 11, .box_h = 19, .ofs_x = 1, .ofs_y = 0},
    {.bitmap_index = 16855, .adv_w = 207, .box_w = 11, .box_h = 19, .ofs_x = 1, .ofs_y = 0},
    {.bitmap_index = 16960, .adv_w = 207, .box_w = 11, .box_h = 18, .ofs_x = 1, .ofs_y = 0},
    {.bitmap_index = 17059, .adv_w = 207, .box_w = 11, .box_h = 17, .ofs_x = 1, .ofs_y = 0},
    {.bitmap_index = 17153, .adv_w = 184, .box_w = 12, .box_h = 23, .ofs_x = 0, .ofs_y = -4},
    {.bitmap_index = 17291, .adv_w = 211, .box_w = 12, .box_h = 21, .ofs_x = 1, .ofs_y = -4},
    {.bitmap_index = 17417, .adv_w = 184, .box_w = 12, .box_h = 21, .ofs_x = 0, .ofs_y = -4},
    {.bitmap_index = 17543, .adv_w = 207, .box_w = 13, .box_h = 3, .ofs_x = 0, .ofs_y = 6},
    {.bitmap_index = 17563, .adv_w = 275, .box_w = 17, .box_h = 3, .ofs_x = 0, .ofs_y = 6},
    {.bitmap_index = 17589, .adv_w = 103, .box_w = 5, .box_h = 7, .ofs_x = 1, .ofs_y = 10},
    {.bitmap_index = 17607, .adv_w = 103, .box_w = 5, .box_h = 7, .ofs_x = 0, .ofs_y = 10},
    {.bitmap_index = 17625, .adv_w = 104, .box_w = 5, .box_h = 7, .ofs_x = 0, .ofs_y = -3},
    {.bitmap_index = 17643, .adv_w = 182, .box_w = 10, .box_h = 7, .ofs_x = 1, .ofs_y = 10},
    {.bitmap_index = 17678, .adv_w = 182, .box_w = 10, .box_h = 7, .ofs_x = 0, .ofs_y = 10},
    {.bitmap_index = 17713, .adv_w = 148, .box_w = 7, .box_h = 7, .ofs_x = 1, .ofs_y = 4},
    {.bitmap_index = 17738, .adv_w = 306, .box_w = 17, .box_h = 4, .ofs_x = 1, .ofs_y = 0},
    {.bitmap_index = 17772, .adv_w = 308, .box_w = 17, .box_h = 11, .ofs_x = 1, .ofs_y = 2},
    {.bitmap_index = 17866, .adv_w = 308, .box_w = 11, .box_h = 16, .ofs_x = 4, .ofs_y = 0},
    {.bitmap_index = 17954, .adv_w = 308, .box_w = 17, .box_h = 11, .ofs_x = 1, .ofs_y = 2},
    {.bitmap_index = 18048, .adv_w = 308, .box_w = 11, .box_h = 17, .ofs_x = 4, .ofs_y = -1},
    {.bitmap_index = 18142, .adv_w = 211, .box_w = 11, .box_h = 3, .ofs_x = 1, .ofs_y = 5}
};

/*---------------------
 *  CHARACTER MAPPING
 *--------------------*/

static const uint16_t unicode_list_2[] = {
    0x0, 0x1, 0x5, 0x6, 0x7, 0x9, 0xa, 0xf,
    0x13, 0x17d, 0x17e, 0x17f, 0x180, 0x1ff
};

/*Collect the unicode lists and glyph_id offsets*/
static const lv_font_fmt_txt_cmap_t cmaps[] =
{
    {
        .range_start = 32, .range_length = 95, .glyph_id_start = 1,
        .unicode_list = NULL, .glyph_id_ofs_list = NULL, .list_length = 0, .type = LV_FONT_FMT_TXT_CMAP_FORMAT0_TINY
    },
    {
        .range_start = 160, .range_length = 96, .glyph_id_start = 96,
        .unicode_list = NULL, .glyph_id_ofs_list = NULL, .list_length = 0, .type = LV_FONT_FMT_TXT_CMAP_FORMAT0_TINY
    },
    {
        .range_start = 8211, .range_length = 512, .glyph_id_start = 192,
        .unicode_list = unicode_list_2, .glyph_id_ofs_list = NULL, .list_length = 14, .type = LV_FONT_FMT_TXT_CMAP_SPARSE_TINY
    }
};

/*-----------------
 *    KERNING
 *----------------*/


/*Map glyph_ids to kern left classes*/
static const uint8_t kern_left_class_mapping[] =
{
    0, 0, 0, 0, 0, 0, 1, 0,
    0, 0, 0, 0, 0, 0, 0, 0,
    0, 0, 0, 0, 0, 0, 0, 0,
    0, 0, 0, 0, 0, 0, 0, 0,
    0, 0, 2, 3, 4, 5, 6, 7,
    8, 0, 9, 10, 11, 12, 0, 0,
    0, 13, 0, 14, 15, 16, 17, 18,
    19, 20, 21, 22, 0, 0, 0, 0,
    0, 0, 23, 24, 25, 0, 26, 27,
    28, 29, 30, 31, 32, 33, 29, 29,
    34, 24, 35, 36, 37, 38, 39, 40,
    41, 42, 43, 44, 0, 0, 0, 0,
    0, 0, 0, 0, 0, 0, 0, 0,
    0, 0, 0, 0, 0, 0, 0, 0,
    0, 0, 0, 0, 0, 0, 0, 0,
    0, 0, 0, 0, 0, 0, 0, 0,
    2, 2, 2, 2, 2, 2, 6, 4,
    6, 6, 6, 6, 9, 9, 9, 9,
    5, 0, 0, 0, 0, 0, 0, 0,
    0, 17, 17, 17, 17, 21, 45, 46,
    23, 23, 23, 23, 23, 23, 26, 25,
    26, 26, 26, 26, 30, 30, 47, 48,
    49, 29, 34, 34, 34, 34, 34, 0,
    34, 39, 39, 39, 39, 43, 24, 43,
    0, 0, 0, 0, 0, 0, 0, 0,
    0, 0, 0, 0, 0, 0
};

/*Map glyph_ids to kern right classes*/
static const uint8_t kern_right_class_mapping[] =
{
    0, 0, 1, 2, 0, 0, 0, 3,
    2, 0, 4, 2, 0, 5, 6, 5,
    7, 0, 0, 0, 0, 0, 0, 0,
    0, 0, 0, 8, 8, 0, 0, 0,
    9, 10, 11, 0, 12, 0, 0, 0,
    12, 0, 13, 14, 0, 0, 0, 0,
    12, 0, 12, 0, 15, 16, 17, 18,
    19, 20, 21, 22, 0, 0, 23, 0,
    24, 0, 25, 0, 26, 27, 26, 28,
    29, 0, 30, 31, 0, 32, 33, 33,
    26, 34, 27, 33, 35, 36, 37, 38,
    39, 40, 41, 42, 0, 0, 23, 0,
    0, 0, 0, 0, 0, 0, 0, 0,
    0, 0, 43, 44, 0, 0, 45, 0,
    0, 0, 46, 47, 0, 0, 0, 0,
    0, 48, 49, 50, 0, 0, 0, 51,
    11, 11, 11, 11, 11, 11, 52, 12,
    0, 0, 0, 0, 13, 13, 13, 13,
    0, 0, 12, 12, 12, 12, 12, 0,
    12, 17, 17, 17, 17, 21, 0, 28,
    25, 25, 25, 25, 25, 25, 25, 26,
    26, 26, 26, 26, 53, 30, 54, 55,
    27, 33, 26, 26, 26, 26, 26, 0,
    26, 37, 37, 37, 37, 41, 0, 41,
    6, 6, 56, 57, 5, 56, 57, 0,
    5, 0, 0, 0, 0, 0
};

/*Kern values between classes*/
static const int8_t kern_class_values[] =
{
    0, -21, 0, 0, 0, 0, 0, 0,
    0, 0, 0, 0, 0, 0, 0, 0,
    0, 0, 0, 0, 0, 0, 0, 0,
    0, 0, 0, 0, 0, 0, 0, 0,
    0, 0, 0, 0, 0, 0, 0, 0,
    0, 0, 0, 0, 0, 0, 0, 0,
    0, 0, 0, 0, 0, 0, 0, -24,
    -24, 0, -18, -4, 0, 7, -6, 0,
    0, -13, -6, 4, -9, 0, -3, 0,
    -23, -7, -18, -7, 2, -23, 0, 0,
    5, 1, 0, 0, 0, 0, 0, 0,
    0, 0, 0, 0, -5, 0, -10, -6,
    0, -5, 4, 0, 0, -24, -18, -17,
    -24, 0, 0, 0, 4, 0, 0, 0,
    -24, -21, 0, 0, 0, 0, -5, 0,
    -8, 0, 0, 0, -5, 0, 0, -4,
    0, -9, 0, -9, -2, -7, -14, 0,
    0, -22, 0, 0, 0, -1, -1, 0,
    0, 0, 0, 0, 0, -2, 0, -3,
    -2, -4, -3, 0, 0, 0, -5, -1,
    -1, -1, 0, 0, 0, -5, 0, 0,
    0, 0, 0, 0, 1, -3, 0, 0,
    -5, -5, 0, 0, -4, -2, -5, 0,
    0, 0, 0, 0, 0, 0, -5, -3,
    0, 0, -13, 0, 0, 0, 0, 0,
    0, 0, 0, 0, 0, 0, 0, 0,
    0, 0, 0, 0, 0, 0, 0, 2,
    0, 0, 0, 0, 0, 0, -2, 0,
    0, 0, 1, 1, 0, -4, 0, 0,
    -13, 5, -12, 0, 0, 0, -11, 0,
    0, -9, 0, -9, 0, -9, -6, -9,
    -14, -8, 0, -8, 0, 0, 0, 0,
    0, 0, 0, 0, 0, 0, 0, 0,
    0, 0, 0, 0, 0, 0, 0, 7,
    0, 0, 0, 0, 0, 0, 0, -14,
    0, 0, 0, -8, -8, 0, 0, -5,
    0, 0, 0, 0, 0, 0, -4, 0,
    0, 0, -7, 0, 0, 0, -1, 0,
    0, -2, 0, 0, 0, 0, -4, -4,
    0, -2, 0, 0, 0, 0, 0, 0,
    0, 0, 0, 0, 0, 0, 0, 0,
    0, 0, 0, 0, -3, 0, 0, 0,
    0, 0, 0, 0, 0, 0, 0, 2,
    -13, 5, -33, 0, -25, 0, 1, -10,
    -26, -9, 0, -24, 0, 0, 0, 0,
    0, 0, 0, 0, 0, -48, -14, -11,
    -11, -2, -15, 0, -4, 0, -10, -10,
    -12, -4, -9, -7, -5, -14, -7, -7,
    0, 0, 0, 1, 1, 0, 0, 0,
    0, -33, 0, 11, 11, 0, 0, 0,
    -4, 0, 0, 0, 4, 0, 0, 0,
    0, 0, 0, 0, -3, 0, -13, 0,
    -9, -4, -3, -14, 0, 0, 0, 0,
    0, 0, 0, 0, 0, 0, 0, 0,
    0, 0, 0, 0, 0, 0, 0, 0,
    0, 0, 0, -5, -6, -4, -6, 0,
    0, 0, 0, 0, 0, 0, -8, -6,
    0, 0, -1, 0, 0, -11, 0, 0,
    0, -7, 0, 0, 0, 0, 0, -2,
    0, 0, 0, 0, 0, 0, 0, 1,
    0, -2, -2, 0, 0, 0, 0, 0,
    0, 0, -1, 0, 0, -1, 0, 0,
    -1, 0, 0, 0, 0, 0, 1, 0,
    0, 0, 0, 0, 0, 7, 7, 0,
    0, 0, 0, 0, 0, -8, 0, -10,
    0, 0, 0, -6, 0, 0, -4, 0,
    0, 0, 0, 0, -5, 0, 0, 0,
    -27, 0, 0, 0, 0, 0, 0, 0,
    0, 0, 0, 0, 0, 0, 0, 0,
    0, 0, 0, 0, 0, 0, 0, 0,
    0, 0, 0, 0, -9, 0, 0, 0,
    0, 0, 0, -3, -10, 4, 4, -17,
    0, 0, 0, -14, 0, -13, 0, -7,
    -3, -8, 0, -8, -4, 0, -7, 0,
    0, 0, -4, -9, -9, -7, -4, 0,
    0, -2, -4, -4, 0, -10, -6, -6,
    -6, -2, -6, 4, 0, -11, -14, -10,
    -10, -10, 0, -7, 0, 0, 0, 0,
    4, -9, -6, 0, -30, -2, 0, 7,
    -13, 5, 0, -20, -5, 6, -13, 0,
    0, 0, -26, -11, -24, -13, 0, -30,
    0, 0, 8, 1, -4, -3, 0, 0,
    0, 0, 0, 0, 0, 0, -6, -2,
    -18, -11, 4, -13, 4, 0, -7, -39,
    -27, -24, -25, 0, 0, 0, 6, 0,
    0, 0, -29, -27, 0, 2, -11, 0,
    -35, 0, -27, 0, 0, -4, -23, 0,
    0, -21, -2, 0, 0, -1, -2, -10,
    -6, -9, 0, -51, -5, -7, -7, 0,
    -11, 0, 0, 0, -4, -5, -5, 0,
    0, 0, 2, -5, 0, 0, 0, 0,
    0, 4, 4, 1, 0, 0, 0, -33,
    0, 0, 0, 3, 3, 0, 0, -9,
    0, 0, -5, -6, 0, 0, -7, 0,
    -4, 0, -11, 0, -8, -5, -10, -4,
    0, -14, 0, 0, 0, -4, -5, -5,
    0, -9, 0, 0, 0, 0, 0, 0,
    0, 0, 0, 0, 0, -1, 0, 0,
    0, 0, -1, -4, -6, 0, 0, 0,
    0, 0, 0, 0, 0, 0, 0, 0,
    -2, 0, 0, 5, -10, 0, 0, -2,
    0, 0, 0, 0, -5, -7, 0, -5,
    -4, 0, -11, 0, 0, -19, 0, 0,
    0, 0, 0, 0, 0, 0, 0, 0,
    0, -1, 0, 0, 0, 0, 0, 0,
    0, 7, -2, -3, -4, -5, 0, 0,
    0, 0, 0, 0, 0, -7, -4, 0,
    0, 0, 0, 0, 0, 0, -14, 0,
    0, 0, 0, 0, 0, 0, 0, 0,
    0, 0, 0, 0, 0, 0, 0, 0,
    0, 0, 0, 0, 0, 0, 0, 0,
    0, 0, 0, 0, 0, 0, 0, 0,
    0, 0, 0, 0, 0, 0, 0, 0,
    0, 0, 0, 0, 0, 0, 0, 0,
    0, 0, -2, 0, -11, 0, -12, 0,
    0, 0, -7, 0, 0, -5, 0, 0,
    0, 0, 0, 0, 0, 0, 0, -23,
    0, 0, 0, 0, -4, 0, 0, 0,
    0, 0, 0, 0, 0, 0, 0, 0,
    0, 0, 0, 0, 0, 0, 0, 0,
    0, 0, 0, -8, 0, 0, 0, 0,
    0, 0, 0, 0, 0, 0, 0, 0,
    -10, 0, 0, 0, 0, 0, 0, 0,
    0, 0, 0, 0, 0, 0, 0, 0,
    0, 0, 0, 0, 0, 0, 0, 0,
    0, 0, 0, 0, 0, 0, 0, 0,
    0, 0, 0, 0, 0, 0, 0, 0,
    0, 0, 0, 0, 0, 0, 0, 0,
    0, 0, 0, 5, -10, 4, -13, -4,
    -13, 0, 3, -7, -7, -6, 0, -14,
    0, 2, 0, 1, 1, 0, 0, -1,
    0, -18, -8, -8, -8, 0, -7, 0,
    -1, 0, -4, -2, -4, 0, -2, 0,
    -3, -4, 0, -3, 0, 0, 5, 5,
    5, 3, 0, 0, 0, -22, 0, 14,
    0, 2, 2, 0, 0, 0, 0, 0,
    0, 0, -5, 0, 0, 0, 0, 0,
    0, 0, 0, 0, 0, 0, 0, 0,
    0, 0, 0, 0, 0, 0, 0, 0,
    0, 0, 0, 0, 0, 0, 0, 0,
    0, 0, 0, 0, 0, 0, 0, 0,
    0, 0, 0, 0, 0, 0, 0, 0,
    0, 0, 0, 0, 0, 0, 0, 0,
    0, 0, 0, -17, 0, 0, 0, 0,
    0, 0, 0, 0, 0, 0, 0, 0,
    0, 0, 0, 0, 0, 0, 0, 0,
    0, 0, 0, 0, 0, 0, 0, 0,
    0, 0, 0, 0, 0, 0, 0, 0,
    0, 0, 0, 0, 0, 0, 0, 0,
    0, 0, 0, 0, 0, 0, 2, -4,
    4, 11, -14, 0, 0, 0, -6, 0,
    -6, 0, -2, 0, 0, 0, -2, -1,
    0, -2, 0, 0, 5, 0, -2, -1,
    0, 0, 0, 0, 0, 0, 0, 0,
    -4, -2, 0, 0, 0, -2, 0, 0,
    -7, 4, 1, 0, 1, 0, -4, 0,
    0, 0, 7, 10, 1, 1, 0, -5,
    0, 0, 4, -2, 7, 0, 0, 0,
    3, 0, 0, 0, 0, -25, 0, -11,
    -2, 0, -16, 2, 0, 4, 0, 0,
    0, 0, 0, 0, 0, 0, 0, 0,
    0, -1, 0, -3, -2, 0, -3, 0,
    0, 0, 0, -6, -1, -8, 0, 0,
    0, 3, 0, 0, 0, -11, 0, 0,
    -7, 0, 0, -6, 4, 0, 0, 0,
    0, 0, 0, -2, 0, 0, -23, 0,
    -12, -8, -7, -19, -1, 0, -19, 0,
    0, 0, -2, 0, 0, 0, 0, 0,
    0, 0, -2, 0, -3, -3, -5, -3,
    -2, 0, 5, -2, 0, 0, -2, 0,
    0, 0, 0, 0, 0, 0, -14, -11,
    0, 0, 0, 0, 0, 0, 0, 0,
    0, 0, 3, 0, 0, 2, 0, -16,
    0, -10, -3, 0, -16, 2, 0, -11,
    0, -2, -2, 0, 0, 0, 0, 0,
    0, 0, 0, 0, 0, 0, 0, 0,
    0, 0, 0, 2, 0, 1, 3, 0,
    0, 0, 0, 3, 0, 0, 0, -3,
    1, 0, -7, 0, 0, -6, 4, 0,
    0, 0, 0, 0, 0, -2, 0, -4,
    -23, 0, -12, -7, -7, -19, -2, 0,
    -20, 0, 0, 0, 0, 0, 0, 0,
    0, 0, 0, 0, 0, 0, -3, -2,
    -5, -2, -2, 0, 5, -2, 0, 0,
    -2, 0, 0, 0, 0, 0, 0, 0,
    -12, -11, 7, 11, -5, 9, -11, 0,
    -7, 0, 11, 0, -2, 5, 0, -8,
    0, 10, 0, 10, 8, 4, 9, 1,
    5, -23, 0, -1, -1, 1, -1, 3,
    0, 0, 0, 0, 0, 0, 0, 4,
    0, 0, 4, 0, 0, 0, 11, 8,
    13, 8, 0, 0, 0, -2, 5, 18,
    20, 12, 12, 0, 2, -1, 9, 3,
    0, 8, 0, 0, 0, 8, 0, 0,
    -3, 0, -4, 0, -3, 0, 3, -3,
    4, 4, 19, -1, -2, -2, 0, 2,
    0, 8, 0, 0, 0, 0, 0, -1,
    0, 0, 0, 2, 0, 0, 0, 5,
    4, 5, 4, 0, 0, 0, 8, 0,
    0, 0, 4, 5, 0, -5, 0, 0,
    0, 0, 0, 0, 0, 0, 0, 0,
    0, 0, 0, -19, 0, -12, -8, 0,
    -19, 0, 0, 0, 0, 0, 0, 0,
    0, 0, 0, 0, 0, 0, 0, 0,
    0, -3, -2, 0, -3, 0, 0, 0,
    -4, -1, 0, -6, 0, 0, 0, 0,
    0, 0, 0, -13, -6, 0, 0, 0,
    0, 0, 0, 0, 0, 0, 0, 0,
    0, 0, -3, 0, 0, 0, 0, 0,
    0, -5, 0, 0, 0, 0, 0, 0,
    0, 0, 0, 0, 0, 0, 0, 0,
    0, 0, 0, 0, 0, 0, 0, 0,
    0, 0, 7, 7, 7, 0, 0, 0,
    0, 0, 0, 0, 0, 0, 0, 0,
    0, 0, 0, 0, 0, 0, 0, 0,
    0, 0, 0, 0, 0, 0, 0, 0,
    0, 0, -2, 0, 0, 0, 0, 0,
    0, 0, 0, 0, 0, 0, 0, 0,
    0, 0, 0, 0, 0, 0, 0, 0,
    0, 0, 0, 0, 0, 0, 0, 0,
    0, 0, 0, 0, 0, 0, 0, 0,
    0, -5, 0, 0, -13, 0, 0, 0,
    -5, 5, -4, 0, -2, -2, -11, 0,
    -6, -3, 0, -17, 5, 0, 6, 0,
    -8, -7, 0, -1, 0, 0, 0, 0,
    0, -4, -4, -4, -5, -1, 0, -1,
    0, 0, -1, 2, -5, -5, -5, 0,
    -2, 0, 5, 0, 0, 0, -2, 2,
    0, 0, 0, 0, 4, -4, 0, 0,
    0, 0, 7, 0, 0, 2, 0, -5,
    0, -2, 0, 5, -6, 5, 0, 8,
    0, 0, 0, 0, 0, 0, 0, -2,
    0, 0, 0, -2, 0, -2, -1, 0,
    -2, 1, 0, 0, 0, -6, -6, -8,
    0, 0, 0, 7, 0, 0, 0, -10,
    -8, 0, -7, 0, 0, -6, 4, 0,
    0, 0, 0, 0, 0, -2, 0, 0,
    -23, 0, -12, -8, -7, -20, -2, 0,
    -20, 0, 0, 0, -2, 0, 0, 0,
    0, 0, 0, 0, -1, 0, -3, -3,
    -5, -3, -2, 0, 5, -2, 0, 0,
    -2, 0, 0, 0, 0, 0, 0, 0,
    -14, -11, 0, 0, 0, 0, 0, 0,
    0, 0, 0, 0, 0, 0, 0, 0,
    0, -14, 0, -9, -4, 0, -14, 0,
    0, 0, 0, 0, 0, 0, 0, 0,
    0, 0, 0, 0, 0, 0, 0, 0,
    0, 0, 0, 0, 0, 0, 0, 0,
    0, 2, 0, 0, 0, 0, 0, 0,
    0, -5, 4, 0, 11, -7, 0, -28,
    -2, -7, 0, 0, 0, -13, 4, 0,
    -8, 2, -4, 0, 0, 1, -7, -7,
    -4, 0, -28, -4, -2, -2, 3, -6,
    0, 0, 0, 0, 0, 0, 1, 0,
    3, 2, 0, 3, 0, 0, 0, 10,
    13, 15, 7, 0, 0, 0, -13, 0,
    0, 0, 9, 12, 0, -4, 0, 0,
    -2, -1, 0, 0, 0, 0, 0, 0,
    0, -1, 0, -23, 0, -11, 0, -8,
    -18, 0, 0, -14, 0, 0, 0, -1,
    -1, 0, 0, 0, 0, 0, -2, -3,
    0, -4, -4, -6, -4, -4, 0, 0,
    0, -4, -3, -7, 0, 0, 0, 0,
    0, 0, 0, -8, -4, 0, 0, -4,
    0, 0, -5, 0, 0, 0, 0, 2,
    0, 0, 0, 0, -8, 0, 0, 0,
    0, -7, 0, 2, 6, 0, -1, -1,
    -1, -1, 0, 0, 0, 0, 0, 0,
    -2, 0, 0, 0, 0, 0, 0, 0,
    -4, 5, 1, 6, 0, 0, 0, 0,
    2, 0, 0, 0, -1, 3, 0, 0,
    0, 0, 0, 0, 0, 0, 0, 0,
    0, 0, 0, 0, 0, -16, 0, -8,
    -2, 0, -17, 0, 0, 0, 0, 0,
    0, 0, 0, 0, 0, 0, 0, 0,
    0, 0, 0, 0, 0, 0, 0, 0,
    0, 0, 0, 0, 0, -2, 0, 0,
    0, 0, 0, 0, 0, 0, 2, 0,
    8, -6, 0, -17, -2, -4, 0, 0,
    0, -10, 0, -1, -7, 0, -10, 0,
    -4, 0, 0, -11, 0, 0, -25, -3,
    -3, -3, 1, -5, 0, 0, 0, 0,
    0, 0, 0, 0, 0, 0, 0, 0,
    -1, 0, 0, 11, 5, 7, 4, 0,
    0, 0, -10, 0, 0, 0, 8, 10,
    0, 7, -7, 0, -13, -1, 0, 0,
    0, -2, -6, 0, 0, -7, 0, -13,
    0, -4, -3, 0, -12, 0, 0, -17,
    -5, -3, -3, 0, -6, 0, 0, 0,
    0, 0, -1, 0, 0, 0, 0, 0,
    0, 0, 0, 0, 8, 2, 5, 1,
    0, 0, 0, -6, 0, 0, 0, 3,
    9, 0, 1, -10, 0, 0, -12, 0,
    0, 0, -6, 0, 0, 0, -4, 0,
    -14, 0, -4, -4, 0, -12, 0, 0,
    7, 0, -5, -5, 0, 0, 0, 0,
    0, 0, 0, -1, 0, 0, 0, 0,
    0, 0, 0, 0, -4, 7, 0, 0,
    0, 0, 0, 0, 0, 0, 0, 0,
    -1, 5, 0, 7, -10, 0, -17, -2,
    -2, 0, 0, -4, -5, 0, -1, -10,
    0, -12, 0, -4, 0, 0, -11, 0,
    0, -28, -5, -2, -2, 2, -8, 0,
    0, 0, 0, 0, -3, 0, 0, 0,
    0, 0, 0, -1, 0, 0, 12, 2,
    7, 1, 0, 0, 0, -5, 0, 0,
    0, 9, 10, 0, 2, -4, 0, 4,
    -7, 0, 0, 0, -3, 4, 0, 0,
    0, 0, -13, 0, -4, -2, 4, -10,
    0, 0, 2, 0, -4, -4, 0, 0,
    0, 0, 0, 0, 0, 0, 0, 0,
    0, 0, 0, 0, 0, 0, 0, 9,
    1, 1, 0, 0, 0, 0, 4, 0,
    0, 0, 1, 3, 0, -2, 0, 0,
    -18, 11, -18, 0, 0, 4, -8, 0,
    0, -15, 0, 0, 0, -11, -4, -14,
    -14, 0, 0, -48, 0, 4, 4, 0,
    0, 0, 0, 0, 0, 0, 2, 0,
    0, 2, 3, -4, 3, 0, 0, 11,
    0, 1, 0, 0, 0, 0, 0, -17,
    0, 0, 0, 0, 0, 0, -5, 0,
    0, 3, -1, 0, 0, -4, 0, 4,
    0, 0, 4, -2, -7, 0, -5, -5,
    0, -7, 2, 0, -18, 4, 1, 1,
    0, 2, 0, 0, 0, 0, 0, 0,
    -2, 0, -2, -3, 0, -2, 0, -8,
    6, -7, -7, -7, -7, -6, 0, 1,
    4, 0, 0, 0, -10, -10, 0, 0,
    0, 0, 0, 0, 0, 0, 0, 0,
    0, 0, 0, 0, 0, 14, 0, 14,
    14, 0, 11, 0, 0, 0, 0, 0,
    0, 0, 0, 0, 0, 0, 0, 0,
    0, 0, 0, 0, 0, 0, 0, 0,
    0, 0, 0, 0, 0, 0, 0, 0,
    0, 0, 0, 0, 0, 0, 0, 0,
    0, 0, 0, 0, 0, 0, 0, 0,
    0, 0, 0, 0, 0, 0, 17, 0,
    17, 0, 0, 15, 0, 0, 0, 0,
    0, 0, 0, 0, 0, 0, 0, 0,
    0, 0, 0, 0, 0, 0, 0, 0,
    0, 0, 0, 0, 0, 0, 0, 0,
    0, 0, 0, 0, 0, 0, 0, 0,
    0, 0, 0, 0, 0, 0, 0, 0,
    0, 0, 0, 0, 0, 0, 0, -19,
    0, 0, 0, 0, 0, 0, 0, 0,
    0, 0, 0, 0, 0, 0, 0, 0,
    0, 0, 0, 0, 0, 0, 0, 0,
    0, 0, 0, 0, 0, 0, 0, 0,
    0, 0, 0, 0, 0, 0, 0, 0,
    0
};


/*Collect the kern class' data in one place*/
static const lv_font_fmt_txt_kern_classes_t kern_classes =
{
    .class_pair_values   = kern_class_values,
    .left_class_mapping  = kern_left_class_mapping,
    .right_class_mapping = kern_right_class_mapping,
    .left_class_cnt      = 49,
    .right_class_cnt     = 57,
};

/*--------------------
 *  ALL CUSTOM DATA
 *--------------------*/

#if LVGL_VERSION_MAJOR == 8
/*Store all the custom data of the font*/
static  lv_font_fmt_txt_glyph_cache_t cache;
#endif

#if LVGL_VERSION_MAJOR >= 8
static const lv_font_fmt_txt_dsc_t font_dsc = {
#else
static lv_font_fmt_txt_dsc_t font_dsc = {
#endif
    .glyph_bitmap = glyph_bitmap,
    .glyph_dsc = glyph_dsc,
    .cmaps = cmaps,
    .kern_dsc = &kern_classes,
    .kern_scale = 16,
    .cmap_num = 3,
    .bpp = 4,
    .kern_classes = 1,
    .bitmap_format = 0,
#if LVGL_VERSION_MAJOR == 8
    .cache = &cache
#endif
};



/*-----------------
 *  PUBLIC FONT
 *----------------*/

/*Initialize a public general font descriptor*/
#if LVGL_VERSION_MAJOR >= 8
const lv_font_t plex_semi_22 = {
#else
lv_font_t plex_semi_22 = {
#endif
    .get_glyph_dsc = lv_font_get_glyph_dsc_fmt_txt,    /*Function pointer to get glyph's data*/
    .get_glyph_bitmap = lv_font_get_bitmap_fmt_txt,    /*Function pointer to get glyph's bitmap*/
    .line_height = 28,          /*The maximum line height required by the font*/
    .base_line = 5,             /*Baseline measured from the bottom of the line*/
#if !(LVGL_VERSION_MAJOR == 6 && LVGL_VERSION_MINOR == 0)
    .subpx = LV_FONT_SUBPX_NONE,
#endif
#if LV_VERSION_CHECK(7, 4, 0) || LVGL_VERSION_MAJOR >= 8
    .underline_position = -2,
    .underline_thickness = 2,
#endif
    .dsc = &font_dsc,          /*The custom font data. Will be accessed by `get_glyph_bitmap/dsc` */
#if LV_VERSION_CHECK(8, 2, 0) || LVGL_VERSION_MAJOR >= 9
    .fallback = NULL,
#endif
    .user_data = NULL,
};



#endif /*#if PLEX_SEMI_22*/

