/*******************************************************************************
 * Size: 20 px
 * Bpp: 4
 * Opts: --no-compress --format lvgl --bpp 4 --size 20 --font tools/.fontcache/IBMPlexSans-SemiBold.ttf -r 0x20-0x7E,0xA0-0xFF,0x2013-0x2014,0x2018-0x201D,0x2022,0x2026,0x2212,0x2190-0x2193 --lv-include lvgl.h -o main/fonts/plex_semi_20.c --lv-font-name plex_semi_20
 ******************************************************************************/

#ifdef LV_LVGL_H_INCLUDE_SIMPLE
#include "lvgl.h"
#else
#include "lvgl.h"
#endif

#ifndef PLEX_SEMI_20
#define PLEX_SEMI_20 1
#endif

#if PLEX_SEMI_20

/*-----------------
 *    BITMAPS
 *----------------*/

/*Store the image of the glyphs*/
static LV_ATTRIBUTE_LARGE_CONST const uint8_t glyph_bitmap[] = {
    /* U+0020 " " */

    /* U+0021 "!" */
    0x4f, 0xf7, 0x4f, 0xf7, 0x4f, 0xf7, 0x4f, 0xf7,
    0x3f, 0xf6, 0x1f, 0xf4, 0xe, 0xf2, 0xc, 0xf0,
    0xa, 0xe0, 0x8, 0xc0, 0x3, 0x40, 0x5f, 0xf8,
    0x7f, 0xfa, 0x3e, 0xe5,

    /* U+0022 "\"" */
    0x8f, 0xb0, 0x5f, 0xf8, 0xfb, 0x5, 0xff, 0x8f,
    0xb0, 0x5f, 0xf8, 0xfb, 0x5, 0xff, 0x8f, 0xb0,
    0x5f, 0xf8, 0xfb, 0x5, 0xff, 0x36, 0x40, 0x26,
    0x60,

    /* U+0023 "#" */
    0x0, 0x0, 0x9f, 0x10, 0xc, 0xe0, 0x0, 0x0,
    0xd, 0xd0, 0x0, 0xfb, 0x0, 0x0, 0x0, 0xfa,
    0x0, 0x2f, 0x80, 0x0, 0x9f, 0xff, 0xff, 0xff,
    0xff, 0xf9, 0x6, 0xbd, 0xfc, 0xbb, 0xdf, 0xbb,
    0x60, 0x0, 0x9f, 0x20, 0xb, 0xf0, 0x0, 0x0,
    0xb, 0xf0, 0x0, 0xdd, 0x0, 0x0, 0x0, 0xed,
    0x0, 0xf, 0xa0, 0x0, 0x5b, 0xbf, 0xeb, 0xbb,
    0xfd, 0xb7, 0x7, 0xff, 0xff, 0xff, 0xff, 0xff,
    0xb0, 0x0, 0x6f, 0x50, 0x8, 0xf2, 0x0, 0x0,
    0x8, 0xf2, 0x0, 0xaf, 0x0, 0x0, 0x0, 0xbf,
    0x0, 0xd, 0xd0, 0x0, 0x0, 0xd, 0xd0, 0x0,
    0xfb, 0x0, 0x0,

    /* U+0024 "$" */
    0x0, 0x0, 0xa, 0xc1, 0x0, 0x0, 0x0, 0x0,
    0xe, 0xf1, 0x0, 0x0, 0x0, 0x7, 0xbf, 0xfd,
    0x92, 0x0, 0x1, 0xdf, 0xff, 0xff, 0xff, 0x40,
    0x8, 0xff, 0x6c, 0xe6, 0xdf, 0x60, 0xc, 0xfa,
    0xb, 0xe0, 0x14, 0x0, 0xc, 0xfb, 0xb, 0xe0,
    0x0, 0x0, 0x7, 0xff, 0xbd, 0xe0, 0x0, 0x0,
    0x0, 0xbf, 0xff, 0xfd, 0x70, 0x0, 0x0, 0x5,
    0xbf, 0xff, 0xfe, 0x20, 0x0, 0x0, 0xb, 0xf8,
    0xff, 0xb0, 0x0, 0x0, 0xb, 0xe0, 0x8f, 0xf0,
    0x0, 0x50, 0xb, 0xe0, 0x6f, 0xf0, 0xb, 0xf9,
    0x1b, 0xe2, 0xdf, 0xb0, 0xa, 0xff, 0xff, 0xff,
    0xff, 0x20, 0x0, 0x6d, 0xff, 0xff, 0xb2, 0x0,
    0x0, 0x0, 0x1e, 0xf1, 0x0, 0x0, 0x0, 0x0,
    0xe, 0xf1, 0x0, 0x0,

    /* U+0025 "%" */
    0x6, 0xdf, 0xd7, 0x0, 0x0, 0x1, 0xff, 0x40,
    0x0, 0x5f, 0xf9, 0xef, 0x60, 0x0, 0xb, 0xf8,
    0x0, 0x0, 0xbf, 0x70, 0x5f, 0xd0, 0x0, 0x7f,
    0xd0, 0x0, 0x0, 0xef, 0x50, 0x3f, 0xf0, 0x2,
    0xff, 0x30, 0x0, 0x0, 0xdf, 0x50, 0x3f, 0xe0,
    0xc, 0xf7, 0x0, 0x0, 0x0, 0x9f, 0xa0, 0x8f,
    0xb0, 0x8f, 0xc0, 0x0, 0x0, 0x0, 0x1e, 0xff,
    0xfe, 0x23, 0xff, 0x25, 0xdf, 0xe8, 0x0, 0x0,
    0x68, 0x61, 0xd, 0xf6, 0x3f, 0xfa, 0xef, 0x70,
    0x0, 0x0, 0x0, 0x9f, 0xb0, 0x9f, 0x80, 0x4f,
    0xe0, 0x0, 0x0, 0x4, 0xfe, 0x10, 0xcf, 0x60,
    0x2f, 0xf0, 0x0, 0x0, 0x1e, 0xf5, 0x0, 0xcf,
    0x60, 0x2f, 0xf0, 0x0, 0x0, 0xaf, 0xa0, 0x0,
    0x9f, 0x80, 0x4f, 0xe0, 0x0, 0x5, 0xfe, 0x10,
    0x0, 0x3f, 0xf9, 0xef, 0x70, 0x0, 0x1f, 0xf4,
    0x0, 0x0, 0x5, 0xdf, 0xe8, 0x0,

    /* U+0026 "&" */
    0x0, 0x2a, 0xdf, 0xd8, 0x0, 0x0, 0x0, 0x1,
    0xef, 0xff, 0xff, 0xb0, 0x0, 0x0, 0x8, 0xff,
    0x41, 0x9f, 0xf2, 0x0, 0x0, 0x8, 0xfe, 0x0,
    0x4f, 0xf1, 0x0, 0x0, 0x3, 0xff, 0x73, 0xdf,
    0xa0, 0x0, 0x0, 0x0, 0x8f, 0xff, 0xf9, 0x0,
    0x0, 0x0, 0x1, 0xaf, 0xff, 0x90, 0xb, 0xff,
    0x80, 0xd, 0xfe, 0xcf, 0xf6, 0xd, 0xff, 0x80,
    0x8f, 0xf2, 0xc, 0xff, 0x6f, 0xf4, 0x10, 0xcf,
    0xc0, 0x1, 0xdf, 0xff, 0xd0, 0x0, 0xdf, 0xe0,
    0x0, 0x2e, 0xff, 0x70, 0x0, 0x9f, 0xfa, 0x44,
    0x8f, 0xff, 0xe1, 0x0, 0x1e, 0xff, 0xff, 0xff,
    0xef, 0xfc, 0x0, 0x1, 0x9d, 0xff, 0xe8, 0x8,
    0xff, 0xa0,

    /* U+0027 "'" */
    0x8f, 0xb8, 0xfb, 0x8f, 0xb8, 0xfb, 0x8f, 0xb8,
    0xfb, 0x36, 0x40,

    /* U+0028 "(" */
    0x0, 0x1d, 0xf8, 0x0, 0xcf, 0xa0, 0x5, 0xff,
    0x10, 0xd, 0xf8, 0x0, 0x3f, 0xf2, 0x0, 0x7f,
    0xd0, 0x0, 0xbf, 0x90, 0x0, 0xef, 0x80, 0x0,
    0xff, 0x60, 0x0, 0xff, 0x60, 0x0, 0xff, 0x70,
    0x0, 0xdf, 0x80, 0x0, 0x9f, 0xa0, 0x0, 0x5f,
    0xf0, 0x0, 0xf, 0xf4, 0x0, 0x9, 0xfc, 0x0,
    0x1, 0xff, 0x50, 0x0, 0x6f, 0xe2, 0x0, 0x5,
    0x75,

    /* U+0029 ")" */
    0xc, 0xfb, 0x0, 0x0, 0x1d, 0xf8, 0x0, 0x0,
    0x5f, 0xf1, 0x0, 0x0, 0xcf, 0x90, 0x0, 0x6,
    0xfe, 0x0, 0x0, 0x1f, 0xf3, 0x0, 0x0, 0xdf,
    0x70, 0x0, 0xc, 0xfa, 0x0, 0x0, 0xaf, 0xb0,
    0x0, 0xa, 0xfb, 0x0, 0x0, 0xbf, 0xa0, 0x0,
    0xc, 0xf8, 0x0, 0x0, 0xef, 0x50, 0x0, 0x3f,
    0xf1, 0x0, 0x8, 0xfc, 0x0, 0x1, 0xff, 0x40,
    0x0, 0x9f, 0xc0, 0x0, 0x5f, 0xf2, 0x0, 0x7,
    0x73, 0x0, 0x0,

    /* U+002A "*" */
    0x0, 0x0, 0x8f, 0xa0, 0x0, 0x0, 0x0, 0x7,
    0xf9, 0x0, 0x0, 0x7, 0x30, 0x6f, 0x90, 0x28,
    0x1, 0xff, 0xdb, 0xfb, 0xcf, 0xf2, 0x19, 0xef,
    0xff, 0xff, 0xea, 0x20, 0x0, 0x4f, 0xff, 0x60,
    0x0, 0x0, 0xc, 0xfd, 0xfd, 0x10, 0x0, 0x9,
    0xfd, 0xc, 0xfb, 0x0, 0x0, 0xcf, 0x40, 0x2f,
    0xd1, 0x0, 0x0, 0x40, 0x0, 0x40, 0x0,

    /* U+002B "+" */
    0x0, 0x2, 0xff, 0x20, 0x0, 0x0, 0x2, 0xff,
    0x20, 0x0, 0x0, 0x2, 0xff, 0x20, 0x0, 0x0,
    0x2, 0xff, 0x20, 0x0, 0xaf, 0xff, 0xff, 0xff,
    0xfa, 0xaf, 0xff, 0xff, 0xff, 0xfa, 0x11, 0x13,
    0xff, 0x31, 0x11, 0x0, 0x2, 0xff, 0x20, 0x0,
    0x0, 0x2, 0xff, 0x20, 0x0, 0x0, 0x2, 0xff,
    0x20, 0x0,

    /* U+002C "," */
    0x0, 0x0, 0x0, 0x4f, 0xf4, 0x9, 0xff, 0x80,
    0x6f, 0xf7, 0x0, 0xaf, 0x30, 0x1f, 0xb0, 0xc,
    0xe2, 0x0,

    /* U+002D "-" */
    0x89, 0x99, 0x98, 0xdf, 0xff, 0xfe, 0xdf, 0xff,
    0xfe,

    /* U+002E "." */
    0x4, 0x40, 0x7f, 0xf6, 0x9f, 0xf8, 0x4e, 0xe3,

    /* U+002F "/" */
    0x0, 0x0, 0x5, 0xfd, 0x0, 0x0, 0xa, 0xf8,
    0x0, 0x0, 0xe, 0xf3, 0x0, 0x0, 0x3f, 0xe0,
    0x0, 0x0, 0x8f, 0x90, 0x0, 0x0, 0xdf, 0x40,
    0x0, 0x2, 0xff, 0x0, 0x0, 0x7, 0xfa, 0x0,
    0x0, 0xc, 0xf5, 0x0, 0x0, 0x1f, 0xf0, 0x0,
    0x0, 0x6f, 0xb0, 0x0, 0x0, 0xbf, 0x60, 0x0,
    0x1, 0xff, 0x10, 0x0, 0x5, 0xfc, 0x0, 0x0,
    0xa, 0xf7, 0x0, 0x0, 0xf, 0xf2, 0x0, 0x0,
    0x4f, 0xd0, 0x0, 0x0, 0x9f, 0x80, 0x0, 0x0,
    0x68, 0x20, 0x0, 0x0,

    /* U+0030 "0" */
    0x0, 0x6, 0xcf, 0xfc, 0x60, 0x0, 0x0, 0xaf,
    0xff, 0xff, 0xf9, 0x0, 0x4, 0xff, 0xc6, 0x6c,
    0xff, 0x40, 0xb, 0xff, 0x10, 0x1, 0xff, 0xb0,
    0xf, 0xfb, 0x0, 0x0, 0xbf, 0xf0, 0x1f, 0xf9,
    0x0, 0x0, 0x9f, 0xf1, 0x2f, 0xf9, 0x0, 0x0,
    0x9f, 0xf2, 0x2f, 0xf9, 0x0, 0x0, 0x9f, 0xf2,
    0x1f, 0xf9, 0x0, 0x0, 0x9f, 0xf1, 0xf, 0xfb,
    0x0, 0x0, 0xbf, 0xf0, 0xb, 0xff, 0x10, 0x1,
    0xff, 0xb0, 0x4, 0xff, 0xc6, 0x6c, 0xff, 0x40,
    0x0, 0x9f, 0xff, 0xff, 0xf9, 0x0, 0x0, 0x6,
    0xcf, 0xfc, 0x60, 0x0,

    /* U+0031 "1" */
    0x0, 0x3, 0xff, 0xff, 0x30, 0x0, 0x0, 0x1e,
    0xff, 0xff, 0x30, 0x0, 0x0, 0xcf, 0xe7, 0xff,
    0x30, 0x0, 0xa, 0xff, 0x35, 0xff, 0x30, 0x0,
    0xb, 0xf5, 0x5, 0xff, 0x30, 0x0, 0x0, 0x40,
    0x5, 0xff, 0x30, 0x0, 0x0, 0x0, 0x5, 0xff,
    0x30, 0x0, 0x0, 0x0, 0x5, 0xff, 0x30, 0x0,
    0x0, 0x0, 0x5, 0xff, 0x30, 0x0, 0x0, 0x0,
    0x5, 0xff, 0x30, 0x0, 0x0, 0x0, 0x5, 0xff,
    0x30, 0x0, 0x0, 0x33, 0x37, 0xff, 0x63, 0x31,
    0x3, 0xff, 0xff, 0xff, 0xff, 0xf7, 0x3, 0xff,
    0xff, 0xff, 0xff, 0xf7,

    /* U+0032 "2" */
    0x0, 0x6d, 0xff, 0xc6, 0x0, 0xc, 0xff, 0xff,
    0xff, 0xa0, 0x8f, 0xfa, 0x68, 0xff, 0xf3, 0xaf,
    0xa0, 0x0, 0x6f, 0xf8, 0x1, 0x10, 0x0, 0x3f,
    0xf8, 0x0, 0x0, 0x0, 0x7f, 0xf4, 0x0, 0x0,
    0x2, 0xef, 0xc0, 0x0, 0x0, 0x2e, 0xfe, 0x20,
    0x0, 0x4, 0xff, 0xd2, 0x0, 0x0, 0x6f, 0xfc,
    0x10, 0x0, 0x9, 0xff, 0x90, 0x0, 0x0, 0x9f,
    0xfa, 0x44, 0x44, 0x44, 0xcf, 0xff, 0xff, 0xff,
    0xfe, 0xcf, 0xff, 0xff, 0xff, 0xfe,

    /* U+0033 "3" */
    0x0, 0x29, 0xdf, 0xeb, 0x50, 0x0, 0x4f, 0xff,
    0xff, 0xff, 0xb0, 0xa, 0xfc, 0x53, 0x6e, 0xff,
    0x30, 0x4, 0x0, 0x0, 0x7f, 0xf4, 0x0, 0x0,
    0x0, 0x2c, 0xfe, 0x0, 0x0, 0x2f, 0xff, 0xfa,
    0x20, 0x0, 0x2, 0xff, 0xff, 0x91, 0x0, 0x0,
    0x4, 0x48, 0xff, 0xd0, 0x0, 0x0, 0x0, 0x6,
    0xff, 0x50, 0x1, 0x0, 0x0, 0x3f, 0xf8, 0x8,
    0xd1, 0x0, 0x6, 0xff, 0x74, 0xff, 0xd6, 0x46,
    0xef, 0xf2, 0x8, 0xff, 0xff, 0xff, 0xf7, 0x0,
    0x4, 0xbe, 0xfe, 0xb3, 0x0,

    /* U+0034 "4" */
    0x0, 0x0, 0x2, 0xff, 0xf7, 0x0, 0x0, 0x0,
    0xb, 0xff, 0xf7, 0x0, 0x0, 0x0, 0x6f, 0xdf,
    0xf7, 0x0, 0x0, 0x1, 0xef, 0x3f, 0xf7, 0x0,
    0x0, 0xa, 0xf9, 0xf, 0xf7, 0x0, 0x0, 0x4f,
    0xe0, 0xf, 0xf7, 0x0, 0x0, 0xdf, 0x50, 0xf,
    0xf7, 0x0, 0x8, 0xfb, 0x0, 0xf, 0xf7, 0x0,
    0x2f, 0xf2, 0x0, 0xf, 0xf7, 0x0, 0x5f, 0xff,
    0xff, 0xff, 0xff, 0xf4, 0x5f, 0xff, 0xff, 0xff,
    0xff, 0xf4, 0x1, 0x11, 0x11, 0x2f, 0xf8, 0x10,
    0x0, 0x0, 0x0, 0xf, 0xf7, 0x0, 0x0, 0x0,
    0x0, 0xf, 0xf7, 0x0,

    /* U+0035 "5" */
    0xf, 0xff, 0xff, 0xff, 0xf4, 0x0, 0xff, 0xff,
    0xff, 0xff, 0x40, 0x1f, 0xf5, 0x55, 0x55, 0x51,
    0x2, 0xfe, 0x0, 0x0, 0x0, 0x0, 0x3f, 0xd0,
    0x2, 0x20, 0x0, 0x4, 0xfc, 0x3e, 0xff, 0xe5,
    0x0, 0x5f, 0xce, 0xff, 0xff, 0xf4, 0x4, 0xde,
    0x60, 0x18, 0xff, 0xc0, 0x0, 0x0, 0x0, 0xd,
    0xff, 0x0, 0x0, 0x0, 0x0, 0xbf, 0xf0, 0x1b,
    0x70, 0x0, 0xe, 0xfe, 0xa, 0xff, 0x94, 0x4b,
    0xff, 0x80, 0x1d, 0xff, 0xff, 0xff, 0xc0, 0x0,
    0x7, 0xdf, 0xfc, 0x70, 0x0,

    /* U+0036 "6" */
    0x0, 0x0, 0xa, 0xff, 0xc1, 0x0, 0x0, 0x0,
    0xcf, 0xf8, 0x0, 0x0, 0x0, 0xa, 0xff, 0x70,
    0x0, 0x0, 0x0, 0x7f, 0xf8, 0x0, 0x0, 0x0,
    0x1, 0xff, 0xc0, 0x0, 0x0, 0x0, 0x7, 0xff,
    0x5b, 0xff, 0xd4, 0x0, 0xb, 0xfe, 0xcf, 0xff,
    0xff, 0x30, 0xe, 0xff, 0x81, 0x17, 0xff, 0xc0,
    0xf, 0xfd, 0x0, 0x0, 0xbf, 0xf0, 0xf, 0xfb,
    0x0, 0x0, 0x9f, 0xf1, 0xc, 0xfe, 0x0, 0x0,
    0xcf, 0xe0, 0x6, 0xff, 0xa3, 0x39, 0xff, 0x80,
    0x0, 0xaf, 0xff, 0xff, 0xfc, 0x0, 0x0, 0x6,
    0xcf, 0xfd, 0x70, 0x0,

    /* U+0037 "7" */
    0xdf, 0xff, 0xff, 0xff, 0xfd, 0xdf, 0xff, 0xff,
    0xff, 0xfd, 0xdf, 0x83, 0x33, 0x3e, 0xfc, 0xdf,
    0x60, 0x0, 0x4f, 0xf6, 0x9c, 0x50, 0x0, 0xbf,
    0xf0, 0x0, 0x0, 0x2, 0xff, 0x90, 0x0, 0x0,
    0x8, 0xff, 0x20, 0x0, 0x0, 0xe, 0xfc, 0x0,
    0x0, 0x0, 0x5f, 0xf5, 0x0, 0x0, 0x0, 0xcf,
    0xe0, 0x0, 0x0, 0x2, 0xff, 0x80, 0x0, 0x0,
    0x9, 0xff, 0x20, 0x0, 0x0, 0xf, 0xfb, 0x0,
    0x0, 0x0, 0x6f, 0xf5, 0x0, 0x0,

    /* U+0038 "8" */
    0x0, 0x18, 0xdf, 0xfd, 0x92, 0x0, 0x2, 0xef,
    0xff, 0xff, 0xff, 0x20, 0x9, 0xff, 0x72, 0x27,
    0xff, 0x90, 0x9, 0xfd, 0x0, 0x0, 0xdf, 0x90,
    0x3, 0xff, 0x50, 0x5, 0xff, 0x30, 0x0, 0x4c,
    0xff, 0xff, 0xc3, 0x0, 0x0, 0x7e, 0xff, 0xff,
    0xe7, 0x0, 0x7, 0xff, 0x71, 0x17, 0xff, 0x70,
    0xe, 0xfc, 0x0, 0x0, 0xcf, 0xe0, 0xf, 0xfa,
    0x0, 0x0, 0xaf, 0xf0, 0xf, 0xfc, 0x0, 0x0,
    0xcf, 0xf0, 0xa, 0xff, 0x93, 0x39, 0xff, 0xa0,
    0x1, 0xef, 0xff, 0xff, 0xfd, 0x10, 0x0, 0x18,
    0xdf, 0xfd, 0x81, 0x0,

    /* U+0039 "9" */
    0x0, 0x7, 0xdf, 0xfc, 0x60, 0x0, 0x0, 0xcf,
    0xff, 0xff, 0xfa, 0x0, 0x9, 0xff, 0x93, 0x3a,
    0xff, 0x50, 0xf, 0xfc, 0x0, 0x0, 0xef, 0xb0,
    0x1f, 0xf9, 0x0, 0x0, 0xbf, 0xf0, 0xf, 0xfc,
    0x0, 0x0, 0xdf, 0xf0, 0xc, 0xff, 0x82, 0x39,
    0xff, 0xe0, 0x3, 0xff, 0xff, 0xfb, 0xef, 0xb0,
    0x0, 0x3b, 0xfe, 0xa5, 0xff, 0x70, 0x0, 0x0,
    0x0, 0xc, 0xff, 0x10, 0x0, 0x0, 0x0, 0x8f,
    0xf7, 0x0, 0x0, 0x0, 0x7, 0xff, 0xa0, 0x0,
    0x0, 0x0, 0x9f, 0xfc, 0x0, 0x0, 0x0, 0x1c,
    0xff, 0xa0, 0x0, 0x0,

    /* U+003A ":" */
    0x1d, 0xf5, 0x6f, 0xfc, 0x4f, 0xf9, 0x3, 0x50,
    0x0, 0x0, 0x0, 0x0, 0x0, 0x0, 0x3, 0x50,
    0x4f, 0xf9, 0x6f, 0xfc, 0x1d, 0xf6,

    /* U+003B ";" */
    0x1, 0xdf, 0x50, 0x6f, 0xfc, 0x4, 0xff, 0x90,
    0x3, 0x50, 0x0, 0x0, 0x0, 0x0, 0x0, 0x0,
    0x0, 0x0, 0x0, 0x0, 0x2, 0xef, 0x70, 0x6f,
    0xfc, 0x3, 0xff, 0xa0, 0x7, 0xf6, 0x0, 0xde,
    0x0, 0xaf, 0x30,

    /* U+003C "<" */
    0x0, 0x0, 0x0, 0x0, 0x0, 0x0, 0x0, 0x0,
    0x3, 0xd0, 0x0, 0x0, 0x0, 0x8f, 0xf0, 0x0,
    0x0, 0x3d, 0xff, 0xc0, 0x0, 0x9, 0xff, 0xf6,
    0x0, 0x4, 0xef, 0xfa, 0x10, 0x0, 0xf, 0xfe,
    0x40, 0x0, 0x0, 0xf, 0xff, 0x60, 0x0, 0x0,
    0x2, 0xcf, 0xfc, 0x30, 0x0, 0x0, 0x7, 0xff,
    0xf8, 0x0, 0x0, 0x0, 0x2c, 0xff, 0xd0, 0x0,
    0x0, 0x0, 0x6f, 0xf0, 0x0, 0x0, 0x0, 0x2,
    0xb0, 0x0, 0x0, 0x0, 0x0, 0x0,

    /* U+003D "=" */
    0xaf, 0xff, 0xff, 0xff, 0xfa, 0xaf, 0xff, 0xff,
    0xff, 0xfa, 0x12, 0x22, 0x22, 0x22, 0x21, 0x0,
    0x0, 0x0, 0x0, 0x0, 0x12, 0x22, 0x22, 0x22,
    0x21, 0xaf, 0xff, 0xff, 0xff, 0xfa, 0xaf, 0xff,
    0xff, 0xff, 0xfa,

    /* U+003E ">" */
    0x0, 0x0, 0x0, 0x0, 0x0, 0xd, 0x30, 0x0,
    0x0, 0x0, 0xf, 0xf8, 0x0, 0x0, 0x0, 0xc,
    0xff, 0xd3, 0x0, 0x0, 0x0, 0x6f, 0xff, 0x90,
    0x0, 0x0, 0x1, 0xaf, 0xfe, 0x40, 0x0, 0x0,
    0x4, 0xef, 0xf0, 0x0, 0x0, 0x6, 0xff, 0xf0,
    0x0, 0x3, 0xcf, 0xfc, 0x20, 0x0, 0x8f, 0xff,
    0x70, 0x0, 0xd, 0xff, 0xc2, 0x0, 0x0, 0xf,
    0xf7, 0x0, 0x0, 0x0, 0xc, 0x20, 0x0, 0x0,
    0x0, 0x0, 0x0, 0x0, 0x0, 0x0,

    /* U+003F "?" */
    0x0, 0x7d, 0xff, 0xb4, 0x0, 0xb, 0xff, 0xff,
    0xff, 0x70, 0x6f, 0xf9, 0x46, 0xef, 0xf1, 0x27,
    0x80, 0x0, 0x8f, 0xf3, 0x0, 0x0, 0x0, 0xaf,
    0xf2, 0x0, 0x3, 0x5a, 0xff, 0xa0, 0x0, 0xb,
    0xff, 0xf9, 0x0, 0x0, 0xb, 0xfc, 0x10, 0x0,
    0x0, 0xb, 0xfb, 0x0, 0x0, 0x0, 0x0, 0x0,
    0x0, 0x0, 0x0, 0x1, 0x41, 0x0, 0x0, 0x0,
    0xe, 0xfe, 0x0, 0x0, 0x0, 0xf, 0xff, 0x10,
    0x0, 0x0, 0xa, 0xfb, 0x0, 0x0,

    /* U+0040 "@" */
    0x0, 0x0, 0x39, 0xdf, 0xfe, 0xb6, 0x0, 0x0,
    0x0, 0xa, 0xff, 0xda, 0xab, 0xff, 0xe4, 0x0,
    0x0, 0xcf, 0xa2, 0x0, 0x0, 0x6, 0xef, 0x40,
    0x9, 0xf7, 0x4, 0xdf, 0x97, 0xf8, 0x2e, 0xe0,
    0x1f, 0xb0, 0x3f, 0xfd, 0xcd, 0xf8, 0x6, 0xf5,
    0x6f, 0x40, 0x9f, 0x90, 0xa, 0xf8, 0x0, 0xfa,
    0xaf, 0x0, 0xcf, 0x40, 0x7, 0xf8, 0x0, 0xec,
    0xbf, 0x0, 0xdf, 0x40, 0x7, 0xf8, 0x0, 0xeb,
    0xbf, 0x0, 0xbf, 0x50, 0x7, 0xf8, 0x1, 0xf9,
    0x9f, 0x10, 0x7f, 0xc1, 0x2c, 0xfb, 0x9, 0xf4,
    0x6f, 0x60, 0x1d, 0xff, 0xf5, 0xef, 0xff, 0xa0,
    0x1f, 0xd0, 0x0, 0x79, 0x50, 0x28, 0x95, 0x0,
    0x7, 0xfb, 0x10, 0x0, 0x0, 0x0, 0x0, 0x0,
    0x0, 0x9f, 0xe7, 0x20, 0x0, 0x0, 0x0, 0x0,
    0x0, 0x6, 0xef, 0xff, 0xff, 0xff, 0x70, 0x0,
    0x0, 0x0, 0x4, 0x79, 0xaa, 0xaa, 0x40, 0x0,

    /* U+0041 "A" */
    0x0, 0x0, 0x1f, 0xff, 0x80, 0x0, 0x0, 0x0,
    0x0, 0x6f, 0xff, 0xd0, 0x0, 0x0, 0x0, 0x0,
    0xbf, 0xaf, 0xf3, 0x0, 0x0, 0x0, 0x1, 0xff,
    0x3d, 0xf8, 0x0, 0x0, 0x0, 0x6, 0xfe, 0x8,
    0xfd, 0x0, 0x0, 0x0, 0xb, 0xf9, 0x3, 0xff,
    0x30, 0x0, 0x0, 0x1f, 0xf4, 0x0, 0xef, 0x80,
    0x0, 0x0, 0x6f, 0xf0, 0x0, 0xaf, 0xd0, 0x0,
    0x0, 0xbf, 0xff, 0xff, 0xff, 0xf3, 0x0, 0x1,
    0xff, 0xff, 0xff, 0xff, 0xf8, 0x0, 0x6, 0xff,
    0x65, 0x55, 0x5d, 0xfd, 0x0, 0xb, 0xfd, 0x0,
    0x0, 0x7, 0xff, 0x20, 0x1f, 0xf8, 0x0, 0x0,
    0x2, 0xff, 0x80, 0x6f, 0xf3, 0x0, 0x0, 0x0,
    0xdf, 0xd0,

    /* U+0042 "B" */
    0x5f, 0xff, 0xff, 0xff, 0xb3, 0x0, 0x5f, 0xff,
    0xff, 0xff, 0xff, 0x20, 0x5f, 0xf8, 0x55, 0x5a,
    0xff, 0x90, 0x5f, 0xf4, 0x0, 0x0, 0xff, 0xc0,
    0x5f, 0xf4, 0x0, 0x0, 0xff, 0xa0, 0x5f, 0xf7,
    0x33, 0x38, 0xff, 0x30, 0x5f, 0xff, 0xff, 0xff,
    0xd4, 0x0, 0x5f, 0xff, 0xff, 0xff, 0xfe, 0x40,
    0x5f, 0xf4, 0x0, 0x1, 0xcf, 0xe0, 0x5f, 0xf4,
    0x0, 0x0, 0x7f, 0xf4, 0x5f, 0xf4, 0x0, 0x0,
    0x7f, 0xf4, 0x5f, 0xf8, 0x55, 0x56, 0xef, 0xf1,
    0x5f, 0xff, 0xff, 0xff, 0xff, 0x70, 0x5f, 0xff,
    0xff, 0xff, 0xe6, 0x0,

    /* U+0043 "C" */
    0x0, 0x7, 0xcf, 0xfd, 0x70, 0x0, 0x1, 0xdf,
    0xff, 0xff, 0xfd, 0x10, 0xc, 0xff, 0xc8, 0x7b,
    0xff, 0xb0, 0x5f, 0xfa, 0x0, 0x0, 0x9f, 0x90,
    0xaf, 0xf1, 0x0, 0x0, 0x11, 0x0, 0xdf, 0xe0,
    0x0, 0x0, 0x0, 0x0, 0xef, 0xd0, 0x0, 0x0,
    0x0, 0x0, 0xef, 0xd0, 0x0, 0x0, 0x0, 0x0,
    0xdf, 0xe0, 0x0, 0x0, 0x0, 0x0, 0xaf, 0xf1,
    0x0, 0x0, 0x4, 0x0, 0x5f, 0xfa, 0x0, 0x0,
    0x8f, 0xb0, 0xd, 0xff, 0xc8, 0x7c, 0xff, 0xb0,
    0x2, 0xef, 0xff, 0xff, 0xfc, 0x10, 0x0, 0x18,
    0xdf, 0xfc, 0x70, 0x0,

    /* U+0044 "D" */
    0x5f, 0xff, 0xff, 0xec, 0x60, 0x0, 0x5f, 0xff,
    0xff, 0xff, 0xfb, 0x0, 0x5f, 0xf9, 0x66, 0x8e,
    0xff, 0x90, 0x5f, 0xf4, 0x0, 0x0, 0xcf, 0xf1,
    0x5f, 0xf4, 0x0, 0x0, 0x4f, 0xf6, 0x5f, 0xf4,
    0x0, 0x0, 0x1f, 0xf9, 0x5f, 0xf4, 0x0, 0x0,
    0x1f, 0xfb, 0x5f, 0xf4, 0x0, 0x0, 0x1f, 0xfb,
    0x5f, 0xf4, 0x0, 0x0, 0x1f, 0xf9, 0x5f, 0xf4,
    0x0, 0x0, 0x4f, 0xf6, 0x5f, 0xf4, 0x0, 0x0,
    0xcf, 0xf1, 0x5f, 0xf9, 0x66, 0x8d, 0xff, 0x90,
    0x5f, 0xff, 0xff, 0xff, 0xfb, 0x0, 0x5f, 0xff,
    0xff, 0xec, 0x60, 0x0,

    /* U+0045 "E" */
    0x5f, 0xff, 0xff, 0xff, 0xfd, 0x5f, 0xff, 0xff,
    0xff, 0xfd, 0x5f, 0xf9, 0x66, 0x66, 0x65, 0x5f,
    0xf4, 0x0, 0x0, 0x0, 0x5f, 0xf4, 0x0, 0x0,
    0x0, 0x5f, 0xf9, 0x66, 0x66, 0x60, 0x5f, 0xff,
    0xff, 0xff, 0xf1, 0x5f, 0xff, 0xff, 0xff, 0xf1,
    0x5f, 0xf4, 0x0, 0x0, 0x0, 0x5f, 0xf4, 0x0,
    0x0, 0x0, 0x5f, 0xf4, 0x0, 0x0, 0x0, 0x5f,
    0xf9, 0x66, 0x66, 0x65, 0x5f, 0xff, 0xff, 0xff,
    0xfd, 0x5f, 0xff, 0xff, 0xff, 0xfd,

    /* U+0046 "F" */
    0x5f, 0xff, 0xff, 0xff, 0xfa, 0x5f, 0xff, 0xff,
    0xff, 0xfa, 0x5f, 0xf9, 0x66, 0x66, 0x64, 0x5f,
    0xf4, 0x0, 0x0, 0x0, 0x5f, 0xf4, 0x0, 0x0,
    0x0, 0x5f, 0xf9, 0x66, 0x66, 0x50, 0x5f, 0xff,
    0xff, 0xff, 0xc0, 0x5f, 0xff, 0xff, 0xff, 0xc0,
    0x5f, 0xf4, 0x0, 0x0, 0x0, 0x5f, 0xf4, 0x0,
    0x0, 0x0, 0x5f, 0xf4, 0x0, 0x0, 0x0, 0x5f,
    0xf4, 0x0, 0x0, 0x0, 0x5f, 0xf4, 0x0, 0x0,
    0x0, 0x5f, 0xf4, 0x0, 0x0, 0x0,

    /* U+0047 "G" */
    0x0, 0x6, 0xce, 0xfd, 0x92, 0x0, 0x1, 0xcf,
    0xff, 0xff, 0xff, 0x50, 0xb, 0xff, 0xd8, 0x79,
    0xff, 0xf2, 0x4f, 0xfa, 0x0, 0x0, 0x2e, 0xa2,
    0xaf, 0xf1, 0x0, 0x0, 0x0, 0x0, 0xdf, 0xe0,
    0x0, 0x0, 0x0, 0x0, 0xef, 0xd0, 0x0, 0x7f,
    0xff, 0xfd, 0xef, 0xd0, 0x0, 0x7f, 0xff, 0xfd,
    0xdf, 0xe0, 0x0, 0x24, 0x4c, 0xfd, 0xaf, 0xf1,
    0x0, 0x0, 0xc, 0xfd, 0x5f, 0xfa, 0x0, 0x0,
    0x3f, 0xfd, 0xc, 0xff, 0xd8, 0x79, 0xfe, 0xfd,
    0x2, 0xdf, 0xff, 0xff, 0xe8, 0xfd, 0x0, 0x18,
    0xdf, 0xea, 0x27, 0xfd,

    /* U+0048 "H" */
    0x5f, 0xf4, 0x0, 0x0, 0xe, 0xfb, 0x5f, 0xf4,
    0x0, 0x0, 0xe, 0xfb, 0x5f, 0xf4, 0x0, 0x0,
    0xe, 0xfb, 0x5f, 0xf4, 0x0, 0x0, 0xe, 0xfb,
    0x5f, 0xf4, 0x0, 0x0, 0xe, 0xfb, 0x5f, 0xf9,
    0x66, 0x66, 0x6f, 0xfb, 0x5f, 0xff, 0xff, 0xff,
    0xff, 0xfb, 0x5f, 0xff, 0xff, 0xff, 0xff, 0xfb,
    0x5f, 0xf4, 0x0, 0x0, 0xe, 0xfb, 0x5f, 0xf4,
    0x0, 0x0, 0xe, 0xfb, 0x5f, 0xf4, 0x0, 0x0,
    0xe, 0xfb, 0x5f, 0xf4, 0x0, 0x0, 0xe, 0xfb,
    0x5f, 0xf4, 0x0, 0x0, 0xe, 0xfb, 0x5f, 0xf4,
    0x0, 0x0, 0xe, 0xfb,

    /* U+0049 "I" */
    0xff, 0xff, 0xff, 0x6f, 0xff, 0xff, 0xf6, 0x24,
    0xff, 0xa3, 0x10, 0x1f, 0xf8, 0x0, 0x1, 0xff,
    0x80, 0x0, 0x1f, 0xf8, 0x0, 0x1, 0xff, 0x80,
    0x0, 0x1f, 0xf8, 0x0, 0x1, 0xff, 0x80, 0x0,
    0x1f, 0xf8, 0x0, 0x1, 0xff, 0x80, 0x2, 0x4f,
    0xfa, 0x31, 0xff, 0xff, 0xff, 0x6f, 0xff, 0xff,
    0xf6,

    /* U+004A "J" */
    0x0, 0xbf, 0xff, 0xff, 0xf5, 0x0, 0xbf, 0xff,
    0xff, 0xf5, 0x0, 0x23, 0x33, 0x7f, 0xf5, 0x0,
    0x0, 0x0, 0x4f, 0xf5, 0x0, 0x0, 0x0, 0x4f,
    0xf5, 0x0, 0x0, 0x0, 0x4f, 0xf5, 0x0, 0x0,
    0x0, 0x4f, 0xf5, 0x0, 0x0, 0x0, 0x4f, 0xf5,
    0x0, 0x0, 0x0, 0x4f, 0xf5, 0x0, 0x10, 0x0,
    0x4f, 0xf5, 0x4e, 0xf3, 0x0, 0x7f, 0xf4, 0x1f,
    0xfe, 0x78, 0xff, 0xf1, 0x7, 0xff, 0xff, 0xff,
    0x70, 0x0, 0x6d, 0xff, 0xc5, 0x0,

    /* U+004B "K" */
    0x5f, 0xf4, 0x0, 0x0, 0x9f, 0xf7, 0x5, 0xff,
    0x40, 0x0, 0x6f, 0xf9, 0x0, 0x5f, 0xf4, 0x0,
    0x3f, 0xfc, 0x0, 0x5, 0xff, 0x40, 0x1e, 0xfd,
    0x10, 0x0, 0x5f, 0xf4, 0xc, 0xff, 0x20, 0x0,
    0x5, 0xff, 0x49, 0xff, 0x40, 0x0, 0x0, 0x5f,
    0xf9, 0xff, 0xf6, 0x0, 0x0, 0x5, 0xff, 0xff,
    0xef, 0xf1, 0x0, 0x0, 0x5f, 0xff, 0x64, 0xff,
    0xb0, 0x0, 0x5, 0xff, 0x90, 0xa, 0xff, 0x50,
    0x0, 0x5f, 0xf4, 0x0, 0x1f, 0xfe, 0x10, 0x5,
    0xff, 0x40, 0x0, 0x6f, 0xfa, 0x0, 0x5f, 0xf4,
    0x0, 0x0, 0xcf, 0xf4, 0x5, 0xff, 0x40, 0x0,
    0x3, 0xff, 0xe0,

    /* U+004C "L" */
    0x5f, 0xf4, 0x0, 0x0, 0x5, 0xff, 0x40, 0x0,
    0x0, 0x5f, 0xf4, 0x0, 0x0, 0x5, 0xff, 0x40,
    0x0, 0x0, 0x5f, 0xf4, 0x0, 0x0, 0x5, 0xff,
    0x40, 0x0, 0x0, 0x5f, 0xf4, 0x0, 0x0, 0x5,
    0xff, 0x40, 0x0, 0x0, 0x5f, 0xf4, 0x0, 0x0,
    0x5, 0xff, 0x40, 0x0, 0x0, 0x5f, 0xf4, 0x0,
    0x0, 0x5, 0xff, 0x96, 0x66, 0x65, 0x5f, 0xff,
    0xff, 0xff, 0xc5, 0xff, 0xff, 0xff, 0xfc,

    /* U+004D "M" */
    0x5f, 0xfd, 0x0, 0x0, 0x0, 0x7f, 0xfb, 0x5f,
    0xff, 0x60, 0x0, 0x0, 0xef, 0xfb, 0x5f, 0xff,
    0xe0, 0x0, 0x7, 0xff, 0xfb, 0x5f, 0xff, 0xf7,
    0x0, 0xe, 0xff, 0xfb, 0x5f, 0xfa, 0xfe, 0x0,
    0x8f, 0xdd, 0xfb, 0x5f, 0xf3, 0xff, 0x81, 0xff,
    0x5d, 0xfb, 0x5f, 0xf2, 0x8f, 0xf9, 0xfd, 0xd,
    0xfb, 0x5f, 0xf2, 0xe, 0xff, 0xf4, 0xd, 0xfb,
    0x5f, 0xf2, 0x7, 0xff, 0xc0, 0xd, 0xfb, 0x5f,
    0xf2, 0x0, 0xef, 0x30, 0xd, 0xfb, 0x5f, 0xf2,
    0x0, 0x5a, 0x0, 0xd, 0xfb, 0x5f, 0xf2, 0x0,
    0x1, 0x0, 0xd, 0xfb, 0x5f, 0xf2, 0x0, 0x0,
    0x0, 0xd, 0xfb, 0x5f, 0xf2, 0x0, 0x0, 0x0,
    0xd, 0xfb,

    /* U+004E "N" */
    0x5f, 0xfd, 0x0, 0x0, 0xc, 0xfb, 0x5f, 0xff,
    0x60, 0x0, 0xc, 0xfb, 0x5f, 0xff, 0xe1, 0x0,
    0xc, 0xfb, 0x5f, 0xff, 0xf9, 0x0, 0xc, 0xfb,
    0x5f, 0xfa, 0xff, 0x20, 0xc, 0xfb, 0x5f, 0xf3,
    0xff, 0xb0, 0xc, 0xfb, 0x5f, 0xf2, 0x8f, 0xf5,
    0xc, 0xfb, 0x5f, 0xf2, 0xe, 0xfd, 0xc, 0xfb,
    0x5f, 0xf2, 0x6, 0xff, 0x6c, 0xfb, 0x5f, 0xf2,
    0x0, 0xcf, 0xdc, 0xfb, 0x5f, 0xf2, 0x0, 0x3f,
    0xff, 0xfb, 0x5f, 0xf2, 0x0, 0x9, 0xff, 0xfb,
    0x5f, 0xf2, 0x0, 0x1, 0xff, 0xfb, 0x5f, 0xf2,
    0x0, 0x0, 0x7f, 0xfb,

    /* U+004F "O" */
    0x0, 0x7, 0xcf, 0xfd, 0x81, 0x0, 0x0, 0x1d,
    0xff, 0xff, 0xff, 0xf4, 0x0, 0xc, 0xff, 0xd8,
    0x7b, 0xff, 0xe1, 0x4, 0xff, 0xa0, 0x0, 0x7,
    0xff, 0x80, 0xaf, 0xf1, 0x0, 0x0, 0xd, 0xfe,
    0xd, 0xfe, 0x0, 0x0, 0x0, 0xaf, 0xf1, 0xef,
    0xd0, 0x0, 0x0, 0x9, 0xff, 0x2e, 0xfd, 0x0,
    0x0, 0x0, 0x9f, 0xf2, 0xdf, 0xe0, 0x0, 0x0,
    0xa, 0xff, 0x1a, 0xff, 0x10, 0x0, 0x0, 0xdf,
    0xe0, 0x4f, 0xfa, 0x0, 0x0, 0x7f, 0xf8, 0x0,
    0xcf, 0xfd, 0x87, 0xbf, 0xfe, 0x10, 0x1, 0xdf,
    0xff, 0xff, 0xff, 0x40, 0x0, 0x0, 0x7c, 0xff,
    0xd9, 0x10, 0x0,

    /* U+0050 "P" */
    0x5f, 0xff, 0xff, 0xff, 0xb3, 0x0, 0x5f, 0xff,
    0xff, 0xff, 0xff, 0x30, 0x5f, 0xf8, 0x66, 0x69,
    0xff, 0xc0, 0x5f, 0xf4, 0x0, 0x0, 0xcf, 0xf0,
    0x5f, 0xf4, 0x0, 0x0, 0xbf, 0xf0, 0x5f, 0xf4,
    0x0, 0x3, 0xef, 0xe0, 0x5f, 0xff, 0xff, 0xff,
    0xff, 0x70, 0x5f, 0xff, 0xff, 0xff, 0xf8, 0x0,
    0x5f, 0xf8, 0x55, 0x54, 0x10, 0x0, 0x5f, 0xf4,
    0x0, 0x0, 0x0, 0x0, 0x5f, 0xf4, 0x0, 0x0,
    0x0, 0x0, 0x5f, 0xf4, 0x0, 0x0, 0x0, 0x0,
    0x5f, 0xf4, 0x0, 0x0, 0x0, 0x0, 0x5f, 0xf4,
    0x0, 0x0, 0x0, 0x0,

    /* U+0051 "Q" */
    0x0, 0x7, 0xcf, 0xfd, 0x81, 0x0, 0x0, 0x1d,
    0xff, 0xff, 0xff, 0xe3, 0x0, 0xb, 0xff, 0xd7,
    0x7b, 0xff, 0xe1, 0x3, 0xff, 0xb0, 0x0, 0x7,
    0xff, 0x70, 0x9f, 0xf2, 0x0, 0x0, 0xe, 0xfd,
    0xc, 0xff, 0x0, 0x0, 0x0, 0xbf, 0xf0, 0xef,
    0xd0, 0x0, 0x0, 0x9, 0xff, 0x2f, 0xfd, 0x0,
    0x0, 0x0, 0x9f, 0xf2, 0xef, 0xd0, 0x0, 0x0,
    0x9, 0xff, 0x2b, 0xff, 0x0, 0x0, 0x0, 0xbf,
    0xf0, 0x7f, 0xf5, 0x0, 0x0, 0x1f, 0xfb, 0x1,
    0xff, 0xe3, 0x0, 0x1c, 0xff, 0x50, 0x7, 0xff,
    0xfd, 0xdf, 0xff, 0xb0, 0x0, 0x6, 0xff, 0xff,
    0xff, 0x90, 0x0, 0x0, 0x1, 0x6f, 0xfb, 0x20,
    0x0, 0x0, 0x0, 0x0, 0xff, 0x93, 0x20, 0x0,
    0x0, 0x0, 0xc, 0xff, 0xfa, 0x0, 0x0, 0x0,
    0x0, 0x2c, 0xff, 0xa0, 0x0,

    /* U+0052 "R" */
    0x5f, 0xff, 0xff, 0xff, 0xb3, 0x0, 0x5f, 0xff,
    0xff, 0xff, 0xff, 0x30, 0x5f, 0xf8, 0x66, 0x69,
    0xff, 0xb0, 0x5f, 0xf4, 0x0, 0x0, 0xcf, 0xf0,
    0x5f, 0xf4, 0x0, 0x0, 0xbf, 0xf0, 0x5f, 0xf4,
    0x0, 0x3, 0xef, 0xd0, 0x5f, 0xff, 0xff, 0xff,
    0xff, 0x60, 0x5f, 0xff, 0xff, 0xff, 0xe6, 0x0,
    0x5f, 0xf7, 0x45, 0xff, 0xb0, 0x0, 0x5f, 0xf4,
    0x0, 0xaf, 0xf2, 0x0, 0x5f, 0xf4, 0x0, 0x3f,
    0xfa, 0x0, 0x5f, 0xf4, 0x0, 0xc, 0xff, 0x20,
    0x5f, 0xf4, 0x0, 0x4, 0xff, 0x90, 0x5f, 0xf4,
    0x0, 0x0, 0xdf, 0xf1,

    /* U+0053 "S" */
    0x0, 0x7, 0xcf, 0xfe, 0xa3, 0x0, 0x0, 0xcf,
    0xff, 0xff, 0xff, 0x60, 0x8, 0xff, 0xc7, 0x69,
    0xff, 0x90, 0xc, 0xfe, 0x0, 0x0, 0x37, 0x0,
    0xb, 0xff, 0x0, 0x0, 0x0, 0x0, 0x7, 0xff,
    0xd7, 0x30, 0x0, 0x0, 0x0, 0xbf, 0xff, 0xff,
    0xc5, 0x0, 0x0, 0x4, 0xad, 0xff, 0xff, 0x70,
    0x0, 0x0, 0x0, 0x4, 0xef, 0xf0, 0x0, 0x0,
    0x0, 0x0, 0x7f, 0xf3, 0x2, 0xc3, 0x0, 0x0,
    0xaf, 0xf2, 0xe, 0xff, 0xb7, 0x6a, 0xff, 0xd0,
    0x5, 0xff, 0xff, 0xff, 0xff, 0x30, 0x0, 0x18,
    0xdf, 0xfd, 0x91, 0x0,

    /* U+0054 "T" */
    0x7f, 0xff, 0xff, 0xff, 0xff, 0xf1, 0x7f, 0xff,
    0xff, 0xff, 0xff, 0xf1, 0x36, 0x66, 0xbf, 0xf7,
    0x66, 0x60, 0x0, 0x0, 0x8f, 0xf2, 0x0, 0x0,
    0x0, 0x0, 0x8f, 0xf2, 0x0, 0x0, 0x0, 0x0,
    0x8f, 0xf2, 0x0, 0x0, 0x0, 0x0, 0x8f, 0xf2,
    0x0, 0x0, 0x0, 0x0, 0x8f, 0xf2, 0x0, 0x0,
    0x0, 0x0, 0x8f, 0xf2, 0x0, 0x0, 0x0, 0x0,
    0x8f, 0xf2, 0x0, 0x0, 0x0, 0x0, 0x8f, 0xf2,
    0x0, 0x0, 0x0, 0x0, 0x8f, 0xf2, 0x0, 0x0,
    0x0, 0x0, 0x8f, 0xf2, 0x0, 0x0, 0x0, 0x0,
    0x8f, 0xf2, 0x0, 0x0,

    /* U+0055 "U" */
    0x7f, 0xf2, 0x0, 0x0, 0x5f, 0xf4, 0x7f, 0xf2,
    0x0, 0x0, 0x5f, 0xf4, 0x7f, 0xf2, 0x0, 0x0,
    0x5f, 0xf4, 0x7f, 0xf2, 0x0, 0x0, 0x5f, 0xf4,
    0x7f, 0xf2, 0x0, 0x0, 0x5f, 0xf4, 0x7f, 0xf2,
    0x0, 0x0, 0x5f, 0xf4, 0x7f, 0xf2, 0x0, 0x0,
    0x5f, 0xf4, 0x7f, 0xf2, 0x0, 0x0, 0x5f, 0xf4,
    0x6f, 0xf2, 0x0, 0x0, 0x5f, 0xf3, 0x6f, 0xf4,
    0x0, 0x0, 0x7f, 0xf2, 0x3f, 0xfa, 0x0, 0x0,
    0xdf, 0xf0, 0xe, 0xff, 0xb7, 0x7d, 0xff, 0xa0,
    0x4, 0xff, 0xff, 0xff, 0xfe, 0x20, 0x0, 0x3a,
    0xef, 0xfd, 0x91, 0x0,

    /* U+0056 "V" */
    0x8f, 0xf2, 0x0, 0x0, 0x5, 0xff, 0x43, 0xff,
    0x70, 0x0, 0x0, 0xaf, 0xe0, 0xd, 0xfc, 0x0,
    0x0, 0xf, 0xf9, 0x0, 0x8f, 0xf1, 0x0, 0x4,
    0xff, 0x40, 0x3, 0xff, 0x60, 0x0, 0x9f, 0xf0,
    0x0, 0xe, 0xfb, 0x0, 0xe, 0xfa, 0x0, 0x0,
    0x9f, 0xf1, 0x3, 0xff, 0x50, 0x0, 0x3, 0xff,
    0x50, 0x7f, 0xf0, 0x0, 0x0, 0xe, 0xf9, 0xc,
    0xfa, 0x0, 0x0, 0x0, 0x9f, 0xe0, 0xff, 0x50,
    0x0, 0x0, 0x4, 0xff, 0x7f, 0xf0, 0x0, 0x0,
    0x0, 0xe, 0xfe, 0xfb, 0x0, 0x0, 0x0, 0x0,
    0x9f, 0xff, 0x50, 0x0, 0x0, 0x0, 0x4, 0xff,
    0xf0, 0x0, 0x0,

    /* U+0057 "W" */
    0x5f, 0xf4, 0x0, 0x1, 0xff, 0xf1, 0x0, 0x3,
    0xff, 0x52, 0xff, 0x70, 0x0, 0x4f, 0xff, 0x50,
    0x0, 0x6f, 0xf1, 0xe, 0xfa, 0x0, 0x8, 0xff,
    0xf9, 0x0, 0x9, 0xfd, 0x0, 0xaf, 0xe0, 0x0,
    0xcf, 0xaf, 0xd0, 0x0, 0xdf, 0x90, 0x7, 0xff,
    0x10, 0xf, 0xf3, 0xff, 0x0, 0xf, 0xf5, 0x0,
    0x3f, 0xf4, 0x4, 0xfd, 0xe, 0xf4, 0x3, 0xff,
    0x10, 0x0, 0xff, 0x70, 0x7f, 0x90, 0xaf, 0x80,
    0x7f, 0xe0, 0x0, 0xb, 0xfb, 0xb, 0xf5, 0x7,
    0xfc, 0xa, 0xfa, 0x0, 0x0, 0x8f, 0xe0, 0xff,
    0x10, 0x3f, 0xf0, 0xdf, 0x60, 0x0, 0x4, 0xff,
    0x4f, 0xd0, 0x0, 0xff, 0x4f, 0xf2, 0x0, 0x0,
    0xf, 0xfb, 0xf9, 0x0, 0xb, 0xfb, 0xfe, 0x0,
    0x0, 0x0, 0xdf, 0xff, 0x50, 0x0, 0x7f, 0xff,
    0xb0, 0x0, 0x0, 0x9, 0xff, 0xf2, 0x0, 0x3,
    0xff, 0xf7, 0x0, 0x0, 0x0, 0x5f, 0xfe, 0x0,
    0x0, 0xf, 0xff, 0x30, 0x0,

    /* U+0058 "X" */
    0x2f, 0xfe, 0x0, 0x0, 0xa, 0xff, 0x30, 0x7f,
    0xf8, 0x0, 0x4, 0xff, 0x90, 0x0, 0xdf, 0xf2,
    0x0, 0xdf, 0xe0, 0x0, 0x3, 0xff, 0xb0, 0x7f,
    0xf4, 0x0, 0x0, 0x9, 0xff, 0x6f, 0xfa, 0x0,
    0x0, 0x0, 0xe, 0xff, 0xfe, 0x10, 0x0, 0x0,
    0x0, 0x5f, 0xff, 0x60, 0x0, 0x0, 0x0, 0x8,
    0xff, 0xf9, 0x0, 0x0, 0x0, 0x3, 0xff, 0xef,
    0xf4, 0x0, 0x0, 0x0, 0xcf, 0xd1, 0xff, 0xd0,
    0x0, 0x0, 0x7f, 0xf4, 0x6, 0xff, 0x80, 0x0,
    0x1f, 0xfb, 0x0, 0xd, 0xff, 0x20, 0xb, 0xff,
    0x20, 0x0, 0x3f, 0xfc, 0x5, 0xff, 0x80, 0x0,
    0x0, 0xaf, 0xf6,

    /* U+0059 "Y" */
    0x8f, 0xf6, 0x0, 0x0, 0xb, 0xff, 0x20, 0xef,
    0xe0, 0x0, 0x3, 0xff, 0x90, 0x6, 0xff, 0x80,
    0x0, 0xcf, 0xf1, 0x0, 0xd, 0xff, 0x10, 0x4f,
    0xf7, 0x0, 0x0, 0x4f, 0xf9, 0xd, 0xfd, 0x0,
    0x0, 0x0, 0xbf, 0xf8, 0xff, 0x50, 0x0, 0x0,
    0x2, 0xff, 0xff, 0xc0, 0x0, 0x0, 0x0, 0x9,
    0xff, 0xf3, 0x0, 0x0, 0x0, 0x0, 0x1f, 0xfb,
    0x0, 0x0, 0x0, 0x0, 0x0, 0xff, 0xa0, 0x0,
    0x0, 0x0, 0x0, 0xf, 0xfa, 0x0, 0x0, 0x0,
    0x0, 0x0, 0xff, 0xa0, 0x0, 0x0, 0x0, 0x0,
    0xf, 0xfa, 0x0, 0x0, 0x0, 0x0, 0x0, 0xff,
    0xa0, 0x0, 0x0,

    /* U+005A "Z" */
    0xe, 0xff, 0xff, 0xff, 0xff, 0xf0, 0xe, 0xff,
    0xff, 0xff, 0xff, 0xf0, 0x5, 0x66, 0x66, 0x69,
    0xff, 0xe0, 0x0, 0x0, 0x0, 0xd, 0xff, 0x30,
    0x0, 0x0, 0x0, 0xaf, 0xf6, 0x0, 0x0, 0x0,
    0x7, 0xff, 0x90, 0x0, 0x0, 0x0, 0x3f, 0xfc,
    0x0, 0x0, 0x0, 0x1, 0xef, 0xe1, 0x0, 0x0,
    0x0, 0xc, 0xff, 0x30, 0x0, 0x0, 0x0, 0x9f,
    0xf6, 0x0, 0x0, 0x0, 0x6, 0xff, 0xa0, 0x0,
    0x0, 0x0, 0x2f, 0xff, 0x76, 0x66, 0x66, 0x61,
    0x3f, 0xff, 0xff, 0xff, 0xff, 0xf3, 0x3f, 0xff,
    0xff, 0xff, 0xff, 0xf3,

    /* U+005B "[" */
    0x5f, 0xff, 0x85, 0xff, 0xe7, 0x5f, 0xf0, 0x5,
    0xff, 0x0, 0x5f, 0xf0, 0x5, 0xff, 0x0, 0x5f,
    0xf0, 0x5, 0xff, 0x0, 0x5f, 0xf0, 0x5, 0xff,
    0x0, 0x5f, 0xf0, 0x5, 0xff, 0x0, 0x5f, 0xf0,
    0x5, 0xff, 0x0, 0x5f, 0xf0, 0x5, 0xff, 0x0,
    0x5f, 0xf0, 0x5, 0xff, 0xf8, 0x5e, 0xee, 0x70,

    /* U+005C "\\" */
    0x1f, 0xf0, 0x0, 0x0, 0x0, 0xcf, 0x50, 0x0,
    0x0, 0x7, 0xfa, 0x0, 0x0, 0x0, 0x2f, 0xf0,
    0x0, 0x0, 0x0, 0xdf, 0x40, 0x0, 0x0, 0x8,
    0xf9, 0x0, 0x0, 0x0, 0x3f, 0xe0, 0x0, 0x0,
    0x0, 0xef, 0x30, 0x0, 0x0, 0xa, 0xf8, 0x0,
    0x0, 0x0, 0x5f, 0xd0, 0x0, 0x0, 0x0, 0xff,
    0x20, 0x0, 0x0, 0xb, 0xf7, 0x0, 0x0, 0x0,
    0x6f, 0xc0, 0x0, 0x0, 0x1, 0xff, 0x10, 0x0,
    0x0, 0xc, 0xf6, 0x0, 0x0, 0x0, 0x7f, 0xb0,
    0x0, 0x0, 0x2, 0xff, 0x0, 0x0, 0x0, 0xd,
    0xf5, 0x0, 0x0, 0x0, 0x48, 0x40,

    /* U+005D "]" */
    0xff, 0xff, 0xde, 0xff, 0x6, 0xff, 0x6, 0xff,
    0x6, 0xff, 0x6, 0xff, 0x6, 0xff, 0x6, 0xff,
    0x6, 0xff, 0x6, 0xff, 0x6, 0xff, 0x6, 0xff,
    0x6, 0xff, 0x6, 0xff, 0x6, 0xff, 0x6, 0xff,
    0x6, 0xff, 0xff, 0xff, 0xde, 0xed,

    /* U+005E "^" */
    0x0, 0x0, 0x5f, 0xf6, 0x0, 0x0, 0x0, 0x0,
    0xdf, 0xfe, 0x0, 0x0, 0x0, 0x6, 0xff, 0xff,
    0x70, 0x0, 0x0, 0xe, 0xf8, 0x9f, 0xe0, 0x0,
    0x0, 0x7f, 0xe0, 0x1f, 0xf8, 0x0, 0x1, 0xff,
    0x70, 0x8, 0xff, 0x10, 0x9, 0xfe, 0x0, 0x1,
    0xff, 0x90, 0xd, 0xf5, 0x0, 0x0, 0x7f, 0xd0,
    0x0, 0x50, 0x0, 0x0, 0x5, 0x0,

    /* U+005F "_" */
    0x13, 0x33, 0x33, 0x33, 0x33, 0x26, 0xff, 0xff,
    0xff, 0xff, 0xf9, 0x6f, 0xff, 0xff, 0xff, 0xff,
    0x90,

    /* U+0060 "`" */
    0x2, 0x40, 0x7, 0xfe, 0x0, 0x2f, 0xf6, 0x0,
    0x5f, 0xd0, 0x0, 0xaa, 0x10, 0x0, 0x0,

    /* U+0061 "a" */
    0x0, 0x4b, 0xef, 0xd9, 0x10, 0x0, 0x6f, 0xff,
    0xff, 0xfd, 0x0, 0x5, 0xf9, 0x22, 0x9f, 0xf5,
    0x0, 0x1, 0x0, 0x0, 0xff, 0x80, 0x0, 0x16,
    0x89, 0x9f, 0xf8, 0x0, 0x6f, 0xff, 0xff, 0xff,
    0x80, 0x1f, 0xfb, 0x10, 0xf, 0xf8, 0x3, 0xff,
    0x50, 0x0, 0xff, 0x80, 0x2f, 0xfa, 0x0, 0x8f,
    0xf9, 0x0, 0xcf, 0xff, 0xfd, 0xaf, 0xf9, 0x1,
    0xae, 0xfb, 0x22, 0xdf, 0x90,

    /* U+0062 "b" */
    0x8f, 0xf0, 0x0, 0x0, 0x0, 0x8, 0xff, 0x0,
    0x0, 0x0, 0x0, 0x8f, 0xf0, 0x0, 0x0, 0x0,
    0x8, 0xff, 0x0, 0x0, 0x0, 0x0, 0x8f, 0xf1,
    0x9e, 0xfb, 0x20, 0x8, 0xff, 0xaf, 0xff, 0xfe,
    0x10, 0x8f, 0xfc, 0x43, 0xaf, 0xf9, 0x8, 0xff,
    0x20, 0x0, 0xdf, 0xe0, 0x8f, 0xf0, 0x0, 0x9,
    0xff, 0x8, 0xff, 0x0, 0x0, 0x9f, 0xf1, 0x8f,
    0xf0, 0x0, 0x9, 0xff, 0x8, 0xff, 0x20, 0x0,
    0xdf, 0xe0, 0x8f, 0xfc, 0x43, 0xaf, 0xf9, 0x8,
    0xff, 0xaf, 0xff, 0xfe, 0x10, 0x8f, 0xf1, 0x9e,
    0xfb, 0x20, 0x0,

    /* U+0063 "c" */
    0x0, 0x18, 0xef, 0xe9, 0x10, 0x1, 0xdf, 0xff,
    0xff, 0xe1, 0x9, 0xff, 0x72, 0x5f, 0xf7, 0xf,
    0xfa, 0x0, 0x4, 0x30, 0x2f, 0xf7, 0x0, 0x0,
    0x0, 0x3f, 0xf7, 0x0, 0x0, 0x0, 0x2f, 0xf7,
    0x0, 0x0, 0x0, 0xf, 0xfa, 0x0, 0x5, 0x60,
    0x9, 0xff, 0x62, 0x5f, 0xf8, 0x1, 0xdf, 0xff,
    0xff, 0xe1, 0x0, 0x19, 0xef, 0xe9, 0x10,

    /* U+0064 "d" */
    0x0, 0x0, 0x0, 0x0, 0xff, 0x80, 0x0, 0x0,
    0x0, 0xf, 0xf8, 0x0, 0x0, 0x0, 0x0, 0xff,
    0x80, 0x0, 0x0, 0x0, 0xf, 0xf8, 0x0, 0x2b,
    0xfe, 0x91, 0xff, 0x80, 0x2e, 0xff, 0xff, 0xaf,
    0xf8, 0x9, 0xff, 0xa3, 0x4c, 0xff, 0x80, 0xef,
    0xd0, 0x0, 0x2f, 0xf8, 0xf, 0xf9, 0x0, 0x0,
    0xff, 0x81, 0xff, 0x90, 0x0, 0xf, 0xf8, 0xf,
    0xf9, 0x0, 0x0, 0xff, 0x80, 0xef, 0xd0, 0x0,
    0x2f, 0xf8, 0x9, 0xff, 0xa3, 0x4c, 0xff, 0x80,
    0x2e, 0xff, 0xff, 0xaf, 0xf8, 0x0, 0x2b, 0xfe,
    0x91, 0xff, 0x80,

    /* U+0065 "e" */
    0x0, 0x8, 0xdf, 0xea, 0x20, 0x0, 0xd, 0xff,
    0xff, 0xff, 0x30, 0x9, 0xff, 0x50, 0x2d, 0xfc,
    0x0, 0xef, 0x90, 0x0, 0x6f, 0xf2, 0x2f, 0xfd,
    0xbb, 0xbc, 0xff, 0x53, 0xff, 0xff, 0xff, 0xff,
    0xf5, 0x2f, 0xf7, 0x0, 0x0, 0x0, 0x0, 0xef,
    0xb0, 0x0, 0x4, 0x0, 0x8, 0xff, 0x82, 0x28,
    0xf9, 0x0, 0xd, 0xff, 0xff, 0xff, 0x90, 0x0,
    0x8, 0xdf, 0xeb, 0x50, 0x0,

    /* U+0066 "f" */
    0x0, 0x2b, 0xff, 0xb0, 0xc, 0xff, 0xfb, 0x0,
    0xff, 0x91, 0x10, 0xf, 0xf9, 0x0, 0x8f, 0xff,
    0xff, 0xb8, 0xff, 0xff, 0xfb, 0x1, 0xff, 0x91,
    0x0, 0xf, 0xf9, 0x0, 0x0, 0xff, 0x90, 0x0,
    0xf, 0xf9, 0x0, 0x0, 0xff, 0x90, 0x0, 0xf,
    0xf9, 0x0, 0x0, 0xff, 0x90, 0x0, 0xf, 0xf9,
    0x0, 0x0, 0xff, 0x90, 0x0,

    /* U+0067 "g" */
    0x0, 0x0, 0x0, 0x6, 0xff, 0x50, 0x0, 0x0,
    0x0, 0xbf, 0xf5, 0x0, 0x4b, 0xef, 0xff, 0x60,
    0x0, 0x4f, 0xff, 0xdf, 0xff, 0x30, 0xc, 0xfc,
    0x0, 0x1e, 0xfa, 0x0, 0xef, 0x90, 0x0, 0xbf,
    0xb0, 0xb, 0xfd, 0x20, 0x3f, 0xf8, 0x0, 0x2e,
    0xff, 0xff, 0xfd, 0x10, 0x0, 0x8d, 0xac, 0xb7,
    0x0, 0x0, 0x9f, 0x20, 0x0, 0x0, 0x0, 0xe,
    0xf9, 0x44, 0x44, 0x20, 0x0, 0xaf, 0xff, 0xff,
    0xff, 0xd1, 0x1, 0xdf, 0xff, 0xff, 0xff, 0xa2,
    0xec, 0x0, 0x0, 0x1b, 0xfd, 0x6f, 0xc0, 0x0,
    0x0, 0xbf, 0xc2, 0xff, 0xfd, 0xdd, 0xff, 0xf5,
    0x3, 0xae, 0xff, 0xfd, 0xa3, 0x0,

    /* U+0068 "h" */
    0x8f, 0xf0, 0x0, 0x0, 0x0, 0x8f, 0xf0, 0x0,
    0x0, 0x0, 0x8f, 0xf0, 0x0, 0x0, 0x0, 0x8f,
    0xf0, 0x0, 0x0, 0x0, 0x8f, 0xf1, 0x9e, 0xfa,
    0x10, 0x8f, 0xf9, 0xff, 0xff, 0xb0, 0x8f, 0xfc,
    0x43, 0xcf, 0xf2, 0x8f, 0xf2, 0x0, 0x4f, 0xf5,
    0x8f, 0xf0, 0x0, 0x2f, 0xf6, 0x8f, 0xf0, 0x0,
    0x2f, 0xf6, 0x8f, 0xf0, 0x0, 0x2f, 0xf6, 0x8f,
    0xf0, 0x0, 0x2f, 0xf6, 0x8f, 0xf0, 0x0, 0x2f,
    0xf6, 0x8f, 0xf0, 0x0, 0x2f, 0xf6, 0x8f, 0xf0,
    0x0, 0x2f, 0xf6,

    /* U+0069 "i" */
    0x6f, 0xd1, 0xbf, 0xf3, 0x7f, 0xd1, 0x0, 0x0,
    0x8f, 0xf0, 0x8f, 0xf0, 0x8f, 0xf0, 0x8f, 0xf0,
    0x8f, 0xf0, 0x8f, 0xf0, 0x8f, 0xf0, 0x8f, 0xf0,
    0x8f, 0xf0, 0x8f, 0xf0, 0x8f, 0xf0,

    /* U+006A "j" */
    0x0, 0x6f, 0xd1, 0x0, 0xbf, 0xf3, 0x0, 0x7f,
    0xd1, 0x0, 0x0, 0x0, 0x0, 0x8f, 0xf0, 0x0,
    0x8f, 0xf0, 0x0, 0x8f, 0xf0, 0x0, 0x8f, 0xf0,
    0x0, 0x8f, 0xf0, 0x0, 0x8f, 0xf0, 0x0, 0x8f,
    0xf0, 0x0, 0x8f, 0xf0, 0x0, 0x8f, 0xf0, 0x0,
    0x8f, 0xf0, 0x0, 0x8f, 0xf0, 0x0, 0x8f, 0xf0,
    0x1, 0x8f, 0xf0, 0x2f, 0xff, 0xc0, 0x2f, 0xfc,
    0x20,

    /* U+006B "k" */
    0x8f, 0xf0, 0x0, 0x0, 0x0, 0x8, 0xff, 0x0,
    0x0, 0x0, 0x0, 0x8f, 0xf0, 0x0, 0x0, 0x0,
    0x8, 0xff, 0x0, 0x0, 0x0, 0x0, 0x8f, 0xf0,
    0x0, 0x8f, 0xf5, 0x8, 0xff, 0x0, 0x6f, 0xf7,
    0x0, 0x8f, 0xf0, 0x3f, 0xfa, 0x0, 0x8, 0xff,
    0x1e, 0xfc, 0x0, 0x0, 0x8f, 0xfb, 0xff, 0x50,
    0x0, 0x8, 0xff, 0xff, 0xfd, 0x0, 0x0, 0x8f,
    0xfe, 0x7f, 0xf7, 0x0, 0x8, 0xff, 0x30, 0xcf,
    0xf1, 0x0, 0x8f, 0xf0, 0x4, 0xff, 0xa0, 0x8,
    0xff, 0x0, 0xb, 0xff, 0x40, 0x8f, 0xf0, 0x0,
    0x2f, 0xfd, 0x0,

    /* U+006C "l" */
    0x8f, 0xf0, 0x8, 0xff, 0x0, 0x8f, 0xf0, 0x8,
    0xff, 0x0, 0x8f, 0xf0, 0x8, 0xff, 0x0, 0x8f,
    0xf0, 0x8, 0xff, 0x0, 0x8f, 0xf0, 0x8, 0xff,
    0x0, 0x8f, 0xf0, 0x8, 0xff, 0x0, 0x7f, 0xf2,
    0x5, 0xff, 0xf6, 0x9, 0xef, 0x60,

    /* U+006D "m" */
    0x8f, 0xf1, 0xae, 0xe9, 0x0, 0x8e, 0xfb, 0x10,
    0x8f, 0xfa, 0xff, 0xff, 0x9a, 0xff, 0xff, 0xc0,
    0x8f, 0xfc, 0x44, 0xef, 0xfd, 0x43, 0xcf, 0xf2,
    0x8f, 0xf2, 0x0, 0x7f, 0xf4, 0x0, 0x4f, 0xf5,
    0x8f, 0xf0, 0x0, 0x5f, 0xf3, 0x0, 0x2f, 0xf6,
    0x8f, 0xf0, 0x0, 0x5f, 0xf3, 0x0, 0x2f, 0xf6,
    0x8f, 0xf0, 0x0, 0x5f, 0xf3, 0x0, 0x2f, 0xf6,
    0x8f, 0xf0, 0x0, 0x5f, 0xf3, 0x0, 0x2f, 0xf6,
    0x8f, 0xf0, 0x0, 0x5f, 0xf3, 0x0, 0x2f, 0xf6,
    0x8f, 0xf0, 0x0, 0x5f, 0xf3, 0x0, 0x2f, 0xf6,
    0x8f, 0xf0, 0x0, 0x5f, 0xf3, 0x0, 0x2f, 0xf6,

    /* U+006E "n" */
    0x8f, 0xf1, 0x9e, 0xfa, 0x10, 0x8f, 0xf9, 0xff,
    0xff, 0xb0, 0x8f, 0xfc, 0x43, 0xcf, 0xf2, 0x8f,
    0xf2, 0x0, 0x4f, 0xf5, 0x8f, 0xf0, 0x0, 0x2f,
    0xf6, 0x8f, 0xf0, 0x0, 0x2f, 0xf6, 0x8f, 0xf0,
    0x0, 0x2f, 0xf6, 0x8f, 0xf0, 0x0, 0x2f, 0xf6,
    0x8f, 0xf0, 0x0, 0x2f, 0xf6, 0x8f, 0xf0, 0x0,
    0x2f, 0xf6, 0x8f, 0xf0, 0x0, 0x2f, 0xf6,

    /* U+006F "o" */
    0x0, 0x8, 0xdf, 0xea, 0x20, 0x0, 0xd, 0xff,
    0xff, 0xfe, 0x20, 0x9, 0xff, 0x72, 0x5e, 0xfc,
    0x0, 0xff, 0xa0, 0x0, 0x6f, 0xf3, 0x2f, 0xf7,
    0x0, 0x3, 0xff, 0x63, 0xff, 0x70, 0x0, 0x3f,
    0xf7, 0x2f, 0xf7, 0x0, 0x3, 0xff, 0x60, 0xef,
    0xa0, 0x0, 0x6f, 0xf3, 0x8, 0xff, 0x72, 0x5e,
    0xfc, 0x0, 0xd, 0xff, 0xff, 0xff, 0x30, 0x0,
    0x8, 0xdf, 0xea, 0x20, 0x0,

    /* U+0070 "p" */
    0x8f, 0xf1, 0x9e, 0xfb, 0x20, 0x8, 0xff, 0xaf,
    0xff, 0xfe, 0x10, 0x8f, 0xfc, 0x43, 0xaf, 0xf9,
    0x8, 0xff, 0x20, 0x0, 0xdf, 0xe0, 0x8f, 0xf0,
    0x0, 0x9, 0xff, 0x8, 0xff, 0x0, 0x0, 0x9f,
    0xf1, 0x8f, 0xf0, 0x0, 0x9, 0xff, 0x8, 0xff,
    0x20, 0x0, 0xdf, 0xe0, 0x8f, 0xfc, 0x43, 0xaf,
    0xf9, 0x8, 0xff, 0xaf, 0xff, 0xfe, 0x10, 0x8f,
    0xf1, 0x9e, 0xfb, 0x20, 0x8, 0xff, 0x0, 0x0,
    0x0, 0x0, 0x8f, 0xf0, 0x0, 0x0, 0x0, 0x8,
    0xff, 0x0, 0x0, 0x0, 0x0, 0x8f, 0xf0, 0x0,
    0x0, 0x0, 0x0,

    /* U+0071 "q" */
    0x0, 0x2b, 0xfe, 0x91, 0xff, 0x80, 0x2e, 0xff,
    0xff, 0xaf, 0xf8, 0x9, 0xff, 0xa3, 0x4c, 0xff,
    0x80, 0xef, 0xd0, 0x0, 0x2f, 0xf8, 0xf, 0xf9,
    0x0, 0x0, 0xff, 0x81, 0xff, 0x90, 0x0, 0xf,
    0xf8, 0xf, 0xf9, 0x0, 0x0, 0xff, 0x80, 0xef,
    0xd0, 0x0, 0x2f, 0xf8, 0x9, 0xff, 0xa3, 0x4c,
    0xff, 0x80, 0x2e, 0xff, 0xff, 0xaf, 0xf8, 0x0,
    0x2b, 0xfe, 0x91, 0xff, 0x80, 0x0, 0x0, 0x0,
    0xf, 0xf8, 0x0, 0x0, 0x0, 0x0, 0xff, 0x80,
    0x0, 0x0, 0x0, 0xf, 0xf8, 0x0, 0x0, 0x0,
    0x0, 0xff, 0x80,

    /* U+0072 "r" */
    0x8f, 0xf1, 0x9e, 0x78, 0xff, 0x9f, 0xf7, 0x8f,
    0xfe, 0xa8, 0x38, 0xff, 0x40, 0x0, 0x8f, 0xf0,
    0x0, 0x8, 0xff, 0x0, 0x0, 0x8f, 0xf0, 0x0,
    0x8, 0xff, 0x0, 0x0, 0x8f, 0xf0, 0x0, 0x8,
    0xff, 0x0, 0x0, 0x8f, 0xf0, 0x0, 0x0,

    /* U+0073 "s" */
    0x0, 0x5c, 0xff, 0xc6, 0x0, 0x7, 0xff, 0xff,
    0xff, 0xa0, 0xf, 0xfb, 0x22, 0x8f, 0x30, 0xf,
    0xf7, 0x0, 0x0, 0x0, 0xc, 0xff, 0xb8, 0x50,
    0x0, 0x3, 0xdf, 0xff, 0xfe, 0x40, 0x0, 0x4,
    0x7a, 0xef, 0xe0, 0x0, 0x20, 0x0, 0x5f, 0xf2,
    0x1c, 0xf7, 0x22, 0xaf, 0xf1, 0x1d, 0xff, 0xff,
    0xff, 0x70, 0x0, 0x8d, 0xfe, 0xc5, 0x0,

    /* U+0074 "t" */
    0x0, 0x58, 0x40, 0x0, 0xb, 0xf9, 0x0, 0x0,
    0xdf, 0x90, 0x8, 0xff, 0xff, 0xfb, 0x8f, 0xff,
    0xff, 0xb0, 0x1f, 0xfa, 0x11, 0x0, 0xff, 0x90,
    0x0, 0xf, 0xf9, 0x0, 0x0, 0xff, 0x90, 0x0,
    0xf, 0xf9, 0x0, 0x0, 0xff, 0x90, 0x0, 0xe,
    0xfa, 0x10, 0x0, 0xaf, 0xff, 0x90, 0x1, 0xbf,
    0xf9,

    /* U+0075 "u" */
    0xaf, 0xe0, 0x0, 0x4f, 0xf4, 0xaf, 0xe0, 0x0,
    0x4f, 0xf4, 0xaf, 0xe0, 0x0, 0x4f, 0xf4, 0xaf,
    0xe0, 0x0, 0x4f, 0xf4, 0xaf, 0xe0, 0x0, 0x4f,
    0xf4, 0xaf, 0xe0, 0x0, 0x4f, 0xf4, 0xaf, 0xe0,
    0x0, 0x4f, 0xf4, 0x8f, 0xf1, 0x0, 0x6f, 0xf4,
    0x6f, 0xfa, 0x35, 0xef, 0xf4, 0xe, 0xff, 0xff,
    0xaf, 0xf4, 0x3, 0xcf, 0xe7, 0x4f, 0xf4,

    /* U+0076 "v" */
    0x9f, 0xe0, 0x0, 0x5, 0xff, 0x14, 0xff, 0x30,
    0x0, 0xaf, 0xc0, 0xf, 0xf8, 0x0, 0xe, 0xf7,
    0x0, 0xaf, 0xd0, 0x3, 0xff, 0x20, 0x5, 0xff,
    0x20, 0x8f, 0xd0, 0x0, 0xf, 0xf6, 0xc, 0xf8,
    0x0, 0x0, 0xbf, 0xa1, 0xff, 0x30, 0x0, 0x6,
    0xfe, 0x5f, 0xe0, 0x0, 0x0, 0x1f, 0xfc, 0xf8,
    0x0, 0x0, 0x0, 0xcf, 0xff, 0x30, 0x0, 0x0,
    0x7, 0xff, 0xe0, 0x0, 0x0,

    /* U+0077 "w" */
    0x6f, 0xf0, 0x0, 0x1f, 0xf8, 0x0, 0x8, 0xfc,
    0x2f, 0xf4, 0x0, 0x5f, 0xfc, 0x0, 0xc, 0xf8,
    0xe, 0xf8, 0x0, 0x9f, 0xff, 0x10, 0xf, 0xf4,
    0xa, 0xfb, 0x0, 0xef, 0xcf, 0x50, 0x3f, 0xf0,
    0x5, 0xff, 0x2, 0xfc, 0x7f, 0xa0, 0x7f, 0xc0,
    0x1, 0xff, 0x36, 0xf8, 0x3f, 0xe0, 0xbf, 0x80,
    0x0, 0xdf, 0x6a, 0xf4, 0xe, 0xf2, 0xef, 0x30,
    0x0, 0x9f, 0xae, 0xf0, 0xa, 0xf8, 0xff, 0x0,
    0x0, 0x5f, 0xff, 0xb0, 0x6, 0xff, 0xfb, 0x0,
    0x0, 0x1f, 0xff, 0x70, 0x1, 0xff, 0xf7, 0x0,
    0x0, 0xc, 0xff, 0x30, 0x0, 0xdf, 0xf3, 0x0,

    /* U+0078 "x" */
    0x3f, 0xfa, 0x0, 0x8, 0xff, 0x20, 0x9f, 0xf4,
    0x2, 0xff, 0x80, 0x0, 0xef, 0xd0, 0xbf, 0xd0,
    0x0, 0x4, 0xff, 0xbf, 0xf3, 0x0, 0x0, 0xa,
    0xff, 0xf8, 0x0, 0x0, 0x0, 0x3f, 0xff, 0x10,
    0x0, 0x0, 0xb, 0xff, 0xf9, 0x0, 0x0, 0x6,
    0xff, 0x9f, 0xf4, 0x0, 0x1, 0xef, 0x80, 0xdf,
    0xd0, 0x0, 0xaf, 0xe0, 0x4, 0xff, 0x80, 0x4f,
    0xf6, 0x0, 0xb, 0xff, 0x30,

    /* U+0079 "y" */
    0xaf, 0xd0, 0x0, 0x4, 0xff, 0x15, 0xff, 0x30,
    0x0, 0x9f, 0xc0, 0xf, 0xf8, 0x0, 0xe, 0xf7,
    0x0, 0xaf, 0xd0, 0x3, 0xff, 0x20, 0x5, 0xff,
    0x20, 0x8f, 0xc0, 0x0, 0xf, 0xf7, 0xd, 0xf7,
    0x0, 0x0, 0xaf, 0xb2, 0xff, 0x20, 0x0, 0x5,
    0xff, 0x6f, 0xd0, 0x0, 0x0, 0xf, 0xfd, 0xf7,
    0x0, 0x0, 0x0, 0xbf, 0xff, 0x20, 0x0, 0x0,
    0x5, 0xff, 0xd0, 0x0, 0x0, 0x0, 0x2f, 0xf8,
    0x0, 0x0, 0x0, 0x17, 0xff, 0x20, 0x0, 0x0,
    0x7f, 0xff, 0xc0, 0x0, 0x0, 0x7, 0xff, 0xb1,
    0x0, 0x0, 0x0,

    /* U+007A "z" */
    0x1f, 0xff, 0xff, 0xff, 0xf2, 0x1f, 0xff, 0xff,
    0xff, 0xf2, 0x1, 0x11, 0x14, 0xff, 0xc0, 0x0,
    0x0, 0x1e, 0xfe, 0x10, 0x0, 0x0, 0xbf, 0xf3,
    0x0, 0x0, 0x9, 0xff, 0x60, 0x0, 0x0, 0x5f,
    0xf9, 0x0, 0x0, 0x3, 0xff, 0xc0, 0x0, 0x0,
    0x1d, 0xff, 0x31, 0x11, 0x10, 0x4f, 0xff, 0xff,
    0xff, 0xf4, 0x4f, 0xff, 0xff, 0xff, 0xf4,

    /* U+007B "{" */
    0x0, 0x2d, 0xff, 0x30, 0x9, 0xff, 0xe2, 0x0,
    0xaf, 0xb0, 0x0, 0xa, 0xfb, 0x0, 0x0, 0xaf,
    0xb0, 0x0, 0xa, 0xfb, 0x0, 0x0, 0xbf, 0xa0,
    0x0, 0x5f, 0xf6, 0x0, 0x9f, 0xf9, 0x0, 0x9,
    0xfe, 0x50, 0x0, 0x17, 0xff, 0x40, 0x0, 0xc,
    0xf9, 0x0, 0x0, 0xaf, 0xb0, 0x0, 0xa, 0xfb,
    0x0, 0x0, 0xaf, 0xb0, 0x0, 0xa, 0xfb, 0x0,
    0x0, 0xaf, 0xb0, 0x0, 0x8, 0xff, 0xf3, 0x0,
    0x1b, 0xee, 0x20,

    /* U+007C "|" */
    0x5f, 0xd5, 0xfd, 0x5f, 0xd5, 0xfd, 0x5f, 0xd5,
    0xfd, 0x5f, 0xd5, 0xfd, 0x5f, 0xd5, 0xfd, 0x5f,
    0xd5, 0xfd, 0x5f, 0xd5, 0xfd, 0x5f, 0xd5, 0xfd,
    0x5f, 0xd5, 0xfd, 0x27, 0x60,

    /* U+007D "}" */
    0xff, 0xe5, 0x0, 0xde, 0xfd, 0x0, 0x6, 0xff,
    0x0, 0x6, 0xff, 0x0, 0x6, 0xff, 0x0, 0x6,
    0xff, 0x0, 0x6, 0xff, 0x0, 0x2, 0xff, 0x80,
    0x0, 0x6e, 0xfd, 0x0, 0x3d, 0xfd, 0x1, 0xff,
    0xa2, 0x5, 0xff, 0x0, 0x6, 0xff, 0x0, 0x6,
    0xff, 0x0, 0x6, 0xff, 0x0, 0x6, 0xff, 0x0,
    0x6, 0xfe, 0x0, 0xff, 0xfc, 0x0, 0xde, 0xc3,
    0x0,

    /* U+007E "~" */
    0x0, 0x10, 0x0, 0x0, 0x0, 0x7f, 0xff, 0xc8,
    0x32, 0x51, 0x7f, 0xff, 0xff, 0xff, 0xf8, 0x3,
    0x2, 0x6b, 0xef, 0xd6,

    /* U+00A0 " " */

    /* U+00A1 "¡" */
    0x2e, 0xe5, 0x7f, 0xfa, 0x5f, 0xf8, 0x3, 0x40,
    0x0, 0x0, 0x9, 0xb0, 0xb, 0xd0, 0xd, 0xf0,
    0xf, 0xf1, 0x1f, 0xf3, 0x3f, 0xf6, 0x4f, 0xf7,
    0x4f, 0xf7, 0x4f, 0xf7, 0x4f, 0xf7,

    /* U+00A2 "¢" */
    0x0, 0x0, 0x15, 0x30, 0x0, 0x0, 0x0, 0x4,
    0xfb, 0x0, 0x0, 0x0, 0x0, 0x4f, 0xb0, 0x0,
    0x0, 0x1, 0xbf, 0xff, 0xe6, 0x0, 0x1, 0xef,
    0xff, 0xff, 0xf6, 0x0, 0x9f, 0xe4, 0xf9, 0x9f,
    0x80, 0xe, 0xf8, 0x2f, 0x90, 0x20, 0x1, 0xff,
    0x52, 0xf9, 0x0, 0x0, 0x1f, 0xf5, 0x2f, 0x90,
    0x0, 0x0, 0xff, 0x62, 0xf9, 0x0, 0x0, 0xd,
    0xf9, 0x2f, 0x90, 0x81, 0x0, 0x6f, 0xf9, 0xfb,
    0xcf, 0xd0, 0x0, 0xbf, 0xff, 0xff, 0xf4, 0x0,
    0x0, 0x6c, 0xff, 0xa3, 0x0, 0x0, 0x0, 0x4f,
    0xb0, 0x0, 0x0, 0x0, 0x4, 0xfb, 0x0, 0x0,

    /* U+00A3 "£" */
    0x0, 0x3, 0xae, 0xfe, 0xb3, 0x0, 0x0, 0x6f,
    0xff, 0xff, 0xff, 0x60, 0x0, 0xff, 0xf9, 0x67,
    0xdf, 0xd0, 0x3, 0xff, 0x90, 0x0, 0x6, 0x0,
    0x2, 0xff, 0x70, 0x0, 0x0, 0x0, 0x2, 0xff,
    0xb2, 0x22, 0x20, 0x0, 0x2f, 0xff, 0xff, 0xff,
    0xd0, 0x0, 0x2f, 0xff, 0xff, 0xff, 0xd0, 0x0,
    0x0, 0xf, 0xf8, 0x0, 0x0, 0x0, 0x0, 0x1f,
    0xf7, 0x0, 0x0, 0x0, 0x0, 0x8f, 0xf1, 0x0,
    0x0, 0x0, 0x7, 0xff, 0xa6, 0x66, 0x66, 0x50,
    0x9, 0xff, 0xff, 0xff, 0xff, 0xe0, 0x9, 0xff,
    0xff, 0xff, 0xff, 0xe0,

    /* U+00A4 "¤" */
    0x0, 0x0, 0x0, 0x0, 0x0, 0x0, 0x2, 0xe6,
    0x0, 0x0, 0x0, 0x1d, 0x80, 0x7f, 0xf7, 0xad,
    0xec, 0x6c, 0xfd, 0x0, 0x8f, 0xff, 0xff, 0xff,
    0xfe, 0x20, 0x0, 0xff, 0xc2, 0x6, 0xff, 0x70,
    0x0, 0x4f, 0xf3, 0x0, 0xc, 0xfc, 0x0, 0x6,
    0xff, 0x10, 0x0, 0xaf, 0xe0, 0x0, 0x6f, 0xf1,
    0x0, 0xa, 0xfe, 0x0, 0x4, 0xff, 0x30, 0x0,
    0xcf, 0xc0, 0x0, 0xf, 0xfc, 0x10, 0x6f, 0xf7,
    0x0, 0x7, 0xff, 0xff, 0xff, 0xff, 0xd1, 0x6,
    0xff, 0x8b, 0xef, 0xd7, 0xdf, 0xd0, 0x2e, 0x60,
    0x0, 0x0, 0x1, 0xd8, 0x0, 0x0, 0x0, 0x0,
    0x0, 0x0, 0x0,

    /* U+00A5 "¥" */
    0xbf, 0xf4, 0x0, 0x0, 0x4f, 0xf8, 0x2f, 0xfc,
    0x0, 0x0, 0xcf, 0xe0, 0x9, 0xff, 0x50, 0x5,
    0xff, 0x60, 0x1, 0xff, 0xd0, 0xd, 0xfd, 0x0,
    0x0, 0x7f, 0xf5, 0x5f, 0xf4, 0x0, 0x0, 0xe,
    0xfd, 0xdf, 0xb0, 0x0, 0x9, 0xbd, 0xff, 0xff,
    0xcb, 0x70, 0xd, 0xff, 0xff, 0xff, 0xff, 0xa0,
    0x0, 0x0, 0x7f, 0xf3, 0x0, 0x0, 0x9, 0xbb,
    0xdf, 0xfc, 0xbb, 0x70, 0xd, 0xff, 0xff, 0xff,
    0xff, 0xa0, 0x0, 0x0, 0x7f, 0xf3, 0x0, 0x0,
    0x0, 0x0, 0x7f, 0xf3, 0x0, 0x0, 0x0, 0x0,
    0x7f, 0xf3, 0x0, 0x0,

    /* U+00A6 "¦" */
    0x5f, 0xd5, 0xfd, 0x5f, 0xd5, 0xfd, 0x5f, 0xd5,
    0xfd, 0x5f, 0xd1, 0x54, 0x0, 0x0, 0x0, 0x0,
    0x5, 0xfd, 0x5f, 0xd5, 0xfd, 0x5f, 0xd5, 0xfd,
    0x5f, 0xd5, 0xfd, 0x16, 0x50,

    /* U+00A7 "§" */
    0x0, 0x6c, 0xef, 0xd7, 0x0, 0x8, 0xff, 0xff,
    0xff, 0x80, 0x1f, 0xf6, 0x0, 0x5c, 0x0, 0x3f,
    0xf1, 0x0, 0x0, 0x0, 0xf, 0xfb, 0x30, 0x0,
    0x0, 0x7, 0xff, 0xfe, 0x92, 0x0, 0x1, 0xdd,
    0xff, 0xff, 0x60, 0x2e, 0xb0, 0x16, 0xdf, 0xf1,
    0xaf, 0x60, 0x0, 0x1f, 0xf4, 0xcf, 0xa0, 0x0,
    0xf, 0xf1, 0x8f, 0xfc, 0x62, 0x5f, 0x60, 0xb,
    0xff, 0xff, 0xf5, 0x0, 0x0, 0x39, 0xdf, 0xfe,
    0x10, 0x0, 0x0, 0x4, 0xef, 0x80, 0x0, 0x0,
    0x0, 0x9f, 0xa0, 0x8, 0xb2, 0x3, 0xef, 0x80,
    0x1f, 0xff, 0xff, 0xfd, 0x0, 0x2, 0x9d, 0xec,
    0x81, 0x0,

    /* U+00A8 "¨" */
    0x2c, 0xb1, 0x1b, 0xc2, 0x8f, 0xf4, 0x4f, 0xf7,
    0x4e, 0xe1, 0x1e, 0xe4,

    /* U+00A9 "©" */
    0x0, 0x0, 0x0, 0x0, 0x0, 0x0, 0x0, 0x0,
    0x3, 0xae, 0xff, 0xd8, 0x10, 0x0, 0x0, 0x7f,
    0xc6, 0x44, 0x7e, 0xf4, 0x0, 0x6, 0xf6, 0x0,
    0x0, 0x0, 0x9f, 0x30, 0x1f, 0x70, 0x19, 0xdc,
    0x91, 0xb, 0xc0, 0x7e, 0x0, 0xdf, 0xff, 0xfd,
    0x3, 0xf3, 0xc9, 0x7, 0xfd, 0x21, 0xdc, 0x10,
    0xe8, 0xe7, 0xc, 0xf8, 0x0, 0x10, 0x0, 0xba,
    0xf7, 0xd, 0xf8, 0x0, 0x0, 0x0, 0xbb, 0xe7,
    0xc, 0xf8, 0x0, 0x0, 0x0, 0xbb, 0xc9, 0x8,
    0xfd, 0x0, 0xbc, 0x20, 0xd9, 0x8d, 0x1, 0xef,
    0xff, 0xfe, 0x12, 0xf4, 0x2f, 0x60, 0x1b, 0xff,
    0xb2, 0xa, 0xe0, 0x8, 0xf4, 0x0, 0x0, 0x0,
    0x7f, 0x40, 0x0, 0xaf, 0x94, 0x11, 0x5b, 0xf7,
    0x0, 0x0, 0x5, 0xdf, 0xff, 0xfb, 0x30, 0x0,
    0x0, 0x0, 0x1, 0x32, 0x0, 0x0, 0x0,

    /* U+00AA "ª" */
    0x2, 0xbf, 0xfb, 0x20, 0x9, 0xd6, 0x8f, 0xd0,
    0x0, 0x0, 0xd, 0xf0, 0x3, 0xbe, 0xef, 0xf1,
    0xf, 0xd3, 0x2d, 0xf1, 0xf, 0xe7, 0x8e, 0xf5,
    0x6, 0xef, 0xa5, 0xed,

    /* U+00AB "«" */
    0x0, 0x0, 0x0, 0x0, 0x0, 0x0, 0x4, 0xb0,
    0x0, 0x96, 0x0, 0x6f, 0xf1, 0xa, 0xfb, 0x7,
    0xff, 0x61, 0xcf, 0xe2, 0x3f, 0xf8, 0x9, 0xff,
    0x30, 0x4f, 0xf1, 0xa, 0xfa, 0x0, 0x2f, 0xfc,
    0x7, 0xff, 0x60, 0x3, 0xef, 0xa0, 0x7f, 0xf5,
    0x0, 0x2d, 0xf1, 0x5, 0xfb, 0x0, 0x1, 0x70,
    0x0, 0x44,

    /* U+00AC "¬" */
    0x11, 0x11, 0x11, 0x11, 0x11, 0xef, 0xff, 0xff,
    0xff, 0xfa, 0xef, 0xff, 0xff, 0xff, 0xfa, 0x0,
    0x0, 0x0, 0x7, 0xfa, 0x0, 0x0, 0x0, 0x7,
    0xfa, 0x0, 0x0, 0x0, 0x7, 0xfa, 0x0, 0x0,
    0x0, 0x3, 0x85,

    /* U+00AD "­" */

    /* U+00AE "®" */
    0x0, 0x4b, 0xed, 0x70, 0x0, 0x4d, 0x40, 0x2a,
    0x90, 0xd, 0x20, 0x0, 0xc, 0x33, 0xc0, 0xfe,
    0xd2, 0x79, 0x5b, 0xf, 0x2c, 0x65, 0xa3, 0xc0,
    0xfe, 0xe1, 0x79, 0xd, 0x2f, 0x3e, 0x4c, 0x30,
    0x4d, 0x50, 0x2b, 0x90, 0x0, 0x4b, 0xed, 0x70,
    0x0,

    /* U+00AF "¯" */
    0xee, 0xee, 0xee, 0xff, 0xff, 0xff,

    /* U+00B0 "°" */
    0x0, 0x8b, 0xa3, 0x0, 0xd, 0xff, 0xff, 0x50,
    0x8f, 0x90, 0x4f, 0xe0, 0xdf, 0x0, 0xa, 0xf3,
    0xdf, 0x0, 0x9, 0xf4, 0xaf, 0x60, 0x1e, 0xf1,
    0x2f, 0xfd, 0xff, 0x70, 0x2, 0xcf, 0xe6, 0x0,

    /* U+00B1 "±" */
    0x0, 0x2, 0xff, 0x20, 0x0, 0x0, 0x2, 0xff,
    0x20, 0x0, 0x0, 0x2, 0xff, 0x20, 0x0, 0x12,
    0x23, 0xff, 0x32, 0x21, 0xaf, 0xff, 0xff, 0xff,
    0xfa, 0xaf, 0xff, 0xff, 0xff, 0xfa, 0x0, 0x2,
    0xff, 0x20, 0x0, 0x0, 0x2, 0xff, 0x20, 0x0,
    0x0, 0x2, 0xff, 0x20, 0x0, 0x0, 0x0, 0x55,
    0x0, 0x0, 0x12, 0x22, 0x22, 0x22, 0x21, 0xaf,
    0xff, 0xff, 0xff, 0xfa, 0xaf, 0xff, 0xff, 0xff,
    0xfa,

    /* U+00B2 "²" */
    0x6, 0xdf, 0xd5, 0x4, 0xfc, 0x9f, 0xf1, 0x3,
    0x10, 0xcf, 0x20, 0x0, 0x8f, 0x90, 0x2, 0xcf,
    0x60, 0x3, 0xff, 0x87, 0x72, 0x4f, 0xff, 0xff,
    0x50,

    /* U+00B3 "³" */
    0x9, 0xef, 0xd7, 0x2, 0x98, 0x9f, 0xf0, 0x0,
    0xbf, 0xe4, 0x0, 0x3, 0x6e, 0xd0, 0x7, 0x0,
    0xbf, 0x39, 0xf9, 0x7f, 0xe0, 0x1a, 0xef, 0xc3,
    0x0,

    /* U+00B4 "´" */
    0x0, 0x42, 0x0, 0xe, 0xf7, 0x6, 0xff, 0x20,
    0xdf, 0x50, 0x1a, 0xa0, 0x0, 0x0, 0x0,

    /* U+00B5 "µ" */
    0x8f, 0xf0, 0x0, 0x2f, 0xf6, 0x8f, 0xf0, 0x0,
    0x2f, 0xf6, 0x8f, 0xf0, 0x0, 0x2f, 0xf6, 0x8f,
    0xf0, 0x0, 0x2f, 0xf6, 0x8f, 0xf0, 0x0, 0x2f,
    0xf6, 0x8f, 0xf0, 0x0, 0x2f, 0xf6, 0x8f, 0xf0,
    0x0, 0x2f, 0xf6, 0x8f, 0xf2, 0x0, 0x4f, 0xf6,
    0x8f, 0xfb, 0x34, 0xdf, 0xf6, 0x8f, 0xff, 0xff,
    0xaf, 0xf6, 0x8f, 0xcd, 0xf9, 0x2f, 0xf6, 0x8f,
    0xc0, 0x0, 0x0, 0x0, 0x8f, 0xf0, 0x0, 0x0,
    0x0, 0x8f, 0xf0, 0x0, 0x0, 0x0, 0x8f, 0xf0,
    0x0, 0x0, 0x0,

    /* U+00B6 "¶" */
    0x0, 0x3b, 0xff, 0xff, 0xff, 0xff, 0x20, 0x3f,
    0xff, 0xff, 0xff, 0xff, 0xf2, 0xc, 0xff, 0xff,
    0xd0, 0x2f, 0xd0, 0x2, 0xff, 0xff, 0xfd, 0x2,
    0xfd, 0x0, 0x3f, 0xff, 0xff, 0xd0, 0x2f, 0xd0,
    0x1, 0xff, 0xff, 0xfd, 0x2, 0xfd, 0x0, 0xb,
    0xff, 0xff, 0xd0, 0x2f, 0xd0, 0x0, 0x1d, 0xff,
    0xfd, 0x2, 0xfd, 0x0, 0x0, 0x8, 0xcf, 0xd0,
    0x2f, 0xd0, 0x0, 0x0, 0x2, 0xfd, 0x2, 0xfd,
    0x0, 0x0, 0x0, 0x2f, 0xd0, 0x2f, 0xd0, 0x0,
    0x0, 0x2, 0xfd, 0x2, 0xfd, 0x0, 0x0, 0x0,
    0x2f, 0xd0, 0x2f, 0xd0, 0x0, 0x0, 0x2, 0xfd,
    0x2, 0xfd, 0x0, 0x0, 0x0, 0x2f, 0xd0, 0x2f,
    0xd0, 0x0, 0x0, 0x2, 0xfd, 0x2, 0xfd, 0x0,
    0x0, 0x0, 0x2f, 0xd0, 0x2f, 0xd0, 0x0, 0x0,
    0x1, 0x76, 0x1, 0x76, 0x0,

    /* U+00B7 "·" */
    0x2, 0x52, 0x0, 0xef, 0xe0, 0x1f, 0xff, 0x10,
    0xaf, 0xa0,

    /* U+00B8 "¸" */
    0x0, 0x67, 0x0, 0x0, 0xb8, 0x0, 0x0, 0x9a,
    0xb3, 0x4, 0x34, 0xfb, 0xc, 0xff, 0xf5, 0x0,
    0x23, 0x10,

    /* U+00B9 "¹" */
    0x5, 0xff, 0xc0, 0x3, 0xfb, 0xfc, 0x0, 0x3a,
    0xf, 0xc0, 0x0, 0x0, 0xfc, 0x0, 0x0, 0xf,
    0xc0, 0x0, 0x66, 0xfd, 0x63, 0xf, 0xff, 0xff,
    0x80,

    /* U+00BA "º" */
    0x0, 0x9e, 0xfc, 0x30, 0xa, 0xf9, 0x7d, 0xf2,
    0xf, 0xc0, 0x4, 0xf8, 0x2f, 0xb0, 0x3, 0xfa,
    0xf, 0xc0, 0x5, 0xf8, 0xa, 0xf9, 0x7d, 0xf2,
    0x0, 0x9e, 0xfc, 0x30,

    /* U+00BB "»" */
    0x0, 0x0, 0x0, 0x0, 0x0, 0x87, 0x0, 0xc,
    0x30, 0x0, 0xdf, 0x90, 0x3f, 0xf4, 0x0, 0x2f,
    0xfb, 0x7, 0xff, 0x60, 0x4, 0xff, 0x70, 0x9f,
    0xf2, 0x0, 0xbf, 0x80, 0x2f, 0xf2, 0x8, 0xff,
    0x50, 0xdf, 0xe1, 0x6f, 0xf6, 0xb, 0xfd, 0x20,
    0xdf, 0x40, 0x2f, 0xc1, 0x0, 0x53, 0x0, 0x7,
    0x0, 0x0,

    /* U+00BC "¼" */
    0x1, 0xbb, 0x80, 0x0, 0x0, 0x0, 0x3b, 0x60,
    0x0, 0xcf, 0xfc, 0x0, 0x0, 0x0, 0xd, 0xe1,
    0x0, 0x7f, 0x6f, 0xc0, 0x0, 0x0, 0xa, 0xf4,
    0x0, 0x0, 0x70, 0xfc, 0x0, 0x0, 0x5, 0xf8,
    0x0, 0x0, 0x0, 0xf, 0xc0, 0x0, 0x2, 0xfd,
    0x0, 0x0, 0x0, 0x0, 0xfc, 0x0, 0x0, 0xcf,
    0x20, 0x0, 0x0, 0x1, 0x2f, 0xc2, 0x10, 0x8f,
    0x60, 0x0, 0x0, 0x0, 0xff, 0xff, 0xf8, 0x3f,
    0xb0, 0x0, 0x78, 0x30, 0x4, 0x55, 0x55, 0x3d,
    0xe1, 0x0, 0x6f, 0xf6, 0x0, 0x0, 0x0, 0xa,
    0xf4, 0x0, 0x2f, 0xbf, 0x60, 0x0, 0x0, 0x5,
    0xf9, 0x0, 0xd, 0xb4, 0xf6, 0x0, 0x0, 0x2,
    0xfd, 0x0, 0x9, 0xe2, 0x5f, 0x70, 0x0, 0x0,
    0xcf, 0x20, 0x0, 0xcf, 0xff, 0xff, 0x60, 0x0,
    0x7f, 0x60, 0x0, 0x3, 0x44, 0x7f, 0x91, 0x0,
    0x1c, 0x90, 0x0, 0x0, 0x0, 0x3, 0xc5, 0x0,

    /* U+00BD "½" */
    0x0, 0x78, 0x60, 0x0, 0x0, 0x0, 0x18, 0x50,
    0x0, 0xaf, 0xfc, 0x0, 0x0, 0x0, 0xc, 0xf2,
    0x0, 0x6f, 0x8f, 0xc0, 0x0, 0x0, 0x7, 0xf6,
    0x0, 0x1, 0x80, 0xfc, 0x0, 0x0, 0x3, 0xfb,
    0x0, 0x0, 0x0, 0xf, 0xc0, 0x0, 0x0, 0xde,
    0x10, 0x0, 0x0, 0x0, 0xfc, 0x0, 0x0, 0xaf,
    0x40, 0x0, 0x0, 0x1, 0x2f, 0xc2, 0x10, 0x5f,
    0x90, 0x0, 0x0, 0x0, 0xff, 0xff, 0xf8, 0x1e,
    0xd0, 0x4, 0x87, 0x20, 0x4, 0x55, 0x55, 0x2c,
    0xf2, 0xa, 0xff, 0xff, 0x20, 0x0, 0x0, 0x7,
    0xf7, 0x0, 0xaa, 0x8, 0xf8, 0x0, 0x0, 0x3,
    0xfb, 0x0, 0x0, 0x0, 0x9f, 0x50, 0x0, 0x0,
    0xde, 0x10, 0x0, 0x0, 0x8f, 0xb0, 0x0, 0x0,
    0xaf, 0x40, 0x0, 0x1, 0xcf, 0x70, 0x0, 0x0,
    0x5f, 0x90, 0x0, 0x0, 0xef, 0xa8, 0x85, 0x0,
    0x1e, 0xd0, 0x0, 0x0, 0xf, 0xff, 0xff, 0xb0,

    /* U+00BE "¾" */
    0x0, 0x1, 0x0, 0x0, 0x0, 0x0, 0x2, 0x10,
    0x1, 0xbf, 0xfe, 0x60, 0x0, 0x0, 0xb, 0xf2,
    0x0, 0x3e, 0x86, 0xff, 0x0, 0x0, 0x7, 0xf7,
    0x0, 0x0, 0x1, 0x3e, 0xe0, 0x0, 0x2, 0xfc,
    0x0, 0x0, 0x0, 0xbf, 0xe3, 0x0, 0x0, 0xcf,
    0x20, 0x0, 0x0, 0x3, 0x6f, 0xd0, 0x0, 0x8f,
    0x60, 0x0, 0x0, 0x4, 0x0, 0xbf, 0x30, 0x3f,
    0xb0, 0x0, 0x0, 0x7, 0xf5, 0x3e, 0xf1, 0xd,
    0xe1, 0x0, 0x0, 0x0, 0x3e, 0xff, 0xf6, 0x9,
    0xf4, 0x0, 0x19, 0xa1, 0x0, 0x3, 0x41, 0x4,
    0xf9, 0x0, 0xb, 0xff, 0x20, 0x0, 0x0, 0x1,
    0xed, 0x0, 0x7, 0xfb, 0xf2, 0x0, 0x0, 0x0,
    0xaf, 0x30, 0x2, 0xf6, 0x9f, 0x20, 0x0, 0x0,
    0x6f, 0x80, 0x0, 0xdc, 0x19, 0xf3, 0x0, 0x0,
    0x2f, 0xd0, 0x0, 0xf, 0xff, 0xff, 0xf2, 0x0,
    0xc, 0xf2, 0x0, 0x0, 0x44, 0x4a, 0xf6, 0x0,
    0x4, 0xc6, 0x0, 0x0, 0x0, 0x0, 0x7c, 0x10,

    /* U+00BF "¿" */
    0x0, 0x0, 0xcf, 0x80, 0x0, 0x0, 0x3, 0xff,
    0xe0, 0x0, 0x0, 0x1, 0xff, 0xc0, 0x0, 0x0,
    0x0, 0x24, 0x10, 0x0, 0x0, 0x0, 0x0, 0x0,
    0x0, 0x0, 0x0, 0xdf, 0x90, 0x0, 0x0, 0x1,
    0xef, 0x90, 0x0, 0x0, 0x9f, 0xff, 0x90, 0x0,
    0xa, 0xff, 0xb6, 0x20, 0x0, 0x2f, 0xfa, 0x0,
    0x0, 0x0, 0x6f, 0xf5, 0x0, 0x1, 0x0, 0x5f,
    0xf7, 0x0, 0xe, 0xc3, 0x1f, 0xfe, 0x65, 0xcf,
    0xf2, 0x7, 0xff, 0xff, 0xff, 0x80, 0x0, 0x4c,
    0xff, 0xc5, 0x0,

    /* U+00C0 "À" */
    0x0, 0x0, 0x4, 0x10, 0x0, 0x0, 0x0, 0x0,
    0x0, 0xbf, 0x90, 0x0, 0x0, 0x0, 0x0, 0x0,
    0x6f, 0xf1, 0x0, 0x0, 0x0, 0x0, 0x0, 0xb,
    0xf9, 0x0, 0x0, 0x0, 0x0, 0x0, 0x1, 0xd7,
    0x0, 0x0, 0x0, 0x0, 0x0, 0x0, 0x0, 0x0,
    0x0, 0x0, 0x0, 0x0, 0x1f, 0xff, 0x80, 0x0,
    0x0, 0x0, 0x0, 0x6f, 0xff, 0xd0, 0x0, 0x0,
    0x0, 0x0, 0xbf, 0xaf, 0xf3, 0x0, 0x0, 0x0,
    0x1, 0xff, 0x3d, 0xf8, 0x0, 0x0, 0x0, 0x6,
    0xfe, 0x8, 0xfd, 0x0, 0x0, 0x0, 0xb, 0xf9,
    0x3, 0xff, 0x30, 0x0, 0x0, 0x1f, 0xf4, 0x0,
    0xef, 0x80, 0x0, 0x0, 0x6f, 0xf0, 0x0, 0xaf,
    0xd0, 0x0, 0x0, 0xbf, 0xff, 0xff, 0xff, 0xf3,
    0x0, 0x1, 0xff, 0xff, 0xff, 0xff, 0xf8, 0x0,
    0x6, 0xff, 0x65, 0x55, 0x5d, 0xfd, 0x0, 0xb,
    0xfd, 0x0, 0x0, 0x7, 0xff, 0x20, 0x1f, 0xf8,
    0x0, 0x0, 0x2, 0xff, 0x80, 0x6f, 0xf3, 0x0,
    0x0, 0x0, 0xdf, 0xd0,

    /* U+00C1 "Á" */
    0x0, 0x0, 0x0, 0x5, 0x0, 0x0, 0x0, 0x0,
    0x0, 0x0, 0x3f, 0xe2, 0x0, 0x0, 0x0, 0x0,
    0x0, 0xbf, 0xc0, 0x0, 0x0, 0x0, 0x0, 0x3,
    0xfe, 0x10, 0x0, 0x0, 0x0, 0x0, 0x3, 0xd5,
    0x0, 0x0, 0x0, 0x0, 0x0, 0x0, 0x0, 0x0,
    0x0, 0x0, 0x0, 0x0, 0x1f, 0xff, 0x80, 0x0,
    0x0, 0x0, 0x0, 0x6f, 0xff, 0xd0, 0x0, 0x0,
    0x0, 0x0, 0xbf, 0xaf, 0xf3, 0x0, 0x0, 0x0,
    0x1, 0xff, 0x3d, 0xf8, 0x0, 0x0, 0x0, 0x6,
    0xfe, 0x8, 0xfd, 0x0, 0x0, 0x0, 0xb, 0xf9,
    0x3, 0xff, 0x30, 0x0, 0x0, 0x1f, 0xf4, 0x0,
    0xef, 0x80, 0x0, 0x0, 0x6f, 0xf0, 0x0, 0xaf,
    0xd0, 0x0, 0x0, 0xbf, 0xff, 0xff, 0xff, 0xf3,
    0x0, 0x1, 0xff, 0xff, 0xff, 0xff, 0xf8, 0x0,
    0x6, 0xff, 0x65, 0x55, 0x5d, 0xfd, 0x0, 0xb,
    0xfd, 0x0, 0x0, 0x7, 0xff, 0x20, 0x1f, 0xf8,
    0x0, 0x0, 0x2, 0xff, 0x80, 0x6f, 0xf3, 0x0,
    0x0, 0x0, 0xdf, 0xd0,

    /* U+00C2 "Â" */
    0x0, 0x0, 0x5, 0x87, 0x0, 0x0, 0x0, 0x0,
    0x0, 0x3f, 0xff, 0x90, 0x0, 0x0, 0x0, 0x1,
    0xef, 0xbf, 0xf5, 0x0, 0x0, 0x0, 0xb, 0xfa,
    0x5, 0xff, 0x10, 0x0, 0x0, 0x4, 0xa0, 0x0,
    0x59, 0x0, 0x0, 0x0, 0x0, 0x0, 0x0, 0x0,
    0x0, 0x0, 0x0, 0x0, 0x1f, 0xff, 0x80, 0x0,
    0x0, 0x0, 0x0, 0x6f, 0xff, 0xd0, 0x0, 0x0,
    0x0, 0x0, 0xbf, 0xaf, 0xf3, 0x0, 0x0, 0x0,
    0x1, 0xff, 0x3d, 0xf8, 0x0, 0x0, 0x0, 0x6,
    0xfe, 0x8, 0xfd, 0x0, 0x0, 0x0, 0xb, 0xf9,
    0x3, 0xff, 0x30, 0x0, 0x0, 0x1f, 0xf4, 0x0,
    0xef, 0x80, 0x0, 0x0, 0x6f, 0xf0, 0x0, 0xaf,
    0xd0, 0x0, 0x0, 0xbf, 0xff, 0xff, 0xff, 0xf3,
    0x0, 0x1, 0xff, 0xff, 0xff, 0xff, 0xf8, 0x0,
    0x6, 0xff, 0x65, 0x55, 0x5d, 0xfd, 0x0, 0xb,
    0xfd, 0x0, 0x0, 0x7, 0xff, 0x20, 0x1f, 0xf8,
    0x0, 0x0, 0x2, 0xff, 0x80, 0x6f, 0xf3, 0x0,
    0x0, 0x0, 0xdf, 0xd0,

    /* U+00C3 "Ã" */
    0x0, 0x3, 0xde, 0x82, 0x4, 0x0, 0x0, 0x0,
    0xc, 0xff, 0xff, 0xff, 0x20, 0x0, 0x0, 0x2,
    0x31, 0x7d, 0xf8, 0x0, 0x0, 0x0, 0x0, 0x0,
    0x0, 0x0, 0x0, 0x0, 0x0, 0x0, 0x0, 0x0,
    0x0, 0x0, 0x0, 0x0, 0x0, 0x1f, 0xff, 0x80,
    0x0, 0x0, 0x0, 0x0, 0x6f, 0xff, 0xd0, 0x0,
    0x0, 0x0, 0x0, 0xbf, 0xaf, 0xf3, 0x0, 0x0,
    0x0, 0x1, 0xff, 0x3d, 0xf8, 0x0, 0x0, 0x0,
    0x6, 0xfe, 0x8, 0xfd, 0x0, 0x0, 0x0, 0xb,
    0xf9, 0x3, 0xff, 0x30, 0x0, 0x0, 0x1f, 0xf4,
    0x0, 0xef, 0x80, 0x0, 0x0, 0x6f, 0xf0, 0x0,
    0xaf, 0xd0, 0x0, 0x0, 0xbf, 0xff, 0xff, 0xff,
    0xf3, 0x0, 0x1, 0xff, 0xff, 0xff, 0xff, 0xf8,
    0x0, 0x6, 0xff, 0x65, 0x55, 0x5d, 0xfd, 0x0,
    0xb, 0xfd, 0x0, 0x0, 0x7, 0xff, 0x20, 0x1f,
    0xf8, 0x0, 0x0, 0x2, 0xff, 0x80, 0x6f, 0xf3,
    0x0, 0x0, 0x0, 0xdf, 0xd0,

    /* U+00C4 "Ä" */
    0x0, 0x6, 0xc8, 0x4, 0xca, 0x0, 0x0, 0x0,
    0xd, 0xff, 0xa, 0xff, 0x20, 0x0, 0x0, 0x8,
    0xfa, 0x5, 0xfd, 0x0, 0x0, 0x0, 0x0, 0x0,
    0x0, 0x0, 0x0, 0x0, 0x0, 0x0, 0x0, 0x0,
    0x0, 0x0, 0x0, 0x0, 0x0, 0x1f, 0xff, 0x80,
    0x0, 0x0, 0x0, 0x0, 0x6f, 0xff, 0xd0, 0x0,
    0x0, 0x0, 0x0, 0xbf, 0xaf, 0xf3, 0x0, 0x0,
    0x0, 0x1, 0xff, 0x3d, 0xf8, 0x0, 0x0, 0x0,
    0x6, 0xfe, 0x8, 0xfd, 0x0, 0x0, 0x0, 0xb,
    0xf9, 0x3, 0xff, 0x30, 0x0, 0x0, 0x1f, 0xf4,
    0x0, 0xef, 0x80, 0x0, 0x0, 0x6f, 0xf0, 0x0,
    0xaf, 0xd0, 0x0, 0x0, 0xbf, 0xff, 0xff, 0xff,
    0xf3, 0x0, 0x1, 0xff, 0xff, 0xff, 0xff, 0xf8,
    0x0, 0x6, 0xff, 0x65, 0x55, 0x5d, 0xfd, 0x0,
    0xb, 0xfd, 0x0, 0x0, 0x7, 0xff, 0x20, 0x1f,
    0xf8, 0x0, 0x0, 0x2, 0xff, 0x80, 0x6f, 0xf3,
    0x0, 0x0, 0x0, 0xdf, 0xd0,

    /* U+00C5 "Å" */
    0x0, 0x0, 0x0, 0x0, 0x0, 0x0, 0x0, 0x0,
    0x0, 0x2c, 0xfe, 0x60, 0x0, 0x0, 0x0, 0x0,
    0xde, 0x5a, 0xf2, 0x0, 0x0, 0x0, 0x0, 0xfa,
    0x4, 0xf6, 0x0, 0x0, 0x0, 0x0, 0xed, 0x28,
    0xf3, 0x0, 0x0, 0x0, 0x0, 0x4f, 0xff, 0x90,
    0x0, 0x0, 0x0, 0x0, 0x0, 0x32, 0x0, 0x0,
    0x0, 0x0, 0x0, 0x1f, 0xff, 0x80, 0x0, 0x0,
    0x0, 0x0, 0x6f, 0xff, 0xd0, 0x0, 0x0, 0x0,
    0x0, 0xbf, 0xaf, 0xf3, 0x0, 0x0, 0x0, 0x1,
    0xff, 0x3d, 0xf8, 0x0, 0x0, 0x0, 0x6, 0xfe,
    0x8, 0xfd, 0x0, 0x0, 0x0, 0xb, 0xf9, 0x3,
    0xff, 0x30, 0x0, 0x0, 0x1f, 0xf4, 0x0, 0xef,
    0x80, 0x0, 0x0, 0x6f, 0xf0, 0x0, 0xaf, 0xd0,
    0x0, 0x0, 0xbf, 0xff, 0xff, 0xff, 0xf3, 0x0,
    0x1, 0xff, 0xff, 0xff, 0xff, 0xf8, 0x0, 0x6,
    0xff, 0x65, 0x55, 0x5d, 0xfd, 0x0, 0xb, 0xfd,
    0x0, 0x0, 0x7, 0xff, 0x20, 0x1f, 0xf8, 0x0,
    0x0, 0x2, 0xff, 0x80, 0x6f, 0xf3, 0x0, 0x0,
    0x0, 0xdf, 0xd0,

    /* U+00C6 "Æ" */
    0x0, 0x0, 0x0, 0x5f, 0xff, 0xff, 0xff, 0xff,
    0xfd, 0x0, 0x0, 0x0, 0xdf, 0xff, 0xff, 0xff,
    0xff, 0xfd, 0x0, 0x0, 0x5, 0xff, 0xaf, 0xf9,
    0x66, 0x66, 0x65, 0x0, 0x0, 0xc, 0xfb, 0x5f,
    0xf4, 0x0, 0x0, 0x0, 0x0, 0x0, 0x4f, 0xf3,
    0x5f, 0xf4, 0x0, 0x0, 0x0, 0x0, 0x0, 0xcf,
    0xa0, 0x5f, 0xf9, 0x66, 0x66, 0x60, 0x0, 0x4,
    0xff, 0x20, 0x5f, 0xff, 0xff, 0xff, 0xf1, 0x0,
    0xc, 0xfa, 0x0, 0x5f, 0xff, 0xff, 0xff, 0xf1,
    0x0, 0x4f, 0xff, 0xff, 0xff, 0xf4, 0x0, 0x0,
    0x0, 0x0, 0xcf, 0xff, 0xff, 0xff, 0xf4, 0x0,
    0x0, 0x0, 0x4, 0xff, 0x64, 0x44, 0x8f, 0xf4,
    0x0, 0x0, 0x0, 0xc, 0xfc, 0x0, 0x0, 0x5f,
    0xf9, 0x66, 0x66, 0x65, 0x4f, 0xf5, 0x0, 0x0,
    0x5f, 0xff, 0xff, 0xff, 0xfd, 0xcf, 0xd0, 0x0,
    0x0, 0x5f, 0xff, 0xff, 0xff, 0xfd,

    /* U+00C7 "Ç" */
    0x0, 0x7, 0xcf, 0xfd, 0x70, 0x0, 0x1, 0xdf,
    0xff, 0xff, 0xfd, 0x10, 0xc, 0xff, 0xc8, 0x7b,
    0xff, 0xb0, 0x5f, 0xfa, 0x0, 0x0, 0x9f, 0x90,
    0xaf, 0xf1, 0x0, 0x0, 0x11, 0x0, 0xdf, 0xe0,
    0x0, 0x0, 0x0, 0x0, 0xef, 0xd0, 0x0, 0x0,
    0x0, 0x0, 0xef, 0xd0, 0x0, 0x0, 0x0, 0x0,
    0xdf, 0xe0, 0x0, 0x0, 0x0, 0x0, 0xbf, 0xf1,
    0x0, 0x0, 0x3, 0x0, 0x6f, 0xf9, 0x0, 0x0,
    0x8f, 0xa0, 0xd, 0xff, 0xc7, 0x6b, 0xff, 0xb0,
    0x2, 0xef, 0xff, 0xff, 0xfd, 0x10, 0x0, 0x18,
    0xdf, 0xfd, 0x81, 0x0, 0x0, 0x0, 0x1f, 0x31,
    0x0, 0x0, 0x0, 0x0, 0x5, 0xcf, 0x40, 0x0,
    0x0, 0x0, 0xa6, 0xaf, 0x60, 0x0, 0x0, 0x1,
    0xbf, 0xfa, 0x0, 0x0,

    /* U+00C8 "È" */
    0x0, 0x0, 0x50, 0x0, 0x0, 0x0, 0x4e, 0xf2,
    0x0, 0x0, 0x0, 0xd, 0xfa, 0x0, 0x0, 0x0,
    0x2, 0xff, 0x20, 0x0, 0x0, 0x0, 0x6c, 0x30,
    0x0, 0x0, 0x0, 0x0, 0x0, 0x0, 0x5f, 0xff,
    0xff, 0xff, 0xfd, 0x5f, 0xff, 0xff, 0xff, 0xfd,
    0x5f, 0xf9, 0x66, 0x66, 0x65, 0x5f, 0xf4, 0x0,
    0x0, 0x0, 0x5f, 0xf4, 0x0, 0x0, 0x0, 0x5f,
    0xf9, 0x66, 0x66, 0x60, 0x5f, 0xff, 0xff, 0xff,
    0xf1, 0x5f, 0xff, 0xff, 0xff, 0xf1, 0x5f, 0xf4,
    0x0, 0x0, 0x0, 0x5f, 0xf4, 0x0, 0x0, 0x0,
    0x5f, 0xf4, 0x0, 0x0, 0x0, 0x5f, 0xf9, 0x66,
    0x66, 0x65, 0x5f, 0xff, 0xff, 0xff, 0xfd, 0x5f,
    0xff, 0xff, 0xff, 0xfd,

    /* U+00C9 "É" */
    0x0, 0x0, 0x2, 0x30, 0x0, 0x0, 0x0, 0xa,
    0xfa, 0x0, 0x0, 0x0, 0x2f, 0xf5, 0x0, 0x0,
    0x0, 0xaf, 0x90, 0x0, 0x0, 0x0, 0x8d, 0x0,
    0x0, 0x0, 0x0, 0x0, 0x0, 0x0, 0x5f, 0xff,
    0xff, 0xff, 0xfd, 0x5f, 0xff, 0xff, 0xff, 0xfd,
    0x5f, 0xf9, 0x66, 0x66, 0x65, 0x5f, 0xf4, 0x0,
    0x0, 0x0, 0x5f, 0xf4, 0x0, 0x0, 0x0, 0x5f,
    0xf9, 0x66, 0x66, 0x60, 0x5f, 0xff, 0xff, 0xff,
    0xf1, 0x5f, 0xff, 0xff, 0xff, 0xf1, 0x5f, 0xf4,
    0x0, 0x0, 0x0, 0x5f, 0xf4, 0x0, 0x0, 0x0,
    0x5f, 0xf4, 0x0, 0x0, 0x0, 0x5f, 0xf9, 0x66,
    0x66, 0x65, 0x5f, 0xff, 0xff, 0xff, 0xfd, 0x5f,
    0xff, 0xff, 0xff, 0xfd,

    /* U+00CA "Ê" */
    0x0, 0x0, 0x78, 0x40, 0x0, 0x0, 0xa, 0xff,
    0xf2, 0x0, 0x0, 0x6f, 0xfb, 0xfd, 0x0, 0x2,
    0xff, 0x40, 0xbf, 0xa0, 0x0, 0xa4, 0x0, 0xb,
    0x40, 0x0, 0x0, 0x0, 0x0, 0x0, 0x5f, 0xff,
    0xff, 0xff, 0xfd, 0x5f, 0xff, 0xff, 0xff, 0xfd,
    0x5f, 0xf9, 0x66, 0x66, 0x65, 0x5f, 0xf4, 0x0,
    0x0, 0x0, 0x5f, 0xf4, 0x0, 0x0, 0x0, 0x5f,
    0xf9, 0x66, 0x66, 0x60, 0x5f, 0xff, 0xff, 0xff,
    0xf1, 0x5f, 0xff, 0xff, 0xff, 0xf1, 0x5f, 0xf4,
    0x0, 0x0, 0x0, 0x5f, 0xf4, 0x0, 0x0, 0x0,
    0x5f, 0xf4, 0x0, 0x0, 0x0, 0x5f, 0xf9, 0x66,
    0x66, 0x65, 0x5f, 0xff, 0xff, 0xff, 0xfd, 0x5f,
    0xff, 0xff, 0xff, 0xfd,

    /* U+00CB "Ë" */
    0x0, 0xbc, 0x30, 0x9c, 0x50, 0x4, 0xff, 0x81,
    0xff, 0xb0, 0x1, 0xdf, 0x40, 0xcf, 0x70, 0x0,
    0x0, 0x0, 0x0, 0x0, 0x0, 0x0, 0x0, 0x0,
    0x0, 0x5f, 0xff, 0xff, 0xff, 0xfd, 0x5f, 0xff,
    0xff, 0xff, 0xfd, 0x5f, 0xf9, 0x66, 0x66, 0x65,
    0x5f, 0xf4, 0x0, 0x0, 0x0, 0x5f, 0xf4, 0x0,
    0x0, 0x0, 0x5f, 0xf9, 0x66, 0x66, 0x60, 0x5f,
    0xff, 0xff, 0xff, 0xf1, 0x5f, 0xff, 0xff, 0xff,
    0xf1, 0x5f, 0xf4, 0x0, 0x0, 0x0, 0x5f, 0xf4,
    0x0, 0x0, 0x0, 0x5f, 0xf4, 0x0, 0x0, 0x0,
    0x5f, 0xf9, 0x66, 0x66, 0x65, 0x5f, 0xff, 0xff,
    0xff, 0xfd, 0x5f, 0xff, 0xff, 0xff, 0xfd,

    /* U+00CC "Ì" */
    0x0, 0x50, 0x0, 0x4, 0xef, 0x20, 0x0, 0xd,
    0xfa, 0x0, 0x0, 0x2f, 0xf2, 0x0, 0x0, 0x6c,
    0x30, 0x0, 0x0, 0x0, 0x0, 0xff, 0xff, 0xff,
    0x6f, 0xff, 0xff, 0xf6, 0x24, 0xff, 0xa3, 0x10,
    0x1f, 0xf8, 0x0, 0x1, 0xff, 0x80, 0x0, 0x1f,
    0xf8, 0x0, 0x1, 0xff, 0x80, 0x0, 0x1f, 0xf8,
    0x0, 0x1, 0xff, 0x80, 0x0, 0x1f, 0xf8, 0x0,
    0x1, 0xff, 0x80, 0x2, 0x4f, 0xfa, 0x31, 0xff,
    0xff, 0xff, 0x6f, 0xff, 0xff, 0xf6,

    /* U+00CD "Í" */
    0x0, 0x2, 0x30, 0x0, 0x0, 0xaf, 0xa0, 0x0,
    0x2f, 0xf5, 0x0, 0xa, 0xf9, 0x0, 0x0, 0x8d,
    0x0, 0x0, 0x0, 0x0, 0x0, 0xff, 0xff, 0xff,
    0x6f, 0xff, 0xff, 0xf6, 0x24, 0xff, 0xa3, 0x10,
    0x1f, 0xf8, 0x0, 0x1, 0xff, 0x80, 0x0, 0x1f,
    0xf8, 0x0, 0x1, 0xff, 0x80, 0x0, 0x1f, 0xf8,
    0x0, 0x1, 0xff, 0x80, 0x0, 0x1f, 0xf8, 0x0,
    0x1, 0xff, 0x80, 0x2, 0x4f, 0xfa, 0x31, 0xff,
    0xff, 0xff, 0x6f, 0xff, 0xff, 0xf6,

    /* U+00CE "Î" */
    0x0, 0x7, 0x84, 0x0, 0x0, 0xaf, 0xff, 0x20,
    0x6, 0xff, 0xbf, 0xd0, 0x2f, 0xf4, 0xb, 0xfa,
    0xa, 0x40, 0x0, 0xb4, 0x0, 0x0, 0x0, 0x0,
    0xf, 0xff, 0xff, 0xf6, 0xf, 0xff, 0xff, 0xf6,
    0x2, 0x4f, 0xfa, 0x31, 0x0, 0x1f, 0xf8, 0x0,
    0x0, 0x1f, 0xf8, 0x0, 0x0, 0x1f, 0xf8, 0x0,
    0x0, 0x1f, 0xf8, 0x0, 0x0, 0x1f, 0xf8, 0x0,
    0x0, 0x1f, 0xf8, 0x0, 0x0, 0x1f, 0xf8, 0x0,
    0x0, 0x1f, 0xf8, 0x0, 0x2, 0x4f, 0xfa, 0x31,
    0xf, 0xff, 0xff, 0xf6, 0xf, 0xff, 0xff, 0xf6,

    /* U+00CF "Ï" */
    0xb, 0xc3, 0x9, 0xc5, 0x4f, 0xf8, 0x1f, 0xfb,
    0x1d, 0xf4, 0xc, 0xf7, 0x0, 0x0, 0x0, 0x0,
    0x0, 0x0, 0x0, 0x0, 0xf, 0xff, 0xff, 0xf6,
    0xf, 0xff, 0xff, 0xf6, 0x2, 0x4f, 0xfa, 0x31,
    0x0, 0x1f, 0xf8, 0x0, 0x0, 0x1f, 0xf8, 0x0,
    0x0, 0x1f, 0xf8, 0x0, 0x0, 0x1f, 0xf8, 0x0,
    0x0, 0x1f, 0xf8, 0x0, 0x0, 0x1f, 0xf8, 0x0,
    0x0, 0x1f, 0xf8, 0x0, 0x0, 0x1f, 0xf8, 0x0,
    0x2, 0x4f, 0xfa, 0x31, 0xf, 0xff, 0xff, 0xf6,
    0xf, 0xff, 0xff, 0xf6,

    /* U+00D0 "Ð" */
    0x4, 0xff, 0xff, 0xff, 0xc7, 0x0, 0x0, 0x4f,
    0xff, 0xff, 0xff, 0xfc, 0x10, 0x4, 0xff, 0xa6,
    0x68, 0xdf, 0xfa, 0x0, 0x4f, 0xf5, 0x0, 0x0,
    0xbf, 0xf2, 0x4, 0xff, 0x50, 0x0, 0x3, 0xff,
    0x80, 0x5f, 0xf6, 0x0, 0x0, 0xf, 0xfb, 0xcf,
    0xff, 0xff, 0xd0, 0x0, 0xff, 0xcc, 0xff, 0xff,
    0xfd, 0x0, 0xf, 0xfc, 0x4, 0xff, 0x50, 0x0,
    0x0, 0xff, 0xb0, 0x4f, 0xf5, 0x0, 0x0, 0x3f,
    0xf8, 0x4, 0xff, 0x50, 0x0, 0xb, 0xff, 0x30,
    0x4f, 0xf9, 0x66, 0x8d, 0xff, 0xa0, 0x4, 0xff,
    0xff, 0xff, 0xff, 0xc1, 0x0, 0x4f, 0xff, 0xff,
    0xfc, 0x70, 0x0,

    /* U+00D1 "Ñ" */
    0x0, 0x9, 0xec, 0x50, 0x31, 0x0, 0x0, 0x4f,
    0xff, 0xff, 0xfa, 0x0, 0x0, 0x5, 0x3, 0xaf,
    0xd2, 0x0, 0x0, 0x0, 0x0, 0x0, 0x0, 0x0,
    0x0, 0x0, 0x0, 0x0, 0x0, 0x0, 0x5f, 0xfd,
    0x0, 0x0, 0xc, 0xfb, 0x5f, 0xff, 0x60, 0x0,
    0xc, 0xfb, 0x5f, 0xff, 0xe1, 0x0, 0xc, 0xfb,
    0x5f, 0xff, 0xf9, 0x0, 0xc, 0xfb, 0x5f, 0xfa,
    0xff, 0x20, 0xc, 0xfb, 0x5f, 0xf3, 0xff, 0xb0,
    0xc, 0xfb, 0x5f, 0xf2, 0x8f, 0xf5, 0xc, 0xfb,
    0x5f, 0xf2, 0xe, 0xfd, 0xc, 0xfb, 0x5f, 0xf2,
    0x6, 0xff, 0x6c, 0xfb, 0x5f, 0xf2, 0x0, 0xcf,
    0xdc, 0xfb, 0x5f, 0xf2, 0x0, 0x3f, 0xff, 0xfb,
    0x5f, 0xf2, 0x0, 0x9, 0xff, 0xfb, 0x5f, 0xf2,
    0x0, 0x1, 0xff, 0xfb, 0x5f, 0xf2, 0x0, 0x0,
    0x7f, 0xfb,

    /* U+00D2 "Ò" */
    0x0, 0x0, 0x2, 0x0, 0x0, 0x0, 0x0, 0x0,
    0x3d, 0xe0, 0x0, 0x0, 0x0, 0x0, 0x2, 0xff,
    0x60, 0x0, 0x0, 0x0, 0x0, 0x6, 0xfe, 0x0,
    0x0, 0x0, 0x0, 0x0, 0xb, 0xe2, 0x0, 0x0,
    0x0, 0x0, 0x0, 0x10, 0x0, 0x0, 0x0, 0x0,
    0x7, 0xcf, 0xfd, 0x81, 0x0, 0x0, 0x1d, 0xff,
    0xff, 0xff, 0xf4, 0x0, 0xc, 0xff, 0xd8, 0x7b,
    0xff, 0xe1, 0x4, 0xff, 0xa0, 0x0, 0x7, 0xff,
    0x80, 0xaf, 0xf1, 0x0, 0x0, 0xd, 0xfe, 0xd,
    0xfe, 0x0, 0x0, 0x0, 0xaf, 0xf1, 0xef, 0xd0,
    0x0, 0x0, 0x9, 0xff, 0x2e, 0xfd, 0x0, 0x0,
    0x0, 0x9f, 0xf2, 0xdf, 0xe0, 0x0, 0x0, 0xa,
    0xff, 0x1a, 0xff, 0x10, 0x0, 0x0, 0xdf, 0xe0,
    0x4f, 0xfa, 0x0, 0x0, 0x7f, 0xf8, 0x0, 0xcf,
    0xfd, 0x87, 0xbf, 0xfe, 0x10, 0x1, 0xdf, 0xff,
    0xff, 0xff, 0x40, 0x0, 0x0, 0x7c, 0xff, 0xd9,
    0x10, 0x0,

    /* U+00D3 "Ó" */
    0x0, 0x0, 0x0, 0x10, 0x0, 0x0, 0x0, 0x0,
    0x0, 0xa, 0xe6, 0x0, 0x0, 0x0, 0x0, 0x2,
    0xff, 0x60, 0x0, 0x0, 0x0, 0x0, 0xaf, 0xa0,
    0x0, 0x0, 0x0, 0x0, 0xd, 0xe1, 0x0, 0x0,
    0x0, 0x0, 0x0, 0x1, 0x0, 0x0, 0x0, 0x0,
    0x7, 0xcf, 0xfd, 0x81, 0x0, 0x0, 0x1d, 0xff,
    0xff, 0xff, 0xf4, 0x0, 0xc, 0xff, 0xd8, 0x7b,
    0xff, 0xe1, 0x4, 0xff, 0xa0, 0x0, 0x7, 0xff,
    0x80, 0xaf, 0xf1, 0x0, 0x0, 0xd, 0xfe, 0xd,
    0xfe, 0x0, 0x0, 0x0, 0xaf, 0xf1, 0xef, 0xd0,
    0x0, 0x0, 0x9, 0xff, 0x2e, 0xfd, 0x0, 0x0,
    0x0, 0x9f, 0xf2, 0xdf, 0xe0, 0x0, 0x0, 0xa,
    0xff, 0x1a, 0xff, 0x10, 0x0, 0x0, 0xdf, 0xe0,
    0x4f, 0xfa, 0x0, 0x0, 0x7f, 0xf8, 0x0, 0xcf,
    0xfd, 0x87, 0xbf, 0xfe, 0x10, 0x1, 0xdf, 0xff,
    0xff, 0xff, 0x40, 0x0, 0x0, 0x7c, 0xff, 0xd9,
    0x10, 0x0,

    /* U+00D4 "Ô" */
    0x0, 0x0, 0x6f, 0xf9, 0x0, 0x0, 0x0, 0x0,
    0x1e, 0xff, 0xf4, 0x0, 0x0, 0x0, 0xa, 0xfd,
    0xaf, 0xd0, 0x0, 0x0, 0x5, 0xfe, 0x20, 0xcf,
    0x80, 0x0, 0x0, 0x1c, 0x40, 0x1, 0xd3, 0x0,
    0x0, 0x0, 0x0, 0x0, 0x0, 0x0, 0x0, 0x0,
    0x7, 0xcf, 0xfd, 0x81, 0x0, 0x0, 0x1d, 0xff,
    0xff, 0xff, 0xf4, 0x0, 0xc, 0xff, 0xd8, 0x7b,
    0xff, 0xe1, 0x4, 0xff, 0xa0, 0x0, 0x7, 0xff,
    0x80, 0xaf, 0xf1, 0x0, 0x0, 0xd, 0xfe, 0xd,
    0xfe, 0x0, 0x0, 0x0, 0xaf, 0xf1, 0xef, 0xd0,
    0x0, 0x0, 0x9, 0xff, 0x2e, 0xfd, 0x0, 0x0,
    0x0, 0x9f, 0xf2, 0xdf, 0xe0, 0x0, 0x0, 0xa,
    0xff, 0x1a, 0xff, 0x10, 0x0, 0x0, 0xdf, 0xe0,
    0x4f, 0xfa, 0x0, 0x0, 0x7f, 0xf8, 0x0, 0xcf,
    0xfd, 0x87, 0xbf, 0xfe, 0x10, 0x1, 0xdf, 0xff,
    0xff, 0xff, 0x40, 0x0, 0x0, 0x7c, 0xff, 0xd9,
    0x10, 0x0,

    /* U+00D5 "Õ" */
    0x0, 0xa, 0xeb, 0x50, 0x40, 0x0, 0x0, 0x5,
    0xff, 0xff, 0xff, 0x90, 0x0, 0x0, 0x5, 0x3,
    0xae, 0xc1, 0x0, 0x0, 0x0, 0x0, 0x0, 0x0,
    0x0, 0x0, 0x0, 0x0, 0x0, 0x0, 0x0, 0x0,
    0x0, 0x0, 0x7c, 0xff, 0xd8, 0x10, 0x0, 0x1,
    0xdf, 0xff, 0xff, 0xff, 0x40, 0x0, 0xcf, 0xfd,
    0x87, 0xbf, 0xfe, 0x10, 0x4f, 0xfa, 0x0, 0x0,
    0x7f, 0xf8, 0xa, 0xff, 0x10, 0x0, 0x0, 0xdf,
    0xe0, 0xdf, 0xe0, 0x0, 0x0, 0xa, 0xff, 0x1e,
    0xfd, 0x0, 0x0, 0x0, 0x9f, 0xf2, 0xef, 0xd0,
    0x0, 0x0, 0x9, 0xff, 0x2d, 0xfe, 0x0, 0x0,
    0x0, 0xaf, 0xf1, 0xaf, 0xf1, 0x0, 0x0, 0xd,
    0xfe, 0x4, 0xff, 0xa0, 0x0, 0x7, 0xff, 0x80,
    0xc, 0xff, 0xd8, 0x7b, 0xff, 0xe1, 0x0, 0x1d,
    0xff, 0xff, 0xff, 0xf4, 0x0, 0x0, 0x7, 0xcf,
    0xfd, 0x91, 0x0, 0x0,

    /* U+00D6 "Ö" */
    0x0, 0x2e, 0xe3, 0xd, 0xf5, 0x0, 0x0, 0x6,
    0xff, 0x63, 0xff, 0xa0, 0x0, 0x0, 0x1c, 0xc2,
    0xa, 0xc4, 0x0, 0x0, 0x0, 0x0, 0x0, 0x0,
    0x0, 0x0, 0x0, 0x0, 0x0, 0x0, 0x0, 0x0,
    0x0, 0x0, 0x7c, 0xff, 0xd8, 0x10, 0x0, 0x1,
    0xdf, 0xff, 0xff, 0xff, 0x40, 0x0, 0xcf, 0xfd,
    0x87, 0xbf, 0xfe, 0x10, 0x4f, 0xfa, 0x0, 0x0,
    0x7f, 0xf8, 0xa, 0xff, 0x10, 0x0, 0x0, 0xdf,
    0xe0, 0xdf, 0xe0, 0x0, 0x0, 0xa, 0xff, 0x1e,
    0xfd, 0x0, 0x0, 0x0, 0x9f, 0xf2, 0xef, 0xd0,
    0x0, 0x0, 0x9, 0xff, 0x2d, 0xfe, 0x0, 0x0,
    0x0, 0xaf, 0xf1, 0xaf, 0xf1, 0x0, 0x0, 0xd,
    0xfe, 0x4, 0xff, 0xa0, 0x0, 0x7, 0xff, 0x80,
    0xc, 0xff, 0xd8, 0x7b, 0xff, 0xe1, 0x0, 0x1d,
    0xff, 0xff, 0xff, 0xf4, 0x0, 0x0, 0x7, 0xcf,
    0xfd, 0x91, 0x0, 0x0,

    /* U+00D7 "×" */
    0x3, 0x50, 0x0, 0x5, 0x30, 0x1f, 0xf4, 0x0,
    0x4f, 0xf1, 0x9, 0xff, 0x44, 0xff, 0x90, 0x0,
    0xaf, 0xff, 0xfa, 0x0, 0x0, 0xb, 0xff, 0xb0,
    0x0, 0x0, 0x2e, 0xff, 0xe2, 0x0, 0x2, 0xef,
    0xcc, 0xfe, 0x20, 0x1d, 0xfc, 0x0, 0xcf, 0xd1,
    0xb, 0xd1, 0x0, 0x1d, 0xb0, 0x0, 0x10, 0x0,
    0x1, 0x0,

    /* U+00D8 "Ø" */
    0x0, 0x0, 0x0, 0x0, 0x0, 0x92, 0x0, 0x0,
    0x7c, 0xff, 0xd7, 0x9f, 0xc0, 0x2, 0xdf, 0xff,
    0xff, 0xff, 0xf2, 0x0, 0xcf, 0xfa, 0x65, 0x9f,
    0xfe, 0x10, 0x5f, 0xf8, 0x0, 0x7, 0xff, 0xf8,
    0xa, 0xff, 0x0, 0x3, 0xfd, 0xcf, 0xd0, 0xdf,
    0xd0, 0x0, 0xdf, 0x38, 0xff, 0x1e, 0xfc, 0x0,
    0x8f, 0x70, 0x8f, 0xf2, 0xef, 0xc0, 0x3f, 0xc0,
    0x8, 0xff, 0x2d, 0xfc, 0xd, 0xf2, 0x0, 0x9f,
    0xf1, 0xaf, 0xfa, 0xf6, 0x0, 0xb, 0xfe, 0x4,
    0xff, 0xfb, 0x0, 0x4, 0xff, 0x90, 0xb, 0xff,
    0xb5, 0x58, 0xff, 0xf1, 0x0, 0xdf, 0xff, 0xff,
    0xff, 0xf4, 0x0, 0x8f, 0xc6, 0xce, 0xfd, 0x91,
    0x0, 0x0, 0x92, 0x0, 0x0, 0x0, 0x0, 0x0,

    /* U+00D9 "Ù" */
    0x0, 0x0, 0x23, 0x0, 0x0, 0x0, 0x0, 0x8,
    0xfc, 0x0, 0x0, 0x0, 0x0, 0x3, 0xff, 0x40,
    0x0, 0x0, 0x0, 0x0, 0x8f, 0xc0, 0x0, 0x0,
    0x0, 0x0, 0xc, 0x90, 0x0, 0x0, 0x0, 0x0,
    0x0, 0x0, 0x0, 0x0, 0x7f, 0xf2, 0x0, 0x0,
    0x5f, 0xf4, 0x7f, 0xf2, 0x0, 0x0, 0x5f, 0xf4,
    0x7f, 0xf2, 0x0, 0x0, 0x5f, 0xf4, 0x7f, 0xf2,
    0x0, 0x0, 0x5f, 0xf4, 0x7f, 0xf2, 0x0, 0x0,
    0x5f, 0xf4, 0x7f, 0xf2, 0x0, 0x0, 0x5f, 0xf4,
    0x7f, 0xf2, 0x0, 0x0, 0x5f, 0xf4, 0x7f, 0xf2,
    0x0, 0x0, 0x5f, 0xf4, 0x6f, 0xf2, 0x0, 0x0,
    0x5f, 0xf3, 0x6f, 0xf4, 0x0, 0x0, 0x7f, 0xf2,
    0x3f, 0xfa, 0x0, 0x0, 0xdf, 0xf0, 0xe, 0xff,
    0xb7, 0x7d, 0xff, 0xa0, 0x4, 0xff, 0xff, 0xff,
    0xfe, 0x20, 0x0, 0x3a, 0xef, 0xfd, 0x91, 0x0,

    /* U+00DA "Ú" */
    0x0, 0x0, 0x0, 0x41, 0x0, 0x0, 0x0, 0x0,
    0x1, 0xff, 0x50, 0x0, 0x0, 0x0, 0x8, 0xfe,
    0x10, 0x0, 0x0, 0x0, 0x1f, 0xf4, 0x0, 0x0,
    0x0, 0x0, 0x2b, 0x80, 0x0, 0x0, 0x0, 0x0,
    0x0, 0x0, 0x0, 0x0, 0x7f, 0xf2, 0x0, 0x0,
    0x5f, 0xf4, 0x7f, 0xf2, 0x0, 0x0, 0x5f, 0xf4,
    0x7f, 0xf2, 0x0, 0x0, 0x5f, 0xf4, 0x7f, 0xf2,
    0x0, 0x0, 0x5f, 0xf4, 0x7f, 0xf2, 0x0, 0x0,
    0x5f, 0xf4, 0x7f, 0xf2, 0x0, 0x0, 0x5f, 0xf4,
    0x7f, 0xf2, 0x0, 0x0, 0x5f, 0xf4, 0x7f, 0xf2,
    0x0, 0x0, 0x5f, 0xf4, 0x6f, 0xf2, 0x0, 0x0,
    0x5f, 0xf3, 0x6f, 0xf4, 0x0, 0x0, 0x7f, 0xf2,
    0x3f, 0xfa, 0x0, 0x0, 0xdf, 0xf0, 0xe, 0xff,
    0xb7, 0x7d, 0xff, 0xa0, 0x4, 0xff, 0xff, 0xff,
    0xfe, 0x20, 0x0, 0x3a, 0xef, 0xfd, 0x91, 0x0,

    /* U+00DB "Û" */
    0x0, 0x0, 0xaf, 0xf6, 0x0, 0x0, 0x0, 0x4,
    0xff, 0xff, 0x20, 0x0, 0x0, 0x1e, 0xf9, 0xcf,
    0xc0, 0x0, 0x0, 0x9f, 0xa0, 0x1d, 0xf5, 0x0,
    0x0, 0x19, 0x0, 0x2, 0x90, 0x0, 0x0, 0x0,
    0x0, 0x0, 0x0, 0x0, 0x7f, 0xf2, 0x0, 0x0,
    0x5f, 0xf4, 0x7f, 0xf2, 0x0, 0x0, 0x5f, 0xf4,
    0x7f, 0xf2, 0x0, 0x0, 0x5f, 0xf4, 0x7f, 0xf2,
    0x0, 0x0, 0x5f, 0xf4, 0x7f, 0xf2, 0x0, 0x0,
    0x5f, 0xf4, 0x7f, 0xf2, 0x0, 0x0, 0x5f, 0xf4,
    0x7f, 0xf2, 0x0, 0x0, 0x5f, 0xf4, 0x7f, 0xf2,
    0x0, 0x0, 0x5f, 0xf4, 0x6f, 0xf2, 0x0, 0x0,
    0x5f, 0xf3, 0x6f, 0xf4, 0x0, 0x0, 0x7f, 0xf2,
    0x3f, 0xfa, 0x0, 0x0, 0xdf, 0xf0, 0xe, 0xff,
    0xb7, 0x7d, 0xff, 0xa0, 0x4, 0xff, 0xff, 0xff,
    0xfe, 0x20, 0x0, 0x3a, 0xef, 0xfd, 0x91, 0x0,

    /* U+00DC "Ü" */
    0x0, 0x5f, 0xd0, 0x3e, 0xe2, 0x0, 0x0, 0xaf,
    0xf3, 0x6f, 0xf6, 0x0, 0x0, 0x4c, 0xa0, 0x2c,
    0xb1, 0x0, 0x0, 0x0, 0x0, 0x0, 0x0, 0x0,
    0x0, 0x0, 0x0, 0x0, 0x0, 0x0, 0x7f, 0xf2,
    0x0, 0x0, 0x5f, 0xf4, 0x7f, 0xf2, 0x0, 0x0,
    0x5f, 0xf4, 0x7f, 0xf2, 0x0, 0x0, 0x5f, 0xf4,
    0x7f, 0xf2, 0x0, 0x0, 0x5f, 0xf4, 0x7f, 0xf2,
    0x0, 0x0, 0x5f, 0xf4, 0x7f, 0xf2, 0x0, 0x0,
    0x5f, 0xf4, 0x7f, 0xf2, 0x0, 0x0, 0x5f, 0xf4,
    0x7f, 0xf2, 0x0, 0x0, 0x5f, 0xf4, 0x6f, 0xf2,
    0x0, 0x0, 0x5f, 0xf3, 0x6f, 0xf4, 0x0, 0x0,
    0x7f, 0xf2, 0x3f, 0xfa, 0x0, 0x0, 0xdf, 0xf0,
    0xe, 0xff, 0xb7, 0x7d, 0xff, 0xa0, 0x4, 0xff,
    0xff, 0xff, 0xfe, 0x20, 0x0, 0x3a, 0xef, 0xfd,
    0x91, 0x0,

    /* U+00DD "Ý" */
    0x0, 0x0, 0x0, 0x14, 0x0, 0x0, 0x0, 0x0,
    0x0, 0x9, 0xfb, 0x0, 0x0, 0x0, 0x0, 0x1,
    0xff, 0x70, 0x0, 0x0, 0x0, 0x0, 0x8f, 0xb0,
    0x0, 0x0, 0x0, 0x0, 0x7, 0xd1, 0x0, 0x0,
    0x0, 0x0, 0x0, 0x0, 0x0, 0x0, 0x0, 0x8f,
    0xf6, 0x0, 0x0, 0xb, 0xff, 0x20, 0xef, 0xe0,
    0x0, 0x3, 0xff, 0x90, 0x6, 0xff, 0x80, 0x0,
    0xcf, 0xf1, 0x0, 0xd, 0xff, 0x10, 0x4f, 0xf7,
    0x0, 0x0, 0x4f, 0xf9, 0xd, 0xfd, 0x0, 0x0,
    0x0, 0xbf, 0xf8, 0xff, 0x50, 0x0, 0x0, 0x2,
    0xff, 0xff, 0xc0, 0x0, 0x0, 0x0, 0x9, 0xff,
    0xf3, 0x0, 0x0, 0x0, 0x0, 0x1f, 0xfb, 0x0,
    0x0, 0x0, 0x0, 0x0, 0xff, 0xa0, 0x0, 0x0,
    0x0, 0x0, 0xf, 0xfa, 0x0, 0x0, 0x0, 0x0,
    0x0, 0xff, 0xa0, 0x0, 0x0, 0x0, 0x0, 0xf,
    0xfa, 0x0, 0x0, 0x0, 0x0, 0x0, 0xff, 0xa0,
    0x0, 0x0,

    /* U+00DE "Þ" */
    0x5f, 0xf4, 0x0, 0x0, 0x0, 0x0, 0x5f, 0xf4,
    0x0, 0x0, 0x0, 0x0, 0x5f, 0xff, 0xff, 0xff,
    0xb2, 0x0, 0x5f, 0xff, 0xff, 0xff, 0xff, 0x20,
    0x5f, 0xf8, 0x55, 0x59, 0xff, 0xb0, 0x5f, 0xf4,
    0x0, 0x0, 0xcf, 0xf0, 0x5f, 0xf4, 0x0, 0x0,
    0xbf, 0xf0, 0x5f, 0xf4, 0x0, 0x0, 0xcf, 0xf0,
    0x5f, 0xf8, 0x66, 0x69, 0xff, 0xb0, 0x5f, 0xff,
    0xff, 0xff, 0xff, 0x20, 0x5f, 0xff, 0xff, 0xff,
    0xb2, 0x0, 0x5f, 0xf4, 0x0, 0x0, 0x0, 0x0,
    0x5f, 0xf4, 0x0, 0x0, 0x0, 0x0, 0x5f, 0xf4,
    0x0, 0x0, 0x0, 0x0,

    /* U+00DF "ß" */
    0x0, 0x1, 0x8d, 0xff, 0xc6, 0x0, 0x0, 0x0,
    0x2e, 0xff, 0xff, 0xff, 0xb0, 0x0, 0x0, 0xbf,
    0xf6, 0x11, 0x6f, 0xf5, 0x0, 0x0, 0xff, 0xb0,
    0x0, 0xc, 0xf9, 0x0, 0x8f, 0xff, 0x90, 0x5,
    0xdf, 0xfa, 0x0, 0x8f, 0xff, 0x90, 0x5f, 0xfc,
    0xa6, 0x0, 0x1, 0xff, 0x90, 0xaf, 0xb0, 0x0,
    0x0, 0x0, 0xff, 0x90, 0xbf, 0xd1, 0x0, 0x0,
    0x0, 0xff, 0x90, 0x6f, 0xff, 0xb4, 0x0, 0x0,
    0xff, 0x90, 0x7, 0xef, 0xff, 0x60, 0x0, 0xff,
    0x90, 0x0, 0x4, 0xdf, 0xe0, 0x0, 0xff, 0x90,
    0x0, 0x0, 0x6f, 0xf0, 0x0, 0xff, 0x90, 0x8a,
    0x21, 0xbf, 0xd0, 0x0, 0xff, 0x93, 0xff, 0xff,
    0xff, 0x40, 0x0, 0xff, 0x90, 0x4b, 0xff, 0xc4,
    0x0,

    /* U+00E0 "à" */
    0x0, 0x0, 0x50, 0x0, 0x0, 0x0, 0x3, 0xef,
    0x30, 0x0, 0x0, 0x0, 0xc, 0xfa, 0x0, 0x0,
    0x0, 0x0, 0x2f, 0xf2, 0x0, 0x0, 0x0, 0x0,
    0x6c, 0x30, 0x0, 0x0, 0x0, 0x0, 0x0, 0x0,
    0x0, 0x0, 0x4b, 0xef, 0xd9, 0x10, 0x0, 0x6f,
    0xff, 0xff, 0xfd, 0x0, 0x5, 0xf9, 0x22, 0x9f,
    0xf5, 0x0, 0x1, 0x0, 0x0, 0xff, 0x80, 0x0,
    0x16, 0x89, 0x9f, 0xf8, 0x0, 0x6f, 0xff, 0xff,
    0xff, 0x80, 0x1f, 0xfb, 0x10, 0xf, 0xf8, 0x3,
    0xff, 0x50, 0x0, 0xff, 0x80, 0x2f, 0xfa, 0x0,
    0x8f, 0xf9, 0x0, 0xcf, 0xff, 0xfd, 0xaf, 0xf9,
    0x1, 0xae, 0xfb, 0x22, 0xdf, 0x90,

    /* U+00E1 "á" */
    0x0, 0x0, 0x2, 0x40, 0x0, 0x0, 0x0, 0x0,
    0xaf, 0xb0, 0x0, 0x0, 0x0, 0x2f, 0xf5, 0x0,
    0x0, 0x0, 0x9, 0xfa, 0x0, 0x0, 0x0, 0x0,
    0x8d, 0x0, 0x0, 0x0, 0x0, 0x0, 0x0, 0x0,
    0x0, 0x0, 0x4b, 0xef, 0xd9, 0x10, 0x0, 0x6f,
    0xff, 0xff, 0xfd, 0x0, 0x5, 0xf9, 0x22, 0x9f,
    0xf5, 0x0, 0x1, 0x0, 0x0, 0xff, 0x80, 0x0,
    0x16, 0x89, 0x9f, 0xf8, 0x0, 0x6f, 0xff, 0xff,
    0xff, 0x80, 0x1f, 0xfb, 0x10, 0xf, 0xf8, 0x3,
    0xff, 0x50, 0x0, 0xff, 0x80, 0x2f, 0xfa, 0x0,
    0x8f, 0xf9, 0x0, 0xcf, 0xff, 0xfd, 0xaf, 0xf9,
    0x1, 0xae, 0xfb, 0x22, 0xdf, 0x90,

    /* U+00E2 "â" */
    0x0, 0x0, 0x78, 0x40, 0x0, 0x0, 0x0, 0xaf,
    0xff, 0x30, 0x0, 0x0, 0x6f, 0xfb, 0xfd, 0x10,
    0x0, 0x2f, 0xf4, 0xa, 0xfa, 0x0, 0x0, 0x95,
    0x0, 0xa, 0x40, 0x0, 0x0, 0x0, 0x0, 0x0,
    0x0, 0x0, 0x4b, 0xef, 0xd9, 0x10, 0x0, 0x6f,
    0xff, 0xff, 0xfd, 0x0, 0x5, 0xf9, 0x22, 0x9f,
    0xf5, 0x0, 0x1, 0x0, 0x0, 0xff, 0x80, 0x0,
    0x16, 0x89, 0x9f, 0xf8, 0x0, 0x6f, 0xff, 0xff,
    0xff, 0x80, 0x1f, 0xfb, 0x10, 0xf, 0xf8, 0x3,
    0xff, 0x50, 0x0, 0xff, 0x80, 0x2f, 0xfa, 0x0,
    0x8f, 0xf9, 0x0, 0xcf, 0xff, 0xfd, 0xaf, 0xf9,
    0x1, 0xae, 0xfb, 0x22, 0xdf, 0x90,

    /* U+00E3 "ã" */
    0x0, 0x8f, 0xd6, 0x13, 0x20, 0x0, 0x2f, 0xff,
    0xff, 0xfb, 0x0, 0x0, 0x40, 0x29, 0xed, 0x30,
    0x0, 0x0, 0x0, 0x0, 0x0, 0x0, 0x0, 0x4b,
    0xef, 0xd9, 0x10, 0x0, 0x6f, 0xff, 0xff, 0xfd,
    0x0, 0x5, 0xf9, 0x22, 0x9f, 0xf5, 0x0, 0x1,
    0x0, 0x0, 0xff, 0x80, 0x0, 0x16, 0x89, 0x9f,
    0xf8, 0x0, 0x6f, 0xff, 0xff, 0xff, 0x80, 0x1f,
    0xfb, 0x10, 0xf, 0xf8, 0x3, 0xff, 0x50, 0x0,
    0xff, 0x80, 0x2f, 0xfa, 0x0, 0x8f, 0xf9, 0x0,
    0xcf, 0xff, 0xfd, 0xaf, 0xf9, 0x1, 0xae, 0xfb,
    0x22, 0xdf, 0x90,

    /* U+00E4 "ä" */
    0x1, 0xdf, 0x50, 0xbf, 0x70, 0x0, 0x3f, 0xf9,
    0xf, 0xfc, 0x0, 0x0, 0xac, 0x30, 0x9c, 0x50,
    0x0, 0x0, 0x0, 0x0, 0x0, 0x0, 0x0, 0x4b,
    0xef, 0xd9, 0x10, 0x0, 0x6f, 0xff, 0xff, 0xfd,
    0x0, 0x5, 0xf9, 0x22, 0x9f, 0xf5, 0x0, 0x1,
    0x0, 0x0, 0xff, 0x80, 0x0, 0x16, 0x89, 0x9f,
    0xf8, 0x0, 0x6f, 0xff, 0xff, 0xff, 0x80, 0x1f,
    0xfb, 0x10, 0xf, 0xf8, 0x3, 0xff, 0x50, 0x0,
    0xff, 0x80, 0x2f, 0xfa, 0x0, 0x8f, 0xf9, 0x0,
    0xcf, 0xff, 0xfd, 0xaf, 0xf9, 0x1, 0xae, 0xfb,
    0x22, 0xdf, 0x90,

    /* U+00E5 "å" */
    0x0, 0x0, 0x0, 0x0, 0x0, 0x0, 0x0, 0x6e,
    0xfc, 0x20, 0x0, 0x0, 0x3f, 0xa5, 0xec, 0x0,
    0x0, 0x7, 0xf3, 0xa, 0xf0, 0x0, 0x0, 0x4f,
    0x72, 0xdd, 0x0, 0x0, 0x0, 0x9f, 0xfe, 0x30,
    0x0, 0x0, 0x0, 0x23, 0x0, 0x0, 0x0, 0x4,
    0xbe, 0xfd, 0x91, 0x0, 0x6, 0xff, 0xff, 0xff,
    0xd0, 0x0, 0x5f, 0x92, 0x29, 0xff, 0x50, 0x0,
    0x10, 0x0, 0xf, 0xf8, 0x0, 0x1, 0x68, 0x99,
    0xff, 0x80, 0x6, 0xff, 0xff, 0xff, 0xf8, 0x1,
    0xff, 0xb1, 0x0, 0xff, 0x80, 0x3f, 0xf5, 0x0,
    0xf, 0xf8, 0x2, 0xff, 0xa0, 0x8, 0xff, 0x90,
    0xc, 0xff, 0xff, 0xda, 0xff, 0x90, 0x1a, 0xef,
    0xb2, 0x2d, 0xf9,

    /* U+00E6 "æ" */
    0x0, 0x4b, 0xef, 0xc3, 0x5, 0xcf, 0xfb, 0x30,
    0x0, 0x6f, 0xff, 0xff, 0xf8, 0xff, 0xff, 0xff,
    0x40, 0x5, 0xf7, 0x0, 0x8f, 0xff, 0x60, 0x2c,
    0xfe, 0x0, 0x1, 0x0, 0x0, 0xff, 0xb0, 0x0,
    0x4f, 0xf4, 0x0, 0x17, 0xab, 0xbf, 0xfe, 0xbb,
    0xbc, 0xff, 0x70, 0x5f, 0xff, 0xff, 0xff, 0xff,
    0xff, 0xff, 0xf7, 0x1f, 0xfb, 0x10, 0xf, 0xf9,
    0x0, 0x0, 0x0, 0x3, 0xff, 0x50, 0x0, 0xff,
    0xc0, 0x0, 0x4, 0x0, 0x2f, 0xfa, 0x0, 0x8f,
    0xff, 0x80, 0x5, 0xfb, 0x0, 0xcf, 0xff, 0xff,
    0x59, 0xff, 0xff, 0xff, 0xb0, 0x1, 0xae, 0xfc,
    0x50, 0x6, 0xcf, 0xfc, 0x60, 0x0,

    /* U+00E7 "ç" */
    0x0, 0x18, 0xef, 0xe9, 0x10, 0x1, 0xdf, 0xff,
    0xff, 0xe1, 0x9, 0xff, 0x72, 0x5f, 0xf7, 0xf,
    0xfa, 0x0, 0x4, 0x30, 0x2f, 0xf7, 0x0, 0x0,
    0x0, 0x3f, 0xf7, 0x0, 0x0, 0x0, 0x1f, 0xf7,
    0x0, 0x0, 0x0, 0xe, 0xfa, 0x0, 0x5, 0x60,
    0x8, 0xff, 0x62, 0x4e, 0xf8, 0x1, 0xdf, 0xff,
    0xff, 0xe1, 0x0, 0x19, 0xef, 0xea, 0x20, 0x0,
    0x0, 0x7c, 0x10, 0x0, 0x0, 0x0, 0x27, 0xfd,
    0x0, 0x0, 0x4, 0xa6, 0xef, 0x0, 0x0, 0x5,
    0xdf, 0xe6, 0x0,

    /* U+00E8 "è" */
    0x0, 0x0, 0x42, 0x0, 0x0, 0x0, 0x0, 0xbf,
    0xa0, 0x0, 0x0, 0x0, 0x5, 0xff, 0x20, 0x0,
    0x0, 0x0, 0xa, 0xf9, 0x0, 0x0, 0x0, 0x0,
    0xd, 0x80, 0x0, 0x0, 0x0, 0x0, 0x0, 0x0,
    0x0, 0x0, 0x8, 0xdf, 0xea, 0x20, 0x0, 0xd,
    0xff, 0xff, 0xff, 0x30, 0x9, 0xff, 0x50, 0x2d,
    0xfc, 0x0, 0xef, 0x90, 0x0, 0x6f, 0xf2, 0x2f,
    0xfd, 0xbb, 0xbc, 0xff, 0x53, 0xff, 0xff, 0xff,
    0xff, 0xf5, 0x2f, 0xf7, 0x0, 0x0, 0x0, 0x0,
    0xef, 0xb0, 0x0, 0x4, 0x0, 0x8, 0xff, 0x82,
    0x28, 0xf9, 0x0, 0xd, 0xff, 0xff, 0xff, 0x90,
    0x0, 0x8, 0xdf, 0xeb, 0x50, 0x0,

    /* U+00E9 "é" */
    0x0, 0x0, 0x0, 0x50, 0x0, 0x0, 0x0, 0x0,
    0x3f, 0xe3, 0x0, 0x0, 0x0, 0xa, 0xfc, 0x0,
    0x0, 0x0, 0x2, 0xff, 0x20, 0x0, 0x0, 0x0,
    0x3c, 0x50, 0x0, 0x0, 0x0, 0x0, 0x0, 0x0,
    0x0, 0x0, 0x8, 0xdf, 0xea, 0x20, 0x0, 0xd,
    0xff, 0xff, 0xff, 0x30, 0x9, 0xff, 0x50, 0x2d,
    0xfc, 0x0, 0xef, 0x90, 0x0, 0x6f, 0xf2, 0x2f,
    0xfd, 0xbb, 0xbc, 0xff, 0x53, 0xff, 0xff, 0xff,
    0xff, 0xf5, 0x2f, 0xf7, 0x0, 0x0, 0x0, 0x0,
    0xef, 0xb0, 0x0, 0x4, 0x0, 0x8, 0xff, 0x82,
    0x28, 0xf9, 0x0, 0xd, 0xff, 0xff, 0xff, 0x90,
    0x0, 0x8, 0xdf, 0xeb, 0x50, 0x0,

    /* U+00EA "ê" */
    0x0, 0x0, 0x58, 0x70, 0x0, 0x0, 0x0, 0x3f,
    0xff, 0xa0, 0x0, 0x0, 0x1d, 0xfb, 0xff, 0x60,
    0x0, 0xa, 0xfa, 0x4, 0xff, 0x20, 0x0, 0x4a,
    0x0, 0x5, 0x90, 0x0, 0x0, 0x0, 0x0, 0x0,
    0x0, 0x0, 0x8, 0xdf, 0xea, 0x20, 0x0, 0xd,
    0xff, 0xff, 0xff, 0x30, 0x9, 0xff, 0x50, 0x2d,
    0xfc, 0x0, 0xef, 0x90, 0x0, 0x6f, 0xf2, 0x2f,
    0xfd, 0xbb, 0xbc, 0xff, 0x53, 0xff, 0xff, 0xff,
    0xff, 0xf5, 0x2f, 0xf7, 0x0, 0x0, 0x0, 0x0,
    0xef, 0xb0, 0x0, 0x4, 0x0, 0x8, 0xff, 0x82,
    0x28, 0xf9, 0x0, 0xd, 0xff, 0xff, 0xff, 0x90,
    0x0, 0x8, 0xdf, 0xeb, 0x50, 0x0,

    /* U+00EB "ë" */
    0x0, 0x8f, 0xb0, 0x5f, 0xd1, 0x0, 0xc, 0xff,
    0x9, 0xff, 0x30, 0x0, 0x5c, 0x80, 0x3c, 0xa0,
    0x0, 0x0, 0x0, 0x0, 0x0, 0x0, 0x0, 0x8,
    0xdf, 0xea, 0x20, 0x0, 0xd, 0xff, 0xff, 0xff,
    0x30, 0x9, 0xff, 0x50, 0x2d, 0xfc, 0x0, 0xef,
    0x90, 0x0, 0x6f, 0xf2, 0x2f, 0xfd, 0xbb, 0xbc,
    0xff, 0x53, 0xff, 0xff, 0xff, 0xff, 0xf5, 0x2f,
    0xf7, 0x0, 0x0, 0x0, 0x0, 0xef, 0xb0, 0x0,
    0x4, 0x0, 0x8, 0xff, 0x82, 0x28, 0xf9, 0x0,
    0xd, 0xff, 0xff, 0xff, 0x90, 0x0, 0x8, 0xdf,
    0xeb, 0x50, 0x0,

    /* U+00EC "ì" */
    0x7, 0x40, 0xb, 0xfc, 0x0, 0x2f, 0xf4, 0x0,
    0x6f, 0xc0, 0x0, 0x84, 0x0, 0x0, 0x0, 0x8,
    0xff, 0x0, 0x8f, 0xf0, 0x8, 0xff, 0x0, 0x8f,
    0xf0, 0x8, 0xff, 0x0, 0x8f, 0xf0, 0x8, 0xff,
    0x0, 0x8f, 0xf0, 0x8, 0xff, 0x0, 0x8f, 0xf0,
    0x8, 0xff, 0x0,

    /* U+00ED "í" */
    0x0, 0x94, 0x0, 0x4f, 0xf4, 0xb, 0xfa, 0x3,
    0xfe, 0x10, 0x18, 0x40, 0x0, 0x0, 0x0, 0x8f,
    0xf0, 0x8, 0xff, 0x0, 0x8f, 0xf0, 0x8, 0xff,
    0x0, 0x8f, 0xf0, 0x8, 0xff, 0x0, 0x8f, 0xf0,
    0x8, 0xff, 0x0, 0x8f, 0xf0, 0x8, 0xff, 0x0,
    0x8f, 0xf0, 0x0,

    /* U+00EE "î" */
    0x0, 0xcf, 0xf5, 0x0, 0xa, 0xfe, 0xff, 0x40,
    0x8f, 0xc1, 0x5f, 0xe2, 0x3a, 0x0, 0x4, 0x90,
    0x0, 0x0, 0x0, 0x0, 0x0, 0x8f, 0xf0, 0x0,
    0x0, 0x8f, 0xf0, 0x0, 0x0, 0x8f, 0xf0, 0x0,
    0x0, 0x8f, 0xf0, 0x0, 0x0, 0x8f, 0xf0, 0x0,
    0x0, 0x8f, 0xf0, 0x0, 0x0, 0x8f, 0xf0, 0x0,
    0x0, 0x8f, 0xf0, 0x0, 0x0, 0x8f, 0xf0, 0x0,
    0x0, 0x8f, 0xf0, 0x0, 0x0, 0x8f, 0xf0, 0x0,

    /* U+00EF "ï" */
    0x7f, 0xc0, 0x4f, 0xd1, 0xbf, 0xf1, 0x8f, 0xf4,
    0x5c, 0x90, 0x3c, 0xb0, 0x0, 0x0, 0x0, 0x0,
    0x0, 0x8f, 0xf0, 0x0, 0x0, 0x8f, 0xf0, 0x0,
    0x0, 0x8f, 0xf0, 0x0, 0x0, 0x8f, 0xf0, 0x0,
    0x0, 0x8f, 0xf0, 0x0, 0x0, 0x8f, 0xf0, 0x0,
    0x0, 0x8f, 0xf0, 0x0, 0x0, 0x8f, 0xf0, 0x0,
    0x0, 0x8f, 0xf0, 0x0, 0x0, 0x8f, 0xf0, 0x0,
    0x0, 0x8f, 0xf0, 0x0,

    /* U+00F0 "ð" */
    0x0, 0x0, 0x0, 0x0, 0x10, 0x0, 0x7, 0xef,
    0xf7, 0xcd, 0x0, 0x0, 0x1, 0xbf, 0xfe, 0x10,
    0x0, 0x0, 0x8f, 0xaf, 0xf8, 0x0, 0x0, 0x0,
    0x20, 0x5f, 0xf3, 0x0, 0x2, 0xaf, 0xe9, 0x9f,
    0xc0, 0x1, 0xef, 0xff, 0xfb, 0xff, 0x20, 0x9f,
    0xf8, 0x12, 0xcf, 0xf7, 0xe, 0xfc, 0x0, 0x2,
    0xff, 0xa1, 0xff, 0x90, 0x0, 0xe, 0xfb, 0x1f,
    0xf8, 0x0, 0x0, 0xdf, 0xc0, 0xff, 0x80, 0x0,
    0xe, 0xfb, 0xd, 0xfc, 0x0, 0x2, 0xff, 0x70,
    0x6f, 0xf8, 0x12, 0xcf, 0xf2, 0x0, 0xbf, 0xff,
    0xff, 0xf7, 0x0, 0x0, 0x7d, 0xff, 0xc4, 0x0,

    /* U+00F1 "ñ" */
    0x1, 0xcf, 0xb4, 0x5, 0x0, 0x8, 0xff, 0xff,
    0xff, 0x60, 0x0, 0x40, 0x4b, 0xea, 0x0, 0x0,
    0x0, 0x0, 0x0, 0x0, 0x8f, 0xf1, 0x9e, 0xfa,
    0x10, 0x8f, 0xf9, 0xff, 0xff, 0xb0, 0x8f, 0xfc,
    0x43, 0xcf, 0xf2, 0x8f, 0xf2, 0x0, 0x4f, 0xf5,
    0x8f, 0xf0, 0x0, 0x2f, 0xf6, 0x8f, 0xf0, 0x0,
    0x2f, 0xf6, 0x8f, 0xf0, 0x0, 0x2f, 0xf6, 0x8f,
    0xf0, 0x0, 0x2f, 0xf6, 0x8f, 0xf0, 0x0, 0x2f,
    0xf6, 0x8f, 0xf0, 0x0, 0x2f, 0xf6, 0x8f, 0xf0,
    0x0, 0x2f, 0xf6,

    /* U+00F2 "ò" */
    0x0, 0x0, 0x51, 0x0, 0x0, 0x0, 0x0, 0xcf,
    0x80, 0x0, 0x0, 0x0, 0x7, 0xff, 0x10, 0x0,
    0x0, 0x0, 0xb, 0xf8, 0x0, 0x0, 0x0, 0x0,
    0x1d, 0x70, 0x0, 0x0, 0x0, 0x0, 0x0, 0x0,
    0x0, 0x0, 0x8, 0xdf, 0xea, 0x20, 0x0, 0xd,
    0xff, 0xff, 0xfe, 0x20, 0x9, 0xff, 0x72, 0x5e,
    0xfc, 0x0, 0xff, 0xa0, 0x0, 0x6f, 0xf3, 0x2f,
    0xf7, 0x0, 0x3, 0xff, 0x63, 0xff, 0x70, 0x0,
    0x3f, 0xf7, 0x2f, 0xf7, 0x0, 0x3, 0xff, 0x60,
    0xef, 0xa0, 0x0, 0x6f, 0xf3, 0x8, 0xff, 0x72,
    0x5e, 0xfc, 0x0, 0xd, 0xff, 0xff, 0xff, 0x30,
    0x0, 0x8, 0xdf, 0xea, 0x20, 0x0,

    /* U+00F3 "ó" */
    0x0, 0x0, 0x0, 0x50, 0x0, 0x0, 0x0, 0x0,
    0x4f, 0xe2, 0x0, 0x0, 0x0, 0xc, 0xfb, 0x0,
    0x0, 0x0, 0x4, 0xfe, 0x10, 0x0, 0x0, 0x0,
    0x4d, 0x40, 0x0, 0x0, 0x0, 0x0, 0x0, 0x0,
    0x0, 0x0, 0x8, 0xdf, 0xea, 0x20, 0x0, 0xd,
    0xff, 0xff, 0xfe, 0x20, 0x9, 0xff, 0x72, 0x5e,
    0xfc, 0x0, 0xff, 0xa0, 0x0, 0x6f, 0xf3, 0x2f,
    0xf7, 0x0, 0x3, 0xff, 0x63, 0xff, 0x70, 0x0,
    0x3f, 0xf7, 0x2f, 0xf7, 0x0, 0x3, 0xff, 0x60,
    0xef, 0xa0, 0x0, 0x6f, 0xf3, 0x8, 0xff, 0x72,
    0x5e, 0xfc, 0x0, 0xd, 0xff, 0xff, 0xff, 0x30,
    0x0, 0x8, 0xdf, 0xea, 0x20, 0x0,

    /* U+00F4 "ô" */
    0x0, 0x0, 0x58, 0x70, 0x0, 0x0, 0x0, 0x4f,
    0xff, 0x80, 0x0, 0x0, 0x1e, 0xfb, 0xff, 0x40,
    0x0, 0xc, 0xf9, 0x5, 0xfe, 0x10, 0x0, 0x59,
    0x0, 0x6, 0x80, 0x0, 0x0, 0x0, 0x0, 0x0,
    0x0, 0x0, 0x8, 0xdf, 0xea, 0x20, 0x0, 0xd,
    0xff, 0xff, 0xfe, 0x20, 0x9, 0xff, 0x72, 0x5e,
    0xfc, 0x0, 0xff, 0xa0, 0x0, 0x6f, 0xf3, 0x2f,
    0xf7, 0x0, 0x3, 0xff, 0x63, 0xff, 0x70, 0x0,
    0x3f, 0xf7, 0x2f, 0xf7, 0x0, 0x3, 0xff, 0x60,
    0xef, 0xa0, 0x0, 0x6f, 0xf3, 0x8, 0xff, 0x72,
    0x5e, 0xfc, 0x0, 0xd, 0xff, 0xff, 0xff, 0x30,
    0x0, 0x8, 0xdf, 0xea, 0x20, 0x0,

    /* U+00F5 "õ" */
    0x0, 0x4e, 0xe9, 0x21, 0x40, 0x0, 0xd, 0xff,
    0xff, 0xff, 0x10, 0x0, 0x22, 0x6, 0xde, 0x70,
    0x0, 0x0, 0x0, 0x0, 0x0, 0x0, 0x0, 0x8,
    0xdf, 0xea, 0x20, 0x0, 0xd, 0xff, 0xff, 0xfe,
    0x20, 0x9, 0xff, 0x72, 0x5e, 0xfc, 0x0, 0xff,
    0xa0, 0x0, 0x6f, 0xf3, 0x2f, 0xf7, 0x0, 0x3,
    0xff, 0x63, 0xff, 0x70, 0x0, 0x3f, 0xf7, 0x2f,
    0xf7, 0x0, 0x3, 0xff, 0x60, 0xef, 0xa0, 0x0,
    0x6f, 0xf3, 0x8, 0xff, 0x72, 0x5e, 0xfc, 0x0,
    0xd, 0xff, 0xff, 0xff, 0x30, 0x0, 0x8, 0xdf,
    0xea, 0x20, 0x0,

    /* U+00F6 "ö" */
    0x0, 0x9f, 0xa0, 0x6f, 0xc0, 0x0, 0xd, 0xfe,
    0xa, 0xff, 0x20, 0x0, 0x6c, 0x70, 0x4c, 0xa0,
    0x0, 0x0, 0x0, 0x0, 0x0, 0x0, 0x0, 0x8,
    0xdf, 0xea, 0x20, 0x0, 0xd, 0xff, 0xff, 0xfe,
    0x20, 0x9, 0xff, 0x72, 0x5e, 0xfc, 0x0, 0xff,
    0xa0, 0x0, 0x6f, 0xf3, 0x2f, 0xf7, 0x0, 0x3,
    0xff, 0x63, 0xff, 0x70, 0x0, 0x3f, 0xf7, 0x2f,
    0xf7, 0x0, 0x3, 0xff, 0x60, 0xef, 0xa0, 0x0,
    0x6f, 0xf3, 0x8, 0xff, 0x72, 0x5e, 0xfc, 0x0,
    0xd, 0xff, 0xff, 0xff, 0x30, 0x0, 0x8, 0xdf,
    0xea, 0x20, 0x0,

    /* U+00F7 "÷" */
    0x0, 0x0, 0x0, 0x0, 0x0, 0x0, 0x5, 0xff,
    0x40, 0x0, 0x0, 0x9, 0xff, 0x90, 0x0, 0x0,
    0x4, 0xee, 0x40, 0x0, 0x0, 0x0, 0x0, 0x0,
    0x0, 0xaf, 0xff, 0xff, 0xff, 0xfa, 0xaf, 0xff,
    0xff, 0xff, 0xfa, 0x11, 0x11, 0x11, 0x11, 0x11,
    0x0, 0x0, 0x0, 0x0, 0x0, 0x0, 0x5, 0xff,
    0x40, 0x0, 0x0, 0x9, 0xff, 0x90, 0x0, 0x0,
    0x4, 0xee, 0x40, 0x0,

    /* U+00F8 "ø" */
    0x0, 0x0, 0x0, 0x0, 0x6, 0x10, 0x0, 0x7,
    0xdf, 0xea, 0x7f, 0xc0, 0x0, 0xcf, 0xff, 0xff,
    0xff, 0x20, 0x7, 0xff, 0x60, 0x3f, 0xfd, 0x0,
    0xd, 0xfb, 0x0, 0xaf, 0xff, 0x40, 0x1f, 0xf8,
    0x7, 0xf9, 0xff, 0x60, 0x1f, 0xf8, 0x4f, 0xb1,
    0xff, 0x80, 0xf, 0xfa, 0xfd, 0x1, 0xff, 0x70,
    0xd, 0xff, 0xe1, 0x4, 0xff, 0x40, 0x7, 0xff,
    0x80, 0x2d, 0xfe, 0x0, 0xb, 0xff, 0xff, 0xff,
    0xf4, 0x0, 0x5f, 0xc7, 0xdf, 0xea, 0x20, 0x0,
    0x7, 0x10, 0x0, 0x0, 0x0, 0x0,

    /* U+00F9 "ù" */
    0x0, 0x7, 0x50, 0x0, 0x0, 0x0, 0xaf, 0xd0,
    0x0, 0x0, 0x0, 0x1f, 0xf5, 0x0, 0x0, 0x0,
    0x5, 0xfd, 0x0, 0x0, 0x0, 0x0, 0x85, 0x0,
    0x0, 0x0, 0x0, 0x0, 0x0, 0x0, 0xaf, 0xe0,
    0x0, 0x4f, 0xf4, 0xaf, 0xe0, 0x0, 0x4f, 0xf4,
    0xaf, 0xe0, 0x0, 0x4f, 0xf4, 0xaf, 0xe0, 0x0,
    0x4f, 0xf4, 0xaf, 0xe0, 0x0, 0x4f, 0xf4, 0xaf,
    0xe0, 0x0, 0x4f, 0xf4, 0xaf, 0xe0, 0x0, 0x4f,
    0xf4, 0x8f, 0xf1, 0x0, 0x6f, 0xf4, 0x6f, 0xfa,
    0x35, 0xef, 0xf4, 0xe, 0xff, 0xff, 0xaf, 0xf4,
    0x3, 0xcf, 0xe7, 0x4f, 0xf4,

    /* U+00FA "ú" */
    0x0, 0x0, 0x8, 0x40, 0x0, 0x0, 0x0, 0x3f,
    0xf5, 0x0, 0x0, 0x0, 0xbf, 0xb0, 0x0, 0x0,
    0x2, 0xfe, 0x10, 0x0, 0x0, 0x0, 0x84, 0x0,
    0x0, 0x0, 0x0, 0x0, 0x0, 0x0, 0xaf, 0xe0,
    0x0, 0x4f, 0xf4, 0xaf, 0xe0, 0x0, 0x4f, 0xf4,
    0xaf, 0xe0, 0x0, 0x4f, 0xf4, 0xaf, 0xe0, 0x0,
    0x4f, 0xf4, 0xaf, 0xe0, 0x0, 0x4f, 0xf4, 0xaf,
    0xe0, 0x0, 0x4f, 0xf4, 0xaf, 0xe0, 0x0, 0x4f,
    0xf4, 0x8f, 0xf1, 0x0, 0x6f, 0xf4, 0x6f, 0xfa,
    0x35, 0xef, 0xf4, 0xe, 0xff, 0xff, 0xaf, 0xf4,
    0x3, 0xcf, 0xe7, 0x4f, 0xf4,

    /* U+00FB "û" */
    0x0, 0x4, 0x88, 0x10, 0x0, 0x0, 0x2f, 0xff,
    0xc0, 0x0, 0x0, 0xdf, 0xbe, 0xf9, 0x0, 0x9,
    0xfa, 0x2, 0xef, 0x40, 0x1, 0x80, 0x0, 0x27,
    0x0, 0x0, 0x0, 0x0, 0x0, 0x0, 0xaf, 0xe0,
    0x0, 0x4f, 0xf4, 0xaf, 0xe0, 0x0, 0x4f, 0xf4,
    0xaf, 0xe0, 0x0, 0x4f, 0xf4, 0xaf, 0xe0, 0x0,
    0x4f, 0xf4, 0xaf, 0xe0, 0x0, 0x4f, 0xf4, 0xaf,
    0xe0, 0x0, 0x4f, 0xf4, 0xaf, 0xe0, 0x0, 0x4f,
    0xf4, 0x8f, 0xf1, 0x0, 0x6f, 0xf4, 0x6f, 0xfa,
    0x35, 0xef, 0xf4, 0xe, 0xff, 0xff, 0xaf, 0xf4,
    0x3, 0xcf, 0xe7, 0x4f, 0xf4,

    /* U+00FC "ü" */
    0x6, 0xfc, 0x3, 0xee, 0x20, 0xa, 0xff, 0x27,
    0xff, 0x50, 0x4, 0xca, 0x2, 0xcb, 0x10, 0x0,
    0x0, 0x0, 0x0, 0x0, 0xaf, 0xe0, 0x0, 0x4f,
    0xf4, 0xaf, 0xe0, 0x0, 0x4f, 0xf4, 0xaf, 0xe0,
    0x0, 0x4f, 0xf4, 0xaf, 0xe0, 0x0, 0x4f, 0xf4,
    0xaf, 0xe0, 0x0, 0x4f, 0xf4, 0xaf, 0xe0, 0x0,
    0x4f, 0xf4, 0xaf, 0xe0, 0x0, 0x4f, 0xf4, 0x8f,
    0xf1, 0x0, 0x6f, 0xf4, 0x6f, 0xfa, 0x35, 0xef,
    0xf4, 0xe, 0xff, 0xff, 0xaf, 0xf4, 0x3, 0xcf,
    0xe7, 0x4f, 0xf4,

    /* U+00FD "ý" */
    0x0, 0x0, 0x3, 0x81, 0x0, 0x0, 0x0, 0x0,
    0xbf, 0xd0, 0x0, 0x0, 0x0, 0x3f, 0xf3, 0x0,
    0x0, 0x0, 0xb, 0xf8, 0x0, 0x0, 0x0, 0x0,
    0x49, 0x0, 0x0, 0x0, 0x0, 0x0, 0x0, 0x0,
    0x0, 0xaf, 0xd0, 0x0, 0x4, 0xff, 0x15, 0xff,
    0x30, 0x0, 0x9f, 0xc0, 0xf, 0xf8, 0x0, 0xe,
    0xf7, 0x0, 0xaf, 0xd0, 0x3, 0xff, 0x20, 0x5,
    0xff, 0x20, 0x8f, 0xc0, 0x0, 0xf, 0xf7, 0xd,
    0xf7, 0x0, 0x0, 0xaf, 0xb2, 0xff, 0x20, 0x0,
    0x5, 0xff, 0x6f, 0xd0, 0x0, 0x0, 0xf, 0xfd,
    0xf7, 0x0, 0x0, 0x0, 0xbf, 0xff, 0x20, 0x0,
    0x0, 0x5, 0xff, 0xd0, 0x0, 0x0, 0x0, 0x2f,
    0xf8, 0x0, 0x0, 0x0, 0x17, 0xff, 0x20, 0x0,
    0x0, 0x7f, 0xff, 0xc0, 0x0, 0x0, 0x7, 0xff,
    0xb1, 0x0, 0x0, 0x0,

    /* U+00FE "þ" */
    0x8f, 0xf0, 0x0, 0x0, 0x0, 0x8, 0xff, 0x0,
    0x0, 0x0, 0x0, 0x8f, 0xf0, 0x0, 0x0, 0x0,
    0x8, 0xff, 0x0, 0x0, 0x0, 0x0, 0x8f, 0xf1,
    0x9e, 0xfb, 0x20, 0x8, 0xff, 0xaf, 0xff, 0xfe,
    0x10, 0x8f, 0xfc, 0x43, 0xaf, 0xf9, 0x8, 0xff,
    0x20, 0x0, 0xdf, 0xe0, 0x8f, 0xf0, 0x0, 0x9,
    0xff, 0x8, 0xff, 0x0, 0x0, 0x9f, 0xf1, 0x8f,
    0xf0, 0x0, 0x9, 0xff, 0x8, 0xff, 0x20, 0x0,
    0xdf, 0xe0, 0x8f, 0xfc, 0x43, 0xaf, 0xf9, 0x8,
    0xff, 0xaf, 0xff, 0xfe, 0x10, 0x8f, 0xf1, 0x9e,
    0xfb, 0x20, 0x8, 0xff, 0x0, 0x0, 0x0, 0x0,
    0x8f, 0xf0, 0x0, 0x0, 0x0, 0x8, 0xff, 0x0,
    0x0, 0x0, 0x0, 0x8f, 0xf0, 0x0, 0x0, 0x0,
    0x0,

    /* U+00FF "ÿ" */
    0x0, 0xdf, 0x50, 0xbf, 0x80, 0x0, 0x3f, 0xf9,
    0xf, 0xfd, 0x0, 0x0, 0xac, 0x40, 0x8c, 0x60,
    0x0, 0x0, 0x0, 0x0, 0x0, 0x0, 0xaf, 0xd0,
    0x0, 0x4, 0xff, 0x15, 0xff, 0x30, 0x0, 0x9f,
    0xc0, 0xf, 0xf8, 0x0, 0xe, 0xf7, 0x0, 0xaf,
    0xd0, 0x3, 0xff, 0x20, 0x5, 0xff, 0x20, 0x8f,
    0xc0, 0x0, 0xf, 0xf7, 0xd, 0xf7, 0x0, 0x0,
    0xaf, 0xb2, 0xff, 0x20, 0x0, 0x5, 0xff, 0x6f,
    0xd0, 0x0, 0x0, 0xf, 0xfd, 0xf7, 0x0, 0x0,
    0x0, 0xbf, 0xff, 0x20, 0x0, 0x0, 0x5, 0xff,
    0xd0, 0x0, 0x0, 0x0, 0x2f, 0xf8, 0x0, 0x0,
    0x0, 0x17, 0xff, 0x20, 0x0, 0x0, 0x7f, 0xff,
    0xc0, 0x0, 0x0, 0x7, 0xff, 0xb1, 0x0, 0x0,
    0x0,

    /* U+2013 "–" */
    0x13, 0x33, 0x33, 0x33, 0x33, 0x30, 0x4f, 0xff,
    0xff, 0xff, 0xff, 0xf0, 0x4f, 0xff, 0xff, 0xff,
    0xff, 0xf0,

    /* U+2014 "—" */
    0x13, 0x33, 0x33, 0x33, 0x33, 0x33, 0x33, 0x34,
    0xff, 0xff, 0xff, 0xff, 0xff, 0xff, 0xfe, 0x4f,
    0xff, 0xff, 0xff, 0xff, 0xff, 0xff, 0xe0,

    /* U+2018 "‘" */
    0x3, 0xea, 0x0, 0xdd, 0x0, 0x5f, 0x90, 0xa,
    0xff, 0x40, 0xaf, 0xf6, 0x4, 0xdb, 0x10,

    /* U+2019 "’" */
    0x4, 0xee, 0x30, 0x9f, 0xf8, 0x6, 0xff, 0x70,
    0xb, 0xf2, 0x2, 0xfa, 0x0, 0xbb, 0x0,

    /* U+201A "‚" */
    0x3, 0xcc, 0x20, 0x8f, 0xf8, 0x7, 0xff, 0x70,
    0xb, 0xf3, 0x1, 0xfc, 0x0, 0xce, 0x10,

    /* U+201C "“" */
    0x3, 0xea, 0x0, 0xaf, 0x30, 0xdd, 0x0, 0x6f,
    0x60, 0x5f, 0x90, 0xd, 0xf1, 0xa, 0xff, 0x42,
    0xff, 0xc0, 0xaf, 0xf6, 0x2f, 0xfe, 0x4, 0xdb,
    0x10, 0xad, 0x60,

    /* U+201D "”" */
    0x4, 0xee, 0x30, 0xbf, 0xa0, 0x9, 0xff, 0x81,
    0xff, 0xf0, 0x6, 0xff, 0x70, 0xef, 0xf0, 0x0,
    0xbf, 0x20, 0x3f, 0xa0, 0x2, 0xfa, 0x0, 0xaf,
    0x20, 0xb, 0xb0, 0x4, 0xd5, 0x0,

    /* U+2022 "•" */
    0x5, 0xab, 0x81, 0x5, 0xff, 0xff, 0xb0, 0xaf,
    0xff, 0xff, 0xa, 0xff, 0xff, 0xf0, 0x7f, 0xff,
    0xfd, 0x0, 0x9e, 0xfc, 0x30,

    /* U+2026 "…" */
    0x4, 0x40, 0x0, 0x15, 0x20, 0x0, 0x25, 0x17,
    0xff, 0x60, 0xc, 0xff, 0x20, 0x1f, 0xfd, 0x9f,
    0xf8, 0x0, 0xef, 0xf4, 0x3, 0xff, 0xf4, 0xee,
    0x30, 0x7, 0xfc, 0x0, 0xb, 0xf8,

    /* U+2190 "←" */
    0x0, 0x0, 0x4, 0x0, 0x0, 0x0, 0x0, 0x0,
    0x0, 0xc, 0xf5, 0x0, 0x0, 0x0, 0x0, 0x0,
    0xc, 0xfe, 0x20, 0x0, 0x0, 0x0, 0x0, 0xc,
    0xfd, 0x20, 0x0, 0x0, 0x0, 0x0, 0xc, 0xff,
    0xff, 0xff, 0xff, 0xff, 0xff, 0xd1, 0xcf, 0xff,
    0xff, 0xff, 0xff, 0xff, 0xfd, 0x1, 0xcf, 0xd2,
    0x11, 0x11, 0x11, 0x11, 0x10, 0x1, 0xcf, 0xd1,
    0x0, 0x0, 0x0, 0x0, 0x0, 0x1, 0xcf, 0x50,
    0x0, 0x0, 0x0, 0x0, 0x0, 0x1, 0x50, 0x0,
    0x0, 0x0, 0x0,

    /* U+2191 "↑" */
    0x0, 0x0, 0x0, 0x0, 0x0, 0x0, 0x0, 0xb9,
    0x0, 0x0, 0x0, 0xb, 0xff, 0x90, 0x0, 0x0,
    0xbf, 0xff, 0xf9, 0x0, 0xb, 0xfe, 0xff, 0xef,
    0x90, 0x6f, 0xe3, 0xfe, 0x3f, 0xf4, 0x8, 0x22,
    0xff, 0x4, 0x60, 0x0, 0x2, 0xff, 0x0, 0x0,
    0x0, 0x2, 0xff, 0x0, 0x0, 0x0, 0x2, 0xff,
    0x0, 0x0, 0x0, 0x2, 0xff, 0x0, 0x0, 0x0,
    0x2, 0xff, 0x0, 0x0, 0x0, 0x2, 0xff, 0x0,
    0x0, 0x0, 0x2, 0xff, 0x0, 0x0, 0x0, 0x2,
    0xff, 0x0, 0x0,

    /* U+2192 "→" */
    0x0, 0x0, 0x0, 0x0, 0x0, 0x40, 0x0, 0x0,
    0x0, 0x0, 0x0, 0x0, 0xcf, 0x50, 0x0, 0x0,
    0x0, 0x0, 0x0, 0x8, 0xff, 0x50, 0x0, 0x0,
    0x0, 0x0, 0x0, 0x7, 0xff, 0x50, 0x5f, 0xff,
    0xff, 0xff, 0xff, 0xff, 0xff, 0x55, 0xff, 0xff,
    0xff, 0xff, 0xff, 0xff, 0xf6, 0x1, 0x11, 0x11,
    0x11, 0x11, 0x6f, 0xf6, 0x0, 0x0, 0x0, 0x0,
    0x0, 0x7f, 0xf6, 0x0, 0x0, 0x0, 0x0, 0x0,
    0xc, 0xf6, 0x0, 0x0, 0x0, 0x0, 0x0, 0x0,
    0x15, 0x0, 0x0,

    /* U+2193 "↓" */
    0x0, 0x2, 0xfe, 0x0, 0x0, 0x0, 0x2, 0xff,
    0x0, 0x0, 0x0, 0x2, 0xff, 0x0, 0x0, 0x0,
    0x2, 0xff, 0x0, 0x0, 0x0, 0x2, 0xff, 0x0,
    0x0, 0x0, 0x2, 0xff, 0x0, 0x0, 0x0, 0x2,
    0xff, 0x0, 0x0, 0x0, 0x2, 0xff, 0x0, 0x0,
    0x7, 0x22, 0xff, 0x3, 0x50, 0x6f, 0xe3, 0xfe,
    0x3f, 0xf4, 0xc, 0xfd, 0xff, 0xef, 0xa0, 0x0,
    0xcf, 0xff, 0xfa, 0x0, 0x0, 0xc, 0xff, 0xa0,
    0x0, 0x0, 0x0, 0xca, 0x0, 0x0, 0x0, 0x0,
    0x0, 0x0, 0x0,

    /* U+2212 "−" */
    0x11, 0x11, 0x11, 0x11, 0x10, 0xef, 0xff, 0xff,
    0xff, 0xf7, 0xdf, 0xff, 0xff, 0xff, 0xf6
};


/*---------------------
 *  GLYPH DESCRIPTION
 *--------------------*/

static const lv_font_fmt_txt_glyph_dsc_t glyph_dsc[] = {
    {.bitmap_index = 0, .adv_w = 0, .box_w = 0, .box_h = 0, .ofs_x = 0, .ofs_y = 0} /* id = 0 reserved */,
    {.bitmap_index = 0, .adv_w = 76, .box_w = 0, .box_h = 0, .ofs_x = 0, .ofs_y = 0},
    {.bitmap_index = 0, .adv_w = 99, .box_w = 4, .box_h = 14, .ofs_x = 1, .ofs_y = 0},
    {.bitmap_index = 28, .adv_w = 151, .box_w = 7, .box_h = 7, .ofs_x = 1, .ofs_y = 8},
    {.bitmap_index = 53, .adv_w = 210, .box_w = 13, .box_h = 14, .ofs_x = 0, .ofs_y = 0},
    {.bitmap_index = 144, .adv_w = 192, .box_w = 12, .box_h = 18, .ofs_x = 0, .ofs_y = -2},
    {.bitmap_index = 252, .adv_w = 307, .box_w = 18, .box_h = 14, .ofs_x = 1, .ofs_y = 0},
    {.bitmap_index = 378, .adv_w = 228, .box_w = 14, .box_h = 14, .ofs_x = 1, .ofs_y = 0},
    {.bitmap_index = 476, .adv_w = 83, .box_w = 3, .box_h = 7, .ofs_x = 1, .ofs_y = 8},
    {.bitmap_index = 487, .adv_w = 108, .box_w = 6, .box_h = 19, .ofs_x = 1, .ofs_y = -4},
    {.bitmap_index = 544, .adv_w = 108, .box_w = 7, .box_h = 19, .ofs_x = -1, .ofs_y = -4},
    {.bitmap_index = 611, .adv_w = 178, .box_w = 11, .box_h = 10, .ofs_x = 0, .ofs_y = 5},
    {.bitmap_index = 666, .adv_w = 192, .box_w = 10, .box_h = 10, .ofs_x = 1, .ofs_y = 1},
    {.bitmap_index = 716, .adv_w = 95, .box_w = 5, .box_h = 7, .ofs_x = 0, .ofs_y = -3},
    {.bitmap_index = 734, .adv_w = 129, .box_w = 6, .box_h = 3, .ofs_x = 1, .ofs_y = 5},
    {.bitmap_index = 743, .adv_w = 95, .box_w = 4, .box_h = 4, .ofs_x = 1, .ofs_y = 0},
    {.bitmap_index = 751, .adv_w = 140, .box_w = 8, .box_h = 19, .ofs_x = 0, .ofs_y = -4},
    {.bitmap_index = 827, .adv_w = 192, .box_w = 12, .box_h = 14, .ofs_x = 0, .ofs_y = 0},
    {.bitmap_index = 911, .adv_w = 192, .box_w = 12, .box_h = 14, .ofs_x = 0, .ofs_y = 0},
    {.bitmap_index = 995, .adv_w = 192, .box_w = 10, .box_h = 14, .ofs_x = 1, .ofs_y = 0},
    {.bitmap_index = 1065, .adv_w = 192, .box_w = 11, .box_h = 14, .ofs_x = 0, .ofs_y = 0},
    {.bitmap_index = 1142, .adv_w = 192, .box_w = 12, .box_h = 14, .ofs_x = 0, .ofs_y = 0},
    {.bitmap_index = 1226, .adv_w = 192, .box_w = 11, .box_h = 14, .ofs_x = 1, .ofs_y = 0},
    {.bitmap_index = 1303, .adv_w = 192, .box_w = 12, .box_h = 14, .ofs_x = 0, .ofs_y = 0},
    {.bitmap_index = 1387, .adv_w = 192, .box_w = 10, .box_h = 14, .ofs_x = 1, .ofs_y = 0},
    {.bitmap_index = 1457, .adv_w = 192, .box_w = 12, .box_h = 14, .ofs_x = 0, .ofs_y = 0},
    {.bitmap_index = 1541, .adv_w = 192, .box_w = 12, .box_h = 14, .ofs_x = 0, .ofs_y = 0},
    {.bitmap_index = 1625, .adv_w = 102, .box_w = 4, .box_h = 11, .ofs_x = 1, .ofs_y = 0},
    {.bitmap_index = 1647, .adv_w = 102, .box_w = 5, .box_h = 14, .ofs_x = 0, .ofs_y = -3},
    {.bitmap_index = 1682, .adv_w = 192, .box_w = 10, .box_h = 14, .ofs_x = 1, .ofs_y = -1},
    {.bitmap_index = 1752, .adv_w = 192, .box_w = 10, .box_h = 7, .ofs_x = 1, .ofs_y = 3},
    {.bitmap_index = 1787, .adv_w = 192, .box_w = 10, .box_h = 14, .ofs_x = 1, .ofs_y = -1},
    {.bitmap_index = 1857, .adv_w = 158, .box_w = 10, .box_h = 14, .ofs_x = 0, .ofs_y = 0},
    {.bitmap_index = 1927, .adv_w = 288, .box_w = 16, .box_h = 16, .ofs_x = 1, .ofs_y = -2},
    {.bitmap_index = 2055, .adv_w = 215, .box_w = 14, .box_h = 14, .ofs_x = 0, .ofs_y = 0},
    {.bitmap_index = 2153, .adv_w = 212, .box_w = 12, .box_h = 14, .ofs_x = 1, .ofs_y = 0},
    {.bitmap_index = 2237, .adv_w = 205, .box_w = 12, .box_h = 14, .ofs_x = 1, .ofs_y = 0},
    {.bitmap_index = 2321, .adv_w = 220, .box_w = 12, .box_h = 14, .ofs_x = 1, .ofs_y = 0},
    {.bitmap_index = 2405, .adv_w = 192, .box_w = 10, .box_h = 14, .ofs_x = 1, .ofs_y = 0},
    {.bitmap_index = 2475, .adv_w = 185, .box_w = 10, .box_h = 14, .ofs_x = 1, .ofs_y = 0},
    {.bitmap_index = 2545, .adv_w = 228, .box_w = 12, .box_h = 14, .ofs_x = 1, .ofs_y = 0},
    {.bitmap_index = 2629, .adv_w = 230, .box_w = 12, .box_h = 14, .ofs_x = 1, .ofs_y = 0},
    {.bitmap_index = 2713, .adv_w = 135, .box_w = 7, .box_h = 14, .ofs_x = 1, .ofs_y = 0},
    {.bitmap_index = 2762, .adv_w = 174, .box_w = 10, .box_h = 14, .ofs_x = 0, .ofs_y = 0},
    {.bitmap_index = 2832, .adv_w = 217, .box_w = 13, .box_h = 14, .ofs_x = 1, .ofs_y = 0},
    {.bitmap_index = 2923, .adv_w = 167, .box_w = 9, .box_h = 14, .ofs_x = 1, .ofs_y = 0},
    {.bitmap_index = 2986, .adv_w = 261, .box_w = 14, .box_h = 14, .ofs_x = 1, .ofs_y = 0},
    {.bitmap_index = 3084, .adv_w = 230, .box_w = 12, .box_h = 14, .ofs_x = 1, .ofs_y = 0},
    {.bitmap_index = 3168, .adv_w = 228, .box_w = 13, .box_h = 14, .ofs_x = 1, .ofs_y = 0},
    {.bitmap_index = 3259, .adv_w = 205, .box_w = 12, .box_h = 14, .ofs_x = 1, .ofs_y = 0},
    {.bitmap_index = 3343, .adv_w = 228, .box_w = 13, .box_h = 18, .ofs_x = 1, .ofs_y = -4},
    {.bitmap_index = 3460, .adv_w = 212, .box_w = 12, .box_h = 14, .ofs_x = 1, .ofs_y = 0},
    {.bitmap_index = 3544, .adv_w = 196, .box_w = 12, .box_h = 14, .ofs_x = 0, .ofs_y = 0},
    {.bitmap_index = 3628, .adv_w = 186, .box_w = 12, .box_h = 14, .ofs_x = 0, .ofs_y = 0},
    {.bitmap_index = 3712, .adv_w = 221, .box_w = 12, .box_h = 14, .ofs_x = 1, .ofs_y = 0},
    {.bitmap_index = 3796, .adv_w = 204, .box_w = 13, .box_h = 14, .ofs_x = 0, .ofs_y = 0},
    {.bitmap_index = 3887, .adv_w = 304, .box_w = 19, .box_h = 14, .ofs_x = 0, .ofs_y = 0},
    {.bitmap_index = 4020, .adv_w = 210, .box_w = 13, .box_h = 14, .ofs_x = 0, .ofs_y = 0},
    {.bitmap_index = 4111, .adv_w = 202, .box_w = 13, .box_h = 14, .ofs_x = 0, .ofs_y = 0},
    {.bitmap_index = 4202, .adv_w = 192, .box_w = 12, .box_h = 14, .ofs_x = 0, .ofs_y = 0},
    {.bitmap_index = 4286, .adv_w = 105, .box_w = 5, .box_h = 19, .ofs_x = 1, .ofs_y = -4},
    {.bitmap_index = 4334, .adv_w = 140, .box_w = 9, .box_h = 19, .ofs_x = 0, .ofs_y = -4},
    {.bitmap_index = 4420, .adv_w = 105, .box_w = 4, .box_h = 19, .ofs_x = 1, .ofs_y = -4},
    {.bitmap_index = 4458, .adv_w = 192, .box_w = 12, .box_h = 9, .ofs_x = 0, .ofs_y = 5},
    {.bitmap_index = 4512, .adv_w = 179, .box_w = 11, .box_h = 3, .ofs_x = 0, .ofs_y = -4},
    {.bitmap_index = 4529, .adv_w = 192, .box_w = 5, .box_h = 6, .ofs_x = 3, .ofs_y = 11},
    {.bitmap_index = 4544, .adv_w = 179, .box_w = 11, .box_h = 11, .ofs_x = 0, .ofs_y = 0},
    {.bitmap_index = 4605, .adv_w = 192, .box_w = 11, .box_h = 15, .ofs_x = 1, .ofs_y = 0},
    {.bitmap_index = 4688, .adv_w = 164, .box_w = 10, .box_h = 11, .ofs_x = 0, .ofs_y = 0},
    {.bitmap_index = 4743, .adv_w = 192, .box_w = 11, .box_h = 15, .ofs_x = 0, .ofs_y = 0},
    {.bitmap_index = 4826, .adv_w = 179, .box_w = 11, .box_h = 11, .ofs_x = 0, .ofs_y = 0},
    {.bitmap_index = 4887, .adv_w = 112, .box_w = 7, .box_h = 15, .ofs_x = 0, .ofs_y = 0},
    {.bitmap_index = 4940, .adv_w = 174, .box_w = 11, .box_h = 17, .ofs_x = 0, .ofs_y = -4},
    {.bitmap_index = 5034, .adv_w = 188, .box_w = 10, .box_h = 15, .ofs_x = 1, .ofs_y = 0},
    {.bitmap_index = 5109, .adv_w = 88, .box_w = 4, .box_h = 15, .ofs_x = 1, .ofs_y = 0},
    {.bitmap_index = 5139, .adv_w = 88, .box_w = 6, .box_h = 19, .ofs_x = -1, .ofs_y = -4},
    {.bitmap_index = 5196, .adv_w = 180, .box_w = 11, .box_h = 15, .ofs_x = 1, .ofs_y = 0},
    {.bitmap_index = 5279, .adv_w = 94, .box_w = 5, .box_h = 15, .ofs_x = 1, .ofs_y = 0},
    {.bitmap_index = 5317, .adv_w = 284, .box_w = 16, .box_h = 11, .ofs_x = 1, .ofs_y = 0},
    {.bitmap_index = 5405, .adv_w = 188, .box_w = 10, .box_h = 11, .ofs_x = 1, .ofs_y = 0},
    {.bitmap_index = 5460, .adv_w = 180, .box_w = 11, .box_h = 11, .ofs_x = 0, .ofs_y = 0},
    {.bitmap_index = 5521, .adv_w = 192, .box_w = 11, .box_h = 15, .ofs_x = 1, .ofs_y = -4},
    {.bitmap_index = 5604, .adv_w = 192, .box_w = 11, .box_h = 15, .ofs_x = 0, .ofs_y = -4},
    {.bitmap_index = 5687, .adv_w = 126, .box_w = 7, .box_h = 11, .ofs_x = 1, .ofs_y = 0},
    {.bitmap_index = 5726, .adv_w = 160, .box_w = 10, .box_h = 11, .ofs_x = 0, .ofs_y = 0},
    {.bitmap_index = 5781, .adv_w = 120, .box_w = 7, .box_h = 14, .ofs_x = 0, .ofs_y = 0},
    {.bitmap_index = 5830, .adv_w = 188, .box_w = 10, .box_h = 11, .ofs_x = 1, .ofs_y = 0},
    {.bitmap_index = 5885, .adv_w = 168, .box_w = 11, .box_h = 11, .ofs_x = 0, .ofs_y = 0},
    {.bitmap_index = 5946, .adv_w = 262, .box_w = 16, .box_h = 11, .ofs_x = 0, .ofs_y = 0},
    {.bitmap_index = 6034, .adv_w = 174, .box_w = 11, .box_h = 11, .ofs_x = 0, .ofs_y = 0},
    {.bitmap_index = 6095, .adv_w = 168, .box_w = 11, .box_h = 15, .ofs_x = 0, .ofs_y = -4},
    {.bitmap_index = 6178, .adv_w = 161, .box_w = 10, .box_h = 11, .ofs_x = 0, .ofs_y = 0},
    {.bitmap_index = 6233, .adv_w = 116, .box_w = 7, .box_h = 19, .ofs_x = 0, .ofs_y = -4},
    {.bitmap_index = 6300, .adv_w = 120, .box_w = 3, .box_h = 19, .ofs_x = 2, .ofs_y = -4},
    {.bitmap_index = 6329, .adv_w = 116, .box_w = 6, .box_h = 19, .ofs_x = 1, .ofs_y = -4},
    {.bitmap_index = 6386, .adv_w = 192, .box_w = 10, .box_h = 4, .ofs_x = 1, .ofs_y = 5},
    {.bitmap_index = 6406, .adv_w = 76, .box_w = 0, .box_h = 0, .ofs_x = 0, .ofs_y = 0},
    {.bitmap_index = 6406, .adv_w = 99, .box_w = 4, .box_h = 15, .ofs_x = 1, .ofs_y = -4},
    {.bitmap_index = 6436, .adv_w = 173, .box_w = 11, .box_h = 16, .ofs_x = 0, .ofs_y = -2},
    {.bitmap_index = 6524, .adv_w = 188, .box_w = 12, .box_h = 14, .ofs_x = 0, .ofs_y = 0},
    {.bitmap_index = 6608, .adv_w = 200, .box_w = 13, .box_h = 14, .ofs_x = 0, .ofs_y = 0},
    {.bitmap_index = 6699, .adv_w = 197, .box_w = 12, .box_h = 14, .ofs_x = 0, .ofs_y = 0},
    {.bitmap_index = 6783, .adv_w = 120, .box_w = 3, .box_h = 19, .ofs_x = 2, .ofs_y = -4},
    {.bitmap_index = 6812, .adv_w = 184, .box_w = 10, .box_h = 18, .ofs_x = 1, .ofs_y = -4},
    {.bitmap_index = 6902, .adv_w = 192, .box_w = 8, .box_h = 3, .ofs_x = 2, .ofs_y = 12},
    {.bitmap_index = 6914, .adv_w = 252, .box_w = 14, .box_h = 17, .ofs_x = 1, .ofs_y = -1},
    {.bitmap_index = 7033, .adv_w = 139, .box_w = 8, .box_h = 7, .ofs_x = 0, .ofs_y = 7},
    {.bitmap_index = 7061, .adv_w = 174, .box_w = 10, .box_h = 10, .ofs_x = 0, .ofs_y = 1},
    {.bitmap_index = 7111, .adv_w = 192, .box_w = 10, .box_h = 7, .ofs_x = 1, .ofs_y = 1},
    {.bitmap_index = 7146, .adv_w = 0, .box_w = 0, .box_h = 0, .ofs_x = 0, .ofs_y = 0},
    {.bitmap_index = 7146, .adv_w = 150, .box_w = 9, .box_h = 9, .ofs_x = 0, .ofs_y = 6},
    {.bitmap_index = 7187, .adv_w = 192, .box_w = 6, .box_h = 2, .ofs_x = 3, .ofs_y = 13},
    {.bitmap_index = 7193, .adv_w = 150, .box_w = 8, .box_h = 8, .ofs_x = 1, .ofs_y = 7},
    {.bitmap_index = 7225, .adv_w = 192, .box_w = 10, .box_h = 13, .ofs_x = 1, .ofs_y = 0},
    {.bitmap_index = 7290, .adv_w = 111, .box_w = 7, .box_h = 7, .ofs_x = 0, .ofs_y = 7},
    {.bitmap_index = 7315, .adv_w = 110, .box_w = 7, .box_h = 7, .ofs_x = 0, .ofs_y = 7},
    {.bitmap_index = 7340, .adv_w = 192, .box_w = 5, .box_h = 6, .ofs_x = 4, .ofs_y = 11},
    {.bitmap_index = 7355, .adv_w = 190, .box_w = 10, .box_h = 15, .ofs_x = 1, .ofs_y = -4},
    {.bitmap_index = 7430, .adv_w = 214, .box_w = 13, .box_h = 18, .ofs_x = 0, .ofs_y = -4},
    {.bitmap_index = 7547, .adv_w = 112, .box_w = 5, .box_h = 4, .ofs_x = 1, .ofs_y = 5},
    {.bitmap_index = 7557, .adv_w = 192, .box_w = 6, .box_h = 6, .ofs_x = 3, .ofs_y = -5},
    {.bitmap_index = 7575, .adv_w = 111, .box_w = 7, .box_h = 7, .ofs_x = 0, .ofs_y = 7},
    {.bitmap_index = 7600, .adv_w = 136, .box_w = 8, .box_h = 7, .ofs_x = 0, .ofs_y = 7},
    {.bitmap_index = 7628, .adv_w = 174, .box_w = 10, .box_h = 10, .ofs_x = 1, .ofs_y = 1},
    {.bitmap_index = 7678, .adv_w = 269, .box_w = 17, .box_h = 15, .ofs_x = 0, .ofs_y = 0},
    {.bitmap_index = 7806, .adv_w = 276, .box_w = 17, .box_h = 15, .ofs_x = 0, .ofs_y = 0},
    {.bitmap_index = 7934, .adv_w = 265, .box_w = 17, .box_h = 16, .ofs_x = 0, .ofs_y = 0},
    {.bitmap_index = 8070, .adv_w = 156, .box_w = 10, .box_h = 15, .ofs_x = 0, .ofs_y = -4},
    {.bitmap_index = 8145, .adv_w = 215, .box_w = 14, .box_h = 20, .ofs_x = 0, .ofs_y = 0},
    {.bitmap_index = 8285, .adv_w = 215, .box_w = 14, .box_h = 20, .ofs_x = 0, .ofs_y = 0},
    {.bitmap_index = 8425, .adv_w = 215, .box_w = 14, .box_h = 20, .ofs_x = 0, .ofs_y = 0},
    {.bitmap_index = 8565, .adv_w = 215, .box_w = 14, .box_h = 19, .ofs_x = 0, .ofs_y = 0},
    {.bitmap_index = 8698, .adv_w = 215, .box_w = 14, .box_h = 19, .ofs_x = 0, .ofs_y = 0},
    {.bitmap_index = 8831, .adv_w = 215, .box_w = 14, .box_h = 21, .ofs_x = 0, .ofs_y = 0},
    {.bitmap_index = 8978, .adv_w = 304, .box_w = 18, .box_h = 14, .ofs_x = 0, .ofs_y = 0},
    {.bitmap_index = 9104, .adv_w = 205, .box_w = 12, .box_h = 18, .ofs_x = 1, .ofs_y = -4},
    {.bitmap_index = 9212, .adv_w = 192, .box_w = 10, .box_h = 20, .ofs_x = 1, .ofs_y = 0},
    {.bitmap_index = 9312, .adv_w = 192, .box_w = 10, .box_h = 20, .ofs_x = 1, .ofs_y = 0},
    {.bitmap_index = 9412, .adv_w = 192, .box_w = 10, .box_h = 20, .ofs_x = 1, .ofs_y = 0},
    {.bitmap_index = 9512, .adv_w = 192, .box_w = 10, .box_h = 19, .ofs_x = 1, .ofs_y = 0},
    {.bitmap_index = 9607, .adv_w = 135, .box_w = 7, .box_h = 20, .ofs_x = 1, .ofs_y = 0},
    {.bitmap_index = 9677, .adv_w = 135, .box_w = 7, .box_h = 20, .ofs_x = 1, .ofs_y = 0},
    {.bitmap_index = 9747, .adv_w = 135, .box_w = 8, .box_h = 20, .ofs_x = 0, .ofs_y = 0},
    {.bitmap_index = 9827, .adv_w = 135, .box_w = 8, .box_h = 19, .ofs_x = 0, .ofs_y = 0},
    {.bitmap_index = 9903, .adv_w = 222, .box_w = 13, .box_h = 14, .ofs_x = 0, .ofs_y = 0},
    {.bitmap_index = 9994, .adv_w = 230, .box_w = 12, .box_h = 19, .ofs_x = 1, .ofs_y = 0},
    {.bitmap_index = 10108, .adv_w = 228, .box_w = 13, .box_h = 20, .ofs_x = 1, .ofs_y = 0},
    {.bitmap_index = 10238, .adv_w = 228, .box_w = 13, .box_h = 20, .ofs_x = 1, .ofs_y = 0},
    {.bitmap_index = 10368, .adv_w = 228, .box_w = 13, .box_h = 20, .ofs_x = 1, .ofs_y = 0},
    {.bitmap_index = 10498, .adv_w = 228, .box_w = 13, .box_h = 19, .ofs_x = 1, .ofs_y = 0},
    {.bitmap_index = 10622, .adv_w = 228, .box_w = 13, .box_h = 19, .ofs_x = 1, .ofs_y = 0},
    {.bitmap_index = 10746, .adv_w = 192, .box_w = 10, .box_h = 10, .ofs_x = 1, .ofs_y = 1},
    {.bitmap_index = 10796, .adv_w = 228, .box_w = 13, .box_h = 16, .ofs_x = 1, .ofs_y = -1},
    {.bitmap_index = 10900, .adv_w = 221, .box_w = 12, .box_h = 20, .ofs_x = 1, .ofs_y = 0},
    {.bitmap_index = 11020, .adv_w = 221, .box_w = 12, .box_h = 20, .ofs_x = 1, .ofs_y = 0},
    {.bitmap_index = 11140, .adv_w = 221, .box_w = 12, .box_h = 20, .ofs_x = 1, .ofs_y = 0},
    {.bitmap_index = 11260, .adv_w = 221, .box_w = 12, .box_h = 19, .ofs_x = 1, .ofs_y = 0},
    {.bitmap_index = 11374, .adv_w = 202, .box_w = 13, .box_h = 20, .ofs_x = 0, .ofs_y = 0},
    {.bitmap_index = 11504, .adv_w = 205, .box_w = 12, .box_h = 14, .ofs_x = 1, .ofs_y = 0},
    {.bitmap_index = 11588, .adv_w = 217, .box_w = 14, .box_h = 15, .ofs_x = 0, .ofs_y = 0},
    {.bitmap_index = 11693, .adv_w = 179, .box_w = 11, .box_h = 17, .ofs_x = 0, .ofs_y = 0},
    {.bitmap_index = 11787, .adv_w = 179, .box_w = 11, .box_h = 17, .ofs_x = 0, .ofs_y = 0},
    {.bitmap_index = 11881, .adv_w = 179, .box_w = 11, .box_h = 17, .ofs_x = 0, .ofs_y = 0},
    {.bitmap_index = 11975, .adv_w = 179, .box_w = 11, .box_h = 15, .ofs_x = 0, .ofs_y = 0},
    {.bitmap_index = 12058, .adv_w = 179, .box_w = 11, .box_h = 15, .ofs_x = 0, .ofs_y = 0},
    {.bitmap_index = 12141, .adv_w = 179, .box_w = 11, .box_h = 18, .ofs_x = 0, .ofs_y = 0},
    {.bitmap_index = 12240, .adv_w = 276, .box_w = 17, .box_h = 11, .ofs_x = 0, .ofs_y = 0},
    {.bitmap_index = 12334, .adv_w = 164, .box_w = 10, .box_h = 15, .ofs_x = 0, .ofs_y = -4},
    {.bitmap_index = 12409, .adv_w = 179, .box_w = 11, .box_h = 17, .ofs_x = 0, .ofs_y = 0},
    {.bitmap_index = 12503, .adv_w = 179, .box_w = 11, .box_h = 17, .ofs_x = 0, .ofs_y = 0},
    {.bitmap_index = 12597, .adv_w = 179, .box_w = 11, .box_h = 17, .ofs_x = 0, .ofs_y = 0},
    {.bitmap_index = 12691, .adv_w = 179, .box_w = 11, .box_h = 15, .ofs_x = 0, .ofs_y = 0},
    {.bitmap_index = 12774, .adv_w = 88, .box_w = 5, .box_h = 17, .ofs_x = 0, .ofs_y = 0},
    {.bitmap_index = 12817, .adv_w = 88, .box_w = 5, .box_h = 17, .ofs_x = 1, .ofs_y = 0},
    {.bitmap_index = 12860, .adv_w = 88, .box_w = 8, .box_h = 16, .ofs_x = -1, .ofs_y = 0},
    {.bitmap_index = 12924, .adv_w = 88, .box_w = 8, .box_h = 15, .ofs_x = -1, .ofs_y = 0},
    {.bitmap_index = 12984, .adv_w = 188, .box_w = 11, .box_h = 16, .ofs_x = 0, .ofs_y = 0},
    {.bitmap_index = 13072, .adv_w = 188, .box_w = 10, .box_h = 15, .ofs_x = 1, .ofs_y = 0},
    {.bitmap_index = 13147, .adv_w = 180, .box_w = 11, .box_h = 17, .ofs_x = 0, .ofs_y = 0},
    {.bitmap_index = 13241, .adv_w = 180, .box_w = 11, .box_h = 17, .ofs_x = 0, .ofs_y = 0},
    {.bitmap_index = 13335, .adv_w = 180, .box_w = 11, .box_h = 17, .ofs_x = 0, .ofs_y = 0},
    {.bitmap_index = 13429, .adv_w = 180, .box_w = 11, .box_h = 15, .ofs_x = 0, .ofs_y = 0},
    {.bitmap_index = 13512, .adv_w = 180, .box_w = 11, .box_h = 15, .ofs_x = 0, .ofs_y = 0},
    {.bitmap_index = 13595, .adv_w = 192, .box_w = 10, .box_h = 12, .ofs_x = 1, .ofs_y = 1},
    {.bitmap_index = 13655, .adv_w = 183, .box_w = 12, .box_h = 13, .ofs_x = 0, .ofs_y = -1},
    {.bitmap_index = 13733, .adv_w = 188, .box_w = 10, .box_h = 17, .ofs_x = 1, .ofs_y = 0},
    {.bitmap_index = 13818, .adv_w = 188, .box_w = 10, .box_h = 17, .ofs_x = 1, .ofs_y = 0},
    {.bitmap_index = 13903, .adv_w = 188, .box_w = 10, .box_h = 17, .ofs_x = 1, .ofs_y = 0},
    {.bitmap_index = 13988, .adv_w = 188, .box_w = 10, .box_h = 15, .ofs_x = 1, .ofs_y = 0},
    {.bitmap_index = 14063, .adv_w = 168, .box_w = 11, .box_h = 21, .ofs_x = 0, .ofs_y = -4},
    {.bitmap_index = 14179, .adv_w = 192, .box_w = 11, .box_h = 19, .ofs_x = 1, .ofs_y = -4},
    {.bitmap_index = 14284, .adv_w = 168, .box_w = 11, .box_h = 19, .ofs_x = 0, .ofs_y = -4},
    {.bitmap_index = 14389, .adv_w = 188, .box_w = 12, .box_h = 3, .ofs_x = 0, .ofs_y = 5},
    {.bitmap_index = 14407, .adv_w = 250, .box_w = 15, .box_h = 3, .ofs_x = 0, .ofs_y = 5},
    {.bitmap_index = 14430, .adv_w = 93, .box_w = 5, .box_h = 6, .ofs_x = 1, .ofs_y = 9},
    {.bitmap_index = 14445, .adv_w = 93, .box_w = 5, .box_h = 6, .ofs_x = 0, .ofs_y = 9},
    {.bitmap_index = 14460, .adv_w = 94, .box_w = 5, .box_h = 6, .ofs_x = 0, .ofs_y = -2},
    {.bitmap_index = 14475, .adv_w = 165, .box_w = 9, .box_h = 6, .ofs_x = 1, .ofs_y = 9},
    {.bitmap_index = 14502, .adv_w = 165, .box_w = 10, .box_h = 6, .ofs_x = 0, .ofs_y = 9},
    {.bitmap_index = 14532, .adv_w = 134, .box_w = 7, .box_h = 6, .ofs_x = 1, .ofs_y = 3},
    {.bitmap_index = 14553, .adv_w = 278, .box_w = 15, .box_h = 4, .ofs_x = 1, .ofs_y = 0},
    {.bitmap_index = 14583, .adv_w = 280, .box_w = 15, .box_h = 10, .ofs_x = 1, .ofs_y = 2},
    {.bitmap_index = 14658, .adv_w = 280, .box_w = 10, .box_h = 15, .ofs_x = 4, .ofs_y = 0},
    {.bitmap_index = 14733, .adv_w = 280, .box_w = 15, .box_h = 10, .ofs_x = 1, .ofs_y = 2},
    {.bitmap_index = 14808, .adv_w = 280, .box_w = 10, .box_h = 15, .ofs_x = 4, .ofs_y = -1},
    {.bitmap_index = 14883, .adv_w = 192, .box_w = 10, .box_h = 3, .ofs_x = 1, .ofs_y = 5}
};

/*---------------------
 *  CHARACTER MAPPING
 *--------------------*/

static const uint16_t unicode_list_2[] = {
    0x0, 0x1, 0x5, 0x6, 0x7, 0x9, 0xa, 0xf,
    0x13, 0x17d, 0x17e, 0x17f, 0x180, 0x1ff
};

/*Collect the unicode lists and glyph_id offsets*/
static const lv_font_fmt_txt_cmap_t cmaps[] =
{
    {
        .range_start = 32, .range_length = 95, .glyph_id_start = 1,
        .unicode_list = NULL, .glyph_id_ofs_list = NULL, .list_length = 0, .type = LV_FONT_FMT_TXT_CMAP_FORMAT0_TINY
    },
    {
        .range_start = 160, .range_length = 96, .glyph_id_start = 96,
        .unicode_list = NULL, .glyph_id_ofs_list = NULL, .list_length = 0, .type = LV_FONT_FMT_TXT_CMAP_FORMAT0_TINY
    },
    {
        .range_start = 8211, .range_length = 512, .glyph_id_start = 192,
        .unicode_list = unicode_list_2, .glyph_id_ofs_list = NULL, .list_length = 14, .type = LV_FONT_FMT_TXT_CMAP_SPARSE_TINY
    }
};

/*-----------------
 *    KERNING
 *----------------*/


/*Map glyph_ids to kern left classes*/
static const uint8_t kern_left_class_mapping[] =
{
    0, 0, 0, 0, 0, 0, 1, 0,
    0, 0, 0, 0, 0, 0, 0, 0,
    0, 0, 0, 0, 0, 0, 0, 0,
    0, 0, 0, 0, 0, 0, 0, 0,
    0, 0, 2, 3, 4, 5, 6, 7,
    8, 0, 9, 10, 11, 12, 0, 0,
    0, 13, 0, 14, 15, 16, 17, 18,
    19, 20, 21, 22, 0, 0, 0, 0,
    0, 0, 23, 24, 25, 0, 26, 27,
    28, 29, 30, 31, 32, 33, 29, 29,
    34, 24, 35, 36, 37, 38, 39, 40,
    41, 42, 43, 44, 0, 0, 0, 0,
    0, 0, 0, 0, 0, 0, 0, 0,
    0, 0, 0, 0, 0, 0, 0, 0,
    0, 0, 0, 0, 0, 0, 0, 0,
    0, 0, 0, 0, 0, 0, 0, 0,
    2, 2, 2, 2, 2, 2, 6, 4,
    6, 6, 6, 6, 9, 9, 9, 9,
    5, 0, 0, 0, 0, 0, 0, 0,
    0, 17, 17, 17, 17, 21, 45, 46,
    23, 23, 23, 23, 23, 23, 26, 25,
    26, 26, 26, 26, 30, 30, 47, 48,
    49, 29, 34, 34, 34, 34, 34, 0,
    34, 39, 39, 39, 39, 43, 24, 43,
    0, 0, 0, 0, 0, 0, 0, 0,
    0, 0, 0, 0, 0, 0
};

/*Map glyph_ids to kern right classes*/
static const uint8_t kern_right_class_mapping[] =
{
    0, 0, 1, 2, 0, 0, 0, 3,
    2, 0, 4, 2, 0, 5, 6, 5,
    7, 0, 0, 0, 0, 0, 0, 0,
    0, 0, 0, 8, 8, 0, 0, 0,
    9, 10, 11, 0, 12, 0, 0, 0,
    12, 0, 13, 14, 0, 0, 0, 0,
    12, 0, 12, 0, 15, 16, 17, 18,
    19, 20, 21, 22, 0, 0, 23, 0,
    24, 0, 25, 0, 26, 27, 26, 28,
    29, 0, 30, 31, 0, 32, 33, 33,
    26, 34, 27, 33, 35, 36, 37, 38,
    39, 40, 41, 42, 0, 0, 23, 0,
    0, 0, 0, 0, 0, 0, 0, 0,
    0, 0, 43, 44, 0, 0, 45, 0,
    0, 0, 46, 47, 0, 0, 0, 0,
    0, 48, 49, 50, 0, 0, 0, 51,
    11, 11, 11, 11, 11, 11, 52, 12,
    0, 0, 0, 0, 13, 13, 13, 13,
    0, 0, 12, 12, 12, 12, 12, 0,
    12, 17, 17, 17, 17, 21, 0, 28,
    25, 25, 25, 25, 25, 25, 25, 26,
    26, 26, 26, 26, 53, 30, 54, 55,
    27, 33, 26, 26, 26, 26, 26, 0,
    26, 37, 37, 37, 37, 41, 0, 41,
    6, 6, 56, 57, 5, 56, 57, 0,
    5, 0, 0, 0, 0, 0
};

/*Kern values between classes*/
static const int8_t kern_class_values[] =
{
    0, -19, 0, 0, 0, 0, 0, 0,
    0, 0, 0, 0, 0, 0, 0, 0,
    0, 0, 0, 0, 0, 0, 0, 0,
    0, 0, 0, 0, 0, 0, 0, 0,
    0, 0, 0, 0, 0, 0, 0, 0,
    0, 0, 0, 0, 0, 0, 0, 0,
    0, 0, 0, 0, 0, 0, 0, -21,
    -21, 0, -16, -3, 0, 6, -5, 0,
    0, -12, -5, 4, -8, 0, -3, 0,
    -21, -7, -16, -6, 2, -21, 0, 0,
    5, 1, 0, 0, 0, 0, 0, 0,
    0, 0, 0, 0, -5, 0, -9, -5,
    0, -5, 3, 0, 0, -21, -16, -15,
    -22, 0, 0, 0, 4, 0, 0, 0,
    -22, -20, 0, 0, 0, 0, -5, 0,
    -7, 0, 0, 0, -4, 0, 0, -3,
    0, -8, 0, -8, -2, -7, -12, 0,
    0, -20, 0, 0, 0, -1, -1, 0,
    0, 0, 0, 0, 0, -2, 0, -3,
    -2, -4, -3, 0, 0, 0, -5, -1,
    -1, -1, 0, 0, 0, -4, 0, 0,
    0, 0, 0, 0, 1, -3, 0, 0,
    -4, -4, 0, 0, -3, -2, -4, 0,
    0, 0, 0, 0, 0, 0, -4, -3,
    0, 0, -12, 0, 0, 0, 0, 0,
    0, 0, 0, 0, 0, 0, 0, 0,
    0, 0, 0, 0, 0, 0, 0, 2,
    0, 0, 0, 0, 0, 0, -2, 0,
    0, 0, 1, 1, 0, -3, 0, 0,
    -12, 5, -11, 0, 0, 0, -10, 0,
    0, -8, 0, -8, 0, -8, -5, -8,
    -13, -7, 0, -8, 0, 0, 0, 0,
    0, 0, 0, 0, 0, 0, 0, 0,
    0, 0, 0, 0, 0, 0, 0, 6,
    0, 0, 0, 0, 0, 0, 0, -13,
    0, 0, 0, -8, -7, 0, 0, -4,
    0, 0, 0, 0, 0, 0, -3, 0,
    0, 0, -6, 0, 0, 0, -1, 0,
    0, -2, 0, 0, 0, 0, -3, -3,
    0, -2, 0, 0, 0, 0, 0, 0,
    0, 0, 0, 0, 0, 0, 0, 0,
    0, 0, 0, 0, -3, 0, 0, 0,
    0, 0, 0, 0, 0, 0, 0, 2,
    -12, 5, -30, 0, -23, 0, 1, -9,
    -24, -8, 0, -22, 0, 0, 0, 0,
    0, 0, 0, 0, 0, -44, -13, -10,
    -10, -2, -14, 0, -3, 0, -9, -9,
    -11, -4, -8, -6, -4, -12, -6, -7,
    0, 0, 0, 1, 1, 0, 0, 0,
    0, -30, 0, 10, 10, 0, 0, 0,
    -3, 0, 0, 0, 3, 0, 0, 0,
    0, 0, 0, 0, -3, 0, -12, 0,
    -8, -3, -3, -13, 0, 0, 0, 0,
    0, 0, 0, 0, 0, 0, 0, 0,
    0, 0, 0, 0, 0, 0, 0, 0,
    0, 0, 0, -4, -5, -3, -5, 0,
    0, 0, 0, 0, 0, 0, -8, -5,
    0, 0, -1, 0, 0, -10, 0, 0,
    0, -6, 0, 0, 0, 0, 0, -2,
    0, 0, 0, 0, 0, 0, 0, 1,
    0, -2, -2, 0, 0, 0, 0, 0,
    0, 0, -1, 0, 0, -1, 0, 0,
    -1, 0, 0, 0, 0, 0, 1, 0,
    0, 0, 0, 0, 0, 6, 6, 0,
    0, 0, 0, 0, 0, -8, 0, -9,
    0, 0, 0, -5, 0, 0, -4, 0,
    0, 0, 0, 0, -5, 0, 0, 0,
    -25, 0, 0, 0, 0, 0, 0, 0,
    0, 0, 0, 0, 0, 0, 0, 0,
    0, 0, 0, 0, 0, 0, 0, 0,
    0, 0, 0, 0, -8, 0, 0, 0,
    0, 0, 0, -3, -9, 3, 3, -15,
    0, 0, 0, -13, 0, -12, 0, -6,
    -3, -8, 0, -7, -3, 0, -6, 0,
    0, 0, -4, -8, -8, -6, -3, 0,
    0, -2, -3, -3, 0, -9, -5, -5,
    -5, -2, -5, 3, 0, -10, -13, -9,
    -9, -9, 0, -6, 0, 0, 0, 0,
    4, -8, -5, 0, -27, -2, 0, 7,
    -12, 4, 0, -18, -4, 6, -12, 0,
    0, 0, -23, -10, -22, -12, 0, -27,
    0, 0, 7, 1, -3, -3, 0, 0,
    0, 0, 0, 0, 0, 0, -5, -2,
    -16, -10, 3, -12, 4, 0, -6, -35,
    -25, -21, -22, 0, 0, 0, 6, 0,
    0, 0, -26, -25, 0, 2, -10, 0,
    -32, 0, -25, 0, 0, -3, -21, 0,
    0, -20, -2, 0, 0, -1, -2, -9,
    -6, -8, 0, -46, -4, -6, -6, 0,
    -10, 0, 0, 0, -3, -4, -4, 0,
    0, 0, 2, -5, 0, 0, 0, 0,
    0, 3, 3, 1, 0, 0, 0, -30,
    0, 0, 0, 3, 3, 0, 0, -8,
    0, 0, -5, -5, 0, 0, -6, 0,
    -3, 0, -10, 0, -8, -4, -9, -4,
    0, -12, 0, 0, 0, -3, -5, -5,
    0, -8, 0, 0, 0, 0, 0, 0,
    0, 0, 0, 0, 0, -1, 0, 0,
    0, 0, -1, -3, -5, 0, 0, 0,
    0, 0, 0, 0, 0, 0, 0, 0,
    -2, 0, 0, 4, -9, 0, 0, -2,
    0, 0, 0, 0, -4, -6, 0, -4,
    -4, 0, -10, 0, 0, -17, 0, 0,
    0, 0, 0, 0, 0, 0, 0, 0,
    0, -1, 0, 0, 0, 0, 0, 0,
    0, 6, -2, -3, -4, -4, 0, 0,
    0, 0, 0, 0, 0, -7, -4, 0,
    0, 0, 0, 0, 0, 0, -13, 0,
    0, 0, 0, 0, 0, 0, 0, 0,
    0, 0, 0, 0, 0, 0, 0, 0,
    0, 0, 0, 0, 0, 0, 0, 0,
    0, 0, 0, 0, 0, 0, 0, 0,
    0, 0, 0, 0, 0, 0, 0, 0,
    0, 0, 0, 0, 0, 0, 0, 0,
    0, 0, -2, 0, -10, 0, -11, 0,
    0, 0, -7, 0, 0, -5, 0, 0,
    0, 0, 0, 0, 0, 0, 0, -20,
    0, 0, 0, 0, -3, 0, 0, 0,
    0, 0, 0, 0, 0, 0, 0, 0,
    0, 0, 0, 0, 0, 0, 0, 0,
    0, 0, 0, -7, 0, 0, 0, 0,
    0, 0, 0, 0, 0, 0, 0, 0,
    -9, 0, 0, 0, 0, 0, 0, 0,
    0, 0, 0, 0, 0, 0, 0, 0,
    0, 0, 0, 0, 0, 0, 0, 0,
    0, 0, 0, 0, 0, 0, 0, 0,
    0, 0, 0, 0, 0, 0, 0, 0,
    0, 0, 0, 0, 0, 0, 0, 0,
    0, 0, 0, 5, -9, 3, -12, -3,
    -12, 0, 3, -6, -7, -5, 0, -13,
    0, 2, 0, 1, 1, 0, 0, -1,
    0, -16, -8, -7, -7, 0, -6, 0,
    -1, 0, -3, -2, -3, 0, -2, 0,
    -3, -3, 0, -3, 0, 0, 5, 4,
    4, 3, 0, 0, 0, -20, 0, 13,
    0, 2, 2, 0, 0, 0, 0, 0,
    0, 0, -4, 0, 0, 0, 0, 0,
    0, 0, 0, 0, 0, 0, 0, 0,
    0, 0, 0, 0, 0, 0, 0, 0,
    0, 0, 0, 0, 0, 0, 0, 0,
    0, 0, 0, 0, 0, 0, 0, 0,
    0, 0, 0, 0, 0, 0, 0, 0,
    0, 0, 0, 0, 0, 0, 0, 0,
    0, 0, 0, -15, 0, 0, 0, 0,
    0, 0, 0, 0, 0, 0, 0, 0,
    0, 0, 0, 0, 0, 0, 0, 0,
    0, 0, 0, 0, 0, 0, 0, 0,
    0, 0, 0, 0, 0, 0, 0, 0,
    0, 0, 0, 0, 0, 0, 0, 0,
    0, 0, 0, 0, 0, 0, 2, -3,
    3, 10, -13, 0, 0, 0, -5, 0,
    -5, 0, -2, 0, 0, 0, -2, -1,
    0, -2, 0, 0, 5, 0, -2, -1,
    0, 0, 0, 0, 0, 0, 0, 0,
    -3, -2, 0, 0, 0, -2, 0, 0,
    -6, 3, 1, 0, 1, 0, -3, 0,
    0, 0, 6, 9, 1, 1, 0, -5,
    0, 0, 3, -2, 6, 0, 0, 0,
    3, 0, 0, 0, 0, -22, 0, -10,
    -2, 0, -15, 2, 0, 3, 0, 0,
    0, 0, 0, 0, 0, 0, 0, 0,
    0, -1, 0, -3, -2, 0, -3, 0,
    0, 0, 0, -5, -1, -8, 0, 0,
    0, 3, 0, 0, 0, -10, 0, 0,
    -6, 0, 0, -5, 3, 0, 0, 0,
    0, 0, 0, -2, 0, 0, -21, 0,
    -11, -7, -6, -17, -1, 0, -17, 0,
    0, 0, -2, 0, 0, 0, 0, 0,
    0, 0, -2, 0, -3, -3, -5, -3,
    -2, 0, 5, -2, 0, 0, -2, 0,
    0, 0, 0, 0, 0, 0, -13, -10,
    0, 0, 0, 0, 0, 0, 0, 0,
    0, 0, 3, 0, 0, 2, 0, -15,
    0, -9, -3, 0, -15, 2, 0, -10,
    0, -2, -2, 0, 0, 0, 0, 0,
    0, 0, 0, 0, 0, 0, 0, 0,
    0, 0, 0, 2, 0, 1, 3, 0,
    0, 0, 0, 3, 0, 0, 0, -3,
    1, 0, -6, 0, 0, -5, 3, 0,
    0, 0, 0, 0, 0, -2, 0, -3,
    -21, 0, -11, -6, -6, -17, -2, 0,
    -18, 0, 0, 0, 0, 0, 0, 0,
    0, 0, 0, 0, 0, 0, -3, -2,
    -5, -2, -2, 0, 5, -2, 0, 0,
    -2, 0, 0, 0, 0, 0, 0, 0,
    -11, -10, 6, 10, -4, 8, -10, 0,
    -6, 0, 10, 0, -2, 5, 0, -7,
    0, 9, 0, 9, 8, 4, 8, 1,
    5, -20, 0, -1, -1, 1, -1, 3,
    0, 0, 0, 0, 0, 0, 0, 3,
    0, 0, 3, 0, 0, 0, 10, 8,
    12, 8, 0, 0, 0, -2, 4, 16,
    18, 11, 11, 0, 2, -1, 8, 3,
    0, 7, 0, 0, 0, 7, 0, 0,
    -3, 0, -3, 0, -3, 0, 3, -3,
    3, 3, 17, -1, -2, -2, 0, 2,
    0, 7, 0, 0, 0, 0, 0, -1,
    0, 0, 0, 2, 0, 0, 0, 4,
    3, 4, 3, 0, 0, 0, 7, 0,
    0, 0, 4, 4, 0, -5, 0, 0,
    0, 0, 0, 0, 0, 0, 0, 0,
    0, 0, 0, -18, 0, -11, -8, 0,
    -17, 0, 0, 0, 0, 0, 0, 0,
    0, 0, 0, 0, 0, 0, 0, 0,
    0, -3, -2, 0, -3, 0, 0, 0,
    -4, -1, 0, -5, 0, 0, 0, 0,
    0, 0, 0, -12, -5, 0, 0, 0,
    0, 0, 0, 0, 0, 0, 0, 0,
    0, 0, -3, 0, 0, 0, 0, 0,
    0, -4, 0, 0, 0, 0, 0, 0,
    0, 0, 0, 0, 0, 0, 0, 0,
    0, 0, 0, 0, 0, 0, 0, 0,
    0, 0, 6, 6, 6, 0, 0, 0,
    0, 0, 0, 0, 0, 0, 0, 0,
    0, 0, 0, 0, 0, 0, 0, 0,
    0, 0, 0, 0, 0, 0, 0, 0,
    0, 0, -2, 0, 0, 0, 0, 0,
    0, 0, 0, 0, 0, 0, 0, 0,
    0, 0, 0, 0, 0, 0, 0, 0,
    0, 0, 0, 0, 0, 0, 0, 0,
    0, 0, 0, 0, 0, 0, 0, 0,
    0, -4, 0, 0, -12, 0, 0, 0,
    -4, 5, -4, 0, -2, -2, -10, 0,
    -6, -3, 0, -15, 5, 0, 5, 0,
    -8, -6, 0, -1, 0, 0, 0, 0,
    0, -3, -3, -3, -4, -1, 0, -1,
    0, 0, -1, 2, -4, -4, -4, 0,
    -2, 0, 5, 0, 0, 0, -2, 2,
    0, 0, 0, 0, 3, -3, 0, 0,
    0, 0, 6, 0, 0, 2, 0, -5,
    0, -2, 0, 5, -6, 5, 0, 7,
    0, 0, 0, 0, 0, 0, 0, -2,
    0, 0, 0, -2, 0, -2, -1, 0,
    -2, 1, 0, 0, 0, -5, -5, -8,
    0, 0, 0, 6, 0, 0, 0, -9,
    -8, 0, -6, 0, 0, -5, 3, 0,
    0, 0, 0, 0, 0, -2, 0, 0,
    -21, 0, -11, -7, -6, -18, -2, 0,
    -18, 0, 0, 0, -2, 0, 0, 0,
    0, 0, 0, 0, -1, 0, -3, -3,
    -5, -3, -2, 0, 5, -2, 0, 0,
    -2, 0, 0, 0, 0, 0, 0, 0,
    -13, -10, 0, 0, 0, 0, 0, 0,
    0, 0, 0, 0, 0, 0, 0, 0,
    0, -13, 0, -8, -3, 0, -12, 0,
    0, 0, 0, 0, 0, 0, 0, 0,
    0, 0, 0, 0, 0, 0, 0, 0,
    0, 0, 0, 0, 0, 0, 0, 0,
    0, 2, 0, 0, 0, 0, 0, 0,
    0, -5, 3, 0, 10, -6, 0, -26,
    -2, -6, 0, 0, 0, -12, 3, 0,
    -7, 2, -3, 0, 0, 1, -6, -6,
    -4, 0, -26, -4, -2, -2, 3, -5,
    0, 0, 0, 0, 0, 0, 1, 0,
    3, 2, 0, 3, 0, 0, 0, 9,
    12, 14, 6, 0, 0, 0, -12, 0,
    0, 0, 8, 11, 0, -3, 0, 0,
    -2, -1, 0, 0, 0, 0, 0, 0,
    0, -1, 0, -21, 0, -10, 0, -7,
    -16, 0, 0, -13, 0, 0, 0, -1,
    -1, 0, 0, 0, 0, 0, -2, -3,
    0, -4, -3, -6, -4, -3, 0, 0,
    0, -3, -3, -6, 0, 0, 0, 0,
    0, 0, 0, -7, -4, 0, 0, -4,
    0, 0, -4, 0, 0, 0, 0, 2,
    0, 0, 0, 0, -8, 0, 0, 0,
    0, -6, 0, 2, 5, 0, -1, -1,
    -1, -1, 0, 0, 0, 0, 0, 0,
    -2, 0, 0, 0, 0, 0, 0, 0,
    -3, 5, 1, 5, 0, 0, 0, 0,
    2, 0, 0, 0, -1, 3, 0, 0,
    0, 0, 0, 0, 0, 0, 0, 0,
    0, 0, 0, 0, 0, -14, 0, -8,
    -2, 0, -15, 0, 0, 0, 0, 0,
    0, 0, 0, 0, 0, 0, 0, 0,
    0, 0, 0, 0, 0, 0, 0, 0,
    0, 0, 0, 0, 0, -2, 0, 0,
    0, 0, 0, 0, 0, 0, 2, 0,
    8, -5, 0, -15, -2, -4, 0, 0,
    0, -9, 0, -1, -7, 0, -9, 0,
    -3, 0, 0, -10, 0, 0, -22, -3,
    -3, -3, 1, -4, 0, 0, 0, 0,
    0, 0, 0, 0, 0, 0, 0, 0,
    -1, 0, 0, 10, 4, 6, 3, 0,
    0, 0, -9, 0, 0, 0, 8, 9,
    0, 6, -6, 0, -12, -1, 0, 0,
    0, -2, -5, 0, 0, -7, 0, -12,
    0, -3, -3, 0, -11, 0, 0, -15,
    -4, -3, -3, 0, -5, 0, 0, 0,
    0, 0, -1, 0, 0, 0, 0, 0,
    0, 0, 0, 0, 7, 2, 4, 1,
    0, 0, 0, -5, 0, 0, 0, 3,
    8, 0, 1, -9, 0, 0, -11, 0,
    0, 0, -5, 0, 0, 0, -4, 0,
    -12, 0, -3, -3, 0, -11, 0, 0,
    6, 0, -5, -5, 0, 0, 0, 0,
    0, 0, 0, -1, 0, 0, 0, 0,
    0, 0, 0, 0, -3, 6, 0, 0,
    0, 0, 0, 0, 0, 0, 0, 0,
    -1, 4, 0, 6, -9, 0, -15, -2,
    -2, 0, 0, -3, -5, 0, -1, -9,
    0, -11, 0, -3, 0, 0, -10, 0,
    0, -26, -4, -2, -2, 2, -8, 0,
    0, 0, 0, 0, -3, 0, 0, 0,
    0, 0, 0, -1, 0, 0, 11, 2,
    6, 1, 0, 0, 0, -5, 0, 0,
    0, 8, 9, 0, 2, -3, 0, 4,
    -6, 0, 0, 0, -3, 3, 0, 0,
    0, 0, -12, 0, -3, -2, 3, -9,
    0, 0, 2, 0, -4, -3, 0, 0,
    0, 0, 0, 0, 0, 0, 0, 0,
    0, 0, 0, 0, 0, 0, 0, 8,
    1, 1, 0, 0, 0, 0, 3, 0,
    0, 0, 1, 3, 0, -2, 0, 0,
    -16, 10, -16, 0, 0, 3, -8, 0,
    0, -13, 0, 0, 0, -10, -3, -13,
    -13, 0, 0, -44, 0, 4, 4, 0,
    0, 0, 0, 0, 0, 0, 2, 0,
    0, 2, 3, -4, 3, 0, 0, 10,
    0, 1, 0, 0, 0, 0, 0, -15,
    0, 0, 0, 0, 0, 0, -4, 0,
    0, 3, -1, 0, 0, -3, 0, 3,
    0, 0, 3, -2, -6, 0, -4, -4,
    0, -6, 2, 0, -16, 3, 1, 1,
    0, 2, 0, 0, 0, 0, 0, 0,
    -2, 0, -2, -3, 0, -2, 0, -8,
    5, -6, -6, -6, -6, -5, 0, 1,
    3, 0, 0, 0, -9, -9, 0, 0,
    0, 0, 0, 0, 0, 0, 0, 0,
    0, 0, 0, 0, 0, 13, 0, 13,
    13, 0, 10, 0, 0, 0, 0, 0,
    0, 0, 0, 0, 0, 0, 0, 0,
    0, 0, 0, 0, 0, 0, 0, 0,
    0, 0, 0, 0, 0, 0, 0, 0,
    0, 0, 0, 0, 0, 0, 0, 0,
    0, 0, 0, 0, 0, 0, 0, 0,
    0, 0, 0, 0, 0, 0, 15, 0,
    15, 0, 0, 14, 0, 0, 0, 0,
    0, 0, 0, 0, 0, 0, 0, 0,
    0, 0, 0, 0, 0, 0, 0, 0,
    0, 0, 0, 0, 0, 0, 0, 0,
    0, 0, 0, 0, 0, 0, 0, 0,
    0, 0, 0, 0, 0, 0, 0, 0,
    0, 0, 0, 0, 0, 0, 0, -17,
    0, 0, 0, 0, 0, 0, 0, 0,
    0, 0, 0, 0, 0, 0, 0, 0,
    0, 0, 0, 0, 0, 0, 0, 0,
    0, 0, 0, 0, 0, 0, 0, 0,
    0, 0, 0, 0, 0, 0, 0, 0,
    0
};


/*Collect the kern class' data in one place*/
static const lv_font_fmt_txt_kern_classes_t kern_classes =
{
    .class_pair_values   = kern_class_values,
    .left_class_mapping  = kern_left_class_mapping,
    .right_class_mapping = kern_right_class_mapping,
    .left_class_cnt      = 49,
    .right_class_cnt     = 57,
};

/*--------------------
 *  ALL CUSTOM DATA
 *--------------------*/

#if LVGL_VERSION_MAJOR == 8
/*Store all the custom data of the font*/
static  lv_font_fmt_txt_glyph_cache_t cache;
#endif

#if LVGL_VERSION_MAJOR >= 8
static const lv_font_fmt_txt_dsc_t font_dsc = {
#else
static lv_font_fmt_txt_dsc_t font_dsc = {
#endif
    .glyph_bitmap = glyph_bitmap,
    .glyph_dsc = glyph_dsc,
    .cmaps = cmaps,
    .kern_dsc = &kern_classes,
    .kern_scale = 16,
    .cmap_num = 3,
    .bpp = 4,
    .kern_classes = 1,
    .bitmap_format = 0,
#if LVGL_VERSION_MAJOR == 8
    .cache = &cache
#endif
};



/*-----------------
 *  PUBLIC FONT
 *----------------*/

/*Initialize a public general font descriptor*/
#if LVGL_VERSION_MAJOR >= 8
const lv_font_t plex_semi_20 = {
#else
lv_font_t plex_semi_20 = {
#endif
    .get_glyph_dsc = lv_font_get_glyph_dsc_fmt_txt,    /*Function pointer to get glyph's data*/
    .get_glyph_bitmap = lv_font_get_bitmap_fmt_txt,    /*Function pointer to get glyph's bitmap*/
    .line_height = 26,          /*The maximum line height required by the font*/
    .base_line = 5,             /*Baseline measured from the bottom of the line*/
#if !(LVGL_VERSION_MAJOR == 6 && LVGL_VERSION_MINOR == 0)
    .subpx = LV_FONT_SUBPX_NONE,
#endif
#if LV_VERSION_CHECK(7, 4, 0) || LVGL_VERSION_MAJOR >= 8
    .underline_position = -1,
    .underline_thickness = 2,
#endif
    .dsc = &font_dsc,          /*The custom font data. Will be accessed by `get_glyph_bitmap/dsc` */
#if LV_VERSION_CHECK(8, 2, 0) || LVGL_VERSION_MAJOR >= 9
    .fallback = NULL,
#endif
    .user_data = NULL,
};



#endif /*#if PLEX_SEMI_20*/

