/*******************************************************************************
 * Size: 28 px
 * Bpp: 4
 * Opts: --no-compress --format lvgl --bpp 4 --size 28 --font tools/.fontcache/SourceSerif4-Semibold.ttf -r 0x20-0x7E,0xA0-0xFF,0x2013-0x2014,0x2018-0x201D,0x2022,0x2026,0x2212 --lv-include lvgl.h -o main/fonts/serif_28.c --lv-font-name serif_28
 ******************************************************************************/

#ifdef LV_LVGL_H_INCLUDE_SIMPLE
#include "lvgl.h"
#else
#include "lvgl.h"
#endif

#ifndef SERIF_28
#define SERIF_28 1
#endif

#if SERIF_28

/*-----------------
 *    BITMAPS
 *----------------*/

/*Store the image of the glyphs*/
static LV_ATTRIBUTE_LARGE_CONST const uint8_t glyph_bitmap[] = {
    /* U+0020 " " */

    /* U+0021 "!" */
    0x1c, 0xfb, 0x8, 0xff, 0xf6, 0xaf, 0xff, 0x89,
    0xff, 0xf7, 0x7f, 0xff, 0x55, 0xff, 0xf3, 0x3f,
    0xff, 0x0, 0xff, 0xe0, 0xd, 0xfb, 0x0, 0xbf,
    0x80, 0x8, 0xf6, 0x0, 0x6f, 0x30, 0x2, 0xa1,
    0x0, 0x0, 0x0, 0x2, 0x51, 0x4, 0xff, 0xf2,
    0xbf, 0xff, 0x89, 0xff, 0xf7, 0x1b, 0xfa, 0x0,

    /* U+0022 "\"" */
    0x5e, 0xd2, 0x1, 0xdf, 0x6c, 0xff, 0x90, 0x7f,
    0xfe, 0xdf, 0xfa, 0x8, 0xff, 0xfc, 0xff, 0x80,
    0x7f, 0xfe, 0x9f, 0xf6, 0x4, 0xff, 0xb6, 0xff,
    0x30, 0x1f, 0xf8, 0x4f, 0xf0, 0x0, 0xef, 0x61,
    0xfd, 0x0, 0xb, 0xf2, 0xd, 0xa0, 0x0, 0x8f,
    0x0, 0x10, 0x0, 0x0, 0x10,

    /* U+0023 "#" */
    0x0, 0x0, 0xd, 0xe0, 0x0, 0xe, 0xd0, 0x0,
    0x0, 0x0, 0xfc, 0x0, 0x1, 0xfb, 0x0, 0x0,
    0x0, 0x2f, 0x90, 0x0, 0x3f, 0x80, 0x0, 0x0,
    0x4, 0xf7, 0x0, 0x5, 0xf6, 0x0, 0x0, 0x0,
    0x7f, 0x50, 0x0, 0x8f, 0x40, 0x0, 0x7f, 0xff,
    0xff, 0xff, 0xff, 0xff, 0xfa, 0x7, 0xff, 0xff,
    0xff, 0xff, 0xff, 0xff, 0xa0, 0x5b, 0xbf, 0xfb,
    0xbb, 0xbf, 0xeb, 0xb7, 0x0, 0x0, 0xfb, 0x0,
    0x1, 0xfa, 0x0, 0x0, 0x0, 0x2f, 0x90, 0x0,
    0x3f, 0x80, 0x0, 0x0, 0x4, 0xf7, 0x0, 0x6,
    0xf5, 0x0, 0x4, 0xaa, 0xcf, 0xca, 0xaa, 0xdf,
    0xca, 0x80, 0x6f, 0xff, 0xff, 0xff, 0xff, 0xff,
    0xfc, 0x6, 0xff, 0xff, 0xff, 0xff, 0xff, 0xff,
    0xc0, 0x0, 0xe, 0xe0, 0x0, 0xf, 0xc0, 0x0,
    0x0, 0x0, 0xfb, 0x0, 0x1, 0xfa, 0x0, 0x0,
    0x0, 0x2f, 0x90, 0x0, 0x4f, 0x70, 0x0, 0x0,
    0x5, 0xf7, 0x0, 0x6, 0xf5, 0x0, 0x0, 0x0,
    0x7f, 0x40, 0x0, 0x8f, 0x30, 0x0, 0x0,

    /* U+0024 "$" */
    0x0, 0x0, 0x2, 0xf4, 0x0, 0x0, 0x0, 0x0,
    0x0, 0x2f, 0x40, 0x0, 0x0, 0x0, 0x0, 0x37,
    0xf8, 0x20, 0x0, 0x0, 0x3, 0xdf, 0xff, 0xff,
    0xd3, 0x0, 0x4, 0xff, 0x94, 0xf4, 0x8f, 0xf4,
    0x0, 0xef, 0xa0, 0x2f, 0x45, 0xff, 0xc0, 0x4f,
    0xf6, 0x2, 0xf4, 0xe, 0xfe, 0x6, 0xff, 0x80,
    0x2f, 0x40, 0x28, 0x30, 0x5f, 0xfe, 0x12, 0xf4,
    0x0, 0x0, 0x1, 0xff, 0xfe, 0x9f, 0x40, 0x0,
    0x0, 0x8, 0xff, 0xff, 0xfc, 0x50, 0x0, 0x0,
    0x8, 0xff, 0xff, 0xff, 0xd4, 0x0, 0x0, 0x3,
    0xbf, 0xff, 0xff, 0xf4, 0x0, 0x0, 0x0, 0x5f,
    0xef, 0xff, 0xe0, 0x0, 0x0, 0x4, 0xf2, 0x6f,
    0xff, 0x50, 0x0, 0x0, 0x4f, 0x20, 0x9f, 0xf8,
    0x4f, 0xe3, 0x4, 0xf2, 0x6, 0xff, 0x78, 0xff,
    0x90, 0x4f, 0x20, 0x8f, 0xf3, 0x3f, 0xfd, 0x4,
    0xf2, 0x2e, 0xfb, 0x0, 0x7f, 0xf7, 0x9f, 0xbf,
    0xfb, 0x0, 0x0, 0x4a, 0xef, 0xfe, 0xb5, 0x0,
    0x0, 0x0, 0x0, 0x4f, 0x20, 0x0, 0x0, 0x0,
    0x0, 0x4, 0xf2, 0x0, 0x0, 0x0, 0x0, 0x0,
    0x4f, 0x20, 0x0, 0x0,

    /* U+0025 "%" */
    0x0, 0x8e, 0xfb, 0x20, 0x0, 0x0, 0x0, 0x0,
    0x7, 0x0, 0x0, 0x0, 0xbf, 0x51, 0xdf, 0x20,
    0x0, 0x0, 0x0, 0xa, 0xe1, 0x0, 0x0, 0x5f,
    0xd0, 0x6, 0xfb, 0x0, 0x0, 0x0, 0x4, 0xf5,
    0x0, 0x0, 0xa, 0xfa, 0x0, 0x3f, 0xf1, 0x0,
    0x0, 0x1, 0xea, 0x0, 0x0, 0x0, 0xcf, 0x90,
    0x2, 0xff, 0x30, 0x0, 0x0, 0xae, 0x10, 0x0,
    0x0, 0xd, 0xf8, 0x0, 0x1f, 0xf4, 0x0, 0x0,
    0x5f, 0x40, 0x0, 0x0, 0x0, 0xcf, 0x90, 0x2,
    0xff, 0x30, 0x0, 0x1e, 0x90, 0x0, 0x0, 0x0,
    0xa, 0xfa, 0x0, 0x3f, 0xf1, 0x0, 0xb, 0xe0,
    0x4, 0xcf, 0xc4, 0x0, 0x5f, 0xd0, 0x6, 0xfb,
    0x0, 0x6, 0xf4, 0x4, 0xfa, 0xa, 0xf5, 0x0,
    0xbf, 0x51, 0xdf, 0x20, 0x1, 0xf9, 0x0, 0xef,
    0x20, 0x2f, 0xe0, 0x0, 0x8d, 0xeb, 0x20, 0x0,
    0xbd, 0x0, 0x4f, 0xf0, 0x0, 0xff, 0x40, 0x0,
    0x0, 0x0, 0x0, 0x6f, 0x30, 0x7, 0xfe, 0x0,
    0xd, 0xf7, 0x0, 0x0, 0x0, 0x0, 0x2f, 0x80,
    0x0, 0x8f, 0xd0, 0x0, 0xcf, 0x90, 0x0, 0x0,
    0x0, 0xc, 0xd0, 0x0, 0x8, 0xfd, 0x0, 0xd,
    0xf9, 0x0, 0x0, 0x0, 0x7, 0xf3, 0x0, 0x0,
    0x7f, 0xe0, 0x0, 0xdf, 0x70, 0x0, 0x0, 0x2,
    0xf8, 0x0, 0x0, 0x4, 0xff, 0x0, 0xf, 0xf4,
    0x0, 0x0, 0x0, 0xcc, 0x0, 0x0, 0x0, 0xe,
    0xf2, 0x2, 0xfe, 0x0, 0x0, 0x0, 0x7f, 0x20,
    0x0, 0x0, 0x0, 0x5f, 0x90, 0x9f, 0x50, 0x0,
    0x0, 0x2f, 0x70, 0x0, 0x0, 0x0, 0x0, 0x5c,
    0xfd, 0x50, 0x0, 0x0, 0x3, 0xa0, 0x0, 0x0,
    0x0, 0x0, 0x0, 0x0, 0x0, 0x0,

    /* U+0026 "&" */
    0x0, 0x0, 0x18, 0xdf, 0xfd, 0x80, 0x0, 0x0,
    0x0, 0x0, 0x0, 0x2, 0xef, 0x92, 0x3c, 0xfc,
    0x0, 0x0, 0x0, 0x0, 0x0, 0xb, 0xfc, 0x0,
    0x1, 0xff, 0x40, 0x0, 0x0, 0x0, 0x0, 0xf,
    0xfa, 0x0, 0x0, 0xff, 0x60, 0x0, 0x0, 0x0,
    0x0, 0xf, 0xfd, 0x0, 0x4, 0xff, 0x30, 0x0,
    0x0, 0x0, 0x0, 0xb, 0xff, 0x60, 0x1d, 0xf9,
    0x0, 0x0, 0x0, 0x0, 0x0, 0x5, 0xff, 0xf5,
    0xcf, 0x80, 0x6, 0x88, 0x88, 0x81, 0x0, 0x0,
    0xbf, 0xff, 0xb2, 0x0, 0x8, 0xef, 0xff, 0xc2,
    0x0, 0x0, 0x8f, 0xff, 0xd1, 0x0, 0x0, 0xb,
    0xe0, 0x0, 0x0, 0x2d, 0xf6, 0xef, 0xfc, 0x0,
    0x0, 0xf, 0x90, 0x0, 0x2, 0xef, 0x70, 0x4f,
    0xff, 0xb0, 0x0, 0x4f, 0x30, 0x0, 0xb, 0xff,
    0x0, 0x6, 0xff, 0xfa, 0x0, 0xbd, 0x0, 0x0,
    0x1f, 0xfd, 0x0, 0x0, 0x9f, 0xff, 0x93, 0xf4,
    0x0, 0x0, 0x4f, 0xfd, 0x0, 0x0, 0xb, 0xff,
    0xfe, 0xb0, 0x0, 0x0, 0x3f, 0xff, 0x10, 0x0,
    0x1, 0xdf, 0xff, 0x70, 0x0, 0x0, 0xf, 0xff,
    0xa0, 0x0, 0x0, 0x2f, 0xff, 0xf6, 0x0, 0x0,
    0x8, 0xff, 0xfb, 0x41, 0x14, 0xbf, 0xff, 0xff,
    0x73, 0x0, 0x0, 0xaf, 0xff, 0xff, 0xff, 0xe4,
    0x4f, 0xff, 0xff, 0xf1, 0x0, 0x5, 0xbe, 0xfe,
    0xc7, 0x10, 0x2, 0xae, 0xff, 0xc0,

    /* U+0027 "'" */
    0x5e, 0xd2, 0xcf, 0xf9, 0xdf, 0xfa, 0xcf, 0xf8,
    0x9f, 0xf6, 0x6f, 0xf3, 0x4f, 0xf0, 0x1f, 0xd0,
    0xd, 0xa0, 0x1, 0x0,

    /* U+0028 "(" */
    0x0, 0x0, 0x3, 0xa0, 0x0, 0x0, 0x3f, 0xd0,
    0x0, 0x2, 0xef, 0x30, 0x0, 0xd, 0xf9, 0x0,
    0x0, 0x8f, 0xe1, 0x0, 0x1, 0xff, 0x80, 0x0,
    0x8, 0xff, 0x10, 0x0, 0xe, 0xfb, 0x0, 0x0,
    0x3f, 0xf6, 0x0, 0x0, 0x7f, 0xf3, 0x0, 0x0,
    0xaf, 0xf1, 0x0, 0x0, 0xcf, 0xf0, 0x0, 0x0,
    0xdf, 0xe0, 0x0, 0x0, 0xdf, 0xe0, 0x0, 0x0,
    0xcf, 0xf0, 0x0, 0x0, 0xaf, 0xf0, 0x0, 0x0,
    0x8f, 0xf3, 0x0, 0x0, 0x4f, 0xf6, 0x0, 0x0,
    0xf, 0xfa, 0x0, 0x0, 0x9, 0xff, 0x0, 0x0,
    0x2, 0xff, 0x60, 0x0, 0x0, 0x9f, 0xd0, 0x0,
    0x0, 0x1e, 0xf7, 0x0, 0x0, 0x4, 0xff, 0x10,
    0x0, 0x0, 0x6f, 0xb0, 0x0, 0x0, 0x6, 0xd1,
    0x0, 0x0, 0x0, 0x0,

    /* U+0029 ")" */
    0xa, 0x30, 0x0, 0x0, 0xd, 0xf3, 0x0, 0x0,
    0x3, 0xfe, 0x20, 0x0, 0x0, 0x9f, 0xc0, 0x0,
    0x0, 0x1e, 0xf7, 0x0, 0x0, 0x8, 0xff, 0x10,
    0x0, 0x1, 0xff, 0x80, 0x0, 0x0, 0xbf, 0xe0,
    0x0, 0x0, 0x7f, 0xf3, 0x0, 0x0, 0x3f, 0xf7,
    0x0, 0x0, 0x1f, 0xfa, 0x0, 0x0, 0xf, 0xfc,
    0x0, 0x0, 0xf, 0xfc, 0x0, 0x0, 0xe, 0xfd,
    0x0, 0x0, 0xf, 0xfc, 0x0, 0x0, 0xf, 0xfa,
    0x0, 0x0, 0x3f, 0xf8, 0x0, 0x0, 0x6f, 0xf4,
    0x0, 0x0, 0xaf, 0xf0, 0x0, 0x0, 0xff, 0x90,
    0x0, 0x6, 0xff, 0x20, 0x0, 0xd, 0xf9, 0x0,
    0x0, 0x7f, 0xe1, 0x0, 0x1, 0xff, 0x40, 0x0,
    0xb, 0xf6, 0x0, 0x0, 0x1d, 0x60, 0x0, 0x0,
    0x0, 0x0, 0x0, 0x0,

    /* U+002A "*" */
    0x0, 0x0, 0xc, 0xe1, 0x0, 0x0, 0x0, 0x0,
    0xf, 0xf4, 0x0, 0x0, 0x0, 0x0, 0xf, 0xf2,
    0x0, 0x0, 0x2b, 0x70, 0xb, 0xe0, 0x6, 0xb4,
    0x7f, 0xfe, 0x68, 0xb4, 0xdf, 0xfb, 0x1a, 0xdf,
    0xfe, 0xef, 0xfe, 0xb3, 0x0, 0x0, 0x2e, 0xe4,
    0x0, 0x0, 0x0, 0x3, 0xeb, 0x8f, 0x40, 0x0,
    0x0, 0x3f, 0xf4, 0x2f, 0xf4, 0x0, 0x0, 0xcf,
    0xd0, 0xb, 0xfe, 0x0, 0x0, 0x7e, 0x30, 0x2,
    0xea, 0x0, 0x0, 0x0, 0x0, 0x0, 0x0, 0x0,

    /* U+002B "+" */
    0x0, 0x0, 0x0, 0x12, 0x10, 0x0, 0x0, 0x0,
    0x0, 0x0, 0x8, 0xf9, 0x0, 0x0, 0x0, 0x0,
    0x0, 0x0, 0x8f, 0x90, 0x0, 0x0, 0x0, 0x0,
    0x0, 0x8, 0xf9, 0x0, 0x0, 0x0, 0x0, 0x0,
    0x0, 0x8f, 0x90, 0x0, 0x0, 0x0, 0x0, 0x0,
    0x8, 0xf9, 0x0, 0x0, 0x0, 0x0, 0x0, 0x0,
    0x8f, 0x90, 0x0, 0x0, 0x3, 0xff, 0xff, 0xff,
    0xff, 0xff, 0xff, 0xf3, 0x3f, 0xff, 0xff, 0xff,
    0xff, 0xff, 0xff, 0x30, 0x0, 0x0, 0x8, 0xf9,
    0x0, 0x0, 0x0, 0x0, 0x0, 0x0, 0x8f, 0x90,
    0x0, 0x0, 0x0, 0x0, 0x0, 0x8, 0xf9, 0x0,
    0x0, 0x0, 0x0, 0x0, 0x0, 0x8f, 0x90, 0x0,
    0x0, 0x0, 0x0, 0x0, 0x8, 0xf9, 0x0, 0x0,
    0x0, 0x0, 0x0, 0x0, 0x8f, 0x90, 0x0, 0x0,
    0x0,

    /* U+002C "," */
    0x4, 0xde, 0x90, 0xe, 0xff, 0xf3, 0xf, 0xff,
    0xf5, 0x7, 0xff, 0xf4, 0x0, 0x3d, 0xf2, 0x0,
    0xe, 0xc0, 0x0, 0xbf, 0x30, 0x4d, 0xf5, 0x0,
    0x6a, 0x20, 0x0,

    /* U+002D "-" */
    0x23, 0x33, 0x33, 0x2e, 0xff, 0xff, 0xff, 0xef,
    0xff, 0xff, 0xf0,

    /* U+002E "." */
    0x0, 0x57, 0x10, 0xa, 0xff, 0xe1, 0xf, 0xff,
    0xf6, 0xd, 0xff, 0xf4, 0x3, 0xde, 0x80,

    /* U+002F "/" */
    0x0, 0x0, 0x0, 0x3, 0x86, 0x0, 0x0, 0x0,
    0xb, 0xf8, 0x0, 0x0, 0x0, 0xf, 0xf3, 0x0,
    0x0, 0x0, 0x4f, 0xe0, 0x0, 0x0, 0x0, 0x9f,
    0x90, 0x0, 0x0, 0x0, 0xef, 0x40, 0x0, 0x0,
    0x3, 0xff, 0x0, 0x0, 0x0, 0x8, 0xfb, 0x0,
    0x0, 0x0, 0xd, 0xf6, 0x0, 0x0, 0x0, 0x2f,
    0xf1, 0x0, 0x0, 0x0, 0x7f, 0xc0, 0x0, 0x0,
    0x0, 0xbf, 0x70, 0x0, 0x0, 0x1, 0xff, 0x20,
    0x0, 0x0, 0x5, 0xfd, 0x0, 0x0, 0x0, 0xa,
    0xf8, 0x0, 0x0, 0x0, 0xf, 0xf4, 0x0, 0x0,
    0x0, 0x4f, 0xe0, 0x0, 0x0, 0x0, 0x9f, 0xa0,
    0x0, 0x0, 0x0, 0xef, 0x50, 0x0, 0x0, 0x2,
    0xff, 0x0, 0x0, 0x0, 0x7, 0xfb, 0x0, 0x0,
    0x0, 0xc, 0xf6, 0x0, 0x0, 0x0, 0x1f, 0xf1,
    0x0, 0x0, 0x0, 0x6f, 0xd0, 0x0, 0x0, 0x0,
    0xbf, 0x80, 0x0, 0x0, 0x0,

    /* U+0030 "0" */
    0x0, 0x2, 0xae, 0xfc, 0x60, 0x0, 0x0, 0x6,
    0xff, 0x96, 0xdf, 0xd1, 0x0, 0x3, 0xff, 0x80,
    0x1, 0xef, 0xc0, 0x0, 0xcf, 0xf1, 0x0, 0x8,
    0xff, 0x50, 0x3f, 0xfd, 0x0, 0x0, 0x4f, 0xfc,
    0x7, 0xff, 0xa0, 0x0, 0x1, 0xff, 0xf1, 0xaf,
    0xf8, 0x0, 0x0, 0xf, 0xff, 0x4c, 0xff, 0x70,
    0x0, 0x0, 0xef, 0xf6, 0xdf, 0xf6, 0x0, 0x0,
    0xe, 0xff, 0x7e, 0xff, 0x60, 0x0, 0x0, 0xdf,
    0xf7, 0xef, 0xf6, 0x0, 0x0, 0xe, 0xff, 0x7c,
    0xff, 0x70, 0x0, 0x0, 0xef, 0xf6, 0xbf, 0xf8,
    0x0, 0x0, 0xf, 0xff, 0x47, 0xff, 0xa0, 0x0,
    0x1, 0xff, 0xf1, 0x3f, 0xfc, 0x0, 0x0, 0x4f,
    0xfc, 0x0, 0xcf, 0xf1, 0x0, 0x8, 0xff, 0x60,
    0x3, 0xff, 0x80, 0x1, 0xef, 0xc0, 0x0, 0x6,
    0xff, 0x96, 0xdf, 0xd1, 0x0, 0x0, 0x2, 0xae,
    0xfd, 0x70, 0x0, 0x0,

    /* U+0031 "1" */
    0x0, 0x0, 0x1, 0x51, 0x0, 0x0, 0x26, 0x9d,
    0xff, 0x30, 0x0, 0x6f, 0xff, 0xff, 0xf3, 0x0,
    0x3, 0x65, 0x6f, 0xff, 0x30, 0x0, 0x0, 0x3,
    0xff, 0xf2, 0x0, 0x0, 0x0, 0x3f, 0xff, 0x20,
    0x0, 0x0, 0x3, 0xff, 0xf2, 0x0, 0x0, 0x0,
    0x3f, 0xff, 0x20, 0x0, 0x0, 0x3, 0xff, 0xf2,
    0x0, 0x0, 0x0, 0x3f, 0xff, 0x20, 0x0, 0x0,
    0x3, 0xff, 0xf2, 0x0, 0x0, 0x0, 0x3f, 0xff,
    0x20, 0x0, 0x0, 0x3, 0xff, 0xf2, 0x0, 0x0,
    0x0, 0x3f, 0xff, 0x20, 0x0, 0x0, 0x3, 0xff,
    0xf2, 0x0, 0x0, 0x0, 0x3f, 0xff, 0x20, 0x0,
    0x0, 0x3, 0xff, 0xf2, 0x0, 0x3, 0x7a, 0xdf,
    0xff, 0xda, 0x73, 0xef, 0xff, 0xff, 0xff, 0xff,
    0xd0,

    /* U+0032 "2" */
    0x0, 0x17, 0xce, 0xfe, 0xb4, 0x0, 0x0, 0x3e,
    0xf7, 0x6a, 0xff, 0xf8, 0x0, 0x1e, 0xfe, 0x0,
    0x7, 0xff, 0xf3, 0x7, 0xff, 0xb0, 0x0, 0xe,
    0xff, 0x90, 0xaf, 0xf6, 0x0, 0x0, 0xbf, 0xfc,
    0x2, 0xa8, 0x0, 0x0, 0xb, 0xff, 0xb0, 0x0,
    0x0, 0x0, 0x0, 0xdf, 0xf9, 0x0, 0x0, 0x0,
    0x0, 0x2f, 0xff, 0x30, 0x0, 0x0, 0x0, 0x8,
    0xff, 0xa0, 0x0, 0x0, 0x0, 0x2, 0xff, 0xd1,
    0x0, 0x0, 0x0, 0x0, 0xcf, 0xe2, 0x0, 0x0,
    0x0, 0x0, 0x9f, 0xe2, 0x0, 0x0, 0x0, 0x0,
    0x8f, 0xe2, 0x0, 0x0, 0x0, 0x0, 0x6f, 0xd1,
    0x0, 0x0, 0x0, 0x0, 0x5f, 0xc1, 0x0, 0x0,
    0x0, 0x0, 0x5f, 0xa0, 0x0, 0x0, 0x0, 0x0,
    0x4f, 0xfe, 0xee, 0xee, 0xee, 0xee, 0x59, 0xff,
    0xff, 0xff, 0xff, 0xff, 0xf6, 0x9f, 0xff, 0xff,
    0xff, 0xff, 0xff, 0x60,

    /* U+0033 "3" */
    0x0, 0x5, 0xbe, 0xfe, 0xb5, 0x0, 0x0, 0xc,
    0xfb, 0x68, 0xef, 0xfa, 0x0, 0x9, 0xff, 0x50,
    0x1, 0xff, 0xf7, 0x0, 0xff, 0xf1, 0x0, 0x8,
    0xff, 0xd0, 0xa, 0xe8, 0x0, 0x0, 0x6f, 0xff,
    0x0, 0x0, 0x0, 0x0, 0x7, 0xff, 0xd0, 0x0,
    0x0, 0x0, 0x0, 0xbf, 0xf7, 0x0, 0x0, 0x0,
    0x0, 0x7f, 0xfc, 0x0, 0x0, 0x0, 0x89, 0xcf,
    0xf9, 0x0, 0x0, 0x0, 0x1f, 0xff, 0xfc, 0x71,
    0x0, 0x0, 0x0, 0x0, 0x3a, 0xff, 0xe3, 0x0,
    0x0, 0x0, 0x0, 0xa, 0xff, 0xe0, 0x0, 0x0,
    0x0, 0x0, 0x2f, 0xff, 0x50, 0x42, 0x0, 0x0,
    0x0, 0xff, 0xf8, 0x9f, 0xf2, 0x0, 0x0, 0x1f,
    0xff, 0x69, 0xff, 0x80, 0x0, 0x4, 0xff, 0xf2,
    0x3f, 0xfc, 0x0, 0x1, 0xdf, 0xf9, 0x0, 0x7f,
    0xf6, 0x69, 0xef, 0xfa, 0x0, 0x0, 0x3a, 0xef,
    0xfd, 0x94, 0x0, 0x0,

    /* U+0034 "4" */
    0x0, 0x0, 0x0, 0x0, 0x7f, 0xf2, 0x0, 0x0,
    0x0, 0x0, 0x2, 0xff, 0xf2, 0x0, 0x0, 0x0,
    0x0, 0xc, 0xff, 0xf2, 0x0, 0x0, 0x0, 0x0,
    0x7f, 0xff, 0xf2, 0x0, 0x0, 0x0, 0x2, 0xf7,
    0xef, 0xf2, 0x0, 0x0, 0x0, 0xc, 0xc0, 0xef,
    0xf2, 0x0, 0x0, 0x0, 0x7f, 0x20, 0xef, 0xf2,
    0x0, 0x0, 0x2, 0xf7, 0x0, 0xef, 0xf2, 0x0,
    0x0, 0xc, 0xc0, 0x0, 0xef, 0xf2, 0x0, 0x0,
    0x7f, 0x30, 0x0, 0xef, 0xf2, 0x0, 0x2, 0xf8,
    0x0, 0x0, 0xef, 0xf2, 0x0, 0xc, 0xd0, 0x0,
    0x0, 0xef, 0xf2, 0x0, 0x5f, 0xff, 0xff, 0xff,
    0xff, 0xff, 0xff, 0x6f, 0xff, 0xff, 0xff, 0xff,
    0xff, 0xff, 0x26, 0x66, 0x66, 0x66, 0xff, 0xf8,
    0x66, 0x0, 0x0, 0x0, 0x0, 0xef, 0xf2, 0x0,
    0x0, 0x0, 0x0, 0x0, 0xef, 0xf2, 0x0, 0x0,
    0x0, 0x0, 0x0, 0xef, 0xf2, 0x0, 0x0, 0x0,
    0x0, 0x0, 0xef, 0xf2, 0x0,

    /* U+0035 "5" */
    0x0, 0xae, 0xee, 0xee, 0xee, 0xed, 0x0, 0xc,
    0xff, 0xff, 0xff, 0xff, 0xf0, 0x0, 0xdf, 0xff,
    0xff, 0xff, 0xff, 0x0, 0xe, 0xa0, 0x0, 0x0,
    0x0, 0x0, 0x0, 0xf9, 0x0, 0x0, 0x0, 0x0,
    0x0, 0xf, 0x80, 0x0, 0x0, 0x0, 0x0, 0x1,
    0xf7, 0x0, 0x0, 0x0, 0x0, 0x0, 0x3f, 0xcb,
    0xdd, 0xc8, 0x20, 0x0, 0x3, 0xff, 0xff, 0xff,
    0xff, 0x80, 0x0, 0x3, 0x20, 0x3, 0xbf, 0xff,
    0x80, 0x0, 0x0, 0x0, 0x0, 0xbf, 0xff, 0x10,
    0x0, 0x0, 0x0, 0x4, 0xff, 0xf6, 0x0, 0x0,
    0x0, 0x0, 0xf, 0xff, 0x81, 0x74, 0x0, 0x0,
    0x0, 0xff, 0xf7, 0xcf, 0xf2, 0x0, 0x0, 0x1f,
    0xff, 0x5b, 0xff, 0x70, 0x0, 0x6, 0xff, 0xe0,
    0x4f, 0xfa, 0x0, 0x2, 0xef, 0xf6, 0x0, 0x8f,
    0xe7, 0x69, 0xff, 0xf6, 0x0, 0x0, 0x4b, 0xef,
    0xec, 0x82, 0x0, 0x0,

    /* U+0036 "6" */
    0x0, 0x0, 0x0, 0x0, 0x0, 0x0, 0x0, 0x0,
    0x0, 0x0, 0x0, 0x49, 0xdf, 0x70, 0x0, 0x0,
    0x0, 0x5d, 0xff, 0xa5, 0x0, 0x0, 0x0, 0xa,
    0xff, 0xc2, 0x0, 0x0, 0x0, 0x0, 0xcf, 0xf9,
    0x0, 0x0, 0x0, 0x0, 0xb, 0xff, 0x90, 0x0,
    0x0, 0x0, 0x0, 0x6f, 0xfe, 0x0, 0x0, 0x0,
    0x0, 0x0, 0xef, 0xf6, 0x0, 0x0, 0x0, 0x0,
    0x6, 0xff, 0xf1, 0x6b, 0xcb, 0x60, 0x0, 0xa,
    0xff, 0xed, 0xff, 0xff, 0xfd, 0x10, 0xe, 0xff,
    0xe6, 0x20, 0x5f, 0xff, 0xa0, 0xf, 0xff, 0x70,
    0x0, 0x7, 0xff, 0xf2, 0xf, 0xff, 0x70, 0x0,
    0x1, 0xff, 0xf6, 0xe, 0xff, 0x70, 0x0, 0x0,
    0xff, 0xf7, 0xc, 0xff, 0x80, 0x0, 0x0, 0xff,
    0xf6, 0x8, 0xff, 0xb0, 0x0, 0x0, 0xff, 0xf4,
    0x2, 0xff, 0xe0, 0x0, 0x4, 0xff, 0xd0, 0x0,
    0x9f, 0xf7, 0x0, 0xb, 0xff, 0x40, 0x0, 0xa,
    0xff, 0x96, 0xbf, 0xf6, 0x0, 0x0, 0x0, 0x5b,
    0xef, 0xd9, 0x20, 0x0,

    /* U+0037 "7" */
    0x8f, 0xff, 0xff, 0xff, 0xff, 0xff, 0x78, 0xff,
    0xff, 0xff, 0xff, 0xff, 0xf7, 0x7e, 0xee, 0xee,
    0xee, 0xee, 0xff, 0x20, 0x0, 0x0, 0x0, 0x0,
    0x2f, 0xc0, 0x0, 0x0, 0x0, 0x0, 0xa, 0xf5,
    0x0, 0x0, 0x0, 0x0, 0x3, 0xfe, 0x0, 0x0,
    0x0, 0x0, 0x0, 0xbf, 0x80, 0x0, 0x0, 0x0,
    0x0, 0x3f, 0xf2, 0x0, 0x0, 0x0, 0x0, 0xc,
    0xfb, 0x0, 0x0, 0x0, 0x0, 0x4, 0xff, 0x50,
    0x0, 0x0, 0x0, 0x0, 0xcf, 0xe0, 0x0, 0x0,
    0x0, 0x0, 0x5f, 0xf8, 0x0, 0x0, 0x0, 0x0,
    0xd, 0xff, 0x10, 0x0, 0x0, 0x0, 0x6, 0xff,
    0xb0, 0x0, 0x0, 0x0, 0x0, 0xdf, 0xf4, 0x0,
    0x0, 0x0, 0x0, 0x6f, 0xfd, 0x0, 0x0, 0x0,
    0x0, 0xe, 0xff, 0x70, 0x0, 0x0, 0x0, 0x6,
    0xff, 0xf1, 0x0, 0x0, 0x0,

    /* U+0038 "8" */
    0x0, 0x6, 0xbe, 0xfe, 0xb4, 0x0, 0x0, 0xc,
    0xfe, 0x86, 0xbf, 0xf7, 0x0, 0xa, 0xff, 0x20,
    0x0, 0xaf, 0xf3, 0x1, 0xff, 0xb0, 0x0, 0x4,
    0xff, 0x80, 0x3f, 0xfb, 0x0, 0x0, 0x2f, 0xf8,
    0x3, 0xff, 0xf1, 0x0, 0x5, 0xff, 0x40, 0xf,
    0xff, 0xc1, 0x0, 0xcf, 0xc0, 0x0, 0x8f, 0xff,
    0xe5, 0x8f, 0xb1, 0x0, 0x0, 0xbf, 0xff, 0xff,
    0xa0, 0x0, 0x0, 0x0, 0x8f, 0xff, 0xff, 0xb1,
    0x0, 0x0, 0x2b, 0xfb, 0xff, 0xff, 0xd1, 0x0,
    0x5f, 0xf4, 0x3, 0xcf, 0xff, 0xb0, 0x2f, 0xf9,
    0x0, 0x0, 0xbf, 0xff, 0x19, 0xff, 0x40, 0x0,
    0x1, 0xff, 0xf4, 0xbf, 0xf3, 0x0, 0x0, 0xd,
    0xff, 0x4a, 0xff, 0x60, 0x0, 0x0, 0xef, 0xf1,
    0x4f, 0xfe, 0x10, 0x0, 0x6f, 0xf9, 0x0, 0x8f,
    0xfe, 0x86, 0xaf, 0xfa, 0x0, 0x0, 0x3a, 0xdf,
    0xfd, 0xa4, 0x0, 0x0,

    /* U+0039 "9" */
    0x0, 0x1, 0x7c, 0xef, 0xd8, 0x10, 0x0, 0x0,
    0x3e, 0xfe, 0x77, 0xef, 0xe3, 0x0, 0x2, 0xef,
    0xe1, 0x0, 0x1f, 0xfe, 0x10, 0xa, 0xff, 0x80,
    0x0, 0x9, 0xff, 0x90, 0xf, 0xff, 0x40, 0x0,
    0x5, 0xff, 0xe0, 0x2f, 0xff, 0x20, 0x0, 0x2,
    0xff, 0xf2, 0x2f, 0xff, 0x30, 0x0, 0x1, 0xff,
    0xf5, 0x1f, 0xff, 0x60, 0x0, 0x1, 0xff, 0xf5,
    0xc, 0xff, 0xc0, 0x0, 0x1, 0xff, 0xf5, 0x4,
    0xff, 0xfa, 0x20, 0x2a, 0xff, 0xf4, 0x0, 0x6f,
    0xff, 0xff, 0xfe, 0xff, 0xf1, 0x0, 0x2, 0x8b,
    0xca, 0x57, 0xff, 0xc0, 0x0, 0x0, 0x0, 0x0,
    0xc, 0xff, 0x60, 0x0, 0x0, 0x0, 0x0, 0x3f,
    0xfd, 0x0, 0x0, 0x0, 0x0, 0x0, 0xdf, 0xf3,
    0x0, 0x0, 0x0, 0x0, 0x1c, 0xff, 0x50, 0x0,
    0x0, 0x0, 0x5, 0xef, 0xe4, 0x0, 0x0, 0x0,
    0x16, 0xdf, 0xf9, 0x10, 0x0, 0x0, 0x0, 0xaf,
    0xd7, 0x10, 0x0, 0x0, 0x0, 0x0, 0x21, 0x0,
    0x0, 0x0, 0x0, 0x0,

    /* U+003A ":" */
    0x3, 0xde, 0x80, 0xd, 0xff, 0xf4, 0xf, 0xff,
    0xf6, 0xa, 0xff, 0xe1, 0x0, 0x67, 0x20, 0x0,
    0x0, 0x0, 0x0, 0x0, 0x0, 0x0, 0x0, 0x0,
    0x0, 0x0, 0x0, 0x0, 0x57, 0x10, 0xa, 0xff,
    0xe1, 0xf, 0xff, 0xf6, 0xd, 0xff, 0xf4, 0x3,
    0xde, 0x80,

    /* U+003B ";" */
    0x3, 0xde, 0x80, 0xd, 0xff, 0xf4, 0xf, 0xff,
    0xf6, 0xa, 0xff, 0xe1, 0x0, 0x67, 0x20, 0x0,
    0x0, 0x0, 0x0, 0x0, 0x0, 0x0, 0x0, 0x0,
    0x0, 0x0, 0x0, 0x0, 0x56, 0x10, 0xa, 0xff,
    0xf1, 0xf, 0xff, 0xf4, 0xd, 0xff, 0xf5, 0x2,
    0xcf, 0xf3, 0x0, 0xc, 0xf0, 0x0, 0x3f, 0x80,
    0x5, 0xfc, 0x0, 0x8f, 0xa0, 0x0, 0x23, 0x0,
    0x0,

    /* U+003C "<" */
    0x0, 0x0, 0x0, 0x0, 0x0, 0x3, 0x0, 0x0,
    0x0, 0x0, 0x0, 0x4c, 0xf1, 0x0, 0x0, 0x0,
    0x2, 0xbf, 0xff, 0x50, 0x0, 0x0, 0x19, 0xff,
    0xfb, 0x20, 0x0, 0x0, 0x7f, 0xff, 0xb3, 0x0,
    0x0, 0x5, 0xdf, 0xfc, 0x40, 0x0, 0x0, 0x3c,
    0xff, 0xd5, 0x0, 0x0, 0x0, 0xa, 0xff, 0x70,
    0x0, 0x0, 0x0, 0x0, 0x7f, 0xfe, 0x60, 0x0,
    0x0, 0x0, 0x0, 0x3c, 0xff, 0xd5, 0x0, 0x0,
    0x0, 0x0, 0x5, 0xdf, 0xfd, 0x40, 0x0, 0x0,
    0x0, 0x0, 0x7e, 0xff, 0xc3, 0x0, 0x0, 0x0,
    0x0, 0x18, 0xff, 0xfb, 0x20, 0x0, 0x0, 0x0,
    0x2, 0xaf, 0xf4, 0x0, 0x0, 0x0, 0x0, 0x0,
    0x39, 0x0,

    /* U+003D "=" */
    0x3f, 0xff, 0xff, 0xff, 0xff, 0xff, 0xff, 0x33,
    0xff, 0xff, 0xff, 0xff, 0xff, 0xff, 0xf3, 0x0,
    0x0, 0x0, 0x0, 0x0, 0x0, 0x0, 0x0, 0x0,
    0x0, 0x0, 0x0, 0x0, 0x0, 0x0, 0x0, 0x0,
    0x0, 0x0, 0x0, 0x0, 0x0, 0x0, 0x0, 0x0,
    0x0, 0x0, 0x0, 0x0, 0x0, 0x3f, 0xff, 0xff,
    0xff, 0xff, 0xff, 0xff, 0x33, 0xff, 0xff, 0xff,
    0xff, 0xff, 0xff, 0xf3,

    /* U+003E ">" */
    0x2, 0x0, 0x0, 0x0, 0x0, 0x0, 0x1, 0xfc,
    0x30, 0x0, 0x0, 0x0, 0x0, 0x5f, 0xff, 0xa2,
    0x0, 0x0, 0x0, 0x0, 0x2a, 0xff, 0xf8, 0x10,
    0x0, 0x0, 0x0, 0x3, 0xbf, 0xfe, 0x70, 0x0,
    0x0, 0x0, 0x0, 0x4c, 0xff, 0xd5, 0x0, 0x0,
    0x0, 0x0, 0x5, 0xdf, 0xfc, 0x30, 0x0, 0x0,
    0x0, 0x0, 0x6f, 0xfb, 0x0, 0x0, 0x0, 0x0,
    0x6e, 0xff, 0x80, 0x0, 0x0, 0x5, 0xdf, 0xfc,
    0x40, 0x0, 0x0, 0x4c, 0xff, 0xe6, 0x0, 0x0,
    0x3, 0xcf, 0xff, 0x70, 0x0, 0x0, 0x2b, 0xff,
    0xf9, 0x10, 0x0, 0x0, 0x4, 0xff, 0xb2, 0x0,
    0x0, 0x0, 0x0, 0x9, 0x40, 0x0, 0x0, 0x0,
    0x0, 0x0,

    /* U+003F "?" */
    0x1, 0x76, 0x10, 0x0, 0x0, 0xd, 0xff, 0xf8,
    0x0, 0x0, 0xf, 0xff, 0xff, 0xd2, 0x0, 0x6,
    0xdf, 0xff, 0xfe, 0x10, 0x0, 0x1, 0x46, 0x9f,
    0xa0, 0x0, 0x0, 0x0, 0xa, 0xf1, 0x0, 0x0,
    0x0, 0x9, 0xf4, 0x0, 0x0, 0x0, 0x6f, 0xf3,
    0x0, 0x7, 0xcf, 0xff, 0xe0, 0x0, 0xdf, 0xff,
    0xff, 0x40, 0x0, 0xff, 0xfd, 0x81, 0x0, 0x0,
    0xdf, 0x60, 0x0, 0x0, 0x0, 0x8f, 0x10, 0x0,
    0x0, 0x0, 0x28, 0x0, 0x0, 0x0, 0x0, 0x0,
    0x0, 0x0, 0x0, 0x0, 0x25, 0x10, 0x0, 0x0,
    0x3, 0xff, 0xf3, 0x0, 0x0, 0xa, 0xff, 0xf9,
    0x0, 0x0, 0x8, 0xff, 0xf7, 0x0, 0x0, 0x1,
    0xbf, 0xb0, 0x0, 0x0,

    /* U+0040 "@" */
    0x0, 0x0, 0x0, 0x0, 0x49, 0xce, 0xff, 0xda,
    0x50, 0x0, 0x0, 0x0, 0x0, 0x0, 0x4d, 0xfc,
    0x86, 0x46, 0x8d, 0xfd, 0x20, 0x0, 0x0, 0x0,
    0xa, 0xfb, 0x20, 0x0, 0x0, 0x0, 0x4e, 0xf4,
    0x0, 0x0, 0x1, 0xcf, 0x50, 0x0, 0x0, 0x0,
    0x0, 0x1, 0xdf, 0x20, 0x0, 0xc, 0xf4, 0x0,
    0x0, 0x0, 0x0, 0x0, 0x0, 0x2f, 0xc0, 0x0,
    0x8f, 0x70, 0x0, 0x1, 0x9e, 0xea, 0x3a, 0x40,
    0x9, 0xf3, 0x2, 0xfc, 0x0, 0x0, 0x4e, 0xfc,
    0xbf, 0xff, 0x50, 0x3, 0xf9, 0x9, 0xf5, 0x0,
    0x3, 0xff, 0x50, 0x8, 0xff, 0x20, 0x0, 0xfc,
    0xf, 0xd0, 0x0, 0xd, 0xf7, 0x0, 0x9, 0xff,
    0x0, 0x0, 0xee, 0x4f, 0x90, 0x0, 0x7f, 0xe0,
    0x0, 0xc, 0xfc, 0x0, 0x0, 0xde, 0x9f, 0x50,
    0x0, 0xdf, 0x80, 0x0, 0xf, 0xfa, 0x0, 0x0,
    0xed, 0xaf, 0x30, 0x2, 0xff, 0x50, 0x0, 0x1f,
    0xf7, 0x0, 0x0, 0xfc, 0xcf, 0x20, 0x5, 0xff,
    0x30, 0x0, 0x4f, 0xf4, 0x0, 0x4, 0xf8, 0xcf,
    0x20, 0x7, 0xff, 0x40, 0x0, 0x7f, 0xf1, 0x0,
    0xa, 0xf2, 0xcf, 0x30, 0x6, 0xff, 0x80, 0x1,
    0xdf, 0xf0, 0x0, 0x4f, 0xa0, 0x9f, 0x60, 0x2,
    0xff, 0xf9, 0x8e, 0x9f, 0xf5, 0x5, 0xed, 0x0,
    0x6f, 0xa0, 0x0, 0x9f, 0xff, 0xf6, 0xb, 0xff,
    0xff, 0xb1, 0x0, 0x1f, 0xf2, 0x0, 0x5, 0x97,
    0x20, 0x0, 0x59, 0x84, 0x0, 0x0, 0x9, 0xfc,
    0x0, 0x0, 0x0, 0x0, 0x0, 0x0, 0x0, 0x0,
    0x0, 0x1, 0xef, 0x90, 0x0, 0x0, 0x0, 0x0,
    0x0, 0x0, 0x0, 0x0, 0x0, 0x3e, 0xfc, 0x20,
    0x0, 0x0, 0x0, 0x0, 0x0, 0x0, 0x0, 0x0,
    0x2, 0xcf, 0xfb, 0x63, 0x23, 0x47, 0xc4, 0x0,
    0x0, 0x0, 0x0, 0x0, 0x5, 0xcf, 0xff, 0xff,
    0xfd, 0x81, 0x0, 0x0, 0x0, 0x0, 0x0, 0x0,
    0x0, 0x34, 0x43, 0x10, 0x0, 0x0, 0x0, 0x0,

    /* U+0041 "A" */
    0x0, 0x0, 0x0, 0x0, 0xdf, 0xc0, 0x0, 0x0,
    0x0, 0x0, 0x0, 0x0, 0x0, 0x2f, 0xff, 0x20,
    0x0, 0x0, 0x0, 0x0, 0x0, 0x0, 0x8, 0xff,
    0xf7, 0x0, 0x0, 0x0, 0x0, 0x0, 0x0, 0x0,
    0xdf, 0xff, 0xc0, 0x0, 0x0, 0x0, 0x0, 0x0,
    0x0, 0x2f, 0x9f, 0xff, 0x20, 0x0, 0x0, 0x0,
    0x0, 0x0, 0x8, 0xd1, 0xff, 0xf7, 0x0, 0x0,
    0x0, 0x0, 0x0, 0x0, 0xd8, 0xc, 0xff, 0xc0,
    0x0, 0x0, 0x0, 0x0, 0x0, 0x3f, 0x30, 0x6f,
    0xff, 0x20, 0x0, 0x0, 0x0, 0x0, 0x8, 0xe0,
    0x1, 0xff, 0xf7, 0x0, 0x0, 0x0, 0x0, 0x0,
    0xd9, 0x0, 0xc, 0xff, 0xc0, 0x0, 0x0, 0x0,
    0x0, 0x3f, 0x40, 0x0, 0x7f, 0xff, 0x20, 0x0,
    0x0, 0x0, 0x8, 0xf2, 0x22, 0x24, 0xff, 0xf7,
    0x0, 0x0, 0x0, 0x0, 0xdf, 0xff, 0xff, 0xff,
    0xff, 0xc0, 0x0, 0x0, 0x0, 0x3f, 0x75, 0x55,
    0x55, 0xaf, 0xff, 0x20, 0x0, 0x0, 0x8, 0xe0,
    0x0, 0x0, 0x3, 0xff, 0xf7, 0x0, 0x0, 0x0,
    0xe9, 0x0, 0x0, 0x0, 0xd, 0xff, 0xc0, 0x0,
    0x0, 0x3f, 0x40, 0x0, 0x0, 0x0, 0x8f, 0xff,
    0x20, 0x4, 0x7c, 0xf9, 0x62, 0x0, 0x3, 0x6a,
    0xff, 0xfa, 0x51, 0xcf, 0xff, 0xff, 0x60, 0x0,
    0xbf, 0xff, 0xff, 0xff, 0x60,

    /* U+0042 "B" */
    0xef, 0xff, 0xff, 0xff, 0xff, 0xd9, 0x30, 0x0,
    0x57, 0xcf, 0xff, 0x77, 0x8c, 0xff, 0xf8, 0x0,
    0x0, 0x8f, 0xff, 0x10, 0x0, 0x6f, 0xff, 0x50,
    0x0, 0x8f, 0xff, 0x10, 0x0, 0xd, 0xff, 0xb0,
    0x0, 0x8f, 0xff, 0x10, 0x0, 0xa, 0xff, 0xe0,
    0x0, 0x8f, 0xff, 0x10, 0x0, 0xa, 0xff, 0xd0,
    0x0, 0x8f, 0xff, 0x10, 0x0, 0xc, 0xff, 0x90,
    0x0, 0x8f, 0xff, 0x10, 0x0, 0x4f, 0xfe, 0x10,
    0x0, 0x8f, 0xff, 0x21, 0x38, 0xff, 0xb2, 0x0,
    0x0, 0x8f, 0xff, 0xff, 0xff, 0xe7, 0x10, 0x0,
    0x0, 0x8f, 0xff, 0x54, 0x58, 0xdf, 0xfb, 0x20,
    0x0, 0x8f, 0xff, 0x10, 0x0, 0xa, 0xff, 0xe1,
    0x0, 0x8f, 0xff, 0x10, 0x0, 0x1, 0xff, 0xfa,
    0x0, 0x8f, 0xff, 0x10, 0x0, 0x0, 0xdf, 0xfe,
    0x0, 0x8f, 0xff, 0x10, 0x0, 0x0, 0xdf, 0xfd,
    0x0, 0x8f, 0xff, 0x10, 0x0, 0x1, 0xff, 0xf9,
    0x0, 0x8f, 0xff, 0x10, 0x0, 0x1c, 0xff, 0xe1,
    0x57, 0xcf, 0xff, 0x87, 0x8b, 0xff, 0xfd, 0x20,
    0xef, 0xff, 0xff, 0xff, 0xfe, 0xc9, 0x40, 0x0,

    /* U+0043 "C" */
    0x0, 0x0, 0x1, 0x7c, 0xef, 0xfd, 0xa6, 0x0,
    0x0, 0x0, 0x9f, 0xff, 0xd9, 0x8a, 0xff, 0xe2,
    0x0, 0x1d, 0xff, 0xe4, 0x0, 0x0, 0x2f, 0xf4,
    0x0, 0xdf, 0xfd, 0x10, 0x0, 0x0, 0xe, 0xf5,
    0x9, 0xff, 0xf4, 0x0, 0x0, 0x0, 0xb, 0xf5,
    0x1f, 0xff, 0xc0, 0x0, 0x0, 0x0, 0x4, 0x72,
    0x6f, 0xff, 0x70, 0x0, 0x0, 0x0, 0x0, 0x0,
    0xaf, 0xff, 0x30, 0x0, 0x0, 0x0, 0x0, 0x0,
    0xcf, 0xff, 0x20, 0x0, 0x0, 0x0, 0x0, 0x0,
    0xdf, 0xff, 0x10, 0x0, 0x0, 0x0, 0x0, 0x0,
    0xdf, 0xff, 0x20, 0x0, 0x0, 0x0, 0x0, 0x0,
    0xbf, 0xff, 0x30, 0x0, 0x0, 0x0, 0x0, 0x0,
    0x7f, 0xff, 0x60, 0x0, 0x0, 0x0, 0x0, 0x0,
    0x2f, 0xff, 0xb0, 0x0, 0x0, 0x0, 0x2, 0x74,
    0xa, 0xff, 0xf3, 0x0, 0x0, 0x0, 0x7, 0xf9,
    0x1, 0xdf, 0xfd, 0x0, 0x0, 0x0, 0xa, 0xf8,
    0x0, 0x2e, 0xff, 0xd3, 0x0, 0x0, 0xe, 0xf8,
    0x0, 0x1, 0xaf, 0xff, 0xc9, 0x9a, 0xff, 0xf5,
    0x0, 0x0, 0x2, 0x8c, 0xef, 0xfe, 0xb6, 0x10,

    /* U+0044 "D" */
    0xef, 0xff, 0xff, 0xff, 0xfe, 0xc9, 0x30, 0x0,
    0x0, 0x57, 0xcf, 0xff, 0x87, 0x7a, 0xff, 0xfb,
    0x20, 0x0, 0x0, 0x8f, 0xff, 0x20, 0x0, 0x1b,
    0xff, 0xe3, 0x0, 0x0, 0x8f, 0xff, 0x20, 0x0,
    0x0, 0xcf, 0xfe, 0x10, 0x0, 0x8f, 0xff, 0x20,
    0x0, 0x0, 0x3f, 0xff, 0x90, 0x0, 0x8f, 0xff,
    0x10, 0x0, 0x0, 0xc, 0xff, 0xf0, 0x0, 0x8f,
    0xff, 0x10, 0x0, 0x0, 0x8, 0xff, 0xf5, 0x0,
    0x8f, 0xff, 0x10, 0x0, 0x0, 0x5, 0xff, 0xf8,
    0x0, 0x8f, 0xff, 0x10, 0x0, 0x0, 0x4, 0xff,
    0xf9, 0x0, 0x8f, 0xff, 0x10, 0x0, 0x0, 0x3,
    0xff, 0xfa, 0x0, 0x8f, 0xff, 0x10, 0x0, 0x0,
    0x4, 0xff, 0xf9, 0x0, 0x8f, 0xff, 0x10, 0x0,
    0x0, 0x5, 0xff, 0xf7, 0x0, 0x8f, 0xff, 0x10,
    0x0, 0x0, 0x8, 0xff, 0xf4, 0x0, 0x8f, 0xff,
    0x10, 0x0, 0x0, 0xd, 0xff, 0xe0, 0x0, 0x8f,
    0xff, 0x20, 0x0, 0x0, 0x4f, 0xff, 0x70, 0x0,
    0x8f, 0xff, 0x20, 0x0, 0x1, 0xdf, 0xfb, 0x0,
    0x0, 0x8f, 0xff, 0x20, 0x0, 0x2c, 0xff, 0xc1,
    0x0, 0x57, 0xcf, 0xff, 0x97, 0x8b, 0xff, 0xf8,
    0x0, 0x0, 0xef, 0xff, 0xff, 0xff, 0xfe, 0xb7,
    0x10, 0x0, 0x0,

    /* U+0045 "E" */
    0xef, 0xff, 0xff, 0xff, 0xff, 0xff, 0xff, 0x35,
    0x7c, 0xff, 0xf9, 0x88, 0x88, 0x8f, 0xf4, 0x0,
    0x8f, 0xff, 0x20, 0x0, 0x0, 0xff, 0x40, 0x8,
    0xff, 0xf2, 0x0, 0x0, 0xd, 0xf5, 0x0, 0x8f,
    0xff, 0x20, 0x0, 0x0, 0xaf, 0x60, 0x8, 0xff,
    0xf1, 0x0, 0x0, 0x0, 0x0, 0x0, 0x8f, 0xff,
    0x10, 0x0, 0xf8, 0x0, 0x0, 0x8, 0xff, 0xf1,
    0x0, 0x2f, 0x80, 0x0, 0x0, 0x8f, 0xff, 0x88,
    0x89, 0xf8, 0x0, 0x0, 0x8, 0xff, 0xff, 0xff,
    0xff, 0x80, 0x0, 0x0, 0x8f, 0xff, 0x10, 0x2,
    0xf8, 0x0, 0x0, 0x8, 0xff, 0xf1, 0x0, 0xf,
    0x80, 0x0, 0x0, 0x8f, 0xff, 0x10, 0x0, 0x63,
    0x0, 0x0, 0x8, 0xff, 0xf1, 0x0, 0x0, 0x0,
    0x0, 0x0, 0x8f, 0xff, 0x20, 0x0, 0x0, 0x1f,
    0xe0, 0x8, 0xff, 0xf2, 0x0, 0x0, 0x4, 0xfe,
    0x0, 0x8f, 0xff, 0x20, 0x0, 0x0, 0x6f, 0xd5,
    0x7c, 0xff, 0xf9, 0x88, 0x88, 0x8c, 0xfd, 0xef,
    0xff, 0xff, 0xff, 0xff, 0xff, 0xff, 0xc0,

    /* U+0046 "F" */
    0xef, 0xff, 0xff, 0xff, 0xff, 0xff, 0xff, 0x45,
    0x7c, 0xff, 0xf9, 0x88, 0x88, 0x8f, 0xf5, 0x0,
    0x8f, 0xff, 0x20, 0x0, 0x0, 0xef, 0x60, 0x8,
    0xff, 0xf2, 0x0, 0x0, 0xb, 0xf6, 0x0, 0x8f,
    0xff, 0x20, 0x0, 0x0, 0x8f, 0x70, 0x8, 0xff,
    0xf1, 0x0, 0x0, 0x0, 0x0, 0x0, 0x8f, 0xff,
    0x10, 0x0, 0xdb, 0x0, 0x0, 0x8, 0xff, 0xf1,
    0x0, 0xf, 0xb0, 0x0, 0x0, 0x8f, 0xff, 0x88,
    0x88, 0xfb, 0x0, 0x0, 0x8, 0xff, 0xff, 0xff,
    0xff, 0xb0, 0x0, 0x0, 0x8f, 0xff, 0x10, 0x1,
    0xfb, 0x0, 0x0, 0x8, 0xff, 0xf1, 0x0, 0xe,
    0xb0, 0x0, 0x0, 0x8f, 0xff, 0x10, 0x0, 0x97,
    0x0, 0x0, 0x8, 0xff, 0xf1, 0x0, 0x0, 0x0,
    0x0, 0x0, 0x8f, 0xff, 0x20, 0x0, 0x0, 0x0,
    0x0, 0x8, 0xff, 0xf2, 0x0, 0x0, 0x0, 0x0,
    0x0, 0x8f, 0xff, 0x20, 0x0, 0x0, 0x0, 0x5,
    0x8d, 0xff, 0xfa, 0x74, 0x0, 0x0, 0x0, 0xef,
    0xff, 0xff, 0xff, 0xb0, 0x0, 0x0, 0x0,

    /* U+0047 "G" */
    0x0, 0x0, 0x2, 0x8c, 0xef, 0xfe, 0xb7, 0x20,
    0x0, 0x0, 0x0, 0x9f, 0xff, 0xd9, 0x8a, 0xef,
    0xf5, 0x0, 0x0, 0x2d, 0xff, 0xd4, 0x0, 0x0,
    0xf, 0xf7, 0x0, 0x0, 0xdf, 0xfd, 0x10, 0x0,
    0x0, 0xc, 0xf7, 0x0, 0x9, 0xff, 0xf4, 0x0,
    0x0, 0x0, 0x9, 0xf8, 0x0, 0x1f, 0xff, 0xc0,
    0x0, 0x0, 0x0, 0x2, 0x63, 0x0, 0x7f, 0xff,
    0x70, 0x0, 0x0, 0x0, 0x0, 0x0, 0x0, 0xaf,
    0xff, 0x30, 0x0, 0x0, 0x0, 0x0, 0x0, 0x0,
    0xcf, 0xff, 0x20, 0x0, 0x0, 0x0, 0x0, 0x0,
    0x0, 0xdf, 0xff, 0x10, 0x0, 0x1, 0x33, 0x33,
    0x33, 0x32, 0xcf, 0xff, 0x10, 0x0, 0x5, 0xff,
    0xff, 0xff, 0xf9, 0xbf, 0xff, 0x30, 0x0, 0x0,
    0x23, 0xbf, 0xff, 0x30, 0x7f, 0xff, 0x60, 0x0,
    0x0, 0x0, 0x9f, 0xff, 0x0, 0x2f, 0xff, 0xb0,
    0x0, 0x0, 0x0, 0x8f, 0xff, 0x0, 0xa, 0xff,
    0xf3, 0x0, 0x0, 0x0, 0x8f, 0xff, 0x0, 0x1,
    0xef, 0xfd, 0x10, 0x0, 0x0, 0x8f, 0xff, 0x0,
    0x0, 0x3e, 0xff, 0xd3, 0x0, 0x0, 0x8f, 0xff,
    0x0, 0x0, 0x1, 0xbf, 0xff, 0xd9, 0x8a, 0xef,
    0xf8, 0x0, 0x0, 0x0, 0x3, 0x8c, 0xef, 0xfd,
    0xa6, 0x0, 0x0,

    /* U+0048 "H" */
    0xef, 0xff, 0xff, 0xff, 0x60, 0xa, 0xff, 0xff,
    0xff, 0xfb, 0x69, 0xdf, 0xff, 0xa8, 0x20, 0x4,
    0x8c, 0xff, 0xfc, 0x84, 0x0, 0x9f, 0xff, 0x20,
    0x0, 0x0, 0x5, 0xff, 0xf5, 0x0, 0x0, 0x8f,
    0xff, 0x10, 0x0, 0x0, 0x5, 0xff, 0xf5, 0x0,
    0x0, 0x8f, 0xff, 0x10, 0x0, 0x0, 0x5, 0xff,
    0xf4, 0x0, 0x0, 0x8f, 0xff, 0x10, 0x0, 0x0,
    0x4, 0xff, 0xf4, 0x0, 0x0, 0x8f, 0xff, 0x10,
    0x0, 0x0, 0x4, 0xff, 0xf4, 0x0, 0x0, 0x8f,
    0xff, 0x10, 0x0, 0x0, 0x4, 0xff, 0xf4, 0x0,
    0x0, 0x8f, 0xff, 0x32, 0x22, 0x22, 0x26, 0xff,
    0xf4, 0x0, 0x0, 0x8f, 0xff, 0xff, 0xff, 0xff,
    0xff, 0xff, 0xf4, 0x0, 0x0, 0x8f, 0xff, 0x65,
    0x55, 0x55, 0x58, 0xff, 0xf4, 0x0, 0x0, 0x8f,
    0xff, 0x10, 0x0, 0x0, 0x4, 0xff, 0xf4, 0x0,
    0x0, 0x8f, 0xff, 0x10, 0x0, 0x0, 0x4, 0xff,
    0xf4, 0x0, 0x0, 0x8f, 0xff, 0x10, 0x0, 0x0,
    0x4, 0xff, 0xf4, 0x0, 0x0, 0x8f, 0xff, 0x10,
    0x0, 0x0, 0x4, 0xff, 0xf4, 0x0, 0x0, 0x8f,
    0xff, 0x10, 0x0, 0x0, 0x5, 0xff, 0xf5, 0x0,
    0x0, 0x9f, 0xff, 0x20, 0x0, 0x0, 0x5, 0xff,
    0xf5, 0x0, 0x47, 0xcf, 0xff, 0x96, 0x20, 0x3,
    0x6a, 0xff, 0xfa, 0x63, 0xef, 0xff, 0xff, 0xff,
    0x60, 0xa, 0xff, 0xff, 0xff, 0xfb,

    /* U+0049 "I" */
    0xef, 0xff, 0xff, 0xff, 0x85, 0x8d, 0xff, 0xfa,
    0x73, 0x0, 0x8f, 0xff, 0x20, 0x0, 0x8, 0xff,
    0xf2, 0x0, 0x0, 0x8f, 0xff, 0x20, 0x0, 0x8,
    0xff, 0xf1, 0x0, 0x0, 0x8f, 0xff, 0x10, 0x0,
    0x8, 0xff, 0xf1, 0x0, 0x0, 0x8f, 0xff, 0x10,
    0x0, 0x8, 0xff, 0xf1, 0x0, 0x0, 0x8f, 0xff,
    0x10, 0x0, 0x8, 0xff, 0xf1, 0x0, 0x0, 0x8f,
    0xff, 0x10, 0x0, 0x8, 0xff, 0xf1, 0x0, 0x0,
    0x8f, 0xff, 0x20, 0x0, 0x8, 0xff, 0xf2, 0x0,
    0x0, 0x8f, 0xff, 0x20, 0x5, 0x8d, 0xff, 0xfa,
    0x73, 0xef, 0xff, 0xff, 0xff, 0x80,

    /* U+004A "J" */
    0x0, 0xdf, 0xff, 0xff, 0xff, 0xe0, 0x5, 0x79,
    0xff, 0xfc, 0x85, 0x0, 0x0, 0xf, 0xff, 0x70,
    0x0, 0x0, 0x0, 0xff, 0xf7, 0x0, 0x0, 0x0,
    0xf, 0xff, 0x70, 0x0, 0x0, 0x0, 0xff, 0xf7,
    0x0, 0x0, 0x0, 0xf, 0xff, 0x70, 0x0, 0x0,
    0x0, 0xff, 0xf7, 0x0, 0x0, 0x0, 0xf, 0xff,
    0x70, 0x0, 0x0, 0x0, 0xff, 0xf7, 0x0, 0x0,
    0x0, 0xf, 0xff, 0x70, 0x0, 0x0, 0x0, 0xff,
    0xf7, 0x0, 0x0, 0x0, 0xf, 0xff, 0x70, 0x0,
    0x0, 0x0, 0xff, 0xf7, 0x0, 0x0, 0x0, 0xf,
    0xff, 0x60, 0x0, 0x0, 0x0, 0xff, 0xf6, 0x0,
    0x0, 0x0, 0xf, 0xff, 0x50, 0x0, 0x0, 0x0,
    0xff, 0xf3, 0x0, 0x0, 0x0, 0xf, 0xff, 0x0,
    0x0, 0x10, 0x1, 0xff, 0xa0, 0x0, 0x8f, 0xfa,
    0x4f, 0xf2, 0x0, 0xd, 0xff, 0xff, 0xf5, 0x0,
    0x0, 0x3c, 0xff, 0xb3, 0x0, 0x0, 0x0,

    /* U+004B "K" */
    0xef, 0xff, 0xff, 0xff, 0x60, 0x3f, 0xff, 0xff,
    0xf4, 0x58, 0xdf, 0xff, 0x97, 0x20, 0x17, 0xcf,
    0xd9, 0x71, 0x0, 0x8f, 0xff, 0x0, 0x0, 0x0,
    0xde, 0x10, 0x0, 0x0, 0x8f, 0xff, 0x0, 0x0,
    0xa, 0xf2, 0x0, 0x0, 0x0, 0x8f, 0xff, 0x0,
    0x0, 0x7f, 0x50, 0x0, 0x0, 0x0, 0x8f, 0xff,
    0x0, 0x4, 0xf8, 0x0, 0x0, 0x0, 0x0, 0x8f,
    0xff, 0x0, 0x1e, 0xb0, 0x0, 0x0, 0x0, 0x0,
    0x8f, 0xff, 0x0, 0xcf, 0xa0, 0x0, 0x0, 0x0,
    0x0, 0x8f, 0xff, 0xa, 0xff, 0xf3, 0x0, 0x0,
    0x0, 0x0, 0x8f, 0xff, 0x6f, 0xef, 0xfb, 0x0,
    0x0, 0x0, 0x0, 0x8f, 0xff, 0xf6, 0x6f, 0xff,
    0x40, 0x0, 0x0, 0x0, 0x8f, 0xff, 0x90, 0xd,
    0xff, 0xc0, 0x0, 0x0, 0x0, 0x8f, 0xff, 0x0,
    0x5, 0xff, 0xf5, 0x0, 0x0, 0x0, 0x8f, 0xff,
    0x0, 0x0, 0xdf, 0xfd, 0x0, 0x0, 0x0, 0x8f,
    0xff, 0x0, 0x0, 0x5f, 0xff, 0x60, 0x0, 0x0,
    0x8f, 0xff, 0x0, 0x0, 0xd, 0xff, 0xe0, 0x0,
    0x0, 0x8f, 0xff, 0x0, 0x0, 0x5, 0xff, 0xf7,
    0x0, 0x58, 0xdf, 0xff, 0x86, 0x10, 0x47, 0xff,
    0xff, 0x85, 0xef, 0xff, 0xff, 0xff, 0x40, 0xbf,
    0xff, 0xff, 0xfe,

    /* U+004C "L" */
    0xef, 0xff, 0xff, 0xff, 0xa0, 0x0, 0x0, 0x5,
    0x8d, 0xff, 0xfa, 0x73, 0x0, 0x0, 0x0, 0x0,
    0x8f, 0xff, 0x20, 0x0, 0x0, 0x0, 0x0, 0x8,
    0xff, 0xf2, 0x0, 0x0, 0x0, 0x0, 0x0, 0x8f,
    0xff, 0x20, 0x0, 0x0, 0x0, 0x0, 0x8, 0xff,
    0xf1, 0x0, 0x0, 0x0, 0x0, 0x0, 0x8f, 0xff,
    0x10, 0x0, 0x0, 0x0, 0x0, 0x8, 0xff, 0xf1,
    0x0, 0x0, 0x0, 0x0, 0x0, 0x8f, 0xff, 0x10,
    0x0, 0x0, 0x0, 0x0, 0x8, 0xff, 0xf1, 0x0,
    0x0, 0x0, 0x0, 0x0, 0x8f, 0xff, 0x10, 0x0,
    0x0, 0x0, 0x0, 0x8, 0xff, 0xf1, 0x0, 0x0,
    0x0, 0x0, 0x0, 0x8f, 0xff, 0x10, 0x0, 0x0,
    0x0, 0x0, 0x8, 0xff, 0xf1, 0x0, 0x0, 0x3,
    0x74, 0x0, 0x8f, 0xff, 0x20, 0x0, 0x0, 0x9f,
    0x80, 0x8, 0xff, 0xf2, 0x0, 0x0, 0xc, 0xf7,
    0x0, 0x8f, 0xff, 0x20, 0x0, 0x0, 0xff, 0x65,
    0x7c, 0xff, 0xf9, 0x88, 0x88, 0x8f, 0xf5, 0xef,
    0xff, 0xff, 0xff, 0xff, 0xff, 0xff, 0x40,

    /* U+004D "M" */
    0xc, 0xff, 0xff, 0xf5, 0x0, 0x0, 0x0, 0x0,
    0x5, 0xff, 0xff, 0xff, 0x0, 0x58, 0xdf, 0xff,
    0xb0, 0x0, 0x0, 0x0, 0x0, 0xbf, 0xff, 0xe8,
    0x60, 0x0, 0x9, 0xff, 0xff, 0x10, 0x0, 0x0,
    0x0, 0x1f, 0xff, 0xfb, 0x0, 0x0, 0x0, 0x9f,
    0xff, 0xf7, 0x0, 0x0, 0x0, 0x7, 0xff, 0xff,
    0xb0, 0x0, 0x0, 0x9, 0xeb, 0xff, 0xd0, 0x0,
    0x0, 0x0, 0xdc, 0xdf, 0xfb, 0x0, 0x0, 0x0,
    0x9f, 0x5f, 0xff, 0x30, 0x0, 0x0, 0x2f, 0x7d,
    0xff, 0xa0, 0x0, 0x0, 0x9, 0xf0, 0xef, 0xfa,
    0x0, 0x0, 0x8, 0xf1, 0xef, 0xfa, 0x0, 0x0,
    0x0, 0x9f, 0x9, 0xff, 0xf0, 0x0, 0x0, 0xeb,
    0xe, 0xff, 0xa0, 0x0, 0x0, 0x9, 0xf0, 0x3f,
    0xff, 0x60, 0x0, 0x4f, 0x50, 0xef, 0xfa, 0x0,
    0x0, 0x0, 0x9f, 0x0, 0xcf, 0xfc, 0x0, 0xa,
    0xf0, 0xe, 0xff, 0xa0, 0x0, 0x0, 0x9, 0xf0,
    0x6, 0xff, 0xf2, 0x0, 0xfa, 0x0, 0xef, 0xfa,
    0x0, 0x0, 0x0, 0x9f, 0x0, 0x1f, 0xff, 0x80,
    0x5f, 0x40, 0xe, 0xff, 0xa0, 0x0, 0x0, 0x9,
    0xf0, 0x0, 0xaf, 0xfe, 0xb, 0xe0, 0x0, 0xef,
    0xfa, 0x0, 0x0, 0x0, 0x9f, 0x0, 0x4, 0xff,
    0xf6, 0xf8, 0x0, 0xe, 0xff, 0xa0, 0x0, 0x0,
    0x9, 0xf0, 0x0, 0xe, 0xff, 0xff, 0x30, 0x0,
    0xef, 0xfb, 0x0, 0x0, 0x0, 0x9f, 0x0, 0x0,
    0x8f, 0xff, 0xd0, 0x0, 0xe, 0xff, 0xb0, 0x0,
    0x0, 0x9, 0xf0, 0x0, 0x2, 0xff, 0xf7, 0x0,
    0x0, 0xef, 0xfb, 0x0, 0x1, 0x79, 0xdf, 0xa7,
    0x20, 0xc, 0xff, 0x10, 0x6, 0x8f, 0xff, 0xe8,
    0x60, 0x3f, 0xff, 0xff, 0xf5, 0x0, 0x6f, 0xc0,
    0x2, 0xff, 0xff, 0xff, 0xff, 0x10,

    /* U+004E "N" */
    0xd, 0xff, 0xff, 0xd0, 0x0, 0x0, 0x8f, 0xff,
    0xff, 0xf8, 0x5, 0x7d, 0xff, 0xf9, 0x0, 0x0,
    0x37, 0x9d, 0xfb, 0x73, 0x0, 0xa, 0xff, 0xff,
    0x50, 0x0, 0x0, 0x7, 0xf2, 0x0, 0x0, 0xa,
    0xff, 0xff, 0xe1, 0x0, 0x0, 0x7, 0xf2, 0x0,
    0x0, 0xa, 0xe8, 0xff, 0xfb, 0x0, 0x0, 0x7,
    0xf2, 0x0, 0x0, 0xa, 0xe0, 0xdf, 0xff, 0x60,
    0x0, 0x7, 0xf2, 0x0, 0x0, 0xa, 0xe0, 0x2f,
    0xff, 0xf2, 0x0, 0x7, 0xf2, 0x0, 0x0, 0xa,
    0xe0, 0x7, 0xff, 0xfc, 0x0, 0x7, 0xf2, 0x0,
    0x0, 0xa, 0xe0, 0x0, 0xcf, 0xff, 0x70, 0x7,
    0xf2, 0x0, 0x0, 0xa, 0xe0, 0x0, 0x2f, 0xff,
    0xf3, 0x7, 0xf2, 0x0, 0x0, 0xa, 0xe0, 0x0,
    0x6, 0xff, 0xfd, 0x7, 0xf2, 0x0, 0x0, 0xa,
    0xe0, 0x0, 0x0, 0xaf, 0xff, 0x97, 0xf2, 0x0,
    0x0, 0xa, 0xe0, 0x0, 0x0, 0x1e, 0xff, 0xfb,
    0xf2, 0x0, 0x0, 0xa, 0xe0, 0x0, 0x0, 0x4,
    0xff, 0xff, 0xf2, 0x0, 0x0, 0xa, 0xe0, 0x0,
    0x0, 0x0, 0x9f, 0xff, 0xf2, 0x0, 0x0, 0xa,
    0xe0, 0x0, 0x0, 0x0, 0xd, 0xff, 0xf2, 0x0,
    0x0, 0xa, 0xe0, 0x0, 0x0, 0x0, 0x3, 0xff,
    0xf2, 0x0, 0x8, 0xbe, 0xfc, 0xa8, 0x0, 0x0,
    0x0, 0x8f, 0xf2, 0x0, 0xf, 0xff, 0xff, 0xff,
    0x0, 0x0, 0x0, 0xc, 0xf2, 0x0,

    /* U+004F "O" */
    0x0, 0x0, 0x4, 0xad, 0xff, 0xd8, 0x20, 0x0,
    0x0, 0x0, 0x2, 0xcf, 0xfc, 0x99, 0xdf, 0xfa,
    0x0, 0x0, 0x0, 0x3e, 0xff, 0x50, 0x0, 0x8,
    0xff, 0xd1, 0x0, 0x1, 0xef, 0xf8, 0x0, 0x0,
    0x0, 0xcf, 0xfc, 0x0, 0xa, 0xff, 0xf0, 0x0,
    0x0, 0x0, 0x4f, 0xff, 0x60, 0x2f, 0xff, 0x90,
    0x0, 0x0, 0x0, 0xe, 0xff, 0xe0, 0x6f, 0xff,
    0x60, 0x0, 0x0, 0x0, 0xa, 0xff, 0xf2, 0xaf,
    0xff, 0x30, 0x0, 0x0, 0x0, 0x7, 0xff, 0xf6,
    0xcf, 0xff, 0x10, 0x0, 0x0, 0x0, 0x6, 0xff,
    0xf8, 0xdf, 0xff, 0x10, 0x0, 0x0, 0x0, 0x6,
    0xff, 0xf9, 0xcf, 0xff, 0x10, 0x0, 0x0, 0x0,
    0x6, 0xff, 0xf8, 0xbf, 0xff, 0x30, 0x0, 0x0,
    0x0, 0x7, 0xff, 0xf6, 0x7f, 0xff, 0x60, 0x0,
    0x0, 0x0, 0xa, 0xff, 0xf2, 0x2f, 0xff, 0x90,
    0x0, 0x0, 0x0, 0xe, 0xff, 0xd0, 0xb, 0xff,
    0xf0, 0x0, 0x0, 0x0, 0x4f, 0xff, 0x50, 0x2,
    0xff, 0xf8, 0x0, 0x0, 0x0, 0xcf, 0xfb, 0x0,
    0x0, 0x4f, 0xff, 0x50, 0x0, 0x8, 0xff, 0xd1,
    0x0, 0x0, 0x3, 0xdf, 0xfc, 0x99, 0xdf, 0xf9,
    0x0, 0x0, 0x0, 0x0, 0x5, 0xad, 0xff, 0xd8,
    0x20, 0x0, 0x0,

    /* U+0050 "P" */
    0xef, 0xff, 0xff, 0xff, 0xfe, 0xb7, 0x10, 0x0,
    0x57, 0xcf, 0xff, 0x87, 0x8d, 0xff, 0xf5, 0x0,
    0x0, 0x8f, 0xff, 0x20, 0x0, 0x7f, 0xff, 0x40,
    0x0, 0x8f, 0xff, 0x20, 0x0, 0xb, 0xff, 0xd0,
    0x0, 0x8f, 0xff, 0x20, 0x0, 0x6, 0xff, 0xf2,
    0x0, 0x8f, 0xff, 0x10, 0x0, 0x4, 0xff, 0xf3,
    0x0, 0x8f, 0xff, 0x10, 0x0, 0x5, 0xff, 0xf2,
    0x0, 0x8f, 0xff, 0x10, 0x0, 0xa, 0xff, 0xd0,
    0x0, 0x8f, 0xff, 0x10, 0x0, 0x3f, 0xff, 0x60,
    0x0, 0x8f, 0xff, 0x32, 0x37, 0xff, 0xf8, 0x0,
    0x0, 0x8f, 0xff, 0xff, 0xff, 0xfb, 0x30, 0x0,
    0x0, 0x8f, 0xff, 0x64, 0x42, 0x0, 0x0, 0x0,
    0x0, 0x8f, 0xff, 0x10, 0x0, 0x0, 0x0, 0x0,
    0x0, 0x8f, 0xff, 0x10, 0x0, 0x0, 0x0, 0x0,
    0x0, 0x8f, 0xff, 0x20, 0x0, 0x0, 0x0, 0x0,
    0x0, 0x8f, 0xff, 0x20, 0x0, 0x0, 0x0, 0x0,
    0x0, 0x8f, 0xff, 0x20, 0x0, 0x0, 0x0, 0x0,
    0x69, 0xdf, 0xff, 0xb8, 0x50, 0x0, 0x0, 0x0,
    0xef, 0xff, 0xff, 0xff, 0xb0, 0x0, 0x0, 0x0,

    /* U+0051 "Q" */
    0x0, 0x0, 0x4, 0x9d, 0xff, 0xd8, 0x20, 0x0,
    0x0, 0x0, 0x1, 0xcf, 0xfc, 0x99, 0xdf, 0xf9,
    0x0, 0x0, 0x0, 0x2e, 0xff, 0x60, 0x0, 0x9,
    0xff, 0xc0, 0x0, 0x1, 0xdf, 0xf9, 0x0, 0x0,
    0x0, 0xcf, 0xfb, 0x0, 0x9, 0xff, 0xf1, 0x0,
    0x0, 0x0, 0x4f, 0xff, 0x50, 0x1f, 0xff, 0xa0,
    0x0, 0x0, 0x0, 0xe, 0xff, 0xd0, 0x6f, 0xff,
    0x60, 0x0, 0x0, 0x0, 0xb, 0xff, 0xf2, 0xaf,
    0xff, 0x30, 0x0, 0x0, 0x0, 0x8, 0xff, 0xf6,
    0xcf, 0xff, 0x20, 0x0, 0x0, 0x0, 0x6, 0xff,
    0xf7, 0xdf, 0xff, 0x10, 0x0, 0x0, 0x0, 0x6,
    0xff, 0xf9, 0xcf, 0xff, 0x10, 0x0, 0x0, 0x0,
    0x6, 0xff, 0xf8, 0xbf, 0xff, 0x20, 0x0, 0x0,
    0x0, 0x7, 0xff, 0xf6, 0x9f, 0xff, 0x40, 0x0,
    0x0, 0x0, 0x9, 0xff, 0xf4, 0x4f, 0xff, 0x70,
    0x0, 0x0, 0x0, 0xc, 0xff, 0xf0, 0xe, 0xff,
    0xc0, 0x0, 0x0, 0x0, 0x1f, 0xff, 0x90, 0x5,
    0xff, 0xf3, 0x0, 0x0, 0x0, 0x7f, 0xfe, 0x10,
    0x0, 0xaf, 0xfd, 0x0, 0x0, 0x2, 0xff, 0xf5,
    0x0, 0x0, 0xa, 0xff, 0xc3, 0x0, 0x5e, 0xff,
    0x50, 0x0, 0x0, 0x0, 0x4d, 0xff, 0xff, 0xff,
    0xb2, 0x0, 0x0, 0x0, 0x0, 0x0, 0x2f, 0xff,
    0xa1, 0x0, 0x0, 0x0, 0x0, 0x0, 0x0, 0xc,
    0xff, 0xa0, 0x0, 0x0, 0x0, 0x0, 0x0, 0x0,
    0x8, 0xff, 0xf1, 0x0, 0x0, 0x0, 0x0, 0x0,
    0x0, 0x1, 0xef, 0xfc, 0x30, 0x0, 0x0, 0x0,
    0x0, 0x0, 0x0, 0x3e, 0xff, 0xff, 0xef, 0x50,
    0x0, 0x0, 0x0, 0x0, 0x1, 0x8d, 0xff, 0xd9,
    0x20,

    /* U+0052 "R" */
    0xef, 0xff, 0xff, 0xff, 0xff, 0xd9, 0x40, 0x0,
    0x0, 0x57, 0xcf, 0xff, 0x77, 0x8a, 0xff, 0xfb,
    0x0, 0x0, 0x0, 0x8f, 0xff, 0x10, 0x0, 0x3f,
    0xff, 0xa0, 0x0, 0x0, 0x8f, 0xff, 0x10, 0x0,
    0x8, 0xff, 0xf2, 0x0, 0x0, 0x8f, 0xff, 0x10,
    0x0, 0x5, 0xff, 0xf5, 0x0, 0x0, 0x8f, 0xff,
    0x10, 0x0, 0x4, 0xff, 0xf4, 0x0, 0x0, 0x8f,
    0xff, 0x10, 0x0, 0x8, 0xff, 0xf1, 0x0, 0x0,
    0x8f, 0xff, 0x10, 0x0, 0x1e, 0xff, 0x70, 0x0,
    0x0, 0x8f, 0xff, 0x21, 0x26, 0xdf, 0xf7, 0x0,
    0x0, 0x0, 0x8f, 0xff, 0xff, 0xff, 0xe7, 0x10,
    0x0, 0x0, 0x0, 0x8f, 0xff, 0x55, 0x7d, 0xff,
    0x80, 0x0, 0x0, 0x0, 0x8f, 0xff, 0x10, 0x1,
    0xef, 0xf7, 0x0, 0x0, 0x0, 0x8f, 0xff, 0x10,
    0x0, 0x9f, 0xff, 0x0, 0x0, 0x0, 0x8f, 0xff,
    0x10, 0x0, 0x5f, 0xff, 0x40, 0x0, 0x0, 0x8f,
    0xff, 0x10, 0x0, 0x1f, 0xff, 0x80, 0x0, 0x0,
    0x8f, 0xff, 0x10, 0x0, 0xd, 0xff, 0xc0, 0x0,
    0x0, 0x8f, 0xff, 0x10, 0x0, 0xa, 0xff, 0xf0,
    0x0, 0x57, 0xcf, 0xff, 0x97, 0x30, 0x5, 0xff,
    0xfa, 0x72, 0xef, 0xff, 0xff, 0xff, 0x80, 0x0,
    0x7d, 0xff, 0xf6,

    /* U+0053 "S" */
    0x0, 0x4, 0xad, 0xff, 0xda, 0x40, 0x0, 0x1c,
    0xff, 0xda, 0x9d, 0xff, 0xb0, 0xc, 0xff, 0x60,
    0x0, 0xd, 0xfd, 0x4, 0xff, 0xb0, 0x0, 0x0,
    0xbf, 0xc0, 0x8f, 0xf9, 0x0, 0x0, 0x8, 0xfb,
    0x8, 0xff, 0xd0, 0x0, 0x0, 0x2, 0x10, 0x6f,
    0xff, 0xa0, 0x0, 0x0, 0x0, 0x1, 0xff, 0xff,
    0xe6, 0x10, 0x0, 0x0, 0x5, 0xff, 0xff, 0xff,
    0x91, 0x0, 0x0, 0x3, 0xdf, 0xff, 0xff, 0xf7,
    0x0, 0x0, 0x0, 0x6e, 0xff, 0xff, 0xf9, 0x0,
    0x0, 0x0, 0x5, 0xdf, 0xff, 0xf4, 0x0, 0x0,
    0x0, 0x0, 0x7f, 0xff, 0x95, 0x62, 0x0, 0x0,
    0x0, 0xbf, 0xfb, 0xdf, 0x80, 0x0, 0x0, 0x9,
    0xff, 0xae, 0xfa, 0x0, 0x0, 0x0, 0xcf, 0xf5,
    0xef, 0xd0, 0x0, 0x0, 0x7f, 0xfc, 0xb, 0xff,
    0xea, 0x9a, 0xdf, 0xfc, 0x10, 0x3, 0x8c, 0xef,
    0xfd, 0xa5, 0x0, 0x0,

    /* U+0054 "T" */
    0x4f, 0xff, 0xff, 0xff, 0xff, 0xff, 0xff, 0xff,
    0x95, 0xff, 0x88, 0x89, 0xff, 0xfb, 0x88, 0x8d,
    0xfa, 0x5f, 0xf0, 0x0, 0x3f, 0xff, 0x70, 0x0,
    0xaf, 0xa6, 0xfc, 0x0, 0x2, 0xff, 0xf7, 0x0,
    0x7, 0xfb, 0x6f, 0xa0, 0x0, 0x2f, 0xff, 0x70,
    0x0, 0x5f, 0xb1, 0x31, 0x0, 0x2, 0xff, 0xf7,
    0x0, 0x0, 0x32, 0x0, 0x0, 0x0, 0x2f, 0xff,
    0x70, 0x0, 0x0, 0x0, 0x0, 0x0, 0x2, 0xff,
    0xf7, 0x0, 0x0, 0x0, 0x0, 0x0, 0x0, 0x2f,
    0xff, 0x70, 0x0, 0x0, 0x0, 0x0, 0x0, 0x2,
    0xff, 0xf7, 0x0, 0x0, 0x0, 0x0, 0x0, 0x0,
    0x2f, 0xff, 0x70, 0x0, 0x0, 0x0, 0x0, 0x0,
    0x2, 0xff, 0xf7, 0x0, 0x0, 0x0, 0x0, 0x0,
    0x0, 0x2f, 0xff, 0x70, 0x0, 0x0, 0x0, 0x0,
    0x0, 0x2, 0xff, 0xf7, 0x0, 0x0, 0x0, 0x0,
    0x0, 0x0, 0x2f, 0xff, 0x70, 0x0, 0x0, 0x0,
    0x0, 0x0, 0x2, 0xff, 0xf7, 0x0, 0x0, 0x0,
    0x0, 0x0, 0x0, 0x3f, 0xff, 0x70, 0x0, 0x0,
    0x0, 0x0, 0x5, 0x7a, 0xff, 0xfc, 0x86, 0x0,
    0x0, 0x0, 0x0, 0xdf, 0xff, 0xff, 0xff, 0xf2,
    0x0, 0x0,

    /* U+0055 "U" */
    0xf, 0xff, 0xff, 0xff, 0xf7, 0x0, 0x2f, 0xff,
    0xff, 0xf9, 0x5, 0x7e, 0xff, 0xf8, 0x62, 0x0,
    0x6, 0x7c, 0xfa, 0x73, 0x0, 0xd, 0xff, 0xd0,
    0x0, 0x0, 0x0, 0x7, 0xf3, 0x0, 0x0, 0xd,
    0xff, 0xd0, 0x0, 0x0, 0x0, 0x7, 0xf3, 0x0,
    0x0, 0xd, 0xff, 0xd0, 0x0, 0x0, 0x0, 0x7,
    0xf3, 0x0, 0x0, 0xd, 0xff, 0xc0, 0x0, 0x0,
    0x0, 0x7, 0xf3, 0x0, 0x0, 0xd, 0xff, 0xc0,
    0x0, 0x0, 0x0, 0x7, 0xf3, 0x0, 0x0, 0xd,
    0xff, 0xc0, 0x0, 0x0, 0x0, 0x7, 0xf3, 0x0,
    0x0, 0xd, 0xff, 0xc0, 0x0, 0x0, 0x0, 0x7,
    0xf3, 0x0, 0x0, 0xd, 0xff, 0xc0, 0x0, 0x0,
    0x0, 0x7, 0xf3, 0x0, 0x0, 0xd, 0xff, 0xc0,
    0x0, 0x0, 0x0, 0x7, 0xf2, 0x0, 0x0, 0xc,
    0xff, 0xd0, 0x0, 0x0, 0x0, 0x7, 0xf2, 0x0,
    0x0, 0xb, 0xff, 0xe0, 0x0, 0x0, 0x0, 0x9,
    0xf1, 0x0, 0x0, 0xa, 0xff, 0xf1, 0x0, 0x0,
    0x0, 0xc, 0xe0, 0x0, 0x0, 0x6, 0xff, 0xf7,
    0x0, 0x0, 0x0, 0x2f, 0xa0, 0x0, 0x0, 0x1,
    0xff, 0xfe, 0x20, 0x0, 0x0, 0xcf, 0x40, 0x0,
    0x0, 0x0, 0x7f, 0xff, 0xf9, 0x55, 0x7e, 0xfa,
    0x0, 0x0, 0x0, 0x0, 0x8, 0xff, 0xff, 0xff,
    0xff, 0xa0, 0x0, 0x0, 0x0, 0x0, 0x0, 0x39,
    0xdf, 0xfd, 0xa4, 0x0, 0x0, 0x0,

    /* U+0056 "V" */
    0xaf, 0xff, 0xff, 0xff, 0xa0, 0x0, 0xbf, 0xff,
    0xff, 0x83, 0x7d, 0xff, 0xfa, 0x73, 0x0, 0x4,
    0x8c, 0xfb, 0x73, 0x0, 0x6f, 0xff, 0x50, 0x0,
    0x0, 0x0, 0xaf, 0x0, 0x0, 0x1, 0xff, 0xfb,
    0x0, 0x0, 0x0, 0xf, 0xa0, 0x0, 0x0, 0xb,
    0xff, 0xf1, 0x0, 0x0, 0x5, 0xf4, 0x0, 0x0,
    0x0, 0x5f, 0xff, 0x60, 0x0, 0x0, 0xaf, 0x0,
    0x0, 0x0, 0x0, 0xff, 0xfb, 0x0, 0x0, 0xf,
    0xa0, 0x0, 0x0, 0x0, 0xa, 0xff, 0xf1, 0x0,
    0x5, 0xf4, 0x0, 0x0, 0x0, 0x0, 0x4f, 0xff,
    0x60, 0x0, 0xae, 0x0, 0x0, 0x0, 0x0, 0x0,
    0xef, 0xfb, 0x0, 0xf, 0xa0, 0x0, 0x0, 0x0,
    0x0, 0x9, 0xff, 0xf1, 0x5, 0xf4, 0x0, 0x0,
    0x0, 0x0, 0x0, 0x3f, 0xff, 0x60, 0xae, 0x0,
    0x0, 0x0, 0x0, 0x0, 0x0, 0xdf, 0xfb, 0xf,
    0x90, 0x0, 0x0, 0x0, 0x0, 0x0, 0x7, 0xff,
    0xf6, 0xf4, 0x0, 0x0, 0x0, 0x0, 0x0, 0x0,
    0x2f, 0xff, 0xfe, 0x0, 0x0, 0x0, 0x0, 0x0,
    0x0, 0x0, 0xcf, 0xff, 0x90, 0x0, 0x0, 0x0,
    0x0, 0x0, 0x0, 0x6, 0xff, 0xf4, 0x0, 0x0,
    0x0, 0x0, 0x0, 0x0, 0x0, 0x1f, 0xfe, 0x0,
    0x0, 0x0, 0x0, 0x0, 0x0, 0x0, 0x0, 0xbf,
    0x90, 0x0, 0x0, 0x0, 0x0,

    /* U+0057 "W" */
    0xaf, 0xff, 0xff, 0xff, 0x70, 0x5f, 0xff, 0xff,
    0xff, 0xa0, 0x2f, 0xff, 0xff, 0xf0, 0x37, 0xcf,
    0xff, 0xa7, 0x20, 0x16, 0x8f, 0xff, 0x97, 0x30,
    0x6, 0x9f, 0xe9, 0x60, 0x0, 0x5f, 0xff, 0x50,
    0x0, 0x0, 0x2f, 0xff, 0x40, 0x0, 0x0, 0x1f,
    0x70, 0x0, 0x0, 0x1f, 0xff, 0x90, 0x0, 0x0,
    0x7f, 0xff, 0x90, 0x0, 0x0, 0x6f, 0x30, 0x0,
    0x0, 0xc, 0xff, 0xd0, 0x0, 0x0, 0xcf, 0xff,
    0xd0, 0x0, 0x0, 0xae, 0x0, 0x0, 0x0, 0x8,
    0xff, 0xf1, 0x0, 0x1, 0xfb, 0xff, 0xf2, 0x0,
    0x0, 0xea, 0x0, 0x0, 0x0, 0x3, 0xff, 0xf5,
    0x0, 0x6, 0xf2, 0xff, 0xf7, 0x0, 0x3, 0xf6,
    0x0, 0x0, 0x0, 0x0, 0xef, 0xf9, 0x0, 0xb,
    0xc0, 0xaf, 0xfc, 0x0, 0x7, 0xf1, 0x0, 0x0,
    0x0, 0x0, 0xaf, 0xfd, 0x0, 0xf, 0x80, 0x5f,
    0xff, 0x10, 0xb, 0xd0, 0x0, 0x0, 0x0, 0x0,
    0x5f, 0xff, 0x20, 0x5f, 0x30, 0x1f, 0xff, 0x50,
    0xf, 0x80, 0x0, 0x0, 0x0, 0x0, 0x1f, 0xff,
    0x60, 0xae, 0x0, 0xb, 0xff, 0xa0, 0x4f, 0x40,
    0x0, 0x0, 0x0, 0x0, 0xc, 0xff, 0xa0, 0xf9,
    0x0, 0x6, 0xff, 0xf0, 0x9f, 0x0, 0x0, 0x0,
    0x0, 0x0, 0x7, 0xff, 0xe4, 0xf4, 0x0, 0x1,
    0xff, 0xf4, 0xdb, 0x0, 0x0, 0x0, 0x0, 0x0,
    0x3, 0xff, 0xfc, 0xf0, 0x0, 0x0, 0xcf, 0xfa,
    0xf6, 0x0, 0x0, 0x0, 0x0, 0x0, 0x0, 0xef,
    0xff, 0xb0, 0x0, 0x0, 0x7f, 0xff, 0xf2, 0x0,
    0x0, 0x0, 0x0, 0x0, 0x0, 0x9f, 0xff, 0x60,
    0x0, 0x0, 0x2f, 0xff, 0xe0, 0x0, 0x0, 0x0,
    0x0, 0x0, 0x0, 0x5f, 0xff, 0x10, 0x0, 0x0,
    0xd, 0xff, 0x90, 0x0, 0x0, 0x0, 0x0, 0x0,
    0x0, 0xf, 0xfc, 0x0, 0x0, 0x0, 0x8, 0xff,
    0x50, 0x0, 0x0, 0x0, 0x0, 0x0, 0x0, 0xc,
    0xf7, 0x0, 0x0, 0x0, 0x3, 0xff, 0x0, 0x0,
    0x0, 0x0,

    /* U+0058 "X" */
    0x9f, 0xff, 0xff, 0xff, 0xb0, 0xe, 0xff, 0xff,
    0xf4, 0x37, 0xaf, 0xff, 0xe7, 0x40, 0x5, 0x8f,
    0xe8, 0x61, 0x0, 0xd, 0xff, 0xf2, 0x0, 0x0,
    0x6f, 0x60, 0x0, 0x0, 0x4, 0xff, 0xfb, 0x0,
    0x1, 0xeb, 0x0, 0x0, 0x0, 0x0, 0xaf, 0xff,
    0x40, 0x9, 0xf2, 0x0, 0x0, 0x0, 0x0, 0x2f,
    0xff, 0xd0, 0x3f, 0x70, 0x0, 0x0, 0x0, 0x0,
    0x8, 0xff, 0xf7, 0xcd, 0x0, 0x0, 0x0, 0x0,
    0x0, 0x0, 0xef, 0xff, 0xf3, 0x0, 0x0, 0x0,
    0x0, 0x0, 0x0, 0x5f, 0xff, 0xc0, 0x0, 0x0,
    0x0, 0x0, 0x0, 0x0, 0xc, 0xff, 0xf3, 0x0,
    0x0, 0x0, 0x0, 0x0, 0x0, 0xd, 0xff, 0xfc,
    0x0, 0x0, 0x0, 0x0, 0x0, 0x0, 0x8f, 0xbf,
    0xff, 0x50, 0x0, 0x0, 0x0, 0x0, 0x2, 0xf8,
    0x1f, 0xff, 0xe0, 0x0, 0x0, 0x0, 0x0, 0xc,
    0xd0, 0x7, 0xff, 0xf8, 0x0, 0x0, 0x0, 0x0,
    0x7f, 0x40, 0x0, 0xdf, 0xff, 0x20, 0x0, 0x0,
    0x2, 0xfa, 0x0, 0x0, 0x4f, 0xff, 0xb0, 0x0,
    0x0, 0xc, 0xe1, 0x0, 0x0, 0xb, 0xff, 0xf4,
    0x0, 0x47, 0xaf, 0xc7, 0x20, 0x3, 0x7b, 0xff,
    0xfd, 0x86, 0xcf, 0xff, 0xff, 0x70, 0x8, 0xff,
    0xff, 0xff, 0xff,

    /* U+0059 "Y" */
    0x8f, 0xff, 0xff, 0xff, 0xc0, 0xb, 0xff, 0xff,
    0xf6, 0x37, 0xdf, 0xff, 0xc7, 0x40, 0x4, 0x8d,
    0xfb, 0x82, 0x0, 0x5f, 0xff, 0xb0, 0x0, 0x0,
    0xd, 0xc0, 0x0, 0x0, 0xd, 0xff, 0xf2, 0x0,
    0x0, 0x4f, 0x50, 0x0, 0x0, 0x5, 0xff, 0xf9,
    0x0, 0x0, 0xbd, 0x0, 0x0, 0x0, 0x0, 0xdf,
    0xff, 0x10, 0x3, 0xf5, 0x0, 0x0, 0x0, 0x0,
    0x6f, 0xff, 0x80, 0xa, 0xd0, 0x0, 0x0, 0x0,
    0x0, 0xe, 0xff, 0xe0, 0x1f, 0x60, 0x0, 0x0,
    0x0, 0x0, 0x6, 0xff, 0xf6, 0x8e, 0x0, 0x0,
    0x0, 0x0, 0x0, 0x0, 0xef, 0xfd, 0xf7, 0x0,
    0x0, 0x0, 0x0, 0x0, 0x0, 0x7f, 0xff, 0xe0,
    0x0, 0x0, 0x0, 0x0, 0x0, 0x0, 0xf, 0xff,
    0xa0, 0x0, 0x0, 0x0, 0x0, 0x0, 0x0, 0xf,
    0xff, 0xa0, 0x0, 0x0, 0x0, 0x0, 0x0, 0x0,
    0xf, 0xff, 0xa0, 0x0, 0x0, 0x0, 0x0, 0x0,
    0x0, 0xf, 0xff, 0xa0, 0x0, 0x0, 0x0, 0x0,
    0x0, 0x0, 0xf, 0xff, 0xa0, 0x0, 0x0, 0x0,
    0x0, 0x0, 0x0, 0xf, 0xff, 0xb0, 0x0, 0x0,
    0x0, 0x0, 0x0, 0x37, 0x9f, 0xff, 0xe8, 0x62,
    0x0, 0x0, 0x0, 0x0, 0xaf, 0xff, 0xff, 0xff,
    0xf5, 0x0, 0x0,

    /* U+005A "Z" */
    0xf, 0xff, 0xff, 0xff, 0xff, 0xff, 0xff, 0x90,
    0xf, 0xfb, 0x88, 0x88, 0x88, 0xdf, 0xff, 0x50,
    0xf, 0xf5, 0x0, 0x0, 0x3, 0xff, 0xfb, 0x0,
    0x1f, 0xf1, 0x0, 0x0, 0xc, 0xff, 0xf2, 0x0,
    0x2f, 0xe0, 0x0, 0x0, 0x6f, 0xff, 0x80, 0x0,
    0x3, 0x20, 0x0, 0x1, 0xef, 0xfe, 0x0, 0x0,
    0x0, 0x0, 0x0, 0x9, 0xff, 0xf5, 0x0, 0x0,
    0x0, 0x0, 0x0, 0x3f, 0xff, 0xb0, 0x0, 0x0,
    0x0, 0x0, 0x0, 0xcf, 0xff, 0x20, 0x0, 0x0,
    0x0, 0x0, 0x6, 0xff, 0xf8, 0x0, 0x0, 0x0,
    0x0, 0x0, 0x1e, 0xff, 0xe0, 0x0, 0x0, 0x0,
    0x0, 0x0, 0x9f, 0xff, 0x50, 0x0, 0x0, 0x0,
    0x0, 0x3, 0xff, 0xfb, 0x0, 0x0, 0x0, 0x0,
    0x0, 0xc, 0xff, 0xf2, 0x0, 0x0, 0x3, 0x30,
    0x0, 0x6f, 0xff, 0x80, 0x0, 0x0, 0x1f, 0xf0,
    0x1, 0xef, 0xfe, 0x0, 0x0, 0x0, 0x4f, 0xf0,
    0xa, 0xff, 0xf5, 0x0, 0x0, 0x0, 0x7f, 0xe0,
    0x3f, 0xff, 0xf8, 0x88, 0x88, 0x88, 0xdf, 0xd0,
    0x7f, 0xff, 0xff, 0xff, 0xff, 0xff, 0xff, 0xd0,

    /* U+005B "[" */
    0x3f, 0xff, 0xff, 0xb2, 0xff, 0xd9, 0x74, 0x2f,
    0xf9, 0x0, 0x2, 0xff, 0x90, 0x0, 0x2f, 0xf9,
    0x0, 0x1, 0xff, 0x80, 0x0, 0x1f, 0xf8, 0x0,
    0x1, 0xff, 0x80, 0x0, 0x1f, 0xf8, 0x0, 0x1,
    0xff, 0x80, 0x0, 0x1f, 0xf8, 0x0, 0x1, 0xff,
    0x80, 0x0, 0x1f, 0xf8, 0x0, 0x1, 0xff, 0x80,
    0x0, 0x1f, 0xf8, 0x0, 0x1, 0xff, 0x80, 0x0,
    0x1f, 0xf8, 0x0, 0x1, 0xff, 0x80, 0x0, 0x1f,
    0xf8, 0x0, 0x1, 0xff, 0x80, 0x0, 0x2f, 0xf9,
    0x0, 0x2, 0xff, 0x90, 0x0, 0x2f, 0xf9, 0x0,
    0x2, 0xff, 0xd9, 0x74, 0x3f, 0xff, 0xff, 0xb0,

    /* U+005C "\\" */
    0x68, 0x30, 0x0, 0x0, 0x0, 0x8f, 0xa0, 0x0,
    0x0, 0x0, 0x4f, 0xf0, 0x0, 0x0, 0x0, 0xe,
    0xf4, 0x0, 0x0, 0x0, 0xa, 0xf9, 0x0, 0x0,
    0x0, 0x5, 0xfe, 0x0, 0x0, 0x0, 0x0, 0xff,
    0x30, 0x0, 0x0, 0x0, 0xbf, 0x70, 0x0, 0x0,
    0x0, 0x6f, 0xc0, 0x0, 0x0, 0x0, 0x1f, 0xf1,
    0x0, 0x0, 0x0, 0xd, 0xf6, 0x0, 0x0, 0x0,
    0x8, 0xfb, 0x0, 0x0, 0x0, 0x3, 0xff, 0x0,
    0x0, 0x0, 0x0, 0xef, 0x50, 0x0, 0x0, 0x0,
    0x9f, 0xa0, 0x0, 0x0, 0x0, 0x4f, 0xe0, 0x0,
    0x0, 0x0, 0xf, 0xf3, 0x0, 0x0, 0x0, 0xa,
    0xf8, 0x0, 0x0, 0x0, 0x6, 0xfd, 0x0, 0x0,
    0x0, 0x1, 0xff, 0x20, 0x0, 0x0, 0x0, 0xcf,
    0x70, 0x0, 0x0, 0x0, 0x7f, 0xc0, 0x0, 0x0,
    0x0, 0x2f, 0xf1, 0x0, 0x0, 0x0, 0xd, 0xf5,
    0x0, 0x0, 0x0, 0x8, 0xfa,

    /* U+005D "]" */
    0x5f, 0xff, 0xff, 0x82, 0x78, 0xbf, 0xf8, 0x0,
    0x4, 0xff, 0x70, 0x0, 0x4f, 0xf7, 0x0, 0x3,
    0xff, 0x70, 0x0, 0x3f, 0xf7, 0x0, 0x3, 0xff,
    0x70, 0x0, 0x3f, 0xf7, 0x0, 0x3, 0xff, 0x70,
    0x0, 0x3f, 0xf7, 0x0, 0x3, 0xff, 0x70, 0x0,
    0x3f, 0xf7, 0x0, 0x3, 0xff, 0x70, 0x0, 0x3f,
    0xf7, 0x0, 0x3, 0xff, 0x70, 0x0, 0x3f, 0xf7,
    0x0, 0x3, 0xff, 0x70, 0x0, 0x3f, 0xf7, 0x0,
    0x3, 0xff, 0x70, 0x0, 0x3f, 0xf7, 0x0, 0x3,
    0xff, 0x70, 0x0, 0x4f, 0xf7, 0x0, 0x4, 0xff,
    0x72, 0x78, 0xbf, 0xf8, 0x5f, 0xff, 0xff, 0x80,

    /* U+005E "^" */
    0x0, 0x0, 0xcf, 0xd0, 0x0, 0x0, 0x0, 0x6,
    0xff, 0xf7, 0x0, 0x0, 0x0, 0x1e, 0xf9, 0xff,
    0x20, 0x0, 0x0, 0xaf, 0xb0, 0xaf, 0xb0, 0x0,
    0x4, 0xff, 0x20, 0x1e, 0xf5, 0x0, 0xd, 0xf7,
    0x0, 0x6, 0xfe, 0x10, 0x8f, 0xc0, 0x0, 0x0,
    0xcf, 0x90, 0x9f, 0x30, 0x0, 0x0, 0x2f, 0xa0,
    0x2, 0x0, 0x0, 0x0, 0x2, 0x0,

    /* U+005F "_" */
    0x3, 0x33, 0x33, 0x33, 0x33, 0x33, 0x33, 0x32,
    0x2f, 0xff, 0xff, 0xff, 0xff, 0xff, 0xff, 0xfd,
    0x2f, 0xff, 0xff, 0xff, 0xff, 0xff, 0xff, 0xfd,

    /* U+0060 "`" */
    0x8f, 0x70, 0x0, 0xdf, 0xf4, 0x0, 0x5f, 0xfd,
    0x0, 0x4, 0xff, 0x80, 0x0, 0x2e, 0xf2, 0x0,
    0x1, 0xc4, 0x0, 0x0, 0x0,

    /* U+0061 "a" */
    0x0, 0x18, 0xce, 0xfe, 0xa3, 0x0, 0x0, 0x5,
    0xff, 0x76, 0xaf, 0xff, 0x30, 0x0, 0x2f, 0xfe,
    0x0, 0x8, 0xff, 0xa0, 0x0, 0x7f, 0xfa, 0x0,
    0x4, 0xff, 0xe0, 0x0, 0x2c, 0xc2, 0x0, 0x3,
    0xff, 0xf0, 0x0, 0x0, 0x0, 0x0, 0x28, 0xff,
    0xf0, 0x0, 0x0, 0x4, 0x9e, 0xfc, 0xff, 0xf0,
    0x0, 0x3, 0xdf, 0xd5, 0x3, 0xff, 0xf0, 0x0,
    0x4f, 0xfc, 0x0, 0x3, 0xff, 0xf0, 0x0, 0xcf,
    0xf6, 0x0, 0x3, 0xff, 0xf0, 0x0, 0xef, 0xf6,
    0x0, 0x3, 0xff, 0xf0, 0x0, 0xcf, 0xfd, 0x31,
    0x4d, 0xff, 0xf1, 0x10, 0x5f, 0xff, 0xff, 0xf4,
    0xdf, 0xfd, 0xe4, 0x4, 0xcf, 0xea, 0x20, 0x2c,
    0xfd, 0x60,

    /* U+0062 "b" */
    0x0, 0x15, 0x9c, 0x0, 0x0, 0x0, 0x0, 0x0,
    0x3c, 0xff, 0xff, 0x0, 0x0, 0x0, 0x0, 0x0,
    0x3a, 0xdf, 0xff, 0x0, 0x0, 0x0, 0x0, 0x0,
    0x0, 0x5f, 0xff, 0x0, 0x0, 0x0, 0x0, 0x0,
    0x0, 0x5f, 0xff, 0x0, 0x0, 0x0, 0x0, 0x0,
    0x0, 0x5f, 0xff, 0x0, 0x0, 0x0, 0x0, 0x0,
    0x0, 0x5f, 0xff, 0x0, 0x0, 0x0, 0x0, 0x0,
    0x0, 0x5f, 0xff, 0x3, 0xbe, 0xfc, 0x50, 0x0,
    0x0, 0x5f, 0xff, 0x7f, 0xff, 0xff, 0xf9, 0x0,
    0x0, 0x5f, 0xff, 0xd5, 0x2, 0xaf, 0xff, 0x60,
    0x0, 0x5f, 0xff, 0x10, 0x0, 0xc, 0xff, 0xe0,
    0x0, 0x5f, 0xff, 0x0, 0x0, 0x5, 0xff, 0xf3,
    0x0, 0x5f, 0xff, 0x0, 0x0, 0x2, 0xff, 0xf6,
    0x0, 0x5f, 0xff, 0x0, 0x0, 0x0, 0xff, 0xf8,
    0x0, 0x5f, 0xff, 0x0, 0x0, 0x0, 0xff, 0xf7,
    0x0, 0x5f, 0xff, 0x0, 0x0, 0x2, 0xff, 0xf6,
    0x0, 0x5f, 0xff, 0x0, 0x0, 0x5, 0xff, 0xf2,
    0x0, 0x5f, 0xff, 0x0, 0x0, 0xc, 0xff, 0xc0,
    0x0, 0x5f, 0xff, 0xc3, 0x2, 0xbf, 0xff, 0x30,
    0x1b, 0xef, 0xfd, 0xbf, 0xff, 0xff, 0xf5, 0x0,
    0x1a, 0xbc, 0xd8, 0x7, 0xdf, 0xea, 0x20, 0x0,

    /* U+0063 "c" */
    0x0, 0x2, 0x8d, 0xff, 0xc6, 0x0, 0x0, 0x7,
    0xff, 0xe8, 0x6c, 0xfc, 0x10, 0x7, 0xff, 0xd1,
    0x0, 0x6f, 0xfa, 0x2, 0xff, 0xf3, 0x0, 0x2,
    0xff, 0xf0, 0x8f, 0xfd, 0x0, 0x0, 0xa, 0xfa,
    0xc, 0xff, 0x90, 0x0, 0x0, 0x0, 0x0, 0xef,
    0xf8, 0x0, 0x0, 0x0, 0x0, 0xf, 0xff, 0x90,
    0x0, 0x0, 0x0, 0x0, 0xdf, 0xfb, 0x0, 0x0,
    0x0, 0x0, 0xa, 0xff, 0xf1, 0x0, 0x0, 0x0,
    0x0, 0x4f, 0xff, 0xc0, 0x0, 0x0, 0x2a, 0x0,
    0xbf, 0xff, 0xd7, 0x44, 0x8f, 0xa0, 0x0, 0xbf,
    0xff, 0xff, 0xff, 0xc1, 0x0, 0x0, 0x5a, 0xef,
    0xec, 0x60, 0x0,

    /* U+0064 "d" */
    0x0, 0x0, 0x0, 0x0, 0x1, 0x59, 0xb0, 0x0,
    0x0, 0x0, 0x0, 0x5d, 0xff, 0xfe, 0x0, 0x0,
    0x0, 0x0, 0x4, 0xad, 0xff, 0xe0, 0x0, 0x0,
    0x0, 0x0, 0x0, 0x5f, 0xfe, 0x0, 0x0, 0x0,
    0x0, 0x0, 0x5, 0xff, 0xd0, 0x0, 0x0, 0x0,
    0x0, 0x0, 0x5f, 0xfd, 0x0, 0x0, 0x0, 0x0,
    0x0, 0x5, 0xff, 0xd0, 0x0, 0x0, 0x5b, 0xef,
    0xc4, 0x5f, 0xfd, 0x0, 0x0, 0xaf, 0xff, 0xff,
    0xfc, 0xff, 0xd0, 0x0, 0x9f, 0xff, 0x71, 0x15,
    0xef, 0xfd, 0x0, 0x2f, 0xff, 0x70, 0x0, 0x7,
    0xff, 0xd0, 0x8, 0xff, 0xe0, 0x0, 0x0, 0x7f,
    0xfd, 0x0, 0xcf, 0xfb, 0x0, 0x0, 0x7, 0xff,
    0xd0, 0xe, 0xff, 0x90, 0x0, 0x0, 0x7f, 0xfd,
    0x0, 0xef, 0xf9, 0x0, 0x0, 0x7, 0xff, 0xd0,
    0xd, 0xff, 0xb0, 0x0, 0x0, 0x7f, 0xfd, 0x0,
    0xaf, 0xfe, 0x0, 0x0, 0x7, 0xff, 0xd0, 0x5,
    0xff, 0xf6, 0x0, 0x0, 0x7f, 0xfd, 0x0, 0xc,
    0xff, 0xf7, 0x11, 0x6f, 0xff, 0xd0, 0x0, 0x2d,
    0xff, 0xff, 0xff, 0x9f, 0xff, 0xc6, 0x0, 0x18,
    0xdf, 0xea, 0x23, 0xff, 0xff, 0xb0,

    /* U+0065 "e" */
    0x0, 0x2, 0x9d, 0xfe, 0xb5, 0x0, 0x0, 0x7,
    0xff, 0xb6, 0x8f, 0xfa, 0x0, 0x7, 0xff, 0xa0,
    0x0, 0x5f, 0xf7, 0x2, 0xff, 0xf1, 0x0, 0x0,
    0xff, 0xe0, 0x8f, 0xfc, 0x0, 0x0, 0xe, 0xff,
    0x3c, 0xff, 0xa1, 0x11, 0x15, 0xff, 0xf4, 0xef,
    0xff, 0xff, 0xff, 0xff, 0xff, 0x3e, 0xff, 0xa4,
    0x44, 0x44, 0x44, 0x40, 0xdf, 0xfb, 0x0, 0x0,
    0x0, 0x0, 0xa, 0xff, 0xf1, 0x0, 0x0, 0x0,
    0x0, 0x3f, 0xff, 0xb0, 0x0, 0x0, 0x8, 0x20,
    0xaf, 0xff, 0xd7, 0x44, 0x7d, 0xe1, 0x0, 0xaf,
    0xff, 0xff, 0xff, 0xe3, 0x0, 0x0, 0x4a, 0xdf,
    0xed, 0x81, 0x0,

    /* U+0066 "f" */
    0x0, 0x0, 0x0, 0x5b, 0xef, 0xd6, 0x0, 0x0,
    0x0, 0xaf, 0xbf, 0xff, 0xf3, 0x0, 0x0, 0x9f,
    0xe0, 0x4f, 0xff, 0x20, 0x0, 0x3f, 0xf7, 0x0,
    0x15, 0x10, 0x0, 0x9, 0xff, 0x40, 0x0, 0x0,
    0x0, 0x0, 0xdf, 0xf2, 0x0, 0x0, 0x0, 0x0,
    0xf, 0xff, 0x20, 0x0, 0x0, 0x2, 0xdf, 0xff,
    0xff, 0xff, 0xa0, 0x0, 0x2b, 0xbf, 0xff, 0xcb,
    0xb7, 0x0, 0x0, 0x1, 0xff, 0xf3, 0x0, 0x0,
    0x0, 0x0, 0x1f, 0xff, 0x30, 0x0, 0x0, 0x0,
    0x1, 0xff, 0xf3, 0x0, 0x0, 0x0, 0x0, 0x1f,
    0xff, 0x30, 0x0, 0x0, 0x0, 0x1, 0xff, 0xf3,
    0x0, 0x0, 0x0, 0x0, 0x1f, 0xff, 0x30, 0x0,
    0x0, 0x0, 0x1, 0xff, 0xf3, 0x0, 0x0, 0x0,
    0x0, 0x1f, 0xff, 0x30, 0x0, 0x0, 0x0, 0x2,
    0xff, 0xf3, 0x0, 0x0, 0x0, 0x0, 0x2f, 0xff,
    0x40, 0x0, 0x0, 0x0, 0x59, 0xff, 0xfa, 0x62,
    0x0, 0x0, 0x1f, 0xff, 0xff, 0xff, 0xa0, 0x0,
    0x0,

    /* U+0067 "g" */
    0x0, 0x0, 0x0, 0x0, 0x0, 0x0, 0x0, 0x0,
    0x0, 0x3a, 0xef, 0xfd, 0x81, 0x17, 0xd4, 0x0,
    0x6f, 0xfb, 0x46, 0xef, 0xef, 0xff, 0x50, 0x2f,
    0xfe, 0x0, 0x4, 0xff, 0xd3, 0x31, 0x7, 0xff,
    0x80, 0x0, 0xe, 0xff, 0x10, 0x0, 0x9f, 0xf7,
    0x0, 0x0, 0xdf, 0xf3, 0x0, 0x8, 0xff, 0x80,
    0x0, 0xe, 0xff, 0x20, 0x0, 0x3f, 0xfc, 0x0,
    0x3, 0xff, 0xd0, 0x0, 0x0, 0xaf, 0xf7, 0x13,
    0xdf, 0xf3, 0x0, 0x0, 0x0, 0xbf, 0xff, 0xff,
    0xb2, 0x0, 0x0, 0x0, 0x6f, 0x31, 0x22, 0x0,
    0x0, 0x0, 0x0, 0x1f, 0xf0, 0x0, 0x0, 0x0,
    0x0, 0x0, 0x6, 0xff, 0x60, 0x0, 0x0, 0x0,
    0x0, 0x0, 0x6f, 0xff, 0xff, 0xff, 0xfe, 0xb4,
    0x0, 0x0, 0xdf, 0xff, 0xff, 0xff, 0xff, 0xf6,
    0x0, 0x1, 0xdd, 0xdd, 0xdd, 0xef, 0xff, 0xe0,
    0x3, 0xec, 0x0, 0x0, 0x0, 0x4f, 0xff, 0x20,
    0xef, 0x70, 0x0, 0x0, 0x0, 0xbf, 0xf0, 0x3f,
    0xf7, 0x0, 0x0, 0x0, 0xb, 0xfb, 0x1, 0xff,
    0xd1, 0x0, 0x0, 0x7, 0xfe, 0x20, 0x8, 0xff,
    0xfa, 0x88, 0xae, 0xfb, 0x20, 0x0, 0x5, 0xbe,
    0xff, 0xec, 0x83, 0x0, 0x0,

    /* U+0068 "h" */
    0x0, 0x15, 0x9c, 0x0, 0x0, 0x0, 0x0, 0x0,
    0x3, 0xcf, 0xff, 0xf0, 0x0, 0x0, 0x0, 0x0,
    0x0, 0x3a, 0xdf, 0xff, 0x0, 0x0, 0x0, 0x0,
    0x0, 0x0, 0x5, 0xff, 0xf0, 0x0, 0x0, 0x0,
    0x0, 0x0, 0x0, 0x5f, 0xff, 0x0, 0x0, 0x0,
    0x0, 0x0, 0x0, 0x5, 0xff, 0xf0, 0x0, 0x0,
    0x0, 0x0, 0x0, 0x0, 0x5f, 0xff, 0x0, 0x0,
    0x0, 0x0, 0x0, 0x0, 0x5, 0xff, 0xf0, 0x7,
    0xdf, 0xe9, 0x0, 0x0, 0x0, 0x5f, 0xff, 0x2d,
    0xff, 0xff, 0xfb, 0x0, 0x0, 0x5, 0xff, 0xfe,
    0xe8, 0x6c, 0xff, 0xf3, 0x0, 0x0, 0x5f, 0xff,
    0x90, 0x0, 0xf, 0xff, 0x60, 0x0, 0x5, 0xff,
    0xf0, 0x0, 0x0, 0xcf, 0xf8, 0x0, 0x0, 0x5f,
    0xff, 0x0, 0x0, 0xc, 0xff, 0x80, 0x0, 0x5,
    0xff, 0xf0, 0x0, 0x0, 0xcf, 0xf9, 0x0, 0x0,
    0x5f, 0xff, 0x0, 0x0, 0xc, 0xff, 0x90, 0x0,
    0x5, 0xff, 0xf0, 0x0, 0x0, 0xcf, 0xf9, 0x0,
    0x0, 0x5f, 0xff, 0x0, 0x0, 0xc, 0xff, 0x90,
    0x0, 0x5, 0xff, 0xf0, 0x0, 0x0, 0xcf, 0xf9,
    0x0, 0x0, 0x5f, 0xff, 0x0, 0x0, 0xc, 0xff,
    0x90, 0x0, 0x4a, 0xff, 0xf6, 0x20, 0x26, 0xef,
    0xfc, 0x51, 0x3f, 0xff, 0xff, 0xfb, 0x9, 0xff,
    0xff, 0xff, 0x50,

    /* U+0069 "i" */
    0x0, 0x2c, 0xf9, 0x0, 0x0, 0xaf, 0xff, 0x40,
    0x0, 0xbf, 0xff, 0x50, 0x0, 0x2d, 0xfa, 0x0,
    0x0, 0x0, 0x0, 0x0, 0x0, 0x0, 0x0, 0x0,
    0x0, 0x0, 0x4, 0x0, 0x0, 0x39, 0xef, 0x20,
    0x2d, 0xff, 0xff, 0x20, 0x2a, 0xdf, 0xff, 0x20,
    0x0, 0x4f, 0xff, 0x10, 0x0, 0x4f, 0xff, 0x10,
    0x0, 0x3f, 0xff, 0x10, 0x0, 0x3f, 0xff, 0x10,
    0x0, 0x3f, 0xff, 0x10, 0x0, 0x3f, 0xff, 0x10,
    0x0, 0x3f, 0xff, 0x10, 0x0, 0x3f, 0xff, 0x10,
    0x0, 0x3f, 0xff, 0x10, 0x5, 0xaf, 0xff, 0x83,
    0x1f, 0xff, 0xff, 0xfd,

    /* U+006A "j" */
    0x0, 0x0, 0x2, 0xdf, 0x90, 0x0, 0x0, 0xb,
    0xff, 0xf4, 0x0, 0x0, 0xc, 0xff, 0xf4, 0x0,
    0x0, 0x3, 0xef, 0xa0, 0x0, 0x0, 0x0, 0x0,
    0x0, 0x0, 0x0, 0x0, 0x0, 0x0, 0x0, 0x0,
    0x0, 0x0, 0x40, 0x0, 0x0, 0x3, 0x9e, 0xf1,
    0x0, 0x3, 0xdf, 0xff, 0xf0, 0x0, 0x2, 0xad,
    0xff, 0xf0, 0x0, 0x0, 0x5, 0xff, 0xf0, 0x0,
    0x0, 0x4, 0xff, 0xf0, 0x0, 0x0, 0x4, 0xff,
    0xf0, 0x0, 0x0, 0x4, 0xff, 0xf0, 0x0, 0x0,
    0x4, 0xff, 0xf0, 0x0, 0x0, 0x4, 0xff, 0xf0,
    0x0, 0x0, 0x4, 0xff, 0xf0, 0x0, 0x0, 0x4,
    0xff, 0xf0, 0x0, 0x0, 0x4, 0xff, 0xf0, 0x0,
    0x0, 0x4, 0xff, 0xf0, 0x0, 0x0, 0x4, 0xff,
    0xf0, 0x0, 0x0, 0x4, 0xff, 0xe0, 0x0, 0x0,
    0x4, 0xff, 0xc0, 0x0, 0x0, 0x5, 0xff, 0x90,
    0x2, 0x51, 0x6, 0xff, 0x40, 0x3f, 0xff, 0x39,
    0xfc, 0x0, 0x5f, 0xff, 0xef, 0xd1, 0x0, 0x8,
    0xef, 0xd7, 0x0, 0x0,

    /* U+006B "k" */
    0x0, 0x0, 0x2, 0x0, 0x0, 0x0, 0x0, 0x0,
    0x2, 0x6b, 0xef, 0x10, 0x0, 0x0, 0x0, 0x0,
    0x5f, 0xff, 0xff, 0x10, 0x0, 0x0, 0x0, 0x0,
    0x4, 0x9f, 0xff, 0x0, 0x0, 0x0, 0x0, 0x0,
    0x0, 0x5f, 0xff, 0x0, 0x0, 0x0, 0x0, 0x0,
    0x0, 0x5f, 0xff, 0x0, 0x0, 0x0, 0x0, 0x0,
    0x0, 0x5f, 0xff, 0x0, 0x0, 0x0, 0x0, 0x0,
    0x0, 0x5f, 0xff, 0x0, 0x0, 0x0, 0x0, 0x0,
    0x0, 0x5f, 0xff, 0x0, 0x6f, 0xff, 0xff, 0xf3,
    0x0, 0x5f, 0xff, 0x0, 0x16, 0xcf, 0xc7, 0x50,
    0x0, 0x5f, 0xff, 0x0, 0x2, 0xec, 0x0, 0x0,
    0x0, 0x5f, 0xff, 0x0, 0x2e, 0xc0, 0x0, 0x0,
    0x0, 0x5f, 0xff, 0x2, 0xef, 0x0, 0x0, 0x0,
    0x0, 0x5f, 0xff, 0x1d, 0xff, 0x50, 0x0, 0x0,
    0x0, 0x5f, 0xff, 0xdf, 0xff, 0xe0, 0x0, 0x0,
    0x0, 0x5f, 0xff, 0xd4, 0xff, 0xf7, 0x0, 0x0,
    0x0, 0x5f, 0xff, 0x10, 0xaf, 0xff, 0x10, 0x0,
    0x0, 0x5f, 0xff, 0x0, 0x2f, 0xff, 0x80, 0x0,
    0x0, 0x5f, 0xff, 0x0, 0x9, 0xff, 0xf2, 0x0,
    0x0, 0x5f, 0xff, 0x0, 0x1, 0xff, 0xfa, 0x0,
    0x5, 0xbf, 0xff, 0x84, 0x0, 0x8f, 0xff, 0x84,
    0x4f, 0xff, 0xff, 0xff, 0x0, 0x1f, 0xff, 0xff,

    /* U+006C "l" */
    0x0, 0x4, 0x8c, 0x10, 0x3, 0xcf, 0xff, 0xf1,
    0x0, 0x3a, 0xdf, 0xff, 0x10, 0x0, 0x5, 0xff,
    0xf0, 0x0, 0x0, 0x5f, 0xff, 0x0, 0x0, 0x5,
    0xff, 0xf0, 0x0, 0x0, 0x5f, 0xff, 0x0, 0x0,
    0x5, 0xff, 0xf0, 0x0, 0x0, 0x5f, 0xff, 0x0,
    0x0, 0x5, 0xff, 0xf0, 0x0, 0x0, 0x5f, 0xff,
    0x0, 0x0, 0x5, 0xff, 0xf0, 0x0, 0x0, 0x5f,
    0xff, 0x0, 0x0, 0x5, 0xff, 0xf0, 0x0, 0x0,
    0x5f, 0xff, 0x0, 0x0, 0x5, 0xff, 0xf0, 0x0,
    0x0, 0x5f, 0xff, 0x0, 0x0, 0x5, 0xff, 0xf0,
    0x0, 0x0, 0x5f, 0xff, 0x0, 0x0, 0x5a, 0xff,
    0xf7, 0x40, 0x4f, 0xff, 0xff, 0xff, 0x0,

    /* U+006D "m" */
    0x0, 0x3, 0xac, 0x0, 0x6c, 0xfe, 0x90, 0x0,
    0x5b, 0xef, 0xc3, 0x0, 0x0, 0x7d, 0xff, 0xf1,
    0xcf, 0xff, 0xff, 0xa0, 0xaf, 0xff, 0xff, 0xf2,
    0x0, 0x3f, 0xff, 0xff, 0xdd, 0x76, 0xcf, 0xff,
    0xbf, 0x96, 0x9f, 0xff, 0x80, 0x0, 0x4, 0xff,
    0xf8, 0x0, 0x1, 0xff, 0xfc, 0x10, 0x0, 0xaf,
    0xfc, 0x0, 0x0, 0x3f, 0xff, 0x20, 0x0, 0xd,
    0xff, 0x70, 0x0, 0x7, 0xff, 0xd0, 0x0, 0x2,
    0xff, 0xf2, 0x0, 0x0, 0xcf, 0xf7, 0x0, 0x0,
    0x6f, 0xfe, 0x0, 0x0, 0x2f, 0xff, 0x20, 0x0,
    0xc, 0xff, 0x80, 0x0, 0x6, 0xff, 0xe0, 0x0,
    0x2, 0xff, 0xf2, 0x0, 0x0, 0xcf, 0xf8, 0x0,
    0x0, 0x6f, 0xfe, 0x0, 0x0, 0x2f, 0xff, 0x20,
    0x0, 0xc, 0xff, 0x80, 0x0, 0x6, 0xff, 0xe0,
    0x0, 0x2, 0xff, 0xf2, 0x0, 0x0, 0xcf, 0xf8,
    0x0, 0x0, 0x6f, 0xfe, 0x0, 0x0, 0x2f, 0xff,
    0x20, 0x0, 0xc, 0xff, 0x80, 0x0, 0x6, 0xff,
    0xe0, 0x0, 0x3, 0xff, 0xf2, 0x0, 0x0, 0xcf,
    0xf8, 0x0, 0x0, 0x7f, 0xfe, 0x0, 0x4, 0x9f,
    0xff, 0x83, 0x2, 0x6e, 0xff, 0xb4, 0x0, 0x5b,
    0xff, 0xf6, 0x20, 0xff, 0xff, 0xff, 0xe0, 0xaf,
    0xff, 0xff, 0xf3, 0x3f, 0xff, 0xff, 0xf9,

    /* U+006E "n" */
    0x0, 0x3, 0xac, 0x0, 0x6c, 0xfe, 0xa1, 0x0,
    0x0, 0x7d, 0xff, 0xf1, 0xcf, 0xff, 0xff, 0xc0,
    0x0, 0x3f, 0xff, 0xff, 0xed, 0x86, 0xcf, 0xff,
    0x40, 0x0, 0x4, 0xff, 0xf8, 0x0, 0x0, 0xff,
    0xf7, 0x0, 0x0, 0x3f, 0xff, 0x20, 0x0, 0xc,
    0xff, 0x90, 0x0, 0x2, 0xff, 0xf2, 0x0, 0x0,
    0xbf, 0xf9, 0x0, 0x0, 0x2f, 0xff, 0x20, 0x0,
    0xb, 0xff, 0x90, 0x0, 0x2, 0xff, 0xf2, 0x0,
    0x0, 0xbf, 0xf9, 0x0, 0x0, 0x2f, 0xff, 0x20,
    0x0, 0xb, 0xff, 0x90, 0x0, 0x2, 0xff, 0xf2,
    0x0, 0x0, 0xbf, 0xf9, 0x0, 0x0, 0x2f, 0xff,
    0x20, 0x0, 0xb, 0xff, 0x90, 0x0, 0x3, 0xff,
    0xf2, 0x0, 0x0, 0xbf, 0xfa, 0x0, 0x4, 0x9f,
    0xff, 0x83, 0x1, 0x6e, 0xff, 0xc5, 0x10, 0xff,
    0xff, 0xff, 0xe0, 0x8f, 0xff, 0xff, 0xf6,

    /* U+006F "o" */
    0x0, 0x2, 0x9d, 0xfe, 0xc6, 0x0, 0x0, 0x0,
    0x7f, 0xfb, 0x68, 0xef, 0xd2, 0x0, 0x7, 0xff,
    0xa0, 0x0, 0x2f, 0xfe, 0x10, 0x2f, 0xff, 0x20,
    0x0, 0x9, 0xff, 0xb0, 0x8f, 0xfe, 0x0, 0x0,
    0x4, 0xff, 0xf2, 0xcf, 0xfb, 0x0, 0x0, 0x2,
    0xff, 0xf5, 0xef, 0xfb, 0x0, 0x0, 0x1, 0xff,
    0xf7, 0xef, 0xfa, 0x0, 0x0, 0x1, 0xff, 0xf7,
    0xcf, 0xfb, 0x0, 0x0, 0x2, 0xff, 0xf5, 0x9f,
    0xfe, 0x0, 0x0, 0x4, 0xff, 0xf2, 0x3f, 0xff,
    0x20, 0x0, 0x9, 0xff, 0xb0, 0x8, 0xff, 0xa0,
    0x0, 0x2f, 0xff, 0x20, 0x0, 0x8f, 0xfb, 0x67,
    0xef, 0xe3, 0x0, 0x0, 0x3, 0x9d, 0xfe, 0xc7,
    0x10, 0x0,

    /* U+0070 "p" */
    0x0, 0x3, 0xad, 0x2, 0xae, 0xfc, 0x60, 0x0,
    0x7, 0xdf, 0xff, 0x6f, 0xff, 0xff, 0xfb, 0x0,
    0x2e, 0xff, 0xff, 0xf6, 0x11, 0x9f, 0xff, 0x80,
    0x0, 0x3f, 0xff, 0x40, 0x0, 0xb, 0xff, 0xf0,
    0x0, 0x2f, 0xff, 0x30, 0x0, 0x4, 0xff, 0xf5,
    0x0, 0x1f, 0xff, 0x30, 0x0, 0x0, 0xff, 0xf8,
    0x0, 0x1f, 0xff, 0x30, 0x0, 0x0, 0xff, 0xf9,
    0x0, 0x1f, 0xff, 0x30, 0x0, 0x0, 0xef, 0xf9,
    0x0, 0x1f, 0xff, 0x30, 0x0, 0x0, 0xff, 0xf8,
    0x0, 0x1f, 0xff, 0x30, 0x0, 0x3, 0xff, 0xf4,
    0x0, 0x1f, 0xff, 0x30, 0x0, 0xb, 0xff, 0xe0,
    0x0, 0x1f, 0xff, 0xd4, 0x1, 0x9f, 0xff, 0x50,
    0x0, 0x1f, 0xff, 0xbf, 0xff, 0xff, 0xf7, 0x0,
    0x0, 0x1f, 0xff, 0x26, 0xdf, 0xeb, 0x30, 0x0,
    0x0, 0x1f, 0xff, 0x20, 0x0, 0x0, 0x0, 0x0,
    0x0, 0x1f, 0xff, 0x20, 0x0, 0x0, 0x0, 0x0,
    0x0, 0x1f, 0xff, 0x20, 0x0, 0x0, 0x0, 0x0,
    0x0, 0x2f, 0xff, 0x20, 0x0, 0x0, 0x0, 0x0,
    0x0, 0x2f, 0xff, 0x20, 0x0, 0x0, 0x0, 0x0,
    0x6, 0xbf, 0xff, 0xb7, 0x20, 0x0, 0x0, 0x0,
    0x1f, 0xff, 0xff, 0xff, 0x60, 0x0, 0x0, 0x0,

    /* U+0071 "q" */
    0x0, 0x4, 0xbe, 0xfc, 0x50, 0x5, 0xd0, 0x0,
    0xa, 0xff, 0xff, 0xff, 0x8a, 0xff, 0x0, 0x8,
    0xff, 0xf7, 0x11, 0x5d, 0xff, 0xf0, 0x2, 0xff,
    0xf7, 0x0, 0x0, 0x6f, 0xfe, 0x0, 0x8f, 0xfe,
    0x0, 0x0, 0x6, 0xff, 0xe0, 0xc, 0xff, 0xb0,
    0x0, 0x0, 0x6f, 0xfe, 0x0, 0xef, 0xf9, 0x0,
    0x0, 0x6, 0xff, 0xe0, 0xe, 0xff, 0x90, 0x0,
    0x0, 0x6f, 0xfe, 0x0, 0xdf, 0xfb, 0x0, 0x0,
    0x6, 0xff, 0xe0, 0xa, 0xff, 0xe0, 0x0, 0x0,
    0x6f, 0xfe, 0x0, 0x5f, 0xff, 0x60, 0x0, 0x7,
    0xff, 0xe0, 0x0, 0xcf, 0xff, 0x71, 0x16, 0xff,
    0xfe, 0x0, 0x2, 0xdf, 0xff, 0xff, 0xf9, 0xff,
    0xe0, 0x0, 0x1, 0x8d, 0xfe, 0xa2, 0x5f, 0xfe,
    0x0, 0x0, 0x0, 0x0, 0x0, 0x5, 0xff, 0xe0,
    0x0, 0x0, 0x0, 0x0, 0x0, 0x5f, 0xfe, 0x0,
    0x0, 0x0, 0x0, 0x0, 0x5, 0xff, 0xe0, 0x0,
    0x0, 0x0, 0x0, 0x0, 0x5f, 0xfe, 0x0, 0x0,
    0x0, 0x0, 0x0, 0x6, 0xff, 0xf0, 0x0, 0x0,
    0x0, 0x0, 0x38, 0xdf, 0xff, 0x95, 0x0, 0x0,
    0x0, 0x9, 0xff, 0xff, 0xff, 0xd0,

    /* U+0072 "r" */
    0x0, 0x3, 0xac, 0x0, 0x7d, 0xe8, 0x0, 0x7d,
    0xff, 0xf0, 0x9f, 0xff, 0xf2, 0x3f, 0xff, 0xff,
    0x5f, 0xbf, 0xff, 0x10, 0x4, 0xff, 0xfe, 0x60,
    0x6a, 0x50, 0x0, 0x3f, 0xff, 0xc0, 0x0, 0x0,
    0x0, 0x2, 0xff, 0xf6, 0x0, 0x0, 0x0, 0x0,
    0x2f, 0xff, 0x20, 0x0, 0x0, 0x0, 0x2, 0xff,
    0xf2, 0x0, 0x0, 0x0, 0x0, 0x2f, 0xff, 0x20,
    0x0, 0x0, 0x0, 0x2, 0xff, 0xf2, 0x0, 0x0,
    0x0, 0x0, 0x2f, 0xff, 0x20, 0x0, 0x0, 0x0,
    0x3, 0xff, 0xf2, 0x0, 0x0, 0x0, 0x4, 0x8f,
    0xff, 0xa5, 0x10, 0x0, 0x0, 0xff, 0xff, 0xff,
    0xf7, 0x0, 0x0,

    /* U+0073 "s" */
    0x0, 0x4b, 0xef, 0xec, 0x60, 0x0, 0x9f, 0xf9,
    0x68, 0xef, 0xb0, 0x4f, 0xf5, 0x0, 0x9, 0xfa,
    0xa, 0xff, 0x30, 0x0, 0x5f, 0xa0, 0xaf, 0xfc,
    0x30, 0x0, 0x0, 0x7, 0xff, 0xff, 0xc7, 0x10,
    0x0, 0xc, 0xff, 0xff, 0xff, 0x90, 0x0, 0x8,
    0xff, 0xff, 0xff, 0xb0, 0x0, 0x0, 0x5b, 0xff,
    0xff, 0x45, 0x60, 0x0, 0x2, 0xef, 0xf7, 0xdf,
    0x20, 0x0, 0x8, 0xff, 0x6d, 0xf5, 0x0, 0x0,
    0xbf, 0xf1, 0xdf, 0xd8, 0x67, 0xcf, 0xf5, 0x0,
    0x6b, 0xef, 0xfd, 0x92, 0x0,

    /* U+0074 "t" */
    0x0, 0x8, 0xfd, 0x0, 0x0, 0x0, 0xc, 0xfc,
    0x0, 0x0, 0x0, 0xf, 0xfc, 0x0, 0x0, 0x0,
    0x4f, 0xfb, 0x0, 0x0, 0x9e, 0xff, 0xff, 0xff,
    0xf2, 0x8b, 0xef, 0xfe, 0xbb, 0xb1, 0x0, 0xaf,
    0xfb, 0x0, 0x0, 0x0, 0xaf, 0xfb, 0x0, 0x0,
    0x0, 0xaf, 0xfb, 0x0, 0x0, 0x0, 0xaf, 0xfb,
    0x0, 0x0, 0x0, 0xaf, 0xfb, 0x0, 0x0, 0x0,
    0xaf, 0xfb, 0x0, 0x0, 0x0, 0xaf, 0xfb, 0x0,
    0x0, 0x0, 0xaf, 0xfb, 0x0, 0x0, 0x0, 0xaf,
    0xfc, 0x0, 0x0, 0x0, 0x8f, 0xff, 0x20, 0x51,
    0x0, 0x3f, 0xff, 0xff, 0xf4, 0x0, 0x4, 0xcf,
    0xfb, 0x40,

    /* U+0075 "u" */
    0x0, 0x0, 0x12, 0x0, 0x0, 0x0, 0x2, 0x0,
    0x4b, 0xdf, 0xfc, 0x0, 0x8, 0xce, 0xff, 0x30,
    0x3a, 0xef, 0xfc, 0x0, 0x8, 0xcf, 0xff, 0x30,
    0x0, 0x9f, 0xfb, 0x0, 0x0, 0x1f, 0xff, 0x30,
    0x0, 0x9f, 0xfb, 0x0, 0x0, 0x1f, 0xff, 0x20,
    0x0, 0x9f, 0xfb, 0x0, 0x0, 0x1f, 0xff, 0x20,
    0x0, 0x9f, 0xfb, 0x0, 0x0, 0x2f, 0xff, 0x20,
    0x0, 0x9f, 0xfb, 0x0, 0x0, 0x2f, 0xff, 0x20,
    0x0, 0xaf, 0xfb, 0x0, 0x0, 0x2f, 0xff, 0x20,
    0x0, 0xaf, 0xfb, 0x0, 0x0, 0x2f, 0xff, 0x20,
    0x0, 0x9f, 0xfc, 0x0, 0x0, 0x2f, 0xff, 0x20,
    0x0, 0x8f, 0xfe, 0x0, 0x1, 0xbf, 0xff, 0x20,
    0x0, 0x5f, 0xff, 0xb6, 0x8e, 0xcf, 0xff, 0x20,
    0x0, 0xd, 0xff, 0xff, 0xfb, 0x1f, 0xff, 0xc7,
    0x0, 0x1, 0xaf, 0xfc, 0x60, 0xe, 0xff, 0xfe,

    /* U+0076 "v" */
    0x1f, 0xff, 0xff, 0xff, 0x31, 0xff, 0xff, 0xf3,
    0x5, 0xcf, 0xff, 0x95, 0x0, 0x58, 0xfc, 0x60,
    0x0, 0x3f, 0xff, 0x60, 0x0, 0x5, 0xf4, 0x0,
    0x0, 0xd, 0xff, 0xc0, 0x0, 0xb, 0xe0, 0x0,
    0x0, 0x7, 0xff, 0xf2, 0x0, 0xf, 0x90, 0x0,
    0x0, 0x1, 0xff, 0xf8, 0x0, 0x5f, 0x30, 0x0,
    0x0, 0x0, 0xaf, 0xfe, 0x0, 0xbd, 0x0, 0x0,
    0x0, 0x0, 0x3f, 0xff, 0x30, 0xf7, 0x0, 0x0,
    0x0, 0x0, 0xd, 0xff, 0x95, 0xf1, 0x0, 0x0,
    0x0, 0x0, 0x6, 0xff, 0xfb, 0xb0, 0x0, 0x0,
    0x0, 0x0, 0x0, 0xff, 0xff, 0x50, 0x0, 0x0,
    0x0, 0x0, 0x0, 0x9f, 0xff, 0x0, 0x0, 0x0,
    0x0, 0x0, 0x0, 0x3f, 0xf9, 0x0, 0x0, 0x0,
    0x0, 0x0, 0x0, 0xc, 0xf3, 0x0, 0x0, 0x0,

    /* U+0077 "w" */
    0x1f, 0xff, 0xff, 0xfc, 0xa, 0xff, 0xff, 0xfd,
    0xa, 0xff, 0xff, 0x80, 0x5c, 0xff, 0xf6, 0x30,
    0x26, 0xff, 0xf7, 0x30, 0x26, 0xef, 0x62, 0x0,
    0x4f, 0xff, 0x20, 0x0, 0x2f, 0xff, 0x50, 0x0,
    0x1f, 0xa0, 0x0, 0x0, 0xef, 0xf7, 0x0, 0x7,
    0xff, 0xfb, 0x0, 0x5, 0xf4, 0x0, 0x0, 0x9,
    0xff, 0xc0, 0x0, 0xdc, 0xff, 0xf0, 0x0, 0xaf,
    0x0, 0x0, 0x0, 0x3f, 0xff, 0x10, 0x2f, 0x5b,
    0xff, 0x60, 0xf, 0xa0, 0x0, 0x0, 0x0, 0xdf,
    0xf6, 0x8, 0xf0, 0x5f, 0xfb, 0x4, 0xf4, 0x0,
    0x0, 0x0, 0x8, 0xff, 0xb0, 0xda, 0x0, 0xff,
    0xf1, 0x9e, 0x0, 0x0, 0x0, 0x0, 0x2f, 0xff,
    0x3f, 0x40, 0xa, 0xff, 0x6d, 0x90, 0x0, 0x0,
    0x0, 0x0, 0xcf, 0xfd, 0xe0, 0x0, 0x5f, 0xfd,
    0xf4, 0x0, 0x0, 0x0, 0x0, 0x7, 0xff, 0xf9,
    0x0, 0x0, 0xff, 0xfe, 0x0, 0x0, 0x0, 0x0,
    0x0, 0x1f, 0xff, 0x30, 0x0, 0x9, 0xff, 0x90,
    0x0, 0x0, 0x0, 0x0, 0x0, 0xbf, 0xd0, 0x0,
    0x0, 0x4f, 0xf4, 0x0, 0x0, 0x0, 0x0, 0x0,
    0x6, 0xf8, 0x0, 0x0, 0x0, 0xee, 0x0, 0x0,
    0x0,

    /* U+0078 "x" */
    0x9f, 0xff, 0xff, 0xf6, 0xb, 0xff, 0xff, 0x52,
    0x6d, 0xff, 0xf7, 0x10, 0x39, 0xfc, 0x61, 0x0,
    0x3f, 0xff, 0x90, 0x0, 0xce, 0x10, 0x0, 0x0,
    0x9f, 0xff, 0x30, 0x7f, 0x40, 0x0, 0x0, 0x0,
    0xef, 0xfd, 0x3f, 0x80, 0x0, 0x0, 0x0, 0x5,
    0xff, 0xff, 0xc0, 0x0, 0x0, 0x0, 0x0, 0xb,
    0xff, 0xf4, 0x0, 0x0, 0x0, 0x0, 0x0, 0x5f,
    0xff, 0xc0, 0x0, 0x0, 0x0, 0x0, 0x1d, 0xef,
    0xff, 0x60, 0x0, 0x0, 0x0, 0xa, 0xe1, 0xdf,
    0xfe, 0x10, 0x0, 0x0, 0x6, 0xf5, 0x3, 0xff,
    0xfa, 0x0, 0x0, 0x3, 0xfa, 0x0, 0x9, 0xff,
    0xf4, 0x0, 0x36, 0xdf, 0x73, 0x2, 0x6f, 0xff,
    0xe6, 0x3b, 0xff, 0xff, 0xb0, 0x9f, 0xff, 0xff,
    0xfc,

    /* U+0079 "y" */
    0xff, 0xff, 0xff, 0xf5, 0xc, 0xff, 0xff, 0x93,
    0xaf, 0xff, 0x84, 0x10, 0x26, 0xdf, 0x62, 0x1,
    0xff, 0xf7, 0x0, 0x0, 0xf, 0xa0, 0x0, 0xb,
    0xff, 0xd0, 0x0, 0x5, 0xf4, 0x0, 0x0, 0x5f,
    0xff, 0x20, 0x0, 0xae, 0x0, 0x0, 0x0, 0xef,
    0xf8, 0x0, 0xf, 0x80, 0x0, 0x0, 0x8, 0xff,
    0xe0, 0x5, 0xf2, 0x0, 0x0, 0x0, 0x2f, 0xff,
    0x30, 0xbc, 0x0, 0x0, 0x0, 0x0, 0xbf, 0xf9,
    0x1f, 0x60, 0x0, 0x0, 0x0, 0x5, 0xff, 0xe6,
    0xf1, 0x0, 0x0, 0x0, 0x0, 0xe, 0xff, 0xea,
    0x0, 0x0, 0x0, 0x0, 0x0, 0x9f, 0xff, 0x40,
    0x0, 0x0, 0x0, 0x0, 0x2, 0xff, 0xe0, 0x0,
    0x0, 0x0, 0x0, 0x0, 0xc, 0xf9, 0x0, 0x0,
    0x0, 0x0, 0x0, 0x0, 0x6f, 0x30, 0x0, 0x0,
    0x0, 0x0, 0x0, 0x7, 0xd0, 0x0, 0x0, 0x0,
    0x0, 0x0, 0x0, 0xe6, 0x0, 0x0, 0x0, 0x0,
    0x67, 0x20, 0x7e, 0x0, 0x0, 0x0, 0x0, 0xcf,
    0xff, 0x7f, 0x60, 0x0, 0x0, 0x0, 0xd, 0xff,
    0xff, 0xa0, 0x0, 0x0, 0x0, 0x0, 0x2b, 0xfe,
    0x80, 0x0, 0x0, 0x0, 0x0, 0x0,

    /* U+007A "z" */
    0xf, 0xff, 0xff, 0xff, 0xff, 0xff, 0x0, 0xff,
    0x74, 0x44, 0x4f, 0xff, 0xa0, 0x1f, 0xf1, 0x0,
    0x9, 0xff, 0xe1, 0x1, 0xfe, 0x0, 0x3, 0xff,
    0xf6, 0x0, 0x17, 0x50, 0x0, 0xdf, 0xfc, 0x0,
    0x0, 0x0, 0x0, 0x8f, 0xff, 0x20, 0x0, 0x0,
    0x0, 0x2f, 0xff, 0x70, 0x0, 0x0, 0x0, 0xc,
    0xff, 0xd0, 0x0, 0x0, 0x0, 0x7, 0xff, 0xf3,
    0x0, 0x0, 0x0, 0x2, 0xff, 0xf9, 0x0, 0x8,
    0xd3, 0x0, 0xbf, 0xfe, 0x0, 0x0, 0xdf, 0x30,
    0x6f, 0xff, 0x50, 0x0, 0x1f, 0xf2, 0x1e, 0xff,
    0xd4, 0x44, 0x47, 0xff, 0x25, 0xff, 0xff, 0xff,
    0xff, 0xff, 0xf1,

    /* U+007B "{" */
    0x0, 0x3, 0xad, 0xfb, 0x0, 0x6f, 0xfd, 0x84,
    0x0, 0xef, 0xd0, 0x0, 0x1, 0xff, 0xa0, 0x0,
    0x0, 0xff, 0xa0, 0x0, 0x0, 0xcf, 0xc0, 0x0,
    0x0, 0x7f, 0xf0, 0x0, 0x0, 0x2f, 0xf2, 0x0,
    0x0, 0xd, 0xf4, 0x0, 0x0, 0xc, 0xf3, 0x0,
    0x0, 0x2f, 0xe0, 0x0, 0x38, 0xef, 0x50, 0x0,
    0xef, 0xf4, 0x0, 0x0, 0x38, 0xef, 0x50, 0x0,
    0x0, 0x2f, 0xe0, 0x0, 0x0, 0xc, 0xf3, 0x0,
    0x0, 0xd, 0xf4, 0x0, 0x0, 0x2f, 0xf2, 0x0,
    0x0, 0x7f, 0xf0, 0x0, 0x0, 0xcf, 0xc0, 0x0,
    0x0, 0xff, 0xa0, 0x0, 0x1, 0xff, 0xa0, 0x0,
    0x0, 0xef, 0xd0, 0x0, 0x0, 0x6f, 0xfd, 0x73,
    0x0, 0x3, 0xae, 0xfb,

    /* U+007C "|" */
    0x68, 0x2d, 0xf4, 0xdf, 0x4d, 0xf4, 0xdf, 0x4d,
    0xf4, 0xdf, 0x4d, 0xf4, 0xdf, 0x4d, 0xf4, 0xdf,
    0x4d, 0xf4, 0xdf, 0x4d, 0xf4, 0xdf, 0x4d, 0xf4,
    0xdf, 0x4d, 0xf4, 0xdf, 0x4d, 0xf4, 0xdf, 0x4d,
    0xf4, 0xdf, 0x4d, 0xf4, 0xdf, 0x4d, 0xf4, 0xdf,
    0x4d, 0xf4, 0xdf, 0x40,

    /* U+007D "}" */
    0x2f, 0xed, 0x71, 0x0, 0x0, 0x6a, 0xff, 0xd1,
    0x0, 0x0, 0x5, 0xff, 0x70, 0x0, 0x0, 0x1f,
    0xf9, 0x0, 0x0, 0x1, 0xff, 0x80, 0x0, 0x0,
    0x3f, 0xf5, 0x0, 0x0, 0x6, 0xff, 0x0, 0x0,
    0x0, 0x9f, 0xa0, 0x0, 0x0, 0xb, 0xf6, 0x0,
    0x0, 0x0, 0xaf, 0x50, 0x0, 0x0, 0x6, 0xfb,
    0x0, 0x0, 0x0, 0xb, 0xfc, 0x51, 0x0, 0x0,
    0xa, 0xff, 0x60, 0x0, 0xb, 0xfb, 0x51, 0x0,
    0x6, 0xfa, 0x0, 0x0, 0x0, 0xaf, 0x50, 0x0,
    0x0, 0xb, 0xf6, 0x0, 0x0, 0x0, 0x9f, 0xa0,
    0x0, 0x0, 0x6, 0xff, 0x0, 0x0, 0x0, 0x3f,
    0xf5, 0x0, 0x0, 0x2, 0xff, 0x80, 0x0, 0x0,
    0x1f, 0xf9, 0x0, 0x0, 0x5, 0xff, 0x70, 0x0,
    0x69, 0xff, 0xd1, 0x0, 0x2f, 0xfd, 0x71, 0x0,
    0x0,

    /* U+007E "~" */
    0x2, 0xbf, 0xe8, 0x0, 0x0, 0xc, 0x81, 0xef,
    0xff, 0xfd, 0x10, 0x3, 0xfb, 0x6f, 0xc2, 0x4d,
    0xfd, 0x52, 0xbf, 0x7a, 0xf4, 0x0, 0x1c, 0xff,
    0xff, 0xe1, 0x7c, 0x10, 0x0, 0x8, 0xef, 0xc3,
    0x0,

    /* U+00A0 " " */

    /* U+00A1 "¡" */
    0x1b, 0xfa, 0x9, 0xff, 0xf6, 0xbf, 0xff, 0x84,
    0xff, 0xf2, 0x2, 0x51, 0x0, 0x0, 0x0, 0x0,
    0x0, 0x0, 0x4f, 0x10, 0x6, 0xf4, 0x0, 0x9f,
    0x70, 0xb, 0xf9, 0x0, 0xef, 0xc0, 0x1f, 0xff,
    0x4, 0xff, 0xf1, 0x6f, 0xff, 0x38, 0xff, 0xf5,
    0x9f, 0xff, 0x7a, 0xff, 0xf8, 0x7f, 0xff, 0x50,
    0x7a, 0x60,

    /* U+00A2 "¢" */
    0x0, 0x0, 0x0, 0xac, 0x0, 0x0, 0x0, 0x0,
    0x0, 0xa, 0xc0, 0x0, 0x0, 0x0, 0x0, 0x0,
    0xac, 0x0, 0x0, 0x0, 0x0, 0x29, 0xef, 0xff,
    0xc4, 0x0, 0x0, 0x6f, 0xfb, 0xcd, 0x6f, 0xf6,
    0x0, 0x6f, 0xf9, 0xa, 0xc0, 0xff, 0xf2, 0x1f,
    0xff, 0x0, 0xac, 0xa, 0xff, 0x67, 0xff, 0xa0,
    0xa, 0xc0, 0x2c, 0xd2, 0xbf, 0xf7, 0x0, 0xac,
    0x0, 0x0, 0xd, 0xff, 0x60, 0xa, 0xc0, 0x0,
    0x0, 0xdf, 0xf7, 0x0, 0xac, 0x0, 0x0, 0xc,
    0xff, 0x90, 0xa, 0xc0, 0x0, 0x0, 0x8f, 0xfe,
    0x0, 0xac, 0x0, 0x0, 0x2, 0xff, 0xf7, 0xa,
    0xc0, 0x0, 0xa3, 0x8, 0xff, 0xf7, 0xac, 0x4,
    0xde, 0x10, 0x9, 0xff, 0xff, 0xff, 0xff, 0x40,
    0x0, 0x4, 0xbf, 0xff, 0xfa, 0x20, 0x0, 0x0,
    0x0, 0xa, 0xc0, 0x0, 0x0, 0x0, 0x0, 0x0,
    0xac, 0x0, 0x0, 0x0, 0x0, 0x0, 0xa, 0xc0,
    0x0, 0x0,

    /* U+00A3 "£" */
    0x0, 0x0, 0x7c, 0xef, 0xd8, 0x0, 0x0, 0x1,
    0xdf, 0xfa, 0x6a, 0xfd, 0x10, 0x0, 0xcf, 0xf6,
    0x0, 0x4f, 0xfb, 0x0, 0x4f, 0xfd, 0x0, 0x1,
    0xff, 0xf1, 0x7, 0xff, 0xb0, 0x0, 0xb, 0xff,
    0x10, 0x9f, 0xfa, 0x0, 0x0, 0x17, 0x40, 0x7,
    0xff, 0xb0, 0x0, 0x0, 0x0, 0x0, 0x3f, 0xfd,
    0x0, 0x0, 0x0, 0x0, 0x0, 0xdf, 0xf0, 0x0,
    0x0, 0x0, 0x5, 0x8c, 0xff, 0x98, 0x88, 0x81,
    0x0, 0xaf, 0xff, 0xff, 0xff, 0xff, 0x20, 0x0,
    0x0, 0xef, 0x40, 0x0, 0x0, 0x0, 0x0, 0xf,
    0xf3, 0x0, 0x0, 0x0, 0x0, 0x2, 0xff, 0x0,
    0x0, 0x0, 0x0, 0x0, 0x9f, 0x80, 0x0, 0x0,
    0x0, 0x0, 0x4f, 0xb0, 0x0, 0x0, 0x0, 0x0,
    0x5f, 0xfe, 0xee, 0xee, 0xee, 0xee, 0x6e, 0xff,
    0xff, 0xff, 0xff, 0xff, 0xf7, 0xef, 0xff, 0xff,
    0xff, 0xff, 0xff, 0x70,

    /* U+00A4 "¤" */
    0x1d, 0xb0, 0x0, 0x0, 0x0, 0x3, 0xe8, 0x2f,
    0xf7, 0x0, 0x0, 0x0, 0xd, 0xfc, 0x6, 0xff,
    0x3a, 0xef, 0xd7, 0x7f, 0xd2, 0x0, 0x2c, 0xff,
    0xec, 0xff, 0xf8, 0x0, 0x0, 0xd, 0xf7, 0x0,
    0x1c, 0xf6, 0x0, 0x0, 0x4f, 0xb0, 0x0, 0x1,
    0xfd, 0x0, 0x0, 0x7f, 0x70, 0x0, 0x0, 0xdf,
    0x0, 0x0, 0x6f, 0x70, 0x0, 0x0, 0xef, 0x0,
    0x0, 0x3f, 0xd0, 0x0, 0x3, 0xfc, 0x0, 0x0,
    0xb, 0xfb, 0x20, 0x5e, 0xf4, 0x0, 0x0, 0x7f,
    0xef, 0xff, 0xff, 0xec, 0x40, 0xc, 0xfc, 0x6,
    0xab, 0x93, 0x3f, 0xf7, 0x2f, 0xf2, 0x0, 0x0,
    0x0, 0x8, 0xfb, 0x2, 0x10, 0x0, 0x0, 0x0,
    0x0, 0x31,

    /* U+00A5 "¥" */
    0x4f, 0xff, 0xff, 0xff, 0x30, 0xaf, 0xff, 0xfc,
    0x16, 0xbf, 0xff, 0x96, 0x10, 0x37, 0xef, 0x84,
    0x0, 0x1f, 0xff, 0x70, 0x0, 0x1, 0xf8, 0x0,
    0x0, 0x9, 0xff, 0xe0, 0x0, 0x8, 0xf1, 0x0,
    0x0, 0x1, 0xff, 0xf5, 0x0, 0xf, 0x90, 0x0,
    0x0, 0x0, 0x9f, 0xfc, 0x0, 0x7f, 0x20, 0x0,
    0x0, 0x0, 0x2f, 0xff, 0x30, 0xda, 0x0, 0x0,
    0x0, 0x0, 0xa, 0xff, 0xa5, 0xf3, 0x0, 0x0,
    0x0, 0x0, 0x2, 0xff, 0xfd, 0xb0, 0x0, 0x0,
    0x0, 0x7f, 0xff, 0xff, 0xff, 0xff, 0xff, 0x30,
    0x0, 0x38, 0x88, 0xaf, 0xff, 0x88, 0x88, 0x10,
    0x0, 0x0, 0x0, 0x5f, 0xfe, 0x0, 0x0, 0x0,
    0x0, 0x38, 0x88, 0xaf, 0xff, 0x88, 0x88, 0x10,
    0x0, 0x7f, 0xff, 0xff, 0xff, 0xff, 0xff, 0x30,
    0x0, 0x0, 0x0, 0x5f, 0xfe, 0x0, 0x0, 0x0,
    0x0, 0x0, 0x0, 0x5f, 0xfe, 0x0, 0x0, 0x0,
    0x0, 0x0, 0x57, 0xbf, 0xff, 0x86, 0x30, 0x0,
    0x0, 0x1, 0xff, 0xff, 0xff, 0xff, 0xa0, 0x0,

    /* U+00A6 "¦" */
    0x33, 0x1d, 0xf4, 0xdf, 0x4d, 0xf4, 0xdf, 0x4d,
    0xf4, 0xdf, 0x4d, 0xf4, 0xdf, 0x4d, 0xf4, 0xdf,
    0x4d, 0xf4, 0xdf, 0x40, 0x0, 0x0, 0x0, 0x0,
    0xac, 0x3d, 0xf4, 0xdf, 0x4d, 0xf4, 0xdf, 0x4d,
    0xf4, 0xdf, 0x4d, 0xf4, 0xdf, 0x4d, 0xf4, 0xdf,
    0x4d, 0xf4, 0xdf, 0x40,

    /* U+00A7 "§" */
    0x0, 0x5, 0xbe, 0xfe, 0xb4, 0x0, 0x0, 0x8,
    0xfe, 0x85, 0x9f, 0xf8, 0x0, 0x2, 0xff, 0x40,
    0x1, 0xff, 0xf1, 0x0, 0x5f, 0xf1, 0x0, 0x9,
    0xff, 0x20, 0x5, 0xff, 0x80, 0x0, 0x5, 0x30,
    0x0, 0x1f, 0xff, 0xa2, 0x0, 0x0, 0x0, 0x0,
    0x6f, 0xff, 0xf9, 0x20, 0x0, 0x0, 0x19, 0xff,
    0xff, 0xff, 0x80, 0x0, 0xd, 0xf4, 0x19, 0xff,
    0xff, 0xd1, 0x7, 0xfb, 0x0, 0x1, 0x8f, 0xff,
    0x90, 0xaf, 0xb0, 0x0, 0x0, 0x2e, 0xfe, 0xa,
    0xff, 0x50, 0x0, 0x0, 0x7f, 0xf0, 0x5f, 0xff,
    0xa2, 0x0, 0x7, 0xfc, 0x0, 0xaf, 0xff, 0xfa,
    0x22, 0xef, 0x30, 0x0, 0x6f, 0xff, 0xff, 0xfc,
    0x30, 0x0, 0x0, 0x18, 0xff, 0xff, 0x90, 0x0,
    0x0, 0x0, 0x1, 0x8f, 0xff, 0x40, 0x0, 0x1,
    0x0, 0x0, 0x4f, 0xf9, 0x0, 0xb, 0xfb, 0x0,
    0x0, 0xdf, 0xa0, 0x0, 0xef, 0xf4, 0x0, 0xe,
    0xf7, 0x0, 0x7, 0xff, 0xa0, 0x29, 0xfe, 0x10,
    0x0, 0x6, 0xef, 0xff, 0xfb, 0x20, 0x0, 0x0,
    0x0, 0x23, 0x20, 0x0, 0x0, 0x0,

    /* U+00A8 "¨" */
    0x4, 0x95, 0x0, 0x4, 0x96, 0x2, 0xff, 0xf4,
    0x1, 0xff, 0xf5, 0x4f, 0xff, 0x60, 0x2f, 0xff,
    0x70, 0xaf, 0xb0, 0x0, 0x9f, 0xc1,

    /* U+00A9 "©" */
    0x0, 0x0, 0x0, 0x0, 0x0, 0x0, 0x0, 0x0,
    0x0, 0x0, 0x0, 0x0, 0x0, 0x3, 0x8d, 0xff,
    0xfd, 0x83, 0x0, 0x0, 0x0, 0x0, 0x0, 0x1a,
    0xfd, 0x74, 0x44, 0x7c, 0xfb, 0x10, 0x0, 0x0,
    0x0, 0x2e, 0xe4, 0x0, 0x0, 0x0, 0x4, 0xee,
    0x20, 0x0, 0x0, 0x1e, 0xd1, 0x0, 0x0, 0x0,
    0x0, 0x1, 0xce, 0x10, 0x0, 0xb, 0xf2, 0x0,
    0x5, 0xbe, 0xfd, 0x70, 0x2, 0xfb, 0x0, 0x3,
    0xf7, 0x0, 0xa, 0xfd, 0x53, 0x8f, 0x40, 0x6,
    0xf3, 0x0, 0x9f, 0x0, 0x9, 0xfe, 0x10, 0x2,
    0xf4, 0x0, 0xe, 0x90, 0xd, 0xb0, 0x1, 0xff,
    0x60, 0x0, 0xa, 0x30, 0x0, 0xad, 0x0, 0xf8,
    0x0, 0x6f, 0xf1, 0x0, 0x0, 0x0, 0x0, 0x7,
    0xf0, 0x1f, 0x60, 0x8, 0xff, 0x0, 0x0, 0x0,
    0x0, 0x0, 0x6f, 0x11, 0xf6, 0x0, 0x9f, 0xf0,
    0x0, 0x0, 0x0, 0x0, 0x6, 0xf1, 0xf, 0x80,
    0x7, 0xff, 0x10, 0x0, 0x0, 0x0, 0x0, 0x7f,
    0x0, 0xea, 0x0, 0x3f, 0xf4, 0x0, 0x0, 0x63,
    0x0, 0xa, 0xe0, 0xa, 0xe0, 0x0, 0xcf, 0xc0,
    0x0, 0xf, 0x60, 0x0, 0xe9, 0x0, 0x4f, 0x60,
    0x2, 0xef, 0xb2, 0x4, 0xf6, 0x0, 0x5f, 0x40,
    0x0, 0xce, 0x10, 0x1, 0x9f, 0xff, 0xfb, 0x20,
    0x1e, 0xc0, 0x0, 0x2, 0xfb, 0x0, 0x0, 0x2,
    0x20, 0x0, 0xb, 0xf2, 0x0, 0x0, 0x4, 0xfd,
    0x20, 0x0, 0x0, 0x0, 0x2d, 0xf4, 0x0, 0x0,
    0x0, 0x3, 0xdf, 0xa5, 0x21, 0x24, 0x9f, 0xd3,
    0x0, 0x0, 0x0, 0x0, 0x0, 0x6c, 0xff, 0xff,
    0xfc, 0x60, 0x0, 0x0, 0x0, 0x0, 0x0, 0x0,
    0x0, 0x23, 0x20, 0x0, 0x0, 0x0, 0x0,

    /* U+00AA "ª" */
    0x0, 0x7c, 0xde, 0xb2, 0x0, 0x9, 0xf6, 0x6,
    0xfd, 0x0, 0xe, 0xf1, 0x2, 0xff, 0x10, 0x1,
    0x10, 0x27, 0xff, 0x20, 0x0, 0x7d, 0xa6, 0xff,
    0x20, 0xc, 0xf5, 0x1, 0xff, 0x20, 0x3f, 0xf0,
    0x1, 0xff, 0x20, 0x2f, 0xf8, 0x4a, 0xff, 0x64,
    0x6, 0xef, 0xb1, 0x7f, 0xe4,

    /* U+00AB "«" */
    0x0, 0x0, 0x0, 0x0, 0x0, 0x0, 0x0, 0x0,
    0x0, 0x1, 0xc7, 0x0, 0x2, 0xd5, 0x0, 0x0,
    0x3e, 0xe2, 0x0, 0x4f, 0xd1, 0x0, 0x5, 0xff,
    0x40, 0x6, 0xfe, 0x20, 0x0, 0x7f, 0xf6, 0x0,
    0x9f, 0xf4, 0x0, 0x9, 0xff, 0x90, 0xb, 0xff,
    0x70, 0x0, 0x3f, 0xfc, 0x0, 0x5f, 0xfa, 0x0,
    0x0, 0x2f, 0xfe, 0x10, 0x4f, 0xfd, 0x0, 0x0,
    0x4, 0xff, 0xc0, 0x6, 0xff, 0xb0, 0x0, 0x0,
    0x2d, 0xfa, 0x0, 0x4e, 0xf8, 0x0, 0x0, 0x1,
    0xcf, 0x80, 0x2, 0xdf, 0x50, 0x0, 0x0, 0xa,
    0xf5, 0x0, 0x1b, 0xf3, 0x0, 0x0, 0x0, 0x74,
    0x0, 0x0, 0x82,

    /* U+00AC "¬" */
    0x0, 0x0, 0x0, 0x0, 0x0, 0x0, 0x0, 0x3,
    0xff, 0xff, 0xff, 0xff, 0xff, 0xff, 0xf3, 0x3f,
    0xff, 0xff, 0xff, 0xff, 0xff, 0xff, 0x30, 0x0,
    0x0, 0x0, 0x0, 0x0, 0xe, 0xf3, 0x0, 0x0,
    0x0, 0x0, 0x0, 0x0, 0xef, 0x30, 0x0, 0x0,
    0x0, 0x0, 0x0, 0xe, 0xf3, 0x0, 0x0, 0x0,
    0x0, 0x0, 0x0, 0xef, 0x30, 0x0, 0x0, 0x0,
    0x0, 0x0, 0xe, 0xf3,

    /* U+00AD "­" */
    0x23, 0x33, 0x33, 0x2e, 0xff, 0xff, 0xff, 0xef,
    0xff, 0xff, 0xf0,

    /* U+00AE "®" */
    0x0, 0x2, 0x9d, 0xed, 0x92, 0x0, 0x0, 0x6,
    0xf9, 0x42, 0x49, 0xf6, 0x0, 0x4, 0xf4, 0xac,
    0x99, 0x13, 0xf4, 0x0, 0xc7, 0x6, 0xf0, 0xba,
    0x7, 0xc0, 0xf, 0x10, 0x6f, 0xc, 0x90, 0x2f,
    0x2, 0xf0, 0x6, 0xfa, 0xd1, 0x0, 0xf1, 0xf,
    0x10, 0x6f, 0xd, 0x90, 0x1f, 0x0, 0xd6, 0x9,
    0xf3, 0x9d, 0x26, 0xc0, 0x5, 0xe2, 0x44, 0x30,
    0x44, 0xe5, 0x0, 0x8, 0xe6, 0x10, 0x16, 0xe8,
    0x0, 0x0, 0x4, 0xcf, 0xff, 0xb4, 0x0, 0x0,
    0x0, 0x0, 0x1, 0x0, 0x0, 0x0,

    /* U+00AF "¯" */
    0x22, 0x22, 0x22, 0x20, 0xff, 0xff, 0xff, 0xf2,
    0xff, 0xff, 0xff, 0xf2,

    /* U+00B0 "°" */
    0x0, 0x5c, 0xfd, 0x60, 0x0, 0x5f, 0x83, 0x6f,
    0x80, 0xd, 0x90, 0x0, 0x6f, 0x10, 0xf5, 0x0,
    0x2, 0xf3, 0xe, 0x70, 0x0, 0x4f, 0x10, 0x8f,
    0x50, 0x3d, 0xa0, 0x0, 0x8f, 0xff, 0xa0, 0x0,
    0x0, 0x2, 0x10, 0x0,

    /* U+00B1 "±" */
    0x0, 0x0, 0x0, 0x8f, 0x90, 0x0, 0x0, 0x0,
    0x0, 0x0, 0x8, 0xf9, 0x0, 0x0, 0x0, 0x0,
    0x0, 0x0, 0x8f, 0x90, 0x0, 0x0, 0x0, 0x0,
    0x0, 0x8, 0xf9, 0x0, 0x0, 0x0, 0x0, 0x0,
    0x0, 0x8f, 0x90, 0x0, 0x0, 0x3, 0xff, 0xff,
    0xff, 0xff, 0xff, 0xff, 0xf3, 0x3f, 0xff, 0xff,
    0xff, 0xff, 0xff, 0xff, 0x30, 0x0, 0x0, 0x8,
    0xf9, 0x0, 0x0, 0x0, 0x0, 0x0, 0x0, 0x8f,
    0x90, 0x0, 0x0, 0x0, 0x0, 0x0, 0x8, 0xf9,
    0x0, 0x0, 0x0, 0x0, 0x0, 0x0, 0x8f, 0x90,
    0x0, 0x0, 0x0, 0x0, 0x0, 0x8, 0xf9, 0x0,
    0x0, 0x0, 0x0, 0x0, 0x0, 0x6d, 0x70, 0x0,
    0x0, 0x0, 0x0, 0x0, 0x0, 0x0, 0x0, 0x0,
    0x0, 0x3f, 0xff, 0xff, 0xff, 0xff, 0xff, 0xff,
    0x33, 0xff, 0xff, 0xff, 0xff, 0xff, 0xff, 0xf3,

    /* U+00B2 "²" */
    0x4, 0xbe, 0xfe, 0x70, 0x5, 0xfb, 0x4, 0xff,
    0x60, 0xbf, 0x60, 0xc, 0xfc, 0x2, 0x60, 0x0,
    0xbf, 0xb0, 0x0, 0x0, 0x1f, 0xf4, 0x0, 0x0,
    0xa, 0xf8, 0x0, 0x0, 0x7, 0xf7, 0x0, 0x0,
    0x7, 0xf4, 0x0, 0x0, 0x8, 0xe5, 0x33, 0x33,
    0x7, 0xff, 0xff, 0xff, 0xf2, 0xaf, 0xff, 0xff,
    0xff, 0x20,

    /* U+00B3 "³" */
    0x4, 0xbe, 0xfd, 0x70, 0x2, 0xfd, 0x3, 0xef,
    0x80, 0x3b, 0x40, 0xa, 0xfb, 0x0, 0x0, 0x3,
    0xef, 0x50, 0x0, 0x6f, 0xfe, 0x50, 0x0, 0x0,
    0x26, 0xff, 0x70, 0x0, 0x0, 0x7, 0xff, 0x16,
    0xa0, 0x0, 0x5f, 0xf3, 0xcf, 0x50, 0x7, 0xff,
    0x25, 0xf7, 0x3, 0xef, 0xa0, 0x5, 0xce, 0xec,
    0x60, 0x0,

    /* U+00B4 "´" */
    0x0, 0x5, 0xfa, 0x0, 0x2, 0xff, 0xf0, 0x0,
    0xcf, 0xf6, 0x0, 0x6f, 0xf6, 0x0, 0x1e, 0xe4,
    0x0, 0x3, 0xd2, 0x0, 0x0, 0x0, 0x0, 0x0,
    0x0,

    /* U+00B5 "µ" */
    0x0, 0x3, 0x20, 0x0, 0x0, 0x2, 0x40, 0x0,
    0xbf, 0xf9, 0x0, 0x0, 0x6f, 0xfe, 0x0, 0xd,
    0xff, 0x80, 0x0, 0x8, 0xff, 0xd0, 0x0, 0xcf,
    0xf7, 0x0, 0x0, 0x8f, 0xfc, 0x0, 0xb, 0xff,
    0x60, 0x0, 0x7, 0xff, 0xa0, 0x0, 0xbf, 0xf5,
    0x0, 0x0, 0x7f, 0xf9, 0x0, 0xa, 0xff, 0x40,
    0x0, 0x6, 0xff, 0x80, 0x0, 0x9f, 0xf4, 0x0,
    0x0, 0x6f, 0xf7, 0x0, 0x8, 0xff, 0x30, 0x0,
    0x5, 0xff, 0x60, 0x0, 0x7f, 0xf2, 0x0, 0x0,
    0x5f, 0xf5, 0x0, 0x6, 0xff, 0x30, 0x0, 0x8,
    0xff, 0x50, 0x0, 0x6f, 0xfc, 0x10, 0x4, 0xff,
    0xf7, 0x0, 0x7, 0xff, 0xff, 0xbc, 0xfa, 0xff,
    0xd5, 0x50, 0x8f, 0xdf, 0xff, 0xfe, 0x1d, 0xff,
    0xfc, 0xa, 0xfd, 0x3c, 0xfb, 0x20, 0x3d, 0xfb,
    0x10, 0xbf, 0xf0, 0x0, 0x0, 0x0, 0x0, 0x0,
    0xc, 0xff, 0x10, 0x0, 0x0, 0x0, 0x0, 0x0,
    0xef, 0xf3, 0x0, 0x0, 0x0, 0x0, 0x0, 0xf,
    0xff, 0x40, 0x0, 0x0, 0x0, 0x0, 0x0, 0xfc,
    0x92, 0x0, 0x0, 0x0, 0x0, 0x0, 0x0, 0x0,
    0x0, 0x0, 0x0, 0x0, 0x0, 0x0,

    /* U+00B6 "¶" */
    0x0, 0x0, 0x3, 0x8c, 0xdf, 0xff, 0xff, 0xff,
    0x20, 0x0, 0x3b, 0xff, 0xfe, 0x68, 0xff, 0xe8,
    0x60, 0x0, 0x4f, 0xff, 0xff, 0xd0, 0x2f, 0xfc,
    0x0, 0x0, 0x3f, 0xff, 0xff, 0xfd, 0x2, 0xff,
    0xc0, 0x0, 0xb, 0xff, 0xff, 0xff, 0xd0, 0x2f,
    0xfb, 0x0, 0x1, 0xff, 0xff, 0xff, 0xfd, 0x2,
    0xff, 0xb0, 0x0, 0x4f, 0xff, 0xff, 0xff, 0xd0,
    0x2f, 0xfb, 0x0, 0x5, 0xff, 0xff, 0xff, 0xfd,
    0x2, 0xff, 0xb0, 0x0, 0x4f, 0xff, 0xff, 0xff,
    0xd0, 0x2f, 0xfb, 0x0, 0x1, 0xff, 0xff, 0xff,
    0xfd, 0x2, 0xff, 0xb0, 0x0, 0xd, 0xff, 0xff,
    0xff, 0xd0, 0x2f, 0xfb, 0x0, 0x0, 0x5f, 0xff,
    0xff, 0xfd, 0x2, 0xff, 0xb0, 0x0, 0x0, 0x9f,
    0xff, 0xff, 0xd0, 0x2f, 0xfb, 0x0, 0x0, 0x0,
    0x7f, 0xff, 0xfd, 0x2, 0xff, 0xb0, 0x0, 0x0,
    0x0, 0x28, 0xdf, 0xd0, 0x2f, 0xfb, 0x0, 0x0,
    0x0, 0x0, 0x0, 0x0, 0x2, 0xff, 0xb0, 0x0,
    0x0, 0x0, 0x0, 0x0, 0x0, 0x2f, 0xfb, 0x0,
    0x0, 0x0, 0x0, 0x0, 0x0, 0x2, 0xff, 0xb0,
    0x0, 0x0, 0x0, 0x0, 0x0, 0x0, 0x2f, 0xfb,
    0x0, 0x0, 0x0, 0x0, 0x0, 0x0, 0x3, 0xff,
    0xc0, 0x0, 0x0, 0x0, 0x0, 0x0, 0x0, 0x3f,
    0xfc, 0x0, 0x0, 0x0, 0x0, 0x0, 0x0, 0x3,
    0xff, 0xc0, 0x0, 0x0, 0x0, 0x0, 0x0, 0x0,
    0x16, 0x65, 0x0, 0x0,

    /* U+00B7 "·" */
    0x0, 0x67, 0x20, 0xa, 0xff, 0xe1, 0xf, 0xff,
    0xf6, 0xd, 0xff, 0xf4, 0x3, 0xde, 0x80,

    /* U+00B8 "¸" */
    0x0, 0x32, 0x0, 0x0, 0xc, 0x70, 0x0, 0x0,
    0xeb, 0x30, 0x0, 0x6, 0xdf, 0x80, 0x0, 0x3,
    0xff, 0x0, 0x21, 0x8f, 0xd0, 0x4f, 0xff, 0xd3,
    0x0, 0x13, 0x10, 0x0,

    /* U+00B9 "¹" */
    0x0, 0x0, 0x12, 0x0, 0x5, 0x9d, 0xfa, 0x0,
    0xa, 0xae, 0xfa, 0x0, 0x0, 0xc, 0xfa, 0x0,
    0x0, 0xc, 0xfa, 0x0, 0x0, 0xc, 0xfa, 0x0,
    0x0, 0xc, 0xfa, 0x0, 0x0, 0xc, 0xfa, 0x0,
    0x0, 0xc, 0xfa, 0x0, 0x0, 0xc, 0xfa, 0x0,
    0x0, 0x2d, 0xfc, 0x20, 0x2f, 0xff, 0xff, 0xfe,

    /* U+00BA "º" */
    0x0, 0x2a, 0xef, 0xd7, 0x0, 0x3, 0xfe, 0x30,
    0x7f, 0xb0, 0xd, 0xf6, 0x0, 0xc, 0xf7, 0x3f,
    0xf2, 0x0, 0x9, 0xfc, 0x4f, 0xf1, 0x0, 0x8,
    0xfe, 0x3f, 0xf2, 0x0, 0x9, 0xfc, 0xd, 0xf6,
    0x0, 0xd, 0xf7, 0x3, 0xfe, 0x30, 0x7f, 0xc0,
    0x0, 0x2a, 0xef, 0xd7, 0x0,

    /* U+00BB "»" */
    0x0, 0x0, 0x0, 0x0, 0x0, 0x0, 0x0, 0xd,
    0x80, 0x0, 0x1e, 0x60, 0x0, 0x0, 0x7, 0xfa,
    0x0, 0x9, 0xf8, 0x0, 0x0, 0x0, 0x9f, 0xc1,
    0x0, 0xbf, 0xb0, 0x0, 0x0, 0xc, 0xfe, 0x30,
    0x1d, 0xfd, 0x10, 0x0, 0x1, 0xef, 0xf4, 0x2,
    0xff, 0xe3, 0x0, 0x0, 0x2f, 0xfd, 0x0, 0x4f,
    0xfb, 0x0, 0x0, 0x6f, 0xfc, 0x0, 0x8f, 0xf9,
    0x0, 0x3, 0xff, 0xc1, 0x6, 0xff, 0xa0, 0x0,
    0x2e, 0xfa, 0x0, 0x3f, 0xf8, 0x0, 0x0, 0xdf,
    0x70, 0x2, 0xef, 0x50, 0x0, 0xb, 0xf5, 0x0,
    0xd, 0xe3, 0x0, 0x0, 0x8, 0x30, 0x0, 0x9,
    0x20, 0x0, 0x0,

    /* U+00BC "¼" */
    0x0, 0x0, 0x0, 0x0, 0x0, 0x0, 0x0, 0x0,
    0x0, 0x0, 0x0, 0x2, 0x6a, 0xea, 0x0, 0x0,
    0x0, 0x0, 0x0, 0x19, 0x0, 0x0, 0xd, 0xdf,
    0xfa, 0x0, 0x0, 0x0, 0x0, 0x0, 0xbd, 0x0,
    0x0, 0x0, 0xc, 0xfa, 0x0, 0x0, 0x0, 0x0,
    0x6, 0xf3, 0x0, 0x0, 0x0, 0xc, 0xfa, 0x0,
    0x0, 0x0, 0x0, 0x2f, 0x80, 0x0, 0x0, 0x0,
    0xc, 0xfa, 0x0, 0x0, 0x0, 0x0, 0xbd, 0x0,
    0x0, 0x0, 0x0, 0xc, 0xfa, 0x0, 0x0, 0x0,
    0x6, 0xf3, 0x0, 0x0, 0x0, 0x0, 0xc, 0xfa,
    0x0, 0x0, 0x0, 0x2f, 0x80, 0x0, 0x0, 0x0,
    0x0, 0xc, 0xfa, 0x0, 0x0, 0x0, 0xcd, 0x0,
    0x0, 0x35, 0x10, 0x0, 0xc, 0xfa, 0x0, 0x0,
    0x7, 0xf3, 0x0, 0x2, 0xff, 0x30, 0x0, 0xd,
    0xfa, 0x0, 0x0, 0x2f, 0x70, 0x0, 0xd, 0xff,
    0x30, 0x2c, 0xff, 0xff, 0xfb, 0x0, 0xcc, 0x0,
    0x0, 0x98, 0xff, 0x30, 0x2, 0x22, 0x22, 0x22,
    0x8, 0xf2, 0x0, 0x6, 0xb0, 0xff, 0x30, 0x0,
    0x0, 0x0, 0x0, 0x3f, 0x70, 0x0, 0x2e, 0x10,
    0xff, 0x30, 0x0, 0x0, 0x0, 0x0, 0xdc, 0x0,
    0x0, 0xd4, 0x0, 0xff, 0x30, 0x0, 0x0, 0x0,
    0x8, 0xf2, 0x0, 0x9, 0xfd, 0xdd, 0xff, 0xdb,
    0x0, 0x0, 0x0, 0x3f, 0x60, 0x0, 0xb, 0xff,
    0xff, 0xff, 0xfe, 0x0, 0x0, 0x0, 0xdb, 0x0,
    0x0, 0x0, 0x0, 0x0, 0xff, 0x30, 0x0, 0x0,
    0x9, 0xf1, 0x0, 0x0, 0x0, 0x0, 0x0, 0xff,
    0x30, 0x0, 0x0, 0x4f, 0x60, 0x0, 0x0, 0x0,
    0x0, 0x0, 0xff, 0x30, 0x0, 0x0, 0x28, 0x0,
    0x0, 0x0, 0x0, 0x0, 0x0, 0x0, 0x0,

    /* U+00BD "½" */
    0x0, 0x2, 0x65, 0x0, 0x0, 0x0, 0x0, 0x0,
    0x2, 0x0, 0x0, 0x0, 0xaf, 0xff, 0xa0, 0x0,
    0x0, 0x0, 0x0, 0x6, 0xf1, 0x0, 0x0, 0x6,
    0x5d, 0xfa, 0x0, 0x0, 0x0, 0x0, 0x2, 0xf8,
    0x0, 0x0, 0x0, 0x0, 0xcf, 0xa0, 0x0, 0x0,
    0x0, 0x0, 0xcd, 0x0, 0x0, 0x0, 0x0, 0xc,
    0xfa, 0x0, 0x0, 0x0, 0x0, 0x7f, 0x30, 0x0,
    0x0, 0x0, 0x0, 0xcf, 0xa0, 0x0, 0x0, 0x0,
    0x2f, 0x80, 0x0, 0x0, 0x0, 0x0, 0xc, 0xfa,
    0x0, 0x0, 0x0, 0xc, 0xd0, 0x0, 0x0, 0x0,
    0x0, 0x0, 0xcf, 0xa0, 0x0, 0x0, 0x7, 0xf2,
    0x0, 0x0, 0x0, 0x0, 0x0, 0xc, 0xfa, 0x0,
    0x0, 0x2, 0xf7, 0x2, 0x9d, 0xfd, 0x91, 0x0,
    0x0, 0xcf, 0xa0, 0x0, 0x0, 0xcc, 0x1, 0xef,
    0x2, 0xdf, 0xb0, 0x5, 0x8e, 0xfd, 0x74, 0x0,
    0x8f, 0x20, 0x6f, 0xc0, 0x7, 0xff, 0x11, 0x99,
    0x99, 0x99, 0x90, 0x3f, 0x70, 0x1, 0x83, 0x0,
    0x6f, 0xf0, 0x0, 0x0, 0x0, 0x0, 0xd, 0xc0,
    0x0, 0x0, 0x0, 0xb, 0xf9, 0x0, 0x0, 0x0,
    0x0, 0x8, 0xf2, 0x0, 0x0, 0x0, 0x5, 0xfc,
    0x0, 0x0, 0x0, 0x0, 0x3, 0xf6, 0x0, 0x0,
    0x0, 0x3, 0xfb, 0x0, 0x0, 0x0, 0x0, 0x0,
    0xdb, 0x0, 0x0, 0x0, 0x3, 0xf8, 0x0, 0x0,
    0x0, 0x0, 0x0, 0x9f, 0x10, 0x0, 0x0, 0x4,
    0xf8, 0x33, 0x33, 0x10, 0x0, 0x0, 0x4f, 0x60,
    0x0, 0x0, 0x3, 0xff, 0xff, 0xff, 0xf7, 0x0,
    0x0, 0xe, 0xb0, 0x0, 0x0, 0x0, 0x5f, 0xff,
    0xff, 0xff, 0x70, 0x0, 0x5, 0xe1, 0x0, 0x0,
    0x0, 0x0, 0x0, 0x0, 0x0, 0x0, 0x0, 0x0,
    0x1, 0x0, 0x0, 0x0, 0x0, 0x0, 0x0, 0x0,
    0x0, 0x0,

    /* U+00BE "¾" */
    0x2, 0xae, 0xec, 0x50, 0x0, 0x0, 0x0, 0x0,
    0x7, 0x0, 0x0, 0x1e, 0xe0, 0x4f, 0xf6, 0x0,
    0x0, 0x0, 0x0, 0x9e, 0x10, 0x0, 0x5f, 0xa0,
    0xb, 0xfb, 0x0, 0x0, 0x0, 0x4, 0xf5, 0x0,
    0x0, 0x4, 0x0, 0xb, 0xfa, 0x0, 0x0, 0x0,
    0x1e, 0xa0, 0x0, 0x0, 0x0, 0x0, 0x4f, 0xf3,
    0x0, 0x0, 0x0, 0xae, 0x10, 0x0, 0x0, 0x0,
    0x6f, 0xfe, 0x40, 0x0, 0x0, 0x5, 0xf4, 0x0,
    0x0, 0x0, 0x0, 0x2, 0x6f, 0xf7, 0x0, 0x0,
    0x1e, 0xa0, 0x0, 0x0, 0x0, 0x0, 0x0, 0x7,
    0xff, 0x10, 0x0, 0xae, 0x0, 0x0, 0x35, 0x10,
    0x9e, 0x10, 0x5, 0xff, 0x30, 0x5, 0xf4, 0x0,
    0x2, 0xff, 0x30, 0xbf, 0x50, 0x7, 0xff, 0x20,
    0x1e, 0x90, 0x0, 0xd, 0xff, 0x30, 0x4f, 0x80,
    0x4e, 0xfa, 0x0, 0xbd, 0x0, 0x0, 0x9c, 0xff,
    0x30, 0x4, 0xbe, 0xec, 0x60, 0x6, 0xf3, 0x0,
    0x6, 0xd1, 0xff, 0x30, 0x0, 0x0, 0x0, 0x0,
    0x2f, 0x80, 0x0, 0x2e, 0x20, 0xff, 0x30, 0x0,
    0x0, 0x0, 0x0, 0xbd, 0x0, 0x0, 0xd5, 0x0,
    0xff, 0x30, 0x0, 0x0, 0x0, 0x7, 0xf3, 0x0,
    0x9, 0xfd, 0xdd, 0xff, 0xdb, 0x0, 0x0, 0x0,
    0x2f, 0x80, 0x0, 0xb, 0xff, 0xff, 0xff, 0xfe,
    0x0, 0x0, 0x0, 0xcd, 0x0, 0x0, 0x0, 0x0,
    0x0, 0xff, 0x30, 0x0, 0x0, 0x7, 0xf2, 0x0,
    0x0, 0x0, 0x0, 0x0, 0xff, 0x30, 0x0, 0x0,
    0x2f, 0x70, 0x0, 0x0, 0x0, 0x0, 0x0, 0xff,
    0x30, 0x0, 0x0, 0x3a, 0x0, 0x0, 0x0, 0x0,
    0x0, 0x0, 0x0, 0x0,

    /* U+00BF "¿" */
    0x0, 0x0, 0xa, 0xfb, 0x10, 0x0, 0x0, 0x6f,
    0xff, 0x90, 0x0, 0x0, 0x8f, 0xff, 0xb0, 0x0,
    0x0, 0x2f, 0xff, 0x40, 0x0, 0x0, 0x1, 0x52,
    0x0, 0x0, 0x0, 0x0, 0x0, 0x0, 0x0, 0x0,
    0x0, 0x93, 0x0, 0x0, 0x0, 0x0, 0xfa, 0x0,
    0x0, 0x0, 0x6, 0xfe, 0x0, 0x0, 0x29, 0xef,
    0xff, 0x10, 0x4, 0xff, 0xff, 0xfd, 0x0, 0xe,
    0xff, 0xfb, 0x60, 0x0, 0x3f, 0xf5, 0x0, 0x0,
    0x0, 0x3f, 0xa0, 0x0, 0x0, 0x0, 0xf, 0xb0,
    0x0, 0x0, 0x0, 0x8, 0xfb, 0x85, 0x30, 0x0,
    0x0, 0xcf, 0xff, 0xff, 0x80, 0x0, 0x1c, 0xff,
    0xff, 0xf1, 0x0, 0x0, 0x6e, 0xff, 0xd0, 0x0,
    0x0, 0x0, 0x46, 0x0,

    /* U+00C0 "À" */
    0x0, 0x0, 0x2, 0xec, 0x20, 0x0, 0x0, 0x0,
    0x0, 0x0, 0x0, 0x0, 0x5f, 0xfe, 0x30, 0x0,
    0x0, 0x0, 0x0, 0x0, 0x0, 0x0, 0x8f, 0xff,
    0x30, 0x0, 0x0, 0x0, 0x0, 0x0, 0x0, 0x0,
    0x29, 0xff, 0x30, 0x0, 0x0, 0x0, 0x0, 0x0,
    0x0, 0x0, 0x1, 0x93, 0x0, 0x0, 0x0, 0x0,
    0x0, 0x0, 0x0, 0x0, 0x0, 0x0, 0x0, 0x0,
    0x0, 0x0, 0x0, 0x0, 0x0, 0xdf, 0xc0, 0x0,
    0x0, 0x0, 0x0, 0x0, 0x0, 0x0, 0x2f, 0xff,
    0x20, 0x0, 0x0, 0x0, 0x0, 0x0, 0x0, 0x8,
    0xff, 0xf7, 0x0, 0x0, 0x0, 0x0, 0x0, 0x0,
    0x0, 0xdf, 0xff, 0xc0, 0x0, 0x0, 0x0, 0x0,
    0x0, 0x0, 0x2f, 0x9f, 0xff, 0x20, 0x0, 0x0,
    0x0, 0x0, 0x0, 0x8, 0xd1, 0xff, 0xf7, 0x0,
    0x0, 0x0, 0x0, 0x0, 0x0, 0xd8, 0xc, 0xff,
    0xc0, 0x0, 0x0, 0x0, 0x0, 0x0, 0x3f, 0x30,
    0x6f, 0xff, 0x20, 0x0, 0x0, 0x0, 0x0, 0x8,
    0xe0, 0x1, 0xff, 0xf7, 0x0, 0x0, 0x0, 0x0,
    0x0, 0xd9, 0x0, 0xc, 0xff, 0xc0, 0x0, 0x0,
    0x0, 0x0, 0x3f, 0x40, 0x0, 0x7f, 0xff, 0x20,
    0x0, 0x0, 0x0, 0x8, 0xf2, 0x22, 0x24, 0xff,
    0xf7, 0x0, 0x0, 0x0, 0x0, 0xdf, 0xff, 0xff,
    0xff, 0xff, 0xc0, 0x0, 0x0, 0x0, 0x3f, 0x75,
    0x55, 0x55, 0xaf, 0xff, 0x20, 0x0, 0x0, 0x8,
    0xe0, 0x0, 0x0, 0x3, 0xff, 0xf7, 0x0, 0x0,
    0x0, 0xe9, 0x0, 0x0, 0x0, 0xd, 0xff, 0xc0,
    0x0, 0x0, 0x3f, 0x40, 0x0, 0x0, 0x0, 0x8f,
    0xff, 0x20, 0x4, 0x7c, 0xf9, 0x62, 0x0, 0x3,
    0x6a, 0xff, 0xfa, 0x51, 0xcf, 0xff, 0xff, 0x60,
    0x0, 0xbf, 0xff, 0xff, 0xff, 0x60,

    /* U+00C1 "Á" */
    0x0, 0x0, 0x0, 0x0, 0x0, 0x4d, 0xd1, 0x0,
    0x0, 0x0, 0x0, 0x0, 0x0, 0x0, 0x5f, 0xff,
    0x20, 0x0, 0x0, 0x0, 0x0, 0x0, 0x0, 0x5f,
    0xff, 0x60, 0x0, 0x0, 0x0, 0x0, 0x0, 0x0,
    0x5f, 0xf8, 0x10, 0x0, 0x0, 0x0, 0x0, 0x0,
    0x0, 0x5, 0x81, 0x0, 0x0, 0x0, 0x0, 0x0,
    0x0, 0x0, 0x0, 0x0, 0x0, 0x0, 0x0, 0x0,
    0x0, 0x0, 0x0, 0x0, 0x0, 0xdf, 0xc0, 0x0,
    0x0, 0x0, 0x0, 0x0, 0x0, 0x0, 0x2f, 0xff,
    0x20, 0x0, 0x0, 0x0, 0x0, 0x0, 0x0, 0x8,
    0xff, 0xf7, 0x0, 0x0, 0x0, 0x0, 0x0, 0x0,
    0x0, 0xdf, 0xff, 0xc0, 0x0, 0x0, 0x0, 0x0,
    0x0, 0x0, 0x2f, 0x9f, 0xff, 0x20, 0x0, 0x0,
    0x0, 0x0, 0x0, 0x8, 0xd1, 0xff, 0xf7, 0x0,
    0x0, 0x0, 0x0, 0x0, 0x0, 0xd8, 0xc, 0xff,
    0xc0, 0x0, 0x0, 0x0, 0x0, 0x0, 0x3f, 0x30,
    0x6f, 0xff, 0x20, 0x0, 0x0, 0x0, 0x0, 0x8,
    0xe0, 0x1, 0xff, 0xf7, 0x0, 0x0, 0x0, 0x0,
    0x0, 0xd9, 0x0, 0xc, 0xff, 0xc0, 0x0, 0x0,
    0x0, 0x0, 0x3f, 0x40, 0x0, 0x7f, 0xff, 0x20,
    0x0, 0x0, 0x0, 0x8, 0xf2, 0x22, 0x24, 0xff,
    0xf7, 0x0, 0x0, 0x0, 0x0, 0xdf, 0xff, 0xff,
    0xff, 0xff, 0xc0, 0x0, 0x0, 0x0, 0x3f, 0x75,
    0x55, 0x55, 0xaf, 0xff, 0x20, 0x0, 0x0, 0x8,
    0xe0, 0x0, 0x0, 0x3, 0xff, 0xf7, 0x0, 0x0,
    0x0, 0xe9, 0x0, 0x0, 0x0, 0xd, 0xff, 0xc0,
    0x0, 0x0, 0x3f, 0x40, 0x0, 0x0, 0x0, 0x8f,
    0xff, 0x20, 0x4, 0x7c, 0xf9, 0x62, 0x0, 0x3,
    0x6a, 0xff, 0xfa, 0x51, 0xcf, 0xff, 0xff, 0x60,
    0x0, 0xbf, 0xff, 0xff, 0xff, 0x60,

    /* U+00C2 "Â" */
    0x0, 0x0, 0x0, 0x0, 0x48, 0x30, 0x0, 0x0,
    0x0, 0x0, 0x0, 0x0, 0x0, 0x6f, 0xff, 0x30,
    0x0, 0x0, 0x0, 0x0, 0x0, 0x0, 0x6f, 0xfe,
    0xff, 0x40, 0x0, 0x0, 0x0, 0x0, 0x0, 0x8f,
    0xd5, 0x6, 0xef, 0x50, 0x0, 0x0, 0x0, 0x0,
    0xc, 0x60, 0x0, 0x0, 0x8b, 0x0, 0x0, 0x0,
    0x0, 0x0, 0x0, 0x0, 0x0, 0x0, 0x0, 0x0,
    0x0, 0x0, 0x0, 0x0, 0x0, 0xdf, 0xc0, 0x0,
    0x0, 0x0, 0x0, 0x0, 0x0, 0x0, 0x2f, 0xff,
    0x20, 0x0, 0x0, 0x0, 0x0, 0x0, 0x0, 0x8,
    0xff, 0xf7, 0x0, 0x0, 0x0, 0x0, 0x0, 0x0,
    0x0, 0xdf, 0xff, 0xc0, 0x0, 0x0, 0x0, 0x0,
    0x0, 0x0, 0x2f, 0x9f, 0xff, 0x20, 0x0, 0x0,
    0x0, 0x0, 0x0, 0x8, 0xd1, 0xff, 0xf7, 0x0,
    0x0, 0x0, 0x0, 0x0, 0x0, 0xd8, 0xc, 0xff,
    0xc0, 0x0, 0x0, 0x0, 0x0, 0x0, 0x3f, 0x30,
    0x6f, 0xff, 0x20, 0x0, 0x0, 0x0, 0x0, 0x8,
    0xe0, 0x1, 0xff, 0xf7, 0x0, 0x0, 0x0, 0x0,
    0x0, 0xd9, 0x0, 0xc, 0xff, 0xc0, 0x0, 0x0,
    0x0, 0x0, 0x3f, 0x40, 0x0, 0x7f, 0xff, 0x20,
    0x0, 0x0, 0x0, 0x8, 0xf2, 0x22, 0x24, 0xff,
    0xf7, 0x0, 0x0, 0x0, 0x0, 0xdf, 0xff, 0xff,
    0xff, 0xff, 0xc0, 0x0, 0x0, 0x0, 0x3f, 0x75,
    0x55, 0x55, 0xaf, 0xff, 0x20, 0x0, 0x0, 0x8,
    0xe0, 0x0, 0x0, 0x3, 0xff, 0xf7, 0x0, 0x0,
    0x0, 0xe9, 0x0, 0x0, 0x0, 0xd, 0xff, 0xc0,
    0x0, 0x0, 0x3f, 0x40, 0x0, 0x0, 0x0, 0x8f,
    0xff, 0x20, 0x4, 0x7c, 0xf9, 0x62, 0x0, 0x3,
    0x6a, 0xff, 0xfa, 0x51, 0xcf, 0xff, 0xff, 0x60,
    0x0, 0xbf, 0xff, 0xff, 0xff, 0x60,

    /* U+00C3 "Ã" */
    0x0, 0x0, 0x0, 0x2, 0x0, 0x0, 0x0, 0x0,
    0x0, 0x0, 0x0, 0x0, 0x5f, 0xfe, 0x50, 0x0,
    0xc5, 0x0, 0x0, 0x0, 0x0, 0xe, 0xff, 0xff,
    0xa3, 0x9f, 0x20, 0x0, 0x0, 0x0, 0x6, 0xf4,
    0x19, 0xff, 0xff, 0xb0, 0x0, 0x0, 0x0, 0x0,
    0x68, 0x0, 0x4, 0xdf, 0xb1, 0x0, 0x0, 0x0,
    0x0, 0x0, 0x0, 0x0, 0x0, 0x0, 0x0, 0x0,
    0x0, 0x0, 0x0, 0x0, 0x0, 0xdf, 0xc0, 0x0,
    0x0, 0x0, 0x0, 0x0, 0x0, 0x0, 0x2f, 0xff,
    0x20, 0x0, 0x0, 0x0, 0x0, 0x0, 0x0, 0x8,
    0xff, 0xf7, 0x0, 0x0, 0x0, 0x0, 0x0, 0x0,
    0x0, 0xdf, 0xff, 0xc0, 0x0, 0x0, 0x0, 0x0,
    0x0, 0x0, 0x2f, 0x9f, 0xff, 0x20, 0x0, 0x0,
    0x0, 0x0, 0x0, 0x8, 0xd1, 0xff, 0xf7, 0x0,
    0x0, 0x0, 0x0, 0x0, 0x0, 0xd8, 0xc, 0xff,
    0xc0, 0x0, 0x0, 0x0, 0x0, 0x0, 0x3f, 0x30,
    0x6f, 0xff, 0x20, 0x0, 0x0, 0x0, 0x0, 0x8,
    0xe0, 0x1, 0xff, 0xf7, 0x0, 0x0, 0x0, 0x0,
    0x0, 0xd9, 0x0, 0xc, 0xff, 0xc0, 0x0, 0x0,
    0x0, 0x0, 0x3f, 0x40, 0x0, 0x7f, 0xff, 0x20,
    0x0, 0x0, 0x0, 0x8, 0xf2, 0x22, 0x24, 0xff,
    0xf7, 0x0, 0x0, 0x0, 0x0, 0xdf, 0xff, 0xff,
    0xff, 0xff, 0xc0, 0x0, 0x0, 0x0, 0x3f, 0x75,
    0x55, 0x55, 0xaf, 0xff, 0x20, 0x0, 0x0, 0x8,
    0xe0, 0x0, 0x0, 0x3, 0xff, 0xf7, 0x0, 0x0,
    0x0, 0xe9, 0x0, 0x0, 0x0, 0xd, 0xff, 0xc0,
    0x0, 0x0, 0x3f, 0x40, 0x0, 0x0, 0x0, 0x8f,
    0xff, 0x20, 0x4, 0x7c, 0xf9, 0x62, 0x0, 0x3,
    0x6a, 0xff, 0xfa, 0x51, 0xcf, 0xff, 0xff, 0x60,
    0x0, 0xbf, 0xff, 0xff, 0xff, 0x60,

    /* U+00C4 "Ä" */
    0x0, 0x0, 0x3d, 0xe5, 0x0, 0x8, 0xfc, 0x10,
    0x0, 0x0, 0x0, 0xa, 0xff, 0xd0, 0x0, 0xff,
    0xf7, 0x0, 0x0, 0x0, 0x0, 0x7f, 0xfb, 0x0,
    0xe, 0xff, 0x40, 0x0, 0x0, 0x0, 0x0, 0x56,
    0x0, 0x0, 0x17, 0x40, 0x0, 0x0, 0x0, 0x0,
    0x0, 0x0, 0x0, 0x0, 0x0, 0x0, 0x0, 0x0,
    0x0, 0x0, 0x0, 0xd, 0xfc, 0x0, 0x0, 0x0,
    0x0, 0x0, 0x0, 0x0, 0x2, 0xff, 0xf2, 0x0,
    0x0, 0x0, 0x0, 0x0, 0x0, 0x0, 0x8f, 0xff,
    0x70, 0x0, 0x0, 0x0, 0x0, 0x0, 0x0, 0xd,
    0xff, 0xfc, 0x0, 0x0, 0x0, 0x0, 0x0, 0x0,
    0x2, 0xf9, 0xff, 0xf2, 0x0, 0x0, 0x0, 0x0,
    0x0, 0x0, 0x8d, 0x1f, 0xff, 0x70, 0x0, 0x0,
    0x0, 0x0, 0x0, 0xd, 0x80, 0xcf, 0xfc, 0x0,
    0x0, 0x0, 0x0, 0x0, 0x3, 0xf3, 0x6, 0xff,
    0xf2, 0x0, 0x0, 0x0, 0x0, 0x0, 0x8e, 0x0,
    0x1f, 0xff, 0x70, 0x0, 0x0, 0x0, 0x0, 0xd,
    0x90, 0x0, 0xcf, 0xfc, 0x0, 0x0, 0x0, 0x0,
    0x3, 0xf4, 0x0, 0x7, 0xff, 0xf2, 0x0, 0x0,
    0x0, 0x0, 0x8f, 0x22, 0x22, 0x4f, 0xff, 0x70,
    0x0, 0x0, 0x0, 0xd, 0xff, 0xff, 0xff, 0xff,
    0xfc, 0x0, 0x0, 0x0, 0x3, 0xf7, 0x55, 0x55,
    0x5a, 0xff, 0xf2, 0x0, 0x0, 0x0, 0x8e, 0x0,
    0x0, 0x0, 0x3f, 0xff, 0x70, 0x0, 0x0, 0xe,
    0x90, 0x0, 0x0, 0x0, 0xdf, 0xfc, 0x0, 0x0,
    0x3, 0xf4, 0x0, 0x0, 0x0, 0x8, 0xff, 0xf2,
    0x0, 0x47, 0xcf, 0x96, 0x20, 0x0, 0x36, 0xaf,
    0xff, 0xa5, 0x1c, 0xff, 0xff, 0xf6, 0x0, 0xb,
    0xff, 0xff, 0xff, 0xf6,

    /* U+00C5 "Å" */
    0x0, 0x0, 0x0, 0x3, 0xcf, 0xb1, 0x0, 0x0,
    0x0, 0x0, 0x0, 0x0, 0x0, 0xea, 0x3c, 0xc0,
    0x0, 0x0, 0x0, 0x0, 0x0, 0x0, 0x4f, 0x10,
    0x4f, 0x10, 0x0, 0x0, 0x0, 0x0, 0x0, 0x4,
    0xf0, 0x3, 0xf1, 0x0, 0x0, 0x0, 0x0, 0x0,
    0x0, 0x1f, 0x70, 0xad, 0x0, 0x0, 0x0, 0x0,
    0x0, 0x0, 0x0, 0x5f, 0xfd, 0x30, 0x0, 0x0,
    0x0, 0x0, 0x0, 0x0, 0x0, 0x1, 0x0, 0x0,
    0x0, 0x0, 0x0, 0x0, 0x0, 0x0, 0xd, 0xfc,
    0x0, 0x0, 0x0, 0x0, 0x0, 0x0, 0x0, 0x2,
    0xff, 0xf2, 0x0, 0x0, 0x0, 0x0, 0x0, 0x0,
    0x0, 0x8f, 0xff, 0x70, 0x0, 0x0, 0x0, 0x0,
    0x0, 0x0, 0xd, 0xff, 0xfc, 0x0, 0x0, 0x0,
    0x0, 0x0, 0x0, 0x2, 0xf9, 0xff, 0xf2, 0x0,
    0x0, 0x0, 0x0, 0x0, 0x0, 0x8d, 0x1f, 0xff,
    0x70, 0x0, 0x0, 0x0, 0x0, 0x0, 0xd, 0x80,
    0xcf, 0xfc, 0x0, 0x0, 0x0, 0x0, 0x0, 0x3,
    0xf3, 0x6, 0xff, 0xf2, 0x0, 0x0, 0x0, 0x0,
    0x0, 0x8e, 0x0, 0x1f, 0xff, 0x70, 0x0, 0x0,
    0x0, 0x0, 0xd, 0x90, 0x0, 0xcf, 0xfc, 0x0,
    0x0, 0x0, 0x0, 0x3, 0xf4, 0x0, 0x7, 0xff,
    0xf2, 0x0, 0x0, 0x0, 0x0, 0x8f, 0x22, 0x22,
    0x4f, 0xff, 0x70, 0x0, 0x0, 0x0, 0xd, 0xff,
    0xff, 0xff, 0xff, 0xfc, 0x0, 0x0, 0x0, 0x3,
    0xf7, 0x55, 0x55, 0x5a, 0xff, 0xf2, 0x0, 0x0,
    0x0, 0x8e, 0x0, 0x0, 0x0, 0x3f, 0xff, 0x70,
    0x0, 0x0, 0xe, 0x90, 0x0, 0x0, 0x0, 0xdf,
    0xfc, 0x0, 0x0, 0x3, 0xf4, 0x0, 0x0, 0x0,
    0x8, 0xff, 0xf2, 0x0, 0x47, 0xcf, 0x96, 0x20,
    0x0, 0x36, 0xaf, 0xff, 0xa5, 0x1c, 0xff, 0xff,
    0xf6, 0x0, 0xb, 0xff, 0xff, 0xff, 0xf6,

    /* U+00C6 "Æ" */
    0x0, 0x0, 0x0, 0x2, 0xff, 0xff, 0xff, 0xff,
    0xff, 0xff, 0xff, 0xfd, 0x0, 0x0, 0x0, 0x0,
    0x6, 0x8f, 0xff, 0xff, 0xd8, 0x88, 0x88, 0xbf,
    0xd0, 0x0, 0x0, 0x0, 0x0, 0x3, 0xf7, 0xdf,
    0xfb, 0x0, 0x0, 0x5, 0xfe, 0x0, 0x0, 0x0,
    0x0, 0x0, 0xbf, 0xd, 0xff, 0xb0, 0x0, 0x0,
    0x3f, 0xf0, 0x0, 0x0, 0x0, 0x0, 0x3f, 0x80,
    0xdf, 0xfb, 0x0, 0x0, 0x0, 0xff, 0x0, 0x0,
    0x0, 0x0, 0xb, 0xf1, 0xd, 0xff, 0xb0, 0x0,
    0x0, 0x0, 0x0, 0x0, 0x0, 0x0, 0x3, 0xf8,
    0x0, 0xdf, 0xfb, 0x0, 0x5, 0xf2, 0x0, 0x0,
    0x0, 0x0, 0x0, 0xbf, 0x10, 0xd, 0xff, 0xb0,
    0x0, 0x8f, 0x20, 0x0, 0x0, 0x0, 0x0, 0x3f,
    0x90, 0x0, 0xdf, 0xfd, 0x88, 0x8c, 0xf2, 0x0,
    0x0, 0x0, 0x0, 0xb, 0xf2, 0x0, 0xd, 0xff,
    0xff, 0xff, 0xff, 0x20, 0x0, 0x0, 0x0, 0x3,
    0xfb, 0x22, 0x22, 0xdf, 0xfb, 0x0, 0x8, 0xf2,
    0x0, 0x0, 0x0, 0x0, 0xbf, 0xff, 0xff, 0xff,
    0xff, 0xb0, 0x0, 0x6f, 0x20, 0x0, 0x0, 0x0,
    0x3f, 0xa5, 0x55, 0x55, 0xef, 0xfb, 0x0, 0x2,
    0x61, 0x0, 0x0, 0x0, 0xb, 0xf1, 0x0, 0x0,
    0xd, 0xff, 0xb0, 0x0, 0x0, 0x0, 0x0, 0x0,
    0x3, 0xf8, 0x0, 0x0, 0x0, 0xdf, 0xfb, 0x0,
    0x0, 0x0, 0x7f, 0x80, 0x0, 0xcf, 0x10, 0x0,
    0x0, 0xd, 0xff, 0xb0, 0x0, 0x0, 0xa, 0xf8,
    0x0, 0x4f, 0x80, 0x0, 0x0, 0x0, 0xdf, 0xfb,
    0x0, 0x0, 0x0, 0xcf, 0x74, 0x8d, 0xfb, 0x72,
    0x0, 0x6, 0x8f, 0xff, 0xd8, 0x88, 0x88, 0x8f,
    0xf6, 0xcf, 0xff, 0xff, 0x60, 0x2, 0xff, 0xff,
    0xff, 0xff, 0xff, 0xff, 0xff, 0x60,

    /* U+00C7 "Ç" */
    0x0, 0x0, 0x1, 0x7c, 0xef, 0xfd, 0xa6, 0x0,
    0x0, 0x0, 0x9f, 0xff, 0xd9, 0x8a, 0xff, 0xe2,
    0x0, 0x1d, 0xff, 0xe4, 0x0, 0x0, 0x2f, 0xf4,
    0x0, 0xdf, 0xfd, 0x10, 0x0, 0x0, 0xe, 0xf5,
    0x9, 0xff, 0xf4, 0x0, 0x0, 0x0, 0xb, 0xf5,
    0x1f, 0xff, 0xc0, 0x0, 0x0, 0x0, 0x4, 0x72,
    0x6f, 0xff, 0x70, 0x0, 0x0, 0x0, 0x0, 0x0,
    0xaf, 0xff, 0x30, 0x0, 0x0, 0x0, 0x0, 0x0,
    0xcf, 0xff, 0x20, 0x0, 0x0, 0x0, 0x0, 0x0,
    0xdf, 0xff, 0x10, 0x0, 0x0, 0x0, 0x0, 0x0,
    0xdf, 0xff, 0x20, 0x0, 0x0, 0x0, 0x0, 0x0,
    0xbf, 0xff, 0x30, 0x0, 0x0, 0x0, 0x0, 0x0,
    0x7f, 0xff, 0x60, 0x0, 0x0, 0x0, 0x0, 0x0,
    0x2f, 0xff, 0xb0, 0x0, 0x0, 0x0, 0x2, 0x74,
    0xa, 0xff, 0xf3, 0x0, 0x0, 0x0, 0x7, 0xf9,
    0x1, 0xdf, 0xfd, 0x0, 0x0, 0x0, 0xa, 0xf8,
    0x0, 0x2e, 0xff, 0xd3, 0x0, 0x0, 0xe, 0xf8,
    0x0, 0x1, 0xaf, 0xff, 0xc9, 0x9a, 0xff, 0xf5,
    0x0, 0x0, 0x2, 0x8c, 0xef, 0xfe, 0xb6, 0x10,
    0x0, 0x0, 0x0, 0x0, 0xe, 0x50, 0x0, 0x0,
    0x0, 0x0, 0x0, 0x0, 0xf, 0xb3, 0x0, 0x0,
    0x0, 0x0, 0x0, 0x0, 0xb, 0xff, 0x50, 0x0,
    0x0, 0x0, 0x0, 0x0, 0x0, 0x7f, 0xd0, 0x0,
    0x0, 0x0, 0x0, 0x0, 0x0, 0x4f, 0xe0, 0x0,
    0x0, 0x0, 0x0, 0x1, 0x54, 0xcf, 0x90, 0x0,
    0x0, 0x0, 0x0, 0x4, 0xef, 0xd8, 0x0, 0x0,

    /* U+00C8 "È" */
    0x0, 0x0, 0x4e, 0xb1, 0x0, 0x0, 0x0, 0x0,
    0x0, 0x7, 0xff, 0xe2, 0x0, 0x0, 0x0, 0x0,
    0x0, 0x9, 0xff, 0xe2, 0x0, 0x0, 0x0, 0x0,
    0x0, 0x2, 0xaf, 0xe2, 0x0, 0x0, 0x0, 0x0,
    0x0, 0x0, 0x29, 0x10, 0x0, 0x0, 0x0, 0x0,
    0x0, 0x0, 0x0, 0x0, 0x0, 0xef, 0xff, 0xff,
    0xff, 0xff, 0xff, 0xff, 0x35, 0x7c, 0xff, 0xf9,
    0x88, 0x88, 0x8f, 0xf4, 0x0, 0x8f, 0xff, 0x20,
    0x0, 0x0, 0xff, 0x40, 0x8, 0xff, 0xf2, 0x0,
    0x0, 0xd, 0xf5, 0x0, 0x8f, 0xff, 0x20, 0x0,
    0x0, 0xaf, 0x60, 0x8, 0xff, 0xf1, 0x0, 0x0,
    0x0, 0x0, 0x0, 0x8f, 0xff, 0x10, 0x0, 0xf8,
    0x0, 0x0, 0x8, 0xff, 0xf1, 0x0, 0x2f, 0x80,
    0x0, 0x0, 0x8f, 0xff, 0x88, 0x89, 0xf8, 0x0,
    0x0, 0x8, 0xff, 0xff, 0xff, 0xff, 0x80, 0x0,
    0x0, 0x8f, 0xff, 0x10, 0x2, 0xf8, 0x0, 0x0,
    0x8, 0xff, 0xf1, 0x0, 0xf, 0x80, 0x0, 0x0,
    0x8f, 0xff, 0x10, 0x0, 0x63, 0x0, 0x0, 0x8,
    0xff, 0xf1, 0x0, 0x0, 0x0, 0x0, 0x0, 0x8f,
    0xff, 0x20, 0x0, 0x0, 0x1f, 0xe0, 0x8, 0xff,
    0xf2, 0x0, 0x0, 0x4, 0xfe, 0x0, 0x8f, 0xff,
    0x20, 0x0, 0x0, 0x6f, 0xd5, 0x7c, 0xff, 0xf9,
    0x88, 0x88, 0x8c, 0xfd, 0xef, 0xff, 0xff, 0xff,
    0xff, 0xff, 0xff, 0xc0,

    /* U+00C9 "É" */
    0x0, 0x0, 0x0, 0x0, 0x6, 0xec, 0x0, 0x0,
    0x0, 0x0, 0x0, 0x7, 0xff, 0xf0, 0x0, 0x0,
    0x0, 0x0, 0x8, 0xff, 0xe4, 0x0, 0x0, 0x0,
    0x0, 0x8, 0xfe, 0x60, 0x0, 0x0, 0x0, 0x0,
    0x0, 0x66, 0x0, 0x0, 0x0, 0x0, 0x0, 0x0,
    0x0, 0x0, 0x0, 0x0, 0x0, 0xef, 0xff, 0xff,
    0xff, 0xff, 0xff, 0xff, 0x35, 0x7c, 0xff, 0xf9,
    0x88, 0x88, 0x8f, 0xf4, 0x0, 0x8f, 0xff, 0x20,
    0x0, 0x0, 0xff, 0x40, 0x8, 0xff, 0xf2, 0x0,
    0x0, 0xd, 0xf5, 0x0, 0x8f, 0xff, 0x20, 0x0,
    0x0, 0xaf, 0x60, 0x8, 0xff, 0xf1, 0x0, 0x0,
    0x0, 0x0, 0x0, 0x8f, 0xff, 0x10, 0x0, 0xf8,
    0x0, 0x0, 0x8, 0xff, 0xf1, 0x0, 0x2f, 0x80,
    0x0, 0x0, 0x8f, 0xff, 0x88, 0x89, 0xf8, 0x0,
    0x0, 0x8, 0xff, 0xff, 0xff, 0xff, 0x80, 0x0,
    0x0, 0x8f, 0xff, 0x10, 0x2, 0xf8, 0x0, 0x0,
    0x8, 0xff, 0xf1, 0x0, 0xf, 0x80, 0x0, 0x0,
    0x8f, 0xff, 0x10, 0x0, 0x63, 0x0, 0x0, 0x8,
    0xff, 0xf1, 0x0, 0x0, 0x0, 0x0, 0x0, 0x8f,
    0xff, 0x20, 0x0, 0x0, 0x1f, 0xe0, 0x8, 0xff,
    0xf2, 0x0, 0x0, 0x4, 0xfe, 0x0, 0x8f, 0xff,
    0x20, 0x0, 0x0, 0x6f, 0xd5, 0x7c, 0xff, 0xf9,
    0x88, 0x88, 0x8c, 0xfd, 0xef, 0xff, 0xff, 0xff,
    0xff, 0xff, 0xff, 0xc0,

    /* U+00CA "Ê" */
    0x0, 0x0, 0x0, 0x5, 0x71, 0x0, 0x0, 0x0,
    0x0, 0x0, 0x8, 0xff, 0xe2, 0x0, 0x0, 0x0,
    0x0, 0x9, 0xff, 0xef, 0xe3, 0x0, 0x0, 0x0,
    0xa, 0xfb, 0x30, 0x7e, 0xf4, 0x0, 0x0, 0x1,
    0xb4, 0x0, 0x0, 0x18, 0x80, 0x0, 0x0, 0x0,
    0x0, 0x0, 0x0, 0x0, 0x0, 0xef, 0xff, 0xff,
    0xff, 0xff, 0xff, 0xff, 0x35, 0x7c, 0xff, 0xf9,
    0x88, 0x88, 0x8f, 0xf4, 0x0, 0x8f, 0xff, 0x20,
    0x0, 0x0, 0xff, 0x40, 0x8, 0xff, 0xf2, 0x0,
    0x0, 0xd, 0xf5, 0x0, 0x8f, 0xff, 0x20, 0x0,
    0x0, 0xaf, 0x60, 0x8, 0xff, 0xf1, 0x0, 0x0,
    0x0, 0x0, 0x0, 0x8f, 0xff, 0x10, 0x0, 0xf8,
    0x0, 0x0, 0x8, 0xff, 0xf1, 0x0, 0x2f, 0x80,
    0x0, 0x0, 0x8f, 0xff, 0x88, 0x89, 0xf8, 0x0,
    0x0, 0x8, 0xff, 0xff, 0xff, 0xff, 0x80, 0x0,
    0x0, 0x8f, 0xff, 0x10, 0x2, 0xf8, 0x0, 0x0,
    0x8, 0xff, 0xf1, 0x0, 0xf, 0x80, 0x0, 0x0,
    0x8f, 0xff, 0x10, 0x0, 0x63, 0x0, 0x0, 0x8,
    0xff, 0xf1, 0x0, 0x0, 0x0, 0x0, 0x0, 0x8f,
    0xff, 0x20, 0x0, 0x0, 0x1f, 0xe0, 0x8, 0xff,
    0xf2, 0x0, 0x0, 0x4, 0xfe, 0x0, 0x8f, 0xff,
    0x20, 0x0, 0x0, 0x6f, 0xd5, 0x7c, 0xff, 0xf9,
    0x88, 0x88, 0x8c, 0xfd, 0xef, 0xff, 0xff, 0xff,
    0xff, 0xff, 0xff, 0xc0,

    /* U+00CB "Ë" */
    0x0, 0x4, 0xee, 0x40, 0x0, 0xaf, 0xb0, 0x0,
    0x0, 0xcf, 0xfb, 0x0, 0x3f, 0xff, 0x50, 0x0,
    0xa, 0xff, 0x80, 0x1, 0xff, 0xf2, 0x0, 0x0,
    0x6, 0x60, 0x0, 0x2, 0x73, 0x0, 0x0, 0x0,
    0x0, 0x0, 0x0, 0x0, 0x0, 0xe, 0xff, 0xff,
    0xff, 0xff, 0xff, 0xff, 0xf3, 0x57, 0xcf, 0xff,
    0x98, 0x88, 0x88, 0xff, 0x40, 0x8, 0xff, 0xf2,
    0x0, 0x0, 0xf, 0xf4, 0x0, 0x8f, 0xff, 0x20,
    0x0, 0x0, 0xdf, 0x50, 0x8, 0xff, 0xf2, 0x0,
    0x0, 0xa, 0xf6, 0x0, 0x8f, 0xff, 0x10, 0x0,
    0x0, 0x0, 0x0, 0x8, 0xff, 0xf1, 0x0, 0xf,
    0x80, 0x0, 0x0, 0x8f, 0xff, 0x10, 0x2, 0xf8,
    0x0, 0x0, 0x8, 0xff, 0xf8, 0x88, 0x9f, 0x80,
    0x0, 0x0, 0x8f, 0xff, 0xff, 0xff, 0xf8, 0x0,
    0x0, 0x8, 0xff, 0xf1, 0x0, 0x2f, 0x80, 0x0,
    0x0, 0x8f, 0xff, 0x10, 0x0, 0xf8, 0x0, 0x0,
    0x8, 0xff, 0xf1, 0x0, 0x6, 0x30, 0x0, 0x0,
    0x8f, 0xff, 0x10, 0x0, 0x0, 0x0, 0x0, 0x8,
    0xff, 0xf2, 0x0, 0x0, 0x1, 0xfe, 0x0, 0x8f,
    0xff, 0x20, 0x0, 0x0, 0x4f, 0xe0, 0x8, 0xff,
    0xf2, 0x0, 0x0, 0x6, 0xfd, 0x57, 0xcf, 0xff,
    0x98, 0x88, 0x88, 0xcf, 0xde, 0xff, 0xff, 0xff,
    0xff, 0xff, 0xff, 0xfc,

    /* U+00CC "Ì" */
    0x4e, 0xc2, 0x0, 0x0, 0x7, 0xff, 0xe2, 0x0,
    0x0, 0x9, 0xff, 0xe3, 0x0, 0x0, 0x2, 0x9f,
    0xe2, 0x0, 0x0, 0x0, 0x18, 0x10, 0x0, 0x0,
    0x0, 0x0, 0x0, 0xef, 0xff, 0xff, 0xff, 0x85,
    0x8d, 0xff, 0xfa, 0x73, 0x0, 0x8f, 0xff, 0x20,
    0x0, 0x8, 0xff, 0xf2, 0x0, 0x0, 0x8f, 0xff,
    0x20, 0x0, 0x8, 0xff, 0xf1, 0x0, 0x0, 0x8f,
    0xff, 0x10, 0x0, 0x8, 0xff, 0xf1, 0x0, 0x0,
    0x8f, 0xff, 0x10, 0x0, 0x8, 0xff, 0xf1, 0x0,
    0x0, 0x8f, 0xff, 0x10, 0x0, 0x8, 0xff, 0xf1,
    0x0, 0x0, 0x8f, 0xff, 0x10, 0x0, 0x8, 0xff,
    0xf1, 0x0, 0x0, 0x8f, 0xff, 0x20, 0x0, 0x8,
    0xff, 0xf2, 0x0, 0x0, 0x8f, 0xff, 0x20, 0x5,
    0x8d, 0xff, 0xfa, 0x73, 0xef, 0xff, 0xff, 0xff,
    0x80,

    /* U+00CD "Í" */
    0x0, 0x0, 0x5, 0xec, 0x0, 0x0, 0x7, 0xff,
    0xf1, 0x0, 0x7, 0xff, 0xe5, 0x0, 0x7, 0xfe,
    0x70, 0x0, 0x0, 0x56, 0x0, 0x0, 0x0, 0x0,
    0x0, 0x0, 0x0, 0xef, 0xff, 0xff, 0xff, 0x85,
    0x8d, 0xff, 0xfa, 0x73, 0x0, 0x8f, 0xff, 0x20,
    0x0, 0x8, 0xff, 0xf2, 0x0, 0x0, 0x8f, 0xff,
    0x20, 0x0, 0x8, 0xff, 0xf1, 0x0, 0x0, 0x8f,
    0xff, 0x10, 0x0, 0x8, 0xff, 0xf1, 0x0, 0x0,
    0x8f, 0xff, 0x10, 0x0, 0x8, 0xff, 0xf1, 0x0,
    0x0, 0x8f, 0xff, 0x10, 0x0, 0x8, 0xff, 0xf1,
    0x0, 0x0, 0x8f, 0xff, 0x10, 0x0, 0x8, 0xff,
    0xf1, 0x0, 0x0, 0x8f, 0xff, 0x20, 0x0, 0x8,
    0xff, 0xf2, 0x0, 0x0, 0x8f, 0xff, 0x20, 0x5,
    0x8d, 0xff, 0xfa, 0x73, 0xef, 0xff, 0xff, 0xff,
    0x80,

    /* U+00CE "Î" */
    0x0, 0x0, 0x58, 0x20, 0x0, 0x0, 0x7, 0xff,
    0xe3, 0x0, 0x0, 0x8f, 0xfe, 0xff, 0x30, 0x9,
    0xfc, 0x30, 0x6e, 0xf4, 0x1b, 0x50, 0x0, 0x0,
    0x89, 0x0, 0x0, 0x0, 0x0, 0x0, 0xe, 0xff,
    0xff, 0xff, 0xf8, 0x5, 0x8d, 0xff, 0xfa, 0x73,
    0x0, 0x8, 0xff, 0xf2, 0x0, 0x0, 0x8, 0xff,
    0xf2, 0x0, 0x0, 0x8, 0xff, 0xf2, 0x0, 0x0,
    0x8, 0xff, 0xf1, 0x0, 0x0, 0x8, 0xff, 0xf1,
    0x0, 0x0, 0x8, 0xff, 0xf1, 0x0, 0x0, 0x8,
    0xff, 0xf1, 0x0, 0x0, 0x8, 0xff, 0xf1, 0x0,
    0x0, 0x8, 0xff, 0xf1, 0x0, 0x0, 0x8, 0xff,
    0xf1, 0x0, 0x0, 0x8, 0xff, 0xf1, 0x0, 0x0,
    0x8, 0xff, 0xf1, 0x0, 0x0, 0x8, 0xff, 0xf2,
    0x0, 0x0, 0x8, 0xff, 0xf2, 0x0, 0x0, 0x8,
    0xff, 0xf2, 0x0, 0x5, 0x8d, 0xff, 0xfa, 0x73,
    0xe, 0xff, 0xff, 0xff, 0xf8,

    /* U+00CF "Ï" */
    0x8, 0xfb, 0x0, 0x4e, 0xe3, 0xf, 0xff, 0x50,
    0xbf, 0xfb, 0xe, 0xff, 0x30, 0x9f, 0xf8, 0x1,
    0x73, 0x0, 0x6, 0x60, 0x0, 0x0, 0x0, 0x0,
    0x0, 0xe, 0xff, 0xff, 0xff, 0xf8, 0x5, 0x8d,
    0xff, 0xfa, 0x73, 0x0, 0x8, 0xff, 0xf2, 0x0,
    0x0, 0x8, 0xff, 0xf2, 0x0, 0x0, 0x8, 0xff,
    0xf2, 0x0, 0x0, 0x8, 0xff, 0xf1, 0x0, 0x0,
    0x8, 0xff, 0xf1, 0x0, 0x0, 0x8, 0xff, 0xf1,
    0x0, 0x0, 0x8, 0xff, 0xf1, 0x0, 0x0, 0x8,
    0xff, 0xf1, 0x0, 0x0, 0x8, 0xff, 0xf1, 0x0,
    0x0, 0x8, 0xff, 0xf1, 0x0, 0x0, 0x8, 0xff,
    0xf1, 0x0, 0x0, 0x8, 0xff, 0xf1, 0x0, 0x0,
    0x8, 0xff, 0xf2, 0x0, 0x0, 0x8, 0xff, 0xf2,
    0x0, 0x0, 0x8, 0xff, 0xf2, 0x0, 0x5, 0x8d,
    0xff, 0xfa, 0x73, 0xe, 0xff, 0xff, 0xff, 0xf8,

    /* U+00D0 "Ð" */
    0xef, 0xff, 0xff, 0xff, 0xfe, 0xc9, 0x30, 0x0,
    0x0, 0x57, 0xcf, 0xff, 0x87, 0x7a, 0xff, 0xfb,
    0x20, 0x0, 0x0, 0x8f, 0xff, 0x20, 0x0, 0x1b,
    0xff, 0xe3, 0x0, 0x0, 0x8f, 0xff, 0x20, 0x0,
    0x0, 0xcf, 0xfe, 0x10, 0x0, 0x8f, 0xff, 0x20,
    0x0, 0x0, 0x3f, 0xff, 0x90, 0x0, 0x8f, 0xff,
    0x10, 0x0, 0x0, 0xc, 0xff, 0xf0, 0x0, 0x8f,
    0xff, 0x10, 0x0, 0x0, 0x8, 0xff, 0xf5, 0x0,
    0x8f, 0xff, 0x10, 0x0, 0x0, 0x5, 0xff, 0xf8,
    0x22, 0x9f, 0xff, 0x32, 0x22, 0x0, 0x4, 0xff,
    0xf9, 0xef, 0xff, 0xff, 0xff, 0xfe, 0x0, 0x3,
    0xff, 0xfa, 0x45, 0xaf, 0xff, 0x65, 0x54, 0x0,
    0x4, 0xff, 0xf9, 0x0, 0x8f, 0xff, 0x10, 0x0,
    0x0, 0x5, 0xff, 0xf7, 0x0, 0x8f, 0xff, 0x10,
    0x0, 0x0, 0x8, 0xff, 0xf4, 0x0, 0x8f, 0xff,
    0x10, 0x0, 0x0, 0xd, 0xff, 0xe0, 0x0, 0x8f,
    0xff, 0x20, 0x0, 0x0, 0x4f, 0xff, 0x70, 0x0,
    0x8f, 0xff, 0x20, 0x0, 0x1, 0xdf, 0xfb, 0x0,
    0x0, 0x8f, 0xff, 0x20, 0x0, 0x2c, 0xff, 0xc1,
    0x0, 0x57, 0xcf, 0xff, 0x97, 0x8b, 0xff, 0xf8,
    0x0, 0x0, 0xef, 0xff, 0xff, 0xff, 0xfe, 0xb7,
    0x10, 0x0, 0x0,

    /* U+00D1 "Ñ" */
    0x0, 0x0, 0x0, 0x4d, 0xfa, 0x10, 0x0, 0xc2,
    0x0, 0x0, 0x0, 0x0, 0x1, 0xff, 0xff, 0xe5,
    0x8, 0xf0, 0x0, 0x0, 0x0, 0x0, 0x7, 0xf5,
    0x4d, 0xff, 0xff, 0xa0, 0x0, 0x0, 0x0, 0x0,
    0xa, 0x70, 0x0, 0x9f, 0xfd, 0x10, 0x0, 0x0,
    0x0, 0x0, 0x0, 0x0, 0x0, 0x1, 0x20, 0x0,
    0x0, 0x0, 0x0, 0x0, 0x0, 0x0, 0x0, 0x0,
    0x0, 0x0, 0x0, 0x0, 0xd, 0xff, 0xff, 0xd0,
    0x0, 0x0, 0x8f, 0xff, 0xff, 0xf8, 0x5, 0x7d,
    0xff, 0xf9, 0x0, 0x0, 0x37, 0x9d, 0xfb, 0x73,
    0x0, 0xa, 0xff, 0xff, 0x50, 0x0, 0x0, 0x7,
    0xf2, 0x0, 0x0, 0xa, 0xff, 0xff, 0xe1, 0x0,
    0x0, 0x7, 0xf2, 0x0, 0x0, 0xa, 0xe8, 0xff,
    0xfb, 0x0, 0x0, 0x7, 0xf2, 0x0, 0x0, 0xa,
    0xe0, 0xdf, 0xff, 0x60, 0x0, 0x7, 0xf2, 0x0,
    0x0, 0xa, 0xe0, 0x2f, 0xff, 0xf2, 0x0, 0x7,
    0xf2, 0x0, 0x0, 0xa, 0xe0, 0x7, 0xff, 0xfc,
    0x0, 0x7, 0xf2, 0x0, 0x0, 0xa, 0xe0, 0x0,
    0xcf, 0xff, 0x70, 0x7, 0xf2, 0x0, 0x0, 0xa,
    0xe0, 0x0, 0x2f, 0xff, 0xf3, 0x7, 0xf2, 0x0,
    0x0, 0xa, 0xe0, 0x0, 0x6, 0xff, 0xfd, 0x7,
    0xf2, 0x0, 0x0, 0xa, 0xe0, 0x0, 0x0, 0xaf,
    0xff, 0x97, 0xf2, 0x0, 0x0, 0xa, 0xe0, 0x0,
    0x0, 0x1e, 0xff, 0xfb, 0xf2, 0x0, 0x0, 0xa,
    0xe0, 0x0, 0x0, 0x4, 0xff, 0xff, 0xf2, 0x0,
    0x0, 0xa, 0xe0, 0x0, 0x0, 0x0, 0x9f, 0xff,
    0xf2, 0x0, 0x0, 0xa, 0xe0, 0x0, 0x0, 0x0,
    0xd, 0xff, 0xf2, 0x0, 0x0, 0xa, 0xe0, 0x0,
    0x0, 0x0, 0x3, 0xff, 0xf2, 0x0, 0x8, 0xbe,
    0xfc, 0xa8, 0x0, 0x0, 0x0, 0x8f, 0xf2, 0x0,
    0xf, 0xff, 0xff, 0xff, 0x0, 0x0, 0x0, 0xc,
    0xf2, 0x0,

    /* U+00D2 "Ò" */
    0x0, 0x0, 0x2, 0x71, 0x0, 0x0, 0x0, 0x0,
    0x0, 0x0, 0x0, 0xe, 0xfd, 0x10, 0x0, 0x0,
    0x0, 0x0, 0x0, 0x0, 0xc, 0xff, 0xc0, 0x0,
    0x0, 0x0, 0x0, 0x0, 0x0, 0x2, 0xdf, 0xfb,
    0x0, 0x0, 0x0, 0x0, 0x0, 0x0, 0x0, 0x6,
    0xef, 0x90, 0x0, 0x0, 0x0, 0x0, 0x0, 0x0,
    0x0, 0x18, 0xc0, 0x0, 0x0, 0x0, 0x0, 0x0,
    0x0, 0x0, 0x0, 0x0, 0x0, 0x0, 0x0, 0x0,
    0x0, 0x4, 0xad, 0xff, 0xd8, 0x20, 0x0, 0x0,
    0x0, 0x2, 0xcf, 0xfc, 0x99, 0xdf, 0xfa, 0x0,
    0x0, 0x0, 0x3e, 0xff, 0x50, 0x0, 0x8, 0xff,
    0xd1, 0x0, 0x1, 0xef, 0xf8, 0x0, 0x0, 0x0,
    0xcf, 0xfc, 0x0, 0xa, 0xff, 0xf0, 0x0, 0x0,
    0x0, 0x4f, 0xff, 0x60, 0x2f, 0xff, 0x90, 0x0,
    0x0, 0x0, 0xe, 0xff, 0xe0, 0x6f, 0xff, 0x60,
    0x0, 0x0, 0x0, 0xa, 0xff, 0xf2, 0xaf, 0xff,
    0x30, 0x0, 0x0, 0x0, 0x7, 0xff, 0xf6, 0xcf,
    0xff, 0x10, 0x0, 0x0, 0x0, 0x6, 0xff, 0xf8,
    0xdf, 0xff, 0x10, 0x0, 0x0, 0x0, 0x6, 0xff,
    0xf9, 0xcf, 0xff, 0x10, 0x0, 0x0, 0x0, 0x6,
    0xff, 0xf8, 0xbf, 0xff, 0x30, 0x0, 0x0, 0x0,
    0x7, 0xff, 0xf6, 0x7f, 0xff, 0x60, 0x0, 0x0,
    0x0, 0xa, 0xff, 0xf2, 0x2f, 0xff, 0x90, 0x0,
    0x0, 0x0, 0xe, 0xff, 0xd0, 0xb, 0xff, 0xf0,
    0x0, 0x0, 0x0, 0x4f, 0xff, 0x50, 0x2, 0xff,
    0xf8, 0x0, 0x0, 0x0, 0xcf, 0xfb, 0x0, 0x0,
    0x4f, 0xff, 0x50, 0x0, 0x8, 0xff, 0xd1, 0x0,
    0x0, 0x3, 0xdf, 0xfc, 0x99, 0xdf, 0xf9, 0x0,
    0x0, 0x0, 0x0, 0x5, 0xad, 0xff, 0xd8, 0x20,
    0x0, 0x0,

    /* U+00D3 "Ó" */
    0x0, 0x0, 0x0, 0x0, 0x0, 0x27, 0x10, 0x0,
    0x0, 0x0, 0x0, 0x0, 0x0, 0x3, 0xff, 0xa0,
    0x0, 0x0, 0x0, 0x0, 0x0, 0x0, 0x2e, 0xff,
    0x90, 0x0, 0x0, 0x0, 0x0, 0x0, 0x1, 0xdf,
    0xfa, 0x0, 0x0, 0x0, 0x0, 0x0, 0x0, 0xc,
    0xfd, 0x40, 0x0, 0x0, 0x0, 0x0, 0x0, 0x0,
    0x1d, 0x60, 0x0, 0x0, 0x0, 0x0, 0x0, 0x0,
    0x0, 0x0, 0x0, 0x0, 0x0, 0x0, 0x0, 0x0,
    0x0, 0x4, 0xad, 0xff, 0xd8, 0x20, 0x0, 0x0,
    0x0, 0x2, 0xcf, 0xfc, 0x99, 0xdf, 0xfa, 0x0,
    0x0, 0x0, 0x3e, 0xff, 0x50, 0x0, 0x8, 0xff,
    0xd1, 0x0, 0x1, 0xef, 0xf8, 0x0, 0x0, 0x0,
    0xcf, 0xfc, 0x0, 0xa, 0xff, 0xf0, 0x0, 0x0,
    0x0, 0x4f, 0xff, 0x60, 0x2f, 0xff, 0x90, 0x0,
    0x0, 0x0, 0xe, 0xff, 0xe0, 0x6f, 0xff, 0x60,
    0x0, 0x0, 0x0, 0xa, 0xff, 0xf2, 0xaf, 0xff,
    0x30, 0x0, 0x0, 0x0, 0x7, 0xff, 0xf6, 0xcf,
    0xff, 0x10, 0x0, 0x0, 0x0, 0x6, 0xff, 0xf8,
    0xdf, 0xff, 0x10, 0x0, 0x0, 0x0, 0x6, 0xff,
    0xf9, 0xcf, 0xff, 0x10, 0x0, 0x0, 0x0, 0x6,
    0xff, 0xf8, 0xbf, 0xff, 0x30, 0x0, 0x0, 0x0,
    0x7, 0xff, 0xf6, 0x7f, 0xff, 0x60, 0x0, 0x0,
    0x0, 0xa, 0xff, 0xf2, 0x2f, 0xff, 0x90, 0x0,
    0x0, 0x0, 0xe, 0xff, 0xd0, 0xb, 0xff, 0xf0,
    0x0, 0x0, 0x0, 0x4f, 0xff, 0x50, 0x2, 0xff,
    0xf8, 0x0, 0x0, 0x0, 0xcf, 0xfb, 0x0, 0x0,
    0x4f, 0xff, 0x50, 0x0, 0x8, 0xff, 0xd1, 0x0,
    0x0, 0x3, 0xdf, 0xfc, 0x99, 0xdf, 0xf9, 0x0,
    0x0, 0x0, 0x0, 0x5, 0xad, 0xff, 0xd8, 0x20,
    0x0, 0x0,

    /* U+00D4 "Ô" */
    0x0, 0x0, 0x0, 0x4, 0xfe, 0x20, 0x0, 0x0,
    0x0, 0x0, 0x0, 0x0, 0x3f, 0xff, 0xd1, 0x0,
    0x0, 0x0, 0x0, 0x0, 0x2, 0xef, 0xef, 0xfc,
    0x0, 0x0, 0x0, 0x0, 0x0, 0x1e, 0xf9, 0x2,
    0xcf, 0xb0, 0x0, 0x0, 0x0, 0x0, 0x8d, 0x40,
    0x0, 0x6, 0xf4, 0x0, 0x0, 0x0, 0x0, 0x0,
    0x0, 0x0, 0x0, 0x10, 0x0, 0x0, 0x0, 0x0,
    0x4, 0xad, 0xff, 0xd8, 0x20, 0x0, 0x0, 0x0,
    0x2, 0xcf, 0xfc, 0x99, 0xdf, 0xfa, 0x0, 0x0,
    0x0, 0x3e, 0xff, 0x50, 0x0, 0x8, 0xff, 0xd1,
    0x0, 0x1, 0xef, 0xf8, 0x0, 0x0, 0x0, 0xcf,
    0xfc, 0x0, 0xa, 0xff, 0xf0, 0x0, 0x0, 0x0,
    0x4f, 0xff, 0x60, 0x2f, 0xff, 0x90, 0x0, 0x0,
    0x0, 0xe, 0xff, 0xe0, 0x6f, 0xff, 0x60, 0x0,
    0x0, 0x0, 0xa, 0xff, 0xf2, 0xaf, 0xff, 0x30,
    0x0, 0x0, 0x0, 0x7, 0xff, 0xf6, 0xcf, 0xff,
    0x10, 0x0, 0x0, 0x0, 0x6, 0xff, 0xf8, 0xdf,
    0xff, 0x10, 0x0, 0x0, 0x0, 0x6, 0xff, 0xf9,
    0xcf, 0xff, 0x10, 0x0, 0x0, 0x0, 0x6, 0xff,
    0xf8, 0xbf, 0xff, 0x30, 0x0, 0x0, 0x0, 0x7,
    0xff, 0xf6, 0x7f, 0xff, 0x60, 0x0, 0x0, 0x0,
    0xa, 0xff, 0xf2, 0x2f, 0xff, 0x90, 0x0, 0x0,
    0x0, 0xe, 0xff, 0xd0, 0xb, 0xff, 0xf0, 0x0,
    0x0, 0x0, 0x4f, 0xff, 0x50, 0x2, 0xff, 0xf8,
    0x0, 0x0, 0x0, 0xcf, 0xfb, 0x0, 0x0, 0x4f,
    0xff, 0x50, 0x0, 0x8, 0xff, 0xd1, 0x0, 0x0,
    0x3, 0xdf, 0xfc, 0x99, 0xdf, 0xf9, 0x0, 0x0,
    0x0, 0x0, 0x5, 0xad, 0xff, 0xd8, 0x20, 0x0,
    0x0,

    /* U+00D5 "Õ" */
    0x0, 0x0, 0x8, 0xfe, 0x70, 0x0, 0x4b, 0x0,
    0x0, 0x0, 0x0, 0x6f, 0xff, 0xfc, 0x21, 0xda,
    0x0, 0x0, 0x0, 0x0, 0xdc, 0x37, 0xff, 0xff,
    0xf4, 0x0, 0x0, 0x0, 0x1, 0xf2, 0x0, 0x3c,
    0xff, 0x80, 0x0, 0x0, 0x0, 0x0, 0x0, 0x0,
    0x0, 0x21, 0x0, 0x0, 0x0, 0x0, 0x0, 0x0,
    0x0, 0x0, 0x0, 0x0, 0x0, 0x0, 0x0, 0x0,
    0x4, 0xad, 0xff, 0xd8, 0x20, 0x0, 0x0, 0x0,
    0x2, 0xcf, 0xfc, 0x99, 0xdf, 0xfa, 0x0, 0x0,
    0x0, 0x3e, 0xff, 0x50, 0x0, 0x8, 0xff, 0xd1,
    0x0, 0x1, 0xef, 0xf8, 0x0, 0x0, 0x0, 0xcf,
    0xfc, 0x0, 0xa, 0xff, 0xf0, 0x0, 0x0, 0x0,
    0x4f, 0xff, 0x60, 0x2f, 0xff, 0x90, 0x0, 0x0,
    0x0, 0xe, 0xff, 0xe0, 0x6f, 0xff, 0x60, 0x0,
    0x0, 0x0, 0xa, 0xff, 0xf2, 0xaf, 0xff, 0x30,
    0x0, 0x0, 0x0, 0x7, 0xff, 0xf6, 0xcf, 0xff,
    0x10, 0x0, 0x0, 0x0, 0x6, 0xff, 0xf8, 0xdf,
    0xff, 0x10, 0x0, 0x0, 0x0, 0x6, 0xff, 0xf9,
    0xcf, 0xff, 0x10, 0x0, 0x0, 0x0, 0x6, 0xff,
    0xf8, 0xbf, 0xff, 0x30, 0x0, 0x0, 0x0, 0x7,
    0xff, 0xf6, 0x7f, 0xff, 0x60, 0x0, 0x0, 0x0,
    0xa, 0xff, 0xf2, 0x2f, 0xff, 0x90, 0x0, 0x0,
    0x0, 0xe, 0xff, 0xd0, 0xb, 0xff, 0xf0, 0x0,
    0x0, 0x0, 0x4f, 0xff, 0x50, 0x2, 0xff, 0xf8,
    0x0, 0x0, 0x0, 0xcf, 0xfb, 0x0, 0x0, 0x4f,
    0xff, 0x50, 0x0, 0x8, 0xff, 0xd1, 0x0, 0x0,
    0x3, 0xdf, 0xfc, 0x99, 0xdf, 0xf9, 0x0, 0x0,
    0x0, 0x0, 0x5, 0xad, 0xff, 0xd8, 0x20, 0x0,
    0x0,

    /* U+00D6 "Ö" */
    0x0, 0x0, 0x27, 0x30, 0x0, 0x5, 0x61, 0x0,
    0x0, 0x0, 0x1, 0xff, 0xf3, 0x0, 0x6f, 0xfc,
    0x0, 0x0, 0x0, 0x2, 0xff, 0xf5, 0x0, 0x9f,
    0xff, 0x0, 0x0, 0x0, 0x0, 0x9f, 0xb0, 0x0,
    0x2d, 0xe6, 0x0, 0x0, 0x0, 0x0, 0x0, 0x0,
    0x0, 0x0, 0x0, 0x0, 0x0, 0x0, 0x0, 0x0,
    0x0, 0x0, 0x0, 0x0, 0x0, 0x0, 0x0, 0x0,
    0x4, 0xad, 0xff, 0xd8, 0x20, 0x0, 0x0, 0x0,
    0x2, 0xcf, 0xfc, 0x99, 0xdf, 0xfa, 0x0, 0x0,
    0x0, 0x3e, 0xff, 0x50, 0x0, 0x8, 0xff, 0xd1,
    0x0, 0x1, 0xef, 0xf8, 0x0, 0x0, 0x0, 0xcf,
    0xfc, 0x0, 0xa, 0xff, 0xf0, 0x0, 0x0, 0x0,
    0x4f, 0xff, 0x60, 0x2f, 0xff, 0x90, 0x0, 0x0,
    0x0, 0xe, 0xff, 0xe0, 0x6f, 0xff, 0x60, 0x0,
    0x0, 0x0, 0xa, 0xff, 0xf2, 0xaf, 0xff, 0x30,
    0x0, 0x0, 0x0, 0x7, 0xff, 0xf6, 0xcf, 0xff,
    0x10, 0x0, 0x0, 0x0, 0x6, 0xff, 0xf8, 0xdf,
    0xff, 0x10, 0x0, 0x0, 0x0, 0x6, 0xff, 0xf9,
    0xcf, 0xff, 0x10, 0x0, 0x0, 0x0, 0x6, 0xff,
    0xf8, 0xbf, 0xff, 0x30, 0x0, 0x0, 0x0, 0x7,
    0xff, 0xf6, 0x7f, 0xff, 0x60, 0x0, 0x0, 0x0,
    0xa, 0xff, 0xf2, 0x2f, 0xff, 0x90, 0x0, 0x0,
    0x0, 0xe, 0xff, 0xd0, 0xb, 0xff, 0xf0, 0x0,
    0x0, 0x0, 0x4f, 0xff, 0x50, 0x2, 0xff, 0xf8,
    0x0, 0x0, 0x0, 0xcf, 0xfb, 0x0, 0x0, 0x4f,
    0xff, 0x50, 0x0, 0x8, 0xff, 0xd1, 0x0, 0x0,
    0x3, 0xdf, 0xfc, 0x99, 0xdf, 0xf9, 0x0, 0x0,
    0x0, 0x0, 0x5, 0xad, 0xff, 0xd8, 0x20, 0x0,
    0x0,

    /* U+00D7 "×" */
    0x7, 0x0, 0x0, 0x0, 0x0, 0x7, 0x8, 0xfc,
    0x0, 0x0, 0x0, 0xb, 0xf9, 0x2e, 0xfc, 0x0,
    0x0, 0xb, 0xfe, 0x30, 0x3e, 0xfc, 0x0, 0xb,
    0xff, 0x30, 0x0, 0x3e, 0xfb, 0xb, 0xff, 0x30,
    0x0, 0x0, 0x3f, 0xfe, 0xff, 0x30, 0x0, 0x0,
    0x0, 0x3f, 0xff, 0x40, 0x0, 0x0, 0x0, 0xa,
    0xff, 0xfa, 0x0, 0x0, 0x0, 0xa, 0xff, 0x7f,
    0xfa, 0x0, 0x0, 0xa, 0xff, 0x40, 0x3f, 0xfa,
    0x0, 0xa, 0xff, 0x40, 0x0, 0x3f, 0xfa, 0x8,
    0xff, 0x40, 0x0, 0x0, 0x4f, 0xf9, 0x2e, 0x40,
    0x0, 0x0, 0x0, 0x4e, 0x30, 0x0, 0x0, 0x0,
    0x0, 0x0, 0x0,

    /* U+00D8 "Ø" */
    0x0, 0x0, 0x0, 0x0, 0x0, 0x0, 0x0, 0x1,
    0x0, 0x0, 0x0, 0x4, 0xad, 0xff, 0xd9, 0x20,
    0xc, 0xb0, 0x0, 0x2, 0xcf, 0xfc, 0x99, 0xdf,
    0xf9, 0xaf, 0x90, 0x0, 0x3f, 0xfe, 0x30, 0x0,
    0x7, 0xff, 0xfc, 0x0, 0x1, 0xef, 0xf4, 0x0,
    0x0, 0x0, 0xaf, 0xfc, 0x0, 0xa, 0xff, 0xb0,
    0x0, 0x0, 0x3, 0xff, 0xff, 0x60, 0x2f, 0xff,
    0x50, 0x0, 0x0, 0x1e, 0xfd, 0xff, 0xd0, 0x7f,
    0xff, 0x10, 0x0, 0x0, 0xcf, 0x66, 0xff, 0xf2,
    0xaf, 0xfe, 0x0, 0x0, 0xa, 0xf9, 0x3, 0xff,
    0xf6, 0xcf, 0xfd, 0x0, 0x0, 0x8f, 0xb0, 0x2,
    0xff, 0xf8, 0xdf, 0xfc, 0x0, 0x5, 0xfd, 0x10,
    0x1, 0xff, 0xf9, 0xcf, 0xfd, 0x0, 0x3f, 0xe2,
    0x0, 0x2, 0xff, 0xf8, 0xaf, 0xfe, 0x1, 0xef,
    0x30, 0x0, 0x3, 0xff, 0xf6, 0x7f, 0xff, 0x2d,
    0xf6, 0x0, 0x0, 0x6, 0xff, 0xf2, 0x2f, 0xff,
    0xef, 0x80, 0x0, 0x0, 0xa, 0xff, 0xd0, 0xa,
    0xff, 0xfb, 0x0, 0x0, 0x0, 0x1f, 0xff, 0x60,
    0x1, 0xef, 0xf5, 0x0, 0x0, 0x0, 0x9f, 0xfb,
    0x0, 0x3, 0xff, 0xff, 0x40, 0x0, 0x6, 0xff,
    0xd1, 0x0, 0x2e, 0xf6, 0xcf, 0xfc, 0x99, 0xdf,
    0xfa, 0x0, 0x0, 0x3e, 0x60, 0x4, 0xad, 0xff,
    0xd8, 0x20, 0x0, 0x0, 0x1, 0x0, 0x0, 0x0,
    0x0, 0x0, 0x0, 0x0, 0x0,

    /* U+00D9 "Ù" */
    0x0, 0x0, 0x0, 0x1, 0x72, 0x0, 0x0, 0x0,
    0x0, 0x0, 0x0, 0x0, 0x0, 0xa, 0xff, 0x40,
    0x0, 0x0, 0x0, 0x0, 0x0, 0x0, 0x0, 0x7,
    0xff, 0xf4, 0x0, 0x0, 0x0, 0x0, 0x0, 0x0,
    0x0, 0x0, 0x6e, 0xff, 0x30, 0x0, 0x0, 0x0,
    0x0, 0x0, 0x0, 0x0, 0x0, 0x8f, 0xe1, 0x0,
    0x0, 0x0, 0x0, 0x0, 0x0, 0x0, 0x0, 0x1,
    0x70, 0x0, 0x0, 0x0, 0x0, 0x0, 0x0, 0x0,
    0x0, 0x0, 0x0, 0x0, 0x0, 0x0, 0xf, 0xff,
    0xff, 0xff, 0xf7, 0x0, 0x2f, 0xff, 0xff, 0xf9,
    0x5, 0x7e, 0xff, 0xf8, 0x62, 0x0, 0x6, 0x7c,
    0xfa, 0x73, 0x0, 0xd, 0xff, 0xd0, 0x0, 0x0,
    0x0, 0x7, 0xf3, 0x0, 0x0, 0xd, 0xff, 0xd0,
    0x0, 0x0, 0x0, 0x7, 0xf3, 0x0, 0x0, 0xd,
    0xff, 0xd0, 0x0, 0x0, 0x0, 0x7, 0xf3, 0x0,
    0x0, 0xd, 0xff, 0xc0, 0x0, 0x0, 0x0, 0x7,
    0xf3, 0x0, 0x0, 0xd, 0xff, 0xc0, 0x0, 0x0,
    0x0, 0x7, 0xf3, 0x0, 0x0, 0xd, 0xff, 0xc0,
    0x0, 0x0, 0x0, 0x7, 0xf3, 0x0, 0x0, 0xd,
    0xff, 0xc0, 0x0, 0x0, 0x0, 0x7, 0xf3, 0x0,
    0x0, 0xd, 0xff, 0xc0, 0x0, 0x0, 0x0, 0x7,
    0xf3, 0x0, 0x0, 0xd, 0xff, 0xc0, 0x0, 0x0,
    0x0, 0x7, 0xf2, 0x0, 0x0, 0xc, 0xff, 0xd0,
    0x0, 0x0, 0x0, 0x7, 0xf2, 0x0, 0x0, 0xb,
    0xff, 0xe0, 0x0, 0x0, 0x0, 0x9, 0xf1, 0x0,
    0x0, 0xa, 0xff, 0xf1, 0x0, 0x0, 0x0, 0xc,
    0xe0, 0x0, 0x0, 0x6, 0xff, 0xf7, 0x0, 0x0,
    0x0, 0x2f, 0xa0, 0x0, 0x0, 0x1, 0xff, 0xfe,
    0x20, 0x0, 0x0, 0xcf, 0x40, 0x0, 0x0, 0x0,
    0x7f, 0xff, 0xf9, 0x55, 0x7e, 0xfa, 0x0, 0x0,
    0x0, 0x0, 0x8, 0xff, 0xff, 0xff, 0xff, 0xa0,
    0x0, 0x0, 0x0, 0x0, 0x0, 0x39, 0xdf, 0xfd,
    0xa4, 0x0, 0x0, 0x0,

    /* U+00DA "Ú" */
    0x0, 0x0, 0x0, 0x0, 0x0, 0x0, 0x17, 0x30,
    0x0, 0x0, 0x0, 0x0, 0x0, 0x0, 0x0, 0x2,
    0xef, 0xe0, 0x0, 0x0, 0x0, 0x0, 0x0, 0x0,
    0x0, 0x1e, 0xff, 0xb0, 0x0, 0x0, 0x0, 0x0,
    0x0, 0x0, 0x1, 0xdf, 0xf9, 0x0, 0x0, 0x0,
    0x0, 0x0, 0x0, 0x0, 0xc, 0xfa, 0x20, 0x0,
    0x0, 0x0, 0x0, 0x0, 0x0, 0x0, 0x5, 0x20,
    0x0, 0x0, 0x0, 0x0, 0x0, 0x0, 0x0, 0x0,
    0x0, 0x0, 0x0, 0x0, 0x0, 0x0, 0xf, 0xff,
    0xff, 0xff, 0xf7, 0x0, 0x2f, 0xff, 0xff, 0xf9,
    0x5, 0x7e, 0xff, 0xf8, 0x62, 0x0, 0x6, 0x7c,
    0xfa, 0x73, 0x0, 0xd, 0xff, 0xd0, 0x0, 0x0,
    0x0, 0x7, 0xf3, 0x0, 0x0, 0xd, 0xff, 0xd0,
    0x0, 0x0, 0x0, 0x7, 0xf3, 0x0, 0x0, 0xd,
    0xff, 0xd0, 0x0, 0x0, 0x0, 0x7, 0xf3, 0x0,
    0x0, 0xd, 0xff, 0xc0, 0x0, 0x0, 0x0, 0x7,
    0xf3, 0x0, 0x0, 0xd, 0xff, 0xc0, 0x0, 0x0,
    0x0, 0x7, 0xf3, 0x0, 0x0, 0xd, 0xff, 0xc0,
    0x0, 0x0, 0x0, 0x7, 0xf3, 0x0, 0x0, 0xd,
    0xff, 0xc0, 0x0, 0x0, 0x0, 0x7, 0xf3, 0x0,
    0x0, 0xd, 0xff, 0xc0, 0x0, 0x0, 0x0, 0x7,
    0xf3, 0x0, 0x0, 0xd, 0xff, 0xc0, 0x0, 0x0,
    0x0, 0x7, 0xf2, 0x0, 0x0, 0xc, 0xff, 0xd0,
    0x0, 0x0, 0x0, 0x7, 0xf2, 0x0, 0x0, 0xb,
    0xff, 0xe0, 0x0, 0x0, 0x0, 0x9, 0xf1, 0x0,
    0x0, 0xa, 0xff, 0xf1, 0x0, 0x0, 0x0, 0xc,
    0xe0, 0x0, 0x0, 0x6, 0xff, 0xf7, 0x0, 0x0,
    0x0, 0x2f, 0xa0, 0x0, 0x0, 0x1, 0xff, 0xfe,
    0x20, 0x0, 0x0, 0xcf, 0x40, 0x0, 0x0, 0x0,
    0x7f, 0xff, 0xf9, 0x55, 0x7e, 0xfa, 0x0, 0x0,
    0x0, 0x0, 0x8, 0xff, 0xff, 0xff, 0xff, 0xa0,
    0x0, 0x0, 0x0, 0x0, 0x0, 0x39, 0xdf, 0xfd,
    0xa4, 0x0, 0x0, 0x0,

    /* U+00DB "Û" */
    0x0, 0x0, 0x0, 0x0, 0x2, 0xef, 0x50, 0x0,
    0x0, 0x0, 0x0, 0x0, 0x0, 0x0, 0x2e, 0xff,
    0xf5, 0x0, 0x0, 0x0, 0x0, 0x0, 0x0, 0x2,
    0xef, 0xdb, 0xff, 0x50, 0x0, 0x0, 0x0, 0x0,
    0x0, 0x2e, 0xf7, 0x0, 0x4d, 0xf5, 0x0, 0x0,
    0x0, 0x0, 0x0, 0x29, 0x10, 0x0, 0x0, 0x74,
    0x0, 0x0, 0x0, 0x0, 0x0, 0x0, 0x0, 0x0,
    0x0, 0x0, 0x0, 0x0, 0xf, 0xff, 0xff, 0xff,
    0xf7, 0x0, 0x2f, 0xff, 0xff, 0xf9, 0x5, 0x7e,
    0xff, 0xf8, 0x62, 0x0, 0x6, 0x7c, 0xfa, 0x73,
    0x0, 0xd, 0xff, 0xd0, 0x0, 0x0, 0x0, 0x7,
    0xf3, 0x0, 0x0, 0xd, 0xff, 0xd0, 0x0, 0x0,
    0x0, 0x7, 0xf3, 0x0, 0x0, 0xd, 0xff, 0xd0,
    0x0, 0x0, 0x0, 0x7, 0xf3, 0x0, 0x0, 0xd,
    0xff, 0xc0, 0x0, 0x0, 0x0, 0x7, 0xf3, 0x0,
    0x0, 0xd, 0xff, 0xc0, 0x0, 0x0, 0x0, 0x7,
    0xf3, 0x0, 0x0, 0xd, 0xff, 0xc0, 0x0, 0x0,
    0x0, 0x7, 0xf3, 0x0, 0x0, 0xd, 0xff, 0xc0,
    0x0, 0x0, 0x0, 0x7, 0xf3, 0x0, 0x0, 0xd,
    0xff, 0xc0, 0x0, 0x0, 0x0, 0x7, 0xf3, 0x0,
    0x0, 0xd, 0xff, 0xc0, 0x0, 0x0, 0x0, 0x7,
    0xf2, 0x0, 0x0, 0xc, 0xff, 0xd0, 0x0, 0x0,
    0x0, 0x7, 0xf2, 0x0, 0x0, 0xb, 0xff, 0xe0,
    0x0, 0x0, 0x0, 0x9, 0xf1, 0x0, 0x0, 0xa,
    0xff, 0xf1, 0x0, 0x0, 0x0, 0xc, 0xe0, 0x0,
    0x0, 0x6, 0xff, 0xf7, 0x0, 0x0, 0x0, 0x2f,
    0xa0, 0x0, 0x0, 0x1, 0xff, 0xfe, 0x20, 0x0,
    0x0, 0xcf, 0x40, 0x0, 0x0, 0x0, 0x7f, 0xff,
    0xf9, 0x55, 0x7e, 0xfa, 0x0, 0x0, 0x0, 0x0,
    0x8, 0xff, 0xff, 0xff, 0xff, 0xa0, 0x0, 0x0,
    0x0, 0x0, 0x0, 0x39, 0xdf, 0xfd, 0xa4, 0x0,
    0x0, 0x0,

    /* U+00DC "Ü" */
    0x0, 0x0, 0x0, 0x16, 0x50, 0x0, 0x3, 0x72,
    0x0, 0x0, 0x0, 0x0, 0x0, 0xcf, 0xf6, 0x0,
    0x3f, 0xff, 0x10, 0x0, 0x0, 0x0, 0x0, 0xff,
    0xf9, 0x0, 0x5f, 0xff, 0x20, 0x0, 0x0, 0x0,
    0x0, 0x6e, 0xd2, 0x0, 0xb, 0xf9, 0x0, 0x0,
    0x0, 0x0, 0x0, 0x0, 0x0, 0x0, 0x0, 0x0,
    0x0, 0x0, 0x0, 0x0, 0x0, 0x0, 0x0, 0x0,
    0x0, 0x0, 0x0, 0x0, 0xf, 0xff, 0xff, 0xff,
    0xf7, 0x0, 0x2f, 0xff, 0xff, 0xf9, 0x5, 0x7e,
    0xff, 0xf8, 0x62, 0x0, 0x6, 0x7c, 0xfa, 0x73,
    0x0, 0xd, 0xff, 0xd0, 0x0, 0x0, 0x0, 0x7,
    0xf3, 0x0, 0x0, 0xd, 0xff, 0xd0, 0x0, 0x0,
    0x0, 0x7, 0xf3, 0x0, 0x0, 0xd, 0xff, 0xd0,
    0x0, 0x0, 0x0, 0x7, 0xf3, 0x0, 0x0, 0xd,
    0xff, 0xc0, 0x0, 0x0, 0x0, 0x7, 0xf3, 0x0,
    0x0, 0xd, 0xff, 0xc0, 0x0, 0x0, 0x0, 0x7,
    0xf3, 0x0, 0x0, 0xd, 0xff, 0xc0, 0x0, 0x0,
    0x0, 0x7, 0xf3, 0x0, 0x0, 0xd, 0xff, 0xc0,
    0x0, 0x0, 0x0, 0x7, 0xf3, 0x0, 0x0, 0xd,
    0xff, 0xc0, 0x0, 0x0, 0x0, 0x7, 0xf3, 0x0,
    0x0, 0xd, 0xff, 0xc0, 0x0, 0x0, 0x0, 0x7,
    0xf2, 0x0, 0x0, 0xc, 0xff, 0xd0, 0x0, 0x0,
    0x0, 0x7, 0xf2, 0x0, 0x0, 0xb, 0xff, 0xe0,
    0x0, 0x0, 0x0, 0x9, 0xf1, 0x0, 0x0, 0xa,
    0xff, 0xf1, 0x0, 0x0, 0x0, 0xc, 0xe0, 0x0,
    0x0, 0x6, 0xff, 0xf7, 0x0, 0x0, 0x0, 0x2f,
    0xa0, 0x0, 0x0, 0x1, 0xff, 0xfe, 0x20, 0x0,
    0x0, 0xcf, 0x40, 0x0, 0x0, 0x0, 0x7f, 0xff,
    0xf9, 0x55, 0x7e, 0xfa, 0x0, 0x0, 0x0, 0x0,
    0x8, 0xff, 0xff, 0xff, 0xff, 0xa0, 0x0, 0x0,
    0x0, 0x0, 0x0, 0x39, 0xdf, 0xfd, 0xa4, 0x0,
    0x0, 0x0,

    /* U+00DD "Ý" */
    0x0, 0x0, 0x0, 0x0, 0x0, 0x8, 0xe8, 0x0,
    0x0, 0x0, 0x0, 0x0, 0x0, 0x0, 0xbf, 0xfc,
    0x0, 0x0, 0x0, 0x0, 0x0, 0x0, 0xb, 0xff,
    0xc2, 0x0, 0x0, 0x0, 0x0, 0x0, 0x0, 0xbf,
    0xc4, 0x0, 0x0, 0x0, 0x0, 0x0, 0x0, 0x0,
    0x84, 0x0, 0x0, 0x0, 0x0, 0x0, 0x0, 0x0,
    0x0, 0x0, 0x0, 0x0, 0x0, 0x0, 0x8f, 0xff,
    0xff, 0xff, 0xc0, 0xb, 0xff, 0xff, 0xf6, 0x37,
    0xdf, 0xff, 0xc7, 0x40, 0x4, 0x8d, 0xfb, 0x82,
    0x0, 0x5f, 0xff, 0xb0, 0x0, 0x0, 0xd, 0xc0,
    0x0, 0x0, 0xd, 0xff, 0xf2, 0x0, 0x0, 0x4f,
    0x50, 0x0, 0x0, 0x5, 0xff, 0xf9, 0x0, 0x0,
    0xbd, 0x0, 0x0, 0x0, 0x0, 0xdf, 0xff, 0x10,
    0x3, 0xf5, 0x0, 0x0, 0x0, 0x0, 0x6f, 0xff,
    0x80, 0xa, 0xd0, 0x0, 0x0, 0x0, 0x0, 0xe,
    0xff, 0xe0, 0x1f, 0x60, 0x0, 0x0, 0x0, 0x0,
    0x6, 0xff, 0xf6, 0x8e, 0x0, 0x0, 0x0, 0x0,
    0x0, 0x0, 0xef, 0xfd, 0xf7, 0x0, 0x0, 0x0,
    0x0, 0x0, 0x0, 0x7f, 0xff, 0xe0, 0x0, 0x0,
    0x0, 0x0, 0x0, 0x0, 0xf, 0xff, 0xa0, 0x0,
    0x0, 0x0, 0x0, 0x0, 0x0, 0xf, 0xff, 0xa0,
    0x0, 0x0, 0x0, 0x0, 0x0, 0x0, 0xf, 0xff,
    0xa0, 0x0, 0x0, 0x0, 0x0, 0x0, 0x0, 0xf,
    0xff, 0xa0, 0x0, 0x0, 0x0, 0x0, 0x0, 0x0,
    0xf, 0xff, 0xa0, 0x0, 0x0, 0x0, 0x0, 0x0,
    0x0, 0xf, 0xff, 0xb0, 0x0, 0x0, 0x0, 0x0,
    0x0, 0x37, 0x9f, 0xff, 0xe8, 0x62, 0x0, 0x0,
    0x0, 0x0, 0xaf, 0xff, 0xff, 0xff, 0xf5, 0x0,
    0x0,

    /* U+00DE "Þ" */
    0xef, 0xff, 0xff, 0xff, 0xa0, 0x0, 0x0, 0x0,
    0x69, 0xdf, 0xff, 0xb8, 0x40, 0x0, 0x0, 0x0,
    0x0, 0x8f, 0xff, 0x10, 0x0, 0x0, 0x0, 0x0,
    0x0, 0x8f, 0xff, 0x32, 0x10, 0x0, 0x0, 0x0,
    0x0, 0x8f, 0xff, 0xff, 0xff, 0xeb, 0x60, 0x0,
    0x0, 0x8f, 0xff, 0x55, 0x69, 0xef, 0xfd, 0x10,
    0x0, 0x8f, 0xff, 0x10, 0x0, 0x1d, 0xff, 0xc0,
    0x0, 0x8f, 0xff, 0x10, 0x0, 0x3, 0xff, 0xf5,
    0x0, 0x8f, 0xff, 0x10, 0x0, 0x0, 0xff, 0xf9,
    0x0, 0x8f, 0xff, 0x10, 0x0, 0x0, 0xef, 0xfa,
    0x0, 0x8f, 0xff, 0x10, 0x0, 0x0, 0xff, 0xf8,
    0x0, 0x8f, 0xff, 0x10, 0x0, 0x6, 0xff, 0xf3,
    0x0, 0x8f, 0xff, 0x10, 0x0, 0x4f, 0xff, 0xa0,
    0x0, 0x8f, 0xff, 0x88, 0x9c, 0xff, 0xf9, 0x0,
    0x0, 0x8f, 0xff, 0xff, 0xfe, 0xb8, 0x20, 0x0,
    0x0, 0x8f, 0xff, 0x10, 0x0, 0x0, 0x0, 0x0,
    0x0, 0x8f, 0xff, 0x10, 0x0, 0x0, 0x0, 0x0,
    0x46, 0xcf, 0xff, 0x86, 0x30, 0x0, 0x0, 0x0,
    0xef, 0xff, 0xff, 0xff, 0xa0, 0x0, 0x0, 0x0,

    /* U+00DF "ß" */
    0x0, 0x0, 0x0, 0x4a, 0xdf, 0xfd, 0x92, 0x0,
    0x0, 0x0, 0x0, 0xaf, 0xe8, 0x69, 0xff, 0xf4,
    0x0, 0x0, 0x0, 0xaf, 0xe1, 0x0, 0x3, 0xff,
    0xf1, 0x0, 0x0, 0x6f, 0xf8, 0x0, 0x0, 0xc,
    0xff, 0x50, 0x0, 0xd, 0xff, 0x40, 0x0, 0x0,
    0xbf, 0xf4, 0x0, 0x1, 0xff, 0xf1, 0x0, 0x0,
    0xd, 0xfe, 0x0, 0x0, 0x3f, 0xff, 0x0, 0x0,
    0x6, 0xff, 0x40, 0x0, 0x4, 0xff, 0xf0, 0x0,
    0x7, 0xfd, 0x30, 0x0, 0x0, 0x4f, 0xff, 0x0,
    0x7, 0xfc, 0x0, 0x0, 0x0, 0x5, 0xff, 0xf0,
    0x2, 0xff, 0x30, 0x0, 0x0, 0x0, 0x5f, 0xff,
    0x0, 0x7f, 0xf5, 0x0, 0x0, 0x0, 0x5, 0xff,
    0xf0, 0x7, 0xff, 0xf6, 0x0, 0x0, 0x0, 0x5f,
    0xff, 0x0, 0x3f, 0xff, 0xfc, 0x30, 0x0, 0x5,
    0xff, 0xf0, 0x0, 0x7f, 0xff, 0xff, 0x60, 0x0,
    0x5f, 0xff, 0x0, 0x0, 0x3c, 0xff, 0xff, 0x50,
    0x5, 0xff, 0xf0, 0x0, 0x0, 0x6, 0xff, 0xfc,
    0x0, 0x5f, 0xff, 0x0, 0x31, 0x0, 0x5, 0xff,
    0xf0, 0x5, 0xff, 0xf0, 0x4f, 0xa0, 0x0, 0xf,
    0xfe, 0x0, 0x5f, 0xff, 0x14, 0xfd, 0x0, 0x4,
    0xff, 0x92, 0xbe, 0xff, 0xf1, 0x4f, 0xf8, 0x68,
    0xef, 0xd1, 0x4f, 0xff, 0xff, 0x11, 0x9c, 0xef,
    0xfc, 0x70, 0x0,

    /* U+00E0 "à" */
    0x0, 0x5f, 0xa0, 0x0, 0x0, 0x0, 0x0, 0x0,
    0x9f, 0xf7, 0x0, 0x0, 0x0, 0x0, 0x0, 0x3f,
    0xff, 0x10, 0x0, 0x0, 0x0, 0x0, 0x3, 0xef,
    0xa0, 0x0, 0x0, 0x0, 0x0, 0x0, 0x2d, 0xf4,
    0x0, 0x0, 0x0, 0x0, 0x0, 0x1, 0xc9, 0x0,
    0x0, 0x0, 0x0, 0x0, 0x0, 0x0, 0x0, 0x0,
    0x0, 0x0, 0x0, 0x0, 0x0, 0x0, 0x0, 0x0,
    0x0, 0x18, 0xce, 0xfe, 0xa3, 0x0, 0x0, 0x5,
    0xff, 0x76, 0xaf, 0xff, 0x30, 0x0, 0x2f, 0xfe,
    0x0, 0x8, 0xff, 0xa0, 0x0, 0x7f, 0xfa, 0x0,
    0x4, 0xff, 0xe0, 0x0, 0x2c, 0xc2, 0x0, 0x3,
    0xff, 0xf0, 0x0, 0x0, 0x0, 0x0, 0x28, 0xff,
    0xf0, 0x0, 0x0, 0x4, 0x9e, 0xfc, 0xff, 0xf0,
    0x0, 0x3, 0xdf, 0xd5, 0x3, 0xff, 0xf0, 0x0,
    0x4f, 0xfc, 0x0, 0x3, 0xff, 0xf0, 0x0, 0xcf,
    0xf6, 0x0, 0x3, 0xff, 0xf0, 0x0, 0xef, 0xf6,
    0x0, 0x3, 0xff, 0xf0, 0x0, 0xcf, 0xfd, 0x31,
    0x4d, 0xff, 0xf1, 0x10, 0x5f, 0xff, 0xff, 0xf4,
    0xdf, 0xfd, 0xe4, 0x4, 0xcf, 0xea, 0x20, 0x2c,
    0xfd, 0x60,

    /* U+00E1 "á" */
    0x0, 0x0, 0x0, 0x9, 0xf6, 0x0, 0x0, 0x0,
    0x0, 0x0, 0x5f, 0xfb, 0x0, 0x0, 0x0, 0x0,
    0x0, 0xef, 0xf4, 0x0, 0x0, 0x0, 0x0, 0x9,
    0xff, 0x40, 0x0, 0x0, 0x0, 0x0, 0x2f, 0xe3,
    0x0, 0x0, 0x0, 0x0, 0x0, 0x7d, 0x20, 0x0,
    0x0, 0x0, 0x0, 0x0, 0x0, 0x0, 0x0, 0x0,
    0x0, 0x0, 0x0, 0x0, 0x0, 0x0, 0x0, 0x0,
    0x0, 0x18, 0xce, 0xfe, 0xa3, 0x0, 0x0, 0x5,
    0xff, 0x76, 0xaf, 0xff, 0x30, 0x0, 0x2f, 0xfe,
    0x0, 0x8, 0xff, 0xa0, 0x0, 0x7f, 0xfa, 0x0,
    0x4, 0xff, 0xe0, 0x0, 0x2c, 0xc2, 0x0, 0x3,
    0xff, 0xf0, 0x0, 0x0, 0x0, 0x0, 0x28, 0xff,
    0xf0, 0x0, 0x0, 0x4, 0x9e, 0xfc, 0xff, 0xf0,
    0x0, 0x3, 0xdf, 0xd5, 0x3, 0xff, 0xf0, 0x0,
    0x4f, 0xfc, 0x0, 0x3, 0xff, 0xf0, 0x0, 0xcf,
    0xf6, 0x0, 0x3, 0xff, 0xf0, 0x0, 0xef, 0xf6,
    0x0, 0x3, 0xff, 0xf0, 0x0, 0xcf, 0xfd, 0x31,
    0x4d, 0xff, 0xf1, 0x10, 0x5f, 0xff, 0xff, 0xf4,
    0xdf, 0xfd, 0xe4, 0x4, 0xcf, 0xea, 0x20, 0x2c,
    0xfd, 0x60,

    /* U+00E2 "â" */
    0x0, 0x0, 0x5, 0x70, 0x0, 0x0, 0x0, 0x0,
    0x0, 0x4f, 0xf8, 0x0, 0x0, 0x0, 0x0, 0x1,
    0xef, 0xff, 0x30, 0x0, 0x0, 0x0, 0xa, 0xfc,
    0x9f, 0xe1, 0x0, 0x0, 0x0, 0x6f, 0xb0, 0x7,
    0xfa, 0x0, 0x0, 0x0, 0xfa, 0x0, 0x0, 0x5f,
    0x40, 0x0, 0x0, 0x30, 0x0, 0x0, 0x3, 0x0,
    0x0, 0x0, 0x0, 0x0, 0x0, 0x0, 0x0, 0x0,
    0x0, 0x18, 0xce, 0xfe, 0xa3, 0x0, 0x0, 0x5,
    0xff, 0x76, 0xaf, 0xff, 0x30, 0x0, 0x2f, 0xfe,
    0x0, 0x8, 0xff, 0xa0, 0x0, 0x7f, 0xfa, 0x0,
    0x4, 0xff, 0xe0, 0x0, 0x2c, 0xc2, 0x0, 0x3,
    0xff, 0xf0, 0x0, 0x0, 0x0, 0x0, 0x28, 0xff,
    0xf0, 0x0, 0x0, 0x4, 0x9e, 0xfc, 0xff, 0xf0,
    0x0, 0x3, 0xdf, 0xd5, 0x3, 0xff, 0xf0, 0x0,
    0x4f, 0xfc, 0x0, 0x3, 0xff, 0xf0, 0x0, 0xcf,
    0xf6, 0x0, 0x3, 0xff, 0xf0, 0x0, 0xef, 0xf6,
    0x0, 0x3, 0xff, 0xf0, 0x0, 0xcf, 0xfd, 0x31,
    0x4d, 0xff, 0xf1, 0x10, 0x5f, 0xff, 0xff, 0xf4,
    0xdf, 0xfd, 0xe4, 0x4, 0xcf, 0xea, 0x20, 0x2c,
    0xfd, 0x60,

    /* U+00E3 "ã" */
    0x0, 0x2c, 0xfa, 0x10, 0x5, 0x90, 0x0, 0x0,
    0xdf, 0xff, 0xe3, 0x1d, 0x80, 0x0, 0x3, 0xf7,
    0x4d, 0xff, 0xff, 0x30, 0x0, 0x6, 0xb0, 0x1,
    0xbf, 0xf8, 0x0, 0x0, 0x0, 0x0, 0x0, 0x1,
    0x10, 0x0, 0x0, 0x0, 0x0, 0x0, 0x0, 0x0,
    0x0, 0x0, 0x0, 0x0, 0x0, 0x0, 0x0, 0x0,
    0x0, 0x0, 0x18, 0xce, 0xfe, 0xa3, 0x0, 0x0,
    0x5, 0xff, 0x76, 0xaf, 0xff, 0x30, 0x0, 0x2f,
    0xfe, 0x0, 0x8, 0xff, 0xa0, 0x0, 0x7f, 0xfa,
    0x0, 0x4, 0xff, 0xe0, 0x0, 0x2c, 0xc2, 0x0,
    0x3, 0xff, 0xf0, 0x0, 0x0, 0x0, 0x0, 0x28,
    0xff, 0xf0, 0x0, 0x0, 0x4, 0x9e, 0xfc, 0xff,
    0xf0, 0x0, 0x3, 0xdf, 0xd5, 0x3, 0xff, 0xf0,
    0x0, 0x4f, 0xfc, 0x0, 0x3, 0xff, 0xf0, 0x0,
    0xcf, 0xf6, 0x0, 0x3, 0xff, 0xf0, 0x0, 0xef,
    0xf6, 0x0, 0x3, 0xff, 0xf0, 0x0, 0xcf, 0xfd,
    0x31, 0x4d, 0xff, 0xf1, 0x10, 0x5f, 0xff, 0xff,
    0xf4, 0xdf, 0xfd, 0xe4, 0x4, 0xcf, 0xea, 0x20,
    0x2c, 0xfd, 0x60,

    /* U+00E4 "ä" */
    0x3, 0xde, 0x50, 0x2, 0xde, 0x60, 0x0, 0xb,
    0xff, 0xe0, 0xa, 0xff, 0xf0, 0x0, 0x9, 0xff,
    0xc0, 0x8, 0xff, 0xe0, 0x0, 0x0, 0x89, 0x20,
    0x0, 0x79, 0x20, 0x0, 0x0, 0x0, 0x0, 0x0,
    0x0, 0x0, 0x0, 0x0, 0x0, 0x0, 0x0, 0x0,
    0x0, 0x0, 0x0, 0x0, 0x0, 0x0, 0x0, 0x0,
    0x0, 0x0, 0x18, 0xce, 0xfe, 0xa3, 0x0, 0x0,
    0x5, 0xff, 0x76, 0xaf, 0xff, 0x30, 0x0, 0x2f,
    0xfe, 0x0, 0x8, 0xff, 0xa0, 0x0, 0x7f, 0xfa,
    0x0, 0x4, 0xff, 0xe0, 0x0, 0x2c, 0xc2, 0x0,
    0x3, 0xff, 0xf0, 0x0, 0x0, 0x0, 0x0, 0x28,
    0xff, 0xf0, 0x0, 0x0, 0x4, 0x9e, 0xfc, 0xff,
    0xf0, 0x0, 0x3, 0xdf, 0xd5, 0x3, 0xff, 0xf0,
    0x0, 0x4f, 0xfc, 0x0, 0x3, 0xff, 0xf0, 0x0,
    0xcf, 0xf6, 0x0, 0x3, 0xff, 0xf0, 0x0, 0xef,
    0xf6, 0x0, 0x3, 0xff, 0xf0, 0x0, 0xcf, 0xfd,
    0x31, 0x4d, 0xff, 0xf1, 0x10, 0x5f, 0xff, 0xff,
    0xf4, 0xdf, 0xfd, 0xe4, 0x4, 0xcf, 0xea, 0x20,
    0x2c, 0xfd, 0x60,

    /* U+00E5 "å" */
    0x0, 0x0, 0x0, 0x0, 0x0, 0x0, 0x0, 0x0,
    0x0, 0x8f, 0xfb, 0x20, 0x0, 0x0, 0x0, 0x8,
    0xf7, 0x5d, 0xd0, 0x0, 0x0, 0x0, 0xe, 0xa0,
    0x5, 0xf2, 0x0, 0x0, 0x0, 0xe, 0x90, 0x4,
    0xf3, 0x0, 0x0, 0x0, 0xa, 0xf4, 0x2c, 0xe0,
    0x0, 0x0, 0x0, 0x1, 0xcf, 0xfe, 0x30, 0x0,
    0x0, 0x0, 0x0, 0x2, 0x20, 0x0, 0x0, 0x0,
    0x0, 0x0, 0x0, 0x0, 0x0, 0x0, 0x0, 0x0,
    0x18, 0xce, 0xfe, 0xa3, 0x0, 0x0, 0x5, 0xff,
    0x76, 0xaf, 0xff, 0x30, 0x0, 0x2f, 0xfe, 0x0,
    0x8, 0xff, 0xa0, 0x0, 0x7f, 0xfa, 0x0, 0x4,
    0xff, 0xe0, 0x0, 0x2c, 0xc2, 0x0, 0x3, 0xff,
    0xf0, 0x0, 0x0, 0x0, 0x0, 0x28, 0xff, 0xf0,
    0x0, 0x0, 0x4, 0x9e, 0xfc, 0xff, 0xf0, 0x0,
    0x3, 0xdf, 0xd5, 0x3, 0xff, 0xf0, 0x0, 0x4f,
    0xfc, 0x0, 0x3, 0xff, 0xf0, 0x0, 0xcf, 0xf6,
    0x0, 0x3, 0xff, 0xf0, 0x0, 0xef, 0xf6, 0x0,
    0x3, 0xff, 0xf0, 0x0, 0xcf, 0xfd, 0x31, 0x4d,
    0xff, 0xf1, 0x10, 0x5f, 0xff, 0xff, 0xf4, 0xdf,
    0xfd, 0xe4, 0x4, 0xcf, 0xea, 0x20, 0x2c, 0xfd,
    0x60,

    /* U+00E6 "æ" */
    0x0, 0x18, 0xcf, 0xfd, 0x91, 0x2, 0xae, 0xfe,
    0x92, 0x0, 0x0, 0x4f, 0xf8, 0x6a, 0xff, 0xd6,
    0xff, 0x97, 0xbf, 0xf5, 0x0, 0x1f, 0xff, 0x0,
    0x9, 0xff, 0xff, 0x40, 0x0, 0xaf, 0xf2, 0x6,
    0xff, 0xc0, 0x0, 0x5f, 0xff, 0xb0, 0x0, 0x5,
    0xff, 0x90, 0x3f, 0xf4, 0x0, 0x3, 0xff, 0xf6,
    0x0, 0x0, 0x4f, 0xfd, 0x0, 0x0, 0x0, 0x1,
    0x7f, 0xff, 0x41, 0x11, 0x1a, 0xff, 0xe0, 0x0,
    0x1, 0x7c, 0xfd, 0xff, 0xff, 0xff, 0xff, 0xff,
    0xfe, 0x0, 0x1a, 0xfe, 0x71, 0x3f, 0xff, 0x64,
    0x44, 0x44, 0x44, 0x30, 0x2e, 0xfd, 0x10, 0x1,
    0xff, 0xf5, 0x0, 0x0, 0x0, 0x0, 0xb, 0xff,
    0x60, 0x0, 0xe, 0xff, 0xb0, 0x0, 0x0, 0x0,
    0x0, 0xef, 0xf7, 0x0, 0x0, 0xcf, 0xff, 0x70,
    0x0, 0x0, 0x29, 0xc, 0xff, 0xf6, 0x47, 0xeb,
    0xdf, 0xff, 0xb5, 0x45, 0x9f, 0x90, 0x5f, 0xff,
    0xff, 0xfa, 0x2, 0xdf, 0xff, 0xff, 0xff, 0xb0,
    0x0, 0x4c, 0xfe, 0xc5, 0x0, 0x0, 0x6b, 0xef,
    0xeb, 0x50, 0x0,

    /* U+00E7 "ç" */
    0x0, 0x2, 0x8d, 0xff, 0xc6, 0x0, 0x0, 0x7,
    0xff, 0xe8, 0x6c, 0xfc, 0x0, 0x7, 0xff, 0xd1,
    0x0, 0x6f, 0xfa, 0x2, 0xff, 0xf3, 0x0, 0x2,
    0xff, 0xf0, 0x8f, 0xfd, 0x0, 0x0, 0xa, 0xfb,
    0xc, 0xff, 0xa0, 0x0, 0x0, 0x0, 0x0, 0xef,
    0xf8, 0x0, 0x0, 0x0, 0x0, 0xf, 0xff, 0x90,
    0x0, 0x0, 0x0, 0x0, 0xdf, 0xfb, 0x0, 0x0,
    0x0, 0x0, 0xa, 0xff, 0xf1, 0x0, 0x0, 0x0,
    0x0, 0x4f, 0xff, 0xb0, 0x0, 0x0, 0x19, 0x0,
    0xbf, 0xff, 0xd6, 0x34, 0x8e, 0xb0, 0x0, 0xbf,
    0xff, 0xff, 0xff, 0xc1, 0x0, 0x0, 0x5a, 0xef,
    0xfc, 0x60, 0x0, 0x0, 0x0, 0x0, 0xc7, 0x0,
    0x0, 0x0, 0x0, 0x0, 0xe, 0xa3, 0x0, 0x0,
    0x0, 0x0, 0x0, 0xbf, 0xf6, 0x0, 0x0, 0x0,
    0x0, 0x0, 0x6f, 0xe0, 0x0, 0x0, 0x0, 0x0,
    0x3, 0xff, 0x0, 0x0, 0x0, 0x1, 0x54, 0xbf,
    0xa0, 0x0, 0x0, 0x0, 0x3d, 0xfe, 0x90, 0x0,
    0x0,

    /* U+00E8 "è" */
    0x0, 0xa, 0xe5, 0x0, 0x0, 0x0, 0x0, 0x0,
    0xff, 0xf1, 0x0, 0x0, 0x0, 0x0, 0x8, 0xff,
    0xa0, 0x0, 0x0, 0x0, 0x0, 0x8, 0xff, 0x40,
    0x0, 0x0, 0x0, 0x0, 0x6, 0xfd, 0x0, 0x0,
    0x0, 0x0, 0x0, 0x4, 0xe3, 0x0, 0x0, 0x0,
    0x0, 0x0, 0x0, 0x0, 0x0, 0x0, 0x0, 0x0,
    0x0, 0x0, 0x0, 0x0, 0x0, 0x2, 0x9d, 0xfe,
    0xb5, 0x0, 0x0, 0x7, 0xff, 0xb6, 0x8f, 0xfa,
    0x0, 0x7, 0xff, 0xa0, 0x0, 0x5f, 0xf7, 0x2,
    0xff, 0xf1, 0x0, 0x0, 0xff, 0xe0, 0x8f, 0xfc,
    0x0, 0x0, 0xe, 0xff, 0x3c, 0xff, 0xa1, 0x11,
    0x15, 0xff, 0xf4, 0xef, 0xff, 0xff, 0xff, 0xff,
    0xff, 0x3e, 0xff, 0xa4, 0x44, 0x44, 0x44, 0x40,
    0xdf, 0xfb, 0x0, 0x0, 0x0, 0x0, 0xa, 0xff,
    0xf1, 0x0, 0x0, 0x0, 0x0, 0x3f, 0xff, 0xb0,
    0x0, 0x0, 0x8, 0x20, 0xaf, 0xff, 0xd7, 0x44,
    0x7d, 0xe1, 0x0, 0xaf, 0xff, 0xff, 0xff, 0xe3,
    0x0, 0x0, 0x4a, 0xdf, 0xed, 0x81, 0x0,

    /* U+00E9 "é" */
    0x0, 0x0, 0x0, 0x1, 0xde, 0x10, 0x0, 0x0,
    0x0, 0x0, 0xbf, 0xf5, 0x0, 0x0, 0x0, 0x0,
    0x5f, 0xfd, 0x0, 0x0, 0x0, 0x0, 0xe, 0xfc,
    0x10, 0x0, 0x0, 0x0, 0x8, 0xfa, 0x0, 0x0,
    0x0, 0x0, 0x0, 0xd9, 0x0, 0x0, 0x0, 0x0,
    0x0, 0x0, 0x0, 0x0, 0x0, 0x0, 0x0, 0x0,
    0x0, 0x0, 0x0, 0x0, 0x0, 0x2, 0x9d, 0xfe,
    0xb5, 0x0, 0x0, 0x7, 0xff, 0xb6, 0x8f, 0xfa,
    0x0, 0x7, 0xff, 0xa0, 0x0, 0x5f, 0xf7, 0x2,
    0xff, 0xf1, 0x0, 0x0, 0xff, 0xe0, 0x8f, 0xfc,
    0x0, 0x0, 0xe, 0xff, 0x3c, 0xff, 0xa1, 0x11,
    0x15, 0xff, 0xf4, 0xef, 0xff, 0xff, 0xff, 0xff,
    0xff, 0x3e, 0xff, 0xa4, 0x44, 0x44, 0x44, 0x40,
    0xdf, 0xfb, 0x0, 0x0, 0x0, 0x0, 0xa, 0xff,
    0xf1, 0x0, 0x0, 0x0, 0x0, 0x3f, 0xff, 0xb0,
    0x0, 0x0, 0x8, 0x20, 0xaf, 0xff, 0xd7, 0x44,
    0x7d, 0xe1, 0x0, 0xaf, 0xff, 0xff, 0xff, 0xe3,
    0x0, 0x0, 0x4a, 0xdf, 0xed, 0x81, 0x0,

    /* U+00EA "ê" */
    0x0, 0x0, 0x0, 0x74, 0x0, 0x0, 0x0, 0x0,
    0x0, 0xaf, 0xf2, 0x0, 0x0, 0x0, 0x0, 0x5f,
    0xff, 0xd0, 0x0, 0x0, 0x0, 0x1e, 0xf8, 0xdf,
    0x90, 0x0, 0x0, 0xc, 0xf6, 0x1, 0xcf, 0x40,
    0x0, 0x5, 0xf4, 0x0, 0x0, 0xbd, 0x0, 0x0,
    0x3, 0x0, 0x0, 0x0, 0x20, 0x0, 0x0, 0x0,
    0x0, 0x0, 0x0, 0x0, 0x0, 0x2, 0x9d, 0xfe,
    0xb5, 0x0, 0x0, 0x7, 0xff, 0xb6, 0x8f, 0xfa,
    0x0, 0x7, 0xff, 0xa0, 0x0, 0x5f, 0xf7, 0x2,
    0xff, 0xf1, 0x0, 0x0, 0xff, 0xe0, 0x8f, 0xfc,
    0x0, 0x0, 0xe, 0xff, 0x3c, 0xff, 0xa1, 0x11,
    0x15, 0xff, 0xf4, 0xef, 0xff, 0xff, 0xff, 0xff,
    0xff, 0x3e, 0xff, 0xa4, 0x44, 0x44, 0x44, 0x40,
    0xdf, 0xfb, 0x0, 0x0, 0x0, 0x0, 0xa, 0xff,
    0xf1, 0x0, 0x0, 0x0, 0x0, 0x3f, 0xff, 0xb0,
    0x0, 0x0, 0x8, 0x20, 0xaf, 0xff, 0xd7, 0x44,
    0x7d, 0xe1, 0x0, 0xaf, 0xff, 0xff, 0xff, 0xe3,
    0x0, 0x0, 0x4a, 0xdf, 0xed, 0x81, 0x0,

    /* U+00EB "ë" */
    0x0, 0x8f, 0xc1, 0x0, 0x7f, 0xd2, 0x0, 0x1f,
    0xff, 0x80, 0xf, 0xff, 0x90, 0x0, 0xff, 0xf6,
    0x0, 0xef, 0xf8, 0x0, 0x3, 0x97, 0x0, 0x2,
    0x97, 0x0, 0x0, 0x0, 0x0, 0x0, 0x0, 0x0,
    0x0, 0x0, 0x0, 0x0, 0x0, 0x0, 0x0, 0x0,
    0x0, 0x0, 0x0, 0x0, 0x0, 0x0, 0x0, 0x29,
    0xdf, 0xeb, 0x50, 0x0, 0x0, 0x7f, 0xfb, 0x68,
    0xff, 0xa0, 0x0, 0x7f, 0xfa, 0x0, 0x5, 0xff,
    0x70, 0x2f, 0xff, 0x10, 0x0, 0xf, 0xfe, 0x8,
    0xff, 0xc0, 0x0, 0x0, 0xef, 0xf3, 0xcf, 0xfa,
    0x11, 0x11, 0x5f, 0xff, 0x4e, 0xff, 0xff, 0xff,
    0xff, 0xff, 0xf3, 0xef, 0xfa, 0x44, 0x44, 0x44,
    0x44, 0xd, 0xff, 0xb0, 0x0, 0x0, 0x0, 0x0,
    0xaf, 0xff, 0x10, 0x0, 0x0, 0x0, 0x3, 0xff,
    0xfb, 0x0, 0x0, 0x0, 0x82, 0xa, 0xff, 0xfd,
    0x74, 0x47, 0xde, 0x10, 0xa, 0xff, 0xff, 0xff,
    0xfe, 0x30, 0x0, 0x4, 0xad, 0xfe, 0xd8, 0x10,
    0x0,

    /* U+00EC "ì" */
    0x2e, 0xc1, 0x0, 0x0, 0x6f, 0xfa, 0x0, 0x0,
    0x1d, 0xff, 0x40, 0x0, 0x1, 0xcf, 0xd0, 0x0,
    0x0, 0xa, 0xf7, 0x0, 0x0, 0x0, 0x8b, 0x0,
    0x0, 0x0, 0x0, 0x0, 0x0, 0x0, 0x0, 0x0,
    0x0, 0x5, 0xbf, 0x20, 0x19, 0xef, 0xff, 0x20,
    0x3d, 0xff, 0xff, 0x20, 0x0, 0x4f, 0xff, 0x10,
    0x0, 0x4f, 0xff, 0x10, 0x0, 0x3f, 0xff, 0x10,
    0x0, 0x3f, 0xff, 0x10, 0x0, 0x3f, 0xff, 0x10,
    0x0, 0x3f, 0xff, 0x10, 0x0, 0x3f, 0xff, 0x10,
    0x0, 0x3f, 0xff, 0x10, 0x0, 0x3f, 0xff, 0x10,
    0x4, 0x9f, 0xff, 0x73, 0x1f, 0xff, 0xff, 0xfd,

    /* U+00ED "í" */
    0x0, 0x0, 0x6, 0xf9, 0x0, 0x0, 0x2f, 0xfe,
    0x0, 0x0, 0xcf, 0xf6, 0x0, 0x6, 0xff, 0x60,
    0x0, 0x1e, 0xf4, 0x0, 0x0, 0x4d, 0x20, 0x0,
    0x0, 0x0, 0x0, 0x0, 0x0, 0x0, 0x0, 0x0,
    0x0, 0x5, 0xbf, 0x20, 0x19, 0xef, 0xff, 0x20,
    0x3d, 0xff, 0xff, 0x20, 0x0, 0x4f, 0xff, 0x10,
    0x0, 0x4f, 0xff, 0x10, 0x0, 0x3f, 0xff, 0x10,
    0x0, 0x3f, 0xff, 0x10, 0x0, 0x3f, 0xff, 0x10,
    0x0, 0x3f, 0xff, 0x10, 0x0, 0x3f, 0xff, 0x10,
    0x0, 0x3f, 0xff, 0x10, 0x0, 0x3f, 0xff, 0x10,
    0x4, 0x9f, 0xff, 0x73, 0x1f, 0xff, 0xff, 0xfd,

    /* U+00EE "î" */
    0x0, 0x4, 0x81, 0x0, 0x0, 0x1, 0xef, 0xb0,
    0x0, 0x0, 0xcf, 0xff, 0x70, 0x0, 0x8f, 0xd7,
    0xff, 0x30, 0x4f, 0xc1, 0x4, 0xed, 0xc, 0xa0,
    0x0, 0x2, 0xe7, 0x10, 0x0, 0x0, 0x1, 0x0,
    0x0, 0x0, 0x10, 0x0, 0x0, 0x5, 0xbf, 0x20,
    0x1, 0x9f, 0xff, 0xf2, 0x0, 0x3d, 0xff, 0xff,
    0x20, 0x0, 0x4, 0xff, 0xf1, 0x0, 0x0, 0x4f,
    0xff, 0x10, 0x0, 0x3, 0xff, 0xf1, 0x0, 0x0,
    0x3f, 0xff, 0x10, 0x0, 0x3, 0xff, 0xf1, 0x0,
    0x0, 0x3f, 0xff, 0x10, 0x0, 0x3, 0xff, 0xf1,
    0x0, 0x0, 0x3f, 0xff, 0x10, 0x0, 0x3, 0xff,
    0xf1, 0x0, 0x4, 0x9f, 0xff, 0x73, 0x1, 0xff,
    0xff, 0xff, 0xd0,

    /* U+00EF "ï" */
    0x7, 0xfc, 0x10, 0x3d, 0xe4, 0xf, 0xff, 0x70,
    0xbf, 0xfc, 0xe, 0xff, 0x50, 0x9f, 0xfa, 0x2,
    0x97, 0x0, 0x8, 0x81, 0x0, 0x0, 0x0, 0x0,
    0x0, 0x0, 0x0, 0x0, 0x0, 0x0, 0x0, 0x0,
    0x1, 0x71, 0x0, 0x0, 0x5, 0xbf, 0xf2, 0x0,
    0x3, 0xff, 0xff, 0xf2, 0x0, 0x1, 0x8b, 0xff,
    0xf2, 0x0, 0x0, 0x4, 0xff, 0xf1, 0x0, 0x0,
    0x4, 0xff, 0xf1, 0x0, 0x0, 0x3, 0xff, 0xf1,
    0x0, 0x0, 0x3, 0xff, 0xf1, 0x0, 0x0, 0x3,
    0xff, 0xf1, 0x0, 0x0, 0x3, 0xff, 0xf1, 0x0,
    0x0, 0x3, 0xff, 0xf1, 0x0, 0x0, 0x3, 0xff,
    0xf1, 0x0, 0x0, 0x3, 0xff, 0xf1, 0x0, 0x0,
    0x5a, 0xff, 0xf8, 0x40, 0x1, 0xff, 0xff, 0xff,
    0xd0,

    /* U+00F0 "ð" */
    0x0, 0x4, 0x10, 0x0, 0x0, 0x0, 0x0, 0x0,
    0xf, 0xf8, 0x0, 0x0, 0x5d, 0x80, 0x0, 0x2,
    0xbf, 0xe5, 0x5d, 0xfb, 0x30, 0x0, 0x0, 0x8,
    0xff, 0xfc, 0x40, 0x0, 0x0, 0x0, 0x5d, 0xff,
    0xf8, 0x0, 0x0, 0x0, 0x3d, 0xfc, 0x49, 0xff,
    0x60, 0x0, 0x0, 0x2c, 0x40, 0x0, 0xdf, 0xf2,
    0x0, 0x0, 0x0, 0x0, 0x0, 0x6f, 0xfb, 0x0,
    0x0, 0x3, 0xae, 0xfd, 0x8f, 0xff, 0x30, 0x0,
    0x8f, 0xfb, 0x68, 0xff, 0xff, 0x90, 0x8, 0xff,
    0xb0, 0x0, 0x3f, 0xff, 0xe0, 0x3f, 0xff, 0x20,
    0x0, 0xa, 0xff, 0xf1, 0x9f, 0xfe, 0x0, 0x0,
    0x5, 0xff, 0xf3, 0xdf, 0xfc, 0x0, 0x0, 0x3,
    0xff, 0xf3, 0xef, 0xfb, 0x0, 0x0, 0x2, 0xff,
    0xf2, 0xef, 0xfa, 0x0, 0x0, 0x3, 0xff, 0xf1,
    0xcf, 0xfb, 0x0, 0x0, 0x4, 0xff, 0xe0, 0x8f,
    0xfe, 0x0, 0x0, 0x6, 0xff, 0x90, 0x2f, 0xff,
    0x20, 0x0, 0xb, 0xff, 0x30, 0x8, 0xff, 0xa0,
    0x0, 0x4f, 0xf8, 0x0, 0x0, 0x9f, 0xfb, 0x68,
    0xff, 0x90, 0x0, 0x0, 0x4, 0xae, 0xfd, 0xa3,
    0x0, 0x0,

    /* U+00F1 "ñ" */
    0x0, 0x0, 0x6, 0xee, 0x70, 0x0, 0x95, 0x0,
    0x0, 0x0, 0x2, 0xff, 0xff, 0xb1, 0x4f, 0x30,
    0x0, 0x0, 0x0, 0x9e, 0x47, 0xff, 0xff, 0xd0,
    0x0, 0x0, 0x0, 0xb, 0x50, 0x3, 0xdf, 0xf4,
    0x0, 0x0, 0x0, 0x0, 0x0, 0x0, 0x0, 0x10,
    0x0, 0x0, 0x0, 0x0, 0x0, 0x0, 0x0, 0x0,
    0x0, 0x0, 0x0, 0x0, 0x0, 0x0, 0x0, 0x0,
    0x0, 0x0, 0x0, 0x0, 0x0, 0x3a, 0xc0, 0x6,
    0xcf, 0xea, 0x10, 0x0, 0x7, 0xdf, 0xff, 0x1c,
    0xff, 0xff, 0xfc, 0x0, 0x3, 0xff, 0xff, 0xfe,
    0xd8, 0x6c, 0xff, 0xf4, 0x0, 0x0, 0x4f, 0xff,
    0x80, 0x0, 0xf, 0xff, 0x70, 0x0, 0x3, 0xff,
    0xf2, 0x0, 0x0, 0xcf, 0xf9, 0x0, 0x0, 0x2f,
    0xff, 0x20, 0x0, 0xb, 0xff, 0x90, 0x0, 0x2,
    0xff, 0xf2, 0x0, 0x0, 0xbf, 0xf9, 0x0, 0x0,
    0x2f, 0xff, 0x20, 0x0, 0xb, 0xff, 0x90, 0x0,
    0x2, 0xff, 0xf2, 0x0, 0x0, 0xbf, 0xf9, 0x0,
    0x0, 0x2f, 0xff, 0x20, 0x0, 0xb, 0xff, 0x90,
    0x0, 0x2, 0xff, 0xf2, 0x0, 0x0, 0xbf, 0xf9,
    0x0, 0x0, 0x3f, 0xff, 0x20, 0x0, 0xb, 0xff,
    0xa0, 0x0, 0x49, 0xff, 0xf8, 0x30, 0x16, 0xef,
    0xfc, 0x51, 0xf, 0xff, 0xff, 0xfe, 0x8, 0xff,
    0xff, 0xff, 0x60,

    /* U+00F2 "ò" */
    0x0, 0x9, 0xf5, 0x0, 0x0, 0x0, 0x0, 0x0,
    0xf, 0xff, 0x20, 0x0, 0x0, 0x0, 0x0, 0x7,
    0xff, 0xb0, 0x0, 0x0, 0x0, 0x0, 0x0, 0x7f,
    0xf5, 0x0, 0x0, 0x0, 0x0, 0x0, 0x5, 0xfe,
    0x0, 0x0, 0x0, 0x0, 0x0, 0x0, 0x3e, 0x40,
    0x0, 0x0, 0x0, 0x0, 0x0, 0x0, 0x0, 0x0,
    0x0, 0x0, 0x0, 0x0, 0x0, 0x0, 0x0, 0x0,
    0x0, 0x2, 0x9d, 0xfe, 0xc6, 0x0, 0x0, 0x0,
    0x7f, 0xfb, 0x68, 0xef, 0xd2, 0x0, 0x7, 0xff,
    0xa0, 0x0, 0x2f, 0xfe, 0x10, 0x2f, 0xff, 0x20,
    0x0, 0x9, 0xff, 0xb0, 0x8f, 0xfe, 0x0, 0x0,
    0x4, 0xff, 0xf2, 0xcf, 0xfb, 0x0, 0x0, 0x2,
    0xff, 0xf5, 0xef, 0xfb, 0x0, 0x0, 0x1, 0xff,
    0xf7, 0xef, 0xfa, 0x0, 0x0, 0x1, 0xff, 0xf7,
    0xcf, 0xfb, 0x0, 0x0, 0x2, 0xff, 0xf5, 0x9f,
    0xfe, 0x0, 0x0, 0x4, 0xff, 0xf2, 0x3f, 0xff,
    0x20, 0x0, 0x9, 0xff, 0xb0, 0x8, 0xff, 0xa0,
    0x0, 0x2f, 0xff, 0x20, 0x0, 0x8f, 0xfb, 0x67,
    0xef, 0xe3, 0x0, 0x0, 0x3, 0x9d, 0xfe, 0xc7,
    0x10, 0x0,

    /* U+00F3 "ó" */
    0x0, 0x0, 0x0, 0x1, 0xce, 0x20, 0x0, 0x0,
    0x0, 0x0, 0xa, 0xff, 0x60, 0x0, 0x0, 0x0,
    0x0, 0x4f, 0xfd, 0x10, 0x0, 0x0, 0x0, 0x0,
    0xdf, 0xd1, 0x0, 0x0, 0x0, 0x0, 0x7, 0xfb,
    0x0, 0x0, 0x0, 0x0, 0x0, 0xc, 0x90, 0x0,
    0x0, 0x0, 0x0, 0x0, 0x0, 0x0, 0x0, 0x0,
    0x0, 0x0, 0x0, 0x0, 0x0, 0x0, 0x0, 0x0,
    0x0, 0x2, 0x9d, 0xfe, 0xc6, 0x0, 0x0, 0x0,
    0x7f, 0xfb, 0x68, 0xef, 0xd2, 0x0, 0x7, 0xff,
    0xa0, 0x0, 0x2f, 0xfe, 0x10, 0x2f, 0xff, 0x20,
    0x0, 0x9, 0xff, 0xb0, 0x8f, 0xfe, 0x0, 0x0,
    0x4, 0xff, 0xf2, 0xcf, 0xfb, 0x0, 0x0, 0x2,
    0xff, 0xf5, 0xef, 0xfb, 0x0, 0x0, 0x1, 0xff,
    0xf7, 0xef, 0xfa, 0x0, 0x0, 0x1, 0xff, 0xf7,
    0xcf, 0xfb, 0x0, 0x0, 0x2, 0xff, 0xf5, 0x9f,
    0xfe, 0x0, 0x0, 0x4, 0xff, 0xf2, 0x3f, 0xff,
    0x20, 0x0, 0x9, 0xff, 0xb0, 0x8, 0xff, 0xa0,
    0x0, 0x2f, 0xff, 0x20, 0x0, 0x8f, 0xfb, 0x67,
    0xef, 0xe3, 0x0, 0x0, 0x3, 0x9d, 0xfe, 0xc7,
    0x10, 0x0,

    /* U+00F4 "ô" */
    0x0, 0x0, 0x0, 0x75, 0x0, 0x0, 0x0, 0x0,
    0x0, 0x9, 0xff, 0x30, 0x0, 0x0, 0x0, 0x0,
    0x4f, 0xff, 0xd0, 0x0, 0x0, 0x0, 0x1, 0xef,
    0x9d, 0xfa, 0x0, 0x0, 0x0, 0xb, 0xf7, 0x0,
    0xbf, 0x50, 0x0, 0x0, 0x5f, 0x50, 0x0, 0xa,
    0xe0, 0x0, 0x0, 0x3, 0x0, 0x0, 0x0, 0x30,
    0x0, 0x0, 0x0, 0x0, 0x0, 0x0, 0x0, 0x0,
    0x0, 0x2, 0x9d, 0xfe, 0xc6, 0x0, 0x0, 0x0,
    0x7f, 0xfb, 0x68, 0xef, 0xd2, 0x0, 0x7, 0xff,
    0xa0, 0x0, 0x2f, 0xfe, 0x10, 0x2f, 0xff, 0x20,
    0x0, 0x9, 0xff, 0xb0, 0x8f, 0xfe, 0x0, 0x0,
    0x4, 0xff, 0xf2, 0xcf, 0xfb, 0x0, 0x0, 0x2,
    0xff, 0xf5, 0xef, 0xfb, 0x0, 0x0, 0x1, 0xff,
    0xf7, 0xef, 0xfa, 0x0, 0x0, 0x1, 0xff, 0xf7,
    0xcf, 0xfb, 0x0, 0x0, 0x2, 0xff, 0xf5, 0x9f,
    0xfe, 0x0, 0x0, 0x4, 0xff, 0xf2, 0x3f, 0xff,
    0x20, 0x0, 0x9, 0xff, 0xb0, 0x8, 0xff, 0xa0,
    0x0, 0x2f, 0xff, 0x20, 0x0, 0x8f, 0xfb, 0x67,
    0xef, 0xe3, 0x0, 0x0, 0x3, 0x9d, 0xfe, 0xc7,
    0x10, 0x0,

    /* U+00F5 "õ" */
    0x0, 0x6, 0xee, 0x70, 0x0, 0x94, 0x0, 0x0,
    0x2f, 0xff, 0xfb, 0x14, 0xf3, 0x0, 0x0, 0x9e,
    0x47, 0xff, 0xff, 0xd0, 0x0, 0x0, 0xb5, 0x0,
    0x3d, 0xff, 0x40, 0x0, 0x0, 0x0, 0x0, 0x0,
    0x10, 0x0, 0x0, 0x0, 0x0, 0x0, 0x0, 0x0,
    0x0, 0x0, 0x0, 0x0, 0x0, 0x0, 0x0, 0x0,
    0x0, 0x0, 0x2, 0x9d, 0xfe, 0xc6, 0x0, 0x0,
    0x0, 0x7f, 0xfb, 0x68, 0xef, 0xd2, 0x0, 0x7,
    0xff, 0xa0, 0x0, 0x2f, 0xfe, 0x10, 0x2f, 0xff,
    0x20, 0x0, 0x9, 0xff, 0xb0, 0x8f, 0xfe, 0x0,
    0x0, 0x4, 0xff, 0xf2, 0xcf, 0xfb, 0x0, 0x0,
    0x2, 0xff, 0xf5, 0xef, 0xfb, 0x0, 0x0, 0x1,
    0xff, 0xf7, 0xef, 0xfa, 0x0, 0x0, 0x1, 0xff,
    0xf7, 0xcf, 0xfb, 0x0, 0x0, 0x2, 0xff, 0xf5,
    0x9f, 0xfe, 0x0, 0x0, 0x4, 0xff, 0xf2, 0x3f,
    0xff, 0x20, 0x0, 0x9, 0xff, 0xb0, 0x8, 0xff,
    0xa0, 0x0, 0x2f, 0xff, 0x20, 0x0, 0x8f, 0xfb,
    0x67, 0xef, 0xe3, 0x0, 0x0, 0x3, 0x9d, 0xfe,
    0xc7, 0x10, 0x0,

    /* U+00F6 "ö" */
    0x0, 0x7f, 0xd2, 0x0, 0x6e, 0xd2, 0x0, 0x0,
    0xff, 0xf9, 0x0, 0xff, 0xfa, 0x0, 0x0, 0xef,
    0xf7, 0x0, 0xdf, 0xf8, 0x0, 0x0, 0x29, 0x70,
    0x0, 0x29, 0x80, 0x0, 0x0, 0x0, 0x0, 0x0,
    0x0, 0x0, 0x0, 0x0, 0x0, 0x0, 0x0, 0x0,
    0x0, 0x0, 0x0, 0x0, 0x0, 0x0, 0x0, 0x0,
    0x0, 0x0, 0x2, 0x9d, 0xfe, 0xc6, 0x0, 0x0,
    0x0, 0x7f, 0xfb, 0x68, 0xef, 0xd2, 0x0, 0x7,
    0xff, 0xa0, 0x0, 0x2f, 0xfe, 0x10, 0x2f, 0xff,
    0x20, 0x0, 0x9, 0xff, 0xb0, 0x8f, 0xfe, 0x0,
    0x0, 0x4, 0xff, 0xf2, 0xcf, 0xfb, 0x0, 0x0,
    0x2, 0xff, 0xf5, 0xef, 0xfb, 0x0, 0x0, 0x1,
    0xff, 0xf7, 0xef, 0xfa, 0x0, 0x0, 0x1, 0xff,
    0xf7, 0xcf, 0xfb, 0x0, 0x0, 0x2, 0xff, 0xf5,
    0x9f, 0xfe, 0x0, 0x0, 0x4, 0xff, 0xf2, 0x3f,
    0xff, 0x20, 0x0, 0x9, 0xff, 0xb0, 0x8, 0xff,
    0xa0, 0x0, 0x2f, 0xff, 0x20, 0x0, 0x8f, 0xfb,
    0x67, 0xef, 0xe3, 0x0, 0x0, 0x3, 0x9d, 0xfe,
    0xc7, 0x10, 0x0,

    /* U+00F7 "÷" */
    0x0, 0x0, 0x0, 0x9d, 0x90, 0x0, 0x0, 0x0,
    0x0, 0x0, 0x5f, 0xff, 0x60, 0x0, 0x0, 0x0,
    0x0, 0x5, 0xff, 0xf6, 0x0, 0x0, 0x0, 0x0,
    0x0, 0xa, 0xfb, 0x0, 0x0, 0x0, 0x0, 0x0,
    0x0, 0x0, 0x0, 0x0, 0x0, 0x0, 0x0, 0x0,
    0x0, 0x0, 0x0, 0x0, 0x0, 0x0, 0x0, 0x0,
    0x0, 0x0, 0x0, 0x0, 0x3, 0xff, 0xff, 0xff,
    0xff, 0xff, 0xff, 0xf3, 0x3f, 0xff, 0xff, 0xff,
    0xff, 0xff, 0xff, 0x30, 0x0, 0x0, 0x0, 0x0,
    0x0, 0x0, 0x0, 0x0, 0x0, 0x0, 0x0, 0x0,
    0x0, 0x0, 0x0, 0x0, 0x0, 0x8, 0xd8, 0x0,
    0x0, 0x0, 0x0, 0x0, 0x5, 0xff, 0xf6, 0x0,
    0x0, 0x0, 0x0, 0x0, 0x5f, 0xff, 0x60, 0x0,
    0x0, 0x0, 0x0, 0x0, 0xbf, 0xb0, 0x0, 0x0,
    0x0,

    /* U+00F8 "ø" */
    0x0, 0x0, 0x0, 0x0, 0x0, 0x2, 0x10, 0x0,
    0x2, 0x9d, 0xff, 0xc6, 0x1d, 0xb0, 0x0, 0x7f,
    0xfb, 0x68, 0xef, 0xfe, 0x20, 0x7, 0xff, 0x80,
    0x0, 0x1e, 0xfe, 0x10, 0x2f, 0xff, 0x0, 0x0,
    0x5f, 0xff, 0xb0, 0x8f, 0xfb, 0x0, 0x2, 0xfc,
    0xff, 0xf1, 0xcf, 0xf9, 0x0, 0x1e, 0xc0, 0xff,
    0xf6, 0xef, 0xf8, 0x0, 0xce, 0x10, 0xff, 0xf7,
    0xef, 0xf7, 0x9, 0xf3, 0x0, 0xef, 0xf7, 0xdf,
    0xf8, 0x6f, 0x50, 0x0, 0xff, 0xf5, 0x9f, 0xfd,
    0xf8, 0x0, 0x2, 0xff, 0xf2, 0x2f, 0xff, 0xb0,
    0x0, 0x6, 0xff, 0xb0, 0x8, 0xff, 0x80, 0x0,
    0x1e, 0xff, 0x20, 0xb, 0xff, 0xfa, 0x67, 0xef,
    0xe3, 0x0, 0x3f, 0x43, 0xae, 0xfe, 0xc7, 0x10,
    0x0, 0x2, 0x0, 0x0, 0x0, 0x0, 0x0, 0x0,

    /* U+00F9 "ù" */
    0x0, 0x0, 0x4e, 0xb0, 0x0, 0x0, 0x0, 0x0,
    0x0, 0x0, 0x8f, 0xf8, 0x0, 0x0, 0x0, 0x0,
    0x0, 0x0, 0x1e, 0xff, 0x30, 0x0, 0x0, 0x0,
    0x0, 0x0, 0x1, 0xdf, 0xc0, 0x0, 0x0, 0x0,
    0x0, 0x0, 0x0, 0xa, 0xf6, 0x0, 0x0, 0x0,
    0x0, 0x0, 0x0, 0x0, 0x88, 0x0, 0x0, 0x0,
    0x0, 0x0, 0x0, 0x0, 0x0, 0x0, 0x0, 0x0,
    0x0, 0x0, 0x0, 0x0, 0x0, 0x0, 0x1, 0x0,
    0x3a, 0xce, 0xfc, 0x0, 0x7, 0xac, 0xef, 0x30,
    0x3c, 0xff, 0xfc, 0x0, 0x9, 0xdf, 0xff, 0x30,
    0x0, 0x9f, 0xfb, 0x0, 0x0, 0x1f, 0xff, 0x30,
    0x0, 0x9f, 0xfb, 0x0, 0x0, 0x1f, 0xff, 0x20,
    0x0, 0x9f, 0xfb, 0x0, 0x0, 0x1f, 0xff, 0x20,
    0x0, 0x9f, 0xfb, 0x0, 0x0, 0x2f, 0xff, 0x20,
    0x0, 0x9f, 0xfb, 0x0, 0x0, 0x2f, 0xff, 0x20,
    0x0, 0xaf, 0xfb, 0x0, 0x0, 0x2f, 0xff, 0x20,
    0x0, 0xaf, 0xfb, 0x0, 0x0, 0x2f, 0xff, 0x20,
    0x0, 0x9f, 0xfb, 0x0, 0x0, 0x2f, 0xff, 0x20,
    0x0, 0x8f, 0xfe, 0x0, 0x0, 0xaf, 0xff, 0x20,
    0x0, 0x5f, 0xff, 0xb6, 0x8e, 0xcf, 0xff, 0x20,
    0x0, 0xd, 0xff, 0xff, 0xfb, 0x1f, 0xff, 0xc7,
    0x0, 0x1, 0xaf, 0xfc, 0x60, 0xe, 0xff, 0xfe,

    /* U+00FA "ú" */
    0x0, 0x0, 0x0, 0x0, 0x8, 0xf7, 0x0, 0x0,
    0x0, 0x0, 0x0, 0x0, 0x5f, 0xfc, 0x0, 0x0,
    0x0, 0x0, 0x0, 0x0, 0xef, 0xf4, 0x0, 0x0,
    0x0, 0x0, 0x0, 0x9, 0xfe, 0x40, 0x0, 0x0,
    0x0, 0x0, 0x0, 0x3f, 0xd2, 0x0, 0x0, 0x0,
    0x0, 0x0, 0x0, 0x4b, 0x10, 0x0, 0x0, 0x0,
    0x0, 0x0, 0x0, 0x0, 0x0, 0x0, 0x0, 0x0,
    0x0, 0x0, 0x0, 0x0, 0x0, 0x0, 0x1, 0x0,
    0x3a, 0xce, 0xfc, 0x0, 0x7, 0xac, 0xef, 0x30,
    0x3c, 0xff, 0xfc, 0x0, 0x9, 0xdf, 0xff, 0x30,
    0x0, 0x9f, 0xfb, 0x0, 0x0, 0x1f, 0xff, 0x30,
    0x0, 0x9f, 0xfb, 0x0, 0x0, 0x1f, 0xff, 0x20,
    0x0, 0x9f, 0xfb, 0x0, 0x0, 0x1f, 0xff, 0x20,
    0x0, 0x9f, 0xfb, 0x0, 0x0, 0x2f, 0xff, 0x20,
    0x0, 0x9f, 0xfb, 0x0, 0x0, 0x2f, 0xff, 0x20,
    0x0, 0xaf, 0xfb, 0x0, 0x0, 0x2f, 0xff, 0x20,
    0x0, 0xaf, 0xfb, 0x0, 0x0, 0x2f, 0xff, 0x20,
    0x0, 0x9f, 0xfb, 0x0, 0x0, 0x2f, 0xff, 0x20,
    0x0, 0x8f, 0xfe, 0x0, 0x0, 0xaf, 0xff, 0x20,
    0x0, 0x5f, 0xff, 0xb6, 0x8e, 0xcf, 0xff, 0x20,
    0x0, 0xd, 0xff, 0xff, 0xfb, 0x1f, 0xff, 0xc7,
    0x0, 0x1, 0xaf, 0xfc, 0x60, 0xe, 0xff, 0xfe,

    /* U+00FB "û" */
    0x0, 0x0, 0x0, 0x5, 0x70, 0x0, 0x0, 0x0,
    0x0, 0x0, 0x0, 0x3f, 0xf9, 0x0, 0x0, 0x0,
    0x0, 0x0, 0x1, 0xef, 0xff, 0x50, 0x0, 0x0,
    0x0, 0x0, 0xb, 0xfb, 0x7f, 0xf2, 0x0, 0x0,
    0x0, 0x0, 0x7f, 0xa0, 0x4, 0xfd, 0x0, 0x0,
    0x0, 0x0, 0xe7, 0x0, 0x0, 0x3e, 0x50, 0x0,
    0x0, 0x0, 0x0, 0x0, 0x0, 0x0, 0x0, 0x0,
    0x0, 0x0, 0x1, 0x0, 0x0, 0x0, 0x1, 0x0,
    0x3a, 0xce, 0xfc, 0x0, 0x7, 0xac, 0xff, 0x30,
    0x3c, 0xff, 0xfc, 0x0, 0x9, 0xdf, 0xff, 0x30,
    0x0, 0x9f, 0xfb, 0x0, 0x0, 0x1f, 0xff, 0x30,
    0x0, 0x9f, 0xfb, 0x0, 0x0, 0x1f, 0xff, 0x20,
    0x0, 0x9f, 0xfb, 0x0, 0x0, 0x1f, 0xff, 0x20,
    0x0, 0x9f, 0xfb, 0x0, 0x0, 0x2f, 0xff, 0x20,
    0x0, 0x9f, 0xfb, 0x0, 0x0, 0x2f, 0xff, 0x20,
    0x0, 0xaf, 0xfb, 0x0, 0x0, 0x2f, 0xff, 0x20,
    0x0, 0xaf, 0xfb, 0x0, 0x0, 0x2f, 0xff, 0x20,
    0x0, 0x9f, 0xfb, 0x0, 0x0, 0x2f, 0xff, 0x20,
    0x0, 0x8f, 0xfe, 0x0, 0x0, 0xaf, 0xff, 0x20,
    0x0, 0x5f, 0xff, 0xb6, 0x8e, 0xcf, 0xff, 0x20,
    0x0, 0xd, 0xff, 0xff, 0xfb, 0x1f, 0xff, 0xc7,
    0x0, 0x1, 0xaf, 0xfc, 0x60, 0xe, 0xff, 0xfe,

    /* U+00FC "ü" */
    0x0, 0x2, 0xde, 0x60, 0x2, 0xcf, 0x70, 0x0,
    0x0, 0xa, 0xff, 0xf0, 0x9, 0xff, 0xf0, 0x0,
    0x0, 0x8, 0xff, 0xe0, 0x7, 0xff, 0xe0, 0x0,
    0x0, 0x0, 0x79, 0x20, 0x0, 0x79, 0x30, 0x0,
    0x0, 0x0, 0x0, 0x0, 0x0, 0x0, 0x0, 0x0,
    0x0, 0x0, 0x0, 0x0, 0x0, 0x0, 0x0, 0x0,
    0x0, 0x13, 0x55, 0x0, 0x0, 0x2, 0x46, 0x10,
    0x5f, 0xff, 0xfc, 0x0, 0xc, 0xff, 0xff, 0x30,
    0x17, 0xdf, 0xfc, 0x0, 0x5, 0x9f, 0xff, 0x30,
    0x0, 0x9f, 0xfb, 0x0, 0x0, 0x1f, 0xff, 0x30,
    0x0, 0x9f, 0xfb, 0x0, 0x0, 0x1f, 0xff, 0x20,
    0x0, 0x9f, 0xfb, 0x0, 0x0, 0x1f, 0xff, 0x20,
    0x0, 0x9f, 0xfb, 0x0, 0x0, 0x2f, 0xff, 0x20,
    0x0, 0x9f, 0xfb, 0x0, 0x0, 0x2f, 0xff, 0x20,
    0x0, 0xaf, 0xfb, 0x0, 0x0, 0x2f, 0xff, 0x20,
    0x0, 0xaf, 0xfb, 0x0, 0x0, 0x2f, 0xff, 0x20,
    0x0, 0x9f, 0xfc, 0x0, 0x0, 0x2f, 0xff, 0x20,
    0x0, 0x8f, 0xfe, 0x0, 0x1, 0xbf, 0xff, 0x20,
    0x0, 0x5f, 0xff, 0xb6, 0x8e, 0xcf, 0xff, 0x20,
    0x0, 0xd, 0xff, 0xff, 0xfb, 0x1f, 0xff, 0xc7,
    0x0, 0x1, 0xaf, 0xfc, 0x60, 0xe, 0xff, 0xfe,

    /* U+00FD "ý" */
    0x0, 0x0, 0x0, 0x0, 0x2, 0x72, 0x0, 0x0,
    0x0, 0x0, 0x0, 0x1, 0xef, 0xc0, 0x0, 0x0,
    0x0, 0x0, 0x0, 0xbf, 0xf8, 0x0, 0x0, 0x0,
    0x0, 0x0, 0x6f, 0xf8, 0x0, 0x0, 0x0, 0x0,
    0x0, 0x1f, 0xe4, 0x0, 0x0, 0x0, 0x0, 0x0,
    0x5, 0xc2, 0x0, 0x0, 0x0, 0x0, 0x0, 0x0,
    0x0, 0x0, 0x0, 0x0, 0x0, 0x0, 0x0, 0x0,
    0x0, 0x0, 0x0, 0x0, 0xff, 0xff, 0xff, 0xf5,
    0xc, 0xff, 0xff, 0x93, 0xaf, 0xff, 0x84, 0x10,
    0x26, 0xdf, 0x62, 0x1, 0xff, 0xf7, 0x0, 0x0,
    0xf, 0xa0, 0x0, 0xb, 0xff, 0xd0, 0x0, 0x5,
    0xf4, 0x0, 0x0, 0x5f, 0xff, 0x20, 0x0, 0xae,
    0x0, 0x0, 0x0, 0xef, 0xf8, 0x0, 0xf, 0x80,
    0x0, 0x0, 0x8, 0xff, 0xe0, 0x5, 0xf2, 0x0,
    0x0, 0x0, 0x2f, 0xff, 0x30, 0xbc, 0x0, 0x0,
    0x0, 0x0, 0xbf, 0xf9, 0x1f, 0x60, 0x0, 0x0,
    0x0, 0x5, 0xff, 0xe6, 0xf1, 0x0, 0x0, 0x0,
    0x0, 0xe, 0xff, 0xea, 0x0, 0x0, 0x0, 0x0,
    0x0, 0x9f, 0xff, 0x40, 0x0, 0x0, 0x0, 0x0,
    0x2, 0xff, 0xe0, 0x0, 0x0, 0x0, 0x0, 0x0,
    0xc, 0xf9, 0x0, 0x0, 0x0, 0x0, 0x0, 0x0,
    0x6f, 0x30, 0x0, 0x0, 0x0, 0x0, 0x0, 0x7,
    0xd0, 0x0, 0x0, 0x0, 0x0, 0x0, 0x0, 0xe6,
    0x0, 0x0, 0x0, 0x0, 0x67, 0x20, 0x7e, 0x0,
    0x0, 0x0, 0x0, 0xcf, 0xff, 0x7f, 0x60, 0x0,
    0x0, 0x0, 0xd, 0xff, 0xff, 0xa0, 0x0, 0x0,
    0x0, 0x0, 0x2b, 0xfe, 0x80, 0x0, 0x0, 0x0,
    0x0, 0x0,

    /* U+00FE "þ" */
    0x0, 0x26, 0xa8, 0x0, 0x0, 0x0, 0x0, 0x0,
    0x7e, 0xff, 0xfa, 0x0, 0x0, 0x0, 0x0, 0x0,
    0x6a, 0xef, 0xfa, 0x0, 0x0, 0x0, 0x0, 0x0,
    0x0, 0xaf, 0xf9, 0x0, 0x0, 0x0, 0x0, 0x0,
    0x0, 0xaf, 0xf9, 0x0, 0x0, 0x0, 0x0, 0x0,
    0x0, 0xaf, 0xf9, 0x0, 0x0, 0x0, 0x0, 0x0,
    0x0, 0xaf, 0xf9, 0x0, 0x0, 0x0, 0x0, 0x0,
    0x0, 0xaf, 0xf9, 0x7, 0xdf, 0xea, 0x20, 0x0,
    0x0, 0xaf, 0xfb, 0xdf, 0xff, 0xff, 0xf4, 0x0,
    0x0, 0xaf, 0xff, 0xa2, 0x4, 0xef, 0xfe, 0x10,
    0x0, 0xaf, 0xfb, 0x0, 0x0, 0x4f, 0xff, 0x70,
    0x0, 0xaf, 0xfb, 0x0, 0x0, 0xc, 0xff, 0xc0,
    0x0, 0xaf, 0xfb, 0x0, 0x0, 0x9, 0xff, 0xf0,
    0x0, 0xaf, 0xfb, 0x0, 0x0, 0x7, 0xff, 0xf0,
    0x0, 0xaf, 0xfb, 0x0, 0x0, 0x7, 0xff, 0xf0,
    0x0, 0xaf, 0xfb, 0x0, 0x0, 0x9, 0xff, 0xe0,
    0x0, 0xaf, 0xfb, 0x0, 0x0, 0xc, 0xff, 0xb0,
    0x0, 0xaf, 0xfb, 0x0, 0x0, 0x4f, 0xff, 0x50,
    0x0, 0xaf, 0xff, 0x81, 0x5, 0xef, 0xfb, 0x0,
    0x0, 0xaf, 0xfc, 0xff, 0xff, 0xff, 0xc1, 0x0,
    0x0, 0xaf, 0xf9, 0x2a, 0xef, 0xd7, 0x0, 0x0,
    0x0, 0xaf, 0xf9, 0x0, 0x0, 0x0, 0x0, 0x0,
    0x0, 0xaf, 0xf9, 0x0, 0x0, 0x0, 0x0, 0x0,
    0x0, 0xaf, 0xf9, 0x0, 0x0, 0x0, 0x0, 0x0,
    0x0, 0xbf, 0xf9, 0x0, 0x0, 0x0, 0x0, 0x0,
    0x0, 0xbf, 0xfa, 0x0, 0x0, 0x0, 0x0, 0x0,
    0x38, 0xef, 0xfe, 0x95, 0x0, 0x0, 0x0, 0x0,
    0xaf, 0xff, 0xff, 0xfd, 0x0, 0x0, 0x0, 0x0,

    /* U+00FF "ÿ" */
    0x0, 0x2, 0xdf, 0x60, 0x2, 0xcf, 0x70, 0x0,
    0x0, 0xaf, 0xff, 0x0, 0x8f, 0xff, 0x10, 0x0,
    0x8, 0xff, 0xe0, 0x7, 0xff, 0xf0, 0x0, 0x0,
    0x7, 0x92, 0x0, 0x7, 0x93, 0x0, 0x0, 0x0,
    0x0, 0x0, 0x0, 0x0, 0x0, 0x0, 0x0, 0x0,
    0x0, 0x0, 0x0, 0x0, 0x0, 0x0, 0x0, 0x0,
    0x0, 0x0, 0x0, 0x0, 0xf, 0xff, 0xff, 0xff,
    0x50, 0xcf, 0xff, 0xf9, 0x3a, 0xff, 0xf8, 0x41,
    0x2, 0x6d, 0xf6, 0x20, 0x1f, 0xff, 0x70, 0x0,
    0x0, 0xfa, 0x0, 0x0, 0xbf, 0xfd, 0x0, 0x0,
    0x5f, 0x40, 0x0, 0x5, 0xff, 0xf2, 0x0, 0xa,
    0xe0, 0x0, 0x0, 0xe, 0xff, 0x80, 0x0, 0xf8,
    0x0, 0x0, 0x0, 0x8f, 0xfe, 0x0, 0x5f, 0x20,
    0x0, 0x0, 0x2, 0xff, 0xf3, 0xb, 0xc0, 0x0,
    0x0, 0x0, 0xb, 0xff, 0x91, 0xf6, 0x0, 0x0,
    0x0, 0x0, 0x5f, 0xfe, 0x6f, 0x10, 0x0, 0x0,
    0x0, 0x0, 0xef, 0xfe, 0xa0, 0x0, 0x0, 0x0,
    0x0, 0x9, 0xff, 0xf4, 0x0, 0x0, 0x0, 0x0,
    0x0, 0x2f, 0xfe, 0x0, 0x0, 0x0, 0x0, 0x0,
    0x0, 0xcf, 0x90, 0x0, 0x0, 0x0, 0x0, 0x0,
    0x6, 0xf3, 0x0, 0x0, 0x0, 0x0, 0x0, 0x0,
    0x7d, 0x0, 0x0, 0x0, 0x0, 0x0, 0x0, 0xe,
    0x60, 0x0, 0x0, 0x0, 0x6, 0x72, 0x7, 0xe0,
    0x0, 0x0, 0x0, 0xc, 0xff, 0xf7, 0xf6, 0x0,
    0x0, 0x0, 0x0, 0xdf, 0xff, 0xfa, 0x0, 0x0,
    0x0, 0x0, 0x2, 0xbf, 0xe8, 0x0, 0x0, 0x0,
    0x0, 0x0,

    /* U+2013 "–" */
    0x23, 0x33, 0x33, 0x33, 0x33, 0x33, 0x1e, 0xff,
    0xff, 0xff, 0xff, 0xff, 0xf9, 0xef, 0xff, 0xff,
    0xff, 0xff, 0xff, 0x90,

    /* U+2014 "—" */
    0x23, 0x33, 0x33, 0x33, 0x33, 0x33, 0x33, 0x33,
    0x33, 0x33, 0x2e, 0xff, 0xff, 0xff, 0xff, 0xff,
    0xff, 0xff, 0xff, 0xff, 0xff, 0xef, 0xff, 0xff,
    0xff, 0xff, 0xff, 0xff, 0xff, 0xff, 0xff, 0xf0,

    /* U+2018 "‘" */
    0x0, 0x0, 0x0, 0x0, 0x3, 0xc4, 0x0, 0x6f,
    0x91, 0x4, 0xf6, 0x0, 0xc, 0xe1, 0x0, 0xf,
    0xfe, 0x40, 0x1f, 0xff, 0xe0, 0xe, 0xff, 0xe0,
    0x5, 0xee, 0x40,

    /* U+2019 "’" */
    0x4, 0xee, 0x60, 0xc, 0xff, 0xf0, 0xc, 0xff,
    0xf2, 0x3, 0xef, 0xf1, 0x0, 0x1d, 0xd0, 0x0,
    0x5f, 0x50, 0x19, 0xf7, 0x0, 0x3c, 0x40, 0x0,
    0x0, 0x0, 0x0,

    /* U+201A "‚" */
    0x4, 0xee, 0x60, 0xc, 0xff, 0xf0, 0xc, 0xff,
    0xf2, 0x3, 0xef, 0xf1, 0x0, 0x1d, 0xd0, 0x0,
    0x5f, 0x50, 0x19, 0xf7, 0x0, 0x3c, 0x40, 0x0,
    0x0, 0x0, 0x0,

    /* U+201C "“" */
    0x0, 0x0, 0x0, 0x0, 0x0, 0x0, 0x0, 0x3,
    0xc4, 0x0, 0x4, 0xd2, 0x0, 0x6f, 0x91, 0x0,
    0x7f, 0x81, 0x4, 0xf6, 0x0, 0x6, 0xf5, 0x0,
    0xc, 0xe1, 0x0, 0xe, 0xd0, 0x0, 0xf, 0xfe,
    0x40, 0x2f, 0xfe, 0x30, 0x1f, 0xff, 0xe0, 0x2f,
    0xff, 0xc0, 0xe, 0xff, 0xe0, 0xf, 0xff, 0xc0,
    0x5, 0xee, 0x40, 0x6, 0xed, 0x30,

    /* U+201D "”" */
    0x4, 0xee, 0x60, 0x6, 0xed, 0x40, 0xcf, 0xff,
    0x0, 0xff, 0xfd, 0xc, 0xff, 0xf2, 0xf, 0xff,
    0xf0, 0x3e, 0xff, 0x10, 0x5f, 0xfe, 0x0, 0x1d,
    0xd0, 0x0, 0x2f, 0xb0, 0x5, 0xf5, 0x0, 0x8,
    0xf3, 0x19, 0xf7, 0x0, 0x2a, 0xf5, 0x3, 0xc4,
    0x0, 0x6, 0xb3, 0x0, 0x0, 0x0, 0x0, 0x0,
    0x0, 0x0,

    /* U+2022 "•" */
    0x4, 0xce, 0xb3, 0x4, 0xff, 0xff, 0xf2, 0xcf,
    0xff, 0xff, 0xae, 0xff, 0xff, 0xfc, 0xcf, 0xff,
    0xff, 0xa4, 0xff, 0xff, 0xf3, 0x5, 0xdf, 0xc3,
    0x0,

    /* U+2026 "…" */
    0x0, 0x57, 0x10, 0x0, 0x2, 0x75, 0x0, 0x0,
    0x6, 0x71, 0x0, 0xaf, 0xfe, 0x10, 0x2, 0xff,
    0xf7, 0x0, 0xb, 0xff, 0xe0, 0xf, 0xff, 0xf6,
    0x0, 0x8f, 0xff, 0xd0, 0x0, 0xff, 0xff, 0x40,
    0xdf, 0xff, 0x40, 0x6, 0xff, 0xfb, 0x0, 0xe,
    0xff, 0xf2, 0x3, 0xde, 0x80, 0x0, 0x9, 0xfc,
    0x20, 0x0, 0x4d, 0xe7, 0x0,

    /* U+2212 "−" */
    0x0, 0x0, 0x0, 0x0, 0x0, 0x0, 0x0, 0x3,
    0xff, 0xff, 0xff, 0xff, 0xff, 0xff, 0xf3, 0x2f,
    0xff, 0xff, 0xff, 0xff, 0xff, 0xff, 0x30
};


/*---------------------
 *  GLYPH DESCRIPTION
 *--------------------*/

static const lv_font_fmt_txt_glyph_dsc_t glyph_dsc[] = {
    {.bitmap_index = 0, .adv_w = 0, .box_w = 0, .box_h = 0, .ofs_x = 0, .ofs_y = 0} /* id = 0 reserved */,
    {.bitmap_index = 0, .adv_w = 100, .box_w = 0, .box_h = 0, .ofs_x = 0, .ofs_y = 0},
    {.bitmap_index = 0, .adv_w = 142, .box_w = 5, .box_h = 19, .ofs_x = 2, .ofs_y = 0},
    {.bitmap_index = 48, .adv_w = 178, .box_w = 9, .box_h = 10, .ofs_x = 1, .ofs_y = 11},
    {.bitmap_index = 93, .adv_w = 244, .box_w = 15, .box_h = 19, .ofs_x = 0, .ofs_y = 0},
    {.bitmap_index = 236, .adv_w = 233, .box_w = 13, .box_h = 24, .ofs_x = 1, .ofs_y = -3},
    {.bitmap_index = 392, .adv_w = 396, .box_w = 23, .box_h = 20, .ofs_x = 1, .ofs_y = -1},
    {.bitmap_index = 622, .adv_w = 323, .box_w = 20, .box_h = 19, .ofs_x = 0, .ofs_y = 0},
    {.bitmap_index = 812, .adv_w = 93, .box_w = 4, .box_h = 10, .ofs_x = 1, .ofs_y = 11},
    {.bitmap_index = 832, .adv_w = 160, .box_w = 8, .box_h = 27, .ofs_x = 2, .ofs_y = -6},
    {.bitmap_index = 940, .adv_w = 160, .box_w = 8, .box_h = 27, .ofs_x = 0, .ofs_y = -6},
    {.bitmap_index = 1048, .adv_w = 195, .box_w = 12, .box_h = 12, .ofs_x = 0, .ofs_y = 9},
    {.bitmap_index = 1120, .adv_w = 241, .box_w = 15, .box_h = 15, .ofs_x = 0, .ofs_y = 2},
    {.bitmap_index = 1233, .adv_w = 134, .box_w = 6, .box_h = 9, .ofs_x = 1, .ofs_y = -5},
    {.bitmap_index = 1260, .adv_w = 146, .box_w = 7, .box_h = 3, .ofs_x = 1, .ofs_y = 6},
    {.bitmap_index = 1271, .adv_w = 134, .box_w = 6, .box_h = 5, .ofs_x = 1, .ofs_y = 0},
    {.bitmap_index = 1286, .adv_w = 159, .box_w = 10, .box_h = 25, .ofs_x = 0, .ofs_y = -5},
    {.bitmap_index = 1411, .adv_w = 233, .box_w = 13, .box_h = 19, .ofs_x = 1, .ofs_y = 0},
    {.bitmap_index = 1535, .adv_w = 233, .box_w = 11, .box_h = 19, .ofs_x = 2, .ofs_y = 0},
    {.bitmap_index = 1640, .adv_w = 233, .box_w = 13, .box_h = 19, .ofs_x = 1, .ofs_y = 0},
    {.bitmap_index = 1764, .adv_w = 233, .box_w = 13, .box_h = 19, .ofs_x = 1, .ofs_y = 0},
    {.bitmap_index = 1888, .adv_w = 233, .box_w = 14, .box_h = 19, .ofs_x = 0, .ofs_y = 0},
    {.bitmap_index = 2021, .adv_w = 233, .box_w = 13, .box_h = 19, .ofs_x = 1, .ofs_y = 0},
    {.bitmap_index = 2145, .adv_w = 233, .box_w = 14, .box_h = 20, .ofs_x = 0, .ofs_y = 0},
    {.bitmap_index = 2285, .adv_w = 233, .box_w = 13, .box_h = 18, .ofs_x = 1, .ofs_y = 0},
    {.bitmap_index = 2402, .adv_w = 233, .box_w = 13, .box_h = 19, .ofs_x = 1, .ofs_y = 0},
    {.bitmap_index = 2526, .adv_w = 233, .box_w = 14, .box_h = 20, .ofs_x = 0, .ofs_y = -1},
    {.bitmap_index = 2666, .adv_w = 134, .box_w = 6, .box_h = 14, .ofs_x = 1, .ofs_y = 0},
    {.bitmap_index = 2708, .adv_w = 134, .box_w = 6, .box_h = 19, .ofs_x = 1, .ofs_y = -5},
    {.bitmap_index = 2765, .adv_w = 241, .box_w = 13, .box_h = 15, .ofs_x = 1, .ofs_y = 2},
    {.bitmap_index = 2863, .adv_w = 241, .box_w = 15, .box_h = 8, .ofs_x = 0, .ofs_y = 6},
    {.bitmap_index = 2923, .adv_w = 241, .box_w = 13, .box_h = 15, .ofs_x = 1, .ofs_y = 2},
    {.bitmap_index = 3021, .adv_w = 193, .box_w = 10, .box_h = 20, .ofs_x = 1, .ofs_y = 0},
    {.bitmap_index = 3121, .adv_w = 386, .box_w = 22, .box_h = 24, .ofs_x = 1, .ofs_y = -5},
    {.bitmap_index = 3385, .adv_w = 300, .box_w = 19, .box_h = 19, .ofs_x = 0, .ofs_y = 0},
    {.bitmap_index = 3566, .adv_w = 286, .box_w = 16, .box_h = 19, .ofs_x = 1, .ofs_y = 0},
    {.bitmap_index = 3718, .adv_w = 281, .box_w = 16, .box_h = 19, .ofs_x = 1, .ofs_y = 0},
    {.bitmap_index = 3870, .adv_w = 317, .box_w = 18, .box_h = 19, .ofs_x = 1, .ofs_y = 0},
    {.bitmap_index = 4041, .adv_w = 268, .box_w = 15, .box_h = 19, .ofs_x = 1, .ofs_y = 0},
    {.bitmap_index = 4184, .adv_w = 259, .box_w = 15, .box_h = 19, .ofs_x = 1, .ofs_y = 0},
    {.bitmap_index = 4327, .adv_w = 304, .box_w = 18, .box_h = 19, .ofs_x = 1, .ofs_y = 0},
    {.bitmap_index = 4498, .adv_w = 348, .box_w = 20, .box_h = 19, .ofs_x = 1, .ofs_y = 0},
    {.bitmap_index = 4688, .adv_w = 170, .box_w = 9, .box_h = 19, .ofs_x = 1, .ofs_y = 0},
    {.bitmap_index = 4774, .adv_w = 172, .box_w = 11, .box_h = 23, .ofs_x = -1, .ofs_y = -4},
    {.bitmap_index = 4901, .adv_w = 305, .box_w = 18, .box_h = 19, .ofs_x = 1, .ofs_y = 0},
    {.bitmap_index = 5072, .adv_w = 264, .box_w = 15, .box_h = 19, .ofs_x = 1, .ofs_y = 0},
    {.bitmap_index = 5215, .adv_w = 403, .box_w = 25, .box_h = 19, .ofs_x = 0, .ofs_y = 0},
    {.bitmap_index = 5453, .adv_w = 328, .box_w = 20, .box_h = 19, .ofs_x = 0, .ofs_y = 0},
    {.bitmap_index = 5643, .adv_w = 316, .box_w = 18, .box_h = 19, .ofs_x = 1, .ofs_y = 0},
    {.bitmap_index = 5814, .adv_w = 269, .box_w = 16, .box_h = 19, .ofs_x = 1, .ofs_y = 0},
    {.bitmap_index = 5966, .adv_w = 316, .box_w = 18, .box_h = 25, .ofs_x = 1, .ofs_y = -6},
    {.bitmap_index = 6191, .adv_w = 298, .box_w = 18, .box_h = 19, .ofs_x = 1, .ofs_y = 0},
    {.bitmap_index = 6362, .adv_w = 236, .box_w = 13, .box_h = 19, .ofs_x = 1, .ofs_y = 0},
    {.bitmap_index = 6486, .adv_w = 277, .box_w = 17, .box_h = 19, .ofs_x = 0, .ofs_y = 0},
    {.bitmap_index = 6648, .adv_w = 327, .box_w = 20, .box_h = 19, .ofs_x = 0, .ofs_y = 0},
    {.bitmap_index = 6838, .adv_w = 299, .box_w = 19, .box_h = 19, .ofs_x = 0, .ofs_y = 0},
    {.bitmap_index = 7019, .adv_w = 435, .box_w = 28, .box_h = 19, .ofs_x = 0, .ofs_y = 0},
    {.bitmap_index = 7285, .adv_w = 292, .box_w = 18, .box_h = 19, .ofs_x = 0, .ofs_y = 0},
    {.bitmap_index = 7456, .adv_w = 282, .box_w = 18, .box_h = 19, .ofs_x = 0, .ofs_y = 0},
    {.bitmap_index = 7627, .adv_w = 250, .box_w = 16, .box_h = 19, .ofs_x = 0, .ofs_y = 0},
    {.bitmap_index = 7779, .adv_w = 149, .box_w = 7, .box_h = 25, .ofs_x = 2, .ofs_y = -4},
    {.bitmap_index = 7867, .adv_w = 159, .box_w = 10, .box_h = 25, .ofs_x = 0, .ofs_y = -5},
    {.bitmap_index = 7992, .adv_w = 149, .box_w = 7, .box_h = 25, .ofs_x = 0, .ofs_y = -4},
    {.bitmap_index = 8080, .adv_w = 241, .box_w = 12, .box_h = 9, .ofs_x = 2, .ofs_y = 5},
    {.bitmap_index = 8134, .adv_w = 235, .box_w = 16, .box_h = 3, .ofs_x = -1, .ofs_y = -2},
    {.bitmap_index = 8158, .adv_w = 179, .box_w = 6, .box_h = 7, .ofs_x = 2, .ofs_y = 15},
    {.bitmap_index = 8179, .adv_w = 233, .box_w = 14, .box_h = 14, .ofs_x = 1, .ofs_y = 0},
    {.bitmap_index = 8277, .adv_w = 265, .box_w = 16, .box_h = 21, .ofs_x = 0, .ofs_y = 0},
    {.bitmap_index = 8445, .adv_w = 224, .box_w = 13, .box_h = 14, .ofs_x = 1, .ofs_y = 0},
    {.bitmap_index = 8536, .adv_w = 260, .box_w = 15, .box_h = 21, .ofs_x = 1, .ofs_y = 0},
    {.bitmap_index = 8694, .adv_w = 231, .box_w = 13, .box_h = 14, .ofs_x = 1, .ofs_y = 0},
    {.bitmap_index = 8785, .adv_w = 160, .box_w = 13, .box_h = 21, .ofs_x = 0, .ofs_y = 0},
    {.bitmap_index = 8922, .adv_w = 237, .box_w = 15, .box_h = 22, .ofs_x = 0, .ofs_y = -7},
    {.bitmap_index = 9087, .adv_w = 273, .box_w = 17, .box_h = 21, .ofs_x = 0, .ofs_y = 0},
    {.bitmap_index = 9266, .adv_w = 138, .box_w = 8, .box_h = 21, .ofs_x = 0, .ofs_y = 0},
    {.bitmap_index = 9350, .adv_w = 130, .box_w = 10, .box_h = 28, .ofs_x = -3, .ofs_y = -7},
    {.bitmap_index = 9490, .adv_w = 256, .box_w = 16, .box_h = 22, .ofs_x = 0, .ofs_y = 0},
    {.bitmap_index = 9666, .adv_w = 139, .box_w = 9, .box_h = 21, .ofs_x = 0, .ofs_y = 0},
    {.bitmap_index = 9761, .adv_w = 405, .box_w = 25, .box_h = 14, .ofs_x = 0, .ofs_y = 0},
    {.bitmap_index = 9936, .adv_w = 274, .box_w = 17, .box_h = 14, .ofs_x = 0, .ofs_y = 0},
    {.bitmap_index = 10055, .adv_w = 250, .box_w = 14, .box_h = 14, .ofs_x = 1, .ofs_y = 0},
    {.bitmap_index = 10153, .adv_w = 267, .box_w = 16, .box_h = 21, .ofs_x = 0, .ofs_y = -7},
    {.bitmap_index = 10321, .adv_w = 255, .box_w = 15, .box_h = 21, .ofs_x = 1, .ofs_y = -7},
    {.bitmap_index = 10479, .adv_w = 198, .box_w = 13, .box_h = 14, .ofs_x = 0, .ofs_y = 0},
    {.bitmap_index = 10570, .adv_w = 199, .box_w = 11, .box_h = 14, .ofs_x = 1, .ofs_y = 0},
    {.bitmap_index = 10647, .adv_w = 153, .box_w = 10, .box_h = 18, .ofs_x = 0, .ofs_y = 0},
    {.bitmap_index = 10737, .adv_w = 266, .box_w = 16, .box_h = 15, .ofs_x = 0, .ofs_y = 0},
    {.bitmap_index = 10857, .adv_w = 231, .box_w = 16, .box_h = 14, .ofs_x = -1, .ofs_y = 0},
    {.bitmap_index = 10969, .adv_w = 348, .box_w = 23, .box_h = 14, .ofs_x = -1, .ofs_y = 0},
    {.bitmap_index = 11130, .adv_w = 241, .box_w = 15, .box_h = 14, .ofs_x = 0, .ofs_y = 0},
    {.bitmap_index = 11235, .adv_w = 234, .box_w = 15, .box_h = 21, .ofs_x = 0, .ofs_y = -7},
    {.bitmap_index = 11393, .adv_w = 206, .box_w = 13, .box_h = 14, .ofs_x = 0, .ofs_y = 0},
    {.bitmap_index = 11484, .adv_w = 153, .box_w = 8, .box_h = 25, .ofs_x = 1, .ofs_y = -4},
    {.bitmap_index = 11584, .adv_w = 135, .box_w = 3, .box_h = 29, .ofs_x = 3, .ofs_y = -7},
    {.bitmap_index = 11628, .adv_w = 153, .box_w = 9, .box_h = 25, .ofs_x = 0, .ofs_y = -4},
    {.bitmap_index = 11741, .adv_w = 241, .box_w = 13, .box_h = 5, .ofs_x = 1, .ofs_y = 7},
    {.bitmap_index = 11774, .adv_w = 100, .box_w = 0, .box_h = 0, .ofs_x = 0, .ofs_y = 0},
    {.bitmap_index = 11774, .adv_w = 142, .box_w = 5, .box_h = 20, .ofs_x = 2, .ofs_y = -6},
    {.bitmap_index = 11824, .adv_w = 233, .box_w = 13, .box_h = 20, .ofs_x = 1, .ofs_y = -1},
    {.bitmap_index = 11954, .adv_w = 233, .box_w = 13, .box_h = 19, .ofs_x = 1, .ofs_y = 0},
    {.bitmap_index = 12078, .adv_w = 233, .box_w = 14, .box_h = 14, .ofs_x = 0, .ofs_y = 2},
    {.bitmap_index = 12176, .adv_w = 233, .box_w = 16, .box_h = 18, .ofs_x = -1, .ofs_y = 0},
    {.bitmap_index = 12320, .adv_w = 135, .box_w = 3, .box_h = 29, .ofs_x = 3, .ofs_y = -7},
    {.bitmap_index = 12364, .adv_w = 228, .box_w = 13, .box_h = 23, .ofs_x = 1, .ofs_y = -4},
    {.bitmap_index = 12514, .adv_w = 179, .box_w = 11, .box_h = 4, .ofs_x = 0, .ofs_y = 17},
    {.bitmap_index = 12536, .adv_w = 336, .box_w = 21, .box_h = 22, .ofs_x = 0, .ofs_y = -1},
    {.bitmap_index = 12767, .adv_w = 158, .box_w = 10, .box_h = 9, .ofs_x = 0, .ofs_y = 12},
    {.bitmap_index = 12812, .adv_w = 232, .box_w = 14, .box_h = 13, .ofs_x = 0, .ofs_y = 1},
    {.bitmap_index = 12903, .adv_w = 241, .box_w = 15, .box_h = 8, .ofs_x = 0, .ofs_y = 4},
    {.bitmap_index = 12963, .adv_w = 146, .box_w = 7, .box_h = 3, .ofs_x = 1, .ofs_y = 6},
    {.bitmap_index = 12974, .adv_w = 208, .box_w = 13, .box_h = 12, .ofs_x = 0, .ofs_y = 8},
    {.bitmap_index = 13052, .adv_w = 179, .box_w = 8, .box_h = 3, .ofs_x = 2, .ofs_y = 17},
    {.bitmap_index = 13064, .adv_w = 147, .box_w = 9, .box_h = 8, .ofs_x = 0, .ofs_y = 11},
    {.bitmap_index = 13100, .adv_w = 241, .box_w = 15, .box_h = 16, .ofs_x = 0, .ofs_y = 0},
    {.bitmap_index = 13220, .adv_w = 166, .box_w = 9, .box_h = 11, .ofs_x = 1, .ofs_y = 12},
    {.bitmap_index = 13270, .adv_w = 166, .box_w = 9, .box_h = 11, .ofs_x = 1, .ofs_y = 12},
    {.bitmap_index = 13320, .adv_w = 179, .box_w = 7, .box_h = 7, .ofs_x = 3, .ofs_y = 15},
    {.bitmap_index = 13345, .adv_w = 259, .box_w = 15, .box_h = 21, .ofs_x = 1, .ofs_y = -6},
    {.bitmap_index = 13503, .adv_w = 276, .box_w = 17, .box_h = 23, .ofs_x = 0, .ofs_y = -4},
    {.bitmap_index = 13699, .adv_w = 134, .box_w = 6, .box_h = 5, .ofs_x = 1, .ofs_y = 7},
    {.bitmap_index = 13714, .adv_w = 179, .box_w = 7, .box_h = 8, .ofs_x = 2, .ofs_y = -7},
    {.bitmap_index = 13742, .adv_w = 166, .box_w = 8, .box_h = 12, .ofs_x = 1, .ofs_y = 12},
    {.bitmap_index = 13790, .adv_w = 169, .box_w = 10, .box_h = 9, .ofs_x = 0, .ofs_y = 12},
    {.bitmap_index = 13835, .adv_w = 232, .box_w = 14, .box_h = 13, .ofs_x = 0, .ofs_y = 1},
    {.bitmap_index = 13926, .adv_w = 382, .box_w = 22, .box_h = 21, .ofs_x = 1, .ofs_y = -1},
    {.bitmap_index = 14157, .adv_w = 396, .box_w = 23, .box_h = 21, .ofs_x = 1, .ofs_y = -2},
    {.bitmap_index = 14399, .adv_w = 382, .box_w = 22, .box_h = 20, .ofs_x = 1, .ofs_y = -1},
    {.bitmap_index = 14619, .adv_w = 193, .box_w = 10, .box_h = 20, .ofs_x = 1, .ofs_y = -6},
    {.bitmap_index = 14719, .adv_w = 300, .box_w = 19, .box_h = 25, .ofs_x = 0, .ofs_y = 0},
    {.bitmap_index = 14957, .adv_w = 300, .box_w = 19, .box_h = 25, .ofs_x = 0, .ofs_y = 0},
    {.bitmap_index = 15195, .adv_w = 300, .box_w = 19, .box_h = 25, .ofs_x = 0, .ofs_y = 0},
    {.bitmap_index = 15433, .adv_w = 300, .box_w = 19, .box_h = 25, .ofs_x = 0, .ofs_y = 0},
    {.bitmap_index = 15671, .adv_w = 300, .box_w = 19, .box_h = 24, .ofs_x = 0, .ofs_y = 0},
    {.bitmap_index = 15899, .adv_w = 300, .box_w = 19, .box_h = 26, .ofs_x = 0, .ofs_y = 0},
    {.bitmap_index = 16146, .adv_w = 406, .box_w = 25, .box_h = 19, .ofs_x = 0, .ofs_y = 0},
    {.bitmap_index = 16384, .adv_w = 281, .box_w = 16, .box_h = 26, .ofs_x = 1, .ofs_y = -7},
    {.bitmap_index = 16592, .adv_w = 268, .box_w = 15, .box_h = 25, .ofs_x = 1, .ofs_y = 0},
    {.bitmap_index = 16780, .adv_w = 268, .box_w = 15, .box_h = 25, .ofs_x = 1, .ofs_y = 0},
    {.bitmap_index = 16968, .adv_w = 268, .box_w = 15, .box_h = 25, .ofs_x = 1, .ofs_y = 0},
    {.bitmap_index = 17156, .adv_w = 268, .box_w = 15, .box_h = 24, .ofs_x = 1, .ofs_y = 0},
    {.bitmap_index = 17336, .adv_w = 170, .box_w = 9, .box_h = 25, .ofs_x = 1, .ofs_y = 0},
    {.bitmap_index = 17449, .adv_w = 170, .box_w = 9, .box_h = 25, .ofs_x = 1, .ofs_y = 0},
    {.bitmap_index = 17562, .adv_w = 170, .box_w = 10, .box_h = 25, .ofs_x = 0, .ofs_y = 0},
    {.bitmap_index = 17687, .adv_w = 170, .box_w = 10, .box_h = 24, .ofs_x = 0, .ofs_y = 0},
    {.bitmap_index = 17807, .adv_w = 317, .box_w = 18, .box_h = 19, .ofs_x = 1, .ofs_y = 0},
    {.bitmap_index = 17978, .adv_w = 328, .box_w = 20, .box_h = 25, .ofs_x = 0, .ofs_y = 0},
    {.bitmap_index = 18228, .adv_w = 316, .box_w = 18, .box_h = 26, .ofs_x = 1, .ofs_y = 0},
    {.bitmap_index = 18462, .adv_w = 316, .box_w = 18, .box_h = 26, .ofs_x = 1, .ofs_y = 0},
    {.bitmap_index = 18696, .adv_w = 316, .box_w = 18, .box_h = 25, .ofs_x = 1, .ofs_y = 0},
    {.bitmap_index = 18921, .adv_w = 316, .box_w = 18, .box_h = 25, .ofs_x = 1, .ofs_y = 0},
    {.bitmap_index = 19146, .adv_w = 316, .box_w = 18, .box_h = 25, .ofs_x = 1, .ofs_y = 0},
    {.bitmap_index = 19371, .adv_w = 241, .box_w = 13, .box_h = 14, .ofs_x = 1, .ofs_y = 2},
    {.bitmap_index = 19462, .adv_w = 316, .box_w = 18, .box_h = 21, .ofs_x = 1, .ofs_y = -1},
    {.bitmap_index = 19651, .adv_w = 327, .box_w = 20, .box_h = 26, .ofs_x = 0, .ofs_y = 0},
    {.bitmap_index = 19911, .adv_w = 327, .box_w = 20, .box_h = 26, .ofs_x = 0, .ofs_y = 0},
    {.bitmap_index = 20171, .adv_w = 327, .box_w = 20, .box_h = 25, .ofs_x = 0, .ofs_y = 0},
    {.bitmap_index = 20421, .adv_w = 327, .box_w = 20, .box_h = 25, .ofs_x = 0, .ofs_y = 0},
    {.bitmap_index = 20671, .adv_w = 282, .box_w = 18, .box_h = 25, .ofs_x = 0, .ofs_y = 0},
    {.bitmap_index = 20896, .adv_w = 276, .box_w = 16, .box_h = 19, .ofs_x = 1, .ofs_y = 0},
    {.bitmap_index = 21048, .adv_w = 279, .box_w = 17, .box_h = 21, .ofs_x = 0, .ofs_y = 0},
    {.bitmap_index = 21227, .adv_w = 233, .box_w = 14, .box_h = 22, .ofs_x = 1, .ofs_y = 0},
    {.bitmap_index = 21381, .adv_w = 233, .box_w = 14, .box_h = 22, .ofs_x = 1, .ofs_y = 0},
    {.bitmap_index = 21535, .adv_w = 233, .box_w = 14, .box_h = 22, .ofs_x = 1, .ofs_y = 0},
    {.bitmap_index = 21689, .adv_w = 233, .box_w = 14, .box_h = 21, .ofs_x = 1, .ofs_y = 0},
    {.bitmap_index = 21836, .adv_w = 233, .box_w = 14, .box_h = 21, .ofs_x = 1, .ofs_y = 0},
    {.bitmap_index = 21983, .adv_w = 233, .box_w = 14, .box_h = 23, .ofs_x = 1, .ofs_y = 0},
    {.bitmap_index = 22144, .adv_w = 353, .box_w = 21, .box_h = 14, .ofs_x = 1, .ofs_y = 0},
    {.bitmap_index = 22291, .adv_w = 224, .box_w = 13, .box_h = 21, .ofs_x = 1, .ofs_y = -7},
    {.bitmap_index = 22428, .adv_w = 231, .box_w = 13, .box_h = 22, .ofs_x = 1, .ofs_y = 0},
    {.bitmap_index = 22571, .adv_w = 231, .box_w = 13, .box_h = 22, .ofs_x = 1, .ofs_y = 0},
    {.bitmap_index = 22714, .adv_w = 231, .box_w = 13, .box_h = 22, .ofs_x = 1, .ofs_y = 0},
    {.bitmap_index = 22857, .adv_w = 231, .box_w = 13, .box_h = 21, .ofs_x = 1, .ofs_y = 0},
    {.bitmap_index = 22994, .adv_w = 138, .box_w = 8, .box_h = 22, .ofs_x = 0, .ofs_y = 0},
    {.bitmap_index = 23082, .adv_w = 138, .box_w = 8, .box_h = 22, .ofs_x = 0, .ofs_y = 0},
    {.bitmap_index = 23170, .adv_w = 138, .box_w = 9, .box_h = 22, .ofs_x = 0, .ofs_y = 0},
    {.bitmap_index = 23269, .adv_w = 138, .box_w = 10, .box_h = 21, .ofs_x = -1, .ofs_y = 0},
    {.bitmap_index = 23374, .adv_w = 246, .box_w = 14, .box_h = 22, .ofs_x = 1, .ofs_y = 0},
    {.bitmap_index = 23528, .adv_w = 274, .box_w = 17, .box_h = 21, .ofs_x = 0, .ofs_y = 0},
    {.bitmap_index = 23707, .adv_w = 250, .box_w = 14, .box_h = 22, .ofs_x = 1, .ofs_y = 0},
    {.bitmap_index = 23861, .adv_w = 250, .box_w = 14, .box_h = 22, .ofs_x = 1, .ofs_y = 0},
    {.bitmap_index = 24015, .adv_w = 250, .box_w = 14, .box_h = 22, .ofs_x = 1, .ofs_y = 0},
    {.bitmap_index = 24169, .adv_w = 250, .box_w = 14, .box_h = 21, .ofs_x = 1, .ofs_y = 0},
    {.bitmap_index = 24316, .adv_w = 250, .box_w = 14, .box_h = 21, .ofs_x = 1, .ofs_y = 0},
    {.bitmap_index = 24463, .adv_w = 241, .box_w = 15, .box_h = 15, .ofs_x = 0, .ofs_y = 2},
    {.bitmap_index = 24576, .adv_w = 250, .box_w = 14, .box_h = 16, .ofs_x = 1, .ofs_y = -1},
    {.bitmap_index = 24688, .adv_w = 266, .box_w = 16, .box_h = 22, .ofs_x = 0, .ofs_y = 0},
    {.bitmap_index = 24864, .adv_w = 266, .box_w = 16, .box_h = 22, .ofs_x = 0, .ofs_y = 0},
    {.bitmap_index = 25040, .adv_w = 266, .box_w = 16, .box_h = 22, .ofs_x = 0, .ofs_y = 0},
    {.bitmap_index = 25216, .adv_w = 266, .box_w = 16, .box_h = 21, .ofs_x = 0, .ofs_y = 0},
    {.bitmap_index = 25384, .adv_w = 234, .box_w = 15, .box_h = 29, .ofs_x = 0, .ofs_y = -7},
    {.bitmap_index = 25602, .adv_w = 258, .box_w = 16, .box_h = 28, .ofs_x = 0, .ofs_y = -7},
    {.bitmap_index = 25826, .adv_w = 234, .box_w = 15, .box_h = 28, .ofs_x = 0, .ofs_y = -7},
    {.bitmap_index = 26036, .adv_w = 235, .box_w = 13, .box_h = 3, .ofs_x = 1, .ofs_y = 6},
    {.bitmap_index = 26056, .adv_w = 370, .box_w = 21, .box_h = 3, .ofs_x = 1, .ofs_y = 6},
    {.bitmap_index = 26088, .adv_w = 97, .box_w = 6, .box_h = 9, .ofs_x = 0, .ofs_y = 13},
    {.bitmap_index = 26115, .adv_w = 97, .box_w = 6, .box_h = 9, .ofs_x = 0, .ofs_y = 12},
    {.bitmap_index = 26142, .adv_w = 97, .box_w = 6, .box_h = 9, .ofs_x = 0, .ofs_y = -5},
    {.bitmap_index = 26169, .adv_w = 191, .box_w = 12, .box_h = 9, .ofs_x = 0, .ofs_y = 13},
    {.bitmap_index = 26223, .adv_w = 190, .box_w = 11, .box_h = 9, .ofs_x = 0, .ofs_y = 12},
    {.bitmap_index = 26273, .adv_w = 142, .box_w = 7, .box_h = 7, .ofs_x = 1, .ofs_y = 6},
    {.bitmap_index = 26298, .adv_w = 373, .box_w = 21, .box_h = 5, .ofs_x = 1, .ofs_y = 0},
    {.bitmap_index = 26351, .adv_w = 241, .box_w = 15, .box_h = 3, .ofs_x = 0, .ofs_y = 8}
};

/*---------------------
 *  CHARACTER MAPPING
 *--------------------*/

static const uint16_t unicode_list_2[] = {
    0x0, 0x1, 0x5, 0x6, 0x7, 0x9, 0xa, 0xf,
    0x13, 0x1ff
};

/*Collect the unicode lists and glyph_id offsets*/
static const lv_font_fmt_txt_cmap_t cmaps[] =
{
    {
        .range_start = 32, .range_length = 95, .glyph_id_start = 1,
        .unicode_list = NULL, .glyph_id_ofs_list = NULL, .list_length = 0, .type = LV_FONT_FMT_TXT_CMAP_FORMAT0_TINY
    },
    {
        .range_start = 160, .range_length = 96, .glyph_id_start = 96,
        .unicode_list = NULL, .glyph_id_ofs_list = NULL, .list_length = 0, .type = LV_FONT_FMT_TXT_CMAP_FORMAT0_TINY
    },
    {
        .range_start = 8211, .range_length = 512, .glyph_id_start = 192,
        .unicode_list = unicode_list_2, .glyph_id_ofs_list = NULL, .list_length = 10, .type = LV_FONT_FMT_TXT_CMAP_SPARSE_TINY
    }
};



/*--------------------
 *  ALL CUSTOM DATA
 *--------------------*/

#if LVGL_VERSION_MAJOR == 8
/*Store all the custom data of the font*/
static  lv_font_fmt_txt_glyph_cache_t cache;
#endif

#if LVGL_VERSION_MAJOR >= 8
static const lv_font_fmt_txt_dsc_t font_dsc = {
#else
static lv_font_fmt_txt_dsc_t font_dsc = {
#endif
    .glyph_bitmap = glyph_bitmap,
    .glyph_dsc = glyph_dsc,
    .cmaps = cmaps,
    .kern_dsc = NULL,
    .kern_scale = 0,
    .cmap_num = 3,
    .bpp = 4,
    .kern_classes = 0,
    .bitmap_format = 0,
#if LVGL_VERSION_MAJOR == 8
    .cache = &cache
#endif
};



/*-----------------
 *  PUBLIC FONT
 *----------------*/

/*Initialize a public general font descriptor*/
#if LVGL_VERSION_MAJOR >= 8
const lv_font_t serif_28 = {
#else
lv_font_t serif_28 = {
#endif
    .get_glyph_dsc = lv_font_get_glyph_dsc_fmt_txt,    /*Function pointer to get glyph's data*/
    .get_glyph_bitmap = lv_font_get_bitmap_fmt_txt,    /*Function pointer to get glyph's bitmap*/
    .line_height = 33,          /*The maximum line height required by the font*/
    .base_line = 7,             /*Baseline measured from the bottom of the line*/
#if !(LVGL_VERSION_MAJOR == 6 && LVGL_VERSION_MINOR == 0)
    .subpx = LV_FONT_SUBPX_NONE,
#endif
#if LV_VERSION_CHECK(7, 4, 0) || LVGL_VERSION_MAJOR >= 8
    .underline_position = -1,
    .underline_thickness = 1,
#endif
    .dsc = &font_dsc,          /*The custom font data. Will be accessed by `get_glyph_bitmap/dsc` */
#if LV_VERSION_CHECK(8, 2, 0) || LVGL_VERSION_MAJOR >= 9
    .fallback = NULL,
#endif
    .user_data = NULL,
};



#endif /*#if SERIF_28*/

