#include "lvgl.h"
// Generated by tools/gen_images.py
static const uint8_t map[] __attribute__((aligned(4))) = {
0x00,0x00,0x00,0x00,0x00,0x00,0x00,0x00,0x00,0x00,0x00,0x00,0x00,0x00,0x00,0x00,0x00,0x00,0x00,0x00,0x00,0x00,0x00,0x00,0x00,0x00,0x00,0x00,0x00,0x00,0x00,0x00,
0x00,0x00,0x00,0x00,0x00,0x00,0x00,0x00,0x00,0x00,0x00,0x00,0x00,0x00,0x00,0x00,0x00,0x00,0x00,0x00,0x00,0x00,0x00,0x00,0x00,0x00,0x00,0x00,0x00,0x00,0x00,0x00,
0x00,0x00,0x00,0x00,0x00,0x00,0x00,0x00,0x00,0x00,0x00,0x00,0x00,0x00,0x00,0x00,0x00,0x00,0x00,0x00,0x00,0x00,0x00,0x00,0x00,0x00,0x00,0x00,0x00,0x00,0x00,0x00,
0x00,0x00,0x00,0x00,0x00,0x00,0x00,0x00,0x00,0x00,0x00,0x00,0x00,0x00,0x00,0x00,0x00,0x00,0x00,0x00,0x00,0x00,0x00,0x00,0x00,0x00,0x00,0x00,0x00,0x00,0x00,0x00,
0x00,0x00,0x00,0x00,0x00,0x00,0x00,0x00,0x00,0x00,0x00,0x00,0x00,0x00,0x00,0x00,0x00,0x00,0x00,0x00,0x00,0x00,0x00,0x00,0x00,0x00,0x00,0x00,0x00,0x00,0x00,0x00,
0x00,0x00,0x00,0x00,0x00,0x00,0x00,0x00,0x00,0x00,0x00,0x00,0x00,0x00,0x00,0x00,0x00,0x00,0x00,0x00,0x00,0x00,0x00,0x00,0x00,0x00,0x00,0x00,0x00,0x00,0x00,0x00,
0x00,0x00,0x00,0x00,0x00,0x00,0x00,0x00,0x00,0x00,0x00,0x00,0x00,0x00,0x00,0x00,0x00,0x00,0x00,0x00,0x00,0x00,0x00,0x00,0x00,0x00,0x00,0x00,0x00,0x00,0x00,0x00,
0x00,0x00,0x00,0x00,0x00,0x00,0x00,0x00,0x00,0x00,0x00,0x00,0x00,0x00,0x00,0x00,0x00,0x00,0x00,0x00,0x00,0x00,0x00,0x00,0x00,0x00,0x00,0x00,0x00,0x00,0x00,0x00,
0x00,0x00,0x00,0x00,0x00,0x00,0x00,0x00,0x00,0x00,0x00,0x00,0x00,0x00,0x00,0x00,0x00,0x00,0x00,0x00,0x00,0x00,0x00,0x00,0x00,0x00,0x00,0x00,0x00,0x00,0x00,0x00,
0x00,0x00,0x00,0x00,0x00,0x00,0x00,0x00,0x00,0x00,0x00,0x00,0x00,0x00,0x00,0x00,0x00,0x00,0x00,0x00,0x00,0x00,0x00,0x00,0x00,0x00,0x00,0x00,0x00,0x00,0x00,0x00,
0x00,0x00,0x00,0x00,0x00,0x00,0x00,0x00,0x00,0x00,0x00,0x00,0x00,0x00,0x00,0x00,0x00,0x00,0x00,0x00,0x00,0x00,0x00,0x00,0x00,0x00,0x00,0x00,0x00,0x00,0x00,0x00,
0x00,0x00,0x00,0x00,0x00,0x00,0x00,0x00,0x00,0x00,0x00,0x00,0x00,0x00,0x00,0x00,0x00,0x00,0x00,0x00,0x00,0x00,0x00,0x00,0x00,0x00,0x00,0x00,0x00,0x00,0x00,0x00,
0x00,0x00,0x00,0x00,0x00,0x00,0x00,0x00,0x00,0x00,0x00,0x00,0x00,0x00,0x00,0x00,0x00,0x00,0x00,0x00,0x00,0x00,0x00,0x00,0x00,0x00,0x00,0x00,0x00,0x00,0x00,0x00,
0x00,0x00,0x00,0x00,0x00,0x00,0x00,0x00,0x00,0x00,0x00,0x00,0x00,0x00,0x00,0x00,0x00,0x00,0x00,0x00,0x00,0x00,0x00,0x00,0x00,0x00,0x00,0x00,0x00,0x00,0x00,0x00,
0x00,0x00,0x00,0x00,0x00,0x00,0x00,0x00,0x00,0x00,0x00,0x00,0x00,0x00,0x00,0x00,0x00,0x00,0x00,0x00,0x00,0x00,0x00,0x00,0x00,0x00,0x00,0x00,0x00,0x00,0x00,0x00,
0x00,0x00,0x00,0x00,0x00,0x00,0x00,0x00,0x00,0x00,0x00,0x00,0x00,0x00,0x00,0x00,0x00,0x00,0x00,0x00,0x00,0x00,0x00,0x00,0x00,0x00,0x00,0x00,0x00,0x00,0x00,0x00,
0x00,0x00,0x00,0x00,0x00,0x00,0x00,0x00,0x00,0x00,0x00,0x00,0x00,0x00,0x00,0x00,0x00,0x00,0x00,0x00,0x00,0x00,0x00,0x00,0x00,0x00,0x00,0x00,0x00,0x00,0x00,0x00,
0x00,0x00,0x00,0x00,0x00,0x00,0x00,0x00,0x00,0x00,0x00,0x00,0x00,0x00,0x00,0x00,0x00,0x00,0x00,0x00,0x00,0x00,0x00,0x00,0x00,0x00,0x00,0x00,0x00,0x00,0x00,0x00,
0x00,0x00,0x00,0x00,0x00,0x00,0x00,0x00,0x00,0x00,0x00,0x00,0x00,0x00,0x00,0x00,0x00,0x00,0x00,0x00,0x00,0x00,0x00,0x00,0x00,0x00,0x00,0x00,0x00,0x00,0x00,0x00,
0x00,0x00,0x00,0x00,0x00,0x00,0x00,0x00,0x00,0x00,0x00,0x00,0x00,0x00,0x00,0x00,0x00,0x00,0x00,0x00,0x00,0x00,0x00,0x00,0x00,0x00,0x00,0x00,0x00,0x00,0x00,0x00,
0x00,0x00,0x00,0x00,0x00,0x00,0x00,0x00,0x00,0x00,0x00,0x00,0x00,0x00,0x00,0x00,0x00,0x00,0x00,0x00,0x00,0x00,0x00,0x00,0x00,0x00,0x00,0x00,0x00,0x00,0x00,0x00,
0x00,0x00,0x00,0x00,0x00,0x00,0x00,0x00,0x00,0x00,0x00,0x00,0x00,0x00,0x00,0x00,0x00,0x00,0x00,0x00,0x00,0x00,0x00,0x00,0x00,0x00,0x00,0x00,0x00,0x00,0x00,0x00,
0x00,0x00,0x00,0x00,0x00,0x00,0x00,0x00,0x00,0x00,0x00,0x00,0x00,0x00,0x00,0x00,0x00,0x00,0x00,0x00,0x00,0x00,0x00,0x00,0x00,0x00,0x00,0x00,0x00,0x00,0x00,0x00,
0x00,0x00,0x00,0x00,0x00,0x00,0x00,0x00,0x00,0x00,0x00,0x00,0x00,0x00,0x00,0x00,0x00,0x00,0x00,0x00,0x00,0x00,0x00,0x00,0x00,0x00,0x00,0x00,0x00,0x00,0x00,0x00,
0x00,0x00,0x00,0x00,0x00,0x00,0x00,0x00,0x00,0x00,0x00,0x00,0x00,0x00,0x00,0x00,0x00,0x00,0x00,0x00,0x00,0x00,0x00,0x00,0x00,0x00,0x00,0x00,0x00,0x00,0x00,0x00,
0x00,0x00,0x00,0x00,0x00,0x00,0x00,0x00,0x00,0x00,0x00,0x00,0x00,0x00,0x00,0x00,0x00,0x00,0x00,0x00,0x00,0x00,0x00,0x00,0x00,0x00,0x00,0x00,0x00,0x00,0x00,0x00,
0x00,0x00,0x00,0x00,0x00,0x00,0x00,0x00,0x00,0x00,0x00,0x00,0x00,0x00,0x00,0x00,0x00,0x00,0x00,0x00,0x00,0x00,0x00,0x00,0x00,0x00,0x00,0x00,0x00,0x00,0x00,0x00,
0x00,0x00,0x00,0x00,0x00,0x00,0x00,0x00,0x00,0x00,0x00,0x00,0x00,0x00,0x00,0x00,0x00,0x00,0x00,0x00,0x00,0x00,0x00,0x00,0x00,0x00,0x00,0x00,0x00,0x00,0x00,0x00,
0x00,0x00,0x00,0x00,0x00,0x00,0x00,0x00,0x00,0x00,0x00,0x00,0x00,0x00,0x00,0x00,0x00,0x00,0x00,0x00,0x00,0x00,0x00,0x00,0x00,0x00,0x00,0x00,0x00,0x00,0x00,0x00,
0x00,0x00,0x00,0x00,0x00,0x00,0x00,0x00,0x00,0x00,0x00,0x00,0x00,0x00,0x00,0x00,0x00,0x00,0x00,0x00,0x00,0x00,0x00,0x00,0x00,0x00,0x00,0x00,0x00,0x00,0x00,0x00,
0x00,0x00,0x00,0x00,0x00,0x00,0x00,0x00,0x00,0x00,0x00,0x00,0x00,0x00,0x00,0x00,0x00,0x00,0x00,0x00,0x00,0x00,0x00,0x00,0x00,0x00,0x00,0x00,0x00,0x00,0x00,0x00,
0x00,0x00,0x00,0x00,0x00,0x00,0x00,0x00,0x00,0x00,0x00,0x00,0x00,0x00,0x00,0x00,0x00,0x00,0x00,0x00,0x00,0x00,0x00,0x00,0x00,0x00,0x00,0x00,0x00,0x00,0x00,0x00,
0x00,0x00,0x00,0x00,0x00,0x00,0x00,0x00,0x00,0x00,0x00,0x00,0x00,0x00,0x00,0x00,0x00,0x00,0x00,0x00,0x00,0x00,0x00,0x00,0x00,0x00,0x00,0x00,0x00,0x00,0x00,0x00,
0x00,0x00,0x00,0x00,0x00,0x00,0x00,0x00,0x00,0x00,0x00,0x00,0x00,0x00,0x00,0x00,0x00,0x00,0x00,0x00,0x00,0x00,0x00,0x00,0x00,0x00,0x00,0x00,0x00,0x00,0x00,0x00,
0x00,0x00,0x00,0x00,0x00,0x00,0x00,0x00,0x00,0x00,0x00,0x00,0x00,0x00,0x00,0x00,0x00,0x00,0x00,0x00,0x00,0x00,0x00,0x00,0x00,0x00,0x00,0x00,0x00,0x00,0x00,0x00,
0x00,0x00,0x00,0x00,0x00,0x00,0x00,0x00,0x00,0x00,0x00,0x00,0x00,0x00,0x00,0x00,0x00,0x00,0x00,0x00,0x00,0x00,0x00,0x00,0x00,0x00,0x00,0x00,0x00,0x00,0x00,0x00,
0x00,0x00,0x00,0x00,0x00,0x00,0x00,0x00,0x00,0x00,0x00,0x00,0x00,0x00,0x00,0x00,0x00,0x00,0x00,0x00,0x00,0x00,0x00,0x00,0x00,0x00,0x00,0x00,0x00,0x00,0x00,0x00,
0x00,0x00,0x00,0x00,0x00,0x00,0x00,0x00,0x00,0x00,0x00,0x00,0x00,0x00,0x00,0x00,0x00,0x00,0x00,0x00,0x00,0x00,0x00,0x00,0x00,0x00,0x00,0x00,0x00,0x00,0x00,0x00,
0x00,0x00,0x00,0x00,0x00,0x00,0x00,0x00,0x00,0x00,0x00,0x00,0x00,0x00,0x00,0x00,0x00,0x00,0x00,0x00,0x00,0x00,0x00,0x00,0x00,0x00,0x00,0x00,0x00,0x00,0x00,0x00,
0x00,0x00,0x00,0x00,0x00,0x00,0x00,0x00,0x00,0x00,0x00,0x00,0x00,0x00,0x00,0x00,0x00,0x00,0x00,0x00,0x00,0x00,0x00,0x00,0x00,0x00,0x00,0x00,0x00,0x00,0x00,0x00,
0x00,0x00,0x00,0x00,0x00,0x00,0x00,0x00,0x00,0x00,0x00,0x00,0x00,0x00,0x00,0x00,0x00,0x00,0x00,0x00,0x00,0x00,0x00,0x00,0x00,0x00,0x00,0x00,0x00,0x00,0x00,0x00,
0x00,0x00,0x00,0x00,0x00,0x00,0x00,0x00,0x00,0x00,0x00,0x00,0x00,0x00,0x00,0x00,0x00,0x00,0x00,0x00,0x00,0x00,0x00,0x00,0x00,0x00,0x00,0x00,0x00,0x00,0x00,0x00,
0x00,0x00,0x00,0x00,0x00,0x00,0x00,0x00,0x00,0x00,0x00,0x00,0x00,0x00,0x00,0x00,0x00,0x00,0x00,0x00,0x00,0x00,0x00,0x00,0x00,0x00,0x00,0x00,0x00,0x00,0x00,0x00,
0x00,0x00,0x00,0x00,0x00,0x00,0x00,0x00,0x00,0x00,0x00,0x00,0x00,0x00,0x00,0x00,0x00,0x00,0x00,0x00,0x00,0x00,0x00,0x00,0x00,0x00,0x00,0x00,0x00,0x00,0x00,0x00,
0x00,0x00,0x00,0x00,0x00,0x00,0x00,0x00,0x00,0x00,0x00,0x00,0x00,0x00,0x00,0x00,0x00,0x00,0x00,0x00,0x00,0x00,0x00,0x00,0x00,0x00,0x00,0x00,0x00,0x00,0x00,0x00,
0x00,0x00,0x00,0x00,0x00,0x00,0x00,0x00,0x00,0x00,0x00,0x00,0x00,0x00,0x00,0x00,0x00,0x00,0x00,0x00,0x00,0x00,0x00,0x00,0x00,0x00,0x00,0x00,0x00,0x00,0x00,0x00,
0x00,0x00,0x00,0x00,0x00,0x00,0x00,0x00,0x00,0x00,0x00,0x00,0x00,0x00,0x00,0x00,0x00,0x00,0x00,0x00,0x00,0x00,0x00,0x00,0x00,0x00,0x00,0x00,0x00,0x00,0x00,0x00,
0x00,0x00,0x00,0x00,0x00,0x00,0x00,0x00,0x00,0x00,0x00,0x00,0x00,0x00,0x00,0x00,0x00,0x00,0x00,0x00,0x00,0x00,0x00,0x00,0x00,0x00,0x00,0x00,0x00,0x00,0x00,0x00,
0x00,0x00,0x00,0x00,0x00,0x00,0x00,0x00,0x00,0x00,0x00,0x00,0x00,0x00,0x00,0x00,0x00,0x00,0x00,0x00,0x00,0x00,0x00,0x00,0x00,0x00,0x00,0x00,0x00,0x00,0x00,0x00,
0x00,0x00,0x00,0x00,0x00,0x00,0x00,0x00,0x00,0x00,0x00,0x00,0x00,0x00,0x00,0x00,0x00,0x00,0x00,0x00,0x00,0x00,0x00,0x00,0x00,0x00,0x00,0x00,0x00,0x00,0x00,0x00,
0x00,0x00,0x00,0x00,0x00,0x00,0x00,0x00,0x00,0x00,0x00,0x00,0x00,0x00,0x00,0x00,0x00,0x00,0x00,0x00,0x00,0x00,0x00,0x00,0x00,0x00,0x00,0x00,0x00,0x00,0x00,0x00,
0x00,0x00,0x00,0x00,0x00,0x00,0x00,0x00,0x00,0x00,0x00,0x00,0x00,0x00,0x00,0x00,0x00,0x00,0x00,0x00,0x00,0x00,0x00,0x00,0x00,0x00,0x00,0x00,0x00,0x00,0x00,0x00,
0x00,0x00,0x00,0x00,0x00,0x00,0x00,0x00,0x00,0x00,0x00,0x00,0x00,0x00,0x00,0x00,0x00,0x00,0x00,0x00,0x00,0x00,0x00,0x00,0x00,0x00,0x00,0x00,0x00,0x00,0x00,0x00,
0x00,0x00,0x00,0x00,0x00,0x00,0x00,0x00,0x00,0x00,0x00,0x00,0x00,0x00,0x00,0x00,0x00,0x00,0x00,0x00,0x00,0x00,0x00,0x00,0x00,0x00,0x00,0x00,0x00,0x00,0x00,0x00,
0x00,0x00,0x00,0x00,0x00,0x00,0x00,0x00,0x00,0x00,0x00,0x00,0x00,0x00,0x00,0x00,0x00,0x00,0x00,0x00,0x00,0x00,0x00,0x00,0x00,0x00,0x00,0x00,0x00,0x00,0x00,0x00,
0x00,0x00,0x00,0x00,0x00,0x00,0x00,0x00,0x00,0x00,0x00,0x00,0x00,0x00,0x00,0x00,0x00,0x00,0x00,0x00,0x00,0x00,0x00,0x00,0x00,0x00,0x00,0x00,0x00,0x00,0x00,0x00,
0x00,0x00,0x00,0x00,0x00,0x00,0x00,0x00,0x00,0x00,0x00,0x00,0x00,0x00,0x00,0x00,0x00,0x00,0x00,0x00,0x00,0x00,0x00,0x00,0x00,0x00,0x00,0x00,0x00,0x00,0x00,0x00,
0x00,0x00,0x00,0x00,0x00,0x00,0x00,0x00,0x00,0x00,0x00,0x00,0x00,0x00,0x00,0x00,0x00,0x00,0x00,0x00,0x00,0x00,0x00,0x00,0x00,0x00,0x00,0x00,0x00,0x00,0x00,0x00,
0x00,0x00,0x00,0x00,0x00,0x00,0x00,0x00,0x00,0x00,0x00,0x00,0x00,0x00,0x00,0x00,0x00,0x00,0x00,0x00,0x00,0x00,0x00,0x00,0x00,0x00,0x00,0x00,0x00,0x00,0x00,0x00,
0x00,0x00,0x00,0x00,0x00,0x00,0x00,0x00,0x00,0x00,0x00,0x00,0x00,0x00,0x00,0x00,0x00,0x00,0x00,0x00,0x00,0x00,0x00,0x00,0x00,0x00,0x00,0x00,0x00,0x00,0x00,0x00,
0x00,0x00,0x00,0x00,0x00,0x00,0x00,0x00,0x00,0x00,0x00,0x00,0x00,0x00,0x00,0x00,0x00,0x00,0x00,0x00,0x00,0x00,0x00,0x00,0x00,0x00,0x00,0x00,0x00,0x00,0x00,0x00,
0x00,0x00,0x00,0x00,0x00,0x00,0x00,0x00,0x00,0x00,0x00,0x00,0x00,0x00,0x00,0x00,0x00,0x00,0x00,0x00,0x00,0x00,0x00,0x00,0x00,0x00,0x00,0x00,0x00,0x00,0x00,0x00,
0x00,0x00,0x00,0x00,0x00,0x00,0x00,0x00,0x00,0x00,0x00,0x00,0x00,0x00,0x00,0x00,0x00,0x00,0x00,0x00,0x00,0x00,0x00,0x00,0x00,0x00,0x00,0x00,0x00,0x00,0x00,0x00,
0x00,0x00,0x00,0x00,0x00,0x00,0x00,0x00,0x00,0x00,0x00,0x00,0x00,0x00,0x00,0x00,0x00,0x00,0x00,0x00,0x00,0x00,0x00,0x00,0x00,0x00,0x00,0x00,0x00,0x00,0x00,0x00,
0x00,0x00,0x00,0x00,0x00,0x00,0x00,0x00,0x00,0x00,0x00,0x00,0x00,0x00,0x00,0x00,0x00,0x00,0x00,0x00,0x00,0x00,0x00,0x00,0x00,0x00,0x00,0x00,0x00,0x00,0x00,0x00,
0x00,0x00,0x00,0x00,0x00,0x00,0x00,0x00,0x00,0x00,0x00,0x00,0x00,0x00,0x00,0x00,0x00,0x00,0x00,0x00,0x00,0x00,0x00,0x00,0x00,0x00,0x00,0x00,0x00,0x00,0x00,0x00,
0x00,0x00,0x00,0x00,0x00,0x00,0x00,0x00,0x00,0x00,0x00,0x00,0x00,0x00,0x00,0x00,0x00,0x00,0x00,0x00,0x00,0x00,0x00,0x00,0x00,0x00,0x00,0x00,0x00,0x00,0x00,0x00,
0x00,0x00,0x00,0x00,0x00,0x00,0x00,0x00,0x00,0x00,0x00,0x00,0x00,0x00,0x00,0x00,0x00,0x00,0x00,0x00,0x00,0x00,0x00,0x00,0x00,0x00,0x00,0x00,0x00,0x00,0x00,0x00,
0x00,0x00,0x00,0x00,0x00,0x00,0x00,0x00,0x00,0x00,0x00,0x00,0x00,0x00,0x00,0x00,0x00,0x00,0x00,0x00,0x00,0x00,0x00,0x00,0x00,0x00,0x00,0x00,0x00,0x00,0x00,0x00,
0x00,0x00,0x00,0x00,0x00,0x00,0x00,0x00,0x00,0x00,0x00,0x00,0x00,0x00,0x00,0x00,0x00,0x00,0x00,0x00,0x00,0x00,0x00,0x00,0x00,0x00,0x00,0x00,0x00,0x00,0x00,0x00,
0x00,0x00,0x00,0x00,0x00,0x00,0x00,0x00,0x00,0x00,0x00,0x00,0x00,0x00,0x00,0x00,0x00,0x00,0x00,0x00,0x00,0x00,0x00,0x00,0x00,0x00,0x00,0x00,0x00,0x00,0x00,0x00,
0x00,0x00,0x00,0x00,0x00,0x00,0x00,0x00,0x00,0x00,0x00,0x00,0x00,0x00,0x00,0x00,0x00,0x00,0x00,0x00,0x00,0x00,0x00,0x00,0x00,0x00,0x00,0x00,0x00,0x00,0x00,0x00,
0x00,0x00,0x00,0x00,0x00,0x00,0x00,0x00,0x00,0x00,0x00,0x00,0x00,0x00,0x00,0x00,0x00,0x00,0x00,0x00,0x00,0x00,0x00,0x00,0x00,0x00,0x00,0x00,0x00,0x00,0x00,0x00,
0x00,0x00,0x00,0x00,0x00,0x00,0x00,0x00,0x00,0x00,0x00,0x00,0x00,0x00,0x00,0x00,0x00,0x00,0x00,0x00,0x00,0x00,0x00,0x00,0x00,0x00,0x00,0x00,0x00,0x00,0x00,0x00,
0x00,0x00,0x00,0x00,0x00,0x00,0x00,0x00,0x00,0x00,0x00,0x00,0x00,0x00,0x00,0x00,0x00,0x00,0x00,0x00,0x00,0x00,0x00,0x00,0x00,0x00,0x00,0x00,0x00,0x00,0x00,0x00,
0x00,0x00,0x00,0x00,0x00,0x00,0x00,0x00,0x00,0x00,0x00,0x00,0x00,0x00,0x00,0x00,0x00,0x00,0x00,0x00,0x00,0x00,0x00,0x00,0x00,0x00,0x00,0x00,0x00,0x00,0x00,0x00,
0x00,0x00,0x00,0x00,0x00,0x00,0x00,0x00,0x00,0x00,0x00,0x00,0x00,0x00,0x00,0x00,0x00,0x00,0x00,0x00,0x00,0x00,0x00,0x00,0x00,0x00,0x00,0x00,0x00,0x00,0x00,0x00,
0x00,0x00,0x00,0x00,0x00,0x00,0x00,0x00,0x00,0x00,0x00,0x00,0x00,0x00,0x00,0x00,0x00,0x00,0x00,0x00,0x00,0x00,0x00,0x00,0x00,0x00,0x00,0x00,0x00,0x00,0x00,0x00,
0x00,0x00,0x00,0x00,0x00,0x00,0x00,0x00,0x00,0x00,0x00,0x00,0x00,0x00,0x00,0x00,0x00,0x00,0x00,0x00,0x00,0x00,0x00,0x00,0x00,0x00,0x00,0x00,0x00,0x00,0x00,0x00,
0x00,0x00,0x00,0x00,0x00,0x00,0x00,0x00,0x00,0x00,0x00,0x00,0x00,0x00,0x00,0x00,0x00,0x00,0x00,0x00,0x00,0x00,0x00,0x00,0x00,0x00,0x00,0x00,0x00,0x00,0x00,0x00,
0x00,0x00,0x00,0x00,0x00,0x00,0x00,0x00,0x00,0x00,0x00,0x00,0x00,0x00,0x00,0x00,0x00,0x00,0x00,0x00,0x00,0x00,0x00,0x00,0x00,0x00,0x00,0x00,0x00,0x00,0x00,0x00,
0x00,0x00,0x00,0x00,0x00,0x00,0x00,0x00,0x00,0x00,0x00,0x00,0x00,0x00,0x00,0x00,0x00,0x00,0x00,0x00,0x00,0x00,0x00,0x00,0x00,0x00,0x00,0x00,0x00,0x00,0x00,0x00,
0x00,0x00,0x00,0x00,0x00,0x00,0x00,0x00,0x00,0x00,0x00,0x00,0x00,0x00,0x00,0x00,0x00,0x00,0x00,0x00,0x00,0x00,0x00,0x00,0x00,0x00,0x00,0x00,0x00,0x00,0x00,0x00,
0x00,0x00,0x00,0x00,0x00,0x00,0x00,0x00,0x00,0x00,0x00,0x00,0x00,0x00,0x00,0x00,0x00,0x00,0x00,0x00,0x00,0x00,0x00,0x00,0x00,0x00,0x00,0x00,0x00,0x00,0x00,0x00,
0x00,0x00,0x00,0x00,0x00,0x00,0x00,0x00,0x00,0x00,0x00,0x00,0x00,0x00,0x00,0x00,0x00,0x00,0x00,0x00,0x00,0x00,0x00,0x00,0x00,0x00,0x00,0x00,0x00,0x00,0x00,0x00,
0x00,0x00,0x00,0x00,0x00,0x00,0x00,0x00,0x00,0x00,0x00,0x00,0x00,0x00,0x00,0x00,0x00,0x00,0x00,0x00,0x00,0x00,0x00,0x00,0x00,0x00,0x00,0x00,0x00,0x00,0x00,0x00,
0x00,0x00,0x00,0x00,0x00,0x00,0x00,0x00,0x00,0x00,0x00,0x00,0x00,0x00,0x00,0x00,0x00,0x00,0x00,0x00,0x00,0x00,0x00,0x00,0x00,0x00,0x00,0x00,0x00,0x00,0x00,0x00,
0x00,0x00,0x00,0x00,0x00,0x00,0x00,0x00,0x00,0x00,0x00,0x00,0x00,0x00,0x00,0x00,0x00,0x00,0x00,0x00,0x00,0x00,0x00,0x00,0x00,0x00,0x00,0x00,0x00,0x00,0x00,0x00,
0x00,0x00,0x00,0x00,0x00,0x00,0x00,0x00,0x00,0x00,0x00,0x00,0x00,0x00,0x00,0x00,0x00,0x00,0x00,0x00,0x00,0x00,0x00,0x00,0x00,0x00,0x00,0x00,0x00,0x00,0x00,0x00,
0x00,0x00,0x00,0x00,0x00,0x00,0x00,0x00,0x00,0x00,0x00,0x00,0x00,0x00,0x00,0x00,0x00,0x00,0x00,0x00,0x00,0x00,0x00,0x00,0x00,0x00,0x00,0x00,0x00,0x00,0x00,0x00,
0x00,0x00,0x00,0x00,0x00,0x00,0x00,0x00,0x00,0x00,0x00,0x00,0x00,0x00,0x00,0x00,0x00,0x00,0x00,0x00,0x00,0x00,0x00,0x00,0x00,0x00,0x00,0x00,0xad,0x4a,0xad,0x42,
0xad,0x42,0xad,0x42,0xad,0x42,0xad,0x42,0xad,0x42,0xad,0x42,0xad,0x42,0xad,0x42,0xad,0x42,0xad,0x42,0xad,0x42,0xad,0x42,0xad,0x42,0xad,0x42,0xad,0x42,0xad,0x42,
0xad,0x42,0xad,0x42,0xad,0x42,0xad,0x42,0xad,0x42,0xad,0x42,0xad,0x42,0xad,0x42,0xad,0x42,0xad,0x42,0xad,0x42,0xad,0x42,0xad,0x42,0xad,0x42,0xad,0x42,0xad,0x42,
0xad,0x42,0xad,0x42,0xad,0x42,0xad,0x42,0xad,0x42,0xad,0x42,0xad,0x42,0xad,0x42,0xad,0x42,0xad,0x42,0xad,0x42,0xad,0x42,0xad,0x42,0xad,0x42,0xad,0x42,0xad,0x42,
0xad,0x42,0xad,0x42,0xad,0x42,0xad,0x42,0xad,0x42,0xad,0x42,0xad,0x42,0xad,0x42,0xad,0x42,0xad,0x42,0xad,0x42,0xad,0x42,0xad,0x42,0xad,0x42,0xad,0x42,0xad,0x42,
0xad,0x42,0xad,0x42,0xad,0x42,0xad,0x42,0xad,0x42,0xad,0x42,0xad,0x42,0xad,0x42,0xad,0x42,0xad,0x42,0xad,0x42,0xad,0x42,0xad,0x42,0xad,0x42,0xad,0x42,0xad,0x42,
0xad,0x42,0xad,0x42,0xad,0x42,0xad,0x42,0xad,0x42,0xad,0x42,0xad,0x42,0xad,0x42,0xad,0x42,0xcd,0x42,0x00,0x00,0x00,0x00,0x00,0x00,0x00,0x00,0x00,0x00,0x00,0x00,
0x00,0x00,0x00,0x00,0x00,0x00,0x00,0x00,0x00,0x00,0x00,0x00,0x00,0x00,0x00,0x00,0x00,0x00,0x00,0x00,0x00,0x00,0x00,0x00,0x00,0x00,0x00,0x00,0x00,0x00,0x00,0x00,
0x00,0x00,0x00,0x00,0x00,0x00,0x4d,0x4a,0x8d,0x42,0xad,0x42,0xad,0x42,0xad,0x42,0xad,0x42,0xad,0x42,0xad,0x42,0xad,0x42,0xad,0x42,0xad,0x42,0xad,0x42,0xad,0x42,
0xad,0x42,0xad,0x42,0xad,0x42,0xad,0x42,0xad,0x42,0xad,0x42,0xad,0x42,0xad,0x42,0xad,0x42,0xad,0x42,0xad,0x42,0xad,0x42,0xad,0x42,0xad,0x42,0xad,0x42,0xad,0x42,
0xad,0x42,0xad,0x42,0xad,0x42,0xad,0x42,0xad,0x42,0xad,0x42,0xad,0x42,0xad,0x42,0xad,0x42,0xad,0x42,0xad,0x42,0xad,0x42,0xad,0x42,0xad,0x42,0xad,0x42,0xad,0x42,
0xad,0x42,0xad,0x42,0xad,0x42,0xad,0x42,0xad,0x42,0xad,0x42,0xad,0x42,0xad,0x42,0xad,0x42,0xad,0x42,0xad,0x42,0xad,0x42,0xad,0x42,0xad,0x42,0xad,0x42,0xad,0x42,
0xad,0x42,0xad,0x42,0xad,0x42,0xad,0x42,0xad,0x42,0xad,0x42,0xad,0x42,0xad,0x42,0xad,0x42,0xad,0x42,0xad,0x42,0xad,0x42,0xad,0x42,0xad,0x42,0xad,0x42,0xad,0x42,
0xad,0x42,0xad,0x42,0xad,0x42,0xad,0x42,0xad,0x42,0xad,0x42,0xad,0x42,0xad,0x42,0xad,0x42,0xad,0x42,0xad,0x42,0xad,0x42,0xad,0x42,0xad,0x42,0xad,0x42,0xad,0x42,
0xad,0x42,0xad,0x42,0xad,0x42,0xac,0x42,0x4d,0x4a,0x00,0x00,0x00,0x00,0x00,0x00,0x00,0x00,0x00,0x00,0x00,0x00,0x00,0x00,0x00,0x00,0x00,0x00,0x00,0x00,0x00,0x00,
0x00,0x00,0x00,0x00,0x00,0x00,0x00,0x00,0x00,0x00,0x00,0x00,0x00,0x00,0x00,0x00,0x00,0x00,0x00,0x00,0xac,0x42,0xad,0x42,0xad,0x42,0xad,0x42,0xad,0x42,0xad,0x42,
0xad,0x42,0xad,0x42,0xad,0x42,0xad,0x42,0xad,0x42,0xad,0x42,0xad,0x42,0xad,0x42,0xad,0x42,0xad,0x42,0xad,0x42,0xad,0x42,0xad,0x42,0xad,0x42,0xad,0x42,0xad,0x42,
0xad,0x42,0xad,0x42,0xad,0x42,0xad,0x42,0xad,0x42,0xad,0x42,0xad,0x42,0xad,0x42,0xad,0x42,0xad,0x42,0xad,0x42,0xad,0x42,0xad,0x42,0xad,0x42,0xad,0x42,0xad,0x42,
0xad,0x42,0xad,0x42,0xad,0x42,0xad,0x42,0xad,0x42,0xad,0x42,0xad,0x42,0xad,0x42,0xad,0x42,0xad,0x42,0xad,0x42,0xad,0x42,0xad,0x42,0xad,0x42,0xad,0x42,0xad,0x42,
0xad,0x42,0xad,0x42,0xad,0x42,0xad,0x42,0xad,0x42,0xad,0x42,0xad,0x42,0xad,0x42,0xad,0x42,0xad,0x42,0xad,0x42,0xad,0x42,0xad,0x42,0xad,0x42,0xad,0x42,0xad,0x42,
0xad,0x42,0xad,0x42,0xad,0x42,0xad,0x42,0xad,0x42,0xad,0x42,0xad,0x42,0xad,0x42,0xad,0x42,0xad,0x42,0xad,0x42,0xad,0x42,0xad,0x42,0xad,0x42,0xad,0x42,0xad,0x42,
0xad,0x42,0xad,0x42,0xad,0x42,0xad,0x42,0xad,0x42,0xad,0x42,0xad,0x42,0xad,0x42,0xad,0x42,0xad,0x42,0xad,0x42,0xad,0x42,0x8d,0x42,0xac,0x4a,0x00,0x00,0x00,0x00,
0x00,0x00,0x00,0x00,0x00,0x00,0x00,0x00,0x00,0x00,0x00,0x00,0x00,0x00,0x00,0x00,0x00,0x00,0x00,0x00,0x00,0x00,0x00,0x00,0x00,0x00,0x00,0x00,0x00,0x00,0x00,0x00,
0x00,0x00,0xad,0x42,0x8c,0x42,0x8c,0x42,0x8c,0x42,0x8c,0x42,0x8c,0x42,0x8c,0x42,0x8c,0x42,0x8c,0x42,0x8c,0x42,0x8c,0x42,0x8c,0x42,0x8c,0x42,0x8c,0x42,0x8c,0x42,
0x8c,0x42,0x8c,0x42,0x8c,0x42,0x8c,0x42,0x8c,0x42,0x8c,0x42,0x8c,0x42,0x8c,0x42,0x8c,0x42,0x8c,0x42,0x8c,0x42,0x8c,0x42,0x8c,0x42,0x8c,0x42,0x8c,0x42,0x8c,0x42,
0x8c,0x42,0x8c,0x42,0x8c,0x42,0x8c,0x42,0x8c,0x42,0x8c,0x42,0x8c,0x42,0x8c,0x42,0x8c,0x42,0x8c,0x42,0x8c,0x42,0x8c,0x42,0x8c,0x42,0x8c,0x42,0x8c,0x42,0x8c,0x42,
0x8c,0x42,0x8c,0x42,0x8c,0x42,0x8c,0x42,0x8c,0x42,0x8c,0x42,0x8c,0x42,0x8c,0x42,0x8c,0x42,0x8c,0x42,0x8c,0x42,0x8c,0x42,0x8c,0x42,0x8c,0x42,0x8c,0x42,0x8c,0x42,
0x8c,0x42,0x8c,0x42,0x8c,0x42,0x8c,0x42,0x8c,0x42,0x8c,0x42,0x8c,0x42,0x8c,0x42,0x8c,0x42,0x8c,0x42,0x8c,0x42,0x8c,0x42,0x8c,0x42,0x8c,0x42,0x8c,0x42,0x8c,0x42,
0x8c,0x42,0x8c,0x42,0x8c,0x42,0x8c,0x42,0x8c,0x42,0x8c,0x42,0x8c,0x42,0x8c,0x42,0x8c,0x42,0x8c,0x42,0x8c,0x42,0x8c,0x42,0x8c,0x42,0x8c,0x42,0x8c,0x42,0x8c,0x42,
0x8c,0x42,0x8c,0x42,0x8c,0x42,0x8c,0x42,0x8c,0x42,0x8c,0x42,0x8d,0x42,0x10,0x84,0x00,0x00,0x00,0x00,0x00,0x00,0x00,0x00,0x00,0x00,0x00,0x00,0x00,0x00,0x00,0x00,
0x00,0x00,0x00,0x00,0x00,0x00,0x00,0x00,0x00,0x00,0x00,0x00,0x00,0x00,0x00,0x00,0x8c,0x42,0x8c,0x42,0x8c,0x42,0x8c,0x42,0x8c,0x42,0x8c,0x42,0x8c,0x42,0x8c,0x42,
0x8c,0x42,0x8c,0x42,0x8c,0x42,0x8c,0x42,0x8c,0x42,0x8c,0x42,0x8c,0x42,0x8c,0x42,0x8c,0x42,0x8c,0x42,0x8c,0x42,0x8c,0x42,0x8c,0x42,0x8c,0x42,0x8c,0x42,0x8c,0x42,
0x8c,0x42,0x8c,0x42,0x8c,0x42,0x8c,0x42,0x8c,0x42,0x8c,0x42,0x8c,0x42,0x8c,0x42,0x8c,0x42,0x8c,0x42,0x8c,0x42,0x8c,0x42,0x8c,0x42,0x8c,0x42,0x8c,0x42,0x8c,0x42,
0x8c,0x42,0x8c,0x42,0x8c,0x42,0x8c,0x42,0x8c,0x42,0x8c,0x42,0x8c,0x42,0x8c,0x42,0x8c,0x42,0x8c,0x42,0x8c,0x42,0x8c,0x42,0x8c,0x42,0x8c,0x42,0x8c,0x42,0x8c,0x42,
0x8c,0x42,0x8c,0x42,0x8c,0x42,0x8c,0x42,0x8c,0x42,0x8c,0x42,0x8c,0x42,0x8c,0x42,0x8c,0x42,0x8c,0x42,0x8c,0x42,0x8c,0x42,0x8c,0x42,0x8c,0x42,0x8c,0x42,0x8c,0x42,
0x8c,0x42,0x8c,0x42,0x8c,0x42,0x8c,0x42,0x8c,0x42,0x8c,0x42,0x8c,0x42,0x8c,0x42,0x8c,0x42,0x8c,0x42,0x8c,0x42,0x8c,0x42,0x8c,0x42,0x8c,0x42,0x8c,0x42,0x8c,0x42,
0x8c,0x42,0x8c,0x42,0x8c,0x42,0x8c,0x42,0x8c,0x42,0x8c,0x42,0x8c,0x42,0x8c,0x42,0x8c,0x42,0x8c,0x42,0x8c,0x42,0x8c,0x42,0x8c,0x42,0x8c,0x42,0x8c,0x42,0x8c,0x42,
0x00,0x00,0x00,0x00,0x00,0x00,0x00,0x00,0x00,0x00,0x00,0x00,0x00,0x00,0x00,0x00,0x00,0x00,0x00,0x00,0x00,0x00,0x00,0x00,0x00,0x00,0x00,0x00,0x00,0x00,0x8c,0x42,
0x8c,0x42,0x8c,0x42,0x8c,0x42,0x8c,0x42,0x8c,0x42,0x8c,0x42,0x8c,0x42,0x8c,0x42,0x8c,0x42,0x8c,0x42,0x8c,0x42,0x8c,0x42,0x8c,0x42,0x8c,0x42,0x8c,0x42,0x8c,0x42,
0x8c,0x42,0x8c,0x42,0x8c,0x42,0x8c,0x42,0x8c,0x42,0x8c,0x42,0x8c,0x42,0x8c,0x42,0x8c,0x42,0x8c,0x42,0x8c,0x42,0x8c,0x42,0x8c,0x42,0x8c,0x42,0x8c,0x42,0x8c,0x42,
0x8c,0x42,0x8c,0x42,0x8c,0x42,0x8c,0x42,0x8c,0x42,0x8c,0x42,0x8c,0x42,0x8c,0x42,0x8c,0x42,0x8c,0x42,0x8c,0x42,0x8c,0x42,0x8c,0x42,0x8c,0x42,0x8c,0x42,0x8c,0x42,
0x8c,0x42,0x8c,0x42,0x8c,0x42,0x8c,0x42,0x8c,0x42,0x8c,0x42,0x8c,0x42,0x8c,0x42,0x8c,0x42,0x8c,0x42,0x8c,0x42,0x8c,0x42,0x8c,0x42,0x8c,0x42,0x8c,0x42,0x8c,0x42,
0x8c,0x42,0x8c,0x42,0x8c,0x42,0x8c,0x42,0x8c,0x42,0x8c,0x42,0x8c,0x42,0x8c,0x42,0x8c,0x42,0x8c,0x42,0x8c,0x42,0x8c,0x42,0x8c,0x42,0x8c,0x42,0x8c,0x42,0x8c,0x42,
0x8c,0x42,0x8c,0x42,0x8c,0x42,0x8c,0x42,0x8c,0x42,0x8c,0x42,0x8c,0x42,0x8c,0x42,0x8c,0x42,0x8c,0x42,0x8c,0x42,0x8c,0x42,0x8c,0x42,0x8c,0x42,0x8c,0x42,0x8c,0x42,
0x8c,0x42,0x8c,0x42,0x8c,0x42,0x8c,0x42,0x8c,0x42,0x8c,0x42,0x8c,0x42,0x8c,0x42,0x8c,0x42,0x00,0x00,0x00,0x00,0x00,0x00,0x00,0x00,0x00,0x00,0x00,0x00,0x00,0x00,
0x00,0x00,0x00,0x00,0x00,0x00,0x00,0x00,0x00,0x00,0x00,0x00,0x8c,0x42,0x8c,0x42,0x8c,0x42,0x8c,0x42,0x8c,0x42,0x8c,0x42,0x8c,0x42,0x8c,0x42,0x8c,0x42,0x8c,0x42,
0x8c,0x42,0x8c,0x42,0x8c,0x42,0x8c,0x42,0x8c,0x42,0x8c,0x42,0x8c,0x42,0x8c,0x42,0x8c,0x42,0x8c,0x42,0x8c,0x42,0x8c,0x42,0x8c,0x42,0x8c,0x42,0x8c,0x42,0x8c,0x42,
0x8c,0x42,0x8c,0x42,0x8c,0x42,0x8c,0x42,0x8c,0x42,0x8c,0x42,0x8c,0x42,0x8c,0x42,0x8c,0x42,0x8c,0x42,0x8c,0x42,0x8c,0x42,0x8c,0x42,0x8c,0x42,0x8c,0x42,0x8c,0x42,
0x8c,0x42,0x8c,0x42,0x8c,0x42,0x8c,0x42,0x8c,0x42,0x8c,0x42,0x8c,0x42,0x8c,0x42,0x8c,0x42,0x8c,0x42,0x8c,0x42,0x8c,0x42,0x8c,0x42,0x8c,0x42,0x8c,0x42,0x8c,0x42,
0x8c,0x42,0x8c,0x42,0x8c,0x42,0x8c,0x42,0x8c,0x42,0x8c,0x42,0x8c,0x42,0x8c,0x42,0x8c,0x42,0x8c,0x42,0x8c,0x42,0x8c,0x42,0x8c,0x42,0x8c,0x42,0x8c,0x42,0x8c,0x42,
0x8c,0x42,0x8c,0x42,0x8c,0x42,0x8c,0x42,0x8c,0x42,0x8c,0x42,0x8c,0x42,0x8c,0x42,0x8c,0x42,0x8c,0x42,0x8c,0x42,0x8c,0x42,0x8c,0x42,0x8c,0x42,0x8c,0x42,0x8c,0x42,
0x8c,0x42,0x8c,0x42,0x8c,0x42,0x8c,0x42,0x8c,0x42,0x8c,0x42,0x8c,0x42,0x8c,0x42,0x8c,0x42,0x8c,0x42,0x8c,0x42,0x8c,0x42,0x8c,0x42,0x8c,0x42,0x8c,0x42,0x8c,0x42,
0x8c,0x42,0x8c,0x42,0x00,0x00,0x00,0x00,0x00,0x00,0x00,0x00,0x00,0x00,0x00,0x00,0x00,0x00,0x00,0x00,0x00,0x00,0x00,0x00,0x00,0x00,0x00,0x00,0x8c,0x42,0x8c,0x42,
0x8c,0x42,0x8c,0x42,0x8c,0x42,0x8c,0x42,0x8c,0x42,0x8c,0x42,0x8c,0x42,0x8c,0x42,0x8c,0x42,0x8c,0x42,0x8c,0x42,0x8c,0x42,0x8c,0x42,0x8c,0x42,0x8c,0x42,0x8c,0x42,
0x8c,0x42,0x8c,0x42,0x8c,0x42,0x8c,0x42,0x8c,0x42,0x8c,0x42,0x8c,0x42,0x8c,0x42,0x8c,0x42,0x8c,0x42,0x8c,0x42,0x8c,0x42,0x8c,0x42,0x8c,0x42,0x8c,0x42,0x8c,0x42,
0x8c,0x42,0x8c,0x42,0x8c,0x42,0x8c,0x42,0x8c,0x42,0x8c,0x42,0x8c,0x42,0x8c,0x42,0x8c,0x42,0x8c,0x42,0x8c,0x42,0x8c,0x42,0x8c,0x42,0x8c,0x42,0x8c,0x42,0x8c,0x42,
0x8c,0x42,0x8c,0x42,0x8c,0x42,0x8c,0x42,0x8c,0x42,0x8c,0x42,0x8c,0x42,0x8c,0x42,0x8c,0x42,0x8c,0x42,0x8c,0x42,0x8c,0x42,0x8c,0x42,0x8c,0x42,0x8c,0x42,0x8c,0x42,
0x8c,0x42,0x8c,0x42,0x8c,0x42,0x8c,0x42,0x8c,0x42,0x8c,0x42,0x8c,0x42,0x8c,0x42,0x8c,0x42,0x8c,0x42,0x8c,0x42,0x8c,0x42,0x8c,0x42,0x8c,0x42,0x8c,0x42,0x8c,0x42,
0x8c,0x42,0x8c,0x42,0x8c,0x42,0x8c,0x42,0x8c,0x42,0x8c,0x42,0x8c,0x42,0x8c,0x42,0x8c,0x42,0x8c,0x42,0x8c,0x42,0x8c,0x42,0x8c,0x42,0x8c,0x42,0x8c,0x42,0x8c,0x42,
0x8c,0x42,0x8c,0x42,0x8c,0x42,0x8c,0x42,0x8c,0x42,0x8c,0x42,0x8c,0x42,0x8c,0x42,0x8c,0x42,0x8c,0x42,0x00,0x00,0x00,0x00,0x00,0x00,0x00,0x00,0x00,0x00,0x00,0x00,
0x00,0x00,0x00,0x00,0x00,0x00,0x00,0x00,0x00,0x00,0x8c,0x42,0x8c,0x42,0x8c,0x42,0x8c,0x42,0x8c,0x42,0x8c,0x42,0x8c,0x42,0x8c,0x42,0x8c,0x42,0x8c,0x42,0x8c,0x42,
0xee,0x42,0x36,0x44,0x1b,0x3d,0x5e,0x3d,0x7e,0x45,0x7e,0x45,0x7e,0x45,0x5e,0x45,0x5e,0x45,0x5e,0x45,0x3e,0x45,0x3e,0x45,0x3e,0x45,0x3e,0x45,0x1e,0x45,0x1e,0x45,
0x1e,0x45,0x1e,0x45,0xfe,0x44,0xfe,0x44,0xfe,0x4c,0xfe,0x4c,0xde,0x4c,0xde,0x4c,0xde,0x4c,0xbe,0x4c,0xbe,0x4c,0xbe,0x4c,0xbe,0x4c,0x9e,0x4c,0x9e,0x4c,0x9e,0x4c,
0x9e,0x4c,0x7e,0x4c,0x7e,0x4c,0x7e,0x54,0x7e,0x54,0x5e,0x54,0x5e,0x54,0x5e,0x54,0x5e,0x54,0x3e,0x54,0x3e,0x54,0x3e,0x54,0x1e,0x54,0x1e,0x54,0x1e,0x54,0x1e,0x54,
0xfe,0x53,0xfe,0x53,0xfe,0x5b,0xfe,0x5b,0xde,0x5b,0xde,0x5b,0xde,0x5b,0xde,0x5b,0xbe,0x5b,0xbe,0x5b,0xbe,0x5b,0x9e,0x5b,0x9e,0x5b,0x9e,0x5b,0x9e,0x5b,0x7e,0x5b,
0x7e,0x5b,0x7e,0x63,0x7e,0x63,0x5e,0x63,0x5e,0x63,0x5e,0x63,0x5e,0x63,0x3e,0x63,0x3e,0x63,0x3e,0x63,0x3e,0x63,0x1d,0x6b,0x1d,0x6b,0x1d,0x6b,0x1d,0x6b,0xfd,0x6a,
0xfd,0x6a,0xfd,0x72,0xfd,0x72,0xdd,0x72,0xdc,0x72,0xba,0x6a,0xb5,0x5a,0x8e,0x4a,0x8c,0x42,0x8c,0x42,0x8c,0x42,0x8c,0x42,0x8c,0x42,0x8c,0x42,0x8c,0x42,0x8c,0x42,
0x8c,0x42,0x8c,0x42,0x6c,0x42,0x00,0x00,0x00,0x00,0x00,0x00,0x00,0x00,0x00,0x00,0x00,0x00,0x00,0x00,0x00,0x00,0x00,0x00,0x00,0x00,0x8c,0x42,0x8c,0x42,0x8c,0x42,
0x8c,0x42,0x8c,0x42,0x8c,0x42,0x8c,0x42,0x8c,0x42,0x8c,0x42,0x8c,0x42,0xf5,0x3b,0x7e,0x3d,0x9e,0x3d,0x7e,0x3d,0x7e,0x3d,0x7e,0x45,0x7e,0x45,0x5e,0x45,0x5e,0x45,
0x5e,0x45,0x5e,0x45,0x3e,0x45,0x3e,0x45,0x3e,0x45,0x1e,0x45,0x1e,0x45,0x1e,0x45,0x1e,0x45,0xfe,0x44,0xfe,0x44,0xfe,0x4c,0xfe,0x4c,0xde,0x4c,0xde,0x4c,0xde,0x4c,
0xde,0x4c,0xbe,0x4c,0xbe,0x4c,0xbe,0x4c,0xbe,0x4c,0x9e,0x4c,0x9e,0x4c,0x9e,0x4c,0x7e,0x4c,0x7e,0x4c,0x7e,0x54,0x7e,0x54,0x5e,0x54,0x5e,0x54,0x5e,0x54,0x5e,0x54,
0x3e,0x54,0x3e,0x54,0x3e,0x54,0x3e,0x54,0x1e,0x54,0x1e,0x54,0x1e,0x54,0xfe,0x53,0xfe,0x53,0xfe,0x5b,0xfe,0x5b,0xde,0x5b,0xde,0x5b,0xde,0x5b,0xde,0x5b,0xbe,0x5b,
0xbe,0x5b,0xbe,0x5b,0xbe,0x5b,0x9e,0x5b,0x9e,0x5b,0x9e,0x5b,0x7e,0x5b,0x7e,0x5b,0x7e,0x5b,0x7e,0x63,0x5e,0x63,0x5e,0x63,0x5e,0x63,0x5e,0x63,0x3e,0x63,0x3e,0x63,
0x3e,0x63,0x3e,0x63,0x1e,0x63,0x1d,0x6b,0x1d,0x6b,0x1d,0x6b,0xfd,0x6a,0xfd,0x6a,0xfd,0x72,0xfd,0x72,0xdd,0x72,0xdd,0x72,0xdd,0x72,0xdd,0x72,0xdd,0x7a,0xbc,0x7a,
0x94,0x5a,0x8c,0x42,0x8c,0x42,0x8c,0x42,0x8c,0x42,0x8c,0x42,0x8c,0x42,0x8c,0x42,0x8c,0x42,0x8c,0x42,0x8c,0x42,0x00,0x00,0x00,0x00,0x00,0x00,0x00,0x00,0x00,0x00,
0x00,0x00,0x00,0x00,0x00,0x00,0x00,0x00,0x00,0x00,0x8c,0x42,0x6c,0x42,0x6c,0x42,0x6c,0x42,0x6c,0x42,0x6c,0x42,0x6c,0x42,0x6c,0x42,0x6c,0x42,0x36,0x3c,0x9e,0x3d,
0x9e,0x3d,0x7e,0x3d,0x7e,0x3d,0x7e,0x45,0x7e,0x45,0x5e,0x45,0x5e,0x45,0x5e,0x45,0x5e,0x45,0x3e,0x45,0x3e,0x45,0x3e,0x45,0x3e,0x45,0x1e,0x45,0x1e,0x45,0x1e,0x45,
0x1e,0x45,0xfe,0x44,0xfe,0x4c,0xfe,0x4c,0xde,0x4c,0xde,0x4c,0xde,0x4c,0xde,0x4c,0xbe,0x4c,0xbe,0x4c,0xbe,0x4c,0xbe,0x4c,0x9e,0x4c,0x9e,0x4c,0x9e,0x4c,0x9e,0x4c,
0x7e,0x4c,0x7e,0x4c,0x7e,0x54,0x5e,0x54,0x5e,0x54,0x5e,0x54,0x5e,0x54,0x3e,0x54,0x3e,0x54,0x3e,0x54,0x3e,0x54,0x1e,0x54,0x1e,0x54,0x1e,0x54,0x1e,0x54,0xfe,0x53,
0xfe,0x53,0xfe,0x5b,0xde,0x5b,0xde,0x5b,0xde,0x5b,0xde,0x5b,0xbe,0x5b,0xbe,0x5b,0xbe,0x5b,0xbe,0x5b,0x9e,0x5b,0x9e,0x5b,0x9e,0x5b,0x9e,0x5b,0x7e,0x5b,0x7e,0x5b,
0x7e,0x63,0x7e,0x63,0x5e,0x63,0x5e,0x63,0x5e,0x63,0x3e,0x63,0x3e,0x63,0x3e,0x63,0x3e,0x63,0x1e,0x63,0x1d,0x6b,0x1d,0x6b,0x1d,0x6b,0x1d,0x6b,0xfd,0x6a,0xfd,0x6a,
0xfd,0x72,0xfd,0x72,0xdd,0x72,0xdd,0x72,0xdd,0x72,0xdd,0x7a,0xbd,0x7a,0xbd,0x7a,0xbd,0x7a,0x95,0x62,0x6c,0x42,0x6c,0x42,0x6c,0x42,0x6c,0x42,0x6c,0x42,0x6c,0x42,
0x6c,0x42,0x6c,0x42,0x6c,0x42,0x00,0x00,0x00,0x00,0x00,0x00,0x00,0x00,0x00,0x00,0x00,0x00,0x00,0x00,0x00,0x00,0x00,0x00,0x00,0x00,0x8c,0x42,0x6c,0x42,0x6c,0x42,
0x6c,0x42,0x6c,0x42,0x6c,0x42,0x6c,0x42,0x6c,0x42,0x72,0x3b,0x9e,0x3d,0x9e,0x3d,0x9e,0x3d,0x7e,0x3d,0x7e,0x45,0x7e,0x45,0x7e,0x45,0x5e,0x45,0x5e,0x45,0x5e,0x45,
0x3e,0x45,0x3e,0x45,0x3e,0x45,0x3e,0x45,0x1e,0x45,0x1e,0x45,0x1e,0x45,0x1e,0x45,0xfe,0x44,0xfe,0x44,0xfe,0x4c,0xfe,0x4c,0xde,0x4c,0xde,0x4c,0xde,0x4c,0xbe,0x4c,
0xbe,0x4c,0xbe,0x4c,0xbe,0x4c,0x9e,0x4c,0x9e,0x4c,0x9e,0x4c,0x9e,0x4c,0x7e,0x4c,0x7e,0x4c,0x7e,0x54,0x7e,0x54,0x5e,0x54,0x5e,0x54,0x5e,0x54,0x3e,0x54,0x3e,0x54,
0x3e,0x54,0x3e,0x54,0x1e,0x54,0x1e,0x54,0x1e,0x54,0x1e,0x54,0xfe,0x53,0xfe,0x53,0xfe,0x5b,0xfe,0x5b,0xde,0x5b,0xde,0x5b,0xde,0x5b,0xde,0x5b,0xbe,0x5b,0xbe,0x5b,
0xbe,0x5b,0x9e,0x5b,0x9e,0x5b,0x9e,0x5b,0x9e,0x5b,0x7e,0x5b,0x7e,0x5b,0x7e,0x63,0x7e,0x63,0x5e,0x63,0x5e,0x63,0x5e,0x63,0x5e,0x63,0x3e,0x63,0x3e,0x63,0x3e,0x63,
0x3e,0x63,0x1d,0x6b,0x1d,0x6b,0x1d,0x6b,0x1d,0x6b,0xfd,0x6a,0xfd,0x6a,0xfd,0x72,0xfd,0x72,0xdd,0x72,0xdd,0x72,0xdd,0x72,0xdd,0x72,0xbd,0x7a,0xbd,0x7a,0xbd,0x7a,
0xbd,0x7a,0x9d,0x7a,0x91,0x52,0x6c,0x42,0x6c,0x42,0x6c,0x42,0x6c,0x42,0x6c,0x42,0x6c,0x42,0x6c,0x42,0x6c,0x42,0x00,0x00,0x00,0x00,0x00,0x00,0x00,0x00,0x00,0x00,
0x00,0x00,0x00,0x00,0x00,0x00,0x00,0x00,0x00,0x00,0x6c,0x42,0x6c,0x42,0x6c,0x42,0x6c,0x42,0x6c,0x42,0x6c,0x42,0x6c,0x42,0x6c,0x42,0x1c,0x3d,0x9e,0x3d,0x9e,0x3d,
0x7e,0x3d,0x7e,0x3d,0x7e,0x45,0x7e,0x45,0x5e,0x45,0x5e,0x45,0x5e,0x45,0x5e,0x45,0x3e,0x45,0x3e,0x45,0x3e,0x45,0x1e,0x45,0x1e,0x45,0x1e,0x45,0x1e,0x45,0xfe,0x44,
0xfe,0x44,0xfe,0x4c,0xfe,0x4c,0xde,0x4c,0xde,0x4c,0xde,0x4c,0xde,0x4c,0xbe,0x4c,0xbe,0x4c,0xbe,0x4c,0x9e,0x4c,0x9e,0x4c,0x9e,0x4c,0x9e,0x4c,0x7e,0x4c,0x7e,0x4c,
0x7e,0x54,0x7e,0x54,0x5e,0x54,0x5e,0x54,0x5e,0x54,0x5e,0x54,0x3e,0x54,0x3e,0x54,0x3e,0x54,0x3e,0x54,0x1e,0x54,0x1e,0x54,0x1e,0x54,0xfe,0x53,0xfe,0x53,0xfe,0x5b,
0xfe,0x5b,0xde,0x5b,0xde,0x5b,0xde,0x5b,0xde,0x5b,0xbe,0x5b,0xbe,0x5b,0xbe,0x5b,0xbe,0x5b,0x9e,0x5b,0x9e,0x5b,0x9e,0x5b,0x7e,0x5b,0x7e,0x5b,0x7e,0x5b,0x7e,0x63,
0x5e,0x63,0x5e,0x63,0x5e,0x63,0x5e,0x63,0x3e,0x63,0x3e,0x63,0x3e,0x63,0x3e,0x63,0x1e,0x63,0x1d,0x6b,0x1d,0x6b,0x1d,0x6b,0xfd,0x6a,0xfd,0x6a,0xfd,0x72,0xfd,0x72,
0xdd,0x72,0xdd,0x72,0xdd,0x72,0xdd,0x72,0xbd,0x7a,0xbd,0x7a,0xbd,0x7a,0xbd,0x7a,0xbd,0x7a,0x9d,0x7a,0x9a,0x72,0x6c,0x42,0x6c,0x42,0x6c,0x42,0x6c,0x42,0x6c,0x42,
0x6c,0x42,0x6c,0x42,0x6c,0x42,0x00,0x00,0x00,0x00,0x00,0x00,0x00,0x00,0x00,0x00,0x00,0x00,0x00,0x00,0x00,0x00,0x00,0x00,0x00,0x00,0x6c,0x42,0x6c,0x42,0x6c,0x42,
0x6c,0x42,0x6c,0x42,0x6c,0x42,0x6c,0x42,0x0f,0x3b,0x9e,0x3d,0x9e,0x3d,0x7e,0x3d,0x7e,0x3d,0x7e,0x45,0x7e,0x45,0x5e,0x45,0x5e,0x45,0x5e,0x45,0x5e,0x45,0x3e,0x45,
0x3e,0x45,0x3e,0x45,0x3e,0x45,0x1e,0x45,0x1e,0x45,0x1e,0x45,0xfe,0x44,0xfe,0x44,0xfe,0x4c,0xfe,0x4c,0xde,0x4c,0xde,0x4c,0xde,0x4c,0xde,0x4c,0xbe,0x4c,0xbe,0x4c,
0xbe,0x4c,0xbe,0x4c,0x9e,0x4c,0x9e,0x4c,0x9e,0x4c,0x9e,0x4c,0x7e,0x4c,0x7e,0x54,0x7e,0x54,0x5e,0x54,0x5e,0x54,0x5e,0x54,0x5e,0x54,0x3e,0x54,0x3e,0x54,0x3e,0x54,
0x3e,0x54,0x1e,0x54,0x1e,0x54,0x1e,0x54,0x1e,0x54,0xfe,0x53,0xfe,0x53,0xfe,0x5b,0xde,0x5b,0xde,0x5b,0xde,0x5b,0xde,0x5b,0xbe,0x5b,0xbe,0x5b,0xbe,0x5b,0xbe,0x5b,
0x9e,0x5b,0x9e,0x5b,0x9e,0x5b,0x9e,0x5b,0x7e,0x5b,0x7e,0x5b,0x7e,0x63,0x5e,0x63,0x5e,0x63,0x5e,0x63,0x5e,0x63,0x3e,0x63,0x3e,0x63,0x3e,0x63,0x3e,0x63,0x1e,0x63,
0x1d,0x6b,0x1d,0x6b,0x1d,0x6b,0xfd,0x6a,0xfd,0x6a,0xfd,0x6a,0xfd,0x72,0xfd,0x72,0xdd,0x72,0xdd,0x72,0xdd,0x72,0xdd,0x7a,0xbd,0x7a,0xbd,0x7a,0xbd,0x7a,0xbd,0x7a,
0x9d,0x7a,0x9d,0x82,0x9c,0x82,0x6f,0x4a,0x6c,0x42,0x6c,0x42,0x6c,0x42,0x6c,0x42,0x6c,0x42,0x6c,0x42,0x6c,0x42,0x00,0x00,0x00,0x00,0x00,0x00,0x00,0x00,0x00,0x00,
0x00,0x00,0x00,0x00,0x00,0x00,0x00,0x00,0x00,0x00,0x6c,0x42,0x6c,0x42,0x6c,0x42,0x6c,0x42,0x6c,0x42,0x6c,0x42,0x6c,0x42,0xb3,0x3b,0x9e,0x3d,0x9e,0x3d,0x7e,0x3d,
0x7e,0x45,0x7e,0x45,0x5e,0x45,0x5e,0x45,0x5e,0x45,0x5e,0x45,0x3e,0x45,0x3e,0x45,0x3e,0x45,0x3e,0x45,0x1e,0x45,0x1e,0x45,0x1e,0x45,0x1e,0x45,0xfe,0x44,0xfe,0x4c,
0xfe,0x4c,0xfe,0x4c,0xde,0x4c,0xde,0x4c,0xde,0x4c,0xbe,0x4c,0xbe,0x4c,0xbe,0x4c,0xbe,0x4c,0x9e,0x4c,0x9e,0x4c,0x9e,0x4c,0x9e,0x4c,0x7e,0x4c,0x7e,0x4c,0x7e,0x54,
0x7e,0x54,0x5e,0x54,0x5e,0x54,0x5e,0x54,0x3e,0x54,0x3e,0x54,0x3e,0x54,0x3e,0x54,0x1e,0x54,0x1e,0x54,0x1e,0x54,0x1e,0x54,0xfe,0x53,0xfe,0x53,0xfe,0x5b,0xfe,0x5b,
0xde,0x5b,0xde,0x5b,0xde,0x5b,0xbe,0x5b,0xbe,0x5b,0xbe,0x5b,0xbe,0x5b,0x9e,0x5b,0x9e,0x5b,0x9e,0x5b,0x9e,0x5b,0x7e,0x5b,0x7e,0x5b,0x7e,0x63,0x7e,0x63,0x5e,0x63,
0x5e,0x63,0x5e,0x63,0x3e,0x63,0x3e,0x63,0x3e,0x63,0x3e,0x63,0x3e,0x63,0x1d,0x6b,0x1d,0x6b,0x1d,0x6b,0x1d,0x6b,0xfd,0x6a,0xfd,0x6a,0xfd,0x72,0xfd,0x72,0xdd,0x72,
0xdd,0x72,0xdd,0x72,0xdd,0x72,0xbd,0x7a,0xbd,0x7a,0xbd,0x7a,0xbd,0x7a,0x9d,0x7a,0x9d,0x82,0x9c,0x82,0x9c,0x82,0x72,0x5a,0x6c,0x42,0x6c,0x42,0x6c,0x42,0x6c,0x42,
0x6c,0x42,0x6c,0x42,0x6c,0x42,0x00,0x00,0x00,0x00,0x00,0x00,0x00,0x00,0x00,0x00,0x00,0x00,0x00,0x00,0x00,0x00,0x00,0x00,0x00,0x00,0x6c,0x3a,0x6c,0x3a,0x6c,0x3a,
0x6c,0x3a,0x6c,0x3a,0x6c,0x3a,0x6c,0x3a,0xf5,0x3b,0x9e,0x3d,0x7e,0x3d,0x7e,0x3d,0x7e,0x45,0x7e,0x45,0x5e,0x45,0x5e,0x45,0x5e,0x45,0x5e,0x45,0x3e,0x45,0x3e,0x45,
0x3e,0x45,0x1e,0x45,0x1e,0x45,0x1e,0x45,0x1e,0x45,0xfe,0x44,0xfe,0x44,0xfe,0x4c,0xfe,0x4c,0xde,0x4c,0xde,0x4c,0xde,0x4c,0xde,0x4c,0xbe,0x4c,0xbe,0x4c,0xbe,0x4c,
0x9e,0x4c,0x9e,0x4c,0x9e,0x4c,0x9e,0x4c,0x7e,0x4c,0x7e,0x4c,0x7e,0x54,0x7e,0x54,0x5e,0x54,0x5e,0x54,0x5e,0x54,0x5e,0x54,0x3e,0x54,0x3e,0x54,0x3e,0x54,0x1e,0x54,
0x1e,0x54,0x1e,0x54,0x1e,0x54,0xfe,0x53,0xfe,0x53,0xfe,0x5b,0xfe,0x5b,0xde,0x5b,0xde,0x5b,0xde,0x5b,0xde,0x5b,0xbe,0x5b,0xbe,0x5b,0xbe,0x5b,0x9e,0x5b,0x9e,0x5b,
0x9e,0x5b,0x9e,0x5b,0x7e,0x5b,0x7e,0x5b,0x7e,0x5b,0x7e,0x63,0x5e,0x63,0x5e,0x63,0x5e,0x63,0x5e,0x63,0x3e,0x63,0x3e,0x63,0x3e,0x63,0x3e,0x63,0x1e,0x6b,0x1d,0x6b,
0x1d,0x6b,0x1d,0x6b,0xfd,0x6a,0xfd,0x6a,0xfd,0x72,0xfd,0x72,0xdd,0x72,0xdd,0x72,0xdd,0x72,0xdd,0x72,0xbd,0x7a,0xbd,0x7a,0xbd,0x7a,0xbd,0x7a,0xbd,0x7a,0x9d,0x7a,
0x9c,0x82,0x9c,0x82,0x9c,0x82,0x74,0x62,0x6c,0x3a,0x6c,0x3a,0x6c,0x3a,0x6c,0x3a,0x6c,0x3a,0x6c,0x3a,0x6c,0x3a,0x00,0x00,0x00,0x00,0x00,0x00,0x00,0x00,0x00,0x00,
0x00,0x00,0x00,0x00,0x00,0x00,0x00,0x00,0x00,0x00,0x6c,0x3a,0x6c,0x3a,0x6c,0x3a,0x6c,0x3a,0x6c,0x3a,0x6c,0x3a,0x6c,0x3a,0xf5,0x3b,0x7e,0x3d,0x7e,0x3d,0x7e,0x45,
0x7e,0x45,0x5e,0x45,0x5e,0x45,0x5e,0x45,0x5e,0x45,0x3e,0x45,0x3e,0x45,0x3e,0x45,0x3e,0x45,0x1e,0x45,0x1e,0x45,0x1e,0x45,0xfe,0x44,0xfe,0x44,0xfe,0x4c,0xfe,0x4c,
0xde,0x4c,0xde,0x4c,0xde,0x4c,0xde,0x4c,0xbe,0x4c,0xbe,0x4c,0xbe,0x4c,0xbe,0x4c,0x9e,0x4c,0x9e,0x4c,0x9e,0x4c,0x7e,0x4c,0x7e,0x4c,0x7e,0x54,0x7e,0x54,0x5e,0x54,
0x5e,0x54,0x5e,0x54,0x5e,0x54,0x3e,0x54,0x3e,0x54,0x3e,0x54,0x3e,0x54,0x1e,0x54,0x1e,0x54,0x1e,0x54,0xfe,0x53,0xfe,0x53,0xfe,0x53,0xfe,0x5b,0xde,0x5b,0xde,0x5b,
0xde,0x5b,0xde,0x5b,0xbe,0x5b,0xbe,0x5b,0xbe,0x5b,0xbe,0x5b,0x9e,0x5b,0x9e,0x5b,0x9e,0x5b,0x9e,0x5b,0x7e,0x5b,0x7e,0x5b,0x7e,0x63,0x5e,0x63,0x5e,0x63,0x5e,0x63,
0x5e,0x63,0x3e,0x63,0x3e,0x63,0x3e,0x63,0x3e,0x63,0x1e,0x63,0x1d,0x6b,0x1d,0x6b,0x1d,0x6b,0xfd,0x6a,0xfd,0x6a,0xfd,0x6a,0xfd,0x72,0xfd,0x72,0xdd,0x72,0xdd,0x72,
0xdd,0x72,0xdd,0x7a,0xbd,0x7a,0xbd,0x7a,0xbd,0x7a,0xbd,0x7a,0x9d,0x7a,0x9d,0x82,0x9c,0x82,0x9c,0x82,0x7c,0x82,0x74,0x62,0x6c,0x3a,0x6c,0x3a,0x6c,0x3a,0x6c,0x3a,
0x6c,0x3a,0x6c,0x3a,0x6c,0x3a,0x00,0x00,0x00,0x00,0x00,0x00,0x00,0x00,0x00,0x00,0x00,0x00,0x00,0x00,0x00,0x00,0x00,0x00,0x00,0x00,0x4b,0x3a,0x4b,0x3a,0x4b,0x3a,
0x4b,0x3a,0x4b,0x3a,0x4b,0x3a,0x4b,0x3a,0xf5,0x3b,0x7e,0x3d,0x7e,0x45,0x7e,0x45,0x5e,0x45,0x5e,0x45,0x5e,0x45,0x5e,0x45,0x3e,0x45,0x3e,0x45,0x3e,0x45,0x3e,0x45,
0x1e,0x45,0x1e,0x45,0x1e,0x45,0x1e,0x45,0xfe,0x44,0xfe,0x4c,0xfe,0x4c,0xde,0x4c,0xde,0x4c,0xde,0x4c,0xde,0x4c,0xbe,0x4c,0xbe,0x4c,0xbe,0x4c,0xbe,0x4c,0x9e,0x4c,
0x9e,0x4c,0x9e,0x4c,0x9e,0x4c,0x7e,0x4c,0x7e,0x4c,0x7e,0x54,0x5e,0x54,0x5e,0x54,0x5e,0x54,0x5e,0x54,0x3e,0x54,0x3e,0x54,0x3e,0x54,0x3e,0x54,0x1e,0x54,0x1e,0x54,
0x1e,0x54,0x1e,0x54,0xfe,0x53,0xfe,0x53,0xfe,0x5b,0xfe,0x5b,0xde,0x5b,0xde,0x5b,0xde,0x5b,0xbe,0x5b,0xbe,0x5b,0xbe,0x5b,0xbe,0x5b,0x9e,0x5b,0x9e,0x5b,0x9e,0x5b,
0x9e,0x5b,0x7e,0x5b,0x7e,0x5b,0x7e,0x63,0x7e,0x63,0x5e,0x63,0x5e,0x63,0x5e,0x63,0x3e,0x63,0x3e,0x63,0x3e,0x63,0x3e,0x63,0x1e,0x63,0x1d,0x6b,0x1d,0x6b,0x1d,0x6b,
0x1d,0x6b,0xfd,0x6a,0xfd,0x6a,0xfd,0x72,0xfd,0x72,0xdd,0x72,0xdd,0x72,0xdd,0x72,0xdd,0x72,0xbd,0x7a,0xbd,0x7a,0xbd,0x7a,0xbd,0x7a,0x9d,0x7a,0x9d,0x82,0x9c,0x82,
0x9c,0x82,0x7c,0x82,0x7c,0x82,0x74,0x62,0x4b,0x3a,0x4b,0x3a,0x4b,0x3a,0x4b,0x3a,0x4b,0x3a,0x4b,0x3a,0x4b,0x3a,0x00,0x00,0x00,0x00,0x00,0x00,0x00,0x00,0x00,0x00,
0x00,0x00,0x00,0x00,0x00,0x00,0x00,0x00,0x00,0x00,0x4b,0x3a,0x4b,0x3a,0x4b,0x3a,0x4b,0x3a,0x4b,0x3a,0x4b,0x3a,0x4b,0x3a,0xf5,0x3b,0x7e,0x45,0x7e,0x45,0x7e,0x45,
0x5e,0x45,0x5e,0x45,0x5e,0x45,0x3e,0x45,0x3e,0x45,0x3e,0x45,0x3e,0x45,0x1e,0x45,0x1e,0x45,0x1e,0x45,0x1e,0x45,0xfe,0x44,0xfe,0x44,0xfe,0x4c,0xfe,0x4c,0xde,0x4c,
0xde,0x4c,0xde,0x4c,0xbe,0x4c,0xbe,0x4c,0xbe,0x4c,0xbe,0x4c,0x9e,0x4c,0x9e,0x4c,0x9e,0x4c,0x9e,0x4c,0x7e,0x4c,0x7e,0x4c,0x7e,0x54,0x7e,0x54,0x5e,0x54,0x5e,0x54,
0x5e,0x54,0x5e,0x54,0x3e,0x54,0x3e,0x54,0x3e,0x54,0x1e,0x54,0x1e,0x54,0x1e,0x54,0x1e,0x54,0xfe,0x53,0xfe,0x53,0xfe,0x5b,0xfe,0x5b,0xde,0x5b,0xde,0x5b,0xde,0x5b,
0xde,0x5b,0xbe,0x5b,0xbe,0x5b,0xbe,0x5b,0x9e,0x5b,0x9e,0x5b,0x9e,0x5b,0x9e,0x5b,0x7e,0x5b,0x7e,0x5b,0x7e,0x63,0x7e,0x63,0x5e,0x63,0x5e,0x63,0x5e,0x63,0x5e,0x63,
0x3e,0x63,0x3e,0x63,0x3e,0x63,0x3e,0x63,0x1d,0x6b,0x1d,0x6b,0x1d,0x6b,0x1d,0x6b,0xfd,0x6a,0xfd,0x6a,0xfd,0x72,0xfd,0x72,0xdd,0x72,0xdd,0x72,0xdd,0x72,0xdd,0x72,
0xbd,0x7a,0xbd,0x7a,0xbd,0x7a,0xbd,0x7a,0x9d,0x7a,0x9d,0x7a,0x9c,0x82,0x9c,0x82,0x9c,0x82,0x7c,0x82,0x7c,0x82,0x74,0x62,0x4b,0x3a,0x4b,0x3a,0x4b,0x3a,0x4b,0x3a,
0x4b,0x3a,0x4b,0x3a,0x4b,0x3a,0x00,0x00,0x00,0x00,0x00,0x00,0x00,0x00,0x00,0x00,0x00,0x00,0x00,0x00,0x00,0x00,0x00,0x00,0x00,0x00,0x4b,0x3a,0x4b,0x3a,0x4b,0x3a,
0x4b,0x3a,0x4b,0x3a,0x4b,0x3a,0x4b,0x3a,0xf5,0x3b,0x7e,0x45,0x7e,0x45,0x5e,0x45,0x5e,0x45,0x5e,0x45,0x5e,0x45,0x3e,0x45,0x3e,0x45,0x3e,0x45,0x1e,0x45,0x1e,0x45,
0x1e,0x45,0x1e,0x45,0xfe,0x44,0xfe,0x44,0xfe,0x4c,0xfe,0x4c,0xde,0x4c,0xde,0x4c,0xde,0x4c,0xde,0x4c,0xbe,0x4c,0xbe,0x4c,0xbe,0x4c,0xbe,0x4c,0x9e,0x4c,0x9e,0x4c,
0x9e,0x4c,0x7e,0x4c,0x7e,0x4c,0x7e,0x54,0x7e,0x54,0x5e,0x54,0x5e,0x54,0x5e,0x54,0x5e,0x54,0x3e,0x54,0x3e,0x54,0x3e,0x54,0x3e,0x54,0x1e,0x54,0x1e,0x54,0x1e,0x54,
0xfe,0x53,0xfe,0x53,0xfe,0x5b,0xfe,0x5b,0xde,0x5b,0xde,0x5b,0xde,0x5b,0xde,0x5b,0xbe,0x5b,0xbe,0x5b,0xbe,0x5b,0xbe,0x5b,0x9e,0x5b,0x9e,0x5b,0x9e,0x5b,0x7e,0x5b,
0x7e,0x5b,0x7e,0x5b,0x7e,0x63,0x5e,0x63,0x5e,0x63,0x5e,0x63,0x5e,0x63,0x3e,0x63,0x3e,0x63,0x3e,0x63,0x3e,0x63,0x1e,0x63,0x1d,0x6b,0x1d,0x6b,0x1d,0x6b,0xfd,0x6a,
0xfd,0x6a,0xfd,0x72,0xfd,0x72,0xdd,0x72,0xdd,0x72,0xdd,0x72,0xdd,0x72,0xdd,0x7a,0xbd,0x7a,0xbd,0x7a,0xbd,0x7a,0xbd,0x7a,0x9d,0x7a,0x9d,0x82,0x9c,0x82,0x9c,0x82,
0x7c,0x82,0x7c,0x82,0x7c,0x82,0x54,0x62,0x4b,0x3a,0x4b,0x3a,0x4b,0x3a,0x4b,0x3a,0x4b,0x3a,0x4b,0x3a,0x4b,0x3a,0x00,0x00,0x00,0x00,0x00,0x00,0x00,0x00,0x00,0x00,
0x00,0x00,0x00,0x00,0x00,0x00,0x00,0x00,0x00,0x00,0x4b,0x3a,0x4b,0x3a,0x4b,0x3a,0x4b,0x3a,0x4b,0x3a,0x4b,0x3a,0x4b,0x3a,0xf5,0x3b,0x7e,0x45,0x5e,0x45,0x5e,0x45,
0x5e,0x45,0x5e,0x45,0x3e,0x45,0x3e,0x45,0x3e,0x45,0x3e,0x45,0x1e,0x45,0x1e,0x45,0x1e,0x45,0x1e,0x45,0xfe,0x44,0xfe,0x4c,0xfe,0x4c,0xde,0x4c,0xde,0x4c,0xde,0x4c,
0xde,0x4c,0xbe,0x4c,0xbe,0x4c,0xbe,0x4c,0xbe,0x4c,0x9e,0x4c,0x9e,0x4c,0x9e,0x4c,0x9e,0x4c,0x7e,0x4c,0x7e,0x4c,0x7e,0x54,0x5e,0x54,0x5e,0x54,0x5e,0x54,0x5e,0x54,
0x3e,0x54,0x3e,0x54,0x3e,0x54,0x3e,0x54,0x1e,0x54,0x1e,0x54,0x1e,0x54,0x1e,0x54,0xfe,0x53,0xfe,0x53,0xfe,0x5b,0xde,0x5b,0xde,0x5b,0xde,0x5b,0xde,0x5b,0xbe,0x5b,
0xbe,0x5b,0xbe,0x5b,0xbe,0x5b,0xbe,0x63,0xdf,0xad,0x5f,0xe7,0x5f,0xe7,0xdf,0xb5,0x9e,0x63,0x7e,0x63,0x7e,0x63,0x5e,0x63,0x5e,0x63,0x5e,0x63,0x3e,0x63,0x3e,0x63,
0x3e,0x63,0x3e,0x63,0x1e,0x63,0x1d,0x6b,0x1d,0x6b,0x1d,0x6b,0x1d,0x6b,0xfd,0x6a,0xfd,0x6a,0xfd,0x72,0xfd,0x72,0xdd,0x72,0xdd,0x72,0xdd,0x72,0xdd,0x7a,0xbd,0x7a,
0xbd,0x7a,0xbd,0x7a,0xbd,0x7a,0x9d,0x7a,0x9d,0x82,0x9c,0x82,0x9c,0x82,0x7c,0x82,0x7c,0x82,0x7c,0x82,0x7c,0x8a,0x54,0x62,0x4b,0x3a,0x4b,0x3a,0x4b,0x3a,0x4b,0x3a,
0x4b,0x3a,0x4b,0x3a,0x4b,0x3a,0x00,0x00,0x00,0x00,0x00,0x00,0x00,0x00,0x00,0x00,0x00,0x00,0x00,0x00,0x00,0x00,0x00,0x00,0x00,0x00,0x4b,0x3a,0x4b,0x3a,0x4b,0x3a,
0x4b,0x3a,0x4b,0x3a,0x4b,0x3a,0x4b,0x3a,0xd5,0x3b,0x7e,0x45,0x5e,0x45,0x5e,0x45,0x5e,0x45,0x3e,0x45,0x3e,0x45,0x3e,0x45,0x3e,0x45,0x1e,0x45,0x1e,0x45,0x1e,0x45,
0x1e,0x45,0xfe,0x44,0xfe,0x44,0xfe,0x4c,0xfe,0x4c,0xde,0x4c,0xde,0x4c,0xde,0x4c,0xbe,0x4c,0xbe,0x4c,0xbe,0x4c,0xbe,0x4c,0x9e,0x4c,0x9e,0x4c,0x9e,0x4c,0x9e,0x4c,
0x7e,0x4c,0x7e,0x4c,0x7e,0x54,0x7e,0x54,0x5e,0x54,0x5e,0x54,0x5e,0x54,0x3e,0x54,0x3e,0x54,0x3e,0x54,0x3e,0x54,0x1e,0x54,0x1e,0x54,0x1e,0x54,0x1e,0x54,0xfe,0x53,
0xfe,0x53,0xfe,0x5b,0xfe,0x5b,0xde,0x5b,0xde,0x5b,0xde,0x5b,0xde,0x5b,0xbe,0x5b,0xbe,0x5b,0xbe,0x5b,0x9e,0x5b,0x1f,0xbe,0x9f,0xef,0x9f,0xef,0x9f,0xef,0x9f,0xef,
0x5f,0xc6,0x7e,0x63,0x5e,0x63,0x5e,0x63,0x5e,0x63,0x5e,0x63,0x3e,0x63,0x3e,0x63,0x3e,0x63,0x3e,0x63,0x1d,0x6b,0x1d,0x6b,0x1d,0x6b,0x1d,0x6b,0xfd,0x6a,0xfd,0x6a,
0xfd,0x72,0xfd,0x72,0xdd,0x72,0xdd,0x72,0xdd,0x72,0xdd,0x72,0xbd,0x7a,0xbd,0x7a,0xbd,0x7a,0xbd,0x7a,0x9d,0x7a,0x9d,0x7a,0x9c,0x82,0x9c,0x82,0x9c,0x82,0x7c,0x82,
0x7c,0x82,0x7c,0x8a,0x7c,0x8a,0x54,0x62,0x4b,0x3a,0x4b,0x3a,0x4b,0x3a,0x4b,0x3a,0x4b,0x3a,0x4b,0x3a,0x4b,0x3a,0x00,0x00,0x00,0x00,0x00,0x00,0x00,0x00,0x00,0x00,
0x00,0x00,0x00,0x00,0x00,0x00,0x00,0x00,0x00,0x00,0x4b,0x3a,0x4b,0x3a,0x4b,0x3a,0x4b,0x3a,0x4b,0x3a,0x4b,0x3a,0x4b,0x3a,0xd5,0x3b,0x5e,0x45,0x5e,0x45,0x5e,0x45,
0x5e,0x45,0x3e,0x45,0x3e,0x45,0x3e,0x45,0x1e,0x45,0x1e,0x45,0x1e,0x45,0x1e,0x45,0xfe,0x44,0xfe,0x44,0xfe,0x4c,0xfe,0x4c,0xde,0x4c,0xde,0x4c,0xde,0x4c,0xde,0x4c,
0xbe,0x4c,0xbe,0x4c,0xbe,0x4c,0x9e,0x4c,0x9e,0x4c,0x9e,0x4c,0x9e,0x4c,0x7e,0x4c,0x7e,0x4c,0x7e,0x54,0x7e,0x54,0x5e,0x54,0x5e,0x54,0x5e,0x54,0x5e,0x54,0x3e,0x54,
0x3e,0x54,0x3e,0x54,0x3e,0x54,0x1e,0x54,0x1e,0x54,0x1e,0x54,0xfe,0x53,0xfe,0x53,0xfe,0x5b,0xfe,0x5b,0xde,0x5b,0xde,0x5b,0xde,0x5b,0xde,0x5b,0xbe,0x5b,0xbe,0x5b,
0xbe,0x5b,0xbe,0x5b,0x5e,0x9d,0x9f,0xef,0x9f,0xef,0x9f,0xef,0x9f,0xef,0x9f,0xef,0x9f,0xef,0x5f,0xce,0x7e,0x63,0x5e,0x63,0x5e,0x63,0x3e,0x63,0x3e,0x63,0x3e,0x63,
0x3e,0x63,0x1e,0x63,0x1d,0x6b,0x1d,0x6b,0x1d,0x6b,0xfd,0x6a,0xfd,0x6a,0xfd,0x72,0xfd,0x72,0xdd,0x72,0xdd,0x72,0xdd,0x72,0xdd,0x72,0xbd,0x7a,0xbd,0x7a,0xbd,0x7a,
0xbd,0x7a,0xbd,0x7a,0x9d,0x7a,0x9d,0x82,0x9c,0x82,0x9c,0x82,0x7c,0x82,0x7c,0x82,0x7c,0x82,0x7c,0x8a,0x5c,0x8a,0x54,0x62,0x4b,0x3a,0x4b,0x3a,0x4b,0x3a,0x4b,0x3a,
0x4b,0x3a,0x4b,0x3a,0x4b,0x3a,0x00,0x00,0x00,0x00,0x00,0x00,0x00,0x00,0x00,0x00,0x00,0x00,0x00,0x00,0x00,0x00,0x00,0x00,0x00,0x00,0x4b,0x3a,0x4b,0x3a,0x4b,0x3a,
0x4b,0x3a,0x4b,0x3a,0x4b,0x3a,0x4b,0x3a,0xd5,0x3b,0x5e,0x45,0x5e,0x45,0x5e,0x45,0x3e,0x45,0x3e,0x45,0x3e,0x45,0x3e,0x45,0x1e,0x45,0x1e,0x45,0x1e,0x45,0xfe,0x44,
0xfe,0x44,0xfe,0x4c,0xfe,0x4c,0xde,0x4c,0xde,0x4c,0xde,0x4c,0xde,0x4c,0xbe,0x4c,0xbe,0x4c,0xbe,0x4c,0xbe,0x4c,0x9e,0x4c,0x9e,0x4c,0x9e,0x4c,0x9e,0x4c,0x7e,0x4c,
0x7e,0x54,0x7e,0x54,0x5e,0x54,0x5e,0x54,0x5e,0x54,0x5e,0x54,0x3e,0x54,0x3e,0x54,0x3e,0x54,0x3e,0x54,0x1e,0x54,0x1e,0x54,0x1e,0x54,0x1e,0x54,0xfe,0x53,0xfe,0x53,
0xfe,0x5b,0xde,0x5b,0xde,0x5b,0xde,0x5b,0xde,0x5b,0xbe,0x5b,0xbe,0x5b,0xbe,0x5b,0xbe,0x5b,0x7e,0x7c,0x7f,0xef,0x9f,0xef,0x9f,0xef,0x9f,0xef,0x9f,0xef,0x9f,0xef,
0x9f,0xef,0x9f,0xf7,0x5f,0xce,0x7e,0x63,0x3e,0x63,0x3e,0x63,0x3e,0x63,0x3e,0x63,0x1e,0x63,0x1d,0x6b,0x1d,0x6b,0x1d,0x6b,0xfd,0x6a,0xfd,0x6a,0xfd,0x6a,0xfd,0x72,
0xfd,0x72,0xdd,0x72,0xdd,0x72,0xdd,0x72,0xdd,0x7a,0xbd,0x7a,0xbd,0x7a,0xbd,0x7a,0xbd,0x7a,0x9d,0x7a,0x9d,0x82,0x9c,0x82,0x9c,0x82,0x7c,0x82,0x7c,0x82,0x7c,0x82,
0x7c,0x8a,0x5c,0x8a,0x5c,0x8a,0x53,0x62,0x4b,0x3a,0x4b,0x3a,0x4b,0x3a,0x4b,0x3a,0x4b,0x3a,0x4b,0x3a,0x4b,0x3a,0x00,0x00,0x00,0x00,0x00,0x00,0x00,0x00,0x00,0x00,
0x00,0x00,0x00,0x00,0x00,0x00,0x00,0x00,0x00,0x00,0x2b,0x3a,0x2b,0x3a,0x2b,0x3a,0x2b,0x3a,0x2b,0x3a,0x2b,0x3a,0x2b,0x3a,0xd5,0x3b,0x5e,0x45,0x5e,0x45,0x3e,0x45,
0x3e,0x45,0x3e,0x45,0x3e,0x45,0x1e,0x45,0x1e,0x45,0x1e,0x45,0x1e,0x45,0xfe,0x44,0xfe,0x4c,0xfe,0x4c,0xfe,0x4c,0xde,0x4c,0xde,0x4c,0xde,0x4c,0xbe,0x4c,0xbe,0x4c,
0xbe,0x4c,0xbe,0x4c,0x9e,0x4c,0x9e,0x4c,0x9e,0x4c,0x9e,0x4c,0x7e,0x4c,0x7e,0x4c,0x7e,0x54,0x7e,0x54,0x5e,0x54,0x5e,0x54,0x5e,0x54,0x3e,0x54,0x3e,0x54,0x3e,0x54,
0x3e,0x54,0x1e,0x54,0x1e,0x54,0x1e,0x54,0x1e,0x54,0xfe,0x53,0xfe,0x53,0xfe,0x5b,0xfe,0x5b,0xde,0x5b,0xde,0x5b,0xde,0x5b,0xbe,0x5b,0xbe,0x5b,0xbe,0x5b,0xbe,0x5b,
0xfe,0x6b,0x1f,0xdf,0x9f,0xef,0x9f,0xef,0x9f,0xef,0x9f,0xef,0x9f,0xef,0x9f,0xef,0x9f,0xf7,0x9f,0xf7,0x9f,0xf7,0x5f,0xc6,0x5e,0x63,0x3e,0x63,0x3e,0x63,0x3e,0x63,
0x1d,0x6b,0x1d,0x6b,0x1d,0x6b,0x1d,0x6b,0xfd,0x6a,0xfd,0x6a,0xfd,0x72,0xfd,0x72,0xdd,0x72,0xdd,0x72,0xdd,0x72,0xdd,0x72,0xbd,0x7a,0xbd,0x7a,0xbd,0x7a,0xbd,0x7a,
0x9d,0x7a,0x9d,0x82,0x9c,0x82,0x9c,0x82,0x7c,0x82,0x7c,0x82,0x7c,0x82,0x7c,0x8a,0x7c,0x8a,0x5c,0x8a,0x5c,0x8a,0x53,0x62,0x2b,0x3a,0x2b,0x3a,0x2b,0x3a,0x2b,0x3a,
0x2b,0x3a,0x2b,0x3a,0x2b,0x3a,0x00,0x00,0x00,0x00,0x00,0x00,0x00,0x00,0x00,0x00,0x00,0x00,0x00,0x00,0x00,0x00,0x00,0x00,0x00,0x00,0x2b,0x3a,0x2b,0x3a,0x2b,0x3a,
0x2b,0x3a,0x2b,0x3a,0x2b,0x3a,0x2b,0x3a,0xd5,0x3b,0x5e,0x45,0x5e,0x45,0x3e,0x45,0x3e,0x45,0x3e,0x45,0x1e,0x45,0x1e,0x45,0x1e,0x45,0x1e,0x45,0xfe,0x44,0xfe,0x44,
0xfe,0x4c,0xfe,0x4c,0xde,0x4c,0xde,0x4c,0xde,0x4c,0xde,0x4c,0xbe,0x4c,0xbe,0x4c,0xbe,0x4c,0x9e,0x4c,0x9e,0x4c,0x9e,0x4c,0x9e,0x4c,0x7e,0x4c,0x7e,0x4c,0x7e,0x54,
0x7e,0x54,0x5e,0x54,0x5e,0x54,0x5e,0x54,0x5e,0x54,0x3e,0x54,0x3e,0x54,0x3e,0x54,0x1e,0x54,0x1e,0x54,0x1e,0x54,0x1e,0x54,0xfe,0x53,0xfe,0x53,0xfe,0x5b,0xfe,0x5b,
0xde,0x5b,0xde,0x5b,0xde,0x5b,0xde,0x5b,0xbe,0x5b,0xbe,0x5b,0xbe,0x5b,0xbe,0x5b,0x7f,0xce,0x9f,0xef,0x9f,0xef,0x9f,0xef,0x9f,0xef,0x9f,0xef,0x9f,0xef,0x9f,0xf7,
0x9f,0xf7,0x9f,0xf7,0x9f,0xf7,0x9f,0xf7,0x5f,0xc6,0x5e,0x6b,0x3e,0x63,0x1e,0x6b,0x1d,0x6b,0x1d,0x6b,0x1d,0x6b,0xfd,0x6a,0xfd,0x6a,0xfd,0x72,0xfd,0x72,0xdd,0x72,
0xdd,0x72,0xdd,0x72,0xdd,0x72,0xbd,0x7a,0xbd,0x7a,0xbd,0x7a,0xbd,0x7a,0xbd,0x7a,0x9d,0x7a,0x9c,0x82,0x9c,0x82,0x9c,0x82,0x7c,0x82,0x7c,0x82,0x7c,0x82,0x7c,0x8a,
0x5c,0x8a,0x5c,0x8a,0x5c,0x8a,0x33,0x62,0x2b,0x3a,0x2b,0x3a,0x2b,0x3a,0x2b,0x3a,0x2b,0x3a,0x2b,0x3a,0x2b,0x3a,0x00,0x00,0x00,0x00,0x00,0x00,0x00,0x00,0x00,0x00,
0x00,0x00,0x00,0x00,0x00,0x00,0x00,0x00,0x00,0x00,0x2b,0x3a,0x2b,0x3a,0x2b,0x3a,0x2b,0x3a,0x2b,0x3a,0x2b,0x3a,0x2b,0x3a,0xd5,0x3b,0x5e,0x45,0x3e,0x45,0x3e,0x45,
0x3e,0x45,0x3e,0x45,0x1e,0x45,0x1e,0x45,0x1e,0x45,0xfe,0x44,0xfe,0x44,0xfe,0x4c,0xfe,0x4c,0xde,0x4c,0xde,0x4c,0xde,0x4c,0xde,0x4c,0xbe,0x4c,0xbe,0x4c,0xbe,0x4c,
0xbe,0x4c,0x9e,0x4c,0x9e,0x4c,0x9e,0x4c,0x7e,0x4c,0x7e,0x4c,0x7e,0x54,0x7e,0x54,0x5e,0x54,0x5e,0x54,0x5e,0x54,0x5e,0x54,0x3e,0x54,0x3e,0x54,0x3e,0x54,0x3e,0x54,
0x1e,0x54,0x1e,0x54,0x1e,0x54,0xfe,0x53,0xfe,0x53,0xfe,0x53,0xfe,0x5b,0xde,0x5b,0xde,0x5b,0xde,0x5b,0xde,0x5b,0xbe,0x5b,0xbe,0x5b,0xbe,0x5b,0xbe,0x5b,0xbf,0xad,
0x9f,0xef,0x9f,0xef,0x9f,0xef,0x9f,0xef,0x9f,0xef,0x9f,0xef,0x9f,0xef,0x9f,0xf7,0x9f,0xf7,0x9f,0xf7,0x9f,0xf7,0x9f,0xf7,0x9f,0xf7,0x5f,0xce,0x3e,0x6b,0x1d,0x6b,
0x1d,0x6b,0x1d,0x6b,0xfd,0x6a,0xfd,0x6a,0xfd,0x6a,0xfd,0x72,0xfd,0x72,0xdd,0x72,0xdd,0x72,0xdd,0x72,0xdd,0x7a,0xbd,0x7a,0xbd,0x7a,0xbd,0x7a,0xbd,0x7a,0x9d,0x7a,
0x9d,0x82,0x9c,0x82,0x9c,0x82,0x7c,0x82,0x7c,0x82,0x7c,0x82,0x7c,0x8a,0x5c,0x8a,0x5c,0x8a,0x5c,0x8a,0x5c,0x8a,0x33,0x62,0x2b,0x3a,0x2b,0x3a,0x2b,0x3a,0x2b,0x3a,
0x2b,0x3a,0x2b,0x3a,0x2b,0x3a,0x00,0x00,0x00,0x00,0x00,0x00,0x00,0x00,0x00,0x00,0x00,0x00,0x00,0x00,0x00,0x00,0x00,0x00,0x00,0x00,0x2b,0x3a,0x2b,0x3a,0x2b,0x3a,
0x2b,0x3a,0x2b,0x3a,0x2b,0x3a,0x2b,0x3a,0xb4,0x3b,0x3e,0x45,0x3e,0x45,0x3e,0x45,0x3e,0x45,0x1e,0x45,0x1e,0x45,0x1e,0x45,0x1e,0x45,0xfe,0x44,0xfe,0x4c,0xfe,0x4c,
0xde,0x4c,0xde,0x4c,0xde,0x4c,0xde,0x4c,0xbe,0x4c,0xbe,0x4c,0xbe,0x4c,0xbe,0x4c,0x9e,0x4c,0x9e,0x4c,0x9e,0x4c,0x9e,0x4c,0x7e,0x4c,0x7e,0x4c,0x7e,0x54,0x5e,0x54,
0x5e,0x54,0x5e,0x54,0x5e,0x54,0x3e,0x54,0x3e,0x54,0x3e,0x54,0x3e,0x54,0x1e,0x54,0x1e,0x54,0x1e,0x54,0x1e,0x54,0xfe,0x53,0xfe,0x53,0xfe,0x5b,0xfe,0x5b,0xde,0x5b,
0xde,0x5b,0xde,0x5b,0xbe,0x5b,0xbe,0x5b,0xbe,0x5b,0xbe,0x5b,0xde,0x8c,0x9f,0xef,0x9f,0xef,0x9f,0xef,0x9f,0xef,0x9f,0xef,0x9f,0xef,0x9f,0xef,0xbf,0xd6,0x9f,0xf7,
0x9f,0xf7,0x9f,0xf7,0x9f,0xf7,0x9f,0xf7,0x9f,0xf7,0x9f,0xf7,0x3f,0xce,0x3d,0x6b,0x1d,0x6b,0x1d,0x6b,0xfd,0x6a,0xfd,0x6a,0xfd,0x72,0xfd,0x72,0xdd,0x72,0xdd,0x72,
0xdd,0x72,0xdd,0x72,0xbd,0x7a,0xbd,0x7a,0xbd,0x7a,0xbd,0x7a,0x9d,0x7a,0x9d,0x82,0x9c,0x82,0x9c,0x82,0x7c,0x82,0x7c,0x82,0x7c,0x82,0x7c,0x8a,0x7c,0x8a,0x5c,0x8a,
0x5c,0x8a,0x5c,0x8a,0x5c,0x8a,0x33,0x62,0x2b,0x3a,0x2b,0x3a,0x2b,0x3a,0x2b,0x3a,0x2b,0x3a,0x2b,0x3a,0x2b,0x3a,0x00,0x00,0x00,0x00,0x00,0x00,0x00,0x00,0x00,0x00,
0x00,0x00,0x00,0x00,0x00,0x00,0x00,0x00,0x00,0x00,0x2b,0x3a,0x2b,0x3a,0x2b,0x3a,0x2b,0x3a,0x2b,0x3a,0x2b,0x3a,0x2b,0x3a,0xb4,0x3b,0x3e,0x45,0x3e,0x45,0x3e,0x45,
0x1e,0x45,0x1e,0x45,0x1e,0x45,0x1e,0x45,0xfe,0x44,0xfe,0x44,0xfe,0x4c,0xfe,0x4c,0xde,0x4c,0xde,0x4c,0xde,0x4c,0xbe,0x4c,0xbe,0x4c,0xbe,0x4c,0xbe,0x4c,0x9e,0x4c,
0x9e,0x4c,0x9e,0x4c,0x9e,0x4c,0x7e,0x4c,0x7e,0x4c,0x7e,0x54,0x7e,0x54,0x5e,0x54,0x5e,0x54,0x5e,0x54,0x5e,0x54,0x3e,0x54,0x3e,0x54,0x3e,0x54,0x1e,0x54,0x1e,0x54,
0x1e,0x54,0x1e,0x54,0xfe,0x53,0xfe,0x53,0xfe,0x5b,0xfe,0x5b,0xde,0x5b,0xde,0x5b,0xde,0x5b,0xde,0x5b,0xbe,0x5b,0xbe,0x5b,0xbe,0x5b,0x3e,0x74,0x5f,0xe7,0x9f,0xef,
0x9f,0xef,0x9f,0xef,0x9f,0xef,0x9f,0xef,0x9f,0xef,0x9f,0xad,0x7e,0x63,0x5f,0xc6,0x9f,0xf7,0x9f,0xf7,0x9f,0xf7,0x9f,0xf7,0x9f,0xf7,0x9f,0xf7,0x9f,0xf7,0x5f,0xce,
0x3d,0x73,0xfd,0x6a,0xfd,0x6a,0xfd,0x72,0xfd,0x72,0xdd,0x72,0xdd,0x72,0xdd,0x72,0xdd,0x72,0xbd,0x7a,0xbd,0x7a,0xbd,0x7a,0xbd,0x7a,0x9d,0x7a,0x9d,0x7a,0x9c,0x82,
0x9c,0x82,0x9c,0x82,0x7c,0x82,0x7c,0x82,0x7c,0x8a,0x7c,0x8a,0x5c,0x8a,0x5c,0x8a,0x5c,0x8a,0x5c,0x8a,0x3c,0x92,0x33,0x62,0x2b,0x3a,0x2b,0x3a,0x2b,0x3a,0x2b,0x3a,
0x2b,0x3a,0x2b,0x3a,0x2b,0x3a,0x00,0x00,0x00,0x00,0x00,0x00,0x00,0x00,0x00,0x00,0x00,0x00,0x00,0x00,0x00,0x00,0x00,0x00,0x00,0x00,0x2b,0x3a,0x2b,0x3a,0x2b,0x3a,
0x2b,0x3a,0x2b,0x3a,0x2b,0x3a,0x2b,0x3a,0xb4,0x3b,0x3e,0x45,0x3e,0x45,0x1e,0x45,0x1e,0x45,0x1e,0x45,0x1e,0x45,0xfe,0x44,0xfe,0x44,0xfe,0x4c,0xfe,0x4c,0xde,0x4c,
0xde,0x4c,0xde,0x4c,0xde,0x4c,0xbe,0x4c,0xbe,0x4c,0xbe,0x4c,0xbe,0x4c,0x9e,0x4c,0x9e,0x4c,0x9e,0x4c,0x7e,0x4c,0x7e,0x4c,0x7e,0x54,0x7e,0x54,0x5e,0x54,0x5e,0x54,
0x5e,0x54,0x5e,0x54,0x3e,0x54,0x3e,0x54,0x3e,0x54,0x3e,0x54,0x1e,0x54,0x1e,0x54,0x1e,0x54,0xfe,0x53,0xfe,0x53,0xfe,0x5b,0xfe,0x5b,0xde,0x5b,0xde,0x5b,0xde,0x5b,
0xde,0x5b,0xbe,0x5b,0xbe,0x5b,0xbe,0x5b,0xde,0x63,0xdf,0xd6,0x9f,0xef,0x9f,0xef,0x9f,0xef,0x9f,0xef,0x9f,0xef,0x9f,0xef,0x7f,0xce,0x7e,0x63,0x5e,0x63,0x5e,0x63,
0x3f,0xc6,0x9f,0xf7,0x9f,0xf7,0x9f,0xf7,0x9f,0xf7,0x9f,0xf7,0x9f,0xf7,0x7f,0xf7,0x3f,0xce,0x1d,0x73,0xfd,0x72,0xfd,0x72,0xdd,0x72,0xdd,0x72,0xdd,0x72,0xdd,0x72,
0xdd,0x7a,0xbd,0x7a,0xbd,0x7a,0xbd,0x7a,0xbd,0x7a,0x9d,0x7a,0x9d,0x82,0x9c,0x82,0x9c,0x82,0x7c,0x82,0x7c,0x82,0x7c,0x82,0x7c,0x8a,0x5c,0x8a,0x5c,0x8a,0x5c,0x8a,
0x5c,0x8a,0x3c,0x92,0x3c,0x92,0x33,0x62,0x2b,0x3a,0x2b,0x3a,0x2b,0x3a,0x2b,0x3a,0x2b,0x3a,0x2b,0x3a,0x2b,0x3a,0x00,0x00,0x00,0x00,0x00,0x00,0x00,0x00,0x00,0x00,
0x00,0x00,0x00,0x00,0x00,0x00,0x00,0x00,0x00,0x00,0x2a,0x32,0x2a,0x32,0x2a,0x32,0x2a,0x32,0x2a,0x32,0x2a,0x32,0x2a,0x32,0xb4,0x3b,0x3e,0x45,0x3e,0x45,0x1e,0x45,
0x1e,0x45,0x1e,0x45,0x1e,0x45,0xfe,0x44,0xfe,0x4c,0xfe,0x4c,0xde,0x4c,0xde,0x4c,0xde,0x4c,0xde,0x4c,0xbe,0x4c,0xbe,0x4c,0xbe,0x4c,0xbe,0x4c,0x9e,0x4c,0x9e,0x4c,
0x9e,0x4c,0x9e,0x4c,0x7e,0x4c,0x7e,0x4c,0x7e,0x54,0x5e,0x54,0x5e,0x54,0x5e,0x54,0x5e,0x54,0x3e,0x54,0x3e,0x54,0x3e,0x54,0x3e,0x54,0x1e,0x54,0x1e,0x54,0x1e,0x54,
0x1e,0x54,0xfe,0x53,0xfe,0x53,0xfe,0x5b,0xde,0x5b,0xde,0x5b,0xde,0x5b,0xde,0x5b,0xbe,0x5b,0xbe,0x5b,0xbe,0x5b,0xbe,0x5b,0x1f,0xbe,0x9f,0xef,0x9f,0xef,0x9f,0xef,
0x9f,0xef,0x9f,0xef,0x9f,0xef,0x1f,0xdf,0xbe,0x6b,0x5e,0x63,0x5e,0x63,0x3e,0x63,0x5e,0x63,0x3f,0xc6,0x9f,0xf7,0x9f,0xf7,0x9f,0xf7,0x9f,0xf7,0x7f,0xf7,0x7f,0xf7,
0x7f,0xf7,0x3f,0xce,0x1d,0x73,0xfd,0x72,0xdd,0x72,0xdd,0x72,0xdd,0x72,0xdd,0x7a,0xbd,0x7a,0xbd,0x7a,0xbd,0x7a,0xbd,0x7a,0x9d,0x7a,0x9d,0x82,0x9c,0x82,0x9c,0x82,
0x7c,0x82,0x7c,0x82,0x7c,0x82,0x7c,0x8a,0x5c,0x8a,0x5c,0x8a,0x5c,0x8a,0x5c,0x8a,0x5c,0x8a,0x3c,0x92,0x3c,0x92,0x33,0x62,0x2a,0x32,0x2a,0x32,0x2a,0x32,0x2a,0x32,
0x2a,0x32,0x2a,0x32,0x2a,0x32,0x00,0x00,0x00,0x00,0x00,0x00,0x00,0x00,0x00,0x00,0x00,0x00,0x00,0x00,0x00,0x00,0x00,0x00,0x00,0x00,0x0a,0x32,0x0a,0x32,0x0a,0x32,
0x0a,0x32,0x0a,0x32,0x0a,0x32,0x0a,0x32,0xb4,0x3b,0x3e,0x45,0x1e,0x45,0x1e,0x45,0x1e,0x45,0x1e,0x45,0xfe,0x44,0xfe,0x44,0xfe,0x4c,0xfe,0x4c,0xde,0x4c,0xde,0x4c,
0xde,0x4c,0xbe,0x4c,0xbe,0x4c,0xbe,0x4c,0xbe,0x4c,0x9e,0x4c,0x9e,0x4c,0x9e,0x4c,0x9e,0x4c,0x7e,0x4c,0x7e,0x4c,0x7e,0x54,0x7e,0x54,0x5e,0x54,0x5e,0x54,0x5e,0x54,
0x3e,0x54,0x3e,0x54,0x3e,0x54,0x3e,0x54,0x1e,0x54,0x1e,0x54,0x1e,0x54,0x1e,0x54,0xfe,0x53,0xfe,0x53,0xfe,0x5b,0xfe,0x5b,0xde,0x5b,0xde,0x5b,0xde,0x5b,0xde,0x5b,
0xbe,0x5b,0xbe,0x5b,0xbe,0x5b,0x5e,0x9d,0x9f,0xef,0x9f,0xef,0x9f,0xef,0x9f,0xef,0x9f,0xef,0x9f,0xef,0x7f,0xef,0x5e,0x84,0x5e,0x63,0x5e,0x63,0x5e,0x63,0x3e,0x63,
0x3e,0x63,0x5e,0x6b,0x3f,0xc6,0x9f,0xf7,0x9f,0xf7,0x9f,0xf7,0x7f,0xf7,0x7f,0xf7,0x7f,0xf7,0x7f,0xf7,0x3f,0xce,0x1d,0x73,0xdd,0x72,0xdd,0x72,0xdd,0x72,0xbd,0x7a,
0xbd,0x7a,0xbd,0x7a,0xbd,0x7a,0x9d,0x7a,0x9d,0x7a,0x9c,0x82,0x9c,0x82,0x9c,0x82,0x7c,0x82,0x7c,0x82,0x7c,0x8a,0x7c,0x8a,0x5c,0x8a,0x5c,0x8a,0x5c,0x8a,0x5c,0x8a,
0x3c,0x92,0x3c,0x92,0x3c,0x92,0x13,0x62,0x0a,0x32,0x0a,0x32,0x0a,0x32,0x0a,0x32,0x0a,0x32,0x0a,0x32,0x0a,0x32,0x00,0x00,0x00,0x00,0x00,0x00,0x00,0x00,0x00,0x00,
0x00,0x00,0x00,0x00,0x00,0x00,0x00,0x00,0x00,0x00,0x0a,0x32,0x0a,0x32,0x0a,0x32,0x0a,0x32,0x0a,0x32,0x0a,0x32,0x0a,0x32,0x94,0x3b,0x1e,0x45,0x1e,0x45,0x1e,0x45,
0x1e,0x45,0xfe,0x44,0xfe,0x44,0xfe,0x4c,0xfe,0x4c,0xde,0x4c,0xde,0x4c,0xde,0x4c,0xde,0x4c,0xbe,0x4c,0xbe,0x4c,0xbe,0x4c,0x9e,0x4c,0x9e,0x4c,0x9e,0x4c,0x9e,0x4c,
0x7e,0x4c,0x7e,0x4c,0x7e,0x54,0x7e,0x54,0x5e,0x54,0x5e,0x54,0xbe,0x64,0xbf,0x95,0xbf,0x95,0x9e,0x64,0x3e,0x54,0x3e,0x54,0x1e,0x54,0x1e,0x54,0x1e,0x54,0xfe,0x53,
0xfe,0x53,0xfe,0x5b,0xfe,0x5b,0xde,0x5b,0xde,0x5b,0xde,0x5b,0xde,0x5b,0xbe,0x5b,0xbe,0x5b,0xbe,0x5b,0x7e,0x7c,0x7f,0xef,0x9f,0xef,0x9f,0xef,0x9f,0xef,0x9f,0xef,
0x9f,0xef,0x9f,0xef,0x1e,0x9d,0x5e,0x63,0x5e,0x63,0x5e,0x63,0x3e,0x63,0x3e,0x63,0x3e,0x63,0x3e,0x63,0x3e,0x6b,0x3f,0xce,0x9f,0xf7,0x7f,0xf7,0x7f,0xf7,0x7f,0xf7,
0x7f,0xf7,0x7f,0xf7,0x7f,0xf7,0x3f,0xce,0xfd,0x7a,0xdd,0x72,0xbd,0x7a,0xbd,0x7a,0xbd,0x7a,0xbd,0x7a,0xbd,0x7a,0x9d,0x7a,0x9d,0x82,0x9c,0x82,0x9c,0x82,0x7c,0x82,
0x7c,0x82,0x7c,0x82,0x7c,0x8a,0x5c,0x8a,0x5c,0x8a,0x5c,0x8a,0x5c,0x8a,0x3c,0x92,0x3c,0x92,0x3c,0x92,0x3c,0x92,0x13,0x62,0x0a,0x32,0x0a,0x32,0x0a,0x32,0x0a,0x32,
0x0a,0x32,0x0a,0x32,0x0a,0x32,0x00,0x00,0x00,0x00,0x00,0x00,0x00,0x00,0x00,0x00,0x00,0x00,0x00,0x00,0x00,0x00,0x00,0x00,0x00,0x00,0x0a,0x32,0x0a,0x32,0x0a,0x32,
0x0a,0x32,0x0a,0x32,0x0a,0x32,0x0a,0x32,0x94,0x3b,0x1e,0x45,0x1e,0x45,0x1e,0x45,0xfe,0x44,0xfe,0x44,0xfe,0x4c,0xfe,0x4c,0xde,0x4c,0xde,0x4c,0xde,0x4c,0xde,0x4c,
0xbe,0x4c,0xbe,0x4c,0xbe,0x4c,0xbe,0x4c,0x9e,0x4c,0x9e,0x4c,0x9e,0x4c,0x9e,0x4c,0x7e,0x4c,0x7e,0x54,0x7e,0x54,0x5e,0x54,0x5e,0x54,0x1e,0x7d,0x7f,0xe7,0x9f,0xef,
0x9f,0xef,0x7f,0xe7,0x5e,0x8d,0x1e,0x54,0x1e,0x54,0x1e,0x54,0x1e,0x54,0xfe,0x53,0xfe,0x53,0xfe,0x5b,0xde,0x5b,0xde,0x5b,0xde,0x5b,0xde,0x5b,0xbe,0x5b,0xbe,0x5b,
0xbe,0x5b,0xfe,0x6b,0x1f,0xdf,0x9f,0xef,0x9f,0xef,0x9f,0xef,0x9f,0xef,0x9f,0xef,0x9f,0xef,0x1f,0xbe,0x5e,0x63,0x5e,0x63,0x5e,0x63,0x3e,0x63,0x3e,0x63,0x3e,0x63,
0x3e,0x63,0x1e,0x63,0x1d,0x6b,0x3d,0x6b,0x3f,0xce,0x7f,0xf7,0x7f,0xf7,0x7f,0xf7,0x7f,0xf7,0x7f,0xf7,0x7f,0xf7,0x7f,0xf7,0x3f,0xce,0xfd,0x7a,0xbd,0x7a,0xbd,0x7a,
0xbd,0x7a,0xbd,0x7a,0x9d,0x7a,0x9d,0x82,0x9c,0x82,0x9c,0x82,0x7c,0x82,0x7c,0x82,0x7c,0x82,0x7c,0x8a,0x5c,0x8a,0x5c,0x8a,0x5c,0x8a,0x5c,0x8a,0x5c,0x8a,0x3c,0x92,
0x3c,0x92,0x3c,0x92,0x3c,0x92,0x13,0x62,0x0a,0x32,0x0a,0x32,0x0a,0x32,0x0a,0x32,0x0a,0x32,0x0a,0x32,0x0a,0x32,0x00,0x00,0x00,0x00,0x00,0x00,0x00,0x00,0x00,0x00,
0x00,0x00,0x00,0x00,0x00,0x00,0x00,0x00,0x00,0x00,0x0a,0x32,0x0a,0x32,0x0a,0x32,0x0a,0x32,0x0a,0x32,0x0a,0x32,0x0a,0x32,0x94,0x3b,0x1e,0x45,0x1e,0x45,0x1e,0x45,
0xfe,0x44,0xfe,0x4c,0xfe,0x4c,0xfe,0x4c,0xde,0x4c,0xde,0x4c,0xde,0x4c,0xbe,0x4c,0xbe,0x4c,0xbe,0x4c,0xbe,0x4c,0x9e,0x4c,0x9e,0x4c,0x9e,0x4c,0x9e,0x4c,0x7e,0x4c,
0x7e,0x4c,0x7e,0x54,0x7e,0x54,0x5e,0x54,0xde,0x6c,0x7f,0xe7,0x9f,0xef,0x9f,0xef,0x9f,0xef,0x9f,0xef,0x9f,0xef,0x3f,0xb6,0x1e,0x5c,0x1e,0x54,0xfe,0x53,0xfe,0x53,
0xfe,0x5b,0xfe,0x5b,0xde,0x5b,0xde,0x5b,0xde,0x5b,0xbe,0x5b,0xbe,0x5b,0xbe,0x5b,0xbe,0x5b,0x7f,0xc6,0x9f,0xef,0x9f,0xef,0x9f,0xef,0x9f,0xef,0x9f,0xef,0x9f,0xef,
0xdf,0xd6,0x9e,0x63,0x5e,0x63,0x5e,0x63,0x3e,0x63,0x3e,0x63,0x3e,0x63,0x3e,0x63,0x3e,0x63,0x1d,0x6b,0x1d,0x6b,0x1d,0x6b,0x1d,0x6b,0x3f,0xce,0x7f,0xf7,0x7f,0xf7,
0x7f,0xf7,0x7f,0xf7,0x7f,0xf7,0x7f,0xf7,0x7f,0xf7,0x3f,0xd6,0xdd,0x7a,0xbd,0x7a,0xbd,0x7a,0x9d,0x7a,0x9d,0x82,0x9c,0x82,0x9c,0x82,0x7c,0x82,0x7c,0x82,0x7c,0x82,
0x7c,0x8a,0x7c,0x8a,0x5c,0x8a,0x5c,0x8a,0x5c,0x8a,0x5c,0x8a,0x3c,0x92,0x3c,0x92,0x3c,0x92,0x3c,0x92,0x1c,0x92,0x13,0x62,0x0a,0x32,0x0a,0x32,0x0a,0x32,0x0a,0x32,
0x0a,0x32,0x0a,0x32,0x0a,0x32,0x00,0x00,0x00,0x00,0x00,0x00,0x00,0x00,0x00,0x00,0x00,0x00,0x00,0x00,0x00,0x00,0x00,0x00,0x00,0x00,0x0a,0x32,0x0a,0x32,0x0a,0x32,
0x0a,0x32,0x0a,0x32,0x0a,0x32,0x0a,0x32,0x94,0x3b,0x1e,0x45,0x1e,0x45,0xfe,0x44,0xfe,0x44,0xfe,0x4c,0xfe,0x4c,0xde,0x4c,0xde,0x4c,0xde,0x4c,0xde,0x4c,0xbe,0x4c,
0xbe,0x4c,0xbe,0x4c,0x9e,0x4c,0x9e,0x4c,0x9e,0x4c,0x9e,0x4c,0x7e,0x4c,0x7e,0x4c,0x7e,0x54,0x7e,0x54,0x5e,0x54,0x9e,0x5c,0x3f,0xdf,0x9f,0xef,0x9f,0xef,0x9f,0xef,
0x9f,0xef,0x9f,0xef,0x9f,0xef,0x9f,0xef,0xbf,0xc6,0x5e,0x64,0xfe,0x53,0xfe,0x5b,0xfe,0x5b,0xde,0x5b,0xde,0x5b,0xde,0x5b,0xde,0x5b,0xbe,0x5b,0xbe,0x5b,0xbe,0x5b,
0xbf,0xad,0x9f,0xef,0x9f,0xef,0x9f,0xef,0x9f,0xef,0x9f,0xef,0x9f,0xef,0x5f,0xe7,0xfe,0x73,0x5e,0x63,0x5e,0x63,0x5e,0x63,0x3e,0x63,0x3e,0x63,0x3e,0x63,0x3e,0x63,
0x1e,0x6b,0x1d,0x6b,0x1d,0x6b,0x1d,0x6b,0xfd,0x6a,0x1d,0x73,0x3f,0xce,0x7f,0xf7,0x7f,0xf7,0x7f,0xf7,0x7f,0xf7,0x7f,0xf7,0x7f,0xf7,0x7f,0xf7,0x1e,0xd6,0xdd,0x7a,
0xbd,0x7a,0x9d,0x7a,0x9c,0x82,0x9c,0x82,0x9c,0x82,0x7c,0x82,0x7c,0x82,0x7c,0x82,0x7c,0x8a,0x5c,0x8a,0x5c,0x8a,0x5c,0x8a,0x5c,0x8a,0x3c,0x92,0x3c,0x92,0x3c,0x92,
0x3c,0x92,0x1c,0x92,0x1c,0x92,0x13,0x62,0x0a,0x32,0x0a,0x32,0x0a,0x32,0x0a,0x32,0x0a,0x32,0x0a,0x32,0x0a,0x32,0x00,0x00,0x00,0x00,0x00,0x00,0x00,0x00,0x00,0x00,
0x00,0x00,0x00,0x00,0x00,0x00,0x00,0x00,0x00,0x00,0x0a,0x32,0x0a,0x32,0x0a,0x32,0x0a,0x32,0x0a,0x32,0x0a,0x32,0x0a,0x32,0x94,0x3b,0x1e,0x45,0xfe,0x44,0xfe,0x44,
0xfe,0x4c,0xfe,0x4c,0xde,0x4c,0xde,0x4c,0xde,0x4c,0xde,0x4c,0xbe,0x4c,0xbe,0x4c,0xbe,0x4c,0xbe,0x4c,0x9e,0x4c,0x9e,0x4c,0x9e,0x4c,0x7e,0x4c,0x7e,0x4c,0x7e,0x54,
0x7e,0x54,0x5e,0x54,0x7e,0x54,0xff,0xce,0x9f,0xef,0x9f,0xef,0x9f,0xef,0x9f,0xef,0x9f,0xef,0x9f,0xef,0x9f,0xef,0x9f,0xef,0x9f,0xef,0x1f,0xdf,0x9e,0x74,0xfe,0x5b,
0xde,0x5b,0xde,0x5b,0xde,0x5b,0xde,0x5b,0xbe,0x5b,0xbe,0x5b,0xbe,0x5b,0xde,0x8c,0x9f,0xef,0x9f,0xef,0x9f,0xef,0x9f,0xef,0x9f,0xef,0x9f,0xef,0x9f,0xef,0xbe,0x8c,
0x5e,0x63,0x5e,0x63,0x5e,0x63,0x3e,0x63,0x3e,0x63,0x3e,0x63,0x3e,0x63,0x1e,0x63,0x1d,0x6b,0x1d,0x6b,0x1d,0x6b,0xfd,0x6a,0xfd,0x6a,0xfd,0x6a,0x1d,0x73,0x3f,0xce,
0x7f,0xf7,0x7f,0xf7,0x7f,0xf7,0x7f,0xf7,0x7f,0xf7,0x7f,0xf7,0x7f,0xf7,0x5e,0xbd,0x9d,0x7a,0x9d,0x82,0x9c,0x82,0x9c,0x82,0x7c,0x82,0x7c,0x82,0x7c,0x82,0x7c,0x8a,
0x5c,0x8a,0x5c,0x8a,0x5c,0x8a,0x5c,0x8a,0x3c,0x8a,0x3c,0x92,0x3c,0x92,0x3c,0x92,0x3c,0x92,0x1c,0x92,0x1c,0x9a,0x13,0x62,0x0a,0x32,0x0a,0x32,0x0a,0x32,0x0a,0x32,
0x0a,0x32,0x0a,0x32,0x0a,0x32,0x00,0x00,0x00,0x00,0x00,0x00,0x00,0x00,0x00,0x00,0x00,0x00,0x00,0x00,0x00,0x00,0x00,0x00,0x00,0x00,0x0a,0x32,0x0a,0x32,0x0a,0x32,
0x0a,0x32,0x0a,0x32,0x0a,0x32,0x0a,0x32,0x94,0x3b,0x1e,0x45,0xfe,0x44,0xfe,0x4c,0xfe,0x4c,0xde,0x4c,0xde,0x4c,0xde,0x4c,0xde,0x4c,0xbe,0x4c,0xbe,0x4c,0xbe,0x4c,
0xbe,0x4c,0x9e,0x4c,0x9e,0x4c,0x9e,0x4c,0x9e,0x4c,0x7e,0x4c,0x7e,0x4c,0x7e,0x54,0x5e,0x54,0x5e,0x54,0x7f,0xbe,0x9f,0xef,0x9f,0xef,0x9f,0xef,0x9f,0xef,0x9f,0xef,
0x9f,0xef,0x9f,0xef,0x9f,0xef,0x9f,0xef,0x9f,0xef,0x9f,0xef,0x7f,0xef,0x3e,0x8d,0xde,0x5b,0xde,0x5b,0xde,0x5b,0xbe,0x5b,0xbe,0x5b,0xbe,0x5b,0x3e,0x74,0x5f,0xe7,
0x9f,0xef,0x9f,0xef,0x9f,0xef,0x9f,0xef,0x9f,0xef,0x9f,0xef,0x9f,0xad,0x5e,0x63,0x5e,0x63,0x5e,0x63,0x3e,0x63,0x3e,0x63,0x3e,0x63,0x3e,0x63,0x1e,0x63,0x1d,0x6b,
0x1d,0x6b,0x1d,0x6b,0x1d,0x6b,0xfd,0x6a,0xfd,0x6a,0xfd,0x72,0xfd,0x72,0xfd,0x72,0x3f,0xce,0x7f,0xf7,0x7f,0xf7,0x7f,0xf7,0x7f,0xf7,0x7f,0xf7,0x7f,0xf7,0x1f,0xef,
0x9d,0x82,0x9c,0x82,0x9c,0x82,0x7c,0x82,0x7c,0x82,0x7c,0x82,0x7c,0x8a,0x7c,0x8a,0x5c,0x8a,0x5c,0x8a,0x5c,0x8a,0x5c,0x8a,0x3c,0x92,0x3c,0x92,0x3c,0x92,0x3c,0x92,
0x1c,0x92,0x1c,0x92,0x1c,0x9a,0x13,0x62,0x0a,0x32,0x0a,0x32,0x0a,0x32,0x0a,0x32,0x0a,0x32,0x0a,0x32,0x0a,0x32,0x00,0x00,0x00,0x00,0x00,0x00,0x00,0x00,0x00,0x00,
0x00,0x00,0x00,0x00,0x00,0x00,0x00,0x00,0x00,0x00,0xea,0x31,0xea,0x31,0xea,0x31,0xea,0x31,0xea,0x31,0xea,0x31,0xea,0x31,0x74,0x3b,0xfe,0x44,0xfe,0x44,0xfe,0x4c,
0xfe,0x4c,0xde,0x4c,0xde,0x4c,0xde,0x4c,0xbe,0x4c,0xbe,0x4c,0xbe,0x4c,0xbe,0x4c,0x9e,0x4c,0x9e,0x4c,0x9e,0x4c,0x9e,0x4c,0x7e,0x4c,0x7e,0x4c,0x7e,0x54,0x7e,0x54,
0x5e,0x54,0x1f,0xa6,0x9f,0xef,0x9f,0xef,0x9f,0xef,0x9f,0xef,0x9f,0xef,0x9f,0xef,0x9f,0xef,0x9f,0xef,0x9f,0xef,0x9f,0xef,0x9f,0xef,0x9f,0xef,0x9f,0xef,0x9f,0xef,
0xdf,0xad,0xde,0x5b,0xde,0x5b,0xbe,0x5b,0xbe,0x5b,0xde,0x63,0xdf,0xd6,0x9f,0xef,0x9f,0xef,0x9f,0xef,0x9f,0xef,0x9f,0xef,0x9f,0xef,0x7f,0xce,0x7e,0x63,0x5e,0x63,
0x5e,0x63,0x5e,0x63,0x3e,0x63,0x3e,0x63,0x3e,0x63,0x3e,0x63,0x1d,0x6b,0x1d,0x6b,0x1d,0x6b,0x1d,0x6b,0xfd,0x6a,0xfd,0x6a,0xfd,0x72,0xfd,0x72,0xdd,0x72,0xdd,0x72,
0xfd,0x7a,0x1f,0xce,0x7f,0xf7,0x7f,0xf7,0x7f,0xf7,0x7f,0xf7,0x7f,0xf7,0x1f,0xef,0x9c,0x82,0x9c,0x82,0x9c,0x82,0x7c,0x82,0x7c,0x82,0x7c,0x8a,0x7c,0x8a,0x5c,0x8a,
0x5c,0x8a,0x5c,0x8a,0x5c,0x8a,0x3c,0x92,0x3c,0x92,0x3c,0x92,0x3c,0x92,0x1c,0x92,0x1c,0x92,0x1c,0x9a,0x1b,0x9a,0xf3,0x61,0xea,0x31,0xea,0x31,0xea,0x31,0xea,0x31,
0xea,0x31,0xea,0x31,0xea,0x31,0x00,0x00,0x00,0x00,0x00,0x00,0x00,0x00,0x00,0x00,0x00,0x00,0x00,0x00,0x00,0x00,0x00,0x00,0x00,0x00,0xea,0x31,0xea,0x31,0xea,0x31,
0xea,0x31,0xea,0x31,0xea,0x31,0xea,0x31,0x74,0x3b,0xfe,0x44,0xfe,0x4c,0xfe,0x4c,0xde,0x4c,0xde,0x4c,0xde,0x4c,0xde,0x4c,0xbe,0x4c,0xbe,0x4c,0xbe,0x4c,0xbe,0x4c,
0x9e,0x4c,0x9e,0x4c,0x9e,0x4c,0x7e,0x4c,0x7e,0x4c,0x7e,0x54,0x7e,0x54,0x5e,0x54,0x9f,0x8d,0x9f,0xef,0x9f,0xef,0x9f,0xef,0x9f,0xef,0x9f,0xef,0x9f,0xef,0x9f,0xef,
0x3f,0xdf,0x9f,0xef,0x9f,0xef,0x9f,0xef,0x9f,0xef,0x9f,0xef,0x9f,0xef,0x9f,0xef,0x9f,0xef,0x9f,0xc6,0x1e,0x64,0xbe,0x5b,0xbe,0x5b,0x3f,0xbe,0x9f,0xef,0x9f,0xef,
0x9f,0xef,0x9f,0xef,0x9f,0xef,0x9f,0xef,0x1f,0xdf,0xbe,0x6b,0x5e,0x63,0x5e,0x63,0x5e,0x63,0x3e,0x63,0x3e,0x63,0x3e,0x63,0x3e,0x63,0x1e,0x63,0x1d,0x6b,0x1d,0x6b,
0x1d,0x6b,0xfd,0x6a,0xfd,0x6a,0xfd,0x72,0xfd,0x72,0xdd,0x72,0xdd,0x72,0xdd,0x72,0xdd,0x72,0xfd,0x7a,0x1f,0xce,0x7f,0xf7,0x7f,0xf7,0x7f,0xf7,0x7f,0xf7,0x5e,0xc5,
0x9c,0x82,0x9c,0x82,0x7c,0x82,0x7c,0x82,0x7c,0x82,0x7c,0x8a,0x5c,0x8a,0x5c,0x8a,0x5c,0x8a,0x5c,0x8a,0x3c,0x92,0x3c,0x92,0x3c,0x92,0x3c,0x92,0x3c,0x92,0x1c,0x92,
0x1c,0x9a,0x1c,0x9a,0x1b,0x9a,0xf3,0x61,0xea,0x31,0xea,0x31,0xea,0x31,0xea,0x31,0xea,0x31,0xea,0x31,0xea,0x31,0x00,0x00,0x00,0x00,0x00,0x00,0x00,0x00,0x00,0x00,
0x00,0x00,0x00,0x00,0x00,0x00,0x00,0x00,0x00,0x00,0xea,0x31,0xea,0x31,0xea,0x31,0xea,0x31,0xea,0x31,0xea,0x31,0xea,0x31,0x74,0x3b,0xfe,0x4c,0xfe,0x4c,0xde,0x4c,
0xde,0x4c,0xde,0x4c,0xde,0x4c,0xbe,0x4c,0xbe,0x4c,0xbe,0x4c,0xbe,0x4c,0x9e,0x4c,0x9e,0x4c,0x9e,0x4c,0x9e,0x4c,0x7e,0x4c,0x7e,0x4c,0x7e,0x54,0x5e,0x54,0x3e,0x7d,
0x9f,0xef,0x9f,0xef,0x9f,0xef,0x9f,0xef,0x9f,0xef,0x9f,0xef,0x9f,0xef,0x7f,0xbe,0x1e,0x5c,0xff,0xad,0x9f,0xef,0x9f,0xef,0x9f,0xef,0x9f,0xef,0x9f,0xef,0x9f,0xef,
0x9f,0xef,0x9f,0xef,0x1f,0xdf,0x7e,0x74,0x5e,0x9d,0x9f,0xef,0x9f,0xef,0x9f,0xef,0x9f,0xef,0x9f,0xef,0x9f,0xef,0x7f,0xef,0x5e,0x7c,0x5e,0x63,0x5e,0x63,0x5e,0x63,
0x3e,0x63,0x3e,0x63,0x3e,0x63,0x3e,0x63,0x1e,0x63,0x1d,0x6b,0x1d,0x6b,0x1d,0x6b,0x1d,0x6b,0xfd,0x6a,0xfd,0x6a,0xfd,0x72,0xfd,0x72,0xdd,0x72,0xdd,0x72,0xdd,0x72,
0xdd,0x7a,0xbd,0x7a,0xdd,0x7a,0x5e,0xbd,0x3f,0xef,0x3f,0xef,0x5e,0xc5,0xbc,0x82,0x9c,0x82,0x7c,0x82,0x7c,0x82,0x7c,0x82,0x7c,0x8a,0x5c,0x8a,0x5c,0x8a,0x5c,0x8a,
0x5c,0x8a,0x5c,0x8a,0x3c,0x92,0x3c,0x92,0x3c,0x92,0x3c,0x92,0x1c,0x92,0x1c,0x92,0x1c,0x9a,0x1b,0x9a,0xfb,0x99,0xf2,0x69,0xea,0x31,0xea,0x31,0xea,0x31,0xea,0x31,
0xea,0x31,0xea,0x31,0xea,0x31,0x00,0x00,0x00,0x00,0x00,0x00,0x00,0x00,0x00,0x00,0x00,0x00,0x00,0x00,0x00,0x00,0x00,0x00,0x00,0x00,0xea,0x31,0xea,0x31,0xea,0x31,
0xea,0x31,0xea,0x31,0xea,0x31,0xea,0x31,0x74,0x3b,0xfe,0x4c,0xfe,0x4c,0xde,0x4c,0xde,0x4c,0xde,0x4c,0xbe,0x4c,0xbe,0x4c,0xbe,0x4c,0xbe,0x4c,0x9e,0x4c,0x9e,0x4c,
0x9e,0x4c,0x9e,0x4c,0x7e,0x4c,0x7e,0x4c,0x7e,0x54,0x7e,0x54,0xfe,0x6c,0x7f,0xe7,0x9f,0xef,0x9f,0xef,0x9f,0xef,0x9f,0xef,0x9f,0xef,0x9f,0xef,0xdf,0xce,0x3e,0x5c,
0x1e,0x54,0xfe,0x53,0x3e,0x8d,0x7f,0xef,0x9f,0xef,0x9f,0xef,0x9f,0xef,0x9f,0xef,0x9f,0xef,0x9f,0xef,0x9f,0xef,0x7f,0xef,0x7f,0xef,0x9f,0xef,0x9f,0xef,0x9f,0xef,
0x9f,0xef,0x9f,0xef,0x9f,0xef,0x1e,0x9d,0x5e,0x63,0x5e,0x63,0x5e,0x63,0x5e,0x63,0x3e,0x63,0x3e,0x63,0x3e,0x63,0x3e,0x63,0x1d,0x6b,0x1d,0x6b,0x1d,0x6b,0x1d,0x6b,
0xfd,0x6a,0xfd,0x6a,0xfd,0x72,0xfd,0x72,0xdd,0x72,0xdd,0x72,0xdd,0x72,0xdd,0x72,0xbd,0x7a,0xbd,0x7a,0xbd,0x7a,0xbd,0x7a,0x9d,0x7a,0x9d,0x7a,0x9c,0x82,0x9c,0x82,
0x9c,0x82,0x7c,0x82,0x7c,0x82,0x7c,0x8a,0x7c,0x8a,0x5c,0x8a,0x5c,0x8a,0x5c,0x8a,0x5c,0x8a,0x3c,0x92,0x3c,0x92,0x3c,0x92,0x3c,0x92,0x1c,0x92,0x1c,0x92,0x1c,0x9a,
0x1b,0x9a,0xfb,0x99,0xfb,0x99,0xf2,0x61,0xea,0x31,0xea,0x31,0xea,0x31,0xea,0x31,0xea,0x31,0xea,0x31,0xea,0x31,0x00,0x00,0x00,0x00,0x00,0x00,0x00,0x00,0x00,0x00,
0x00,0x00,0x00,0x00,0x00,0x00,0x00,0x00,0x00,0x00,0xea,0x31,0xea,0x31,0xea,0x31,0xea,0x31,0xea,0x31,0xea,0x31,0xea,0x31,0x74,0x3b,0xfe,0x4c,0xde,0x4c,0xde,0x4c,
0xde,0x4c,0xde,0x4c,0xbe,0x4c,0xbe,0x4c,0xbe,0x4c,0x9e,0x4c,0x9e,0x4c,0x9e,0x4c,0x9e,0x4c,0x7e,0x4c,0x7e,0x4c,0x7e,0x54,0x7e,0x54,0x9e,0x5c,0x3f,0xdf,0x9f,0xef,
0x9f,0xef,0x9f,0xef,0x9f,0xef,0x9f,0xef,0x9f,0xef,0x3f,0xdf,0x5e,0x64,0x1e,0x54,0xfe,0x53,0xfe,0x53,0xfe,0x5b,0x9e,0x74,0x1f,0xdf,0x9f,0xef,0x9f,0xef,0x9f,0xef,
0x9f,0xef,0x9f,0xef,0x9f,0xef,0x9f,0xef,0x9f,0xef,0x9f,0xef,0x9f,0xef,0x9f,0xef,0x9f,0xef,0x9f,0xef,0x1f,0xbe,0x5e,0x63,0x5e,0x63,0x5e,0x63,0x5e,0x63,0x3e,0x63,
0x3e,0x63,0x3e,0x63,0x3e,0x63,0x1e,0x63,0x1d,0x6b,0x1d,0x6b,0x1d,0x6b,0xfd,0x6a,0xfd,0x6a,0xfd,0x72,0xfd,0x72,0xdd,0x72,0xdd,0x72,0xdd,0x72,0xdd,0x72,0xbd,0x7a,
0xbd,0x7a,0xbd,0x7a,0xbd,0x7a,0xbd,0x7a,0x9d,0x7a,0x9d,0x82,0x9c,0x82,0x9c,0x82,0x7c,0x82,0x7c,0x82,0x7c,0x82,0x7c,0x8a,0x5c,0x8a,0x5c,0x8a,0x5c,0x8a,0x5c,0x8a,
0x3c,0x92,0x3c,0x92,0x3c,0x92,0x3c,0x92,0x1c,0x92,0x1c,0x92,0x1c,0x9a,0x1b,0x9a,0x1b,0x9a,0xfb,0x99,0xfb,0x99,0xf2,0x69,0xea,0x31,0xea,0x31,0xea,0x31,0xea,0x31,
0xea,0x31,0xea,0x31,0xea,0x31,0x00,0x00,0x00,0x00,0x00,0x00,0x00,0x00,0x00,0x00,0x00,0x00,0x00,0x00,0x00,0x00,0x00,0x00,0x00,0x00,0xe9,0x31,0xe9,0x31,0xe9,0x31,
0xe9,0x31,0xe9,0x31,0xe9,0x31,0xe9,0x31,0x74,0x3b,0xde,0x4c,0xde,0x4c,0xde,0x4c,0xde,0x4c,0xbe,0x4c,0xbe,0x4c,0xbe,0x4c,0xbe,0x4c,0x9e,0x4c,0x9e,0x4c,0x9e,0x4c,
0x9e,0x4c,0x7e,0x4c,0x7e,0x54,0x7e,0x54,0x7e,0x54,0xff,0xce,0x9f,0xef,0x9f,0xef,0x9f,0xef,0x9f,0xef,0x9f,0xef,0x9f,0xef,0x7f,0xe7,0xbe,0x6c,0x1e,0x54,0x1e,0x54,
0xfe,0x53,0xfe,0x53,0xfe,0x5b,0xde,0x5b,0x1e,0x64,0x9f,0xc6,0x9f,0xef,0x9f,0xef,0x9f,0xef,0x9f,0xef,0x9f,0xef,0x9f,0xef,0x9f,0xef,0x9f,0xef,0x9f,0xef,0x9f,0xef,
0x9f,0xef,0xdf,0xd6,0x9e,0x63,0x5e,0x63,0x5e,0x63,0x5e,0x63,0x3e,0x63,0x3e,0x63,0x3e,0x63,0x3e,0x63,0x1e,0x63,0x1d,0x6b,0x1d,0x6b,0x1d,0x6b,0xfd,0x6a,0xfd,0x6a,
0xfd,0x6a,0xfd,0x72,0xfd,0x72,0xdd,0x72,0xdd,0x72,0xdd,0x72,0xdd,0x7a,0xbd,0x7a,0xbd,0x7a,0xbd,0x7a,0xbd,0x7a,0x9d,0x7a,0x9d,0x82,0x9c,0x82,0x9c,0x82,0x7c,0x82,
0x7c,0x82,0x7c,0x82,0x7c,0x8a,0x5c,0x8a,0x5c,0x8a,0x5c,0x8a,0x5c,0x8a,0x5c,0x8a,0x3c,0x92,0x3c,0x92,0x3c,0x92,0x3c,0x92,0x1c,0x92,0x1c,0x9a,0x1c,0x9a,0x1b,0x9a,
0xfb,0x99,0xfb,0x99,0xfb,0x99,0xf2,0x69,0xe9,0x31,0xe9,0x31,0xe9,0x31,0xe9,0x31,0xe9,0x31,0xe9,0x31,0xe9,0x31,0x00,0x00,0x00,0x00,0x00,0x00,0x00,0x00,0x00,0x00,
0x00,0x00,0x00,0x00,0x00,0x00,0x00,0x00,0x00,0x00,0xe9,0x31,0xe9,0x31,0xe9,0x31,0xe9,0x31,0xe9,0x31,0xe9,0x31,0xe9,0x31,0x74,0x3b,0xde,0x4c,0xde,0x4c,0xde,0x4c,
0xbe,0x4c,0xbe,0x4c,0xbe,0x4c,0xbe,0x4c,0x9e,0x4c,0x9e,0x4c,0x9e,0x4c,0x9e,0x4c,0x7e,0x4c,0x7e,0x4c,0x7e,0x54,0x7e,0x54,0x7f,0xb6,0x9f,0xef,0x9f,0xef,0x9f,0xef,
0x9f,0xef,0x9f,0xef,0x9f,0xef,0x9f,0xef,0x1e,0x7d,0x1e,0x54,0x1e,0x54,0xfe,0x53,0xfe,0x53,0xfe,0x5b,0xfe,0x5b,0xde,0x5b,0xde,0x5b,0xde,0x5b,0xdf,0xad,0x9f,0xef,
0x9f,0xef,0x9f,0xef,0x9f,0xef,0x9f,0xef,0x9f,0xef,0x9f,0xef,0x9f,0xef,0x9f,0xef,0x5f,0xe7,0xfe,0x73,0x5e,0x63,0x5e,0x63,0x5e,0x63,0x3e,0x63,0x3e,0x63,0x3e,0x63,
0x3e,0x63,0x3e,0x63,0x1d,0x6b,0x1d,0x6b,0x1d,0x6b,0x1d,0x6b,0xfd,0x6a,0xfd,0x6a,0xfd,0x72,0xfd,0x72,0xdd,0x72,0xdd,0x72,0xdd,0x72,0xdd,0x72,0xbd,0x7a,0xbd,0x7a,
0xbd,0x7a,0xbd,0x7a,0x9d,0x7a,0x9d,0x82,0x9c,0x82,0x9c,0x82,0x7c,0x82,0x7c,0x82,0x7c,0x82,0x7c,0x8a,0x7c,0x8a,0x5c,0x8a,0x5c,0x8a,0x5c,0x8a,0x5c,0x8a,0x3c,0x92,
0x3c,0x92,0x3c,0x92,0x3c,0x92,0x1c,0x92,0x1c,0x92,0x1c,0x9a,0x1b,0x9a,0xfb,0x99,0xfb,0x99,0xfb,0x99,0xfb,0x99,0xf2,0x69,0xe9,0x31,0xe9,0x31,0xe9,0x31,0xe9,0x31,
0xe9,0x31,0xe9,0x31,0xe9,0x31,0x00,0x00,0x00,0x00,0x00,0x00,0x00,0x00,0x00,0x00,0x00,0x00,0x00,0x00,0x00,0x00,0x00,0x00,0x00,0x00,0xc9,0x29,0xc9,0x29,0xc9,0x29,
0xc9,0x29,0xc9,0x29,0xc9,0x29,0xc9,0x29,0x54,0x3b,0xde,0x4c,0xde,0x4c,0xde,0x4c,0xbe,0x4c,0xbe,0x4c,0xbe,0x4c,0x9e,0x4c,0x9e,0x4c,0x9e,0x4c,0x9e,0x4c,0x7e,0x4c,
0x7e,0x4c,0x7e,0x54,0x7e,0x54,0x1f,0xa6,0xbf,0xef,0x9f,0xef,0x9f,0xef,0x9f,0xef,0x9f,0xef,0x9f,0xef,0x9f,0xef,0x7e,0x8d,0x1e,0x54,0x1e,0x54,0xfe,0x53,0xfe,0x53,
0xfe,0x5b,0xfe,0x5b,0xde,0x5b,0xde,0x5b,0xde,0x5b,0xde,0x5b,0xbe,0x5b,0x1e,0x8d,0x7f,0xef,0x9f,0xef,0x9f,0xef,0x9f,0xef,0x9f,0xef,0x9f,0xef,0x9f,0xef,0x9f,0xef,
0xbe,0x8c,0x5e,0x63,0x5e,0x63,0x5e,0x63,0x5e,0x63,0x3e,0x63,0x3e,0x63,0x3e,0x63,0x3e,0x63,0x1e,0x6b,0x1d,0x6b,0x1d,0x6b,0x1d,0x6b,0xfd,0x6a,0xfd,0x6a,0xfd,0x72,
0xfd,0x72,0xdd,0x72,0xdd,0x72,0xdd,0x72,0xdd,0x72,0xbd,0x7a,0xbd,0x7a,0xbd,0x7a,0xbd,0x7a,0xbd,0x7a,0x9d,0x7a,0x9c,0x82,0x9c,0x82,0x9c,0x82,0x7c,0x82,0x7c,0x82,
0x7c,0x82,0x7c,0x8a,0x5c,0x8a,0x5c,0x8a,0x5c,0x8a,0x5c,0x8a,0x3c,0x92,0x3c,0x92,0x3c,0x92,0x3c,0x92,0x1c,0x92,0x1c,0x92,0x1c,0x9a,0x1b,0x9a,0x1b,0x9a,0xfb,0x99,
0xfb,0x99,0xfb,0x99,0xfb,0xa1,0xd2,0x69,0xc9,0x29,0xc9,0x29,0xc9,0x29,0xc9,0x29,0xc9,0x29,0xc9,0x29,0xc9,0x29,0x00,0x00,0x00,0x00,0x00,0x00,0x00,0x00,0x00,0x00,
0x00,0x00,0x00,0x00,0x00,0x00,0x00,0x00,0x00,0x00,0xc9,0x29,0xc9,0x29,0xc9,0x29,0xc9,0x29,0xc9,0x29,0xc9,0x29,0xc9,0x29,0x54,0x3b,0xde,0x4c,0xde,0x4c,0xbe,0x4c,
0xbe,0x4c,0xbe,0x4c,0xbe,0x4c,0x9e,0x4c,0x9e,0x4c,0x9e,0x4c,0x7e,0x4c,0x7e,0x4c,0x7e,0x54,0x7e,0x54,0x9f,0x8d,0xbf,0xef,0x9f,0xef,0x9f,0xef,0x9f,0xef,0x9f,0xef,
0x9f,0xef,0x9f,0xef,0xff,0xa5,0x1e,0x54,0x1e,0x54,0xfe,0x53,0xfe,0x53,0xfe,0x53,0xfe,0x5b,0xde,0x5b,0xde,0x5b,0xde,0x5b,0xde,0x5b,0xbe,0x5b,0xbe,0x5b,0xbe,0x5b,
0x5e,0x74,0x1f,0xdf,0x9f,0xef,0x9f,0xef,0x9f,0xef,0x9f,0xef,0x9f,0xef,0x9f,0xad,0x5e,0x63,0x5e,0x63,0x5e,0x63,0x5e,0x63,0x3e,0x63,0x3e,0x63,0x3e,0x63,0x3e,0x63,
0x1e,0x63,0x1d,0x6b,0x1d,0x6b,0x1d,0x6b,0xfd,0x6a,0xfd,0x6a,0xfd,0x6a,0xfd,0x72,0xfd,0x72,0xdd,0x72,0xdd,0x72,0xdd,0x72,0xdd,0x7a,0xbd,0x7a,0xbd,0x7a,0xbd,0x7a,
0xbd,0x7a,0x9d,0x7a,0x9d,0x82,0x9c,0x82,0x9c,0x82,0x7c,0x82,0x7c,0x82,0x7c,0x82,0x7c,0x8a,0x5c,0x8a,0x5c,0x8a,0x5c,0x8a,0x5c,0x8a,0x3c,0x8a,0x3c,0x92,0x3c,0x92,
0x3c,0x92,0x3c,0x92,0x1c,0x92,0x1c,0x9a,0x1c,0x9a,0x1b,0x9a,0xfb,0x99,0xfb,0x99,0xfb,0x99,0xfb,0xa1,0xdb,0xa1,0xd2,0x69,0xc9,0x29,0xc9,0x29,0xc9,0x29,0xc9,0x29,
0xc9,0x29,0xc9,0x29,0xc9,0x29,0x00,0x00,0x00,0x00,0x00,0x00,0x00,0x00,0x00,0x00,0x00,0x00,0x00,0x00,0x00,0x00,0x00,0x00,0x00,0x00,0xc9,0x29,0xc9,0x29,0xc9,0x29,
0xc9,0x29,0xc9,0x29,0xc9,0x29,0xc9,0x29,0x54,0x3b,0xde,0x4c,0xbe,0x4c,0xbe,0x4c,0xbe,0x4c,0xbe,0x4c,0x9e,0x4c,0x9e,0x4c,0x9e,0x4c,0x9e,0x4c,0x7e,0x4c,0x7e,0x4c,
0x7e,0x54,0x3e,0x7d,0x9f,0xef,0x9f,0xef,0x9f,0xef,0x9f,0xef,0x9f,0xef,0x9f,0xef,0x9f,0xef,0x7f,0xbe,0x1e,0x54,0x1e,0x54,0x1e,0x54,0xfe,0x53,0xfe,0x53,0xfe,0x5b,
0xfe,0x5b,0xde,0x5b,0xde,0x5b,0xde,0x5b,0xbe,0x5b,0xbe,0x5b,0xbe,0x5b,0xbe,0x5b,0x9e,0x5b,0xde,0x6b,0x7f,0xce,0x9f,0xef,0x9f,0xef,0x9f,0xef,0x3f,0xc6,0x7e,0x63,
0x5e,0x63,0x5e,0x63,0x5e,0x63,0x3e,0x63,0x3e,0x63,0x3e,0x63,0x3e,0x63,0x1e,0x63,0x1d,0x6b,0x1d,0x6b,0x1d,0x6b,0x1d,0x6b,0xfd,0x6a,0xfd,0x6a,0xfd,0x72,0xfd,0x72,
0xdd,0x72,0xdd,0x72,0xdd,0x72,0xdd,0x72,0xbd,0x7a,0xbd,0x7a,0xbd,0x7a,0xbd,0x7a,0x9d,0x7a,0x9d,0x82,0x9c,0x82,0x9c,0x82,0x7c,0x82,0x7c,0x82,0x7c,0x82,0x7c,0x8a,
0x7c,0x8a,0x5c,0x8a,0x5c,0x8a,0x5c,0x8a,0x5c,0x8a,0x3c,0x92,0x3c,0x92,0x3c,0x92,0x3c,0x92,0x1c,0x92,0x1c,0x92,0x1c,0x9a,0x1b,0x9a,0xfb,0x99,0xfb,0x99,0xfb,0x99,
0xfb,0xa1,0xdb,0xa1,0xdb,0xa1,0xd2,0x69,0xc9,0x29,0xc9,0x29,0xc9,0x29,0xc9,0x29,0xc9,0x29,0xc9,0x29,0xc9,0x29,0x00,0x00,0x00,0x00,0x00,0x00,0x00,0x00,0x00,0x00,
0x00,0x00,0x00,0x00,0x00,0x00,0x00,0x00,0x00,0x00,0xc9,0x29,0xc9,0x29,0xc9,0x29,0xc9,0x29,0xc9,0x29,0xc9,0x29,0xc9,0x29,0x54,0x3b,0xbe,0x4c,0xbe,0x4c,0xbe,0x4c,
0xbe,0x4c,0x9e,0x4c,0x9e,0x4c,0x9e,0x4c,0x9e,0x4c,0x7e,0x4c,0x7e,0x4c,0x7e,0x54,0xfe,0x6c,0x7f,0xe7,0xbf,0xef,0x9f,0xef,0x9f,0xef,0x9f,0xef,0x9f,0xef,0x9f,0xef,
0xdf,0xce,0x3e,0x5c,0x1e,0x54,0x1e,0x54,0xfe,0x53,0xfe,0x53,0xfe,0x5b,0xfe,0x5b,0xde,0x5b,0xde,0x5b,0xde,0x5b,0xde,0x5b,0xbe,0x5b,0xbe,0x5b,0xbe,0x5b,0x9e,0x5b,
0x9e,0x5b,0x9e,0x5b,0x9e,0x5b,0xbe,0x8c,0x5e,0xa5,0xbe,0x8c,0x7e,0x63,0x5e,0x63,0x5e,0x63,0x5e,0x63,0x5e,0x63,0x3e,0x63,0x3e,0x63,0x3e,0x63,0x3e,0x63,0x1d,0x6b,
0x1d,0x6b,0x1d,0x6b,0x1d,0x6b,0xfd,0x6a,0xfd,0x6a,0xfd,0x72,0xfd,0x72,0xdd,0x72,0xdd,0x72,0xdd,0x72,0xdd,0x72,0xbd,0x7a,0xbd,0x7a,0xbd,0x7a,0xbd,0x7a,0x9d,0x7a,
0x9d,0x7a,0x9c,0x82,0x9c,0x82,0x9c,0x82,0x7c,0x82,0x7c,0x82,0x7c,0x8a,0x7c,0x8a,0x5c,0x8a,0x5c,0x8a,0x5c,0x8a,0x5c,0x8a,0x3c,0x92,0x3c,0x92,0x3c,0x92,0x3c,0x92,
0x1c,0x92,0x1c,0x92,0x1c,0x9a,0x1b,0x9a,0xfb,0x99,0xfb,0x99,0xfb,0x99,0xfb,0x99,0xfb,0xa1,0xdb,0xa1,0xdb,0xa1,0xd2,0x69,0xc9,0x29,0xc9,0x29,0xc9,0x29,0xc9,0x29,
0xc9,0x29,0xc9,0x29,0xc9,0x29,0x00,0x00,0x00,0x00,0x00,0x00,0x00,0x00,0x00,0x00,0x00,0x00,0x00,0x00,0x00,0x00,0x00,0x00,0x00,0x00,0xc9,0x29,0xc9,0x29,0xc9,0x29,
0xc9,0x29,0xc9,0x29,0xc9,0x29,0xc9,0x29,0x54,0x3b,0xbe,0x4c,0xbe,0x4c,0xbe,0x4c,0xbe,0x4c,0x9e,0x4c,0x9e,0x4c,0x9e,0x4c,0x7e,0x4c,0x7e,0x4c,0x7e,0x54,0xbe,0x5c,
0x3f,0xdf,0xbf,0xef,0x9f,0xef,0x9f,0xef,0x9f,0xef,0x9f,0xef,0x9f,0xef,0x3f,0xdf,0x7e,0x64,0x1e,0x54,0x1e,0x54,0xfe,0x53,0xfe,0x53,0xfe,0x5b,0xfe,0x5b,0xde,0x5b,
0xde,0x5b,0xde,0x5b,0xde,0x5b,0xbe,0x5b,0xbe,0x5b,0xbe,0x5b,0xbe,0x5b,0x9e,0x5b,0x9e,0x5b,0x9e,0x5b,0x7e,0x5b,0x7e,0x5b,0x7e,0x5b,0x7e,0x63,0x5e,0x63,0x5e,0x63,
0x5e,0x63,0x5e,0x63,0x3e,0x63,0x3e,0x63,0x3e,0x63,0x3e,0x63,0x1e,0x63,0x1d,0x6b,0x1d,0x6b,0x1d,0x6b,0xfd,0x6a,0xfd,0x6a,0xfd,0x72,0xfd,0x72,0xdd,0x72,0xdd,0x72,
0xdd,0x72,0xdd,0x72,0xdd,0x7a,0xbd,0x7a,0xbd,0x7a,0xbd,0x7a,0xbd,0x7a,0x9d,0x7a,0x9d,0x82,0x9c,0x82,0x9c,0x82,0x7c,0x82,0x7c,0x82,0x7c,0x82,0x7c,0x8a,0x5c,0x8a,
0x5c,0x8a,0x5c,0x8a,0x5c,0x8a,0x3c,0x92,0x3c,0x92,0x3c,0x92,0x3c,0x92,0x3c,0x92,0x1c,0x92,0x1c,0x9a,0x1c,0x9a,0x1b,0x9a,0xfb,0x99,0xfb,0x99,0xfb,0x99,0xfb,0xa1,
0xdb,0xa1,0xdb,0xa1,0xdb,0xa1,0xd2,0x69,0xc9,0x29,0xc9,0x29,0xc9,0x29,0xc9,0x29,0xc9,0x29,0xc9,0x29,0xc9,0x29,0x00,0x00,0x00,0x00,0x00,0x00,0x00,0x00,0x00,0x00,
0x00,0x00,0x00,0x00,0x00,0x00,0x00,0x00,0x00,0x00,0xc9,0x29,0xc9,0x29,0xc9,0x29,0xc9,0x29,0xc9,0x29,0xc9,0x29,0xc9,0x29,0x54,0x3b,0xbe,0x4c,0xbe,0x4c,0xbe,0x4c,
0x9e,0x4c,0x9e,0x4c,0x9e,0x4c,0x9e,0x4c,0x7e,0x4c,0x7e,0x4c,0x7e,0x54,0xff,0xce,0xbf,0xef,0x9f,0xef,0x9f,0xef,0x9f,0xef,0x9f,0xef,0x9f,0xef,0x7f,0xe7,0xbe,0x74,
0x1e,0x54,0x1e,0x54,0x1e,0x54,0xfe,0x53,0xfe,0x53,0xfe,0x5b,0xde,0x5b,0xde,0x5b,0xde,0x5b,0xde,0x5b,0xbe,0x5b,0xbe,0x5b,0xbe,0x5b,0xbe,0x5b,0x9e,0x5b,0x9e,0x5b,
0x9e,0x5b,0x9e,0x5b,0x7e,0x5b,0x7e,0x5b,0x7e,0x63,0x7e,0x63,0x5e,0x63,0x5e,0x63,0x5e,0x63,0x3e,0x63,0x3e,0x63,0x3e,0x63,0x3e,0x63,0x1e,0x63,0x1d,0x6b,0x1d,0x6b,
0x1d,0x6b,0x1d,0x6b,0xfd,0x6a,0xfd,0x6a,0xfd,0x72,0xfd,0x72,0xdd,0x72,0xdd,0x72,0xdd,0x72,0xdd,0x7a,0xbd,0x7a,0xbd,0x7a,0xbd,0x7a,0xbd,0x7a,0x9d,0x7a,0x9d,0x82,
0x9c,0x82,0x9c,0x82,0x7c,0x82,0x7c,0x82,0x7c,0x82,0x7c,0x8a,0x5c,0x8a,0x5c,0x8a,0x5c,0x8a,0x5c,0x8a,0x5c,0x8a,0x3c,0x92,0x3c,0x92,0x3c,0x92,0x3c,0x92,0x1c,0x92,
0x1c,0x92,0x1c,0x9a,0x1b,0x9a,0xfb,0x99,0xfb,0x99,0xfb,0x99,0xfb,0xa1,0xdb,0xa1,0xdb,0xa1,0xdb,0xa1,0xdb,0xa1,0xd2,0x69,0xc9,0x29,0xc9,0x29,0xc9,0x29,0xc9,0x29,
0xc9,0x29,0xc9,0x29,0xc9,0x29,0x00,0x00,0x00,0x00,0x00,0x00,0x00,0x00,0x00,0x00,0x00,0x00,0x00,0x00,0x00,0x00,0x00,0x00,0x00,0x00,0xc9,0x29,0xc9,0x29,0xc9,0x29,
0xc9,0x29,0xc9,0x29,0xc9,0x29,0xc9,0x29,0x34,0x3b,0xbe,0x4c,0xbe,0x4c,0x9e,0x4c,0x9e,0x4c,0x9e,0x4c,0x9e,0x4c,0x7e,0x4c,0x7e,0x4c,0x7e,0x54,0x3f,0xae,0xbf,0xef,
0xbf,0xef,0x9f,0xef,0x9f,0xef,0x9f,0xef,0x9f,0xef,0x9f,0xef,0x1e,0x7d,0x1e,0x54,0x1e,0x54,0x1e,0x54,0xfe,0x53,0xfe,0x53,0xfe,0x5b,0xfe,0x5b,0xde,0x5b,0xde,0x5b,
0xde,0x5b,0xde,0x5b,0xbe,0x5b,0xbe,0x5b,0xbe,0x5b,0x9e,0x5b,0x9e,0x5b,0x9e,0x5b,0x9e,0x5b,0x7e,0x5b,0x7e,0x5b,0x7e,0x63,0x7e,0x63,0x5e,0x63,0x5e,0x63,0x5e,0x63,
0x5e,0x63,0x3e,0x63,0x3e,0x63,0x3e,0x63,0x3e,0x63,0x1d,0x6b,0x1d,0x6b,0x1d,0x6b,0x1d,0x6b,0xfd,0x6a,0xfd,0x6a,0xfd,0x72,0xfd,0x72,0xdd,0x72,0xdd,0x72,0xdd,0x72,
0xdd,0x72,0xbd,0x7a,0xbd,0x7a,0xbd,0x7a,0xbd,0x7a,0x9d,0x7a,0x9d,0x7a,0x9c,0x82,0x9c,0x82,0x9c,0x82,0x7c,0x82,0x7c,0x82,0x7c,0x8a,0x7c,0x8a,0x5c,0x8a,0x5c,0x8a,
0x5c,0x8a,0x5c,0x8a,0x3c,0x92,0x3c,0x92,0x3c,0x92,0x3c,0x92,0x1c,0x92,0x1c,0x92,0x1c,0x9a,0x1b,0x9a,0xfb,0x99,0xfb,0x99,0xfb,0x99,0xfb,0x99,0xfb,0xa1,0xdb,0xa1,
0xdb,0xa1,0xdb,0xa1,0xdb,0xa1,0xd2,0x69,0xc9,0x29,0xc9,0x29,0xc9,0x29,0xc9,0x29,0xc9,0x29,0xc9,0x29,0xc9,0x29,0x00,0x00,0x00,0x00,0x00,0x00,0x00,0x00,0x00,0x00,
0x00,0x00,0x00,0x00,0x00,0x00,0x00,0x00,0x00,0x00,0xa9,0x29,0xa9,0x29,0xa9,0x29,0xa9,0x29,0xa9,0x29,0xa9,0x29,0xa9,0x29,0x34,0x3b,0xbe,0x4c,0x9e,0x4c,0x9e,0x4c,
0x9e,0x4c,0x9e,0x4c,0x7e,0x4c,0x7e,0x4c,0x7e,0x54,0x7e,0x54,0x7f,0xe7,0xbf,0xef,0x9f,0xef,0x9f,0xef,0x9f,0xef,0x9f,0xef,0x9f,0xef,0x7e,0x8d,0x1e,0x54,0x1e,0x54,
0x1e,0x54,0xfe,0x53,0xfe,0x53,0xfe,0x5b,0xfe,0x5b,0xde,0x5b,0xde,0x5b,0xde,0x5b,0xde,0x5b,0xbe,0x5b,0xbe,0x5b,0xbe,0x5b,0xbe,0x5b,0x9e,0x5b,0x9e,0x5b,0x9e,0x5b,
0x7e,0x5b,0x7e,0x5b,0x7e,0x5b,0x7e,0x63,0x5e,0x63,0x5e,0x63,0x5e,0x63,0x5e,0x63,0x3e,0x63,0x3e,0x63,0x3e,0x63,0x3e,0x63,0x1e,0x63,0x1d,0x6b,0x1d,0x6b,0x1d,0x6b,
0xfd,0x6a,0xfd,0x6a,0xfd,0x72,0xfd,0x72,0xdd,0x72,0xdd,0x72,0xdd,0x72,0xdd,0x72,0xbd,0x7a,0xbd,0x7a,0xbd,0x7a,0xbd,0x7a,0xbd,0x7a,0x9d,0x7a,0x9d,0x82,0x9c,0x82,
0x9c,0x82,0x7c,0x82,0x7c,0x82,0x7c,0x82,0x7c,0x8a,0x5c,0x8a,0x5c,0x8a,0x5c,0x8a,0x5c,0x8a,0x3c,0x92,0x3c,0x92,0x3c,0x92,0x3c,0x92,0x1c,0x92,0x1c,0x92,0x1c,0x9a,
0x1b,0x9a,0x1b,0x9a,0xfb,0x99,0xfb,0x99,0xfb,0x99,0xfb,0xa1,0xdb,0xa1,0xdb,0xa1,0xdb,0xa1,0xdb,0xa1,0xbb,0xa1,0xb2,0x69,0xa9,0x29,0xa9,0x29,0xa9,0x29,0xa9,0x29,
0xa9,0x29,0xa9,0x29,0xa9,0x29,0x00,0x00,0x00,0x00,0x00,0x00,0x00,0x00,0x00,0x00,0x00,0x00,0x00,0x00,0x00,0x00,0x00,0x00,0x00,0x00,0xa9,0x29,0xa9,0x29,0xa9,0x29,
0xa9,0x29,0xa9,0x29,0xa9,0x29,0xa9,0x29,0x34,0x3b,0xbe,0x4c,0x9e,0x4c,0x9e,0x4c,0x9e,0x4c,0x9e,0x4c,0x7e,0x4c,0x7e,0x54,0x7e,0x54,0x5e,0x54,0x7f,0xe7,0x9f,0xef,
0x9f,0xef,0x9f,0xef,0x9f,0xef,0x9f,0xef,0xff,0xa5,0x1e,0x54,0x1e,0x54,0x1e,0x54,0x1e,0x54,0xfe,0x53,0xfe,0x53,0xfe,0x5b,0xde,0x5b,0xde,0x5b,0xde,0x5b,0xde,0x5b,
0xbe,0x5b,0xbe,0x5b,0xbe,0x5b,0xbe,0x5b,0x9e,0x5b,0x9e,0x5b,0x9e,0x5b,0x9e,0x5b,0x7e,0x5b,0x7e,0x5b,0x7e,0x63,0x5e,0x63,0x5e,0x63,0x5e,0x63,0x5e,0x63,0x3e,0x63,
0x3e,0x63,0x3e,0x63,0x3e,0x63,0x1e,0x63,0x1d,0x6b,0x1d,0x6b,0x1d,0x6b,0xfd,0x6a,0xfd,0x6a,0xfd,0x6a,0xfd,0x72,0xfd,0x72,0xdd,0x72,0xdd,0x72,0xdd,0x72,0xdd,0x7a,
0xbd,0x7a,0xbd,0x7a,0xbd,0x7a,0xbd,0x7a,0x9d,0x7a,0x9d,0x82,0x9c,0x82,0x9c,0x82,0x7c,0x82,0x7c,0x82,0x7c,0x82,0x7c,0x8a,0x5c,0x8a,0x5c,0x8a,0x5c,0x8a,0x5c,0x8a,
0x5c,0x8a,0x3c,0x92,0x3c,0x92,0x3c,0x92,0x3c,0x92,0x1c,0x92,0x1c,0x9a,0x1c,0x9a,0x1b,0x9a,0xfb,0x99,0xfb,0x99,0xfb,0x99,0xfb,0xa1,0xdb,0xa1,0xdb,0xa1,0xdb,0xa1,
0xdb,0xa1,0xbb,0xa1,0xbb,0xa9,0xb2,0x69,0xa9,0x29,0xa9,0x29,0xa9,0x29,0xa9,0x29,0xa9,0x29,0xa9,0x29,0xa9,0x29,0x00,0x00,0x00,0x00,0x00,0x00,0x00,0x00,0x00,0x00,
0x00,0x00,0x00,0x00,0x00,0x00,0x00,0x00,0x00,0x00,0xa9,0x29,0xa9,0x29,0xa9,0x29,0xa9,0x29,0xa9,0x29,0xa9,0x29,0xa9,0x29,0x33,0x3b,0x9e,0x4c,0x9e,0x4c,0x9e,0x4c,
0x9e,0x4c,0x7e,0x4c,0x7e,0x4c,0x7e,0x54,0x7e,0x54,0x5e,0x54,0x3f,0xae,0x9f,0xef,0x9f,0xef,0x9f,0xef,0x9f,0xef,0x7f,0xbe,0x1e,0x54,0x1e,0x54,0x1e,0x54,0x1e,0x54,
0xfe,0x53,0xfe,0x53,0xfe,0x5b,0xfe,0x5b,0xde,0x5b,0xde,0x5b,0xde,0x5b,0xbe,0x5b,0xbe,0x5b,0xbe,0x5b,0xbe,0x5b,0x9e,0x5b,0x9e,0x5b,0x9e,0x5b,0x9e,0x5b,0x7e,0x5b,
0x7e,0x5b,0x7e,0x63,0x7e,0x63,0x5e,0x63,0x5e,0x63,0x5e,0x63,0x3e,0x63,0x3e,0x63,0x3e,0x63,0x3e,0x63,0x3e,0x63,0x1d,0x6b,0x1d,0x6b,0x1d,0x6b,0x1d,0x6b,0xfd,0x6a,
0xfd,0x6a,0xfd,0x72,0xfd,0x72,0xdd,0x72,0xdd,0x72,0xdd,0x72,0xdd,0x72,0xbd,0x7a,0xbd,0x7a,0xbd,0x7a,0xbd,0x7a,0x9d,0x7a,0x9d,0x82,0x9c,0x82,0x9c,0x82,0x7c,0x82,
0x7c,0x82,0x7c,0x82,0x7c,0x8a,0x7c,0x8a,0x5c,0x8a,0x5c,0x8a,0x5c,0x8a,0x5c,0x8a,0x3c,0x92,0x3c,0x92,0x3c,0x92,0x3c,0x92,0x1c,0x92,0x1c,0x92,0x1c,0x9a,0x1b,0x9a,
0xfb,0x99,0xfb,0x99,0xfb,0x99,0xfb,0x99,0xdb,0xa1,0xdb,0xa1,0xdb,0xa1,0xdb,0xa1,0xdb,0xa1,0xbb,0xa9,0xbb,0xa9,0xb2,0x69,0xa9,0x29,0xa9,0x29,0xa9,0x29,0xa9,0x29,
0xa9,0x29,0xa9,0x29,0xa9,0x29,0x00,0x00,0x00,0x00,0x00,0x00,0x00,0x00,0x00,0x00,0x00,0x00,0x00,0x00,0x00,0x00,0x00,0x00,0x00,0x00,0xa9,0x29,0xa9,0x29,0xa9,0x29,
0xa9,0x29,0xa9,0x29,0xa9,0x29,0xa9,0x29,0x33,0x3b,0x9e,0x4c,0x9e,0x4c,0x9e,0x4c,0x7e,0x4c,0x7e,0x4c,0x7e,0x54,0x7e,0x54,0x5e,0x54,0x5e,0x54,0x5e,0x54,0x3f,0xae,
0x7f,0xe7,0x7f,0xe7,0x1f,0xae,0x3e,0x54,0x1e,0x54,0x1e,0x54,0x1e,0x54,0xfe,0x53,0xfe,0x53,0xfe,0x5b,0xfe,0x5b,0xde,0x5b,0xde,0x5b,0xde,0x5b,0xde,0x5b,0xbe,0x5b,
0xbe,0x5b,0xbe,0x5b,0x9e,0x5b,0x9e,0x5b,0x9e,0x5b,0x9e,0x5b,0x7e,0x5b,0x7e,0x5b,0x7e,0x5b,0x7e,0x63,0x5e,0x63,0x5e,0x63,0x5e,0x63,0x5e,0x63,0x3e,0x63,0x3e,0x63,
0x3e,0x63,0x3e,0x63,0x1e,0x6b,0x1d,0x6b,0x1d,0x6b,0x1d,0x6b,0xfd,0x6a,0xfd,0x6a,0xfd,0x72,0xfd,0x72,0xdd,0x72,0xdd,0x72,0xdd,0x72,0xdd,0x72,0xbd,0x7a,0xbd,0x7a,
0xbd,0x7a,0xbd,0x7a,0xbd,0x7a,0x9d,0x7a,0x9c,0x82,0x9c,0x82,0x9c,0x82,0x7c,0x82,0x7c,0x82,0x7c,0x82,0x7c,0x8a,0x5c,0x8a,0x5c,0x8a,0x5c,0x8a,0x5c,0x8a,0x3c,0x92,
0x3c,0x92,0x3c,0x92,0x3c,0x92,0x1c,0x92,0x1c,0x92,0x1c,0x9a,0x1b,0x9a,0x1b,0x9a,0xfb,0x99,0xfb,0x99,0xfb,0x99,0xfb,0xa1,0xdb,0xa1,0xdb,0xa1,0xdb,0xa1,0xdb,0xa1,
0xbb,0xa1,0xbb,0xa9,0xbb,0xa9,0xb2,0x69,0xa9,0x29,0xa9,0x29,0xa9,0x29,0xa9,0x29,0xa9,0x29,0xa9,0x29,0xa9,0x29,0x00,0x00,0x00,0x00,0x00,0x00,0x00,0x00,0x00,0x00,
0x00,0x00,0x00,0x00,0x00,0x00,0x00,0x00,0x00,0x00,0xa9,0x29,0xa9,0x29,0xa9,0x29,0xa9,0x29,0xa9,0x29,0xa9,0x29,0xa9,0x29,0x33,0x3b,0x9e,0x4c,0x9e,0x4c,0x7e,0x4c,
0x7e,0x4c,0x7e,0x54,0x7e,0x54,0x5e,0x54,0x5e,0x54,0x5e,0x54,0x5e,0x54,0x3e,0x54,0x3e,0x54,0x3e,0x54,0x3e,0x54,0x1e,0x54,0x1e,0x54,0x1e,0x54,0xfe,0x53,0xfe,0x53,
0xfe,0x53,0xfe,0x5b,0xde,0x5b,0xde,0x5b,0xde,0x5b,0xde,0x5b,0xbe,0x5b,0xbe,0x5b,0xbe,0x5b,0xbe,0x5b,0x9e,0x5b,0x9e,0x5b,0x9e,0x5b,0x9e,0x5b,0x7e,0x5b,0x7e,0x5b,
0x7e,0x63,0x5e,0x63,0x5e,0x63,0x5e,0x63,0x5e,0x63,0x3e,0x63,0x3e,0x63,0x3e,0x63,0x3e,0x63,0x1e,0x63,0x1d,0x6b,0x1d,0x6b,0x1d,0x6b,0xfd,0x6a,0xfd,0x6a,0xfd,0x6a,
0xfd,0x72,0xfd,0x72,0xdd,0x72,0xdd,0x72,0xdd,0x72,0xdd,0x7a,0xbd,0x7a,0xbd,0x7a,0xbd,0x7a,0xbd,0x7a,0x9d,0x7a,0x9d,0x82,0x9c,0x82,0x9c,0x82,0x7c,0x82,0x7c,0x82,
0x7c,0x82,0x7c,0x8a,0x5c,0x8a,0x5c,0x8a,0x5c,0x8a,0x5c,0x8a,0x3c,0x8a,0x3c,0x92,0x3c,0x92,0x3c,0x92,0x3c,0x92,0x1c,0x92,0x1c,0x9a,0x1c,0x9a,0x1b,0x9a,0xfb,0x99,
0xfb,0x99,0xfb,0x99,0xfb,0xa1,0xdb,0xa1,0xdb,0xa1,0xdb,0xa1,0xdb,0xa1,0xbb,0xa1,0xbb,0xa9,0xbb,0xa9,0xbb,0xa9,0xb2,0x69,0xa9,0x29,0xa9,0x29,0xa9,0x29,0xa9,0x29,
0xa9,0x29,0xa9,0x29,0xa9,0x29,0x00,0x00,0x00,0x00,0x00,0x00,0x00,0x00,0x00,0x00,0x00,0x00,0x00,0x00,0x00,0x00,0x00,0x00,0x00,0x00,0xa8,0x29,0xa8,0x29,0xa8,0x29,
0xa8,0x29,0xa8,0x29,0xa8,0x29,0xa8,0x29,0x13,0x3b,0x9e,0x4c,0x9e,0x4c,0x7e,0x4c,0x7e,0x4c,0x7e,0x54,0x5e,0x54,0x5e,0x54,0x5e,0x54,0x5e,0x54,0x3e,0x54,0x3e,0x54,
0x3e,0x54,0x3e,0x54,0x1e,0x54,0x1e,0x54,0x1e,0x54,0x1e,0x54,0xfe,0x53,0xfe,0x53,0xfe,0x5b,0xfe,0x5b,0xde,0x5b,0xde,0x5b,0xde,0x5b,0xbe,0x5b,0xbe,0x5b,0xbe,0x5b,
0xbe,0x5b,0x9e,0x5b,0x9e,0x5b,0x9e,0x5b,0x9e,0x5b,0x7e,0x5b,0x7e,0x5b,0x7e,0x63,0x7e,0x63,0x5e,0x63,0x5e,0x63,0x5e,0x63,0x3e,0x63,0x3e,0x63,0x3e,0x63,0x3e,0x63,
0x1e,0x63,0x1d,0x6b,0x1d,0x6b,0x1d,0x6b,0x1d,0x6b,0xfd,0x6a,0xfd,0x6a,0xfd,0x72,0xfd,0x72,0xdd,0x72,0xdd,0x72,0xdd,0x72,0xdd,0x72,0xbd,0x7a,0xbd,0x7a,0xbd,0x7a,
0xbd,0x7a,0x9d,0x7a,0x9d,0x82,0x9c,0x82,0x9c,0x82,0x7c,0x82,0x7c,0x82,0x7c,0x82,0x7c,0x8a,0x7c,0x8a,0x5c,0x8a,0x5c,0x8a,0x5c,0x8a,0x5c,0x8a,0x3c,0x92,0x3c,0x92,
0x3c,0x92,0x3c,0x92,0x1c,0x92,0x1c,0x92,0x1c,0x9a,0x1b,0x9a,0xfb,0x99,0xfb,0x99,0xfb,0x99,0xfb,0xa1,0xdb,0xa1,0xdb,0xa1,0xdb,0xa1,0xdb,0xa1,0xdb,0xa1,0xbb,0xa9,
0xbb,0xa9,0xbb,0xa9,0xbb,0xa9,0xb2,0x69,0xa8,0x29,0xa8,0x29,0xa8,0x29,0xa8,0x29,0xa8,0x29,0xa8,0x29,0xa8,0x29,0x00,0x00,0x00,0x00,0x00,0x00,0x00,0x00,0x00,0x00,
0x00,0x00,0x00,0x00,0x00,0x00,0x00,0x00,0x00,0x00,0xa8,0x29,0xa8,0x29,0xa8,0x29,0xa8,0x29,0xa8,0x29,0xa8,0x29,0xa8,0x29,0x13,0x3b,0x9e,0x4c,0x7e,0x4c,0x7e,0x4c,
0x7e,0x54,0x7e,0x54,0x5e,0x54,0x5e,0x54,0x5e,0x54,0x5e,0x54,0x3e,0x54,0x3e,0x54,0x3e,0x54,0x1e,0x54,0x1e,0x54,0x1e,0x54,0x1e,0x54,0xfe,0x53,0xfe,0x53,0xfe,0x5b,
0xfe,0x5b,0xde,0x5b,0xde,0x5b,0xde,0x5b,0xde,0x5b,0xbe,0x5b,0xbe,0x5b,0xbe,0x5b,0x9e,0x5b,0x9e,0x5b,0x9e,0x5b,0x9e,0x5b,0x7e,0x5b,0x7e,0x5b,0x7e,0x63,0x7e,0x63,
0x5e,0x63,0x5e,0x63,0x5e,0x63,0x5e,0x63,0x3e,0x63,0x3e,0x63,0x3e,0x63,0x3e,0x63,0x1d,0x6b,0x1d,0x6b,0x1d,0x6b,0x1d,0x6b,0xfd,0x6a,0xfd,0x6a,0xfd,0x72,0xfd,0x72,
0xdd,0x72,0xdd,0x72,0xdd,0x72,0xdd,0x72,0xbd,0x7a,0xbd,0x7a,0xbd,0x7a,0xbd,0x7a,0x9d,0x7a,0x9d,0x7a,0x9c,0x82,0x9c,0x82,0x9c,0x82,0x7c,0x82,0x7c,0x82,0x7c,0x8a,
0x7c,0x8a,0x5c,0x8a,0x5c,0x8a,0x5c,0x8a,0x5c,0x8a,0x3c,0x92,0x3c,0x92,0x3c,0x92,0x3c,0x92,0x1c,0x92,0x1c,0x92,0x1c,0x9a,0x1b,0x9a,0xfb,0x99,0xfb,0x99,0xfb,0x99,
0xfb,0x99,0xfb,0xa1,0xdb,0xa1,0xdb,0xa1,0xdb,0xa1,0xdb,0xa1,0xbb,0xa9,0xbb,0xa9,0xbb,0xa9,0xbb,0xa9,0x9b,0xa9,0x92,0x69,0xa8,0x29,0xa8,0x29,0xa8,0x29,0xa8,0x29,
0xa8,0x29,0xa8,0x29,0xa8,0x29,0x00,0x00,0x00,0x00,0x00,0x00,0x00,0x00,0x00,0x00,0x00,0x00,0x00,0x00,0x00,0x00,0x00,0x00,0x00,0x00,0x88,0x29,0x88,0x29,0x88,0x29,
0x88,0x29,0x88,0x29,0x88,0x29,0x88,0x29,0x13,0x3b,0x7e,0x4c,0x7e,0x4c,0x7e,0x54,0x7e,0x54,0x5e,0x54,0x5e,0x54,0x5e,0x54,0x5e,0x54,0x3e,0x54,0x3e,0x54,0x3e,0x54,
0x3e,0x54,0x1e,0x54,0x1e,0x54,0x1e,0x54,0xfe,0x53,0xfe,0x53,0xfe,0x5b,0xfe,0x5b,0xde,0x5b,0xde,0x5b,0xde,0x5b,0xde,0x5b,0xbe,0x5b,0xbe,0x5b,0xbe,0x5b,0xbe,0x5b,
0x9e,0x5b,0x9e,0x5b,0x9e,0x5b,0x7e,0x5b,0x7e,0x5b,0x7e,0x5b,0x7e,0x63,0x5e,0x63,0x5e,0x63,0x5e,0x63,0x5e,0x63,0x3e,0x63,0x3e,0x63,0x3e,0x63,0x3e,0x63,0x1e,0x63,
0x1d,0x6b,0x1d,0x6b,0x1d,0x6b,0xfd,0x6a,0xfd,0x6a,0xfd,0x72,0xfd,0x72,0xdd,0x72,0xdd,0x72,0xdd,0x72,0xdd,0x72,0xdd,0x7a,0xbd,0x7a,0xbd,0x7a,0xbd,0x7a,0xbd,0x7a,
0x9d,0x7a,0x9d,0x82,0x9c,0x82,0x9c,0x82,0x7c,0x82,0x7c,0x82,0x7c,0x82,0x7c,0x8a,0x5c,0x8a,0x5c,0x8a,0x5c,0x8a,0x5c,0x8a,0x3c,0x92,0x3c,0x92,0x3c,0x92,0x3c,0x92,
0x3c,0x92,0x1c,0x92,0x1c,0x9a,0x1c,0x9a,0x1b,0x9a,0xfb,0x99,0xfb,0x99,0xfb,0x99,0xfb,0xa1,0xdb,0xa1,0xdb,0xa1,0xdb,0xa1,0xdb,0xa1,0xbb,0xa1,0xbb,0xa9,0xbb,0xa9,
0xbb,0xa9,0x9b,0xa9,0x9b,0xa9,0x91,0x69,0x88,0x29,0x88,0x29,0x88,0x29,0x88,0x29,0x88,0x29,0x88,0x29,0x88,0x29,0x00,0x00,0x00,0x00,0x00,0x00,0x00,0x00,0x00,0x00,
0x00,0x00,0x00,0x00,0x00,0x00,0x00,0x00,0x00,0x00,0x88,0x21,0x88,0x21,0x88,0x21,0x88,0x21,0x88,0x21,0x88,0x21,0x88,0x21,0x13,0x3b,0x7e,0x4c,0x7e,0x4c,0x7e,0x54,
0x5e,0x54,0x5e,0x54,0x5e,0x54,0x5e,0x54,0x3e,0x54,0x3e,0x54,0x3e,0x54,0x3e,0x54,0x1e,0x54,0x1e,0x54,0x1e,0x54,0x1e,0x54,0xfe,0x53,0xfe,0x53,0xfe,0x5b,0xde,0x5b,
0xde,0x5b,0xde,0x5b,0xde,0x5b,0xbe,0x5b,0xbe,0x5b,0xbe,0x5b,0xbe,0x5b,0x9e,0x5b,0x9e,0x5b,0x9e,0x5b,0x9e,0x5b,0x7e,0x5b,0x7e,0x5b,0x7e,0x63,0x7e,0x63,0x5e,0x63,
0x5e,0x63,0x5e,0x63,0x3e,0x63,0x3e,0x63,0x3e,0x63,0x3e,0x63,0x1e,0x63,0x1d,0x6b,0x1d,0x6b,0x1d,0x6b,0x1d,0x6b,0xfd,0x6a,0xfd,0x6a,0xfd,0x72,0xfd,0x72,0xdd,0x72,
0xdd,0x72,0xdd,0x72,0xdd,0x7a,0xbd,0x7a,0xbd,0x7a,0xbd,0x7a,0xbd,0x7a,0x9d,0x7a,0x9d,0x82,0x9c,0x82,0x9c,0x82,0x7c,0x82,0x7c,0x82,0x7c,0x82,0x7c,0x8a,0x5c,0x8a,
0x5c,0x8a,0x5c,0x8a,0x5c,0x8a,0x5c,0x8a,0x3c,0x92,0x3c,0x92,0x3c,0x92,0x3c,0x92,0x1c,0x92,0x1c,0x92,0x1c,0x9a,0x1b,0x9a,0xfb,0x99,0xfb,0x99,0xfb,0x99,0xfb,0xa1,
0xdb,0xa1,0xdb,0xa1,0xdb,0xa1,0xdb,0xa1,0xbb,0xa1,0xbb,0xa9,0xbb,0xa9,0xbb,0xa9,0xbb,0xa9,0x9b,0xa9,0x9b,0xa9,0x91,0x69,0x88,0x21,0x88,0x21,0x88,0x21,0x88,0x21,
0x88,0x21,0x88,0x21,0x88,0x21,0x00,0x00,0x00,0x00,0x00,0x00,0x00,0x00,0x00,0x00,0x00,0x00,0x00,0x00,0x00,0x00,0x00,0x00,0x00,0x00,0x88,0x21,0x88,0x21,0x88,0x21,
0x88,0x21,0x88,0x21,0x88,0x21,0x88,0x21,0x13,0x3b,0x7e,0x4c,0x7e,0x54,0x7e,0x54,0x5e,0x54,0x5e,0x54,0x5e,0x54,0x3e,0x54,0x3e,0x54,0x3e,0x54,0x3e,0x54,0x1e,0x54,
0x1e,0x54,0x1e,0x54,0x1e,0x54,0xfe,0x53,0xfe,0x53,0xfe,0x5b,0xfe,0x5b,0xde,0x5b,0xde,0x5b,0xde,0x5b,0xde,0x5b,0xbe,0x5b,0xbe,0x5b,0xbe,0x5b,0x9e,0x5b,0x9e,0x5b,
0x9e,0x5b,0x9e,0x5b,0x7e,0x5b,0x7e,0x5b,0x7e,0x63,0x7e,0x63,0x5e,0x63,0x5e,0x63,0x5e,0x63,0x5e,0x63,0x3e,0x63,0x3e,0x63,0x3e,0x63,0x3e,0x63,0x1d,0x6b,0x1d,0x6b,
0x1d,0x6b,0x1d,0x6b,0xfd,0x6a,0xfd,0x6a,0xfd,0x72,0xfd,0x72,0xdd,0x72,0xdd,0x72,0xdd,0x72,0xdd,0x72,0xbd,0x7a,0xbd,0x7a,0xbd,0x7a,0xbd,0x7a,0x9d,0x7a,0x9d,0x7a,
0x9c,0x82,0x9c,0x82,0x9c,0x82,0x7c,0x82,0x7c,0x82,0x7c,0x8a,0x7c,0x8a,0x5c,0x8a,0x5c,0x8a,0x5c,0x8a,0x5c,0x8a,0x3c,0x92,0x3c,0x92,0x3c,0x92,0x3c,0x92,0x1c,0x92,
0x1c,0x92,0x1c,0x9a,0x1b,0x9a,0xfb,0x99,0xfb,0x99,0xfb,0x99,0xfb,0x99,0xfb,0xa1,0xdb,0xa1,0xdb,0xa1,0xdb,0xa1,0xdb,0xa1,0xbb,0xa9,0xbb,0xa9,0xbb,0xa9,0xbb,0xa9,
0x9b,0xa9,0x9b,0xa9,0x9b,0xb1,0x91,0x69,0x88,0x21,0x88,0x21,0x88,0x21,0x88,0x21,0x88,0x21,0x88,0x21,0x88,0x21,0x00,0x00,0x00,0x00,0x00,0x00,0x00,0x00,0x00,0x00,
0x00,0x00,0x00,0x00,0x00,0x00,0x00,0x00,0x00,0x00,0x88,0x21,0x88,0x21,0x88,0x21,0x88,0x21,0x88,0x21,0x88,0x21,0x88,0x21,0x13,0x3b,0x7e,0x54,0x7e,0x54,0x5e,0x54,
0x5e,0x54,0x5e,0x54,0x5e,0x54,0x3e,0x54,0x3e,0x54,0x3e,0x54,0x3e,0x54,0x1e,0x54,0x1e,0x54,0x1e,0x54,0xfe,0x53,0xfe,0x53,0xfe,0x5b,0xfe,0x5b,0xde,0x5b,0xde,0x5b,
0xde,0x5b,0xde,0x5b,0xbe,0x5b,0xbe,0x5b,0xbe,0x5b,0xbe,0x5b,0x9e,0x5b,0x9e,0x5b,0x9e,0x5b,0x7e,0x5b,0x7e,0x5b,0x7e,0x5b,0x7e,0x63,0x5e,0x63,0x5e,0x63,0x5e,0x63,
0x5e,0x63,0x3e,0x63,0x3e,0x63,0x3e,0x63,0x3e,0x63,0x1e,0x63,0x1d,0x6b,0x1d,0x6b,0x1d,0x6b,0xfd,0x6a,0xfd,0x6a,0xfd,0x72,0xfd,0x72,0xdd,0x72,0xdd,0x72,0xdd,0x72,
0xdd,0x72,0xbd,0x7a,0xbd,0x7a,0xbd,0x7a,0xbd,0x7a,0xbd,0x7a,0x9d,0x7a,0x9d,0x82,0x9c,0x82,0x9c,0x82,0x7c,0x82,0x7c,0x82,0x7c,0x82,0x7c,0x8a,0x5c,0x8a,0x5c,0x8a,
0x5c,0x8a,0x5c,0x8a,0x3c,0x92,0x3c,0x92,0x3c,0x92,0x3c,0x92,0x1c,0x92,0x1c,0x92,0x1c,0x9a,0x1b,0x9a,0x1b,0x9a,0xfb,0x99,0xfb,0x99,0xfb,0x99,0xfb,0xa1,0xdb,0xa1,
0xdb,0xa1,0xdb,0xa1,0xdb,0xa1,0xbb,0xa1,0xbb,0xa9,0xbb,0xa9,0xbb,0xa9,0x9b,0xa9,0x9b,0xa9,0x9b,0xb1,0x9b,0xb1,0x91,0x69,0x88,0x21,0x88,0x21,0x88,0x21,0x88,0x21,
0x88,0x21,0x88,0x21,0x88,0x21,0x00,0x00,0x00,0x00,0x00,0x00,0x00,0x00,0x00,0x00,0x00,0x00,0x00,0x00,0x00,0x00,0x00,0x00,0x00,0x00,0x88,0x21,0x88,0x21,0x88,0x21,
0x88,0x21,0x88,0x21,0x88,0x21,0x88,0x21,0xd2,0x3a,0x7e,0x54,0x5e,0x54,0x5e,0x54,0x5e,0x54,0x5e,0x54,0x3e,0x54,0x3e,0x54,0x3e,0x54,0x3e,0x54,0x1e,0x54,0x1e,0x54,
0x1e,0x54,0x1e,0x54,0xfe,0x53,0xfe,0x53,0xfe,0x5b,0xde,0x5b,0xde,0x5b,0xde,0x5b,0xde,0x5b,0xbe,0x5b,0xbe,0x5b,0xbe,0x5b,0xbe,0x5b,0x9e,0x5b,0x9e,0x5b,0x9e,0x5b,
0x9e,0x5b,0x7e,0x5b,0x7e,0x5b,0x7e,0x63,0x5e,0x63,0x5e,0x63,0x5e,0x63,0x5e,0x63,0x3e,0x63,0x3e,0x63,0x3e,0x63,0x3e,0x63,0x1e,0x63,0x1d,0x6b,0x1d,0x6b,0x1d,0x6b,
0xfd,0x6a,0xfd,0x6a,0xfd,0x6a,0xfd,0x72,0xfd,0x72,0xdd,0x72,0xdd,0x72,0xdd,0x72,0xdd,0x7a,0xbd,0x7a,0xbd,0x7a,0xbd,0x7a,0xbd,0x7a,0x9d,0x7a,0x9d,0x82,0x9c,0x82,
0x9c,0x82,0x7c,0x82,0x7c,0x82,0x7c,0x82,0x7c,0x8a,0x5c,0x8a,0x5c,0x8a,0x5c,0x8a,0x5c,0x8a,0x5c,0x8a,0x3c,0x92,0x3c,0x92,0x3c,0x92,0x3c,0x92,0x1c,0x92,0x1c,0x9a,
0x1c,0x9a,0x1b,0x9a,0xfb,0x99,0xfb,0x99,0xfb,0x99,0xfb,0xa1,0xdb,0xa1,0xdb,0xa1,0xdb,0xa1,0xdb,0xa1,0xbb,0xa1,0xbb,0xa9,0xbb,0xa9,0xbb,0xa9,0xbb,0xa9,0x9b,0xa9,
0x9b,0xa9,0x9b,0xb1,0x9b,0xb1,0x90,0x61,0x88,0x21,0x88,0x21,0x88,0x21,0x88,0x21,0x88,0x21,0x88,0x21,0x88,0x21,0x00,0x00,0x00,0x00,0x00,0x00,0x00,0x00,0x00,0x00,
0x00,0x00,0x00,0x00,0x00,0x00,0x00,0x00,0x00,0x00,0x88,0x21,0x88,0x21,0x88,0x21,0x88,0x21,0x88,0x21,0x88,0x21,0x88,0x21,0x6f,0x32,0x7e,0x54,0x5e,0x54,0x5e,0x54,
0x5e,0x54,0x3e,0x54,0x3e,0x54,0x3e,0x54,0x3e,0x54,0x1e,0x54,0x1e,0x54,0x1e,0x54,0x1e,0x54,0xfe,0x53,0xfe,0x53,0xfe,0x5b,0xfe,0x5b,0xde,0x5b,0xde,0x5b,0xde,0x5b,
0xbe,0x5b,0xbe,0x5b,0xbe,0x5b,0xbe,0x5b,0x9e,0x5b,0x9e,0x5b,0x9e,0x5b,0x9e,0x5b,0x7e,0x5b,0x7e,0x5b,0x7e,0x63,0x7e,0x63,0x5e,0x63,0x5e,0x63,0x5e,0x63,0x3e,0x63,
0x3e,0x63,0x3e,0x63,0x3e,0x63,0x3e,0x63,0x1d,0x6b,0x1d,0x6b,0x1d,0x6b,0x1d,0x6b,0xfd,0x6a,0xfd,0x6a,0xfd,0x72,0xfd,0x72,0xdd,0x72,0xdd,0x72,0xdd,0x72,0xdd,0x72,
0xbd,0x7a,0xbd,0x7a,0xbd,0x7a,0xbd,0x7a,0x9d,0x7a,0x9d,0x82,0x9c,0x82,0x9c,0x82,0x7c,0x82,0x7c,0x82,0x7c,0x82,0x7c,0x8a,0x7c,0x8a,0x5c,0x8a,0x5c,0x8a,0x5c,0x8a,
0x5c,0x8a,0x3c,0x92,0x3c,0x92,0x3c,0x92,0x3c,0x92,0x1c,0x92,0x1c,0x92,0x1c,0x9a,0x1b,0x9a,0xfb,0x99,0xfb,0x99,0xfb,0x99,0xfb,0x99,0xdb,0xa1,0xdb,0xa1,0xdb,0xa1,
0xdb,0xa1,0xdb,0xa1,0xbb,0xa9,0xbb,0xa9,0xbb,0xa9,0xbb,0xa9,0x9b,0xa9,0x9b,0xa9,0x9b,0xb1,0x9b,0xb1,0x7a,0xb1,0x8e,0x51,0x88,0x21,0x88,0x21,0x88,0x21,0x88,0x21,
0x88,0x21,0x88,0x21,0x88,0x21,0x00,0x00,0x00,0x00,0x00,0x00,0x00,0x00,0x00,0x00,0x00,0x00,0x00,0x00,0x00,0x00,0x00,0x00,0x00,0x00,0x88,0x21,0x88,0x21,0x88,0x21,
0x88,0x21,0x88,0x21,0x88,0x21,0x88,0x21,0xa9,0x29,0x5e,0x54,0x5e,0x54,0x5e,0x54,0x5e,0x54,0x3e,0x54,0x3e,0x54,0x3e,0x54,0x1e,0x54,0x1e,0x54,0x1e,0x54,0x1e,0x54,
0xfe,0x53,0xfe,0x53,0xfe,0x5b,0xfe,0x5b,0xde,0x5b,0xde,0x5b,0xde,0x5b,0xde,0x5b,0xbe,0x5b,0xbe,0x5b,0xbe,0x5b,0x9e,0x5b,0x9e,0x5b,0x9e,0x5b,0x9e,0x5b,0x7e,0x5b,
0x7e,0x5b,0x7e,0x5b,0x7e,0x63,0x5e,0x63,0x5e,0x63,0x5e,0x63,0x5e,0x63,0x3e,0x63,0x3e,0x63,0x3e,0x63,0x3e,0x63,0x1e,0x6b,0x1d,0x6b,0x1d,0x6b,0x1d,0x6b,0xfd,0x6a,
0xfd,0x6a,0xfd,0x72,0xfd,0x72,0xdd,0x72,0xdd,0x72,0xdd,0x72,0xdd,0x72,0xbd,0x7a,0xbd,0x7a,0xbd,0x7a,0xbd,0x7a,0xbd,0x7a,0x9d,0x7a,0x9c,0x82,0x9c,0x82,0x9c,0x82,
0x7c,0x82,0x7c,0x82,0x7c,0x82,0x7c,0x8a,0x5c,0x8a,0x5c,0x8a,0x5c,0x8a,0x5c,0x8a,0x3c,0x92,0x3c,0x92,0x3c,0x92,0x3c,0x92,0x1c,0x92,0x1c,0x92,0x1c,0x9a,0x1b,0x9a,
0x1b,0x9a,0xfb,0x99,0xfb,0x99,0xfb,0x99,0xfb,0xa1,0xdb,0xa1,0xdb,0xa1,0xdb,0xa1,0xdb,0xa1,0xbb,0xa1,0xbb,0xa9,0xbb,0xa9,0xbb,0xa9,0x9b,0xa9,0x9b,0xa9,0x9b,0xb1,
0x9b,0xb1,0x7a,0xb1,0x7a,0xb1,0x89,0x29,0x88,0x21,0x88,0x21,0x88,0x21,0x88,0x21,0x88,0x21,0x88,0x21,0x88,0x21,0x00,0x00,0x00,0x00,0x00,0x00,0x00,0x00,0x00,0x00,
0x00,0x00,0x00,0x00,0x00,0x00,0x00,0x00,0x00,0x00,0x88,0x21,0x88,0x21,0x88,0x21,0x88,0x21,0x88,0x21,0x88,0x21,0x88,0x21,0x88,0x21,0x35,0x3b,0x5e,0x54,0x5e,0x54,
0x3e,0x54,0x3e,0x54,0x3e,0x54,0x3e,0x54,0x1e,0x54,0x1e,0x54,0x1e,0x54,0xfe,0x53,0xfe,0x53,0xfe,0x53,0xfe,0x5b,0xde,0x5b,0xde,0x5b,0xde,0x5b,0xde,0x5b,0xbe,0x5b,
0xbe,0x5b,0xbe,0x5b,0xbe,0x5b,0x9e,0x5b,0x9e,0x5b,0x9e,0x5b,0x9e,0x5b,0x7e,0x5b,0x7e,0x5b,0x7e,0x63,0x5e,0x63,0x5e,0x63,0x5e,0x63,0x5e,0x63,0x3e,0x63,0x3e,0x63,
0x3e,0x63,0x3e,0x63,0x1e,0x63,0x1d,0x6b,0x1d,0x6b,0x1d,0x6b,0xfd,0x6a,0xfd,0x6a,0xfd,0x6a,0xfd,0x72,0xfd,0x72,0xdd,0x72,0xdd,0x72,0xdd,0x72,0xdd,0x7a,0xbd,0x7a,
0xbd,0x7a,0xbd,0x7a,0xbd,0x7a,0x9d,0x7a,0x9d,0x82,0x9c,0x82,0x9c,0x82,0x7c,0x82,0x7c,0x82,0x7c,0x82,0x7c,0x8a,0x5c,0x8a,0x5c,0x8a,0x5c,0x8a,0x5c,0x8a,0x3c,0x8a,
0x3c,0x92,0x3c,0x92,0x3c,0x92,0x3c,0x92,0x1c,0x92,0x1c,0x9a,0x1c,0x9a,0x1b,0x9a,0xfb,0x99,0xfb,0x99,0xfb,0x99,0xfb,0xa1,0xdb,0xa1,0xdb,0xa1,0xdb,0xa1,0xdb,0xa1,
0xbb,0xa1,0xbb,0xa9,0xbb,0xa9,0xbb,0xa9,0x9b,0xa9,0x9b,0xa9,0x9b,0xa9,0x9b,0xb1,0x9a,0xb1,0x7a,0xb1,0x73,0x79,0x88,0x21,0x88,0x21,0x88,0x21,0x88,0x21,0x88,0x21,
0x88,0x21,0x88,0x21,0x88,0x21,0x00,0x00,0x00,0x00,0x00,0x00,0x00,0x00,0x00,0x00,0x00,0x00,0x00,0x00,0x00,0x00,0x00,0x00,0x00,0x00,0x88,0x21,0x68,0x21,0x68,0x21,
0x68,0x21,0x68,0x21,0x68,0x21,0x68,0x21,0x68,0x21,0xaa,0x29,0xfb,0x4b,0x3e,0x54,0x3e,0x54,0x3e,0x54,0x3e,0x54,0x1e,0x54,0x1e,0x54,0x1e,0x54,0x1e,0x54,0xfe,0x53,
0xfe,0x53,0xfe,0x5b,0xfe,0x5b,0xde,0x5b,0xde,0x5b,0xde,0x5b,0xbe,0x5b,0xbe,0x5b,0xbe,0x5b,0xbe,0x5b,0x9e,0x5b,0x9e,0x5b,0x9e,0x5b,0x9e,0x5b,0x7e,0x5b,0x7e,0x5b,
0x7e,0x63,0x7e,0x63,0x5e,0x63,0x5e,0x63,0x5e,0x63,0x3e,0x63,0x3e,0x63,0x3e,0x63,0x3e,0x63,0x1e,0x63,0x1d,0x6b,0x1d,0x6b,0x1d,0x6b,0x1d,0x6b,0xfd,0x6a,0xfd,0x6a,
0xfd,0x72,0xfd,0x72,0xdd,0x72,0xdd,0x72,0xdd,0x72,0xdd,0x72,0xbd,0x7a,0xbd,0x7a,0xbd,0x7a,0xbd,0x7a,0x9d,0x7a,0x9d,0x82,0x9c,0x82,0x9c,0x82,0x7c,0x82,0x7c,0x82,
0x7c,0x82,0x7c,0x8a,0x7c,0x8a,0x5c,0x8a,0x5c,0x8a,0x5c,0x8a,0x5c,0x8a,0x3c,0x92,0x3c,0x92,0x3c,0x92,0x3c,0x92,0x1c,0x92,0x1c,0x92,0x1c,0x9a,0x1b,0x9a,0xfb,0x99,
0xfb,0x99,0xfb,0x99,0xfb,0xa1,0xdb,0xa1,0xdb,0xa1,0xdb,0xa1,0xdb,0xa1,0xdb,0xa1,0xbb,0xa9,0xbb,0xa9,0xbb,0xa9,0xbb,0xa9,0x9b,0xa9,0x9b,0xa9,0x9b,0xb1,0x9b,0xb1,
0x7a,0xb1,0x78,0xa1,0x69,0x29,0x68,0x21,0x68,0x21,0x68,0x21,0x68,0x21,0x68,0x21,0x68,0x21,0x68,0x21,0x68,0x21,0x00,0x00,0x00,0x00,0x00,0x00,0x00,0x00,0x00,0x00,
0x00,0x00,0x00,0x00,0x00,0x00,0x00,0x00,0x00,0x00,0x68,0x21,0x68,0x21,0x68,0x21,0x68,0x21,0x68,0x21,0x68,0x21,0x68,0x21,0x68,0x21,0x68,0x21,0xeb,0x29,0xfb,0x4b,
0x3e,0x54,0x3e,0x54,0x1e,0x54,0x1e,0x54,0x1e,0x54,0x1e,0x54,0xfe,0x53,0xfe,0x53,0xfe,0x5b,0xfe,0x5b,0xde,0x5b,0xde,0x5b,0xde,0x5b,0xde,0x5b,0xbe,0x5b,0xbe,0x5b,
0xbe,0x5b,0x9e,0x5b,0x9e,0x5b,0x9e,0x5b,0x9e,0x5b,0x7e,0x5b,0x7e,0x5b,0x7e,0x63,0x7e,0x63,0x5e,0x63,0x5e,0x63,0x5e,0x63,0x5e,0x63,0x3e,0x63,0x3e,0x63,0x3e,0x63,
0x3e,0x63,0x1d,0x6b,0x1d,0x6b,0x1d,0x6b,0x1d,0x6b,0xfd,0x6a,0xfd,0x6a,0xfd,0x72,0xfd,0x72,0xdd,0x72,0xdd,0x72,0xdd,0x72,0xdd,0x72,0xbd,0x7a,0xbd,0x7a,0xbd,0x7a,
0xbd,0x7a,0x9d,0x7a,0x9d,0x7a,0x9c,0x82,0x9c,0x82,0x9c,0x82,0x7c,0x82,0x7c,0x82,0x7c,0x8a,0x7c,0x8a,0x5c,0x8a,0x5c,0x8a,0x5c,0x8a,0x5c,0x8a,0x3c,0x92,0x3c,0x92,
0x3c,0x92,0x3c,0x92,0x1c,0x92,0x1c,0x92,0x1c,0x9a,0x1b,0x9a,0xfb,0x99,0xfb,0x99,0xfb,0x99,0xfb,0x99,0xfb,0xa1,0xdb,0xa1,0xdb,0xa1,0xdb,0xa1,0xdb,0xa1,0xbb,0xa9,
0xbb,0xa9,0xbb,0xa9,0xbb,0xa9,0x9b,0xa9,0x9b,0xa9,0x9b,0xb1,0x9b,0xb1,0x7a,0xb1,0x78,0xa1,0x6b,0x39,0x68,0x21,0x68,0x21,0x68,0x21,0x68,0x21,0x68,0x21,0x68,0x21,
0x68,0x21,0x68,0x21,0x68,0x21,0x00,0x00,0x00,0x00,0x00,0x00,0x00,0x00,0x00,0x00,0x00,0x00,0x00,0x00,0x00,0x00,0x00,0x00,0x00,0x00,0x67,0x21,0x68,0x21,0x68,0x21,
0x68,0x21,0x68,0x21,0x68,0x21,0x68,0x21,0x68,0x21,0x68,0x21,0x68,0x21,0xa9,0x21,0x15,0x43,0x1d,0x54,0x1e,0x54,0x1e,0x54,0x1e,0x54,0xfe,0x53,0xfe,0x53,0xfe,0x5b,
0xfe,0x5b,0xde,0x5b,0xde,0x5b,0xde,0x5b,0xde,0x5b,0xbe,0x5b,0xbe,0x5b,0xbe,0x5b,0xbe,0x5b,0x9e,0x5b,0x9e,0x5b,0x9e,0x5b,0x7e,0x5b,0x7e,0x5b,0x7e,0x5b,0x7e,0x63,
0x5e,0x63,0x5e,0x63,0x5e,0x63,0x5e,0x63,0x3e,0x63,0x3e,0x63,0x3e,0x63,0x3e,0x63,0x1e,0x63,0x1d,0x6b,0x1d,0x6b,0x1d,0x6b,0xfd,0x6a,0xfd,0x6a,0xfd,0x72,0xfd,0x72,
0xdd,0x72,0xdd,0x72,0xdd,0x72,0xdd,0x72,0xdd,0x7a,0xbd,0x7a,0xbd,0x7a,0xbd,0x7a,0xbd,0x7a,0x9d,0x7a,0x9d,0x82,0x9c,0x82,0x9c,0x82,0x7c,0x82,0x7c,0x82,0x7c,0x82,
0x7c,0x8a,0x5c,0x8a,0x5c,0x8a,0x5c,0x8a,0x5c,0x8a,0x3c,0x92,0x3c,0x92,0x3c,0x92,0x3c,0x92,0x3c,0x92,0x1c,0x92,0x1c,0x9a,0x1c,0x9a,0x1b,0x9a,0xfb,0x99,0xfb,0x99,
0xfb,0x99,0xfb,0xa1,0xdb,0xa1,0xdb,0xa1,0xdb,0xa1,0xdb,0xa1,0xbb,0xa1,0xbb,0xa9,0xbb,0xa9,0xbb,0xa9,0x9b,0xa9,0x9b,0xa9,0x9b,0xa9,0x9b,0xb1,0x9a,0xa9,0x73,0x79,
0x69,0x29,0x68,0x21,0x68,0x21,0x68,0x21,0x68,0x21,0x68,0x21,0x68,0x21,0x68,0x21,0x68,0x21,0x68,0x21,0x68,0x21,0x00,0x00,0x00,0x00,0x00,0x00,0x00,0x00,0x00,0x00,
0x00,0x00,0x00,0x00,0x00,0x00,0x00,0x00,0x00,0x00,0x29,0x21,0x67,0x21,0x67,0x21,0x67,0x21,0x67,0x21,0x67,0x21,0x67,0x21,0x67,0x21,0x67,0x21,0x67,0x21,0x67,0x21,
0x67,0x21,0x89,0x21,0x4f,0x32,0x91,0x3a,0xd3,0x3a,0xd3,0x3a,0xd3,0x3a,0xd3,0x3a,0xb3,0x3a,0xb3,0x3a,0xb3,0x3a,0xb3,0x42,0xb3,0x42,0xb3,0x42,0x93,0x42,0x93,0x42,
0x93,0x42,0x93,0x42,0x93,0x42,0x93,0x42,0x93,0x42,0x93,0x42,0x73,0x42,0x73,0x42,0x73,0x42,0x73,0x42,0x73,0x42,0x73,0x42,0x53,0x42,0x53,0x42,0x53,0x42,0x53,0x42,
0x53,0x42,0x53,0x4a,0x53,0x4a,0x53,0x4a,0x53,0x4a,0x33,0x4a,0x33,0x4a,0x33,0x4a,0x33,0x4a,0x33,0x4a,0x33,0x4a,0x33,0x52,0x13,0x52,0x13,0x52,0x13,0x52,0x13,0x52,
0x13,0x52,0x13,0x52,0x13,0x52,0x13,0x52,0xf3,0x51,0xf3,0x51,0xf2,0x59,0xf2,0x59,0xf2,0x59,0xf2,0x59,0xf2,0x59,0xf2,0x59,0xd2,0x59,0xd2,0x59,0xd2,0x59,0xd2,0x59,
0xd2,0x59,0xd2,0x61,0xd2,0x61,0xd2,0x61,0xb2,0x61,0xb2,0x61,0xb2,0x61,0xb2,0x61,0xb2,0x61,0xb2,0x61,0xb2,0x61,0x92,0x61,0x92,0x69,0x92,0x69,0x92,0x69,0x92,0x69,
0x92,0x69,0x92,0x69,0x92,0x69,0x92,0x69,0x70,0x61,0x6e,0x51,0x69,0x29,0x67,0x21,0x67,0x21,0x67,0x21,0x67,0x21,0x67,0x21,0x67,0x21,0x67,0x21,0x67,0x21,0x67,0x21,
0x67,0x21,0x67,0x21,0x45,0x29,0x00,0x00,0x00,0x00,0x00,0x00,0x00,0x00,0x00,0x00,0x00,0x00,0x00,0x00,0x00,0x00,0x00,0x00,0x00,0x00,0x00,0x00,0x67,0x21,0x67,0x21,
0x67,0x21,0x67,0x21,0x67,0x21,0x67,0x21,0x67,0x21,0x67,0x21,0x67,0x21,0x67,0x21,0x67,0x21,0x67,0x21,0x67,0x21,0x67,0x21,0x67,0x21,0x67,0x21,0x67,0x21,0x67,0x21,
0x67,0x21,0x67,0x21,0x67,0x21,0x67,0x21,0x67,0x21,0x67,0x21,0x67,0x21,0x67,0x21,0x67,0x21,0x67,0x21,0x67,0x21,0x67,0x21,0x67,0x21,0x67,0x21,0x67,0x21,0x67,0x21,
0x67,0x21,0x67,0x21,0x67,0x21,0x67,0x21,0x67,0x21,0x67,0x21,0x67,0x21,0x67,0x21,0x67,0x21,0x67,0x21,0x67,0x21,0x67,0x21,0x67,0x21,0x67,0x21,0x67,0x21,0x67,0x21,
0x67,0x21,0x67,0x21,0x67,0x21,0x67,0x21,0x67,0x21,0x67,0x21,0x67,0x21,0x67,0x21,0x67,0x21,0x67,0x21,0x67,0x21,0x67,0x21,0x67,0x21,0x67,0x21,0x67,0x21,0x67,0x21,
0x67,0x21,0x67,0x21,0x67,0x21,0x67,0x21,0x67,0x21,0x67,0x21,0x67,0x21,0x67,0x21,0x67,0x21,0x67,0x21,0x67,0x21,0x67,0x21,0x67,0x21,0x67,0x21,0x67,0x21,0x67,0x21,
0x67,0x21,0x67,0x21,0x67,0x21,0x67,0x21,0x67,0x21,0x67,0x21,0x67,0x21,0x67,0x21,0x67,0x21,0x67,0x21,0x67,0x21,0x67,0x21,0x67,0x21,0x67,0x21,0x67,0x21,0x67,0x21,
0x67,0x21,0x67,0x21,0x67,0x21,0x67,0x21,0x67,0x21,0x67,0x21,0x67,0x21,0x67,0x21,0x67,0x21,0x67,0x21,0x00,0x00,0x00,0x00,0x00,0x00,0x00,0x00,0x00,0x00,0x00,0x00,
0x00,0x00,0x00,0x00,0x00,0x00,0x00,0x00,0x00,0x00,0x00,0x00,0x08,0x42,0x67,0x21,0x67,0x21,0x67,0x21,0x67,0x21,0x67,0x21,0x67,0x21,0x67,0x21,0x67,0x21,0x67,0x21,
0x67,0x21,0x67,0x21,0x67,0x21,0x67,0x21,0x67,0x21,0x67,0x21,0x67,0x21,0x67,0x21,0x67,0x21,0x67,0x21,0x67,0x21,0x67,0x21,0x67,0x21,0x67,0x21,0x67,0x21,0x67,0x21,
0x67,0x21,0x67,0x21,0x67,0x21,0x67,0x21,0x67,0x21,0x67,0x21,0x67,0x21,0x67,0x21,0x67,0x21,0x67,0x21,0x67,0x21,0x67,0x21,0x67,0x21,0x67,0x21,0x67,0x21,0x67,0x21,
0x67,0x21,0x67,0x21,0x67,0x21,0x67,0x21,0x67,0x21,0x67,0x21,0x67,0x21,0x67,0x21,0x67,0x21,0x67,0x21,0x67,0x21,0x67,0x21,0x67,0x21,0x67,0x21,0x67,0x21,0x67,0x21,
0x67,0x21,0x67,0x21,0x67,0x21,0x67,0x21,0x67,0x21,0x67,0x21,0x67,0x21,0x67,0x21,0x67,0x21,0x67,0x21,0x67,0x21,0x67,0x21,0x67,0x21,0x67,0x21,0x67,0x21,0x67,0x21,
0x67,0x21,0x67,0x21,0x67,0x21,0x67,0x21,0x67,0x21,0x67,0x21,0x67,0x21,0x67,0x21,0x67,0x21,0x67,0x21,0x67,0x21,0x67,0x21,0x67,0x21,0x67,0x21,0x67,0x21,0x67,0x21,
0x67,0x21,0x67,0x21,0x67,0x21,0x67,0x21,0x67,0x21,0x67,0x21,0x67,0x21,0x67,0x21,0x67,0x21,0x67,0x21,0x67,0x21,0x67,0x21,0x67,0x21,0x67,0x21,0x67,0x21,0x67,0x21,
0x67,0x21,0xaa,0x02,0x00,0x00,0x00,0x00,0x00,0x00,0x00,0x00,0x00,0x00,0x00,0x00,0x00,0x00,0x00,0x00,0x00,0x00,0x00,0x00,0x00,0x00,0x00,0x00,0x00,0x00,0x47,0x21,
0x67,0x21,0x67,0x21,0x67,0x21,0x67,0x21,0x67,0x21,0x67,0x21,0x67,0x21,0x67,0x21,0x67,0x21,0x67,0x21,0x67,0x21,0x67,0x21,0x67,0x21,0x67,0x21,0x67,0x21,0x67,0x21,
0x67,0x21,0x67,0x21,0x67,0x21,0x67,0x21,0x67,0x21,0x67,0x21,0x67,0x21,0x67,0x21,0x67,0x21,0x67,0x21,0x67,0x21,0x67,0x21,0x67,0x21,0x67,0x21,0x67,0x21,0x67,0x21,
0x67,0x21,0x67,0x21,0x67,0x21,0x67,0x21,0x67,0x21,0x67,0x21,0x67,0x21,0x67,0x21,0x67,0x21,0x67,0x21,0x67,0x21,0x67,0x21,0x67,0x21,0x67,0x21,0x67,0x21,0x67,0x21,
0x67,0x21,0x67,0x21,0x67,0x21,0x67,0x21,0x67,0x21,0x67,0x21,0x67,0x21,0x67,0x21,0x67,0x21,0x67,0x21,0x67,0x21,0x67,0x21,0x67,0x21,0x67,0x21,0x67,0x21,0x67,0x21,
0x67,0x21,0x67,0x21,0x67,0x21,0x67,0x21,0x67,0x21,0x67,0x21,0x67,0x21,0x67,0x21,0x67,0x21,0x67,0x21,0x67,0x21,0x67,0x21,0x67,0x21,0x67,0x21,0x67,0x21,0x67,0x21,
0x67,0x21,0x67,0x21,0x67,0x21,0x67,0x21,0x67,0x21,0x67,0x21,0x67,0x21,0x67,0x21,0x67,0x21,0x67,0x21,0x67,0x21,0x67,0x21,0x67,0x21,0x67,0x21,0x67,0x21,0x67,0x21,
0x67,0x21,0x67,0x21,0x67,0x21,0x67,0x21,0x67,0x21,0x67,0x21,0x67,0x21,0x67,0x21,0x67,0x21,0x00,0x00,0x00,0x00,0x00,0x00,0x00,0x00,0x00,0x00,0x00,0x00,0x00,0x00,
0x00,0x00,0x00,0x00,0x00,0x00,0x00,0x00,0x00,0x00,0x00,0x00,0x00,0x00,0x00,0x00,0x47,0x21,0x47,0x21,0x47,0x21,0x47,0x21,0x47,0x21,0x47,0x21,0x47,0x21,0x47,0x21,
0x47,0x21,0x47,0x21,0x47,0x21,0x47,0x21,0x47,0x21,0x47,0x21,0x47,0x21,0x47,0x21,0x47,0x21,0x47,0x21,0x47,0x21,0x47,0x21,0x47,0x21,0x47,0x21,0x47,0x21,0x47,0x21,
0x47,0x21,0x47,0x21,0x47,0x21,0x47,0x21,0x47,0x21,0x47,0x21,0x47,0x21,0x47,0x21,0x47,0x21,0x47,0x21,0x47,0x21,0x47,0x21,0x47,0x21,0x47,0x21,0x47,0x21,0x47,0x21,
0x47,0x21,0x47,0x21,0x47,0x21,0x47,0x21,0x47,0x21,0x47,0x21,0x47,0x21,0x47,0x21,0x47,0x21,0x47,0x21,0x47,0x21,0x47,0x21,0x47,0x21,0x47,0x21,0x47,0x21,0x47,0x21,
0x47,0x21,0x47,0x21,0x47,0x21,0x47,0x21,0x47,0x21,0x47,0x21,0x47,0x21,0x47,0x21,0x47,0x21,0x47,0x21,0x47,0x21,0x47,0x21,0x47,0x21,0x47,0x21,0x47,0x21,0x47,0x21,
0x47,0x21,0x47,0x21,0x47,0x21,0x47,0x21,0x47,0x21,0x47,0x21,0x47,0x21,0x47,0x21,0x47,0x21,0x47,0x21,0x47,0x21,0x47,0x21,0x47,0x21,0x47,0x21,0x47,0x21,0x47,0x21,
0x47,0x21,0x47,0x21,0x47,0x21,0x47,0x21,0x47,0x21,0x47,0x21,0x47,0x21,0x47,0x21,0x47,0x21,0x47,0x21,0x47,0x21,0x47,0x21,0x47,0x21,0x47,0x21,0x47,0x21,0x47,0x21,
0x00,0x00,0x00,0x00,0x00,0x00,0x00,0x00,0x00,0x00,0x00,0x00,0x00,0x00,0x00,0x00,0x00,0x00,0x00,0x00,0x00,0x00,0x00,0x00,0x00,0x00,0x00,0x00,0x00,0x00,0x00,0x00,
0x00,0x00,0x47,0x21,0x47,0x19,0x47,0x19,0x47,0x19,0x47,0x19,0x47,0x19,0x47,0x19,0x47,0x19,0x47,0x19,0x47,0x19,0x47,0x19,0x47,0x19,0x47,0x19,0x47,0x19,0x47,0x19,
0x47,0x19,0x47,0x19,0x47,0x19,0x47,0x19,0x47,0x19,0x47,0x19,0x47,0x19,0x47,0x19,0x47,0x19,0x47,0x19,0x47,0x19,0x47,0x19,0x47,0x19,0x47,0x19,0x47,0x19,0x47,0x19,
0x47,0x19,0x47,0x19,0x47,0x19,0x47,0x19,0x47,0x19,0x47,0x19,0x47,0x19,0x47,0x19,0x47,0x19,0x47,0x19,0x47,0x19,0x47,0x19,0x47,0x19,0x47,0x19,0x47,0x19,0x47,0x19,
0x47,0x19,0x47,0x19,0x47,0x19,0x47,0x19,0x47,0x19,0x47,0x19,0x47,0x19,0x47,0x19,0x47,0x19,0x47,0x19,0x47,0x19,0x47,0x19,0x47,0x19,0x47,0x19,0x47,0x19,0x47,0x19,
0x47,0x19,0x47,0x19,0x47,0x19,0x47,0x19,0x47,0x19,0x47,0x19,0x47,0x19,0x47,0x19,0x47,0x19,0x47,0x19,0x47,0x19,0x47,0x19,0x47,0x19,0x47,0x19,0x47,0x19,0x47,0x19,
0x47,0x19,0x47,0x19,0x47,0x19,0x47,0x19,0x47,0x19,0x47,0x19,0x47,0x19,0x47,0x19,0x47,0x19,0x47,0x19,0x47,0x19,0x47,0x19,0x47,0x19,0x47,0x19,0x47,0x19,0x47,0x19,
0x47,0x19,0x47,0x19,0x47,0x19,0x47,0x19,0x47,0x19,0x47,0x19,0x67,0x21,0x00,0x00,0x00,0x00,0x00,0x00,0x00,0x00,0x00,0x00,0x00,0x00,0x00,0x00,0x00,0x00,0x00,0x00,
0x00,0x00,0x00,0x00,0x00,0x00,0x00,0x00,0x00,0x00,0x00,0x00,0x00,0x00,0x00,0x00,0x00,0x00,0x00,0x00,0x00,0x00,0x47,0x19,0x47,0x19,0x47,0x19,0x47,0x19,0x47,0x19,
0x47,0x19,0x47,0x19,0x47,0x19,0x47,0x19,0x47,0x19,0x47,0x19,0x47,0x19,0x47,0x19,0x47,0x19,0x47,0x19,0x47,0x19,0x47,0x19,0x47,0x19,0x47,0x19,0x47,0x19,0x47,0x19,
0x47,0x19,0x47,0x19,0x47,0x19,0x47,0x19,0x47,0x19,0x47,0x19,0x47,0x19,0x47,0x19,0x47,0x19,0x47,0x19,0x47,0x19,0x47,0x19,0x47,0x19,0x47,0x19,0x47,0x19,0x47,0x19,
0x47,0x19,0x47,0x19,0x47,0x19,0x47,0x19,0x47,0x19,0x47,0x19,0x47,0x19,0x47,0x19,0x47,0x19,0x47,0x19,0x47,0x19,0x47,0x19,0x47,0x19,0x47,0x19,0x47,0x19,0x47,0x19,
0x47,0x19,0x47,0x19,0x47,0x19,0x47,0x19,0x47,0x19,0x47,0x19,0x47,0x19,0x47,0x19,0x47,0x19,0x47,0x19,0x47,0x19,0x47,0x19,0x47,0x19,0x47,0x19,0x47,0x19,0x47,0x19,
0x47,0x19,0x47,0x19,0x47,0x19,0x47,0x19,0x47,0x19,0x47,0x19,0x47,0x19,0x47,0x19,0x47,0x19,0x47,0x19,0x47,0x19,0x47,0x19,0x47,0x19,0x47,0x19,0x47,0x19,0x47,0x19,
0x47,0x19,0x47,0x19,0x47,0x19,0x47,0x19,0x47,0x19,0x47,0x19,0x47,0x19,0x47,0x19,0x47,0x19,0x47,0x19,0x47,0x19,0x47,0x19,0x47,0x19,0x08,0x02,0x00,0x00,0x00,0x00,
0x00,0x00,0x00,0x00,0x00,0x00,0x00,0x00,0x00,0x00,0x00,0x00,0x00,0x00,0x00,0x00,0x00,0x00,0x00,0x00,0x00,0x00,0x00,0x00,0x00,0x00,0x00,0x00,0x00,0x00,0x00,0x00,
0x00,0x00,0x00,0x00,0x00,0x00,0x00,0x00,0x45,0x29,0x47,0x19,0x47,0x19,0x47,0x19,0x47,0x19,0x47,0x19,0x47,0x19,0x47,0x19,0x47,0x19,0x47,0x19,0x47,0x19,0x47,0x19,
0x47,0x19,0x47,0x19,0x47,0x19,0x47,0x19,0x47,0x19,0x47,0x19,0x47,0x19,0x47,0x19,0x47,0x19,0x47,0x19,0x47,0x19,0x47,0x19,0x47,0x19,0x47,0x19,0x47,0x19,0x47,0x19,
0x47,0x19,0x47,0x19,0x47,0x19,0x47,0x19,0x47,0x19,0x47,0x19,0x47,0x19,0x47,0x19,0x47,0x19,0x47,0x19,0x47,0x19,0x47,0x19,0x47,0x19,0x47,0x19,0x47,0x19,0x47,0x19,
0x47,0x19,0x47,0x19,0x47,0x19,0x47,0x19,0x47,0x19,0x47,0x19,0x47,0x19,0x47,0x19,0x47,0x19,0x47,0x19,0x47,0x19,0x47,0x19,0x47,0x19,0x47,0x19,0x47,0x19,0x47,0x19,
0x47,0x19,0x47,0x19,0x47,0x19,0x47,0x19,0x47,0x19,0x47,0x19,0x47,0x19,0x47,0x19,0x47,0x19,0x47,0x19,0x47,0x19,0x47,0x19,0x47,0x19,0x47,0x19,0x47,0x19,0x47,0x19,
0x47,0x19,0x47,0x19,0x47,0x19,0x47,0x19,0x47,0x19,0x47,0x19,0x47,0x19,0x47,0x19,0x47,0x19,0x47,0x19,0x47,0x19,0x47,0x19,0x47,0x19,0x47,0x19,0x47,0x19,0x47,0x19,
0x47,0x19,0x47,0x19,0x47,0x19,0x45,0x29,0x00,0x00,0x00,0x00,0x00,0x00,0x00,0x00,0x00,0x00,0x00,0x00,0x00,0x00,0x00,0x00,0x00,0x00,0x00,0x00,0x00,0x00,0x00,0x00,
0x00,0x00,0x00,0x00,0x00,0x00,0x00,0x00,0x00,0x00,0x00,0x00,0x00,0x00,0x00,0x00,0x00,0x00,0x00,0x00,0x00,0x00,0x00,0x00,0x00,0x00,0x00,0x00,0x00,0x00,0x00,0x00,
0x00,0x00,0x00,0x00,0x00,0x00,0x00,0x00,0x00,0x00,0x00,0x00,0x00,0x00,0x00,0x00,0x00,0x00,0x00,0x00,0x00,0x00,0x00,0x00,0x00,0x00,0x00,0x00,0x00,0x00,0x00,0x00,
0x00,0x00,0x00,0x00,0x00,0x00,0x00,0x00,0x00,0x00,0x00,0x00,0x00,0x00,0x00,0x00,0x00,0x00,0x00,0x00,0x00,0x00,0x00,0x00,0x00,0x00,0x00,0x00,0x00,0x00,0xb1,0x63,
0xb1,0x63,0xb1,0x63,0xb1,0x63,0xb1,0x63,0xb1,0x63,0xb1,0x63,0xb1,0x63,0xb1,0x63,0xb1,0x63,0xb1,0x63,0xb1,0x63,0xb1,0x63,0xb1,0x63,0xb1,0x63,0xb1,0x63,0xb1,0x63,
0xb1,0x63,0xb1,0x63,0xb1,0x63,0xb1,0x63,0xb1,0x63,0xb1,0x63,0xb1,0x63,0xb1,0x63,0xb1,0x63,0x00,0x00,0x00,0x00,0x00,0x00,0x00,0x00,0x00,0x00,0x00,0x00,0x00,0x00,
0x00,0x00,0x00,0x00,0x00,0x00,0x00,0x00,0x00,0x00,0x00,0x00,0x00,0x00,0x00,0x00,0x00,0x00,0x00,0x00,0x00,0x00,0x00,0x00,0x00,0x00,0x00,0x00,0x00,0x00,0x00,0x00,
0x00,0x00,0x00,0x00,0x00,0x00,0x00,0x00,0x00,0x00,0x00,0x00,0x00,0x00,0x00,0x00,0x00,0x00,0x00,0x00,0x00,0x00,0x00,0x00,0x00,0x00,0x00,0x00,0x00,0x00,0x00,0x00,
0x00,0x00,0x00,0x00,0x00,0x00,0x00,0x00,0x00,0x00,0x00,0x00,0x00,0x00,0x00,0x00,0x00,0x00,0x00,0x00,0x00,0x00,0x00,0x00,0x00,0x00,0x00,0x00,0x00,0x00,0x00,0x00,
0x00,0x00,0x00,0x00,0x00,0x00,0x00,0x00,0x00,0x00,0x00,0x00,0x00,0x00,0x00,0x00,0x00,0x00,0x00,0x00,0x00,0x00,0x00,0x00,0x00,0x00,0x00,0x00,0x00,0x00,0x00,0x00,
0x00,0x00,0x00,0x00,0x00,0x00,0x00,0x00,0x00,0x00,0x00,0x00,0x00,0x00,0x00,0x00,0x00,0x00,0x00,0x00,0x00,0x00,0x00,0x00,0x00,0x00,0x00,0x00,0x00,0x00,0x00,0x00,
0x00,0x00,0x00,0x00,0x00,0x00,0x00,0x00,0x00,0x00,0x00,0x00,0x10,0x64,0xb1,0x63,0xb1,0x63,0xb1,0x63,0xb1,0x63,0xb1,0x63,0xb1,0x63,0xb1,0x63,0xb1,0x63,0xb1,0x63,
0xb1,0x63,0xb1,0x63,0xb1,0x63,0xb1,0x63,0xb1,0x63,0xb1,0x63,0xb1,0x63,0xb1,0x63,0xb1,0x63,0xb1,0x63,0xb1,0x63,0xb1,0x63,0xb1,0x63,0xb1,0x63,0xb1,0x63,0xb1,0x63,
0xb1,0x63,0xb1,0x5b,0x00,0x00,0x00,0x00,0x00,0x00,0x00,0x00,0x00,0x00,0x00,0x00,0x00,0x00,0x00,0x00,0x00,0x00,0x00,0x00,0x00,0x00,0x00,0x00,0x00,0x00,0x00,0x00,
0x00,0x00,0x00,0x00,0x00,0x00,0x00,0x00,0x00,0x00,0x00,0x00,0x00,0x00,0x00,0x00,0x00,0x00,0x00,0x00,0x00,0x00,0x00,0x00,0x00,0x00,0x00,0x00,0x00,0x00,0x00,0x00,
0x00,0x00,0x00,0x00,0x00,0x00,0x00,0x00,0x00,0x00,0x00,0x00,0x00,0x00,0x00,0x00,0x00,0x00,0x00,0x00,0x00,0x00,0x00,0x00,0x00,0x00,0x00,0x00,0x00,0x00,0x00,0x00,
0x00,0x00,0x00,0x00,0x00,0x00,0x00,0x00,0x00,0x00,0x00,0x00,0x00,0x00,0x00,0x00,0x00,0x00,0x00,0x00,0x00,0x00,0x00,0x00,0x00,0x00,0x00,0x00,0x00,0x00,0x00,0x00,
0x00,0x00,0x00,0x00,0x00,0x00,0x00,0x00,0x00,0x00,0x00,0x00,0x00,0x00,0x00,0x00,0x00,0x00,0x00,0x00,0x00,0x00,0x00,0x00,0x00,0x00,0x00,0x00,0x00,0x00,0x00,0x00,
0x00,0x00,0x00,0x00,0x00,0x00,0x00,0x00,0x00,0x00,0x00,0x00,0x00,0x00,0x00,0x00,0x00,0x00,0x00,0x00,0x00,0x00,0x00,0x00,0x00,0x00,0x00,0x00,0xb1,0x63,0xb1,0x63,
0xb1,0x63,0xb1,0x63,0xb1,0x63,0xb1,0x63,0xb1,0x63,0xb1,0x63,0xb1,0x63,0xb1,0x63,0xb1,0x63,0xb1,0x63,0xb1,0x63,0xb1,0x63,0xb1,0x63,0xb1,0x63,0xb1,0x63,0xb1,0x63,
0xb1,0x63,0xb1,0x63,0xb1,0x63,0xb1,0x63,0xb1,0x63,0xb1,0x63,0xb1,0x63,0xb1,0x63,0xb1,0x63,0xb1,0x63,0x00,0x00,0x00,0x00,0x00,0x00,0x00,0x00,0x00,0x00,0x00,0x00,
0x00,0x00,0x00,0x00,0x00,0x00,0x00,0x00,0x00,0x00,0x00,0x00,0x00,0x00,0x00,0x00,0x00,0x00,0x00,0x00,0x00,0x00,0x00,0x00,0x00,0x00,0x00,0x00,0x00,0x00,0x00,0x00,
0x00,0x00,0x00,0x00,0x00,0x00,0x00,0x00,0x00,0x00,0x00,0x00,0x00,0x00,0x00,0x00,0x00,0x00,0x00,0x00,0x00,0x00,0x00,0x00,0x00,0x00,0x00,0x00,0x00,0x00,0x00,0x00,
0x00,0x00,0x00,0x00,0x00,0x00,0x00,0x00,0x00,0x00,0x00,0x00,0x00,0x00,0x00,0x00,0x00,0x00,0x00,0x00,0x00,0x00,0x00,0x00,0x00,0x00,0x00,0x00,0x00,0x00,0x00,0x00,
0x00,0x00,0x00,0x00,0x00,0x00,0x00,0x00,0x00,0x00,0x00,0x00,0x00,0x00,0x00,0x00,0x00,0x00,0x00,0x00,0x00,0x00,0x00,0x00,0x00,0x00,0x00,0x00,0x00,0x00,0x00,0x00,
0x00,0x00,0x00,0x00,0x00,0x00,0x00,0x00,0x00,0x00,0x00,0x00,0x00,0x00,0x00,0x00,0x00,0x00,0x00,0x00,0x00,0x00,0x00,0x00,0x00,0x00,0x00,0x00,0x00,0x00,0x00,0x00,
0x00,0x00,0x00,0x00,0x00,0x00,0x00,0x00,0x00,0x00,0x00,0x00,0xb1,0x63,0xb1,0x63,0xb1,0x63,0xb1,0x63,0xb1,0x63,0xb1,0x63,0xb1,0x63,0xb1,0x63,0xb1,0x63,0xb1,0x63,
0xb1,0x63,0xb1,0x63,0xb1,0x63,0xb1,0x63,0xb1,0x63,0xb1,0x63,0xb1,0x63,0xb1,0x63,0xb1,0x63,0xb1,0x63,0xb1,0x63,0xb1,0x63,0xb1,0x63,0xb1,0x63,0xb1,0x63,0xb1,0x63,
0xb1,0x63,0xb1,0x63,0x00,0x00,0x00,0x00,0x00,0x00,0x00,0x00,0x00,0x00,0x00,0x00,0x00,0x00,0x00,0x00,0x00,0x00,0x00,0x00,0x00,0x00,0x00,0x00,0x00,0x00,0x00,0x00,
0x00,0x00,0x00,0x00,0x00,0x00,0x00,0x00,0x00,0x00,0x00,0x00,0x00,0x00,0x00,0x00,0x00,0x00,0x00,0x00,0x00,0x00,0x00,0x00,0x00,0x00,0x00,0x00,0x00,0x00,0x00,0x00,
0x00,0x00,0x00,0x00,0x00,0x00,0x00,0x00,0x00,0x00,0x00,0x00,0x00,0x00,0x00,0x00,0x00,0x00,0x00,0x00,0x00,0x00,0x00,0x00,0x00,0x00,0x00,0x00,0x00,0x00,0x00,0x00,
0x00,0x00,0x00,0x00,0x00,0x00,0x00,0x00,0x00,0x00,0x00,0x00,0x00,0x00,0x00,0x00,0x00,0x00,0x00,0x00,0x00,0x00,0x00,0x00,0x00,0x00,0x00,0x00,0x00,0x00,0x00,0x00,
0x00,0x00,0x00,0x00,0x00,0x00,0x00,0x00,0x00,0x00,0x00,0x00,0x00,0x00,0x00,0x00,0x00,0x00,0x00,0x00,0x00,0x00,0x00,0x00,0x00,0x00,0x00,0x00,0x00,0x00,0x00,0x00,
0x00,0x00,0x00,0x00,0x00,0x00,0x00,0x00,0x00,0x00,0x00,0x00,0x00,0x00,0x00,0x00,0x00,0x00,0x00,0x00,0x00,0x00,0x00,0x00,0x00,0x00,0x10,0x64,0xb1,0x63,0xb1,0x63,
0xb1,0x63,0xb1,0x63,0xb1,0x63,0xb1,0x63,0xb1,0x63,0xb1,0x63,0xb1,0x63,0xb1,0x63,0xb1,0x63,0xb1,0x63,0xb1,0x63,0xb1,0x63,0xb1,0x63,0xb1,0x63,0xb1,0x63,0xb1,0x63,
0xb1,0x63,0xb1,0x63,0xb1,0x63,0xb1,0x63,0xb1,0x63,0xb1,0x63,0xb1,0x63,0xb1,0x63,0xb1,0x63,0xb1,0x63,0xb1,0x5b,0x00,0x00,0x00,0x00,0x00,0x00,0x00,0x00,0x00,0x00,
0x00,0x00,0x00,0x00,0x00,0x00,0x00,0x00,0x00,0x00,0x00,0x00,0x00,0x00,0x00,0x00,0x00,0x00,0x00,0x00,0x00,0x00,0x00,0x00,0x00,0x00,0x00,0x00,0x00,0x00,0x00,0x00,
0x00,0x00,0x00,0x00,0x00,0x00,0x00,0x00,0x00,0x00,0x00,0x00,0x00,0x00,0x00,0x00,0x00,0x00,0x00,0x00,0x00,0x00,0x00,0x00,0x00,0x00,0x00,0x00,0x00,0x00,0x00,0x00,
0x00,0x00,0x00,0x00,0x00,0x00,0x00,0x00,0x00,0x00,0x00,0x00,0x00,0x00,0x00,0x00,0x00,0x00,0x00,0x00,0x00,0x00,0x00,0x00,0x00,0x00,0x00,0x00,0x00,0x00,0x00,0x00,
0x00,0x00,0x00,0x00,0x00,0x00,0x00,0x00,0x00,0x00,0x00,0x00,0x00,0x00,0x00,0x00,0x00,0x00,0x00,0x00,0x00,0x00,0x00,0x00,0x00,0x00,0x00,0x00,0x00,0x00,0x00,0x00,
0x00,0x00,0x00,0x00,0x00,0x00,0x00,0x00,0x00,0x00,0x00,0x00,0x00,0x00,0x00,0x00,0x00,0x00,0x00,0x00,0x00,0x00,0x00,0x00,0x00,0x00,0x00,0x00,0x00,0x00,0x00,0x00,
0x00,0x00,0x00,0x00,0x00,0x00,0x00,0x00,0x00,0x00,0xb1,0x63,0xb1,0x63,0xb1,0x63,0xb1,0x63,0xb1,0x63,0xb1,0x63,0xb1,0x63,0xb1,0x63,0xb1,0x63,0xb1,0x63,0xb1,0x63,
0xb1,0x63,0xb1,0x63,0xb1,0x63,0xb1,0x63,0xb1,0x63,0xb1,0x63,0xb1,0x63,0xb1,0x63,0xb1,0x63,0xb1,0x63,0xb1,0x63,0xb1,0x63,0xb1,0x63,0xb1,0x63,0xb1,0x63,0xb1,0x63,
0xb1,0x63,0xb1,0x63,0xb1,0x63,0x00,0x00,0x00,0x00,0x00,0x00,0x00,0x00,0x00,0x00,0x00,0x00,0x00,0x00,0x00,0x00,0x00,0x00,0x00,0x00,0x00,0x00,0x00,0x00,0x00,0x00,
0x00,0x00,0x00,0x00,0x00,0x00,0x00,0x00,0x00,0x00,0x00,0x00,0x00,0x00,0x00,0x00,0x00,0x00,0x00,0x00,0x00,0x00,0x00,0x00,0x00,0x00,0x00,0x00,0x00,0x00,0x00,0x00,
0x00,0x00,0x00,0x00,0x00,0x00,0x00,0x00,0x00,0x00,0x00,0x00,0x00,0x00,0x00,0x00,0x00,0x00,0x00,0x00,0x00,0x00,0x00,0x00,0x00,0x00,0x00,0x00,0x00,0x00,0x00,0x00,
0x00,0x00,0x00,0x00,0x00,0x00,0x00,0x00,0x00,0x00,0x00,0x00,0x00,0x00,0x00,0x00,0x00,0x00,0x00,0x00,0x00,0x00,0x00,0x00,0x00,0x00,0x00,0x00,0x00,0x00,0x00,0x00,
0x00,0x00,0x00,0x00,0x00,0x00,0x00,0x00,0x00,0x00,0x00,0x00,0x00,0x00,0x00,0x00,0x00,0x00,0x00,0x00,0x00,0x00,0x00,0x00,0x00,0x00,0x00,0x00,0x00,0x00,0x00,0x00,
0x00,0x00,0x00,0x00,0x00,0x00,0x00,0x00,0x00,0x00,0x00,0x00,0x00,0x00,0x00,0x00,0x00,0x00,0x00,0x00,0x00,0x00,0x00,0x00,0x00,0x00,0xb1,0x63,0xb1,0x63,0xb1,0x63,
0xb1,0x63,0xb1,0x63,0xb1,0x63,0xb1,0x63,0xb1,0x63,0xb1,0x63,0xb1,0x63,0xb1,0x63,0xb1,0x63,0xb1,0x63,0xb1,0x63,0xb1,0x63,0xb1,0x63,0xb1,0x63,0xb1,0x63,0xb1,0x63,
0xb1,0x63,0xb1,0x63,0xb1,0x63,0xb1,0x63,0xb1,0x63,0xb1,0x63,0xb1,0x63,0xb1,0x63,0xb1,0x63,0xb1,0x63,0xb1,0x63,0x00,0x00,0x00,0x00,0x00,0x00,0x00,0x00,0x00,0x00,
0x00,0x00,0x00,0x00,0x00,0x00,0x00,0x00,0x00,0x00,0x00,0x00,0x00,0x00,0x00,0x00,0x00,0x00,0x00,0x00,0x00,0x00,0x00,0x00,0x00,0x00,0x00,0x00,0x00,0x00,0x00,0x00,
0x00,0x00,0x00,0x00,0x00,0x00,0x00,0x00,0x00,0x00,0x00,0x00,0x00,0x00,0x00,0x00,0x00,0x00,0x00,0x00,0x00,0x00,0x00,0x00,0x00,0x00,0x00,0x00,0x00,0x00,0x00,0x00,
0x00,0x00,0x00,0x00,0x00,0x00,0x00,0x00,0x00,0x00,0x00,0x00,0x00,0x00,0x00,0x00,0x00,0x00,0x00,0x00,0x00,0x00,0x00,0x00,0x00,0x00,0x00,0x00,0x00,0x00,0x00,0x00,
0x00,0x00,0x00,0x00,0x00,0x00,0x00,0x00,0x00,0x00,0x00,0x00,0x00,0x00,0x00,0x00,0x00,0x00,0x00,0x00,0x00,0x00,0x00,0x00,0x00,0x00,0x00,0x00,0x00,0x00,0x00,0x00,
0x00,0x00,0x00,0x00,0x00,0x00,0x00,0x00,0x00,0x00,0x00,0x00,0x00,0x00,0x00,0x00,0x00,0x00,0x00,0x00,0x00,0x00,0x00,0x00,0x00,0x00,0x00,0x00,0x00,0x00,0x00,0x00,
0x00,0x00,0x00,0x00,0x00,0x00,0x00,0x00,0x10,0x64,0xb1,0x63,0xb1,0x63,0xb1,0x63,0xb1,0x63,0xb1,0x63,0xb1,0x63,0xb1,0x63,0xb1,0x63,0xb1,0x63,0xb1,0x63,0xb1,0x63,
0xb1,0x63,0xb1,0x63,0xb1,0x63,0xb1,0x63,0xb1,0x63,0xb1,0x63,0xb1,0x63,0xb1,0x63,0xb1,0x63,0xb1,0x63,0xb1,0x63,0xb1,0x63,0xb1,0x63,0xb1,0x63,0xb1,0x63,0xb1,0x63,
0xb1,0x63,0xb1,0x63,0xb1,0x63,0xb1,0x5b,0x00,0x00,0x00,0x00,0x00,0x00,0x00,0x00,0x00,0x00,0x00,0x00,0x00,0x00,0x00,0x00,0x00,0x00,0x00,0x00,0x00,0x00,0x00,0x00,
0x00,0x00,0x00,0x00,0x00,0x00,0x00,0x00,0x00,0x00,0x00,0x00,0x00,0x00,0x00,0x00,0x00,0x00,0x00,0x00,0x00,0x00,0x00,0x00,0x00,0x00,0x00,0x00,0x00,0x00,0x00,0x00,
0x00,0x00,0x00,0x00,0x00,0x00,0x00,0x00,0x00,0x00,0x00,0x00,0x00,0x00,0x00,0x00,0x00,0x00,0x00,0x00,0x00,0x00,0x00,0x00,0x00,0x00,0x00,0x00,0x00,0x00,0x00,0x00,
0x00,0x00,0x00,0x00,0x00,0x00,0x00,0x00,0x00,0x00,0x00,0x00,0x00,0x00,0x00,0x00,0x00,0x00,0x00,0x00,0x00,0x00,0x00,0x00,0x00,0x00,0x00,0x00,0x00,0x00,0x00,0x00,
0x00,0x00,0x00,0x00,0x00,0x00,0x00,0x00,0x00,0x00,0x00,0x00,0x00,0x00,0x00,0x00,0x00,0x00,0x00,0x00,0x00,0x00,0x00,0x00,0x00,0x00,0x00,0x00,0x00,0x00,0x00,0x00,
0x00,0x00,0x00,0x00,0x00,0x00,0x00,0x00,0x00,0x00,0x00,0x00,0x00,0x00,0x00,0x00,0x00,0x00,0x00,0x00,0x00,0x00,0x00,0x00,0xb1,0x63,0xb1,0x63,0xb1,0x63,0xb1,0x63,
0xb1,0x63,0xb1,0x63,0xb1,0x63,0xb1,0x63,0xb1,0x63,0xb1,0x63,0xb1,0x63,0xb1,0x63,0xb1,0x63,0xb1,0x63,0xb1,0x63,0xb1,0x63,0xb1,0x63,0xb1,0x63,0xb1,0x63,0xb1,0x63,
0xb1,0x63,0xb1,0x63,0xb1,0x63,0xb1,0x63,0xb1,0x63,0xb1,0x63,0xb1,0x63,0xb1,0x63,0xb1,0x63,0xb1,0x63,0xb1,0x63,0xb1,0x63,0x00,0x00,0x00,0x00,0x00,0x00,0x00,0x00,
0x00,0x00,0x00,0x00,0x00,0x00,0x00,0x00,0x00,0x00,0x00,0x00,0x00,0x00,0x00,0x00,0x00,0x00,0x00,0x00,0x00,0x00,0x00,0x00,0x00,0x00,0x00,0x00,0x00,0x00,0x00,0x00,
0x00,0x00,0x00,0x00,0x00,0x00,0x00,0x00,0x00,0x00,0x00,0x00,0x00,0x00,0x00,0x00,0x00,0x00,0x00,0x00,0x00,0x00,0x00,0x00,0x00,0x00,0x00,0x00,0x00,0x00,0x00,0x00,
0x00,0x00,0x00,0x00,0x00,0x00,0x00,0x00,0x00,0x00,0x00,0x00,0x00,0x00,0x00,0x00,0x00,0x00,0x00,0x00,0x00,0x00,0x00,0x00,0x00,0x00,0x00,0x00,0x00,0x00,0x00,0x00,
0x00,0x00,0x00,0x00,0x00,0x00,0x00,0x00,0x00,0x00,0x00,0x00,0x00,0x00,0x00,0x00,0x00,0x00,0x00,0x00,0x00,0x00,0x00,0x00,0x00,0x00,0x00,0x00,0x00,0x00,0x00,0x00,
0x00,0x00,0x00,0x00,0x00,0x00,0x00,0x00,0x00,0x00,0x00,0x00,0x00,0x00,0x00,0x00,0x00,0x00,0x00,0x00,0x00,0x00,0x00,0x00,0x00,0x00,0x00,0x00,0x00,0x00,0x00,0x00,
0x00,0x00,0x00,0x00,0x00,0x00,0x00,0x00,0xb1,0x63,0xb1,0x63,0xb1,0x63,0xb1,0x63,0xb1,0x63,0xb1,0x63,0xb1,0x63,0xb1,0x63,0xb1,0x63,0xb1,0x63,0xb1,0x63,0xb1,0x63,
0xb1,0x63,0xb1,0x63,0xb1,0x63,0xb1,0x63,0xb1,0x63,0xb1,0x63,0xb1,0x63,0xb1,0x63,0xb1,0x63,0xb1,0x63,0xb1,0x63,0xb1,0x63,0xb1,0x63,0xb1,0x63,0xb1,0x63,0xb1,0x63,
0xb1,0x63,0xb1,0x63,0xb1,0x63,0xb1,0x63,0x00,0x00,0x00,0x00,0x00,0x00,0x00,0x00,0x00,0x00,0x00,0x00,0x00,0x00,0x00,0x00,0x00,0x00,0x00,0x00,0x00,0x00,0x00,0x00,
0x00,0x00,0x00,0x00,0x00,0x00,0x00,0x00,0x00,0x00,0x00,0x00,0x00,0x00,0x00,0x00,0x00,0x00,0x00,0x00,0x00,0x00,0x00,0x00,0x00,0x00,0x00,0x00,0x00,0x00,0x00,0x00,
0x00,0x00,0x00,0x00,0x00,0x00,0x00,0x00,0x00,0x00,0x00,0x00,0x00,0x00,0x00,0x00,0x00,0x00,0x00,0x00,0x00,0x00,0x00,0x00,0x00,0x00,0x00,0x00,0x00,0x00,0x00,0x00,
0x00,0x00,0x00,0x00,0x00,0x00,0x00,0x00,0x00,0x00,0x00,0x00,0x00,0x00,0x00,0x00,0x00,0x00,0x00,0x00,0x00,0x00,0x00,0x00,0x00,0x00,0x00,0x00,0x00,0x00,0x00,0x00,
0x00,0x00,0x00,0x00,0x00,0x00,0x00,0x00,0x00,0x00,0x00,0x00,0x00,0x00,0x00,0x00,0x00,0x00,0x00,0x00,0x00,0x00,0x00,0x00,0x00,0x00,0x00,0x00,0x00,0x00,0x00,0x00,
0x00,0x00,0x00,0x00,0x00,0x00,0x00,0x00,0x00,0x00,0x00,0x00,0x00,0x00,0x00,0x00,0x00,0x00,0x00,0x00,0x00,0x00,0x10,0x64,0xb1,0x63,0xb1,0x63,0xb1,0x63,0xb1,0x63,
0xb1,0x63,0xb1,0x63,0xb1,0x63,0xb1,0x63,0xb1,0x63,0xb1,0x63,0xb1,0x63,0xb1,0x63,0xb1,0x63,0xb1,0x63,0xb1,0x63,0xb1,0x63,0xb1,0x63,0xb1,0x63,0xb1,0x63,0xb1,0x63,
0xb1,0x63,0xb1,0x63,0xb1,0x63,0xb1,0x63,0xb1,0x63,0xb1,0x63,0xb1,0x63,0xb1,0x63,0xb1,0x63,0xb1,0x63,0xb1,0x63,0xb1,0x63,0xb1,0x5b,0x00,0x00,0x00,0x00,0x00,0x00,
0x00,0x00,0x00,0x00,0x00,0x00,0x00,0x00,0x00,0x00,0x00,0x00,0x00,0x00,0x00,0x00,0x00,0x00,0x00,0x00,0x00,0x00,0x00,0x00,0x00,0x00,0x00,0x00,0x00,0x00,0x00,0x00,
0x00,0x00,0x00,0x00,0x00,0x00,0x00,0x00,0x00,0x00,0x00,0x00,0x00,0x00,0x00,0x00,0x00,0x00,0x00,0x00,0x00,0x00,0x00,0x00,0x00,0x00,0x00,0x00,0x00,0x00,0x00,0x00,
0x00,0x00,0x00,0x00,0x00,0x00,0x00,0x00,0x00,0x00,0x00,0x00,0x00,0x00,0x00,0x00,0x00,0x00,0x00,0x00,0x00,0x00,0x00,0x00,0x00,0x00,0x00,0x00,0x00,0x00,0x00,0x00,
0x00,0x00,0x00,0x00,0x00,0x00,0x00,0x00,0x00,0x00,0x00,0x00,0x00,0x00,0x00,0x00,0x00,0x00,0x00,0x00,0x00,0x00,0x00,0x00,0x00,0x00,0x00,0x00,0x00,0x00,0x00,0x00,
0x00,0x00,0x00,0x00,0x00,0x00,0x00,0x00,0x00,0x00,0x00,0x00,0x00,0x00,0x00,0x00,0x00,0x00,0x00,0x00,0x00,0x00,0x00,0x00,0x00,0x00,0x00,0x00,0x00,0x00,0x00,0x00,
0x00,0x00,0x00,0x00,0x00,0x00,0xb1,0x63,0xb1,0x63,0xb1,0x63,0xb1,0x63,0xb1,0x63,0xb1,0x63,0xb1,0x63,0xb1,0x63,0xb1,0x63,0xb1,0x63,0xb1,0x63,0xb1,0x63,0xb1,0x63,
0xb1,0x63,0xb1,0x63,0xb1,0x63,0xb1,0x63,0xb1,0x63,0xb1,0x63,0xb1,0x63,0xb1,0x63,0xb1,0x63,0xb1,0x63,0xb1,0x63,0xb1,0x63,0xb1,0x63,0xb1,0x63,0xb1,0x63,0xb1,0x63,
0xb1,0x63,0xb1,0x63,0xb1,0x63,0xb1,0x63,0xb1,0x63,0x00,0x00,0x00,0x00,0x00,0x00,0x00,0x00,0x00,0x00,0x00,0x00,0x00,0x00,0x00,0x00,0x00,0x00,0x00,0x00,0x00,0x00,
0x00,0x00,0x00,0x00,0x00,0x00,0x00,0x00,0x00,0x00,0x00,0x00,0x00,0x00,0x00,0x00,0x00,0x00,0x00,0x00,0x00,0x00,0x00,0x00,0x00,0x00,0x00,0x00,0x00,0x00,0x00,0x00,
0x00,0x00,0x00,0x00,0x00,0x00,0x00,0x00,0x00,0x00,0x00,0x00,0x00,0x00,0x00,0x00,0x00,0x00,0x00,0x00,0x00,0x00,0x00,0x00,0x00,0x00,0x00,0x00,0x00,0x00,0x00,0x00,
0x00,0x00,0x00,0x00,0x00,0x00,0x00,0x00,0x00,0x00,0x00,0x00,0x00,0x00,0x00,0x00,0x00,0x00,0x00,0x00,0x00,0x00,0x00,0x00,0x00,0x00,0x00,0x00,0x00,0x00,0x00,0x00,
0x00,0x00,0x00,0x00,0x00,0x00,0x00,0x00,0x00,0x00,0x00,0x00,0x00,0x00,0x00,0x00,0x00,0x00,0x00,0x00,0x00,0x00,0x00,0x00,0x00,0x00,0x00,0x00,0x00,0x00,0x00,0x00,
0x00,0x00,0x00,0x00,0x17,0x95,0x17,0x95,0x17,0x95,0x17,0x95,0x17,0x95,0x17,0x95,0x17,0x95,0x17,0x95,0x17,0x95,0x74,0x84,0x54,0x7c,0x54,0x7c,0x54,0x7c,0x54,0x7c,
0x54,0x7c,0x54,0x7c,0x54,0x7c,0x54,0x7c,0x54,0x7c,0x54,0x7c,0x54,0x7c,0x54,0x7c,0x54,0x7c,0x54,0x7c,0x54,0x7c,0x54,0x7c,0x54,0x7c,0x54,0x7c,0x54,0x7c,0x54,0x7c,
0x54,0x7c,0x54,0x7c,0x54,0x7c,0x54,0x7c,0x54,0x7c,0x54,0x7c,0x54,0x7c,0x54,0x7c,0x54,0x7c,0x54,0x7c,0x54,0x7c,0x54,0x7c,0x74,0x84,0x17,0x95,0x17,0x95,0x17,0x95,
0x17,0x95,0x17,0x95,0x17,0x95,0x17,0x95,0x16,0x95,0xf6,0x94,0x00,0x00,0x00,0x00,0x00,0x00,0x00,0x00,0x00,0x00,0x00,0x00,0x00,0x00,0x00,0x00,0x00,0x00,0x00,0x00,
0x00,0x00,0x00,0x00,0x00,0x00,0x00,0x00,0x00,0x00,0x00,0x00,0x00,0x00,0x00,0x00,0x00,0x00,0x00,0x00,0x00,0x00,0x00,0x00,0x00,0x00,0x00,0x00,0x00,0x00,0x00,0x00,
0x00,0x00,0x00,0x00,0x00,0x00,0x00,0x00,0x00,0x00,0x00,0x00,0x00,0x00,0x00,0x00,0x00,0x00,0x00,0x00,0x00,0x00,0x00,0x00,0x00,0x00,0x00,0x00,0x00,0x00,0x00,0x00,
0x00,0x00,0x00,0x00,0x00,0x00,0x00,0x00,0x00,0x00,0x00,0x00,0x00,0x00,0x00,0x00,0x00,0x00,0x00,0x00,0x00,0x00,0x00,0x00,0x00,0x00,0x00,0x00,0x00,0x00,0x00,0x00,
0x00,0x00,0x00,0x00,0x00,0x00,0x00,0x00,0x00,0x00,0x00,0x00,0x00,0x00,0x00,0x00,0x00,0x00,0x17,0x95,0x17,0x95,0x17,0x95,0x17,0x95,0x17,0x95,0x17,0x95,0x17,0x95,
0x17,0x95,0x17,0x95,0x17,0x95,0x17,0x95,0x17,0x95,0x17,0x95,0x17,0x95,0x17,0x95,0x17,0x95,0x17,0x95,0x17,0x95,0x17,0x95,0x17,0x95,0x17,0x95,0x17,0x95,0x17,0x95,
0x17,0x95,0x17,0x95,0x17,0x95,0x17,0x95,0x17,0x95,0x17,0x95,0x17,0x95,0x17,0x95,0x17,0x95,0x17,0x95,0x17,0x95,0x17,0x95,0x17,0x95,0x17,0x95,0x17,0x95,0x17,0x95,
0x17,0x95,0x17,0x95,0x17,0x95,0x17,0x95,0x17,0x95,0x17,0x95,0x17,0x95,0x17,0x95,0x17,0x95,0x17,0x95,0x17,0x95,0x17,0x95,0x17,0x95,0x17,0x95,0x17,0x95,0x00,0x00,
0x00,0x00,0x00,0x00,0x00,0x00,0x00,0x00,0x00,0x00,0x00,0x00,0x00,0x00,0x00,0x00,0x00,0x00,0x00,0x00,0x00,0x00,0x00,0x00,0x00,0x00,0x00,0x00,0x00,0x00,0x00,0x00,
0x00,0x00,0x00,0x00,0x00,0x00,0x00,0x00,0x00,0x00,0x00,0x00,0x00,0x00,0x00,0x00,0x00,0x00,0x00,0x00,0x00,0x00,0x00,0x00,0x00,0x00,0x00,0x00,0x00,0x00,0x00,0x00,
0x00,0x00,0x00,0x00,0x00,0x00,0x00,0x00,0x00,0x00,0x00,0x00,0x00,0x00,0x00,0x00,0x00,0x00,0x00,0x00,0x00,0x00,0x00,0x00,0x00,0x00,0x00,0x00,0x00,0x00,0x00,0x00,
0x00,0x00,0x00,0x00,0x00,0x00,0x00,0x00,0x00,0x00,0x00,0x00,0x00,0x00,0x00,0x00,0x00,0x00,0x00,0x00,0x00,0x00,0x00,0x00,0x00,0x00,0x00,0x00,0x00,0x00,0x00,0x00,
0x17,0x95,0x17,0x95,0x17,0x95,0x17,0x95,0x17,0x95,0x17,0x95,0x17,0x95,0x17,0x95,0x17,0x95,0x17,0x95,0x17,0x95,0x17,0x95,0x17,0x95,0x17,0x95,0x17,0x95,0x17,0x95,
0x17,0x95,0x17,0x95,0x17,0x95,0x17,0x95,0x17,0x95,0x17,0x95,0x17,0x95,0x17,0x95,0x17,0x95,0x17,0x95,0x17,0x95,0x17,0x95,0x17,0x95,0x17,0x95,0x17,0x95,0x17,0x95,
0x17,0x95,0x17,0x95,0x17,0x95,0x17,0x95,0x17,0x95,0x17,0x95,0x17,0x95,0x17,0x95,0x17,0x95,0x17,0x95,0x17,0x95,0x17,0x95,0x17,0x95,0x17,0x95,0x17,0x95,0x17,0x95,
0x17,0x95,0x17,0x95,0x17,0x95,0x17,0x95,0x17,0x95,0x17,0x95,0x17,0x95,0xf6,0x94,0x00,0x00,0x00,0x00,0x00,0x00,0x00,0x00,0x00,0x00,0x00,0x00,0x00,0x00,0x00,0x00,
0x00,0x00,0x00,0x00,0x00,0x00,0x00,0x00,0x00,0x00,0x00,0x00,0x00,0x00,0x00,0x00,0x00,0x00,0x00,0x00,0x00,0x00,0x00,0x00,0x00,0x00,0x00,0x00,0x00,0x00,0x00,0x00,
0x00,0x00,0x00,0x00,0x00,0x00,0x00,0x00,0x00,0x00,0x00,0x00,0x00,0x00,0x00,0x00,0x00,0x00,0x00,0x00,0x00,0x00,0x00,0x00,0x00,0x00,0x00,0x00,0x00,0x00,0x00,0x00,
0x00,0x00,0x00,0x00,0x00,0x00,0x00,0x00,0x00,0x00,0x00,0x00,0x00,0x00,0x00,0x00,0x00,0x00,0x00,0x00,0x00,0x00,0x00,0x00,0x00,0x00,0x00,0x00,0x00,0x00,0x00,0x00,
0x00,0x00,0x00,0x00,0x00,0x00,0x00,0x00,0x00,0x00,0x00,0x00,0x00,0x00,0x00,0x00,0x16,0x95,0x17,0x95,0x17,0x95,0x17,0x95,0x17,0x95,0x17,0x95,0x17,0x95,0x17,0x95,
0x17,0x95,0x17,0x95,0x17,0x95,0x17,0x95,0x17,0x95,0x17,0x95,0x17,0x95,0x17,0x95,0x17,0x95,0x17,0x95,0x17,0x95,0x17,0x95,0x17,0x95,0x17,0x95,0x17,0x95,0x17,0x95,
0x17,0x95,0x17,0x95,0x17,0x95,0x17,0x95,0x17,0x95,0x17,0x95,0x17,0x95,0x17,0x95,0x17,0x95,0x17,0x95,0x17,0x95,0x17,0x95,0x17,0x95,0x17,0x95,0x17,0x95,0x17,0x95,
0x17,0x95,0x17,0x95,0x17,0x95,0x17,0x95,0x17,0x95,0x17,0x95,0x17,0x95,0x17,0x95,0x17,0x95,0x17,0x95,0x17,0x95,0x17,0x95,0x17,0x95,0x17,0x95,0x17,0x95,0x17,0x95,
0x00,0x00,0x00,0x00,0x00,0x00,0x00,0x00,0x00,0x00,0x00,0x00,0x00,0x00,0x00,0x00,0x00,0x00,0x00,0x00,0x00,0x00,0x00,0x00,0x00,0x00,0x00,0x00,0x00,0x00,0x00,0x00,
0x00,0x00,0x00,0x00,0x00,0x00,0x00,0x00,0x00,0x00,0x00,0x00,0x00,0x00,0x00,0x00,0x00,0x00,0x00,0x00,0x00,0x00,0x00,0x00,0x00,0x00,0x00,0x00,0x00,0x00,0x00,0x00,
0x00,0x00,0x00,0x00,0x00,0x00,0x00,0x00,0x00,0x00,0x00,0x00,0x00,0x00,0x00,0x00,0x00,0x00,0x00,0x00,0x00,0x00,0x00,0x00,0x00,0x00,0x00,0x00,0x00,0x00,0x00,0x00,
0x00,0x00,0x00,0x00,0x00,0x00,0x00,0x00,0x00,0x00,0x00,0x00,0x00,0x00,0x00,0x00,0x00,0x00,0x00,0x00,0x00,0x00,0x00,0x00,0x00,0x00,0x00,0x00,0x00,0x00,0x00,0x00,
0x37,0x95,0x17,0x95,0x17,0x95,0x17,0x95,0x17,0x95,0x17,0x95,0x17,0x95,0x17,0x95,0x17,0x95,0x17,0x95,0x17,0x95,0x17,0x95,0x17,0x95,0x17,0x95,0x17,0x95,0x17,0x95,
0x17,0x95,0x17,0x95,0x17,0x95,0x17,0x95,0x17,0x95,0x17,0x95,0x17,0x95,0x17,0x95,0x17,0x95,0x17,0x95,0x17,0x95,0x17,0x95,0x17,0x95,0x17,0x95,0x17,0x95,0x17,0x95,
0x17,0x95,0x17,0x95,0x17,0x95,0x17,0x95,0x17,0x95,0x17,0x95,0x17,0x95,0x17,0x95,0x17,0x95,0x17,0x95,0x17,0x95,0x17,0x95,0x17,0x95,0x17,0x95,0x17,0x95,0x17,0x95,
0x17,0x95,0x17,0x95,0x17,0x95,0x17,0x95,0x17,0x95,0x17,0x95,0x17,0x95,0x17,0x95,0x00,0x00,0x00,0x00,0x00,0x00,0x00,0x00,0x00,0x00,0x00,0x00,0x00,0x00,0x00,0x00,
0x00,0x00,0x00,0x00,0x00,0x00,0x00,0x00,0x00,0x00,0x00,0x00,0x00,0x00,0x00,0x00,0x00,0x00,0x00,0x00,0x00,0x00,0x00,0x00,0x00,0x00,0x00,0x00,0x00,0x00,0x00,0x00,
0x00,0x00,0x00,0x00,0x00,0x00,0x00,0x00,0x00,0x00,0x00,0x00,0x00,0x00,0x00,0x00,0x00,0x00,0x00,0x00,0x00,0x00,0x00,0x00,0x00,0x00,0x00,0x00,0x00,0x00,0x00,0x00,
0x00,0x00,0x00,0x00,0x00,0x00,0x00,0x00,0x00,0x00,0x00,0x00,0x00,0x00,0x00,0x00,0x00,0x00,0x00,0x00,0x00,0x00,0x00,0x00,0x00,0x00,0x00,0x00,0x00,0x00,0x00,0x00,
0x00,0x00,0x00,0x00,0x00,0x00,0x00,0x00,0x00,0x00,0x00,0x00,0x00,0x00,0x00,0x00,0x17,0x95,0x17,0x95,0x17,0x95,0x17,0x95,0x17,0x95,0x17,0x95,0x17,0x95,0x17,0x95,
0x17,0x95,0x17,0x95,0x17,0x95,0x17,0x95,0x17,0x95,0x17,0x95,0x17,0x95,0x17,0x95,0x17,0x95,0x17,0x95,0x17,0x95,0x17,0x95,0x17,0x95,0x17,0x95,0x17,0x95,0x17,0x95,
0x17,0x95,0x17,0x95,0x17,0x95,0x17,0x95,0x17,0x95,0x17,0x95,0x17,0x95,0x17,0x95,0x17,0x95,0x17,0x95,0x17,0x95,0x17,0x95,0x17,0x95,0x17,0x95,0x17,0x95,0x17,0x95,
0x17,0x95,0x17,0x95,0x17,0x95,0x17,0x95,0x17,0x95,0x17,0x95,0x17,0x95,0x17,0x95,0x17,0x95,0x17,0x95,0x17,0x95,0x17,0x95,0x17,0x95,0x17,0x95,0x17,0x95,0x16,0x95,
0x00,0x00,0x00,0x00,0x00,0x00,0x00,0x00,0x00,0x00,0x00,0x00,0x00,0x00,0x00,0x00,0x00,0x00,0x00,0x00,0x00,0x00,0x00,0x00,0x00,0x00,0x00,0x00,0x00,0x00,0x00,0x00,
0x00,0x00,0x00,0x00,0x00,0x00,0x00,0x00,0x00,0x00,0x00,0x00,0x00,0x00,0x00,0x00,0x00,0x00,0x00,0x00,0x00,0x00,0x00,0x00,0x00,0x00,0x00,0x00,0x00,0x00,0x00,0x00,
0x00,0x00,0x00,0x00,0x00,0x00,0x00,0x00,0x00,0x00,0x00,0x00,0x00,0x00,0x00,0x00,0x00,0x00,0x00,0x00,0x00,0x00,0x00,0x00,0x00,0x00,0x00,0x00,0x00,0x00,0x00,0x00,
0x00,0x00,0x00,0x00,0x00,0x00,0x00,0x00,0x00,0x00,0x00,0x00,0x00,0x00,0x00,0x00,0x00,0x00,0x00,0x00,0x00,0x00,0x00,0x00,0x00,0x00,0x00,0x00,0x00,0x00,0x00,0x00,
0x00,0x00,0x16,0x95,0x17,0x95,0x17,0x95,0x17,0x95,0x17,0x95,0x17,0x95,0x17,0x95,0x17,0x95,0x17,0x95,0x17,0x95,0x17,0x95,0x17,0x95,0x17,0x95,0x17,0x95,0x17,0x95,
0x17,0x95,0x17,0x95,0x17,0x95,0x17,0x95,0x17,0x95,0x17,0x95,0x17,0x95,0x17,0x95,0x17,0x95,0x17,0x95,0x17,0x95,0x17,0x95,0x17,0x95,0x17,0x95,0x17,0x95,0x17,0x95,
0x17,0x95,0x17,0x95,0x17,0x95,0x17,0x95,0x17,0x95,0x17,0x95,0x17,0x95,0x17,0x95,0x17,0x95,0x17,0x95,0x17,0x95,0x17,0x95,0x17,0x95,0x17,0x95,0x17,0x95,0x17,0x95,
0x17,0x95,0x17,0x95,0x17,0x95,0x17,0x95,0x17,0x95,0x17,0x95,0x17,0x95,0x00,0x00,0x00,0x00,0x00,0x00,0x00,0x00,0x00,0x00,0x00,0x00,0x00,0x00,0x00,0x00,0x00,0x00,
0x00,0x00,0x00,0x00,0x00,0x00,0x00,0x00,0x00,0x00,0x00,0x00,0x00,0x00,0x00,0x00,0x00,0x00,0x00,0x00,0x00,0x00,0x00,0x00,0x00,0x00,0x00,0x00,0x00,0x00,0x00,0x00,
0x00,0x00,0x00,0x00,0x00,0x00,0x00,0x00,0x00,0x00,0x00,0x00,0x00,0x00,0x00,0x00,0x00,0x00,0x00,0x00,0x00,0x00,0x00,0x00,0x00,0x00,0x00,0x00,0x00,0x00,0x00,0x00,
0x00,0x00,0x00,0x00,0x00,0x00,0x00,0x00,0x00,0x00,0x00,0x00,0x00,0x00,0x00,0x00,0x00,0x00,0x00,0x00,0x00,0x00,0x00,0x00,0x00,0x00,0x00,0x00,0x00,0x00,0x00,0x00,
0x00,0x00,0x00,0x00,0x00,0x00,0x00,0x00,0x00,0x00,0x00,0x00,0x00,0x00,0x00,0x00,0x00,0x00,0xd9,0x9c,0x17,0x95,0x17,0x95,0x17,0x95,0x17,0x95,0x17,0x95,0x17,0x95,
0x17,0x95,0x17,0x95,0x17,0x95,0x17,0x95,0x17,0x95,0x17,0x95,0x17,0x95,0x17,0x95,0x17,0x95,0x17,0x95,0x17,0x95,0x17,0x95,0x17,0x95,0x17,0x95,0x17,0x95,0x17,0x95,
0x17,0x95,0x17,0x95,0x17,0x95,0x17,0x95,0x17,0x95,0x17,0x95,0x17,0x95,0x17,0x95,0x17,0x95,0x17,0x95,0x17,0x95,0x17,0x95,0x17,0x95,0x17,0x95,0x17,0x95,0x17,0x95,
0x17,0x95,0x17,0x95,0x17,0x95,0x17,0x95,0x17,0x95,0x17,0x95,0x17,0x95,0x17,0x95,0x17,0x95,0x17,0x95,0x17,0x95,0x17,0x95,0x17,0x95,0x17,0x95,0xd9,0x9c,0x00,0x00,
0x00,0x00,0x00,0x00,0x00,0x00,0x00,0x00,0x00,0x00,0x00,0x00,0x00,0x00,0x00,0x00,0x00,0x00,0x00,0x00,0x00,0x00,0x00,0x00,0x00,0x00,0x00,0x00,0x00,0x00,0x00,0x00,
0x00,0x00,0x00,0x00,0x00,0x00,0x00,0x00,0x00,0x00,0x00,0x00,0x00,0x00,0x00,0x00,0x00,0x00,0x00,0x00,0x00,0x00,0x00,0x00,0x00,0x00,0x00,0x00,0x00,0x00,0x00,0x00,
0x00,0x00,0x00,0x00,0x00,0x00,0x00,0x00,0x00,0x00,0x00,0x00,0x00,0x00,0x00,0x00,0x00,0x00,0x00,0x00,0x00,0x00,0x00,0x00,0x00,0x00,0x00,0x00,0x00,0x00,0x00,0x00,
0x00,0x00,0x00,0x00,0x00,0x00,0x00,0x00,0x00,0x00,0x00,0x00,0x00,0x00,0x00,0x00,0x00,0x00,0x00,0x00,0x00,0x00,0x00,0x00,0x00,0x00,0x00,0x00,0x00,0x00,0x00,0x00,
0x00,0x00,0x00,0x00,0x00,0x00,0x00,0x00,0x00,0x00,0x00,0x00,0x00,0x00,0x00,0x00,0x00,0x00,0x00,0x00,0x00,0x00,0x00,0x00,0x00,0x00,0x00,0x00,0x00,0x00,0x00,0x00,
0x00,0x00,0x00,0x00,0x00,0x00,0x00,0x00,0x00,0x00,0x00,0x00,0x00,0x00,0x00,0x00,0x00,0x00,0x00,0x00,0x00,0x00,0x00,0x00,0x00,0x00,0x00,0x00,0x00,0x00,0x00,0x00,
0x00,0x00,0x00,0x00,0x00,0x00,0x00,0x00,0x00,0x00,0x00,0x00,0x00,0x00,0x00,0x00,0x00,0x00,0x00,0x00,0x00,0x00,0x00,0x00,0x00,0x00,0x00,0x00,0x00,0x00,0x00,0x00,
0x00,0x00,0x00,0x00,0x00,0x00,0x00,0x00,0x00,0x00,0x00,0x00,0x00,0x00,0x00,0x00,0x00,0x00,0x00,0x00,0x00,0x00,0x00,0x00,0x00,0x00,0x00,0x00,0x00,0x00,0x00,0x00,
0x00,0x00,0x00,0x00,0x00,0x00,0x00,0x00,0x00,0x00,0x00,0x00,0x00,0x00,0x00,0x00,0x00,0x00,0x00,0x00,0x00,0x00,0x00,0x00,0x00,0x00,0x00,0x00,0x00,0x00,0x00,0x00,
0x00,0x00,0x00,0x00,0x00,0x00,0x00,0x00,0x00,0x00,0x00,0x00,0x00,0x00,0x00,0x00,0x00,0x00,0x00,0x00,0x00,0x00,0x00,0x00,0x00,0x00,0x00,0x00,0x00,0x00,0x00,0x00,
0x00,0x00,0x00,0x00,0x00,0x00,0x00,0x00,0x00,0x00,0x00,0x00,0x00,0x00,0x00,0x00,0x00,0x00,0x00,0x00,0x00,0x00,0x00,0x00,0x00,0x00,0x00,0x00,0x00,0x00,0x00,0x00,
0x00,0x00,0x00,0x00,0x00,0x00,0x00,0x00,0x00,0x00,0x00,0x00,0x00,0x00,0x00,0x00,0x00,0x00,0x00,0x00,0x00,0x00,0x00,0x00,0x00,0x00,0x00,0x00,0x00,0x00,0x00,0x00,
0x00,0x00,0x00,0x00,0x00,0x00,0x00,0x00,0x00,0x00,0x00,0x00,0x00,0x00,0x00,0x00,0x00,0x00,0x00,0x00,0x00,0x00,0x00,0x00,0x00,0x00,0x00,0x00,0x00,0x00,0x00,0x00,
0x00,0x00,0x00,0x00,0x00,0x00,0x00,0x00,0x00,0x00,0x00,0x00,0x00,0x00,0x00,0x00,0x00,0x00,0x00,0x00,0x00,0x00,0x00,0x00,0x00,0x00,0x00,0x00,0x00,0x00,0x00,0x00,
0x00,0x00,0x00,0x00,0x00,0x00,0x00,0x00,0x00,0x00,0x00,0x00,0x00,0x00,0x00,0x00,0x00,0x00,0x00,0x00,0x00,0x00,0x00,0x00,0x00,0x00,0x00,0x00,0x00,0x00,0x00,0x00,
0x00,0x00,0x00,0x00,0x00,0x00,0x00,0x00,0x00,0x00,0x00,0x00,0x00,0x00,0x00,0x00,0x00,0x00,0x00,0x00,0x00,0x00,0x00,0x00,0x00,0x00,0x00,0x00,0x00,0x00,0x00,0x00,
0x00,0x00,0x00,0x00,0x00,0x00,0x00,0x00,0x00,0x00,0x00,0x00,0x00,0x00,0x00,0x00,0x00,0x00,0x00,0x00,0x00,0x00,0x00,0x00,0x00,0x00,0x00,0x00,0x00,0x00,0x00,0x00,
0x00,0x00,0x00,0x00,0x00,0x00,0x00,0x00,0x00,0x00,0x00,0x00,0x00,0x00,0x00,0x00,0x00,0x00,0x00,0x00,0x00,0x00,0x00,0x00,0x00,0x00,0x00,0x00,0x00,0x00,0x00,0x00,
0x00,0x00,0x00,0x00,0x00,0x00,0x00,0x00,0x00,0x00,0x00,0x00,0x00,0x00,0x00,0x00,0x00,0x00,0x00,0x00,0x00,0x00,0x00,0x00,0x00,0x00,0x00,0x00,0x00,0x00,0x00,0x00,
0x00,0x00,0x00,0x00,0x00,0x00,0x00,0x00,0x00,0x00,0x00,0x00,0x00,0x00,0x00,0x00,0x00,0x00,0x00,0x00,0x00,0x00,0x00,0x00,0x00,0x00,0x00,0x00,0x00,0x00,0x00,0x00,
0x00,0x00,0x00,0x00,0x00,0x00,0x00,0x00,0x00,0x00,0x00,0x00,0x00,0x00,0x00,0x00,0x00,0x00,0x00,0x00,0x00,0x00,0x00,0x00,0x00,0x00,0x00,0x00,0x00,0x00,0x00,0x00,
0x00,0x00,0x00,0x00,0x00,0x00,0x00,0x00,0x00,0x00,0x00,0x00,0x00,0x00,0x00,0x00,0x00,0x00,0x00,0x00,0x00,0x00,0x00,0x00,0x00,0x00,0x00,0x00,0x00,0x00,0x00,0x00,
0x00,0x00,0x00,0x00,0x00,0x00,0x00,0x00,0x00,0x00,0x00,0x00,0x00,0x00,0x00,0x00,0x00,0x00,0x00,0x00,0x00,0x00,0x00,0x00,0x00,0x00,0x00,0x00,0x00,0x00,0x00,0x00,
0x00,0x00,0x00,0x00,0x00,0x00,0x00,0x00,0x00,0x00,0x00,0x00,0x00,0x00,0x00,0x00,0x00,0x00,0x00,0x00,0x00,0x00,0x00,0x00,0x00,0x00,0x00,0x00,0x00,0x00,0x00,0x00,
0x00,0x00,0x00,0x00,0x00,0x00,0x00,0x00,0x00,0x00,0x00,0x00,0x00,0x00,0x00,0x00,0x00,0x00,0x00,0x00,0x00,0x00,0x00,0x00,0x00,0x00,0x00,0x00,0x00,0x00,0x00,0x00,
0x00,0x00,0x00,0x00,0x00,0x00,0x00,0x00,0x00,0x00,0x00,0x00,0x00,0x00,0x00,0x00,0x00,0x00,0x00,0x00,0x00,0x00,0x00,0x00,0x00,0x00,0x00,0x00,0x00,0x00,0x00,0x00,
0x00,0x00,0x00,0x00,0x00,0x00,0x00,0x00,0x00,0x00,0x00,0x00,0x00,0x00,0x00,0x00,0x00,0x00,0x00,0x00,0x00,0x00,0x00,0x00,0x00,0x00,0x00,0x00,0x00,0x00,0x00,0x00,
0x00,0x00,0x00,0x00,0x00,0x00,0x00,0x00,0x00,0x00,0x00,0x00,0x00,0x00,0x00,0x00,0x00,0x00,0x00,0x00,0x00,0x00,0x00,0x00,0x00,0x00,0x00,0x00,0x00,0x00,0x00,0x00,
0x00,0x00,0x00,0x00,0x00,0x00,0x00,0x00,0x00,0x00,0x00,0x00,0x00,0x00,0x00,0x00,0x00,0x00,0x00,0x00,0x00,0x00,0x00,0x00,0x00,0x00,0x00,0x00,0x00,0x00,0x00,0x00,
0x00,0x00,0x00,0x00,0x00,0x00,0x00,0x00,0x00,0x00,0x00,0x00,0x00,0x00,0x00,0x00,0x00,0x00,0x00,0x00,0x00,0x00,0x00,0x00,0x00,0x00,0x00,0x00,0x00,0x00,0x00,0x00,
0x00,0x00,0x00,0x00,0x00,0x00,0x00,0x00,0x00,0x00,0x00,0x00,0x00,0x00,0x00,0x00,0x00,0x00,0x00,0x00,0x00,0x00,0x00,0x00,0x00,0x00,0x00,0x00,0x00,0x00,0x00,0x00,
0x00,0x00,0x00,0x00,0x00,0x00,0x00,0x00,0x00,0x00,0x00,0x00,0x00,0x00,0x00,0x00,0x00,0x00,0x00,0x00,0x00,0x00,0x00,0x00,0x00,0x00,0x00,0x00,0x00,0x00,0x00,0x00,
0x00,0x00,0x00,0x00,0x00,0x00,0x00,0x00,0x00,0x00,0x00,0x00,0x00,0x00,0x00,0x00,0x00,0x00,0x00,0x00,0x00,0x00,0x00,0x00,0x00,0x00,0x00,0x00,0x00,0x00,0x00,0x00,
0x00,0x00,0x00,0x00,0x00,0x00,0x00,0x00,0x00,0x00,0x00,0x00,0x00,0x00,0x00,0x00,0x00,0x00,0x00,0x00,0x00,0x00,0x00,0x00,0x00,0x00,0x00,0x00,0x00,0x00,0x00,0x00,
0x00,0x00,0x00,0x00,0x00,0x00,0x00,0x00,0x00,0x00,0x00,0x00,0x00,0x00,0x00,0x00,0x00,0x00,0x00,0x00,0x00,0x00,0x00,0x00,0x00,0x00,0x00,0x00,0x00,0x00,0x00,0x00,
0x00,0x00,0x00,0x00,0x00,0x00,0x00,0x00,0x00,0x00,0x00,0x00,0x00,0x00,0x00,0x00,0x00,0x00,0x00,0x00,0x00,0x00,0x00,0x00,0x00,0x00,0x00,0x00,0x00,0x00,0x00,0x00,
0x00,0x00,0x00,0x00,0x00,0x00,0x00,0x00,0x00,0x00,0x00,0x00,0x00,0x00,0x00,0x00,0x00,0x00,0x00,0x00,0x00,0x00,0x00,0x00,0x00,0x00,0x00,0x00,0x00,0x00,0x00,0x00,
0x00,0x00,0x00,0x00,0x00,0x00,0x00,0x00,0x00,0x00,0x00,0x00,0x00,0x00,0x00,0x00,0x00,0x00,0x00,0x00,0x00,0x00,0x00,0x00,0x00,0x00,0x00,0x00,0x00,0x00,0x00,0x00,
0x00,0x00,0x00,0x00,0x00,0x00,0x00,0x00,0x00,0x00,0x00,0x00,0x00,0x00,0x00,0x00,0x00,0x00,0x00,0x00,0x00,0x00,0x00,0x00,0x00,0x00,0x00,0x00,0x00,0x00,0x00,0x00,
0x00,0x00,0x00,0x00,0x00,0x00,0x00,0x00,0x00,0x00,0x00,0x00,0x00,0x00,0x00,0x00,0x00,0x00,0x00,0x00,0x00,0x00,0x00,0x00,0x00,0x00,0x00,0x00,0x00,0x00,0x00,0x00,
0x00,0x00,0x00,0x00,0x00,0x00,0x00,0x00,0x00,0x00,0x00,0x00,0x00,0x00,0x00,0x00,0x00,0x00,0x00,0x00,0x00,0x00,0x00,0x00,0x00,0x00,0x00,0x00,0x00,0x00,0x00,0x00,
0x00,0x00,0x00,0x00,0x00,0x00,0x00,0x00,0x00,0x00,0x00,0x00,0x00,0x00,0x00,0x00,0x00,0x00,0x00,0x00,0x00,0x00,0x00,0x00,0x00,0x00,0x00,0x00,0x00,0x00,0x00,0x00,
0x00,0x00,0x00,0x00,0x00,0x00,0x00,0x00,0x00,0x00,0x00,0x00,0x00,0x00,0x00,0x00,0x00,0x00,0x00,0x00,0x00,0x00,0x00,0x00,0x00,0x00,0x00,0x00,0x00,0x00,0x00,0x00,
0x00,0x00,0x00,0x00,0x00,0x00,0x00,0x00,0x00,0x00,0x00,0x00,0x00,0x00,0x00,0x00,0x00,0x00,0x00,0x00,0x00,0x00,0x00,0x00,0x00,0x00,0x00,0x00,0x00,0x00,0x00,0x00,
0x00,0x00,0x00,0x00,0x00,0x00,0x00,0x00,0x00,0x00,0x00,0x00,0x00,0x00,0x00,0x00,0x00,0x00,0x00,0x00,0x00,0x00,0x00,0x00,0x00,0x00,0x00,0x00,0x00,0x00,0x00,0x00,
0x00,0x00,0x00,0x00,0x00,0x00,0x00,0x00,0x00,0x00,0x00,0x00,0x00,0x00,0x00,0x00,0x00,0x00,0x00,0x00,0x00,0x00,0x00,0x00,0x00,0x00,0x00,0x00,0x00,0x00,0x00,0x00,
0x00,0x00,0x00,0x00,0x00,0x00,0x00,0x00,0x00,0x00,0x00,0x00,0x00,0x00,0x00,0x00,0x00,0x00,0x00,0x00,0x00,0x00,0x00,0x00,0x00,0x00,0x00,0x00,0x00,0x00,0x00,0x00,
0x00,0x00,0x00,0x00,0x00,0x00,0x00,0x00,0x00,0x00,0x00,0x00,0x00,0x00,0x00,0x00,0x00,0x00,0x00,0x00,0x00,0x00,0x00,0x00,0x00,0x00,0x00,0x00,0x00,0x00,0x00,0x00,
0x00,0x00,0x00,0x00,0x00,0x00,0x00,0x00,0x00,0x00,0x00,0x00,0x00,0x00,0x00,0x00,0x00,0x00,0x00,0x00,0x00,0x00,0x00,0x00,0x00,0x00,0x00,0x00,0x00,0x00,0x00,0x00,
0x00,0x00,0x00,0x00,0x00,0x00,0x00,0x00,0x00,0x00,0x00,0x00,0x00,0x00,0x00,0x00,0x00,0x00,0x00,0x00,0x00,0x00,0x00,0x00,0x00,0x00,0x00,0x00,0x00,0x00,0x00,0x00,
0x00,0x00,0x00,0x00,0x00,0x00,0x00,0x00,0x00,0x00,0x00,0x00,0x00,0x00,0x00,0x00,0x00,0x00,0x00,0x00,0x00,0x00,0x00,0x00,0x00,0x00,0x00,0x00,0x00,0x00,0x00,0x00,
0x00,0x00,0x00,0x00,0x00,0x00,0x00,0x00,0x00,0x00,0x00,0x00,0x00,0x00,0x00,0x00,0x00,0x00,0x00,0x00,0x00,0x00,0x00,0x00,0x00,0x00,0x00,0x00,0x00,0x00,0x00,0x00,
0x00,0x00,0x00,0x00,0x00,0x00,0x00,0x00,0x00,0x00,0x00,0x00,0x00,0x00,0x00,0x00,0x00,0x00,0x00,0x00,0x00,0x00,0x00,0x00,0x00,0x00,0x00,0x00,0x00,0x00,0x00,0x00,
0x00,0x00,0x00,0x00,0x00,0x00,0x00,0x00,0x00,0x00,0x00,0x00,0x00,0x00,0x00,0x00,0x00,0x00,0x00,0x00,0x00,0x00,0x00,0x00,0x00,0x00,0x00,0x00,0x00,0x00,0x00,0x00,
0x00,0x00,0x00,0x00,0x00,0x00,0x00,0x00,0x00,0x00,0x00,0x00,0x00,0x00,0x00,0x00,0x00,0x00,0x00,0x00,0x00,0x00,0x00,0x00,0x00,0x00,0x00,0x00,0x00,0x00,0x00,0x00,
0x00,0x00,0x00,0x00,0x00,0x00,0x00,0x00,0x00,0x00,0x00,0x00,0x00,0x00,0x00,0x00,0x00,0x00,0x00,0x00,0x00,0x00,0x00,0x00,0x00,0x00,0x00,0x00,0x00,0x00,0x00,0x00,
0x00,0x00,0x00,0x00,0x00,0x00,0x00,0x00,0x00,0x00,0x00,0x00,0x00,0x00,0x00,0x00,0x00,0x00,0x00,0x00,0x00,0x00,0x00,0x00,0x00,0x00,0x00,0x00,0x00,0x00,0x00,0x00,
0x00,0x00,0x00,0x00,0x00,0x00,0x00,0x00,0x00,0x00,0x00,0x00,0x00,0x00,0x00,0x00,0x00,0x00,0x00,0x00,0x00,0x00,0x00,0x00,0x00,0x00,0x00,0x00,0x00,0x00,0x00,0x00,
0x00,0x00,0x00,0x00,0x00,0x00,0x00,0x00,0x00,0x00,0x00,0x00,0x00,0x00,0x00,0x00,0x00,0x00,0x00,0x00,0x00,0x00,0x00,0x00,0x00,0x00,0x00,0x00,0x00,0x00,0x00,0x00,
0x00,0x00,0x00,0x00,0x00,0x00,0x00,0x00,0x00,0x00,0x00,0x00,0x00,0x00,0x00,0x00,0x00,0x00,0x00,0x00,0x00,0x00,0x00,0x00,0x00,0x00,0x00,0x00,0x00,0x00,0x00,0x00,
0x00,0x00,0x00,0x00,0x00,0x00,0x00,0x00,0x00,0x00,0x00,0x00,0x00,0x00,0x00,0x00,0x00,0x00,0x00,0x00,0x00,0x00,0x00,0x00,0x00,0x00,0x00,0x00,0x00,0x00,0x00,0x00,
0x00,0x00,0x00,0x00,0x00,0x00,0x00,0x00,0x00,0x00,0x00,0x00,0x00,0x00,0x00,0x00,0x00,0x00,0x00,0x00,0x00,0x00,0x00,0x00,0x00,0x00,0x00,0x00,0x00,0x00,0x00,0x00,
0x00,0x00,0x00,0x00,0x00,0x00,0x00,0x00,0x00,0x00,0x00,0x00,0x00,0x00,0x00,0x00,0x00,0x00,0x00,0x00,0x00,0x00,0x00,0x00,0x00,0x00,0x00,0x00,0x00,0x00,0x00,0x00,
0x00,0x00,0x00,0x00,0x00,0x00,0x00,0x00,0x00,0x00,0x00,0x00,0x00,0x00,0x00,0x00,0x00,0x00,0x00,0x00,0x00,0x00,0x00,0x00,0x00,0x00,0x00,0x00,0x00,0x00,0x00,0x00,
0x00,0x00,0x00,0x00,0x00,0x00,0x00,0x00,0x00,0x00,0x00,0x00,0x00,0x00,0x00,0x00,0x00,0x00,0x00,0x00,0x00,0x00,0x00,0x00,0x00,0x00,0x00,0x00,0x00,0x00,0x00,0x00,
0x00,0x00,0x00,0x00,0x00,0x00,0x00,0x00,0x00,0x00,0x00,0x00,0x00,0x00,0x00,0x00,0x00,0x00,0x00,0x00,0x00,0x00,0x00,0x00,0x00,0x00,0x00,0x00,0x00,0x00,0x00,0x00,
0x00,0x00,0x00,0x00,0x00,0x00,0x00,0x00,0x00,0x00,0x00,0x00,0x00,0x00,0x00,0x00,0x00,0x00,0x00,0x00,0x00,0x00,0x00,0x00,0x00,0x00,0x00,0x00,0x00,0x00,0x00,0x00,
0x00,0x00,0x00,0x00,0x00,0x00,0x00,0x00,0x00,0x00,0x00,0x00,0x00,0x00,0x00,0x00,0x00,0x00,0x00,0x00,0x00,0x00,0x00,0x00,0x00,0x00,0x00,0x00,0x00,0x00,0x00,0x00,
0x00,0x00,0x00,0x00,0x00,0x00,0x00,0x00,0x00,0x00,0x00,0x00,0x00,0x00,0x00,0x00,0x00,0x00,0x00,0x00,0x00,0x00,0x00,0x00,0x00,0x00,0x00,0x00,0x00,0x00,0x00,0x00,
0x00,0x00,0x00,0x00,0x00,0x00,0x00,0x00,0x00,0x00,0x00,0x00,0x00,0x00,0x00,0x00,0x00,0x00,0x00,0x00,0x00,0x00,0x00,0x00,0x00,0x00,0x00,0x00,0x00,0x00,0x00,0x00,
0x00,0x00,0x00,0x00,0x00,0x00,0x00,0x00,0x00,0x00,0x00,0x00,0x00,0x00,0x00,0x00,0x00,0x00,0x00,0x00,0x00,0x00,0x00,0x00,0x00,0x00,0x00,0x00,0x00,0x00,0x00,0x00,
0x00,0x00,0x00,0x00,0x00,0x00,0x00,0x00,0x00,0x00,0x00,0x00,0x00,0x00,0x00,0x00,0x00,0x00,0x00,0x00,0x00,0x00,0x00,0x00,0x00,0x00,0x00,0x00,0x00,0x00,0x00,0x00,
0x00,0x00,0x00,0x00,0x00,0x00,0x00,0x00,0x00,0x00,0x00,0x00,0x00,0x00,0x00,0x00,0x00,0x00,0x00,0x00,0x00,0x00,0x00,0x00,0x00,0x00,0x00,0x00,0x00,0x00,0x00,0x00,
0x00,0x00,0x00,0x00,0x00,0x00,0x00,0x00,0x00,0x00,0x00,0x00,0x00,0x00,0x00,0x00,0x00,0x00,0x00,0x00,0x00,0x00,0x00,0x00,0x00,0x00,0x00,0x00,0x00,0x00,0x00,0x00,
0x00,0x00,0x00,0x00,0x00,0x00,0x00,0x00,0x00,0x00,0x00,0x00,0x00,0x00,0x00,0x00,0x00,0x00,0x00,0x00,0x00,0x00,0x00,0x00,0x00,0x00,0x00,0x00,0x00,0x00,0x00,0x00,
0x00,0x00,0x00,0x00,0x00,0x00,0x00,0x00,0x00,0x00,0x00,0x00,0x00,0x00,0x00,0x00,0x00,0x00,0x00,0x00,0x00,0x00,0x00,0x00,0x00,0x00,0x00,0x00,0x00,0x00,0x00,0x00,
0x00,0x00,0x00,0x00,0x00,0x00,0x00,0x00,0x00,0x00,0x00,0x00,0x00,0x00,0x00,0x00,0x00,0x00,0x00,0x00,0x00,0x00,0x00,0x00,0x00,0x00,0x00,0x00,0x00,0x00,0x00,0x00,
0x00,0x00,0x00,0x00,0x00,0x00,0x00,0x00,0x00,0x00,0x00,0x00,0x00,0x00,0x00,0x00,0x00,0x00,0x00,0x00,0x00,0x00,0x00,0x00,0x00,0x00,0x00,0x00,0x00,0x00,0x00,0x00,
0x00,0x00,0x00,0x00,0x00,0x00,0x00,0x00,0x00,0x00,0x00,0x00,0x00,0x00,0x00,0x00,0x00,0x00,0x00,0x00,0x00,0x00,0x00,0x00,0x00,0x00,0x00,0x00,0x00,0x00,0x00,0x00,
0x00,0x00,0x00,0x00,0x00,0x00,0x00,0x00,0x00,0x00,0x00,0x00,0x00,0x00,0x00,0x00,0x00,0x00,0x00,0x00,0x00,0x00,0x00,0x00,0x00,0x00,0x00,0x00,0x00,0x00,0x00,0x00,
0x00,0x00,0x00,0x00,0x00,0x00,0x00,0x00,0x00,0x00,0x00,0x00,0x00,0x00,0x00,0x00,0x00,0x00,0x00,0x00,0x00,0x00,0x00,0x00,0x00,0x00,0x00,0x00,0x00,0x00,0x00,0x00,
0x00,0x00,0x00,0x00,0x00,0x00,0x00,0x00,0x00,0x00,0x00,0x00,0x00,0x00,0x00,0x00,0x00,0x00,0x00,0x00,0x00,0x00,0x00,0x00,0x00,0x00,0x00,0x00,0x00,0x00,0x00,0x00,
0x00,0x00,0x00,0x00,0x00,0x00,0x00,0x00,0x00,0x00,0x00,0x00,0x00,0x00,0x00,0x00,0x00,0x00,0x00,0x00,0x00,0x00,0x00,0x00,0x00,0x00,0x00,0x00,0x00,0x00,0x00,0x00,
0x00,0x00,0x00,0x00,0x00,0x00,0x00,0x00,0x00,0x00,0x00,0x00,0x00,0x00,0x00,0x00,0x00,0x00,0x00,0x00,0x00,0x00,0x00,0x00,0x00,0x00,0x00,0x00,0x00,0x00,0x00,0x00,
0x00,0x00,0x00,0x00,0x00,0x00,0x00,0x00,0x00,0x00,0x00,0x00,0x00,0x00,0x00,0x00,0x00,0x00,0x00,0x00,0x00,0x00,0x00,0x00,0x00,0x00,0x00,0x00,0x00,0x00,0x00,0x00,
0x00,0x00,0x00,0x00,0x00,0x00,0x00,0x00,0x00,0x00,0x00,0x00,0x00,0x00,0x00,0x00,0x00,0x00,0x00,0x00,0x00,0x00,0x00,0x00,0x00,0x00,0x00,0x00,0x00,0x00,0x00,0x00,
0x00,0x00,0x00,0x00,0x00,0x00,0x00,0x00,0x00,0x00,0x00,0x00,0x00,0x00,0x00,0x00,0x00,0x00,0x00,0x00,0x00,0x00,0x00,0x00,0x00,0x00,0x00,0x00,0x00,0x00,0x00,0x00,
0x00,0x00,0x00,0x00,0x00,0x00,0x00,0x00,0x00,0x00,0x00,0x00,0x00,0x00,0x00,0x00,0x00,0x00,0x00,0x00,0x00,0x00,0x00,0x00,0x00,0x00,0x00,0x00,0x00,0x00,0x00,0x00,
0x00,0x00,0x00,0x00,0x00,0x00,0x00,0x00,0x00,0x00,0x00,0x00,0x00,0x00,0x00,0x00,0x00,0x00,0x00,0x00,0x00,0x00,0x00,0x00,0x00,0x00,0x00,0x00,0x00,0x00,0x00,0x00,
0x00,0x00,0x00,0x00,0x00,0x00,0x00,0x00,0x00,0x00,0x00,0x00,0x00,0x00,0x00,0x00,0x00,0x00,0x00,0x00,0x00,0x00,0x00,0x00,0x00,0x00,0x00,0x00,0x00,0x00,0x00,0x00,
0x00,0x00,0x00,0x00,0x00,0x00,0x00,0x00,0x00,0x00,0x00,0x00,0x00,0x00,0x00,0x00,0x00,0x00,0x00,0x00,0x00,0x00,0x00,0x00,0x00,0x00,0x00,0x00,0x00,0x00,0x00,0x00,
0x00,0x00,0x00,0x00,0x00,0x00,0x00,0x00,0x00,0x00,0x00,0x00,0x00,0x00,0x00,0x00,0x00,0x00,0x00,0x00,0x00,0x00,0x00,0x00,0x00,0x00,0x00,0x00,0x00,0x00,0x00,0x00,
0x00,0x00,0x00,0x00,0x00,0x00,0x00,0x00,0x00,0x00,0x00,0x00,0x00,0x00,0x00,0x00,0x00,0x00,0x00,0x00,0x00,0x00,0x00,0x00,0x00,0x00,0x00,0x00,0x00,0x00,0x00,0x00,
0x00,0x00,0x00,0x00,0x00,0x00,0x00,0x00,0x00,0x00,0x00,0x00,0x00,0x00,0x00,0x00,0x00,0x00,0x00,0x00,0x00,0x00,0x00,0x00,0x00,0x00,0x00,0x00,0x00,0x00,0x00,0x00,
0x00,0x00,0x00,0x00,0x00,0x00,0x00,0x00,0x00,0x00,0x00,0x00,0x00,0x00,0x00,0x00,0x00,0x00,0x00,0x00,0x00,0x00,0x00,0x00,0x00,0x00,0x00,0x00,0x00,0x00,0x00,0x00,
0x00,0x00,0x00,0x00,0x00,0x00,0x00,0x00,0x00,0x00,0x00,0x00,0x00,0x00,0x00,0x00,0x00,0x00,0x00,0x00,0x00,0x00,0x00,0x00,0x00,0x00,0x00,0x00,0x00,0x00,0x00,0x00,
0x00,0x00,0x00,0x00,0x00,0x00,0x00,0x00,0x00,0x00,0x00,0x00,0x00,0x00,0x00,0x00,0x00,0x00,0x00,0x00,0x00,0x00,0x00,0x00,0x00,0x00,0x00,0x00,0x00,0x00,0x00,0x00,
0x00,0x00,0x00,0x00,0x00,0x00,0x00,0x00,0x00,0x00,0x00,0x00,0x00,0x00,0x00,0x00,0x00,0x00,0x00,0x00,0x00,0x00,0x00,0x00,0x00,0x00,0x00,0x00,0x00,0x00,0x00,0x00,
0x00,0x00,0x00,0x00,0x00,0x00,0x00,0x00,0x00,0x00,0x00,0x00,0x00,0x00,0x00,0x00,0x00,0x00,0x00,0x00,0x00,0x00,0x00,0x00,0x00,0x00,0x00,0x00,0x00,0x00,0x00,0x00,
0x00,0x00,0x00,0x00,0x00,0x00,0x00,0x00,0x00,0x00,0x00,0x00,0x00,0x00,0x00,0x00,0x00,0x00,0x00,0x00,0x00,0x00,0x00,0x00,0x00,0x00,0x00,0x00,0x00,0x00,0x00,0x00,
0x00,0x00,0x00,0x00,0x00,0x00,0x00,0x00,0x00,0x00,0x00,0x00,0x00,0x00,0x00,0x00,0x00,0x00,0x00,0x00,0x00,0x00,0x00,0x00,0x00,0x00,0x00,0x00,0x00,0x00,0x00,0x00,
0x00,0x00,0x00,0x00,0x00,0x00,0x00,0x00,0x00,0x00,0x00,0x00,0x00,0x00,0x00,0x00,0x00,0x00,0x00,0x00,0x00,0x00,0x00,0x00,0x00,0x00,0x00,0x00,0x00,0x00,0x00,0x00,
0x00,0x00,0x00,0x00,0x00,0x00,0x00,0x00,0x00,0x00,0x00,0x00,0x00,0x00,0x00,0x00,0x00,0x00,0x00,0x00,0x00,0x00,0x00,0x00,0x00,0x00,0x00,0x00,0x00,0x00,0x00,0x00,
0x00,0x00,0x00,0x00,0x00,0x00,0x00,0x00,0x00,0x00,0x00,0x00,0x00,0x00,0x00,0x00,0x00,0x00,0x00,0x00,0x00,0x00,0x00,0x00,0x00,0x00,0x00,0x00,0x00,0x00,0x00,0x00,
0x00,0x00,0x00,0x00,0x00,0x00,0x00,0x00,0x00,0x00,0x00,0x00,0x00,0x00,0x00,0x00,0x00,0x00,0x00,0x00,0x00,0x00,0x00,0x00,0x00,0x00,0x00,0x00,0x00,0x00,0x00,0x00,
0x00,0x00,0x00,0x00,0x00,0x00,0x00,0x00,0x00,0x00,0x00,0x00,0x00,0x00,0x00,0x00,0x00,0x00,0x00,0x00,0x00,0x00,0x00,0x00,0x00,0x00,0x00,0x00,0x00,0x00,0x00,0x00,
0x00,0x00,0x00,0x00,0x00,0x00,0x00,0x00,0x00,0x00,0x00,0x00,0x00,0x00,0x00,0x00,0x00,0x00,0x00,0x00,0x00,0x00,0x00,0x00,0x00,0x00,0x00,0x00,0x00,0x00,0x00,0x00,
0x00,0x00,0x00,0x00,0x00,0x00,0x00,0x00,0x00,0x00,0x00,0x00,0x00,0x00,0x00,0x00,0x00,0x00,0x00,0x00,0x00,0x00,0x00,0x00,0x00,0x00,0x00,0x00,0x00,0x00,0x00,0x00,
0x00,0x00,0x00,0x00,0x00,0x00,0x00,0x00,0x00,0x00,0x00,0x00,0x00,0x00,0x00,0x00,0x00,0x00,0x00,0x00,0x00,0x00,0x00,0x00,0x00,0x00,0x00,0x00,0x00,0x00,0x00,0x00,
0x00,0x00,0x00,0x00,0x00,0x00,0x00,0x00,0x00,0x00,0x00,0x00,0x00,0x00,0x00,0x00,0x00,0x00,0x00,0x00,0x00,0x00,0x00,0x00,0x00,0x00,0x00,0x00,0x00,0x00,0x00,0x00,
0x00,0x00,0x00,0x00,0x00,0x00,0x00,0x00,0x00,0x00,0x00,0x00,0x00,0x00,0x00,0x00,0x00,0x00,0x00,0x00,0x00,0x00,0x00,0x00,0x00,0x00,0x00,0x00,0x00,0x00,0x00,0x00,
0x00,0x00,0x00,0x00,0x00,0x00,0x00,0x00,0x00,0x00,0x00,0x00,0x00,0x00,0x00,0x00,0x00,0x00,0x00,0x00,0x00,0x00,0x00,0x00,0x00,0x00,0x00,0x00,0x00,0x00,0x00,0x00,
0x00,0x00,0x00,0x00,0x00,0x00,0x00,0x00,0x00,0x00,0x00,0x00,0x00,0x00,0x00,0x00,0x00,0x00,0x00,0x00,0x00,0x00,0x00,0x00,0x00,0x00,0x00,0x00,0x00,0x00,0x00,0x00,
0x00,0x00,0x00,0x00,0x00,0x00,0x00,0x00,0x00,0x00,0x00,0x00,0x00,0x00,0x00,0x00,0x00,0x00,0x00,0x00,0x00,0x00,0x00,0x00,0x00,0x00,0x00,0x00,0x00,0x00,0x00,0x00,
0x00,0x00,0x00,0x00,0x00,0x00,0x00,0x00,0x00,0x00,0x00,0x00,0x00,0x00,0x00,0x00,0x00,0x00,0x00,0x00,0x00,0x00,0x00,0x00,0x00,0x00,0x00,0x00,0x00,0x00,0x00,0x00,
0x00,0x00,0x00,0x00,0x00,0x00,0x00,0x00,0x00,0x00,0x00,0x00,0x00,0x00,0x00,0x00,0x00,0x00,0x00,0x00,0x00,0x00,0x00,0x00,0x00,0x00,0x00,0x00,0x00,0x00,0x00,0x00,
0x00,0x00,0x00,0x00,0x00,0x00,0x00,0x00,0x00,0x00,0x00,0x00,0x00,0x00,0x00,0x00,0x00,0x00,0x00,0x00,0x00,0x00,0x00,0x00,0x00,0x00,0x00,0x00,0x00,0x00,0x00,0x00,
0x00,0x00,0x00,0x00,0x00,0x00,0x00,0x00,0x00,0x00,0x00,0x00,0x00,0x00,0x00,0x00,0x00,0x00,0x00,0x00,0x00,0x00,0x00,0x00,0x00,0x00,0x00,0x00,0x00,0x00,0x00,0x00,
0x00,0x00,0x00,0x00,0x00,0x00,0x00,0x00,0x00,0x00,0x00,0x00,0x00,0x00,0x00,0x00,0x00,0x00,0x00,0x00,0x00,0x00,0x00,0x00,0x00,0x00,0x00,0x00,0x00,0x00,0x00,0x00,
0x00,0x00,0x00,0x00,0x00,0x00,0x00,0x00,0x00,0x00,0x00,0x00,0x00,0x00,0x00,0x00,0x00,0x00,0x00,0x00,0x00,0x00,0x00,0x00,0x00,0x00,0x00,0x00,0x00,0x00,0x00,0x00,
0x00,0x00,0x00,0x00,0x00,0x00,0x00,0x00,0x00,0x00,0x00,0x00,0x00,0x00,0x00,0x00,0x00,0x00,0x00,0x00,0x00,0x00,0x00,0x00,0x00,0x00,0x00,0x00,0x00,0x00,0x00,0x00,
0x00,0x00,0x00,0x00,0x00,0x00,0x00,0x00,0x00,0x00,0x00,0x00,0x00,0x00,0x00,0x00,0x00,0x00,0x00,0x00,0x00,0x00,0x00,0x00,0x00,0x00,0x00,0x00,0x00,0x00,0x00,0x00,
0x00,0x00,0x00,0x00,0x00,0x00,0x00,0x00,0x00,0x00,0x00,0x00,0x00,0x00,0x1b,0x4d,0x66,0x77,0x77,0x77,0x77,0x77,0x77,0x77,0x77,0x77,0x77,0x77,0x77,0x77,0x77,0x77,
0x77,0x77,0x77,0x77,0x77,0x77,0x77,0x77,0x77,0x77,0x77,0x77,0x77,0x77,0x77,0x77,0x77,0x77,0x77,0x77,0x77,0x77,0x77,0x77,0x77,0x77,0x77,0x77,0x77,0x77,0x77,0x77,
0x77,0x77,0x77,0x77,0x77,0x77,0x77,0x77,0x77,0x77,0x77,0x77,0x77,0x77,0x77,0x77,0x77,0x77,0x77,0x77,0x77,0x77,0x77,0x77,0x77,0x77,0x77,0x77,0x77,0x77,0x77,0x77,
0x77,0x77,0x77,0x77,0x77,0x77,0x77,0x66,0x4d,0x1a,0x00,0x00,0x00,0x00,0x00,0x00,0x00,0x00,0x00,0x00,0x00,0x00,0x00,0x00,0x00,0x00,0x00,0x00,0x00,0x00,0x00,0x00,
0x00,0x00,0x00,0x07,0x6e,0xca,0xfe,0xff,0xff,0xff,0xff,0xff,0xff,0xff,0xff,0xff,0xff,0xff,0xff,0xff,0xff,0xff,0xff,0xff,0xff,0xff,0xff,0xff,0xff,0xff,0xff,0xff,
0xff,0xff,0xff,0xff,0xff,0xff,0xff,0xff,0xff,0xff,0xff,0xff,0xff,0xff,0xff,0xff,0xff,0xff,0xff,0xff,0xff,0xff,0xff,0xff,0xff,0xff,0xff,0xff,0xff,0xff,0xff,0xff,
0xff,0xff,0xff,0xff,0xff,0xff,0xff,0xff,0xff,0xff,0xff,0xff,0xff,0xff,0xff,0xff,0xff,0xff,0xff,0xff,0xff,0xff,0xff,0xff,0xff,0xff,0xff,0xff,0xff,0xff,0xff,0xff,
0xff,0xfe,0xc9,0x6d,0x07,0x00,0x00,0x00,0x00,0x00,0x00,0x00,0x00,0x00,0x00,0x00,0x00,0x00,0x00,0x00,0x00,0x00,0x00,0x00,0x00,0x00,0x54,0xe0,0xff,0xff,0xff,0xff,
0xff,0xff,0xff,0xff,0xff,0xff,0xff,0xff,0xff,0xff,0xff,0xff,0xff,0xff,0xff,0xff,0xff,0xff,0xff,0xff,0xff,0xff,0xff,0xff,0xff,0xff,0xff,0xff,0xff,0xff,0xff,0xff,
0xff,0xff,0xff,0xff,0xff,0xff,0xff,0xff,0xff,0xff,0xff,0xff,0xff,0xff,0xff,0xff,0xff,0xff,0xff,0xff,0xff,0xff,0xff,0xff,0xff,0xff,0xff,0xff,0xff,0xff,0xff,0xff,
0xff,0xff,0xff,0xff,0xff,0xff,0xff,0xff,0xff,0xff,0xff,0xff,0xff,0xff,0xff,0xff,0xff,0xff,0xff,0xff,0xff,0xff,0xff,0xff,0xff,0xff,0xff,0xff,0xdf,0x52,0x00,0x00,
0x00,0x00,0x00,0x00,0x00,0x00,0x00,0x00,0x00,0x00,0x00,0x00,0x00,0x00,0x00,0x00,0x01,0x80,0xff,0xff,0xff,0xff,0xff,0xff,0xff,0xff,0xff,0xff,0xff,0xff,0xff,0xff,
0xff,0xff,0xff,0xff,0xff,0xff,0xff,0xff,0xff,0xff,0xff,0xff,0xff,0xff,0xff,0xff,0xff,0xff,0xff,0xff,0xff,0xff,0xff,0xff,0xff,0xff,0xff,0xff,0xff,0xff,0xff,0xff,
0xff,0xff,0xff,0xff,0xff,0xff,0xff,0xff,0xff,0xff,0xff,0xff,0xff,0xff,0xff,0xff,0xff,0xff,0xff,0xff,0xff,0xff,0xff,0xff,0xff,0xff,0xff,0xff,0xff,0xff,0xff,0xff,
0xff,0xff,0xff,0xff,0xff,0xff,0xff,0xff,0xff,0xff,0xff,0xff,0xff,0xff,0xff,0xff,0xff,0xff,0xff,0xff,0xff,0xff,0x91,0x02,0x00,0x00,0x00,0x00,0x00,0x00,0x00,0x00,
0x00,0x00,0x00,0x00,0x00,0x00,0x00,0x00,0x9d,0xff,0xff,0xff,0xff,0xff,0xff,0xff,0xff,0xff,0xff,0xff,0xff,0xff,0xff,0xff,0xff,0xff,0xff,0xff,0xff,0xff,0xff,0xff,
0xff,0xff,0xff,0xff,0xff,0xff,0xff,0xff,0xff,0xff,0xff,0xff,0xff,0xff,0xff,0xff,0xff,0xff,0xff,0xff,0xff,0xff,0xff,0xff,0xff,0xff,0xff,0xff,0xff,0xff,0xff,0xff,
0xff,0xff,0xff,0xff,0xff,0xff,0xff,0xff,0xff,0xff,0xff,0xff,0xff,0xff,0xff,0xff,0xff,0xff,0xff,0xff,0xff,0xff,0xff,0xff,0xff,0xff,0xff,0xff,0xff,0xff,0xff,0xff,
0xff,0xff,0xff,0xff,0xff,0xff,0xff,0xff,0xff,0xff,0xff,0xff,0xff,0xff,0xff,0x9c,0x00,0x00,0x00,0x00,0x00,0x00,0x00,0x00,0x00,0x00,0x00,0x00,0x00,0x00,0x00,0x74,
0xff,0xff,0xff,0xff,0xff,0xff,0xff,0xff,0xff,0xff,0xff,0xff,0xff,0xff,0xff,0xff,0xff,0xff,0xff,0xff,0xff,0xff,0xff,0xff,0xff,0xff,0xff,0xff,0xff,0xff,0xff,0xff,
0xff,0xff,0xff,0xff,0xff,0xff,0xff,0xff,0xff,0xff,0xff,0xff,0xff,0xff,0xff,0xff,0xff,0xff,0xff,0xff,0xff,0xff,0xff,0xff,0xff,0xff,0xff,0xff,0xff,0xff,0xff,0xff,
0xff,0xff,0xff,0xff,0xff,0xff,0xff,0xff,0xff,0xff,0xff,0xff,0xff,0xff,0xff,0xff,0xff,0xff,0xff,0xff,0xff,0xff,0xff,0xff,0xff,0xff,0xff,0xff,0xff,0xff,0xff,0xff,
0xff,0xff,0xff,0xff,0xff,0xff,0xff,0xff,0x71,0x00,0x00,0x00,0x00,0x00,0x00,0x00,0x00,0x00,0x00,0x00,0x00,0x00,0x26,0xfa,0xff,0xff,0xff,0xff,0xff,0xff,0xff,0xff,
0xff,0xff,0xff,0xff,0xff,0xff,0xff,0xff,0xff,0xff,0xff,0xff,0xff,0xff,0xff,0xff,0xff,0xff,0xff,0xff,0xff,0xff,0xff,0xff,0xff,0xff,0xff,0xff,0xff,0xff,0xff,0xff,
0xff,0xff,0xff,0xff,0xff,0xff,0xff,0xff,0xff,0xff,0xff,0xff,0xff,0xff,0xff,0xff,0xff,0xff,0xff,0xff,0xff,0xff,0xff,0xff,0xff,0xff,0xff,0xff,0xff,0xff,0xff,0xff,
0xff,0xff,0xff,0xff,0xff,0xff,0xff,0xff,0xff,0xff,0xff,0xff,0xff,0xff,0xff,0xff,0xff,0xff,0xff,0xff,0xff,0xff,0xff,0xff,0xff,0xff,0xff,0xff,0xff,0xff,0xff,0xff,
0xfb,0x29,0x00,0x00,0x00,0x00,0x00,0x00,0x00,0x00,0x00,0x00,0x00,0x00,0xae,0xff,0xff,0xff,0xff,0xff,0xff,0xff,0xff,0xff,0xff,0xff,0xff,0xff,0xff,0xff,0xff,0xff,
0xff,0xff,0xff,0xff,0xff,0xff,0xff,0xff,0xff,0xff,0xff,0xff,0xff,0xff,0xff,0xff,0xff,0xff,0xff,0xff,0xff,0xff,0xff,0xff,0xff,0xff,0xff,0xff,0xff,0xff,0xff,0xff,
0xff,0xff,0xff,0xff,0xff,0xff,0xff,0xff,0xff,0xff,0xff,0xff,0xff,0xff,0xff,0xff,0xff,0xff,0xff,0xff,0xff,0xff,0xff,0xff,0xff,0xff,0xff,0xff,0xff,0xff,0xff,0xff,
0xff,0xff,0xff,0xff,0xff,0xff,0xff,0xff,0xff,0xff,0xff,0xff,0xff,0xff,0xff,0xff,0xff,0xff,0xff,0xff,0xff,0xff,0xff,0xff,0xff,0xab,0x00,0x00,0x00,0x00,0x00,0x00,
0x00,0x00,0x00,0x00,0x00,0x22,0xfe,0xff,0xff,0xff,0xff,0xff,0xff,0xff,0xff,0xff,0xff,0xff,0xff,0xff,0xff,0xff,0xff,0xff,0xff,0xff,0xff,0xff,0xff,0xff,0xff,0xff,
0xff,0xff,0xff,0xff,0xff,0xff,0xff,0xff,0xff,0xff,0xff,0xff,0xff,0xff,0xff,0xff,0xff,0xff,0xff,0xff,0xff,0xff,0xff,0xff,0xff,0xff,0xff,0xff,0xff,0xff,0xff,0xff,
0xff,0xff,0xff,0xff,0xff,0xff,0xff,0xff,0xff,0xff,0xff,0xff,0xff,0xff,0xff,0xff,0xff,0xff,0xff,0xff,0xff,0xff,0xff,0xff,0xff,0xff,0xff,0xff,0xff,0xff,0xff,0xff,
0xff,0xff,0xff,0xff,0xff,0xff,0xff,0xff,0xff,0xff,0xff,0xff,0xff,0xff,0xff,0xff,0xff,0xfe,0x21,0x00,0x00,0x00,0x00,0x00,0x00,0x00,0x00,0x00,0x00,0x73,0xff,0xff,
0xff,0xff,0xff,0xff,0xff,0xff,0xff,0xff,0xff,0xff,0xff,0xff,0xff,0xff,0xff,0xff,0xff,0xff,0xff,0xff,0xff,0xff,0xff,0xff,0xff,0xff,0xff,0xff,0xff,0xff,0xff,0xff,
0xff,0xff,0xff,0xff,0xff,0xff,0xff,0xff,0xff,0xff,0xff,0xff,0xff,0xff,0xff,0xff,0xff,0xff,0xff,0xff,0xff,0xff,0xff,0xff,0xff,0xff,0xff,0xff,0xff,0xff,0xff,0xff,
0xff,0xff,0xff,0xff,0xff,0xff,0xff,0xff,0xff,0xff,0xff,0xff,0xff,0xff,0xff,0xff,0xff,0xff,0xff,0xff,0xff,0xff,0xff,0xff,0xff,0xff,0xff,0xff,0xff,0xff,0xff,0xff,
0xff,0xff,0xff,0xff,0xff,0xff,0xff,0xff,0xff,0xff,0x70,0x00,0x00,0x00,0x00,0x00,0x00,0x00,0x00,0x00,0x00,0xba,0xff,0xff,0xff,0xff,0xff,0xff,0xff,0xff,0xff,0xff,
0xff,0xff,0xff,0xff,0xff,0xff,0xff,0xff,0xff,0xff,0xff,0xff,0xff,0xff,0xff,0xff,0xff,0xff,0xff,0xff,0xff,0xff,0xff,0xff,0xff,0xff,0xff,0xff,0xff,0xff,0xff,0xff,
0xff,0xff,0xff,0xff,0xff,0xff,0xff,0xff,0xff,0xff,0xff,0xff,0xff,0xff,0xff,0xff,0xff,0xff,0xff,0xff,0xff,0xff,0xff,0xff,0xff,0xff,0xff,0xff,0xff,0xff,0xff,0xff,
0xff,0xff,0xff,0xff,0xff,0xff,0xff,0xff,0xff,0xff,0xff,0xff,0xff,0xff,0xff,0xff,0xff,0xff,0xff,0xff,0xff,0xff,0xff,0xff,0xff,0xff,0xff,0xff,0xff,0xff,0xff,0xff,
0xff,0xff,0xb8,0x00,0x00,0x00,0x00,0x00,0x00,0x00,0x00,0x00,0x00,0xda,0xff,0xff,0xff,0xff,0xff,0xff,0xff,0xff,0xff,0xff,0xff,0xff,0xff,0xff,0xff,0xff,0xff,0xff,
0xff,0xff,0xff,0xff,0xff,0xff,0xff,0xff,0xff,0xff,0xff,0xff,0xff,0xff,0xff,0xff,0xff,0xff,0xff,0xff,0xff,0xff,0xff,0xff,0xff,0xff,0xff,0xff,0xff,0xff,0xff,0xff,
0xff,0xff,0xff,0xff,0xff,0xff,0xff,0xff,0xff,0xff,0xff,0xff,0xff,0xff,0xff,0xff,0xff,0xff,0xff,0xff,0xff,0xff,0xff,0xff,0xff,0xff,0xff,0xff,0xff,0xff,0xff,0xff,
0xff,0xff,0xff,0xff,0xff,0xff,0xff,0xff,0xff,0xff,0xff,0xff,0xff,0xff,0xff,0xff,0xff,0xff,0xff,0xff,0xff,0xff,0xff,0xff,0xff,0xff,0xd8,0x00,0x00,0x00,0x00,0x00,
0x00,0x00,0x00,0x00,0x00,0xf3,0xff,0xff,0xff,0xff,0xff,0xff,0xff,0xff,0xff,0xff,0xff,0xff,0xff,0xff,0xff,0xff,0xff,0xff,0xff,0xff,0xff,0xff,0xff,0xff,0xff,0xff,
0xff,0xff,0xff,0xff,0xff,0xff,0xff,0xff,0xff,0xff,0xff,0xff,0xff,0xff,0xff,0xff,0xff,0xff,0xff,0xff,0xff,0xff,0xff,0xff,0xff,0xff,0xff,0xff,0xff,0xff,0xff,0xff,
0xff,0xff,0xff,0xff,0xff,0xff,0xff,0xff,0xff,0xff,0xff,0xff,0xff,0xff,0xff,0xff,0xff,0xff,0xff,0xff,0xff,0xff,0xff,0xff,0xff,0xff,0xff,0xff,0xff,0xff,0xff,0xff,
0xff,0xff,0xff,0xff,0xff,0xff,0xff,0xff,0xff,0xff,0xff,0xff,0xff,0xff,0xff,0xff,0xff,0xff,0xf3,0x00,0x00,0x00,0x00,0x00,0x00,0x00,0x00,0x00,0x00,0xff,0xff,0xff,
0xff,0xff,0xff,0xff,0xff,0xff,0xff,0xff,0xff,0xff,0xff,0xff,0xff,0xff,0xff,0xff,0xff,0xff,0xff,0xff,0xff,0xff,0xff,0xff,0xff,0xff,0xff,0xff,0xff,0xff,0xff,0xff,
0xff,0xff,0xff,0xff,0xff,0xff,0xff,0xff,0xff,0xff,0xff,0xff,0xff,0xff,0xff,0xff,0xff,0xff,0xff,0xff,0xff,0xff,0xff,0xff,0xff,0xff,0xff,0xff,0xff,0xff,0xff,0xff,
0xff,0xff,0xff,0xff,0xff,0xff,0xff,0xff,0xff,0xff,0xff,0xff,0xff,0xff,0xff,0xff,0xff,0xff,0xff,0xff,0xff,0xff,0xff,0xff,0xff,0xff,0xff,0xff,0xff,0xff,0xff,0xff,
0xff,0xff,0xff,0xff,0xff,0xff,0xff,0xff,0xff,0xff,0xff,0x00,0x00,0x00,0x00,0x00,0x00,0x00,0x00,0x00,0x00,0xff,0xff,0xff,0xff,0xff,0xff,0xff,0xff,0xff,0xff,0xff,
0xff,0xff,0xff,0xff,0xff,0xff,0xff,0xff,0xff,0xff,0xff,0xff,0xff,0xff,0xff,0xff,0xff,0xff,0xff,0xff,0xff,0xff,0xff,0xff,0xff,0xff,0xff,0xff,0xff,0xff,0xff,0xff,
0xff,0xff,0xff,0xff,0xff,0xff,0xff,0xff,0xff,0xff,0xff,0xff,0xff,0xff,0xff,0xff,0xff,0xff,0xff,0xff,0xff,0xff,0xff,0xff,0xff,0xff,0xff,0xff,0xff,0xff,0xff,0xff,
0xff,0xff,0xff,0xff,0xff,0xff,0xff,0xff,0xff,0xff,0xff,0xff,0xff,0xff,0xff,0xff,0xff,0xff,0xff,0xff,0xff,0xff,0xff,0xff,0xff,0xff,0xff,0xff,0xff,0xff,0xff,0xff,
0xff,0xff,0xff,0x00,0x00,0x00,0x00,0x00,0x00,0x00,0x00,0x00,0x00,0xff,0xff,0xff,0xff,0xff,0xff,0xff,0xff,0xff,0xff,0xff,0xff,0xff,0xff,0xff,0xff,0xff,0xff,0xff,
0xff,0xff,0xff,0xff,0xff,0xff,0xff,0xff,0xff,0xff,0xff,0xff,0xff,0xff,0xff,0xff,0xff,0xff,0xff,0xff,0xff,0xff,0xff,0xff,0xff,0xff,0xff,0xff,0xff,0xff,0xff,0xff,
0xff,0xff,0xff,0xff,0xff,0xff,0xff,0xff,0xff,0xff,0xff,0xff,0xff,0xff,0xff,0xff,0xff,0xff,0xff,0xff,0xff,0xff,0xff,0xff,0xff,0xff,0xff,0xff,0xff,0xff,0xff,0xff,
0xff,0xff,0xff,0xff,0xff,0xff,0xff,0xff,0xff,0xff,0xff,0xff,0xff,0xff,0xff,0xff,0xff,0xff,0xff,0xff,0xff,0xff,0xff,0xff,0xff,0xff,0xff,0x00,0x00,0x00,0x00,0x00,
0x00,0x00,0x00,0x00,0x00,0xff,0xff,0xff,0xff,0xff,0xff,0xff,0xff,0xff,0xff,0xff,0xff,0xff,0xff,0xff,0xff,0xff,0xff,0xff,0xff,0xff,0xff,0xff,0xff,0xff,0xff,0xff,
0xff,0xff,0xff,0xff,0xff,0xff,0xff,0xff,0xff,0xff,0xff,0xff,0xff,0xff,0xff,0xff,0xff,0xff,0xff,0xff,0xff,0xff,0xff,0xff,0xff,0xff,0xff,0xff,0xff,0xff,0xff,0xff,
0xff,0xff,0xff,0xff,0xff,0xff,0xff,0xff,0xff,0xff,0xff,0xff,0xff,0xff,0xff,0xff,0xff,0xff,0xff,0xff,0xff,0xff,0xff,0xff,0xff,0xff,0xff,0xff,0xff,0xff,0xff,0xff,
0xff,0xff,0xff,0xff,0xff,0xff,0xff,0xff,0xff,0xff,0xff,0xff,0xff,0xff,0xff,0xff,0xff,0xff,0xff,0x00,0x00,0x00,0x00,0x00,0x00,0x00,0x00,0x00,0x00,0xff,0xff,0xff,
0xff,0xff,0xff,0xff,0xff,0xff,0xff,0xff,0xff,0xff,0xff,0xff,0xff,0xff,0xff,0xff,0xff,0xff,0xff,0xff,0xff,0xff,0xff,0xff,0xff,0xff,0xff,0xff,0xff,0xff,0xff,0xff,
0xff,0xff,0xff,0xff,0xff,0xff,0xff,0xff,0xff,0xff,0xff,0xff,0xff,0xff,0xff,0xff,0xff,0xff,0xff,0xff,0xff,0xff,0xff,0xff,0xff,0xff,0xff,0xff,0xff,0xff,0xff,0xff,
0xff,0xff,0xff,0xff,0xff,0xff,0xff,0xff,0xff,0xff,0xff,0xff,0xff,0xff,0xff,0xff,0xff,0xff,0xff,0xff,0xff,0xff,0xff,0xff,0xff,0xff,0xff,0xff,0xff,0xff,0xff,0xff,
0xff,0xff,0xff,0xff,0xff,0xff,0xff,0xff,0xff,0xff,0xff,0x00,0x00,0x00,0x00,0x00,0x00,0x00,0x00,0x00,0x00,0xff,0xff,0xff,0xff,0xff,0xff,0xff,0xff,0xff,0xff,0xff,
0xff,0xff,0xff,0xff,0xff,0xff,0xff,0xff,0xff,0xff,0xff,0xff,0xff,0xff,0xff,0xff,0xff,0xff,0xff,0xff,0xff,0xff,0xff,0xff,0xff,0xff,0xff,0xff,0xff,0xff,0xff,0xff,
0xff,0xff,0xff,0xff,0xff,0xff,0xff,0xff,0xff,0xff,0xff,0xff,0xff,0xff,0xff,0xff,0xff,0xff,0xff,0xff,0xff,0xff,0xff,0xff,0xff,0xff,0xff,0xff,0xff,0xff,0xff,0xff,
0xff,0xff,0xff,0xff,0xff,0xff,0xff,0xff,0xff,0xff,0xff,0xff,0xff,0xff,0xff,0xff,0xff,0xff,0xff,0xff,0xff,0xff,0xff,0xff,0xff,0xff,0xff,0xff,0xff,0xff,0xff,0xff,
0xff,0xff,0xff,0x00,0x00,0x00,0x00,0x00,0x00,0x00,0x00,0x00,0x00,0xff,0xff,0xff,0xff,0xff,0xff,0xff,0xff,0xff,0xff,0xff,0xff,0xff,0xff,0xff,0xff,0xff,0xff,0xff,
0xff,0xff,0xff,0xff,0xff,0xff,0xff,0xff,0xff,0xff,0xff,0xff,0xff,0xff,0xff,0xff,0xff,0xff,0xff,0xff,0xff,0xff,0xff,0xff,0xff,0xff,0xff,0xff,0xff,0xff,0xff,0xff,
0xff,0xff,0xff,0xff,0xff,0xff,0xff,0xff,0xff,0xff,0xff,0xff,0xff,0xff,0xff,0xff,0xff,0xff,0xff,0xff,0xff,0xff,0xff,0xff,0xff,0xff,0xff,0xff,0xff,0xff,0xff,0xff,
0xff,0xff,0xff,0xff,0xff,0xff,0xff,0xff,0xff,0xff,0xff,0xff,0xff,0xff,0xff,0xff,0xff,0xff,0xff,0xff,0xff,0xff,0xff,0xff,0xff,0xff,0xff,0x00,0x00,0x00,0x00,0x00,
0x00,0x00,0x00,0x00,0x00,0xff,0xff,0xff,0xff,0xff,0xff,0xff,0xff,0xff,0xff,0xff,0xff,0xff,0xff,0xff,0xff,0xff,0xff,0xff,0xff,0xff,0xff,0xff,0xff,0xff,0xff,0xff,
0xff,0xff,0xff,0xff,0xff,0xff,0xff,0xff,0xff,0xff,0xff,0xff,0xff,0xff,0xff,0xff,0xff,0xff,0xff,0xff,0xff,0xff,0xff,0xff,0xff,0xff,0xff,0xff,0xff,0xff,0xff,0xff,
0xff,0xff,0xff,0xff,0xff,0xff,0xff,0xff,0xff,0xff,0xff,0xff,0xff,0xff,0xff,0xff,0xff,0xff,0xff,0xff,0xff,0xff,0xff,0xff,0xff,0xff,0xff,0xff,0xff,0xff,0xff,0xff,
0xff,0xff,0xff,0xff,0xff,0xff,0xff,0xff,0xff,0xff,0xff,0xff,0xff,0xff,0xff,0xff,0xff,0xff,0xff,0x00,0x00,0x00,0x00,0x00,0x00,0x00,0x00,0x00,0x00,0xff,0xff,0xff,
0xff,0xff,0xff,0xff,0xff,0xff,0xff,0xff,0xff,0xff,0xff,0xff,0xff,0xff,0xff,0xff,0xff,0xff,0xff,0xff,0xff,0xff,0xff,0xff,0xff,0xff,0xff,0xff,0xff,0xff,0xff,0xff,
0xff,0xff,0xff,0xff,0xff,0xff,0xff,0xff,0xff,0xff,0xff,0xff,0xff,0xff,0xff,0xff,0xff,0xff,0xff,0xff,0xff,0xff,0xff,0xff,0xff,0xff,0xff,0xff,0xff,0xff,0xff,0xff,
0xff,0xff,0xff,0xff,0xff,0xff,0xff,0xff,0xff,0xff,0xff,0xff,0xff,0xff,0xff,0xff,0xff,0xff,0xff,0xff,0xff,0xff,0xff,0xff,0xff,0xff,0xff,0xff,0xff,0xff,0xff,0xff,
0xff,0xff,0xff,0xff,0xff,0xff,0xff,0xff,0xff,0xff,0xff,0x00,0x00,0x00,0x00,0x00,0x00,0x00,0x00,0x00,0x00,0xff,0xff,0xff,0xff,0xff,0xff,0xff,0xff,0xff,0xff,0xff,
0xff,0xff,0xff,0xff,0xff,0xff,0xff,0xff,0xff,0xff,0xff,0xff,0xff,0xff,0xff,0xff,0xff,0xff,0xff,0xff,0xff,0xff,0xff,0xff,0xff,0xff,0xff,0xff,0xff,0xff,0xff,0xff,
0xff,0xff,0xff,0xff,0xff,0xff,0xff,0xff,0xff,0xff,0xff,0xff,0xff,0xff,0xff,0xff,0xff,0xff,0xff,0xff,0xff,0xff,0xff,0xff,0xff,0xff,0xff,0xff,0xff,0xff,0xff,0xff,
0xff,0xff,0xff,0xff,0xff,0xff,0xff,0xff,0xff,0xff,0xff,0xff,0xff,0xff,0xff,0xff,0xff,0xff,0xff,0xff,0xff,0xff,0xff,0xff,0xff,0xff,0xff,0xff,0xff,0xff,0xff,0xff,
0xff,0xff,0xff,0x00,0x00,0x00,0x00,0x00,0x00,0x00,0x00,0x00,0x00,0xff,0xff,0xff,0xff,0xff,0xff,0xff,0xff,0xff,0xff,0xff,0xff,0xff,0xff,0xff,0xff,0xff,0xff,0xff,
0xff,0xff,0xff,0xff,0xff,0xff,0xff,0xff,0xff,0xff,0xff,0xff,0xff,0xff,0xff,0xff,0xff,0xff,0xff,0xff,0xff,0xff,0xff,0xff,0xff,0xff,0xff,0xff,0xff,0xff,0xff,0xff,
0xff,0xff,0xff,0xff,0xff,0xff,0xff,0xff,0xff,0xff,0xff,0xff,0xff,0xff,0xff,0xff,0xff,0xff,0xff,0xff,0xff,0xff,0xff,0xff,0xff,0xff,0xff,0xff,0xff,0xff,0xff,0xff,
0xff,0xff,0xff,0xff,0xff,0xff,0xff,0xff,0xff,0xff,0xff,0xff,0xff,0xff,0xff,0xff,0xff,0xff,0xff,0xff,0xff,0xff,0xff,0xff,0xff,0xff,0xff,0x00,0x00,0x00,0x00,0x00,
0x00,0x00,0x00,0x00,0x00,0xff,0xff,0xff,0xff,0xff,0xff,0xff,0xff,0xff,0xff,0xff,0xff,0xff,0xff,0xff,0xff,0xff,0xff,0xff,0xff,0xff,0xff,0xff,0xff,0xff,0xff,0xff,
0xff,0xff,0xff,0xff,0xff,0xff,0xff,0xff,0xff,0xff,0xff,0xff,0xff,0xff,0xff,0xff,0xff,0xff,0xff,0xff,0xff,0xff,0xff,0xff,0xff,0xff,0xff,0xff,0xff,0xff,0xff,0xff,
0xff,0xff,0xff,0xff,0xff,0xff,0xff,0xff,0xff,0xff,0xff,0xff,0xff,0xff,0xff,0xff,0xff,0xff,0xff,0xff,0xff,0xff,0xff,0xff,0xff,0xff,0xff,0xff,0xff,0xff,0xff,0xff,
0xff,0xff,0xff,0xff,0xff,0xff,0xff,0xff,0xff,0xff,0xff,0xff,0xff,0xff,0xff,0xff,0xff,0xff,0xff,0x00,0x00,0x00,0x00,0x00,0x00,0x00,0x00,0x00,0x00,0xff,0xff,0xff,
0xff,0xff,0xff,0xff,0xff,0xff,0xff,0xff,0xff,0xff,0xff,0xff,0xff,0xff,0xff,0xff,0xff,0xff,0xff,0xff,0xff,0xff,0xff,0xff,0xff,0xff,0xff,0xff,0xff,0xff,0xff,0xff,
0xff,0xff,0xff,0xff,0xff,0xff,0xff,0xff,0xff,0xff,0xff,0xff,0xff,0xff,0xff,0xff,0xff,0xff,0xff,0xff,0xff,0xff,0xff,0xff,0xff,0xff,0xff,0xff,0xff,0xff,0xff,0xff,
0xff,0xff,0xff,0xff,0xff,0xff,0xff,0xff,0xff,0xff,0xff,0xff,0xff,0xff,0xff,0xff,0xff,0xff,0xff,0xff,0xff,0xff,0xff,0xff,0xff,0xff,0xff,0xff,0xff,0xff,0xff,0xff,
0xff,0xff,0xff,0xff,0xff,0xff,0xff,0xff,0xff,0xff,0xff,0x00,0x00,0x00,0x00,0x00,0x00,0x00,0x00,0x00,0x00,0xff,0xff,0xff,0xff,0xff,0xff,0xff,0xff,0xff,0xff,0xff,
0xff,0xff,0xff,0xff,0xff,0xff,0xff,0xff,0xff,0xff,0xff,0xff,0xff,0xff,0xff,0xff,0xff,0xff,0xff,0xff,0xff,0xff,0xff,0xff,0xff,0xff,0xff,0xff,0xff,0xff,0xff,0xff,
0xff,0xff,0xff,0xff,0xff,0xff,0xff,0xff,0xff,0xff,0xff,0xff,0xff,0xff,0xff,0xff,0xff,0xff,0xff,0xff,0xff,0xff,0xff,0xff,0xff,0xff,0xff,0xff,0xff,0xff,0xff,0xff,
0xff,0xff,0xff,0xff,0xff,0xff,0xff,0xff,0xff,0xff,0xff,0xff,0xff,0xff,0xff,0xff,0xff,0xff,0xff,0xff,0xff,0xff,0xff,0xff,0xff,0xff,0xff,0xff,0xff,0xff,0xff,0xff,
0xff,0xff,0xff,0x00,0x00,0x00,0x00,0x00,0x00,0x00,0x00,0x00,0x00,0xff,0xff,0xff,0xff,0xff,0xff,0xff,0xff,0xff,0xff,0xff,0xff,0xff,0xff,0xff,0xff,0xff,0xff,0xff,
0xff,0xff,0xff,0xff,0xff,0xff,0xff,0xff,0xff,0xff,0xff,0xff,0xff,0xff,0xff,0xff,0xff,0xff,0xff,0xff,0xff,0xff,0xff,0xff,0xff,0xff,0xff,0xff,0xff,0xff,0xff,0xff,
0xff,0xff,0xff,0xff,0xff,0xff,0xff,0xff,0xff,0xff,0xff,0xff,0xff,0xff,0xff,0xff,0xff,0xff,0xff,0xff,0xff,0xff,0xff,0xff,0xff,0xff,0xff,0xff,0xff,0xff,0xff,0xff,
0xff,0xff,0xff,0xff,0xff,0xff,0xff,0xff,0xff,0xff,0xff,0xff,0xff,0xff,0xff,0xff,0xff,0xff,0xff,0xff,0xff,0xff,0xff,0xff,0xff,0xff,0xff,0x00,0x00,0x00,0x00,0x00,
0x00,0x00,0x00,0x00,0x00,0xff,0xff,0xff,0xff,0xff,0xff,0xff,0xff,0xff,0xff,0xff,0xff,0xff,0xff,0xff,0xff,0xff,0xff,0xff,0xff,0xff,0xff,0xff,0xff,0xff,0xff,0xff,
0xff,0xff,0xff,0xff,0xff,0xff,0xff,0xff,0xff,0xff,0xff,0xff,0xff,0xff,0xff,0xff,0xff,0xff,0xff,0xff,0xff,0xff,0xff,0xff,0xff,0xff,0xff,0xff,0xff,0xff,0xff,0xff,
0xff,0xff,0xff,0xff,0xff,0xff,0xff,0xff,0xff,0xff,0xff,0xff,0xff,0xff,0xff,0xff,0xff,0xff,0xff,0xff,0xff,0xff,0xff,0xff,0xff,0xff,0xff,0xff,0xff,0xff,0xff,0xff,
0xff,0xff,0xff,0xff,0xff,0xff,0xff,0xff,0xff,0xff,0xff,0xff,0xff,0xff,0xff,0xff,0xff,0xff,0xff,0x00,0x00,0x00,0x00,0x00,0x00,0x00,0x00,0x00,0x00,0xff,0xff,0xff,
0xff,0xff,0xff,0xff,0xff,0xff,0xff,0xff,0xff,0xff,0xff,0xff,0xff,0xff,0xff,0xff,0xff,0xff,0xff,0xff,0xff,0xff,0xff,0xff,0xff,0xff,0xff,0xff,0xff,0xff,0xff,0xff,
0xff,0xff,0xff,0xff,0xff,0xff,0xff,0xff,0xff,0xff,0xff,0xff,0xff,0xff,0xff,0xff,0xff,0xff,0xff,0xff,0xff,0xff,0xff,0xff,0xff,0xff,0xff,0xff,0xff,0xff,0xff,0xff,
0xff,0xff,0xff,0xff,0xff,0xff,0xff,0xff,0xff,0xff,0xff,0xff,0xff,0xff,0xff,0xff,0xff,0xff,0xff,0xff,0xff,0xff,0xff,0xff,0xff,0xff,0xff,0xff,0xff,0xff,0xff,0xff,
0xff,0xff,0xff,0xff,0xff,0xff,0xff,0xff,0xff,0xff,0xff,0x00,0x00,0x00,0x00,0x00,0x00,0x00,0x00,0x00,0x00,0xff,0xff,0xff,0xff,0xff,0xff,0xff,0xff,0xff,0xff,0xff,
0xff,0xff,0xff,0xff,0xff,0xff,0xff,0xff,0xff,0xff,0xff,0xff,0xff,0xff,0xff,0xff,0xff,0xff,0xff,0xff,0xff,0xff,0xff,0xff,0xff,0xff,0xff,0xff,0xff,0xff,0xff,0xff,
0xff,0xff,0xff,0xff,0xff,0xff,0xff,0xff,0xff,0xff,0xff,0xff,0xff,0xff,0xff,0xff,0xff,0xff,0xff,0xff,0xff,0xff,0xff,0xff,0xff,0xff,0xff,0xff,0xff,0xff,0xff,0xff,
0xff,0xff,0xff,0xff,0xff,0xff,0xff,0xff,0xff,0xff,0xff,0xff,0xff,0xff,0xff,0xff,0xff,0xff,0xff,0xff,0xff,0xff,0xff,0xff,0xff,0xff,0xff,0xff,0xff,0xff,0xff,0xff,
0xff,0xff,0xff,0x00,0x00,0x00,0x00,0x00,0x00,0x00,0x00,0x00,0x00,0xff,0xff,0xff,0xff,0xff,0xff,0xff,0xff,0xff,0xff,0xff,0xff,0xff,0xff,0xff,0xff,0xff,0xff,0xff,
0xff,0xff,0xff,0xff,0xff,0xff,0xff,0xff,0xff,0xff,0xff,0xff,0xff,0xff,0xff,0xff,0xff,0xff,0xff,0xff,0xff,0xff,0xff,0xff,0xff,0xff,0xff,0xff,0xff,0xff,0xff,0xff,
0xff,0xff,0xff,0xff,0xff,0xff,0xff,0xff,0xff,0xff,0xff,0xff,0xff,0xff,0xff,0xff,0xff,0xff,0xff,0xff,0xff,0xff,0xff,0xff,0xff,0xff,0xff,0xff,0xff,0xff,0xff,0xff,
0xff,0xff,0xff,0xff,0xff,0xff,0xff,0xff,0xff,0xff,0xff,0xff,0xff,0xff,0xff,0xff,0xff,0xff,0xff,0xff,0xff,0xff,0xff,0xff,0xff,0xff,0xff,0x00,0x00,0x00,0x00,0x00,
0x00,0x00,0x00,0x00,0x00,0xff,0xff,0xff,0xff,0xff,0xff,0xff,0xff,0xff,0xff,0xff,0xff,0xff,0xff,0xff,0xff,0xff,0xff,0xff,0xff,0xff,0xff,0xff,0xff,0xff,0xff,0xff,
0xff,0xff,0xff,0xff,0xff,0xff,0xff,0xff,0xff,0xff,0xff,0xff,0xff,0xff,0xff,0xff,0xff,0xff,0xff,0xff,0xff,0xff,0xff,0xff,0xff,0xff,0xff,0xff,0xff,0xff,0xff,0xff,
0xff,0xff,0xff,0xff,0xff,0xff,0xff,0xff,0xff,0xff,0xff,0xff,0xff,0xff,0xff,0xff,0xff,0xff,0xff,0xff,0xff,0xff,0xff,0xff,0xff,0xff,0xff,0xff,0xff,0xff,0xff,0xff,
0xff,0xff,0xff,0xff,0xff,0xff,0xff,0xff,0xff,0xff,0xff,0xff,0xff,0xff,0xff,0xff,0xff,0xff,0xff,0x00,0x00,0x00,0x00,0x00,0x00,0x00,0x00,0x00,0x00,0xff,0xff,0xff,
0xff,0xff,0xff,0xff,0xff,0xff,0xff,0xff,0xff,0xff,0xff,0xff,0xff,0xff,0xff,0xff,0xff,0xff,0xff,0xff,0xff,0xff,0xff,0xff,0xff,0xff,0xff,0xff,0xff,0xff,0xff,0xff,
0xff,0xff,0xff,0xff,0xff,0xff,0xff,0xff,0xff,0xff,0xff,0xff,0xff,0xff,0xff,0xff,0xff,0xff,0xff,0xff,0xff,0xff,0xff,0xff,0xff,0xff,0xff,0xff,0xff,0xff,0xff,0xff,
0xff,0xff,0xff,0xff,0xff,0xff,0xff,0xff,0xff,0xff,0xff,0xff,0xff,0xff,0xff,0xff,0xff,0xff,0xff,0xff,0xff,0xff,0xff,0xff,0xff,0xff,0xff,0xff,0xff,0xff,0xff,0xff,
0xff,0xff,0xff,0xff,0xff,0xff,0xff,0xff,0xff,0xff,0xff,0x00,0x00,0x00,0x00,0x00,0x00,0x00,0x00,0x00,0x00,0xff,0xff,0xff,0xff,0xff,0xff,0xff,0xff,0xff,0xff,0xff,
0xff,0xff,0xff,0xff,0xff,0xff,0xff,0xff,0xff,0xff,0xff,0xff,0xff,0xff,0xff,0xff,0xff,0xff,0xff,0xff,0xff,0xff,0xff,0xff,0xff,0xff,0xff,0xff,0xff,0xff,0xff,0xff,
0xff,0xff,0xff,0xff,0xff,0xff,0xff,0xff,0xff,0xff,0xff,0xff,0xff,0xff,0xff,0xff,0xff,0xff,0xff,0xff,0xff,0xff,0xff,0xff,0xff,0xff,0xff,0xff,0xff,0xff,0xff,0xff,
0xff,0xff,0xff,0xff,0xff,0xff,0xff,0xff,0xff,0xff,0xff,0xff,0xff,0xff,0xff,0xff,0xff,0xff,0xff,0xff,0xff,0xff,0xff,0xff,0xff,0xff,0xff,0xff,0xff,0xff,0xff,0xff,
0xff,0xff,0xff,0x00,0x00,0x00,0x00,0x00,0x00,0x00,0x00,0x00,0x00,0xff,0xff,0xff,0xff,0xff,0xff,0xff,0xff,0xff,0xff,0xff,0xff,0xff,0xff,0xff,0xff,0xff,0xff,0xff,
0xff,0xff,0xff,0xff,0xff,0xff,0xff,0xff,0xff,0xff,0xff,0xff,0xff,0xff,0xff,0xff,0xff,0xff,0xff,0xff,0xff,0xff,0xff,0xff,0xff,0xff,0xff,0xff,0xff,0xff,0xff,0xff,
0xff,0xff,0xff,0xff,0xff,0xff,0xff,0xff,0xff,0xff,0xff,0xff,0xff,0xff,0xff,0xff,0xff,0xff,0xff,0xff,0xff,0xff,0xff,0xff,0xff,0xff,0xff,0xff,0xff,0xff,0xff,0xff,
0xff,0xff,0xff,0xff,0xff,0xff,0xff,0xff,0xff,0xff,0xff,0xff,0xff,0xff,0xff,0xff,0xff,0xff,0xff,0xff,0xff,0xff,0xff,0xff,0xff,0xff,0xff,0x00,0x00,0x00,0x00,0x00,
0x00,0x00,0x00,0x00,0x00,0xff,0xff,0xff,0xff,0xff,0xff,0xff,0xff,0xff,0xff,0xff,0xff,0xff,0xff,0xff,0xff,0xff,0xff,0xff,0xff,0xff,0xff,0xff,0xff,0xff,0xff,0xff,
0xff,0xff,0xff,0xff,0xff,0xff,0xff,0xff,0xff,0xff,0xff,0xff,0xff,0xff,0xff,0xff,0xff,0xff,0xff,0xff,0xff,0xff,0xff,0xff,0xff,0xff,0xff,0xff,0xff,0xff,0xff,0xff,
0xff,0xff,0xff,0xff,0xff,0xff,0xff,0xff,0xff,0xff,0xff,0xff,0xff,0xff,0xff,0xff,0xff,0xff,0xff,0xff,0xff,0xff,0xff,0xff,0xff,0xff,0xff,0xff,0xff,0xff,0xff,0xff,
0xff,0xff,0xff,0xff,0xff,0xff,0xff,0xff,0xff,0xff,0xff,0xff,0xff,0xff,0xff,0xff,0xff,0xff,0xff,0x00,0x00,0x00,0x00,0x00,0x00,0x00,0x00,0x00,0x00,0xff,0xff,0xff,
0xff,0xff,0xff,0xff,0xff,0xff,0xff,0xff,0xff,0xff,0xff,0xff,0xff,0xff,0xff,0xff,0xff,0xff,0xff,0xff,0xff,0xff,0xff,0xff,0xff,0xff,0xff,0xff,0xff,0xff,0xff,0xff,
0xff,0xff,0xff,0xff,0xff,0xff,0xff,0xff,0xff,0xff,0xff,0xff,0xff,0xff,0xff,0xff,0xff,0xff,0xff,0xff,0xff,0xff,0xff,0xff,0xff,0xff,0xff,0xff,0xff,0xff,0xff,0xff,
0xff,0xff,0xff,0xff,0xff,0xff,0xff,0xff,0xff,0xff,0xff,0xff,0xff,0xff,0xff,0xff,0xff,0xff,0xff,0xff,0xff,0xff,0xff,0xff,0xff,0xff,0xff,0xff,0xff,0xff,0xff,0xff,
0xff,0xff,0xff,0xff,0xff,0xff,0xff,0xff,0xff,0xff,0xff,0x00,0x00,0x00,0x00,0x00,0x00,0x00,0x00,0x00,0x00,0xff,0xff,0xff,0xff,0xff,0xff,0xff,0xff,0xff,0xff,0xff,
0xff,0xff,0xff,0xff,0xff,0xff,0xff,0xff,0xff,0xff,0xff,0xff,0xff,0xff,0xff,0xff,0xff,0xff,0xff,0xff,0xff,0xff,0xff,0xff,0xff,0xff,0xff,0xff,0xff,0xff,0xff,0xff,
0xff,0xff,0xff,0xff,0xff,0xff,0xff,0xff,0xff,0xff,0xff,0xff,0xff,0xff,0xff,0xff,0xff,0xff,0xff,0xff,0xff,0xff,0xff,0xff,0xff,0xff,0xff,0xff,0xff,0xff,0xff,0xff,
0xff,0xff,0xff,0xff,0xff,0xff,0xff,0xff,0xff,0xff,0xff,0xff,0xff,0xff,0xff,0xff,0xff,0xff,0xff,0xff,0xff,0xff,0xff,0xff,0xff,0xff,0xff,0xff,0xff,0xff,0xff,0xff,
0xff,0xff,0xff,0x00,0x00,0x00,0x00,0x00,0x00,0x00,0x00,0x00,0x00,0xff,0xff,0xff,0xff,0xff,0xff,0xff,0xff,0xff,0xff,0xff,0xff,0xff,0xff,0xff,0xff,0xff,0xff,0xff,
0xff,0xff,0xff,0xff,0xff,0xff,0xff,0xff,0xff,0xff,0xff,0xff,0xff,0xff,0xff,0xff,0xff,0xff,0xff,0xff,0xff,0xff,0xff,0xff,0xff,0xff,0xff,0xff,0xff,0xff,0xff,0xff,
0xff,0xff,0xff,0xff,0xff,0xff,0xff,0xff,0xff,0xff,0xff,0xff,0xff,0xff,0xff,0xff,0xff,0xff,0xff,0xff,0xff,0xff,0xff,0xff,0xff,0xff,0xff,0xff,0xff,0xff,0xff,0xff,
0xff,0xff,0xff,0xff,0xff,0xff,0xff,0xff,0xff,0xff,0xff,0xff,0xff,0xff,0xff,0xff,0xff,0xff,0xff,0xff,0xff,0xff,0xff,0xff,0xff,0xff,0xff,0x00,0x00,0x00,0x00,0x00,
0x00,0x00,0x00,0x00,0x00,0xff,0xff,0xff,0xff,0xff,0xff,0xff,0xff,0xff,0xff,0xff,0xff,0xff,0xff,0xff,0xff,0xff,0xff,0xff,0xff,0xff,0xff,0xff,0xff,0xff,0xff,0xff,
0xff,0xff,0xff,0xff,0xff,0xff,0xff,0xff,0xff,0xff,0xff,0xff,0xff,0xff,0xff,0xff,0xff,0xff,0xff,0xff,0xff,0xff,0xff,0xff,0xff,0xff,0xff,0xff,0xff,0xff,0xff,0xff,
0xff,0xff,0xff,0xff,0xff,0xff,0xff,0xff,0xff,0xff,0xff,0xff,0xff,0xff,0xff,0xff,0xff,0xff,0xff,0xff,0xff,0xff,0xff,0xff,0xff,0xff,0xff,0xff,0xff,0xff,0xff,0xff,
0xff,0xff,0xff,0xff,0xff,0xff,0xff,0xff,0xff,0xff,0xff,0xff,0xff,0xff,0xff,0xff,0xff,0xff,0xff,0x00,0x00,0x00,0x00,0x00,0x00,0x00,0x00,0x00,0x00,0xff,0xff,0xff,
0xff,0xff,0xff,0xff,0xff,0xff,0xff,0xff,0xff,0xff,0xff,0xff,0xff,0xff,0xff,0xff,0xff,0xff,0xff,0xff,0xff,0xff,0xff,0xff,0xff,0xff,0xff,0xff,0xff,0xff,0xff,0xff,
0xff,0xff,0xff,0xff,0xff,0xff,0xff,0xff,0xff,0xff,0xff,0xff,0xff,0xff,0xff,0xff,0xff,0xff,0xff,0xff,0xff,0xff,0xff,0xff,0xff,0xff,0xff,0xff,0xff,0xff,0xff,0xff,
0xff,0xff,0xff,0xff,0xff,0xff,0xff,0xff,0xff,0xff,0xff,0xff,0xff,0xff,0xff,0xff,0xff,0xff,0xff,0xff,0xff,0xff,0xff,0xff,0xff,0xff,0xff,0xff,0xff,0xff,0xff,0xff,
0xff,0xff,0xff,0xff,0xff,0xff,0xff,0xff,0xff,0xff,0xff,0x00,0x00,0x00,0x00,0x00,0x00,0x00,0x00,0x00,0x00,0xff,0xff,0xff,0xff,0xff,0xff,0xff,0xff,0xff,0xff,0xff,
0xff,0xff,0xff,0xff,0xff,0xff,0xff,0xff,0xff,0xff,0xff,0xff,0xff,0xff,0xff,0xff,0xff,0xff,0xff,0xff,0xff,0xff,0xff,0xff,0xff,0xff,0xff,0xff,0xff,0xff,0xff,0xff,
0xff,0xff,0xff,0xff,0xff,0xff,0xff,0xff,0xff,0xff,0xff,0xff,0xff,0xff,0xff,0xff,0xff,0xff,0xff,0xff,0xff,0xff,0xff,0xff,0xff,0xff,0xff,0xff,0xff,0xff,0xff,0xff,
0xff,0xff,0xff,0xff,0xff,0xff,0xff,0xff,0xff,0xff,0xff,0xff,0xff,0xff,0xff,0xff,0xff,0xff,0xff,0xff,0xff,0xff,0xff,0xff,0xff,0xff,0xff,0xff,0xff,0xff,0xff,0xff,
0xff,0xff,0xff,0x00,0x00,0x00,0x00,0x00,0x00,0x00,0x00,0x00,0x00,0xff,0xff,0xff,0xff,0xff,0xff,0xff,0xff,0xff,0xff,0xff,0xff,0xff,0xff,0xff,0xff,0xff,0xff,0xff,
0xff,0xff,0xff,0xff,0xff,0xff,0xff,0xff,0xff,0xff,0xff,0xff,0xff,0xff,0xff,0xff,0xff,0xff,0xff,0xff,0xff,0xff,0xff,0xff,0xff,0xff,0xff,0xff,0xff,0xff,0xff,0xff,
0xff,0xff,0xff,0xff,0xff,0xff,0xff,0xff,0xff,0xff,0xff,0xff,0xff,0xff,0xff,0xff,0xff,0xff,0xff,0xff,0xff,0xff,0xff,0xff,0xff,0xff,0xff,0xff,0xff,0xff,0xff,0xff,
0xff,0xff,0xff,0xff,0xff,0xff,0xff,0xff,0xff,0xff,0xff,0xff,0xff,0xff,0xff,0xff,0xff,0xff,0xff,0xff,0xff,0xff,0xff,0xff,0xff,0xff,0xff,0x00,0x00,0x00,0x00,0x00,
0x00,0x00,0x00,0x00,0x00,0xff,0xff,0xff,0xff,0xff,0xff,0xff,0xff,0xff,0xff,0xff,0xff,0xff,0xff,0xff,0xff,0xff,0xff,0xff,0xff,0xff,0xff,0xff,0xff,0xff,0xff,0xff,
0xff,0xff,0xff,0xff,0xff,0xff,0xff,0xff,0xff,0xff,0xff,0xff,0xff,0xff,0xff,0xff,0xff,0xff,0xff,0xff,0xff,0xff,0xff,0xff,0xff,0xff,0xff,0xff,0xff,0xff,0xff,0xff,
0xff,0xff,0xff,0xff,0xff,0xff,0xff,0xff,0xff,0xff,0xff,0xff,0xff,0xff,0xff,0xff,0xff,0xff,0xff,0xff,0xff,0xff,0xff,0xff,0xff,0xff,0xff,0xff,0xff,0xff,0xff,0xff,
0xff,0xff,0xff,0xff,0xff,0xff,0xff,0xff,0xff,0xff,0xff,0xff,0xff,0xff,0xff,0xff,0xff,0xff,0xff,0x00,0x00,0x00,0x00,0x00,0x00,0x00,0x00,0x00,0x00,0xff,0xff,0xff,
0xff,0xff,0xff,0xff,0xff,0xff,0xff,0xff,0xff,0xff,0xff,0xff,0xff,0xff,0xff,0xff,0xff,0xff,0xff,0xff,0xff,0xff,0xff,0xff,0xff,0xff,0xff,0xff,0xff,0xff,0xff,0xff,
0xff,0xff,0xff,0xff,0xff,0xff,0xff,0xff,0xff,0xff,0xff,0xff,0xff,0xff,0xff,0xff,0xff,0xff,0xff,0xff,0xff,0xff,0xff,0xff,0xff,0xff,0xff,0xff,0xff,0xff,0xff,0xff,
0xff,0xff,0xff,0xff,0xff,0xff,0xff,0xff,0xff,0xff,0xff,0xff,0xff,0xff,0xff,0xff,0xff,0xff,0xff,0xff,0xff,0xff,0xff,0xff,0xff,0xff,0xff,0xff,0xff,0xff,0xff,0xff,
0xff,0xff,0xff,0xff,0xff,0xff,0xff,0xff,0xff,0xff,0xff,0x00,0x00,0x00,0x00,0x00,0x00,0x00,0x00,0x00,0x00,0xff,0xff,0xff,0xff,0xff,0xff,0xff,0xff,0xff,0xff,0xff,
0xff,0xff,0xff,0xff,0xff,0xff,0xff,0xff,0xff,0xff,0xff,0xff,0xff,0xff,0xff,0xff,0xff,0xff,0xff,0xff,0xff,0xff,0xff,0xff,0xff,0xff,0xff,0xff,0xff,0xff,0xff,0xff,
0xff,0xff,0xff,0xff,0xff,0xff,0xff,0xff,0xff,0xff,0xff,0xff,0xff,0xff,0xff,0xff,0xff,0xff,0xff,0xff,0xff,0xff,0xff,0xff,0xff,0xff,0xff,0xff,0xff,0xff,0xff,0xff,
0xff,0xff,0xff,0xff,0xff,0xff,0xff,0xff,0xff,0xff,0xff,0xff,0xff,0xff,0xff,0xff,0xff,0xff,0xff,0xff,0xff,0xff,0xff,0xff,0xff,0xff,0xff,0xff,0xff,0xff,0xff,0xff,
0xff,0xff,0xff,0x00,0x00,0x00,0x00,0x00,0x00,0x00,0x00,0x00,0x00,0xff,0xff,0xff,0xff,0xff,0xff,0xff,0xff,0xff,0xff,0xff,0xff,0xff,0xff,0xff,0xff,0xff,0xff,0xff,
0xff,0xff,0xff,0xff,0xff,0xff,0xff,0xff,0xff,0xff,0xff,0xff,0xff,0xff,0xff,0xff,0xff,0xff,0xff,0xff,0xff,0xff,0xff,0xff,0xff,0xff,0xff,0xff,0xff,0xff,0xff,0xff,
0xff,0xff,0xff,0xff,0xff,0xff,0xff,0xff,0xff,0xff,0xff,0xff,0xff,0xff,0xff,0xff,0xff,0xff,0xff,0xff,0xff,0xff,0xff,0xff,0xff,0xff,0xff,0xff,0xff,0xff,0xff,0xff,
0xff,0xff,0xff,0xff,0xff,0xff,0xff,0xff,0xff,0xff,0xff,0xff,0xff,0xff,0xff,0xff,0xff,0xff,0xff,0xff,0xff,0xff,0xff,0xff,0xff,0xff,0xff,0x00,0x00,0x00,0x00,0x00,
0x00,0x00,0x00,0x00,0x00,0xff,0xff,0xff,0xff,0xff,0xff,0xff,0xff,0xff,0xff,0xff,0xff,0xff,0xff,0xff,0xff,0xff,0xff,0xff,0xff,0xff,0xff,0xff,0xff,0xff,0xff,0xff,
0xff,0xff,0xff,0xff,0xff,0xff,0xff,0xff,0xff,0xff,0xff,0xff,0xff,0xff,0xff,0xff,0xff,0xff,0xff,0xff,0xff,0xff,0xff,0xff,0xff,0xff,0xff,0xff,0xff,0xff,0xff,0xff,
0xff,0xff,0xff,0xff,0xff,0xff,0xff,0xff,0xff,0xff,0xff,0xff,0xff,0xff,0xff,0xff,0xff,0xff,0xff,0xff,0xff,0xff,0xff,0xff,0xff,0xff,0xff,0xff,0xff,0xff,0xff,0xff,
0xff,0xff,0xff,0xff,0xff,0xff,0xff,0xff,0xff,0xff,0xff,0xff,0xff,0xff,0xff,0xff,0xff,0xff,0xff,0x00,0x00,0x00,0x00,0x00,0x00,0x00,0x00,0x00,0x00,0xff,0xff,0xff,
0xff,0xff,0xff,0xff,0xff,0xff,0xff,0xff,0xff,0xff,0xff,0xff,0xff,0xff,0xff,0xff,0xff,0xff,0xff,0xff,0xff,0xff,0xff,0xff,0xff,0xff,0xff,0xff,0xff,0xff,0xff,0xff,
0xff,0xff,0xff,0xff,0xff,0xff,0xff,0xff,0xff,0xff,0xff,0xff,0xff,0xff,0xff,0xff,0xff,0xff,0xff,0xff,0xff,0xff,0xff,0xff,0xff,0xff,0xff,0xff,0xff,0xff,0xff,0xff,
0xff,0xff,0xff,0xff,0xff,0xff,0xff,0xff,0xff,0xff,0xff,0xff,0xff,0xff,0xff,0xff,0xff,0xff,0xff,0xff,0xff,0xff,0xff,0xff,0xff,0xff,0xff,0xff,0xff,0xff,0xff,0xff,
0xff,0xff,0xff,0xff,0xff,0xff,0xff,0xff,0xff,0xff,0xff,0x00,0x00,0x00,0x00,0x00,0x00,0x00,0x00,0x00,0x00,0xff,0xff,0xff,0xff,0xff,0xff,0xff,0xff,0xff,0xff,0xff,
0xff,0xff,0xff,0xff,0xff,0xff,0xff,0xff,0xff,0xff,0xff,0xff,0xff,0xff,0xff,0xff,0xff,0xff,0xff,0xff,0xff,0xff,0xff,0xff,0xff,0xff,0xff,0xff,0xff,0xff,0xff,0xff,
0xff,0xff,0xff,0xff,0xff,0xff,0xff,0xff,0xff,0xff,0xff,0xff,0xff,0xff,0xff,0xff,0xff,0xff,0xff,0xff,0xff,0xff,0xff,0xff,0xff,0xff,0xff,0xff,0xff,0xff,0xff,0xff,
0xff,0xff,0xff,0xff,0xff,0xff,0xff,0xff,0xff,0xff,0xff,0xff,0xff,0xff,0xff,0xff,0xff,0xff,0xff,0xff,0xff,0xff,0xff,0xff,0xff,0xff,0xff,0xff,0xff,0xff,0xff,0xff,
0xff,0xff,0xff,0x00,0x00,0x00,0x00,0x00,0x00,0x00,0x00,0x00,0x00,0xff,0xff,0xff,0xff,0xff,0xff,0xff,0xff,0xff,0xff,0xff,0xff,0xff,0xff,0xff,0xff,0xff,0xff,0xff,
0xff,0xff,0xff,0xff,0xff,0xff,0xff,0xff,0xff,0xff,0xff,0xff,0xff,0xff,0xff,0xff,0xff,0xff,0xff,0xff,0xff,0xff,0xff,0xff,0xff,0xff,0xff,0xff,0xff,0xff,0xff,0xff,
0xff,0xff,0xff,0xff,0xff,0xff,0xff,0xff,0xff,0xff,0xff,0xff,0xff,0xff,0xff,0xff,0xff,0xff,0xff,0xff,0xff,0xff,0xff,0xff,0xff,0xff,0xff,0xff,0xff,0xff,0xff,0xff,
0xff,0xff,0xff,0xff,0xff,0xff,0xff,0xff,0xff,0xff,0xff,0xff,0xff,0xff,0xff,0xff,0xff,0xff,0xff,0xff,0xff,0xff,0xff,0xff,0xff,0xff,0xff,0x00,0x00,0x00,0x00,0x00,
0x00,0x00,0x00,0x00,0x00,0xff,0xff,0xff,0xff,0xff,0xff,0xff,0xff,0xff,0xff,0xff,0xff,0xff,0xff,0xff,0xff,0xff,0xff,0xff,0xff,0xff,0xff,0xff,0xff,0xff,0xff,0xff,
0xff,0xff,0xff,0xff,0xff,0xff,0xff,0xff,0xff,0xff,0xff,0xff,0xff,0xff,0xff,0xff,0xff,0xff,0xff,0xff,0xff,0xff,0xff,0xff,0xff,0xff,0xff,0xff,0xff,0xff,0xff,0xff,
0xff,0xff,0xff,0xff,0xff,0xff,0xff,0xff,0xff,0xff,0xff,0xff,0xff,0xff,0xff,0xff,0xff,0xff,0xff,0xff,0xff,0xff,0xff,0xff,0xff,0xff,0xff,0xff,0xff,0xff,0xff,0xff,
0xff,0xff,0xff,0xff,0xff,0xff,0xff,0xff,0xff,0xff,0xff,0xff,0xff,0xff,0xff,0xff,0xff,0xff,0xff,0x00,0x00,0x00,0x00,0x00,0x00,0x00,0x00,0x00,0x00,0xff,0xff,0xff,
0xff,0xff,0xff,0xff,0xff,0xff,0xff,0xff,0xff,0xff,0xff,0xff,0xff,0xff,0xff,0xff,0xff,0xff,0xff,0xff,0xff,0xff,0xff,0xff,0xff,0xff,0xff,0xff,0xff,0xff,0xff,0xff,
0xff,0xff,0xff,0xff,0xff,0xff,0xff,0xff,0xff,0xff,0xff,0xff,0xff,0xff,0xff,0xff,0xff,0xff,0xff,0xff,0xff,0xff,0xff,0xff,0xff,0xff,0xff,0xff,0xff,0xff,0xff,0xff,
0xff,0xff,0xff,0xff,0xff,0xff,0xff,0xff,0xff,0xff,0xff,0xff,0xff,0xff,0xff,0xff,0xff,0xff,0xff,0xff,0xff,0xff,0xff,0xff,0xff,0xff,0xff,0xff,0xff,0xff,0xff,0xff,
0xff,0xff,0xff,0xff,0xff,0xff,0xff,0xff,0xff,0xff,0xff,0x00,0x00,0x00,0x00,0x00,0x00,0x00,0x00,0x00,0x00,0xff,0xff,0xff,0xff,0xff,0xff,0xff,0xff,0xff,0xff,0xff,
0xff,0xff,0xff,0xff,0xff,0xff,0xff,0xff,0xff,0xff,0xff,0xff,0xff,0xff,0xff,0xff,0xff,0xff,0xff,0xff,0xff,0xff,0xff,0xff,0xff,0xff,0xff,0xff,0xff,0xff,0xff,0xff,
0xff,0xff,0xff,0xff,0xff,0xff,0xff,0xff,0xff,0xff,0xff,0xff,0xff,0xff,0xff,0xff,0xff,0xff,0xff,0xff,0xff,0xff,0xff,0xff,0xff,0xff,0xff,0xff,0xff,0xff,0xff,0xff,
0xff,0xff,0xff,0xff,0xff,0xff,0xff,0xff,0xff,0xff,0xff,0xff,0xff,0xff,0xff,0xff,0xff,0xff,0xff,0xff,0xff,0xff,0xff,0xff,0xff,0xff,0xff,0xff,0xff,0xff,0xff,0xff,
0xff,0xff,0xff,0x00,0x00,0x00,0x00,0x00,0x00,0x00,0x00,0x00,0x00,0xff,0xff,0xff,0xff,0xff,0xff,0xff,0xff,0xff,0xff,0xff,0xff,0xff,0xff,0xff,0xff,0xff,0xff,0xff,
0xff,0xff,0xff,0xff,0xff,0xff,0xff,0xff,0xff,0xff,0xff,0xff,0xff,0xff,0xff,0xff,0xff,0xff,0xff,0xff,0xff,0xff,0xff,0xff,0xff,0xff,0xff,0xff,0xff,0xff,0xff,0xff,
0xff,0xff,0xff,0xff,0xff,0xff,0xff,0xff,0xff,0xff,0xff,0xff,0xff,0xff,0xff,0xff,0xff,0xff,0xff,0xff,0xff,0xff,0xff,0xff,0xff,0xff,0xff,0xff,0xff,0xff,0xff,0xff,
0xff,0xff,0xff,0xff,0xff,0xff,0xff,0xff,0xff,0xff,0xff,0xff,0xff,0xff,0xff,0xff,0xff,0xff,0xff,0xff,0xff,0xff,0xff,0xff,0xff,0xff,0xff,0x00,0x00,0x00,0x00,0x00,
0x00,0x00,0x00,0x00,0x00,0xff,0xff,0xff,0xff,0xff,0xff,0xff,0xff,0xff,0xff,0xff,0xff,0xff,0xff,0xff,0xff,0xff,0xff,0xff,0xff,0xff,0xff,0xff,0xff,0xff,0xff,0xff,
0xff,0xff,0xff,0xff,0xff,0xff,0xff,0xff,0xff,0xff,0xff,0xff,0xff,0xff,0xff,0xff,0xff,0xff,0xff,0xff,0xff,0xff,0xff,0xff,0xff,0xff,0xff,0xff,0xff,0xff,0xff,0xff,
0xff,0xff,0xff,0xff,0xff,0xff,0xff,0xff,0xff,0xff,0xff,0xff,0xff,0xff,0xff,0xff,0xff,0xff,0xff,0xff,0xff,0xff,0xff,0xff,0xff,0xff,0xff,0xff,0xff,0xff,0xff,0xff,
0xff,0xff,0xff,0xff,0xff,0xff,0xff,0xff,0xff,0xff,0xff,0xff,0xff,0xff,0xff,0xff,0xff,0xff,0xff,0x00,0x00,0x00,0x00,0x00,0x00,0x00,0x00,0x00,0x00,0xff,0xff,0xff,
0xff,0xff,0xff,0xff,0xff,0xff,0xff,0xff,0xff,0xff,0xff,0xff,0xff,0xff,0xff,0xff,0xff,0xff,0xff,0xff,0xff,0xff,0xff,0xff,0xff,0xff,0xff,0xff,0xff,0xff,0xff,0xff,
0xff,0xff,0xff,0xff,0xff,0xff,0xff,0xff,0xff,0xff,0xff,0xff,0xff,0xff,0xff,0xff,0xff,0xff,0xff,0xff,0xff,0xff,0xff,0xff,0xff,0xff,0xff,0xff,0xff,0xff,0xff,0xff,
0xff,0xff,0xff,0xff,0xff,0xff,0xff,0xff,0xff,0xff,0xff,0xff,0xff,0xff,0xff,0xff,0xff,0xff,0xff,0xff,0xff,0xff,0xff,0xff,0xff,0xff,0xff,0xff,0xff,0xff,0xff,0xff,
0xff,0xff,0xff,0xff,0xff,0xff,0xff,0xff,0xff,0xff,0xff,0x00,0x00,0x00,0x00,0x00,0x00,0x00,0x00,0x00,0x00,0xff,0xff,0xff,0xff,0xff,0xff,0xff,0xff,0xff,0xff,0xff,
0xff,0xff,0xff,0xff,0xff,0xff,0xff,0xff,0xff,0xff,0xff,0xff,0xff,0xff,0xff,0xff,0xff,0xff,0xff,0xff,0xff,0xff,0xff,0xff,0xff,0xff,0xff,0xff,0xff,0xff,0xff,0xff,
0xff,0xff,0xff,0xff,0xff,0xff,0xff,0xff,0xff,0xff,0xff,0xff,0xff,0xff,0xff,0xff,0xff,0xff,0xff,0xff,0xff,0xff,0xff,0xff,0xff,0xff,0xff,0xff,0xff,0xff,0xff,0xff,
0xff,0xff,0xff,0xff,0xff,0xff,0xff,0xff,0xff,0xff,0xff,0xff,0xff,0xff,0xff,0xff,0xff,0xff,0xff,0xff,0xff,0xff,0xff,0xff,0xff,0xff,0xff,0xff,0xff,0xff,0xff,0xff,
0xff,0xff,0xff,0x00,0x00,0x00,0x00,0x00,0x00,0x00,0x00,0x00,0x00,0xff,0xff,0xff,0xff,0xff,0xff,0xff,0xff,0xff,0xff,0xff,0xff,0xff,0xff,0xff,0xff,0xff,0xff,0xff,
0xff,0xff,0xff,0xff,0xff,0xff,0xff,0xff,0xff,0xff,0xff,0xff,0xff,0xff,0xff,0xff,0xff,0xff,0xff,0xff,0xff,0xff,0xff,0xff,0xff,0xff,0xff,0xff,0xff,0xff,0xff,0xff,
0xff,0xff,0xff,0xff,0xff,0xff,0xff,0xff,0xff,0xff,0xff,0xff,0xff,0xff,0xff,0xff,0xff,0xff,0xff,0xff,0xff,0xff,0xff,0xff,0xff,0xff,0xff,0xff,0xff,0xff,0xff,0xff,
0xff,0xff,0xff,0xff,0xff,0xff,0xff,0xff,0xff,0xff,0xff,0xff,0xff,0xff,0xff,0xff,0xff,0xff,0xff,0xff,0xff,0xff,0xff,0xff,0xff,0xff,0xff,0x00,0x00,0x00,0x00,0x00,
0x00,0x00,0x00,0x00,0x00,0xff,0xff,0xff,0xff,0xff,0xff,0xff,0xff,0xff,0xff,0xff,0xff,0xff,0xff,0xff,0xff,0xff,0xff,0xff,0xff,0xff,0xff,0xff,0xff,0xff,0xff,0xff,
0xff,0xff,0xff,0xff,0xff,0xff,0xff,0xff,0xff,0xff,0xff,0xff,0xff,0xff,0xff,0xff,0xff,0xff,0xff,0xff,0xff,0xff,0xff,0xff,0xff,0xff,0xff,0xff,0xff,0xff,0xff,0xff,
0xff,0xff,0xff,0xff,0xff,0xff,0xff,0xff,0xff,0xff,0xff,0xff,0xff,0xff,0xff,0xff,0xff,0xff,0xff,0xff,0xff,0xff,0xff,0xff,0xff,0xff,0xff,0xff,0xff,0xff,0xff,0xff,
0xff,0xff,0xff,0xff,0xff,0xff,0xff,0xff,0xff,0xff,0xff,0xff,0xff,0xff,0xff,0xff,0xff,0xff,0xff,0x00,0x00,0x00,0x00,0x00,0x00,0x00,0x00,0x00,0x00,0xff,0xff,0xff,
0xff,0xff,0xff,0xff,0xff,0xff,0xff,0xff,0xff,0xff,0xff,0xff,0xff,0xff,0xff,0xff,0xff,0xff,0xff,0xff,0xff,0xff,0xff,0xff,0xff,0xff,0xff,0xff,0xff,0xff,0xff,0xff,
0xff,0xff,0xff,0xff,0xff,0xff,0xff,0xff,0xff,0xff,0xff,0xff,0xff,0xff,0xff,0xff,0xff,0xff,0xff,0xff,0xff,0xff,0xff,0xff,0xff,0xff,0xff,0xff,0xff,0xff,0xff,0xff,
0xff,0xff,0xff,0xff,0xff,0xff,0xff,0xff,0xff,0xff,0xff,0xff,0xff,0xff,0xff,0xff,0xff,0xff,0xff,0xff,0xff,0xff,0xff,0xff,0xff,0xff,0xff,0xff,0xff,0xff,0xff,0xff,
0xff,0xff,0xff,0xff,0xff,0xff,0xff,0xff,0xff,0xff,0xff,0x00,0x00,0x00,0x00,0x00,0x00,0x00,0x00,0x00,0x00,0xff,0xff,0xff,0xff,0xff,0xff,0xff,0xff,0xff,0xff,0xff,
0xff,0xff,0xff,0xff,0xff,0xff,0xff,0xff,0xff,0xff,0xff,0xff,0xff,0xff,0xff,0xff,0xff,0xff,0xff,0xff,0xff,0xff,0xff,0xff,0xff,0xff,0xff,0xff,0xff,0xff,0xff,0xff,
0xff,0xff,0xff,0xff,0xff,0xff,0xff,0xff,0xff,0xff,0xff,0xff,0xff,0xff,0xff,0xff,0xff,0xff,0xff,0xff,0xff,0xff,0xff,0xff,0xff,0xff,0xff,0xff,0xff,0xff,0xff,0xff,
0xff,0xff,0xff,0xff,0xff,0xff,0xff,0xff,0xff,0xff,0xff,0xff,0xff,0xff,0xff,0xff,0xff,0xff,0xff,0xff,0xff,0xff,0xff,0xff,0xff,0xff,0xff,0xff,0xff,0xff,0xff,0xff,
0xff,0xff,0xff,0x00,0x00,0x00,0x00,0x00,0x00,0x00,0x00,0x00,0x00,0xff,0xff,0xff,0xff,0xff,0xff,0xff,0xff,0xff,0xff,0xff,0xff,0xff,0xff,0xff,0xff,0xff,0xff,0xff,
0xff,0xff,0xff,0xff,0xff,0xff,0xff,0xff,0xff,0xff,0xff,0xff,0xff,0xff,0xff,0xff,0xff,0xff,0xff,0xff,0xff,0xff,0xff,0xff,0xff,0xff,0xff,0xff,0xff,0xff,0xff,0xff,
0xff,0xff,0xff,0xff,0xff,0xff,0xff,0xff,0xff,0xff,0xff,0xff,0xff,0xff,0xff,0xff,0xff,0xff,0xff,0xff,0xff,0xff,0xff,0xff,0xff,0xff,0xff,0xff,0xff,0xff,0xff,0xff,
0xff,0xff,0xff,0xff,0xff,0xff,0xff,0xff,0xff,0xff,0xff,0xff,0xff,0xff,0xff,0xff,0xff,0xff,0xff,0xff,0xff,0xff,0xff,0xff,0xff,0xff,0xff,0x00,0x00,0x00,0x00,0x00,
0x00,0x00,0x00,0x00,0x00,0xff,0xff,0xff,0xff,0xff,0xff,0xff,0xff,0xff,0xff,0xff,0xff,0xff,0xff,0xff,0xff,0xff,0xff,0xff,0xff,0xff,0xff,0xff,0xff,0xff,0xff,0xff,
0xff,0xff,0xff,0xff,0xff,0xff,0xff,0xff,0xff,0xff,0xff,0xff,0xff,0xff,0xff,0xff,0xff,0xff,0xff,0xff,0xff,0xff,0xff,0xff,0xff,0xff,0xff,0xff,0xff,0xff,0xff,0xff,
0xff,0xff,0xff,0xff,0xff,0xff,0xff,0xff,0xff,0xff,0xff,0xff,0xff,0xff,0xff,0xff,0xff,0xff,0xff,0xff,0xff,0xff,0xff,0xff,0xff,0xff,0xff,0xff,0xff,0xff,0xff,0xff,
0xff,0xff,0xff,0xff,0xff,0xff,0xff,0xff,0xff,0xff,0xff,0xff,0xff,0xff,0xff,0xff,0xff,0xff,0xff,0x00,0x00,0x00,0x00,0x00,0x00,0x00,0x00,0x00,0x00,0xfc,0xff,0xff,
0xff,0xff,0xff,0xff,0xff,0xff,0xff,0xff,0xff,0xff,0xff,0xff,0xff,0xff,0xff,0xff,0xff,0xff,0xff,0xff,0xff,0xff,0xff,0xff,0xff,0xff,0xff,0xff,0xff,0xff,0xff,0xff,
0xff,0xff,0xff,0xff,0xff,0xff,0xff,0xff,0xff,0xff,0xff,0xff,0xff,0xff,0xff,0xff,0xff,0xff,0xff,0xff,0xff,0xff,0xff,0xff,0xff,0xff,0xff,0xff,0xff,0xff,0xff,0xff,
0xff,0xff,0xff,0xff,0xff,0xff,0xff,0xff,0xff,0xff,0xff,0xff,0xff,0xff,0xff,0xff,0xff,0xff,0xff,0xff,0xff,0xff,0xff,0xff,0xff,0xff,0xff,0xff,0xff,0xff,0xff,0xff,
0xff,0xff,0xff,0xff,0xff,0xff,0xff,0xff,0xff,0xff,0xfc,0x00,0x00,0x00,0x00,0x00,0x00,0x00,0x00,0x00,0x00,0xe6,0xff,0xff,0xff,0xff,0xff,0xff,0xff,0xff,0xff,0xff,
0xff,0xff,0xff,0xff,0xff,0xff,0xff,0xff,0xff,0xff,0xff,0xff,0xff,0xff,0xff,0xff,0xff,0xff,0xff,0xff,0xff,0xff,0xff,0xff,0xff,0xff,0xff,0xff,0xff,0xff,0xff,0xff,
0xff,0xff,0xff,0xff,0xff,0xff,0xff,0xff,0xff,0xff,0xff,0xff,0xff,0xff,0xff,0xff,0xff,0xff,0xff,0xff,0xff,0xff,0xff,0xff,0xff,0xff,0xff,0xff,0xff,0xff,0xff,0xff,
0xff,0xff,0xff,0xff,0xff,0xff,0xff,0xff,0xff,0xff,0xff,0xff,0xff,0xff,0xff,0xff,0xff,0xff,0xff,0xff,0xff,0xff,0xff,0xff,0xff,0xff,0xff,0xff,0xff,0xff,0xff,0xff,
0xff,0xff,0xe4,0x00,0x00,0x00,0x00,0x00,0x00,0x00,0x00,0x00,0x00,0xcc,0xff,0xff,0xff,0xff,0xff,0xff,0xff,0xff,0xff,0xff,0xff,0xff,0xff,0xff,0xff,0xff,0xff,0xff,
0xff,0xff,0xff,0xff,0xff,0xff,0xff,0xff,0xff,0xff,0xff,0xff,0xff,0xff,0xff,0xff,0xff,0xff,0xff,0xff,0xff,0xff,0xff,0xff,0xff,0xff,0xff,0xff,0xff,0xff,0xff,0xff,
0xff,0xff,0xff,0xff,0xff,0xff,0xff,0xff,0xff,0xff,0xff,0xff,0xff,0xff,0xff,0xff,0xff,0xff,0xff,0xff,0xff,0xff,0xff,0xff,0xff,0xff,0xff,0xff,0xff,0xff,0xff,0xff,
0xff,0xff,0xff,0xff,0xff,0xff,0xff,0xff,0xff,0xff,0xff,0xff,0xff,0xff,0xff,0xff,0xff,0xff,0xff,0xff,0xff,0xff,0xff,0xff,0xff,0xff,0xca,0x00,0x00,0x00,0x00,0x00,
0x00,0x00,0x00,0x00,0x00,0x98,0xff,0xff,0xff,0xff,0xff,0xff,0xff,0xff,0xff,0xff,0xff,0xff,0xff,0xff,0xff,0xff,0xff,0xff,0xff,0xff,0xff,0xff,0xff,0xff,0xff,0xff,
0xff,0xff,0xff,0xff,0xff,0xff,0xff,0xff,0xff,0xff,0xff,0xff,0xff,0xff,0xff,0xff,0xff,0xff,0xff,0xff,0xff,0xff,0xff,0xff,0xff,0xff,0xff,0xff,0xff,0xff,0xff,0xff,
0xff,0xff,0xff,0xff,0xff,0xff,0xff,0xff,0xff,0xff,0xff,0xff,0xff,0xff,0xff,0xff,0xff,0xff,0xff,0xff,0xff,0xff,0xff,0xff,0xff,0xff,0xff,0xff,0xff,0xff,0xff,0xff,
0xff,0xff,0xff,0xff,0xff,0xff,0xff,0xff,0xff,0xff,0xff,0xff,0xff,0xff,0xff,0xff,0xff,0xff,0x95,0x00,0x00,0x00,0x00,0x00,0x00,0x00,0x00,0x00,0x00,0x49,0xff,0xff,
0xff,0xff,0xff,0xff,0xff,0xff,0xff,0xff,0xff,0xff,0xff,0xff,0xff,0xff,0xff,0xff,0xff,0xff,0xff,0xff,0xff,0xff,0xff,0xff,0xff,0xff,0xff,0xff,0xff,0xff,0xff,0xff,
0xff,0xff,0xff,0xff,0xff,0xff,0xff,0xff,0xff,0xff,0xff,0xff,0xff,0xff,0xff,0xff,0xff,0xff,0xff,0xff,0xff,0xff,0xff,0xff,0xff,0xff,0xff,0xff,0xff,0xff,0xff,0xff,
0xff,0xff,0xff,0xff,0xff,0xff,0xff,0xff,0xff,0xff,0xff,0xff,0xff,0xff,0xff,0xff,0xff,0xff,0xff,0xff,0xff,0xff,0xff,0xff,0xff,0xff,0xff,0xff,0xff,0xff,0xff,0xff,
0xff,0xff,0xff,0xff,0xff,0xff,0xff,0xff,0xff,0xff,0x46,0x00,0x00,0x00,0x00,0x00,0x00,0x00,0x00,0x00,0x00,0x07,0xe6,0xff,0xff,0xff,0xff,0xff,0xff,0xff,0xff,0xff,
0xff,0xff,0xff,0xff,0xff,0xff,0xff,0xff,0xff,0xff,0xff,0xff,0xff,0xff,0xff,0xff,0xff,0xff,0xff,0xff,0xff,0xff,0xff,0xff,0xff,0xff,0xff,0xff,0xff,0xff,0xff,0xff,
0xff,0xff,0xff,0xff,0xff,0xff,0xff,0xff,0xff,0xff,0xff,0xff,0xff,0xff,0xff,0xff,0xff,0xff,0xff,0xff,0xff,0xff,0xff,0xff,0xff,0xff,0xff,0xff,0xff,0xff,0xff,0xff,
0xff,0xff,0xff,0xff,0xff,0xff,0xff,0xff,0xff,0xff,0xff,0xff,0xff,0xff,0xff,0xff,0xff,0xff,0xff,0xff,0xff,0xff,0xff,0xff,0xff,0xff,0xff,0xff,0xff,0xff,0xff,0xff,
0xff,0xe5,0x06,0x00,0x00,0x00,0x00,0x00,0x00,0x00,0x00,0x00,0x00,0x00,0x66,0xff,0xff,0xff,0xff,0xff,0xff,0xff,0xff,0xff,0xff,0xff,0xff,0xff,0xff,0xff,0xff,0xff,
0xff,0xff,0xff,0xff,0xff,0xff,0xff,0xff,0xff,0xff,0xff,0xff,0xff,0xff,0xff,0xff,0xff,0xff,0xff,0xff,0xff,0xff,0xff,0xff,0xff,0xff,0xff,0xff,0xff,0xff,0xff,0xff,
0xff,0xff,0xff,0xff,0xff,0xff,0xff,0xff,0xff,0xff,0xff,0xff,0xff,0xff,0xff,0xff,0xff,0xff,0xff,0xff,0xff,0xff,0xff,0xff,0xff,0xff,0xff,0xff,0xff,0xff,0xff,0xff,
0xff,0xff,0xff,0xff,0xff,0xff,0xff,0xff,0xff,0xff,0xff,0xff,0xff,0xff,0xff,0xff,0xff,0xff,0xff,0xff,0xff,0xff,0xff,0xff,0xff,0x63,0x00,0x00,0x00,0x00,0x00,0x00,
0x00,0x00,0x00,0x00,0x00,0x00,0x04,0xcd,0xff,0xff,0xff,0xff,0xff,0xff,0xff,0xff,0xff,0xff,0xff,0xff,0xff,0xff,0xff,0xff,0xff,0xff,0xff,0xff,0xff,0xff,0xff,0xff,
0xff,0xff,0xff,0xff,0xff,0xff,0xff,0xff,0xff,0xff,0xff,0xff,0xff,0xff,0xff,0xff,0xff,0xff,0xff,0xff,0xff,0xff,0xff,0xff,0xff,0xff,0xff,0xff,0xff,0xff,0xff,0xff,
0xff,0xff,0xff,0xff,0xff,0xff,0xff,0xff,0xff,0xff,0xff,0xff,0xff,0xff,0xff,0xff,0xff,0xff,0xff,0xff,0xff,0xff,0xff,0xff,0xff,0xff,0xff,0xff,0xff,0xff,0xff,0xff,
0xff,0xff,0xff,0xff,0xff,0xff,0xff,0xff,0xff,0xff,0xff,0xff,0xff,0xff,0xff,0xff,0xcc,0x03,0x00,0x00,0x00,0x00,0x00,0x00,0x00,0x00,0x00,0x00,0x00,0x00,0x00,0x1e,
0xe8,0xff,0xff,0xff,0xff,0xff,0xff,0xff,0xff,0xff,0xff,0xff,0xff,0xff,0xff,0xff,0xff,0xff,0xff,0xff,0xff,0xff,0xff,0xff,0xff,0xff,0xff,0xff,0xff,0xff,0xff,0xff,
0xff,0xff,0xff,0xff,0xff,0xff,0xff,0xff,0xff,0xff,0xff,0xff,0xff,0xff,0xff,0xff,0xff,0xff,0xff,0xff,0xff,0xff,0xff,0xff,0xff,0xff,0xff,0xff,0xff,0xff,0xff,0xff,
0xff,0xff,0xff,0xff,0xff,0xff,0xff,0xff,0xff,0xff,0xff,0xff,0xff,0xff,0xff,0xff,0xff,0xff,0xff,0xff,0xff,0xff,0xff,0xff,0xff,0xff,0xff,0xff,0xff,0xff,0xff,0xff,
0xff,0xff,0xff,0xff,0xff,0xff,0xff,0xe8,0x1d,0x00,0x00,0x00,0x00,0x00,0x00,0x00,0x00,0x00,0x00,0x00,0x00,0x00,0x00,0x00,0x35,0xe8,0xff,0xff,0xff,0xff,0xff,0xff,
0xff,0xff,0xff,0xff,0xff,0xff,0xff,0xff,0xff,0xff,0xff,0xff,0xff,0xff,0xff,0xff,0xff,0xff,0xff,0xff,0xff,0xff,0xff,0xff,0xff,0xff,0xff,0xff,0xff,0xff,0xff,0xff,
0xff,0xff,0xff,0xff,0xff,0xff,0xff,0xff,0xff,0xff,0xff,0xff,0xff,0xff,0xff,0xff,0xff,0xff,0xff,0xff,0xff,0xff,0xff,0xff,0xff,0xff,0xff,0xff,0xff,0xff,0xff,0xff,
0xff,0xff,0xff,0xff,0xff,0xff,0xff,0xff,0xff,0xff,0xff,0xff,0xff,0xff,0xff,0xff,0xff,0xff,0xff,0xff,0xff,0xff,0xff,0xff,0xff,0xff,0xff,0xff,0xff,0xff,0xe8,0x35,
0x00,0x00,0x00,0x00,0x00,0x00,0x00,0x00,0x00,0x00,0x00,0x00,0x00,0x00,0x00,0x00,0x00,0x1e,0xce,0xff,0xff,0xff,0xff,0xff,0xff,0xff,0xff,0xff,0xff,0xff,0xff,0xff,
0xff,0xff,0xff,0xff,0xff,0xff,0xff,0xff,0xff,0xff,0xff,0xff,0xff,0xff,0xff,0xff,0xff,0xff,0xff,0xff,0xff,0xff,0xff,0xff,0xff,0xff,0xff,0xff,0xff,0xff,0xff,0xff,
0xff,0xff,0xff,0xff,0xff,0xff,0xff,0xff,0xff,0xff,0xff,0xff,0xff,0xff,0xff,0xff,0xff,0xff,0xff,0xff,0xff,0xff,0xff,0xff,0xff,0xff,0xff,0xff,0xff,0xff,0xff,0xff,
0xff,0xff,0xff,0xff,0xff,0xff,0xff,0xff,0xff,0xff,0xff,0xff,0xff,0xff,0xff,0xff,0xff,0xff,0xff,0xff,0xff,0xcc,0x1d,0x00,0x00,0x00,0x00,0x00,0x00,0x00,0x00,0x00,
0x00,0x00,0x00,0x00,0x00,0x00,0x00,0x00,0x00,0x00,0x02,0x5e,0xe5,0xff,0xff,0xff,0xff,0xff,0xff,0xff,0xff,0xff,0xff,0xff,0xff,0xff,0xff,0xff,0xff,0xff,0xff,0xff,
0xff,0xff,0xff,0xff,0xff,0xff,0xff,0xff,0xff,0xff,0xff,0xff,0xff,0xff,0xff,0xff,0xff,0xff,0xff,0xff,0xff,0xff,0xff,0xff,0xff,0xff,0xff,0xff,0xff,0xff,0xff,0xff,
0xff,0xff,0xff,0xff,0xff,0xff,0xff,0xff,0xff,0xff,0xff,0xff,0xff,0xff,0xff,0xff,0xff,0xff,0xff,0xff,0xff,0xff,0xff,0xff,0xff,0xff,0xff,0xff,0xff,0xff,0xff,0xff,
0xff,0xff,0xff,0xff,0xff,0xff,0xff,0xff,0xff,0xff,0xff,0xe5,0x66,0x04,0x00,0x00,0x00,0x00,0x00,0x00,0x00,0x00,0x00,0x00,0x00,0x00,0x00,0x00,0x00,0x00,0x00,0x00,
0x00,0x00,0x00,0x00,0x06,0x48,0x98,0xcb,0xe5,0xfc,0xff,0xff,0xff,0xff,0xff,0xff,0xff,0xff,0xff,0xff,0xff,0xff,0xff,0xff,0xff,0xff,0xff,0xff,0xff,0xff,0xff,0xff,
0xff,0xff,0xff,0xff,0xff,0xff,0xff,0xff,0xff,0xff,0xff,0xff,0xff,0xff,0xff,0xff,0xff,0xff,0xff,0xff,0xff,0xff,0xff,0xff,0xff,0xff,0xff,0xff,0xff,0xff,0xff,0xff,
0xff,0xff,0xff,0xff,0xff,0xff,0xff,0xff,0xff,0xff,0xff,0xff,0xff,0xff,0xff,0xff,0xff,0xff,0xff,0xff,0xff,0xff,0xff,0xff,0xff,0xff,0xff,0xff,0xff,0xff,0xfc,0xe5,
0xca,0x97,0x47,0x06,0x00,0x00,0x00,0x00,0x00,0x00,0x00,0x00,0x00,0x00,0x00,0x00,0x00,0x00,0x00,0x00,0x00,0x00,0x00,0x00,0x00,0x00,0x00,0x00,0x00,0x00,0x00,0x00,
0x00,0x00,0x00,0x00,0x00,0x00,0x00,0x00,0x00,0x00,0x00,0x00,0x00,0x00,0x00,0x00,0x00,0x00,0x00,0x00,0x00,0x00,0x00,0x00,0x00,0x00,0x00,0x00,0x00,0x00,0x00,0xab,
0xff,0xff,0xff,0xff,0xff,0xff,0xff,0xff,0xff,0xff,0xff,0xff,0xff,0xff,0xff,0xff,0xff,0xff,0xff,0xff,0xff,0xff,0xff,0xff,0xaa,0x00,0x00,0x00,0x00,0x00,0x00,0x00,
0x00,0x00,0x00,0x00,0x00,0x00,0x00,0x00,0x00,0x00,0x00,0x00,0x00,0x00,0x00,0x00,0x00,0x00,0x00,0x00,0x00,0x00,0x00,0x00,0x00,0x00,0x00,0x00,0x00,0x00,0x00,0x00,
0x00,0x00,0x00,0x00,0x00,0x00,0x00,0x00,0x00,0x00,0x00,0x00,0x00,0x00,0x00,0x00,0x00,0x00,0x00,0x00,0x00,0x00,0x00,0x00,0x00,0x00,0x00,0x00,0x00,0x00,0x00,0x00,
0x00,0x00,0x00,0x00,0x00,0x00,0x00,0x00,0x00,0x00,0x00,0x00,0x00,0x00,0x00,0x00,0x00,0x00,0x00,0x00,0x00,0x00,0x0a,0xf4,0xff,0xff,0xff,0xff,0xff,0xff,0xff,0xff,
0xff,0xff,0xff,0xff,0xff,0xff,0xff,0xff,0xff,0xff,0xff,0xff,0xff,0xff,0xff,0xff,0xf5,0x0b,0x00,0x00,0x00,0x00,0x00,0x00,0x00,0x00,0x00,0x00,0x00,0x00,0x00,0x00,
0x00,0x00,0x00,0x00,0x00,0x00,0x00,0x00,0x00,0x00,0x00,0x00,0x00,0x00,0x00,0x00,0x00,0x00,0x00,0x00,0x00,0x00,0x00,0x00,0x00,0x00,0x00,0x00,0x00,0x00,0x00,0x00,
0x00,0x00,0x00,0x00,0x00,0x00,0x00,0x00,0x00,0x00,0x00,0x00,0x00,0x00,0x00,0x00,0x00,0x00,0x00,0x00,0x00,0x00,0x00,0x00,0x00,0x00,0x00,0x00,0x00,0x00,0x00,0x00,
0x00,0x00,0x00,0x00,0x00,0x00,0x00,0x00,0x00,0x00,0x00,0x00,0x00,0x00,0x56,0xff,0xff,0xff,0xff,0xff,0xff,0xff,0xff,0xff,0xff,0xff,0xff,0xff,0xff,0xff,0xff,0xff,
0xff,0xff,0xff,0xff,0xff,0xff,0xff,0xff,0xff,0x55,0x00,0x00,0x00,0x00,0x00,0x00,0x00,0x00,0x00,0x00,0x00,0x00,0x00,0x00,0x00,0x00,0x00,0x00,0x00,0x00,0x00,0x00,
0x00,0x00,0x00,0x00,0x00,0x00,0x00,0x00,0x00,0x00,0x00,0x00,0x00,0x00,0x00,0x00,0x00,0x00,0x00,0x00,0x00,0x00,0x00,0x00,0x00,0x00,0x00,0x00,0x00,0x00,0x00,0x00,
0x00,0x00,0x00,0x00,0x00,0x00,0x00,0x00,0x00,0x00,0x00,0x00,0x00,0x00,0x00,0x00,0x00,0x00,0x00,0x00,0x00,0x00,0x00,0x00,0x00,0x00,0x00,0x00,0x00,0x00,0x00,0x00,
0x00,0x00,0x00,0x00,0x00,0x00,0xab,0xff,0xff,0xff,0xff,0xff,0xff,0xff,0xff,0xff,0xff,0xff,0xff,0xff,0xff,0xff,0xff,0xff,0xff,0xff,0xff,0xff,0xff,0xff,0xff,0xff,
0xff,0xaa,0x00,0x00,0x00,0x00,0x00,0x00,0x00,0x00,0x00,0x00,0x00,0x00,0x00,0x00,0x00,0x00,0x00,0x00,0x00,0x00,0x00,0x00,0x00,0x00,0x00,0x00,0x00,0x00,0x00,0x00,
0x00,0x00,0x00,0x00,0x00,0x00,0x00,0x00,0x00,0x00,0x00,0x00,0x00,0x00,0x00,0x00,0x00,0x00,0x00,0x00,0x00,0x00,0x00,0x00,0x00,0x00,0x00,0x00,0x00,0x00,0x00,0x00,
0x00,0x00,0x00,0x00,0x00,0x00,0x00,0x00,0x00,0x00,0x00,0x00,0x00,0x00,0x00,0x00,0x00,0x00,0x00,0x00,0x00,0x00,0x00,0x00,0x00,0x00,0x00,0x00,0x00,0x0a,0xf4,0xff,
0xff,0xff,0xff,0xff,0xff,0xff,0xff,0xff,0xff,0xff,0xff,0xff,0xff,0xff,0xff,0xff,0xff,0xff,0xff,0xff,0xff,0xff,0xff,0xff,0xff,0xf5,0x0b,0x00,0x00,0x00,0x00,0x00,
0x00,0x00,0x00,0x00,0x00,0x00,0x00,0x00,0x00,0x00,0x00,0x00,0x00,0x00,0x00,0x00,0x00,0x00,0x00,0x00,0x00,0x00,0x00,0x00,0x00,0x00,0x00,0x00,0x00,0x00,0x00,0x00,
0x00,0x00,0x00,0x00,0x00,0x00,0x00,0x00,0x00,0x00,0x00,0x00,0x00,0x00,0x00,0x00,0x00,0x00,0x00,0x00,0x00,0x00,0x00,0x00,0x00,0x00,0x00,0x00,0x00,0x00,0x00,0x00,
0x00,0x00,0x00,0x00,0x00,0x00,0x00,0x00,0x00,0x00,0x00,0x00,0x00,0x00,0x00,0x00,0x00,0x00,0x00,0x00,0x00,0x56,0xff,0xff,0xff,0xff,0xff,0xff,0xff,0xff,0xff,0xff,
0xff,0xff,0xff,0xff,0xff,0xff,0xff,0xff,0xff,0xff,0xff,0xff,0xff,0xff,0xff,0xff,0xff,0xff,0x55,0x00,0x00,0x00,0x00,0x00,0x00,0x00,0x00,0x00,0x00,0x00,0x00,0x00,
0x00,0x00,0x00,0x00,0x00,0x00,0x00,0x00,0x00,0x00,0x00,0x00,0x00,0x00,0x00,0x00,0x00,0x00,0x00,0x00,0x00,0x00,0x00,0x00,0x00,0x00,0x00,0x00,0x00,0x00,0x00,0x00,
0x00,0x00,0x00,0x00,0x00,0x00,0x00,0x00,0x00,0x00,0x00,0x00,0x00,0x00,0x00,0x00,0x00,0x00,0x00,0x00,0x00,0x00,0x00,0x00,0x00,0x00,0x00,0x00,0x00,0x00,0x00,0x00,
0x00,0x00,0x00,0x00,0x00,0x00,0x00,0x00,0x00,0x00,0x00,0x00,0x00,0xab,0xff,0xff,0xff,0xff,0xff,0xff,0xff,0xff,0xff,0xff,0xff,0xff,0xff,0xff,0xff,0xff,0xff,0xff,
0xff,0xff,0xff,0xff,0xff,0xff,0xff,0xff,0xff,0xff,0xaa,0x00,0x00,0x00,0x00,0x00,0x00,0x00,0x00,0x00,0x00,0x00,0x00,0x00,0x00,0x00,0x00,0x00,0x00,0x00,0x00,0x00,
0x00,0x00,0x00,0x00,0x00,0x00,0x00,0x00,0x00,0x00,0x00,0x00,0x00,0x00,0x00,0x00,0x00,0x00,0x00,0x00,0x00,0x00,0x00,0x00,0x00,0x00,0x00,0x00,0x00,0x00,0x00,0x00,
0x00,0x00,0x00,0x00,0x00,0x00,0x00,0x00,0x00,0x00,0x00,0x00,0x00,0x00,0x00,0x00,0x00,0x00,0x00,0x00,0x00,0x00,0x00,0x00,0x00,0x00,0x00,0x00,0x00,0x00,0x00,0x00,
0x00,0x00,0x00,0x00,0x0a,0xf4,0xff,0xff,0xff,0xff,0xff,0xff,0xff,0xff,0xff,0xff,0xff,0xff,0xff,0xff,0xff,0xff,0xff,0xff,0xff,0xff,0xff,0xff,0xff,0xff,0xff,0xff,
0xff,0xff,0xf5,0x0b,0x00,0x00,0x00,0x00,0x00,0x00,0x00,0x00,0x00,0x00,0x00,0x00,0x00,0x00,0x00,0x00,0x00,0x00,0x00,0x00,0x00,0x00,0x00,0x00,0x00,0x00,0x00,0x00,
0x00,0x00,0x00,0x00,0x00,0x00,0x00,0x00,0x00,0x00,0x00,0x00,0x00,0x00,0x00,0x00,0x00,0x00,0x00,0x00,0x00,0x00,0x00,0x00,0x00,0x00,0x00,0x00,0x00,0x00,0x00,0x00,
0x00,0x00,0x00,0x00,0x00,0x00,0x00,0x00,0x00,0x00,0x00,0x00,0x00,0x00,0x00,0x00,0x00,0x00,0x00,0x00,0x00,0x00,0x00,0x00,0x00,0x00,0x00,0x00,0x56,0xff,0xff,0xff,
0xff,0xff,0xff,0xff,0xff,0xff,0xff,0xff,0xff,0xff,0xff,0xff,0xff,0xff,0xff,0xff,0xff,0xff,0xff,0xff,0xff,0xff,0xff,0xff,0xff,0xff,0xff,0x55,0x00,0x00,0x00,0x00,
0x00,0x00,0x00,0x00,0x00,0x00,0x00,0x00,0x00,0x00,0x00,0x00,0x00,0x00,0x00,0x00,0x00,0x00,0x00,0x00,0x00,0x00,0x00,0x00,0x00,0x00,0x00,0x00,0x00,0x00,0x00,0x00,
0x00,0x00,0x00,0x00,0x00,0x00,0x00,0x00,0x00,0x00,0x00,0x00,0x00,0x00,0x00,0x00,0x00,0x00,0x00,0x00,0x00,0x00,0x00,0x00,0x00,0x00,0x00,0x00,0x00,0x00,0x00,0x00,
0x00,0x00,0x00,0x00,0x00,0x00,0x00,0x00,0x00,0x00,0x00,0x00,0x00,0x00,0x00,0x00,0x00,0x00,0x00,0x00,0xab,0xff,0xff,0xff,0xff,0xff,0xff,0xff,0xff,0xff,0xff,0xff,
0xff,0xff,0xff,0xff,0xff,0xff,0xff,0xff,0xff,0xff,0xff,0xff,0xff,0xff,0xff,0xff,0xff,0xff,0xff,0xaa,0x00,0x00,0x00,0x00,0x00,0x00,0x00,0x00,0x00,0x00,0x00,0x00,
0x00,0x00,0x00,0x00,0x00,0x00,0x00,0x00,0x00,0x00,0x00,0x00,0x00,0x00,0x00,0x00,0x00,0x00,0x00,0x00,0x00,0x00,0x00,0x00,0x00,0x00,0x00,0x00,0x00,0x00,0x00,0x00,
0x00,0x00,0x00,0x00,0x00,0x00,0x00,0x00,0x00,0x00,0x00,0x00,0x00,0x00,0x00,0x00,0x00,0x00,0x00,0x00,0x00,0x00,0x00,0x00,0x00,0x00,0x00,0x00,0x00,0x00,0x00,0x00,
0x00,0x00,0x00,0x00,0x00,0x00,0x00,0x00,0x00,0x00,0x00,0x0a,0xf4,0xff,0xff,0xff,0xff,0xff,0xff,0xff,0xff,0xff,0xff,0xff,0xff,0xff,0xff,0xff,0xff,0xff,0xff,0xff,
0xff,0xff,0xff,0xff,0xff,0xff,0xff,0xff,0xff,0xff,0xff,0xf5,0x0b,0x00,0x00,0x00,0x00,0x00,0x00,0x00,0x00,0x00,0x00,0x00,0x00,0x00,0x00,0x00,0x00,0x00,0x00,0x00,
0x00,0x00,0x00,0x00,0x00,0x00,0x00,0x00,0x00,0x00,0x00,0x00,0x00,0x00,0x00,0x00,0x00,0x00,0x00,0x00,0x00,0x00,0x00,0x00,0x00,0x00,0x00,0x00,0x00,0x00,0x00,0x00,
0x00,0x00,0x00,0x00,0x00,0x00,0x00,0x00,0x00,0x00,0x00,0x00,0x00,0x00,0x00,0x00,0x00,0x00,0x00,0x00,0x00,0x00,0x00,0x00,0x00,0x00,0x00,0x00,0x00,0x00,0x00,0x00,
0x00,0x00,0x00,0x56,0xff,0xff,0xff,0xff,0xff,0xff,0xff,0xff,0xff,0xff,0xff,0xff,0xff,0xff,0xff,0xff,0xff,0xff,0xff,0xff,0xff,0xff,0xff,0xff,0xff,0xff,0xff,0xff,
0xff,0xff,0xff,0xff,0x55,0x00,0x00,0x00,0x00,0x00,0x00,0x00,0x00,0x00,0x00,0x00,0x00,0x00,0x00,0x00,0x00,0x00,0x00,0x00,0x00,0x00,0x00,0x00,0x00,0x00,0x00,0x00,
0x00,0x00,0x00,0x00,0x00,0x00,0x00,0x00,0x00,0x00,0x00,0x00,0x00,0x00,0x00,0x00,0x00,0x00,0x00,0x00,0x00,0x00,0x00,0x00,0x00,0x00,0x00,0x00,0x00,0x00,0x00,0x00,
0x00,0x00,0x00,0x00,0x00,0x00,0x00,0x00,0x00,0x00,0x00,0x00,0x00,0x00,0x00,0x00,0x00,0x00,0x16,0x68,0x77,0x77,0x77,0x77,0x77,0x77,0x77,0xd2,0xff,0xff,0xff,0xff,
0xff,0xff,0xff,0xff,0xff,0xff,0xff,0xff,0xff,0xff,0xff,0xff,0xff,0xff,0xff,0xff,0xff,0xff,0xff,0xff,0xff,0xff,0xff,0xff,0xff,0xff,0xff,0xff,0xd2,0x77,0x77,0x77,
0x77,0x77,0x77,0x77,0x67,0x15,0x00,0x00,0x00,0x00,0x00,0x00,0x00,0x00,0x00,0x00,0x00,0x00,0x00,0x00,0x00,0x00,0x00,0x00,0x00,0x00,0x00,0x00,0x00,0x00,0x00,0x00,
0x00,0x00,0x00,0x00,0x00,0x00,0x00,0x00,0x00,0x00,0x00,0x00,0x00,0x00,0x00,0x00,0x00,0x00,0x00,0x00,0x00,0x00,0x00,0x00,0x00,0x00,0x00,0x00,0x00,0x00,0x00,0x00,
0x00,0x00,0x00,0x00,0x00,0x00,0x00,0x00,0x00,0x45,0xeb,0xff,0xff,0xff,0xff,0xff,0xff,0xff,0xff,0xff,0xff,0xff,0xff,0xff,0xff,0xff,0xff,0xff,0xff,0xff,0xff,0xff,
0xff,0xff,0xff,0xff,0xff,0xff,0xff,0xff,0xff,0xff,0xff,0xff,0xff,0xff,0xff,0xff,0xff,0xff,0xff,0xff,0xff,0xff,0xff,0xff,0xff,0xff,0xff,0xff,0xff,0xeb,0x45,0x00,
0x00,0x00,0x00,0x00,0x00,0x00,0x00,0x00,0x00,0x00,0x00,0x00,0x00,0x00,0x00,0x00,0x00,0x00,0x00,0x00,0x00,0x00,0x00,0x00,0x00,0x00,0x00,0x00,0x00,0x00,0x00,0x00,
0x00,0x00,0x00,0x00,0x00,0x00,0x00,0x00,0x00,0x00,0x00,0x00,0x00,0x00,0x00,0x00,0x00,0x00,0x00,0x00,0x00,0x00,0x00,0x00,0x00,0x00,0x00,0x00,0x00,0x00,0x00,0x00,
0x16,0xeb,0xff,0xff,0xff,0xff,0xff,0xff,0xff,0xff,0xff,0xff,0xff,0xff,0xff,0xff,0xff,0xff,0xff,0xff,0xff,0xff,0xff,0xff,0xff,0xff,0xff,0xff,0xff,0xff,0xff,0xff,
0xff,0xff,0xff,0xff,0xff,0xff,0xff,0xff,0xff,0xff,0xff,0xff,0xff,0xff,0xff,0xff,0xff,0xff,0xff,0xff,0xff,0xff,0xea,0x15,0x00,0x00,0x00,0x00,0x00,0x00,0x00,0x00,
0x00,0x00,0x00,0x00,0x00,0x00,0x00,0x00,0x00,0x00,0x00,0x00,0x00,0x00,0x00,0x00,0x00,0x00,0x00,0x00,0x00,0x00,0x00,0x00,0x00,0x00,0x00,0x00,0x00,0x00,0x00,0x00,
0x00,0x00,0x00,0x00,0x00,0x00,0x00,0x00,0x00,0x00,0x00,0x00,0x00,0x00,0x00,0x00,0x00,0x00,0x00,0x00,0x00,0x00,0x00,0x00,0x67,0xff,0xff,0xff,0xff,0xff,0xff,0xff,
0xff,0xff,0xff,0xff,0xff,0xff,0xff,0xff,0xff,0xff,0xff,0xff,0xff,0xff,0xff,0xff,0xff,0xff,0xff,0xff,0xff,0xff,0xff,0xff,0xff,0xff,0xff,0xff,0xff,0xff,0xff,0xff,
0xff,0xff,0xff,0xff,0xff,0xff,0xff,0xff,0xff,0xff,0xff,0xff,0xff,0xff,0xff,0x66,0x00,0x00,0x00,0x00,0x00,0x00,0x00,0x00,0x00,0x00,0x00,0x00,0x00,0x00,0x00,0x00,
0x00,0x00,0x00,0x00,0x00,0x00,0x00,0x00,0x00,0x00,0x00,0x00,0x00,0x00,0x00,0x00,0x00,0x00,0x00,0x00,0x00,0x00,0x00,0x00,0x00,0x00,0x00,0x00,0x00,0x00,0x00,0x00,
0x00,0x00,0x00,0x00,0x00,0x00,0x00,0x00,0x00,0x00,0x00,0x00,0x00,0x00,0x00,0x00,0x78,0xff,0xff,0xff,0xff,0xff,0xff,0xff,0xff,0xff,0xff,0xff,0xff,0xff,0xff,0xff,
0xff,0xff,0xff,0xff,0xff,0xff,0xff,0xff,0xff,0xff,0xff,0xff,0xff,0xff,0xff,0xff,0xff,0xff,0xff,0xff,0xff,0xff,0xff,0xff,0xff,0xff,0xff,0xff,0xff,0xff,0xff,0xff,
0xff,0xff,0xff,0xff,0xff,0xff,0xff,0x77,0x00,0x00,0x00,0x00,0x00,0x00,0x00,0x00,0x00,0x00,0x00,0x00,0x00,0x00,0x00,0x00,0x00,0x00,0x00,0x00,0x00,0x00,0x00,0x00,
0x00,0x00,0x00,0x00,0x00,0x00,0x00,0x00,0x00,0x00,0x00,0x00,0x00,0x00,0x00,0x00,0x00,0x00,0x00,0x00,0x00,0x00,0x00,0x00,0x00,0x00,0x00,0x00,0x00,0x00,0x00,0x00,
0x00,0x00,0x00,0x00,0x00,0x00,0x00,0x00,0x42,0xff,0xff,0xff,0xff,0xff,0xff,0xff,0xff,0xff,0xff,0xff,0xff,0xff,0xff,0xff,0xff,0xff,0xff,0xff,0xff,0xff,0xff,0xff,
0xff,0xff,0xff,0xff,0xff,0xff,0xff,0xff,0xff,0xff,0xff,0xff,0xff,0xff,0xff,0xff,0xff,0xff,0xff,0xff,0xff,0xff,0xff,0xff,0xff,0xff,0xff,0xff,0xff,0xff,0xff,0x40,
0x00,0x00,0x00,0x00,0x00,0x00,0x00,0x00,0x00,0x00,0x00,0x00,0x00,0x00,0x00,0x00,0x00,0x00,0x00,0x00,0x00,0x00,0x00,0x00,0x00,0x00,0x00,0x00,0x00,0x00,0x00,0x00,
0x00,0x00,0x00,0x00,0x00,0x00,0x00,0x00,0x00,0x00,0x00,0x00,0x00,0x00,0x00,0x00,0x00,0x00,0x00,0x00,0x00,0x00,0x00,0x00,0x00,0x00,0x00,0x00,0x00,0x00,0x00,0x00,
0x00,0xab,0xff,0xff,0xff,0xff,0xff,0xff,0xff,0xff,0xff,0xff,0xff,0xff,0xff,0xff,0xff,0xff,0xff,0xff,0xff,0xff,0xff,0xff,0xff,0xff,0xff,0xff,0xff,0xff,0xff,0xff,
0xff,0xff,0xff,0xff,0xff,0xff,0xff,0xff,0xff,0xff,0xff,0xff,0xff,0xff,0xff,0xff,0xff,0xff,0xff,0xff,0xff,0xff,0xa9,0x00,0x00,0x00,0x00,0x00,0x00,0x00,0x00,0x00,
0x00,0x00,0x00,0x00,0x00,0x00,0x00,0x00,0x00,0x00,0x00,0x00,0x00,0x00,0x00,0x00,0x00,0x00,0x00,0x00,0x00,0x00,0x00,0x00,0x00,0x00,0x00,0x00,0x00,0x00,0x00,0x00,
0x00,0x00,0x00,0x00,0x00,0x00,0x00,0x00,0x00,0x00,0x00,0x00,0x00,0x00,0x00,0x00,0x00,0x00,0x00,0x00,0x00,0x00,0x00,0x00,0x00,0x05,0x7f,0xe5,0xff,0xff,0xff,0xff,
0xff,0xff,0xff,0xff,0xff,0xff,0xff,0xff,0xff,0xff,0xff,0xff,0xff,0xff,0xff,0xff,0xff,0xff,0xff,0xff,0xff,0xff,0xff,0xff,0xff,0xff,0xff,0xff,0xff,0xff,0xff,0xff,
0xff,0xff,0xff,0xff,0xff,0xff,0xff,0xff,0xff,0xff,0xff,0xff,0xe4,0x7f,0x05,0x00,0x00,0x00,0x00,0x00,0x00,0x00,0x00,0x00,0x00,0x00,0x00,0x00,0x00,0x00,0x00,0x00,
0x00,0x00,0x00,0x00,0x00,0x00,0x00,0x00,0x00,0x00,0x00,0x00,0x00,0x00,0x00,0x00,0x00,0x00,0x00,0x00,0x00,0x00,0x00,0x00,0x00,0x00,0x00,0x00,0x00,0x00,0x00,0x00,
0x00,0x00,0x00,0x00,0x00,0x00,0x00,0x00,0x00,0x00,0x00,0x00,0x00,0x00,0x00,0x00,0x00,0x00,0x00,0x00,0x00,0x00,0x00,0x00,0x00,0x00,0x00,0x00,0x00,0x00,0x00,0x00,
0x00,0x00,0x00,0x00,0x00,0x00,0x00,0x00,0x00,0x00,0x00,0x00,0x00,0x00,0x00,0x00,0x00,0x00,0x00,0x00,0x00,0x00,0x00,0x00,0x00,0x00,0x00,0x00,0x00,0x00,0x00,0x00,
0x00,0x00,0x00,0x00,0x00,0x00,0x00,0x00,0x00,0x00,0x00,0x00,0x00,0x00,0x00,0x00,0x00,0x00,0x00,0x00,0x00,0x00,0x00,0x00,0x00,0x00,0x00,0x00,0x00,0x00,0x00,0x00,
0x00,0x00,0x00,0x00,0x00,0x00,0x00,0x00,0x00,0x00,0x00,0x00,0x00,0x00,0x00,0x00,0x00,0x00,0x00,0x00,0x00,0x00,0x00,0x00,0x00,0x00,0x00,0x00,0x00,0x00,0x00,0x00,
0x00,0x00,0x00,0x00,0x00,0x00,0x00,0x00,0x00,0x00,0x00,0x00,0x00,0x00,0x00,0x00,0x00,0x00,0x00,0x00,0x00,0x00,0x00,0x00,0x00,0x00,0x00,0x00,0x00,0x00,0x00,0x00,
0x00,0x00,0x00,0x00,0x00,0x00,0x00,0x00,0x00,0x00,0x00,0x00,0x00,0x00,0x00,0x00,0x00,0x00,0x00,0x00,0x00,0x00,0x00,0x00,0x00,0x00,0x00,0x00,0x00,0x00,0x00,0x00,
0x00,0x00,0x00,0x00,0x00,0x00,0x00,0x00,0x00,0x00,0x00,0x00,0x00,0x00,0x00,0x00,0x00,0x00,0x00,0x00,0x00,0x00,0x00,0x00,0x00,0x00,0x00,0x00,0x00,0x00,0x00,0x00,
0x00,0x00,0x00,0x00,0x00,0x00,0x00,0x00,0x00,0x00,0x00,0x00,0x00,0x00,0x00,0x00,0x00,0x00,0x00,0x00,0x00,0x00,0x00,0x00,0x00,0x00,0x00,0x00,0x00,0x00,0x00,0x00,
0x00,0x00,0x00,0x00,0x00,0x00,0x00,0x00,0x00,0x00,0x00,0x00,0x00,0x00,0x00,0x00,0x00,0x00,0x00,0x00,0x00,0x00,0x00,0x00,0x00,0x00,0x00,0x00,0x00,0x00,0x00,0x00,
0x00,0x00,0x00,0x00,0x00,0x00,0x00,0x00,0x00,0x00,0x00,0x00,0x00,0x00,0x00,0x00,0x00,0x00,0x00,0x00,0x00,0x00,0x00,0x00,0x00,0x00,0x00,0x00,0x00,0x00,0x00,0x00,
0x00,0x00,0x00,0x00,0x00,0x00,0x00,0x00,0x00,0x00,0x00,0x00,0x00,0x00,0x00,0x00,0x00,0x00,0x00,0x00,0x00,0x00,0x00,0x00,0x00,0x00,0x00,0x00,0x00,0x00,0x00,0x00,
0x00,0x00,0x00,0x00,0x00,0x00,0x00,0x00,0x00,0x00,0x00,0x00,0x00,0x00,0x00,0x00,0x00,0x00,0x00,0x00,0x00,0x00,0x00,0x00,0x00,0x00,0x00,0x00,0x00,0x00,0x00,0x00,
0x00,0x00,0x00,0x00,0x00,0x00,0x00,0x00,0x00,0x00,0x00,0x00,0x00,0x00,0x00,0x00,0x00,0x00,0x00,0x00,0x00,0x00,0x00,0x00,0x00,0x00,0x00,0x00,0x00,0x00,0x00,0x00,
0x00,0x00,0x00,0x00,0x00,0x00,0x00,0x00,0x00,0x00,0x00,0x00,0x00,0x00,0x00,0x00,0x00,0x00,0x00,0x00,0x00,0x00,0x00,0x00,0x00,0x00,0x00,0x00,0x00,0x00,0x00,0x00,
0x00,0x00,0x00,0x00,0x00,0x00,0x00,0x00,0x00,0x00,0x00,0x00,0x00,0x00,0x00,0x00,0x00,0x00,0x00,0x00,0x00,0x00,0x00,0x00,0x00,0x00,0x00,0x00,0x00,0x00,0x00,0x00,
0x00,0x00,0x00,0x00,0x00,0x00,0x00,0x00,0x00,0x00,0x00,0x00,0x00,0x00,0x00,0x00,0x00,0x00,0x00,0x00,0x00,0x00,0x00,0x00,0x00,0x00,0x00,0x00,0x00,0x00,0x00,0x00,
0x00,0x00,0x00,0x00,0x00,0x00,0x00,0x00,0x00,0x00,0x00,0x00,0x00,0x00,0x00,0x00,0x00,0x00,0x00,0x00,0x00,0x00,0x00,0x00,0x00,0x00,0x00,0x00,0x00,0x00,0x00,0x00,
0x00,0x00,0x00,0x00,0x00,0x00,0x00,0x00,0x00,0x00,0x00,0x00,0x00,0x00,0x00,0x00,0x00,0x00,0x00,0x00,0x00,0x00,0x00,0x00,0x00,0x00,0x00,0x00,0x00,0x00,0x00,0x00,
0x00,0x00,0x00,0x00,0x00,0x00,0x00,0x00,0x00,0x00,0x00,0x00,0x00,0x00,0x00,0x00,0x00,0x00,0x00,0x00,0x00,0x00,0x00,0x00,0x00,0x00,0x00,0x00,0x00,0x00,0x00,0x00,
0x00,0x00,0x00,0x00,0x00,0x00,0x00,0x00,0x00,0x00,0x00,0x00,0x00,0x00,0x00,0x00,0x00,0x00,0x00,0x00,0x00,0x00,0x00,0x00,0x00,0x00,0x00,0x00,0x00,0x00,0x00,0x00,
0x00,0x00,0x00,0x00,0x00,0x00,0x00,0x00,0x00,0x00,0x00,0x00,0x00,0x00,0x00,0x00,0x00,0x00,0x00,0x00,0x00,0x00,0x00,0x00,0x00,0x00,0x00,0x00,0x00,0x00,0x00,0x00,
0x00,0x00,0x00,0x00,0x00,0x00,0x00,0x00,0x00,0x00,0x00,0x00,0x00,0x00,0x00,0x00,0x00,0x00,0x00,0x00,0x00,0x00,0x00,0x00,0x00,0x00,0x00,0x00,0x00,0x00,0x00,0x00,
0x00,0x00,0x00,0x00,0x00,0x00,0x00,0x00,0x00,0x00,0x00,0x00,0x00,0x00,0x00,0x00,0x00,0x00,0x00,0x00,0x00,0x00,0x00,0x00,0x00,0x00,0x00,0x00,0x00,0x00,0x00,0x00,
0x00,0x00,0x00,0x00,0x00,0x00,0x00,0x00,0x00,0x00,0x00,0x00,0x00,0x00,0x00,0x00,0x00,0x00,0x00,0x00,0x00,0x00,0x00,0x00,0x00,0x00,0x00,0x00,0x00,0x00,0x00,0x00,
0x00,0x00,0x00,0x00,0x00,0x00,0x00,0x00,0x00,0x00,0x00,0x00,0x00,0x00,0x00,0x00,0x00,0x00,0x00,0x00,0x00,0x00,0x00,0x00,0x00,0x00,0x00,0x00,0x00,0x00,0x00,0x00,
0x00,0x00,0x00,0x00,0x00,0x00,0x00,0x00,0x00,0x00,0x00,0x00,0x00,0x00,0x00,0x00,0x00,0x00,0x00,0x00,0x00,0x00,0x00,0x00,0x00,0x00,0x00,0x00,0x00,0x00,0x00,0x00,
0x00,0x00,0x00,0x00,0x00,0x00,0x00,0x00,0x00,0x00,0x00,0x00,0x00,0x00,0x00,0x00,0x00,0x00,0x00,0x00,0x00,0x00,0x00,0x00,0x00,0x00,0x00,0x00,0x00,0x00,0x00,0x00,
0x00,0x00,0x00,0x00,0x00,0x00,0x00,0x00,0x00,0x00,0x00,0x00,0x00,0x00,0x00,0x00,0x00,0x00,0x00,0x00,0x00,0x00,0x00,0x00,0x00,0x00,0x00,0x00,0x00,0x00,0x00,0x00,
0x00,0x00,0x00,0x00,0x00,0x00,0x00,0x00,0x00,0x00,0x00,0x00,0x00,0x00,0x00,0x00,0x00,0x00,0x00,0x00,0x00,0x00,0x00,0x00,0x00,0x00,0x00,0x00,0x00,0x00,0x00,0x00,
0x00,0x00,0x00,0x00,0x00,0x00,0x00,0x00,0x00,0x00,0x00,0x00,0x00,0x00,0x00,0x00,0x00,0x00,0x00,0x00,0x00,0x00,0x00,0x00,0x00,0x00,0x00,0x00,0x00,0x00,0x00,0x00,
0x00,0x00,0x00,0x00,0x00,0x00,0x00,0x00,0x00,0x00,0x00,0x00,0x00,0x00,0x00,0x00,0x00,0x00,0x00,0x00,0x00,0x00,0x00,0x00,0x00,0x00,0x00,0x00,0x00,0x00,0x00,0x00,
0x00,0x00,0x00,0x00,0x00,0x00,0x00,0x00,0x00,0x00,0x00,0x00,0x00,0x00,0x00,0x00,0x00,0x00,0x00,0x00,0x00,0x00,0x00,0x00,0x00,0x00,0x00,0x00,0x00,0x00,0x00,0x00,
0x00,0x00,0x00,0x00,0x00,0x00,0x00,0x00,0x00,0x00,0x00,0x00,0x00,0x00,0x00,0x00,0x00,0x00,0x00,0x00,0x00,0x00,0x00,0x00,0x00,0x00,0x00,0x00,0x00,0x00,0x00,0x00,
0x00,0x00,0x00,0x00,0x00,0x00,0x00,0x00,0x00,0x00,0x00,0x00,0x00,0x00,0x00,0x00,0x00,0x00,0x00,0x00,0x00,0x00,0x00,0x00,0x00,0x00,0x00,0x00,0x00,0x00,0x00,0x00,
0x00,0x00,0x00,0x00,0x00,0x00,0x00,0x00,0x00,0x00,0x00,0x00,0x00,0x00,0x00,0x00,0x00,0x00,0x00,0x00,0x00,0x00,0x00,0x00,0x00,0x00,0x00,0x00,0x00,0x00,0x00,0x00,
0x00,0x00,0x00,0x00,0x00,0x00,0x00,0x00,0x00,0x00,0x00,0x00,0x00,0x00,0x00,0x00,0x00,0x00,0x00,0x00,0x00,0x00,0x00,0x00,0x00,0x00,0x00,0x00,0x00,0x00,0x00,0x00,
0x00,0x00,0x00,0x00,0x00,0x00,0x00,0x00,0x00,0x00,0x00,0x00,0x00,0x00,0x00,0x00,0x00,0x00,0x00,0x00,0x00,0x00,0x00,0x00,0x00,0x00,0x00,0x00,0x00,0x00,0x00,0x00
};
const lv_image_dsc_t img_hw_pc_120 = {
    .header = {.magic = LV_IMAGE_HEADER_MAGIC, .cf = LV_COLOR_FORMAT_RGB565A8, .w = 120, .h = 120, .stride = 240},
    .data_size = sizeof(map),
    .data = map,
};
