#include "lvgl.h"
// Generated by tools/gen_images.py
static const uint8_t map[] __attribute__((aligned(4))) = {
0xf0,0x15,0xf0,0x1d,0xf0,0x15,0xf1,0x1d,0xf0,0x15,0xf0,0x1d,0xf0,0x15,0xf0,0x1d,0xf0,0x15,0xf0,0x1d,0xf0,0x15,0xf0,0x1d,0xf0,0x15,0xf0,0x1d,0xf0,0x15,0xf0,0x1d,
0xf0,0x15,0xf0,0x15,0xf0,0x15,0xf0,0x1d,0xf0,0x15,0xf0,0x15,0xf0,0x15,0xf0,0x15,0xd0,0x15,0xf0,0x15,0xd0,0x15,0xf0,0x15,0xd0,0x15,0xf0,0x15,0xd0,0x15,0xf0,0x15,
0xd0,0x15,0xf0,0x15,0xd0,0x15,0xf0,0x15,0xd0,0x15,0xf0,0x15,0xd0,0x15,0xf0,0x15,0xd0,0x15,0xf0,0x15,0xd0,0x15,0xf0,0x15,0xcf,0x15,0xd0,0x15,0xd0,0x15,0xd0,0x15,
0xcf,0x0d,0xd0,0x15,0xd0,0x15,0xd0,0x15,0xcf,0x0d,0xd0,0x15,0xcf,0x0d,0xd0,0x15,0xcf,0x0d,0xd0,0x15,0xcf,0x0d,0xd0,0x15,0xcf,0x0d,0xd0,0x15,0xaf,0x0d,0xd0,0x15,
0xaf,0x0d,0xd0,0x15,0xaf,0x0d,0xd0,0x15,0xaf,0x0d,0xd0,0x15,0xaf,0x0d,0xd0,0x15,0xaf,0x0d,0xcf,0x15,0xaf,0x15,0xcf,0x1d,0xae,0x15,0xcf,0x1d,0xae,0x1d,0xcf,0x25,
0xae,0x1d,0xce,0x25,0xae,0x25,0xce,0x25,0xad,0x25,0xce,0x2d,0xad,0x2d,0xce,0x2d,0xad,0x2d,0xcd,0x35,0xad,0x2d,0xcd,0x35,0xad,0x35,0xad,0x35,0xac,0x35,0xad,0x3d,
0xac,0x35,0xac,0x3d,0xac,0x3d,0xac,0x45,0xac,0x3d,0xac,0x45,0xac,0x45,0xac,0x4d,0xab,0x45,0xac,0x4d,0xab,0x4d,0xab,0x4d,0xab,0x4d,0xab,0x55,0xab,0x55,0xab,0x55,
0xaa,0x55,0xab,0x55,0xaa,0x55,0xab,0x5d,0xaa,0x5d,0xaa,0x5d,0xaa,0x5d,0xaa,0x65,0xa9,0x5d,0xaa,0x65,0xa9,0x65,0xaa,0x6d,0xa9,0x65,0xa9,0x6d,0xa9,0x6d,0xa9,0x6d,
0xa9,0x6d,0xa9,0x75,0xa8,0x6d,0xa9,0x75,0xa8,0x75,0xa9,0x75,0xa8,0x75,0xa8,0x7d,0xa8,0x75,0xa8,0x7d,0xa8,0x7d,0xa8,0x7d,0x87,0x7d,0xa8,0x85,0x87,0x7d,0xa8,0x85,
0x87,0x85,0xa7,0x85,0x87,0x85,0xa7,0x8d,0x87,0x85,0xa7,0x8d,0x87,0x8d,0xa7,0x8d,0x86,0x8d,0xa7,0x8d,0x86,0x8d,0xa7,0x95,0x86,0x8d,0xa6,0x95,0x86,0x95,0xa6,0x95,
0x86,0x95,0xa6,0x9d,0x86,0x95,0xa6,0x9d,0x85,0x95,0xa6,0x9d,0x85,0x9d,0xa6,0x9d,0x85,0x9d,0xa6,0xa5,0x85,0x9d,0xa6,0xa5,0x85,0x9d,0xa5,0xa5,0x85,0xa5,0xa5,0xa5,
0x85,0xa5,0xa5,0xad,0x85,0xa5,0xa5,0xad,0x84,0xa5,0xa5,0xad,0x84,0xad,0xa5,0xad,0x11,0x1e,0xf0,0x15,0x11,0x1e,0xf0,0x1d,0x11,0x1e,0xf0,0x15,0x11,0x1e,0xf0,0x15,
0x11,0x1e,0xf0,0x15,0x11,0x1e,0xf0,0x15,0xf1,0x1d,0xf0,0x15,0xf1,0x1d,0xf0,0x15,0xf1,0x1d,0xf0,0x15,0xf1,0x1d,0xf0,0x15,0xf0,0x1d,0xf0,0x15,0xf1,0x1d,0xf0,0x15,
0xf0,0x1d,0xf0,0x15,0xf1,0x1d,0xf0,0x15,0xf0,0x1d,0xf0,0x15,0xf1,0x1d,0xf0,0x15,0xf0,0x15,0xf0,0x15,0xf0,0x1d,0xd0,0x15,0xf0,0x15,0xd0,0x15,0xf0,0x1d,0xd0,0x15,
0xf0,0x15,0xd0,0x15,0xf0,0x15,0xd0,0x15,0xf0,0x15,0xd0,0x15,0xf0,0x15,0xd0,0x15,0xf0,0x15,0xd0,0x15,0xf0,0x15,0xd0,0x15,0xf0,0x15,0xd0,0x15,0xd0,0x15,0xd0,0x15,
0xd0,0x15,0xd0,0x15,0xd0,0x15,0xd0,0x15,0xd0,0x15,0xd0,0x0d,0xd0,0x15,0xd0,0x15,0xd0,0x15,0xcf,0x0d,0xd0,0x15,0xd0,0x0d,0xd0,0x15,0xcf,0x0d,0xd0,0x15,0xaf,0x15,
0xd0,0x15,0xaf,0x15,0xd0,0x1d,0xaf,0x15,0xcf,0x1d,0xaf,0x1d,0xcf,0x25,0xae,0x1d,0xcf,0x25,0xae,0x25,0xcf,0x25,0xae,0x25,0xce,0x2d,0xae,0x25,0xce,0x2d,0xae,0x2d,
0xce,0x35,0xad,0x2d,0xce,0x35,0xad,0x35,0xcd,0x35,0xad,0x35,0xcd,0x3d,0xad,0x3d,0xcd,0x3d,0xac,0x3d,0xcd,0x45,0xac,0x45,0xcc,0x45,0xac,0x45,0xcc,0x4d,0xac,0x45,
0xcc,0x4d,0xab,0x4d,0xcc,0x4d,0xab,0x4d,0xcb,0x55,0xab,0x4d,0xcb,0x55,0xab,0x55,0xcb,0x5d,0xaa,0x55,0xab,0x5d,0xaa,0x5d,0xab,0x5d,0xaa,0x5d,0xaa,0x65,0xaa,0x65,
0xaa,0x65,0xa9,0x65,0xaa,0x6d,0xa9,0x65,0xaa,0x6d,0xa9,0x6d,0xaa,0x6d,0xa9,0x6d,0xa9,0x75,0xa9,0x6d,0xa9,0x75,0xa9,0x75,0xa9,0x75,0xa8,0x75,0xa9,0x7d,0xa8,0x7d,
0xa8,0x7d,0xa8,0x7d,0xa8,0x85,0xa8,0x7d,0xa8,0x85,0xa7,0x7d,0xa8,0x85,0xa7,0x85,0xa8,0x85,0xa7,0x85,0xa8,0x8d,0xa7,0x8d,0xa7,0x8d,0xa7,0x8d,0xa7,0x8d,0xa7,0x8d,
0xa7,0x95,0xa6,0x8d,0xa7,0x95,0xa6,0x95,0xa7,0x95,0xa6,0x95,0xa7,0x9d,0xa6,0x95,0xa6,0x9d,0xa6,0x95,0xa6,0x9d,0xa6,0x9d,0xa6,0x9d,0xa6,0x9d,0xa6,0xa5,0xa6,0x9d,
0xa6,0xa5,0x85,0x9d,0xa6,0xa5,0x85,0xa5,0xa6,0xa5,0x85,0xa5,0xa6,0xad,0x85,0xa5,0xa5,0xad,0x85,0xa5,0xa5,0xad,0x85,0xad,0xa5,0xad,0x85,0xad,0xa5,0xb5,0x85,0xad,
0xf0,0x15,0xf1,0x1d,0xf0,0x15,0xf0,0x1d,0xf0,0x15,0xf1,0x1d,0xf0,0x15,0xf0,0x1d,0xf0,0x15,0xf0,0x1d,0xf0,0x15,0xf0,0x1d,0xf0,0x15,0xf0,0x1d,0xf0,0x15,0xf0,0x1d,
0xf0,0x15,0xf0,0x1d,0xf0,0x15,0xf0,0x15,0xf0,0x15,0xf0,0x1d,0xf0,0x15,0xf0,0x15,0xf0,0x15,0xf0,0x15,0xd0,0x15,0xf0,0x15,0xd0,0x15,0xf0,0x15,0xd0,0x15,0xf0,0x15,
0xd0,0x15,0xf0,0x15,0xd0,0x15,0xf0,0x15,0xd0,0x15,0xf0,0x15,0xd0,0x15,0xf0,0x15,0xd0,0x15,0xf0,0x15,0xd0,0x15,0xf0,0x15,0xd0,0x15,0xd0,0x15,0xcf,0x0d,0xd0,0x15,
0xd0,0x15,0xd0,0x15,0xcf,0x0d,0xd0,0x15,0xd0,0x15,0xd0,0x15,0xcf,0x0d,0xd0,0x15,0xcf,0x0d,0xd0,0x15,0xcf,0x0d,0xd0,0x15,0xcf,0x0d,0xd0,0x15,0xcf,0x0d,0xd0,0x15,
0xaf,0x0d,0xd0,0x15,0xaf,0x0d,0xd0,0x15,0xaf,0x0d,0xd0,0x15,0xaf,0x0d,0xd0,0x15,0xaf,0x15,0xcf,0x15,0xaf,0x15,0xcf,0x1d,0xaf,0x15,0xcf,0x1d,0xae,0x1d,0xcf,0x1d,
0xae,0x1d,0xce,0x25,0xae,0x25,0xce,0x25,0xae,0x25,0xce,0x2d,0xad,0x25,0xce,0x2d,0xad,0x2d,0xce,0x35,0xad,0x2d,0xcd,0x35,0xad,0x35,0xad,0x35,0xac,0x35,0xad,0x3d,
0xac,0x3d,0xad,0x3d,0xac,0x3d,0xac,0x45,0xac,0x3d,0xac,0x45,0xab,0x45,0xac,0x4d,0xab,0x45,0xac,0x4d,0xab,0x4d,0xab,0x4d,0xab,0x4d,0xab,0x55,0xaa,0x4d,0xab,0x55,
0xaa,0x55,0xab,0x5d,0xaa,0x55,0xaa,0x5d,0xaa,0x5d,0xaa,0x65,0xaa,0x5d,0xaa,0x65,0xa9,0x65,0xaa,0x65,0xa9,0x65,0xa9,0x6d,0xa9,0x65,0xa9,0x6d,0xa9,0x6d,0xa9,0x6d,
0xa9,0x6d,0xa9,0x75,0xa8,0x6d,0xa9,0x75,0xa8,0x75,0xa9,0x7d,0xa8,0x75,0xa8,0x7d,0xa8,0x7d,0xa8,0x7d,0x87,0x7d,0xa8,0x7d,0x87,0x7d,0xa8,0x85,0x87,0x7d,0xa8,0x85,
0x87,0x85,0xa7,0x8d,0x87,0x85,0xa7,0x8d,0x87,0x8d,0xa7,0x8d,0x86,0x8d,0xa7,0x8d,0x86,0x8d,0xa7,0x95,0x86,0x8d,0xa7,0x95,0x86,0x95,0xa6,0x95,0x86,0x95,0xa6,0x95,
0x86,0x95,0xa6,0x9d,0x85,0x95,0xa6,0x9d,0x85,0x9d,0xa6,0x9d,0x85,0x9d,0xa6,0xa5,0x85,0x9d,0xa6,0xa5,0x85,0x9d,0xa5,0xa5,0x85,0xa5,0xa5,0xa5,0x85,0xa5,0xa5,0xad,
0x85,0xa5,0xa5,0xad,0x84,0xa5,0xa5,0xad,0x84,0xad,0xa5,0xad,0x84,0xad,0xa5,0xad,0x11,0x1e,0xf0,0x1d,0x11,0x1e,0xf0,0x15,0x11,0x1e,0xf0,0x1d,0x11,0x1e,0xf0,0x15,
0x11,0x1e,0xf0,0x15,0x11,0x1e,0xf0,0x15,0x11,0x1e,0xf0,0x15,0xf1,0x1d,0xf0,0x15,0xf1,0x1d,0xf0,0x15,0xf1,0x1d,0xf0,0x15,0xf1,0x1d,0xf0,0x15,0xf0,0x1d,0xf0,0x15,
0xf1,0x1d,0xf0,0x15,0xf0,0x1d,0xf0,0x15,0xf1,0x1d,0xf0,0x15,0xf0,0x1d,0xf0,0x15,0xf1,0x1d,0xf0,0x15,0xf0,0x15,0xf0,0x15,0xf0,0x1d,0xd0,0x15,0xf0,0x15,0xd0,0x15,
0xf0,0x15,0xd0,0x15,0xf0,0x15,0xd0,0x15,0xf0,0x15,0xd0,0x15,0xf0,0x15,0xd0,0x15,0xf0,0x15,0xd0,0x15,0xf0,0x15,0xd0,0x15,0xf0,0x15,0xd0,0x15,0xf0,0x15,0xd0,0x15,
0xd0,0x15,0xd0,0x15,0xd0,0x15,0xd0,0x0d,0xd0,0x15,0xd0,0x15,0xd0,0x15,0xcf,0x0d,0xd0,0x15,0xd0,0x0d,0xd0,0x15,0xcf,0x0d,0xd0,0x15,0xd0,0x0d,0xd0,0x15,0xaf,0x0d,
0xd0,0x15,0xaf,0x15,0xcf,0x1d,0xaf,0x15,0xcf,0x1d,0xaf,0x1d,0xcf,0x1d,0xae,0x1d,0xcf,0x25,0xae,0x25,0xce,0x25,0xae,0x25,0xce,0x2d,0xae,0x2d,0xce,0x2d,0xad,0x2d,
0xce,0x35,0xad,0x2d,0xce,0x35,0xad,0x35,0xcd,0x3d,0xad,0x35,0xcd,0x3d,0xac,0x3d,0xcd,0x3d,0xac,0x3d,0xcd,0x45,0xac,0x3d,0xcc,0x45,0xac,0x45,0xcc,0x4d,0xab,0x45,
0xcc,0x4d,0xab,0x4d,0xcc,0x4d,0xab,0x4d,0xcc,0x55,0xab,0x55,0xcb,0x55,0xab,0x55,0xcb,0x5d,0xaa,0x5d,0xab,0x5d,0xaa,0x5d,0xab,0x65,0xaa,0x5d,0xaa,0x65,0xaa,0x65,
0xaa,0x65,0xaa,0x65,0xaa,0x6d,0xa9,0x65,0xaa,0x6d,0xa9,0x6d,0xa9,0x6d,0xa9,0x6d,0xa9,0x75,0xa9,0x75,0xa9,0x75,0xa8,0x75,0xa9,0x7d,0xa8,0x75,0xa9,0x7d,0xa8,0x7d,
0xa8,0x7d,0xa8,0x7d,0xa8,0x85,0xa8,0x7d,0xa8,0x85,0xa8,0x85,0xa8,0x85,0xa7,0x85,0xa8,0x8d,0xa7,0x85,0xa7,0x8d,0xa7,0x8d,0xa7,0x8d,0xa7,0x8d,0xa7,0x95,0xa7,0x8d,
0xa7,0x95,0xa6,0x95,0xa7,0x95,0xa6,0x95,0xa7,0x9d,0xa6,0x95,0xa6,0x9d,0xa6,0x95,0xa6,0x9d,0xa6,0x9d,0xa6,0x9d,0xa6,0x9d,0xa6,0xa5,0xa6,0x9d,0xa6,0xa5,0xa5,0x9d,
0xa6,0xa5,0x85,0xa5,0xa6,0xa5,0x85,0xa5,0xa6,0xad,0x85,0xa5,0xa5,0xad,0x85,0xa5,0xa5,0xad,0x85,0xad,0xa5,0xad,0x85,0xad,0xa5,0xb5,0x85,0xad,0xa5,0xb5,0x84,0xad,
0xf0,0x15,0xf0,0x1d,0xf0,0x15,0xf1,0x1d,0xf0,0x15,0xf0,0x1d,0xf0,0x15,0xf1,0x1d,0xf0,0x15,0xf0,0x1d,0xf0,0x15,0xf0,0x1d,0xf0,0x15,0xf0,0x1d,0xf0,0x15,0xf0,0x1d,
0xf0,0x15,0xf0,0x15,0xf0,0x15,0xf0,0x1d,0xf0,0x15,0xf0,0x15,0xf0,0x15,0xf0,0x1d,0xf0,0x15,0xf0,0x15,0xd0,0x15,0xf0,0x15,0xd0,0x15,0xf0,0x15,0xd0,0x15,0xf0,0x15,
0xd0,0x15,0xf0,0x15,0xd0,0x15,0xf0,0x15,0xd0,0x15,0xf0,0x15,0xd0,0x15,0xf0,0x15,0xd0,0x15,0xf0,0x15,0xd0,0x15,0xf0,0x15,0xcf,0x15,0xf0,0x15,0xd0,0x15,0xd0,0x15,
0xcf,0x0d,0xd0,0x15,0xd0,0x15,0xd0,0x15,0xcf,0x0d,0xd0,0x15,0xcf,0x0d,0xd0,0x15,0xcf,0x0d,0xd0,0x15,0xcf,0x0d,0xd0,0x15,0xcf,0x0d,0xd0,0x15,0xcf,0x0d,0xd0,0x15,
0xaf,0x0d,0xd0,0x15,0xaf,0x0d,0xd0,0x15,0xaf,0x0d,0xd0,0x15,0xaf,0x0d,0xd0,0x15,0xaf,0x0d,0xcf,0x15,0xaf,0x15,0xcf,0x1d,0xae,0x15,0xcf,0x1d,0xae,0x1d,0xcf,0x1d,
0xae,0x1d,0xce,0x25,0xae,0x25,0xce,0x25,0xae,0x25,0xce,0x2d,0xad,0x25,0xce,0x2d,0xad,0x2d,0xcd,0x2d,0xad,0x2d,0xcd,0x35,0xad,0x35,0xad,0x35,0xac,0x35,0xad,0x3d,
0xac,0x3d,0xac,0x3d,0xac,0x3d,0xac,0x45,0xac,0x3d,0xac,0x45,0xab,0x45,0xac,0x4d,0xab,0x45,0xab,0x4d,0xab,0x4d,0xab,0x55,0xab,0x4d,0xab,0x55,0xaa,0x55,0xab,0x55,
0xaa,0x55,0xab,0x5d,0xaa,0x5d,0xaa,0x5d,0xaa,0x5d,0xaa,0x65,0xaa,0x5d,0xaa,0x65,0xa9,0x65,0xaa,0x65,0xa9,0x65,0xaa,0x6d,0xa9,0x65,0xa9,0x6d,0xa9,0x6d,0xa9,0x75,
0xa8,0x6d,0xa9,0x75,0xa8,0x75,0xa9,0x75,0xa8,0x75,0xa8,0x7d,0xa8,0x75,0xa8,0x7d,0xa8,0x7d,0xa8,0x7d,0x88,0x7d,0xa8,0x85,0x87,0x7d,0xa8,0x85,0x87,0x85,0xa8,0x85,
0x87,0x85,0xa7,0x8d,0x87,0x85,0xa7,0x8d,0x86,0x8d,0xa7,0x8d,0x86,0x8d,0xa7,0x95,0x86,0x8d,0xa7,0x95,0x86,0x95,0xa7,0x95,0x86,0x95,0xa6,0x95,0x86,0x95,0xa6,0x9d,
0x85,0x95,0xa6,0x9d,0x85,0x9d,0xa6,0x9d,0x85,0x9d,0xa6,0xa5,0x85,0x9d,0xa6,0xa5,0x85,0x9d,0xa5,0xa5,0x85,0xa5,0xa5,0xa5,0x85,0xa5,0xa5,0xa5,0x85,0xa5,0xa5,0xad,
0x84,0xa5,0xa5,0xad,0x84,0xad,0xa5,0xad,0x84,0xad,0xa5,0xad,0x84,0xad,0xa5,0xb5,0x11,0x1e,0xf0,0x15,0x11,0x1e,0xf0,0x1d,0x11,0x1e,0xf0,0x15,0x11,0x1e,0xf0,0x1d,
0x11,0x1e,0xf0,0x15,0x11,0x1e,0xf0,0x15,0x11,0x1e,0xf0,0x15,0x11,0x1e,0xf0,0x15,0xf1,0x1d,0xf0,0x15,0xf1,0x1d,0xf0,0x15,0xf1,0x1d,0xf0,0x15,0xf1,0x1d,0xf0,0x15,
0xf0,0x1d,0xf0,0x15,0xf1,0x1d,0xf0,0x15,0xf0,0x1d,0xf0,0x15,0xf1,0x1d,0xf0,0x15,0xf0,0x1d,0xf0,0x15,0xf0,0x1d,0xf0,0x15,0xf0,0x15,0xf0,0x15,0xf0,0x1d,0xd0,0x15,
0xf0,0x15,0xd0,0x15,0xf0,0x15,0xd0,0x15,0xf0,0x15,0xd0,0x15,0xf0,0x15,0xd0,0x15,0xf0,0x15,0xd0,0x15,0xf0,0x15,0xd0,0x15,0xf0,0x15,0xd0,0x15,0xf0,0x15,0xd0,0x15,
0xd0,0x15,0xd0,0x15,0xd0,0x15,0xd0,0x15,0xd0,0x15,0xd0,0x0d,0xd0,0x15,0xd0,0x15,0xd0,0x15,0xcf,0x0d,0xd0,0x15,0xd0,0x0d,0xd0,0x15,0xcf,0x0d,0xd0,0x15,0xaf,0x0d,
0xd0,0x15,0xaf,0x15,0xd0,0x1d,0xaf,0x15,0xcf,0x1d,0xaf,0x1d,0xcf,0x1d,0xaf,0x1d,0xcf,0x25,0xae,0x1d,0xcf,0x25,0xae,0x25,0xce,0x2d,0xae,0x25,0xce,0x2d,0xae,0x2d,
0xce,0x35,0xad,0x2d,0xce,0x35,0xad,0x35,0xcd,0x35,0xad,0x35,0xcd,0x3d,0xad,0x3d,0xcd,0x3d,0xac,0x3d,0xcd,0x45,0xac,0x45,0xcc,0x45,0xac,0x45,0xcc,0x4d,0xac,0x45,
0xcc,0x4d,0xab,0x4d,0xcc,0x55,0xab,0x4d,0xcb,0x55,0xab,0x55,0xcb,0x55,0xab,0x55,0xcb,0x5d,0xaa,0x55,0xab,0x5d,0xaa,0x5d,0xaa,0x65,0xaa,0x5d,0xaa,0x65,0xaa,0x65,
0xaa,0x65,0xa9,0x65,0xaa,0x6d,0xa9,0x6d,0xaa,0x6d,0xa9,0x6d,0xa9,0x75,0xa9,0x6d,0xa9,0x75,0xa8,0x75,0xa9,0x75,0xa8,0x75,0xa9,0x7d,0xa8,0x75,0xa9,0x7d,0xa8,0x7d,
0xa8,0x7d,0xa8,0x7d,0xa8,0x85,0xa8,0x85,0xa8,0x85,0xa7,0x85,0xa8,0x8d,0xa7,0x85,0xa8,0x8d,0xa7,0x85,0xa7,0x8d,0xa7,0x8d,0xa7,0x8d,0xa7,0x8d,0xa7,0x95,0xa7,0x95,
0xa7,0x95,0xa6,0x95,0xa7,0x95,0xa6,0x95,0xa6,0x9d,0xa6,0x95,0xa6,0x9d,0xa6,0x9d,0xa6,0x9d,0xa6,0x9d,0xa6,0xa5,0xa6,0x9d,0xa6,0xa5,0xa5,0x9d,0xa6,0xa5,0x85,0xa5,
0xa6,0xa5,0x85,0xa5,0xa6,0xad,0x85,0xa5,0xa5,0xad,0x85,0xa5,0xa5,0xad,0x85,0xad,0xa5,0xad,0x85,0xad,0xa5,0xb5,0x85,0xad,0xa5,0xb5,0x84,0xad,0xa5,0xb5,0x84,0xb5,
0xf0,0x15,0x11,0x1e,0xf0,0x15,0xf0,0x1d,0xf0,0x15,0xf1,0x1d,0xf0,0x15,0xf0,0x1d,0xf0,0x15,0xf1,0x1d,0xf0,0x15,0xf0,0x1d,0xf0,0x15,0xf0,0x1d,0xf0,0x15,0xf0,0x1d,
0xf0,0x15,0xf0,0x1d,0xf0,0x15,0xf0,0x15,0xf0,0x15,0xf0,0x1d,0xf0,0x15,0xf0,0x15,0xf0,0x15,0xf0,0x1d,0xf0,0x15,0xf0,0x15,0xd0,0x15,0xf0,0x15,0xd0,0x15,0xf0,0x15,
0xd0,0x15,0xf0,0x15,0xd0,0x15,0xf0,0x15,0xd0,0x15,0xf0,0x15,0xd0,0x15,0xf0,0x15,0xd0,0x15,0xf0,0x15,0xd0,0x15,0xf0,0x15,0xd0,0x15,0xf0,0x15,0xcf,0x15,0xd0,0x15,
0xd0,0x15,0xd0,0x15,0xcf,0x0d,0xd0,0x15,0xd0,0x15,0xd0,0x15,0xcf,0x0d,0xd0,0x15,0xcf,0x0d,0xd0,0x15,0xcf,0x0d,0xd0,0x15,0xcf,0x0d,0xd0,0x15,0xcf,0x0d,0xd0,0x15,
0xaf,0x0d,0xd0,0x15,0xaf,0x0d,0xd0,0x15,0xaf,0x0d,0xd0,0x15,0xaf,0x0d,0xd0,0x15,0xaf,0x0d,0xd0,0x15,0xaf,0x15,0xcf,0x15,0xaf,0x15,0xcf,0x1d,0xae,0x1d,0xcf,0x1d,
0xae,0x1d,0xcf,0x25,0xae,0x1d,0xce,0x25,0xae,0x25,0xce,0x2d,0xad,0x25,0xce,0x2d,0xad,0x2d,0xce,0x35,0xad,0x2d,0xcd,0x35,0xad,0x35,0xad,0x3d,0xac,0x35,0xad,0x3d,
0xac,0x3d,0xad,0x3d,0xac,0x3d,0xac,0x45,0xac,0x45,0xac,0x45,0xab,0x45,0xac,0x4d,0xab,0x45,0xac,0x4d,0xab,0x4d,0xab,0x4d,0xab,0x4d,0xab,0x55,0xaa,0x55,0xab,0x55,
0xaa,0x55,0xab,0x5d,0xaa,0x5d,0xaa,0x5d,0xaa,0x5d,0xaa,0x65,0xa9,0x5d,0xaa,0x65,0xa9,0x65,0xaa,0x6d,0xa9,0x65,0xa9,0x6d,0xa9,0x6d,0xa9,0x6d,0xa9,0x6d,0xa9,0x75,
0xa8,0x6d,0xa9,0x75,0xa8,0x75,0xa8,0x75,0xa8,0x75,0xa8,0x7d,0xa8,0x75,0xa8,0x7d,0x88,0x7d,0xa8,0x85,0x87,0x7d,0xa8,0x85,0x87,0x85,0xa8,0x85,0x87,0x85,0xa7,0x85,
0x87,0x85,0xa7,0x8d,0x87,0x85,0xa7,0x8d,0x86,0x8d,0xa7,0x95,0x86,0x8d,0xa7,0x95,0x86,0x95,0xa7,0x95,0x86,0x95,0xa6,0x95,0x86,0x95,0xa6,0x9d,0x86,0x95,0xa6,0x9d,
0x86,0x9d,0xa6,0x9d,0x85,0x9d,0xa6,0x9d,0x85,0x9d,0xa6,0xa5,0x85,0x9d,0xa5,0xa5,0x85,0xa5,0xa5,0xa5,0x85,0xa5,0xa5,0xa5,0x85,0xa5,0xa5,0xad,0x84,0xa5,0xa5,0xad,
0x84,0xad,0xa5,0xad,0x84,0xad,0xa5,0xad,0x84,0xad,0xa5,0xb5,0x84,0xad,0xa4,0xb5,0x11,0x1e,0xf0,0x1d,0x11,0x1e,0xf0,0x15,0x11,0x1e,0xf0,0x1d,0x11,0x1e,0xf0,0x15,
0x11,0x1e,0xf0,0x1d,0x11,0x1e,0xf0,0x15,0x11,0x1e,0xf0,0x15,0x11,0x1e,0xf0,0x15,0x11,0x1e,0xf0,0x15,0xf1,0x1d,0xf0,0x15,0xf1,0x1d,0xf0,0x15,0xf1,0x1d,0xf0,0x15,
0xf1,0x1d,0xf0,0x15,0xf0,0x1d,0xf0,0x15,0xf1,0x1d,0xf0,0x15,0xf0,0x1d,0xf0,0x15,0xf1,0x1d,0xf0,0x15,0xf0,0x1d,0xf0,0x15,0xf0,0x1d,0xf0,0x15,0xf0,0x15,0xd0,0x15,
0xf0,0x1d,0xd0,0x15,0xf0,0x15,0xd0,0x15,0xf0,0x15,0xd0,0x15,0xf0,0x15,0xd0,0x15,0xf0,0x15,0xd0,0x15,0xf0,0x15,0xd0,0x15,0xf0,0x15,0xd0,0x15,0xf0,0x15,0xd0,0x15,
0xd0,0x15,0xd0,0x15,0xd0,0x15,0xd0,0x15,0xd0,0x15,0xd0,0x15,0xd0,0x15,0xd0,0x0d,0xd0,0x15,0xd0,0x15,0xd0,0x15,0xcf,0x0d,0xd0,0x15,0xd0,0x0d,0xd0,0x15,0xcf,0x0d,
0xd0,0x15,0xaf,0x15,0xd0,0x15,0xaf,0x15,0xcf,0x1d,0xaf,0x1d,0xcf,0x1d,0xae,0x1d,0xcf,0x25,0xae,0x25,0xcf,0x25,0xae,0x25,0xce,0x2d,0xae,0x25,0xce,0x2d,0xad,0x2d,
0xce,0x35,0xad,0x2d,0xce,0x35,0xad,0x35,0xcd,0x3d,0xad,0x35,0xcd,0x3d,0xac,0x3d,0xcd,0x3d,0xac,0x3d,0xcd,0x45,0xac,0x3d,0xcc,0x45,0xac,0x45,0xcc,0x4d,0xab,0x45,
0xcc,0x4d,0xab,0x4d,0xcc,0x55,0xab,0x4d,0xcb,0x55,0xab,0x55,0xcb,0x55,0xaa,0x55,0xab,0x5d,0xaa,0x5d,0xab,0x5d,0xaa,0x5d,0xaa,0x65,0xaa,0x65,0xaa,0x65,0xa9,0x65,
0xaa,0x6d,0xa9,0x65,0xaa,0x6d,0xa9,0x6d,0xaa,0x6d,0xa9,0x6d,0xa9,0x75,0xa9,0x6d,0xa9,0x75,0xa9,0x75,0xa9,0x7d,0xa8,0x75,0xa9,0x7d,0xa8,0x7d,0xa8,0x7d,0xa8,0x7d,
0xa8,0x85,0xa8,0x7d,0xa8,0x85,0xa7,0x85,0xa8,0x85,0xa7,0x85,0xa8,0x8d,0xa7,0x85,0xa8,0x8d,0xa7,0x8d,0xa7,0x8d,0xa7,0x8d,0xa7,0x95,0xa7,0x8d,0xa7,0x95,0xa6,0x95,
0xa7,0x95,0xa6,0x95,0xa7,0x9d,0xa6,0x95,0xa7,0x9d,0xa6,0x9d,0xa6,0x9d,0xa6,0x9d,0xa6,0xa5,0xa6,0x9d,0xa6,0xa5,0xa5,0x9d,0xa6,0xa5,0x85,0xa5,0xa6,0xa5,0x85,0xa5,
0xa6,0xad,0x85,0xa5,0xa5,0xad,0x85,0xa5,0xa5,0xad,0x85,0xad,0xa5,0xad,0x85,0xad,0xa5,0xb5,0x85,0xad,0xa5,0xb5,0x84,0xad,0xa5,0xb5,0x84,0xb5,0xa5,0xb5,0x84,0xb5,
0xf0,0x15,0x10,0x1e,0xf0,0x15,0x11,0x1e,0xf0,0x15,0xf0,0x1d,0xf0,0x15,0xf1,0x1d,0xf0,0x15,0xf0,0x1d,0xf0,0x15,0xf1,0x1d,0xf0,0x15,0xf0,0x1d,0xf0,0x15,0xf0,0x1d,
0xf0,0x15,0xf0,0x1d,0xf0,0x15,0xf0,0x1d,0xf0,0x15,0xf0,0x15,0xf0,0x15,0xf0,0x1d,0xf0,0x15,0xf0,0x15,0xf0,0x15,0xf0,0x1d,0xf0,0x15,0xf0,0x15,0xd0,0x15,0xf0,0x15,
0xd0,0x15,0xf0,0x15,0xd0,0x15,0xf0,0x15,0xd0,0x15,0xf0,0x15,0xd0,0x15,0xf0,0x15,0xd0,0x15,0xf0,0x15,0xd0,0x15,0xf0,0x15,0xd0,0x15,0xf0,0x15,0xd0,0x15,0xf0,0x15,
0xcf,0x15,0xd0,0x15,0xd0,0x15,0xd0,0x15,0xcf,0x0d,0xd0,0x15,0xd0,0x15,0xd0,0x15,0xcf,0x0d,0xd0,0x15,0xcf,0x0d,0xd0,0x15,0xcf,0x0d,0xd0,0x15,0xcf,0x0d,0xd0,0x15,
0xcf,0x0d,0xd0,0x15,0xaf,0x0d,0xd0,0x15,0xaf,0x0d,0xd0,0x15,0xaf,0x0d,0xd0,0x15,0xaf,0x0d,0xcf,0x15,0xaf,0x15,0xcf,0x15,0xaf,0x15,0xcf,0x1d,0xae,0x1d,0xcf,0x1d,
0xae,0x1d,0xce,0x25,0xae,0x1d,0xce,0x25,0xae,0x25,0xce,0x2d,0xad,0x25,0xce,0x2d,0xad,0x2d,0xcd,0x2d,0xad,0x2d,0xcd,0x35,0xad,0x35,0xad,0x35,0xac,0x35,0xad,0x3d,
0xac,0x3d,0xac,0x3d,0xac,0x3d,0xac,0x45,0xac,0x3d,0xac,0x45,0xab,0x45,0xac,0x4d,0xab,0x45,0xab,0x4d,0xab,0x4d,0xab,0x55,0xab,0x4d,0xab,0x55,0xaa,0x55,0xab,0x5d,
0xaa,0x55,0xaa,0x5d,0xaa,0x5d,0xaa,0x5d,0xaa,0x5d,0xaa,0x65,0xa9,0x65,0xaa,0x65,0xa9,0x65,0xa9,0x6d,0xa9,0x65,0xa9,0x6d,0xa9,0x6d,0xa9,0x6d,0xa9,0x6d,0xa9,0x75,
0xa8,0x6d,0xa9,0x75,0xa8,0x75,0xa9,0x7d,0xa8,0x75,0xa8,0x7d,0xa8,0x7d,0xa8,0x7d,0x87,0x7d,0xa8,0x85,0x87,0x7d,0xa8,0x85,0x87,0x85,0xa7,0x85,0x87,0x85,0xa7,0x8d,
0x87,0x85,0xa7,0x8d,0x87,0x8d,0xa7,0x8d,0x86,0x8d,0xa7,0x95,0x86,0x8d,0xa7,0x95,0x86,0x95,0xa6,0x95,0x86,0x95,0xa6,0x9d,0x86,0x95,0xa6,0x9d,0x86,0x9d,0xa6,0x9d,
0x85,0x9d,0xa6,0x9d,0x85,0x9d,0xa6,0xa5,0x85,0x9d,0xa5,0xa5,0x85,0xa5,0xa5,0xa5,0x85,0xa5,0xa5,0xa5,0x85,0xa5,0xa5,0xad,0x84,0xa5,0xa5,0xad,0x84,0xad,0xa5,0xad,
0x84,0xad,0xa5,0xad,0x84,0xad,0xa5,0xb5,0x84,0xad,0xa4,0xb5,0x84,0xb5,0xa4,0xb5,0x11,0x1e,0xf0,0x1d,0x11,0x1e,0xf0,0x1d,0x11,0x1e,0xf0,0x15,0x11,0x1e,0xf0,0x1d,
0x11,0x1e,0xf0,0x15,0x11,0x1e,0xf0,0x1d,0x11,0x1e,0xf0,0x15,0x11,0x1e,0xf0,0x15,0x11,0x1e,0xf0,0x15,0x11,0x1e,0xf0,0x15,0xf1,0x1d,0xf0,0x15,0xf1,0x1d,0xf0,0x15,
0xf1,0x1d,0xf0,0x15,0xf1,0x1d,0xf0,0x15,0xf0,0x1d,0xf0,0x15,0xf1,0x1d,0xf0,0x15,0xf0,0x1d,0xf0,0x15,0xf1,0x1d,0xf0,0x15,0xf0,0x1d,0xf0,0x15,0xf0,0x1d,0xf0,0x15,
0xf0,0x15,0xd0,0x15,0xf0,0x1d,0xd0,0x15,0xf0,0x15,0xd0,0x15,0xf0,0x15,0xd0,0x15,0xf0,0x15,0xd0,0x15,0xf0,0x15,0xd0,0x15,0xf0,0x15,0xd0,0x15,0xf0,0x15,0xd0,0x15,
0xf0,0x15,0xd0,0x15,0xd0,0x15,0xd0,0x15,0xd0,0x15,0xd0,0x15,0xd0,0x15,0xd0,0x15,0xd0,0x15,0xcf,0x0d,0xd0,0x15,0xd0,0x0d,0xd0,0x15,0xcf,0x0d,0xd0,0x15,0xd0,0x0d,
0xd0,0x15,0xaf,0x15,0xd0,0x15,0xaf,0x15,0xcf,0x1d,0xaf,0x15,0xcf,0x1d,0xaf,0x1d,0xcf,0x25,0xae,0x1d,0xcf,0x25,0xae,0x25,0xce,0x2d,0xae,0x25,0xce,0x2d,0xae,0x2d,
0xce,0x2d,0xad,0x2d,0xce,0x35,0xad,0x35,0xcd,0x35,0xad,0x35,0xcd,0x3d,0xad,0x3d,0xcd,0x3d,0xac,0x3d,0xcd,0x45,0xac,0x45,0xcc,0x45,0xac,0x45,0xcc,0x4d,0xab,0x4d,
0xcc,0x4d,0xab,0x4d,0xcc,0x55,0xab,0x4d,0xcb,0x55,0xab,0x55,0xcb,0x5d,0xaa,0x55,0xab,0x5d,0xaa,0x5d,0xab,0x65,0xaa,0x5d,0xaa,0x65,0xaa,0x65,0xaa,0x65,0xaa,0x65,
0xaa,0x6d,0xa9,0x65,0xaa,0x6d,0xa9,0x6d,0xa9,0x75,0xa9,0x6d,0xa9,0x75,0xa9,0x75,0xa9,0x75,0xa8,0x75,0xa9,0x7d,0xa8,0x7d,0xa8,0x7d,0xa8,0x7d,0xa8,0x85,0xa8,0x7d,
0xa8,0x85,0xa7,0x85,0xa8,0x85,0xa7,0x85,0xa8,0x8d,0xa7,0x85,0xa8,0x8d,0xa7,0x8d,0xa7,0x8d,0xa7,0x8d,0xa7,0x95,0xa7,0x8d,0xa7,0x95,0xa6,0x95,0xa7,0x95,0xa6,0x95,
0xa7,0x95,0xa6,0x95,0xa7,0x9d,0xa6,0x9d,0xa6,0x9d,0xa6,0x9d,0xa6,0x9d,0xa6,0x9d,0xa6,0xa5,0xa5,0x9d,0xa6,0xa5,0x85,0xa5,0xa6,0xa5,0x85,0xa5,0xa6,0xad,0x85,0xa5,
0xa5,0xad,0x85,0xa5,0xa5,0xad,0x85,0xad,0xa5,0xad,0x85,0xad,0xa5,0xb5,0x85,0xad,0xa5,0xb5,0x84,0xad,0xa5,0xb5,0x84,0xb5,0xa5,0xb5,0x84,0xb5,0xa5,0xb5,0x84,0xb5,
0xf0,0x15,0x11,0x1e,0xf0,0x15,0x10,0x1e,0xf0,0x15,0x11,0x1e,0xf0,0x15,0xf0,0x1d,0xf0,0x15,0xf1,0x1d,0xf0,0x15,0xf0,0x1d,0xf0,0x15,0xf1,0x1d,0xf0,0x15,0xf0,0x1d,
0xf0,0x15,0xf0,0x1d,0xf0,0x15,0xf0,0x1d,0xf0,0x15,0xf0,0x1d,0xf0,0x15,0xf0,0x15,0xf0,0x15,0xf0,0x1d,0xf0,0x15,0xf0,0x15,0xf0,0x15,0xf0,0x1d,0xf0,0x15,0xf0,0x15,
0xd0,0x15,0xf0,0x15,0xd0,0x15,0xf0,0x15,0xd0,0x15,0xf0,0x15,0xd0,0x15,0xf0,0x15,0xd0,0x15,0xf0,0x15,0xd0,0x15,0xf0,0x15,0xd0,0x15,0xf0,0x15,0xd0,0x15,0xf0,0x15,
0xd0,0x15,0xf0,0x15,0xcf,0x0d,0xd0,0x15,0xd0,0x15,0xd0,0x15,0xcf,0x0d,0xd0,0x15,0xcf,0x0d,0xd0,0x15,0xcf,0x0d,0xd0,0x15,0xcf,0x0d,0xd0,0x15,0xcf,0x0d,0xd0,0x15,
0xcf,0x0d,0xd0,0x15,0xaf,0x0d,0xd0,0x15,0xaf,0x0d,0xd0,0x15,0xaf,0x0d,0xd0,0x15,0xaf,0x0d,0xd0,0x15,0xaf,0x0d,0xcf,0x15,0xaf,0x15,0xcf,0x1d,0xae,0x15,0xcf,0x1d,
0xae,0x1d,0xcf,0x25,0xae,0x1d,0xce,0x25,0xae,0x25,0xce,0x2d,0xad,0x25,0xce,0x2d,0xad,0x2d,0xce,0x35,0xad,0x2d,0xcd,0x35,0xad,0x35,0xad,0x3d,0xac,0x35,0xad,0x3d,
0xac,0x3d,0xad,0x3d,0xac,0x3d,0xac,0x45,0xac,0x45,0xac,0x45,0xab,0x45,0xac,0x4d,0xab,0x4d,0xab,0x4d,0xab,0x4d,0xab,0x55,0xab,0x55,0xab,0x55,0xaa,0x55,0xab,0x5d,
0xaa,0x55,0xaa,0x5d,0xaa,0x5d,0xaa,0x5d,0xaa,0x5d,0xaa,0x65,0xa9,0x65,0xaa,0x65,0xa9,0x65,0xaa,0x6d,0xa9,0x65,0xa9,0x6d,0xa9,0x6d,0xa9,0x75,0xa8,0x6d,0xa9,0x75,
0xa8,0x75,0xa9,0x75,0xa8,0x75,0xa8,0x7d,0xa8,0x7d,0xa8,0x7d,0x87,0x7d,0xa8,0x7d,0x87,0x7d,0xa8,0x85,0x87,0x85,0xa7,0x85,0x87,0x85,0xa7,0x8d,0x87,0x85,0xa7,0x8d,
0x87,0x8d,0xa7,0x8d,0x86,0x8d,0xa7,0x95,0x86,0x8d,0xa7,0x95,0x86,0x95,0xa6,0x95,0x86,0x95,0xa6,0x9d,0x86,0x95,0xa6,0x9d,0x86,0x9d,0xa6,0x9d,0x85,0x9d,0xa6,0x9d,
0x85,0x9d,0xa6,0xa5,0x85,0x9d,0xa5,0xa5,0x85,0xa5,0xa5,0xa5,0x85,0xa5,0xa5,0xa5,0x85,0xa5,0xa5,0xad,0x84,0xa5,0xa5,0xad,0x84,0xad,0xa5,0xad,0x84,0xad,0xa5,0xad,
0x84,0xad,0xa5,0xb5,0x84,0xad,0xa4,0xb5,0x84,0xb5,0xa4,0xb5,0x84,0xb5,0xa4,0xb5,0x11,0x1e,0xf0,0x1d,0x11,0x1e,0xf0,0x1d,0x11,0x1e,0xf0,0x1d,0x11,0x1e,0xf0,0x15,
0x11,0x1e,0xf0,0x1d,0x11,0x1e,0xf0,0x15,0x11,0x1e,0xf0,0x1d,0x11,0x1e,0xf0,0x15,0x11,0x1e,0xf0,0x15,0x11,0x1e,0xf0,0x15,0x11,0x1e,0xf0,0x15,0xf1,0x1d,0xf0,0x15,
0xf1,0x1d,0xf0,0x15,0xf1,0x1d,0xf0,0x15,0xf1,0x1d,0xf0,0x15,0xf0,0x1d,0xf0,0x15,0xf1,0x1d,0xf0,0x15,0xf0,0x1d,0xf0,0x15,0xf1,0x1d,0xf0,0x15,0xf0,0x15,0xf0,0x15,
0xf0,0x1d,0xd0,0x15,0xf0,0x15,0xd0,0x15,0xf0,0x1d,0xd0,0x15,0xf0,0x15,0xd0,0x15,0xf0,0x15,0xd0,0x15,0xf0,0x15,0xd0,0x15,0xf0,0x15,0xd0,0x15,0xf0,0x15,0xd0,0x15,
0xf0,0x15,0xd0,0x15,0xd0,0x15,0xd0,0x15,0xd0,0x15,0xd0,0x15,0xd0,0x15,0xd0,0x0d,0xd0,0x15,0xd0,0x15,0xd0,0x15,0xcf,0x0d,0xd0,0x15,0xd0,0x0d,0xd0,0x15,0xcf,0x0d,
0xd0,0x15,0xaf,0x15,0xd0,0x15,0xaf,0x15,0xd0,0x1d,0xaf,0x15,0xcf,0x1d,0xaf,0x1d,0xcf,0x25,0xae,0x1d,0xcf,0x25,0xae,0x25,0xce,0x2d,0xae,0x25,0xce,0x2d,0xad,0x2d,
0xce,0x35,0xad,0x2d,0xce,0x35,0xad,0x35,0xcd,0x3d,0xad,0x35,0xcd,0x3d,0xac,0x3d,0xcd,0x3d,0xac,0x3d,0xcc,0x45,0xac,0x45,0xcc,0x45,0xac,0x45,0xcc,0x4d,0xab,0x4d,
0xcc,0x4d,0xab,0x4d,0xcb,0x55,0xab,0x4d,0xcb,0x55,0xab,0x55,0xcb,0x5d,0xaa,0x55,0xab,0x5d,0xaa,0x5d,0xaa,0x65,0xaa,0x5d,0xaa,0x65,0xaa,0x65,0xaa,0x65,0xa9,0x65,
0xaa,0x6d,0xa9,0x6d,0xa9,0x6d,0xa9,0x6d,0xa9,0x75,0xa9,0x75,0xa9,0x75,0xa8,0x75,0xa9,0x7d,0xa8,0x75,0xa9,0x7d,0xa8,0x7d,0xa8,0x7d,0xa8,0x7d,0xa8,0x85,0xa8,0x7d,
0xa8,0x85,0xa7,0x85,0xa8,0x85,0xa7,0x85,0xa8,0x8d,0xa7,0x8d,0xa7,0x8d,0xa7,0x8d,0xa7,0x95,0xa7,0x8d,0xa7,0x95,0xa6,0x8d,0xa7,0x95,0xa6,0x95,0xa7,0x95,0xa6,0x95,
0xa7,0x9d,0xa6,0x95,0xa6,0x9d,0xa6,0x9d,0xa6,0x9d,0xa6,0x9d,0xa6,0xa5,0xa5,0x9d,0xa6,0xa5,0x85,0xa5,0xa6,0xa5,0x85,0xa5,0xa6,0xad,0x85,0xa5,0xa5,0xad,0x85,0xa5,
0xa5,0xad,0x85,0xad,0xa5,0xad,0x85,0xad,0xa5,0xb5,0x85,0xad,0xa5,0xb5,0x84,0xad,0xa5,0xb5,0x84,0xb5,0xa5,0xb5,0x84,0xb5,0xa5,0xb5,0x84,0xb5,0xa4,0xbd,0x84,0xb5,
0xf0,0x15,0x10,0x1e,0xf0,0x15,0x11,0x1e,0xf0,0x15,0x10,0x1e,0xf0,0x15,0x11,0x1e,0xf0,0x15,0xf0,0x1d,0xf0,0x15,0xf1,0x1d,0xf0,0x15,0xf0,0x1d,0xf0,0x15,0xf1,0x1d,
0xf0,0x15,0xf0,0x1d,0xf0,0x15,0xf0,0x1d,0xf0,0x15,0xf0,0x1d,0xf0,0x15,0xf0,0x1d,0xf0,0x15,0xf0,0x15,0xf0,0x15,0xf0,0x1d,0xf0,0x15,0xf0,0x15,0xf0,0x15,0xf0,0x1d,
0xd0,0x15,0xf0,0x15,0xd0,0x15,0xf0,0x15,0xd0,0x15,0xf0,0x15,0xd0,0x15,0xf0,0x15,0xd0,0x15,0xf0,0x15,0xd0,0x15,0xf0,0x15,0xd0,0x15,0xf0,0x15,0xd0,0x15,0xf0,0x15,
0xcf,0x15,0xf0,0x15,0xd0,0x15,0xd0,0x15,0xcf,0x0d,0xd0,0x15,0xd0,0x15,0xd0,0x15,0xcf,0x0d,0xd0,0x15,0xcf,0x0d,0xd0,0x15,0xcf,0x0d,0xd0,0x15,0xcf,0x0d,0xd0,0x15,
0xcf,0x0d,0xd0,0x15,0xaf,0x0d,0xd0,0x15,0xaf,0x0d,0xd0,0x15,0xaf,0x0d,0xd0,0x15,0xaf,0x0d,0xd0,0x15,0xaf,0x0d,0xcf,0x15,0xaf,0x15,0xcf,0x1d,0xaf,0x15,0xcf,0x1d,
0xae,0x1d,0xcf,0x25,0xae,0x1d,0xce,0x25,0xae,0x25,0xce,0x25,0xad,0x25,0xce,0x2d,0xad,0x2d,0xcd,0x2d,0xad,0x2d,0xcd,0x35,0xad,0x35,0xad,0x35,0xac,0x35,0xad,0x3d,
0xac,0x3d,0xac,0x3d,0xac,0x3d,0xac,0x45,0xab,0x45,0xac,0x45,0xab,0x45,0xac,0x4d,0xab,0x4d,0xab,0x4d,0xab,0x4d,0xab,0x55,0xaa,0x4d,0xab,0x55,0xaa,0x55,0xab,0x5d,
0xaa,0x55,0xaa,0x5d,0xaa,0x5d,0xaa,0x65,0xa9,0x5d,0xaa,0x65,0xa9,0x65,0xaa,0x6d,0xa9,0x65,0xa9,0x6d,0xa9,0x6d,0xa9,0x6d,0xa8,0x6d,0xa9,0x75,0xa8,0x75,0xa9,0x75,
0xa8,0x75,0xa8,0x7d,0xa8,0x75,0xa8,0x7d,0xa8,0x7d,0xa8,0x7d,0x87,0x7d,0xa8,0x85,0x87,0x7d,0xa8,0x85,0x87,0x85,0xa7,0x8d,0x87,0x85,0xa7,0x8d,0x87,0x8d,0xa7,0x8d,
0x86,0x8d,0xa7,0x8d,0x86,0x8d,0xa7,0x95,0x86,0x8d,0xa6,0x95,0x86,0x95,0xa6,0x9d,0x86,0x95,0xa6,0x9d,0x86,0x9d,0xa6,0x9d,0x85,0x9d,0xa6,0x9d,0x85,0x9d,0xa6,0xa5,
0x85,0x9d,0xa5,0xa5,0x85,0xa5,0xa5,0xa5,0x85,0xa5,0xa5,0xa5,0x85,0xa5,0xa5,0xad,0x84,0xa5,0xa5,0xad,0x84,0xad,0xa5,0xad,0x84,0xad,0xa5,0xad,0x84,0xad,0xa5,0xb5,
0x84,0xad,0xa4,0xb5,0x84,0xb5,0xa4,0xb5,0x84,0xb5,0xa4,0xb5,0x84,0xb5,0xa4,0xbd,0x11,0x1e,0xf0,0x1d,0x11,0x1e,0xf0,0x1d,0x11,0x1e,0xf0,0x1d,0x11,0x1e,0xf0,0x1d,
0x11,0x1e,0xf0,0x15,0x11,0x1e,0xf0,0x1d,0x11,0x1e,0xf0,0x15,0x11,0x1e,0xf0,0x1d,0x11,0x1e,0xf0,0x15,0x11,0x1e,0xf0,0x15,0x11,0x1e,0xf0,0x15,0xf1,0x1d,0xf0,0x15,
0xf1,0x1d,0xf0,0x15,0xf1,0x1d,0xf0,0x15,0xf1,0x1d,0xf0,0x15,0xf1,0x1d,0xf0,0x15,0xf0,0x1d,0xf0,0x15,0xf1,0x1d,0xf0,0x15,0xf0,0x1d,0xf0,0x15,0xf1,0x1d,0xf0,0x15,
0xf0,0x15,0xf0,0x15,0xf0,0x1d,0xd0,0x15,0xf0,0x15,0xd0,0x15,0xf0,0x15,0xd0,0x15,0xf0,0x15,0xd0,0x15,0xf0,0x15,0xd0,0x15,0xf0,0x15,0xd0,0x15,0xf0,0x15,0xd0,0x15,
0xf0,0x15,0xd0,0x15,0xf0,0x15,0xd0,0x15,0xd0,0x15,0xd0,0x15,0xd0,0x15,0xd0,0x15,0xd0,0x15,0xd0,0x0d,0xd0,0x15,0xd0,0x15,0xd0,0x15,0xcf,0x0d,0xd0,0x15,0xd0,0x0d,
0xd0,0x15,0xaf,0x0d,0xd0,0x15,0xaf,0x15,0xcf,0x1d,0xaf,0x15,0xcf,0x1d,0xaf,0x1d,0xcf,0x1d,0xae,0x1d,0xcf,0x25,0xae,0x25,0xce,0x25,0xae,0x25,0xce,0x2d,0xae,0x2d,
0xce,0x2d,0xad,0x2d,0xce,0x35,0xad,0x35,0xcd,0x35,0xad,0x35,0xcd,0x3d,0xad,0x3d,0xcd,0x3d,0xac,0x3d,0xcd,0x45,0xac,0x45,0xcc,0x45,0xac,0x45,0xcc,0x4d,0xab,0x4d,
0xcc,0x4d,0xab,0x4d,0xcc,0x55,0xab,0x55,0xcb,0x55,0xab,0x55,0xcb,0x5d,0xaa,0x5d,0xab,0x5d,0xaa,0x5d,0xaa,0x65,0xaa,0x65,0xaa,0x65,0xa9,0x65,0xaa,0x6d,0xa9,0x65,
0xaa,0x6d,0xa9,0x6d,0xaa,0x75,0xa9,0x6d,0xa9,0x75,0xa9,0x75,0xa9,0x75,0xa8,0x75,0xa9,0x7d,0xa8,0x75,0xa9,0x7d,0xa8,0x7d,0xa8,0x7d,0xa8,0x7d,0xa8,0x85,0xa8,0x85,
0xa8,0x85,0xa7,0x85,0xa8,0x8d,0xa7,0x85,0xa7,0x8d,0xa7,0x8d,0xa7,0x8d,0xa7,0x8d,0xa7,0x95,0xa6,0x8d,0xa7,0x95,0xa6,0x95,0xa7,0x95,0xa6,0x95,0xa7,0x9d,0xa6,0x95,
0xa6,0x9d,0xa6,0x9d,0xa6,0x9d,0xa6,0x9d,0xa6,0xa5,0xa5,0x9d,0xa6,0xa5,0x85,0xa5,0xa6,0xa5,0x85,0xa5,0xa6,0xad,0x85,0xa5,0xa5,0xad,0x85,0xa5,0xa5,0xad,0x85,0xad,
0xa5,0xad,0x85,0xad,0xa5,0xb5,0x85,0xad,0xa5,0xb5,0x84,0xad,0xa5,0xb5,0x84,0xb5,0xa5,0xb5,0x84,0xb5,0xa5,0xb5,0x84,0xb5,0xa4,0xbd,0x84,0xb5,0xa4,0xbd,0x84,0xbd,
0xf0,0x15,0x11,0x1e,0xf0,0x15,0x10,0x1e,0xf0,0x15,0x11,0x1e,0xf0,0x15,0x10,0x1e,0xf0,0x15,0x11,0x1e,0xf0,0x15,0xf0,0x1d,0xf0,0x15,0xf1,0x1d,0xf0,0x15,0xf0,0x1d,
0xf0,0x15,0xf0,0x1d,0xf0,0x15,0xf0,0x1d,0xf0,0x15,0xf0,0x1d,0xf0,0x15,0xf0,0x1d,0xf0,0x15,0xf0,0x1d,0xf0,0x15,0xf0,0x15,0xf0,0x15,0xf0,0x1d,0xf0,0x15,0xf0,0x15,
0xf0,0x15,0xf0,0x15,0xd0,0x15,0xf0,0x15,0xd0,0x15,0xf0,0x15,0xd0,0x15,0xf0,0x15,0xd0,0x15,0xf0,0x15,0xd0,0x15,0xf0,0x15,0xd0,0x15,0xf0,0x15,0xd0,0x15,0xf0,0x15,
0xd0,0x15,0xf0,0x15,0xcf,0x15,0xf0,0x15,0xd0,0x15,0xd0,0x15,0xcf,0x0d,0xd0,0x15,0xd0,0x15,0xd0,0x15,0xcf,0x0d,0xd0,0x15,0xcf,0x0d,0xd0,0x15,0xcf,0x0d,0xd0,0x15,
0xcf,0x0d,0xd0,0x15,0xcf,0x0d,0xd0,0x15,0xaf,0x0d,0xd0,0x15,0xaf,0x0d,0xd0,0x15,0xaf,0x0d,0xd0,0x15,0xaf,0x0d,0xcf,0x15,0xaf,0x15,0xcf,0x1d,0xae,0x15,0xcf,0x1d,
0xae,0x1d,0xcf,0x25,0xae,0x1d,0xce,0x25,0xae,0x25,0xce,0x2d,0xad,0x25,0xce,0x2d,0xad,0x2d,0xce,0x35,0xad,0x2d,0xcd,0x35,0xad,0x35,0xad,0x3d,0xac,0x35,0xad,0x3d,
0xac,0x3d,0xac,0x45,0xac,0x3d,0xac,0x45,0xac,0x45,0xac,0x4d,0xab,0x45,0xac,0x4d,0xab,0x4d,0xab,0x4d,0xab,0x4d,0xab,0x55,0xaa,0x55,0xab,0x55,0xaa,0x55,0xaa,0x5d,
0xaa,0x5d,0xaa,0x5d,0xaa,0x5d,0xaa,0x65,0xa9,0x65,0xaa,0x65,0xa9,0x65,0xa9,0x6d,0xa9,0x65,0xa9,0x6d,0xa9,0x6d,0xa9,0x6d,0xa8,0x6d,0xa9,0x75,0xa8,0x75,0xa9,0x75,
0xa8,0x75,0xa8,0x7d,0xa8,0x75,0xa8,0x7d,0x88,0x7d,0xa8,0x85,0x87,0x7d,0xa8,0x85,0x87,0x85,0xa8,0x85,0x87,0x85,0xa7,0x8d,0x87,0x85,0xa7,0x8d,0x86,0x8d,0xa7,0x8d,
0x86,0x8d,0xa7,0x95,0x86,0x8d,0xa6,0x95,0x86,0x95,0xa6,0x95,0x86,0x95,0xa6,0x9d,0x86,0x95,0xa6,0x9d,0x85,0x9d,0xa6,0x9d,0x85,0x9d,0xa6,0xa5,0x85,0x9d,0xa5,0xa5,
0x85,0xa5,0xa5,0xa5,0x85,0xa5,0xa5,0xa5,0x85,0xa5,0xa5,0xad,0x84,0xa5,0xa5,0xad,0x84,0xad,0xa5,0xad,0x84,0xad,0xa5,0xad,0x84,0xad,0xa5,0xb5,0x84,0xad,0xa4,0xb5,
0x84,0xb5,0xa4,0xb5,0x84,0xb5,0xa4,0xb5,0x84,0xb5,0xa4,0xbd,0x83,0xb5,0xa4,0xbd,0x11,0x1e,0xf0,0x1d,0x11,0x1e,0xf0,0x1d,0x11,0x1e,0xf0,0x1d,0x11,0x1e,0xf0,0x1d,
0x11,0x1e,0xf0,0x1d,0x11,0x1e,0xf0,0x15,0x11,0x1e,0xf0,0x1d,0x11,0x1e,0xf0,0x15,0x11,0x1e,0xf0,0x1d,0x11,0x1e,0xf0,0x15,0x11,0x1e,0xf0,0x15,0x11,0x1e,0xf0,0x15,
0xf1,0x1d,0xf0,0x15,0xf1,0x1d,0xf0,0x15,0xf1,0x1d,0xf0,0x15,0xf0,0x1d,0xf0,0x15,0xf1,0x1d,0xf0,0x15,0xf0,0x1d,0xf0,0x15,0xf1,0x1d,0xf0,0x15,0xf0,0x1d,0xf0,0x15,
0xf1,0x1d,0xf0,0x15,0xf0,0x15,0xf0,0x15,0xf0,0x1d,0xd0,0x15,0xf0,0x15,0xd0,0x15,0xf0,0x15,0xd0,0x15,0xf0,0x15,0xd0,0x15,0xf0,0x15,0xd0,0x15,0xf0,0x15,0xd0,0x15,
0xf0,0x15,0xd0,0x15,0xf0,0x15,0xd0,0x15,0xd0,0x15,0xd0,0x15,0xd0,0x15,0xd0,0x15,0xd0,0x15,0xd0,0x15,0xd0,0x15,0xcf,0x0d,0xd0,0x15,0xd0,0x0d,0xd0,0x15,0xcf,0x0d,
0xd0,0x15,0xd0,0x0d,0xd0,0x15,0xaf,0x15,0xd0,0x1d,0xaf,0x15,0xcf,0x1d,0xaf,0x1d,0xcf,0x25,0xae,0x1d,0xcf,0x25,0xae,0x25,0xcf,0x2d,0xae,0x25,0xce,0x2d,0xad,0x2d,
0xce,0x35,0xad,0x2d,0xce,0x35,0xad,0x35,0xcd,0x3d,0xad,0x35,0xcd,0x3d,0xac,0x3d,0xcd,0x45,0xac,0x3d,0xcc,0x45,0xac,0x45,0xcc,0x4d,0xac,0x45,0xcc,0x4d,0xab,0x4d,
0xcc,0x55,0xab,0x4d,0xcb,0x55,0xab,0x55,0xcb,0x5d,0xab,0x55,0xab,0x5d,0xaa,0x5d,0xab,0x5d,0xaa,0x5d,0xaa,0x65,0xaa,0x65,0xaa,0x65,0xaa,0x65,0xaa,0x6d,0xa9,0x65,
0xaa,0x6d,0xa9,0x6d,0xa9,0x75,0xa9,0x6d,0xa9,0x75,0xa9,0x75,0xa9,0x75,0xa8,0x75,0xa9,0x7d,0xa8,0x7d,0xa8,0x7d,0xa8,0x7d,0xa8,0x85,0xa8,0x7d,0xa8,0x85,0xa7,0x85,
0xa8,0x8d,0xa7,0x85,0xa8,0x8d,0xa7,0x8d,0xa7,0x8d,0xa7,0x8d,0xa7,0x95,0xa7,0x8d,0xa7,0x95,0xa6,0x95,0xa7,0x95,0xa6,0x95,0xa7,0x9d,0xa6,0x95,0xa6,0x9d,0xa6,0x9d,
0xa6,0x9d,0xa6,0x9d,0xa6,0x9d,0xa5,0x9d,0xa6,0xa5,0x85,0xa5,0xa6,0xa5,0x85,0xa5,0xa6,0xa5,0x85,0xa5,0xa5,0xad,0x85,0xa5,0xa5,0xad,0x85,0xad,0xa5,0xad,0x85,0xad,
0xa5,0xb5,0x85,0xad,0xa5,0xb5,0x84,0xad,0xa5,0xb5,0x84,0xb5,0xa5,0xb5,0x84,0xb5,0xa5,0xbd,0x84,0xb5,0xa4,0xbd,0x84,0xb5,0xa4,0xbd,0x84,0xbd,0xa4,0xbd,0x83,0xbd,
0xf0,0x15,0x11,0x1e,0xf0,0x15,0x11,0x1e,0xf0,0x15,0x10,0x1e,0xf0,0x15,0x11,0x1e,0xf0,0x15,0x10,0x1e,0xf0,0x15,0x11,0x1e,0xf0,0x15,0xf0,0x1d,0xf0,0x15,0xf1,0x1d,
0xf0,0x15,0xf0,0x1d,0xf0,0x15,0xf0,0x1d,0xf0,0x15,0xf0,0x1d,0xf0,0x15,0xf0,0x1d,0xf0,0x15,0xf0,0x1d,0xf0,0x15,0xf0,0x1d,0xf0,0x15,0xf0,0x15,0xf0,0x15,0xf0,0x1d,
0xf0,0x15,0xf0,0x15,0xf0,0x15,0xf0,0x15,0xd0,0x15,0xf0,0x15,0xd0,0x15,0xf0,0x15,0xd0,0x15,0xf0,0x15,0xd0,0x15,0xf0,0x15,0xd0,0x15,0xf0,0x15,0xd0,0x15,0xf0,0x15,
0xd0,0x15,0xf0,0x15,0xd0,0x15,0xf0,0x15,0xcf,0x15,0xd0,0x15,0xd0,0x15,0xd0,0x15,0xcf,0x0d,0xd0,0x15,0xd0,0x15,0xd0,0x15,0xcf,0x0d,0xd0,0x15,0xcf,0x0d,0xd0,0x15,
0xcf,0x0d,0xd0,0x15,0xcf,0x0d,0xd0,0x15,0xaf,0x0d,0xd0,0x15,0xaf,0x0d,0xd0,0x15,0xaf,0x0d,0xd0,0x15,0xaf,0x0d,0xd0,0x15,0xaf,0x15,0xcf,0x15,0xaf,0x15,0xcf,0x1d,
0xae,0x1d,0xcf,0x1d,0xae,0x1d,0xce,0x25,0xae,0x25,0xce,0x25,0xae,0x25,0xce,0x2d,0xad,0x2d,0xcd,0x2d,0xad,0x2d,0xcd,0x35,0xad,0x35,0xad,0x35,0xac,0x35,0xad,0x3d,
0xac,0x3d,0xac,0x3d,0xac,0x3d,0xac,0x45,0xab,0x45,0xac,0x45,0xab,0x45,0xac,0x4d,0xab,0x4d,0xab,0x4d,0xab,0x4d,0xab,0x55,0xaa,0x55,0xab,0x55,0xaa,0x55,0xab,0x5d,
0xaa,0x5d,0xaa,0x5d,0xaa,0x5d,0xaa,0x65,0xa9,0x65,0xaa,0x65,0xa9,0x65,0xa9,0x6d,0xa9,0x65,0xa9,0x6d,0xa9,0x6d,0xa9,0x75,0xa8,0x6d,0xa9,0x75,0xa8,0x75,0xa9,0x7d,
0xa8,0x75,0xa8,0x7d,0x88,0x7d,0xa8,0x7d,0x87,0x7d,0xa8,0x85,0x87,0x85,0xa8,0x85,0x87,0x85,0xa7,0x85,0x87,0x85,0xa7,0x8d,0x86,0x8d,0xa7,0x8d,0x86,0x8d,0xa7,0x95,
0x86,0x8d,0xa7,0x95,0x86,0x95,0xa6,0x95,0x86,0x95,0xa6,0x9d,0x86,0x95,0xa6,0x9d,0x85,0x9d,0xa6,0x9d,0x85,0x9d,0xa6,0xa5,0x85,0x9d,0xa5,0xa5,0x85,0xa5,0xa5,0xa5,
0x85,0xa5,0xa5,0xa5,0x85,0xa5,0xa5,0xad,0x84,0xa5,0xa5,0xad,0x84,0xad,0xa5,0xad,0x84,0xad,0xa5,0xad,0x84,0xad,0xa5,0xb5,0x84,0xad,0xa4,0xb5,0x84,0xb5,0xa4,0xb5,
0x84,0xb5,0xa4,0xb5,0x84,0xb5,0xa4,0xbd,0x83,0xb5,0xa4,0xbd,0x83,0xbd,0xa4,0xbd,0x11,0x1e,0xf0,0x1d,0x11,0x1e,0xf0,0x1d,0x11,0x1e,0xf0,0x1d,0x11,0x1e,0xf0,0x1d,
0x11,0x1e,0xf0,0x1d,0x11,0x1e,0xf0,0x1d,0x11,0x1e,0xf0,0x15,0x11,0x1e,0xf0,0x1d,0x11,0x1e,0xf0,0x15,0x11,0x1e,0xf0,0x1d,0x11,0x1e,0xf0,0x15,0x11,0x1e,0xf0,0x15,
0x11,0x1e,0xf0,0x15,0xf1,0x1d,0xf0,0x15,0xf1,0x1d,0xf0,0x15,0xf1,0x1d,0xf0,0x15,0xf0,0x1d,0xf0,0x15,0xf1,0x1d,0xf0,0x15,0xf0,0x1d,0xf0,0x15,0xf1,0x1d,0xf0,0x15,
0xf0,0x1d,0xf0,0x15,0xf0,0x1d,0xf0,0x15,0xf0,0x15,0xd0,0x15,0xf0,0x1d,0xd0,0x15,0xf0,0x15,0xd0,0x15,0xf0,0x15,0xd0,0x15,0xf0,0x15,0xd0,0x15,0xf0,0x15,0xd0,0x15,
0xf0,0x15,0xd0,0x15,0xf0,0x15,0xd0,0x15,0xf0,0x15,0xd0,0x15,0xd0,0x15,0xd0,0x15,0xd0,0x15,0xd0,0x0d,0xd0,0x15,0xd0,0x15,0xd0,0x15,0xcf,0x0d,0xd0,0x15,0xd0,0x0d,
0xd0,0x15,0xcf,0x0d,0xd0,0x15,0xaf,0x15,0xd0,0x15,0xaf,0x15,0xcf,0x1d,0xaf,0x1d,0xcf,0x1d,0xae,0x1d,0xcf,0x25,0xae,0x25,0xce,0x25,0xae,0x25,0xce,0x2d,0xae,0x2d,
0xce,0x2d,0xad,0x2d,0xce,0x35,0xad,0x35,0xcd,0x35,0xad,0x35,0xcd,0x3d,0xac,0x3d,0xcd,0x3d,0xac,0x3d,0xcd,0x45,0xac,0x45,0xcc,0x45,0xab,0x45,0xcc,0x4d,0xab,0x4d,
0xcc,0x4d,0xab,0x4d,0xcb,0x55,0xab,0x55,0xcb,0x55,0xaa,0x55,0xab,0x5d,0xaa,0x5d,0xaa,0x5d,0xaa,0x5d,0xaa,0x65,0xaa,0x65,0xaa,0x65,0xa9,0x65,0xaa,0x6d,0xa9,0x6d,
0xa9,0x6d,0xa9,0x6d,0xa9,0x75,0xa9,0x75,0xa9,0x75,0xa8,0x75,0xa9,0x7d,0xa8,0x75,0xa8,0x7d,0xa8,0x7d,0xa8,0x85,0xa8,0x7d,0xa8,0x85,0xa7,0x85,0xa8,0x85,0xa7,0x85,
0xa8,0x8d,0xa7,0x85,0xa8,0x8d,0xa7,0x8d,0xa7,0x8d,0xa7,0x8d,0xa7,0x95,0xa7,0x95,0xa7,0x95,0xa6,0x95,0xa7,0x9d,0xa6,0x95,0xa6,0x9d,0xa6,0x95,0xa6,0x9d,0xa6,0x9d,
0xa6,0x9d,0xa5,0x9d,0xa6,0xa5,0xa5,0xa5,0xa6,0xa5,0x85,0xa5,0xa6,0xa5,0x85,0xa5,0xa5,0xad,0x85,0xa5,0xa5,0xad,0x85,0xad,0xa5,0xad,0x85,0xad,0xa5,0xb5,0x85,0xad,
0xa5,0xb5,0x84,0xad,0xa5,0xb5,0x84,0xb5,0xa5,0xb5,0x84,0xb5,0xa5,0xbd,0x84,0xb5,0xa4,0xbd,0x84,0xb5,0xa4,0xbd,0x84,0xbd,0xa4,0xbd,0x83,0xbd,0xa4,0xbd,0x83,0xbd,
0xf0,0x1d,0x11,0x1e,0xf0,0x15,0x11,0x1e,0xf0,0x15,0x11,0x1e,0xf0,0x15,0x11,0x1e,0xf0,0x15,0x11,0x1e,0xf0,0x15,0x10,0x1e,0xf0,0x15,0x11,0x1e,0xf0,0x15,0xf0,0x1d,
0xf0,0x15,0xf1,0x1d,0xf0,0x15,0xf0,0x1d,0xf0,0x15,0xf0,0x1d,0xf0,0x15,0xf0,0x1d,0xf0,0x15,0xf0,0x1d,0xf0,0x15,0xf0,0x1d,0xf0,0x15,0xf0,0x1d,0xf0,0x15,0xf0,0x15,
0xf0,0x15,0xf0,0x1d,0xf0,0x15,0xf0,0x15,0xf0,0x15,0xf0,0x15,0xd0,0x15,0xf0,0x15,0xd0,0x15,0xf0,0x15,0xd0,0x15,0xf0,0x15,0xd0,0x15,0xf0,0x15,0xd0,0x15,0xf0,0x15,
0xd0,0x15,0xf0,0x15,0xd0,0x15,0xf0,0x15,0xd0,0x15,0xf0,0x15,0xcf,0x15,0xd0,0x15,0xd0,0x15,0xd0,0x15,0xcf,0x0d,0xd0,0x15,0xcf,0x0d,0xd0,0x15,0xcf,0x0d,0xd0,0x15,
0xcf,0x0d,0xd0,0x15,0xcf,0x0d,0xd0,0x15,0xaf,0x0d,0xd0,0x15,0xaf,0x0d,0xd0,0x15,0xaf,0x0d,0xd0,0x15,0xaf,0x0d,0xcf,0x15,0xaf,0x15,0xcf,0x15,0xaf,0x15,0xcf,0x1d,
0xae,0x1d,0xcf,0x1d,0xae,0x1d,0xce,0x25,0xae,0x25,0xce,0x25,0xad,0x25,0xce,0x2d,0xad,0x2d,0xce,0x35,0xad,0x2d,0xcd,0x35,0xad,0x35,0xad,0x3d,0xac,0x35,0xad,0x3d,
0xac,0x3d,0xac,0x45,0xac,0x3d,0xac,0x45,0xab,0x45,0xac,0x4d,0xab,0x45,0xab,0x4d,0xab,0x4d,0xab,0x55,0xab,0x4d,0xab,0x55,0xaa,0x55,0xab,0x5d,0xaa,0x55,0xaa,0x5d,
0xaa,0x5d,0xaa,0x65,0xa9,0x5d,0xaa,0x65,0xa9,0x65,0xaa,0x6d,0xa9,0x65,0xa9,0x6d,0xa9,0x6d,0xa9,0x75,0xa8,0x6d,0xa9,0x75,0xa8,0x75,0xa9,0x75,0xa8,0x75,0xa8,0x7d,
0xa8,0x7d,0xa8,0x7d,0x87,0x7d,0xa8,0x85,0x87,0x7d,0xa8,0x85,0x87,0x85,0xa7,0x85,0x87,0x85,0xa7,0x8d,0x87,0x85,0xa7,0x8d,0x86,0x8d,0xa7,0x95,0x86,0x8d,0xa7,0x95,
0x86,0x95,0xa6,0x95,0x86,0x95,0xa6,0x9d,0x86,0x95,0xa6,0x9d,0x85,0x95,0xa6,0x9d,0x85,0x9d,0xa6,0xa5,0x85,0x9d,0xa5,0xa5,0x85,0xa5,0xa5,0xa5,0x85,0xa5,0xa5,0xa5,
0x85,0xa5,0xa5,0xad,0x84,0xa5,0xa5,0xad,0x84,0xad,0xa5,0xad,0x84,0xad,0xa5,0xad,0x84,0xad,0xa5,0xb5,0x84,0xad,0xa4,0xb5,0x84,0xb5,0xa4,0xb5,0x84,0xb5,0xa4,0xb5,
0x84,0xb5,0xa4,0xbd,0x83,0xb5,0xa4,0xbd,0x83,0xbd,0xa4,0xbd,0x83,0xbd,0xa4,0xbd,0x11,0x1e,0x10,0x1e,0x11,0x1e,0xf0,0x1d,0x11,0x1e,0xf0,0x1d,0x11,0x1e,0xf0,0x1d,
0x11,0x1e,0xf0,0x1d,0x11,0x1e,0xf0,0x1d,0x11,0x1e,0xf0,0x1d,0x11,0x1e,0xf0,0x15,0x11,0x1e,0xf0,0x1d,0x11,0x1e,0xf0,0x15,0x11,0x1e,0xf0,0x1d,0x11,0x1e,0xf0,0x15,
0x11,0x1e,0xf0,0x15,0x11,0x1e,0xf0,0x15,0xf1,0x1d,0xf0,0x15,0xf1,0x1d,0xf0,0x15,0xf1,0x1d,0xf0,0x15,0xf0,0x1d,0xf0,0x15,0xf1,0x1d,0xf0,0x15,0xf0,0x1d,0xf0,0x15,
0xf1,0x1d,0xf0,0x15,0xf0,0x1d,0xf0,0x15,0xf0,0x1d,0xf0,0x15,0xf0,0x15,0xd0,0x15,0xf0,0x1d,0xd0,0x15,0xf0,0x15,0xd0,0x15,0xf0,0x15,0xd0,0x15,0xf0,0x15,0xd0,0x15,
0xf0,0x15,0xd0,0x15,0xf0,0x15,0xd0,0x15,0xf0,0x15,0xd0,0x15,0xd0,0x15,0xd0,0x15,0xd0,0x15,0xd0,0x15,0xd0,0x15,0xd0,0x0d,0xd0,0x15,0xd0,0x15,0xd0,0x15,0xcf,0x0d,
0xd0,0x15,0xd0,0x0d,0xd0,0x15,0xaf,0x0d,0xd0,0x15,0xaf,0x15,0xcf,0x1d,0xaf,0x1d,0xcf,0x1d,0xaf,0x1d,0xcf,0x25,0xae,0x25,0xcf,0x25,0xae,0x25,0xce,0x2d,0xae,0x2d,
0xce,0x2d,0xad,0x2d,0xce,0x35,0xad,0x35,0xcd,0x3d,0xad,0x35,0xcd,0x3d,0xac,0x3d,0xcd,0x45,0xac,0x3d,0xcc,0x45,0xac,0x45,0xcc,0x4d,0xac,0x45,0xcc,0x4d,0xab,0x4d,
0xcc,0x55,0xab,0x4d,0xcb,0x55,0xab,0x55,0xcb,0x5d,0xaa,0x55,0xab,0x5d,0xaa,0x5d,0xab,0x65,0xaa,0x5d,0xaa,0x65,0xaa,0x65,0xaa,0x6d,0xa9,0x65,0xaa,0x6d,0xa9,0x6d,
0xa9,0x75,0xa9,0x6d,0xa9,0x75,0xa8,0x75,0xa9,0x7d,0xa8,0x75,0xa9,0x7d,0xa8,0x7d,0xa8,0x7d,0xa8,0x7d,0xa8,0x85,0xa8,0x7d,0xa8,0x85,0xa7,0x85,0xa8,0x8d,0xa7,0x85,
0xa8,0x8d,0xa7,0x8d,0xa7,0x8d,0xa7,0x8d,0xa7,0x95,0xa7,0x8d,0xa7,0x95,0xa6,0x95,0xa7,0x95,0xa6,0x95,0xa6,0x9d,0xa6,0x95,0xa6,0x9d,0xa6,0x9d,0xa6,0x9d,0xa6,0x9d,
0xa6,0xa5,0xa5,0x9d,0xa6,0xa5,0x85,0xa5,0xa6,0xa5,0x85,0xa5,0xa5,0xad,0x85,0xa5,0xa5,0xad,0x85,0xad,0xa5,0xad,0x85,0xad,0xa5,0xb5,0x85,0xad,0xa5,0xb5,0x84,0xad,
0xa5,0xb5,0x84,0xb5,0xa5,0xb5,0x84,0xb5,0xa5,0xbd,0x84,0xb5,0xa4,0xbd,0x84,0xb5,0xa4,0xbd,0x84,0xbd,0xa4,0xbd,0x83,0xbd,0xa4,0xbd,0x83,0xbd,0xa4,0xc5,0x83,0xbd,
0xf0,0x15,0x11,0x1e,0xf0,0x1d,0x11,0x1e,0xf0,0x15,0x11,0x1e,0xf0,0x15,0x11,0x1e,0xf0,0x15,0x11,0x1e,0xf0,0x15,0x11,0x1e,0xf0,0x15,0x10,0x1e,0xf0,0x15,0x11,0x1e,
0xf0,0x15,0xf0,0x1d,0xf0,0x15,0xf1,0x1d,0xf0,0x15,0xf0,0x1d,0xf0,0x15,0xf0,0x1d,0xf0,0x15,0xf0,0x1d,0xf0,0x15,0xf0,0x1d,0xf0,0x15,0xf0,0x1d,0xf0,0x15,0xf0,0x1d,
0xf0,0x15,0xf0,0x15,0xf0,0x15,0xf0,0x1d,0xf0,0x15,0xf0,0x15,0xd0,0x15,0xf0,0x15,0xd0,0x15,0xf0,0x15,0xd0,0x15,0xf0,0x15,0xd0,0x15,0xf0,0x15,0xd0,0x15,0xf0,0x15,
0xd0,0x15,0xf0,0x15,0xd0,0x15,0xf0,0x15,0xd0,0x15,0xf0,0x15,0xd0,0x15,0xd0,0x15,0xcf,0x0d,0xd0,0x15,0xd0,0x15,0xd0,0x15,0xcf,0x0d,0xd0,0x15,0xcf,0x0d,0xd0,0x15,
0xcf,0x0d,0xd0,0x15,0xcf,0x0d,0xd0,0x15,0xcf,0x0d,0xd0,0x15,0xaf,0x0d,0xd0,0x15,0xaf,0x0d,0xd0,0x15,0xaf,0x0d,0xd0,0x15,0xaf,0x0d,0xcf,0x15,0xaf,0x15,0xcf,0x1d,
0xae,0x15,0xcf,0x1d,0xae,0x1d,0xce,0x25,0xae,0x25,0xce,0x25,0xae,0x25,0xce,0x2d,0xad,0x2d,0xcd,0x2d,0xad,0x2d,0xcd,0x35,0xad,0x35,0xad,0x35,0xac,0x35,0xad,0x3d,
0xac,0x3d,0xac,0x45,0xac,0x3d,0xac,0x45,0xab,0x45,0xac,0x4d,0xab,0x45,0xac,0x4d,0xab,0x4d,0xab,0x55,0xab,0x55,0xab,0x55,0xaa,0x55,0xab,0x5d,0xaa,0x5d,0xaa,0x5d,
0xaa,0x5d,0xaa,0x65,0xa9,0x65,0xaa,0x65,0xa9,0x65,0xa9,0x6d,0xa9,0x6d,0xa9,0x6d,0xa9,0x6d,0xa9,0x75,0xa8,0x6d,0xa9,0x75,0xa8,0x75,0xa8,0x75,0xa8,0x75,0xa8,0x7d,
0x88,0x7d,0xa8,0x7d,0x87,0x7d,0xa8,0x85,0x87,0x7d,0xa7,0x85,0x87,0x85,0xa7,0x8d,0x87,0x85,0xa7,0x8d,0x87,0x8d,0xa7,0x8d,0x86,0x8d,0xa7,0x95,0x86,0x95,0xa7,0x95,
0x86,0x95,0xa6,0x95,0x86,0x95,0xa6,0x9d,0x85,0x95,0xa6,0x9d,0x85,0x9d,0xa6,0xa5,0x85,0x9d,0xa6,0xa5,0x85,0xa5,0xa5,0xa5,0x85,0xa5,0xa5,0xa5,0x85,0xa5,0xa5,0xad,
0x84,0xa5,0xa5,0xad,0x84,0xad,0xa5,0xad,0x84,0xad,0xa5,0xad,0x84,0xad,0xa5,0xb5,0x84,0xad,0xa4,0xb5,0x84,0xb5,0xa4,0xb5,0x84,0xb5,0xa4,0xb5,0x84,0xb5,0xa4,0xbd,
0x83,0xb5,0xa4,0xbd,0x83,0xbd,0xa4,0xbd,0x83,0xbd,0xa4,0xbd,0x83,0xbd,0xa4,0xc5,0x11,0x1e,0x10,0x1e,0x11,0x1e,0x10,0x1e,0x11,0x1e,0xf0,0x1d,0x11,0x1e,0xf0,0x1d,
0x11,0x1e,0xf0,0x1d,0x11,0x1e,0xf0,0x1d,0x11,0x1e,0xf0,0x1d,0x11,0x1e,0xf0,0x1d,0x11,0x1e,0xf0,0x15,0x11,0x1e,0xf0,0x1d,0x11,0x1e,0xf0,0x15,0x11,0x1e,0xf0,0x1d,
0x11,0x1e,0xf0,0x15,0x11,0x1e,0xf0,0x15,0x11,0x1e,0xf0,0x15,0xf1,0x1d,0xf0,0x15,0xf1,0x1d,0xf0,0x15,0xf1,0x1d,0xf0,0x15,0xf0,0x1d,0xf0,0x15,0xf1,0x1d,0xf0,0x15,
0xf0,0x1d,0xf0,0x15,0xf1,0x1d,0xf0,0x15,0xf0,0x1d,0xf0,0x15,0xf0,0x1d,0xf0,0x15,0xf0,0x15,0xd0,0x15,0xf0,0x1d,0xd0,0x15,0xf0,0x15,0xd0,0x15,0xf0,0x15,0xd0,0x15,
0xf0,0x15,0xd0,0x15,0xf0,0x15,0xd0,0x15,0xf0,0x15,0xd0,0x15,0xd0,0x15,0xd0,0x15,0xd0,0x15,0xd0,0x15,0xd0,0x15,0xd0,0x15,0xd0,0x15,0xcf,0x0d,0xd0,0x15,0xd0,0x0d,
0xd0,0x15,0xcf,0x0d,0xd0,0x15,0xaf,0x0d,0xd0,0x15,0xaf,0x15,0xd0,0x1d,0xaf,0x1d,0xcf,0x1d,0xae,0x1d,0xcf,0x25,0xae,0x25,0xce,0x25,0xae,0x25,0xce,0x2d,0xae,0x2d,
0xce,0x2d,0xad,0x2d,0xce,0x35,0xad,0x35,0xcd,0x35,0xad,0x35,0xcd,0x3d,0xac,0x3d,0xcd,0x45,0xac,0x3d,0xcc,0x45,0xac,0x45,0xcc,0x4d,0xab,0x45,0xcc,0x4d,0xab,0x4d,
0xcb,0x55,0xab,0x4d,0xcb,0x55,0xab,0x55,0xcb,0x5d,0xaa,0x55,0xab,0x5d,0xaa,0x5d,0xaa,0x65,0xaa,0x5d,0xaa,0x65,0xaa,0x65,0xaa,0x6d,0xa9,0x65,0xaa,0x6d,0xa9,0x6d,
0xa9,0x75,0xa9,0x6d,0xa9,0x75,0xa8,0x75,0xa9,0x7d,0xa8,0x75,0xa9,0x7d,0xa8,0x7d,0xa8,0x85,0xa8,0x7d,0xa8,0x85,0xa8,0x85,0xa8,0x85,0xa7,0x85,0xa8,0x8d,0xa7,0x8d,
0xa7,0x8d,0xa7,0x8d,0xa7,0x95,0xa7,0x8d,0xa7,0x95,0xa6,0x95,0xa7,0x95,0xa6,0x95,0xa7,0x9d,0xa6,0x95,0xa6,0x9d,0xa6,0x9d,0xa6,0x9d,0xa6,0x9d,0xa6,0xa5,0xa5,0x9d,
0xa6,0xa5,0x85,0xa5,0xa6,0xa5,0x85,0xa5,0xa5,0xad,0x85,0xa5,0xa5,0xad,0x85,0xad,0xa5,0xad,0x85,0xad,0xa5,0xb5,0x85,0xad,0xa5,0xb5,0x84,0xad,0xa5,0xb5,0x84,0xb5,
0xa5,0xb5,0x84,0xb5,0xa5,0xbd,0x84,0xb5,0xa4,0xbd,0x84,0xb5,0xa4,0xbd,0x84,0xbd,0xa4,0xbd,0x83,0xbd,0xa4,0xc5,0x83,0xbd,0xa4,0xc5,0x83,0xbd,0xa4,0xc5,0x83,0xc5,
0xf0,0x1d,0x11,0x1e,0xf0,0x15,0x11,0x1e,0xf0,0x1d,0x11,0x1e,0xf0,0x15,0x11,0x1e,0xf0,0x15,0x11,0x1e,0xf0,0x15,0x11,0x1e,0xf0,0x15,0x11,0x1e,0xf0,0x15,0x10,0x1e,
0xf0,0x15,0x11,0x1e,0xf0,0x15,0xf0,0x1d,0xf0,0x15,0xf1,0x1d,0xf0,0x15,0xf0,0x1d,0xf0,0x15,0xf0,0x1d,0xf0,0x15,0xf0,0x1d,0xf0,0x15,0xf0,0x1d,0xf0,0x15,0xf0,0x1d,
0xf0,0x15,0xf0,0x1d,0xf0,0x15,0xf0,0x15,0xf0,0x15,0xf0,0x1d,0xf0,0x15,0xf0,0x15,0xd0,0x15,0xf0,0x15,0xd0,0x15,0xf0,0x15,0xd0,0x15,0xf0,0x15,0xd0,0x15,0xf0,0x15,
0xd0,0x15,0xf0,0x15,0xd0,0x15,0xf0,0x15,0xd0,0x15,0xf0,0x15,0xcf,0x15,0xf0,0x15,0xd0,0x15,0xd0,0x15,0xcf,0x0d,0xd0,0x15,0xd0,0x15,0xd0,0x15,0xcf,0x0d,0xd0,0x15,
0xcf,0x0d,0xd0,0x15,0xcf,0x0d,0xd0,0x15,0xcf,0x0d,0xd0,0x15,0xaf,0x0d,0xd0,0x15,0xaf,0x0d,0xd0,0x15,0xaf,0x0d,0xd0,0x15,0xaf,0x0d,0xcf,0x15,0xaf,0x15,0xcf,0x1d,
0xae,0x1d,0xcf,0x1d,0xae,0x1d,0xce,0x25,0xae,0x25,0xce,0x25,0xad,0x25,0xce,0x2d,0xad,0x2d,0xce,0x2d,0xad,0x2d,0xcd,0x35,0xad,0x35,0xad,0x3d,0xac,0x35,0xad,0x3d,
0xac,0x3d,0xac,0x45,0xac,0x3d,0xac,0x45,0xab,0x45,0xac,0x4d,0xab,0x45,0xab,0x4d,0xab,0x4d,0xab,0x55,0xaa,0x55,0xab,0x55,0xaa,0x55,0xab,0x5d,0xaa,0x5d,0xaa,0x5d,
0xaa,0x5d,0xaa,0x65,0xa9,0x65,0xaa,0x65,0xa9,0x65,0xa9,0x6d,0xa9,0x6d,0xa9,0x6d,0xa9,0x6d,0xa9,0x75,0xa8,0x75,0xa9,0x75,0xa8,0x75,0xa8,0x7d,0xa8,0x75,0xa8,0x7d,
0x88,0x7d,0xa8,0x85,0x87,0x7d,0xa8,0x85,0x87,0x85,0xa7,0x8d,0x87,0x85,0xa7,0x8d,0x87,0x8d,0xa7,0x8d,0x86,0x8d,0xa7,0x95,0x86,0x8d,0xa7,0x95,0x86,0x95,0xa6,0x95,
0x86,0x95,0xa6,0x9d,0x85,0x95,0xa6,0x9d,0x85,0x9d,0xa6,0x9d,0x85,0x9d,0xa6,0xa5,0x85,0x9d,0xa5,0xa5,0x85,0xa5,0xa5,0xa5,0x85,0xa5,0xa5,0xad,0x84,0xa5,0xa5,0xad,
0x84,0xad,0xa5,0xad,0x84,0xad,0xa5,0xad,0x84,0xad,0xa5,0xb5,0x84,0xad,0xa4,0xb5,0x84,0xb5,0xa4,0xb5,0x84,0xb5,0xa4,0xb5,0x84,0xb5,0xa4,0xbd,0x83,0xb5,0xa4,0xbd,
0x83,0xbd,0xa4,0xbd,0x83,0xbd,0xa3,0xbd,0x83,0xbd,0xa3,0xc5,0x83,0xbd,0xa3,0xc5,0x11,0x1e,0x10,0x1e,0x11,0x1e,0x10,0x1e,0x11,0x1e,0x10,0x1e,0x11,0x1e,0x10,0x1e,
0x11,0x1e,0xf0,0x1d,0x11,0x1e,0xf0,0x1d,0x11,0x1e,0xf0,0x1d,0x11,0x1e,0xf0,0x1d,0x11,0x1e,0xf0,0x1d,0x11,0x1e,0xf0,0x15,0x11,0x1e,0xf0,0x1d,0x11,0x1e,0xf0,0x15,
0x11,0x1e,0xf0,0x1d,0x11,0x1e,0xf0,0x15,0x11,0x1e,0xf0,0x15,0x11,0x1e,0xf0,0x15,0xf1,0x1d,0xf0,0x15,0xf1,0x1d,0xf0,0x15,0xf1,0x1d,0xf0,0x15,0xf0,0x1d,0xf0,0x15,
0xf1,0x1d,0xf0,0x15,0xf0,0x1d,0xf0,0x15,0xf1,0x1d,0xf0,0x15,0xf0,0x15,0xf0,0x15,0xf0,0x1d,0xd0,0x15,0xf0,0x15,0xd0,0x15,0xf0,0x15,0xd0,0x15,0xf0,0x15,0xd0,0x15,
0xf0,0x15,0xd0,0x15,0xf0,0x15,0xd0,0x15,0xf0,0x15,0xd0,0x15,0xf0,0x15,0xd0,0x15,0xd0,0x15,0xd0,0x15,0xd0,0x15,0xd0,0x0d,0xd0,0x15,0xd0,0x15,0xd0,0x15,0xcf,0x0d,
0xd0,0x15,0xd0,0x0d,0xd0,0x15,0xcf,0x0d,0xd0,0x15,0xaf,0x15,0xcf,0x1d,0xaf,0x15,0xcf,0x1d,0xaf,0x1d,0xcf,0x25,0xae,0x1d,0xcf,0x25,0xae,0x25,0xce,0x2d,0xae,0x2d,
0xce,0x2d,0xad,0x2d,0xce,0x35,0xad,0x35,0xcd,0x3d,0xad,0x35,0xcd,0x3d,0xac,0x3d,0xcd,0x45,0xac,0x3d,0xcc,0x45,0xac,0x45,0xcc,0x4d,0xac,0x4d,0xcc,0x4d,0xab,0x4d,
0xcc,0x55,0xab,0x55,0xcb,0x55,0xaa,0x55,0xab,0x5d,0xaa,0x5d,0xab,0x5d,0xaa,0x5d,0xaa,0x65,0xaa,0x65,0xaa,0x65,0xa9,0x65,0xaa,0x6d,0xa9,0x6d,0xa9,0x6d,0xa9,0x6d,
0xa9,0x75,0xa9,0x75,0xa9,0x75,0xa8,0x75,0xa9,0x7d,0xa8,0x7d,0xa8,0x7d,0xa8,0x7d,0xa8,0x85,0xa8,0x85,0xa8,0x85,0xa7,0x85,0xa8,0x8d,0xa7,0x85,0xa7,0x8d,0xa7,0x8d,
0xa7,0x95,0xa7,0x8d,0xa7,0x95,0xa6,0x8d,0xa7,0x95,0xa6,0x95,0xa7,0x9d,0xa6,0x95,0xa6,0x9d,0xa6,0x9d,0xa6,0x9d,0xa6,0x9d,0xa6,0xa5,0xa6,0x9d,0xa6,0xa5,0x85,0xa5,
0xa6,0xa5,0x85,0xa5,0xa5,0xad,0x85,0xa5,0xa5,0xad,0x85,0xad,0xa5,0xad,0x85,0xad,0xa5,0xb5,0x84,0xad,0xa5,0xb5,0x84,0xad,0xa5,0xb5,0x84,0xb5,0xa5,0xb5,0x84,0xb5,
0xa4,0xbd,0x84,0xb5,0xa4,0xbd,0x84,0xb5,0xa4,0xbd,0x84,0xbd,0xa4,0xbd,0x83,0xbd,0xa4,0xc5,0x83,0xbd,0xa4,0xc5,0x83,0xbd,0xa4,0xc5,0x83,0xc5,0xa3,0xc5,0x83,0xc5,
0xf0,0x15,0x11,0x1e,0xf0,0x1d,0x11,0x1e,0xf0,0x15,0x11,0x1e,0xf0,0x1d,0x11,0x1e,0xf0,0x15,0x11,0x1e,0xf0,0x15,0x11,0x1e,0xf0,0x15,0x11,0x1e,0xf0,0x15,0x11,0x1e,
0xf0,0x15,0x10,0x1e,0xf0,0x15,0x11,0x1e,0xf0,0x15,0x10,0x1e,0xf0,0x15,0xf1,0x1d,0xf0,0x15,0xf0,0x1d,0xf0,0x15,0xf0,0x1d,0xf0,0x15,0xf0,0x1d,0xf0,0x15,0xf0,0x1d,
0xf0,0x15,0xf0,0x1d,0xf0,0x15,0xf0,0x1d,0xf0,0x15,0xf0,0x15,0xf0,0x15,0xf0,0x1d,0xf0,0x15,0xf0,0x15,0xd0,0x15,0xf0,0x15,0xd0,0x15,0xf0,0x15,0xd0,0x15,0xf0,0x15,
0xd0,0x15,0xf0,0x15,0xd0,0x15,0xf0,0x15,0xd0,0x15,0xf0,0x15,0xd0,0x15,0xf0,0x15,0xcf,0x15,0xd0,0x15,0xd0,0x15,0xd0,0x15,0xcf,0x0d,0xd0,0x15,0xcf,0x0d,0xd0,0x15,
0xcf,0x0d,0xd0,0x15,0xcf,0x0d,0xd0,0x15,0xcf,0x0d,0xd0,0x15,0xaf,0x0d,0xd0,0x15,0xaf,0x0d,0xd0,0x15,0xaf,0x0d,0xd0,0x15,0xaf,0x0d,0xcf,0x15,0xaf,0x15,0xcf,0x1d,
0xae,0x15,0xcf,0x1d,0xae,0x1d,0xcf,0x25,0xae,0x1d,0xce,0x25,0xae,0x25,0xce,0x2d,0xad,0x2d,0xce,0x2d,0xad,0x2d,0xcd,0x35,0xad,0x35,0xad,0x35,0xac,0x35,0xad,0x3d,
0xac,0x3d,0xac,0x45,0xac,0x45,0xac,0x45,0xab,0x45,0xac,0x4d,0xab,0x4d,0xab,0x4d,0xab,0x4d,0xab,0x55,0xaa,0x55,0xab,0x5d,0xaa,0x55,0xaa,0x5d,0xaa,0x5d,0xaa,0x65,
0xa9,0x5d,0xaa,0x65,0xa9,0x65,0xaa,0x6d,0xa9,0x65,0xa9,0x6d,0xa9,0x6d,0xa9,0x75,0xa8,0x6d,0xa9,0x75,0xa8,0x75,0xa9,0x7d,0xa8,0x75,0xa8,0x7d,0x88,0x7d,0xa8,0x7d,
0x87,0x7d,0xa8,0x85,0x87,0x85,0xa8,0x85,0x87,0x85,0xa7,0x8d,0x87,0x85,0xa7,0x8d,0x86,0x8d,0xa7,0x8d,0x86,0x8d,0xa7,0x95,0x86,0x95,0xa6,0x95,0x86,0x95,0xa6,0x9d,
0x86,0x95,0xa6,0x9d,0x85,0x9d,0xa6,0x9d,0x85,0x9d,0xa6,0xa5,0x85,0x9d,0xa5,0xa5,0x85,0xa5,0xa5,0xa5,0x85,0xa5,0xa5,0xad,0x84,0xa5,0xa5,0xad,0x84,0xad,0xa5,0xad,
0x84,0xad,0xa5,0xad,0x84,0xad,0xa5,0xb5,0x84,0xad,0xa4,0xb5,0x84,0xb5,0xa4,0xb5,0x84,0xb5,0xa4,0xbd,0x84,0xb5,0xa4,0xbd,0x83,0xb5,0xa4,0xbd,0x83,0xbd,0xa4,0xbd,
0x83,0xbd,0xa3,0xbd,0x83,0xbd,0xa3,0xc5,0x83,0xbd,0xa3,0xc5,0x83,0xc5,0xa3,0xc5,0x11,0x1e,0x10,0x1e,0x11,0x1e,0x10,0x1e,0x11,0x1e,0x10,0x1e,0x11,0x1e,0x10,0x1e,
0x11,0x1e,0x10,0x1e,0x11,0x1e,0xf0,0x1d,0x11,0x1e,0xf0,0x1d,0x11,0x1e,0xf0,0x1d,0x11,0x1e,0xf0,0x1d,0x11,0x1e,0xf0,0x1d,0x11,0x1e,0xf0,0x15,0x11,0x1e,0xf0,0x1d,
0x11,0x1e,0xf0,0x15,0x11,0x1e,0xf0,0x1d,0x11,0x1e,0xf0,0x15,0x11,0x1e,0xf0,0x15,0x11,0x1e,0xf0,0x15,0xf1,0x1d,0xf0,0x15,0xf1,0x1d,0xf0,0x15,0xf1,0x1d,0xf0,0x15,
0xf0,0x1d,0xf0,0x15,0xf1,0x1d,0xf0,0x15,0xf0,0x1d,0xf0,0x15,0xf1,0x1d,0xf0,0x15,0xf0,0x15,0xf0,0x15,0xf0,0x1d,0xd0,0x15,0xf0,0x15,0xd0,0x15,0xf0,0x15,0xd0,0x15,
0xf0,0x15,0xd0,0x15,0xf0,0x15,0xd0,0x15,0xf0,0x15,0xd0,0x15,0xf0,0x15,0xd0,0x15,0xd0,0x15,0xd0,0x15,0xd0,0x15,0xd0,0x15,0xd0,0x15,0xd0,0x0d,0xd0,0x15,0xd0,0x15,
0xd0,0x15,0xcf,0x0d,0xd0,0x15,0xd0,0x0d,0xd0,0x15,0xaf,0x15,0xd0,0x1d,0xaf,0x15,0xcf,0x1d,0xaf,0x1d,0xcf,0x25,0xae,0x1d,0xcf,0x25,0xae,0x25,0xce,0x2d,0xae,0x2d,
0xce,0x2d,0xad,0x2d,0xce,0x35,0xad,0x35,0xcd,0x35,0xad,0x35,0xcd,0x3d,0xac,0x3d,0xcd,0x45,0xac,0x3d,0xcc,0x45,0xac,0x45,0xcc,0x4d,0xab,0x4d,0xcc,0x4d,0xab,0x4d,
0xcb,0x55,0xab,0x55,0xcb,0x5d,0xab,0x55,0xab,0x5d,0xaa,0x5d,0xab,0x65,0xaa,0x5d,0xaa,0x65,0xaa,0x65,0xaa,0x6d,0xa9,0x65,0xaa,0x6d,0xa9,0x6d,0xa9,0x75,0xa9,0x6d,
0xa9,0x75,0xa8,0x75,0xa9,0x7d,0xa8,0x75,0xa8,0x7d,0xa8,0x7d,0xa8,0x85,0xa8,0x7d,0xa8,0x85,0xa7,0x85,0xa8,0x8d,0xa7,0x85,0xa8,0x8d,0xa7,0x8d,0xa7,0x8d,0xa7,0x8d,
0xa7,0x95,0xa6,0x8d,0xa7,0x95,0xa6,0x95,0xa7,0x95,0xa6,0x95,0xa7,0x9d,0xa6,0x9d,0xa6,0x9d,0xa6,0x9d,0xa6,0xa5,0xa6,0x9d,0xa6,0xa5,0x85,0xa5,0xa6,0xa5,0x85,0xa5,
0xa5,0xad,0x85,0xa5,0xa5,0xad,0x85,0xad,0xa5,0xad,0x85,0xad,0xa5,0xb5,0x84,0xad,0xa5,0xb5,0x84,0xad,0xa5,0xb5,0x84,0xb5,0xa4,0xb5,0x84,0xb5,0xa4,0xbd,0x84,0xb5,
0xa4,0xbd,0x84,0xb5,0xa4,0xbd,0x84,0xbd,0xa4,0xbd,0x83,0xbd,0xa4,0xc5,0x83,0xbd,0xa4,0xc5,0x83,0xbd,0xa4,0xc5,0x83,0xc5,0xa3,0xc5,0x83,0xc5,0xa3,0xc5,0x83,0xc5,
0xf0,0x1d,0x11,0x1e,0xf0,0x15,0x11,0x1e,0xf0,0x1d,0x11,0x1e,0xf0,0x15,0x11,0x1e,0xf0,0x1d,0x11,0x1e,0xf0,0x15,0x11,0x1e,0xf0,0x15,0x11,0x1e,0xf0,0x15,0x11,0x1e,
0xf0,0x15,0x11,0x1e,0xf0,0x15,0x10,0x1e,0xf0,0x15,0x11,0x1e,0xf0,0x15,0x10,0x1e,0xf0,0x15,0xf1,0x1d,0xf0,0x15,0xf0,0x1d,0xf0,0x15,0xf0,0x1d,0xf0,0x15,0xf0,0x1d,
0xf0,0x15,0xf0,0x1d,0xf0,0x15,0xf0,0x1d,0xf0,0x15,0xf0,0x1d,0xf0,0x15,0xf0,0x15,0xf0,0x15,0xf0,0x1d,0xf0,0x15,0xf0,0x15,0xd0,0x15,0xf0,0x15,0xd0,0x15,0xf0,0x15,
0xd0,0x15,0xf0,0x15,0xd0,0x15,0xf0,0x15,0xd0,0x15,0xf0,0x15,0xd0,0x15,0xf0,0x15,0xd0,0x15,0xf0,0x15,0xcf,0x15,0xd0,0x15,0xd0,0x15,0xd0,0x15,0xcf,0x0d,0xd0,0x15,
0xcf,0x0d,0xd0,0x15,0xcf,0x0d,0xd0,0x15,0xcf,0x0d,0xd0,0x15,0xaf,0x0d,0xd0,0x15,0xaf,0x0d,0xd0,0x15,0xaf,0x0d,0xd0,0x15,0xaf,0x0d,0xd0,0x15,0xaf,0x15,0xcf,0x15,
0xaf,0x15,0xcf,0x1d,0xae,0x1d,0xce,0x25,0xae,0x1d,0xce,0x25,0xae,0x25,0xce,0x2d,0xad,0x2d,0xce,0x2d,0xad,0x2d,0xcd,0x35,0xad,0x35,0xad,0x3d,0xac,0x35,0xad,0x3d,
0xac,0x3d,0xac,0x45,0xac,0x3d,0xac,0x45,0xab,0x45,0xac,0x4d,0xab,0x4d,0xab,0x4d,0xab,0x4d,0xab,0x55,0xaa,0x55,0xab,0x5d,0xaa,0x55,0xaa,0x5d,0xaa,0x5d,0xaa,0x65,
0xa9,0x65,0xaa,0x65,0xa9,0x65,0xa9,0x6d,0xa9,0x6d,0xa9,0x6d,0xa8,0x6d,0xa9,0x75,0xa8,0x75,0xa9,0x75,0xa8,0x75,0xa8,0x7d,0xa8,0x7d,0xa8,0x7d,0x87,0x7d,0xa8,0x85,
0x87,0x7d,0xa8,0x85,0x87,0x85,0xa7,0x8d,0x87,0x85,0xa7,0x8d,0x86,0x8d,0xa7,0x8d,0x86,0x8d,0xa7,0x95,0x86,0x8d,0xa6,0x95,0x86,0x95,0xa6,0x9d,0x86,0x95,0xa6,0x9d,
0x86,0x9d,0xa6,0x9d,0x85,0x9d,0xa6,0xa5,0x85,0x9d,0xa6,0xa5,0x85,0xa5,0xa5,0xa5,0x85,0xa5,0xa5,0xad,0x84,0xa5,0xa5,0xad,0x84,0xad,0xa5,0xad,0x84,0xad,0xa5,0xad,
0x84,0xad,0xa5,0xb5,0x84,0xad,0xa4,0xb5,0x84,0xb5,0xa4,0xb5,0x84,0xb5,0xa4,0xbd,0x83,0xb5,0xa4,0xbd,0x83,0xb5,0xa4,0xbd,0x83,0xbd,0xa4,0xbd,0x83,0xbd,0xa3,0xbd,
0x83,0xbd,0xa3,0xc5,0x83,0xbd,0xa3,0xc5,0x83,0xc5,0xa3,0xc5,0x83,0xc5,0x83,0xc5,0x11,0x1e,0x11,0x1e,0x11,0x1e,0x10,0x1e,0x11,0x1e,0x10,0x1e,0x11,0x1e,0x10,0x1e,
0x11,0x1e,0x10,0x1e,0x11,0x1e,0x10,0x1e,0x11,0x1e,0xf0,0x1d,0x11,0x1e,0xf0,0x1d,0x11,0x1e,0xf0,0x1d,0x11,0x1e,0xf0,0x1d,0x11,0x1e,0xf0,0x1d,0x11,0x1e,0xf0,0x15,
0x11,0x1e,0xf0,0x1d,0x11,0x1e,0xf0,0x15,0x11,0x1e,0xf0,0x1d,0x11,0x1e,0xf0,0x15,0x11,0x1e,0xf0,0x15,0x11,0x1e,0xf0,0x15,0xf1,0x1d,0xf0,0x15,0xf1,0x1d,0xf0,0x15,
0xf1,0x1d,0xf0,0x15,0xf0,0x1d,0xf0,0x15,0xf1,0x1d,0xf0,0x15,0xf0,0x1d,0xf0,0x15,0xf1,0x1d,0xf0,0x15,0xf0,0x15,0xd0,0x15,0xf0,0x1d,0xd0,0x15,0xf0,0x15,0xd0,0x15,
0xf0,0x15,0xd0,0x15,0xf0,0x15,0xd0,0x15,0xf0,0x15,0xd0,0x15,0xf0,0x15,0xd0,0x15,0xf0,0x15,0xd0,0x15,0xd0,0x15,0xd0,0x15,0xd0,0x15,0xd0,0x15,0xd0,0x15,0xcf,0x0d,
0xd0,0x15,0xd0,0x0d,0xd0,0x15,0xcf,0x0d,0xd0,0x15,0xaf,0x15,0xd0,0x15,0xaf,0x15,0xcf,0x1d,0xaf,0x1d,0xcf,0x1d,0xae,0x1d,0xcf,0x25,0xae,0x25,0xce,0x2d,0xae,0x25,
0xce,0x2d,0xad,0x2d,0xce,0x35,0xad,0x35,0xcd,0x3d,0xad,0x35,0xcd,0x3d,0xac,0x3d,0xcd,0x45,0xac,0x45,0xcc,0x45,0xac,0x45,0xcc,0x4d,0xab,0x4d,0xcc,0x4d,0xab,0x4d,
0xcb,0x55,0xab,0x55,0xcb,0x5d,0xaa,0x55,0xab,0x5d,0xaa,0x5d,0xaa,0x65,0xaa,0x5d,0xaa,0x65,0xaa,0x65,0xaa,0x6d,0xa9,0x6d,0xaa,0x6d,0xa9,0x6d,0xa9,0x75,0xa9,0x75,
0xa9,0x75,0xa8,0x75,0xa9,0x7d,0xa8,0x7d,0xa8,0x7d,0xa8,0x7d,0xa8,0x85,0xa7,0x7d,0xa8,0x85,0xa7,0x85,0xa8,0x8d,0xa7,0x85,0xa7,0x8d,0xa7,0x8d,0xa7,0x95,0xa7,0x8d,
0xa7,0x95,0xa6,0x95,0xa7,0x95,0xa6,0x95,0xa7,0x9d,0xa6,0x9d,0xa6,0x9d,0xa6,0x9d,0xa6,0xa5,0xa6,0x9d,0xa6,0xa5,0x85,0x9d,0xa6,0xa5,0x85,0xa5,0xa5,0xa5,0x85,0xa5,
0xa5,0xad,0x85,0xad,0xa5,0xad,0x85,0xad,0xa5,0xb5,0x84,0xad,0xa5,0xb5,0x84,0xad,0xa5,0xb5,0x84,0xb5,0xa4,0xb5,0x84,0xb5,0xa4,0xbd,0x84,0xb5,0xa4,0xbd,0x84,0xb5,
0xa4,0xbd,0x84,0xbd,0xa4,0xbd,0x83,0xbd,0xa4,0xc5,0x83,0xbd,0xa4,0xc5,0x83,0xbd,0xa4,0xc5,0x83,0xc5,0xa3,0xc5,0x83,0xc5,0xa3,0xcd,0x83,0xc5,0xa3,0xcd,0x83,0xc5,
0xf0,0x1d,0x11,0x1e,0xf0,0x1d,0x11,0x1e,0xf0,0x1d,0x11,0x1e,0xf0,0x1d,0x11,0x1e,0xf0,0x15,0x11,0x1e,0xf0,0x1d,0x11,0x1e,0xf0,0x15,0x11,0x1e,0xf0,0x1d,0x11,0x1e,
0xf0,0x15,0x11,0x1e,0xf0,0x15,0x11,0x1e,0xf0,0x15,0x10,0x1e,0xf0,0x15,0x11,0x1e,0xf0,0x15,0x10,0x1e,0xf0,0x15,0xf1,0x1d,0xf0,0x15,0xf0,0x1d,0xf0,0x15,0xf0,0x1d,
0xf0,0x15,0xf0,0x1d,0xf0,0x15,0xf0,0x1d,0xf0,0x15,0xf0,0x1d,0xf0,0x15,0xf0,0x1d,0xf0,0x15,0xf0,0x15,0xf0,0x15,0xf0,0x1d,0xd0,0x15,0xf0,0x15,0xd0,0x15,0xf0,0x15,
0xd0,0x15,0xf0,0x15,0xd0,0x15,0xf0,0x15,0xd0,0x15,0xf0,0x15,0xd0,0x15,0xf0,0x15,0xd0,0x15,0xf0,0x15,0xd0,0x15,0xd0,0x15,0xcf,0x0d,0xd0,0x15,0xd0,0x15,0xd0,0x15,
0xcf,0x0d,0xd0,0x15,0xcf,0x0d,0xd0,0x15,0xcf,0x0d,0xd0,0x15,0xcf,0x0d,0xd0,0x15,0xaf,0x0d,0xd0,0x15,0xaf,0x0d,0xd0,0x15,0xaf,0x0d,0xd0,0x15,0xaf,0x15,0xcf,0x15,
0xaf,0x15,0xcf,0x1d,0xae,0x1d,0xcf,0x25,0xae,0x1d,0xce,0x25,0xae,0x25,0xce,0x2d,0xad,0x25,0xce,0x2d,0xad,0x2d,0xcd,0x35,0xad,0x35,0xad,0x35,0xac,0x35,0xad,0x3d,
0xac,0x3d,0xac,0x45,0xac,0x45,0xac,0x45,0xab,0x45,0xac,0x4d,0xab,0x4d,0xab,0x55,0xab,0x4d,0xab,0x55,0xaa,0x55,0xab,0x5d,0xaa,0x55,0xaa,0x5d,0xaa,0x5d,0xaa,0x65,
0xa9,0x65,0xaa,0x65,0xa9,0x65,0xa9,0x6d,0xa9,0x6d,0xa9,0x6d,0xa8,0x6d,0xa9,0x75,0xa8,0x75,0xa8,0x75,0xa8,0x75,0xa8,0x7d,0x88,0x7d,0xa8,0x7d,0x87,0x7d,0xa8,0x85,
0x87,0x85,0xa7,0x85,0x87,0x85,0xa7,0x8d,0x87,0x85,0xa7,0x8d,0x86,0x8d,0xa7,0x95,0x86,0x8d,0xa6,0x95,0x86,0x95,0xa6,0x9d,0x86,0x95,0xa6,0x9d,0x86,0x9d,0xa6,0x9d,
0x85,0x9d,0xa6,0xa5,0x85,0x9d,0xa6,0xa5,0x85,0xa5,0xa5,0xa5,0x85,0xa5,0xa5,0xad,0x84,0xa5,0xa5,0xad,0x84,0xad,0xa5,0xad,0x84,0xad,0xa5,0xad,0x84,0xad,0xa4,0xb5,
0x84,0xad,0xa4,0xb5,0x84,0xb5,0xa4,0xb5,0x83,0xb5,0xa4,0xbd,0x83,0xb5,0xa4,0xbd,0x83,0xb5,0xa4,0xbd,0x83,0xbd,0xa4,0xbd,0x83,0xbd,0xa3,0xc5,0x83,0xbd,0xa3,0xc5,
0x83,0xbd,0xa3,0xc5,0x83,0xc5,0x83,0xc5,0x82,0xc5,0x83,0xc5,0x82,0xc5,0x83,0xcd,0x11,0x1e,0x10,0x1e,0x11,0x1e,0x11,0x1e,0x11,0x1e,0x10,0x1e,0x11,0x1e,0x10,0x1e,
0x11,0x1e,0x10,0x1e,0x11,0x1e,0x10,0x1e,0x11,0x1e,0x10,0x1e,0x11,0x1e,0xf0,0x1d,0x11,0x1e,0xf0,0x1d,0x11,0x1e,0xf0,0x1d,0x11,0x1e,0xf0,0x1d,0x11,0x1e,0xf0,0x1d,
0x11,0x1e,0xf0,0x15,0x11,0x1e,0xf0,0x1d,0x11,0x1e,0xf0,0x15,0x11,0x1e,0xf0,0x1d,0x11,0x1e,0xf0,0x15,0x11,0x1e,0xf0,0x15,0x11,0x1e,0xf0,0x15,0xf1,0x1d,0xf0,0x15,
0xf1,0x1d,0xf0,0x15,0xf1,0x1d,0xf0,0x15,0xf0,0x1d,0xf0,0x15,0xf1,0x1d,0xf0,0x15,0xf0,0x1d,0xf0,0x15,0xf0,0x1d,0xf0,0x15,0xf0,0x15,0xd0,0x15,0xf0,0x1d,0xd0,0x15,
0xf0,0x15,0xd0,0x15,0xf0,0x15,0xd0,0x15,0xf0,0x15,0xd0,0x15,0xf0,0x15,0xd0,0x15,0xf0,0x15,0xd0,0x15,0xd0,0x15,0xd0,0x15,0xd0,0x15,0xd0,0x0d,0xd0,0x15,0xd0,0x15,
0xd0,0x15,0xcf,0x0d,0xd0,0x15,0xd0,0x0d,0xd0,0x15,0xaf,0x0d,0xd0,0x15,0xaf,0x15,0xcf,0x1d,0xaf,0x1d,0xcf,0x25,0xae,0x1d,0xcf,0x25,0xae,0x25,0xce,0x2d,0xae,0x2d,
0xce,0x2d,0xad,0x2d,0xce,0x35,0xad,0x35,0xcd,0x35,0xad,0x35,0xcd,0x3d,0xac,0x3d,0xcd,0x45,0xac,0x3d,0xcc,0x45,0xac,0x45,0xcc,0x4d,0xab,0x4d,0xcc,0x55,0xab,0x4d,
0xcb,0x55,0xab,0x55,0xcb,0x5d,0xaa,0x5d,0xab,0x5d,0xaa,0x5d,0xaa,0x65,0xaa,0x65,0xaa,0x65,0xa9,0x65,0xaa,0x6d,0xa9,0x6d,0xa9,0x6d,0xa9,0x6d,0xa9,0x75,0xa9,0x75,
0xa9,0x7d,0xa8,0x75,0xa9,0x7d,0xa8,0x7d,0xa8,0x85,0xa8,0x7d,0xa8,0x85,0xa7,0x85,0xa8,0x85,0xa7,0x85,0xa8,0x8d,0xa7,0x8d,0xa7,0x8d,0xa7,0x8d,0xa7,0x95,0xa6,0x95,
0xa7,0x95,0xa6,0x95,0xa7,0x9d,0xa6,0x95,0xa6,0x9d,0xa6,0x9d,0xa6,0xa5,0xa6,0x9d,0xa6,0xa5,0x85,0x9d,0xa6,0xa5,0x85,0xa5,0xa5,0xa5,0x85,0xa5,0xa5,0xad,0x85,0xad,
0xa5,0xad,0x85,0xad,0xa5,0xb5,0x84,0xad,0xa5,0xb5,0x84,0xad,0xa5,0xb5,0x84,0xb5,0xa4,0xb5,0x84,0xb5,0xa4,0xbd,0x84,0xb5,0xa4,0xbd,0x84,0xb5,0xa4,0xbd,0x84,0xbd,
0xa4,0xbd,0x83,0xbd,0xa4,0xc5,0x83,0xbd,0xa4,0xc5,0x83,0xbd,0xa4,0xc5,0x83,0xc5,0xa3,0xc5,0x83,0xc5,0xa3,0xcd,0x83,0xc5,0xa3,0xcd,0x83,0xc5,0xa3,0xcd,0x83,0xcd,
0x10,0x1e,0x11,0x1e,0xf0,0x1d,0x11,0x1e,0xf0,0x1d,0x11,0x1e,0xf0,0x1d,0x11,0x1e,0xf0,0x1d,0x11,0x1e,0xf0,0x15,0x11,0x1e,0xf0,0x1d,0x11,0x1e,0xf0,0x15,0x11,0x1e,
0xf0,0x1d,0x11,0x1e,0xf0,0x15,0x11,0x1e,0xf0,0x15,0x11,0x1e,0xf0,0x15,0x10,0x1e,0xf0,0x15,0x11,0x1e,0xf0,0x15,0x10,0x1e,0xf0,0x15,0xf1,0x1d,0xf0,0x15,0xf0,0x1d,
0xf0,0x15,0xf0,0x1d,0xf0,0x15,0xf0,0x1d,0xf0,0x15,0xf0,0x1d,0xf0,0x15,0xf0,0x15,0xf0,0x15,0xf0,0x1d,0xf0,0x15,0xf0,0x15,0xf0,0x15,0xf0,0x15,0xd0,0x15,0xf0,0x15,
0xd0,0x15,0xf0,0x15,0xd0,0x15,0xf0,0x15,0xd0,0x15,0xf0,0x15,0xd0,0x15,0xf0,0x15,0xd0,0x15,0xf0,0x15,0xcf,0x15,0xf0,0x15,0xd0,0x15,0xd0,0x15,0xcf,0x0d,0xd0,0x15,
0xd0,0x15,0xd0,0x15,0xcf,0x0d,0xd0,0x15,0xcf,0x0d,0xd0,0x15,0xcf,0x0d,0xd0,0x15,0xaf,0x0d,0xd0,0x15,0xaf,0x0d,0xd0,0x15,0xaf,0x0d,0xd0,0x15,0xaf,0x0d,0xcf,0x15,
0xaf,0x15,0xcf,0x1d,0xae,0x1d,0xcf,0x1d,0xae,0x1d,0xce,0x25,0xae,0x25,0xce,0x2d,0xad,0x2d,0xce,0x2d,0xad,0x2d,0xcd,0x35,0xad,0x35,0xad,0x3d,0xac,0x35,0xac,0x3d,
0xac,0x3d,0xac,0x45,0xab,0x45,0xac,0x45,0xab,0x45,0xac,0x4d,0xab,0x4d,0xab,0x55,0xab,0x55,0xab,0x55,0xaa,0x55,0xaa,0x5d,0xaa,0x5d,0xaa,0x65,0xa9,0x5d,0xaa,0x65,
0xa9,0x65,0xaa,0x6d,0xa9,0x65,0xa9,0x6d,0xa9,0x6d,0xa9,0x75,0xa8,0x6d,0xa9,0x75,0xa8,0x75,0xa8,0x7d,0xa8,0x75,0xa8,0x7d,0x88,0x7d,0xa8,0x85,0x87,0x7d,0xa8,0x85,
0x87,0x85,0xa7,0x8d,0x87,0x85,0xa7,0x8d,0x86,0x8d,0xa7,0x95,0x86,0x8d,0xa7,0x95,0x86,0x95,0xa6,0x95,0x86,0x95,0xa6,0x9d,0x86,0x9d,0xa6,0x9d,0x85,0x9d,0xa6,0x9d,
0x85,0x9d,0xa6,0xa5,0x85,0xa5,0xa5,0xa5,0x85,0xa5,0xa5,0xad,0x84,0xa5,0xa5,0xad,0x84,0xad,0xa5,0xad,0x84,0xad,0xa5,0xad,0x84,0xad,0xa4,0xb5,0x84,0xad,0xa4,0xb5,
0x84,0xb5,0xa4,0xb5,0x83,0xb5,0xa4,0xbd,0x83,0xb5,0xa4,0xbd,0x83,0xbd,0xa4,0xbd,0x83,0xbd,0xa4,0xc5,0x83,0xbd,0xa3,0xc5,0x83,0xbd,0xa3,0xc5,0x83,0xbd,0xa3,0xc5,
0x83,0xc5,0x83,0xc5,0x82,0xc5,0x83,0xcd,0x82,0xc5,0x83,0xcd,0x82,0xc5,0x83,0xcd,0x11,0x1e,0x11,0x1e,0x11,0x1e,0x10,0x1e,0x11,0x1e,0x11,0x1e,0x11,0x1e,0x10,0x1e,
0x11,0x1e,0x10,0x1e,0x11,0x1e,0x10,0x1e,0x11,0x1e,0x10,0x1e,0x11,0x1e,0x10,0x1e,0x11,0x1e,0x10,0x1e,0x11,0x1e,0xf0,0x1d,0x11,0x1e,0xf0,0x1d,0x11,0x1e,0xf0,0x1d,
0x11,0x1e,0xf0,0x1d,0x11,0x1e,0xf0,0x15,0x11,0x1e,0xf0,0x1d,0x11,0x1e,0xf0,0x15,0x11,0x1e,0xf0,0x1d,0x11,0x1e,0xf0,0x15,0x11,0x1e,0xf0,0x15,0xf1,0x1d,0xf0,0x15,
0xf1,0x1d,0xf0,0x15,0xf1,0x1d,0xf0,0x15,0xf1,0x1d,0xf0,0x15,0xf0,0x1d,0xf0,0x15,0xf1,0x1d,0xf0,0x15,0xf0,0x1d,0xf0,0x15,0xf0,0x1d,0xf0,0x15,0xf0,0x15,0xd0,0x15,
0xf0,0x1d,0xd0,0x15,0xf0,0x15,0xd0,0x15,0xf0,0x15,0xd0,0x15,0xf0,0x15,0xd0,0x15,0xf0,0x15,0xd0,0x15,0xf0,0x15,0xd0,0x15,0xd0,0x15,0xd0,0x15,0xd0,0x15,0xd0,0x0d,
0xd0,0x15,0xd0,0x15,0xd0,0x15,0xcf,0x0d,0xd0,0x15,0xaf,0x0d,0xd0,0x15,0xaf,0x15,0xcf,0x1d,0xaf,0x1d,0xcf,0x1d,0xae,0x1d,0xcf,0x25,0xae,0x25,0xce,0x2d,0xae,0x25,
0xce,0x2d,0xad,0x2d,0xce,0x35,0xad,0x35,0xcd,0x3d,0xad,0x35,0xcd,0x3d,0xac,0x3d,0xcd,0x45,0xac,0x45,0xcc,0x45,0xac,0x45,0xcc,0x4d,0xab,0x4d,0xcc,0x55,0xab,0x4d,
0xcb,0x55,0xab,0x55,0xcb,0x5d,0xaa,0x5d,0xab,0x65,0xaa,0x5d,0xaa,0x65,0xaa,0x65,0xaa,0x6d,0xa9,0x65,0xaa,0x6d,0xa9,0x6d,0xa9,0x75,0xa9,0x75,0xa9,0x75,0xa8,0x75,
0xa9,0x7d,0xa8,0x7d,0xa8,0x7d,0xa8,0x7d,0xa8,0x85,0xa8,0x85,0xa8,0x85,0xa7,0x85,0xa8,0x8d,0xa7,0x8d,0xa7,0x8d,0xa7,0x8d,0xa7,0x95,0xa7,0x95,0xa7,0x95,0xa6,0x95,
0xa7,0x9d,0xa6,0x95,0xa6,0x9d,0xa6,0x9d,0xa6,0x9d,0xa6,0x9d,0xa6,0xa5,0xa5,0x9d,0xa6,0xa5,0x85,0xa5,0xa6,0xa5,0x85,0xa5,0xa5,0xad,0x85,0xad,0xa5,0xad,0x85,0xad,
0xa5,0xb5,0x84,0xad,0xa5,0xb5,0x84,0xad,0xa5,0xb5,0x84,0xb5,0xa4,0xb5,0x84,0xb5,0xa4,0xbd,0x84,0xb5,0xa4,0xbd,0x84,0xbd,0xa4,0xbd,0x84,0xbd,0xa4,0xbd,0x83,0xbd,
0xa4,0xc5,0x83,0xbd,0xa4,0xc5,0x83,0xc5,0xa4,0xc5,0x83,0xc5,0xa3,0xc5,0x83,0xc5,0xa3,0xcd,0x83,0xc5,0xa3,0xcd,0x83,0xc5,0xa3,0xcd,0x83,0xcd,0xa3,0xcd,0x82,0xcd,
0x10,0x1e,0x11,0x1e,0x10,0x1e,0x11,0x1e,0x10,0x1e,0x11,0x1e,0xf0,0x1d,0x11,0x1e,0xf0,0x1d,0x11,0x1e,0xf0,0x1d,0x11,0x1e,0xf0,0x15,0x11,0x1e,0xf0,0x1d,0x11,0x1e,
0xf0,0x15,0x11,0x1e,0xf0,0x1d,0x11,0x1e,0xf0,0x15,0x11,0x1e,0xf0,0x15,0x11,0x1e,0xf0,0x15,0x10,0x1e,0xf0,0x15,0x11,0x1e,0xf0,0x15,0x10,0x1e,0xf0,0x15,0xf1,0x1d,
0xf0,0x15,0xf0,0x1d,0xf0,0x15,0xf0,0x1d,0xf0,0x15,0xf0,0x1d,0xf0,0x15,0xf0,0x1d,0xf0,0x15,0xf0,0x15,0xf0,0x15,0xf0,0x1d,0xf0,0x15,0xf0,0x15,0xf0,0x15,0xf0,0x15,
0xd0,0x15,0xf0,0x15,0xd0,0x15,0xf0,0x15,0xd0,0x15,0xf0,0x15,0xd0,0x15,0xf0,0x15,0xd0,0x15,0xf0,0x15,0xd0,0x15,0xf0,0x15,0xcf,0x15,0xd0,0x15,0xd0,0x15,0xd0,0x15,
0xcf,0x0d,0xd0,0x15,0xcf,0x0d,0xd0,0x15,0xcf,0x0d,0xd0,0x15,0xcf,0x0d,0xd0,0x15,0xaf,0x0d,0xd0,0x15,0xaf,0x0d,0xd0,0x15,0xaf,0x0d,0xd0,0x15,0xaf,0x0d,0xcf,0x15,
0xaf,0x15,0xcf,0x1d,0xae,0x1d,0xcf,0x1d,0xae,0x1d,0xce,0x25,0xae,0x25,0xce,0x2d,0xad,0x25,0xce,0x2d,0xad,0x2d,0xcd,0x35,0xad,0x35,0xad,0x3d,0xac,0x35,0xad,0x3d,
0xac,0x3d,0xac,0x45,0xac,0x45,0xac,0x4d,0xab,0x45,0xab,0x4d,0xab,0x4d,0xab,0x55,0xaa,0x55,0xab,0x55,0xaa,0x55,0xab,0x5d,0xaa,0x5d,0xaa,0x65,0xaa,0x5d,0xaa,0x65,
0xa9,0x65,0xa9,0x6d,0xa9,0x6d,0xa9,0x6d,0xa8,0x6d,0xa9,0x75,0xa8,0x75,0xa9,0x7d,0xa8,0x75,0xa8,0x7d,0x88,0x7d,0xa8,0x85,0x87,0x7d,0xa8,0x85,0x87,0x85,0xa7,0x8d,
0x87,0x85,0xa7,0x8d,0x87,0x8d,0xa7,0x8d,0x86,0x8d,0xa7,0x95,0x86,0x95,0xa6,0x95,0x86,0x95,0xa6,0x9d,0x86,0x95,0xa6,0x9d,0x85,0x9d,0xa6,0x9d,0x85,0x9d,0xa6,0xa5,
0x85,0x9d,0xa5,0xa5,0x85,0xa5,0xa5,0xad,0x84,0xa5,0xa5,0xad,0x84,0xad,0xa5,0xad,0x84,0xad,0xa5,0xad,0x84,0xad,0xa4,0xb5,0x84,0xad,0xa4,0xb5,0x84,0xb5,0xa4,0xbd,
0x83,0xb5,0xa4,0xbd,0x83,0xb5,0xa4,0xbd,0x83,0xbd,0xa4,0xbd,0x83,0xbd,0xa4,0xc5,0x83,0xbd,0xa3,0xc5,0x83,0xbd,0xa3,0xc5,0x83,0xc5,0xa3,0xc5,0x83,0xc5,0x83,0xcd,
0x82,0xc5,0x83,0xcd,0x82,0xc5,0x83,0xcd,0x82,0xc5,0x83,0xcd,0x82,0xcd,0x83,0xcd,0x11,0x1e,0x10,0x1e,0x11,0x1e,0x11,0x1e,0x11,0x1e,0x10,0x1e,0x11,0x1e,0x11,0x1e,
0x11,0x1e,0x10,0x1e,0x11,0x1e,0x10,0x1e,0x11,0x1e,0x10,0x1e,0x11,0x1e,0x10,0x1e,0x11,0x1e,0x10,0x1e,0x11,0x1e,0x10,0x1e,0x11,0x1e,0xf0,0x1d,0x11,0x1e,0xf0,0x1d,
0x11,0x1e,0xf0,0x1d,0x11,0x1e,0xf0,0x1d,0x11,0x1e,0xf0,0x15,0x11,0x1e,0xf0,0x1d,0x11,0x1e,0xf0,0x15,0x11,0x1e,0xf0,0x1d,0x11,0x1e,0xf0,0x15,0x11,0x1e,0xf0,0x15,
0xf1,0x1d,0xf0,0x15,0xf1,0x1d,0xf0,0x15,0xf1,0x1d,0xf0,0x15,0xf1,0x1d,0xf0,0x15,0xf0,0x1d,0xf0,0x15,0xf1,0x1d,0xf0,0x15,0xf0,0x1d,0xf0,0x15,0xf0,0x1d,0xd0,0x15,
0xf0,0x15,0xd0,0x15,0xf0,0x15,0xd0,0x15,0xf0,0x15,0xd0,0x15,0xf0,0x15,0xd0,0x15,0xf0,0x15,0xd0,0x15,0xf0,0x15,0xd0,0x15,0xd0,0x15,0xd0,0x15,0xd0,0x15,0xd0,0x15,
0xd0,0x15,0xcf,0x0d,0xd0,0x15,0xd0,0x0d,0xd0,0x15,0xcf,0x0d,0xd0,0x15,0xaf,0x15,0xcf,0x1d,0xaf,0x15,0xcf,0x1d,0xaf,0x1d,0xcf,0x25,0xae,0x25,0xce,0x2d,0xae,0x25,
0xce,0x2d,0xad,0x2d,0xce,0x35,0xad,0x35,0xcd,0x35,0xad,0x35,0xcd,0x3d,0xac,0x3d,0xcd,0x45,0xac,0x45,0xcc,0x4d,0xac,0x45,0xcc,0x4d,0xab,0x4d,0xcc,0x55,0xab,0x55,
0xcb,0x55,0xaa,0x55,0xab,0x5d,0xaa,0x5d,0xaa,0x65,0xaa,0x5d,0xaa,0x65,0xaa,0x65,0xaa,0x6d,0xa9,0x6d,0xaa,0x6d,0xa9,0x6d,0xa9,0x75,0xa8,0x75,0xa9,0x7d,0xa8,0x75,
0xa9,0x7d,0xa8,0x7d,0xa8,0x85,0xa8,0x7d,0xa8,0x85,0xa7,0x85,0xa8,0x8d,0xa7,0x85,0xa7,0x8d,0xa7,0x8d,0xa7,0x95,0xa7,0x8d,0xa7,0x95,0xa6,0x95,0xa7,0x9d,0xa6,0x95,
0xa6,0x9d,0xa6,0x9d,0xa6,0x9d,0xa6,0x9d,0xa6,0xa5,0xa5,0x9d,0xa6,0xa5,0x85,0xa5,0xa6,0xa5,0x85,0xa5,0xa5,0xad,0x85,0xad,0xa5,0xad,0x85,0xad,0xa5,0xb5,0x84,0xad,
0xa5,0xb5,0x84,0xad,0xa5,0xb5,0x84,0xb5,0xa4,0xb5,0x84,0xb5,0xa4,0xbd,0x84,0xb5,0xa4,0xbd,0x84,0xbd,0xa4,0xbd,0x84,0xbd,0xa4,0xbd,0x83,0xbd,0xa4,0xc5,0x83,0xbd,
0xa4,0xc5,0x83,0xc5,0xa4,0xc5,0x83,0xc5,0xa3,0xc5,0x83,0xc5,0xa3,0xcd,0x83,0xc5,0xa3,0xcd,0x82,0xcd,0xa3,0xcd,0x82,0xcd,0xa3,0xcd,0x82,0xcd,0xa3,0xd5,0x82,0xcd,
0x10,0x1e,0x11,0x1e,0x10,0x1e,0x11,0x1e,0x10,0x1e,0x11,0x1e,0x10,0x1e,0x11,0x1e,0xf0,0x1d,0x11,0x1e,0xf0,0x1d,0x11,0x1e,0xf0,0x1d,0x11,0x1e,0xf0,0x15,0x11,0x1e,
0xf0,0x1d,0x11,0x1e,0xf0,0x15,0x11,0x1e,0xf0,0x1d,0x11,0x1e,0xf0,0x15,0x11,0x1e,0xf0,0x15,0x11,0x1e,0xf0,0x15,0x10,0x1e,0xf0,0x15,0x11,0x1e,0xf0,0x15,0x10,0x1e,
0xf0,0x15,0xf1,0x1d,0xf0,0x15,0xf0,0x1d,0xf0,0x15,0xf0,0x1d,0xf0,0x15,0xf0,0x1d,0xf0,0x15,0xf0,0x1d,0xf0,0x15,0xf0,0x15,0xf0,0x15,0xf0,0x1d,0xf0,0x15,0xf0,0x15,
0xf0,0x15,0xf0,0x15,0xd0,0x15,0xf0,0x15,0xd0,0x15,0xf0,0x15,0xd0,0x15,0xf0,0x15,0xd0,0x15,0xf0,0x15,0xd0,0x15,0xf0,0x15,0xd0,0x15,0xf0,0x15,0xcf,0x15,0xd0,0x15,
0xd0,0x15,0xd0,0x15,0xcf,0x0d,0xd0,0x15,0xcf,0x0d,0xd0,0x15,0xcf,0x0d,0xd0,0x15,0xcf,0x0d,0xd0,0x15,0xaf,0x0d,0xd0,0x15,0xaf,0x0d,0xd0,0x15,0xaf,0x0d,0xcf,0x15,
0xaf,0x15,0xcf,0x1d,0xae,0x15,0xcf,0x1d,0xae,0x1d,0xce,0x25,0xae,0x25,0xce,0x2d,0xad,0x25,0xce,0x2d,0xad,0x2d,0xcd,0x35,0xad,0x35,0xad,0x3d,0xac,0x35,0xac,0x3d,
0xac,0x3d,0xac,0x45,0xab,0x45,0xac,0x4d,0xab,0x45,0xab,0x4d,0xab,0x4d,0xab,0x55,0xaa,0x55,0xab,0x5d,0xaa,0x55,0xaa,0x5d,0xaa,0x5d,0xaa,0x65,0xa9,0x65,0xaa,0x65,
0xa9,0x65,0xa9,0x6d,0xa9,0x6d,0xa9,0x75,0xa8,0x6d,0xa9,0x75,0xa8,0x75,0xa8,0x7d,0xa8,0x7d,0xa8,0x7d,0x87,0x7d,0xa8,0x85,0x87,0x85,0xa8,0x85,0x87,0x85,0xa7,0x8d,
0x87,0x8d,0xa7,0x8d,0x86,0x8d,0xa7,0x95,0x86,0x8d,0xa7,0x95,0x86,0x95,0xa6,0x9d,0x86,0x95,0xa6,0x9d,0x85,0x9d,0xa6,0x9d,0x85,0x9d,0xa6,0xa5,0x85,0x9d,0xa5,0xa5,
0x85,0xa5,0xa5,0xad,0x84,0xa5,0xa5,0xad,0x84,0xad,0xa5,0xad,0x84,0xad,0xa5,0xb5,0x84,0xad,0xa4,0xb5,0x84,0xad,0xa4,0xb5,0x84,0xb5,0xa4,0xbd,0x83,0xb5,0xa4,0xbd,
0x83,0xb5,0xa4,0xbd,0x83,0xbd,0xa4,0xbd,0x83,0xbd,0xa4,0xc5,0x83,0xbd,0xa3,0xc5,0x83,0xc5,0xa3,0xc5,0x83,0xc5,0x83,0xc5,0x83,0xc5,0x83,0xcd,0x82,0xc5,0x83,0xcd,
0x82,0xc5,0x83,0xcd,0x82,0xcd,0x83,0xcd,0x82,0xcd,0x83,0xcd,0x82,0xcd,0x82,0xd5,0x11,0x26,0x11,0x1e,0x11,0x1e,0x10,0x1e,0x11,0x1e,0x11,0x1e,0x11,0x1e,0x10,0x1e,
0x11,0x1e,0x11,0x1e,0x11,0x1e,0x10,0x1e,0x11,0x1e,0x11,0x1e,0x11,0x1e,0x10,0x1e,0x11,0x1e,0x10,0x1e,0x11,0x1e,0x10,0x1e,0x11,0x1e,0x10,0x1e,0x11,0x1e,0xf0,0x1d,
0x11,0x1e,0xf0,0x1d,0x11,0x1e,0xf0,0x1d,0x11,0x1e,0xf0,0x1d,0x11,0x1e,0xf0,0x15,0x11,0x1e,0xf0,0x1d,0x11,0x1e,0xf0,0x15,0x11,0x1e,0xf0,0x1d,0x11,0x1e,0xf0,0x15,
0x11,0x1e,0xf0,0x15,0xf1,0x1d,0xf0,0x15,0xf1,0x1d,0xf0,0x15,0xf1,0x1d,0xf0,0x15,0xf1,0x1d,0xf0,0x15,0xf0,0x1d,0xf0,0x15,0xf1,0x1d,0xf0,0x15,0xf0,0x15,0xf0,0x15,
0xf0,0x1d,0xd0,0x15,0xf0,0x15,0xd0,0x15,0xf0,0x15,0xd0,0x15,0xf0,0x15,0xd0,0x15,0xf0,0x15,0xd0,0x15,0xf0,0x15,0xd0,0x15,0xd0,0x15,0xd0,0x15,0xd0,0x15,0xd0,0x0d,
0xd0,0x15,0xd0,0x15,0xd0,0x15,0xcf,0x0d,0xd0,0x15,0xd0,0x0d,0xd0,0x15,0xaf,0x15,0xd0,0x1d,0xaf,0x15,0xcf,0x1d,0xae,0x1d,0xcf,0x25,0xae,0x25,0xce,0x25,0xae,0x25,
0xce,0x2d,0xad,0x2d,0xce,0x35,0xad,0x35,0xcd,0x3d,0xad,0x35,0xcd,0x3d,0xac,0x3d,0xcd,0x45,0xac,0x45,0xcc,0x45,0xab,0x45,0xcc,0x4d,0xab,0x4d,0xcb,0x55,0xab,0x55,
0xcb,0x5d,0xaa,0x55,0xab,0x5d,0xaa,0x5d,0xaa,0x65,0xaa,0x65,0xaa,0x65,0xa9,0x65,0xaa,0x6d,0xa9,0x6d,0xa9,0x75,0xa9,0x6d,0xa9,0x75,0xa8,0x75,0xa9,0x7d,0xa8,0x7d,
0xa8,0x7d,0xa8,0x7d,0xa8,0x85,0xa7,0x85,0xa8,0x85,0xa7,0x85,0xa7,0x8d,0xa7,0x8d,0xa7,0x8d,0xa7,0x8d,0xa7,0x95,0xa6,0x95,0xa7,0x95,0xa6,0x95,0xa6,0x9d,0xa6,0x95,
0xa6,0x9d,0xa6,0x9d,0xa6,0xa5,0xa5,0x9d,0xa6,0xa5,0x85,0xa5,0xa6,0xa5,0x85,0xa5,0xa5,0xad,0x85,0xad,0xa5,0xad,0x85,0xad,0xa5,0xb5,0x84,0xad,0xa5,0xb5,0x84,0xad,
0xa5,0xb5,0x84,0xb5,0xa4,0xb5,0x84,0xb5,0xa4,0xbd,0x84,0xb5,0xa4,0xbd,0x84,0xbd,0xa4,0xbd,0x83,0xbd,0xa4,0xc5,0x83,0xbd,0xa4,0xc5,0x83,0xc5,0xa3,0xc5,0x83,0xc5,
0xa3,0xc5,0x83,0xc5,0xa3,0xcd,0x83,0xc5,0xa3,0xcd,0x83,0xcd,0xa3,0xcd,0x82,0xcd,0xa3,0xcd,0x82,0xcd,0xa3,0xcd,0x82,0xcd,0xa3,0xd5,0x82,0xcd,0xa3,0xd5,0x82,0xcd,
0x10,0x1e,0x11,0x1e,0x10,0x1e,0x11,0x1e,0x10,0x1e,0x11,0x1e,0x10,0x1e,0x11,0x1e,0x10,0x1e,0x11,0x1e,0x10,0x1e,0x11,0x1e,0xf0,0x1d,0x11,0x1e,0xf0,0x1d,0x11,0x1e,
0xf0,0x15,0x11,0x1e,0xf0,0x1d,0x11,0x1e,0xf0,0x15,0x11,0x1e,0xf0,0x1d,0x11,0x1e,0xf0,0x15,0x11,0x1e,0xf0,0x15,0x11,0x1e,0xf0,0x15,0x10,0x1e,0xf0,0x15,0x11,0x1e,
0xf0,0x15,0x10,0x1e,0xf0,0x15,0xf1,0x1d,0xf0,0x15,0xf0,0x1d,0xf0,0x15,0xf0,0x1d,0xf0,0x15,0xf0,0x1d,0xf0,0x15,0xf0,0x1d,0xf0,0x15,0xf0,0x15,0xf0,0x15,0xf0,0x1d,
0xf0,0x15,0xf0,0x15,0xd0,0x15,0xf0,0x15,0xd0,0x15,0xf0,0x15,0xd0,0x15,0xf0,0x15,0xd0,0x15,0xf0,0x15,0xd0,0x15,0xf0,0x15,0xd0,0x15,0xf0,0x15,0xd0,0x15,0xd0,0x15,
0xcf,0x0d,0xd0,0x15,0xd0,0x15,0xd0,0x15,0xcf,0x0d,0xd0,0x15,0xcf,0x0d,0xd0,0x15,0xcf,0x0d,0xd0,0x15,0xaf,0x0d,0xd0,0x15,0xaf,0x0d,0xd0,0x15,0xaf,0x0d,0xd0,0x15,
0xaf,0x15,0xcf,0x15,0xaf,0x15,0xcf,0x1d,0xae,0x1d,0xce,0x25,0xae,0x25,0xce,0x2d,0xad,0x25,0xce,0x2d,0xad,0x2d,0xcd,0x35,0xad,0x35,0xad,0x3d,0xac,0x3d,0xad,0x3d,
0xac,0x3d,0xac,0x45,0xab,0x45,0xac,0x4d,0xab,0x45,0xab,0x4d,0xab,0x4d,0xab,0x55,0xaa,0x55,0xab,0x5d,0xaa,0x5d,0xaa,0x5d,0xaa,0x5d,0xaa,0x65,0xa9,0x65,0xaa,0x6d,
0xa9,0x65,0xa9,0x6d,0xa9,0x6d,0xa9,0x75,0xa8,0x75,0xa8,0x75,0xa8,0x75,0xa8,0x7d,0x88,0x7d,0xa8,0x7d,0x87,0x7d,0xa8,0x85,0x87,0x85,0xa7,0x8d,0x87,0x85,0xa7,0x8d,
0x86,0x8d,0xa7,0x8d,0x86,0x8d,0xa7,0x95,0x86,0x95,0xa6,0x95,0x86,0x95,0xa6,0x9d,0x85,0x9d,0xa6,0x9d,0x85,0x9d,0xa6,0xa5,0x85,0x9d,0xa5,0xa5,0x85,0xa5,0xa5,0xad,
0x84,0xa5,0xa5,0xad,0x84,0xad,0xa5,0xad,0x84,0xad,0xa5,0xb5,0x84,0xad,0xa4,0xb5,0x84,0xb5,0xa4,0xb5,0x84,0xb5,0xa4,0xbd,0x83,0xb5,0xa4,0xbd,0x83,0xbd,0xa4,0xbd,
0x83,0xbd,0xa4,0xbd,0x83,0xbd,0xa3,0xc5,0x83,0xbd,0xa3,0xc5,0x83,0xc5,0xa3,0xc5,0x83,0xc5,0x83,0xc5,0x83,0xc5,0x83,0xcd,0x82,0xc5,0x83,0xcd,0x82,0xcd,0x83,0xcd,
0x82,0xcd,0x82,0xcd,0x82,0xcd,0x82,0xd5,0x82,0xcd,0x82,0xd5,0x82,0xcd,0x82,0xd5,0x11,0x1e,0x10,0x1e,0x11,0x26,0x11,0x1e,0x11,0x1e,0x10,0x1e,0x11,0x26,0x11,0x1e,
0x11,0x1e,0x10,0x1e,0x11,0x1e,0x11,0x1e,0x11,0x1e,0x10,0x1e,0x11,0x1e,0x11,0x1e,0x11,0x1e,0x10,0x1e,0x11,0x1e,0x10,0x1e,0x11,0x1e,0x10,0x1e,0x11,0x1e,0x10,0x1e,
0x11,0x1e,0xf0,0x1d,0x11,0x1e,0xf0,0x1d,0x11,0x1e,0xf0,0x1d,0x11,0x1e,0xf0,0x1d,0x11,0x1e,0xf0,0x15,0x11,0x1e,0xf0,0x1d,0x11,0x1e,0xf0,0x15,0x11,0x1e,0xf0,0x1d,
0x11,0x1e,0xf0,0x15,0x11,0x1e,0xf0,0x15,0xf1,0x1d,0xf0,0x15,0xf1,0x1d,0xf0,0x15,0xf0,0x1d,0xf0,0x15,0xf1,0x1d,0xf0,0x15,0xf0,0x1d,0xf0,0x15,0xf1,0x1d,0xf0,0x15,
0xf0,0x15,0xf0,0x15,0xf0,0x1d,0xd0,0x15,0xf0,0x15,0xd0,0x15,0xf0,0x15,0xd0,0x15,0xf0,0x15,0xd0,0x15,0xf0,0x15,0xd0,0x15,0xf0,0x15,0xd0,0x15,0xd0,0x15,0xd0,0x15,
0xd0,0x15,0xd0,0x0d,0xd0,0x15,0xd0,0x0d,0xd0,0x15,0xcf,0x0d,0xd0,0x15,0xaf,0x15,0xd0,0x15,0xaf,0x15,0xcf,0x1d,0xaf,0x1d,0xcf,0x25,0xae,0x25,0xcf,0x25,0xae,0x25,
0xce,0x2d,0xad,0x2d,0xce,0x35,0xad,0x35,0xcd,0x35,0xad,0x35,0xcd,0x3d,0xac,0x3d,0xcc,0x45,0xac,0x45,0xcc,0x4d,0xac,0x4d,0xcc,0x4d,0xab,0x4d,0xcb,0x55,0xab,0x55,
0xcb,0x5d,0xaa,0x55,0xab,0x5d,0xaa,0x5d,0xaa,0x65,0xaa,0x65,0xaa,0x6d,0xa9,0x6d,0xaa,0x6d,0xa9,0x6d,0xa9,0x75,0xa9,0x75,0xa9,0x75,0xa8,0x75,0xa9,0x7d,0xa8,0x7d,
0xa8,0x85,0xa8,0x7d,0xa8,0x85,0xa7,0x85,0xa8,0x8d,0xa7,0x85,0xa7,0x8d,0xa7,0x8d,0xa7,0x95,0xa6,0x8d,0xa7,0x95,0xa6,0x95,0xa7,0x9d,0xa6,0x95,0xa6,0x9d,0xa6,0x9d,
0xa6,0x9d,0xa5,0x9d,0xa6,0xa5,0x85,0xa5,0xa6,0xa5,0x85,0xa5,0xa5,0xad,0x85,0xad,0xa5,0xad,0x85,0xad,0xa5,0xb5,0x84,0xad,0xa5,0xb5,0x84,0xad,0xa5,0xb5,0x84,0xb5,
0xa4,0xb5,0x84,0xb5,0xa4,0xbd,0x84,0xbd,0xa4,0xbd,0x83,0xbd,0xa4,0xbd,0x83,0xbd,0xa4,0xc5,0x83,0xbd,0xa4,0xc5,0x83,0xc5,0xa3,0xc5,0x83,0xc5,0xa3,0xcd,0x83,0xc5,
0xa3,0xcd,0x83,0xc5,0xa3,0xcd,0x83,0xcd,0xa3,0xcd,0x82,0xcd,0xa3,0xcd,0x82,0xcd,0xa3,0xd5,0x82,0xcd,0xa3,0xd5,0x82,0xcd,0xa2,0xd5,0x82,0xd5,0xa2,0xd5,0x82,0xd5,
0x10,0x1e,0x11,0x1e,0x10,0x1e,0x11,0x1e,0x10,0x1e,0x11,0x1e,0x10,0x1e,0x11,0x1e,0x10,0x1e,0x11,0x1e,0x10,0x1e,0x11,0x1e,0x10,0x1e,0x11,0x1e,0xf0,0x1d,0x11,0x1e,
0xf0,0x1d,0x11,0x1e,0xf0,0x15,0x11,0x1e,0xf0,0x1d,0x11,0x1e,0xf0,0x15,0x11,0x1e,0xf0,0x1d,0x11,0x1e,0xf0,0x15,0x11,0x1e,0xf0,0x15,0x11,0x1e,0xf0,0x15,0x10,0x1e,
0xf0,0x15,0x11,0x1e,0xf0,0x15,0x10,0x1e,0xf0,0x15,0xf1,0x1d,0xf0,0x15,0xf0,0x1d,0xf0,0x15,0xf0,0x1d,0xf0,0x15,0xf0,0x1d,0xf0,0x15,0xf0,0x1d,0xf0,0x15,0xf0,0x15,
0xf0,0x15,0xf0,0x1d,0xf0,0x15,0xf0,0x15,0xd0,0x15,0xf0,0x15,0xd0,0x15,0xf0,0x15,0xd0,0x15,0xf0,0x15,0xd0,0x15,0xf0,0x15,0xd0,0x15,0xf0,0x15,0xd0,0x15,0xf0,0x15,
0xd0,0x15,0xd0,0x15,0xcf,0x0d,0xd0,0x15,0xd0,0x15,0xd0,0x15,0xcf,0x0d,0xd0,0x15,0xcf,0x0d,0xd0,0x15,0xaf,0x0d,0xd0,0x15,0xaf,0x0d,0xd0,0x15,0xaf,0x0d,0xd0,0x15,
0xaf,0x15,0xcf,0x15,0xae,0x15,0xcf,0x1d,0xae,0x1d,0xcf,0x25,0xae,0x25,0xce,0x25,0xad,0x25,0xce,0x2d,0xad,0x2d,0xcd,0x35,0xad,0x35,0xad,0x3d,0xac,0x35,0xac,0x3d,
0xac,0x3d,0xac,0x45,0xab,0x45,0xac,0x4d,0xab,0x4d,0xab,0x55,0xab,0x4d,0xab,0x55,0xaa,0x55,0xab,0x5d,0xaa,0x5d,0xaa,0x5d,0xaa,0x5d,0xaa,0x65,0xa9,0x65,0xa9,0x6d,
0xa9,0x6d,0xa9,0x75,0xa8,0x6d,0xa9,0x75,0xa8,0x75,0xa8,0x7d,0xa8,0x75,0xa8,0x7d,0x87,0x7d,0xa8,0x85,0x87,0x85,0xa7,0x85,0x87,0x85,0xa7,0x8d,0x86,0x8d,0xa7,0x8d,
0x86,0x8d,0xa7,0x95,0x86,0x95,0xa6,0x95,0x86,0x95,0xa6,0x9d,0x85,0x95,0xa6,0x9d,0x85,0x9d,0xa6,0xa5,0x85,0x9d,0xa5,0xa5,0x85,0xa5,0xa5,0xad,0x85,0xa5,0xa5,0xad,
0x84,0xad,0xa5,0xad,0x84,0xad,0xa5,0xb5,0x84,0xad,0xa4,0xb5,0x84,0xb5,0xa4,0xb5,0x84,0xb5,0xa4,0xbd,0x83,0xb5,0xa4,0xbd,0x83,0xbd,0xa4,0xbd,0x83,0xbd,0xa3,0xbd,
0x83,0xbd,0xa3,0xc5,0x83,0xbd,0xa3,0xc5,0x83,0xc5,0xa3,0xc5,0x82,0xc5,0x83,0xc5,0x82,0xc5,0x83,0xcd,0x82,0xc5,0x83,0xcd,0x82,0xcd,0x83,0xcd,0x82,0xcd,0x82,0xcd,
0x82,0xcd,0x82,0xd5,0x82,0xcd,0x82,0xd5,0x82,0xcd,0x82,0xd5,0x82,0xd5,0x82,0xd5,0x11,0x26,0x11,0x1e,0x11,0x1e,0x11,0x1e,0x11,0x26,0x11,0x1e,0x11,0x1e,0x10,0x1e,
0x11,0x26,0x11,0x1e,0x11,0x1e,0x10,0x1e,0x11,0x1e,0x11,0x1e,0x11,0x1e,0x10,0x1e,0x11,0x1e,0x11,0x1e,0x11,0x1e,0x10,0x1e,0x11,0x1e,0x10,0x1e,0x11,0x1e,0x10,0x1e,
0x11,0x1e,0x10,0x1e,0x11,0x1e,0xf0,0x1d,0x11,0x1e,0xf0,0x1d,0x11,0x1e,0xf0,0x1d,0x11,0x1e,0xf0,0x1d,0x11,0x1e,0xf0,0x15,0x11,0x1e,0xf0,0x1d,0x11,0x1e,0xf0,0x15,
0x11,0x1e,0xf0,0x1d,0x11,0x1e,0xf0,0x15,0x11,0x1e,0xf0,0x15,0xf1,0x1d,0xf0,0x15,0xf1,0x1d,0xf0,0x15,0xf0,0x1d,0xf0,0x15,0xf1,0x1d,0xf0,0x15,0xf0,0x1d,0xf0,0x15,
0xf1,0x1d,0xf0,0x15,0xf0,0x15,0xd0,0x15,0xf0,0x1d,0xd0,0x15,0xf0,0x15,0xd0,0x15,0xf0,0x15,0xd0,0x15,0xf0,0x15,0xd0,0x15,0xf0,0x15,0xd0,0x15,0xd0,0x15,0xd0,0x15,
0xd0,0x15,0xd0,0x15,0xd0,0x15,0xcf,0x0d,0xd0,0x15,0xd0,0x0d,0xd0,0x15,0xaf,0x0d,0xd0,0x15,0xaf,0x15,0xcf,0x1d,0xaf,0x1d,0xcf,0x25,0xae,0x25,0xce,0x25,0xae,0x25,
0xce,0x2d,0xad,0x2d,0xce,0x35,0xad,0x35,0xcd,0x3d,0xad,0x35,0xcd,0x3d,0xac,0x3d,0xcd,0x45,0xac,0x45,0xcc,0x4d,0xab,0x4d,0xcc,0x55,0xab,0x4d,0xcb,0x55,0xab,0x55,
0xcb,0x5d,0xaa,0x5d,0xaa,0x5d,0xaa,0x5d,0xaa,0x65,0xaa,0x65,0xaa,0x6d,0xa9,0x6d,0xa9,0x75,0xa9,0x6d,0xa9,0x75,0xa8,0x75,0xa9,0x7d,0xa8,0x7d,0xa8,0x7d,0xa8,0x7d,
0xa8,0x85,0xa8,0x85,0xa8,0x85,0xa7,0x85,0xa8,0x8d,0xa7,0x8d,0xa7,0x8d,0xa6,0x8d,0xa7,0x95,0xa6,0x95,0xa7,0x95,0xa6,0x95,0xa6,0x9d,0xa6,0x9d,0xa6,0x9d,0xa5,0x9d,
0xa6,0xa5,0x85,0xa5,0xa6,0xa5,0x85,0xa5,0xa5,0xad,0x85,0xa5,0xa5,0xad,0x85,0xad,0xa5,0xb5,0x84,0xad,0xa5,0xb5,0x84,0xad,0xa5,0xb5,0x84,0xb5,0xa4,0xb5,0x84,0xb5,
0xa4,0xbd,0x84,0xbd,0xa4,0xbd,0x83,0xbd,0xa4,0xc5,0x83,0xbd,0xa4,0xc5,0x83,0xbd,0xa4,0xc5,0x83,0xc5,0xa3,0xc5,0x83,0xc5,0xa3,0xcd,0x83,0xc5,0xa3,0xcd,0x83,0xc5,
0xa3,0xcd,0x83,0xcd,0xa3,0xcd,0x82,0xcd,0xa3,0xd5,0x82,0xcd,0xa3,0xd5,0x82,0xcd,0xa3,0xd5,0x82,0xd5,0xa2,0xd5,0x82,0xd5,0xa2,0xd5,0x82,0xd5,0xa2,0xd5,0x82,0xd5,
0x10,0x1e,0x11,0x1e,0x10,0x1e,0x11,0x1e,0x10,0x1e,0x11,0x1e,0x10,0x1e,0x11,0x1e,0x10,0x1e,0x11,0x1e,0x10,0x1e,0x11,0x1e,0x10,0x1e,0x11,0x1e,0x10,0x1e,0x11,0x1e,
0x10,0x1e,0x11,0x1e,0xf0,0x1d,0x11,0x1e,0xf0,0x1d,0x11,0x1e,0xf0,0x1d,0x11,0x1e,0xf0,0x15,0x11,0x1e,0xf0,0x1d,0x11,0x1e,0xf0,0x15,0x11,0x1e,0xf0,0x15,0x11,0x1e,
0xf0,0x15,0x10,0x1e,0xf0,0x15,0x11,0x1e,0xf0,0x15,0x10,0x1e,0xf0,0x15,0xf1,0x1d,0xf0,0x15,0xf0,0x1d,0xf0,0x15,0xf0,0x1d,0xf0,0x15,0xf0,0x1d,0xf0,0x15,0xf0,0x1d,
0xf0,0x15,0xf0,0x15,0xf0,0x15,0xf0,0x1d,0xf0,0x15,0xf0,0x15,0xd0,0x15,0xf0,0x15,0xd0,0x15,0xf0,0x15,0xd0,0x15,0xf0,0x15,0xd0,0x15,0xf0,0x15,0xd0,0x15,0xf0,0x15,
0xcf,0x15,0xd0,0x15,0xd0,0x15,0xd0,0x15,0xcf,0x0d,0xd0,0x15,0xcf,0x0d,0xd0,0x15,0xcf,0x0d,0xd0,0x15,0xcf,0x0d,0xd0,0x15,0xaf,0x0d,0xd0,0x15,0xaf,0x0d,0xd0,0x15,
0xaf,0x0d,0xcf,0x15,0xaf,0x15,0xcf,0x1d,0xae,0x1d,0xce,0x25,0xae,0x25,0xce,0x25,0xad,0x25,0xce,0x2d,0xad,0x2d,0xcd,0x35,0xad,0x35,0xad,0x3d,0xac,0x3d,0xad,0x3d,
0xac,0x3d,0xac,0x45,0xab,0x45,0xac,0x4d,0xab,0x4d,0xab,0x55,0xab,0x55,0xab,0x55,0xaa,0x55,0xaa,0x5d,0xaa,0x5d,0xaa,0x65,0xa9,0x65,0xaa,0x65,0xa9,0x65,0xa9,0x6d,
0xa9,0x6d,0xa9,0x75,0xa8,0x75,0xa9,0x75,0xa8,0x75,0xa8,0x7d,0x88,0x7d,0xa8,0x85,0x87,0x7d,0xa8,0x85,0x87,0x85,0xa7,0x8d,0x87,0x85,0xa7,0x8d,0x86,0x8d,0xa7,0x95,
0x86,0x8d,0xa6,0x95,0x86,0x95,0xa6,0x9d,0x85,0x95,0xa6,0x9d,0x85,0x9d,0xa6,0xa5,0x85,0x9d,0xa5,0xa5,0x85,0xa5,0xa5,0xad,0x85,0xa5,0xa5,0xad,0x84,0xad,0xa5,0xad,
0x84,0xad,0xa4,0xb5,0x84,0xad,0xa4,0xb5,0x84,0xb5,0xa4,0xb5,0x84,0xb5,0xa4,0xbd,0x83,0xb5,0xa4,0xbd,0x83,0xbd,0xa4,0xbd,0x83,0xbd,0xa3,0xbd,0x83,0xbd,0xa3,0xc5,
0x83,0xbd,0xa3,0xc5,0x83,0xc5,0x83,0xc5,0x82,0xc5,0x83,0xcd,0x82,0xc5,0x83,0xcd,0x82,0xc5,0x83,0xcd,0x82,0xcd,0x83,0xcd,0x82,0xcd,0x82,0xcd,0x82,0xcd,0x82,0xd5,
0x82,0xcd,0x82,0xd5,0x82,0xd5,0x82,0xd5,0x81,0xd5,0x82,0xd5,0x81,0xd5,0x82,0xdd,0x31,0x26,0x11,0x1e,0x31,0x26,0x11,0x1e,0x11,0x1e,0x11,0x1e,0x11,0x26,0x11,0x1e,
0x11,0x1e,0x10,0x1e,0x11,0x26,0x11,0x1e,0x11,0x1e,0x10,0x1e,0x11,0x1e,0x11,0x1e,0x11,0x1e,0x10,0x1e,0x11,0x1e,0x11,0x1e,0x11,0x1e,0x10,0x1e,0x11,0x1e,0x10,0x1e,
0x11,0x1e,0x10,0x1e,0x11,0x1e,0x10,0x1e,0x11,0x1e,0x10,0x1e,0x11,0x1e,0xf0,0x1d,0x11,0x1e,0xf0,0x1d,0x11,0x1e,0xf0,0x1d,0x11,0x1e,0xf0,0x15,0x11,0x1e,0xf0,0x1d,
0x11,0x1e,0xf0,0x15,0x11,0x1e,0xf0,0x15,0x11,0x1e,0xf0,0x15,0x11,0x1e,0xf0,0x15,0xf1,0x1d,0xf0,0x15,0xf1,0x1d,0xf0,0x15,0xf0,0x1d,0xf0,0x15,0xf1,0x1d,0xf0,0x15,
0xf0,0x1d,0xf0,0x15,0xf0,0x1d,0xf0,0x15,0xf0,0x15,0xd0,0x15,0xf0,0x15,0xd0,0x15,0xf0,0x15,0xd0,0x15,0xf0,0x15,0xd0,0x15,0xf0,0x15,0xd0,0x15,0xf0,0x15,0xd0,0x15,
0xd0,0x15,0xd0,0x0d,0xd0,0x15,0xd0,0x15,0xd0,0x15,0xcf,0x0d,0xd0,0x15,0xd0,0x0d,0xd0,0x15,0xaf,0x15,0xcf,0x1d,0xaf,0x1d,0xcf,0x1d,0xae,0x1d,0xcf,0x25,0xae,0x25,
0xce,0x2d,0xad,0x2d,0xce,0x35,0xad,0x35,0xcd,0x35,0xad,0x35,0xcd,0x3d,0xac,0x3d,0xcc,0x45,0xac,0x45,0xcc,0x4d,0xab,0x4d,0xcc,0x55,0xab,0x4d,0xcb,0x55,0xab,0x55,
0xab,0x5d,0xaa,0x5d,0xaa,0x65,0xaa,0x65,0xaa,0x65,0xa9,0x65,0xaa,0x6d,0xa9,0x6d,0xa9,0x75,0xa9,0x75,0xa9,0x75,0xa8,0x75,0xa9,0x7d,0xa8,0x7d,0xa8,0x85,0xa8,0x85,
0xa8,0x85,0xa7,0x85,0xa8,0x8d,0xa7,0x8d,0xa7,0x8d,0xa7,0x8d,0xa7,0x95,0xa6,0x95,0xa7,0x95,0xa6,0x95,0xa7,0x9d,0xa6,0x9d,0xa6,0x9d,0xa5,0x9d,0xa6,0xa5,0x85,0xa5,
0xa6,0xa5,0x85,0xa5,0xa6,0xad,0x85,0xa5,0xa5,0xad,0x85,0xad,0xa5,0xb5,0x84,0xad,0xa5,0xb5,0x84,0xad,0xa5,0xb5,0x84,0xb5,0xa4,0xbd,0x84,0xb5,0xa4,0xbd,0x84,0xbd,
0xa4,0xbd,0x83,0xbd,0xa4,0xc5,0x83,0xbd,0xa4,0xc5,0x83,0xbd,0xa4,0xc5,0x83,0xc5,0xa3,0xc5,0x83,0xc5,0xa3,0xcd,0x83,0xc5,0xa3,0xcd,0x82,0xc5,0xa3,0xcd,0x82,0xcd,
0xa3,0xcd,0x82,0xcd,0xa3,0xd5,0x82,0xcd,0xa3,0xd5,0x82,0xcd,0xa3,0xd5,0x82,0xd5,0xa2,0xd5,0x82,0xd5,0xa2,0xdd,0x82,0xd5,0xa2,0xdd,0x82,0xd5,0xa2,0xdd,0x82,0xd5,
0x10,0x1e,0x11,0x1e,0x10,0x1e,0x11,0x1e,0x10,0x1e,0x11,0x1e,0x10,0x1e,0x11,0x1e,0x10,0x1e,0x11,0x1e,0x10,0x1e,0x11,0x1e,0x10,0x1e,0x11,0x1e,0x10,0x1e,0x11,0x1e,
0x10,0x1e,0x11,0x1e,0x10,0x1e,0x11,0x1e,0xf0,0x1d,0x11,0x1e,0xf0,0x1d,0x11,0x1e,0xf0,0x1d,0x11,0x1e,0xf0,0x15,0x11,0x1e,0xf0,0x1d,0x11,0x1e,0xf0,0x15,0x11,0x1e,
0xf0,0x15,0x11,0x1e,0xf0,0x15,0x10,0x1e,0xf0,0x15,0x11,0x1e,0xf0,0x15,0x10,0x1e,0xf0,0x15,0xf1,0x1d,0xf0,0x15,0xf0,0x1d,0xf0,0x15,0xf0,0x1d,0xf0,0x15,0xf0,0x1d,
0xf0,0x15,0xf0,0x1d,0xf0,0x15,0xf0,0x15,0xf0,0x15,0xf0,0x1d,0xf0,0x15,0xf0,0x15,0xd0,0x15,0xf0,0x15,0xd0,0x15,0xf0,0x15,0xd0,0x15,0xf0,0x15,0xd0,0x15,0xf0,0x15,
0xd0,0x15,0xf0,0x15,0xcf,0x15,0xd0,0x15,0xd0,0x15,0xd0,0x15,0xcf,0x0d,0xd0,0x15,0xcf,0x0d,0xd0,0x15,0xcf,0x0d,0xd0,0x15,0xaf,0x0d,0xd0,0x15,0xaf,0x0d,0xd0,0x15,
0xaf,0x0d,0xcf,0x15,0xaf,0x15,0xcf,0x1d,0xae,0x1d,0xcf,0x25,0xae,0x1d,0xce,0x25,0xad,0x25,0xce,0x2d,0xad,0x2d,0xcd,0x35,0xad,0x35,0xad,0x3d,0xac,0x3d,0xac,0x3d,
0xac,0x3d,0xac,0x45,0xab,0x45,0xab,0x4d,0xab,0x4d,0xab,0x55,0xaa,0x55,0xab,0x55,0xaa,0x55,0xaa,0x5d,0xaa,0x5d,0xaa,0x65,0xa9,0x65,0xaa,0x6d,0xa9,0x65,0xa9,0x6d,
0xa9,0x6d,0xa9,0x75,0xa8,0x75,0xa8,0x7d,0xa8,0x7d,0xa8,0x7d,0x87,0x7d,0xa8,0x85,0x87,0x85,0xa7,0x8d,0x87,0x85,0xa7,0x8d,0x87,0x8d,0xa7,0x95,0x86,0x8d,0xa6,0x95,
0x86,0x95,0xa6,0x9d,0x86,0x95,0xa6,0x9d,0x85,0x9d,0xa6,0xa5,0x85,0x9d,0xa5,0xa5,0x85,0xa5,0xa5,0xa5,0x85,0xa5,0xa5,0xad,0x84,0xad,0xa5,0xad,0x84,0xad,0xa4,0xb5,
0x84,0xad,0xa4,0xb5,0x84,0xb5,0xa4,0xb5,0x84,0xb5,0xa4,0xbd,0x83,0xb5,0xa4,0xbd,0x83,0xbd,0xa4,0xbd,0x83,0xbd,0xa3,0xc5,0x83,0xbd,0xa3,0xc5,0x83,0xbd,0xa3,0xc5,
0x83,0xc5,0x83,0xcd,0x82,0xc5,0x83,0xcd,0x82,0xc5,0x83,0xcd,0x82,0xcd,0x83,0xcd,0x82,0xcd,0x83,0xcd,0x82,0xcd,0x82,0xd5,0x82,0xcd,0x82,0xd5,0x82,0xcd,0x82,0xd5,
0x82,0xd5,0x82,0xd5,0x81,0xd5,0x82,0xd5,0x81,0xd5,0x82,0xdd,0x81,0xd5,0x82,0xdd,0x31,0x26,0x11,0x1e,0x31,0x26,0x11,0x1e,0x31,0x26,0x11,0x1e,0x31,0x1e,0x11,0x1e,
0x11,0x26,0x11,0x1e,0x11,0x1e,0x10,0x1e,0x11,0x26,0x11,0x1e,0x11,0x1e,0x10,0x1e,0x11,0x1e,0x11,0x1e,0x11,0x1e,0x10,0x1e,0x11,0x1e,0x11,0x1e,0x11,0x1e,0x10,0x1e,
0x11,0x1e,0x10,0x1e,0x11,0x1e,0x10,0x1e,0x11,0x1e,0x10,0x1e,0x11,0x1e,0x10,0x1e,0x11,0x1e,0xf0,0x1d,0x11,0x1e,0xf0,0x1d,0x11,0x1e,0xf0,0x1d,0x11,0x1e,0xf0,0x1d,
0x11,0x1e,0xf0,0x1d,0x11,0x1e,0xf0,0x15,0x11,0x1e,0xf0,0x15,0x11,0x1e,0xf0,0x15,0x11,0x1e,0xf0,0x15,0xf1,0x1d,0xf0,0x15,0xf1,0x1d,0xf0,0x15,0xf0,0x1d,0xf0,0x15,
0xf1,0x1d,0xf0,0x15,0xf0,0x1d,0xf0,0x15,0xf0,0x1d,0xd0,0x15,0xf0,0x15,0xd0,0x15,0xf0,0x15,0xd0,0x15,0xf0,0x15,0xd0,0x15,0xf0,0x15,0xd0,0x15,0xf0,0x15,0xd0,0x15,
0xd0,0x15,0xd0,0x15,0xd0,0x15,0xd0,0x0d,0xd0,0x15,0xd0,0x0d,0xd0,0x15,0xcf,0x0d,0xd0,0x15,0xaf,0x15,0xcf,0x1d,0xaf,0x15,0xcf,0x1d,0xae,0x1d,0xcf,0x25,0xae,0x25,
0xce,0x2d,0xae,0x2d,0xce,0x35,0xad,0x35,0xcd,0x3d,0xad,0x3d,0xcd,0x3d,0xac,0x3d,0xcc,0x45,0xac,0x45,0xcc,0x4d,0xab,0x4d,0xcc,0x55,0xab,0x55,0xcb,0x55,0xaa,0x55,
0xab,0x5d,0xaa,0x5d,0xaa,0x65,0xaa,0x65,0xaa,0x6d,0xa9,0x6d,0xa9,0x6d,0xa9,0x6d,0xa9,0x75,0xa9,0x75,0xa9,0x7d,0xa8,0x75,0xa8,0x7d,0xa8,0x7d,0xa8,0x85,0xa7,0x85,
0xa8,0x8d,0xa7,0x85,0xa7,0x8d,0xa7,0x8d,0xa7,0x95,0xa7,0x95,0xa7,0x95,0xa6,0x95,0xa7,0x9d,0xa6,0x9d,0xa6,0x9d,0xa6,0x9d,0xa6,0xa5,0x85,0xa5,0xa6,0xa5,0x85,0xa5,
0xa6,0xad,0x85,0xa5,0xa5,0xad,0x85,0xad,0xa5,0xb5,0x84,0xad,0xa5,0xb5,0x84,0xb5,0xa5,0xb5,0x84,0xb5,0xa4,0xbd,0x84,0xb5,0xa4,0xbd,0x84,0xbd,0xa4,0xbd,0x83,0xbd,
0xa4,0xc5,0x83,0xbd,0xa4,0xc5,0x83,0xbd,0xa4,0xc5,0x83,0xc5,0xa3,0xc5,0x83,0xc5,0xa3,0xcd,0x83,0xc5,0xa3,0xcd,0x82,0xcd,0xa3,0xcd,0x82,0xcd,0xa3,0xcd,0x82,0xcd,
0xa3,0xd5,0x82,0xcd,0xa2,0xd5,0x82,0xd5,0xa2,0xd5,0x82,0xd5,0xa2,0xd5,0x82,0xd5,0xa2,0xdd,0x82,0xd5,0xa2,0xdd,0x81,0xd5,0xa2,0xdd,0x81,0xdd,0xa2,0xdd,0x81,0xdd,
0x10,0x1e,0x11,0x1e,0x10,0x1e,0x11,0x1e,0x10,0x1e,0x11,0x1e,0x10,0x1e,0x11,0x1e,0x10,0x1e,0x11,0x1e,0x10,0x1e,0x11,0x1e,0x10,0x1e,0x11,0x1e,0x10,0x1e,0x11,0x1e,
0x10,0x1e,0x11,0x1e,0x10,0x1e,0x11,0x1e,0x10,0x1e,0x11,0x1e,0x10,0x1e,0x11,0x1e,0xf0,0x1d,0x11,0x1e,0xf0,0x1d,0x11,0x1e,0xf0,0x15,0x11,0x1e,0xf0,0x1d,0x11,0x1e,
0xf0,0x15,0x11,0x1e,0xf0,0x15,0x11,0x1e,0xf0,0x15,0x10,0x1e,0xf0,0x15,0x11,0x1e,0xf0,0x15,0x10,0x1e,0xf0,0x15,0xf1,0x1d,0xf0,0x15,0xf0,0x1d,0xf0,0x15,0xf0,0x1d,
0xf0,0x15,0xf0,0x1d,0xf0,0x15,0xf0,0x1d,0xf0,0x15,0xf0,0x15,0xf0,0x15,0xf0,0x1d,0xd0,0x15,0xf0,0x15,0xd0,0x15,0xf0,0x15,0xd0,0x15,0xf0,0x15,0xd0,0x15,0xf0,0x15,
0xd0,0x15,0xf0,0x15,0xd0,0x15,0xd0,0x15,0xcf,0x0d,0xd0,0x15,0xd0,0x15,0xd0,0x15,0xcf,0x0d,0xd0,0x15,0xcf,0x0d,0xd0,0x15,0xaf,0x0d,0xd0,0x15,0xaf,0x0d,0xd0,0x15,
0xaf,0x0d,0xcf,0x15,0xaf,0x15,0xcf,0x1d,0xae,0x1d,0xcf,0x1d,0xae,0x1d,0xce,0x25,0xad,0x25,0xce,0x2d,0xad,0x2d,0xcd,0x35,0xac,0x35,0xad,0x3d,0xac,0x3d,0xac,0x45,
0xac,0x3d,0xac,0x45,0xab,0x45,0xac,0x4d,0xab,0x4d,0xab,0x55,0xaa,0x55,0xab,0x5d,0xaa,0x5d,0xaa,0x5d,0xaa,0x5d,0xaa,0x65,0xa9,0x65,0xa9,0x6d,0xa9,0x6d,0xa9,0x75,
0xa8,0x6d,0xa9,0x75,0xa8,0x75,0xa8,0x7d,0x88,0x7d,0xa8,0x85,0x87,0x7d,0xa8,0x85,0x87,0x85,0xa7,0x8d,0x87,0x8d,0xa7,0x8d,0x86,0x8d,0xa7,0x95,0x86,0x95,0xa6,0x9d,
0x86,0x95,0xa6,0x9d,0x85,0x9d,0xa6,0xa5,0x85,0x9d,0xa5,0xa5,0x85,0xa5,0xa5,0xa5,0x85,0xa5,0xa5,0xad,0x84,0xad,0xa5,0xad,0x84,0xad,0xa4,0xb5,0x84,0xad,0xa4,0xb5,
0x84,0xb5,0xa4,0xb5,0x84,0xb5,0xa4,0xbd,0x83,0xb5,0xa4,0xbd,0x83,0xbd,0xa4,0xbd,0x83,0xbd,0xa3,0xc5,0x83,0xbd,0xa3,0xc5,0x83,0xc5,0x83,0xc5,0x83,0xc5,0x83,0xcd,
0x82,0xc5,0x83,0xcd,0x82,0xcd,0x83,0xcd,0x82,0xcd,0x82,0xcd,0x82,0xcd,0x82,0xd5,0x82,0xcd,0x82,0xd5,0x82,0xcd,0x82,0xd5,0x82,0xd5,0x82,0xd5,0x82,0xd5,0x82,0xd5,
0x81,0xd5,0x82,0xdd,0x81,0xd5,0x82,0xdd,0x81,0xd5,0x82,0xdd,0x81,0xdd,0x82,0xdd,0x31,0x26,0x11,0x1e,0x31,0x26,0x11,0x1e,0x31,0x26,0x11,0x1e,0x31,0x26,0x11,0x1e,
0x31,0x26,0x11,0x1e,0x31,0x26,0x11,0x1e,0x11,0x1e,0x11,0x1e,0x11,0x26,0x11,0x1e,0x11,0x1e,0x10,0x1e,0x11,0x26,0x11,0x1e,0x11,0x1e,0x10,0x1e,0x11,0x1e,0x11,0x1e,
0x11,0x1e,0x10,0x1e,0x11,0x1e,0x11,0x1e,0x11,0x1e,0x10,0x1e,0x11,0x1e,0x10,0x1e,0x11,0x1e,0x10,0x1e,0x11,0x1e,0xf0,0x1d,0x11,0x1e,0xf0,0x1d,0x11,0x1e,0xf0,0x1d,
0x11,0x1e,0xf0,0x1d,0x11,0x1e,0xf0,0x1d,0x11,0x1e,0xf0,0x15,0x11,0x1e,0xf0,0x15,0x11,0x1e,0xf0,0x15,0x11,0x1e,0xf0,0x15,0xf1,0x1d,0xf0,0x15,0xf1,0x1d,0xf0,0x15,
0xf0,0x1d,0xf0,0x15,0xf1,0x1d,0xf0,0x15,0xf0,0x1d,0xf0,0x15,0xf0,0x1d,0xd0,0x15,0xf0,0x15,0xd0,0x15,0xf0,0x15,0xd0,0x15,0xf0,0x15,0xd0,0x15,0xf0,0x15,0xd0,0x15,
0xd0,0x15,0xd0,0x15,0xd0,0x15,0xd0,0x15,0xd0,0x15,0xcf,0x0d,0xd0,0x15,0xd0,0x0d,0xd0,0x15,0xaf,0x15,0xd0,0x1d,0xaf,0x15,0xcf,0x1d,0xae,0x1d,0xcf,0x25,0xae,0x25,
0xce,0x2d,0xad,0x2d,0xce,0x35,0xad,0x35,0xcd,0x35,0xad,0x35,0xcd,0x3d,0xac,0x3d,0xcc,0x45,0xac,0x45,0xcc,0x4d,0xab,0x4d,0xcb,0x55,0xab,0x55,0xcb,0x5d,0xaa,0x5d,
0xab,0x5d,0xaa,0x5d,0xaa,0x65,0xaa,0x65,0xaa,0x6d,0xa9,0x6d,0xa9,0x75,0xa9,0x75,0xa9,0x75,0xa8,0x75,0xa9,0x7d,0xa8,0x7d,0xa8,0x85,0xa7,0x7d,0xa8,0x85,0xa7,0x85,
0xa7,0x8d,0xa7,0x8d,0xa7,0x95,0xa7,0x8d,0xa7,0x95,0xa6,0x95,0xa7,0x9d,0xa6,0x95,0xa6,0x9d,0xa6,0x9d,0xa6,0xa5,0xa5,0x9d,0xa6,0xa5,0x85,0xa5,0xa6,0xad,0x85,0xa5,
0xa5,0xad,0x85,0xad,0xa5,0xb5,0x84,0xad,0xa5,0xb5,0x84,0xb5,0xa5,0xb5,0x84,0xb5,0xa4,0xbd,0x84,0xb5,0xa4,0xbd,0x84,0xbd,0xa4,0xbd,0x83,0xbd,0xa4,0xc5,0x83,0xbd,
0xa4,0xc5,0x83,0xc5,0xa4,0xc5,0x83,0xc5,0xa3,0xcd,0x83,0xc5,0xa3,0xcd,0x83,0xcd,0xa3,0xcd,0x82,0xcd,0xa3,0xcd,0x82,0xcd,0xa3,0xd5,0x82,0xcd,0xa3,0xd5,0x82,0xd5,
0xa2,0xd5,0x82,0xd5,0xa2,0xd5,0x82,0xd5,0xa2,0xd5,0x82,0xd5,0xa2,0xdd,0x82,0xd5,0xa2,0xdd,0x81,0xd5,0xa2,0xdd,0x81,0xdd,0xa2,0xdd,0x81,0xdd,0xa2,0xe5,0x81,0xdd,
0x10,0x1e,0x11,0x1e,0x10,0x1e,0x11,0x1e,0x10,0x1e,0x11,0x1e,0x10,0x1e,0x11,0x1e,0x10,0x1e,0x11,0x1e,0x10,0x1e,0x11,0x1e,0x10,0x1e,0x11,0x1e,0x10,0x1e,0x11,0x1e,
0x10,0x1e,0x11,0x1e,0x10,0x1e,0x11,0x1e,0x10,0x1e,0x11,0x1e,0x10,0x1e,0x11,0x1e,0x10,0x1e,0x11,0x1e,0xf0,0x1d,0x11,0x1e,0xf0,0x1d,0x11,0x1e,0xf0,0x15,0x11,0x1e,
0xf0,0x1d,0x11,0x1e,0xf0,0x15,0x11,0x1e,0xf0,0x1d,0x11,0x1e,0xf0,0x15,0x11,0x1e,0xf0,0x15,0x11,0x1e,0xf0,0x15,0x10,0x1e,0xf0,0x15,0xf1,0x1d,0xf0,0x15,0xf0,0x1d,
0xf0,0x15,0xf0,0x1d,0xf0,0x15,0xf0,0x1d,0xf0,0x15,0xf0,0x1d,0xf0,0x15,0xf0,0x15,0xf0,0x15,0xf0,0x1d,0xd0,0x15,0xf0,0x15,0xd0,0x15,0xf0,0x15,0xd0,0x15,0xf0,0x15,
0xd0,0x15,0xf0,0x15,0xd0,0x15,0xf0,0x15,0xd0,0x15,0xd0,0x15,0xcf,0x0d,0xd0,0x15,0xcf,0x0d,0xd0,0x15,0xcf,0x0d,0xd0,0x15,0xcf,0x0d,0xd0,0x15,0xaf,0x0d,0xd0,0x15,
0xaf,0x0d,0xd0,0x15,0xaf,0x15,0xcf,0x15,0xae,0x1d,0xcf,0x1d,0xae,0x1d,0xce,0x25,0xae,0x25,0xce,0x2d,0xad,0x2d,0xcd,0x35,0xad,0x35,0xad,0x3d,0xac,0x3d,0xac,0x45,
0xac,0x45,0xac,0x45,0xab,0x45,0xab,0x4d,0xab,0x4d,0xab,0x55,0xaa,0x55,0xaa,0x5d,0xaa,0x5d,0xaa,0x65,0xa9,0x5d,0xaa,0x65,0xa9,0x65,0xa9,0x6d,0xa8,0x6d,0xa9,0x75,
0xa8,0x75,0xa9,0x7d,0xa8,0x75,0xa8,0x7d,0x87,0x7d,0xa8,0x85,0x87,0x85,0xa7,0x8d,0x87,0x85,0xa7,0x8d,0x86,0x8d,0xa7,0x95,0x86,0x95,0xa6,0x95,0x86,0x95,0xa6,0x9d,
0x85,0x9d,0xa6,0x9d,0x85,0x9d,0xa5,0xa5,0x85,0xa5,0xa5,0xa5,0x85,0xa5,0xa5,0xad,0x84,0xad,0xa5,0xad,0x84,0xad,0xa4,0xb5,0x84,0xad,0xa4,0xb5,0x84,0xb5,0xa4,0xb5,
0x84,0xb5,0xa4,0xbd,0x83,0xb5,0xa4,0xbd,0x83,0xbd,0xa4,0xc5,0x83,0xbd,0xa3,0xc5,0x83,0xc5,0xa3,0xc5,0x83,0xc5,0x83,0xc5,0x82,0xc5,0x83,0xcd,0x82,0xc5,0x83,0xcd,
0x82,0xcd,0x83,0xcd,0x82,0xcd,0x82,0xcd,0x82,0xcd,0x82,0xd5,0x82,0xcd,0x82,0xd5,0x82,0xd5,0x82,0xd5,0x81,0xd5,0x82,0xd5,0x81,0xd5,0x82,0xdd,0x81,0xd5,0x82,0xdd,
0x81,0xd5,0x82,0xdd,0x81,0xd5,0x81,0xdd,0x81,0xdd,0x81,0xdd,0x81,0xdd,0x81,0xdd,0x31,0x26,0x11,0x1e,0x31,0x26,0x11,0x1e,0x31,0x26,0x11,0x1e,0x31,0x26,0x11,0x1e,
0x31,0x26,0x11,0x1e,0x31,0x26,0x11,0x1e,0x31,0x26,0x11,0x1e,0x11,0x1e,0x11,0x1e,0x11,0x26,0x11,0x1e,0x11,0x1e,0x10,0x1e,0x11,0x26,0x11,0x1e,0x11,0x1e,0x10,0x1e,
0x11,0x1e,0x11,0x1e,0x11,0x1e,0x10,0x1e,0x11,0x1e,0x11,0x1e,0x11,0x1e,0x10,0x1e,0x11,0x1e,0x10,0x1e,0x11,0x1e,0x10,0x1e,0x11,0x1e,0xf0,0x1d,0x11,0x1e,0xf0,0x1d,
0x11,0x1e,0xf0,0x1d,0x11,0x1e,0xf0,0x1d,0x11,0x1e,0xf0,0x1d,0x11,0x1e,0xf0,0x15,0x11,0x1e,0xf0,0x15,0x11,0x1e,0xf0,0x15,0x11,0x1e,0xf0,0x15,0xf1,0x1d,0xf0,0x15,
0xf1,0x1d,0xf0,0x15,0xf0,0x1d,0xf0,0x15,0xf1,0x1d,0xf0,0x15,0xf0,0x15,0xf0,0x15,0xf0,0x1d,0xd0,0x15,0xf0,0x15,0xd0,0x15,0xf0,0x15,0xd0,0x15,0xf0,0x15,0xd0,0x15,
0xf0,0x15,0xd0,0x15,0xd0,0x15,0xd0,0x15,0xd0,0x15,0xd0,0x15,0xd0,0x15,0xcf,0x0d,0xd0,0x15,0xaf,0x0d,0xd0,0x15,0xaf,0x15,0xcf,0x1d,0xaf,0x1d,0xcf,0x25,0xae,0x25,
0xce,0x2d,0xae,0x2d,0xce,0x35,0xad,0x35,0xcd,0x3d,0xad,0x3d,0xcd,0x3d,0xac,0x3d,0xcc,0x45,0xac,0x45,0xcc,0x4d,0xab,0x4d,0xcb,0x55,0xab,0x55,0xcb,0x5d,0xaa,0x5d,
0xab,0x65,0xaa,0x65,0xaa,0x65,0xa9,0x65,0xaa,0x6d,0xa9,0x6d,0xa9,0x75,0xa8,0x75,0xa9,0x7d,0xa8,0x7d,0xa8,0x7d,0xa8,0x7d,0xa8,0x85,0xa7,0x85,0xa8,0x8d,0xa7,0x85,
0xa7,0x8d,0xa7,0x8d,0xa7,0x95,0xa6,0x95,0xa7,0x9d,0xa6,0x95,0xa6,0x9d,0xa6,0x9d,0xa6,0xa5,0xa5,0x9d,0xa6,0xa5,0x85,0xa5,0xa6,0xad,0x85,0xa5,0xa5,0xad,0x85,0xad,
0xa5,0xb5,0x84,0xad,0xa5,0xb5,0x84,0xb5,0xa5,0xb5,0x84,0xb5,0xa4,0xbd,0x84,0xb5,0xa4,0xbd,0x84,0xbd,0xa4,0xbd,0x83,0xbd,0xa4,0xc5,0x83,0xbd,0xa4,0xc5,0x83,0xc5,
0xa3,0xc5,0x83,0xc5,0xa3,0xcd,0x83,0xc5,0xa3,0xcd,0x83,0xcd,0xa3,0xcd,0x82,0xcd,0xa3,0xd5,0x82,0xcd,0xa3,0xd5,0x82,0xcd,0xa3,0xd5,0x82,0xd5,0xa2,0xd5,0x82,0xd5,
0xa2,0xdd,0x82,0xd5,0xa2,0xdd,0x82,0xd5,0xa2,0xdd,0x82,0xdd,0xa2,0xdd,0x81,0xdd,0xa2,0xdd,0x81,0xdd,0xa2,0xdd,0x81,0xdd,0xa2,0xe5,0x81,0xdd,0xa1,0xe5,0x81,0xdd,
0x10,0x1e,0x11,0x1e,0x10,0x1e,0x11,0x1e,0x10,0x1e,0x11,0x1e,0x10,0x1e,0x11,0x1e,0x10,0x1e,0x11,0x1e,0x10,0x1e,0x11,0x1e,0x10,0x1e,0x11,0x1e,0x10,0x1e,0x11,0x1e,
0x10,0x1e,0x11,0x1e,0x10,0x1e,0x11,0x1e,0x10,0x1e,0x11,0x1e,0x10,0x1e,0x11,0x1e,0x10,0x1e,0x11,0x1e,0x10,0x1e,0x11,0x1e,0x10,0x1e,0x11,0x1e,0xf0,0x1d,0x11,0x1e,
0xf0,0x15,0x11,0x1e,0xf0,0x1d,0x11,0x1e,0xf0,0x15,0x11,0x1e,0xf0,0x1d,0x11,0x1e,0xf0,0x15,0x11,0x1e,0xf0,0x15,0x11,0x1e,0xf0,0x15,0x10,0x1e,0xf0,0x15,0xf1,0x1d,
0xf0,0x15,0xf0,0x1d,0xf0,0x15,0xf0,0x1d,0xf0,0x15,0xf0,0x1d,0xf0,0x15,0xf0,0x1d,0xf0,0x15,0xf0,0x15,0xf0,0x15,0xf0,0x15,0xd0,0x15,0xf0,0x15,0xd0,0x15,0xf0,0x15,
0xd0,0x15,0xf0,0x15,0xd0,0x15,0xf0,0x15,0xcf,0x15,0xd0,0x15,0xd0,0x15,0xd0,0x15,0xcf,0x0d,0xd0,0x15,0xcf,0x0d,0xd0,0x15,0xcf,0x0d,0xd0,0x15,0xaf,0x0d,0xd0,0x15,
0xaf,0x0d,0xd0,0x15,0xaf,0x15,0xcf,0x15,0xae,0x15,0xcf,0x1d,0xae,0x1d,0xce,0x25,0xad,0x25,0xce,0x2d,0xad,0x2d,0xcd,0x35,0xac,0x35,0xad,0x3d,0xac,0x3d,0xac,0x45,
0xac,0x45,0xac,0x45,0xab,0x4d,0xab,0x4d,0xab,0x4d,0xab,0x55,0xaa,0x55,0xaa,0x5d,0xaa,0x5d,0xaa,0x65,0xa9,0x65,0xaa,0x6d,0xa9,0x6d,0xa9,0x6d,0xa8,0x6d,0xa9,0x75,
0xa8,0x75,0xa8,0x7d,0x88,0x7d,0xa8,0x85,0x87,0x7d,0xa7,0x85,0x87,0x85,0xa7,0x8d,0x86,0x8d,0xa7,0x95,0x86,0x8d,0xa7,0x95,0x86,0x95,0xa6,0x9d,0x86,0x9d,0xa6,0x9d,
0x85,0x9d,0xa5,0xa5,0x85,0xa5,0xa5,0xa5,0x85,0xa5,0xa5,0xad,0x84,0xad,0xa5,0xad,0x84,0xad,0xa4,0xb5,0x84,0xad,0xa4,0xb5,0x84,0xb5,0xa4,0xb5,0x84,0xb5,0xa4,0xbd,
0x83,0xb5,0xa4,0xbd,0x83,0xbd,0xa4,0xc5,0x83,0xbd,0xa3,0xc5,0x83,0xc5,0xa3,0xc5,0x82,0xc5,0x83,0xc5,0x82,0xc5,0x83,0xcd,0x82,0xc5,0x83,0xcd,0x82,0xcd,0x83,0xcd,
0x82,0xcd,0x82,0xd5,0x82,0xcd,0x82,0xd5,0x82,0xcd,0x82,0xd5,0x82,0xd5,0x82,0xd5,0x81,0xd5,0x82,0xd5,0x81,0xd5,0x82,0xdd,0x81,0xd5,0x82,0xdd,0x81,0xdd,0x82,0xdd,
0x81,0xdd,0x81,0xdd,0x81,0xdd,0x81,0xe5,0x81,0xdd,0x81,0xe5,0x81,0xdd,0x81,0xe5,0x31,0x26,0x11,0x1e,0x31,0x26,0x11,0x1e,0x31,0x26,0x11,0x1e,0x31,0x26,0x11,0x1e,
0x31,0x26,0x11,0x1e,0x31,0x26,0x11,0x1e,0x31,0x26,0x11,0x1e,0x31,0x26,0x11,0x1e,0x31,0x1e,0x11,0x1e,0x11,0x26,0x11,0x1e,0x11,0x1e,0x10,0x1e,0x11,0x26,0x11,0x1e,
0x11,0x1e,0x10,0x1e,0x11,0x1e,0x11,0x1e,0x11,0x1e,0x10,0x1e,0x11,0x1e,0x11,0x1e,0x11,0x1e,0x10,0x1e,0x11,0x1e,0x10,0x1e,0x11,0x1e,0x10,0x1e,0x11,0x1e,0x10,0x1e,
0x11,0x1e,0xf0,0x1d,0x11,0x1e,0xf0,0x1d,0x11,0x1e,0xf0,0x1d,0x11,0x1e,0xf0,0x1d,0x11,0x1e,0xf0,0x15,0x11,0x1e,0xf0,0x15,0x11,0x1e,0xf0,0x15,0xf1,0x1d,0xf0,0x15,
0xf1,0x1d,0xf0,0x15,0xf1,0x1d,0xf0,0x15,0xf0,0x1d,0xf0,0x15,0xf1,0x1d,0xf0,0x15,0xf0,0x15,0xd0,0x15,0xf0,0x1d,0xd0,0x15,0xf0,0x15,0xd0,0x15,0xf0,0x15,0xd0,0x15,
0xf0,0x15,0xd0,0x15,0xd0,0x15,0xd0,0x15,0xd0,0x15,0xd0,0x0d,0xd0,0x15,0xd0,0x0d,0xd0,0x15,0xcf,0x0d,0xd0,0x15,0xaf,0x15,0xcf,0x1d,0xae,0x1d,0xcf,0x25,0xae,0x25,
0xce,0x2d,0xad,0x2d,0xce,0x35,0xad,0x35,0xcd,0x3d,0xac,0x35,0xcd,0x45,0xac,0x45,0xcc,0x45,0xab,0x45,0xcc,0x4d,0xab,0x4d,0xcb,0x55,0xab,0x55,0xab,0x5d,0xaa,0x5d,
0xaa,0x65,0xaa,0x65,0xaa,0x6d,0xa9,0x6d,0xa9,0x6d,0xa9,0x6d,0xa9,0x75,0xa8,0x75,0xa9,0x7d,0xa8,0x7d,0xa8,0x85,0xa8,0x85,0xa8,0x85,0xa7,0x85,0xa8,0x8d,0xa7,0x8d,
0xa7,0x95,0xa6,0x8d,0xa7,0x95,0xa6,0x95,0xa6,0x9d,0xa6,0x9d,0xa6,0xa5,0xa6,0x9d,0xa6,0xa5,0x85,0xa5,0xa6,0xad,0x85,0xa5,0xa5,0xad,0x85,0xad,0xa5,0xb5,0x84,0xad,
0xa5,0xb5,0x84,0xb5,0xa5,0xb5,0x84,0xb5,0xa4,0xbd,0x84,0xb5,0xa4,0xbd,0x84,0xbd,0xa4,0xbd,0x83,0xbd,0xa4,0xc5,0x83,0xc5,0xa3,0xc5,0x83,0xc5,0xa3,0xcd,0x83,0xc5,
0xa3,0xcd,0x83,0xc5,0xa3,0xcd,0x82,0xcd,0xa3,0xcd,0x82,0xcd,0xa3,0xd5,0x82,0xcd,0xa2,0xd5,0x82,0xcd,0xa2,0xd5,0x82,0xd5,0xa2,0xd5,0x82,0xd5,0xa2,0xdd,0x82,0xd5,
0xa2,0xdd,0x81,0xd5,0xa2,0xdd,0x81,0xdd,0xa2,0xdd,0x81,0xdd,0xa2,0xe5,0x81,0xdd,0xa2,0xe5,0x81,0xdd,0xa2,0xe5,0x81,0xdd,0xa1,0xe5,0x81,0xe5,0xa1,0xe5,0x81,0xe5,
0x11,0x1e,0x31,0x26,0x10,0x1e,0x11,0x1e,0x11,0x1e,0x11,0x26,0x10,0x1e,0x11,0x1e,0x10,0x1e,0x11,0x1e,0x10,0x1e,0x11,0x1e,0x10,0x1e,0x11,0x1e,0x10,0x1e,0x11,0x1e,
0x10,0x1e,0x11,0x1e,0x10,0x1e,0x11,0x1e,0x10,0x1e,0x11,0x1e,0x10,0x1e,0x11,0x1e,0x10,0x1e,0x11,0x1e,0x10,0x1e,0x11,0x1e,0x10,0x1e,0x11,0x1e,0x10,0x1e,0x11,0x1e,
0xf0,0x1d,0x11,0x1e,0xf0,0x1d,0x11,0x1e,0xf0,0x1d,0x11,0x1e,0xf0,0x15,0x11,0x1e,0xf0,0x1d,0x11,0x1e,0xf0,0x15,0x11,0x1e,0xf0,0x15,0x11,0x1e,0xf0,0x15,0x10,0x1e,
0xf0,0x15,0xf1,0x1d,0xf0,0x15,0xf0,0x1d,0xf0,0x15,0xf0,0x1d,0xf0,0x15,0xf0,0x1d,0xf0,0x15,0xf0,0x1d,0xf0,0x15,0xf0,0x15,0xf0,0x15,0xf0,0x15,0xd0,0x15,0xf0,0x15,
0xd0,0x15,0xf0,0x15,0xd0,0x15,0xf0,0x15,0xd0,0x15,0xf0,0x15,0xcf,0x15,0xd0,0x15,0xd0,0x15,0xd0,0x15,0xcf,0x0d,0xd0,0x15,0xcf,0x0d,0xd0,0x15,0xaf,0x0d,0xd0,0x15,
0xaf,0x0d,0xd0,0x15,0xaf,0x0d,0xcf,0x15,0xaf,0x15,0xcf,0x1d,0xae,0x1d,0xce,0x25,0xae,0x25,0xce,0x2d,0xad,0x2d,0xcd,0x35,0xad,0x35,0xad,0x3d,0xac,0x3d,0xac,0x45,
0xac,0x45,0xac,0x4d,0xab,0x4d,0xab,0x4d,0xab,0x55,0xab,0x5d,0xaa,0x55,0xaa,0x5d,0xaa,0x5d,0xaa,0x65,0xa9,0x65,0xa9,0x6d,0xa9,0x6d,0xa9,0x75,0xa8,0x75,0xa8,0x7d,
0xa8,0x7d,0xa8,0x7d,0x87,0x7d,0xa8,0x85,0x87,0x85,0xa7,0x8d,0x87,0x85,0xa7,0x8d,0x86,0x8d,0xa7,0x95,0x86,0x95,0xa6,0x9d,0x86,0x95,0xa6,0x9d,0x85,0x9d,0xa6,0xa5,
0x85,0xa5,0xa5,0xa5,0x85,0xa5,0xa5,0xad,0x84,0xad,0xa5,0xad,0x84,0xad,0xa4,0xb5,0x84,0xad,0xa4,0xb5,0x84,0xb5,0xa4,0xb5,0x83,0xb5,0xa4,0xbd,0x83,0xbd,0xa4,0xbd,
0x83,0xbd,0xa3,0xc5,0x83,0xbd,0xa3,0xc5,0x83,0xc5,0x83,0xc5,0x82,0xc5,0x83,0xcd,0x82,0xc5,0x83,0xcd,0x82,0xcd,0x82,0xcd,0x82,0xcd,0x82,0xd5,0x82,0xcd,0x82,0xd5,
0x82,0xcd,0x82,0xd5,0x81,0xd5,0x82,0xd5,0x81,0xd5,0x82,0xdd,0x81,0xd5,0x82,0xdd,0x81,0xd5,0x82,0xdd,0x81,0xd5,0x81,0xdd,0x81,0xdd,0x81,0xdd,0x81,0xdd,0x81,0xdd,
0x81,0xdd,0x81,0xe5,0x81,0xdd,0x81,0xe5,0x81,0xdd,0x81,0xe5,0x80,0xe5,0x81,0xe5,0x31,0x26,0x11,0x1e,0x31,0x26,0x11,0x1e,0x31,0x26,0x11,0x1e,0x31,0x26,0x11,0x1e,
0x31,0x26,0x11,0x1e,0x31,0x26,0x11,0x1e,0x31,0x26,0x11,0x1e,0x31,0x26,0x11,0x1e,0x31,0x26,0x11,0x1e,0x31,0x26,0x11,0x1e,0x31,0x26,0x11,0x1e,0x11,0x1e,0x11,0x1e,
0x11,0x26,0x11,0x1e,0x11,0x1e,0x10,0x1e,0x11,0x26,0x11,0x1e,0x11,0x1e,0x10,0x1e,0x11,0x1e,0x11,0x1e,0x11,0x1e,0x10,0x1e,0x11,0x1e,0x10,0x1e,0x11,0x1e,0x10,0x1e,
0x11,0x1e,0x10,0x1e,0x11,0x1e,0xf0,0x1d,0x11,0x1e,0xf0,0x1d,0x11,0x1e,0xf0,0x1d,0x11,0x1e,0xf0,0x1d,0x11,0x1e,0xf0,0x15,0x11,0x1e,0xf0,0x15,0x11,0x1e,0xf0,0x15,
0xf1,0x1d,0xf0,0x15,0xf1,0x1d,0xf0,0x15,0xf1,0x1d,0xf0,0x15,0xf0,0x1d,0xf0,0x15,0xf1,0x1d,0xf0,0x15,0xf0,0x15,0xd0,0x15,0xf0,0x15,0xd0,0x15,0xf0,0x15,0xd0,0x15,
0xf0,0x15,0xd0,0x15,0xf0,0x15,0xd0,0x15,0xd0,0x15,0xd0,0x15,0xd0,0x15,0xcf,0x0d,0xd0,0x15,0xd0,0x0d,0xd0,0x15,0xaf,0x15,0xcf,0x1d,0xaf,0x1d,0xcf,0x25,0xae,0x25,
0xce,0x2d,0xae,0x2d,0xce,0x35,0xad,0x35,0xcd,0x3d,0xad,0x3d,0xcd,0x3d,0xac,0x3d,0xcc,0x4d,0xac,0x4d,0xcc,0x4d,0xab,0x4d,0xcb,0x55,0xab,0x55,0xab,0x5d,0xaa,0x5d,
0xaa,0x65,0xaa,0x65,0xaa,0x6d,0xa9,0x6d,0xa9,0x75,0xa9,0x75,0xa9,0x7d,0xa8,0x75,0xa8,0x7d,0xa8,0x7d,0xa8,0x85,0xa7,0x85,0xa8,0x8d,0xa7,0x8d,0xa7,0x8d,0xa6,0x8d,
0xa7,0x95,0xa6,0x95,0xa6,0x9d,0xa6,0x9d,0xa6,0x9d,0xa6,0x9d,0xa6,0xa5,0x85,0xa5,0xa6,0xad,0x85,0xa5,0xa5,0xad,0x85,0xad,0xa5,0xb5,0x84,0xad,0xa5,0xb5,0x84,0xb5,
0xa5,0xb5,0x84,0xb5,0xa4,0xbd,0x84,0xb5,0xa4,0xbd,0x84,0xbd,0xa4,0xc5,0x83,0xbd,0xa4,0xc5,0x83,0xc5,0xa3,0xc5,0x83,0xc5,0xa3,0xcd,0x83,0xc5,0xa3,0xcd,0x82,0xcd,
0xa3,0xcd,0x82,0xcd,0xa3,0xcd,0x82,0xcd,0xa3,0xd5,0x82,0xd5,0xa2,0xd5,0x82,0xd5,0xa2,0xd5,0x82,0xd5,0xa2,0xdd,0x82,0xd5,0xa2,0xdd,0x82,0xd5,0xa2,0xdd,0x81,0xdd,
0xa2,0xdd,0x81,0xdd,0xa2,0xdd,0x81,0xdd,0xa2,0xe5,0x81,0xdd,0xa1,0xe5,0x81,0xdd,0xa1,0xe5,0x81,0xe5,0xa1,0xe5,0x81,0xe5,0xa1,0xe5,0x81,0xe5,0xa1,0xe5,0x81,0xe5,
0x10,0x1e,0x31,0x1e,0x11,0x1e,0x31,0x26,0x10,0x1e,0x31,0x1e,0x11,0x1e,0x31,0x26,0x10,0x1e,0x11,0x1e,0x11,0x1e,0x11,0x1e,0x10,0x1e,0x11,0x1e,0x10,0x1e,0x11,0x1e,
0x10,0x1e,0x11,0x1e,0x10,0x1e,0x11,0x1e,0x10,0x1e,0x11,0x1e,0x10,0x1e,0x11,0x1e,0x10,0x1e,0x11,0x1e,0x10,0x1e,0x11,0x1e,0x10,0x1e,0x11,0x1e,0x10,0x1e,0x11,0x1e,
0x10,0x1e,0x11,0x1e,0xf0,0x1d,0x11,0x1e,0xf0,0x1d,0x11,0x1e,0xf0,0x1d,0x11,0x1e,0xf0,0x15,0x11,0x1e,0xf0,0x1d,0x11,0x1e,0xf0,0x15,0x11,0x1e,0xf0,0x15,0x11,0x1e,
0xf0,0x15,0x10,0x1e,0xf0,0x15,0xf1,0x1d,0xf0,0x15,0xf0,0x1d,0xf0,0x15,0xf0,0x1d,0xf0,0x15,0xf0,0x1d,0xf0,0x15,0xf0,0x1d,0xf0,0x15,0xf0,0x15,0xd0,0x15,0xf0,0x15,
0xd0,0x15,0xf0,0x15,0xd0,0x15,0xf0,0x15,0xd0,0x15,0xf0,0x15,0xd0,0x15,0xd0,0x15,0xcf,0x0d,0xd0,0x15,0xd0,0x15,0xd0,0x15,0xcf,0x0d,0xd0,0x15,0xcf,0x0d,0xd0,0x15,
0xaf,0x0d,0xd0,0x15,0xaf,0x0d,0xcf,0x15,0xaf,0x15,0xcf,0x1d,0xae,0x1d,0xce,0x25,0xae,0x25,0xce,0x2d,0xad,0x2d,0xcd,0x35,0xac,0x35,0xad,0x3d,0xac,0x3d,0xac,0x45,
0xab,0x45,0xac,0x4d,0xab,0x4d,0xab,0x55,0xaa,0x55,0xab,0x5d,0xaa,0x5d,0xaa,0x65,0xa9,0x5d,0xaa,0x65,0xa9,0x65,0xa9,0x6d,0xa8,0x6d,0xa9,0x75,0xa8,0x75,0xa8,0x7d,
0x87,0x7d,0xa8,0x85,0x87,0x85,0xa7,0x8d,0x87,0x85,0xa7,0x8d,0x86,0x8d,0xa7,0x95,0x86,0x95,0xa6,0x95,0x86,0x95,0xa6,0x9d,0x85,0x9d,0xa6,0xa5,0x85,0xa5,0xa5,0xa5,
0x85,0xa5,0xa5,0xad,0x84,0xad,0xa5,0xad,0x84,0xad,0xa4,0xb5,0x84,0xb5,0xa4,0xb5,0x84,0xb5,0xa4,0xbd,0x83,0xb5,0xa4,0xbd,0x83,0xbd,0xa4,0xbd,0x83,0xbd,0xa3,0xc5,
0x83,0xbd,0xa3,0xc5,0x83,0xc5,0x83,0xcd,0x82,0xc5,0x83,0xcd,0x82,0xc5,0x83,0xcd,0x82,0xcd,0x82,0xcd,0x82,0xcd,0x82,0xd5,0x82,0xcd,0x82,0xd5,0x82,0xd5,0x82,0xd5,
0x81,0xd5,0x82,0xd5,0x81,0xd5,0x82,0xdd,0x81,0xd5,0x82,0xdd,0x81,0xdd,0x82,0xdd,0x81,0xdd,0x81,0xdd,0x81,0xdd,0x81,0xe5,0x81,0xdd,0x81,0xe5,0x81,0xdd,0x81,0xe5,
0x80,0xdd,0x81,0xe5,0x81,0xe5,0x81,0xe5,0x80,0xe5,0x81,0xe5,0x80,0xe5,0x81,0xed,0x31,0x26,0x11,0x1e,0x31,0x26,0x11,0x1e,0x31,0x26,0x11,0x1e,0x31,0x26,0x11,0x1e,
0x31,0x26,0x11,0x1e,0x31,0x26,0x11,0x1e,0x31,0x26,0x11,0x1e,0x31,0x26,0x11,0x1e,0x31,0x26,0x11,0x1e,0x31,0x26,0x11,0x1e,0x31,0x26,0x11,0x1e,0x31,0x26,0x11,0x1e,
0x31,0x1e,0x11,0x1e,0x11,0x26,0x11,0x1e,0x11,0x1e,0x10,0x1e,0x11,0x26,0x11,0x1e,0x11,0x1e,0x10,0x1e,0x11,0x1e,0x11,0x1e,0x11,0x1e,0x10,0x1e,0x11,0x1e,0x10,0x1e,
0x11,0x1e,0x10,0x1e,0x11,0x1e,0x10,0x1e,0x11,0x1e,0xf0,0x1d,0x11,0x1e,0xf0,0x1d,0x11,0x1e,0xf0,0x1d,0x11,0x1e,0xf0,0x1d,0x11,0x1e,0xf0,0x15,0x11,0x1e,0xf0,0x15,
0x11,0x1e,0xf0,0x15,0xf1,0x1d,0xf0,0x15,0xf1,0x1d,0xf0,0x15,0xf1,0x1d,0xf0,0x15,0xf0,0x1d,0xf0,0x15,0xf0,0x1d,0xf0,0x15,0xf0,0x15,0xd0,0x15,0xf0,0x15,0xd0,0x15,
0xf0,0x15,0xd0,0x15,0xf0,0x15,0xd0,0x15,0xd0,0x15,0xd0,0x15,0xd0,0x15,0xd0,0x15,0xd0,0x15,0xcf,0x0d,0xd0,0x15,0xaf,0x15,0xcf,0x1d,0xaf,0x1d,0xcf,0x25,0xae,0x25,
0xce,0x2d,0xae,0x2d,0xce,0x35,0xad,0x35,0xcd,0x3d,0xac,0x3d,0xcd,0x45,0xac,0x45,0xcc,0x4d,0xab,0x4d,0xcc,0x55,0xab,0x55,0xcb,0x55,0xaa,0x55,0xab,0x65,0xaa,0x65,
0xaa,0x65,0xa9,0x65,0xaa,0x6d,0xa9,0x6d,0xa9,0x75,0xa8,0x75,0xa9,0x7d,0xa8,0x7d,0xa8,0x85,0xa7,0x85,0xa8,0x8d,0xa7,0x85,0xa7,0x8d,0xa7,0x8d,0xa7,0x95,0xa6,0x95,
0xa7,0x9d,0xa6,0x95,0xa6,0x9d,0xa6,0x9d,0xa6,0xa5,0x85,0xa5,0xa6,0xad,0x85,0xa5,0xa5,0xad,0x85,0xad,0xa5,0xb5,0x84,0xad,0xa5,0xb5,0x84,0xb5,0xa5,0xbd,0x84,0xb5,
0xa4,0xbd,0x84,0xbd,0xa4,0xbd,0x83,0xbd,0xa4,0xc5,0x83,0xbd,0xa4,0xc5,0x83,0xc5,0xa3,0xc5,0x83,0xc5,0xa3,0xcd,0x83,0xcd,0xa3,0xcd,0x82,0xcd,0xa3,0xcd,0x82,0xcd,
0xa3,0xd5,0x82,0xcd,0xa3,0xd5,0x82,0xd5,0xa2,0xd5,0x82,0xd5,0xa2,0xdd,0x82,0xd5,0xa2,0xdd,0x81,0xd5,0xa2,0xdd,0x81,0xdd,0xa2,0xdd,0x81,0xdd,0xa2,0xe5,0x81,0xdd,
0xa2,0xe5,0x81,0xdd,0xa2,0xe5,0x81,0xe5,0xa1,0xe5,0x81,0xe5,0xa1,0xe5,0x81,0xe5,0xa1,0xe5,0x81,0xe5,0xa1,0xed,0x81,0xe5,0xa1,0xed,0x80,0xe5,0xa1,0xed,0x80,0xed,
0x11,0x1e,0x31,0x26,0x10,0x1e,0x31,0x1e,0x11,0x1e,0x31,0x26,0x10,0x1e,0x31,0x1e,0x11,0x1e,0x31,0x26,0x10,0x1e,0x31,0x1e,0x11,0x1e,0x11,0x26,0x10,0x1e,0x11,0x1e,
0x10,0x1e,0x11,0x1e,0x10,0x1e,0x11,0x1e,0x10,0x1e,0x11,0x1e,0x10,0x1e,0x11,0x1e,0x10,0x1e,0x11,0x1e,0x10,0x1e,0x11,0x1e,0x10,0x1e,0x11,0x1e,0x10,0x1e,0x11,0x1e,
0x10,0x1e,0x11,0x1e,0x10,0x1e,0x11,0x1e,0x10,0x1e,0x11,0x1e,0xf0,0x1d,0x11,0x1e,0xf0,0x1d,0x11,0x1e,0xf0,0x15,0x11,0x1e,0xf0,0x1d,0x11,0x1e,0xf0,0x15,0x11,0x1e,
0xf0,0x15,0x11,0x1e,0xf0,0x15,0x10,0x1e,0xf0,0x15,0xf1,0x1d,0xf0,0x15,0xf0,0x1d,0xf0,0x15,0xf0,0x1d,0xf0,0x15,0xf0,0x1d,0xf0,0x15,0xf0,0x1d,0xf0,0x15,0xf0,0x15,
0xd0,0x15,0xf0,0x15,0xd0,0x15,0xf0,0x15,0xd0,0x15,0xf0,0x15,0xd0,0x15,0xf0,0x15,0xd0,0x15,0xd0,0x15,0xcf,0x0d,0xd0,0x15,0xcf,0x0d,0xd0,0x15,0xcf,0x0d,0xd0,0x15,
0xaf,0x0d,0xd0,0x15,0xaf,0x0d,0xcf,0x15,0xaf,0x15,0xcf,0x1d,0xae,0x1d,0xce,0x25,0xae,0x25,0xce,0x2d,0xad,0x2d,0xcd,0x35,0xad,0x35,0xad,0x3d,0xac,0x3d,0xac,0x45,
0xab,0x45,0xac,0x4d,0xab,0x4d,0xab,0x55,0xaa,0x55,0xab,0x5d,0xaa,0x5d,0xaa,0x65,0xa9,0x65,0xaa,0x6d,0xa9,0x6d,0xa9,0x75,0xa8,0x75,0xa9,0x7d,0xa8,0x75,0xa8,0x7d,
0x87,0x7d,0xa8,0x85,0x87,0x85,0xa7,0x8d,0x87,0x8d,0xa7,0x95,0x86,0x8d,0xa6,0x95,0x86,0x95,0xa6,0x9d,0x85,0x9d,0xa6,0xa5,0x85,0x9d,0xa5,0xa5,0x85,0xa5,0xa5,0xad,
0x84,0xad,0xa5,0xad,0x84,0xad,0xa4,0xb5,0x84,0xb5,0xa4,0xb5,0x84,0xb5,0xa4,0xbd,0x83,0xb5,0xa4,0xbd,0x83,0xbd,0xa3,0xbd,0x83,0xbd,0xa3,0xc5,0x83,0xc5,0xa3,0xc5,
0x83,0xc5,0x83,0xcd,0x82,0xc5,0x83,0xcd,0x82,0xcd,0x83,0xcd,0x82,0xcd,0x82,0xcd,0x82,0xcd,0x82,0xd5,0x82,0xcd,0x82,0xd5,0x82,0xd5,0x82,0xd5,0x81,0xd5,0x82,0xdd,
0x81,0xd5,0x82,0xdd,0x81,0xd5,0x81,0xdd,0x81,0xdd,0x81,0xdd,0x81,0xdd,0x81,0xdd,0x81,0xdd,0x81,0xe5,0x81,0xdd,0x81,0xe5,0x81,0xe5,0x81,0xe5,0x80,0xe5,0x81,0xe5,
0x80,0xe5,0x81,0xe5,0x80,0xe5,0x81,0xed,0x80,0xe5,0x81,0xed,0x80,0xe5,0x81,0xed,0x31,0x26,0x11,0x1e,0x31,0x26,0x11,0x1e,0x31,0x26,0x11,0x1e,0x31,0x26,0x11,0x1e,
0x31,0x26,0x11,0x1e,0x31,0x26,0x11,0x1e,0x31,0x26,0x11,0x1e,0x31,0x26,0x11,0x1e,0x31,0x26,0x11,0x1e,0x31,0x26,0x11,0x1e,0x31,0x26,0x11,0x1e,0x31,0x26,0x11,0x1e,
0x31,0x26,0x11,0x1e,0x31,0x26,0x11,0x1e,0x11,0x26,0x11,0x1e,0x11,0x1e,0x10,0x1e,0x11,0x26,0x11,0x1e,0x11,0x1e,0x10,0x1e,0x11,0x1e,0x11,0x1e,0x11,0x1e,0x10,0x1e,
0x11,0x1e,0x11,0x1e,0x11,0x1e,0x10,0x1e,0x11,0x1e,0x10,0x1e,0x11,0x1e,0xf0,0x1d,0x11,0x1e,0xf0,0x1d,0x11,0x1e,0xf0,0x1d,0x11,0x1e,0xf0,0x1d,0x11,0x1e,0xf0,0x15,
0x11,0x1e,0xf0,0x15,0x11,0x1e,0xf0,0x15,0xf1,0x1d,0xf0,0x15,0xf1,0x1d,0xf0,0x15,0xf1,0x1d,0xf0,0x15,0xf0,0x1d,0xf0,0x15,0xf0,0x1d,0xd0,0x15,0xf0,0x15,0xd0,0x15,
0xf0,0x15,0xd0,0x15,0xf0,0x15,0xd0,0x15,0xf0,0x15,0xd0,0x15,0xd0,0x15,0xd0,0x0d,0xd0,0x15,0xd0,0x0d,0xd0,0x15,0xaf,0x0d,0xd0,0x1d,0xaf,0x1d,0xcf,0x1d,0xae,0x1d,
0xcf,0x2d,0xae,0x2d,0xce,0x2d,0xad,0x35,0xcd,0x3d,0xad,0x3d,0xcd,0x45,0xac,0x45,0xcc,0x4d,0xab,0x4d,0xcb,0x55,0xab,0x55,0xcb,0x5d,0xaa,0x5d,0xaa,0x65,0xaa,0x65,
0xaa,0x6d,0xa9,0x6d,0xa9,0x75,0xa9,0x75,0xa9,0x7d,0xa8,0x7d,0xa8,0x7d,0xa8,0x7d,0xa8,0x85,0xa7,0x85,0xa7,0x8d,0xa7,0x8d,0xa7,0x95,0xa6,0x95,0xa7,0x95,0xa6,0x95,
0xa6,0x9d,0xa6,0x9d,0xa6,0xa5,0x85,0xa5,0xa6,0xa5,0x85,0xa5,0xa5,0xad,0x85,0xad,0xa5,0xb5,0x84,0xad,0xa5,0xb5,0x84,0xb5,0xa5,0xbd,0x84,0xb5,0xa4,0xbd,0x84,0xbd,
0xa4,0xbd,0x83,0xbd,0xa4,0xc5,0x83,0xbd,0xa4,0xc5,0x83,0xc5,0xa3,0xcd,0x83,0xc5,0xa3,0xcd,0x83,0xcd,0xa3,0xcd,0x82,0xcd,0xa3,0xd5,0x82,0xcd,0xa3,0xd5,0x82,0xcd,
0xa2,0xd5,0x82,0xd5,0xa2,0xd5,0x82,0xd5,0xa2,0xdd,0x82,0xd5,0xa2,0xdd,0x81,0xdd,0xa2,0xdd,0x81,0xdd,0xa2,0xdd,0x81,0xdd,0xa2,0xe5,0x81,0xdd,0xa1,0xe5,0x81,0xdd,
0xa1,0xe5,0x81,0xe5,0xa1,0xe5,0x81,0xe5,0xa1,0xe5,0x81,0xe5,0xa1,0xed,0x80,0xe5,0xa1,0xed,0x80,0xe5,0xa1,0xed,0x80,0xe5,0x81,0xed,0x80,0xed,0x81,0xed,0x80,0xed,
0x10,0x1e,0x31,0x26,0x11,0x1e,0x31,0x26,0x10,0x1e,0x31,0x26,0x11,0x1e,0x31,0x26,0x10,0x1e,0x31,0x1e,0x11,0x1e,0x31,0x26,0x10,0x1e,0x31,0x1e,0x11,0x1e,0x31,0x26,
0x10,0x1e,0x11,0x1e,0x11,0x1e,0x11,0x1e,0x10,0x1e,0x11,0x1e,0x10,0x1e,0x11,0x1e,0x10,0x1e,0x11,0x1e,0x10,0x1e,0x11,0x1e,0x10,0x1e,0x11,0x1e,0x10,0x1e,0x11,0x1e,
0x10,0x1e,0x11,0x1e,0x10,0x1e,0x11,0x1e,0x10,0x1e,0x11,0x1e,0x10,0x1e,0x11,0x1e,0xf0,0x1d,0x11,0x1e,0xf0,0x1d,0x11,0x1e,0xf0,0x15,0x11,0x1e,0xf0,0x1d,0x11,0x1e,
0xf0,0x15,0x11,0x1e,0xf0,0x15,0x11,0x1e,0xf0,0x15,0x10,0x1e,0xf0,0x15,0xf1,0x1d,0xf0,0x15,0xf0,0x1d,0xf0,0x15,0xf0,0x1d,0xf0,0x15,0xf0,0x1d,0xf0,0x15,0xf0,0x1d,
0xf0,0x15,0xf0,0x15,0xd0,0x15,0xf0,0x15,0xd0,0x15,0xf0,0x15,0xd0,0x15,0xf0,0x15,0xd0,0x15,0xf0,0x15,0xd0,0x15,0xd0,0x15,0xcf,0x0d,0xd0,0x15,0xcf,0x0d,0xd0,0x15,
0xaf,0x0d,0xd0,0x15,0xaf,0x0d,0xd0,0x15,0xaf,0x15,0xcf,0x1d,0xae,0x1d,0xcf,0x25,0xae,0x25,0xce,0x2d,0xad,0x2d,0xcd,0x35,0xac,0x35,0xad,0x3d,0xac,0x3d,0xac,0x45,
0xab,0x45,0xab,0x4d,0xab,0x4d,0xab,0x55,0xaa,0x55,0xaa,0x5d,0xaa,0x5d,0xaa,0x65,0xa9,0x65,0xa9,0x6d,0xa9,0x6d,0xa9,0x75,0xa8,0x75,0xa8,0x7d,0x88,0x7d,0xa8,0x85,
0x87,0x85,0xa7,0x8d,0x87,0x8d,0xa7,0x8d,0x86,0x8d,0xa6,0x95,0x86,0x95,0xa6,0x9d,0x85,0x9d,0xa6,0x9d,0x85,0x9d,0xa5,0xa5,0x85,0xa5,0xa5,0xad,0x84,0xad,0xa5,0xad,
0x84,0xad,0xa4,0xb5,0x84,0xb5,0xa4,0xb5,0x83,0xb5,0xa4,0xbd,0x83,0xbd,0xa4,0xbd,0x83,0xbd,0xa3,0xc5,0x83,0xbd,0xa3,0xc5,0x83,0xc5,0x83,0xc5,0x82,0xc5,0x83,0xcd,
0x82,0xc5,0x83,0xcd,0x82,0xcd,0x83,0xcd,0x82,0xcd,0x82,0xd5,0x82,0xcd,0x82,0xd5,0x81,0xd5,0x82,0xd5,0x81,0xd5,0x82,0xdd,0x81,0xd5,0x82,0xdd,0x81,0xd5,0x82,0xdd,
0x81,0xdd,0x81,0xdd,0x81,0xdd,0x81,0xe5,0x81,0xdd,0x81,0xe5,0x81,0xdd,0x81,0xe5,0x80,0xdd,0x81,0xe5,0x80,0xe5,0x81,0xe5,0x80,0xe5,0x81,0xe5,0x80,0xe5,0x81,0xed,
0x80,0xe5,0x81,0xed,0x80,0xe5,0x81,0xed,0x80,0xe5,0x81,0xed,0x60,0xe5,0x81,0xed,0x31,0x26,0x11,0x1e,0x31,0x26,0x11,0x1e,0x31,0x26,0x11,0x1e,0x31,0x26,0x11,0x1e,
0x31,0x26,0x11,0x1e,0x31,0x26,0x11,0x1e,0x31,0x26,0x11,0x1e,0x31,0x26,0x11,0x1e,0x31,0x26,0x11,0x1e,0x31,0x26,0x11,0x1e,0x31,0x26,0x11,0x1e,0x31,0x26,0x11,0x1e,
0x31,0x26,0x11,0x1e,0x31,0x26,0x11,0x1e,0x31,0x26,0x11,0x1e,0x31,0x26,0x11,0x1e,0x11,0x1e,0x11,0x1e,0x11,0x26,0x11,0x1e,0x11,0x1e,0x10,0x1e,0x11,0x1e,0x11,0x1e,
0x11,0x1e,0x10,0x1e,0x11,0x1e,0x11,0x1e,0x11,0x1e,0x10,0x1e,0x11,0x1e,0x10,0x1e,0x11,0x1e,0x10,0x1e,0x11,0x1e,0xf0,0x1d,0x11,0x1e,0xf0,0x1d,0x11,0x1e,0xf0,0x1d,
0x11,0x1e,0xf0,0x15,0x11,0x1e,0xf0,0x15,0x11,0x1e,0xf0,0x15,0xf1,0x1d,0xf0,0x15,0xf0,0x1d,0xf0,0x15,0xf1,0x1d,0xf0,0x15,0xf0,0x1d,0xf0,0x15,0xf0,0x1d,0xd0,0x15,
0xf0,0x15,0xd0,0x15,0xf0,0x15,0xd0,0x15,0xf0,0x15,0xd0,0x15,0xd0,0x15,0xd0,0x15,0xd0,0x15,0xcf,0x0d,0xd0,0x15,0xd0,0x0d,0xd0,0x15,0xaf,0x15,0xcf,0x1d,0xae,0x1d,
0xce,0x25,0xae,0x25,0xce,0x35,0xad,0x35,0xcd,0x3d,0xac,0x3d,0xcd,0x45,0xac,0x45,0xcc,0x4d,0xab,0x4d,0xcb,0x55,0xab,0x55,0xab,0x5d,0xaa,0x5d,0xaa,0x65,0xaa,0x65,
0xaa,0x6d,0xa9,0x6d,0xa9,0x75,0xa8,0x75,0xa9,0x7d,0xa8,0x7d,0xa8,0x85,0xa7,0x85,0xa8,0x8d,0xa7,0x8d,0xa7,0x95,0xa7,0x8d,0xa7,0x95,0xa6,0x95,0xa6,0x9d,0xa6,0x9d,
0xa6,0xa5,0x85,0x9d,0xa6,0xa5,0x85,0xa5,0xa5,0xad,0x85,0xad,0xa5,0xb5,0x84,0xad,0xa5,0xb5,0x84,0xb5,0xa4,0xbd,0x84,0xb5,0xa4,0xbd,0x83,0xbd,0xa4,0xc5,0x83,0xbd,
0xa4,0xc5,0x83,0xc5,0xa4,0xc5,0x83,0xc5,0xa3,0xcd,0x83,0xc5,0xa3,0xcd,0x82,0xcd,0xa3,0xcd,0x82,0xcd,0xa3,0xd5,0x82,0xcd,0xa2,0xd5,0x82,0xd5,0xa2,0xd5,0x82,0xd5,
0xa2,0xdd,0x82,0xd5,0xa2,0xdd,0x81,0xdd,0xa2,0xdd,0x81,0xdd,0xa2,0xdd,0x81,0xdd,0xa2,0xe5,0x81,0xdd,0xa2,0xe5,0x81,0xe5,0xa1,0xe5,0x81,0xe5,0xa1,0xe5,0x81,0xe5,
0xa1,0xe5,0x81,0xe5,0xa1,0xed,0x81,0xe5,0xa1,0xed,0x80,0xe5,0xa1,0xed,0x80,0xed,0x81,0xed,0x80,0xed,0x81,0xed,0x80,0xed,0x81,0xed,0x80,0xed,0x81,0xed,0x80,0xed,
0x11,0x1e,0x31,0x26,0x11,0x1e,0x31,0x26,0x11,0x1e,0x31,0x26,0x10,0x1e,0x31,0x26,0x11,0x1e,0x31,0x26,0x10,0x1e,0x31,0x1e,0x11,0x1e,0x31,0x26,0x10,0x1e,0x31,0x1e,
0x11,0x1e,0x31,0x26,0x10,0x1e,0x31,0x1e,0x11,0x1e,0x11,0x26,0x10,0x1e,0x11,0x1e,0x10,0x1e,0x11,0x1e,0x10,0x1e,0x11,0x1e,0x10,0x1e,0x11,0x1e,0x10,0x1e,0x11,0x1e,
0x10,0x1e,0x11,0x1e,0x10,0x1e,0x11,0x1e,0x10,0x1e,0x11,0x1e,0x10,0x1e,0x11,0x1e,0x10,0x1e,0x11,0x1e,0x10,0x1e,0x11,0x1e,0xf0,0x1d,0x11,0x1e,0xf0,0x15,0x11,0x1e,
0xf0,0x1d,0x11,0x1e,0xf0,0x15,0x11,0x1e,0xf0,0x15,0x11,0x1e,0xf0,0x15,0x10,0x1e,0xf0,0x15,0xf1,0x1d,0xf0,0x15,0xf0,0x1d,0xf0,0x15,0xf0,0x1d,0xf0,0x15,0xf0,0x15,
0xf0,0x15,0xf0,0x1d,0xf0,0x15,0xf0,0x15,0xd0,0x15,0xf0,0x15,0xd0,0x15,0xf0,0x15,0xd0,0x15,0xf0,0x15,0xcf,0x15,0xd0,0x15,0xd0,0x15,0xd0,0x15,0xcf,0x0d,0xd0,0x15,
0xcf,0x0d,0xd0,0x15,0xaf,0x0d,0xd0,0x15,0xaf,0x0d,0xcf,0x15,0xae,0x15,0xcf,0x1d,0xae,0x25,0xce,0x2d,0xad,0x2d,0xcd,0x35,0xad,0x35,0xad,0x3d,0xac,0x3d,0xac,0x45,
0xab,0x45,0xab,0x4d,0xab,0x4d,0xab,0x55,0xaa,0x55,0xaa,0x5d,0xa9,0x5d,0xaa,0x65,0xa9,0x6d,0xa9,0x75,0xa8,0x6d,0xa8,0x75,0xa8,0x75,0xa8,0x7d,0x87,0x7d,0xa7,0x85,
0x87,0x85,0xa7,0x8d,0x86,0x8d,0xa7,0x95,0x86,0x95,0xa6,0x9d,0x85,0x95,0xa6,0x9d,0x85,0x9d,0xa6,0xa5,0x85,0xa5,0xa5,0xad,0x84,0xad,0xa5,0xad,0x84,0xad,0xa4,0xb5,
0x84,0xb5,0xa4,0xb5,0x83,0xb5,0xa4,0xbd,0x83,0xbd,0xa4,0xbd,0x83,0xbd,0xa3,0xc5,0x83,0xc5,0xa3,0xc5,0x82,0xc5,0x83,0xc5,0x82,0xc5,0x83,0xcd,0x82,0xcd,0x82,0xcd,
0x82,0xcd,0x82,0xd5,0x82,0xcd,0x82,0xd5,0x82,0xd5,0x82,0xd5,0x81,0xd5,0x82,0xd5,0x81,0xd5,0x82,0xdd,0x81,0xd5,0x81,0xdd,0x81,0xdd,0x81,0xdd,0x81,0xdd,0x81,0xdd,
0x81,0xdd,0x81,0xe5,0x81,0xdd,0x81,0xe5,0x81,0xe5,0x81,0xe5,0x80,0xe5,0x81,0xe5,0x80,0xe5,0x81,0xed,0x80,0xe5,0x81,0xed,0x80,0xe5,0x81,0xed,0x80,0xe5,0x81,0xed,
0x80,0xe5,0x81,0xed,0x60,0xe5,0x81,0xed,0x60,0xe5,0x81,0xed,0x60,0xe5,0x81,0xed,0x31,0x26,0x31,0x1e,0x31,0x26,0x31,0x1e,0x31,0x26,0x11,0x1e,0x31,0x26,0x11,0x1e,
0x31,0x26,0x11,0x1e,0x31,0x26,0x11,0x1e,0x31,0x26,0x11,0x1e,0x31,0x26,0x11,0x1e,0x31,0x26,0x11,0x1e,0x31,0x26,0x11,0x1e,0x31,0x26,0x11,0x1e,0x31,0x26,0x11,0x1e,
0x31,0x26,0x11,0x1e,0x31,0x26,0x11,0x1e,0x31,0x26,0x11,0x1e,0x31,0x26,0x11,0x1e,0x31,0x26,0x11,0x1e,0x31,0x1e,0x11,0x1e,0x11,0x26,0x11,0x1e,0x11,0x1e,0x10,0x1e,
0x11,0x26,0x11,0x1e,0x11,0x1e,0x10,0x1e,0x11,0x1e,0x11,0x1e,0x11,0x1e,0x10,0x1e,0x11,0x1e,0x10,0x1e,0x11,0x1e,0x10,0x1e,0x11,0x1e,0xf0,0x1d,0x11,0x1e,0xf0,0x1d,
0x11,0x1e,0xf0,0x1d,0x11,0x1e,0xf0,0x15,0x11,0x1e,0xf0,0x15,0x11,0x1e,0xf0,0x15,0xf1,0x1d,0xf0,0x15,0xf0,0x1d,0xf0,0x15,0xf1,0x1d,0xf0,0x15,0xf0,0x15,0xf0,0x15,
0xf0,0x1d,0xd0,0x15,0xf0,0x15,0xd0,0x15,0xf0,0x15,0xd0,0x15,0xd0,0x15,0xd0,0x15,0xd0,0x15,0xd0,0x15,0xd0,0x15,0xcf,0x0d,0xd0,0x15,0xaf,0x15,0xcf,0x1d,0xae,0x1d,
0xcf,0x25,0xae,0x25,0xce,0x2d,0xad,0x2d,0xcd,0x3d,0xac,0x3d,0xcd,0x45,0xac,0x45,0xcc,0x4d,0xab,0x4d,0xcb,0x55,0xaa,0x55,0xab,0x5d,0xaa,0x5d,0xaa,0x65,0xa9,0x65,
0xaa,0x6d,0xa9,0x75,0xa9,0x75,0xa8,0x75,0xa8,0x7d,0xa8,0x7d,0xa8,0x85,0xa7,0x85,0xa7,0x8d,0xa7,0x8d,0xa7,0x95,0xa6,0x95,0xa7,0x9d,0xa6,0x9d,0xa6,0x9d,0xa5,0x9d,
0xa6,0xa5,0x85,0xa5,0xa5,0xad,0x85,0xad,0xa5,0xb5,0x84,0xad,0xa5,0xb5,0x84,0xb5,0xa4,0xbd,0x84,0xb5,0xa4,0xbd,0x83,0xbd,0xa4,0xc5,0x83,0xbd,0xa4,0xc5,0x83,0xc5,
0xa3,0xcd,0x83,0xc5,0xa3,0xcd,0x82,0xcd,0xa3,0xcd,0x82,0xcd,0xa3,0xd5,0x82,0xcd,0xa3,0xd5,0x82,0xd5,0xa2,0xd5,0x82,0xd5,0xa2,0xdd,0x82,0xd5,0xa2,0xdd,0x81,0xd5,
0xa2,0xdd,0x81,0xdd,0xa2,0xdd,0x81,0xdd,0xa2,0xe5,0x81,0xdd,0xa1,0xe5,0x81,0xdd,0xa1,0xe5,0x81,0xe5,0xa1,0xe5,0x81,0xe5,0xa1,0xed,0x81,0xe5,0xa1,0xed,0x80,0xe5,
0xa1,0xed,0x80,0xed,0x81,0xed,0x80,0xed,0x81,0xed,0x80,0xed,0x81,0xed,0x80,0xed,0x81,0xed,0x80,0xed,0x81,0xed,0x60,0xed,0x81,0xed,0x60,0xed,0x81,0xed,0x60,0xed,
0x11,0x1e,0x31,0x26,0x11,0x1e,0x31,0x26,0x11,0x1e,0x31,0x26,0x11,0x1e,0x31,0x26,0x11,0x1e,0x31,0x26,0x11,0x1e,0x31,0x26,0x10,0x1e,0x31,0x26,0x11,0x1e,0x31,0x26,
0x10,0x1e,0x31,0x1e,0x11,0x1e,0x31,0x26,0x10,0x1e,0x31,0x1e,0x11,0x1e,0x31,0x26,0x10,0x1e,0x11,0x1e,0x11,0x1e,0x11,0x1e,0x10,0x1e,0x11,0x1e,0x10,0x1e,0x11,0x1e,
0x10,0x1e,0x11,0x1e,0x10,0x1e,0x11,0x1e,0x10,0x1e,0x11,0x1e,0x10,0x1e,0x11,0x1e,0x10,0x1e,0x11,0x1e,0x10,0x1e,0x11,0x1e,0x10,0x1e,0x11,0x1e,0xf0,0x1d,0x11,0x1e,
0xf0,0x1d,0x11,0x1e,0xf0,0x1d,0x11,0x1e,0xf0,0x15,0x11,0x1e,0xf0,0x15,0x11,0x1e,0xf0,0x15,0x10,0x1e,0xf0,0x15,0xf1,0x1d,0xf0,0x15,0xf0,0x1d,0xf0,0x15,0xf0,0x1d,
0xf0,0x15,0xf0,0x15,0xf0,0x15,0xf0,0x1d,0xd0,0x15,0xf0,0x15,0xd0,0x15,0xf0,0x15,0xd0,0x15,0xf0,0x15,0xd0,0x15,0xf0,0x15,0xcf,0x0d,0xd0,0x15,0xcf,0x0d,0xd0,0x15,
0xcf,0x0d,0xd0,0x15,0xaf,0x0d,0xd0,0x15,0xaf,0x0d,0xcf,0x15,0xaf,0x15,0xcf,0x1d,0xae,0x1d,0xce,0x2d,0xad,0x2d,0xcd,0x35,0xac,0x35,0xad,0x3d,0xac,0x3d,0xac,0x45,
0xab,0x45,0xab,0x4d,0xab,0x55,0xab,0x5d,0xaa,0x5d,0xaa,0x65,0xa9,0x65,0xa9,0x6d,0xa9,0x6d,0xa9,0x75,0xa8,0x75,0xa8,0x7d,0x87,0x7d,0xa8,0x85,0x87,0x85,0xa7,0x8d,
0x86,0x8d,0xa7,0x95,0x86,0x95,0xa6,0x9d,0x86,0x95,0xa6,0x9d,0x85,0x9d,0xa6,0xa5,0x85,0xa5,0xa5,0xad,0x84,0xa5,0xa5,0xad,0x84,0xad,0xa4,0xb5,0x84,0xb5,0xa4,0xb5,
0x83,0xb5,0xa4,0xbd,0x83,0xbd,0xa4,0xbd,0x83,0xbd,0xa3,0xc5,0x83,0xc5,0x83,0xc5,0x82,0xc5,0x83,0xcd,0x82,0xc5,0x83,0xcd,0x82,0xcd,0x82,0xcd,0x82,0xcd,0x82,0xd5,
0x82,0xcd,0x82,0xd5,0x82,0xd5,0x82,0xd5,0x81,0xd5,0x82,0xdd,0x81,0xd5,0x82,0xdd,0x81,0xdd,0x81,0xdd,0x81,0xdd,0x81,0xe5,0x81,0xdd,0x81,0xe5,0x81,0xdd,0x81,0xe5,
0x80,0xe5,0x81,0xe5,0x80,0xe5,0x81,0xe5,0x80,0xe5,0x81,0xed,0x80,0xe5,0x81,0xed,0x80,0xe5,0x81,0xed,0x80,0xe5,0x81,0xed,0x60,0xe5,0x81,0xed,0x60,0xe5,0x81,0xed,
0x60,0xe5,0x81,0xed,0x60,0xe5,0x81,0xed,0x60,0xe5,0x81,0xed,0x60,0xe5,0x61,0xed,0x31,0x26,0x31,0x1e,0x31,0x26,0x31,0x26,0x31,0x26,0x31,0x1e,0x31,0x26,0x31,0x1e,
0x31,0x26,0x31,0x1e,0x31,0x26,0x11,0x1e,0x31,0x26,0x11,0x1e,0x31,0x26,0x11,0x1e,0x31,0x26,0x11,0x1e,0x31,0x26,0x11,0x1e,0x31,0x26,0x11,0x1e,0x31,0x26,0x11,0x1e,
0x31,0x26,0x11,0x1e,0x31,0x26,0x11,0x1e,0x31,0x26,0x11,0x1e,0x31,0x26,0x11,0x1e,0x31,0x26,0x11,0x1e,0x31,0x26,0x11,0x1e,0x31,0x26,0x11,0x1e,0x31,0x26,0x11,0x1e,
0x11,0x1e,0x10,0x1e,0x11,0x26,0x11,0x1e,0x11,0x1e,0x10,0x1e,0x11,0x1e,0x11,0x1e,0x11,0x1e,0x10,0x1e,0x11,0x1e,0x10,0x1e,0x11,0x1e,0x10,0x1e,0x11,0x1e,0xf0,0x1d,
0x11,0x1e,0xf0,0x1d,0x11,0x1e,0xf0,0x1d,0x11,0x1e,0xf0,0x15,0x11,0x1e,0xf0,0x15,0x11,0x1e,0xf0,0x15,0xf1,0x1d,0xf0,0x15,0xf0,0x1d,0xf0,0x15,0xf1,0x1d,0xf0,0x15,
0xf0,0x15,0xd0,0x15,0xf0,0x15,0xd0,0x15,0xf0,0x15,0xd0,0x15,0xf0,0x15,0xd0,0x15,0xd0,0x15,0xd0,0x0d,0xd0,0x15,0xd0,0x0d,0xd0,0x15,0xaf,0x15,0xcf,0x1d,0xaf,0x1d,
0xcf,0x25,0xae,0x25,0xce,0x2d,0xad,0x35,0xcd,0x3d,0xac,0x3d,0xcd,0x45,0xac,0x45,0xcc,0x4d,0xab,0x4d,0xcb,0x55,0xaa,0x5d,0xaa,0x65,0xaa,0x65,0xaa,0x6d,0xa9,0x6d,
0xa9,0x75,0xa8,0x75,0xa9,0x7d,0xa8,0x7d,0xa8,0x85,0xa7,0x85,0xa8,0x8d,0xa7,0x8d,0xa7,0x95,0xa6,0x95,0xa7,0x9d,0xa6,0x9d,0xa6,0x9d,0xa5,0x9d,0xa6,0xa5,0x85,0xa5,
0xa5,0xad,0x85,0xad,0xa5,0xb5,0x84,0xad,0xa5,0xb5,0x84,0xb5,0xa4,0xbd,0x84,0xbd,0xa4,0xbd,0x83,0xbd,0xa4,0xc5,0x83,0xc5,0xa3,0xc5,0x83,0xc5,0xa3,0xcd,0x83,0xc5,
0xa3,0xcd,0x82,0xcd,0xa3,0xd5,0x82,0xcd,0xa3,0xd5,0x82,0xcd,0xa2,0xd5,0x82,0xd5,0xa2,0xd5,0x82,0xd5,0xa2,0xdd,0x82,0xdd,0xa2,0xdd,0x81,0xdd,0xa2,0xdd,0x81,0xdd,
0xa2,0xe5,0x81,0xdd,0xa2,0xe5,0x81,0xe5,0xa1,0xe5,0x81,0xe5,0xa1,0xe5,0x81,0xe5,0xa1,0xe5,0x80,0xe5,0xa1,0xed,0x80,0xe5,0xa1,0xed,0x80,0xe5,0x81,0xed,0x80,0xed,
0x81,0xed,0x80,0xed,0x81,0xed,0x80,0xed,0x81,0xed,0x80,0xed,0x81,0xed,0x60,0xed,0x81,0xed,0x60,0xed,0x81,0xed,0x60,0xed,0x81,0xed,0x60,0xed,0x81,0xed,0x60,0xed,
0x11,0x1e,0x31,0x26,0x11,0x1e,0x31,0x26,0x11,0x1e,0x31,0x26,0x11,0x1e,0x31,0x26,0x11,0x1e,0x31,0x26,0x11,0x1e,0x31,0x26,0x11,0x1e,0x31,0x26,0x10,0x1e,0x31,0x26,
0x11,0x1e,0x31,0x26,0x10,0x1e,0x31,0x26,0x11,0x1e,0x31,0x26,0x10,0x1e,0x31,0x1e,0x11,0x1e,0x31,0x26,0x10,0x1e,0x31,0x1e,0x11,0x1e,0x11,0x26,0x10,0x1e,0x11,0x1e,
0x10,0x1e,0x11,0x1e,0x10,0x1e,0x11,0x1e,0x10,0x1e,0x11,0x1e,0x10,0x1e,0x11,0x1e,0x10,0x1e,0x11,0x1e,0x10,0x1e,0x11,0x1e,0x10,0x1e,0x11,0x1e,0x10,0x1e,0x11,0x1e,
0x10,0x1e,0x11,0x1e,0xf0,0x1d,0x11,0x1e,0xf0,0x1d,0x11,0x1e,0xf0,0x15,0x11,0x1e,0xf0,0x15,0x11,0x1e,0xf0,0x15,0x10,0x1e,0xf0,0x15,0xf1,0x1d,0xf0,0x15,0xf0,0x1d,
0xf0,0x15,0xf0,0x1d,0xf0,0x15,0xf0,0x15,0xf0,0x15,0xf0,0x1d,0xd0,0x15,0xf0,0x15,0xd0,0x15,0xf0,0x15,0xd0,0x15,0xf0,0x15,0xd0,0x15,0xd0,0x15,0xcf,0x0d,0xd0,0x15,
0xcf,0x0d,0xd0,0x15,0xaf,0x0d,0xd0,0x15,0xaf,0x0d,0xd0,0x15,0xaf,0x15,0xcf,0x1d,0xae,0x1d,0xce,0x2d,0xad,0x2d,0xcd,0x35,0xad,0x35,0xad,0x3d,0xac,0x3d,0xac,0x45,
0xab,0x4d,0xab,0x55,0xaa,0x55,0xaa,0x5d,0xaa,0x5d,0xaa,0x65,0xa9,0x65,0xa9,0x6d,0xa8,0x6d,0xa9,0x75,0xa8,0x75,0xa8,0x7d,0x87,0x7d,0xa8,0x85,0x87,0x85,0xa7,0x8d,
0x86,0x8d,0xa6,0x95,0x86,0x95,0xa6,0x9d,0x85,0x9d,0xa6,0xa5,0x85,0xa5,0xa5,0xad,0x85,0xa5,0xa5,0xad,0x84,0xad,0xa4,0xb5,0x84,0xb5,0xa4,0xbd,0x83,0xb5,0xa4,0xbd,
0x83,0xbd,0xa4,0xc5,0x83,0xbd,0xa3,0xc5,0x83,0xc5,0x83,0xcd,0x82,0xc5,0x83,0xcd,0x82,0xcd,0x83,0xcd,0x82,0xcd,0x82,0xd5,0x82,0xcd,0x82,0xd5,0x81,0xd5,0x82,0xd5,
0x81,0xd5,0x82,0xdd,0x81,0xd5,0x82,0xdd,0x81,0xdd,0x81,0xdd,0x81,0xdd,0x81,0xdd,0x81,0xdd,0x81,0xe5,0x81,0xdd,0x81,0xe5,0x81,0xe5,0x81,0xe5,0x80,0xe5,0x81,0xe5,
0x80,0xe5,0x81,0xed,0x80,0xe5,0x81,0xed,0x80,0xe5,0x81,0xed,0x80,0xe5,0x81,0xed,0x60,0xe5,0x81,0xed,0x60,0xe5,0x81,0xed,0x60,0xe5,0x81,0xed,0x60,0xe5,0x81,0xed,
0x60,0xe5,0x61,0xed,0x60,0xe5,0x61,0xed,0x60,0xe5,0x61,0xed,0x60,0xe5,0x61,0xed,0x31,0x26,0x31,0x26,0x31,0x26,0x31,0x1e,0x31,0x26,0x31,0x26,0x31,0x26,0x31,0x1e,
0x31,0x26,0x31,0x26,0x31,0x26,0x31,0x1e,0x31,0x26,0x31,0x1e,0x31,0x26,0x11,0x1e,0x31,0x26,0x11,0x1e,0x31,0x26,0x11,0x1e,0x31,0x26,0x11,0x1e,0x31,0x26,0x11,0x1e,
0x31,0x26,0x11,0x1e,0x31,0x26,0x11,0x1e,0x31,0x26,0x11,0x1e,0x31,0x26,0x11,0x1e,0x31,0x26,0x11,0x1e,0x31,0x26,0x11,0x1e,0x31,0x26,0x11,0x1e,0x31,0x26,0x11,0x1e,
0x31,0x26,0x11,0x1e,0x11,0x1e,0x11,0x1e,0x11,0x26,0x11,0x1e,0x11,0x1e,0x10,0x1e,0x11,0x1e,0x11,0x1e,0x11,0x1e,0x10,0x1e,0x11,0x1e,0x10,0x1e,0x11,0x1e,0x10,0x1e,
0x11,0x1e,0xf0,0x1d,0x11,0x1e,0xf0,0x1d,0x11,0x1e,0xf0,0x1d,0x11,0x1e,0xf0,0x15,0x11,0x1e,0xf0,0x15,0x11,0x1e,0xf0,0x15,0xf1,0x1d,0xf0,0x15,0xf0,0x1d,0xf0,0x15,
0xf1,0x1d,0xf0,0x15,0xf0,0x15,0xd0,0x15,0xf0,0x15,0xd0,0x15,0xf0,0x15,0xd0,0x15,0xd0,0x15,0xd0,0x15,0xd0,0x15,0xcf,0x0d,0xd0,0x15,0xaf,0x15,0xcf,0x1d,0xaf,0x1d,
0xcf,0x25,0xae,0x25,0xce,0x2d,0xad,0x2d,0xcd,0x3d,0xac,0x3d,0xcc,0x45,0xac,0x45,0xcc,0x4d,0xab,0x55,0xcb,0x5d,0xaa,0x5d,0xaa,0x65,0xaa,0x65,0xaa,0x6d,0xa9,0x6d,
0xa9,0x75,0xa8,0x75,0xa8,0x7d,0xa8,0x7d,0xa8,0x8d,0xa7,0x8d,0xa7,0x8d,0xa6,0x8d,0xa7,0x95,0xa6,0x95,0xa6,0x9d,0xa5,0x9d,0xa6,0xa5,0x85,0xa5,0xa5,0xad,0x85,0xad,
0xa5,0xb5,0x84,0xad,0xa5,0xb5,0x84,0xb5,0xa4,0xbd,0x84,0xbd,0xa4,0xbd,0x83,0xbd,0xa4,0xc5,0x83,0xc5,0xa3,0xc5,0x83,0xc5,0xa3,0xcd,0x83,0xcd,0xa3,0xcd,0x82,0xcd,
0xa3,0xd5,0x82,0xcd,0xa2,0xd5,0x82,0xd5,0xa2,0xd5,0x82,0xd5,0xa2,0xdd,0x81,0xd5,0xa2,0xdd,0x81,0xdd,0xa2,0xdd,0x81,0xdd,0xa2,0xe5,0x81,0xdd,0xa1,0xe5,0x81,0xdd,
0xa1,0xe5,0x81,0xe5,0xa1,0xe5,0x81,0xe5,0xa1,0xed,0x81,0xe5,0xa1,0xed,0x80,0xe5,0xa1,0xed,0x80,0xed,0x81,0xed,0x80,0xed,0x81,0xed,0x80,0xed,0x81,0xed,0x80,0xed,
0x81,0xed,0x60,0xed,0x81,0xed,0x60,0xed,0x81,0xed,0x60,0xed,0x81,0xed,0x60,0xed,0x81,0xed,0x60,0xed,0x61,0xed,0x60,0xed,0x61,0xed,0x61,0xed,0x61,0xed,0x60,0xed,
0x11,0x1e,0x31,0x26,0x11,0x1e,0x31,0x26,0x11,0x1e,0x31,0x26,0x11,0x1e,0x31,0x26,0x11,0x1e,0x31,0x26,0x11,0x1e,0x31,0x26,0x11,0x1e,0x31,0x26,0x11,0x1e,0x31,0x26,
0x11,0x1e,0x31,0x26,0x11,0x1e,0x31,0x26,0x10,0x1e,0x31,0x26,0x11,0x1e,0x31,0x26,0x10,0x1e,0x31,0x26,0x11,0x1e,0x31,0x26,0x10,0x1e,0x31,0x1e,0x11,0x1e,0x31,0x26,
0x10,0x1e,0x11,0x1e,0x11,0x1e,0x11,0x1e,0x10,0x1e,0x11,0x1e,0x10,0x1e,0x11,0x1e,0x10,0x1e,0x11,0x1e,0x10,0x1e,0x11,0x1e,0x10,0x1e,0x11,0x1e,0x10,0x1e,0x11,0x1e,
0x10,0x1e,0x11,0x1e,0x10,0x1e,0x11,0x1e,0xf0,0x1d,0x11,0x1e,0xf0,0x1d,0x11,0x1e,0xf0,0x15,0x11,0x1e,0xf0,0x15,0x11,0x1e,0xf0,0x15,0x10,0x1e,0xf0,0x15,0xf1,0x1d,
0xf0,0x15,0xf0,0x1d,0xf0,0x15,0xf0,0x1d,0xf0,0x15,0xf0,0x15,0xf0,0x15,0xf0,0x15,0xd0,0x15,0xf0,0x15,0xd0,0x15,0xf0,0x15,0xd0,0x15,0xf0,0x15,0xd0,0x15,0xd0,0x15,
0xcf,0x0d,0xd0,0x15,0xcf,0x0d,0xd0,0x15,0xaf,0x0d,0xd0,0x15,0xaf,0x15,0xcf,0x1d,0xae,0x1d,0xce,0x25,0xad,0x2d,0xcd,0x35,0xac,0x35,0xad,0x3d,0xac,0x3d,0xac,0x4d,
0xab,0x4d,0xab,0x55,0xaa,0x55,0xaa,0x5d,0xa9,0x5d,0xaa,0x65,0xa9,0x6d,0xa9,0x75,0xa8,0x75,0xa8,0x7d,0x88,0x7d,0xa8,0x85,0x87,0x85,0xa7,0x8d,0x86,0x8d,0xa7,0x95,
0x86,0x95,0xa6,0x9d,0x85,0x9d,0xa6,0xa5,0x85,0xa5,0xa5,0xa5,0x85,0xa5,0xa5,0xad,0x84,0xad,0xa4,0xb5,0x84,0xb5,0xa4,0xbd,0x83,0xb5,0xa4,0xbd,0x83,0xbd,0xa3,0xc5,
0x83,0xbd,0xa3,0xc5,0x83,0xc5,0x83,0xcd,0x82,0xc5,0x83,0xcd,0x82,0xcd,0x82,0xd5,0x82,0xcd,0x82,0xd5,0x82,0xd5,0x82,0xd5,0x81,0xd5,0x82,0xdd,0x81,0xd5,0x82,0xdd,
0x81,0xdd,0x81,0xdd,0x81,0xdd,0x81,0xe5,0x81,0xdd,0x81,0xe5,0x81,0xdd,0x81,0xe5,0x80,0xe5,0x81,0xe5,0x80,0xe5,0x81,0xed,0x80,0xe5,0x81,0xed,0x80,0xe5,0x81,0xed,
0x80,0xe5,0x81,0xed,0x60,0xe5,0x81,0xed,0x60,0xe5,0x81,0xed,0x60,0xe5,0x81,0xed,0x60,0xe5,0x81,0xed,0x60,0xe5,0x61,0xed,0x60,0xe5,0x61,0xed,0x60,0xe5,0x61,0xed,
0x60,0xe5,0x61,0xed,0x60,0xed,0x61,0xed,0x60,0xe5,0x61,0xed,0x40,0xed,0x61,0xed,0x31,0x26,0x31,0x1e,0x31,0x26,0x31,0x26,0x31,0x26,0x31,0x1e,0x31,0x26,0x31,0x26,
0x31,0x26,0x31,0x1e,0x31,0x26,0x31,0x26,0x31,0x26,0x31,0x1e,0x31,0x26,0x31,0x26,0x31,0x26,0x31,0x1e,0x31,0x26,0x31,0x1e,0x31,0x26,0x11,0x1e,0x31,0x26,0x11,0x1e,
0x31,0x26,0x11,0x1e,0x31,0x26,0x11,0x1e,0x31,0x26,0x11,0x1e,0x31,0x26,0x11,0x1e,0x31,0x26,0x11,0x1e,0x31,0x26,0x11,0x1e,0x31,0x26,0x11,0x1e,0x31,0x26,0x11,0x1e,
0x31,0x26,0x11,0x1e,0x31,0x26,0x11,0x1e,0x31,0x26,0x11,0x1e,0x11,0x26,0x11,0x1e,0x11,0x1e,0x10,0x1e,0x11,0x26,0x11,0x1e,0x11,0x1e,0x10,0x1e,0x11,0x1e,0x11,0x1e,
0x11,0x1e,0x10,0x1e,0x11,0x1e,0xf0,0x1d,0x11,0x1e,0xf0,0x1d,0x11,0x1e,0xf0,0x1d,0x11,0x1e,0xf0,0x15,0x11,0x1e,0xf0,0x15,0x11,0x1e,0xf0,0x15,0xf1,0x1d,0xf0,0x15,
0xf0,0x1d,0xf0,0x15,0xf0,0x1d,0xd0,0x15,0xf0,0x15,0xd0,0x15,0xf0,0x15,0xd0,0x15,0xf0,0x15,0xd0,0x15,0xd0,0x15,0xd0,0x15,0xd0,0x15,0xcf,0x0d,0xd0,0x15,0xaf,0x1d,
0xcf,0x25,0xae,0x25,0xce,0x2d,0xad,0x35,0xcd,0x3d,0xac,0x3d,0xcc,0x45,0xac,0x45,0xcc,0x55,0xab,0x55,0xab,0x5d,0xaa,0x5d,0xaa,0x65,0xa9,0x65,0xa9,0x75,0xa9,0x75,
0xa9,0x7d,0xa8,0x7d,0xa8,0x85,0xa7,0x85,0xa7,0x8d,0xa7,0x8d,0xa7,0x95,0xa6,0x95,0xa6,0x9d,0xa6,0x9d,0xa6,0xa5,0x85,0xa5,0xa5,0xad,0x85,0xad,0xa5,0xb5,0x84,0xad,
0xa5,0xb5,0x84,0xb5,0xa4,0xbd,0x84,0xbd,0xa4,0xbd,0x83,0xbd,0xa4,0xc5,0x83,0xc5,0xa3,0xc5,0x83,0xc5,0xa3,0xcd,0x82,0xcd,0xa3,0xcd,0x82,0xcd,0xa3,0xd5,0x82,0xd5,
0xa2,0xd5,0x82,0xd5,0xa2,0xdd,0x82,0xd5,0xa2,0xdd,0x81,0xdd,0xa2,0xdd,0x81,0xdd,0xa2,0xe5,0x81,0xdd,0xa2,0xe5,0x81,0xe5,0xa1,0xe5,0x81,0xe5,0xa1,0xe5,0x81,0xe5,
0xa1,0xed,0x80,0xe5,0xa1,0xed,0x80,0xed,0x81,0xed,0x80,0xed,0x81,0xed,0x80,0xed,0x81,0xed,0x80,0xed,0x81,0xed,0x60,0xed,0x81,0xed,0x60,0xed,0x81,0xed,0x60,0xed,
0x81,0xed,0x60,0xed,0x81,0xed,0x60,0xed,0x61,0xed,0x60,0xed,0x61,0xed,0x61,0xed,0x61,0xed,0x60,0xed,0x61,0xed,0x61,0xed,0x61,0xed,0x60,0xed,0x61,0xed,0x41,0xed,
0x31,0x1e,0x31,0x26,0x11,0x1e,0x31,0x26,0x11,0x1e,0x31,0x26,0x11,0x1e,0x31,0x26,0x11,0x1e,0x31,0x26,0x11,0x1e,0x31,0x26,0x11,0x1e,0x31,0x26,0x11,0x1e,0x31,0x26,
0x11,0x1e,0x31,0x26,0x11,0x1e,0x31,0x26,0x11,0x1e,0x31,0x26,0x11,0x1e,0x31,0x26,0x11,0x1e,0x31,0x26,0x10,0x1e,0x31,0x26,0x11,0x1e,0x31,0x26,0x10,0x1e,0x31,0x1e,
0x11,0x1e,0x31,0x26,0x10,0x1e,0x31,0x1e,0x11,0x1e,0x31,0x26,0x10,0x1e,0x11,0x1e,0x10,0x1e,0x11,0x1e,0x10,0x1e,0x11,0x1e,0x10,0x1e,0x11,0x1e,0x10,0x1e,0x11,0x1e,
0x10,0x1e,0x11,0x1e,0x10,0x1e,0x11,0x1e,0x10,0x1e,0x11,0x1e,0x10,0x1e,0x11,0x1e,0xf0,0x1d,0x11,0x1e,0xf0,0x15,0x11,0x1e,0xf0,0x1d,0x11,0x1e,0xf0,0x15,0x10,0x1e,
0xf0,0x15,0xf1,0x1d,0xf0,0x15,0xf0,0x1d,0xf0,0x15,0xf0,0x1d,0xf0,0x15,0xf0,0x15,0xf0,0x15,0xf0,0x15,0xd0,0x15,0xf0,0x15,0xd0,0x15,0xf0,0x15,0xcf,0x15,0xd0,0x15,
0xd0,0x15,0xd0,0x15,0xcf,0x0d,0xd0,0x15,0xaf,0x0d,0xd0,0x15,0xaf,0x0d,0xcf,0x1d,0xae,0x1d,0xce,0x25,0xad,0x25,0xcd,0x35,0xad,0x35,0xad,0x3d,0xac,0x3d,0xac,0x4d,
0xab,0x4d,0xab,0x55,0xaa,0x55,0xaa,0x65,0xa9,0x65,0xa9,0x6d,0xa8,0x6d,0xa9,0x75,0xa8,0x75,0xa8,0x85,0x87,0x85,0xa7,0x8d,0x87,0x8d,0xa7,0x95,0x86,0x95,0xa6,0x9d,
0x85,0x9d,0xa6,0xa5,0x85,0x9d,0xa5,0xa5,0x85,0xa5,0xa5,0xad,0x84,0xad,0xa4,0xb5,0x84,0xb5,0xa4,0xbd,0x83,0xb5,0xa4,0xbd,0x83,0xbd,0xa3,0xc5,0x83,0xc5,0x83,0xc5,
0x82,0xc5,0x83,0xcd,0x82,0xcd,0x82,0xcd,0x82,0xcd,0x82,0xd5,0x82,0xcd,0x82,0xd5,0x81,0xd5,0x82,0xdd,0x81,0xd5,0x82,0xdd,0x81,0xdd,0x82,0xdd,0x81,0xdd,0x81,0xdd,
0x81,0xdd,0x81,0xe5,0x80,0xdd,0x81,0xe5,0x80,0xe5,0x81,0xe5,0x80,0xe5,0x81,0xed,0x80,0xe5,0x81,0xed,0x80,0xe5,0x81,0xed,0x80,0xe5,0x81,0xed,0x60,0xe5,0x81,0xed,
0x60,0xe5,0x81,0xed,0x60,0xe5,0x81,0xed,0x60,0xe5,0x61,0xed,0x60,0xe5,0x61,0xed,0x60,0xe5,0x61,0xed,0x60,0xe5,0x61,0xed,0x60,0xed,0x61,0xed,0x40,0xe5,0x61,0xed,
0x40,0xed,0x61,0xed,0x40,0xe5,0x61,0xed,0x40,0xed,0x61,0xed,0x40,0xe5,0x61,0xed,0x32,0x26,0x31,0x26,0x31,0x26,0x31,0x26,0x32,0x26,0x31,0x26,0x31,0x26,0x31,0x1e,
0x31,0x26,0x31,0x26,0x31,0x26,0x31,0x1e,0x31,0x26,0x31,0x26,0x31,0x26,0x31,0x1e,0x31,0x26,0x31,0x26,0x31,0x26,0x31,0x1e,0x31,0x26,0x31,0x1e,0x31,0x26,0x31,0x1e,
0x31,0x26,0x31,0x1e,0x31,0x26,0x11,0x1e,0x31,0x26,0x11,0x1e,0x31,0x26,0x11,0x1e,0x31,0x26,0x11,0x1e,0x31,0x26,0x11,0x1e,0x31,0x26,0x11,0x1e,0x31,0x26,0x11,0x1e,
0x31,0x26,0x11,0x1e,0x31,0x26,0x11,0x1e,0x31,0x26,0x11,0x1e,0x31,0x26,0x11,0x1e,0x31,0x26,0x11,0x1e,0x11,0x1e,0x10,0x1e,0x11,0x26,0x11,0x1e,0x11,0x1e,0x10,0x1e,
0x11,0x1e,0x11,0x1e,0x11,0x1e,0x10,0x1e,0x11,0x1e,0x10,0x1e,0x11,0x1e,0xf0,0x1d,0x11,0x1e,0xf0,0x1d,0x11,0x1e,0xf0,0x15,0x11,0x1e,0xf0,0x15,0xf1,0x1d,0xf0,0x15,
0xf1,0x1d,0xf0,0x15,0xf0,0x1d,0xf0,0x15,0xf0,0x1d,0xd0,0x15,0xf0,0x15,0xd0,0x15,0xf0,0x15,0xd0,0x15,0xd0,0x15,0xd0,0x0d,0xd0,0x15,0xd0,0x0d,0xd0,0x15,0xaf,0x15,
0xcf,0x25,0xae,0x25,0xce,0x2d,0xad,0x2d,0xcd,0x3d,0xac,0x3d,0xcc,0x45,0xab,0x4d,0xcc,0x55,0xab,0x55,0xab,0x5d,0xaa,0x65,0xaa,0x6d,0xa9,0x6d,0xa9,0x75,0xa8,0x75,
0xa8,0x85,0xa8,0x85,0xa8,0x8d,0xa7,0x8d,0xa7,0x95,0xa6,0x95,0xa6,0x9d,0xa6,0x9d,0xa6,0xa5,0x85,0xa5,0xa5,0xad,0x85,0xad,0xa5,0xb5,0x84,0xad,0xa5,0xb5,0x84,0xb5,
0xa4,0xbd,0x84,0xbd,0xa4,0xc5,0x83,0xbd,0xa4,0xc5,0x83,0xc5,0xa3,0xcd,0x83,0xc5,0xa3,0xcd,0x82,0xcd,0xa3,0xd5,0x82,0xcd,0xa2,0xd5,0x82,0xd5,0xa2,0xd5,0x82,0xd5,
0xa2,0xdd,0x81,0xdd,0xa2,0xdd,0x81,0xdd,0xa2,0xe5,0x81,0xdd,0xa1,0xe5,0x81,0xe5,0xa1,0xe5,0x81,0xe5,0xa1,0xe5,0x80,0xe5,0xa1,0xed,0x80,0xe5,0xa1,0xed,0x80,0xed,
0x81,0xed,0x80,0xed,0x81,0xed,0x80,0xed,0x81,0xed,0x80,0xed,0x81,0xed,0x60,0xed,0x81,0xed,0x60,0xed,0x81,0xed,0x60,0xed,0x81,0xed,0x60,0xed,0x61,0xed,0x60,0xed,
0x61,0xed,0x61,0xed,0x61,0xed,0x60,0xed,0x61,0xed,0x61,0xed,0x61,0xed,0x60,0xed,0x61,0xed,0x41,0xed,0x61,0xed,0x40,0xed,0x61,0xed,0x41,0xed,0x61,0xed,0x40,0xed,
0x31,0x1e,0x31,0x26,0x31,0x1e,0x31,0x26,0x31,0x1e,0x31,0x26,0x31,0x1e,0x31,0x26,0x31,0x1e,0x31,0x26,0x11,0x1e,0x31,0x26,0x11,0x1e,0x31,0x26,0x11,0x1e,0x31,0x26,
0x11,0x1e,0x31,0x26,0x11,0x1e,0x31,0x26,0x11,0x1e,0x31,0x26,0x11,0x1e,0x31,0x26,0x11,0x1e,0x31,0x26,0x11,0x1e,0x31,0x26,0x11,0x1e,0x31,0x26,0x11,0x1e,0x31,0x26,
0x10,0x1e,0x31,0x26,0x11,0x1e,0x31,0x26,0x10,0x1e,0x31,0x1e,0x11,0x1e,0x31,0x26,0x10,0x1e,0x31,0x1e,0x11,0x1e,0x11,0x26,0x10,0x1e,0x11,0x1e,0x10,0x1e,0x11,0x1e,
0x10,0x1e,0x11,0x1e,0x10,0x1e,0x11,0x1e,0x10,0x1e,0x11,0x1e,0x10,0x1e,0x11,0x1e,0x10,0x1e,0x11,0x1e,0xf0,0x1d,0x11,0x1e,0xf0,0x15,0x11,0x1e,0xf0,0x1d,0x11,0x1e,
0xf0,0x15,0x10,0x1e,0xf0,0x15,0xf1,0x1d,0xf0,0x15,0xf0,0x1d,0xf0,0x15,0xf0,0x1d,0xf0,0x15,0xf0,0x15,0xd0,0x15,0xf0,0x15,0xd0,0x15,0xf0,0x15,0xd0,0x15,0xf0,0x15,
0xcf,0x0d,0xd0,0x15,0xcf,0x0d,0xd0,0x15,0xaf,0x0d,0xd0,0x15,0xaf,0x0d,0xcf,0x1d,0xae,0x1d,0xce,0x25,0xad,0x25,0xcd,0x35,0xac,0x35,0xac,0x3d,0xac,0x45,0xac,0x4d,
0xab,0x4d,0xab,0x55,0xaa,0x5d,0xaa,0x65,0xa9,0x65,0xa9,0x6d,0xa8,0x75,0xa8,0x7d,0x87,0x7d,0xa8,0x85,0x87,0x85,0xa7,0x8d,0x86,0x8d,0xa6,0x95,0x86,0x9d,0xa6,0xa5,
0x85,0x9d,0xa5,0xa5,0x85,0xa5,0xa5,0xad,0x84,0xad,0xa4,0xb5,0x84,0xb5,0xa4,0xbd,0x83,0xbd,0xa3,0xbd,0x83,0xbd,0xa3,0xc5,0x82,0xc5,0x83,0xcd,0x82,0xc5,0x83,0xcd,
0x82,0xcd,0x82,0xd5,0x82,0xcd,0x82,0xd5,0x81,0xd5,0x82,0xd5,0x81,0xd5,0x82,0xdd,0x81,0xd5,0x81,0xdd,0x81,0xdd,0x81,0xe5,0x81,0xdd,0x81,0xe5,0x81,0xe5,0x81,0xe5,
0x80,0xe5,0x81,0xe5,0x80,0xe5,0x81,0xed,0x80,0xe5,0x81,0xed,0x80,0xe5,0x81,0xed,0x60,0xe5,0x81,0xed,0x60,0xe5,0x81,0xed,0x60,0xe5,0x81,0xed,0x60,0xe5,0x61,0xed,
0x60,0xe5,0x61,0xed,0x60,0xe5,0x61,0xed,0x60,0xe5,0x61,0xed,0x60,0xed,0x61,0xed,0x40,0xe5,0x61,0xed,0x40,0xed,0x61,0xed,0x40,0xe5,0x61,0xed,0x40,0xed,0x61,0xed,
0x40,0xe5,0x61,0xed,0x40,0xed,0x41,0xed,0x40,0xe5,0x41,0xed,0x40,0xed,0x41,0xed,0x31,0x26,0x31,0x26,0x32,0x26,0x31,0x26,0x31,0x26,0x31,0x26,0x32,0x26,0x31,0x26,
0x31,0x26,0x31,0x26,0x32,0x26,0x31,0x26,0x31,0x26,0x31,0x1e,0x31,0x26,0x31,0x26,0x31,0x26,0x31,0x1e,0x31,0x26,0x31,0x26,0x31,0x26,0x31,0x1e,0x31,0x26,0x31,0x26,
0x31,0x26,0x31,0x1e,0x31,0x26,0x31,0x1e,0x31,0x26,0x31,0x1e,0x31,0x26,0x31,0x1e,0x31,0x26,0x11,0x1e,0x31,0x26,0x11,0x1e,0x31,0x26,0x11,0x1e,0x31,0x26,0x11,0x1e,
0x31,0x26,0x11,0x1e,0x31,0x26,0x11,0x1e,0x31,0x26,0x11,0x1e,0x31,0x26,0x11,0x1e,0x31,0x26,0x11,0x1e,0x31,0x26,0x11,0x1e,0x31,0x1e,0x11,0x1e,0x11,0x26,0x11,0x1e,
0x11,0x1e,0x10,0x1e,0x11,0x1e,0x11,0x1e,0x11,0x1e,0x10,0x1e,0x11,0x1e,0x10,0x1e,0x11,0x1e,0xf0,0x1d,0x11,0x1e,0xf0,0x1d,0x11,0x1e,0xf0,0x15,0x11,0x1e,0xf0,0x15,
0xf1,0x1d,0xf0,0x15,0xf1,0x1d,0xf0,0x15,0xf0,0x1d,0xf0,0x15,0xf0,0x1d,0xd0,0x15,0xf0,0x15,0xd0,0x15,0xf0,0x15,0xd0,0x15,0xd0,0x15,0xcf,0x0d,0xd0,0x15,0xaf,0x15,
0xcf,0x1d,0xae,0x25,0xce,0x2d,0xad,0x2d,0xcd,0x3d,0xac,0x3d,0xcc,0x4d,0xab,0x4d,0xcb,0x55,0xaa,0x55,0xaa,0x65,0xaa,0x65,0xa9,0x6d,0xa9,0x6d,0xa9,0x7d,0xa8,0x7d,
0xa8,0x85,0xa7,0x85,0xa7,0x8d,0xa7,0x95,0xa7,0x95,0xa6,0x9d,0xa6,0xa5,0x85,0xa5,0xa5,0xad,0x85,0xa5,0xa5,0xb5,0x84,0xad,0xa4,0xb5,0x84,0xb5,0xa4,0xbd,0x84,0xbd,
0xa4,0xc5,0x83,0xc5,0xa3,0xc5,0x83,0xc5,0xa3,0xcd,0x82,0xcd,0xa3,0xd5,0x82,0xcd,0xa2,0xd5,0x82,0xd5,0xa2,0xdd,0x82,0xd5,0xa2,0xdd,0x81,0xd5,0xa2,0xdd,0x81,0xdd,
0xa2,0xe5,0x81,0xdd,0xa1,0xe5,0x81,0xe5,0xa1,0xe5,0x81,0xe5,0xa1,0xed,0x81,0xe5,0xa1,0xed,0x80,0xe5,0x81,0xed,0x80,0xed,0x81,0xed,0x80,0xed,0x81,0xed,0x80,0xed,
0x81,0xed,0x60,0xed,0x81,0xed,0x60,0xed,0x81,0xed,0x60,0xed,0x81,0xed,0x60,0xed,0x61,0xed,0x60,0xed,0x61,0xed,0x61,0xed,0x61,0xed,0x60,0xed,0x61,0xed,0x61,0xed,
0x61,0xed,0x60,0xed,0x61,0xed,0x41,0xed,0x61,0xed,0x40,0xed,0x61,0xed,0x41,0xed,0x61,0xed,0x40,0xed,0x61,0xed,0x41,0xed,0x61,0xed,0x40,0xed,0x41,0xed,0x41,0xed,
0x31,0x1e,0x31,0x26,0x31,0x1e,0x31,0x26,0x31,0x1e,0x31,0x26,0x31,0x1e,0x31,0x26,0x31,0x1e,0x31,0x26,0x31,0x1e,0x31,0x26,0x31,0x1e,0x31,0x26,0x31,0x1e,0x31,0x26,
0x11,0x1e,0x31,0x26,0x11,0x1e,0x31,0x26,0x11,0x1e,0x31,0x26,0x11,0x1e,0x31,0x26,0x11,0x1e,0x31,0x26,0x11,0x1e,0x31,0x26,0x11,0x1e,0x31,0x26,0x11,0x1e,0x31,0x26,
0x11,0x1e,0x31,0x26,0x11,0x1e,0x31,0x26,0x11,0x1e,0x31,0x26,0x10,0x1e,0x31,0x26,0x11,0x1e,0x31,0x26,0x10,0x1e,0x31,0x1e,0x11,0x1e,0x31,0x26,0x10,0x1e,0x11,0x1e,
0x10,0x1e,0x11,0x1e,0x10,0x1e,0x11,0x1e,0x10,0x1e,0x11,0x1e,0x10,0x1e,0x11,0x1e,0x10,0x1e,0x11,0x1e,0x10,0x1e,0x11,0x1e,0x10,0x1e,0x11,0x1e,0xf0,0x15,0x11,0x1e,
0xf0,0x1d,0x11,0x1e,0xf0,0x15,0x10,0x1e,0xf0,0x15,0x11,0x1e,0xf0,0x15,0xf0,0x1d,0xf0,0x15,0xf0,0x1d,0xf0,0x15,0xf0,0x15,0xd0,0x15,0xf0,0x15,0xd0,0x15,0xf0,0x15,
0xd0,0x15,0xd0,0x15,0xcf,0x0d,0xd0,0x15,0xcf,0x0d,0xd0,0x15,0xaf,0x0d,0xcf,0x15,0xae,0x1d,0xce,0x25,0xad,0x25,0xcd,0x35,0xac,0x35,0xac,0x45,0xab,0x45,0xab,0x4d,
0xab,0x55,0xab,0x5d,0xa9,0x5d,0xaa,0x6d,0xa9,0x6d,0xa9,0x75,0xa8,0x75,0xa8,0x85,0x87,0x85,0xa7,0x8d,0x86,0x8d,0xa6,0x95,0x86,0x95,0xa6,0x9d,0x85,0x9d,0xa5,0xa5,
0x85,0xa5,0xa5,0xad,0x84,0xad,0xa4,0xb5,0x84,0xb5,0xa4,0xbd,0x83,0xbd,0xa3,0xc5,0x83,0xbd,0xa3,0xc5,0x82,0xc5,0x83,0xcd,0x82,0xcd,0x83,0xcd,0x82,0xcd,0x82,0xd5,
0x82,0xd5,0x82,0xd5,0x81,0xd5,0x82,0xdd,0x81,0xdd,0x82,0xdd,0x81,0xdd,0x81,0xdd,0x81,0xdd,0x81,0xe5,0x80,0xdd,0x81,0xe5,0x80,0xe5,0x81,0xed,0x80,0xe5,0x81,0xed,
0x80,0xe5,0x81,0xed,0x80,0xe5,0x81,0xed,0x60,0xe5,0x81,0xed,0x60,0xe5,0x81,0xed,0x60,0xe5,0x61,0xed,0x60,0xe5,0x61,0xed,0x60,0xe5,0x61,0xed,0x60,0xe5,0x61,0xed,
0x60,0xed,0x61,0xed,0x40,0xe5,0x61,0xed,0x40,0xed,0x61,0xed,0x40,0xe5,0x61,0xed,0x40,0xed,0x61,0xed,0x40,0xe5,0x61,0xed,0x40,0xed,0x41,0xed,0x40,0xe5,0x41,0xed,
0x40,0xed,0x41,0xed,0x40,0xe5,0x41,0xed,0x40,0xed,0x41,0xed,0x40,0xed,0x41,0xed,0x32,0x26,0x31,0x26,0x31,0x26,0x31,0x26,0x32,0x26,0x31,0x26,0x31,0x26,0x31,0x26,
0x32,0x26,0x31,0x26,0x31,0x26,0x31,0x26,0x32,0x26,0x31,0x26,0x31,0x26,0x31,0x26,0x32,0x26,0x31,0x26,0x31,0x26,0x31,0x1e,0x31,0x26,0x31,0x26,0x31,0x26,0x31,0x1e,
0x31,0x26,0x31,0x26,0x31,0x26,0x31,0x1e,0x31,0x26,0x31,0x26,0x31,0x26,0x31,0x1e,0x31,0x26,0x31,0x1e,0x31,0x26,0x31,0x1e,0x31,0x26,0x11,0x1e,0x31,0x26,0x11,0x1e,
0x31,0x26,0x11,0x1e,0x31,0x26,0x11,0x1e,0x31,0x26,0x11,0x1e,0x31,0x26,0x11,0x1e,0x31,0x26,0x11,0x1e,0x31,0x26,0x11,0x1e,0x31,0x26,0x11,0x1e,0x31,0x26,0x11,0x1e,
0x11,0x26,0x11,0x1e,0x11,0x1e,0x10,0x1e,0x11,0x1e,0x11,0x1e,0x11,0x1e,0x10,0x1e,0x11,0x1e,0x10,0x1e,0x11,0x1e,0xf0,0x1d,0x11,0x1e,0xf0,0x1d,0x11,0x1e,0xf0,0x15,
0x11,0x1e,0xf0,0x15,0xf1,0x1d,0xf0,0x15,0xf1,0x1d,0xf0,0x15,0xf0,0x15,0xd0,0x15,0xf0,0x15,0xd0,0x15,0xf0,0x15,0xd0,0x15,0xd0,0x15,0xd0,0x15,0xd0,0x15,0xaf,0x15,
0xcf,0x1d,0xae,0x25,0xce,0x2d,0xad,0x2d,0xcd,0x3d,0xac,0x3d,0xcc,0x4d,0xab,0x4d,0xcb,0x5d,0xaa,0x5d,0xaa,0x65,0xa9,0x6d,0xa9,0x75,0xa8,0x75,0xa8,0x7d,0xa7,0x85,
0xa8,0x8d,0xa7,0x8d,0xa7,0x95,0xa6,0x95,0xa6,0x9d,0xa5,0xa5,0xa5,0xa5,0x85,0xa5,0xa5,0xb5,0x84,0xb5,0xa4,0xb5,0x84,0xb5,0xa4,0xbd,0x83,0xbd,0xa4,0xc5,0x83,0xc5,
0xa3,0xcd,0x83,0xc5,0xa3,0xcd,0x82,0xcd,0xa3,0xd5,0x82,0xd5,0xa2,0xd5,0x82,0xd5,0xa2,0xdd,0x82,0xdd,0xa2,0xdd,0x81,0xdd,0xa2,0xe5,0x81,0xdd,0xa1,0xe5,0x81,0xe5,
0xa1,0xe5,0x81,0xe5,0xa1,0xed,0x80,0xe5,0xa1,0xed,0x80,0xed,0x81,0xed,0x80,0xed,0x81,0xed,0x80,0xed,0x81,0xed,0x60,0xed,0x81,0xed,0x60,0xed,0x81,0xed,0x60,0xed,
0x81,0xed,0x60,0xed,0x61,0xed,0x60,0xed,0x61,0xed,0x61,0xed,0x61,0xed,0x60,0xed,0x61,0xed,0x61,0xed,0x61,0xed,0x40,0xed,0x61,0xed,0x41,0xed,0x61,0xed,0x40,0xed,
0x61,0xed,0x41,0xed,0x61,0xed,0x40,0xed,0x61,0xed,0x41,0xed,0x41,0xed,0x40,0xed,0x41,0xed,0x41,0xed,0x41,0xed,0x40,0xed,0x41,0xed,0x41,0xed,0x41,0xed,0x41,0xed,
0x31,0x1e,0x31,0x26,0x31,0x26,0x31,0x26,0x31,0x1e,0x31,0x26,0x31,0x1e,0x31,0x26,0x31,0x1e,0x31,0x26,0x31,0x1e,0x31,0x26,0x31,0x1e,0x31,0x26,0x31,0x1e,0x31,0x26,
0x31,0x1e,0x31,0x26,0x31,0x1e,0x31,0x26,0x31,0x1e,0x31,0x26,0x31,0x1e,0x31,0x26,0x11,0x1e,0x31,0x26,0x11,0x1e,0x31,0x26,0x11,0x1e,0x31,0x26,0x11,0x1e,0x31,0x26,
0x11,0x1e,0x31,0x26,0x11,0x1e,0x31,0x26,0x11,0x1e,0x31,0x26,0x11,0x1e,0x31,0x26,0x11,0x1e,0x31,0x26,0x11,0x1e,0x31,0x26,0x10,0x1e,0x31,0x1e,0x11,0x1e,0x31,0x26,
0x10,0x1e,0x31,0x1e,0x11,0x1e,0x11,0x26,0x10,0x1e,0x11,0x1e,0x10,0x1e,0x11,0x1e,0x10,0x1e,0x11,0x1e,0x10,0x1e,0x11,0x1e,0x10,0x1e,0x11,0x1e,0x10,0x1e,0x11,0x1e,
0xf0,0x1d,0x11,0x1e,0xf0,0x1d,0x11,0x1e,0xf0,0x15,0x11,0x1e,0xf0,0x15,0x11,0x1e,0xf0,0x15,0xf0,0x1d,0xf0,0x15,0xf0,0x1d,0xf0,0x15,0xf0,0x15,0xd0,0x15,0xf0,0x15,
0xd0,0x15,0xf0,0x15,0xd0,0x15,0xd0,0x15,0xcf,0x0d,0xd0,0x15,0xaf,0x0d,0xd0,0x15,0xaf,0x15,0xce,0x25,0xae,0x25,0xce,0x35,0xac,0x35,0xac,0x45,0xab,0x45,0xab,0x55,
0xaa,0x55,0xaa,0x5d,0xa9,0x65,0xa9,0x6d,0xa8,0x6d,0xa8,0x7d,0x87,0x7d,0xa8,0x85,0x87,0x8d,0xa7,0x95,0x86,0x95,0xa6,0x9d,0x85,0x9d,0xa5,0xa5,0x85,0xa5,0xa5,0xad,
0x84,0xad,0xa4,0xb5,0x84,0xb5,0xa4,0xbd,0x83,0xbd,0xa3,0xc5,0x83,0xc5,0x83,0xcd,0x82,0xc5,0x83,0xcd,0x82,0xcd,0x82,0xd5,0x82,0xcd,0x82,0xd5,0x81,0xd5,0x82,0xdd,
0x81,0xd5,0x81,0xdd,0x81,0xdd,0x81,0xe5,0x81,0xdd,0x81,0xe5,0x81,0xe5,0x81,0xe5,0x80,0xe5,0x81,0xed,0x80,0xe5,0x81,0xed,0x80,0xe5,0x81,0xed,0x60,0xe5,0x81,0xed,
0x60,0xe5,0x81,0xed,0x60,0xe5,0x81,0xed,0x60,0xe5,0x61,0xed,0x60,0xe5,0x61,0xed,0x60,0xe5,0x61,0xed,0x60,0xed,0x61,0xed,0x40,0xe5,0x61,0xed,0x40,0xed,0x61,0xed,
0x40,0xe5,0x61,0xed,0x40,0xed,0x61,0xed,0x40,0xe5,0x41,0xed,0x40,0xed,0x41,0xed,0x40,0xe5,0x41,0xed,0x40,0xed,0x41,0xed,0x40,0xe5,0x41,0xed,0x40,0xed,0x41,0xed,
0x20,0xed,0x41,0xed,0x20,0xed,0x41,0xed,0x20,0xed,0x41,0xed,0x20,0xed,0x41,0xed,0x31,0x26,0x31,0x26,0x32,0x26,0x31,0x26,0x31,0x26,0x31,0x26,0x32,0x26,0x31,0x26,
0x31,0x26,0x31,0x26,0x32,0x26,0x31,0x26,0x31,0x26,0x31,0x26,0x32,0x26,0x31,0x26,0x31,0x26,0x31,0x26,0x32,0x26,0x31,0x26,0x31,0x26,0x31,0x26,0x32,0x26,0x31,0x26,
0x31,0x26,0x31,0x26,0x31,0x26,0x31,0x26,0x31,0x26,0x31,0x1e,0x31,0x26,0x31,0x26,0x31,0x26,0x31,0x1e,0x31,0x26,0x31,0x26,0x31,0x26,0x31,0x1e,0x31,0x26,0x31,0x1e,
0x31,0x26,0x31,0x1e,0x31,0x26,0x11,0x1e,0x31,0x26,0x11,0x1e,0x31,0x26,0x11,0x1e,0x31,0x26,0x11,0x1e,0x31,0x26,0x11,0x1e,0x31,0x26,0x11,0x1e,0x31,0x26,0x11,0x1e,
0x31,0x26,0x11,0x1e,0x31,0x26,0x11,0x1e,0x11,0x1e,0x10,0x1e,0x11,0x26,0x11,0x1e,0x11,0x1e,0x10,0x1e,0x11,0x1e,0x10,0x1e,0x11,0x1e,0xf0,0x1d,0x11,0x1e,0xf0,0x1d,
0x11,0x1e,0xf0,0x15,0x11,0x1e,0xf0,0x15,0xf1,0x1d,0xf0,0x15,0xf1,0x1d,0xf0,0x15,0xf0,0x15,0xd0,0x15,0xf0,0x15,0xd0,0x15,0xd0,0x15,0xd0,0x0d,0xd0,0x15,0xd0,0x0d,
0xcf,0x1d,0xae,0x1d,0xce,0x2d,0xad,0x2d,0xcd,0x3d,0xac,0x3d,0xcc,0x4d,0xab,0x55,0xab,0x5d,0xaa,0x5d,0xaa,0x6d,0xa9,0x6d,0xa9,0x7d,0xa8,0x7d,0xa8,0x85,0xa7,0x8d,
0xa7,0x95,0xa6,0x95,0xa6,0x9d,0xa6,0x9d,0xa6,0xa5,0x85,0xa5,0xa5,0xb5,0x84,0xb5,0xa4,0xb5,0x84,0xb5,0xa4,0xbd,0x83,0xbd,0xa3,0xc5,0x83,0xc5,0xa3,0xcd,0x83,0xcd,
0xa3,0xcd,0x82,0xcd,0xa3,0xd5,0x82,0xd5,0xa2,0xdd,0x81,0xd5,0xa2,0xdd,0x81,0xdd,0xa2,0xe5,0x81,0xdd,0xa1,0xe5,0x81,0xe5,0xa1,0xe5,0x81,0xe5,0xa1,0xed,0x80,0xe5,
0xa1,0xed,0x80,0xed,0x81,0xed,0x80,0xed,0x81,0xed,0x80,0xed,0x81,0xed,0x60,0xed,0x81,0xed,0x60,0xed,0x81,0xed,0x60,0xed,0x61,0xed,0x60,0xed,0x61,0xed,0x61,0xed,
0x61,0xed,0x60,0xed,0x61,0xed,0x61,0xed,0x61,0xed,0x40,0xed,0x61,0xed,0x41,0xed,0x61,0xed,0x40,0xed,0x61,0xed,0x41,0xed,0x61,0xed,0x40,0xed,0x41,0xed,0x41,0xed,
0x41,0xed,0x40,0xed,0x41,0xed,0x41,0xed,0x41,0xed,0x41,0xed,0x41,0xed,0x41,0xed,0x41,0xed,0x41,0xed,0x41,0xed,0x21,0xed,0x41,0xed,0x21,0xed,0x41,0xed,0x21,0xed,
0x31,0x26,0x31,0x26,0x31,0x1e,0x31,0x26,0x31,0x26,0x31,0x26,0x31,0x1e,0x31,0x26,0x31,0x26,0x31,0x26,0x31,0x1e,0x31,0x26,0x31,0x1e,0x31,0x26,0x31,0x1e,0x31,0x26,
0x31,0x1e,0x31,0x26,0x31,0x1e,0x31,0x26,0x31,0x1e,0x31,0x26,0x31,0x1e,0x31,0x26,0x31,0x1e,0x31,0x26,0x31,0x1e,0x31,0x26,0x31,0x1e,0x31,0x26,0x11,0x1e,0x31,0x26,
0x11,0x1e,0x31,0x26,0x11,0x1e,0x31,0x26,0x11,0x1e,0x31,0x26,0x11,0x1e,0x31,0x26,0x11,0x1e,0x31,0x26,0x11,0x1e,0x31,0x26,0x11,0x1e,0x31,0x26,0x10,0x1e,0x31,0x26,
0x11,0x1e,0x31,0x26,0x10,0x1e,0x31,0x1e,0x11,0x1e,0x31,0x26,0x10,0x1e,0x11,0x1e,0x10,0x1e,0x11,0x1e,0x10,0x1e,0x11,0x1e,0x10,0x1e,0x11,0x1e,0x10,0x1e,0x11,0x1e,
0x10,0x1e,0x11,0x1e,0xf0,0x1d,0x11,0x1e,0xf0,0x1d,0x11,0x1e,0xf0,0x15,0x11,0x1e,0xf0,0x15,0x11,0x1e,0xf0,0x15,0xf0,0x1d,0xf0,0x15,0xf0,0x1d,0xf0,0x15,0xf0,0x15,
0xd0,0x15,0xf0,0x15,0xcf,0x15,0xd0,0x15,0xcf,0x0d,0xd0,0x15,0xaf,0x0d,0xd0,0x15,0xaf,0x15,0xcf,0x1d,0xae,0x25,0xcd,0x2d,0xac,0x35,0xac,0x45,0xab,0x45,0xab,0x55,
0xaa,0x5d,0xaa,0x65,0xa9,0x65,0xa9,0x75,0xa8,0x75,0xa8,0x85,0x87,0x85,0xa7,0x8d,0x86,0x95,0xa6,0x9d,0x85,0x9d,0xa5,0xa5,0x85,0xa5,0xa5,0xad,0x84,0xad,0xa4,0xb5,
0x83,0xb5,0xa4,0xbd,0x83,0xbd,0xa3,0xc5,0x83,0xc5,0x83,0xcd,0x82,0xcd,0x82,0xcd,0x82,0xcd,0x82,0xd5,0x81,0xd5,0x82,0xdd,0x81,0xd5,0x82,0xdd,0x81,0xdd,0x81,0xdd,
0x81,0xdd,0x81,0xe5,0x80,0xe5,0x81,0xe5,0x80,0xe5,0x81,0xed,0x80,0xe5,0x81,0xed,0x80,0xe5,0x81,0xed,0x60,0xe5,0x81,0xed,0x60,0xe5,0x81,0xed,0x60,0xe5,0x61,0xed,
0x60,0xe5,0x61,0xed,0x60,0xe5,0x61,0xed,0x40,0xed,0x61,0xed,0x40,0xe5,0x61,0xed,0x40,0xed,0x61,0xed,0x40,0xe5,0x61,0xed,0x40,0xed,0x41,0xed,0x40,0xe5,0x41,0xed,
0x40,0xed,0x41,0xed,0x40,0xe5,0x41,0xed,0x40,0xed,0x41,0xed,0x40,0xed,0x41,0xed,0x20,0xed,0x41,0xed,0x20,0xed,0x41,0xed,0x20,0xed,0x41,0xed,0x20,0xed,0x41,0xed,
0x20,0xed,0x41,0xed,0x20,0xed,0x41,0xed,0x20,0xed,0x41,0xed,0x20,0xed,0x21,0xed,0x52,0x26,0x31,0x26,0x52,0x26,0x31,0x26,0x52,0x26,0x31,0x26,0x51,0x26,0x31,0x26,
0x32,0x26,0x31,0x26,0x31,0x26,0x31,0x26,0x32,0x26,0x31,0x26,0x31,0x26,0x31,0x26,0x32,0x26,0x31,0x26,0x31,0x26,0x31,0x26,0x32,0x26,0x31,0x26,0x31,0x26,0x31,0x26,
0x32,0x26,0x31,0x26,0x31,0x26,0x31,0x26,0x32,0x26,0x31,0x26,0x31,0x26,0x31,0x26,0x32,0x26,0x31,0x26,0x31,0x26,0x31,0x1e,0x31,0x26,0x31,0x26,0x31,0x26,0x31,0x1e,
0x31,0x26,0x31,0x26,0x31,0x26,0x31,0x1e,0x31,0x26,0x31,0x1e,0x31,0x26,0x31,0x1e,0x31,0x26,0x11,0x1e,0x31,0x26,0x11,0x1e,0x31,0x26,0x11,0x1e,0x31,0x26,0x11,0x1e,
0x31,0x26,0x11,0x1e,0x31,0x26,0x11,0x1e,0x31,0x26,0x11,0x1e,0x31,0x26,0x11,0x1e,0x11,0x26,0x11,0x1e,0x11,0x1e,0x10,0x1e,0x11,0x1e,0x10,0x1e,0x11,0x1e,0x10,0x1e,
0x11,0x1e,0xf0,0x1d,0x11,0x1e,0xf0,0x15,0x11,0x1e,0xf0,0x15,0xf1,0x1d,0xf0,0x15,0xf1,0x1d,0xf0,0x15,0xf0,0x15,0xd0,0x15,0xf0,0x15,0xd0,0x15,0xd0,0x15,0xcf,0x0d,
0xd0,0x15,0xaf,0x1d,0xce,0x2d,0xad,0x2d,0xcd,0x3d,0xac,0x45,0xcc,0x4d,0xab,0x55,0xab,0x65,0xaa,0x65,0xa9,0x75,0xa8,0x75,0xa8,0x85,0xa7,0x85,0xa7,0x8d,0xa6,0x95,
0xa7,0x9d,0xa6,0x9d,0xa6,0xa5,0x85,0xa5,0xa5,0xb5,0x84,0xb5,0xa4,0xbd,0x84,0xbd,0xa4,0xc5,0x83,0xc5,0xa3,0xc5,0x83,0xc5,0xa3,0xcd,0x82,0xcd,0xa3,0xd5,0x82,0xd5,
0xa2,0xdd,0x82,0xd5,0xa2,0xdd,0x81,0xdd,0xa2,0xe5,0x81,0xdd,0xa1,0xe5,0x81,0xe5,0xa1,0xed,0x81,0xe5,0xa1,0xed,0x80,0xe5,0x81,0xed,0x80,0xed,0x81,0xed,0x80,0xed,
0x81,0xed,0x60,0xed,0x81,0xed,0x60,0xed,0x81,0xed,0x60,0xed,0x61,0xed,0x60,0xed,0x61,0xed,0x61,0xed,0x61,0xed,0x60,0xed,0x61,0xed,0x41,0xed,0x61,0xed,0x40,0xed,
0x61,0xed,0x41,0xed,0x61,0xed,0x40,0xed,0x61,0xed,0x41,0xed,0x41,0xed,0x40,0xed,0x41,0xed,0x41,0xed,0x41,0xed,0x40,0xed,0x41,0xed,0x41,0xed,0x41,0xed,0x41,0xed,
0x41,0xed,0x41,0xed,0x41,0xed,0x21,0xed,0x41,0xed,0x21,0xed,0x41,0xed,0x21,0xed,0x41,0xed,0x21,0xed,0x41,0xed,0x21,0xed,0x41,0xed,0x21,0xed,0x41,0xed,0x21,0xed,
0x31,0x1e,0x31,0x26,0x31,0x26,0x31,0x26,0x31,0x1e,0x31,0x26,0x31,0x26,0x31,0x26,0x31,0x1e,0x31,0x26,0x31,0x26,0x31,0x26,0x31,0x1e,0x31,0x26,0x31,0x26,0x31,0x26,
0x31,0x1e,0x31,0x26,0x31,0x26,0x31,0x26,0x31,0x1e,0x31,0x26,0x31,0x1e,0x31,0x26,0x31,0x1e,0x31,0x26,0x31,0x1e,0x31,0x26,0x31,0x1e,0x31,0x26,0x31,0x1e,0x31,0x26,
0x31,0x1e,0x31,0x26,0x31,0x1e,0x31,0x26,0x31,0x1e,0x31,0x26,0x11,0x1e,0x31,0x26,0x11,0x1e,0x31,0x26,0x11,0x1e,0x31,0x26,0x11,0x1e,0x31,0x26,0x11,0x1e,0x31,0x26,
0x11,0x1e,0x31,0x26,0x11,0x1e,0x31,0x26,0x10,0x1e,0x31,0x26,0x11,0x1e,0x31,0x26,0x10,0x1e,0x31,0x1e,0x11,0x1e,0x11,0x26,0x10,0x1e,0x11,0x1e,0x10,0x1e,0x11,0x1e,
0x10,0x1e,0x11,0x1e,0x10,0x1e,0x11,0x1e,0x10,0x1e,0x11,0x1e,0xf0,0x1d,0x11,0x1e,0xf0,0x15,0x11,0x1e,0xf0,0x15,0x11,0x1e,0xf0,0x15,0xf0,0x1d,0xf0,0x15,0xf0,0x1d,
0xd0,0x15,0xf0,0x15,0xd0,0x15,0xf0,0x15,0xcf,0x0d,0xd0,0x15,0xcf,0x0d,0xd0,0x15,0xaf,0x0d,0xcf,0x1d,0xae,0x25,0xce,0x35,0xac,0x35,0xac,0x45,0xab,0x4d,0xab,0x55,
0xaa,0x5d,0xa9,0x6d,0xa8,0x6d,0xa8,0x7d,0x87,0x7d,0xa7,0x8d,0x86,0x8d,0xa6,0x95,0x85,0x9d,0xa5,0xa5,0x85,0xa5,0xa5,0xad,0x84,0xad,0xa4,0xb5,0x83,0xbd,0xa4,0xbd,
0x83,0xbd,0x83,0xc5,0x82,0xc5,0x83,0xcd,0x82,0xcd,0x82,0xd5,0x82,0xd5,0x82,0xdd,0x81,0xd5,0x81,0xdd,0x81,0xdd,0x81,0xe5,0x81,0xdd,0x81,0xe5,0x80,0xe5,0x81,0xed,
0x80,0xe5,0x81,0xed,0x80,0xe5,0x81,0xed,0x60,0xe5,0x81,0xed,0x60,0xe5,0x81,0xed,0x60,0xe5,0x61,0xed,0x60,0xe5,0x61,0xed,0x60,0xe5,0x61,0xed,0x40,0xed,0x61,0xed,
0x40,0xe5,0x61,0xed,0x40,0xed,0x61,0xed,0x40,0xe5,0x41,0xed,0x40,0xed,0x41,0xed,0x40,0xe5,0x41,0xed,0x40,0xed,0x41,0xed,0x40,0xe5,0x41,0xed,0x40,0xed,0x41,0xed,
0x20,0xed,0x41,0xed,0x20,0xed,0x41,0xed,0x20,0xed,0x41,0xed,0x20,0xed,0x41,0xed,0x20,0xed,0x41,0xed,0x20,0xed,0x41,0xed,0x20,0xed,0x21,0xed,0x20,0xed,0x21,0xed,
0x20,0xed,0x21,0xed,0x20,0xed,0x21,0xed,0x20,0xed,0x21,0xed,0x20,0xed,0x21,0xed,0x52,0x26,0x31,0x26,0x52,0x26,0x31,0x26,0x52,0x26,0x31,0x26,0x52,0x26,0x31,0x26,
0x52,0x26,0x31,0x26,0x52,0x26,0x31,0x26,0x52,0x26,0x31,0x26,0x52,0x26,0x31,0x26,0x51,0x26,0x31,0x26,0x32,0x26,0x31,0x26,0x31,0x26,0x31,0x26,0x32,0x26,0x31,0x26,
0x31,0x26,0x31,0x26,0x32,0x26,0x31,0x26,0x31,0x26,0x31,0x26,0x32,0x26,0x31,0x26,0x31,0x26,0x31,0x26,0x32,0x26,0x31,0x26,0x31,0x26,0x31,0x26,0x32,0x26,0x31,0x26,
0x31,0x26,0x31,0x1e,0x31,0x26,0x31,0x26,0x31,0x26,0x31,0x1e,0x31,0x26,0x31,0x26,0x31,0x26,0x31,0x1e,0x31,0x26,0x31,0x1e,0x31,0x26,0x11,0x1e,0x31,0x26,0x11,0x1e,
0x31,0x26,0x11,0x1e,0x31,0x26,0x11,0x1e,0x31,0x26,0x11,0x1e,0x31,0x26,0x11,0x1e,0x31,0x26,0x11,0x1e,0x31,0x26,0x11,0x1e,0x11,0x1e,0x10,0x1e,0x11,0x1e,0x11,0x1e,
0x11,0x1e,0x10,0x1e,0x11,0x1e,0xf0,0x1d,0x11,0x1e,0xf0,0x15,0x11,0x1e,0xf0,0x15,0xf0,0x1d,0xf0,0x15,0xf0,0x1d,0xd0,0x15,0xf0,0x15,0xd0,0x15,0xd0,0x15,0xd0,0x15,
0xd0,0x15,0xaf,0x1d,0xcf,0x25,0xad,0x2d,0xcd,0x3d,0xac,0x45,0xcc,0x55,0xaa,0x55,0xaa,0x65,0xa9,0x6d,0xa9,0x7d,0xa8,0x7d,0xa8,0x8d,0xa7,0x8d,0xa7,0x95,0xa6,0x9d,
0xa6,0xa5,0x85,0xa5,0xa5,0xb5,0x84,0xb5,0xa4,0xbd,0x83,0xbd,0xa4,0xc5,0x83,0xc5,0xa3,0xcd,0x82,0xcd,0xa3,0xd5,0x82,0xd5,0xa2,0xd5,0x82,0xd5,0xa2,0xdd,0x81,0xdd,
0xa2,0xdd,0x81,0xdd,0xa1,0xe5,0x81,0xe5,0xa1,0xe5,0x80,0xe5,0xa1,0xed,0x80,0xed,0x81,0xed,0x80,0xed,0x81,0xed,0x60,0xed,0x81,0xed,0x60,0xed,0x81,0xed,0x60,0xed,
0x61,0xed,0x60,0xed,0x61,0xed,0x61,0xed,0x61,0xed,0x60,0xed,0x61,0xed,0x41,0xed,0x61,0xed,0x40,0xed,0x61,0xed,0x41,0xed,0x61,0xed,0x40,0xed,0x41,0xed,0x41,0xed,
0x41,0xed,0x40,0xed,0x41,0xed,0x41,0xed,0x41,0xed,0x41,0xed,0x41,0xed,0x41,0xed,0x41,0xed,0x21,0xed,0x41,0xed,0x21,0xed,0x41,0xed,0x21,0xed,0x41,0xed,0x21,0xed,
0x41,0xed,0x21,0xed,0x41,0xed,0x21,0xed,0x41,0xed,0x21,0xed,0x41,0xed,0x21,0xed,0x21,0xed,0x21,0xed,0x21,0xed,0x21,0xed,0x21,0xed,0x21,0xed,0x21,0xed,0x21,0xed,
0x31,0x26,0x31,0x26,0x31,0x26,0x31,0x26,0x31,0x26,0x31,0x26,0x31,0x26,0x31,0x26,0x31,0x26,0x31,0x26,0x31,0x1e,0x31,0x26,0x31,0x26,0x31,0x26,0x31,0x1e,0x31,0x26,
0x31,0x26,0x31,0x26,0x31,0x1e,0x31,0x26,0x31,0x26,0x31,0x26,0x31,0x1e,0x31,0x26,0x31,0x26,0x31,0x26,0x31,0x1e,0x31,0x26,0x31,0x26,0x31,0x26,0x31,0x1e,0x31,0x26,
0x31,0x1e,0x31,0x26,0x31,0x1e,0x31,0x26,0x31,0x1e,0x31,0x26,0x31,0x1e,0x31,0x26,0x31,0x1e,0x31,0x26,0x31,0x1e,0x31,0x26,0x11,0x1e,0x31,0x26,0x11,0x1e,0x31,0x26,
0x11,0x1e,0x31,0x26,0x11,0x1e,0x31,0x26,0x11,0x1e,0x31,0x26,0x11,0x1e,0x31,0x26,0x11,0x1e,0x31,0x26,0x10,0x1e,0x31,0x1e,0x11,0x1e,0x31,0x26,0x10,0x1e,0x11,0x1e,
0x10,0x1e,0x11,0x1e,0x10,0x1e,0x11,0x1e,0x10,0x1e,0x11,0x1e,0x10,0x1e,0x11,0x1e,0xf0,0x1d,0x11,0x1e,0xf0,0x15,0x11,0x1e,0xf0,0x15,0x11,0x1e,0xf0,0x15,0xf0,0x1d,
0xf0,0x15,0xf0,0x1d,0xd0,0x15,0xf0,0x15,0xd0,0x15,0xd0,0x15,0xcf,0x0d,0xd0,0x15,0xaf,0x0d,0xcf,0x1d,0xae,0x1d,0xce,0x2d,0xac,0x35,0xac,0x45,0xab,0x4d,0xaa,0x5d,
0xa9,0x65,0xa9,0x75,0xa8,0x75,0xa8,0x85,0x87,0x85,0xa7,0x95,0x86,0x95,0xa6,0xa5,0x85,0xa5,0xa5,0xad,0x84,0xad,0xa4,0xbd,0x83,0xbd,0xa3,0xc5,0x83,0xc5,0x83,0xcd,
0x82,0xcd,0x82,0xd5,0x82,0xcd,0x82,0xd5,0x81,0xd5,0x82,0xdd,0x81,0xdd,0x81,0xe5,0x81,0xdd,0x81,0xe5,0x80,0xe5,0x81,0xed,0x80,0xe5,0x81,0xed,0x60,0xe5,0x81,0xed,
0x60,0xe5,0x81,0xed,0x60,0xe5,0x61,0xed,0x60,0xe5,0x61,0xed,0x60,0xe5,0x61,0xed,0x40,0xed,0x61,0xed,0x40,0xe5,0x61,0xed,0x40,0xed,0x61,0xed,0x40,0xe5,0x41,0xed,
0x40,0xed,0x41,0xed,0x40,0xe5,0x41,0xed,0x40,0xed,0x41,0xed,0x20,0xed,0x41,0xed,0x20,0xed,0x41,0xed,0x20,0xed,0x41,0xed,0x20,0xed,0x41,0xed,0x20,0xed,0x41,0xed,
0x20,0xed,0x41,0xed,0x20,0xed,0x21,0xed,0x20,0xed,0x21,0xed,0x20,0xed,0x21,0xed,0x20,0xed,0x21,0xed,0x20,0xed,0x21,0xed,0x20,0xed,0x21,0xed,0x20,0xed,0x21,0xed,
0x20,0xed,0x21,0xed,0x20,0xed,0x21,0xed,0x00,0xed,0x21,0xed,0x00,0xed,0x21,0xed,0x52,0x26,0x31,0x26,0x52,0x26,0x31,0x26,0x52,0x26,0x31,0x26,0x52,0x26,0x31,0x26,
0x52,0x26,0x31,0x26,0x52,0x26,0x31,0x26,0x52,0x26,0x31,0x26,0x52,0x26,0x31,0x26,0x52,0x26,0x31,0x26,0x52,0x26,0x31,0x26,0x52,0x26,0x31,0x26,0x52,0x26,0x31,0x26,
0x52,0x26,0x31,0x26,0x51,0x26,0x31,0x26,0x32,0x26,0x31,0x26,0x31,0x26,0x31,0x26,0x32,0x26,0x31,0x26,0x31,0x26,0x31,0x26,0x32,0x26,0x31,0x26,0x31,0x26,0x31,0x26,
0x32,0x26,0x31,0x26,0x31,0x26,0x31,0x26,0x32,0x26,0x31,0x26,0x31,0x26,0x31,0x26,0x31,0x26,0x31,0x26,0x31,0x26,0x31,0x1e,0x31,0x26,0x31,0x26,0x31,0x26,0x31,0x1e,
0x31,0x26,0x31,0x1e,0x31,0x26,0x11,0x1e,0x31,0x26,0x11,0x1e,0x31,0x26,0x11,0x1e,0x31,0x26,0x11,0x1e,0x31,0x26,0x11,0x1e,0x31,0x26,0x11,0x1e,0x11,0x1e,0x10,0x1e,
0x11,0x1e,0x11,0x1e,0x11,0x1e,0x10,0x1e,0x11,0x1e,0xf0,0x1d,0x11,0x1e,0xf0,0x15,0x11,0x1e,0xf0,0x15,0xf0,0x1d,0xf0,0x15,0xf0,0x1d,0xd0,0x15,0xf0,0x15,0xd0,0x0d,
0xd0,0x15,0xaf,0x15,0xcf,0x25,0xad,0x2d,0xcd,0x3d,0xac,0x45,0xcb,0x55,0xaa,0x5d,0xaa,0x6d,0xa9,0x75,0xa8,0x85,0xa7,0x85,0xa7,0x95,0xa6,0x95,0xa6,0xa5,0x85,0xa5,
0xa5,0xb5,0x84,0xb5,0xa4,0xbd,0x83,0xbd,0xa4,0xc5,0x83,0xc5,0xa3,0xcd,0x82,0xcd,0xa3,0xd5,0x82,0xd5,0xa2,0xdd,0x81,0xdd,0xa2,0xe5,0x81,0xdd,0xa1,0xe5,0x81,0xe5,
0xa1,0xed,0x80,0xe5,0x81,0xed,0x80,0xed,0x81,0xed,0x80,0xed,0x81,0xed,0x60,0xed,0x81,0xed,0x60,0xed,0x61,0xed,0x60,0xed,0x61,0xed,0x61,0xed,0x61,0xed,0x40,0xed,
0x61,0xed,0x41,0xed,0x61,0xed,0x40,0xed,0x61,0xed,0x41,0xed,0x41,0xed,0x40,0xed,0x41,0xed,0x41,0xed,0x41,0xed,0x41,0xed,0x41,0xed,0x41,0xed,0x41,0xed,0x21,0xed,
0x41,0xed,0x21,0xed,0x41,0xed,0x21,0xed,0x41,0xed,0x21,0xed,0x41,0xed,0x21,0xed,0x41,0xed,0x21,0xed,0x41,0xed,0x21,0xed,0x21,0xed,0x21,0xed,0x21,0xed,0x21,0xed,
0x21,0xed,0x21,0xed,0x21,0xed,0x21,0xed,0x21,0xf5,0x21,0xed,0x21,0xed,0x21,0xed,0x21,0xf5,0x21,0xed,0x21,0xed,0x21,0xed,0x21,0xf5,0x21,0xed,0x21,0xed,0x21,0xed,
0x31,0x26,0x31,0x26,0x31,0x26,0x31,0x26,0x31,0x26,0x31,0x26,0x31,0x26,0x31,0x26,0x31,0x26,0x31,0x26,0x31,0x26,0x31,0x26,0x31,0x26,0x31,0x26,0x31,0x26,0x31,0x26,
0x31,0x26,0x31,0x26,0x31,0x26,0x31,0x26,0x31,0x1e,0x31,0x26,0x31,0x26,0x31,0x26,0x31,0x1e,0x31,0x26,0x31,0x26,0x31,0x26,0x31,0x1e,0x31,0x26,0x31,0x26,0x31,0x26,
0x31,0x1e,0x31,0x26,0x31,0x26,0x31,0x26,0x31,0x1e,0x31,0x26,0x31,0x26,0x31,0x26,0x31,0x1e,0x31,0x26,0x31,0x1e,0x31,0x26,0x31,0x1e,0x31,0x26,0x31,0x1e,0x31,0x26,
0x31,0x1e,0x31,0x26,0x31,0x1e,0x31,0x26,0x11,0x1e,0x31,0x26,0x11,0x1e,0x31,0x26,0x11,0x1e,0x31,0x26,0x11,0x1e,0x31,0x26,0x11,0x1e,0x31,0x26,0x11,0x1e,0x31,0x26,
0x10,0x1e,0x31,0x1e,0x11,0x1e,0x11,0x26,0x10,0x1e,0x11,0x1e,0x10,0x1e,0x11,0x1e,0x10,0x1e,0x11,0x1e,0x10,0x1e,0x11,0x1e,0xf0,0x15,0x11,0x1e,0xf0,0x15,0x11,0x1e,
0xf0,0x15,0xf0,0x1d,0xf0,0x15,0xf0,0x15,0xd0,0x15,0xf0,0x15,0xd0,0x15,0xd0,0x15,0xaf,0x0d,0xcf,0x15,0xae,0x1d,0xce,0x2d,0xac,0x35,0xac,0x4d,0xaa,0x55,0xaa,0x65,
0xa9,0x6d,0xa8,0x7d,0x87,0x85,0xa7,0x8d,0x86,0x95,0xa6,0x9d,0x85,0xa5,0xa5,0xad,0x84,0xad,0xa4,0xbd,0x83,0xbd,0xa3,0xc5,0x82,0xc5,0x83,0xcd,0x82,0xcd,0x82,0xd5,
0x81,0xd5,0x82,0xdd,0x81,0xdd,0x81,0xe5,0x80,0xdd,0x81,0xe5,0x80,0xe5,0x81,0xed,0x80,0xe5,0x81,0xed,0x60,0xe5,0x81,0xed,0x60,0xe5,0x61,0xed,0x60,0xe5,0x61,0xed,
0x60,0xe5,0x61,0xed,0x40,0xed,0x61,0xed,0x40,0xe5,0x61,0xed,0x40,0xed,0x41,0xed,0x40,0xe5,0x41,0xed,0x40,0xed,0x41,0xed,0x40,0xed,0x41,0xed,0x20,0xed,0x41,0xed,
0x20,0xed,0x41,0xed,0x20,0xed,0x41,0xed,0x20,0xed,0x41,0xed,0x20,0xed,0x41,0xed,0x20,0xed,0x21,0xed,0x20,0xed,0x21,0xed,0x20,0xed,0x21,0xed,0x20,0xed,0x21,0xed,
0x20,0xed,0x21,0xed,0x20,0xed,0x21,0xed,0x20,0xed,0x21,0xed,0x00,0xed,0x21,0xed,0x00,0xed,0x21,0xed,0x00,0xed,0x21,0xed,0x00,0xed,0x21,0xed,0x01,0xed,0x21,0xed,
0x00,0xed,0x21,0xed,0x01,0xed,0x21,0xed,0x00,0xed,0x21,0xed,0x01,0xed,0x21,0xed,0x52,0x26,0x31,0x26,0x52,0x26,0x31,0x26,0x52,0x26,0x31,0x26,0x52,0x26,0x31,0x26,
0x52,0x26,0x31,0x26,0x52,0x26,0x31,0x26,0x52,0x26,0x31,0x26,0x52,0x26,0x31,0x26,0x52,0x26,0x31,0x26,0x52,0x26,0x31,0x26,0x52,0x26,0x31,0x26,0x52,0x26,0x31,0x26,
0x52,0x26,0x31,0x26,0x52,0x26,0x31,0x26,0x52,0x26,0x31,0x26,0x52,0x26,0x31,0x26,0x52,0x26,0x31,0x26,0x52,0x26,0x31,0x26,0x51,0x26,0x31,0x26,0x32,0x26,0x31,0x26,
0x31,0x26,0x31,0x26,0x32,0x26,0x31,0x26,0x31,0x26,0x31,0x26,0x32,0x26,0x31,0x26,0x31,0x26,0x31,0x26,0x32,0x26,0x31,0x26,0x31,0x26,0x31,0x26,0x32,0x26,0x31,0x26,
0x31,0x26,0x31,0x1e,0x31,0x26,0x31,0x26,0x31,0x26,0x31,0x1e,0x31,0x26,0x31,0x1e,0x31,0x26,0x11,0x1e,0x31,0x26,0x11,0x1e,0x31,0x26,0x11,0x1e,0x31,0x26,0x11,0x1e,
0x31,0x26,0x11,0x1e,0x11,0x26,0x11,0x1e,0x11,0x1e,0x10,0x1e,0x11,0x1e,0xf0,0x1d,0x11,0x1e,0xf0,0x15,0x11,0x1e,0xf0,0x15,0xf0,0x1d,0xd0,0x15,0xf0,0x15,0xd0,0x15,
0xd0,0x15,0xaf,0x0d,0xcf,0x25,0xad,0x2d,0xcd,0x3d,0xab,0x4d,0xcb,0x5d,0xaa,0x65,0xa9,0x75,0xa8,0x7d,0xa8,0x8d,0xa6,0x95,0xa6,0x9d,0x85,0xa5,0xa5,0xb5,0x84,0xb5,
0xa4,0xbd,0x83,0xbd,0xa3,0xcd,0x83,0xcd,0xa3,0xd5,0x82,0xd5,0xa2,0xdd,0x81,0xdd,0xa2,0xdd,0x81,0xdd,0xa1,0xe5,0x81,0xe5,0xa1,0xed,0x80,0xed,0x81,0xed,0x80,0xed,
0x81,0xed,0x60,0xed,0x81,0xed,0x60,0xed,0x61,0xed,0x60,0xed,0x61,0xed,0x61,0xed,0x61,0xed,0x40,0xed,0x61,0xed,0x41,0xed,0x61,0xed,0x40,0xed,0x41,0xed,0x41,0xed,
0x41,0xed,0x40,0xed,0x41,0xed,0x41,0xed,0x41,0xed,0x41,0xed,0x41,0xed,0x21,0xed,0x41,0xed,0x21,0xed,0x41,0xed,0x21,0xed,0x41,0xed,0x21,0xed,0x41,0xed,0x21,0xed,
0x41,0xed,0x21,0xed,0x21,0xed,0x21,0xed,0x21,0xed,0x21,0xed,0x21,0xf5,0x21,0xed,0x21,0xed,0x21,0xed,0x21,0xf5,0x21,0xed,0x21,0xed,0x21,0xed,0x21,0xf5,0x21,0xed,
0x21,0xed,0x01,0xed,0x21,0xf5,0x01,0xed,0x21,0xed,0x01,0xed,0x21,0xf5,0x01,0xed,0x21,0xed,0x01,0xed,0x21,0xf5,0x01,0xed,0x21,0xed,0x01,0xed,0x21,0xf5,0x01,0xed,
0x31,0x26,0x51,0x26,0x31,0x26,0x51,0x26,0x31,0x26,0x51,0x26,0x31,0x26,0x31,0x26,0x31,0x26,0x31,0x26,0x31,0x26,0x31,0x26,0x31,0x26,0x31,0x26,0x31,0x26,0x31,0x26,
0x31,0x26,0x31,0x26,0x31,0x26,0x31,0x26,0x31,0x26,0x31,0x26,0x31,0x26,0x31,0x26,0x31,0x26,0x31,0x26,0x31,0x26,0x31,0x26,0x31,0x26,0x31,0x26,0x31,0x26,0x31,0x26,
0x31,0x26,0x31,0x26,0x31,0x1e,0x31,0x26,0x31,0x26,0x31,0x26,0x31,0x1e,0x31,0x26,0x31,0x26,0x31,0x26,0x31,0x1e,0x31,0x26,0x31,0x26,0x31,0x26,0x31,0x1e,0x31,0x26,
0x31,0x26,0x31,0x26,0x31,0x1e,0x31,0x26,0x31,0x1e,0x31,0x26,0x31,0x1e,0x31,0x26,0x31,0x1e,0x31,0x26,0x11,0x1e,0x31,0x26,0x11,0x1e,0x31,0x26,0x11,0x1e,0x31,0x26,
0x11,0x1e,0x31,0x26,0x11,0x1e,0x31,0x26,0x11,0x1e,0x31,0x26,0x10,0x1e,0x31,0x1e,0x10,0x1e,0x11,0x1e,0x10,0x1e,0x11,0x1e,0x10,0x1e,0x11,0x1e,0xf0,0x1d,0x11,0x1e,
0xf0,0x15,0x11,0x1e,0xf0,0x15,0xf0,0x1d,0xf0,0x15,0xf0,0x15,0xd0,0x15,0xd0,0x15,0xcf,0x0d,0xd0,0x15,0xae,0x1d,0xce,0x2d,0xac,0x3d,0xac,0x4d,0xaa,0x5d,0xa9,0x6d,
0xa8,0x75,0xa8,0x85,0x86,0x8d,0xa6,0x9d,0x85,0xa5,0xa5,0xad,0x84,0xb5,0xa4,0xbd,0x83,0xbd,0x83,0xcd,0x82,0xcd,0x82,0xd5,0x82,0xd5,0x82,0xdd,0x81,0xdd,0x81,0xe5,
0x81,0xe5,0x81,0xe5,0x80,0xe5,0x81,0xed,0x60,0xe5,0x81,0xed,0x60,0xe5,0x61,0xed,0x60,0xe5,0x61,0xed,0x60,0xe5,0x61,0xed,0x40,0xed,0x61,0xed,0x40,0xe5,0x41,0xed,
0x40,0xed,0x41,0xed,0x40,0xe5,0x41,0xed,0x40,0xed,0x41,0xed,0x20,0xed,0x41,0xed,0x20,0xed,0x41,0xed,0x20,0xed,0x41,0xed,0x20,0xed,0x21,0xed,0x20,0xed,0x21,0xed,
0x20,0xed,0x21,0xed,0x20,0xed,0x21,0xed,0x20,0xed,0x21,0xed,0x20,0xed,0x21,0xed,0x20,0xed,0x21,0xed,0x00,0xed,0x21,0xed,0x00,0xed,0x21,0xed,0x00,0xed,0x21,0xed,
0x01,0xed,0x21,0xed,0x00,0xed,0x21,0xed,0x01,0xed,0x21,0xed,0x00,0xed,0x21,0xed,0x01,0xed,0x21,0xed,0x00,0xed,0x21,0xed,0x01,0xed,0x01,0xed,0x00,0xed,0x01,0xed,
0x01,0xed,0x01,0xed,0x00,0xed,0x01,0xed,0x01,0xed,0x01,0xed,0x00,0xed,0x01,0xed,0x52,0x2e,0x31,0x26,0x52,0x26,0x31,0x26,0x52,0x2e,0x31,0x26,0x52,0x26,0x31,0x26,
0x52,0x26,0x31,0x26,0x52,0x26,0x31,0x26,0x52,0x26,0x31,0x26,0x52,0x26,0x31,0x26,0x52,0x26,0x31,0x26,0x52,0x26,0x31,0x26,0x52,0x26,0x31,0x26,0x52,0x26,0x31,0x26,
0x52,0x26,0x31,0x26,0x52,0x26,0x31,0x26,0x52,0x26,0x31,0x26,0x52,0x26,0x31,0x26,0x52,0x26,0x31,0x26,0x52,0x26,0x31,0x26,0x52,0x26,0x31,0x26,0x52,0x26,0x31,0x26,
0x52,0x26,0x31,0x26,0x52,0x26,0x31,0x26,0x52,0x26,0x31,0x26,0x52,0x26,0x31,0x26,0x52,0x26,0x31,0x26,0x31,0x26,0x31,0x26,0x32,0x26,0x31,0x26,0x31,0x26,0x31,0x26,
0x32,0x26,0x31,0x26,0x31,0x26,0x31,0x26,0x32,0x26,0x31,0x26,0x31,0x26,0x31,0x1e,0x31,0x26,0x31,0x26,0x31,0x26,0x31,0x1e,0x31,0x26,0x11,0x1e,0x31,0x26,0x11,0x1e,
0x31,0x26,0x11,0x1e,0x31,0x26,0x11,0x1e,0x31,0x26,0x11,0x1e,0x11,0x1e,0x10,0x1e,0x11,0x1e,0x10,0x1e,0x11,0x1e,0xf0,0x15,0xf1,0x1d,0xf0,0x15,0xf0,0x15,0xd0,0x15,
0xd0,0x15,0xd0,0x0d,0xcf,0x1d,0xad,0x2d,0xcd,0x45,0xab,0x4d,0xaa,0x65,0xa9,0x6d,0xa8,0x85,0xa7,0x8d,0xa6,0x9d,0x85,0xa5,0xa5,0xb5,0x84,0xb5,0xa4,0xbd,0x83,0xc5,
0xa3,0xcd,0x82,0xcd,0xa2,0xd5,0x81,0xd5,0xa2,0xe5,0x81,0xdd,0xa1,0xe5,0x80,0xe5,0xa1,0xed,0x80,0xed,0x81,0xed,0x60,0xed,0x81,0xed,0x60,0xed,0x61,0xed,0x60,0xed,
0x61,0xed,0x41,0xed,0x61,0xed,0x40,0xed,0x61,0xed,0x41,0xed,0x41,0xed,0x40,0xed,0x41,0xed,0x41,0xed,0x41,0xed,0x41,0xed,0x41,0xed,0x21,0xed,0x41,0xed,0x21,0xed,
0x41,0xed,0x21,0xed,0x41,0xed,0x21,0xed,0x41,0xed,0x21,0xed,0x21,0xed,0x21,0xed,0x21,0xed,0x21,0xed,0x21,0xed,0x21,0xed,0x21,0xf5,0x21,0xed,0x21,0xed,0x21,0xed,
0x21,0xf5,0x21,0xed,0x21,0xed,0x01,0xed,0x21,0xf5,0x01,0xed,0x21,0xed,0x01,0xed,0x21,0xf5,0x01,0xed,0x21,0xed,0x01,0xed,0x21,0xf5,0x01,0xed,0x21,0xed,0x01,0xed,
0x21,0xf5,0x01,0xed,0x21,0xed,0x01,0xed,0x21,0xf5,0x01,0xed,0x21,0xed,0x01,0xed,0x21,0xf5,0x01,0xed,0x01,0xed,0x01,0xed,0x01,0xf5,0x01,0xed,0x01,0xed,0x01,0xed,
0x31,0x26,0x51,0x26,0x31,0x26,0x52,0x26,0x31,0x26,0x51,0x26,0x31,0x26,0x52,0x26,0x31,0x26,0x51,0x26,0x31,0x26,0x52,0x26,0x31,0x26,0x51,0x26,0x31,0x26,0x52,0x26,
0x31,0x26,0x51,0x26,0x31,0x26,0x51,0x26,0x31,0x26,0x51,0x26,0x31,0x26,0x51,0x26,0x31,0x26,0x31,0x26,0x31,0x26,0x31,0x26,0x31,0x26,0x31,0x26,0x31,0x26,0x31,0x26,
0x31,0x26,0x31,0x26,0x31,0x26,0x31,0x26,0x31,0x26,0x31,0x26,0x31,0x26,0x31,0x26,0x31,0x26,0x31,0x26,0x31,0x26,0x31,0x26,0x31,0x26,0x31,0x26,0x31,0x26,0x31,0x26,
0x31,0x1e,0x31,0x26,0x31,0x26,0x31,0x26,0x31,0x1e,0x31,0x26,0x31,0x26,0x31,0x26,0x31,0x1e,0x31,0x26,0x31,0x1e,0x31,0x26,0x31,0x1e,0x31,0x26,0x31,0x1e,0x31,0x26,
0x31,0x1e,0x31,0x26,0x11,0x1e,0x31,0x26,0x11,0x1e,0x31,0x26,0x11,0x1e,0x31,0x26,0x10,0x1e,0x31,0x26,0x11,0x1e,0x31,0x26,0x10,0x1e,0x11,0x1e,0x10,0x1e,0x11,0x1e,
0x10,0x1e,0x11,0x1e,0xf0,0x1d,0x11,0x1e,0xf0,0x15,0xf0,0x1d,0xd0,0x15,0xf0,0x15,0xcf,0x0d,0xd0,0x15,0xaf,0x15,0xce,0x2d,0xac,0x3d,0xab,0x55,0xa9,0x65,0xa9,0x7d,
0x87,0x85,0xa6,0x95,0x85,0x9d,0xa5,0xad,0x84,0xb5,0xa3,0xbd,0x83,0xc5,0x83,0xcd,0x82,0xcd,0x82,0xdd,0x81,0xdd,0x81,0xe5,0x80,0xe5,0x81,0xed,0x80,0xe5,0x81,0xed,
0x60,0xe5,0x61,0xed,0x60,0xe5,0x61,0xed,0x40,0xe5,0x61,0xed,0x40,0xed,0x61,0xed,0x40,0xe5,0x41,0xed,0x40,0xed,0x41,0xed,0x20,0xed,0x41,0xed,0x20,0xed,0x41,0xed,
0x20,0xed,0x41,0xed,0x20,0xed,0x21,0xed,0x20,0xed,0x21,0xed,0x20,0xed,0x21,0xed,0x20,0xed,0x21,0xed,0x20,0xed,0x21,0xed,0x20,0xed,0x21,0xed,0x00,0xed,0x21,0xed,
0x00,0xed,0x21,0xed,0x01,0xed,0x21,0xed,0x00,0xed,0x21,0xed,0x01,0xed,0x21,0xed,0x00,0xed,0x21,0xed,0x01,0xed,0x21,0xed,0x00,0xed,0x01,0xed,0x01,0xed,0x01,0xed,
0x00,0xed,0x01,0xed,0x01,0xed,0x01,0xed,0x00,0xed,0x01,0xed,0x01,0xed,0x01,0xed,0x00,0xed,0x01,0xed,0x01,0xed,0x01,0xed,0x00,0xed,0x01,0xed,0x01,0xed,0x01,0xed,
0x00,0xed,0x01,0xed,0x01,0xed,0x01,0xed,0x00,0xed,0x01,0xed,0x01,0xed,0x01,0xed,0x52,0x26,0x31,0x26,0x52,0x2e,0x31,0x26,0x52,0x26,0x31,0x26,0x52,0x2e,0x31,0x26,
0x52,0x26,0x31,0x26,0x52,0x2e,0x31,0x26,0x52,0x26,0x31,0x26,0x52,0x2e,0x31,0x26,0x52,0x26,0x31,0x26,0x52,0x2e,0x31,0x26,0x52,0x26,0x31,0x26,0x52,0x2e,0x31,0x26,
0x52,0x26,0x31,0x26,0x52,0x26,0x31,0x26,0x52,0x26,0x31,0x26,0x52,0x26,0x31,0x26,0x52,0x26,0x31,0x26,0x52,0x26,0x31,0x26,0x52,0x26,0x31,0x26,0x52,0x26,0x31,0x26,
0x52,0x26,0x31,0x26,0x52,0x26,0x31,0x26,0x52,0x26,0x31,0x26,0x52,0x26,0x31,0x26,0x52,0x26,0x31,0x26,0x52,0x26,0x31,0x26,0x52,0x26,0x31,0x26,0x52,0x26,0x31,0x26,
0x52,0x26,0x31,0x26,0x52,0x26,0x31,0x26,0x31,0x26,0x31,0x26,0x32,0x26,0x31,0x26,0x31,0x26,0x31,0x26,0x32,0x26,0x31,0x26,0x31,0x26,0x31,0x1e,0x31,0x26,0x31,0x26,
0x31,0x26,0x31,0x1e,0x31,0x26,0x11,0x1e,0x31,0x26,0x11,0x1e,0x31,0x26,0x11,0x1e,0x31,0x1e,0x10,0x1e,0x11,0x1e,0x10,0x1e,0x11,0x1e,0xf0,0x15,0xf1,0x1d,0xf0,0x15,
0xf0,0x15,0xd0,0x15,0xd0,0x15,0xae,0x25,0xcd,0x45,0xaa,0x55,0xaa,0x6d,0xa8,0x7d,0xa7,0x95,0xa5,0x9d,0xa5,0xb5,0x84,0xb5,0xa4,0xc5,0x82,0xcd,0xa3,0xd5,0x82,0xd5,
0xa2,0xdd,0x81,0xdd,0xa1,0xed,0x80,0xed,0x81,0xed,0x60,0xed,0x81,0xed,0x60,0xed,0x61,0xed,0x60,0xed,0x61,0xed,0x41,0xed,0x61,0xed,0x40,0xed,0x41,0xed,0x41,0xed,
0x41,0xed,0x41,0xed,0x41,0xed,0x21,0xed,0x41,0xed,0x21,0xed,0x41,0xed,0x21,0xed,0x41,0xed,0x21,0xed,0x21,0xed,0x21,0xed,0x21,0xed,0x21,0xed,0x21,0xf5,0x21,0xed,
0x21,0xed,0x21,0xed,0x21,0xf5,0x21,0xed,0x21,0xed,0x01,0xed,0x21,0xf5,0x01,0xed,0x21,0xed,0x01,0xed,0x21,0xf5,0x01,0xed,0x21,0xed,0x01,0xed,0x21,0xf5,0x01,0xed,
0x21,0xed,0x01,0xed,0x21,0xf5,0x01,0xed,0x21,0xed,0x01,0xed,0x01,0xf5,0x01,0xed,0x01,0xed,0x01,0xed,0x01,0xf5,0x01,0xed,0x01,0xed,0x01,0xed,0x01,0xf5,0x01,0xed,
0x01,0xed,0x01,0xed,0x01,0xf5,0x01,0xed,0x01,0xed,0x01,0xed,0x01,0xf5,0x01,0xed,0x01,0xf5,0x01,0xed,0x01,0xf5,0x01,0xed,0x01,0xf5,0x01,0xed,0x01,0xf5,0x01,0xed,
0x31,0x26,0x52,0x26,0x31,0x26,0x51,0x26,0x31,0x26,0x52,0x26,0x31,0x26,0x51,0x26,0x31,0x26,0x52,0x26,0x31,0x26,0x51,0x26,0x31,0x26,0x52,0x26,0x31,0x26,0x51,0x26,
0x31,0x26,0x52,0x26,0x31,0x26,0x51,0x26,0x31,0x26,0x52,0x26,0x31,0x26,0x51,0x26,0x31,0x26,0x52,0x26,0x31,0x26,0x51,0x26,0x31,0x26,0x52,0x26,0x31,0x26,0x51,0x26,
0x31,0x26,0x52,0x26,0x31,0x26,0x51,0x26,0x31,0x26,0x51,0x26,0x31,0x26,0x51,0x26,0x31,0x26,0x51,0x26,0x31,0x26,0x31,0x26,0x31,0x26,0x31,0x26,0x31,0x26,0x31,0x26,
0x31,0x26,0x31,0x26,0x31,0x26,0x31,0x26,0x31,0x26,0x31,0x26,0x31,0x26,0x31,0x26,0x31,0x26,0x31,0x26,0x31,0x1e,0x31,0x26,0x31,0x26,0x31,0x26,0x31,0x1e,0x31,0x26,
0x31,0x26,0x31,0x26,0x31,0x1e,0x31,0x26,0x31,0x1e,0x31,0x26,0x31,0x1e,0x31,0x26,0x11,0x1e,0x31,0x26,0x11,0x1e,0x31,0x26,0x11,0x1e,0x31,0x26,0x10,0x1e,0x31,0x1e,
0x11,0x1e,0x11,0x1e,0x10,0x1e,0x11,0x1e,0xf0,0x1d,0x11,0x1e,0xf0,0x15,0xf0,0x15,0xd0,0x15,0xd0,0x15,0xaf,0x0d,0xce,0x25,0xac,0x3d,0xaa,0x5d,0xa8,0x75,0xa7,0x8d,
0x85,0x9d,0xa5,0xad,0x83,0xb5,0xa3,0xc5,0x82,0xcd,0x82,0xd5,0x81,0xdd,0x81,0xe5,0x80,0xe5,0x81,0xed,0x60,0xe5,0x81,0xed,0x60,0xe5,0x61,0xed,0x40,0xe5,0x61,0xed,
0x40,0xed,0x41,0xed,0x40,0xe5,0x41,0xed,0x20,0xed,0x41,0xed,0x20,0xed,0x41,0xed,0x20,0xed,0x21,0xed,0x20,0xed,0x21,0xed,0x20,0xed,0x21,0xed,0x20,0xed,0x21,0xed,
0x00,0xed,0x21,0xed,0x00,0xed,0x21,0xed,0x01,0xed,0x21,0xed,0x00,0xed,0x21,0xed,0x01,0xed,0x21,0xed,0x00,0xed,0x01,0xed,0x01,0xed,0x01,0xed,0x00,0xed,0x01,0xed,
0x01,0xed,0x01,0xed,0x00,0xed,0x01,0xed,0x01,0xed,0x01,0xed,0x00,0xed,0x01,0xed,0x01,0xed,0x01,0xed,0x00,0xed,0x01,0xed,0x01,0xed,0x01,0xed,0x00,0xed,0x01,0xed,
0x01,0xed,0x01,0xed,0xe0,0xec,0x01,0xed,0xe1,0xec,0x01,0xed,0xe0,0xec,0x01,0xed,0xe1,0xec,0x01,0xed,0xe0,0xec,0x01,0xed,0xe1,0xec,0x01,0xed,0xe0,0xec,0x01,0xed,
0xe1,0xec,0x01,0xed,0xe0,0xec,0x01,0xed,0xe1,0xec,0x01,0xed,0xe0,0xec,0x01,0xed,0x52,0x2e,0x31,0x26,0x52,0x26,0x31,0x26,0x52,0x2e,0x31,0x26,0x52,0x26,0x31,0x26,
0x52,0x2e,0x31,0x26,0x52,0x26,0x31,0x26,0x52,0x2e,0x31,0x26,0x52,0x26,0x31,0x26,0x52,0x2e,0x31,0x26,0x52,0x26,0x31,0x26,0x52,0x2e,0x31,0x26,0x52,0x26,0x31,0x26,
0x52,0x2e,0x31,0x26,0x52,0x26,0x31,0x26,0x52,0x2e,0x31,0x26,0x52,0x26,0x31,0x26,0x52,0x2e,0x31,0x26,0x52,0x26,0x31,0x26,0x52,0x2e,0x31,0x26,0x52,0x26,0x31,0x26,
0x52,0x2e,0x31,0x26,0x52,0x26,0x31,0x26,0x52,0x2e,0x31,0x26,0x52,0x26,0x31,0x26,0x52,0x26,0x31,0x26,0x52,0x26,0x31,0x26,0x52,0x26,0x31,0x26,0x52,0x26,0x31,0x26,
0x52,0x26,0x31,0x26,0x52,0x26,0x31,0x26,0x52,0x26,0x31,0x26,0x52,0x26,0x31,0x26,0x52,0x26,0x31,0x26,0x52,0x26,0x31,0x26,0x52,0x26,0x31,0x26,0x31,0x26,0x31,0x26,
0x32,0x26,0x31,0x26,0x31,0x26,0x31,0x26,0x31,0x26,0x31,0x26,0x31,0x26,0x31,0x1e,0x31,0x26,0x11,0x1e,0x31,0x26,0x11,0x1e,0x11,0x26,0x11,0x1e,0x11,0x1e,0xf0,0x15,
0xf1,0x1d,0xd0,0x15,0xd0,0x15,0xae,0x25,0xcc,0x4d,0xaa,0x65,0xa8,0x85,0xa6,0x9d,0xa5,0xb5,0x84,0xbd,0xa3,0xcd,0x82,0xd5,0xa2,0xdd,0x81,0xe5,0xa1,0xed,0x80,0xed,
0x81,0xed,0x60,0xed,0x61,0xed,0x60,0xed,0x61,0xed,0x41,0xed,0x41,0xed,0x40,0xed,0x41,0xed,0x21,0xed,0x41,0xed,0x21,0xed,0x41,0xed,0x21,0xed,0x21,0xed,0x21,0xed,
0x21,0xf5,0x21,0xed,0x21,0xed,0x21,0xed,0x21,0xf5,0x01,0xed,0x21,0xed,0x01,0xed,0x21,0xf5,0x01,0xed,0x21,0xed,0x01,0xed,0x21,0xf5,0x01,0xed,0x21,0xed,0x01,0xed,
0x21,0xf5,0x01,0xed,0x01,0xed,0x01,0xed,0x01,0xf5,0x01,0xed,0x01,0xed,0x01,0xed,0x01,0xf5,0x01,0xed,0x01,0xed,0x01,0xed,0x01,0xf5,0x01,0xed,0x01,0xf5,0x01,0xed,
0x01,0xf5,0x01,0xed,0x01,0xf5,0x01,0xed,0x01,0xf5,0x01,0xed,0x01,0xf5,0x01,0xed,0x01,0xf5,0x01,0xed,0x01,0xf5,0x01,0xed,0x01,0xf5,0xe1,0xec,0x01,0xf5,0xe1,0xec,
0x01,0xf5,0xe1,0xec,0x01,0xf5,0xe1,0xec,0x01,0xf5,0xe1,0xec,0x01,0xf5,0xe1,0xec,0x01,0xf5,0xe1,0xec,0x01,0xf5,0xe1,0xec,0x01,0xf5,0xe1,0xec,0x01,0xf5,0xe1,0xec,
0x31,0x26,0x51,0x26,0x31,0x26,0x52,0x26,0x31,0x26,0x51,0x26,0x31,0x26,0x52,0x26,0x31,0x26,0x51,0x26,0x31,0x26,0x52,0x26,0x31,0x26,0x51,0x26,0x31,0x26,0x52,0x26,
0x31,0x26,0x51,0x26,0x31,0x26,0x52,0x26,0x31,0x26,0x51,0x26,0x31,0x26,0x52,0x26,0x31,0x26,0x51,0x26,0x31,0x26,0x52,0x26,0x31,0x26,0x51,0x26,0x31,0x26,0x52,0x26,
0x31,0x26,0x51,0x26,0x31,0x26,0x52,0x26,0x31,0x26,0x51,0x26,0x31,0x26,0x52,0x26,0x31,0x26,0x51,0x26,0x31,0x26,0x52,0x26,0x31,0x26,0x51,0x26,0x31,0x26,0x52,0x26,
0x31,0x26,0x51,0x26,0x31,0x26,0x52,0x26,0x31,0x26,0x51,0x26,0x31,0x26,0x52,0x26,0x31,0x26,0x51,0x26,0x31,0x26,0x51,0x26,0x31,0x26,0x31,0x26,0x31,0x26,0x31,0x26,
0x31,0x26,0x31,0x26,0x31,0x26,0x31,0x26,0x31,0x26,0x31,0x26,0x31,0x26,0x31,0x26,0x31,0x1e,0x31,0x26,0x31,0x26,0x31,0x26,0x31,0x1e,0x31,0x26,0x31,0x1e,0x31,0x26,
0x11,0x1e,0x31,0x26,0x11,0x1e,0x31,0x26,0x10,0x1e,0x11,0x1e,0x10,0x1e,0x11,0x1e,0xf0,0x15,0xf0,0x15,0xcf,0x0d,0xcf,0x1d,0xab,0x45,0xa9,0x75,0x86,0x95,0xa5,0xad,
0x83,0xbd,0x82,0xcd,0x81,0xd5,0x81,0xe5,0x80,0xe5,0x81,0xed,0x60,0xe5,0x61,0xed,0x40,0xe5,0x41,0xed,0x40,0xed,0x41,0xed,0x20,0xed,0x41,0xed,0x20,0xed,0x21,0xed,
0x20,0xed,0x21,0xed,0x20,0xed,0x21,0xed,0x00,0xed,0x21,0xed,0x01,0xed,0x21,0xed,0x00,0xed,0x21,0xed,0x01,0xed,0x01,0xed,0x00,0xed,0x01,0xed,0x01,0xed,0x01,0xed,
0x00,0xed,0x01,0xed,0x01,0xed,0x01,0xed,0x00,0xed,0x01,0xed,0x01,0xed,0x01,0xed,0xe0,0xec,0x01,0xed,0xe1,0xec,0x01,0xed,0xe0,0xec,0x01,0xed,0xe1,0xec,0x01,0xed,
0xe0,0xec,0x01,0xed,0xe1,0xec,0x01,0xed,0xe0,0xec,0x01,0xed,0xe1,0xec,0x01,0xed,0xe0,0xec,0x01,0xed,0xe1,0xec,0x01,0xed,0xe1,0xec,0x01,0xed,0xe1,0xec,0x01,0xed,
0xe1,0xec,0x01,0xed,0xe1,0xec,0x01,0xed,0xe1,0xec,0x01,0xed,0xe1,0xec,0x01,0xed,0xe1,0xec,0x01,0xed,0xe1,0xec,0x01,0xed,0xe1,0xec,0xe1,0xec,0xe1,0xec,0xe1,0xec,
0xe1,0xec,0xe1,0xec,0xe1,0xec,0xe1,0xec,0xe1,0xec,0xe1,0xec,0xe1,0xec,0xe1,0xec,0x52,0x2e,0x51,0x26,0x52,0x2e,0x51,0x26,0x52,0x2e,0x51,0x26,0x52,0x2e,0x51,0x26,
0x52,0x2e,0x31,0x26,0x52,0x2e,0x31,0x26,0x52,0x2e,0x31,0x26,0x52,0x2e,0x31,0x26,0x52,0x2e,0x31,0x26,0x52,0x2e,0x31,0x26,0x52,0x2e,0x31,0x26,0x52,0x2e,0x31,0x26,
0x52,0x2e,0x31,0x26,0x52,0x2e,0x31,0x26,0x52,0x26,0x31,0x26,0x52,0x2e,0x31,0x26,0x52,0x26,0x31,0x26,0x52,0x2e,0x31,0x26,0x52,0x26,0x31,0x26,0x52,0x2e,0x31,0x26,
0x52,0x26,0x31,0x26,0x52,0x2e,0x31,0x26,0x52,0x26,0x31,0x26,0x52,0x2e,0x31,0x26,0x52,0x26,0x31,0x26,0x52,0x2e,0x31,0x26,0x52,0x26,0x31,0x26,0x52,0x2e,0x31,0x26,
0x52,0x26,0x31,0x26,0x52,0x2e,0x31,0x26,0x52,0x26,0x31,0x26,0x52,0x2e,0x31,0x26,0x52,0x26,0x31,0x26,0x52,0x2e,0x31,0x26,0x52,0x26,0x31,0x26,0x52,0x26,0x31,0x26,
0x52,0x26,0x31,0x26,0x52,0x26,0x31,0x26,0x52,0x26,0x31,0x26,0x52,0x26,0x31,0x26,0x31,0x26,0x31,0x26,0x32,0x26,0x31,0x26,0x31,0x26,0x11,0x1e,0x31,0x26,0x11,0x1e,
0x11,0x1e,0xf0,0x15,0xf0,0x1d,0xaf,0x15,0xcb,0x55,0xa7,0x85,0xa5,0xb5,0x83,0xc5,0xa2,0xdd,0x81,0xe5,0x81,0xed,0x60,0xed,0x61,0xed,0x40,0xed,0x41,0xed,0x41,0xed,
0x41,0xed,0x21,0xed,0x21,0xed,0x21,0xed,0x21,0xed,0x21,0xed,0x21,0xf5,0x01,0xed,0x21,0xed,0x01,0xed,0x21,0xf5,0x01,0xed,0x21,0xed,0x01,0xed,0x01,0xf5,0x01,0xed,
0x01,0xed,0x01,0xed,0x01,0xf5,0x01,0xed,0x01,0xf5,0x01,0xed,0x01,0xf5,0x01,0xed,0x01,0xf5,0x01,0xed,0x01,0xf5,0x01,0xed,0x01,0xf5,0xe1,0xec,0x01,0xf5,0xe1,0xec,
0x01,0xf5,0xe1,0xec,0x01,0xf5,0xe1,0xec,0x01,0xf5,0xe1,0xec,0x01,0xf5,0xe1,0xec,0x01,0xf5,0xe1,0xec,0x01,0xf5,0xe1,0xec,0x01,0xf5,0xe1,0xec,0x01,0xf5,0xe1,0xec,
0x01,0xf5,0xe1,0xec,0x01,0xf5,0xe1,0xec,0x01,0xf5,0xe1,0xec,0x01,0xf5,0xe1,0xec,0x01,0xf5,0xe1,0xec,0x01,0xf5,0xe1,0xec,0x01,0xf5,0xe1,0xec,0x01,0xf5,0xe1,0xec,
0x01,0xf5,0xe1,0xec,0x01,0xf5,0xe1,0xec,0x01,0xf5,0xe1,0xec,0x01,0xf5,0xe1,0xec,0x01,0xf5,0xe1,0xec,0x01,0xf5,0xe1,0xec,0x01,0xf5,0xe1,0xec,0x01,0xf5,0xe1,0xec,
0x31,0x26,0x52,0x26,0x31,0x26,0x51,0x26,0x31,0x26,0x52,0x26,0x31,0x26,0x51,0x26,0x31,0x26,0x52,0x26,0x31,0x26,0x51,0x26,0x31,0x26,0x52,0x26,0x31,0x26,0x51,0x26,
0x31,0x26,0x52,0x26,0x31,0x26,0x51,0x26,0x31,0x26,0x52,0x26,0x31,0x26,0x51,0x26,0x31,0x26,0x52,0x26,0x31,0x26,0x51,0x26,0x31,0x26,0x52,0x26,0x31,0x26,0x51,0x26,
0x31,0x26,0x52,0x26,0x31,0x26,0x51,0x26,0x31,0x26,0x52,0x26,0x31,0x26,0x51,0x26,0x31,0x26,0x52,0x26,0x31,0x26,0x51,0x26,0x31,0x26,0x52,0x26,0x31,0x26,0x51,0x26,
0x31,0x26,0x52,0x26,0x31,0x26,0x51,0x26,0x31,0x26,0x52,0x26,0x31,0x26,0x51,0x26,0x31,0x26,0x52,0x26,0x31,0x26,0x51,0x26,0x31,0x26,0x52,0x26,0x31,0x26,0x51,0x26,
0x31,0x26,0x52,0x26,0x31,0x26,0x51,0x26,0x31,0x26,0x52,0x26,0x31,0x26,0x51,0x26,0x31,0x26,0x52,0x26,0x31,0x26,0x51,0x26,0x31,0x26,0x51,0x26,0x31,0x26,0x31,0x26,
0x31,0x26,0x31,0x26,0x31,0x26,0x31,0x26,0x31,0x26,0x31,0x26,0x31,0x1e,0x31,0x26,0x11,0x1e,0x11,0x1e,0xf0,0x15,0xd0,0x15,0xa9,0x65,0xa5,0xad,0x82,0xcd,0x81,0xed,
0x60,0xe5,0x61,0xed,0x20,0xed,0x41,0xed,0x20,0xed,0x21,0xed,0x00,0xed,0x21,0xed,0x01,0xed,0x01,0xed,0x00,0xed,0x01,0xed,0x01,0xed,0x01,0xed,0x00,0xed,0x01,0xed,
0xe1,0xec,0x01,0xed,0xe0,0xec,0x01,0xed,0xe1,0xec,0x01,0xed,0xe0,0xec,0x01,0xed,0xe1,0xec,0x01,0xed,0xe1,0xec,0x01,0xed,0xe1,0xec,0x01,0xed,0xe1,0xec,0xe1,0xec,
0xe1,0xec,0xe1,0xec,0xe1,0xec,0xe1,0xec,0xe1,0xec,0xe1,0xec,0xe1,0xec,0xe1,0xec,0xe1,0xec,0xe1,0xec,0xe1,0xec,0xe1,0xec,0xe1,0xec,0xe1,0xec,0xe1,0xec,0xe1,0xec,
0xe1,0xec,0xe1,0xec,0xe1,0xec,0xe1,0xec,0xe1,0xec,0xe1,0xec,0xe1,0xec,0xe1,0xec,0xe1,0xec,0xe1,0xec,0xe1,0xec,0xe1,0xec,0xe1,0xec,0xe1,0xec,0xe1,0xec,0xe1,0xec,
0xe1,0xec,0xe1,0xec,0xe1,0xec,0xe1,0xec,0xe1,0xec,0xe1,0xec,0xe1,0xec,0xe1,0xec,0xe1,0xec,0xe1,0xec,0xe1,0xec,0xe1,0xec,0xe1,0xec,0xe1,0xec,0xe1,0xec,0xe1,0xec,
0xe1,0xec,0xe1,0xec,0xe1,0xec,0xe1,0xec,0xe1,0xec,0xe1,0xec,0xe1,0xec,0xe1,0xec,0x52,0x2e,0x51,0x26,0x52,0x2e,0x51,0x26,0x52,0x2e,0x51,0x26,0x52,0x2e,0x51,0x26,
0x52,0x2e,0x51,0x26,0x52,0x2e,0x51,0x26,0x52,0x2e,0x51,0x26,0x52,0x2e,0x51,0x26,0x52,0x2e,0x51,0x26,0x52,0x2e,0x51,0x26,0x52,0x2e,0x51,0x26,0x52,0x2e,0x51,0x26,
0x52,0x2e,0x51,0x26,0x52,0x2e,0x51,0x26,0x52,0x2e,0x51,0x26,0x52,0x2e,0x51,0x26,0x52,0x2e,0x51,0x26,0x52,0x2e,0x51,0x26,0x52,0x2e,0x51,0x26,0x52,0x2e,0x51,0x26,
0x52,0x2e,0x51,0x26,0x52,0x2e,0x51,0x26,0x52,0x2e,0x51,0x26,0x52,0x2e,0x51,0x26,0x52,0x2e,0x51,0x26,0x52,0x2e,0x51,0x26,0x52,0x2e,0x51,0x26,0x52,0x2e,0x51,0x26,
0x52,0x2e,0x51,0x26,0x52,0x2e,0x51,0x26,0x52,0x2e,0x51,0x26,0x52,0x2e,0x51,0x26,0x52,0x2e,0x51,0x26,0x52,0x2e,0x51,0x26,0x52,0x2e,0x51,0x26,0x52,0x2e,0x51,0x26,
0x52,0x2e,0x51,0x26,0x52,0x2e,0x31,0x26,0x52,0x2e,0x31,0x26,0x52,0x2e,0x31,0x26,0x52,0x2e,0x31,0x26,0x52,0x26,0x31,0x26,0x52,0x2e,0x31,0x26,0x52,0x26,0x31,0x26,
0x52,0x26,0x31,0x26,0x31,0x26,0xf0,0x15,0xa5,0xb5,0x60,0xed,0x41,0xed,0x21,0xed,0x21,0xf5,0x01,0xed,0x01,0xf5,0x01,0xed,0x01,0xf5,0xe1,0xec,0x01,0xf5,0xe1,0xec,
0x01,0xf5,0xe1,0xec,0x01,0xf5,0xe1,0xec,0x01,0xf5,0xe1,0xec,0x01,0xf5,0xe1,0xec,0xe1,0xf4,0xe1,0xec,0xe1,0xf4,0xe1,0xec,0xe1,0xf4,0xe1,0xec,0xe1,0xf4,0xe1,0xec,
0xe1,0xf4,0xe1,0xec,0xe1,0xf4,0xe1,0xec,0xe1,0xf4,0xe1,0xec,0xe1,0xf4,0xe1,0xec,0xe1,0xf4,0xe1,0xec,0xe1,0xf4,0xe1,0xec,0xe1,0xf4,0xe1,0xec,0xe1,0xf4,0xe1,0xec,
0xe1,0xf4,0xe1,0xec,0xe1,0xf4,0xe1,0xec,0xe1,0xf4,0xe1,0xec,0xe1,0xf4,0xe1,0xec,0xe1,0xf4,0xe1,0xec,0xe1,0xf4,0xe1,0xec,0xe1,0xf4,0xe1,0xec,0xe1,0xf4,0xe1,0xec,
0xe1,0xf4,0xe1,0xec,0xe1,0xf4,0xe1,0xec,0xe1,0xf4,0xe1,0xec,0xe1,0xf4,0xe1,0xec,0xe1,0xf4,0xe1,0xec,0xe1,0xf4,0xe1,0xec,0xe1,0xf4,0xe1,0xec,0xe1,0xf4,0xe1,0xec,
0xe1,0xf4,0xe1,0xec,0xe1,0xf4,0xe1,0xec,0xe1,0xf4,0xe1,0xec,0xe1,0xf4,0xe1,0xec,0xe1,0xf4,0xe1,0xec,0xe1,0xf4,0xe1,0xec,0xe1,0xf4,0xe1,0xec,0xe1,0xf4,0xe1,0xec,
0x31,0x26,0x52,0x26,0x31,0x26,0x52,0x26,0x31,0x26,0x52,0x26,0x31,0x26,0x52,0x26,0x31,0x26,0x52,0x26,0x31,0x26,0x52,0x26,0x31,0x26,0x52,0x26,0x31,0x26,0x52,0x26,
0x31,0x26,0x52,0x26,0x31,0x26,0x52,0x26,0x31,0x26,0x52,0x26,0x31,0x26,0x52,0x26,0x31,0x26,0x52,0x26,0x31,0x26,0x52,0x26,0x31,0x26,0x52,0x26,0x31,0x26,0x52,0x26,
0x31,0x26,0x52,0x26,0x31,0x26,0x52,0x26,0x31,0x26,0x52,0x26,0x31,0x26,0x52,0x26,0x31,0x26,0x52,0x26,0x31,0x26,0x52,0x26,0x31,0x26,0x52,0x26,0x31,0x26,0x52,0x26,
0x31,0x26,0x52,0x26,0x31,0x26,0x52,0x26,0x31,0x26,0x52,0x26,0x31,0x26,0x52,0x26,0x31,0x26,0x52,0x26,0x31,0x26,0x52,0x26,0x31,0x26,0x52,0x26,0x31,0x26,0x52,0x26,
0x31,0x26,0x52,0x26,0x31,0x26,0x52,0x2e,0x31,0x26,0x52,0x26,0x31,0x26,0x52,0x2e,0x31,0x26,0x52,0x26,0x31,0x26,0x52,0x2e,0x31,0x26,0x52,0x26,0x31,0x26,0x52,0x2e,
0x31,0x26,0x52,0x26,0x51,0x26,0x52,0x2e,0x51,0x26,0x52,0x26,0x51,0x26,0x52,0x2e,0x51,0x26,0x52,0x2e,0x52,0x2e,0x93,0x36,0x82,0xf3,0x62,0xf4,0x81,0xec,0xa1,0xf4,
0xa1,0xec,0xc1,0xf4,0xa1,0xec,0xc1,0xf4,0xc1,0xec,0xc1,0xec,0xc1,0xec,0xc1,0xf4,0xc1,0xec,0xc1,0xec,0xc1,0xec,0xc1,0xf4,0xc1,0xec,0xe1,0xec,0xc1,0xec,0xe1,0xf4,
0xc1,0xec,0xe1,0xec,0xc1,0xec,0xe1,0xf4,0xc1,0xec,0xe1,0xec,0xc1,0xec,0xe1,0xf4,0xc1,0xec,0xe1,0xec,0xc1,0xec,0xe1,0xf4,0xc1,0xec,0xe1,0xec,0xc1,0xec,0xe1,0xf4,
0xc1,0xec,0xe1,0xec,0xc1,0xec,0xe1,0xf4,0xc1,0xec,0xe1,0xec,0xc1,0xec,0xe1,0xf4,0xc1,0xec,0xe1,0xec,0xc1,0xec,0xe1,0xf4,0xc1,0xec,0xe1,0xec,0xc1,0xec,0xe1,0xf4,
0xc1,0xec,0xe1,0xec,0xc1,0xec,0xe1,0xf4,0xc1,0xec,0xe1,0xec,0xc1,0xec,0xe1,0xf4,0xc1,0xec,0xe1,0xec,0xc1,0xec,0xe1,0xf4,0xc1,0xec,0xe1,0xec,0xc1,0xec,0xe1,0xf4,
0xc1,0xec,0xe1,0xec,0xc1,0xec,0xe1,0xf4,0xc1,0xec,0xe1,0xec,0xc1,0xec,0xe1,0xf4,0xc1,0xec,0xe1,0xec,0xc1,0xec,0xe1,0xf4,0xc1,0xec,0xe1,0xec,0xc1,0xec,0xe1,0xf4,
0xc1,0xec,0xe1,0xec,0xc1,0xec,0xe1,0xf4,0xc1,0xec,0xe1,0xec,0xc1,0xec,0xe1,0xf4,0x52,0x2e,0x51,0x26,0x52,0x2e,0x51,0x26,0x52,0x2e,0x51,0x26,0x52,0x2e,0x51,0x26,
0x52,0x2e,0x51,0x26,0x52,0x2e,0x51,0x26,0x52,0x2e,0x51,0x26,0x52,0x2e,0x51,0x26,0x52,0x2e,0x51,0x26,0x52,0x2e,0x51,0x26,0x52,0x2e,0x51,0x26,0x52,0x2e,0x51,0x26,
0x52,0x2e,0x51,0x26,0x52,0x2e,0x51,0x26,0x52,0x2e,0x51,0x26,0x52,0x2e,0x51,0x26,0x52,0x2e,0x51,0x26,0x52,0x2e,0x51,0x26,0x52,0x2e,0x51,0x26,0x52,0x2e,0x51,0x26,
0x52,0x2e,0x51,0x26,0x52,0x2e,0x51,0x26,0x52,0x2e,0x51,0x26,0x52,0x2e,0x51,0x26,0x52,0x2e,0x51,0x26,0x52,0x2e,0x51,0x26,0x52,0x2e,0x51,0x26,0x52,0x2e,0x51,0x26,
0x52,0x2e,0x51,0x26,0x52,0x2e,0x51,0x26,0x52,0x2e,0x51,0x26,0x52,0x2e,0x51,0x26,0x52,0x2e,0x51,0x26,0x52,0x2e,0x51,0x26,0x52,0x2e,0x51,0x26,0x52,0x2e,0x51,0x26,
0x52,0x2e,0x51,0x26,0x52,0x2e,0x52,0x26,0x52,0x2e,0x51,0x26,0x52,0x2e,0x52,0x26,0x52,0x2e,0x51,0x26,0x72,0x2e,0x52,0x2e,0x72,0x2e,0x52,0x2e,0x72,0x2e,0x72,0x2e,
0x72,0x2e,0x72,0x2e,0xb3,0x36,0x93,0x36,0xa3,0xfb,0x82,0xf3,0x02,0xfc,0x22,0xf4,0x62,0xf4,0x61,0xf4,0x82,0xf4,0x81,0xf4,0xa2,0xf4,0xa1,0xec,0xa2,0xf4,0xa1,0xec,
0xc2,0xf4,0xa1,0xec,0xc2,0xf4,0xa1,0xec,0xc1,0xf4,0xc1,0xec,0xc2,0xf4,0xc1,0xec,0xc1,0xf4,0xc1,0xec,0xc2,0xf4,0xc1,0xec,0xc1,0xf4,0xc1,0xec,0xc2,0xf4,0xc1,0xec,
0xc1,0xf4,0xc1,0xec,0xc2,0xf4,0xc1,0xec,0xe1,0xf4,0xc1,0xec,0xe2,0xf4,0xc1,0xec,0xe1,0xf4,0xc1,0xec,0xe2,0xf4,0xc1,0xec,0xe1,0xf4,0xc1,0xec,0xe2,0xf4,0xc1,0xec,
0xe1,0xf4,0xc1,0xec,0xe2,0xf4,0xc1,0xec,0xe1,0xf4,0xc1,0xec,0xe2,0xf4,0xc1,0xec,0xe1,0xf4,0xc1,0xec,0xe1,0xf4,0xc1,0xec,0xe1,0xf4,0xc1,0xec,0xe1,0xf4,0xc1,0xec,
0xe1,0xf4,0xc1,0xec,0xe1,0xf4,0xc1,0xec,0xe1,0xf4,0xc1,0xec,0xe1,0xf4,0xc1,0xec,0xe1,0xf4,0xc1,0xec,0xe1,0xf4,0xc1,0xec,0xe1,0xf4,0xc1,0xec,0xe1,0xf4,0xc1,0xec,
0xe1,0xf4,0xc1,0xec,0xe1,0xf4,0xc1,0xec,0xe1,0xf4,0xc1,0xec,0xe1,0xf4,0xc1,0xec,0xe1,0xf4,0xc1,0xec,0xe1,0xf4,0xc1,0xec,0xe1,0xf4,0xc1,0xec,0xe1,0xf4,0xc1,0xec,
0x31,0x26,0x52,0x2e,0x31,0x26,0x52,0x26,0x31,0x26,0x52,0x2e,0x31,0x26,0x52,0x26,0x31,0x26,0x52,0x2e,0x31,0x26,0x52,0x26,0x31,0x26,0x52,0x2e,0x31,0x26,0x52,0x26,
0x31,0x26,0x52,0x2e,0x31,0x26,0x52,0x26,0x31,0x26,0x52,0x2e,0x31,0x26,0x52,0x26,0x31,0x26,0x52,0x2e,0x31,0x26,0x52,0x26,0x31,0x26,0x52,0x2e,0x31,0x26,0x52,0x26,
0x31,0x26,0x52,0x2e,0x31,0x26,0x52,0x26,0x31,0x26,0x52,0x2e,0x31,0x26,0x52,0x26,0x31,0x26,0x52,0x2e,0x31,0x26,0x52,0x26,0x51,0x26,0x52,0x2e,0x51,0x26,0x52,0x26,
0x51,0x26,0x52,0x2e,0x51,0x26,0x52,0x26,0x51,0x26,0x52,0x2e,0x51,0x26,0x52,0x26,0x51,0x26,0x52,0x2e,0x51,0x26,0x52,0x26,0x51,0x26,0x52,0x2e,0x51,0x26,0x52,0x2e,
0x51,0x26,0x52,0x2e,0x51,0x26,0x52,0x2e,0x51,0x26,0x52,0x2e,0x51,0x26,0x52,0x2e,0x51,0x26,0x52,0x2e,0x51,0x26,0x52,0x2e,0x51,0x26,0x52,0x2e,0x51,0x26,0x52,0x2e,
0x51,0x26,0x72,0x2e,0x51,0x26,0x72,0x2e,0x52,0x2e,0x72,0x2e,0x72,0x2e,0x72,0x2e,0x72,0x2e,0x93,0x36,0x92,0x36,0x93,0x36,0x82,0xf3,0x82,0xfb,0x82,0xf3,0xc2,0xf3,
0x01,0xf4,0x22,0xf4,0x21,0xec,0x62,0xf4,0x61,0xec,0x62,0xf4,0x61,0xec,0x81,0xf4,0x81,0xec,0x81,0xf4,0x81,0xec,0xa1,0xf4,0x81,0xec,0xa1,0xf4,0xa1,0xec,0xa1,0xf4,
0xa1,0xec,0xa1,0xf4,0xa1,0xec,0xa1,0xf4,0xa1,0xec,0xc1,0xf4,0xa1,0xec,0xc1,0xf4,0xa1,0xec,0xc1,0xf4,0xa1,0xec,0xc1,0xf4,0xa1,0xec,0xc1,0xf4,0xa1,0xec,0xc1,0xec,
0xa1,0xec,0xc1,0xf4,0xc1,0xec,0xc1,0xec,0xc1,0xec,0xc1,0xf4,0xc1,0xec,0xc1,0xec,0xc1,0xec,0xc1,0xf4,0xc1,0xec,0xc1,0xec,0xc1,0xec,0xc1,0xf4,0xc1,0xec,0xc1,0xec,
0xc1,0xec,0xc1,0xf4,0xc1,0xec,0xc1,0xec,0xc1,0xec,0xc1,0xf4,0xc1,0xec,0xc1,0xec,0xc1,0xec,0xc1,0xf4,0xc1,0xec,0xc1,0xec,0xc1,0xec,0xc1,0xf4,0xc1,0xec,0xc1,0xec,
0xc1,0xec,0xc1,0xf4,0xc1,0xec,0xc1,0xec,0xc1,0xec,0xc1,0xf4,0xc1,0xec,0xc1,0xec,0xc1,0xec,0xc1,0xf4,0xc1,0xec,0xc1,0xec,0xc1,0xec,0xe1,0xf4,0xc1,0xec,0xe1,0xec,
0xc1,0xec,0xe1,0xf4,0xc1,0xec,0xe1,0xec,0xc1,0xec,0xe1,0xf4,0xc1,0xec,0xe1,0xec,0x52,0x2e,0x51,0x26,0x52,0x2e,0x51,0x26,0x52,0x2e,0x51,0x26,0x52,0x2e,0x51,0x26,
0x52,0x2e,0x51,0x26,0x52,0x2e,0x51,0x26,0x52,0x2e,0x51,0x26,0x52,0x2e,0x51,0x26,0x52,0x2e,0x51,0x26,0x52,0x2e,0x51,0x26,0x52,0x2e,0x51,0x26,0x52,0x2e,0x51,0x26,
0x52,0x2e,0x51,0x26,0x52,0x2e,0x51,0x26,0x52,0x2e,0x51,0x26,0x52,0x2e,0x51,0x26,0x52,0x2e,0x51,0x26,0x52,0x2e,0x51,0x26,0x52,0x2e,0x51,0x26,0x52,0x2e,0x51,0x26,
0x52,0x2e,0x51,0x26,0x52,0x2e,0x51,0x26,0x52,0x2e,0x51,0x26,0x52,0x2e,0x51,0x26,0x52,0x2e,0x52,0x26,0x52,0x2e,0x51,0x26,0x52,0x2e,0x52,0x26,0x52,0x2e,0x51,0x26,
0x52,0x2e,0x52,0x26,0x52,0x2e,0x51,0x26,0x52,0x2e,0x52,0x26,0x52,0x2e,0x51,0x26,0x52,0x2e,0x52,0x26,0x72,0x2e,0x51,0x26,0x72,0x2e,0x52,0x2e,0x72,0x2e,0x52,0x26,
0x72,0x2e,0x52,0x2e,0x72,0x2e,0x52,0x2e,0x72,0x2e,0x52,0x2e,0x72,0x2e,0x52,0x2e,0x72,0x2e,0x72,0x2e,0x72,0x2e,0x72,0x2e,0x73,0x36,0x72,0x2e,0x93,0x36,0x92,0x2e,
0xb3,0x36,0x93,0x36,0xb3,0x36,0x92,0x36,0xa3,0xfb,0x82,0xfb,0xa3,0xfb,0x82,0xf3,0xc2,0xfb,0xe2,0xf3,0x02,0xf4,0x21,0xf4,0x42,0xf4,0x41,0xf4,0x62,0xf4,0x61,0xf4,
0x62,0xf4,0x61,0xf4,0x82,0xf4,0x81,0xec,0x82,0xf4,0x81,0xf4,0xa2,0xf4,0x81,0xec,0xa2,0xf4,0x81,0xf4,0xa2,0xf4,0xa1,0xec,0xa2,0xf4,0xa1,0xec,0xa2,0xf4,0xa1,0xec,
0xc2,0xf4,0xa1,0xec,0xc2,0xf4,0xa1,0xec,0xc2,0xf4,0xa1,0xec,0xc1,0xf4,0xa1,0xec,0xc2,0xf4,0xa1,0xec,0xc1,0xf4,0xa1,0xec,0xc2,0xf4,0xc1,0xec,0xc1,0xf4,0xc1,0xec,
0xc2,0xf4,0xc1,0xec,0xc1,0xf4,0xc1,0xec,0xc2,0xf4,0xc1,0xec,0xc1,0xf4,0xc1,0xec,0xc2,0xf4,0xc1,0xec,0xc1,0xf4,0xc1,0xec,0xc2,0xf4,0xc1,0xec,0xc1,0xf4,0xc1,0xec,
0xc2,0xf4,0xc1,0xec,0xc1,0xf4,0xc1,0xec,0xc2,0xf4,0xc1,0xec,0xc1,0xf4,0xc1,0xec,0xc2,0xf4,0xc1,0xec,0xc1,0xf4,0xc1,0xec,0xe2,0xf4,0xc1,0xec,0xe1,0xf4,0xc1,0xec,
0xe2,0xf4,0xc1,0xec,0xe1,0xf4,0xc1,0xec,0xe2,0xf4,0xc1,0xec,0xe1,0xf4,0xc1,0xec,0xe2,0xf4,0xc1,0xec,0xe1,0xf4,0xc1,0xec,0xe2,0xf4,0xc1,0xec,0xe1,0xf4,0xc1,0xec,
0x31,0x26,0x52,0x26,0x31,0x26,0x52,0x2e,0x51,0x26,0x52,0x26,0x51,0x26,0x52,0x2e,0x51,0x26,0x52,0x26,0x51,0x26,0x52,0x2e,0x51,0x26,0x52,0x26,0x51,0x26,0x52,0x2e,
0x51,0x26,0x52,0x26,0x51,0x26,0x52,0x2e,0x51,0x26,0x52,0x26,0x51,0x26,0x52,0x2e,0x51,0x26,0x52,0x26,0x51,0x26,0x52,0x2e,0x51,0x26,0x52,0x26,0x51,0x26,0x52,0x2e,
0x51,0x26,0x52,0x26,0x51,0x26,0x52,0x2e,0x51,0x26,0x52,0x2e,0x51,0x26,0x52,0x2e,0x51,0x26,0x52,0x2e,0x51,0x26,0x52,0x2e,0x51,0x26,0x52,0x2e,0x51,0x26,0x52,0x2e,
0x51,0x26,0x52,0x2e,0x51,0x26,0x52,0x2e,0x51,0x26,0x52,0x2e,0x51,0x26,0x52,0x2e,0x51,0x26,0x52,0x2e,0x51,0x26,0x52,0x2e,0x51,0x26,0x52,0x2e,0x51,0x26,0x52,0x2e,
0x51,0x26,0x52,0x2e,0x51,0x26,0x52,0x2e,0x51,0x26,0x52,0x2e,0x51,0x26,0x72,0x2e,0x51,0x26,0x72,0x2e,0x51,0x26,0x72,0x2e,0x51,0x26,0x72,0x2e,0x52,0x2e,0x72,0x2e,
0x52,0x2e,0x72,0x2e,0x72,0x2e,0x72,0x2e,0x72,0x2e,0x92,0x36,0x72,0x2e,0x93,0x36,0x92,0x36,0x93,0x36,0x92,0x36,0x93,0x36,0x82,0xf3,0x82,0xfb,0x82,0xf3,0x82,0xfb,
0x82,0xf3,0xc2,0xf3,0xc2,0xf3,0x02,0xf4,0x01,0xf4,0x22,0xf4,0x21,0xf4,0x42,0xf4,0x41,0xec,0x62,0xf4,0x41,0xec,0x62,0xf4,0x61,0xec,0x61,0xf4,0x61,0xec,0x82,0xf4,
0x61,0xec,0x81,0xf4,0x81,0xec,0x81,0xf4,0x81,0xec,0xa1,0xf4,0x81,0xec,0xa1,0xf4,0x81,0xec,0xa1,0xf4,0x81,0xec,0xa1,0xf4,0xa1,0xec,0xa1,0xf4,0xa1,0xec,0xa1,0xf4,
0xa1,0xec,0xa1,0xf4,0xa1,0xec,0xa1,0xf4,0xa1,0xec,0xa1,0xf4,0xa1,0xec,0xc1,0xf4,0xa1,0xec,0xc1,0xf4,0xa1,0xec,0xc1,0xf4,0xa1,0xec,0xc1,0xf4,0xa1,0xec,0xc1,0xf4,
0xa1,0xec,0xc1,0xf4,0xa1,0xec,0xc1,0xf4,0xa1,0xec,0xc1,0xec,0xa1,0xec,0xc1,0xf4,0xa1,0xec,0xc1,0xec,0xa1,0xec,0xc1,0xf4,0xa1,0xec,0xc1,0xec,0xa1,0xec,0xc1,0xf4,
0xc1,0xec,0xc1,0xec,0xc1,0xec,0xc1,0xf4,0xc1,0xec,0xc1,0xec,0xc1,0xec,0xc1,0xf4,0xc1,0xec,0xc1,0xec,0xc1,0xec,0xc1,0xf4,0xc1,0xec,0xc1,0xec,0xc1,0xec,0xc1,0xf4,
0xc1,0xec,0xc1,0xec,0xc1,0xec,0xc1,0xf4,0xc1,0xec,0xc1,0xec,0xc1,0xec,0xc1,0xf4,0x52,0x2e,0x51,0x26,0x52,0x2e,0x51,0x26,0x52,0x2e,0x51,0x26,0x52,0x2e,0x51,0x26,
0x52,0x2e,0x51,0x26,0x52,0x2e,0x51,0x26,0x52,0x2e,0x51,0x26,0x52,0x2e,0x51,0x26,0x52,0x2e,0x51,0x26,0x52,0x2e,0x51,0x26,0x52,0x2e,0x51,0x26,0x52,0x2e,0x52,0x26,
0x52,0x2e,0x51,0x26,0x52,0x2e,0x52,0x26,0x52,0x2e,0x51,0x26,0x52,0x2e,0x52,0x26,0x52,0x2e,0x51,0x26,0x52,0x2e,0x52,0x26,0x52,0x2e,0x51,0x26,0x52,0x2e,0x52,0x26,
0x52,0x2e,0x51,0x26,0x52,0x2e,0x52,0x26,0x52,0x2e,0x51,0x26,0x52,0x2e,0x52,0x26,0x52,0x2e,0x51,0x26,0x52,0x2e,0x52,0x26,0x72,0x2e,0x51,0x26,0x72,0x2e,0x52,0x2e,
0x72,0x2e,0x51,0x26,0x72,0x2e,0x52,0x2e,0x72,0x2e,0x52,0x26,0x72,0x2e,0x52,0x2e,0x72,0x2e,0x52,0x2e,0x72,0x2e,0x52,0x2e,0x72,0x2e,0x52,0x2e,0x72,0x2e,0x52,0x2e,
0x72,0x2e,0x52,0x2e,0x72,0x2e,0x72,0x2e,0x72,0x2e,0x72,0x2e,0x72,0x36,0x72,0x2e,0x72,0x36,0x72,0x2e,0x93,0x36,0x72,0x2e,0x93,0x36,0x92,0x36,0xb3,0x36,0x93,0x36,
0xb3,0x36,0x92,0x36,0xb3,0x36,0x93,0x36,0xa3,0xfb,0x82,0xf3,0xa3,0xfb,0x82,0xfb,0xa3,0xfb,0x82,0xf3,0xc3,0xfb,0xc2,0xf3,0xe2,0xfb,0x02,0xf4,0x22,0xfc,0x22,0xf4,
0x42,0xf4,0x21,0xf4,0x42,0xf4,0x41,0xf4,0x62,0xf4,0x61,0xf4,0x62,0xf4,0x61,0xf4,0x82,0xf4,0x61,0xf4,0x82,0xf4,0x81,0xf4,0x82,0xf4,0x81,0xec,0x82,0xf4,0x81,0xf4,
0xa2,0xf4,0x81,0xec,0xa2,0xf4,0x81,0xf4,0xa2,0xf4,0x81,0xec,0xa2,0xf4,0xa1,0xec,0xa2,0xf4,0xa1,0xec,0xa2,0xf4,0xa1,0xec,0xa2,0xf4,0xa1,0xec,0xa2,0xf4,0xa1,0xec,
0xa2,0xf4,0xa1,0xec,0xc2,0xf4,0xa1,0xec,0xc2,0xf4,0xa1,0xec,0xc2,0xf4,0xa1,0xec,0xc1,0xf4,0xa1,0xec,0xc2,0xf4,0xa1,0xec,0xc1,0xf4,0xa1,0xec,0xc2,0xf4,0xa1,0xec,
0xc1,0xf4,0xa1,0xec,0xc2,0xf4,0xa1,0xec,0xc1,0xf4,0xc1,0xec,0xc2,0xf4,0xc1,0xec,0xc1,0xf4,0xc1,0xec,0xc2,0xf4,0xc1,0xec,0xc1,0xf4,0xc1,0xec,0xc2,0xf4,0xc1,0xec,
0xc1,0xf4,0xc1,0xec,0xc2,0xf4,0xc1,0xec,0xc1,0xf4,0xc1,0xec,0xc2,0xf4,0xc1,0xec,0xc1,0xf4,0xc1,0xec,0xc2,0xf4,0xc1,0xec,0xc1,0xf4,0xc1,0xec,0xc2,0xf4,0xc1,0xec,
0x51,0x26,0x52,0x2e,0x51,0x26,0x52,0x26,0x51,0x26,0x52,0x2e,0x51,0x26,0x52,0x26,0x51,0x26,0x52,0x2e,0x51,0x26,0x52,0x2e,0x51,0x26,0x52,0x2e,0x51,0x26,0x52,0x2e,
0x51,0x26,0x52,0x2e,0x51,0x26,0x52,0x2e,0x51,0x26,0x52,0x2e,0x51,0x26,0x52,0x2e,0x51,0x26,0x52,0x2e,0x51,0x26,0x52,0x2e,0x51,0x26,0x52,0x2e,0x51,0x26,0x52,0x2e,
0x51,0x26,0x52,0x2e,0x51,0x26,0x52,0x2e,0x51,0x26,0x52,0x2e,0x51,0x26,0x52,0x2e,0x51,0x26,0x52,0x2e,0x51,0x26,0x52,0x2e,0x51,0x26,0x52,0x2e,0x51,0x26,0x52,0x2e,
0x51,0x26,0x52,0x2e,0x51,0x26,0x52,0x2e,0x51,0x26,0x52,0x2e,0x51,0x26,0x52,0x2e,0x51,0x26,0x52,0x2e,0x51,0x26,0x52,0x2e,0x51,0x26,0x52,0x2e,0x51,0x26,0x72,0x2e,
0x51,0x26,0x72,0x2e,0x51,0x26,0x72,0x2e,0x52,0x2e,0x72,0x2e,0x51,0x26,0x72,0x2e,0x52,0x2e,0x72,0x2e,0x52,0x2e,0x72,0x2e,0x72,0x2e,0x72,0x2e,0x72,0x2e,0x72,0x2e,
0x72,0x2e,0x92,0x36,0x72,0x2e,0x92,0x36,0x92,0x2e,0x93,0x36,0x92,0x36,0x93,0x36,0x92,0x36,0x93,0x36,0x92,0x36,0x93,0x36,0x82,0xf3,0x82,0xfb,0x82,0xf3,0x82,0xfb,
0x82,0xf3,0x82,0xfb,0x82,0xf3,0xa2,0xfb,0xc2,0xf3,0xe2,0xf3,0xe1,0xf3,0x02,0xf4,0x01,0xf4,0x22,0xf4,0x21,0xf4,0x42,0xf4,0x21,0xf4,0x42,0xf4,0x41,0xec,0x62,0xf4,
0x41,0xec,0x62,0xf4,0x61,0xec,0x61,0xf4,0x61,0xec,0x82,0xf4,0x61,0xec,0x81,0xf4,0x61,0xec,0x82,0xf4,0x81,0xec,0x81,0xf4,0x81,0xec,0x81,0xf4,0x81,0xec,0x81,0xf4,
0x81,0xec,0xa1,0xf4,0x81,0xec,0xa1,0xf4,0x81,0xec,0xa1,0xf4,0x81,0xec,0xa1,0xf4,0x81,0xec,0xa1,0xf4,0xa1,0xec,0xa1,0xf4,0xa1,0xec,0xa1,0xf4,0xa1,0xec,0xa1,0xf4,
0xa1,0xec,0xa1,0xf4,0xa1,0xec,0xa1,0xf4,0xa1,0xec,0xa1,0xf4,0xa1,0xec,0xa1,0xf4,0xa1,0xec,0xa1,0xf4,0xa1,0xec,0xc1,0xf4,0xa1,0xec,0xc1,0xf4,0xa1,0xec,0xc1,0xf4,
0xa1,0xec,0xc1,0xf4,0xa1,0xec,0xc1,0xf4,0xa1,0xec,0xc1,0xf4,0xa1,0xec,0xc1,0xf4,0xa1,0xec,0xc1,0xf4,0xa1,0xec,0xc1,0xf4,0xa1,0xec,0xc1,0xf4,0xa1,0xec,0xc1,0xec,
0xa1,0xec,0xc1,0xf4,0xa1,0xec,0xc1,0xec,0xa1,0xec,0xc1,0xf4,0xa1,0xec,0xc1,0xec,0x52,0x2e,0x52,0x26,0x52,0x2e,0x51,0x26,0x52,0x2e,0x52,0x26,0x52,0x2e,0x51,0x26,
0x52,0x2e,0x52,0x26,0x52,0x2e,0x51,0x26,0x52,0x2e,0x52,0x26,0x52,0x2e,0x51,0x26,0x52,0x2e,0x52,0x26,0x52,0x2e,0x51,0x26,0x52,0x2e,0x52,0x26,0x52,0x2e,0x51,0x26,
0x52,0x2e,0x52,0x26,0x52,0x2e,0x51,0x26,0x52,0x2e,0x52,0x26,0x52,0x2e,0x51,0x26,0x52,0x2e,0x52,0x26,0x52,0x2e,0x51,0x26,0x72,0x2e,0x52,0x26,0x72,0x2e,0x51,0x26,
0x72,0x2e,0x52,0x2e,0x72,0x2e,0x51,0x26,0x72,0x2e,0x52,0x2e,0x72,0x2e,0x52,0x26,0x72,0x2e,0x52,0x2e,0x72,0x2e,0x52,0x26,0x72,0x2e,0x52,0x2e,0x72,0x2e,0x52,0x2e,
0x72,0x2e,0x52,0x2e,0x72,0x2e,0x52,0x2e,0x72,0x2e,0x52,0x2e,0x72,0x2e,0x52,0x2e,0x72,0x2e,0x52,0x2e,0x72,0x2e,0x72,0x2e,0x72,0x2e,0x72,0x2e,0x72,0x2e,0x72,0x2e,
0x72,0x2e,0x72,0x2e,0x72,0x2e,0x72,0x2e,0x73,0x36,0x72,0x2e,0x92,0x36,0x72,0x2e,0x93,0x36,0x72,0x36,0x93,0x36,0x92,0x36,0xb3,0x36,0x93,0x36,0xb3,0x36,0x92,0x36,
0xb3,0x36,0x93,0x36,0xb3,0x36,0x92,0x36,0xa3,0xfb,0x82,0xfb,0xa3,0xfb,0x82,0xf3,0xa3,0xfb,0x82,0xfb,0xa3,0xfb,0x82,0xf3,0xa3,0xfb,0xc2,0xf3,0xe2,0xfb,0xe2,0xf3,
0x02,0xfc,0x02,0xf4,0x22,0xf4,0x22,0xf4,0x22,0xf4,0x22,0xf4,0x42,0xf4,0x41,0xf4,0x42,0xf4,0x41,0xf4,0x62,0xf4,0x41,0xf4,0x62,0xf4,0x61,0xf4,0x62,0xf4,0x61,0xf4,
0x82,0xf4,0x61,0xf4,0x82,0xf4,0x61,0xec,0x82,0xf4,0x81,0xf4,0x82,0xf4,0x81,0xec,0x82,0xf4,0x81,0xf4,0xa2,0xf4,0x81,0xec,0xa2,0xf4,0x81,0xf4,0xa2,0xf4,0x81,0xec,
0xa2,0xf4,0x81,0xf4,0xa2,0xf4,0xa1,0xec,0xa2,0xf4,0xa1,0xec,0xa2,0xf4,0xa1,0xec,0xa2,0xf4,0xa1,0xec,0xa2,0xf4,0xa1,0xec,0xa2,0xf4,0xa1,0xec,0xa2,0xf4,0xa1,0xec,
0xa2,0xf4,0xa1,0xec,0xc2,0xf4,0xa1,0xec,0xc2,0xf4,0xa1,0xec,0xc2,0xf4,0xa1,0xec,0xc2,0xf4,0xa1,0xec,0xc1,0xf4,0xa1,0xec,0xc2,0xf4,0xa1,0xec,0xc1,0xf4,0xa1,0xec,
0xc2,0xf4,0xa1,0xec,0xc1,0xf4,0xa1,0xec,0xc2,0xf4,0xa1,0xec,0xc1,0xf4,0xa1,0xec,0xc2,0xf4,0xa1,0xec,0xc1,0xf4,0xc1,0xec,0xc2,0xf4,0xc1,0xec,0xc1,0xf4,0xc1,0xec,
0x51,0x26,0x52,0x2e,0x51,0x26,0x52,0x2e,0x51,0x26,0x52,0x2e,0x51,0x26,0x52,0x2e,0x51,0x26,0x52,0x2e,0x51,0x26,0x52,0x2e,0x51,0x26,0x52,0x2e,0x51,0x26,0x52,0x2e,
0x51,0x26,0x52,0x2e,0x51,0x26,0x52,0x2e,0x51,0x26,0x52,0x2e,0x51,0x26,0x52,0x2e,0x51,0x26,0x52,0x2e,0x51,0x26,0x52,0x2e,0x51,0x26,0x52,0x2e,0x51,0x26,0x52,0x2e,
0x51,0x26,0x52,0x2e,0x51,0x26,0x52,0x2e,0x51,0x26,0x52,0x2e,0x51,0x26,0x52,0x2e,0x51,0x26,0x52,0x2e,0x51,0x26,0x52,0x2e,0x51,0x26,0x52,0x2e,0x51,0x26,0x52,0x2e,
0x51,0x26,0x52,0x2e,0x51,0x26,0x52,0x2e,0x51,0x26,0x72,0x2e,0x51,0x26,0x72,0x2e,0x51,0x26,0x72,0x2e,0x51,0x26,0x72,0x2e,0x51,0x26,0x72,0x2e,0x52,0x2e,0x72,0x2e,
0x51,0x26,0x72,0x2e,0x52,0x2e,0x72,0x2e,0x52,0x2e,0x72,0x2e,0x52,0x2e,0x72,0x2e,0x72,0x2e,0x72,0x2e,0x72,0x2e,0x72,0x2e,0x72,0x2e,0x72,0x2e,0x72,0x2e,0x92,0x36,
0x72,0x2e,0x92,0x36,0x92,0x36,0x93,0x36,0x92,0x36,0x93,0x36,0x92,0x36,0x93,0x36,0x92,0x36,0x93,0x36,0x92,0x36,0x93,0x36,0x82,0xf3,0x82,0xfb,0x82,0xf3,0x82,0xfb,
0x82,0xf3,0x82,0xfb,0x82,0xf3,0x82,0xfb,0x82,0xf3,0xa2,0xfb,0xa2,0xf3,0xc2,0xfb,0xc1,0xf3,0xe2,0xf3,0xe1,0xf3,0x02,0xf4,0x01,0xf4,0x22,0xf4,0x21,0xf4,0x22,0xf4,
0x21,0xf4,0x42,0xf4,0x41,0xf4,0x42,0xf4,0x41,0xec,0x62,0xf4,0x41,0xec,0x62,0xf4,0x41,0xec,0x62,0xf4,0x61,0xec,0x62,0xf4,0x61,0xec,0x81,0xf4,0x61,0xec,0x82,0xf4,
0x61,0xec,0x81,0xf4,0x61,0xec,0x82,0xf4,0x81,0xec,0x81,0xf4,0x81,0xec,0x81,0xf4,0x81,0xec,0x81,0xf4,0x81,0xec,0xa1,0xf4,0x81,0xec,0xa1,0xf4,0x81,0xec,0xa1,0xf4,
0x81,0xec,0xa1,0xf4,0x81,0xec,0xa1,0xf4,0x81,0xec,0xa1,0xf4,0x81,0xec,0xa1,0xf4,0xa1,0xec,0xa1,0xf4,0xa1,0xec,0xa1,0xf4,0xa1,0xec,0xa1,0xf4,0xa1,0xec,0xa1,0xf4,
0xa1,0xec,0xa1,0xf4,0xa1,0xec,0xa1,0xf4,0xa1,0xec,0xa1,0xf4,0xa1,0xec,0xa1,0xf4,0xa1,0xec,0xa1,0xf4,0xa1,0xec,0xa1,0xf4,0xa1,0xec,0xc1,0xf4,0xa1,0xec,0xc1,0xf4,
0xa1,0xec,0xc1,0xf4,0xa1,0xec,0xc1,0xf4,0xa1,0xec,0xc1,0xf4,0xa1,0xec,0xc1,0xf4,0x52,0x2e,0x51,0x26,0x52,0x2e,0x52,0x26,0x52,0x2e,0x51,0x26,0x52,0x2e,0x52,0x26,
0x52,0x2e,0x51,0x26,0x52,0x2e,0x52,0x26,0x52,0x2e,0x51,0x26,0x52,0x2e,0x52,0x26,0x52,0x2e,0x51,0x26,0x52,0x2e,0x52,0x26,0x52,0x2e,0x51,0x26,0x72,0x2e,0x52,0x2e,
0x72,0x2e,0x51,0x26,0x72,0x2e,0x52,0x2e,0x72,0x2e,0x51,0x26,0x72,0x2e,0x52,0x2e,0x72,0x2e,0x51,0x26,0x72,0x2e,0x52,0x2e,0x72,0x2e,0x52,0x26,0x72,0x2e,0x52,0x2e,
0x72,0x2e,0x52,0x26,0x72,0x2e,0x52,0x2e,0x72,0x2e,0x52,0x2e,0x72,0x2e,0x52,0x2e,0x72,0x2e,0x52,0x2e,0x72,0x2e,0x52,0x2e,0x72,0x2e,0x52,0x2e,0x72,0x2e,0x52,0x2e,
0x72,0x2e,0x52,0x2e,0x72,0x2e,0x52,0x2e,0x72,0x2e,0x72,0x2e,0x72,0x2e,0x72,0x2e,0x72,0x2e,0x72,0x2e,0x72,0x2e,0x72,0x2e,0x72,0x2e,0x72,0x2e,0x72,0x36,0x72,0x2e,
0x72,0x36,0x72,0x2e,0x93,0x36,0x72,0x2e,0x93,0x36,0x72,0x2e,0x93,0x36,0x92,0x36,0x93,0x36,0x92,0x36,0xb3,0x36,0x93,0x36,0xb3,0x36,0x92,0x36,0xb3,0x36,0x93,0x36,
0xb3,0x36,0x92,0x36,0xb3,0x36,0x93,0x36,0xa3,0xfb,0x82,0xf3,0xa3,0xfb,0x82,0xfb,0xa3,0xfb,0x82,0xf3,0xa3,0xfb,0x82,0xfb,0xa3,0xfb,0x82,0xf3,0xa3,0xfb,0xa2,0xf3,
0xc2,0xfb,0xc2,0xf3,0xe2,0xfb,0xe2,0xf3,0x02,0xf4,0x02,0xf4,0x22,0xfc,0x22,0xf4,0x22,0xf4,0x21,0xf4,0x42,0xf4,0x22,0xf4,0x42,0xf4,0x41,0xf4,0x42,0xf4,0x41,0xf4,
0x62,0xf4,0x41,0xf4,0x62,0xf4,0x61,0xf4,0x62,0xf4,0x61,0xf4,0x82,0xf4,0x61,0xf4,0x82,0xf4,0x61,0xf4,0x82,0xf4,0x61,0xf4,0x82,0xf4,0x81,0xec,0x82,0xf4,0x81,0xf4,
0x82,0xf4,0x81,0xec,0x82,0xf4,0x81,0xf4,0xa2,0xf4,0x81,0xec,0xa2,0xf4,0x81,0xf4,0xa2,0xf4,0x81,0xec,0xa2,0xf4,0x81,0xf4,0xa2,0xf4,0x81,0xec,0xa2,0xf4,0xa1,0xf4,
0xa2,0xf4,0xa1,0xec,0xa2,0xf4,0xa1,0xec,0xa2,0xf4,0xa1,0xec,0xa2,0xf4,0xa1,0xec,0xa2,0xf4,0xa1,0xec,0xa2,0xf4,0xa1,0xec,0xa2,0xf4,0xa1,0xec,0xa2,0xf4,0xa1,0xec,
0xa2,0xf4,0xa1,0xec,0xc2,0xf4,0xa1,0xec,0xc2,0xf4,0xa1,0xec,0xc2,0xf4,0xa1,0xec,0xc1,0xf4,0xa1,0xec,0xc2,0xf4,0xa1,0xec,0xc1,0xf4,0xa1,0xec,0xc2,0xf4,0xa1,0xec,
0x51,0x26,0x52,0x2e,0x51,0x26,0x52,0x2e,0x51,0x26,0x52,0x2e,0x51,0x26,0x52,0x2e,0x51,0x26,0x52,0x2e,0x51,0x26,0x52,0x2e,0x51,0x26,0x52,0x2e,0x51,0x26,0x52,0x2e,
0x51,0x26,0x52,0x2e,0x51,0x26,0x52,0x2e,0x51,0x26,0x52,0x2e,0x51,0x26,0x52,0x2e,0x51,0x26,0x52,0x2e,0x51,0x26,0x52,0x2e,0x51,0x26,0x52,0x2e,0x51,0x26,0x52,0x2e,
0x51,0x26,0x52,0x2e,0x51,0x26,0x52,0x2e,0x51,0x26,0x52,0x2e,0x51,0x26,0x52,0x2e,0x51,0x26,0x52,0x2e,0x51,0x26,0x52,0x2e,0x51,0x26,0x72,0x2e,0x51,0x26,0x72,0x2e,
0x51,0x26,0x72,0x2e,0x51,0x26,0x72,0x2e,0x52,0x2e,0x72,0x2e,0x51,0x26,0x72,0x2e,0x52,0x2e,0x72,0x2e,0x51,0x26,0x72,0x2e,0x52,0x2e,0x72,0x2e,0x51,0x2e,0x72,0x2e,
0x52,0x2e,0x72,0x2e,0x72,0x2e,0x72,0x2e,0x72,0x2e,0x72,0x2e,0x72,0x2e,0x72,0x2e,0x72,0x2e,0x72,0x36,0x72,0x2e,0x92,0x36,0x72,0x2e,0x93,0x36,0x72,0x2e,0x93,0x36,
0x92,0x36,0x93,0x36,0x92,0x36,0x93,0x36,0x92,0x36,0x93,0x36,0x92,0x36,0x93,0x36,0x92,0x36,0x93,0x36,0x92,0x36,0x93,0x36,0x82,0xf3,0x82,0xfb,0x82,0xf3,0x82,0xfb,
0x82,0xf3,0x82,0xfb,0x82,0xf3,0x82,0xfb,0x82,0xf3,0x82,0xfb,0x82,0xf3,0xa2,0xfb,0xa2,0xf3,0xc2,0xfb,0xc2,0xf3,0xe2,0xf3,0xe2,0xf3,0x02,0xf4,0xe1,0xf3,0x02,0xf4,
0x01,0xf4,0x22,0xf4,0x01,0xf4,0x22,0xf4,0x21,0xf4,0x42,0xf4,0x21,0xec,0x42,0xf4,0x41,0xf4,0x42,0xf4,0x41,0xec,0x62,0xf4,0x41,0xec,0x62,0xf4,0x41,0xec,0x62,0xf4,
0x61,0xec,0x62,0xf4,0x61,0xec,0x61,0xf4,0x61,0xec,0x82,0xf4,0x61,0xec,0x81,0xf4,0x61,0xec,0x82,0xf4,0x61,0xec,0x81,0xf4,0x81,0xec,0x82,0xf4,0x81,0xec,0x81,0xf4,
0x81,0xec,0x81,0xf4,0x81,0xec,0x81,0xf4,0x81,0xec,0x81,0xf4,0x81,0xec,0xa1,0xf4,0x81,0xec,0xa1,0xf4,0x81,0xec,0xa1,0xf4,0x81,0xec,0xa1,0xf4,0x81,0xec,0xa1,0xf4,
0x81,0xec,0xa1,0xf4,0x81,0xec,0xa1,0xf4,0x81,0xec,0xa1,0xf4,0xa1,0xec,0xa1,0xf4,0xa1,0xec,0xa1,0xf4,0xa1,0xec,0xa1,0xf4,0xa1,0xec,0xa1,0xf4,0xa1,0xec,0xa1,0xf4,
0xa1,0xec,0xa1,0xf4,0xa1,0xec,0xa1,0xf4,0xa1,0xec,0xa1,0xf4,0xa1,0xec,0xa1,0xf4,0x52,0x2e,0x52,0x26,0x52,0x2e,0x51,0x26,0x52,0x2e,0x52,0x26,0x72,0x2e,0x51,0x26,
0x72,0x2e,0x52,0x2e,0x72,0x2e,0x51,0x26,0x72,0x2e,0x52,0x2e,0x72,0x2e,0x51,0x26,0x72,0x2e,0x52,0x2e,0x72,0x2e,0x51,0x26,0x72,0x2e,0x52,0x2e,0x72,0x2e,0x51,0x26,
0x72,0x2e,0x52,0x2e,0x72,0x2e,0x52,0x26,0x72,0x2e,0x52,0x2e,0x72,0x2e,0x52,0x26,0x72,0x2e,0x52,0x2e,0x72,0x2e,0x52,0x2e,0x72,0x2e,0x52,0x2e,0x72,0x2e,0x52,0x2e,
0x72,0x2e,0x52,0x2e,0x72,0x2e,0x52,0x2e,0x72,0x2e,0x52,0x2e,0x72,0x2e,0x52,0x2e,0x72,0x2e,0x52,0x2e,0x72,0x2e,0x52,0x2e,0x72,0x2e,0x52,0x2e,0x72,0x2e,0x72,0x2e,
0x72,0x2e,0x72,0x2e,0x72,0x2e,0x72,0x2e,0x72,0x2e,0x72,0x2e,0x72,0x2e,0x72,0x2e,0x72,0x36,0x72,0x2e,0x72,0x2e,0x72,0x2e,0x73,0x36,0x72,0x2e,0x92,0x36,0x72,0x2e,
0x93,0x36,0x72,0x2e,0x93,0x36,0x72,0x2e,0x93,0x36,0x92,0x36,0x93,0x36,0x92,0x36,0xb3,0x36,0x93,0x36,0xb3,0x36,0x92,0x36,0xb3,0x36,0x93,0x36,0xb3,0x36,0x92,0x36,
0xb3,0x36,0x93,0x36,0xb3,0x36,0x92,0x36,0xa3,0xfb,0x82,0xfb,0xa3,0xfb,0x82,0xf3,0xa3,0xfb,0x82,0xfb,0xa3,0xfb,0x82,0xf3,0xa3,0xfb,0x82,0xfb,0xa3,0xfb,0x82,0xf3,
0xa3,0xfb,0xa2,0xf3,0xc2,0xfb,0xc2,0xf3,0xe2,0xfb,0xe2,0xf3,0x02,0xfc,0xe2,0xf3,0x02,0xfc,0x02,0xf4,0x22,0xf4,0x02,0xf4,0x22,0xf4,0x22,0xf4,0x42,0xf4,0x21,0xf4,
0x42,0xf4,0x42,0xf4,0x42,0xf4,0x41,0xf4,0x62,0xf4,0x41,0xf4,0x62,0xf4,0x41,0xf4,0x62,0xf4,0x61,0xf4,0x62,0xf4,0x61,0xf4,0x62,0xf4,0x61,0xf4,0x82,0xf4,0x61,0xf4,
0x82,0xf4,0x61,0xf4,0x82,0xf4,0x61,0xf4,0x82,0xf4,0x81,0xf4,0x82,0xf4,0x81,0xec,0x82,0xf4,0x81,0xf4,0x82,0xf4,0x81,0xec,0x82,0xf4,0x81,0xf4,0xa2,0xf4,0x81,0xec,
0xa2,0xf4,0x81,0xf4,0xa2,0xf4,0x81,0xec,0xa2,0xf4,0x81,0xf4,0xa2,0xf4,0x81,0xec,0xa2,0xf4,0x81,0xf4,0xa2,0xf4,0xa1,0xec,0xa2,0xf4,0xa1,0xec,0xa2,0xf4,0xa1,0xec,
0xa2,0xf4,0xa1,0xec,0xa2,0xf4,0xa1,0xec,0xa2,0xf4,0xa1,0xec,0xa2,0xf4,0xa1,0xec,0xa2,0xf4,0xa1,0xec,0xa2,0xf4,0xa1,0xec,0xa2,0xf4,0xa1,0xec,0xa2,0xf4,0xa1,0xec,
0x51,0x26,0x52,0x2e,0x51,0x26,0x52,0x2e,0x51,0x26,0x52,0x2e,0x51,0x26,0x52,0x2e,0x51,0x26,0x52,0x2e,0x51,0x26,0x52,0x2e,0x51,0x26,0x52,0x2e,0x51,0x26,0x52,0x2e,
0x51,0x26,0x52,0x2e,0x51,0x26,0x52,0x2e,0x51,0x26,0x52,0x2e,0x51,0x26,0x52,0x2e,0x51,0x26,0x52,0x2e,0x51,0x26,0x52,0x2e,0x51,0x26,0x52,0x2e,0x51,0x26,0x52,0x2e,
0x51,0x26,0x52,0x2e,0x51,0x26,0x72,0x2e,0x51,0x26,0x72,0x2e,0x51,0x26,0x72,0x2e,0x51,0x26,0x72,0x2e,0x51,0x26,0x72,0x2e,0x51,0x26,0x72,0x2e,0x52,0x2e,0x72,0x2e,
0x51,0x26,0x72,0x2e,0x52,0x2e,0x72,0x2e,0x51,0x26,0x72,0x2e,0x52,0x2e,0x72,0x2e,0x51,0x2e,0x72,0x2e,0x52,0x2e,0x72,0x2e,0x72,0x2e,0x72,0x2e,0x72,0x2e,0x72,0x2e,
0x72,0x2e,0x72,0x2e,0x72,0x2e,0x72,0x2e,0x72,0x2e,0x72,0x2e,0x72,0x2e,0x92,0x36,0x72,0x2e,0x92,0x36,0x72,0x2e,0x93,0x36,0x72,0x2e,0x93,0x36,0x92,0x36,0x93,0x36,
0x92,0x36,0x93,0x36,0x92,0x36,0x93,0x36,0x92,0x36,0x93,0x36,0x92,0x36,0x93,0x36,0x92,0x36,0x93,0x36,0x92,0x36,0x93,0x36,0x82,0xf3,0x82,0xfb,0x82,0xf3,0x82,0xfb,
0x82,0xf3,0x82,0xfb,0x82,0xf3,0x82,0xfb,0x82,0xf3,0x82,0xfb,0x82,0xf3,0x82,0xfb,0x82,0xf3,0xa2,0xfb,0xa2,0xf3,0xc2,0xfb,0xc2,0xf3,0xc2,0xf3,0xc2,0xf3,0xe2,0xf3,
0xe1,0xf3,0x02,0xf4,0x01,0xf4,0x02,0xf4,0x01,0xf4,0x22,0xf4,0x01,0xf4,0x22,0xf4,0x21,0xf4,0x22,0xf4,0x21,0xf4,0x42,0xf4,0x21,0xec,0x42,0xf4,0x41,0xf4,0x42,0xf4,
0x41,0xec,0x62,0xf4,0x41,0xec,0x62,0xf4,0x41,0xec,0x62,0xf4,0x61,0xec,0x62,0xf4,0x61,0xec,0x61,0xf4,0x61,0xec,0x62,0xf4,0x61,0xec,0x81,0xf4,0x61,0xec,0x82,0xf4,
0x61,0xec,0x81,0xf4,0x61,0xec,0x82,0xf4,0x61,0xec,0x81,0xf4,0x81,0xec,0x82,0xf4,0x81,0xec,0x81,0xf4,0x81,0xec,0x81,0xf4,0x81,0xec,0x81,0xf4,0x81,0xec,0x81,0xf4,
0x81,0xec,0x81,0xf4,0x81,0xec,0xa1,0xf4,0x81,0xec,0xa1,0xf4,0x81,0xec,0xa1,0xf4,0x81,0xec,0xa1,0xf4,0x81,0xec,0xa1,0xf4,0x81,0xec,0xa1,0xf4,0x81,0xec,0xa1,0xf4,
0x81,0xec,0xa1,0xf4,0x81,0xec,0xa1,0xf4,0xa1,0xec,0xa1,0xf4,0xa1,0xec,0xa1,0xf4,0x72,0x2e,0x51,0x26,0x72,0x2e,0x52,0x2e,0x72,0x2e,0x51,0x26,0x72,0x2e,0x52,0x2e,
0x72,0x2e,0x51,0x26,0x72,0x2e,0x52,0x2e,0x72,0x2e,0x52,0x26,0x72,0x2e,0x52,0x2e,0x72,0x2e,0x52,0x26,0x72,0x2e,0x52,0x2e,0x72,0x2e,0x52,0x26,0x72,0x2e,0x52,0x2e,
0x72,0x2e,0x52,0x2e,0x72,0x2e,0x52,0x2e,0x72,0x2e,0x52,0x2e,0x72,0x2e,0x52,0x2e,0x72,0x2e,0x52,0x2e,0x72,0x2e,0x52,0x2e,0x72,0x2e,0x52,0x2e,0x72,0x2e,0x52,0x2e,
0x72,0x2e,0x52,0x2e,0x72,0x2e,0x52,0x2e,0x72,0x2e,0x52,0x2e,0x72,0x2e,0x52,0x2e,0x72,0x2e,0x72,0x2e,0x72,0x2e,0x72,0x2e,0x72,0x2e,0x72,0x2e,0x72,0x2e,0x72,0x2e,
0x72,0x2e,0x72,0x2e,0x72,0x36,0x72,0x2e,0x72,0x2e,0x72,0x2e,0x72,0x36,0x72,0x2e,0x72,0x36,0x72,0x2e,0x93,0x36,0x72,0x2e,0x93,0x36,0x72,0x2e,0x93,0x36,0x72,0x2e,
0x93,0x36,0x92,0x2e,0x93,0x36,0x92,0x36,0x93,0x36,0x92,0x36,0xb3,0x36,0x93,0x36,0xb3,0x36,0x92,0x36,0xb3,0x36,0x93,0x36,0xb3,0x36,0x92,0x36,0xb3,0x36,0x93,0x36,
0xb3,0x36,0x92,0x36,0xb3,0x36,0x93,0x36,0xa3,0xfb,0x82,0xf3,0xa3,0xfb,0x82,0xfb,0xa3,0xfb,0x82,0xf3,0xa3,0xfb,0x82,0xfb,0xa3,0xfb,0x82,0xf3,0xa3,0xfb,0x82,0xfb,
0xa3,0xfb,0x82,0xf3,0xa3,0xfb,0xa2,0xf3,0xc2,0xfb,0xc2,0xf3,0xe2,0xfb,0xc2,0xf3,0xe2,0xfb,0xe2,0xf3,0x02,0xfc,0x02,0xf4,0x02,0xf4,0x02,0xf4,0x22,0xf4,0x02,0xf4,
0x22,0xf4,0x21,0xf4,0x42,0xf4,0x22,0xf4,0x42,0xf4,0x21,0xf4,0x42,0xf4,0x41,0xf4,0x42,0xf4,0x41,0xf4,0x62,0xf4,0x41,0xf4,0x62,0xf4,0x41,0xf4,0x62,0xf4,0x61,0xf4,
0x62,0xf4,0x61,0xf4,0x62,0xf4,0x61,0xf4,0x62,0xf4,0x61,0xf4,0x82,0xf4,0x61,0xf4,0x82,0xf4,0x61,0xf4,0x82,0xf4,0x61,0xf4,0x82,0xf4,0x81,0xec,0x82,0xf4,0x81,0xf4,
0x82,0xf4,0x81,0xec,0x82,0xf4,0x81,0xf4,0x82,0xf4,0x81,0xec,0x82,0xf4,0x81,0xf4,0xa2,0xf4,0x81,0xec,0xa2,0xf4,0x81,0xf4,0xa2,0xf4,0x81,0xec,0xa2,0xf4,0x81,0xf4,
0xa2,0xf4,0x81,0xec,0xa2,0xf4,0x81,0xf4,0xa2,0xf4,0x81,0xec,0xa2,0xf4,0x81,0xf4,0xa2,0xf4,0xa1,0xec,0xa2,0xf4,0xa1,0xec,0xa2,0xf4,0xa1,0xec,0xa2,0xf4,0xa1,0xec,
0x51,0x26,0x52,0x2e,0x51,0x26,0x52,0x2e,0x51,0x26,0x52,0x2e,0x51,0x26,0x52,0x2e,0x51,0x26,0x52,0x2e,0x51,0x26,0x52,0x2e,0x51,0x26,0x52,0x2e,0x51,0x26,0x52,0x2e,
0x51,0x26,0x52,0x2e,0x51,0x26,0x52,0x2e,0x51,0x26,0x52,0x2e,0x51,0x26,0x52,0x2e,0x51,0x26,0x72,0x2e,0x51,0x26,0x72,0x2e,0x51,0x26,0x72,0x2e,0x51,0x26,0x72,0x2e,
0x51,0x26,0x72,0x2e,0x51,0x26,0x72,0x2e,0x52,0x2e,0x72,0x2e,0x51,0x26,0x72,0x2e,0x52,0x2e,0x72,0x2e,0x51,0x26,0x72,0x2e,0x52,0x2e,0x72,0x2e,0x51,0x26,0x72,0x2e,
0x52,0x2e,0x72,0x2e,0x51,0x2e,0x72,0x2e,0x52,0x2e,0x72,0x2e,0x52,0x2e,0x72,0x2e,0x72,0x2e,0x72,0x2e,0x72,0x2e,0x72,0x2e,0x72,0x2e,0x72,0x2e,0x72,0x2e,0x72,0x2e,
0x72,0x2e,0x72,0x36,0x72,0x2e,0x72,0x2e,0x72,0x2e,0x92,0x36,0x72,0x2e,0x92,0x36,0x72,0x2e,0x93,0x36,0x72,0x2e,0x93,0x36,0x92,0x36,0x93,0x36,0x92,0x36,0x93,0x36,
0x92,0x36,0x93,0x36,0x92,0x36,0x93,0x36,0x92,0x36,0x93,0x36,0x92,0x36,0x93,0x36,0x92,0x36,0x93,0x36,0x92,0x36,0x93,0x36,0x82,0xf3,0x82,0xfb,0x82,0xf3,0x82,0xfb,
0x82,0xf3,0x82,0xfb,0x82,0xf3,0x82,0xfb,0x82,0xf3,0x82,0xfb,0x82,0xf3,0x82,0xfb,0x82,0xf3,0x82,0xfb,0x82,0xf3,0xa2,0xfb,0xa2,0xf3,0xc2,0xfb,0xa2,0xf3,0xc2,0xf3,
0xc2,0xf3,0xe2,0xf3,0xe1,0xf3,0xe2,0xf3,0xe2,0xf3,0x02,0xf4,0x01,0xf4,0x02,0xf4,0x01,0xf4,0x22,0xf4,0x01,0xf4,0x22,0xf4,0x21,0xf4,0x22,0xf4,0x21,0xf4,0x42,0xf4,
0x21,0xf4,0x42,0xf4,0x41,0xec,0x42,0xf4,0x41,0xf4,0x42,0xf4,0x41,0xec,0x62,0xf4,0x41,0xf4,0x62,0xf4,0x41,0xec,0x62,0xf4,0x41,0xec,0x62,0xf4,0x61,0xec,0x61,0xf4,
0x61,0xec,0x62,0xf4,0x61,0xec,0x61,0xf4,0x61,0xec,0x82,0xf4,0x61,0xec,0x81,0xf4,0x61,0xec,0x82,0xf4,0x61,0xec,0x81,0xf4,0x61,0xec,0x82,0xf4,0x81,0xec,0x81,0xf4,
0x81,0xec,0x82,0xf4,0x81,0xec,0x81,0xf4,0x81,0xec,0x81,0xf4,0x81,0xec,0x81,0xf4,0x81,0xec,0x81,0xf4,0x81,0xec,0x81,0xf4,0x81,0xec,0xa1,0xf4,0x81,0xec,0xa1,0xf4,
0x81,0xec,0xa1,0xf4,0x81,0xec,0xa1,0xf4,0x81,0xec,0xa1,0xf4,0x81,0xec,0xa1,0xf4,0x72,0x2e,0x52,0x2e,0x72,0x2e,0x52,0x26,0x72,0x2e,0x52,0x2e,0x72,0x2e,0x52,0x26,
0x72,0x2e,0x52,0x2e,0x72,0x2e,0x52,0x26,0x72,0x2e,0x52,0x2e,0x72,0x2e,0x52,0x2e,0x72,0x2e,0x52,0x2e,0x72,0x2e,0x52,0x2e,0x72,0x2e,0x52,0x2e,0x72,0x2e,0x52,0x2e,
0x72,0x2e,0x52,0x2e,0x72,0x2e,0x52,0x2e,0x72,0x2e,0x52,0x2e,0x72,0x2e,0x52,0x2e,0x72,0x2e,0x52,0x2e,0x72,0x2e,0x52,0x2e,0x72,0x2e,0x52,0x2e,0x72,0x2e,0x52,0x2e,
0x72,0x2e,0x72,0x2e,0x72,0x2e,0x72,0x2e,0x72,0x2e,0x72,0x2e,0x72,0x2e,0x72,0x2e,0x72,0x2e,0x72,0x2e,0x72,0x2e,0x72,0x2e,0x72,0x36,0x72,0x2e,0x72,0x2e,0x72,0x2e,
0x72,0x36,0x72,0x2e,0x72,0x36,0x72,0x2e,0x73,0x36,0x72,0x2e,0x92,0x36,0x72,0x2e,0x93,0x36,0x72,0x2e,0x93,0x36,0x72,0x2e,0x93,0x36,0x72,0x2e,0x93,0x36,0x92,0x2e,
0x93,0x36,0x92,0x36,0x93,0x36,0x92,0x36,0xb3,0x36,0x93,0x36,0xb3,0x36,0x92,0x36,0xb3,0x36,0x93,0x36,0xb3,0x36,0x92,0x36,0xb3,0x36,0x93,0x36,0xb3,0x36,0x92,0x36,
0xb3,0x36,0x93,0x36,0xb3,0x36,0x92,0x36,0xa3,0xfb,0x82,0xfb,0xa3,0xfb,0x82,0xf3,0xa3,0xfb,0x82,0xfb,0xa3,0xfb,0x82,0xf3,0xa3,0xfb,0x82,0xfb,0xa3,0xfb,0x82,0xf3,
0xa3,0xfb,0x82,0xfb,0xa3,0xfb,0x82,0xf3,0xa3,0xfb,0xa2,0xf3,0xc2,0xfb,0xc2,0xf3,0xc2,0xfb,0xc2,0xf3,0xe2,0xfb,0xe2,0xf3,0x02,0xfc,0xe2,0xf3,0x02,0xf4,0x02,0xf4,
0x02,0xfc,0x02,0xf4,0x22,0xf4,0x02,0xf4,0x22,0xf4,0x22,0xf4,0x22,0xf4,0x21,0xf4,0x42,0xf4,0x22,0xf4,0x42,0xf4,0x41,0xf4,0x42,0xf4,0x41,0xf4,0x42,0xf4,0x41,0xf4,
0x62,0xf4,0x41,0xf4,0x62,0xf4,0x41,0xf4,0x62,0xf4,0x61,0xf4,0x62,0xf4,0x61,0xf4,0x62,0xf4,0x61,0xf4,0x62,0xf4,0x61,0xf4,0x82,0xf4,0x61,0xf4,0x82,0xf4,0x61,0xf4,
0x82,0xf4,0x61,0xf4,0x82,0xf4,0x61,0xf4,0x82,0xf4,0x81,0xf4,0x82,0xf4,0x81,0xec,0x82,0xf4,0x81,0xf4,0x82,0xf4,0x81,0xec,0x82,0xf4,0x81,0xf4,0x82,0xf4,0x81,0xec,
0x82,0xf4,0x81,0xf4,0xa2,0xf4,0x81,0xec,0xa2,0xf4,0x81,0xf4,0xa2,0xf4,0x81,0xec,0xa2,0xf4,0x81,0xf4,0xa2,0xf4,0x81,0xec,0xa2,0xf4,0x81,0xf4,0xa2,0xf4,0x81,0xec,
0x51,0x26,0x52,0x2e,0x51,0x26,0x52,0x2e,0x51,0x26,0x52,0x2e,0x51,0x26,0x52,0x2e,0x51,0x26,0x52,0x2e,0x51,0x26,0x52,0x2e,0x51,0x26,0x52,0x2e,0x51,0x26,0x52,0x2e,
0x51,0x26,0x72,0x2e,0x51,0x26,0x72,0x2e,0x51,0x26,0x72,0x2e,0x51,0x26,0x72,0x2e,0x51,0x26,0x72,0x2e,0x51,0x26,0x72,0x2e,0x51,0x26,0x72,0x2e,0x52,0x2e,0x72,0x2e,
0x51,0x26,0x72,0x2e,0x52,0x2e,0x72,0x2e,0x51,0x26,0x72,0x2e,0x52,0x2e,0x72,0x2e,0x51,0x26,0x72,0x2e,0x52,0x2e,0x72,0x2e,0x51,0x2e,0x72,0x2e,0x52,0x2e,0x72,0x2e,
0x52,0x2e,0x72,0x2e,0x72,0x2e,0x72,0x2e,0x72,0x2e,0x72,0x2e,0x72,0x2e,0x72,0x2e,0x72,0x2e,0x72,0x2e,0x72,0x2e,0x72,0x2e,0x72,0x2e,0x72,0x2e,0x72,0x2e,0x72,0x36,
0x72,0x2e,0x92,0x36,0x72,0x2e,0x92,0x36,0x72,0x2e,0x92,0x36,0x72,0x2e,0x93,0x36,0x72,0x2e,0x93,0x36,0x92,0x36,0x93,0x36,0x92,0x36,0x93,0x36,0x92,0x36,0x93,0x36,
0x92,0x36,0x93,0x36,0x92,0x36,0x93,0x36,0x92,0x36,0x93,0x36,0x92,0x36,0x93,0x36,0x92,0x36,0x93,0x36,0x92,0x36,0x93,0x36,0x82,0xf3,0x82,0xfb,0x82,0xf3,0x82,0xfb,
0x82,0xf3,0x82,0xfb,0x82,0xf3,0x82,0xfb,0x82,0xf3,0x82,0xfb,0x82,0xf3,0x82,0xfb,0x82,0xf3,0x82,0xfb,0x82,0xf3,0x82,0xfb,0x82,0xf3,0xa2,0xfb,0xa2,0xf3,0xa2,0xfb,
0xa2,0xf3,0xc2,0xf3,0xc2,0xf3,0xe2,0xf3,0xc1,0xf3,0xe2,0xf3,0xe2,0xf3,0x02,0xf4,0xe1,0xf3,0x02,0xf4,0x01,0xf4,0x02,0xf4,0x01,0xf4,0x22,0xf4,0x01,0xf4,0x22,0xf4,
0x21,0xf4,0x22,0xf4,0x21,0xf4,0x42,0xf4,0x21,0xec,0x42,0xf4,0x21,0xf4,0x42,0xf4,0x41,0xec,0x42,0xf4,0x41,0xf4,0x42,0xf4,0x41,0xec,0x62,0xf4,0x41,0xf4,0x62,0xf4,
0x41,0xec,0x62,0xf4,0x41,0xec,0x62,0xf4,0x61,0xec,0x61,0xf4,0x61,0xec,0x62,0xf4,0x61,0xec,0x61,0xf4,0x61,0xec,0x62,0xf4,0x61,0xec,0x81,0xf4,0x61,0xec,0x82,0xf4,
0x61,0xec,0x81,0xf4,0x61,0xec,0x82,0xf4,0x61,0xec,0x81,0xf4,0x61,0xec,0x82,0xf4,0x81,0xec,0x81,0xf4,0x81,0xec,0x82,0xf4,0x81,0xec,0x81,0xf4,0x81,0xec,0x81,0xf4,
0x81,0xec,0x81,0xf4,0x81,0xec,0x81,0xf4,0x81,0xec,0x81,0xf4,0x81,0xec,0x81,0xf4,0x72,0x2e,0x52,0x26,0x72,0x2e,0x52,0x2e,0x72,0x2e,0x52,0x2e,0x72,0x2e,0x52,0x2e,
0x72,0x2e,0x52,0x2e,0x72,0x2e,0x52,0x2e,0x72,0x2e,0x52,0x2e,0x72,0x2e,0x52,0x2e,0x72,0x2e,0x52,0x2e,0x72,0x2e,0x52,0x2e,0x72,0x2e,0x52,0x2e,0x72,0x2e,0x52,0x2e,
0x72,0x2e,0x52,0x2e,0x72,0x2e,0x52,0x2e,0x72,0x2e,0x52,0x2e,0x72,0x2e,0x52,0x2e,0x72,0x2e,0x52,0x2e,0x72,0x2e,0x72,0x2e,0x72,0x2e,0x72,0x2e,0x72,0x2e,0x72,0x2e,
0x72,0x2e,0x72,0x2e,0x72,0x2e,0x72,0x2e,0x72,0x2e,0x72,0x2e,0x72,0x2e,0x72,0x2e,0x72,0x2e,0x72,0x2e,0x72,0x36,0x72,0x2e,0x72,0x2e,0x72,0x2e,0x73,0x36,0x72,0x2e,
0x72,0x36,0x72,0x2e,0x93,0x36,0x72,0x2e,0x92,0x36,0x72,0x2e,0x93,0x36,0x72,0x2e,0x93,0x36,0x72,0x2e,0x93,0x36,0x72,0x36,0x93,0x36,0x92,0x2e,0x93,0x36,0x92,0x36,
0x93,0x36,0x92,0x36,0xb3,0x36,0x93,0x36,0xb3,0x36,0x92,0x36,0xb3,0x36,0x93,0x36,0xb3,0x36,0x92,0x36,0xb3,0x36,0x93,0x36,0xb3,0x36,0x92,0x36,0xb3,0x36,0x93,0x36,
0xb3,0x36,0x92,0x36,0xb3,0x36,0x93,0x36,0xa3,0xfb,0x82,0xf3,0xa3,0xfb,0x82,0xfb,0xa3,0xfb,0x82,0xf3,0xa3,0xfb,0x82,0xfb,0xa3,0xfb,0x82,0xf3,0xa3,0xfb,0x82,0xfb,
0xa3,0xfb,0x82,0xf3,0xa3,0xfb,0x82,0xfb,0xa3,0xfb,0x82,0xf3,0xa3,0xfb,0xa2,0xf3,0xc2,0xfb,0xa2,0xf3,0xc2,0xfb,0xc2,0xf3,0xe2,0xfb,0xc2,0xf3,0xe2,0xfb,0xe2,0xf3,
0x02,0xfc,0xe2,0xf3,0x02,0xfc,0x02,0xf4,0x02,0xf4,0x02,0xf4,0x22,0xf4,0x02,0xf4,0x22,0xf4,0x21,0xf4,0x22,0xf4,0x22,0xf4,0x42,0xf4,0x21,0xf4,0x42,0xf4,0x22,0xf4,
0x42,0xf4,0x41,0xf4,0x42,0xf4,0x41,0xf4,0x42,0xf4,0x41,0xf4,0x62,0xf4,0x41,0xf4,0x62,0xf4,0x41,0xf4,0x62,0xf4,0x61,0xf4,0x62,0xf4,0x61,0xf4,0x62,0xf4,0x61,0xf4,
0x62,0xf4,0x61,0xf4,0x62,0xf4,0x61,0xf4,0x82,0xf4,0x61,0xf4,0x82,0xf4,0x61,0xf4,0x82,0xf4,0x61,0xf4,0x82,0xf4,0x61,0xf4,0x82,0xf4,0x61,0xec,0x82,0xf4,0x81,0xf4,
0x82,0xf4,0x81,0xec,0x82,0xf4,0x81,0xf4,0x82,0xf4,0x81,0xec,0x82,0xf4,0x81,0xf4,0x82,0xf4,0x81,0xec,0x82,0xf4,0x81,0xf4,0xa2,0xf4,0x81,0xec,0xa2,0xf4,0x81,0xf4,
0x51,0x26,0x52,0x2e,0x51,0x26,0x52,0x2e,0x51,0x26,0x52,0x2e,0x51,0x26,0x72,0x2e,0x51,0x26,0x72,0x2e,0x51,0x26,0x72,0x2e,0x51,0x26,0x72,0x2e,0x51,0x26,0x72,0x2e,
0x51,0x26,0x72,0x2e,0x51,0x26,0x72,0x2e,0x51,0x26,0x72,0x2e,0x51,0x26,0x72,0x2e,0x52,0x2e,0x72,0x2e,0x51,0x26,0x72,0x2e,0x52,0x2e,0x72,0x2e,0x51,0x26,0x72,0x2e,
0x52,0x2e,0x72,0x2e,0x51,0x26,0x72,0x2e,0x52,0x2e,0x72,0x2e,0x51,0x2e,0x72,0x2e,0x52,0x2e,0x72,0x2e,0x52,0x2e,0x72,0x2e,0x52,0x2e,0x72,0x2e,0x72,0x2e,0x72,0x2e,
0x72,0x2e,0x72,0x2e,0x72,0x2e,0x72,0x2e,0x72,0x2e,0x72,0x2e,0x72,0x2e,0x72,0x2e,0x72,0x2e,0x72,0x36,0x72,0x2e,0x72,0x2e,0x72,0x2e,0x92,0x36,0x72,0x2e,0x92,0x36,
0x72,0x2e,0x93,0x36,0x72,0x2e,0x92,0x36,0x72,0x2e,0x93,0x36,0x92,0x2e,0x93,0x36,0x92,0x36,0x93,0x36,0x92,0x36,0x93,0x36,0x92,0x36,0x93,0x36,0x92,0x36,0x93,0x36,
0x92,0x36,0x93,0x36,0x92,0x36,0x93,0x36,0x92,0x36,0x93,0x36,0x92,0x36,0x93,0x36,0x92,0x36,0x93,0x36,0x92,0x36,0x93,0x36,0x82,0xf3,0x82,0xfb,0x82,0xf3,0x82,0xfb,
0x82,0xf3,0x82,0xfb,0x82,0xf3,0x82,0xfb,0x82,0xf3,0x82,0xfb,0x82,0xf3,0x82,0xfb,0x82,0xf3,0x82,0xfb,0x82,0xf3,0x82,0xfb,0x82,0xf3,0x82,0xfb,0x82,0xf3,0xa2,0xfb,
0x82,0xf3,0xa2,0xfb,0xa2,0xf3,0xc2,0xf3,0xc2,0xf3,0xc2,0xf3,0xc1,0xf3,0xe2,0xf3,0xe2,0xf3,0xe2,0xf3,0xe1,0xf3,0x02,0xf4,0xe1,0xf3,0x02,0xf4,0x01,0xf4,0x02,0xf4,
0x01,0xf4,0x22,0xf4,0x01,0xf4,0x22,0xf4,0x21,0xf4,0x22,0xf4,0x21,0xf4,0x22,0xf4,0x21,0xf4,0x42,0xf4,0x21,0xec,0x42,0xf4,0x21,0xf4,0x42,0xf4,0x41,0xec,0x42,0xf4,
0x41,0xf4,0x42,0xf4,0x41,0xec,0x62,0xf4,0x41,0xf4,0x62,0xf4,0x41,0xec,0x62,0xf4,0x41,0xec,0x62,0xf4,0x61,0xec,0x62,0xf4,0x61,0xec,0x62,0xf4,0x61,0xec,0x61,0xf4,
0x61,0xec,0x62,0xf4,0x61,0xec,0x61,0xf4,0x61,0xec,0x82,0xf4,0x61,0xec,0x81,0xf4,0x61,0xec,0x82,0xf4,0x61,0xec,0x81,0xf4,0x61,0xec,0x82,0xf4,0x61,0xec,0x81,0xf4,
0x61,0xec,0x82,0xf4,0x81,0xec,0x81,0xf4,0x81,0xec,0x82,0xf4,0x81,0xec,0x81,0xf4,0x72,0x2e,0x52,0x2e,0x72,0x2e,0x52,0x2e,0x72,0x2e,0x52,0x2e,0x72,0x2e,0x52,0x2e,
0x72,0x2e,0x52,0x2e,0x72,0x2e,0x52,0x2e,0x72,0x2e,0x52,0x2e,0x72,0x2e,0x52,0x2e,0x72,0x2e,0x52,0x2e,0x72,0x2e,0x52,0x2e,0x72,0x2e,0x52,0x2e,0x72,0x2e,0x52,0x2e,
0x72,0x2e,0x52,0x2e,0x72,0x2e,0x52,0x2e,0x72,0x2e,0x72,0x2e,0x72,0x2e,0x72,0x2e,0x72,0x2e,0x72,0x2e,0x72,0x2e,0x72,0x2e,0x72,0x2e,0x72,0x2e,0x72,0x2e,0x72,0x2e,
0x72,0x2e,0x72,0x2e,0x72,0x2e,0x72,0x2e,0x72,0x36,0x72,0x2e,0x72,0x2e,0x72,0x2e,0x72,0x36,0x72,0x2e,0x72,0x36,0x72,0x2e,0x73,0x36,0x72,0x2e,0x92,0x36,0x72,0x2e,
0x93,0x36,0x72,0x2e,0x93,0x36,0x72,0x2e,0x93,0x36,0x72,0x2e,0x93,0x36,0x72,0x2e,0x93,0x36,0x92,0x36,0x93,0x36,0x92,0x36,0x93,0x36,0x92,0x36,0x93,0x36,0x92,0x36,
0xb3,0x36,0x93,0x36,0xb3,0x36,0x92,0x36,0xb3,0x36,0x93,0x36,0xb3,0x36,0x92,0x36,0xb3,0x36,0x93,0x36,0xb3,0x36,0x92,0x36,0xb3,0x36,0x93,0x36,0xb3,0x36,0x92,0x36,
0xb3,0x36,0x93,0x36,0xb3,0x36,0x92,0x36,0xa3,0xfb,0x82,0xfb,0xa3,0xfb,0x82,0xf3,0xa3,0xfb,0x82,0xfb,0xa3,0xfb,0x82,0xf3,0xa3,0xfb,0x82,0xfb,0xa3,0xfb,0x82,0xf3,
0xa3,0xfb,0x82,0xfb,0xa3,0xfb,0x82,0xf3,0xa3,0xfb,0x82,0xfb,0xa3,0xfb,0x82,0xf3,0xa3,0xfb,0xa2,0xf3,0xa2,0xfb,0xa2,0xf3,0xc2,0xfb,0xc2,0xf3,0xe2,0xfb,0xc2,0xf3,
0xe2,0xfb,0xe2,0xf3,0xe2,0xfb,0xe2,0xf3,0x02,0xfc,0x02,0xf4,0x02,0xf4,0x02,0xf4,0x22,0xfc,0x02,0xf4,0x22,0xf4,0x02,0xf4,0x22,0xf4,0x22,0xf4,0x22,0xf4,0x21,0xf4,
0x42,0xf4,0x22,0xf4,0x42,0xf4,0x21,0xf4,0x42,0xf4,0x42,0xf4,0x42,0xf4,0x41,0xf4,0x42,0xf4,0x41,0xf4,0x62,0xf4,0x41,0xf4,0x62,0xf4,0x41,0xf4,0x62,0xf4,0x41,0xf4,
0x62,0xf4,0x41,0xf4,0x62,0xf4,0x61,0xf4,0x62,0xf4,0x61,0xf4,0x62,0xf4,0x61,0xf4,0x62,0xf4,0x61,0xf4,0x82,0xf4,0x61,0xf4,0x82,0xf4,0x61,0xf4,0x82,0xf4,0x61,0xf4,
0x82,0xf4,0x61,0xf4,0x82,0xf4,0x61,0xf4,0x82,0xf4,0x61,0xf4,0x82,0xf4,0x81,0xec,0x82,0xf4,0x81,0xf4,0x82,0xf4,0x81,0xec,0x82,0xf4,0x81,0xf4,0x82,0xf4,0x81,0xec,
0x51,0x26,0x72,0x2e,0x51,0x26,0x72,0x2e,0x51,0x26,0x72,0x2e,0x51,0x26,0x72,0x2e,0x51,0x26,0x72,0x2e,0x51,0x26,0x72,0x2e,0x51,0x26,0x72,0x2e,0x52,0x2e,0x72,0x2e,
0x51,0x26,0x72,0x2e,0x52,0x2e,0x72,0x2e,0x51,0x26,0x72,0x2e,0x52,0x2e,0x72,0x2e,0x51,0x26,0x72,0x2e,0x52,0x2e,0x72,0x2e,0x51,0x26,0x72,0x2e,0x52,0x2e,0x72,0x2e,
0x51,0x2e,0x72,0x2e,0x52,0x2e,0x72,0x2e,0x52,0x2e,0x72,0x2e,0x52,0x2e,0x72,0x2e,0x72,0x2e,0x72,0x2e,0x72,0x2e,0x72,0x2e,0x72,0x2e,0x72,0x2e,0x72,0x2e,0x72,0x2e,
0x72,0x2e,0x72,0x2e,0x72,0x2e,0x72,0x2e,0x72,0x2e,0x72,0x2e,0x72,0x2e,0x72,0x36,0x72,0x2e,0x72,0x2e,0x72,0x2e,0x92,0x36,0x72,0x2e,0x92,0x36,0x72,0x2e,0x93,0x36,
0x72,0x2e,0x92,0x36,0x72,0x2e,0x93,0x36,0x92,0x2e,0x93,0x36,0x92,0x36,0x93,0x36,0x92,0x36,0x93,0x36,0x92,0x36,0x93,0x36,0x92,0x36,0x93,0x36,0x92,0x36,0x93,0x36,
0x92,0x36,0x93,0x36,0x92,0x36,0x93,0x36,0x92,0x36,0x93,0x36,0x92,0x36,0x93,0x36,0x92,0x36,0x93,0x36,0x92,0x36,0x93,0x36,0x82,0xf3,0x82,0xfb,0x82,0xf3,0x82,0xfb,
0x82,0xf3,0x82,0xfb,0x82,0xf3,0x82,0xfb,0x82,0xf3,0x82,0xfb,0x82,0xf3,0x82,0xfb,0x82,0xf3,0x82,0xfb,0x82,0xf3,0x82,0xfb,0x82,0xf3,0x82,0xfb,0x82,0xf3,0x82,0xfb,
0x82,0xf3,0xa2,0xfb,0x82,0xf3,0xa2,0xfb,0xa2,0xf3,0xc2,0xf3,0xa2,0xf3,0xc2,0xfb,0xc2,0xf3,0xe2,0xf3,0xc2,0xf3,0xe2,0xf3,0xe1,0xf3,0xe2,0xf3,0xe2,0xf3,0x02,0xf4,
0xe1,0xf3,0x02,0xf4,0x01,0xf4,0x02,0xf4,0x01,0xf4,0x22,0xf4,0x01,0xf4,0x22,0xf4,0x21,0xf4,0x22,0xf4,0x21,0xf4,0x22,0xf4,0x21,0xf4,0x42,0xf4,0x21,0xf4,0x42,0xf4,
0x21,0xec,0x42,0xf4,0x41,0xf4,0x42,0xf4,0x41,0xec,0x42,0xf4,0x41,0xf4,0x42,0xf4,0x41,0xec,0x62,0xf4,0x41,0xf4,0x62,0xf4,0x41,0xec,0x62,0xf4,0x41,0xec,0x62,0xf4,
0x41,0xec,0x62,0xf4,0x61,0xec,0x62,0xf4,0x61,0xec,0x61,0xf4,0x61,0xec,0x62,0xf4,0x61,0xec,0x61,0xf4,0x61,0xec,0x62,0xf4,0x61,0xec,0x81,0xf4,0x61,0xec,0x82,0xf4,
0x61,0xec,0x81,0xf4,0x61,0xec,0x82,0xf4,0x61,0xec,0x81,0xf4,0x61,0xec,0x82,0xf4,0x72,0x2e,0x52,0x2e,0x72,0x2e,0x52,0x2e,0x72,0x2e,0x52,0x2e,0x72,0x2e,0x52,0x2e,
0x72,0x2e,0x52,0x2e,0x72,0x2e,0x52,0x2e,0x72,0x2e,0x52,0x2e,0x72,0x2e,0x52,0x2e,0x72,0x2e,0x52,0x2e,0x72,0x2e,0x52,0x2e,0x72,0x2e,0x52,0x2e,0x72,0x2e,0x72,0x2e,
0x72,0x2e,0x72,0x2e,0x72,0x2e,0x72,0x2e,0x72,0x2e,0x72,0x2e,0x72,0x2e,0x72,0x2e,0x72,0x2e,0x72,0x2e,0x72,0x2e,0x72,0x2e,0x72,0x2e,0x72,0x2e,0x72,0x36,0x72,0x2e,
0x72,0x2e,0x72,0x2e,0x72,0x36,0x72,0x2e,0x72,0x2e,0x72,0x2e,0x73,0x36,0x72,0x2e,0x72,0x36,0x72,0x2e,0x93,0x36,0x72,0x2e,0x92,0x36,0x72,0x2e,0x93,0x36,0x72,0x2e,
0x93,0x36,0x72,0x2e,0x93,0x36,0x72,0x2e,0x93,0x36,0x72,0x2e,0x93,0x36,0x92,0x36,0x93,0x36,0x92,0x36,0x93,0x36,0x92,0x36,0x93,0x36,0x92,0x36,0xb3,0x36,0x93,0x36,
0xb3,0x36,0x92,0x36,0xb3,0x36,0x93,0x36,0xb3,0x36,0x92,0x36,0xb3,0x36,0x93,0x36,0xb3,0x36,0x92,0x36,0xb3,0x36,0x93,0x36,0xb3,0x36,0x92,0x36,0xb3,0x36,0x93,0x36,
0xb3,0x36,0x92,0x36,0xb3,0x36,0x93,0x36,0xa3,0xfb,0x82,0xf3,0xa3,0xfb,0x82,0xfb,0xa3,0xfb,0x82,0xf3,0xa3,0xfb,0x82,0xfb,0xa3,0xfb,0x82,0xf3,0xa3,0xfb,0x82,0xfb,
0xa3,0xfb,0x82,0xf3,0xa3,0xfb,0x82,0xfb,0xa3,0xfb,0x82,0xf3,0xa3,0xfb,0x82,0xfb,0xa3,0xfb,0x82,0xf3,0xa3,0xfb,0xa2,0xf3,0xa2,0xfb,0xa2,0xf3,0xc2,0xfb,0xc2,0xf3,
0xc2,0xfb,0xc2,0xf3,0xe2,0xfb,0xe2,0xf3,0xe2,0xfb,0xe2,0xf3,0x02,0xfc,0xe2,0xf3,0x02,0xf4,0x02,0xf4,0x02,0xfc,0x02,0xf4,0x22,0xf4,0x02,0xf4,0x22,0xf4,0x02,0xf4,
0x22,0xf4,0x21,0xf4,0x22,0xf4,0x22,0xf4,0x22,0xf4,0x21,0xf4,0x42,0xf4,0x22,0xf4,0x42,0xf4,0x21,0xf4,0x42,0xf4,0x42,0xf4,0x42,0xf4,0x41,0xf4,0x42,0xf4,0x41,0xf4,
0x62,0xf4,0x41,0xf4,0x62,0xf4,0x41,0xf4,0x62,0xf4,0x41,0xf4,0x62,0xf4,0x41,0xf4,0x62,0xf4,0x61,0xf4,0x62,0xf4,0x61,0xf4,0x62,0xf4,0x61,0xf4,0x62,0xf4,0x61,0xf4,
0x62,0xf4,0x61,0xf4,0x82,0xf4,0x61,0xf4,0x82,0xf4,0x61,0xf4,0x82,0xf4,0x61,0xf4,0x82,0xf4,0x61,0xf4,0x82,0xf4,0x61,0xf4,0x82,0xf4,0x61,0xf4,0x82,0xf4,0x81,0xf4,
0x51,0x26,0x72,0x2e,0x51,0x26,0x72,0x2e,0x51,0x26,0x72,0x2e,0x51,0x26,0x72,0x2e,0x52,0x2e,0x72,0x2e,0x51,0x26,0x72,0x2e,0x52,0x2e,0x72,0x2e,0x51,0x26,0x72,0x2e,
0x52,0x2e,0x72,0x2e,0x51,0x26,0x72,0x2e,0x52,0x2e,0x72,0x2e,0x51,0x26,0x72,0x2e,0x52,0x2e,0x72,0x2e,0x51,0x2e,0x72,0x2e,0x52,0x2e,0x72,0x2e,0x52,0x2e,0x72,0x2e,
0x52,0x2e,0x72,0x2e,0x52,0x2e,0x72,0x2e,0x72,0x2e,0x72,0x2e,0x72,0x2e,0x72,0x2e,0x72,0x2e,0x72,0x2e,0x72,0x2e,0x72,0x2e,0x72,0x2e,0x72,0x2e,0x72,0x2e,0x72,0x2e,
0x72,0x2e,0x72,0x2e,0x72,0x2e,0x72,0x2e,0x72,0x2e,0x72,0x36,0x72,0x2e,0x92,0x36,0x72,0x2e,0x92,0x36,0x72,0x2e,0x92,0x36,0x72,0x2e,0x93,0x36,0x72,0x2e,0x92,0x36,
0x72,0x2e,0x93,0x36,0x92,0x2e,0x93,0x36,0x92,0x36,0x93,0x36,0x92,0x36,0x93,0x36,0x92,0x36,0x93,0x36,0x92,0x36,0x93,0x36,0x92,0x36,0x93,0x36,0x92,0x36,0x93,0x36,
0x92,0x36,0x93,0x36,0x92,0x36,0x93,0x36,0x92,0x36,0x93,0x36,0x92,0x36,0x93,0x36,0x92,0x36,0x93,0x36,0x92,0x36,0x93,0x36,0x82,0xf3,0x82,0xfb,0x82,0xf3,0x82,0xfb,
0x82,0xf3,0x82,0xfb,0x82,0xf3,0x82,0xfb,0x82,0xf3,0x82,0xfb,0x82,0xf3,0x82,0xfb,0x82,0xf3,0x82,0xfb,0x82,0xf3,0x82,0xfb,0x82,0xf3,0x82,0xfb,0x82,0xf3,0x82,0xfb,
0x82,0xf3,0x82,0xfb,0x82,0xf3,0xa2,0xfb,0x82,0xf3,0xa2,0xfb,0xa2,0xf3,0xc2,0xf3,0xa2,0xf3,0xc2,0xfb,0xc2,0xf3,0xc2,0xf3,0xc2,0xf3,0xe2,0xf3,0xe1,0xf3,0xe2,0xf3,
0xe2,0xf3,0x02,0xf4,0xe1,0xf3,0x02,0xf4,0x01,0xf4,0x02,0xf4,0x01,0xf4,0x02,0xf4,0x01,0xf4,0x22,0xf4,0x01,0xf4,0x22,0xf4,0x21,0xf4,0x22,0xf4,0x21,0xf4,0x22,0xf4,
0x21,0xf4,0x42,0xf4,0x21,0xec,0x42,0xf4,0x21,0xf4,0x42,0xf4,0x21,0xec,0x42,0xf4,0x41,0xf4,0x42,0xf4,0x41,0xec,0x42,0xf4,0x41,0xf4,0x42,0xf4,0x41,0xec,0x62,0xf4,
0x41,0xf4,0x62,0xf4,0x41,0xec,0x62,0xf4,0x41,0xec,0x62,0xf4,0x41,0xec,0x62,0xf4,0x61,0xec,0x62,0xf4,0x61,0xec,0x61,0xf4,0x61,0xec,0x62,0xf4,0x61,0xec,0x61,0xf4,
0x61,0xec,0x62,0xf4,0x61,0xec,0x61,0xf4,0x61,0xec,0x82,0xf4,0x61,0xec,0x81,0xf4,0x72,0x2e,0x52,0x2e,0x72,0x2e,0x52,0x2e,0x72,0x2e,0x52,0x2e,0x72,0x2e,0x52,0x2e,
0x72,0x2e,0x52,0x2e,0x72,0x2e,0x52,0x2e,0x72,0x2e,0x52,0x2e,0x72,0x2e,0x72,0x2e,0x72,0x2e,0x72,0x2e,0x72,0x2e,0x72,0x2e,0x72,0x2e,0x72,0x2e,0x72,0x2e,0x72,0x2e,
0x72,0x2e,0x72,0x2e,0x72,0x2e,0x72,0x2e,0x72,0x2e,0x72,0x2e,0x72,0x2e,0x72,0x2e,0x72,0x36,0x72,0x2e,0x72,0x2e,0x72,0x2e,0x72,0x36,0x72,0x2e,0x72,0x2e,0x72,0x2e,
0x72,0x36,0x72,0x2e,0x72,0x36,0x72,0x2e,0x93,0x36,0x72,0x2e,0x92,0x36,0x72,0x2e,0x93,0x36,0x72,0x2e,0x92,0x36,0x72,0x2e,0x93,0x36,0x72,0x2e,0x93,0x36,0x72,0x2e,
0x93,0x36,0x72,0x2e,0x93,0x36,0x92,0x2e,0x93,0x36,0x92,0x36,0x93,0x36,0x92,0x36,0x93,0x36,0x92,0x36,0x93,0x36,0x92,0x36,0xb3,0x36,0x93,0x36,0xb3,0x36,0x92,0x36,
0xb3,0x36,0x93,0x36,0xb3,0x36,0x92,0x36,0xb3,0x36,0x93,0x36,0xb3,0x36,0x92,0x36,0xb3,0x36,0x93,0x36,0xb3,0x36,0x92,0x36,0xb3,0x36,0x93,0x36,0xb3,0x36,0x92,0x36,
0xb3,0x36,0x93,0x36,0xb3,0x36,0x92,0x36,0xa3,0xfb,0x82,0xfb,0xa3,0xfb,0x82,0xf3,0xa3,0xfb,0x82,0xfb,0xa3,0xfb,0x82,0xf3,0xa3,0xfb,0x82,0xfb,0xa3,0xfb,0x82,0xf3,
0xa3,0xfb,0x82,0xfb,0xa3,0xfb,0x82,0xf3,0xa3,0xfb,0x82,0xfb,0xa3,0xfb,0x82,0xf3,0xa3,0xfb,0x82,0xfb,0xa3,0xfb,0x82,0xf3,0xa3,0xfb,0xa2,0xf3,0xa2,0xfb,0xa2,0xf3,
0xc2,0xfb,0xc2,0xf3,0xc2,0xfb,0xc2,0xf3,0xe2,0xfb,0xc2,0xf3,0xe2,0xfb,0xe2,0xf3,0xe2,0xfb,0xe2,0xf3,0x02,0xf4,0xe2,0xf3,0x02,0xfc,0x02,0xf4,0x02,0xf4,0x02,0xf4,
0x22,0xfc,0x02,0xf4,0x22,0xf4,0x02,0xf4,0x22,0xf4,0x22,0xf4,0x22,0xf4,0x21,0xf4,0x22,0xf4,0x22,0xf4,0x42,0xf4,0x21,0xf4,0x42,0xf4,0x22,0xf4,0x42,0xf4,0x41,0xf4,
0x42,0xf4,0x42,0xf4,0x42,0xf4,0x41,0xf4,0x42,0xf4,0x41,0xf4,0x62,0xf4,0x41,0xf4,0x62,0xf4,0x41,0xf4,0x62,0xf4,0x41,0xf4,0x62,0xf4,0x41,0xf4,0x62,0xf4,0x61,0xf4,
0x62,0xf4,0x61,0xf4,0x62,0xf4,0x61,0xf4,0x62,0xf4,0x61,0xf4,0x62,0xf4,0x61,0xf4,0x62,0xf4,0x61,0xf4,0x82,0xf4,0x61,0xf4,0x82,0xf4,0x61,0xf4,0x82,0xf4,0x61,0xf4,
0x51,0x26,0x72,0x2e,0x52,0x2e,0x72,0x2e,0x51,0x26,0x72,0x2e,0x52,0x2e,0x72,0x2e,0x51,0x26,0x72,0x2e,0x52,0x2e,0x72,0x2e,0x51,0x26,0x72,0x2e,0x52,0x2e,0x72,0x2e,
0x51,0x26,0x72,0x2e,0x52,0x2e,0x72,0x2e,0x51,0x2e,0x72,0x2e,0x52,0x2e,0x72,0x2e,0x52,0x2e,0x72,0x2e,0x52,0x2e,0x72,0x2e,0x52,0x2e,0x72,0x2e,0x72,0x2e,0x72,0x2e,
0x72,0x2e,0x72,0x2e,0x72,0x2e,0x72,0x2e,0x72,0x2e,0x72,0x2e,0x72,0x2e,0x72,0x2e,0x72,0x2e,0x72,0x2e,0x72,0x2e,0x72,0x2e,0x72,0x2e,0x72,0x2e,0x72,0x2e,0x72,0x36,
0x72,0x2e,0x72,0x2e,0x72,0x2e,0x92,0x36,0x72,0x2e,0x92,0x36,0x72,0x2e,0x92,0x36,0x72,0x2e,0x92,0x36,0x72,0x2e,0x93,0x36,0x72,0x2e,0x92,0x36,0x72,0x2e,0x93,0x36,
0x92,0x2e,0x93,0x36,0x92,0x36,0x93,0x36,0x92,0x36,0x93,0x36,0x92,0x36,0x93,0x36,0x92,0x36,0x93,0x36,0x92,0x36,0x93,0x36,0x92,0x36,0x93,0x36,0x92,0x36,0x93,0x36,
0x92,0x36,0x93,0x36,0x92,0x36,0x93,0x36,0x92,0x36,0x93,0x36,0x92,0x36,0x93,0x36,0x92,0x36,0x93,0x36,0x92,0x36,0x93,0x36,0x82,0xf3,0x82,0xfb,0x82,0xf3,0x82,0xfb,
0x82,0xf3,0x82,0xfb,0x82,0xf3,0x82,0xfb,0x82,0xf3,0x82,0xfb,0x82,0xf3,0x82,0xfb,0x82,0xf3,0x82,0xfb,0x82,0xf3,0x82,0xfb,0x82,0xf3,0x82,0xfb,0x82,0xf3,0x82,0xfb,
0x82,0xf3,0x82,0xfb,0x82,0xf3,0x82,0xfb,0x82,0xf3,0xa2,0xfb,0x82,0xf3,0xa2,0xfb,0xa2,0xf3,0xc2,0xf3,0xa2,0xf3,0xc2,0xfb,0xc2,0xf3,0xc2,0xf3,0xc2,0xf3,0xe2,0xf3,
0xc1,0xf3,0xe2,0xf3,0xe2,0xf3,0xe2,0xf3,0xe1,0xf3,0x02,0xf4,0xe1,0xf3,0x02,0xf4,0x01,0xf4,0x02,0xf4,0x01,0xf4,0x02,0xf4,0x01,0xf4,0x22,0xf4,0x01,0xf4,0x22,0xf4,
0x01,0xf4,0x22,0xf4,0x21,0xf4,0x22,0xf4,0x21,0xf4,0x22,0xf4,0x21,0xf4,0x42,0xf4,0x21,0xec,0x42,0xf4,0x21,0xf4,0x42,0xf4,0x21,0xec,0x42,0xf4,0x41,0xf4,0x42,0xf4,
0x41,0xec,0x42,0xf4,0x41,0xf4,0x42,0xf4,0x41,0xec,0x62,0xf4,0x41,0xf4,0x62,0xf4,0x41,0xec,0x62,0xf4,0x41,0xec,0x62,0xf4,0x41,0xec,0x62,0xf4,0x41,0xec,0x62,0xf4,
0x61,0xec,0x61,0xf4,0x61,0xec,0x62,0xf4,0x61,0xec,0x61,0xf4,0x61,0xec,0x62,0xf4,0x72,0x2e,0x52,0x2e,0x72,0x2e,0x52,0x2e,0x72,0x2e,0x52,0x2e,0x72,0x2e,0x52,0x2e,
0x72,0x2e,0x72,0x2e,0x72,0x2e,0x72,0x2e,0x72,0x2e,0x72,0x2e,0x72,0x2e,0x72,0x2e,0x72,0x2e,0x72,0x2e,0x72,0x2e,0x72,0x2e,0x72,0x2e,0x72,0x2e,0x72,0x2e,0x72,0x2e,
0x72,0x2e,0x72,0x2e,0x72,0x2e,0x72,0x2e,0x72,0x2e,0x72,0x2e,0x72,0x36,0x72,0x2e,0x72,0x2e,0x72,0x2e,0x72,0x36,0x72,0x2e,0x72,0x2e,0x72,0x2e,0x73,0x36,0x72,0x2e,
0x92,0x36,0x72,0x2e,0x93,0x36,0x72,0x2e,0x92,0x36,0x72,0x2e,0x93,0x36,0x72,0x2e,0x93,0x36,0x72,0x2e,0x93,0x36,0x72,0x2e,0x93,0x36,0x72,0x2e,0x93,0x36,0x72,0x36,
0x93,0x36,0x92,0x2e,0x93,0x36,0x92,0x36,0x93,0x36,0x92,0x36,0x93,0x36,0x92,0x36,0x93,0x36,0x92,0x36,0xb3,0x36,0x93,0x36,0xb3,0x36,0x92,0x36,0xb3,0x36,0x93,0x36,
0xb3,0x36,0x92,0x36,0xb3,0x36,0x93,0x36,0xb3,0x36,0x92,0x36,0xb3,0x36,0x93,0x36,0xb3,0x36,0x92,0x36,0xb3,0x36,0x93,0x36,0xb3,0x36,0x92,0x36,0xb3,0x36,0x93,0x36,
0xb3,0x36,0x92,0x36,0xb3,0x36,0x93,0x36,0xa3,0xfb,0x82,0xf3,0xa3,0xfb,0x82,0xfb,0xa3,0xfb,0x82,0xf3,0xa3,0xfb,0x82,0xfb,0xa3,0xfb,0x82,0xf3,0xa3,0xfb,0x82,0xfb,
0xa3,0xfb,0x82,0xf3,0xa3,0xfb,0x82,0xfb,0xa3,0xfb,0x82,0xf3,0xa3,0xfb,0x82,0xfb,0xa3,0xfb,0x82,0xf3,0xa3,0xfb,0x82,0xfb,0xa3,0xfb,0x82,0xf3,0xa3,0xfb,0xa2,0xf3,
0xa2,0xfb,0xa2,0xf3,0xc2,0xfb,0xa2,0xf3,0xc2,0xfb,0xc2,0xf3,0xe2,0xfb,0xc2,0xf3,0xe2,0xfb,0xe2,0xf3,0xe2,0xfb,0xe2,0xf3,0x02,0xfc,0xe2,0xf3,0x02,0xfc,0xe2,0xf3,
0x02,0xf4,0x02,0xf4,0x02,0xfc,0x02,0xf4,0x22,0xf4,0x02,0xf4,0x22,0xf4,0x02,0xf4,0x22,0xf4,0x21,0xf4,0x22,0xf4,0x22,0xf4,0x22,0xf4,0x21,0xf4,0x42,0xf4,0x22,0xf4,
0x42,0xf4,0x21,0xf4,0x42,0xf4,0x22,0xf4,0x42,0xf4,0x41,0xf4,0x42,0xf4,0x41,0xf4,0x42,0xf4,0x41,0xf4,0x42,0xf4,0x41,0xf4,0x62,0xf4,0x41,0xf4,0x62,0xf4,0x41,0xf4,
0x62,0xf4,0x41,0xf4,0x62,0xf4,0x41,0xf4,0x62,0xf4,0x61,0xf4,0x62,0xf4,0x61,0xf4,0x62,0xf4,0x61,0xf4,0x62,0xf4,0x61,0xf4,0x62,0xf4,0x61,0xf4,0x62,0xf4,0x61,0xf4,
0x52,0x2e,0x72,0x2e,0x51,0x26,0x72,0x2e,0x52,0x2e,0x72,0x2e,0x51,0x26,0x72,0x2e,0x52,0x2e,0x72,0x2e,0x51,0x2e,0x72,0x2e,0x52,0x2e,0x72,0x2e,0x51,0x2e,0x72,0x2e,
0x52,0x2e,0x72,0x2e,0x52,0x2e,0x72,0x2e,0x52,0x2e,0x72,0x2e,0x52,0x2e,0x72,0x2e,0x52,0x2e,0x72,0x2e,0x72,0x2e,0x72,0x2e,0x72,0x2e,0x72,0x2e,0x72,0x2e,0x72,0x2e,
0x72,0x2e,0x72,0x2e,0x72,0x2e,0x72,0x2e,0x72,0x2e,0x72,0x2e,0x72,0x2e,0x72,0x2e,0x72,0x2e,0x72,0x2e,0x72,0x2e,0x72,0x2e,0x72,0x2e,0x72,0x36,0x72,0x2e,0x72,0x2e,
0x72,0x2e,0x92,0x36,0x72,0x2e,0x92,0x36,0x72,0x2e,0x92,0x36,0x72,0x2e,0x92,0x36,0x72,0x2e,0x93,0x36,0x72,0x2e,0x92,0x36,0x72,0x2e,0x93,0x36,0x92,0x2e,0x93,0x36,
0x92,0x36,0x93,0x36,0x92,0x36,0x93,0x36,0x92,0x36,0x93,0x36,0x92,0x36,0x93,0x36,0x92,0x36,0x93,0x36,0x92,0x36,0x93,0x36,0x92,0x36,0x93,0x36,0x92,0x36,0x93,0x36,
0x92,0x36,0x93,0x36,0x92,0x36,0x93,0x36,0x92,0x36,0x93,0x36,0x92,0x36,0x93,0x36,0x92,0x36,0x93,0x36,0x92,0x36,0x93,0x36,0x82,0xf3,0x82,0xfb,0x82,0xf3,0x82,0xfb,
0x82,0xf3,0x82,0xfb,0x82,0xf3,0x82,0xfb,0x82,0xf3,0x82,0xfb,0x82,0xf3,0x82,0xfb,0x82,0xf3,0x82,0xfb,0x82,0xf3,0x82,0xfb,0x82,0xf3,0x82,0xfb,0x82,0xf3,0x82,0xfb,
0x82,0xf3,0x82,0xfb,0x82,0xf3,0x82,0xfb,0x82,0xf3,0x82,0xfb,0x82,0xf3,0xa2,0xfb,0x82,0xf3,0xa2,0xfb,0xa2,0xf3,0xa2,0xf3,0xa2,0xf3,0xc2,0xfb,0xc2,0xf3,0xc2,0xf3,
0xc2,0xf3,0xe2,0xf3,0xc1,0xf3,0xe2,0xf3,0xe2,0xf3,0xe2,0xf3,0xe1,0xf3,0xe2,0xf3,0xe2,0xf3,0x02,0xf4,0xe1,0xf3,0x02,0xf4,0x01,0xf4,0x02,0xf4,0x01,0xf4,0x02,0xf4,
0x01,0xf4,0x22,0xf4,0x01,0xf4,0x22,0xf4,0x01,0xf4,0x22,0xf4,0x21,0xf4,0x22,0xf4,0x21,0xf4,0x22,0xf4,0x21,0xf4,0x42,0xf4,0x21,0xf4,0x42,0xf4,0x21,0xec,0x42,0xf4,
0x21,0xf4,0x42,0xf4,0x41,0xec,0x42,0xf4,0x41,0xf4,0x42,0xf4,0x41,0xec,0x42,0xf4,0x41,0xf4,0x42,0xf4,0x41,0xec,0x62,0xf4,0x41,0xf4,0x62,0xf4,0x41,0xec,0x62,0xf4,
0x41,0xec,0x62,0xf4,0x41,0xec,0x62,0xf4,0x41,0xec,0x62,0xf4,0x61,0xec,0x62,0xf4,0x72,0x2e,0x52,0x2e,0x72,0x2e,0x72,0x2e,0x72,0x2e,0x72,0x2e,0x72,0x2e,0x72,0x2e,
0x72,0x2e,0x72,0x2e,0x72,0x2e,0x72,0x2e,0x72,0x2e,0x72,0x2e,0x72,0x2e,0x72,0x2e,0x72,0x2e,0x72,0x2e,0x72,0x2e,0x72,0x2e,0x72,0x2e,0x72,0x2e,0x72,0x2e,0x72,0x2e,
0x72,0x36,0x72,0x2e,0x72,0x2e,0x72,0x2e,0x72,0x36,0x72,0x2e,0x72,0x2e,0x72,0x2e,0x73,0x36,0x72,0x2e,0x72,0x36,0x72,0x2e,0x93,0x36,0x72,0x2e,0x92,0x36,0x72,0x2e,
0x93,0x36,0x72,0x2e,0x92,0x36,0x72,0x2e,0x93,0x36,0x72,0x2e,0x93,0x36,0x72,0x2e,0x93,0x36,0x72,0x2e,0x93,0x36,0x72,0x2e,0x93,0x36,0x72,0x36,0x93,0x36,0x92,0x2e,
0x93,0x36,0x92,0x36,0x93,0x36,0x92,0x36,0x93,0x36,0x92,0x36,0x93,0x36,0x92,0x36,0xb3,0x36,0x93,0x36,0xb3,0x36,0x92,0x36,0xb3,0x36,0x93,0x36,0xb3,0x36,0x92,0x36,
0xb3,0x36,0x93,0x36,0xb3,0x36,0x92,0x36,0xb3,0x36,0x93,0x36,0xb3,0x36,0x92,0x36,0xb3,0x36,0x93,0x36,0xb3,0x36,0x92,0x36,0xb3,0x36,0x93,0x36,0xb3,0x36,0x92,0x36,
0xb3,0x36,0x93,0x36,0xb3,0x36,0x92,0x36,0xa3,0xfb,0x82,0xfb,0xa3,0xfb,0x82,0xf3,0xa3,0xfb,0x82,0xfb,0xa3,0xfb,0x82,0xf3,0xa3,0xfb,0x82,0xfb,0xa3,0xfb,0x82,0xf3,
0xa3,0xfb,0x82,0xfb,0xa3,0xfb,0x82,0xf3,0xa3,0xfb,0x82,0xfb,0xa3,0xfb,0x82,0xf3,0xa3,0xfb,0x82,0xfb,0xa3,0xfb,0x82,0xf3,0xa3,0xfb,0x82,0xfb,0xa3,0xfb,0x82,0xf3,
0xa3,0xfb,0x82,0xf3,0xa2,0xfb,0xa2,0xf3,0xc3,0xfb,0xa2,0xf3,0xc2,0xfb,0xc2,0xf3,0xc2,0xfb,0xc2,0xf3,0xe2,0xfb,0xc2,0xf3,0xe2,0xfb,0xe2,0xf3,0xe2,0xfb,0xe2,0xf3,
0x02,0xfc,0xe2,0xf3,0x02,0xf4,0x02,0xf4,0x02,0xfc,0x02,0xf4,0x02,0xf4,0x02,0xf4,0x22,0xfc,0x02,0xf4,0x22,0xf4,0x02,0xf4,0x22,0xf4,0x22,0xf4,0x22,0xf4,0x21,0xf4,
0x22,0xf4,0x22,0xf4,0x42,0xf4,0x21,0xf4,0x42,0xf4,0x22,0xf4,0x42,0xf4,0x21,0xf4,0x42,0xf4,0x42,0xf4,0x42,0xf4,0x41,0xf4,0x42,0xf4,0x41,0xf4,0x42,0xf4,0x41,0xf4,
0x42,0xf4,0x41,0xf4,0x62,0xf4,0x41,0xf4,0x62,0xf4,0x41,0xf4,0x62,0xf4,0x41,0xf4,0x62,0xf4,0x41,0xf4,0x62,0xf4,0x61,0xf4,0x62,0xf4,0x61,0xf4,0x62,0xf4,0x61,0xf4,
0x51,0x26,0x72,0x2e,0x52,0x2e,0x72,0x2e,0x51,0x2e,0x72,0x2e,0x52,0x2e,0x72,0x2e,0x51,0x2e,0x72,0x2e,0x52,0x2e,0x72,0x2e,0x52,0x2e,0x72,0x2e,0x52,0x2e,0x72,0x2e,
0x52,0x2e,0x72,0x2e,0x52,0x2e,0x72,0x2e,0x72,0x2e,0x72,0x2e,0x72,0x2e,0x72,0x2e,0x72,0x2e,0x72,0x2e,0x72,0x2e,0x72,0x2e,0x72,0x2e,0x72,0x2e,0x72,0x2e,0x72,0x2e,
0x72,0x2e,0x72,0x2e,0x72,0x2e,0x72,0x2e,0x72,0x2e,0x72,0x2e,0x72,0x2e,0x72,0x36,0x72,0x2e,0x72,0x2e,0x72,0x2e,0x72,0x36,0x72,0x2e,0x92,0x36,0x72,0x2e,0x92,0x36,
0x72,0x2e,0x92,0x36,0x72,0x2e,0x93,0x36,0x72,0x2e,0x92,0x36,0x72,0x2e,0x93,0x36,0x72,0x2e,0x92,0x36,0x92,0x2e,0x93,0x36,0x92,0x2e,0x93,0x36,0x92,0x36,0x93,0x36,
0x92,0x36,0x93,0x36,0x92,0x36,0x93,0x36,0x92,0x36,0x93,0x36,0x92,0x36,0x93,0x36,0x92,0x36,0x93,0x36,0x92,0x36,0x93,0x36,0x92,0x36,0x93,0x36,0x92,0x36,0x93,0x36,
0x92,0x36,0x93,0x36,0x92,0x36,0x93,0x36,0x92,0x36,0x93,0x36,0x92,0x36,0x93,0x36,0x92,0x36,0x93,0x36,0x92,0x36,0x93,0x36,0x82,0xf3,0x82,0xfb,0x82,0xf3,0x82,0xfb,
0x82,0xf3,0x82,0xfb,0x82,0xf3,0x82,0xfb,0x82,0xf3,0x82,0xfb,0x82,0xf3,0x82,0xfb,0x82,0xf3,0x82,0xfb,0x82,0xf3,0x82,0xfb,0x82,0xf3,0x82,0xfb,0x82,0xf3,0x82,0xfb,
0x82,0xf3,0x82,0xfb,0x82,0xf3,0x82,0xfb,0x82,0xf3,0x82,0xfb,0x82,0xf3,0x82,0xfb,0x82,0xf3,0x82,0xfb,0x82,0xf3,0xa2,0xfb,0xa2,0xf3,0xa2,0xf3,0xa2,0xf3,0xc2,0xfb,
0xa2,0xf3,0xc2,0xf3,0xc2,0xf3,0xc2,0xf3,0xc1,0xf3,0xe2,0xf3,0xc2,0xf3,0xe2,0xf3,0xe1,0xf3,0xe2,0xf3,0xe2,0xf3,0x02,0xf4,0xe1,0xf3,0x02,0xf4,0xe1,0xf3,0x02,0xf4,
0x01,0xf4,0x02,0xf4,0x01,0xf4,0x02,0xf4,0x01,0xf4,0x22,0xf4,0x01,0xf4,0x22,0xf4,0x01,0xf4,0x22,0xf4,0x21,0xf4,0x22,0xf4,0x21,0xf4,0x22,0xf4,0x21,0xf4,0x22,0xf4,
0x21,0xf4,0x42,0xf4,0x21,0xf4,0x42,0xf4,0x21,0xec,0x42,0xf4,0x21,0xf4,0x42,0xf4,0x41,0xec,0x42,0xf4,0x41,0xf4,0x42,0xf4,0x41,0xec,0x42,0xf4,0x41,0xf4,0x42,0xf4,
0x41,0xec,0x62,0xf4,0x41,0xf4,0x62,0xf4,0x41,0xec,0x62,0xf4,0x41,0xec,0x62,0xf4,0x72,0x2e,0x72,0x2e,0x72,0x2e,0x72,0x2e,0x72,0x2e,0x72,0x2e,0x72,0x2e,0x72,0x2e,
0x72,0x2e,0x72,0x2e,0x72,0x2e,0x72,0x2e,0x72,0x2e,0x72,0x2e,0x72,0x2e,0x72,0x2e,0x72,0x2e,0x72,0x2e,0x72,0x36,0x72,0x2e,0x72,0x2e,0x72,0x2e,0x72,0x36,0x72,0x2e,
0x72,0x2e,0x72,0x2e,0x72,0x36,0x72,0x2e,0x72,0x36,0x72,0x2e,0x73,0x36,0x72,0x2e,0x92,0x36,0x72,0x2e,0x93,0x36,0x72,0x2e,0x92,0x36,0x72,0x2e,0x93,0x36,0x72,0x2e,
0x92,0x36,0x72,0x2e,0x93,0x36,0x72,0x2e,0x93,0x36,0x72,0x2e,0x93,0x36,0x72,0x2e,0x93,0x36,0x72,0x2e,0x93,0x36,0x92,0x36,0x93,0x36,0x92,0x2e,0x93,0x36,0x92,0x36,
0x93,0x36,0x92,0x36,0x93,0x36,0x92,0x36,0x93,0x36,0x92,0x36,0xb3,0x36,0x93,0x36,0xb3,0x36,0x92,0x36,0xb3,0x36,0x93,0x36,0xb3,0x36,0x92,0x36,0xb3,0x36,0x93,0x36,
0xb3,0x36,0x92,0x36,0xb3,0x36,0x93,0x36,0xb3,0x36,0x92,0x36,0xb3,0x36,0x93,0x36,0xb3,0x36,0x92,0x36,0xb3,0x36,0x93,0x36,0xb3,0x36,0x92,0x36,0xb3,0x36,0x93,0x36,
0xb3,0x36,0x92,0x36,0xb3,0x36,0x93,0x36,0xa3,0xfb,0x82,0xf3,0xa3,0xfb,0x82,0xfb,0xa3,0xfb,0x82,0xf3,0xa3,0xfb,0x82,0xfb,0xa3,0xfb,0x82,0xf3,0xa3,0xfb,0x82,0xfb,
0xa3,0xfb,0x82,0xf3,0xa3,0xfb,0x82,0xfb,0xa3,0xfb,0x82,0xf3,0xa3,0xfb,0x82,0xfb,0xa3,0xfb,0x82,0xf3,0xa3,0xfb,0x82,0xfb,0xa3,0xfb,0x82,0xf3,0xa3,0xfb,0x82,0xfb,
0xa3,0xfb,0x82,0xf3,0xa3,0xfb,0x82,0xf3,0xa2,0xfb,0xa2,0xf3,0xc3,0xfb,0xa2,0xf3,0xc2,0xfb,0xc2,0xf3,0xc2,0xfb,0xc2,0xf3,0xe2,0xfb,0xc2,0xf3,0xe2,0xfb,0xe2,0xf3,
0xe2,0xfb,0xe2,0xf3,0xe2,0xfb,0xe2,0xf3,0x02,0xf4,0xe2,0xf3,0x02,0xfc,0x02,0xf4,0x02,0xf4,0x02,0xf4,0x02,0xfc,0x02,0xf4,0x22,0xf4,0x02,0xf4,0x22,0xf4,0x02,0xf4,
0x22,0xf4,0x21,0xf4,0x22,0xf4,0x22,0xf4,0x22,0xf4,0x21,0xf4,0x22,0xf4,0x22,0xf4,0x42,0xf4,0x21,0xf4,0x42,0xf4,0x22,0xf4,0x42,0xf4,0x21,0xf4,0x42,0xf4,0x42,0xf4,
0x42,0xf4,0x41,0xf4,0x42,0xf4,0x41,0xf4,0x42,0xf4,0x41,0xf4,0x62,0xf4,0x41,0xf4,0x62,0xf4,0x41,0xf4,0x62,0xf4,0x41,0xf4,0x62,0xf4,0x41,0xf4,0x62,0xf4,0x41,0xf4,
0x52,0x2e,0x72,0x2e,0x51,0x2e,0x72,0x2e,0x52,0x2e,0x72,0x2e,0x51,0x2e,0x72,0x2e,0x52,0x2e,0x72,0x2e,0x52,0x2e,0x72,0x2e,0x52,0x2e,0x72,0x2e,0x52,0x2e,0x72,0x2e,
0x72,0x2e,0x72,0x2e,0x72,0x2e,0x72,0x2e,0x72,0x2e,0x72,0x2e,0x72,0x2e,0x72,0x2e,0x72,0x2e,0x72,0x2e,0x72,0x2e,0x72,0x2e,0x72,0x2e,0x72,0x2e,0x72,0x2e,0x72,0x2e,
0x72,0x2e,0x72,0x2e,0x72,0x2e,0x72,0x2e,0x72,0x2e,0x72,0x36,0x72,0x2e,0x72,0x2e,0x72,0x2e,0x92,0x36,0x72,0x2e,0x92,0x36,0x72,0x2e,0x92,0x36,0x72,0x2e,0x92,0x36,
0x72,0x2e,0x93,0x36,0x72,0x2e,0x92,0x36,0x72,0x2e,0x93,0x36,0x72,0x2e,0x92,0x36,0x92,0x2e,0x93,0x36,0x92,0x2e,0x93,0x36,0x92,0x36,0x93,0x36,0x92,0x36,0x93,0x36,
0x92,0x36,0x93,0x36,0x92,0x36,0x93,0x36,0x92,0x36,0x93,0x36,0x92,0x36,0x93,0x36,0x92,0x36,0x93,0x36,0x92,0x36,0x93,0x36,0x92,0x36,0x93,0x36,0x92,0x36,0x93,0x36,
0x92,0x36,0x93,0x36,0x92,0x36,0x93,0x36,0x92,0x36,0x93,0x36,0x92,0x36,0x93,0x36,0x92,0x36,0x93,0x36,0x92,0x36,0x93,0x36,0x82,0xf3,0x82,0xfb,0x82,0xf3,0x82,0xfb,
0x82,0xf3,0x82,0xfb,0x82,0xf3,0x82,0xfb,0x82,0xf3,0x82,0xfb,0x82,0xf3,0x82,0xfb,0x82,0xf3,0x82,0xfb,0x82,0xf3,0x82,0xfb,0x82,0xf3,0x82,0xfb,0x82,0xf3,0x82,0xfb,
0x82,0xf3,0x82,0xfb,0x82,0xf3,0x82,0xfb,0x82,0xf3,0x82,0xfb,0x82,0xf3,0x82,0xfb,0x82,0xf3,0x82,0xfb,0x82,0xf3,0x82,0xfb,0x82,0xf3,0xa2,0xfb,0xa2,0xf3,0xa2,0xfb,
0xa2,0xf3,0xc2,0xfb,0xa2,0xf3,0xc2,0xf3,0xc2,0xf3,0xc2,0xfb,0xc2,0xf3,0xe2,0xf3,0xc2,0xf3,0xe2,0xf3,0xe1,0xf3,0xe2,0xf3,0xe2,0xf3,0xe2,0xf3,0xe1,0xf3,0x02,0xf4,
0xe1,0xf3,0x02,0xf4,0xe1,0xf3,0x02,0xf4,0x01,0xf4,0x02,0xf4,0x01,0xf4,0x02,0xf4,0x01,0xf4,0x22,0xf4,0x01,0xf4,0x22,0xf4,0x01,0xf4,0x22,0xf4,0x21,0xf4,0x22,0xf4,
0x21,0xf4,0x22,0xf4,0x21,0xf4,0x22,0xf4,0x21,0xf4,0x42,0xf4,0x21,0xec,0x42,0xf4,0x21,0xf4,0x42,0xf4,0x21,0xec,0x42,0xf4,0x21,0xf4,0x42,0xf4,0x41,0xec,0x42,0xf4,
0x41,0xf4,0x42,0xf4,0x41,0xec,0x42,0xf4,0x41,0xf4,0x42,0xf4,0x41,0xec,0x62,0xf4,0x72,0x2e,0x72,0x2e,0x72,0x2e,0x72,0x2e,0x72,0x2e,0x72,0x2e,0x72,0x2e,0x72,0x2e,
0x72,0x2e,0x72,0x2e,0x72,0x2e,0x72,0x2e,0x72,0x36,0x72,0x2e,0x72,0x2e,0x72,0x2e,0x72,0x36,0x72,0x2e,0x72,0x2e,0x72,0x2e,0x72,0x36,0x72,0x2e,0x72,0x2e,0x72,0x2e,
0x73,0x36,0x72,0x2e,0x72,0x36,0x72,0x2e,0x93,0x36,0x72,0x2e,0x92,0x36,0x72,0x2e,0x93,0x36,0x72,0x2e,0x92,0x36,0x72,0x2e,0x93,0x36,0x72,0x2e,0x93,0x36,0x72,0x2e,
0x93,0x36,0x72,0x2e,0x93,0x36,0x72,0x2e,0x93,0x36,0x72,0x2e,0x93,0x36,0x72,0x2e,0x93,0x36,0x92,0x36,0x93,0x36,0x92,0x2e,0x93,0x36,0x92,0x36,0x93,0x36,0x92,0x36,
0x93,0x36,0x92,0x36,0x93,0x36,0x92,0x36,0xb3,0x36,0x93,0x36,0xb3,0x36,0x92,0x36,0xb3,0x36,0x93,0x36,0xb3,0x36,0x92,0x36,0xb3,0x36,0x93,0x36,0xb3,0x36,0x92,0x36,
0xb3,0x36,0x93,0x36,0xb3,0x36,0x92,0x36,0xb3,0x36,0x93,0x36,0xb3,0x36,0x92,0x36,0xb3,0x36,0x93,0x36,0xb3,0x36,0x92,0x36,0xb3,0x36,0x93,0x36,0xb3,0x36,0x92,0x36,
0xb3,0x36,0x93,0x36,0xb3,0x36,0x92,0x36,0xa3,0xfb,0x82,0xfb,0xa3,0xfb,0x82,0xf3,0xa3,0xfb,0x82,0xfb,0xa3,0xfb,0x82,0xf3,0xa3,0xfb,0x82,0xfb,0xa3,0xfb,0x82,0xf3,
0xa3,0xfb,0x82,0xfb,0xa3,0xfb,0x82,0xf3,0xa3,0xfb,0x82,0xfb,0xa3,0xfb,0x82,0xf3,0xa3,0xfb,0x82,0xfb,0xa3,0xfb,0x82,0xf3,0xa3,0xfb,0x82,0xfb,0xa3,0xfb,0x82,0xf3,
0xa3,0xfb,0x82,0xfb,0xa3,0xfb,0x82,0xf3,0xa3,0xfb,0x82,0xf3,0xa2,0xfb,0xa2,0xf3,0xa3,0xfb,0xa2,0xf3,0xc2,0xfb,0xc2,0xf3,0xc2,0xfb,0xc2,0xf3,0xe2,0xfb,0xc2,0xf3,
0xe2,0xfb,0xc2,0xf3,0xe2,0xfb,0xe2,0xf3,0xe2,0xfb,0xe2,0xf3,0x02,0xfc,0xe2,0xf3,0x02,0xfc,0xe2,0xf3,0x02,0xf4,0x02,0xf4,0x02,0xfc,0x02,0xf4,0x02,0xf4,0x02,0xf4,
0x22,0xfc,0x02,0xf4,0x22,0xf4,0x02,0xf4,0x22,0xf4,0x22,0xf4,0x22,0xf4,0x21,0xf4,0x22,0xf4,0x22,0xf4,0x22,0xf4,0x21,0xf4,0x42,0xf4,0x22,0xf4,0x42,0xf4,0x21,0xf4,
0x42,0xf4,0x22,0xf4,0x42,0xf4,0x41,0xf4,0x42,0xf4,0x42,0xf4,0x42,0xf4,0x41,0xf4,0x42,0xf4,0x41,0xf4,0x42,0xf4,0x41,0xf4,0x62,0xf4,0x41,0xf4,0x62,0xf4,0x41,0xf4,
0x51,0x2e,0x72,0x2e,0x52,0x2e,0x72,0x2e,0x52,0x2e,0x72,0x2e,0x52,0x2e,0x72,0x2e,0x52,0x2e,0x72,0x2e,0x72,0x2e,0x72,0x2e,0x72,0x2e,0x72,0x2e,0x72,0x2e,0x72,0x2e,
0x72,0x2e,0x72,0x2e,0x72,0x2e,0x72,0x2e,0x72,0x2e,0x72,0x2e,0x72,0x2e,0x72,0x2e,0x72,0x2e,0x72,0x2e,0x72,0x2e,0x72,0x2e,0x72,0x2e,0x72,0x2e,0x72,0x2e,0x72,0x36,
0x72,0x2e,0x72,0x2e,0x72,0x2e,0x72,0x36,0x72,0x2e,0x72,0x2e,0x72,0x2e,0x92,0x36,0x72,0x2e,0x92,0x36,0x72,0x2e,0x92,0x36,0x72,0x2e,0x92,0x36,0x72,0x2e,0x93,0x36,
0x72,0x2e,0x92,0x36,0x72,0x2e,0x93,0x36,0x72,0x2e,0x93,0x36,0x92,0x2e,0x93,0x36,0x92,0x2e,0x93,0x36,0x92,0x36,0x93,0x36,0x92,0x36,0x93,0x36,0x92,0x36,0x93,0x36,
0x92,0x36,0x93,0x36,0x92,0x36,0x93,0x36,0x92,0x36,0x93,0x36,0x92,0x36,0x93,0x36,0x92,0x36,0x93,0x36,0x92,0x36,0x93,0x36,0x92,0x36,0x93,0x36,0x92,0x36,0x93,0x36,
0x92,0x36,0x93,0x36,0x92,0x36,0x93,0x36,0x92,0x36,0x93,0x36,0x92,0x36,0x93,0x36,0x92,0x36,0x93,0x36,0x92,0x36,0x93,0x36,0x82,0xf3,0x82,0xfb,0x82,0xf3,0x82,0xfb,
0x82,0xf3,0x82,0xfb,0x82,0xf3,0x82,0xfb,0x82,0xf3,0x82,0xfb,0x82,0xf3,0x82,0xfb,0x82,0xf3,0x82,0xfb,0x82,0xf3,0x82,0xfb,0x82,0xf3,0x82,0xfb,0x82,0xf3,0x82,0xfb,
0x82,0xf3,0x82,0xfb,0x82,0xf3,0x82,0xfb,0x82,0xf3,0x82,0xfb,0x82,0xf3,0x82,0xfb,0x82,0xf3,0x82,0xfb,0x82,0xf3,0x82,0xfb,0x82,0xf3,0x82,0xfb,0x82,0xf3,0xa2,0xfb,
0xa2,0xf3,0xa2,0xfb,0xa2,0xf3,0xc2,0xfb,0xa2,0xf3,0xc2,0xf3,0xc2,0xf3,0xc2,0xfb,0xc2,0xf3,0xc2,0xf3,0xc2,0xf3,0xe2,0xf3,0xc1,0xf3,0xe2,0xf3,0xe2,0xf3,0xe2,0xf3,
0xe1,0xf3,0x02,0xf4,0xe2,0xf3,0x02,0xf4,0xe1,0xf3,0x02,0xf4,0x01,0xf4,0x02,0xf4,0x01,0xf4,0x02,0xf4,0x01,0xf4,0x02,0xf4,0x01,0xf4,0x22,0xf4,0x01,0xf4,0x22,0xf4,
0x01,0xf4,0x22,0xf4,0x21,0xf4,0x22,0xf4,0x21,0xf4,0x22,0xf4,0x21,0xf4,0x22,0xf4,0x21,0xf4,0x42,0xf4,0x21,0xf4,0x42,0xf4,0x21,0xec,0x42,0xf4,0x21,0xf4,0x42,0xf4,
0x21,0xec,0x42,0xf4,0x41,0xf4,0x42,0xf4,0x41,0xec,0x42,0xf4,0x41,0xf4,0x42,0xf4,0x72,0x2e,0x72,0x2e,0x72,0x2e,0x72,0x2e,0x72,0x2e,0x72,0x2e,0x72,0x36,0x72,0x2e,
0x72,0x2e,0x72,0x2e,0x72,0x36,0x72,0x2e,0x72,0x2e,0x72,0x2e,0x72,0x36,0x72,0x2e,0x72,0x2e,0x72,0x2e,0x72,0x36,0x72,0x2e,0x72,0x36,0x72,0x2e,0x73,0x36,0x72,0x2e,
0x92,0x36,0x72,0x2e,0x93,0x36,0x72,0x2e,0x92,0x36,0x72,0x2e,0x93,0x36,0x72,0x2e,0x92,0x36,0x72,0x2e,0x93,0x36,0x72,0x2e,0x93,0x36,0x72,0x2e,0x93,0x36,0x72,0x2e,
0x93,0x36,0x72,0x2e,0x93,0x36,0x72,0x2e,0x93,0x36,0x92,0x2e,0x93,0x36,0x92,0x36,0x93,0x36,0x92,0x2e,0x93,0x36,0x92,0x36,0x93,0x36,0x92,0x36,0x93,0x36,0x92,0x36,
0x93,0x36,0x92,0x36,0xb3,0x36,0x93,0x36,0xb3,0x36,0x92,0x36,0xb3,0x36,0x93,0x36,0xb3,0x36,0x92,0x36,0xb3,0x36,0x93,0x36,0xb3,0x36,0x92,0x36,0xb3,0x36,0x93,0x36,
0xb3,0x36,0x92,0x36,0xb3,0x36,0x93,0x36,0xb3,0x36,0x92,0x36,0xb3,0x36,0x93,0x36,0xb3,0x36,0x92,0x36,0xb3,0x36,0x93,0x36,0xb3,0x36,0x92,0x36,0xb3,0x36,0x93,0x36,
0xb3,0x36,0x92,0x36,0xb3,0x36,0x93,0x36,0xa3,0xfb,0x82,0xf3,0xa3,0xfb,0x82,0xfb,0xa3,0xfb,0x82,0xf3,0xa3,0xfb,0x82,0xfb,0xa3,0xfb,0x82,0xf3,0xa3,0xfb,0x82,0xfb,
0xa3,0xfb,0x82,0xf3,0xa3,0xfb,0x82,0xfb,0xa3,0xfb,0x82,0xf3,0xa3,0xfb,0x82,0xfb,0xa3,0xfb,0x82,0xf3,0xa3,0xfb,0x82,0xfb,0xa3,0xfb,0x82,0xf3,0xa3,0xfb,0x82,0xfb,
0xa3,0xfb,0x82,0xf3,0xa3,0xfb,0x82,0xfb,0xa3,0xfb,0x82,0xf3,0xa3,0xfb,0x82,0xf3,0xa2,0xfb,0xa2,0xf3,0xa3,0xfb,0xa2,0xf3,0xc2,0xfb,0xa2,0xf3,0xc2,0xfb,0xc2,0xf3,
0xc2,0xfb,0xc2,0xf3,0xe2,0xfb,0xc2,0xf3,0xe2,0xfb,0xe2,0xf3,0xe2,0xfb,0xe2,0xf3,0xe2,0xfb,0xe2,0xf3,0x02,0xfc,0xe2,0xf3,0x02,0xf4,0x02,0xf4,0x02,0xfc,0x02,0xf4,
0x02,0xf4,0x02,0xf4,0x02,0xfc,0x02,0xf4,0x22,0xf4,0x02,0xf4,0x22,0xf4,0x02,0xf4,0x22,0xf4,0x22,0xf4,0x22,0xf4,0x22,0xf4,0x22,0xf4,0x21,0xf4,0x22,0xf4,0x22,0xf4,
0x42,0xf4,0x21,0xf4,0x42,0xf4,0x22,0xf4,0x42,0xf4,0x21,0xf4,0x42,0xf4,0x22,0xf4,0x42,0xf4,0x41,0xf4,0x42,0xf4,0x42,0xf4,0x42,0xf4,0x41,0xf4,0x42,0xf4,0x41,0xf4,
0x52,0x2e,0x72,0x2e,0x52,0x2e,0x72,0x2e,0x52,0x2e,0x72,0x2e,0x72,0x2e,0x72,0x2e,0x72,0x2e,0x72,0x2e,0x72,0x2e,0x72,0x2e,0x72,0x2e,0x72,0x2e,0x72,0x2e,0x72,0x2e,
0x72,0x2e,0x72,0x2e,0x72,0x2e,0x72,0x2e,0x72,0x2e,0x72,0x2e,0x72,0x2e,0x72,0x2e,0x72,0x2e,0x72,0x2e,0x72,0x2e,0x72,0x2e,0x72,0x2e,0x72,0x36,0x72,0x2e,0x72,0x2e,
0x72,0x2e,0x72,0x36,0x72,0x2e,0x92,0x2e,0x72,0x2e,0x92,0x36,0x72,0x2e,0x92,0x36,0x72,0x2e,0x92,0x36,0x72,0x2e,0x92,0x36,0x72,0x2e,0x93,0x36,0x72,0x2e,0x92,0x36,
0x72,0x2e,0x93,0x36,0x72,0x2e,0x93,0x36,0x92,0x2e,0x93,0x36,0x92,0x2e,0x93,0x36,0x92,0x36,0x93,0x36,0x92,0x36,0x93,0x36,0x92,0x36,0x93,0x36,0x92,0x36,0x93,0x36,
0x92,0x36,0x93,0x36,0x92,0x36,0x93,0x36,0x92,0x36,0x93,0x36,0x92,0x36,0x93,0x36,0x92,0x36,0x93,0x36,0x92,0x36,0x93,0x36,0x92,0x36,0x93,0x36,0x92,0x36,0x93,0x36,
0x92,0x36,0x93,0x36,0x92,0x36,0x93,0x36,0x92,0x36,0x93,0x36,0x92,0x36,0x93,0x36,0x92,0x36,0x93,0x36,0x92,0x36,0x93,0x36,0x82,0xf3,0x82,0xfb,0x82,0xf3,0x82,0xfb,
0x82,0xf3,0x82,0xfb,0x82,0xf3,0x82,0xfb,0x82,0xf3,0x82,0xfb,0x82,0xf3,0x82,0xfb,0x82,0xf3,0x82,0xfb,0x82,0xf3,0x82,0xfb,0x82,0xf3,0x82,0xfb,0x82,0xf3,0x82,0xfb,
0x82,0xf3,0x82,0xfb,0x82,0xf3,0x82,0xfb,0x82,0xf3,0x82,0xfb,0x82,0xf3,0x82,0xfb,0x82,0xf3,0x82,0xfb,0x82,0xf3,0x82,0xfb,0x82,0xf3,0x82,0xfb,0x82,0xf3,0x82,0xfb,
0x82,0xf3,0xa2,0xfb,0x82,0xf3,0xa2,0xfb,0xa2,0xf3,0xa2,0xfb,0xa2,0xf3,0xc2,0xf3,0xa2,0xf3,0xc2,0xfb,0xc2,0xf3,0xc2,0xf3,0xc2,0xf3,0xe2,0xf3,0xc1,0xf3,0xe2,0xf3,
0xe2,0xf3,0xe2,0xf3,0xe1,0xf3,0xe2,0xf3,0xe2,0xf3,0x02,0xf4,0xe1,0xf3,0x02,0xf4,0xe1,0xf3,0x02,0xf4,0x01,0xf4,0x02,0xf4,0x01,0xf4,0x02,0xf4,0x01,0xf4,0x02,0xf4,
0x01,0xf4,0x22,0xf4,0x01,0xf4,0x22,0xf4,0x01,0xf4,0x22,0xf4,0x21,0xf4,0x22,0xf4,0x21,0xf4,0x22,0xf4,0x21,0xf4,0x22,0xf4,0x21,0xf4,0x22,0xf4,0x21,0xf4,0x42,0xf4,
0x21,0xf4,0x42,0xf4,0x21,0xec,0x42,0xf4,0x21,0xf4,0x42,0xf4,0x21,0xec,0x42,0xf4,0x72,0x2e,0x72,0x2e,0x72,0x2e,0x72,0x2e,0x72,0x36,0x72,0x2e,0x72,0x2e,0x72,0x2e,
0x72,0x36,0x72,0x2e,0x72,0x2e,0x72,0x2e,0x72,0x36,0x72,0x2e,0x72,0x2e,0x72,0x2e,0x73,0x36,0x72,0x2e,0x72,0x36,0x72,0x2e,0x93,0x36,0x72,0x2e,0x92,0x36,0x72,0x2e,
0x93,0x36,0x72,0x2e,0x92,0x36,0x72,0x2e,0x93,0x36,0x72,0x2e,0x93,0x36,0x72,0x2e,0x93,0x36,0x72,0x2e,0x93,0x36,0x72,0x2e,0x93,0x36,0x72,0x2e,0x93,0x36,0x72,0x2e,
0x93,0x36,0x72,0x36,0x93,0x36,0x92,0x2e,0x93,0x36,0x92,0x36,0x93,0x36,0x92,0x36,0x93,0x36,0x92,0x36,0x93,0x36,0x92,0x36,0x93,0x36,0x92,0x36,0x93,0x36,0x92,0x36,
0xb3,0x36,0x93,0x36,0xb3,0x36,0x92,0x36,0xb3,0x36,0x93,0x36,0xb3,0x36,0x92,0x36,0xb3,0x36,0x93,0x36,0xb3,0x36,0x92,0x36,0xb3,0x36,0x93,0x36,0xb3,0x36,0x92,0x36,
0xb3,0x36,0x93,0x36,0xb3,0x36,0x92,0x36,0xb3,0x36,0x93,0x36,0xb3,0x36,0x92,0x36,0xb3,0x36,0x93,0x36,0xb3,0x36,0x92,0x36,0xb3,0x36,0x93,0x36,0xb3,0x36,0x92,0x36,
0xb3,0x36,0x93,0x36,0xb3,0x36,0x92,0x36,0xa3,0xfb,0x82,0xfb,0xa3,0xfb,0x82,0xf3,0xa3,0xfb,0x82,0xfb,0xa3,0xfb,0x82,0xf3,0xa3,0xfb,0x82,0xfb,0xa3,0xfb,0x82,0xf3,
0xa3,0xfb,0x82,0xfb,0xa3,0xfb,0x82,0xf3,0xa3,0xfb,0x82,0xfb,0xa3,0xfb,0x82,0xf3,0xa3,0xfb,0x82,0xfb,0xa3,0xfb,0x82,0xf3,0xa3,0xfb,0x82,0xfb,0xa3,0xfb,0x82,0xf3,
0xa3,0xfb,0x82,0xfb,0xa3,0xfb,0x82,0xf3,0xa3,0xfb,0x82,0xfb,0xa3,0xfb,0x82,0xf3,0xa3,0xfb,0x82,0xf3,0xa2,0xfb,0xa2,0xf3,0xa3,0xfb,0xa2,0xf3,0xc2,0xfb,0xa2,0xf3,
0xc2,0xfb,0xc2,0xf3,0xc2,0xfb,0xc2,0xf3,0xe2,0xfb,0xc2,0xf3,0xe2,0xfb,0xc2,0xf3,0xe2,0xfb,0xe2,0xf3,0xe2,0xfb,0xe2,0xf3,0x02,0xfc,0xe2,0xf3,0x02,0xf4,0xe2,0xf3,
0x02,0xfc,0x02,0xf4,0x02,0xf4,0x02,0xf4,0x02,0xfc,0x02,0xf4,0x22,0xf4,0x02,0xf4,0x22,0xfc,0x02,0xf4,0x22,0xf4,0x02,0xf4,0x22,0xf4,0x22,0xf4,0x22,0xf4,0x21,0xf4,
0x22,0xf4,0x22,0xf4,0x22,0xf4,0x21,0xf4,0x42,0xf4,0x22,0xf4,0x42,0xf4,0x21,0xf4,0x42,0xf4,0x22,0xf4,0x42,0xf4,0x21,0xf4,0x42,0xf4,0x42,0xf4,0x42,0xf4,0x41,0xf4,
0x72,0x2e,0x72,0x2e,0x72,0x2e,0x72,0x2e,0x72,0x2e,0x72,0x2e,0x72,0x2e,0x72,0x2e,0x72,0x2e,0x72,0x2e,0x72,0x2e,0x72,0x2e,0x72,0x2e,0x72,0x2e,0x72,0x2e,0x72,0x2e,
0x72,0x2e,0x72,0x2e,0x72,0x2e,0x72,0x2e,0x72,0x2e,0x72,0x2e,0x72,0x2e,0x72,0x2e,0x72,0x2e,0x72,0x2e,0x72,0x2e,0x72,0x36,0x72,0x2e,0x72,0x2e,0x72,0x2e,0x92,0x36,
0x72,0x2e,0x92,0x36,0x72,0x2e,0x92,0x36,0x72,0x2e,0x92,0x36,0x72,0x2e,0x92,0x36,0x72,0x2e,0x92,0x36,0x72,0x2e,0x93,0x36,0x72,0x2e,0x92,0x36,0x72,0x2e,0x93,0x36,
0x72,0x2e,0x93,0x36,0x92,0x2e,0x93,0x36,0x92,0x2e,0x93,0x36,0x92,0x36,0x93,0x36,0x92,0x36,0x93,0x36,0x92,0x36,0x93,0x36,0x92,0x36,0x93,0x36,0x92,0x36,0x93,0x36,
0x92,0x36,0x93,0x36,0x92,0x36,0x93,0x36,0x92,0x36,0x93,0x36,0x92,0x36,0x93,0x36,0x92,0x36,0x93,0x36,0x92,0x36,0x93,0x36,0x92,0x36,0x93,0x36,0x92,0x36,0x93,0x36,
0x92,0x36,0x93,0x36,0x92,0x36,0x93,0x36,0x92,0x36,0x93,0x36,0x92,0x36,0x93,0x36,0x92,0x36,0x93,0x36,0x92,0x36,0x93,0x36,0x82,0xf3,0x82,0xfb,0x82,0xf3,0x82,0xfb,
0x82,0xf3,0x82,0xfb,0x82,0xf3,0x82,0xfb,0x82,0xf3,0x82,0xfb,0x82,0xf3,0x82,0xfb,0x82,0xf3,0x82,0xfb,0x82,0xf3,0x82,0xfb,0x82,0xf3,0x82,0xfb,0x82,0xf3,0x82,0xfb,
0x82,0xf3,0x82,0xfb,0x82,0xf3,0x82,0xfb,0x82,0xf3,0x82,0xfb,0x82,0xf3,0x82,0xfb,0x82,0xf3,0x82,0xfb,0x82,0xf3,0x82,0xfb,0x82,0xf3,0x82,0xfb,0x82,0xf3,0x82,0xfb,
0x82,0xf3,0x82,0xfb,0x82,0xf3,0xa2,0xfb,0x82,0xf3,0xa2,0xfb,0xa2,0xf3,0xa2,0xfb,0xa2,0xf3,0xc2,0xf3,0xa2,0xf3,0xc2,0xfb,0xc2,0xf3,0xc2,0xf3,0xc2,0xf3,0xe2,0xf3,
0xc1,0xf3,0xe2,0xf3,0xc2,0xf3,0xe2,0xf3,0xe1,0xf3,0xe2,0xf3,0xe2,0xf3,0xe2,0xf3,0xe1,0xf3,0x02,0xf4,0xe1,0xf3,0x02,0xf4,0xe1,0xf3,0x02,0xf4,0x01,0xf4,0x02,0xf4,
0x01,0xf4,0x02,0xf4,0x01,0xf4,0x22,0xf4,0x01,0xf4,0x22,0xf4,0x01,0xf4,0x22,0xf4,0x01,0xf4,0x22,0xf4,0x21,0xf4,0x22,0xf4,0x21,0xf4,0x22,0xf4,0x21,0xf4,0x22,0xf4,
0x21,0xf4,0x22,0xf4,0x21,0xf4,0x42,0xf4,0x21,0xec,0x42,0xf4,0x21,0xf4,0x42,0xf4,0x72,0x2e,0x72,0x2e,0x72,0x36,0x72,0x2e,0x72,0x2e,0x72,0x2e,0x72,0x36,0x72,0x2e,
0x72,0x2e,0x72,0x2e,0x72,0x36,0x72,0x2e,0x72,0x36,0x72,0x2e,0x73,0x36,0x72,0x2e,0x92,0x36,0x72,0x2e,0x93,0x36,0x72,0x2e,0x92,0x36,0x72,0x2e,0x93,0x36,0x72,0x2e,
0x92,0x36,0x72,0x2e,0x93,0x36,0x72,0x2e,0x93,0x36,0x72,0x2e,0x93,0x36,0x72,0x2e,0x93,0x36,0x72,0x2e,0x93,0x36,0x72,0x2e,0x93,0x36,0x72,0x2e,0x93,0x36,0x72,0x36,
0x93,0x36,0x92,0x2e,0x93,0x36,0x92,0x36,0x93,0x36,0x92,0x36,0x93,0x36,0x92,0x36,0x93,0x36,0x92,0x36,0x93,0x36,0x92,0x36,0x93,0x36,0x92,0x36,0xb3,0x36,0x93,0x36,
0xb3,0x36,0x92,0x36,0xb3,0x36,0x93,0x36,0xb3,0x36,0x92,0x36,0xb3,0x36,0x93,0x36,0xb3,0x36,0x92,0x36,0xb3,0x36,0x93,0x36,0xb3,0x36,0x92,0x36,0xb3,0x36,0x93,0x36,
0xb3,0x36,0x92,0x36,0xb3,0x36,0x93,0x36,0xb3,0x36,0x92,0x36,0xb3,0x36,0x93,0x36,0xb3,0x36,0x92,0x36,0xb3,0x36,0x93,0x36,0xb3,0x36,0x92,0x36,0xb3,0x36,0x93,0x36,
0xb3,0x36,0x92,0x36,0xb3,0x36,0x93,0x36,0xa3,0xfb,0x82,0xf3,0xa3,0xfb,0x82,0xfb,0xa3,0xfb,0x82,0xf3,0xa3,0xfb,0x82,0xfb,0xa3,0xfb,0x82,0xf3,0xa3,0xfb,0x82,0xfb,
0xa3,0xfb,0x82,0xf3,0xa3,0xfb,0x82,0xfb,0xa3,0xfb,0x82,0xf3,0xa3,0xfb,0x82,0xfb,0xa3,0xfb,0x82,0xf3,0xa3,0xfb,0x82,0xfb,0xa3,0xfb,0x82,0xf3,0xa3,0xfb,0x82,0xfb,
0xa3,0xfb,0x82,0xf3,0xa3,0xfb,0x82,0xfb,0xa3,0xfb,0x82,0xf3,0xa3,0xfb,0x82,0xfb,0xa3,0xfb,0x82,0xf3,0xa3,0xfb,0x82,0xf3,0xa2,0xfb,0xa2,0xf3,0xa3,0xfb,0xa2,0xf3,
0xc2,0xfb,0xa2,0xf3,0xc2,0xfb,0xc2,0xf3,0xc2,0xfb,0xc2,0xf3,0xc2,0xfb,0xc2,0xf3,0xe2,0xfb,0xc2,0xf3,0xe2,0xfb,0xe2,0xf3,0xe2,0xfb,0xe2,0xf3,0xe2,0xfb,0xe2,0xf3,
0x02,0xfc,0xe2,0xf3,0x02,0xfc,0xe2,0xf3,0x02,0xf4,0x02,0xf4,0x02,0xfc,0x02,0xf4,0x02,0xf4,0x02,0xf4,0x22,0xfc,0x02,0xf4,0x22,0xf4,0x02,0xf4,0x22,0xf4,0x02,0xf4,
0x22,0xf4,0x22,0xf4,0x22,0xf4,0x22,0xf4,0x22,0xf4,0x21,0xf4,0x22,0xf4,0x22,0xf4,0x22,0xf4,0x21,0xf4,0x42,0xf4,0x22,0xf4,0x42,0xf4,0x21,0xf4,0x42,0xf4,0x22,0xf4,
0x72,0x2e,0x72,0x2e,0x72,0x2e,0x72,0x2e,0x72,0x2e,0x72,0x2e,0x72,0x2e,0x72,0x2e,0x72,0x2e,0x72,0x2e,0x72,0x2e,0x72,0x2e,0x72,0x2e,0x72,0x2e,0x72,0x2e,0x72,0x2e,
0x72,0x2e,0x72,0x2e,0x72,0x2e,0x72,0x2e,0x72,0x2e,0x72,0x36,0x72,0x2e,0x72,0x2e,0x72,0x2e,0x72,0x36,0x72,0x2e,0x72,0x2e,0x72,0x2e,0x92,0x36,0x72,0x2e,0x92,0x36,
0x72,0x2e,0x92,0x36,0x72,0x2e,0x92,0x36,0x72,0x2e,0x93,0x36,0x72,0x2e,0x92,0x36,0x72,0x2e,0x93,0x36,0x72,0x2e,0x92,0x36,0x72,0x2e,0x93,0x36,0x72,0x2e,0x93,0x36,
0x92,0x2e,0x93,0x36,0x92,0x2e,0x93,0x36,0x92,0x36,0x93,0x36,0x92,0x36,0x93,0x36,0x92,0x36,0x93,0x36,0x92,0x36,0x93,0x36,0x92,0x36,0x93,0x36,0x92,0x36,0x93,0x36,
0x92,0x36,0x93,0x36,0x92,0x36,0x93,0x36,0x92,0x36,0x93,0x36,0x92,0x36,0x93,0x36,0x92,0x36,0x93,0x36,0x92,0x36,0x93,0x36,0x92,0x36,0x93,0x36,0x92,0x36,0x93,0x36,
0x92,0x36,0x93,0x36,0x92,0x36,0x93,0x36,0x92,0x36,0x93,0x36,0x92,0x36,0x93,0x36,0x92,0x36,0x93,0x36,0x92,0x36,0x93,0x36,0x82,0xf3,0x82,0xfb,0x82,0xf3,0x82,0xfb,
0x82,0xf3,0x82,0xfb,0x82,0xf3,0x82,0xfb,0x82,0xf3,0x82,0xfb,0x82,0xf3,0x82,0xfb,0x82,0xf3,0x82,0xfb,0x82,0xf3,0x82,0xfb,0x82,0xf3,0x82,0xfb,0x82,0xf3,0x82,0xfb,
0x82,0xf3,0x82,0xfb,0x82,0xf3,0x82,0xfb,0x82,0xf3,0x82,0xfb,0x82,0xf3,0x82,0xfb,0x82,0xf3,0x82,0xfb,0x82,0xf3,0x82,0xfb,0x82,0xf3,0x82,0xfb,0x82,0xf3,0x82,0xfb,
0x82,0xf3,0x82,0xfb,0x82,0xf3,0x82,0xfb,0x82,0xf3,0xa2,0xfb,0x82,0xf3,0xa2,0xfb,0xa2,0xf3,0xa2,0xfb,0xa2,0xf3,0xc2,0xf3,0xa2,0xf3,0xc2,0xfb,0xc2,0xf3,0xc2,0xf3,
0xc2,0xf3,0xc2,0xf3,0xc1,0xf3,0xe2,0xf3,0xc2,0xf3,0xe2,0xf3,0xe1,0xf3,0xe2,0xf3,0xe2,0xf3,0xe2,0xf3,0xe1,0xf3,0x02,0xf4,0xe2,0xf3,0x02,0xf4,0xe1,0xf3,0x02,0xf4,
0xe1,0xf3,0x02,0xf4,0x01,0xf4,0x02,0xf4,0x01,0xf4,0x02,0xf4,0x01,0xf4,0x22,0xf4,0x01,0xf4,0x22,0xf4,0x01,0xf4,0x22,0xf4,0x01,0xf4,0x22,0xf4,0x01,0xf4,0x22,0xf4,
0x21,0xf4,0x22,0xf4,0x21,0xf4,0x22,0xf4,0x21,0xf4,0x22,0xf4,0x21,0xf4,0x42,0xf4,0x72,0x36,0x72,0x2e,0x72,0x2e,0x72,0x2e,0x72,0x36,0x72,0x2e,0x72,0x36,0x72,0x2e,
0x73,0x36,0x72,0x2e,0x72,0x36,0x72,0x2e,0x93,0x36,0x72,0x2e,0x92,0x36,0x72,0x2e,0x93,0x36,0x72,0x2e,0x92,0x36,0x72,0x2e,0x93,0x36,0x72,0x2e,0x92,0x36,0x72,0x2e,
0x93,0x36,0x72,0x2e,0x93,0x36,0x72,0x2e,0x93,0x36,0x72,0x2e,0x93,0x36,0x72,0x2e,0x93,0x36,0x72,0x2e,0x93,0x36,0x72,0x2e,0x93,0x36,0x92,0x36,0x93,0x36,0x92,0x2e,
0x93,0x36,0x92,0x36,0x93,0x36,0x92,0x36,0x93,0x36,0x92,0x36,0x93,0x36,0x92,0x36,0x93,0x36,0x92,0x36,0x93,0x36,0x92,0x36,0xb3,0x36,0x93,0x36,0xb3,0x36,0x92,0x36,
0xb3,0x36,0x93,0x36,0xb3,0x36,0x92,0x36,0xb3,0x36,0x93,0x36,0xb3,0x36,0x92,0x36,0xb3,0x36,0x93,0x36,0xb3,0x36,0x92,0x36,0xb3,0x36,0x93,0x36,0xb3,0x36,0x92,0x36,
0xb3,0x36,0x93,0x36,0xb3,0x36,0x92,0x36,0xb3,0x36,0x93,0x36,0xb3,0x36,0x92,0x36,0xb3,0x36,0x93,0x36,0xb3,0x36,0x92,0x36,0xb3,0x36,0x93,0x36,0xb3,0x36,0x92,0x36,
0xb3,0x36,0x93,0x36,0xb3,0x36,0x92,0x36,0xa3,0xfb,0x82,0xfb,0xa3,0xfb,0x82,0xf3,0xa3,0xfb,0x82,0xfb,0xa3,0xfb,0x82,0xf3,0xa3,0xfb,0x82,0xfb,0xa3,0xfb,0x82,0xf3,
0xa3,0xfb,0x82,0xfb,0xa3,0xfb,0x82,0xf3,0xa3,0xfb,0x82,0xfb,0xa3,0xfb,0x82,0xf3,0xa3,0xfb,0x82,0xfb,0xa3,0xfb,0x82,0xf3,0xa3,0xfb,0x82,0xfb,0xa3,0xfb,0x82,0xf3,
0xa3,0xfb,0x82,0xfb,0xa3,0xfb,0x82,0xf3,0xa3,0xfb,0x82,0xfb,0xa3,0xfb,0x82,0xf3,0xa3,0xfb,0x82,0xfb,0xa3,0xfb,0x82,0xf3,0xa3,0xfb,0x82,0xf3,0xa2,0xfb,0xa2,0xf3,
0xa3,0xfb,0xa2,0xf3,0xc2,0xfb,0xa2,0xf3,0xc2,0xfb,0xc2,0xf3,0xc2,0xfb,0xc2,0xf3,0xc2,0xfb,0xc2,0xf3,0xe2,0xfb,0xc2,0xf3,0xe2,0xfb,0xc2,0xf3,0xe2,0xfb,0xe2,0xf3,
0xe2,0xfb,0xe2,0xf3,0x02,0xfc,0xe2,0xf3,0x02,0xfc,0xe2,0xf3,0x02,0xf4,0xe2,0xf3,0x02,0xfc,0x02,0xf4,0x02,0xf4,0x02,0xf4,0x02,0xfc,0x02,0xf4,0x22,0xf4,0x02,0xf4,
0x22,0xfc,0x02,0xf4,0x22,0xf4,0x02,0xf4,0x22,0xf4,0x22,0xf4,0x22,0xf4,0x21,0xf4,0x22,0xf4,0x22,0xf4,0x22,0xf4,0x21,0xf4,0x22,0xf4,0x22,0xf4,0x42,0xf4,0x21,0xf4,
0x72,0x2e,0x72,0x2e,0x72,0x2e,0x72,0x2e,0x72,0x2e,0x72,0x2e,0x72,0x2e,0x72,0x2e,0x72,0x2e,0x72,0x2e,0x72,0x2e,0x72,0x2e,0x72,0x2e,0x72,0x2e,0x72,0x2e,0x72,0x2e,
0x72,0x2e,0x72,0x2e,0x72,0x2e,0x72,0x36,0x72,0x2e,0x72,0x2e,0x72,0x2e,0x72,0x36,0x72,0x2e,0x92,0x2e,0x72,0x2e,0x92,0x36,0x72,0x2e,0x92,0x36,0x72,0x2e,0x92,0x36,
0x72,0x2e,0x92,0x36,0x72,0x2e,0x93,0x36,0x72,0x2e,0x92,0x36,0x72,0x2e,0x93,0x36,0x72,0x2e,0x92,0x36,0x72,0x2e,0x93,0x36,0x92,0x2e,0x93,0x36,0x92,0x36,0x93,0x36,
0x92,0x2e,0x93,0x36,0x92,0x36,0x93,0x36,0x92,0x36,0x93,0x36,0x92,0x36,0x93,0x36,0x92,0x36,0x93,0x36,0x92,0x36,0x93,0x36,0x92,0x36,0x93,0x36,0x92,0x36,0x93,0x36,
0x92,0x36,0x93,0x36,0x92,0x36,0x93,0x36,0x92,0x36,0x93,0x36,0x92,0x36,0x93,0x36,0x92,0x36,0x93,0x36,0x92,0x36,0x93,0x36,0x92,0x36,0x93,0x36,0x92,0x36,0x93,0x36,
0x92,0x36,0x93,0x36,0x92,0x36,0x93,0x36,0x92,0x36,0x93,0x36,0x92,0x36,0x93,0x36,0x92,0x36,0x93,0x36,0x92,0x36,0x93,0x36,0x82,0xf3,0x82,0xfb,0x82,0xf3,0x82,0xfb,
0x82,0xf3,0x82,0xfb,0x82,0xf3,0x82,0xfb,0x82,0xf3,0x82,0xfb,0x82,0xf3,0x82,0xfb,0x82,0xf3,0x82,0xfb,0x82,0xf3,0x82,0xfb,0x82,0xf3,0x82,0xfb,0x82,0xf3,0x82,0xfb,
0x82,0xf3,0x82,0xfb,0x82,0xf3,0x82,0xfb,0x82,0xf3,0x82,0xfb,0x82,0xf3,0x82,0xfb,0x82,0xf3,0x82,0xfb,0x82,0xf3,0x82,0xfb,0x82,0xf3,0x82,0xfb,0x82,0xf3,0x82,0xfb,
0x82,0xf3,0x82,0xfb,0x82,0xf3,0x82,0xfb,0x82,0xf3,0x82,0xfb,0x82,0xf3,0xa2,0xfb,0x82,0xf3,0xa2,0xfb,0xa2,0xf3,0xa2,0xfb,0xa2,0xf3,0xc2,0xf3,0xa2,0xf3,0xc2,0xfb,
0xa2,0xf3,0xc2,0xf3,0xc2,0xf3,0xc2,0xfb,0xc2,0xf3,0xe2,0xf3,0xc2,0xf3,0xe2,0xf3,0xc1,0xf3,0xe2,0xf3,0xe2,0xf3,0xe2,0xf3,0xe1,0xf3,0xe2,0xf3,0xe2,0xf3,0x02,0xf4,
0xe1,0xf3,0x02,0xf4,0xe1,0xf3,0x02,0xf4,0xe1,0xf3,0x02,0xf4,0x01,0xf4,0x02,0xf4,0x01,0xf4,0x02,0xf4,0x01,0xf4,0x22,0xf4,0x01,0xf4,0x22,0xf4,0x01,0xf4,0x22,0xf4,
0x01,0xf4,0x22,0xf4,0x01,0xf4,0x22,0xf4,0x21,0xf4,0x22,0xf4,0x21,0xf4,0x22,0xf4,0x72,0x2e,0x72,0x2e,0x73,0x36,0x72,0x2e,0x72,0x36,0x72,0x2e,0x73,0x36,0x72,0x2e,
0x92,0x36,0x72,0x2e,0x93,0x36,0x72,0x2e,0x92,0x36,0x72,0x2e,0x93,0x36,0x72,0x2e,0x92,0x36,0x72,0x2e,0x93,0x36,0x72,0x2e,0x93,0x36,0x72,0x2e,0x93,0x36,0x72,0x2e,
0x93,0x36,0x72,0x2e,0x93,0x36,0x72,0x2e,0x93,0x36,0x72,0x2e,0x93,0x36,0x72,0x2e,0x93,0x36,0x72,0x2e,0x93,0x36,0x92,0x36,0x93,0x36,0x92,0x2e,0x93,0x36,0x92,0x36,
0x93,0x36,0x92,0x36,0x93,0x36,0x92,0x36,0x93,0x36,0x92,0x36,0x93,0x36,0x92,0x36,0x93,0x36,0x92,0x36,0xb3,0x36,0x93,0x36,0xb3,0x36,0x92,0x36,0xb3,0x36,0x93,0x36,
0xb3,0x36,0x92,0x36,0xb3,0x36,0x93,0x36,0xb3,0x36,0x92,0x36,0xb3,0x36,0x93,0x36,0xb3,0x36,0x92,0x36,0xb3,0x36,0x93,0x36,0xb3,0x36,0x92,0x36,0xb3,0x36,0x93,0x36,
0xb3,0x36,0x92,0x36,0xb3,0x36,0x93,0x36,0xb3,0x36,0x92,0x36,0xb3,0x36,0x93,0x36,0xb3,0x36,0x92,0x36,0xb3,0x36,0x93,0x36,0xb3,0x36,0x92,0x36,0xb3,0x36,0x93,0x36,
0xb3,0x36,0x92,0x36,0xb3,0x36,0x93,0x36,0xa3,0xfb,0x82,0xf3,0xa3,0xfb,0x82,0xfb,0xa3,0xfb,0x82,0xf3,0xa3,0xfb,0x82,0xfb,0xa3,0xfb,0x82,0xf3,0xa3,0xfb,0x82,0xfb,
0xa3,0xfb,0x82,0xf3,0xa3,0xfb,0x82,0xfb,0xa3,0xfb,0x82,0xf3,0xa3,0xfb,0x82,0xfb,0xa3,0xfb,0x82,0xf3,0xa3,0xfb,0x82,0xfb,0xa3,0xfb,0x82,0xf3,0xa3,0xfb,0x82,0xfb,
0xa3,0xfb,0x82,0xf3,0xa3,0xfb,0x82,0xfb,0xa3,0xfb,0x82,0xf3,0xa3,0xfb,0x82,0xfb,0xa3,0xfb,0x82,0xf3,0xa3,0xfb,0x82,0xfb,0xa3,0xfb,0x82,0xf3,0xa3,0xfb,0x82,0xf3,
0xa2,0xfb,0xa2,0xf3,0xa3,0xfb,0xa2,0xf3,0xc2,0xfb,0xa2,0xf3,0xc2,0xfb,0xa2,0xf3,0xc2,0xfb,0xc2,0xf3,0xc2,0xfb,0xc2,0xf3,0xe2,0xfb,0xc2,0xf3,0xe2,0xfb,0xc2,0xf3,
0xe2,0xfb,0xe2,0xf3,0xe2,0xfb,0xe2,0xf3,0xe2,0xfb,0xe2,0xf3,0x02,0xfc,0xe2,0xf3,0x02,0xf4,0xe2,0xf3,0x02,0xfc,0x02,0xf4,0x02,0xf4,0x02,0xf4,0x02,0xfc,0x02,0xf4,
0x02,0xf4,0x02,0xf4,0x22,0xfc,0x02,0xf4,0x22,0xf4,0x02,0xf4,0x22,0xf4,0x02,0xf4,0x22,0xf4,0x22,0xf4,0x22,0xf4,0x22,0xf4,0x22,0xf4,0x21,0xf4,0x22,0xf4,0x22,0xf4,
0x72,0x2e,0x72,0x2e,0x72,0x2e,0x72,0x2e,0x72,0x2e,0x72,0x2e,0x72,0x2e,0x72,0x2e,0x72,0x2e,0x72,0x2e,0x72,0x2e,0x72,0x2e,0x72,0x2e,0x72,0x36,0x72,0x2e,0x72,0x2e,
0x72,0x2e,0x72,0x36,0x72,0x2e,0x72,0x2e,0x72,0x2e,0x92,0x36,0x72,0x2e,0x92,0x36,0x72,0x2e,0x92,0x36,0x72,0x2e,0x92,0x36,0x72,0x2e,0x92,0x36,0x72,0x2e,0x92,0x36,
0x72,0x2e,0x93,0x36,0x72,0x2e,0x92,0x36,0x72,0x2e,0x93,0x36,0x72,0x2e,0x92,0x36,0x72,0x2e,0x93,0x36,0x92,0x2e,0x93,0x36,0x92,0x36,0x93,0x36,0x92,0x2e,0x93,0x36,
0x92,0x36,0x93,0x36,0x92,0x36,0x93,0x36,0x92,0x36,0x93,0x36,0x92,0x36,0x93,0x36,0x92,0x36,0x93,0x36,0x92,0x36,0x93,0x36,0x92,0x36,0x93,0x36,0x92,0x36,0x93,0x36,
0x92,0x36,0x93,0x36,0x92,0x36,0x93,0x36,0x92,0x36,0x93,0x36,0x92,0x36,0x93,0x36,0x92,0x36,0x93,0x36,0x92,0x36,0x93,0x36,0x92,0x36,0x93,0x36,0x92,0x36,0x93,0x36,
0x92,0x36,0x93,0x36,0x92,0x36,0x93,0x36,0x92,0x36,0x93,0x36,0x92,0x36,0x93,0x36,0x92,0x36,0x93,0x36,0x92,0x36,0x93,0x36,0x82,0xf3,0x82,0xfb,0x82,0xf3,0x82,0xfb,
0x82,0xf3,0x82,0xfb,0x82,0xf3,0x82,0xfb,0x82,0xf3,0x82,0xfb,0x82,0xf3,0x82,0xfb,0x82,0xf3,0x82,0xfb,0x82,0xf3,0x82,0xfb,0x82,0xf3,0x82,0xfb,0x82,0xf3,0x82,0xfb,
0x82,0xf3,0x82,0xfb,0x82,0xf3,0x82,0xfb,0x82,0xf3,0x82,0xfb,0x82,0xf3,0x82,0xfb,0x82,0xf3,0x82,0xfb,0x82,0xf3,0x82,0xfb,0x82,0xf3,0x82,0xfb,0x82,0xf3,0x82,0xfb,
0x82,0xf3,0x82,0xfb,0x82,0xf3,0x82,0xfb,0x82,0xf3,0x82,0xfb,0x82,0xf3,0x82,0xfb,0x82,0xf3,0xa2,0xfb,0x82,0xf3,0xa2,0xfb,0xa2,0xf3,0xa2,0xfb,0xa2,0xf3,0xc2,0xf3,
0xa2,0xf3,0xc2,0xfb,0xa2,0xf3,0xc2,0xf3,0xc2,0xf3,0xc2,0xfb,0xc2,0xf3,0xc2,0xf3,0xc2,0xf3,0xe2,0xf3,0xc1,0xf3,0xe2,0xf3,0xe2,0xf3,0xe2,0xf3,0xe1,0xf3,0xe2,0xf3,
0xe2,0xf3,0xe2,0xf3,0xe1,0xf3,0x02,0xf4,0xe1,0xf3,0x02,0xf4,0xe1,0xf3,0x02,0xf4,0x01,0xf4,0x02,0xf4,0x01,0xf4,0x02,0xf4,0x01,0xf4,0x02,0xf4,0x01,0xf4,0x22,0xf4,
0x01,0xf4,0x22,0xf4,0x01,0xf4,0x22,0xf4,0x01,0xf4,0x22,0xf4,0x01,0xf4,0x22,0xf4,0x73,0x36,0x72,0x2e,0x72,0x36,0x72,0x2e,0x93,0x36,0x72,0x2e,0x92,0x36,0x72,0x2e,
0x93,0x36,0x72,0x2e,0x92,0x36,0x72,0x2e,0x93,0x36,0x72,0x2e,0x92,0x36,0x72,0x2e,0x93,0x36,0x72,0x2e,0x93,0x36,0x72,0x2e,0x93,0x36,0x72,0x2e,0x93,0x36,0x72,0x2e,
0x93,0x36,0x72,0x2e,0x93,0x36,0x72,0x2e,0x93,0x36,0x72,0x2e,0x93,0x36,0x92,0x2e,0x93,0x36,0x92,0x36,0x93,0x36,0x92,0x2e,0x93,0x36,0x92,0x36,0x93,0x36,0x92,0x36,
0x93,0x36,0x92,0x36,0x93,0x36,0x92,0x36,0x93,0x36,0x92,0x36,0x93,0x36,0x92,0x36,0xb3,0x36,0x93,0x36,0xb3,0x36,0x92,0x36,0xb3,0x36,0x93,0x36,0xb3,0x36,0x92,0x36,
0xb3,0x36,0x93,0x36,0xb3,0x36,0x92,0x36,0xb3,0x36,0x93,0x36,0xb3,0x36,0x92,0x36,0xb3,0x36,0x93,0x36,0xb3,0x36,0x92,0x36,0xb3,0x36,0x93,0x36,0xb3,0x36,0x92,0x36,
0xb3,0x36,0x93,0x36,0xb3,0x36,0x92,0x36,0xb3,0x36,0x93,0x36,0xb3,0x36,0x92,0x36,0xb3,0x36,0x93,0x36,0xb3,0x36,0x92,0x36,0xb3,0x36,0x93,0x36,0xb3,0x36,0x92,0x36,
0xb3,0x36,0x93,0x36,0xb3,0x36,0x92,0x36,0xa3,0xfb,0x82,0xfb,0xa3,0xfb,0x82,0xf3,0xa3,0xfb,0x82,0xfb,0xa3,0xfb,0x82,0xf3,0xa3,0xfb,0x82,0xfb,0xa3,0xfb,0x82,0xf3,
0xa3,0xfb,0x82,0xfb,0xa3,0xfb,0x82,0xf3,0xa3,0xfb,0x82,0xfb,0xa3,0xfb,0x82,0xf3,0xa3,0xfb,0x82,0xfb,0xa3,0xfb,0x82,0xf3,0xa3,0xfb,0x82,0xfb,0xa3,0xfb,0x82,0xf3,
0xa3,0xfb,0x82,0xfb,0xa3,0xfb,0x82,0xf3,0xa3,0xfb,0x82,0xfb,0xa3,0xfb,0x82,0xf3,0xa3,0xfb,0x82,0xfb,0xa3,0xfb,0x82,0xf3,0xa3,0xfb,0x82,0xfb,0xa3,0xfb,0x82,0xf3,
0xa3,0xfb,0x82,0xf3,0xa2,0xfb,0xa2,0xf3,0xa3,0xfb,0xa2,0xf3,0xc2,0xfb,0xa2,0xf3,0xc2,0xfb,0xa2,0xf3,0xc2,0xfb,0xc2,0xf3,0xc2,0xfb,0xc2,0xf3,0xc2,0xfb,0xc2,0xf3,
0xe2,0xfb,0xc2,0xf3,0xe2,0xfb,0xe2,0xf3,0xe2,0xfb,0xe2,0xf3,0xe2,0xfb,0xe2,0xf3,0xe2,0xfb,0xe2,0xf3,0x02,0xfc,0xe2,0xf3,0x02,0xfc,0xe2,0xf3,0x02,0xf4,0x02,0xf4,
0x02,0xfc,0x02,0xf4,0x02,0xf4,0x02,0xf4,0x02,0xfc,0x02,0xf4,0x22,0xf4,0x02,0xf4,0x22,0xfc,0x02,0xf4,0x22,0xf4,0x02,0xf4,0x22,0xf4,0x22,0xf4,0x22,0xf4,0x21,0xf4,
0x72,0x2e,0x72,0x2e,0x72,0x2e,0x72,0x2e,0x72,0x2e,0x72,0x2e,0x72,0x2e,0x72,0x2e,0x72,0x2e,0x72,0x2e,0x72,0x2e,0x72,0x36,0x72,0x2e,0x72,0x2e,0x72,0x2e,0x72,0x36,
0x72,0x2e,0x72,0x2e,0x72,0x2e,0x92,0x36,0x72,0x2e,0x92,0x36,0x72,0x2e,0x92,0x36,0x72,0x2e,0x92,0x36,0x72,0x2e,0x92,0x36,0x72,0x2e,0x92,0x36,0x72,0x2e,0x93,0x36,
0x72,0x2e,0x92,0x36,0x72,0x2e,0x93,0x36,0x72,0x2e,0x92,0x36,0x72,0x2e,0x93,0x36,0x92,0x2e,0x93,0x36,0x92,0x36,0x93,0x36,0x92,0x2e,0x93,0x36,0x92,0x36,0x93,0x36,
0x92,0x36,0x93,0x36,0x92,0x36,0x93,0x36,0x92,0x36,0x93,0x36,0x92,0x36,0x93,0x36,0x92,0x36,0x93,0x36,0x92,0x36,0x93,0x36,0x92,0x36,0x93,0x36,0x92,0x36,0x93,0x36,
0x92,0x36,0x93,0x36,0x92,0x36,0x93,0x36,0x92,0x36,0x93,0x36,0x92,0x36,0x93,0x36,0x92,0x36,0x93,0x36,0x92,0x36,0x93,0x36,0x92,0x36,0x93,0x36,0x92,0x36,0x93,0x36,
0x92,0x36,0x93,0x36,0x92,0x36,0x93,0x36,0x92,0x36,0x93,0x36,0x92,0x36,0x93,0x36,0x92,0x36,0x93,0x36,0x92,0x36,0x93,0x36,0x82,0xf3,0x82,0xfb,0x82,0xf3,0x82,0xfb,
0x82,0xf3,0x82,0xfb,0x82,0xf3,0x82,0xfb,0x82,0xf3,0x82,0xfb,0x82,0xf3,0x82,0xfb,0x82,0xf3,0x82,0xfb,0x82,0xf3,0x82,0xfb,0x82,0xf3,0x82,0xfb,0x82,0xf3,0x82,0xfb,
0x82,0xf3,0x82,0xfb,0x82,0xf3,0x82,0xfb,0x82,0xf3,0x82,0xfb,0x82,0xf3,0x82,0xfb,0x82,0xf3,0x82,0xfb,0x82,0xf3,0x82,0xfb,0x82,0xf3,0x82,0xfb,0x82,0xf3,0x82,0xfb,
0x82,0xf3,0x82,0xfb,0x82,0xf3,0x82,0xfb,0x82,0xf3,0x82,0xfb,0x82,0xf3,0x82,0xfb,0x82,0xf3,0x82,0xfb,0x82,0xf3,0xa2,0xfb,0x82,0xf3,0xa2,0xfb,0xa2,0xf3,0xa2,0xfb,
0xa2,0xf3,0xa2,0xf3,0xa2,0xf3,0xc2,0xfb,0xa2,0xf3,0xc2,0xf3,0xc2,0xf3,0xc2,0xfb,0xc2,0xf3,0xc2,0xf3,0xc2,0xf3,0xe2,0xf3,0xc1,0xf3,0xe2,0xf3,0xc2,0xf3,0xe2,0xf3,
0xe1,0xf3,0xe2,0xf3,0xe2,0xf3,0xe2,0xf3,0xe1,0xf3,0x02,0xf4,0xe2,0xf3,0x02,0xf4,0xe1,0xf3,0x02,0xf4,0xe1,0xf3,0x02,0xf4,0x01,0xf4,0x02,0xf4,0x01,0xf4,0x02,0xf4,
0x01,0xf4,0x02,0xf4,0x01,0xf4,0x22,0xf4,0x01,0xf4,0x22,0xf4,0x01,0xf4,0x22,0xf4,0x92,0x36,0x72,0x2e,0x93,0x36,0x72,0x2e,0x92,0x36,0x72,0x2e,0x93,0x36,0x72,0x2e,
0x92,0x36,0x72,0x2e,0x93,0x36,0x72,0x2e,0x92,0x36,0x72,0x2e,0x93,0x36,0x72,0x2e,0x93,0x36,0x72,0x2e,0x93,0x36,0x72,0x2e,0x93,0x36,0x72,0x2e,0x93,0x36,0x72,0x2e,
0x93,0x36,0x72,0x2e,0x93,0x36,0x72,0x36,0x93,0x36,0x92,0x2e,0x93,0x36,0x92,0x36,0x93,0x36,0x92,0x2e,0x93,0x36,0x92,0x36,0x93,0x36,0x92,0x36,0x93,0x36,0x92,0x36,
0x93,0x36,0x92,0x36,0x93,0x36,0x92,0x36,0x93,0x36,0x92,0x36,0xb3,0x36,0x93,0x36,0xb3,0x36,0x92,0x36,0xb3,0x36,0x93,0x36,0xb3,0x36,0x92,0x36,0xb3,0x36,0x93,0x36,
0xb3,0x36,0x92,0x36,0xb3,0x36,0x93,0x36,0xb3,0x36,0x92,0x36,0xb3,0x36,0x93,0x36,0xb3,0x36,0x92,0x36,0xb3,0x36,0x93,0x36,0xb3,0x36,0x92,0x36,0xb3,0x36,0x93,0x36,
0xb3,0x36,0x92,0x36,0xb3,0x36,0x93,0x36,0xb3,0x36,0x92,0x36,0xb3,0x36,0x93,0x36,0xb3,0x36,0x92,0x36,0xb3,0x36,0x93,0x36,0xb3,0x36,0x92,0x36,0xb3,0x36,0x93,0x36,
0xb3,0x36,0x92,0x36,0xb3,0x36,0x93,0x36,0xa3,0xfb,0x82,0xf3,0xa3,0xfb,0x82,0xfb,0xa3,0xfb,0x82,0xf3,0xa3,0xfb,0x82,0xfb,0xa3,0xfb,0x82,0xf3,0xa3,0xfb,0x82,0xfb,
0xa3,0xfb,0x82,0xf3,0xa3,0xfb,0x82,0xfb,0xa3,0xfb,0x82,0xf3,0xa3,0xfb,0x82,0xfb,0xa3,0xfb,0x82,0xf3,0xa3,0xfb,0x82,0xfb,0xa3,0xfb,0x82,0xf3,0xa3,0xfb,0x82,0xfb,
0xa3,0xfb,0x82,0xf3,0xa3,0xfb,0x82,0xfb,0xa3,0xfb,0x82,0xf3,0xa3,0xfb,0x82,0xfb,0xa3,0xfb,0x82,0xf3,0xa3,0xfb,0x82,0xfb,0xa3,0xfb,0x82,0xf3,0xa3,0xfb,0x82,0xfb,
0xa3,0xfb,0x82,0xf3,0xa3,0xfb,0x82,0xf3,0xa2,0xfb,0xa2,0xf3,0xa3,0xfb,0xa2,0xf3,0xa2,0xfb,0xa2,0xf3,0xc2,0xfb,0xa2,0xf3,0xc2,0xfb,0xc2,0xf3,0xc2,0xfb,0xc2,0xf3,
0xc2,0xfb,0xc2,0xf3,0xe2,0xfb,0xc2,0xf3,0xe2,0xfb,0xc2,0xf3,0xe2,0xfb,0xe2,0xf3,0xe2,0xfb,0xe2,0xf3,0xe2,0xfb,0xe2,0xf3,0x02,0xfc,0xe2,0xf3,0x02,0xfc,0xe2,0xf3,
0x02,0xf4,0xe2,0xf3,0x02,0xfc,0x02,0xf4,0x02,0xf4,0x02,0xf4,0x02,0xfc,0x02,0xf4,0x02,0xf4,0x02,0xf4,0x22,0xfc,0x02,0xf4,0x22,0xf4,0x02,0xf4,0x22,0xf4,0x02,0xf4,
0x72,0x2e,0x72,0x2e,0x72,0x2e,0x72,0x2e,0x72,0x2e,0x72,0x36,0x72,0x2e,0x72,0x2e,0x72,0x2e,0x72,0x36,0x72,0x2e,0x72,0x2e,0x72,0x2e,0x72,0x36,0x72,0x2e,0x92,0x2e,
0x72,0x2e,0x92,0x36,0x72,0x2e,0x92,0x36,0x72,0x2e,0x92,0x36,0x72,0x2e,0x92,0x36,0x72,0x2e,0x93,0x36,0x72,0x2e,0x92,0x36,0x72,0x2e,0x93,0x36,0x72,0x2e,0x92,0x36,
0x72,0x2e,0x93,0x36,0x72,0x2e,0x92,0x36,0x72,0x2e,0x93,0x36,0x92,0x2e,0x93,0x36,0x92,0x36,0x93,0x36,0x92,0x2e,0x93,0x36,0x92,0x36,0x93,0x36,0x92,0x36,0x93,0x36,
0x92,0x36,0x93,0x36,0x92,0x36,0x93,0x36,0x92,0x36,0x93,0x36,0x92,0x36,0x93,0x36,0x92,0x36,0x93,0x36,0x92,0x36,0x93,0x36,0x92,0x36,0x93,0x36,0x92,0x36,0x93,0x36,
0x92,0x36,0x93,0x36,0x92,0x36,0x93,0x36,0x92,0x36,0x93,0x36,0x92,0x36,0x93,0x36,0x92,0x36,0x93,0x36,0x92,0x36,0x93,0x36,0x92,0x36,0x93,0x36,0x92,0x36,0x93,0x36,
0x92,0x36,0x93,0x36,0x92,0x36,0x93,0x36,0x92,0x36,0x93,0x36,0x92,0x36,0x93,0x36,0x92,0x36,0x93,0x36,0x92,0x36,0x93,0x36,0x82,0xf3,0x82,0xfb,0x82,0xf3,0x82,0xfb,
0x82,0xf3,0x82,0xfb,0x82,0xf3,0x82,0xfb,0x82,0xf3,0x82,0xfb,0x82,0xf3,0x82,0xfb,0x82,0xf3,0x82,0xfb,0x82,0xf3,0x82,0xfb,0x82,0xf3,0x82,0xfb,0x82,0xf3,0x82,0xfb,
0x82,0xf3,0x82,0xfb,0x82,0xf3,0x82,0xfb,0x82,0xf3,0x82,0xfb,0x82,0xf3,0x82,0xfb,0x82,0xf3,0x82,0xfb,0x82,0xf3,0x82,0xfb,0x82,0xf3,0x82,0xfb,0x82,0xf3,0x82,0xfb,
0x82,0xf3,0x82,0xfb,0x82,0xf3,0x82,0xfb,0x82,0xf3,0x82,0xfb,0x82,0xf3,0x82,0xfb,0x82,0xf3,0x82,0xfb,0x82,0xf3,0x82,0xfb,0x82,0xf3,0xa2,0xfb,0x82,0xf3,0xa2,0xfb,
0xa2,0xf3,0xa2,0xfb,0xa2,0xf3,0xa2,0xf3,0xa2,0xf3,0xc2,0xfb,0xa2,0xf3,0xc2,0xf3,0xc2,0xf3,0xc2,0xfb,0xc2,0xf3,0xc2,0xf3,0xc2,0xf3,0xe2,0xf3,0xc1,0xf3,0xe2,0xf3,
0xc2,0xf3,0xe2,0xf3,0xc1,0xf3,0xe2,0xf3,0xe2,0xf3,0xe2,0xf3,0xe1,0xf3,0xe2,0xf3,0xe2,0xf3,0x02,0xf4,0xe1,0xf3,0x02,0xf4,0xe1,0xf3,0x02,0xf4,0xe1,0xf3,0x02,0xf4,
0x01,0xf4,0x02,0xf4,0x01,0xf4,0x02,0xf4,0x01,0xf4,0x02,0xf4,0x01,0xf4,0x22,0xf4,0x93,0x36,0x72,0x2e,0x92,0x36,0x72,0x2e,0x93,0x36,0x72,0x2e,0x92,0x36,0x72,0x2e,
0x93,0x36,0x72,0x2e,0x93,0x36,0x72,0x2e,0x93,0x36,0x72,0x2e,0x93,0x36,0x72,0x2e,0x93,0x36,0x72,0x2e,0x93,0x36,0x72,0x2e,0x93,0x36,0x72,0x2e,0x93,0x36,0x72,0x2e,
0x93,0x36,0x72,0x36,0x93,0x36,0x92,0x2e,0x93,0x36,0x92,0x36,0x93,0x36,0x92,0x2e,0x93,0x36,0x92,0x36,0x93,0x36,0x92,0x36,0x93,0x36,0x92,0x36,0x93,0x36,0x92,0x36,
0x93,0x36,0x92,0x36,0x93,0x36,0x92,0x36,0xb3,0x36,0x93,0x36,0xb3,0x36,0x92,0x36,0xb3,0x36,0x93,0x36,0xb3,0x36,0x92,0x36,0xb3,0x36,0x93,0x36,0xb3,0x36,0x92,0x36,
0xb3,0x36,0x93,0x36,0xb3,0x36,0x92,0x36,0xb3,0x36,0x93,0x36,0xb3,0x36,0x92,0x36,0xb3,0x36,0x93,0x36,0xb3,0x36,0x92,0x36,0xb3,0x36,0x93,0x36,0xb3,0x36,0x92,0x36,
0xb3,0x36,0x93,0x36,0xb3,0x36,0x92,0x36,0xb3,0x36,0x93,0x36,0xb3,0x36,0x92,0x36,0xb3,0x36,0x93,0x36,0xb3,0x36,0x92,0x36,0xb3,0x36,0x93,0x36,0xb3,0x36,0x92,0x36,
0xb3,0x36,0x93,0x36,0xb3,0x36,0x92,0x36,0xa3,0xfb,0x82,0xfb,0xa3,0xfb,0x82,0xf3,0xa3,0xfb,0x82,0xfb,0xa3,0xfb,0x82,0xf3,0xa3,0xfb,0x82,0xfb,0xa3,0xfb,0x82,0xf3,
0xa3,0xfb,0x82,0xfb,0xa3,0xfb,0x82,0xf3,0xa3,0xfb,0x82,0xfb,0xa3,0xfb,0x82,0xf3,0xa3,0xfb,0x82,0xfb,0xa3,0xfb,0x82,0xf3,0xa3,0xfb,0x82,0xfb,0xa3,0xfb,0x82,0xf3,
0xa3,0xfb,0x82,0xfb,0xa3,0xfb,0x82,0xf3,0xa3,0xfb,0x82,0xfb,0xa3,0xfb,0x82,0xf3,0xa3,0xfb,0x82,0xfb,0xa3,0xfb,0x82,0xf3,0xa3,0xfb,0x82,0xfb,0xa3,0xfb,0x82,0xf3,
0xa3,0xfb,0x82,0xfb,0xa3,0xfb,0x82,0xf3,0xa3,0xfb,0x82,0xf3,0xa2,0xfb,0xa2,0xf3,0xa3,0xfb,0xa2,0xf3,0xa2,0xfb,0xa2,0xf3,0xc2,0xfb,0xa2,0xf3,0xc2,0xfb,0xc2,0xf3,
0xc2,0xfb,0xc2,0xf3,0xc2,0xfb,0xc2,0xf3,0xe2,0xfb,0xc2,0xf3,0xe2,0xfb,0xc2,0xf3,0xe2,0xfb,0xe2,0xf3,0xe2,0xfb,0xe2,0xf3,0xe2,0xfb,0xe2,0xf3,0xe2,0xfb,0xe2,0xf3,
0x02,0xfc,0xe2,0xf3,0x02,0xf4,0xe2,0xf3,0x02,0xfc,0xe2,0xf3,0x02,0xf4,0x02,0xf4,0x02,0xfc,0x02,0xf4,0x02,0xf4,0x02,0xf4,0x02,0xfc,0x02,0xf4,0x22,0xf4,0x02,0xf4,
0x72,0x2e,0x72,0x2e,0x72,0x2e,0x72,0x36,0x72,0x2e,0x72,0x2e,0x72,0x2e,0x72,0x36,0x72,0x2e,0x72,0x2e,0x72,0x2e,0x92,0x36,0x72,0x2e,0x92,0x36,0x72,0x2e,0x92,0x36,
0x72,0x2e,0x92,0x36,0x72,0x2e,0x92,0x36,0x72,0x2e,0x92,0x36,0x72,0x2e,0x93,0x36,0x72,0x2e,0x92,0x36,0x72,0x2e,0x93,0x36,0x72,0x2e,0x92,0x36,0x72,0x2e,0x93,0x36,
0x72,0x2e,0x92,0x36,0x72,0x2e,0x93,0x36,0x92,0x2e,0x93,0x36,0x92,0x36,0x93,0x36,0x92,0x2e,0x93,0x36,0x92,0x36,0x93,0x36,0x92,0x36,0x93,0x36,0x92,0x36,0x93,0x36,
0x92,0x36,0x93,0x36,0x92,0x36,0x93,0x36,0x92,0x36,0x93,0x36,0x92,0x36,0x93,0x36,0x92,0x36,0x93,0x36,0x92,0x36,0x93,0x36,0x92,0x36,0x93,0x36,0x92,0x36,0x93,0x36,
0x92,0x36,0x93,0x36,0x92,0x36,0x93,0x36,0x92,0x36,0x93,0x36,0x92,0x36,0x93,0x36,0x92,0x36,0x93,0x36,0x92,0x36,0x93,0x36,0x92,0x36,0x93,0x36,0x92,0x36,0x93,0x36,
0x92,0x36,0x93,0x36,0x92,0x36,0x93,0x36,0x92,0x36,0x93,0x36,0x92,0x36,0x93,0x36,0x92,0x36,0x93,0x36,0x92,0x36,0x93,0x36,0x82,0xf3,0x82,0xfb,0x82,0xf3,0x82,0xfb,
0x82,0xf3,0x82,0xfb,0x82,0xf3,0x82,0xfb,0x82,0xf3,0x82,0xfb,0x82,0xf3,0x82,0xfb,0x82,0xf3,0x82,0xfb,0x82,0xf3,0x82,0xfb,0x82,0xf3,0x82,0xfb,0x82,0xf3,0x82,0xfb,
0x82,0xf3,0x82,0xfb,0x82,0xf3,0x82,0xfb,0x82,0xf3,0x82,0xfb,0x82,0xf3,0x82,0xfb,0x82,0xf3,0x82,0xfb,0x82,0xf3,0x82,0xfb,0x82,0xf3,0x82,0xfb,0x82,0xf3,0x82,0xfb,
0x82,0xf3,0x82,0xfb,0x82,0xf3,0x82,0xfb,0x82,0xf3,0x82,0xfb,0x82,0xf3,0x82,0xfb,0x82,0xf3,0x82,0xfb,0x82,0xf3,0x82,0xfb,0x82,0xf3,0x82,0xfb,0x82,0xf3,0xa2,0xfb,
0x82,0xf3,0xa2,0xfb,0xa2,0xf3,0xa2,0xfb,0xa2,0xf3,0xa2,0xf3,0xa2,0xf3,0xc2,0xfb,0xa2,0xf3,0xc2,0xf3,0xa2,0xf3,0xc2,0xfb,0xc2,0xf3,0xc2,0xf3,0xc2,0xf3,0xc2,0xf3,
0xc1,0xf3,0xe2,0xf3,0xc2,0xf3,0xe2,0xf3,0xc1,0xf3,0xe2,0xf3,0xe2,0xf3,0xe2,0xf3,0xe1,0xf3,0xe2,0xf3,0xe2,0xf3,0xe2,0xf3,0xe1,0xf3,0x02,0xf4,0xe1,0xf3,0x02,0xf4,
0xe1,0xf3,0x02,0xf4,0xe1,0xf3,0x02,0xf4,0x01,0xf4,0x02,0xf4,0x01,0xf4,0x02,0xf4,0x92,0x36,0x72,0x2e,0x93,0x36,0x72,0x2e,0x92,0x36,0x72,0x2e,0x93,0x36,0x72,0x2e,
0x93,0x36,0x72,0x2e,0x93,0x36,0x72,0x2e,0x93,0x36,0x72,0x2e,0x93,0x36,0x72,0x2e,0x93,0x36,0x72,0x2e,0x93,0x36,0x72,0x2e,0x93,0x36,0x72,0x2e,0x93,0x36,0x92,0x36,
0x93,0x36,0x92,0x2e,0x93,0x36,0x92,0x36,0x93,0x36,0x92,0x36,0x93,0x36,0x92,0x36,0x93,0x36,0x92,0x36,0x93,0x36,0x92,0x36,0x93,0x36,0x92,0x36,0x93,0x36,0x92,0x36,
0x93,0x36,0x92,0x36,0xb3,0x36,0x93,0x36,0xb3,0x36,0x92,0x36,0xb3,0x36,0x93,0x36,0xb3,0x36,0x92,0x36,0xb3,0x36,0x93,0x36,0xb3,0x36,0x92,0x36,0xb3,0x36,0x93,0x36,
0xb3,0x36,0x92,0x36,0xb3,0x36,0x93,0x36,0xb3,0x36,0x92,0x36,0xb3,0x36,0x93,0x36,0xb3,0x36,0x92,0x36,0xb3,0x36,0x93,0x36,0xb3,0x36,0x92,0x36,0xb3,0x36,0x93,0x36,
0xb3,0x36,0x92,0x36,0xb3,0x36,0x93,0x36,0xb3,0x36,0x92,0x36,0xb3,0x36,0x93,0x36,0xb3,0x36,0x92,0x36,0xb3,0x36,0x93,0x36,0xb3,0x36,0x92,0x36,0xb3,0x36,0x93,0x36,
0xb3,0x36,0x92,0x36,0xb3,0x36,0x93,0x36,0xa3,0xfb,0x82,0xf3,0xa3,0xfb,0x82,0xfb,0xa3,0xfb,0x82,0xf3,0xa3,0xfb,0x82,0xfb,0xa3,0xfb,0x82,0xf3,0xa3,0xfb,0x82,0xfb,
0xa3,0xfb,0x82,0xf3,0xa3,0xfb,0x82,0xfb,0xa3,0xfb,0x82,0xf3,0xa3,0xfb,0x82,0xfb,0xa3,0xfb,0x82,0xf3,0xa3,0xfb,0x82,0xfb,0xa3,0xfb,0x82,0xf3,0xa3,0xfb,0x82,0xfb,
0xa3,0xfb,0x82,0xf3,0xa3,0xfb,0x82,0xfb,0xa3,0xfb,0x82,0xf3,0xa3,0xfb,0x82,0xfb,0xa3,0xfb,0x82,0xf3,0xa3,0xfb,0x82,0xfb,0xa3,0xfb,0x82,0xf3,0xa3,0xfb,0x82,0xfb,
0xa3,0xfb,0x82,0xf3,0xa3,0xfb,0x82,0xfb,0xa3,0xfb,0x82,0xf3,0xa3,0xfb,0x82,0xf3,0xa2,0xfb,0xa2,0xf3,0xa3,0xfb,0xa2,0xf3,0xa2,0xfb,0xa2,0xf3,0xc3,0xfb,0xa2,0xf3,
0xc2,0xfb,0xa2,0xf3,0xc2,0xfb,0xc2,0xf3,0xc2,0xfb,0xc2,0xf3,0xc2,0xfb,0xc2,0xf3,0xe2,0xfb,0xc2,0xf3,0xe2,0xfb,0xc2,0xf3,0xe2,0xfb,0xe2,0xf3,0xe2,0xfb,0xe2,0xf3,
0xe2,0xfb,0xe2,0xf3,0x02,0xfc,0xe2,0xf3,0x02,0xfc,0xe2,0xf3,0x02,0xfc,0xe2,0xf3,0x02,0xf4,0x02,0xf4,0x02,0xfc,0x02,0xf4,0x02,0xf4,0x02,0xf4,0x02,0xfc,0x02,0xf4,
0x72,0x2e,0x72,0x36,0x72,0x2e,0x72,0x2e,0x72,0x2e,0x72,0x36,0x72,0x2e,0x72,0x2e,0x72,0x2e,0x92,0x36,0x72,0x2e,0x92,0x36,0x72,0x2e,0x92,0x36,0x72,0x2e,0x92,0x36,
0x72,0x2e,0x92,0x36,0x72,0x2e,0x92,0x36,0x72,0x2e,0x93,0x36,0x72,0x2e,0x92,0x36,0x72,0x2e,0x93,0x36,0x72,0x2e,0x92,0x36,0x72,0x2e,0x93,0x36,0x72,0x2e,0x92,0x36,
0x72,0x2e,0x93,0x36,0x92,0x2e,0x93,0x36,0x92,0x36,0x93,0x36,0x92,0x2e,0x93,0x36,0x92,0x36,0x93,0x36,0x92,0x36,0x93,0x36,0x92,0x36,0x93,0x36,0x92,0x36,0x93,0x36,
0x92,0x36,0x93,0x36,0x92,0x36,0x93,0x36,0x92,0x36,0x93,0x36,0x92,0x36,0x93,0x36,0x92,0x36,0x93,0x36,0x92,0x36,0x93,0x36,0x92,0x36,0x93,0x36,0x92,0x36,0x93,0x36,
0x92,0x36,0x93,0x36,0x92,0x36,0x93,0x36,0x92,0x36,0x93,0x36,0x92,0x36,0x93,0x36,0x92,0x36,0x93,0x36,0x92,0x36,0x93,0x36,0x92,0x36,0x93,0x36,0x92,0x36,0x93,0x36,
0x92,0x36,0x93,0x36,0x92,0x36,0x93,0x36,0x92,0x36,0x93,0x36,0x92,0x36,0x93,0x36,0x92,0x36,0x93,0x36,0x92,0x36,0x93,0x36,0x82,0xf3,0x82,0xfb,0x82,0xf3,0x82,0xfb,
0x82,0xf3,0x82,0xfb,0x82,0xf3,0x82,0xfb,0x82,0xf3,0x82,0xfb,0x82,0xf3,0x82,0xfb,0x82,0xf3,0x82,0xfb,0x82,0xf3,0x82,0xfb,0x82,0xf3,0x82,0xfb,0x82,0xf3,0x82,0xfb,
0x82,0xf3,0x82,0xfb,0x82,0xf3,0x82,0xfb,0x82,0xf3,0x82,0xfb,0x82,0xf3,0x82,0xfb,0x82,0xf3,0x82,0xfb,0x82,0xf3,0x82,0xfb,0x82,0xf3,0x82,0xfb,0x82,0xf3,0x82,0xfb,
0x82,0xf3,0x82,0xfb,0x82,0xf3,0x82,0xfb,0x82,0xf3,0x82,0xfb,0x82,0xf3,0x82,0xfb,0x82,0xf3,0x82,0xfb,0x82,0xf3,0x82,0xfb,0x82,0xf3,0x82,0xfb,0x82,0xf3,0x82,0xfb,
0x82,0xf3,0xa2,0xfb,0x82,0xf3,0xa2,0xfb,0xa2,0xf3,0xa2,0xfb,0xa2,0xf3,0xa2,0xf3,0xa2,0xf3,0xc2,0xfb,0xa2,0xf3,0xc2,0xf3,0xa2,0xf3,0xc2,0xfb,0xc2,0xf3,0xc2,0xf3,
0xc2,0xf3,0xc2,0xfb,0xc2,0xf3,0xe2,0xf3,0xc2,0xf3,0xe2,0xf3,0xc1,0xf3,0xe2,0xf3,0xc2,0xf3,0xe2,0xf3,0xe1,0xf3,0xe2,0xf3,0xe2,0xf3,0xe2,0xf3,0xe1,0xf3,0x02,0xf4,
0xe2,0xf3,0x02,0xf4,0xe1,0xf3,0x02,0xf4,0xe1,0xf3,0x02,0xf4,0x01,0xf4,0x02,0xf4,0x93,0x36,0x72,0x2e,0x93,0x36,0x72,0x2e,0x93,0x36,0x72,0x2e,0x93,0x36,0x72,0x2e,
0x93,0x36,0x72,0x2e,0x93,0x36,0x72,0x2e,0x93,0x36,0x72,0x2e,0x93,0x36,0x72,0x2e,0x93,0x36,0x72,0x2e,0x93,0x36,0x72,0x2e,0x93,0x36,0x92,0x36,0x93,0x36,0x92,0x2e,
0x93,0x36,0x92,0x36,0x93,0x36,0x92,0x36,0x93,0x36,0x92,0x36,0x93,0x36,0x92,0x36,0x93,0x36,0x92,0x36,0x93,0x36,0x92,0x36,0x93,0x36,0x92,0x36,0x93,0x36,0x92,0x36,
0xb3,0x36,0x93,0x36,0xb3,0x36,0x92,0x36,0xb3,0x36,0x93,0x36,0xb3,0x36,0x92,0x36,0xb3,0x36,0x93,0x36,0xb3,0x36,0x92,0x36,0xb3,0x36,0x93,0x36,0xb3,0x36,0x92,0x36,
0xb3,0x36,0x93,0x36,0xb3,0x36,0x92,0x36,0xb3,0x36,0x93,0x36,0xb3,0x36,0x92,0x36,0xb3,0x36,0x93,0x36,0xb3,0x36,0x92,0x36,0xb3,0x36,0x93,0x36,0xb3,0x36,0x92,0x36,
0xb3,0x36,0x93,0x36,0xb3,0x36,0x92,0x36,0xb3,0x36,0x93,0x36,0xb3,0x36,0x92,0x36,0xb3,0x36,0x93,0x36,0xb3,0x36,0x92,0x36,0xb3,0x36,0x93,0x36,0xb3,0x36,0x92,0x36,
0xb3,0x36,0x93,0x36,0xb3,0x36,0x92,0x36,0xa3,0xfb,0x82,0xfb,0xa3,0xfb,0x82,0xf3,0xa3,0xfb,0x82,0xfb,0xa3,0xfb,0x82,0xf3,0xa3,0xfb,0x82,0xfb,0xa3,0xfb,0x82,0xf3,
0xa3,0xfb,0x82,0xfb,0xa3,0xfb,0x82,0xf3,0xa3,0xfb,0x82,0xfb,0xa3,0xfb,0x82,0xf3,0xa3,0xfb,0x82,0xfb,0xa3,0xfb,0x82,0xf3,0xa3,0xfb,0x82,0xfb,0xa3,0xfb,0x82,0xf3,
0xa3,0xfb,0x82,0xfb,0xa3,0xfb,0x82,0xf3,0xa3,0xfb,0x82,0xfb,0xa3,0xfb,0x82,0xf3,0xa3,0xfb,0x82,0xfb,0xa3,0xfb,0x82,0xf3,0xa3,0xfb,0x82,0xfb,0xa3,0xfb,0x82,0xf3,
0xa3,0xfb,0x82,0xfb,0xa3,0xfb,0x82,0xf3,0xa3,0xfb,0x82,0xfb,0xa3,0xfb,0x82,0xf3,0xa3,0xfb,0x82,0xf3,0xa2,0xfb,0xa2,0xf3,0xa3,0xfb,0xa2,0xf3,0xa2,0xfb,0xa2,0xf3,
0xc3,0xfb,0xa2,0xf3,0xc2,0xfb,0xa2,0xf3,0xc2,0xfb,0xc2,0xf3,0xc2,0xfb,0xc2,0xf3,0xc2,0xfb,0xc2,0xf3,0xe2,0xfb,0xc2,0xf3,0xe2,0xfb,0xc2,0xf3,0xe2,0xfb,0xe2,0xf3,
0xe2,0xfb,0xe2,0xf3,0xe2,0xfb,0xe2,0xf3,0xe2,0xfb,0xe2,0xf3,0x02,0xfc,0xe2,0xf3,0x02,0xfc,0xe2,0xf3,0x02,0xf4,0xe2,0xf3,0x02,0xfc,0x02,0xf4,0x02,0xf4,0x02,0xf4,
0x72,0x2e,0x72,0x2e,0x72,0x2e,0x72,0x36,0x72,0x2e,0x92,0x2e,0x72,0x2e,0x92,0x36,0x72,0x2e,0x92,0x36,0x72,0x2e,0x92,0x36,0x72,0x2e,0x92,0x36,0x72,0x2e,0x92,0x36,
0x72,0x2e,0x92,0x36,0x72,0x2e,0x93,0x36,0x72,0x2e,0x92,0x36,0x72,0x2e,0x93,0x36,0x72,0x2e,0x92,0x36,0x72,0x2e,0x93,0x36,0x72,0x2e,0x93,0x36,0x92,0x2e,0x93,0x36,
0x92,0x2e,0x93,0x36,0x92,0x36,0x93,0x36,0x92,0x2e,0x93,0x36,0x92,0x36,0x93,0x36,0x92,0x36,0x93,0x36,0x92,0x36,0x93,0x36,0x92,0x36,0x93,0x36,0x92,0x36,0x93,0x36,
0x92,0x36,0x93,0x36,0x92,0x36,0x93,0x36,0x92,0x36,0x93,0x36,0x92,0x36,0x93,0x36,0x92,0x36,0x93,0x36,0x92,0x36,0x93,0x36,0x92,0x36,0x93,0x36,0x92,0x36,0x93,0x36,
0x92,0x36,0x93,0x36,0x92,0x36,0x93,0x36,0x92,0x36,0x93,0x36,0x92,0x36,0x93,0x36,0x92,0x36,0x93,0x36,0x92,0x36,0x93,0x36,0x92,0x36,0x93,0x36,0x92,0x36,0x93,0x36,
0x92,0x36,0x93,0x36,0x92,0x36,0x93,0x36,0x92,0x36,0x93,0x36,0x92,0x36,0x93,0x36,0x92,0x36,0x93,0x36,0x92,0x36,0x93,0x36,0x82,0xf3,0x82,0xfb,0x82,0xf3,0x82,0xfb,
0x82,0xf3,0x82,0xfb,0x82,0xf3,0x82,0xfb,0x82,0xf3,0x82,0xfb,0x82,0xf3,0x82,0xfb,0x82,0xf3,0x82,0xfb,0x82,0xf3,0x82,0xfb,0x82,0xf3,0x82,0xfb,0x82,0xf3,0x82,0xfb,
0x82,0xf3,0x82,0xfb,0x82,0xf3,0x82,0xfb,0x82,0xf3,0x82,0xfb,0x82,0xf3,0x82,0xfb,0x82,0xf3,0x82,0xfb,0x82,0xf3,0x82,0xfb,0x82,0xf3,0x82,0xfb,0x82,0xf3,0x82,0xfb,
0x82,0xf3,0x82,0xfb,0x82,0xf3,0x82,0xfb,0x82,0xf3,0x82,0xfb,0x82,0xf3,0x82,0xfb,0x82,0xf3,0x82,0xfb,0x82,0xf3,0x82,0xfb,0x82,0xf3,0x82,0xfb,0x82,0xf3,0x82,0xfb,
0x82,0xf3,0x82,0xfb,0x82,0xf3,0xa2,0xfb,0x82,0xf3,0xa2,0xfb,0x82,0xf3,0xa2,0xfb,0xa2,0xf3,0xa2,0xf3,0xa2,0xf3,0xc2,0xfb,0xa2,0xf3,0xc2,0xf3,0xa2,0xf3,0xc2,0xfb,
0xc2,0xf3,0xc2,0xf3,0xc2,0xf3,0xc2,0xfb,0xc2,0xf3,0xc2,0xf3,0xc2,0xf3,0xe2,0xf3,0xc1,0xf3,0xe2,0xf3,0xc2,0xf3,0xe2,0xf3,0xe1,0xf3,0xe2,0xf3,0xe2,0xf3,0xe2,0xf3,
0xe1,0xf3,0xe2,0xf3,0xe2,0xf3,0x02,0xf4,0xe1,0xf3,0x02,0xf4,0xe1,0xf3,0x02,0xf4,0x93,0x36,0x72,0x2e,0x93,0x36,0x72,0x2e,0x93,0x36,0x72,0x2e,0x93,0x36,0x72,0x2e,
0x93,0x36,0x72,0x2e,0x93,0x36,0x72,0x2e,0x93,0x36,0x72,0x2e,0x93,0x36,0x72,0x36,0x93,0x36,0x92,0x2e,0x93,0x36,0x92,0x36,0x93,0x36,0x92,0x2e,0x93,0x36,0x92,0x36,
0x93,0x36,0x92,0x36,0x93,0x36,0x92,0x36,0x93,0x36,0x92,0x36,0x93,0x36,0x92,0x36,0x93,0x36,0x92,0x36,0x93,0x36,0x92,0x36,0x93,0x36,0x92,0x36,0xb3,0x36,0x93,0x36,
0xb3,0x36,0x92,0x36,0xb3,0x36,0x93,0x36,0xb3,0x36,0x92,0x36,0xb3,0x36,0x93,0x36,0xb3,0x36,0x92,0x36,0xb3,0x36,0x93,0x36,0xb3,0x36,0x92,0x36,0xb3,0x36,0x93,0x36,
0xb3,0x36,0x92,0x36,0xb3,0x36,0x93,0x36,0xb3,0x36,0x92,0x36,0xb3,0x36,0x93,0x36,0xb3,0x36,0x92,0x36,0xb3,0x36,0x93,0x36,0xb3,0x36,0x92,0x36,0xb3,0x36,0x93,0x36,
0xb3,0x36,0x92,0x36,0xb3,0x36,0x93,0x36,0xb3,0x36,0x92,0x36,0xb3,0x36,0x93,0x36,0xb3,0x36,0x92,0x36,0xb3,0x36,0x93,0x36,0xb3,0x36,0x92,0x36,0xb3,0x36,0x93,0x36,
0xb3,0x36,0x92,0x36,0xb3,0x36,0x93,0x36,0xa3,0xfb,0x82,0xf3,0xa3,0xfb,0x82,0xfb,0xa3,0xfb,0x82,0xf3,0xa3,0xfb,0x82,0xfb,0xa3,0xfb,0x82,0xf3,0xa3,0xfb,0x82,0xfb,
0xa3,0xfb,0x82,0xf3,0xa3,0xfb,0x82,0xfb,0xa3,0xfb,0x82,0xf3,0xa3,0xfb,0x82,0xfb,0xa3,0xfb,0x82,0xf3,0xa3,0xfb,0x82,0xfb,0xa3,0xfb,0x82,0xf3,0xa3,0xfb,0x82,0xfb,
0xa3,0xfb,0x82,0xf3,0xa3,0xfb,0x82,0xfb,0xa3,0xfb,0x82,0xf3,0xa3,0xfb,0x82,0xfb,0xa3,0xfb,0x82,0xf3,0xa3,0xfb,0x82,0xfb,0xa3,0xfb,0x82,0xf3,0xa3,0xfb,0x82,0xfb,
0xa3,0xfb,0x82,0xf3,0xa3,0xfb,0x82,0xfb,0xa3,0xfb,0x82,0xf3,0xa3,0xfb,0x82,0xfb,0xa3,0xfb,0x82,0xf3,0xa3,0xfb,0x82,0xf3,0xa2,0xfb,0x82,0xf3,0xa3,0xfb,0xa2,0xf3,
0xa2,0xfb,0xa2,0xf3,0xc3,0xfb,0xa2,0xf3,0xc2,0xfb,0xa2,0xf3,0xc2,0xfb,0xc2,0xf3,0xc2,0xfb,0xc2,0xf3,0xc2,0xfb,0xc2,0xf3,0xe2,0xfb,0xc2,0xf3,0xe2,0xfb,0xc2,0xf3,
0xe2,0xfb,0xc2,0xf3,0xe2,0xfb,0xe2,0xf3,0xe2,0xfb,0xe2,0xf3,0xe2,0xfb,0xe2,0xf3,0x02,0xfc,0xe2,0xf3,0x02,0xfc,0xe2,0xf3,0x02,0xf4,0xe2,0xf3,0x02,0xfc,0xe2,0xf3,
0x72,0x2e,0x92,0x36,0x72,0x2e,0x92,0x36,0x72,0x2e,0x92,0x36,0x72,0x2e,0x92,0x36,0x72,0x2e,0x92,0x36,0x72,0x2e,0x92,0x36,0x72,0x2e,0x92,0x36,0x72,0x2e,0x92,0x36,
0x72,0x2e,0x93,0x36,0x72,0x2e,0x92,0x36,0x72,0x2e,0x93,0x36,0x72,0x2e,0x92,0x36,0x72,0x2e,0x93,0x36,0x72,0x2e,0x93,0x36,0x92,0x2e,0x93,0x36,0x92,0x2e,0x93,0x36,
0x92,0x36,0x93,0x36,0x92,0x2e,0x93,0x36,0x92,0x36,0x93,0x36,0x92,0x36,0x93,0x36,0x92,0x36,0x93,0x36,0x92,0x36,0x93,0x36,0x92,0x36,0x93,0x36,0x92,0x36,0x93,0x36,
0x92,0x36,0x93,0x36,0x92,0x36,0x93,0x36,0x92,0x36,0x93,0x36,0x92,0x36,0x93,0x36,0x92,0x36,0x93,0x36,0x92,0x36,0x93,0x36,0x92,0x36,0x93,0x36,0x92,0x36,0x93,0x36,
0x92,0x36,0x93,0x36,0x92,0x36,0x93,0x36,0x92,0x36,0x93,0x36,0x92,0x36,0x93,0x36,0x92,0x36,0x93,0x36,0x92,0x36,0x93,0x36,0x92,0x36,0x93,0x36,0x92,0x36,0x93,0x36,
0x92,0x36,0x93,0x36,0x92,0x36,0x93,0x36,0x92,0x36,0x93,0x36,0x92,0x36,0x93,0x36,0x92,0x36,0x93,0x36,0x92,0x36,0x93,0x36,0x82,0xf3,0x82,0xfb,0x82,0xf3,0x82,0xfb,
0x82,0xf3,0x82,0xfb,0x82,0xf3,0x82,0xfb,0x82,0xf3,0x82,0xfb,0x82,0xf3,0x82,0xfb,0x82,0xf3,0x82,0xfb,0x82,0xf3,0x82,0xfb,0x82,0xf3,0x82,0xfb,0x82,0xf3,0x82,0xfb,
0x82,0xf3,0x82,0xfb,0x82,0xf3,0x82,0xfb,0x82,0xf3,0x82,0xfb,0x82,0xf3,0x82,0xfb,0x82,0xf3,0x82,0xfb,0x82,0xf3,0x82,0xfb,0x82,0xf3,0x82,0xfb,0x82,0xf3,0x82,0xfb,
0x82,0xf3,0x82,0xfb,0x82,0xf3,0x82,0xfb,0x82,0xf3,0x82,0xfb,0x82,0xf3,0x82,0xfb,0x82,0xf3,0x82,0xfb,0x82,0xf3,0x82,0xfb,0x82,0xf3,0x82,0xfb,0x82,0xf3,0x82,0xfb,
0x82,0xf3,0x82,0xfb,0x82,0xf3,0x82,0xfb,0x82,0xf3,0xa2,0xfb,0x82,0xf3,0xa2,0xfb,0x82,0xf3,0xa2,0xfb,0xa2,0xf3,0xa2,0xfb,0xa2,0xf3,0xa2,0xfb,0xa2,0xf3,0xc2,0xf3,
0xa2,0xf3,0xc2,0xfb,0xa2,0xf3,0xc2,0xf3,0xc2,0xf3,0xc2,0xfb,0xc2,0xf3,0xc2,0xf3,0xc2,0xf3,0xe2,0xf3,0xc1,0xf3,0xe2,0xf3,0xc2,0xf3,0xe2,0xf3,0xc1,0xf3,0xe2,0xf3,
0xe2,0xf3,0xe2,0xf3,0xe1,0xf3,0xe2,0xf3,0xe2,0xf3,0xe2,0xf3,0xe1,0xf3,0x02,0xf4,0x93,0x36,0x72,0x2e,0x93,0x36,0x72,0x2e,0x93,0x36,0x72,0x2e,0x93,0x36,0x72,0x2e,
0x93,0x36,0x72,0x2e,0x93,0x36,0x72,0x2e,0x93,0x36,0x72,0x36,0x93,0x36,0x92,0x2e,0x93,0x36,0x92,0x36,0x93,0x36,0x92,0x2e,0x93,0x36,0x92,0x36,0x93,0x36,0x92,0x36,
0x93,0x36,0x92,0x36,0x93,0x36,0x92,0x36,0x93,0x36,0x92,0x36,0x93,0x36,0x92,0x36,0x93,0x36,0x92,0x36,0x93,0x36,0x92,0x36,0xb3,0x36,0x93,0x36,0xb3,0x36,0x92,0x36,
0xb3,0x36,0x93,0x36,0xb3,0x36,0x92,0x36,0xb3,0x36,0x93,0x36,0xb3,0x36,0x92,0x36,0xb3,0x36,0x93,0x36,0xb3,0x36,0x92,0x36,0xb3,0x36,0x93,0x36,0xb3,0x36,0x92,0x36,
0xb3,0x36,0x93,0x36,0xb3,0x36,0x92,0x36,0xb3,0x36,0x93,0x36,0xb3,0x36,0x92,0x36,0xb3,0x36,0x93,0x36,0xb3,0x36,0x92,0x36,0xb3,0x36,0x93,0x36,0xb3,0x36,0x92,0x36,
0xb3,0x36,0x93,0x36,0xb3,0x36,0x92,0x36,0xb3,0x36,0x93,0x36,0xb3,0x36,0x92,0x36,0xb3,0x36,0x93,0x36,0xb3,0x36,0x92,0x36,0xb3,0x36,0x93,0x36,0xb3,0x36,0x92,0x36,
0xb3,0x36,0x93,0x36,0xb3,0x36,0x92,0x36,0xa3,0xfb,0x82,0xfb,0xa3,0xfb,0x82,0xf3,0xa3,0xfb,0x82,0xfb,0xa3,0xfb,0x82,0xf3,0xa3,0xfb,0x82,0xfb,0xa3,0xfb,0x82,0xf3,
0xa3,0xfb,0x82,0xfb,0xa3,0xfb,0x82,0xf3,0xa3,0xfb,0x82,0xfb,0xa3,0xfb,0x82,0xf3,0xa3,0xfb,0x82,0xfb,0xa3,0xfb,0x82,0xf3,0xa3,0xfb,0x82,0xfb,0xa3,0xfb,0x82,0xf3,
0xa3,0xfb,0x82,0xfb,0xa3,0xfb,0x82,0xf3,0xa3,0xfb,0x82,0xfb,0xa3,0xfb,0x82,0xf3,0xa3,0xfb,0x82,0xfb,0xa3,0xfb,0x82,0xf3,0xa3,0xfb,0x82,0xfb,0xa3,0xfb,0x82,0xf3,
0xa3,0xfb,0x82,0xfb,0xa3,0xfb,0x82,0xf3,0xa3,0xfb,0x82,0xfb,0xa3,0xfb,0x82,0xf3,0xa3,0xfb,0x82,0xfb,0xa3,0xfb,0x82,0xf3,0xa3,0xfb,0x82,0xf3,0xa2,0xfb,0x82,0xf3,
0xa3,0xfb,0xa2,0xf3,0xa2,0xfb,0xa2,0xf3,0xc3,0xfb,0xa2,0xf3,0xc2,0xfb,0xa2,0xf3,0xc2,0xfb,0xc2,0xf3,0xc2,0xfb,0xc2,0xf3,0xc2,0xfb,0xc2,0xf3,0xc2,0xfb,0xc2,0xf3,
0xe2,0xfb,0xc2,0xf3,0xe2,0xfb,0xc2,0xf3,0xe2,0xfb,0xe2,0xf3,0xe2,0xfb,0xe2,0xf3,0xe2,0xfb,0xe2,0xf3,0xe2,0xfb,0xe2,0xf3,0x02,0xfc,0xe2,0xf3,0x02,0xfc,0xe2,0xf3,
0x72,0x2e,0x92,0x36,0x72,0x2e,0x92,0x36,0x72,0x2e,0x92,0x36,0x72,0x2e,0x92,0x36,0x72,0x2e,0x92,0x36,0x72,0x2e,0x93,0x36,0x72,0x2e,0x92,0x36,0x72,0x2e,0x93,0x36,
0x72,0x2e,0x92,0x36,0x72,0x2e,0x93,0x36,0x72,0x2e,0x92,0x36,0x72,0x2e,0x93,0x36,0x72,0x2e,0x93,0x36,0x92,0x2e,0x93,0x36,0x92,0x2e,0x93,0x36,0x92,0x36,0x93,0x36,
0x92,0x2e,0x93,0x36,0x92,0x36,0x93,0x36,0x92,0x36,0x93,0x36,0x92,0x36,0x93,0x36,0x92,0x36,0x93,0x36,0x92,0x36,0x93,0x36,0x92,0x36,0x93,0x36,0x92,0x36,0x93,0x36,
0x92,0x36,0x93,0x36,0x92,0x36,0x93,0x36,0x92,0x36,0x93,0x36,0x92,0x36,0x93,0x36,0x92,0x36,0x93,0x36,0x92,0x36,0x93,0x36,0x92,0x36,0x93,0x36,0x92,0x36,0x93,0x36,
0x92,0x36,0x93,0x36,0x92,0x36,0x93,0x36,0x92,0x36,0x93,0x36,0x92,0x36,0x93,0x36,0x92,0x36,0x93,0x36,0x92,0x36,0x93,0x36,0x92,0x36,0x93,0x36,0x92,0x36,0x93,0x36,
0x92,0x36,0x93,0x36,0x92,0x36,0x93,0x36,0x92,0x36,0x93,0x36,0x92,0x36,0x93,0x36,0x92,0x36,0x93,0x36,0x92,0x36,0x93,0x36,0x82,0xf3,0x82,0xfb,0x82,0xf3,0x82,0xfb,
0x82,0xf3,0x82,0xfb,0x82,0xf3,0x82,0xfb,0x82,0xf3,0x82,0xfb,0x82,0xf3,0x82,0xfb,0x82,0xf3,0x82,0xfb,0x82,0xf3,0x82,0xfb,0x82,0xf3,0x82,0xfb,0x82,0xf3,0x82,0xfb,
0x82,0xf3,0x82,0xfb,0x82,0xf3,0x82,0xfb,0x82,0xf3,0x82,0xfb,0x82,0xf3,0x82,0xfb,0x82,0xf3,0x82,0xfb,0x82,0xf3,0x82,0xfb,0x82,0xf3,0x82,0xfb,0x82,0xf3,0x82,0xfb,
0x82,0xf3,0x82,0xfb,0x82,0xf3,0x82,0xfb,0x82,0xf3,0x82,0xfb,0x82,0xf3,0x82,0xfb,0x82,0xf3,0x82,0xfb,0x82,0xf3,0x82,0xfb,0x82,0xf3,0x82,0xfb,0x82,0xf3,0x82,0xfb,
0x82,0xf3,0x82,0xfb,0x82,0xf3,0x82,0xfb,0x82,0xf3,0x82,0xfb,0x82,0xf3,0xa2,0xfb,0x82,0xf3,0xa2,0xfb,0x82,0xf3,0xa2,0xfb,0xa2,0xf3,0xa2,0xfb,0xa2,0xf3,0xa2,0xfb,
0xa2,0xf3,0xc2,0xf3,0xa2,0xf3,0xc2,0xfb,0xa2,0xf3,0xc2,0xf3,0xc2,0xf3,0xc2,0xfb,0xc2,0xf3,0xc2,0xf3,0xc2,0xf3,0xe2,0xf3,0xc1,0xf3,0xe2,0xf3,0xc2,0xf3,0xe2,0xf3,
0xc1,0xf3,0xe2,0xf3,0xe2,0xf3,0xe2,0xf3,0xe1,0xf3,0xe2,0xf3,0xe2,0xf3,0xe2,0xf3,0x93,0x36,0x72,0x2e,0x93,0x36,0x72,0x2e,0x93,0x36,0x72,0x2e,0x93,0x36,0x72,0x2e,
0x93,0x36,0x72,0x2e,0x93,0x36,0x72,0x36,0x93,0x36,0x92,0x2e,0x93,0x36,0x92,0x36,0x93,0x36,0x92,0x2e,0x93,0x36,0x92,0x36,0x93,0x36,0x92,0x36,0x93,0x36,0x92,0x36,
0x93,0x36,0x92,0x36,0x93,0x36,0x92,0x36,0x93,0x36,0x92,0x36,0x93,0x36,0x92,0x36,0x93,0x36,0x92,0x36,0xb3,0x36,0x93,0x36,0xb3,0x36,0x92,0x36,0xb3,0x36,0x93,0x36,
0xb3,0x36,0x92,0x36,0xb3,0x36,0x93,0x36,0xb3,0x36,0x92,0x36,0xb3,0x36,0x93,0x36,0xb3,0x36,0x92,0x36,0xb3,0x36,0x93,0x36,0xb3,0x36,0x92,0x36,0xb3,0x36,0x93,0x36,
0xb3,0x36,0x92,0x36,0xb3,0x36,0x93,0x36,0xb3,0x36,0x92,0x36,0xb3,0x36,0x93,0x36,0xb3,0x36,0x92,0x36,0xb3,0x36,0x93,0x36,0xb3,0x36,0x92,0x36,0xb3,0x36,0x93,0x36,
0xb3,0x36,0x92,0x36,0xb3,0x36,0x93,0x36,0xb3,0x36,0x92,0x36,0xb3,0x36,0x93,0x36,0xb3,0x36,0x92,0x36,0xb3,0x36,0x93,0x36,0xb3,0x36,0x92,0x36,0xb3,0x36,0x93,0x36,
0xb3,0x36,0x92,0x36,0xb3,0x36,0x93,0x36,0xa3,0xfb,0x82,0xf3,0xa3,0xfb,0x82,0xfb,0xa3,0xfb,0x82,0xf3,0xa3,0xfb,0x82,0xfb,0xa3,0xfb,0x82,0xf3,0xa3,0xfb,0x82,0xfb,
0xa3,0xfb,0x82,0xf3,0xa3,0xfb,0x82,0xfb,0xa3,0xfb,0x82,0xf3,0xa3,0xfb,0x82,0xfb,0xa3,0xfb,0x82,0xf3,0xa3,0xfb,0x82,0xfb,0xa3,0xfb,0x82,0xf3,0xa3,0xfb,0x82,0xfb,
0xa3,0xfb,0x82,0xf3,0xa3,0xfb,0x82,0xfb,0xa3,0xfb,0x82,0xf3,0xa3,0xfb,0x82,0xfb,0xa3,0xfb,0x82,0xf3,0xa3,0xfb,0x82,0xfb,0xa3,0xfb,0x82,0xf3,0xa3,0xfb,0x82,0xfb,
0xa3,0xfb,0x82,0xf3,0xa3,0xfb,0x82,0xfb,0xa3,0xfb,0x82,0xf3,0xa3,0xfb,0x82,0xfb,0xa3,0xfb,0x82,0xf3,0xa3,0xfb,0x82,0xfb,0xa3,0xfb,0x82,0xf3,0xa3,0xfb,0x82,0xf3,
0xa2,0xfb,0x82,0xf3,0xa3,0xfb,0xa2,0xf3,0xa2,0xfb,0xa2,0xf3,0xa3,0xfb,0xa2,0xf3,0xc2,0xfb,0xa2,0xf3,0xc2,0xfb,0xa2,0xf3,0xc2,0xfb,0xc2,0xf3,0xc2,0xfb,0xc2,0xf3,
0xc2,0xfb,0xc2,0xf3,0xe2,0xfb,0xc2,0xf3,0xe2,0xfb,0xc2,0xf3,0xe2,0xfb,0xc2,0xf3,0xe2,0xfb,0xe2,0xf3,0xe2,0xfb,0xe2,0xf3,0xe2,0xfb,0xe2,0xf3,0xe2,0xfb,0xe2,0xf3,
0x72,0x2e,0x92,0x36,0x72,0x2e,0x92,0x36,0x72,0x2e,0x92,0x36,0x72,0x2e,0x92,0x36,0x72,0x2e,0x93,0x36,0x72,0x2e,0x92,0x36,0x72,0x2e,0x93,0x36,0x72,0x2e,0x92,0x36,
0x72,0x2e,0x93,0x36,0x72,0x2e,0x92,0x36,0x72,0x2e,0x93,0x36,0x72,0x2e,0x93,0x36,0x92,0x2e,0x93,0x36,0x92,0x2e,0x93,0x36,0x92,0x36,0x93,0x36,0x92,0x2e,0x93,0x36,
0x92,0x36,0x93,0x36,0x92,0x36,0x93,0x36,0x92,0x36,0x93,0x36,0x92,0x36,0x93,0x36,0x92,0x36,0x93,0x36,0x92,0x36,0x93,0x36,0x92,0x36,0x93,0x36,0x92,0x36,0x93,0x36,
0x92,0x36,0x93,0x36,0x92,0x36,0x93,0x36,0x92,0x36,0x93,0x36,0x92,0x36,0x93,0x36,0x92,0x36,0x93,0x36,0x92,0x36,0x93,0x36,0x92,0x36,0x93,0x36,0x92,0x36,0x93,0x36,
0x92,0x36,0x93,0x36,0x92,0x36,0x93,0x36,0x92,0x36,0x93,0x36,0x92,0x36,0x93,0x36,0x92,0x36,0x93,0x36,0x92,0x36,0x93,0x36,0x92,0x36,0x93,0x36,0x92,0x36,0x93,0x36,
0x92,0x36,0x93,0x36,0x92,0x36,0x93,0x36,0x92,0x36,0x93,0x36,0x92,0x36,0x93,0x36,0x92,0x36,0x93,0x36,0x92,0x36,0x93,0x36,0x82,0xf3,0x82,0xfb,0x82,0xf3,0x82,0xfb,
0x82,0xf3,0x82,0xfb,0x82,0xf3,0x82,0xfb,0x82,0xf3,0x82,0xfb,0x82,0xf3,0x82,0xfb,0x82,0xf3,0x82,0xfb,0x82,0xf3,0x82,0xfb,0x82,0xf3,0x82,0xfb,0x82,0xf3,0x82,0xfb,
0x82,0xf3,0x82,0xfb,0x82,0xf3,0x82,0xfb,0x82,0xf3,0x82,0xfb,0x82,0xf3,0x82,0xfb,0x82,0xf3,0x82,0xfb,0x82,0xf3,0x82,0xfb,0x82,0xf3,0x82,0xfb,0x82,0xf3,0x82,0xfb,
0x82,0xf3,0x82,0xfb,0x82,0xf3,0x82,0xfb,0x82,0xf3,0x82,0xfb,0x82,0xf3,0x82,0xfb,0x82,0xf3,0x82,0xfb,0x82,0xf3,0x82,0xfb,0x82,0xf3,0x82,0xfb,0x82,0xf3,0x82,0xfb,
0x82,0xf3,0x82,0xfb,0x82,0xf3,0x82,0xfb,0x82,0xf3,0x82,0xfb,0x82,0xf3,0x82,0xfb,0x82,0xf3,0xa2,0xfb,0x82,0xf3,0xa2,0xfb,0x82,0xf3,0xa2,0xfb,0xa2,0xf3,0xa2,0xfb,
0xa2,0xf3,0xa2,0xfb,0xa2,0xf3,0xc2,0xf3,0xa2,0xf3,0xc2,0xfb,0xa2,0xf3,0xc2,0xf3,0xc2,0xf3,0xc2,0xfb,0xc2,0xf3,0xc2,0xf3,0xc2,0xf3,0xc2,0xf3,0xc1,0xf3,0xe2,0xf3,
0xc2,0xf3,0xe2,0xf3,0xc1,0xf3,0xe2,0xf3,0xc2,0xf3,0xe2,0xf3,0xe1,0xf3,0xe2,0xf3,0x93,0x36,0x72,0x2e,0x93,0x36,0x72,0x2e,0x93,0x36,0x72,0x2e,0x93,0x36,0x72,0x2e,
0x93,0x36,0x92,0x36,0x93,0x36,0x92,0x2e,0x93,0x36,0x92,0x36,0x93,0x36,0x92,0x2e,0x93,0x36,0x92,0x36,0x93,0x36,0x92,0x36,0x93,0x36,0x92,0x36,0x93,0x36,0x92,0x36,
0x93,0x36,0x92,0x36,0x93,0x36,0x92,0x36,0x93,0x36,0x92,0x36,0x93,0x36,0x92,0x36,0xb3,0x36,0x93,0x36,0xb3,0x36,0x92,0x36,0xb3,0x36,0x93,0x36,0xb3,0x36,0x92,0x36,
0xb3,0x36,0x93,0x36,0xb3,0x36,0x92,0x36,0xb3,0x36,0x93,0x36,0xb3,0x36,0x92,0x36,0xb3,0x36,0x93,0x36,0xb3,0x36,0x92,0x36,0xb3,0x36,0x93,0x36,0xb3,0x36,0x92,0x36,
0xb3,0x36,0x93,0x36,0xb3,0x36,0x92,0x36,0xb3,0x36,0x93,0x36,0xb3,0x36,0x92,0x36,0xb3,0x36,0x93,0x36,0xb3,0x36,0x92,0x36,0xb3,0x36,0x93,0x36,0xb3,0x36,0x92,0x36,
0xb3,0x36,0x93,0x36,0xb3,0x36,0x92,0x36,0xb3,0x36,0x93,0x36,0xb3,0x36,0x92,0x36,0xb3,0x36,0x93,0x36,0xb3,0x36,0x92,0x36,0xb3,0x36,0x93,0x36,0xb3,0x36,0x92,0x36,
0xb3,0x36,0x93,0x36,0xb3,0x36,0x92,0x36,0xa3,0xfb,0x82,0xfb,0xa3,0xfb,0x82,0xf3,0xa3,0xfb,0x82,0xfb,0xa3,0xfb,0x82,0xf3,0xa3,0xfb,0x82,0xfb,0xa3,0xfb,0x82,0xf3,
0xa3,0xfb,0x82,0xfb,0xa3,0xfb,0x82,0xf3,0xa3,0xfb,0x82,0xfb,0xa3,0xfb,0x82,0xf3,0xa3,0xfb,0x82,0xfb,0xa3,0xfb,0x82,0xf3,0xa3,0xfb,0x82,0xfb,0xa3,0xfb,0x82,0xf3,
0xa3,0xfb,0x82,0xfb,0xa3,0xfb,0x82,0xf3,0xa3,0xfb,0x82,0xfb,0xa3,0xfb,0x82,0xf3,0xa3,0xfb,0x82,0xfb,0xa3,0xfb,0x82,0xf3,0xa3,0xfb,0x82,0xfb,0xa3,0xfb,0x82,0xf3,
0xa3,0xfb,0x82,0xfb,0xa3,0xfb,0x82,0xf3,0xa3,0xfb,0x82,0xfb,0xa3,0xfb,0x82,0xf3,0xa3,0xfb,0x82,0xfb,0xa3,0xfb,0x82,0xf3,0xa3,0xfb,0x82,0xfb,0xa3,0xfb,0x82,0xf3,
0xa3,0xfb,0x82,0xf3,0xa2,0xfb,0x82,0xf3,0xa3,0xfb,0xa2,0xf3,0xa2,0xfb,0xa2,0xf3,0xa3,0xfb,0xa2,0xf3,0xc2,0xfb,0xa2,0xf3,0xc2,0xfb,0xa2,0xf3,0xc2,0xfb,0xc2,0xf3,
0xc2,0xfb,0xc2,0xf3,0xc2,0xfb,0xc2,0xf3,0xe2,0xfb,0xc2,0xf3,0xe2,0xfb,0xc2,0xf3,0xe2,0xfb,0xc2,0xf3,0xe2,0xfb,0xe2,0xf3,0xe2,0xfb,0xe2,0xf3,0xe2,0xfb,0xe2,0xf3,
0x72,0x2e,0x92,0x36,0x72,0x2e,0x92,0x36,0x72,0x2e,0x92,0x36,0x72,0x2e,0x93,0x36,0x72,0x2e,0x92,0x36,0x72,0x2e,0x93,0x36,0x72,0x2e,0x92,0x36,0x72,0x2e,0x93,0x36,
0x72,0x2e,0x92,0x36,0x72,0x2e,0x93,0x36,0x72,0x2e,0x93,0x36,0x92,0x2e,0x93,0x36,0x92,0x2e,0x93,0x36,0x92,0x36,0x93,0x36,0x92,0x2e,0x93,0x36,0x92,0x36,0x93,0x36,
0x92,0x36,0x93,0x36,0x92,0x36,0x93,0x36,0x92,0x36,0x93,0x36,0x92,0x36,0x93,0x36,0x92,0x36,0x93,0x36,0x92,0x36,0x93,0x36,0x92,0x36,0x93,0x36,0x92,0x36,0x93,0x36,
0x92,0x36,0x93,0x36,0x92,0x36,0x93,0x36,0x92,0x36,0x93,0x36,0x92,0x36,0x93,0x36,0x92,0x36,0x93,0x36,0x92,0x36,0x93,0x36,0x92,0x36,0x93,0x36,0x92,0x36,0x93,0x36,
0x92,0x36,0x93,0x36,0x92,0x36,0x93,0x36,0x92,0x36,0x93,0x36,0x92,0x36,0x93,0x36,0x92,0x36,0x93,0x36,0x92,0x36,0x93,0x36,0x92,0x36,0x93,0x36,0x92,0x36,0x93,0x36,
0x92,0x36,0x93,0x36,0x92,0x36,0x93,0x36,0x92,0x36,0x93,0x36,0x92,0x36,0x93,0x36,0x92,0x36,0x93,0x36,0x92,0x36,0x93,0x36,0x82,0xf3,0x82,0xfb,0x82,0xf3,0x82,0xfb,
0x82,0xf3,0x82,0xfb,0x82,0xf3,0x82,0xfb,0x82,0xf3,0x82,0xfb,0x82,0xf3,0x82,0xfb,0x82,0xf3,0x82,0xfb,0x82,0xf3,0x82,0xfb,0x82,0xf3,0x82,0xfb,0x82,0xf3,0x82,0xfb,
0x82,0xf3,0x82,0xfb,0x82,0xf3,0x82,0xfb,0x82,0xf3,0x82,0xfb,0x82,0xf3,0x82,0xfb,0x82,0xf3,0x82,0xfb,0x82,0xf3,0x82,0xfb,0x82,0xf3,0x82,0xfb,0x82,0xf3,0x82,0xfb,
0x82,0xf3,0x82,0xfb,0x82,0xf3,0x82,0xfb,0x82,0xf3,0x82,0xfb,0x82,0xf3,0x82,0xfb,0x82,0xf3,0x82,0xfb,0x82,0xf3,0x82,0xfb,0x82,0xf3,0x82,0xfb,0x82,0xf3,0x82,0xfb,
0x82,0xf3,0x82,0xfb,0x82,0xf3,0x82,0xfb,0x82,0xf3,0x82,0xfb,0x82,0xf3,0x82,0xfb,0x82,0xf3,0x82,0xfb,0x82,0xf3,0xa2,0xfb,0x82,0xf3,0xa2,0xfb,0x82,0xf3,0xa2,0xfb,
0xa2,0xf3,0xa2,0xfb,0xa2,0xf3,0xa2,0xfb,0xa2,0xf3,0xc2,0xf3,0xa2,0xf3,0xc2,0xfb,0xa2,0xf3,0xc2,0xf3,0xa2,0xf3,0xc2,0xfb,0xc2,0xf3,0xc2,0xf3,0xc2,0xf3,0xc2,0xf3,
0xc2,0xf3,0xe2,0xf3,0xc2,0xf3,0xe2,0xf3,0xc1,0xf3,0xe2,0xf3,0xc2,0xf3,0xe2,0xf3,0x93,0x36,0x72,0x2e,0x93,0x36,0x72,0x2e,0x93,0x36,0x72,0x2e,0x93,0x36,0x92,0x36,
0x93,0x36,0x92,0x2e,0x93,0x36,0x92,0x36,0x93,0x36,0x92,0x2e,0x93,0x36,0x92,0x36,0x93,0x36,0x92,0x36,0x93,0x36,0x92,0x36,0x93,0x36,0x92,0x36,0x93,0x36,0x92,0x36,
0x93,0x36,0x92,0x36,0x93,0x36,0x92,0x36,0x93,0x36,0x92,0x36,0xb3,0x36,0x93,0x36,0xb3,0x36,0x92,0x36,0xb3,0x36,0x93,0x36,0xb3,0x36,0x92,0x36,0xb3,0x36,0x93,0x36,
0xb3,0x36,0x92,0x36,0xb3,0x36,0x93,0x36,0xb3,0x36,0x92,0x36,0xb3,0x36,0x93,0x36,0xb3,0x36,0x92,0x36,0xb3,0x36,0x93,0x36,0xb3,0x36,0x92,0x36,0xb3,0x36,0x93,0x36,
0xb3,0x36,0x92,0x36,0xb3,0x36,0x93,0x36,0xb3,0x36,0x92,0x36,0xb3,0x36,0x93,0x36,0xb3,0x36,0x92,0x36,0xb3,0x36,0x93,0x36,0xb3,0x36,0x92,0x36,0xb3,0x36,0x93,0x36,
0xb3,0x36,0x92,0x36,0xb3,0x36,0x93,0x36,0xb3,0x36,0x92,0x36,0xb3,0x36,0x93,0x36,0xb3,0x36,0x92,0x36,0xb3,0x36,0x93,0x36,0xb3,0x36,0x92,0x36,0xb3,0x36,0x93,0x36,
0xb3,0x36,0x92,0x36,0xb3,0x36,0x93,0x36,0xa3,0xfb,0x82,0xf3,0xa3,0xfb,0x82,0xfb,0xa3,0xfb,0x82,0xf3,0xa3,0xfb,0x82,0xfb,0xa3,0xfb,0x82,0xf3,0xa3,0xfb,0x82,0xfb,
0xa3,0xfb,0x82,0xf3,0xa3,0xfb,0x82,0xfb,0xa3,0xfb,0x82,0xf3,0xa3,0xfb,0x82,0xfb,0xa3,0xfb,0x82,0xf3,0xa3,0xfb,0x82,0xfb,0xa3,0xfb,0x82,0xf3,0xa3,0xfb,0x82,0xfb,
0xa3,0xfb,0x82,0xf3,0xa3,0xfb,0x82,0xfb,0xa3,0xfb,0x82,0xf3,0xa3,0xfb,0x82,0xfb,0xa3,0xfb,0x82,0xf3,0xa3,0xfb,0x82,0xfb,0xa3,0xfb,0x82,0xf3,0xa3,0xfb,0x82,0xfb,
0xa3,0xfb,0x82,0xf3,0xa3,0xfb,0x82,0xfb,0xa3,0xfb,0x82,0xf3,0xa3,0xfb,0x82,0xfb,0xa3,0xfb,0x82,0xf3,0xa3,0xfb,0x82,0xfb,0xa3,0xfb,0x82,0xf3,0xa3,0xfb,0x82,0xfb,
0xa3,0xfb,0x82,0xf3,0xa3,0xfb,0x82,0xf3,0xa2,0xfb,0x82,0xf3,0xa3,0xfb,0xa2,0xf3,0xa2,0xfb,0xa2,0xf3,0xa3,0xfb,0xa2,0xf3,0xc2,0xfb,0xa2,0xf3,0xc2,0xfb,0xa2,0xf3,
0xc2,0xfb,0xc2,0xf3,0xc2,0xfb,0xc2,0xf3,0xc2,0xfb,0xc2,0xf3,0xc2,0xfb,0xc2,0xf3,0xe2,0xfb,0xc2,0xf3,0xe2,0xfb,0xc2,0xf3,0xe2,0xfb,0xc2,0xf3,0xe2,0xfb,0xe2,0xf3,
0x72,0x2e,0x92,0x36,0x72,0x2e,0x92,0x36,0x72,0x2e,0x93,0x36,0x72,0x2e,0x92,0x36,0x72,0x2e,0x93,0x36,0x72,0x2e,0x92,0x36,0x72,0x2e,0x93,0x36,0x72,0x2e,0x92,0x36,
0x72,0x2e,0x93,0x36,0x92,0x2e,0x93,0x36,0x92,0x2e,0x93,0x36,0x92,0x2e,0x93,0x36,0x92,0x36,0x93,0x36,0x92,0x2e,0x93,0x36,0x92,0x36,0x93,0x36,0x92,0x36,0x93,0x36,
0x92,0x36,0x93,0x36,0x92,0x36,0x93,0x36,0x92,0x36,0x93,0x36,0x92,0x36,0x93,0x36,0x92,0x36,0x93,0x36,0x92,0x36,0x93,0x36,0x92,0x36,0x93,0x36,0x92,0x36,0x93,0x36,
0x92,0x36,0x93,0x36,0x92,0x36,0x93,0x36,0x92,0x36,0x93,0x36,0x92,0x36,0x93,0x36,0x92,0x36,0x93,0x36,0x92,0x36,0x93,0x36,0x92,0x36,0x93,0x36,0x92,0x36,0x93,0x36,
0x92,0x36,0x93,0x36,0x92,0x36,0x93,0x36,0x92,0x36,0x93,0x36,0x92,0x36,0x93,0x36,0x92,0x36,0x93,0x36,0x92,0x36,0x93,0x36,0x92,0x36,0x93,0x36,0x92,0x36,0x93,0x36,
0x92,0x36,0x93,0x36,0x92,0x36,0x93,0x36,0x92,0x36,0x93,0x36,0x92,0x36,0x93,0x36,0x92,0x36,0x93,0x36,0x92,0x36,0x93,0x36,0x82,0xf3,0x82,0xfb,0x82,0xf3,0x82,0xfb,
0x82,0xf3,0x82,0xfb,0x82,0xf3,0x82,0xfb,0x82,0xf3,0x82,0xfb,0x82,0xf3,0x82,0xfb,0x82,0xf3,0x82,0xfb,0x82,0xf3,0x82,0xfb,0x82,0xf3,0x82,0xfb,0x82,0xf3,0x82,0xfb,
0x82,0xf3,0x82,0xfb,0x82,0xf3,0x82,0xfb,0x82,0xf3,0x82,0xfb,0x82,0xf3,0x82,0xfb,0x82,0xf3,0x82,0xfb,0x82,0xf3,0x82,0xfb,0x82,0xf3,0x82,0xfb,0x82,0xf3,0x82,0xfb,
0x82,0xf3,0x82,0xfb,0x82,0xf3,0x82,0xfb,0x82,0xf3,0x82,0xfb,0x82,0xf3,0x82,0xfb,0x82,0xf3,0x82,0xfb,0x82,0xf3,0x82,0xfb,0x82,0xf3,0x82,0xfb,0x82,0xf3,0x82,0xfb,
0x82,0xf3,0x82,0xfb,0x82,0xf3,0x82,0xfb,0x82,0xf3,0x82,0xfb,0x82,0xf3,0x82,0xfb,0x82,0xf3,0x82,0xfb,0x82,0xf3,0x82,0xfb,0x82,0xf3,0xa2,0xfb,0x82,0xf3,0xa2,0xfb,
0x82,0xf3,0xa2,0xfb,0xa2,0xf3,0xa2,0xfb,0xa2,0xf3,0xa2,0xfb,0xa2,0xf3,0xc2,0xf3,0xa2,0xf3,0xc2,0xfb,0xa2,0xf3,0xc2,0xf3,0xa2,0xf3,0xc2,0xfb,0xc2,0xf3,0xc2,0xf3,
0xc2,0xf3,0xc2,0xfb,0xc2,0xf3,0xc2,0xf3,0xc2,0xf3,0xe2,0xf3,0xc1,0xf3,0xe2,0xf3,0x93,0x36,0x72,0x36,0x93,0x36,0x92,0x2e,0x93,0x36,0x92,0x36,0x93,0x36,0x92,0x2e,
0x93,0x36,0x92,0x36,0x93,0x36,0x92,0x36,0x93,0x36,0x92,0x36,0x93,0x36,0x92,0x36,0x93,0x36,0x92,0x36,0x93,0x36,0x92,0x36,0x93,0x36,0x92,0x36,0x93,0x36,0x92,0x36,
0x93,0x36,0x92,0x36,0x93,0x36,0x92,0x36,0xb3,0x36,0x93,0x36,0xb3,0x36,0x92,0x36,0xb3,0x36,0x93,0x36,0xb3,0x36,0x92,0x36,0xb3,0x36,0x93,0x36,0xb3,0x36,0x92,0x36,
0xb3,0x36,0x93,0x36,0xb3,0x36,0x92,0x36,0xb3,0x36,0x93,0x36,0xb3,0x36,0x92,0x36,0xb3,0x36,0x93,0x36,0xb3,0x36,0x92,0x36,0xb3,0x36,0x93,0x36,0xb3,0x36,0x92,0x36,
0xb3,0x36,0x93,0x36,0xb3,0x36,0x92,0x36,0xb3,0x36,0x93,0x36,0xb3,0x36,0x92,0x36,0xb3,0x36,0x93,0x36,0xb3,0x36,0x92,0x36,0xb3,0x36,0x93,0x36,0xb3,0x36,0x92,0x36,
0xb3,0x36,0x93,0x36,0xb3,0x36,0x92,0x36,0xb3,0x36,0x93,0x36,0xb3,0x36,0x92,0x36,0xb3,0x36,0x93,0x36,0xb3,0x36,0x92,0x36,0xb3,0x36,0x93,0x36,0xb3,0x36,0x92,0x36,
0xb3,0x36,0x93,0x36,0xb3,0x36,0x92,0x36,0xa3,0xfb,0x82,0xfb,0xa3,0xfb,0x82,0xf3,0xa3,0xfb,0x82,0xfb,0xa3,0xfb,0x82,0xf3,0xa3,0xfb,0x82,0xfb,0xa3,0xfb,0x82,0xf3,
0xa3,0xfb,0x82,0xfb,0xa3,0xfb,0x82,0xf3,0xa3,0xfb,0x82,0xfb,0xa3,0xfb,0x82,0xf3,0xa3,0xfb,0x82,0xfb,0xa3,0xfb,0x82,0xf3,0xa3,0xfb,0x82,0xfb,0xa3,0xfb,0x82,0xf3,
0xa3,0xfb,0x82,0xfb,0xa3,0xfb,0x82,0xf3,0xa3,0xfb,0x82,0xfb,0xa3,0xfb,0x82,0xf3,0xa3,0xfb,0x82,0xfb,0xa3,0xfb,0x82,0xf3,0xa3,0xfb,0x82,0xfb,0xa3,0xfb,0x82,0xf3,
0xa3,0xfb,0x82,0xfb,0xa3,0xfb,0x82,0xf3,0xa3,0xfb,0x82,0xfb,0xa3,0xfb,0x82,0xf3,0xa3,0xfb,0x82,0xfb,0xa3,0xfb,0x82,0xf3,0xa3,0xfb,0x82,0xfb,0xa3,0xfb,0x82,0xf3,
0xa3,0xfb,0x82,0xfb,0xa3,0xfb,0x82,0xf3,0xa3,0xfb,0x82,0xf3,0xa2,0xfb,0x82,0xf3,0xa3,0xfb,0xa2,0xf3,0xa2,0xfb,0xa2,0xf3,0xa3,0xfb,0xa2,0xf3,0xc2,0xfb,0xa2,0xf3,
0xc2,0xfb,0xa2,0xf3,0xc2,0xfb,0xc2,0xf3,0xc2,0xfb,0xc2,0xf3,0xc2,0xfb,0xc2,0xf3,0xc2,0xfb,0xc2,0xf3,0xe2,0xfb,0xc2,0xf3,0xe2,0xfb,0xc2,0xf3,0xe2,0xfb,0xc2,0xf3,
0x72,0x2e,0x92,0x36,0x72,0x2e,0x93,0x36,0x72,0x2e,0x92,0x36,0x72,0x2e,0x93,0x36,0x72,0x2e,0x92,0x36,0x72,0x2e,0x93,0x36,0x72,0x2e,0x92,0x36,0x72,0x2e,0x93,0x36,
0x92,0x2e,0x93,0x36,0x92,0x2e,0x93,0x36,0x92,0x2e,0x93,0x36,0x92,0x36,0x93,0x36,0x92,0x2e,0x93,0x36,0x92,0x36,0x93,0x36,0x92,0x36,0x93,0x36,0x92,0x36,0x93,0x36,
0x92,0x36,0x93,0x36,0x92,0x36,0x93,0x36,0x92,0x36,0x93,0x36,0x92,0x36,0x93,0x36,0x92,0x36,0x93,0x36,0x92,0x36,0x93,0x36,0x92,0x36,0x93,0x36,0x92,0x36,0x93,0x36,
0x92,0x36,0x93,0x36,0x92,0x36,0x93,0x36,0x92,0x36,0x93,0x36,0x92,0x36,0x93,0x36,0x92,0x36,0x93,0x36,0x92,0x36,0x93,0x36,0x92,0x36,0x93,0x36,0x92,0x36,0x93,0x36,
0x92,0x36,0x93,0x36,0x92,0x36,0x93,0x36,0x92,0x36,0x93,0x36,0x92,0x36,0x93,0x36,0x92,0x36,0x93,0x36,0x92,0x36,0x93,0x36,0x92,0x36,0x93,0x36,0x92,0x36,0x93,0x36,
0x92,0x36,0x93,0x36,0x92,0x36,0x93,0x36,0x92,0x36,0x93,0x36,0x92,0x36,0x93,0x36,0x92,0x36,0x93,0x36,0x92,0x36,0x93,0x36,0x82,0xf3,0x82,0xfb,0x82,0xf3,0x82,0xfb,
0x82,0xf3,0x82,0xfb,0x82,0xf3,0x82,0xfb,0x82,0xf3,0x82,0xfb,0x82,0xf3,0x82,0xfb,0x82,0xf3,0x82,0xfb,0x82,0xf3,0x82,0xfb,0x82,0xf3,0x82,0xfb,0x82,0xf3,0x82,0xfb,
0x82,0xf3,0x82,0xfb,0x82,0xf3,0x82,0xfb,0x82,0xf3,0x82,0xfb,0x82,0xf3,0x82,0xfb,0x82,0xf3,0x82,0xfb,0x82,0xf3,0x82,0xfb,0x82,0xf3,0x82,0xfb,0x82,0xf3,0x82,0xfb,
0x82,0xf3,0x82,0xfb,0x82,0xf3,0x82,0xfb,0x82,0xf3,0x82,0xfb,0x82,0xf3,0x82,0xfb,0x82,0xf3,0x82,0xfb,0x82,0xf3,0x82,0xfb,0x82,0xf3,0x82,0xfb,0x82,0xf3,0x82,0xfb,
0x82,0xf3,0x82,0xfb,0x82,0xf3,0x82,0xfb,0x82,0xf3,0x82,0xfb,0x82,0xf3,0x82,0xfb,0x82,0xf3,0x82,0xfb,0x82,0xf3,0x82,0xfb,0x82,0xf3,0x82,0xfb,0x82,0xf3,0xa2,0xfb,
0x82,0xf3,0xa2,0xfb,0x82,0xf3,0xa2,0xfb,0xa2,0xf3,0xa2,0xfb,0xa2,0xf3,0xa2,0xfb,0xa2,0xf3,0xa2,0xf3,0xa2,0xf3,0xc2,0xfb,0xa2,0xf3,0xc2,0xf3,0xa2,0xf3,0xc2,0xfb,
0xc2,0xf3,0xc2,0xf3,0xc2,0xf3,0xc2,0xfb,0xc2,0xf3,0xc2,0xf3,0xc2,0xf3,0xe2,0xf3,0x93,0x36,0x92,0x2e,0x93,0x36,0x92,0x36,0x93,0x36,0x92,0x2e,0x93,0x36,0x92,0x36,
0x93,0x36,0x92,0x36,0x93,0x36,0x92,0x36,0x93,0x36,0x92,0x36,0x93,0x36,0x92,0x36,0x93,0x36,0x92,0x36,0x93,0x36,0x92,0x36,0x93,0x36,0x92,0x36,0x93,0x36,0x92,0x36,
0x93,0x36,0x92,0x36,0xb3,0x36,0x93,0x36,0xb3,0x36,0x92,0x36,0xb3,0x36,0x93,0x36,0xb3,0x36,0x92,0x36,0xb3,0x36,0x93,0x36,0xb3,0x36,0x92,0x36,0xb3,0x36,0x93,0x36,
0xb3,0x36,0x92,0x36,0xb3,0x36,0x93,0x36,0xb3,0x36,0x92,0x36,0xb3,0x36,0x93,0x36,0xb3,0x36,0x92,0x36,0xb3,0x36,0x93,0x36,0xb3,0x36,0x92,0x36,0xb3,0x36,0x93,0x36,
0xb3,0x36,0x92,0x36,0xb3,0x36,0x93,0x36,0xb3,0x36,0x92,0x36,0xb3,0x36,0x93,0x36,0xb3,0x36,0x92,0x36,0xb3,0x36,0x93,0x36,0xb3,0x36,0x92,0x36,0xb3,0x36,0x93,0x36,
0xb3,0x36,0x92,0x36,0xb3,0x36,0x93,0x36,0xb3,0x36,0x92,0x36,0xb3,0x36,0x93,0x36,0xb3,0x36,0x92,0x36,0xb3,0x36,0x93,0x36,0xb3,0x36,0x92,0x36,0xb3,0x36,0x93,0x36,
0xb3,0x36,0x92,0x36,0xb3,0x36,0x93,0x36,0xa3,0xfb,0x82,0xf3,0xa3,0xfb,0x82,0xfb,0xa3,0xfb,0x82,0xf3,0xa3,0xfb,0x82,0xfb,0xa3,0xfb,0x82,0xf3,0xa3,0xfb,0x82,0xfb,
0xa3,0xfb,0x82,0xf3,0xa3,0xfb,0x82,0xfb,0xa3,0xfb,0x82,0xf3,0xa3,0xfb,0x82,0xfb,0xa3,0xfb,0x82,0xf3,0xa3,0xfb,0x82,0xfb,0xa3,0xfb,0x82,0xf3,0xa3,0xfb,0x82,0xfb,
0xa3,0xfb,0x82,0xf3,0xa3,0xfb,0x82,0xfb,0xa3,0xfb,0x82,0xf3,0xa3,0xfb,0x82,0xfb,0xa3,0xfb,0x82,0xf3,0xa3,0xfb,0x82,0xfb,0xa3,0xfb,0x82,0xf3,0xa3,0xfb,0x82,0xfb,
0xa3,0xfb,0x82,0xf3,0xa3,0xfb,0x82,0xfb,0xa3,0xfb,0x82,0xf3,0xa3,0xfb,0x82,0xfb,0xa3,0xfb,0x82,0xf3,0xa3,0xfb,0x82,0xfb,0xa3,0xfb,0x82,0xf3,0xa3,0xfb,0x82,0xfb,
0xa3,0xfb,0x82,0xf3,0xa3,0xfb,0x82,0xfb,0xa3,0xfb,0x82,0xf3,0xa3,0xfb,0x82,0xf3,0xa2,0xfb,0x82,0xf3,0xa3,0xfb,0xa2,0xf3,0xa2,0xfb,0xa2,0xf3,0xa3,0xfb,0xa2,0xf3,
0xc2,0xfb,0xa2,0xf3,0xc2,0xfb,0xa2,0xf3,0xc2,0xfb,0xa2,0xf3,0xc2,0xfb,0xc2,0xf3,0xc2,0xfb,0xc2,0xf3,0xc2,0xfb,0xc2,0xf3,0xe2,0xfb,0xc2,0xf3,0xe2,0xfb,0xc2,0xf3,
0x72,0x2e,0x93,0x36,0x72,0x2e,0x92,0x36,0x72,0x2e,0x93,0x36,0x72,0x2e,0x92,0x36,0x72,0x2e,0x93,0x36,0x72,0x2e,0x92,0x36,0x72,0x2e,0x93,0x36,0x92,0x2e,0x93,0x36,
0x92,0x2e,0x93,0x36,0x92,0x2e,0x93,0x36,0x92,0x36,0x93,0x36,0x92,0x2e,0x93,0x36,0x92,0x36,0x93,0x36,0x92,0x36,0x93,0x36,0x92,0x36,0x93,0x36,0x92,0x36,0x93,0x36,
0x92,0x36,0x93,0x36,0x92,0x36,0x93,0x36,0x92,0x36,0x93,0x36,0x92,0x36,0x93,0x36,0x92,0x36,0x93,0x36,0x92,0x36,0x93,0x36,0x92,0x36,0x93,0x36,0x92,0x36,0x93,0x36,
0x92,0x36,0x93,0x36,0x92,0x36,0x93,0x36,0x92,0x36,0x93,0x36,0x92,0x36,0x93,0x36,0x92,0x36,0x93,0x36,0x92,0x36,0x93,0x36,0x92,0x36,0x93,0x36,0x92,0x36,0x93,0x36,
0x92,0x36,0x93,0x36,0x92,0x36,0x93,0x36,0x92,0x36,0x93,0x36,0x92,0x36,0x93,0x36,0x92,0x36,0x93,0x36,0x92,0x36,0x93,0x36,0x92,0x36,0x93,0x36,0x92,0x36,0x93,0x36,
0x92,0x36,0x93,0x36,0x92,0x36,0x93,0x36,0x92,0x36,0x93,0x36,0x92,0x36,0x93,0x36,0x92,0x36,0x93,0x36,0x92,0x36,0x93,0x36,0x82,0xf3,0x82,0xfb,0x82,0xf3,0x82,0xfb,
0x82,0xf3,0x82,0xfb,0x82,0xf3,0x82,0xfb,0x82,0xf3,0x82,0xfb,0x82,0xf3,0x82,0xfb,0x82,0xf3,0x82,0xfb,0x82,0xf3,0x82,0xfb,0x82,0xf3,0x82,0xfb,0x82,0xf3,0x82,0xfb,
0x82,0xf3,0x82,0xfb,0x82,0xf3,0x82,0xfb,0x82,0xf3,0x82,0xfb,0x82,0xf3,0x82,0xfb,0x82,0xf3,0x82,0xfb,0x82,0xf3,0x82,0xfb,0x82,0xf3,0x82,0xfb,0x82,0xf3,0x82,0xfb,
0x82,0xf3,0x82,0xfb,0x82,0xf3,0x82,0xfb,0x82,0xf3,0x82,0xfb,0x82,0xf3,0x82,0xfb,0x82,0xf3,0x82,0xfb,0x82,0xf3,0x82,0xfb,0x82,0xf3,0x82,0xfb,0x82,0xf3,0x82,0xfb,
0x82,0xf3,0x82,0xfb,0x82,0xf3,0x82,0xfb,0x82,0xf3,0x82,0xfb,0x82,0xf3,0x82,0xfb,0x82,0xf3,0x82,0xfb,0x82,0xf3,0x82,0xfb,0x82,0xf3,0x82,0xfb,0x82,0xf3,0x82,0xfb,
0x82,0xf3,0xa2,0xfb,0x82,0xf3,0xa2,0xfb,0x82,0xf3,0xa2,0xfb,0xa2,0xf3,0xa2,0xfb,0xa2,0xf3,0xa2,0xfb,0xa2,0xf3,0xa2,0xf3,0xa2,0xf3,0xc2,0xfb,0xa2,0xf3,0xc2,0xf3,
0xa2,0xf3,0xc2,0xfb,0xc2,0xf3,0xc2,0xf3,0xc2,0xf3,0xc2,0xfb,0xc2,0xf3,0xc2,0xf3,0x93,0x36,0x92,0x36,0x93,0x36,0x92,0x2e,0x93,0x36,0x92,0x36,0x93,0x36,0x92,0x36,
0x93,0x36,0x92,0x36,0x93,0x36,0x92,0x36,0x93,0x36,0x92,0x36,0x93,0x36,0x92,0x36,0x93,0x36,0x92,0x36,0x93,0x36,0x92,0x36,0x93,0x36,0x92,0x36,0x93,0x36,0x92,0x36,
0xb3,0x36,0x93,0x36,0xb3,0x36,0x92,0x36,0xb3,0x36,0x93,0x36,0xb3,0x36,0x92,0x36,0xb3,0x36,0x93,0x36,0xb3,0x36,0x92,0x36,0xb3,0x36,0x93,0x36,0xb3,0x36,0x92,0x36,
0xb3,0x36,0x93,0x36,0xb3,0x36,0x92,0x36,0xb3,0x36,0x93,0x36,0xb3,0x36,0x92,0x36,0xb3,0x36,0x93,0x36,0xb3,0x36,0x92,0x36,0xb3,0x36,0x93,0x36,0xb3,0x36,0x92,0x36,
0xb3,0x36,0x93,0x36,0xb3,0x36,0x92,0x36,0xb3,0x36,0x93,0x36,0xb3,0x36,0x92,0x36,0xb3,0x36,0x93,0x36,0xb3,0x36,0x92,0x36,0xb3,0x36,0x93,0x36,0xb3,0x36,0x92,0x36,
0xb3,0x36,0x93,0x36,0xb3,0x36,0x92,0x36,0xb3,0x36,0x93,0x36,0xb3,0x36,0x92,0x36,0xb3,0x36,0x93,0x36,0xb3,0x36,0x92,0x36,0xb3,0x36,0x93,0x36,0xb3,0x36,0x92,0x36,
0xb3,0x36,0x93,0x36,0xb3,0x36,0x92,0x36,0xa3,0xfb,0x82,0xfb,0xa3,0xfb,0x82,0xf3,0xa3,0xfb,0x82,0xfb,0xa3,0xfb,0x82,0xf3,0xa3,0xfb,0x82,0xfb,0xa3,0xfb,0x82,0xf3,
0xa3,0xfb,0x82,0xfb,0xa3,0xfb,0x82,0xf3,0xa3,0xfb,0x82,0xfb,0xa3,0xfb,0x82,0xf3,0xa3,0xfb,0x82,0xfb,0xa3,0xfb,0x82,0xf3,0xa3,0xfb,0x82,0xfb,0xa3,0xfb,0x82,0xf3,
0xa3,0xfb,0x82,0xfb,0xa3,0xfb,0x82,0xf3,0xa3,0xfb,0x82,0xfb,0xa3,0xfb,0x82,0xf3,0xa3,0xfb,0x82,0xfb,0xa3,0xfb,0x82,0xf3,0xa3,0xfb,0x82,0xfb,0xa3,0xfb,0x82,0xf3,
0xa3,0xfb,0x82,0xfb,0xa3,0xfb,0x82,0xf3,0xa3,0xfb,0x82,0xfb,0xa3,0xfb,0x82,0xf3,0xa3,0xfb,0x82,0xfb,0xa3,0xfb,0x82,0xf3,0xa3,0xfb,0x82,0xfb,0xa3,0xfb,0x82,0xf3,
0xa3,0xfb,0x82,0xfb,0xa3,0xfb,0x82,0xf3,0xa3,0xfb,0x82,0xfb,0xa3,0xfb,0x82,0xf3,0xa3,0xfb,0x82,0xf3,0xa2,0xfb,0x82,0xf3,0xa3,0xfb,0xa2,0xf3,0xa2,0xfb,0xa2,0xf3,
0xa3,0xfb,0xa2,0xf3,0xc2,0xfb,0xa2,0xf3,0xc2,0xfb,0xa2,0xf3,0xc2,0xfb,0xa2,0xf3,0xc2,0xfb,0xc2,0xf3,0xc2,0xfb,0xc2,0xf3,0xc2,0xfb,0xc2,0xf3,0xc2,0xfb,0xc2,0xf3,
0x72,0x2e,0x92,0x36,0x72,0x2e,0x93,0x36,0x72,0x2e,0x92,0x36,0x72,0x2e,0x93,0x36,0x72,0x2e,0x92,0x36,0x72,0x2e,0x93,0x36,0x92,0x2e,0x93,0x36,0x92,0x2e,0x93,0x36,
0x92,0x2e,0x93,0x36,0x92,0x36,0x93,0x36,0x92,0x2e,0x93,0x36,0x92,0x36,0x93,0x36,0x92,0x36,0x93,0x36,0x92,0x36,0x93,0x36,0x92,0x36,0x93,0x36,0x92,0x36,0x93,0x36,
0x92,0x36,0x93,0x36,0x92,0x36,0x93,0x36,0x92,0x36,0x93,0x36,0x92,0x36,0x93,0x36,0x92,0x36,0x93,0x36,0x92,0x36,0x93,0x36,0x92,0x36,0x93,0x36,0x92,0x36,0x93,0x36,
0x92,0x36,0x93,0x36,0x92,0x36,0x93,0x36,0x92,0x36,0x93,0x36,0x92,0x36,0x93,0x36,0x92,0x36,0x93,0x36,0x92,0x36,0x93,0x36,0x92,0x36,0x93,0x36,0x92,0x36,0x93,0x36,
0x92,0x36,0x93,0x36,0x92,0x36,0x93,0x36,0x92,0x36,0x93,0x36,0x92,0x36,0x93,0x36,0x92,0x36,0x93,0x36,0x92,0x36,0x93,0x36,0x92,0x36,0x93,0x36,0x92,0x36,0x93,0x36,
0x92,0x36,0x93,0x36,0x92,0x36,0x93,0x36,0x92,0x36,0x93,0x36,0x92,0x36,0x93,0x36,0x92,0x36,0x93,0x36,0x92,0x36,0x93,0x36,0x82,0xf3,0x82,0xfb,0x82,0xf3,0x82,0xfb,
0x82,0xf3,0x82,0xfb,0x82,0xf3,0x82,0xfb,0x82,0xf3,0x82,0xfb,0x82,0xf3,0x82,0xfb,0x82,0xf3,0x82,0xfb,0x82,0xf3,0x82,0xfb,0x82,0xf3,0x82,0xfb,0x82,0xf3,0x82,0xfb,
0x82,0xf3,0x82,0xfb,0x82,0xf3,0x82,0xfb,0x82,0xf3,0x82,0xfb,0x82,0xf3,0x82,0xfb,0x82,0xf3,0x82,0xfb,0x82,0xf3,0x82,0xfb,0x82,0xf3,0x82,0xfb,0x82,0xf3,0x82,0xfb,
0x82,0xf3,0x82,0xfb,0x82,0xf3,0x82,0xfb,0x82,0xf3,0x82,0xfb,0x82,0xf3,0x82,0xfb,0x82,0xf3,0x82,0xfb,0x82,0xf3,0x82,0xfb,0x82,0xf3,0x82,0xfb,0x82,0xf3,0x82,0xfb,
0x82,0xf3,0x82,0xfb,0x82,0xf3,0x82,0xfb,0x82,0xf3,0x82,0xfb,0x82,0xf3,0x82,0xfb,0x82,0xf3,0x82,0xfb,0x82,0xf3,0x82,0xfb,0x82,0xf3,0x82,0xfb,0x82,0xf3,0x82,0xfb,
0x82,0xf3,0x82,0xfb,0x82,0xf3,0xa2,0xfb,0x82,0xf3,0xa2,0xfb,0x82,0xf3,0xa2,0xfb,0x82,0xf3,0xa2,0xfb,0xa2,0xf3,0xa2,0xfb,0xa2,0xf3,0xa2,0xf3,0xa2,0xf3,0xc2,0xfb,
0xa2,0xf3,0xc2,0xf3,0xa2,0xf3,0xc2,0xfb,0xa2,0xf3,0xc2,0xf3,0xc2,0xf3,0xc2,0xfb,0x93,0x36,0x92,0x2e,0x93,0x36,0x92,0x36,0x93,0x36,0x92,0x36,0x93,0x36,0x92,0x36,
0x93,0x36,0x92,0x36,0x93,0x36,0x92,0x36,0x93,0x36,0x92,0x36,0x93,0x36,0x92,0x36,0x93,0x36,0x92,0x36,0x93,0x36,0x92,0x36,0x93,0x36,0x92,0x36,0xb3,0x36,0x93,0x36,
0xb3,0x36,0x92,0x36,0xb3,0x36,0x93,0x36,0xb3,0x36,0x92,0x36,0xb3,0x36,0x93,0x36,0xb3,0x36,0x92,0x36,0xb3,0x36,0x93,0x36,0xb3,0x36,0x92,0x36,0xb3,0x36,0x93,0x36,
0xb3,0x36,0x92,0x36,0xb3,0x36,0x93,0x36,0xb3,0x36,0x92,0x36,0xb3,0x36,0x93,0x36,0xb3,0x36,0x92,0x36,0xb3,0x36,0x93,0x36,0xb3,0x36,0x92,0x36,0xb3,0x36,0x93,0x36,
0xb3,0x36,0x92,0x36,0xb3,0x36,0x93,0x36,0xb3,0x36,0x92,0x36,0xb3,0x36,0x93,0x36,0xb3,0x36,0x92,0x36,0xb3,0x36,0x93,0x36,0xb3,0x36,0x92,0x36,0xb3,0x36,0x93,0x36,
0xb3,0x36,0x92,0x36,0xb3,0x36,0x93,0x36,0xb3,0x36,0x92,0x36,0xb3,0x36,0x93,0x36,0xb3,0x36,0x92,0x36,0xb3,0x36,0x93,0x36,0xb3,0x36,0x92,0x36,0xb3,0x36,0x93,0x36,
0xb3,0x36,0x92,0x36,0xb3,0x36,0x93,0x36,0xa3,0xfb,0x82,0xf3,0xa3,0xfb,0x82,0xfb,0xa3,0xfb,0x82,0xf3,0xa3,0xfb,0x82,0xfb,0xa3,0xfb,0x82,0xf3,0xa3,0xfb,0x82,0xfb,
0xa3,0xfb,0x82,0xf3,0xa3,0xfb,0x82,0xfb,0xa3,0xfb,0x82,0xf3,0xa3,0xfb,0x82,0xfb,0xa3,0xfb,0x82,0xf3,0xa3,0xfb,0x82,0xfb,0xa3,0xfb,0x82,0xf3,0xa3,0xfb,0x82,0xfb,
0xa3,0xfb,0x82,0xf3,0xa3,0xfb,0x82,0xfb,0xa3,0xfb,0x82,0xf3,0xa3,0xfb,0x82,0xfb,0xa3,0xfb,0x82,0xf3,0xa3,0xfb,0x82,0xfb,0xa3,0xfb,0x82,0xf3,0xa3,0xfb,0x82,0xfb,
0xa3,0xfb,0x82,0xf3,0xa3,0xfb,0x82,0xfb,0xa3,0xfb,0x82,0xf3,0xa3,0xfb,0x82,0xfb,0xa3,0xfb,0x82,0xf3,0xa3,0xfb,0x82,0xfb,0xa3,0xfb,0x82,0xf3,0xa3,0xfb,0x82,0xfb,
0xa3,0xfb,0x82,0xf3,0xa3,0xfb,0x82,0xfb,0xa3,0xfb,0x82,0xf3,0xa3,0xfb,0x82,0xfb,0xa3,0xfb,0x82,0xf3,0xa3,0xfb,0x82,0xf3,0xa2,0xfb,0x82,0xf3,0xa3,0xfb,0xa2,0xf3,
0xa2,0xfb,0xa2,0xf3,0xa3,0xfb,0xa2,0xf3,0xa2,0xfb,0xa2,0xf3,0xc2,0xfb,0xa2,0xf3,0xc2,0xfb,0xa2,0xf3,0xc2,0xfb,0xc2,0xf3,0xc2,0xfb,0xc2,0xf3,0xc2,0xfb,0xc2,0xf3,
0x72,0x2e,0x93,0x36,0x72,0x2e,0x92,0x36,0x72,0x2e,0x93,0x36,0x72,0x2e,0x92,0x36,0x72,0x2e,0x93,0x36,0x92,0x2e,0x93,0x36,0x92,0x2e,0x93,0x36,0x92,0x2e,0x93,0x36,
0x92,0x36,0x93,0x36,0x92,0x2e,0x93,0x36,0x92,0x36,0x93,0x36,0x92,0x36,0x93,0x36,0x92,0x36,0x93,0x36,0x92,0x36,0x93,0x36,0x92,0x36,0x93,0x36,0x92,0x36,0x93,0x36,
0x92,0x36,0x93,0x36,0x92,0x36,0x93,0x36,0x92,0x36,0x93,0x36,0x92,0x36,0x93,0x36,0x92,0x36,0x93,0x36,0x92,0x36,0x93,0x36,0x92,0x36,0x93,0x36,0x92,0x36,0x93,0x36,
0x92,0x36,0x93,0x36,0x92,0x36,0x93,0x36,0x92,0x36,0x93,0x36,0x92,0x36,0x93,0x36,0x92,0x36,0x93,0x36,0x92,0x36,0x93,0x36,0x92,0x36,0x93,0x36,0x92,0x36,0x93,0x36,
0x92,0x36,0x93,0x36,0x92,0x36,0x93,0x36,0x92,0x36,0x93,0x36,0x92,0x36,0x93,0x36,0x92,0x36,0x93,0x36,0x92,0x36,0x93,0x36,0x92,0x36,0x93,0x36,0x92,0x36,0x93,0x36,
0x92,0x36,0x93,0x36,0x92,0x36,0x93,0x36,0x92,0x36,0x93,0x36,0x92,0x36,0x93,0x36,0x92,0x36,0x93,0x36,0x92,0x36,0x93,0x36,0x82,0xf3,0x82,0xfb,0x82,0xf3,0x82,0xfb,
0x82,0xf3,0x82,0xfb,0x82,0xf3,0x82,0xfb,0x82,0xf3,0x82,0xfb,0x82,0xf3,0x82,0xfb,0x82,0xf3,0x82,0xfb,0x82,0xf3,0x82,0xfb,0x82,0xf3,0x82,0xfb,0x82,0xf3,0x82,0xfb,
0x82,0xf3,0x82,0xfb,0x82,0xf3,0x82,0xfb,0x82,0xf3,0x82,0xfb,0x82,0xf3,0x82,0xfb,0x82,0xf3,0x82,0xfb,0x82,0xf3,0x82,0xfb,0x82,0xf3,0x82,0xfb,0x82,0xf3,0x82,0xfb,
0x82,0xf3,0x82,0xfb,0x82,0xf3,0x82,0xfb,0x82,0xf3,0x82,0xfb,0x82,0xf3,0x82,0xfb,0x82,0xf3,0x82,0xfb,0x82,0xf3,0x82,0xfb,0x82,0xf3,0x82,0xfb,0x82,0xf3,0x82,0xfb,
0x82,0xf3,0x82,0xfb,0x82,0xf3,0x82,0xfb,0x82,0xf3,0x82,0xfb,0x82,0xf3,0x82,0xfb,0x82,0xf3,0x82,0xfb,0x82,0xf3,0x82,0xfb,0x82,0xf3,0x82,0xfb,0x82,0xf3,0x82,0xfb,
0x82,0xf3,0x82,0xfb,0x82,0xf3,0x82,0xfb,0x82,0xf3,0xa2,0xfb,0x82,0xf3,0xa2,0xfb,0x82,0xf3,0xa2,0xfb,0x82,0xf3,0xa2,0xfb,0xa2,0xf3,0xa2,0xfb,0xa2,0xf3,0xa2,0xf3,
0xa2,0xf3,0xc2,0xfb,0xa2,0xf3,0xc2,0xf3,0xa2,0xf3,0xc2,0xfb,0xa2,0xf3,0xc2,0xf3,0x93,0x36,0x92,0x36,0x93,0x36,0x92,0x36,0x93,0x36,0x92,0x36,0x93,0x36,0x92,0x36,
0x93,0x36,0x92,0x36,0x93,0x36,0x92,0x36,0x93,0x36,0x92,0x36,0x93,0x36,0x92,0x36,0x93,0x36,0x92,0x36,0x93,0x36,0x92,0x36,0xb3,0x36,0x93,0x36,0xb3,0x36,0x92,0x36,
0xb3,0x36,0x93,0x36,0xb3,0x36,0x92,0x36,0xb3,0x36,0x93,0x36,0xb3,0x36,0x92,0x36,0xb3,0x36,0x93,0x36,0xb3,0x36,0x92,0x36,0xb3,0x36,0x93,0x36,0xb3,0x36,0x92,0x36,
0xb3,0x36,0x93,0x36,0xb3,0x36,0x92,0x36,0xb3,0x36,0x93,0x36,0xb3,0x36,0x92,0x36,0xb3,0x36,0x93,0x36,0xb3,0x36,0x92,0x36,0xb3,0x36,0x93,0x36,0xb3,0x36,0x92,0x36,
0xb3,0x36,0x93,0x36,0xb3,0x36,0x92,0x36,0xb3,0x36,0x93,0x36,0xb3,0x36,0x92,0x36,0xb3,0x36,0x93,0x36,0xb3,0x36,0x92,0x36,0xb3,0x36,0x93,0x36,0xb3,0x36,0x92,0x36,
0xb3,0x36,0x93,0x36,0xb3,0x36,0x92,0x36,0xb3,0x36,0x93,0x36,0xb3,0x36,0x92,0x36,0xb3,0x36,0x93,0x36,0xb3,0x36,0x92,0x36,0xb3,0x36,0x93,0x36,0xb3,0x36,0x92,0x36,
0xb3,0x36,0x93,0x36,0xb3,0x36,0x92,0x36,0xa3,0xfb,0x82,0xfb,0xa3,0xfb,0x82,0xf3,0xa3,0xfb,0x82,0xfb,0xa3,0xfb,0x82,0xf3,0xa3,0xfb,0x82,0xfb,0xa3,0xfb,0x82,0xf3,
0xa3,0xfb,0x82,0xfb,0xa3,0xfb,0x82,0xf3,0xa3,0xfb,0x82,0xfb,0xa3,0xfb,0x82,0xf3,0xa3,0xfb,0x82,0xfb,0xa3,0xfb,0x82,0xf3,0xa3,0xfb,0x82,0xfb,0xa3,0xfb,0x82,0xf3,
0xa3,0xfb,0x82,0xfb,0xa3,0xfb,0x82,0xf3,0xa3,0xfb,0x82,0xfb,0xa3,0xfb,0x82,0xf3,0xa3,0xfb,0x82,0xfb,0xa3,0xfb,0x82,0xf3,0xa3,0xfb,0x82,0xfb,0xa3,0xfb,0x82,0xf3,
0xa3,0xfb,0x82,0xfb,0xa3,0xfb,0x82,0xf3,0xa3,0xfb,0x82,0xfb,0xa3,0xfb,0x82,0xf3,0xa3,0xfb,0x82,0xfb,0xa3,0xfb,0x82,0xf3,0xa3,0xfb,0x82,0xfb,0xa3,0xfb,0x82,0xf3,
0xa3,0xfb,0x82,0xfb,0xa3,0xfb,0x82,0xf3,0xa3,0xfb,0x82,0xfb,0xa3,0xfb,0x82,0xf3,0xa3,0xfb,0x82,0xfb,0xa3,0xfb,0x82,0xf3,0xa3,0xfb,0x82,0xf3,0xa2,0xfb,0x82,0xf3,
0xa3,0xfb,0xa2,0xf3,0xa2,0xfb,0xa2,0xf3,0xa3,0xfb,0xa2,0xf3,0xa2,0xfb,0xa2,0xf3,0xc3,0xfb,0xa2,0xf3,0xc2,0xfb,0xa2,0xf3,0xc2,0xfb,0xc2,0xf3,0xc2,0xfb,0xc2,0xf3,
0x72,0x2e,0x92,0x36,0x72,0x2e,0x93,0x36,0x72,0x2e,0x93,0x36,0x72,0x2e,0x93,0x36,0x92,0x2e,0x93,0x36,0x92,0x36,0x93,0x36,0x92,0x2e,0x93,0x36,0x92,0x36,0x93,0x36,
0x92,0x2e,0x93,0x36,0x92,0x36,0x93,0x36,0x92,0x36,0x93,0x36,0x92,0x36,0x93,0x36,0x92,0x36,0x93,0x36,0x92,0x36,0x93,0x36,0x92,0x36,0x93,0x36,0x92,0x36,0x93,0x36,
0x92,0x36,0x93,0x36,0x92,0x36,0x93,0x36,0x92,0x36,0x93,0x36,0x92,0x36,0x93,0x36,0x92,0x36,0x93,0x36,0x92,0x36,0x93,0x36,0x92,0x36,0x93,0x36,0x92,0x36,0x93,0x36,
0x92,0x36,0x93,0x36,0x92,0x36,0x93,0x36,0x92,0x36,0x93,0x36,0x92,0x36,0x93,0x36,0x92,0x36,0x93,0x36,0x92,0x36,0x93,0x36,0x92,0x36,0x93,0x36,0x92,0x36,0x93,0x36,
0x92,0x36,0x93,0x36,0x92,0x36,0x93,0x36,0x92,0x36,0x93,0x36,0x92,0x36,0x93,0x36,0x92,0x36,0x93,0x36,0x92,0x36,0x93,0x36,0x92,0x36,0x93,0x36,0x92,0x36,0x93,0x36,
0x92,0x36,0x93,0x36,0x92,0x36,0x93,0x36,0x92,0x36,0x93,0x36,0x92,0x36,0x93,0x36,0x92,0x36,0x93,0x36,0x92,0x36,0x93,0x36,0x82,0xf3,0x82,0xfb,0x82,0xf3,0x82,0xfb,
0x82,0xf3,0x82,0xfb,0x82,0xf3,0x82,0xfb,0x82,0xf3,0x82,0xfb,0x82,0xf3,0x82,0xfb,0x82,0xf3,0x82,0xfb,0x82,0xf3,0x82,0xfb,0x82,0xf3,0x82,0xfb,0x82,0xf3,0x82,0xfb,
0x82,0xf3,0x82,0xfb,0x82,0xf3,0x82,0xfb,0x82,0xf3,0x82,0xfb,0x82,0xf3,0x82,0xfb,0x82,0xf3,0x82,0xfb,0x82,0xf3,0x82,0xfb,0x82,0xf3,0x82,0xfb,0x82,0xf3,0x82,0xfb,
0x82,0xf3,0x82,0xfb,0x82,0xf3,0x82,0xfb,0x82,0xf3,0x82,0xfb,0x82,0xf3,0x82,0xfb,0x82,0xf3,0x82,0xfb,0x82,0xf3,0x82,0xfb,0x82,0xf3,0x82,0xfb,0x82,0xf3,0x82,0xfb,
0x82,0xf3,0x82,0xfb,0x82,0xf3,0x82,0xfb,0x82,0xf3,0x82,0xfb,0x82,0xf3,0x82,0xfb,0x82,0xf3,0x82,0xfb,0x82,0xf3,0x82,0xfb,0x82,0xf3,0x82,0xfb,0x82,0xf3,0x82,0xfb,
0x82,0xf3,0x82,0xfb,0x82,0xf3,0x82,0xfb,0x82,0xf3,0x82,0xfb,0x82,0xf3,0xa2,0xfb,0x82,0xf3,0xa2,0xfb,0x82,0xf3,0xa2,0xfb,0x82,0xf3,0xa2,0xfb,0xa2,0xf3,0xa2,0xfb,
0xa2,0xf3,0xa2,0xf3,0xa2,0xf3,0xc2,0xfb,0xa2,0xf3,0xc2,0xf3,0xa2,0xf3,0xc2,0xfb,0x93,0x36,0x92,0x36,0x93,0x36,0x92,0x36,0x93,0x36,0x92,0x36,0x93,0x36,0x92,0x36,
0x93,0x36,0x92,0x36,0x93,0x36,0x92,0x36,0x93,0x36,0x92,0x36,0x93,0x36,0x92,0x36,0x93,0x36,0x92,0x36,0xb3,0x36,0x93,0x36,0xb3,0x36,0x92,0x36,0xb3,0x36,0x93,0x36,
0xb3,0x36,0x92,0x36,0xb3,0x36,0x93,0x36,0xb3,0x36,0x92,0x36,0xb3,0x36,0x93,0x36,0xb3,0x36,0x92,0x36,0xb3,0x36,0x93,0x36,0xb3,0x36,0x92,0x36,0xb3,0x36,0x93,0x36,
0xb3,0x36,0x92,0x36,0xb3,0x36,0x93,0x36,0xb3,0x36,0x92,0x36,0xb3,0x36,0x93,0x36,0xb3,0x36,0x92,0x36,0xb3,0x36,0x93,0x36,0xb3,0x36,0x92,0x36,0xb3,0x36,0x93,0x36,
0xb3,0x36,0x92,0x36,0xb3,0x36,0x93,0x36,0xb3,0x36,0x92,0x36,0xb3,0x36,0x93,0x36,0xb3,0x36,0x92,0x36,0xb3,0x36,0x93,0x36,0xb3,0x36,0x92,0x36,0xb3,0x36,0x93,0x36,
0xb3,0x36,0x92,0x36,0xb3,0x36,0x93,0x36,0xb3,0x36,0x92,0x36,0xb3,0x36,0x93,0x36,0xb3,0x36,0x92,0x36,0xb3,0x36,0x93,0x36,0xb3,0x36,0x92,0x36,0xb3,0x36,0x93,0x36,
0xb3,0x36,0x92,0x36,0xb3,0x36,0x93,0x36,0xa3,0xfb,0x82,0xf3,0xa3,0xfb,0x82,0xfb,0xa3,0xfb,0x82,0xf3,0xa3,0xfb,0x82,0xfb,0xa3,0xfb,0x82,0xf3,0xa3,0xfb,0x82,0xfb,
0xa3,0xfb,0x82,0xf3,0xa3,0xfb,0x82,0xfb,0xa3,0xfb,0x82,0xf3,0xa3,0xfb,0x82,0xfb,0xa3,0xfb,0x82,0xf3,0xa3,0xfb,0x82,0xfb,0xa3,0xfb,0x82,0xf3,0xa3,0xfb,0x82,0xfb,
0xa3,0xfb,0x82,0xf3,0xa3,0xfb,0x82,0xfb,0xa3,0xfb,0x82,0xf3,0xa3,0xfb,0x82,0xfb,0xa3,0xfb,0x82,0xf3,0xa3,0xfb,0x82,0xfb,0xa3,0xfb,0x82,0xf3,0xa3,0xfb,0x82,0xfb,
0xa3,0xfb,0x82,0xf3,0xa3,0xfb,0x82,0xfb,0xa3,0xfb,0x82,0xf3,0xa3,0xfb,0x82,0xfb,0xa3,0xfb,0x82,0xf3,0xa3,0xfb,0x82,0xfb,0xa3,0xfb,0x82,0xf3,0xa3,0xfb,0x82,0xfb,
0xa3,0xfb,0x82,0xf3,0xa3,0xfb,0x82,0xfb,0xa3,0xfb,0x82,0xf3,0xa3,0xfb,0x82,0xfb,0xa3,0xfb,0x82,0xf3,0xa3,0xfb,0x82,0xfb,0xa3,0xfb,0x82,0xf3,0xa3,0xfb,0x82,0xf3,
0xa2,0xfb,0x82,0xf3,0xa3,0xfb,0xa2,0xf3,0xa2,0xfb,0xa2,0xf3,0xa3,0xfb,0xa2,0xf3,0xa2,0xfb,0xa2,0xf3,0xc3,0xfb,0xa2,0xf3,0xc2,0xfb,0xa2,0xf3,0xc2,0xfb,0xa2,0xf3,
0x72,0x2e,0x93,0x36,0x72,0x2e,0x93,0x36,0x92,0x2e,0x93,0x36,0x92,0x2e,0x93,0x36,0x92,0x36,0x93,0x36,0x92,0x2e,0x93,0x36,0x92,0x36,0x93,0x36,0x92,0x2e,0x93,0x36,
0x92,0x36,0x93,0x36,0x92,0x36,0x93,0x36,0x92,0x36,0x93,0x36,0x92,0x36,0x93,0x36,0x92,0x36,0x93,0x36,0x92,0x36,0x93,0x36,0x92,0x36,0x93,0x36,0x92,0x36,0x93,0x36,
0x92,0x36,0x93,0x36,0x92,0x36,0x93,0x36,0x92,0x36,0x93,0x36,0x92,0x36,0x93,0x36,0x92,0x36,0x93,0x36,0x92,0x36,0x93,0x36,0x92,0x36,0x93,0x36,0x92,0x36,0x93,0x36,
0x92,0x36,0x93,0x36,0x92,0x36,0x93,0x36,0x92,0x36,0x93,0x36,0x92,0x36,0x93,0x36,0x92,0x36,0x93,0x36,0x92,0x36,0x93,0x36,0x92,0x36,0x93,0x36,0x92,0x36,0x93,0x36,
0x92,0x36,0x93,0x36,0x92,0x36,0x93,0x36,0x92,0x36,0x93,0x36,0x92,0x36,0x93,0x36,0x92,0x36,0x93,0x36,0x92,0x36,0x93,0x36,0x92,0x36,0x93,0x36,0x92,0x36,0x93,0x36,
0x92,0x36,0x93,0x36,0x92,0x36,0x93,0x36,0x92,0x36,0x93,0x36,0x92,0x36,0x93,0x36,0x92,0x36,0x93,0x36,0x92,0x36,0x93,0x36,0x82,0xf3,0x82,0xfb,0x82,0xf3,0x82,0xfb,
0x82,0xf3,0x82,0xfb,0x82,0xf3,0x82,0xfb,0x82,0xf3,0x82,0xfb,0x82,0xf3,0x82,0xfb,0x82,0xf3,0x82,0xfb,0x82,0xf3,0x82,0xfb,0x82,0xf3,0x82,0xfb,0x82,0xf3,0x82,0xfb,
0x82,0xf3,0x82,0xfb,0x82,0xf3,0x82,0xfb,0x82,0xf3,0x82,0xfb,0x82,0xf3,0x82,0xfb,0x82,0xf3,0x82,0xfb,0x82,0xf3,0x82,0xfb,0x82,0xf3,0x82,0xfb,0x82,0xf3,0x82,0xfb,
0x82,0xf3,0x82,0xfb,0x82,0xf3,0x82,0xfb,0x82,0xf3,0x82,0xfb,0x82,0xf3,0x82,0xfb,0x82,0xf3,0x82,0xfb,0x82,0xf3,0x82,0xfb,0x82,0xf3,0x82,0xfb,0x82,0xf3,0x82,0xfb,
0x82,0xf3,0x82,0xfb,0x82,0xf3,0x82,0xfb,0x82,0xf3,0x82,0xfb,0x82,0xf3,0x82,0xfb,0x82,0xf3,0x82,0xfb,0x82,0xf3,0x82,0xfb,0x82,0xf3,0x82,0xfb,0x82,0xf3,0x82,0xfb,
0x82,0xf3,0x82,0xfb,0x82,0xf3,0x82,0xfb,0x82,0xf3,0x82,0xfb,0x82,0xf3,0x82,0xfb,0x82,0xf3,0xa2,0xfb,0x82,0xf3,0xa2,0xfb,0x82,0xf3,0xa2,0xfb,0x82,0xf3,0xa2,0xfb,
0xa2,0xf3,0xa2,0xfb,0xa2,0xf3,0xa2,0xf3,0xa2,0xf3,0xa2,0xfb,0xa2,0xf3,0xc2,0xf3,0x93,0x36,0x92,0x36,0x93,0x36,0x92,0x36,0x93,0x36,0x92,0x36,0x93,0x36,0x92,0x36,
0x93,0x36,0x92,0x36,0x93,0x36,0x92,0x36,0x93,0x36,0x92,0x36,0x93,0x36,0x92,0x36,0xb3,0x36,0x93,0x36,0xb3,0x36,0x92,0x36,0xb3,0x36,0x93,0x36,0xb3,0x36,0x92,0x36,
0xb3,0x36,0x93,0x36,0xb3,0x36,0x92,0x36,0xb3,0x36,0x93,0x36,0xb3,0x36,0x92,0x36,0xb3,0x36,0x93,0x36,0xb3,0x36,0x92,0x36,0xb3,0x36,0x93,0x36,0xb3,0x36,0x92,0x36,
0xb3,0x36,0x93,0x36,0xb3,0x36,0x92,0x36,0xb3,0x36,0x93,0x36,0xb3,0x36,0x92,0x36,0xb3,0x36,0x93,0x36,0xb3,0x36,0x92,0x36,0xb3,0x36,0x93,0x36,0xb3,0x36,0x92,0x36,
0xb3,0x36,0x93,0x36,0xb3,0x36,0x92,0x36,0xb3,0x36,0x93,0x36,0xb3,0x36,0x92,0x36,0xb3,0x36,0x93,0x36,0xb3,0x36,0x92,0x36,0xb3,0x36,0x93,0x36,0xb3,0x36,0x92,0x36,
0xb3,0x36,0x93,0x36,0xb3,0x36,0x92,0x36,0xb3,0x36,0x93,0x36,0xb3,0x36,0x92,0x36,0xb3,0x36,0x93,0x36,0xb3,0x36,0x92,0x36,0xb3,0x36,0x93,0x36,0xb3,0x36,0x92,0x36,
0xb3,0x36,0x93,0x36,0xb3,0x36,0x92,0x36,0xa3,0xfb,0x82,0xfb,0xa3,0xfb,0x82,0xf3,0xa3,0xfb,0x82,0xfb,0xa3,0xfb,0x82,0xf3,0xa3,0xfb,0x82,0xfb,0xa3,0xfb,0x82,0xf3,
0xa3,0xfb,0x82,0xfb,0xa3,0xfb,0x82,0xf3,0xa3,0xfb,0x82,0xfb,0xa3,0xfb,0x82,0xf3,0xa3,0xfb,0x82,0xfb,0xa3,0xfb,0x82,0xf3,0xa3,0xfb,0x82,0xfb,0xa3,0xfb,0x82,0xf3,
0xa3,0xfb,0x82,0xfb,0xa3,0xfb,0x82,0xf3,0xa3,0xfb,0x82,0xfb,0xa3,0xfb,0x82,0xf3,0xa3,0xfb,0x82,0xfb,0xa3,0xfb,0x82,0xf3,0xa3,0xfb,0x82,0xfb,0xa3,0xfb,0x82,0xf3,
0xa3,0xfb,0x82,0xfb,0xa3,0xfb,0x82,0xf3,0xa3,0xfb,0x82,0xfb,0xa3,0xfb,0x82,0xf3,0xa3,0xfb,0x82,0xfb,0xa3,0xfb,0x82,0xf3,0xa3,0xfb,0x82,0xfb,0xa3,0xfb,0x82,0xf3,
0xa3,0xfb,0x82,0xfb,0xa3,0xfb,0x82,0xf3,0xa3,0xfb,0x82,0xfb,0xa3,0xfb,0x82,0xf3,0xa3,0xfb,0x82,0xfb,0xa3,0xfb,0x82,0xf3,0xa3,0xfb,0x82,0xfb,0xa3,0xfb,0x82,0xf3,
0xa3,0xfb,0x82,0xf3,0xa2,0xfb,0x82,0xf3,0xa3,0xfb,0xa2,0xf3,0xa2,0xfb,0xa2,0xf3,0xa3,0xfb,0xa2,0xf3,0xa2,0xfb,0xa2,0xf3,0xc3,0xfb,0xa2,0xf3,0xc2,0xfb,0xa2,0xf3,
0x72,0x2e,0x93,0x36,0x92,0x2e,0x93,0x36,0x92,0x2e,0x93,0x36,0x92,0x36,0x93,0x36,0x92,0x2e,0x93,0x36,0x92,0x36,0x93,0x36,0x92,0x2e,0x93,0x36,0x92,0x36,0x93,0x36,
0x92,0x36,0x93,0x36,0x92,0x36,0x93,0x36,0x92,0x36,0x93,0x36,0x92,0x36,0x93,0x36,0x92,0x36,0x93,0x36,0x92,0x36,0x93,0x36,0x92,0x36,0x93,0x36,0x92,0x36,0x93,0x36,
0x92,0x36,0x93,0x36,0x92,0x36,0x93,0x36,0x92,0x36,0x93,0x36,0x92,0x36,0x93,0x36,0x92,0x36,0x93,0x36,0x92,0x36,0x93,0x36,0x92,0x36,0x93,0x36,0x92,0x36,0x93,0x36,
0x92,0x36,0x93,0x36,0x92,0x36,0x93,0x36,0x92,0x36,0x93,0x36,0x92,0x36,0x93,0x36,0x92,0x36,0x93,0x36,0x92,0x36,0x93,0x36,0x92,0x36,0x93,0x36,0x92,0x36,0x93,0x36,
0x92,0x36,0x93,0x36,0x92,0x36,0x93,0x36,0x92,0x36,0x93,0x36,0x92,0x36,0x93,0x36,0x92,0x36,0x93,0x36,0x92,0x36,0x93,0x36,0x92,0x36,0x93,0x36,0x92,0x36,0x93,0x36,
0x92,0x36,0x93,0x36,0x92,0x36,0x93,0x36,0x92,0x36,0x93,0x36,0x92,0x36,0x93,0x36,0x92,0x36,0x93,0x36,0x92,0x36,0x93,0x36,0x82,0xf3,0x82,0xfb,0x82,0xf3,0x82,0xfb,
0x82,0xf3,0x82,0xfb,0x82,0xf3,0x82,0xfb,0x82,0xf3,0x82,0xfb,0x82,0xf3,0x82,0xfb,0x82,0xf3,0x82,0xfb,0x82,0xf3,0x82,0xfb,0x82,0xf3,0x82,0xfb,0x82,0xf3,0x82,0xfb,
0x82,0xf3,0x82,0xfb,0x82,0xf3,0x82,0xfb,0x82,0xf3,0x82,0xfb,0x82,0xf3,0x82,0xfb,0x82,0xf3,0x82,0xfb,0x82,0xf3,0x82,0xfb,0x82,0xf3,0x82,0xfb,0x82,0xf3,0x82,0xfb,
0x82,0xf3,0x82,0xfb,0x82,0xf3,0x82,0xfb,0x82,0xf3,0x82,0xfb,0x82,0xf3,0x82,0xfb,0x82,0xf3,0x82,0xfb,0x82,0xf3,0x82,0xfb,0x82,0xf3,0x82,0xfb,0x82,0xf3,0x82,0xfb,
0x82,0xf3,0x82,0xfb,0x82,0xf3,0x82,0xfb,0x82,0xf3,0x82,0xfb,0x82,0xf3,0x82,0xfb,0x82,0xf3,0x82,0xfb,0x82,0xf3,0x82,0xfb,0x82,0xf3,0x82,0xfb,0x82,0xf3,0x82,0xfb,
0x82,0xf3,0x82,0xfb,0x82,0xf3,0x82,0xfb,0x82,0xf3,0x82,0xfb,0x82,0xf3,0x82,0xfb,0x82,0xf3,0x82,0xfb,0x82,0xf3,0xa2,0xfb,0x82,0xf3,0xa2,0xfb,0x82,0xf3,0xa2,0xfb,
0x82,0xf3,0xa2,0xfb,0xa2,0xf3,0xa2,0xfb,0xa2,0xf3,0xa2,0xfb,0xa2,0xf3,0xa2,0xfb,0x93,0x36,0x92,0x36,0x93,0x36,0x92,0x36,0x93,0x36,0x92,0x36,0x93,0x36,0x92,0x36,
0x93,0x36,0x92,0x36,0x93,0x36,0x92,0x36,0x93,0x36,0x92,0x36,0xb3,0x36,0x93,0x36,0xb3,0x36,0x92,0x36,0xb3,0x36,0x93,0x36,0xb3,0x36,0x92,0x36,0xb3,0x36,0x93,0x36,
0xb3,0x36,0x92,0x36,0xb3,0x36,0x93,0x36,0xb3,0x36,0x92,0x36,0xb3,0x36,0x93,0x36,0xb3,0x36,0x92,0x36,0xb3,0x36,0x93,0x36,0xb3,0x36,0x92,0x36,0xb3,0x36,0x93,0x36,
0xb3,0x36,0x92,0x36,0xb3,0x36,0x93,0x36,0xb3,0x36,0x92,0x36,0xb3,0x36,0x93,0x36,0xb3,0x36,0x92,0x36,0xb3,0x36,0x93,0x36,0xb3,0x36,0x92,0x36,0xb3,0x36,0x93,0x36,
0xb3,0x36,0x92,0x36,0xb3,0x36,0x93,0x36,0xb3,0x36,0x92,0x36,0xb3,0x36,0x93,0x36,0xb3,0x36,0x92,0x36,0xb3,0x36,0x93,0x36,0xb3,0x36,0x92,0x36,0xb3,0x36,0x93,0x36,
0xb3,0x36,0x92,0x36,0xb3,0x36,0x93,0x36,0xb3,0x36,0x92,0x36,0xb3,0x36,0x93,0x36,0xb3,0x36,0x92,0x36,0xb3,0x36,0x93,0x36,0xb3,0x36,0x92,0x36,0xb3,0x36,0x93,0x36,
0xb3,0x36,0x92,0x36,0xb3,0x36,0x93,0x36,0xa3,0xfb,0x82,0xf3,0xa3,0xfb,0x82,0xfb,0xa3,0xfb,0x82,0xf3,0xa3,0xfb,0x82,0xfb,0xa3,0xfb,0x82,0xf3,0xa3,0xfb,0x82,0xfb,
0xa3,0xfb,0x82,0xf3,0xa3,0xfb,0x82,0xfb,0xa3,0xfb,0x82,0xf3,0xa3,0xfb,0x82,0xfb,0xa3,0xfb,0x82,0xf3,0xa3,0xfb,0x82,0xfb,0xa3,0xfb,0x82,0xf3,0xa3,0xfb,0x82,0xfb,
0xa3,0xfb,0x82,0xf3,0xa3,0xfb,0x82,0xfb,0xa3,0xfb,0x82,0xf3,0xa3,0xfb,0x82,0xfb,0xa3,0xfb,0x82,0xf3,0xa3,0xfb,0x82,0xfb,0xa3,0xfb,0x82,0xf3,0xa3,0xfb,0x82,0xfb,
0xa3,0xfb,0x82,0xf3,0xa3,0xfb,0x82,0xfb,0xa3,0xfb,0x82,0xf3,0xa3,0xfb,0x82,0xfb,0xa3,0xfb,0x82,0xf3,0xa3,0xfb,0x82,0xfb,0xa3,0xfb,0x82,0xf3,0xa3,0xfb,0x82,0xfb,
0xa3,0xfb,0x82,0xf3,0xa3,0xfb,0x82,0xfb,0xa3,0xfb,0x82,0xf3,0xa3,0xfb,0x82,0xfb,0xa3,0xfb,0x82,0xf3,0xa3,0xfb,0x82,0xfb,0xa3,0xfb,0x82,0xf3,0xa3,0xfb,0x82,0xfb,
0xa3,0xfb,0x82,0xf3,0xa3,0xfb,0x82,0xf3,0xa2,0xfb,0x82,0xf3,0xa3,0xfb,0xa2,0xf3,0xa2,0xfb,0xa2,0xf3,0xa3,0xfb,0xa2,0xf3,0xa2,0xfb,0xa2,0xf3,0xc3,0xfb,0xa2,0xf3,
0x92,0x2e,0x93,0x36,0x92,0x2e,0x93,0x36,0x92,0x36,0x93,0x36,0x92,0x2e,0x93,0x36,0x92,0x36,0x93,0x36,0x92,0x2e,0x93,0x36,0x92,0x36,0x93,0x36,0x92,0x36,0x93,0x36,
0x92,0x36,0x93,0x36,0x92,0x36,0x93,0x36,0x92,0x36,0x93,0x36,0x92,0x36,0x93,0x36,0x92,0x36,0x93,0x36,0x92,0x36,0x93,0x36,0x92,0x36,0x93,0x36,0x92,0x36,0x93,0x36,
0x92,0x36,0x93,0x36,0x92,0x36,0x93,0x36,0x92,0x36,0x93,0x36,0x92,0x36,0x93,0x36,0x92,0x36,0x93,0x36,0x92,0x36,0x93,0x36,0x92,0x36,0x93,0x36,0x92,0x36,0x93,0x36,
0x92,0x36,0x93,0x36,0x92,0x36,0x93,0x36,0x92,0x36,0x93,0x36,0x92,0x36,0x93,0x36,0x92,0x36,0x93,0x36,0x92,0x36,0x93,0x36,0x92,0x36,0x93,0x36,0x92,0x36,0x93,0x36,
0x92,0x36,0x93,0x36,0x92,0x36,0x93,0x36,0x92,0x36,0x93,0x36,0x92,0x36,0x93,0x36,0x92,0x36,0x93,0x36,0x92,0x36,0x93,0x36,0x92,0x36,0x93,0x36,0x92,0x36,0x93,0x36,
0x92,0x36,0x93,0x36,0x92,0x36,0x93,0x36,0x92,0x36,0x93,0x36,0x92,0x36,0x93,0x36,0x92,0x36,0x93,0x36,0x92,0x36,0x93,0x36,0x82,0xf3,0x82,0xfb,0x82,0xf3,0x82,0xfb,
0x82,0xf3,0x82,0xfb,0x82,0xf3,0x82,0xfb,0x82,0xf3,0x82,0xfb,0x82,0xf3,0x82,0xfb,0x82,0xf3,0x82,0xfb,0x82,0xf3,0x82,0xfb,0x82,0xf3,0x82,0xfb,0x82,0xf3,0x82,0xfb,
0x82,0xf3,0x82,0xfb,0x82,0xf3,0x82,0xfb,0x82,0xf3,0x82,0xfb,0x82,0xf3,0x82,0xfb,0x82,0xf3,0x82,0xfb,0x82,0xf3,0x82,0xfb,0x82,0xf3,0x82,0xfb,0x82,0xf3,0x82,0xfb,
0x82,0xf3,0x82,0xfb,0x82,0xf3,0x82,0xfb,0x82,0xf3,0x82,0xfb,0x82,0xf3,0x82,0xfb,0x82,0xf3,0x82,0xfb,0x82,0xf3,0x82,0xfb,0x82,0xf3,0x82,0xfb,0x82,0xf3,0x82,0xfb,
0x82,0xf3,0x82,0xfb,0x82,0xf3,0x82,0xfb,0x82,0xf3,0x82,0xfb,0x82,0xf3,0x82,0xfb,0x82,0xf3,0x82,0xfb,0x82,0xf3,0x82,0xfb,0x82,0xf3,0x82,0xfb,0x82,0xf3,0x82,0xfb,
0x82,0xf3,0x82,0xfb,0x82,0xf3,0x82,0xfb,0x82,0xf3,0x82,0xfb,0x82,0xf3,0x82,0xfb,0x82,0xf3,0x82,0xfb,0x82,0xf3,0x82,0xfb,0x82,0xf3,0xa2,0xfb,0x82,0xf3,0xa2,0xfb,
0x82,0xf3,0xa2,0xfb,0x82,0xf3,0xa2,0xfb,0xa2,0xf3,0xa2,0xfb,0xa2,0xf3,0xa2,0xfb,0x93,0x36,0x92,0x36,0x93,0x36,0x92,0x36,0x93,0x36,0x92,0x36,0x93,0x36,0x92,0x36,
0x93,0x36,0x92,0x36,0x93,0x36,0x92,0x36,0xb3,0x36,0x93,0x36,0xb3,0x36,0x92,0x36,0xb3,0x36,0x93,0x36,0xb3,0x36,0x92,0x36,0xb3,0x36,0x93,0x36,0xb3,0x36,0x92,0x36,
0xb3,0x36,0x93,0x36,0xb3,0x36,0x92,0x36,0xb3,0x36,0x93,0x36,0xb3,0x36,0x92,0x36,0xb3,0x36,0x93,0x36,0xb3,0x36,0x92,0x36,0xb3,0x36,0x93,0x36,0xb3,0x36,0x92,0x36,
0xb3,0x36,0x93,0x36,0xb3,0x36,0x92,0x36,0xb3,0x36,0x93,0x36,0xb3,0x36,0x92,0x36,0xb3,0x36,0x93,0x36,0xb3,0x36,0x92,0x36,0xb3,0x36,0x93,0x36,0xb3,0x36,0x92,0x36,
0xb3,0x36,0x93,0x36,0xb3,0x36,0x92,0x36,0xb3,0x36,0x93,0x36,0xb3,0x36,0x92,0x36,0xb3,0x36,0x93,0x36,0xb3,0x36,0x92,0x36,0xb3,0x36,0x93,0x36,0xb3,0x36,0x92,0x36,
0xb3,0x36,0x93,0x36,0xb3,0x36,0x92,0x36,0xb3,0x36,0x93,0x36,0xb3,0x36,0x92,0x36,0xb3,0x36,0x93,0x36,0xb3,0x36,0x92,0x36,0xb3,0x36,0x93,0x36,0xb3,0x36,0x92,0x36,
0xb3,0x36,0x93,0x36,0xb3,0x36,0x92,0x36,0xa3,0xfb,0x82,0xfb,0xa3,0xfb,0x82,0xf3,0xa3,0xfb,0x82,0xfb,0xa3,0xfb,0x82,0xf3,0xa3,0xfb,0x82,0xfb,0xa3,0xfb,0x82,0xf3,
0xa3,0xfb,0x82,0xfb,0xa3,0xfb,0x82,0xf3,0xa3,0xfb,0x82,0xfb,0xa3,0xfb,0x82,0xf3,0xa3,0xfb,0x82,0xfb,0xa3,0xfb,0x82,0xf3,0xa3,0xfb,0x82,0xfb,0xa3,0xfb,0x82,0xf3,
0xa3,0xfb,0x82,0xfb,0xa3,0xfb,0x82,0xf3,0xa3,0xfb,0x82,0xfb,0xa3,0xfb,0x82,0xf3,0xa3,0xfb,0x82,0xfb,0xa3,0xfb,0x82,0xf3,0xa3,0xfb,0x82,0xfb,0xa3,0xfb,0x82,0xf3,
0xa3,0xfb,0x82,0xfb,0xa3,0xfb,0x82,0xf3,0xa3,0xfb,0x82,0xfb,0xa3,0xfb,0x82,0xf3,0xa3,0xfb,0x82,0xfb,0xa3,0xfb,0x82,0xf3,0xa3,0xfb,0x82,0xfb,0xa3,0xfb,0x82,0xf3,
0xa3,0xfb,0x82,0xfb,0xa3,0xfb,0x82,0xf3,0xa3,0xfb,0x82,0xfb,0xa3,0xfb,0x82,0xf3,0xa3,0xfb,0x82,0xfb,0xa3,0xfb,0x82,0xf3,0xa3,0xfb,0x82,0xfb,0xa3,0xfb,0x82,0xf3,
0xa3,0xfb,0x82,0xfb,0xa3,0xfb,0x82,0xf3,0xa3,0xfb,0x82,0xf3,0xa2,0xfb,0x82,0xf3,0xa3,0xfb,0x82,0xf3,0xa2,0xfb,0xa2,0xf3,0xa3,0xfb,0xa2,0xf3,0xa2,0xfb,0xa2,0xf3,
0x92,0x2e,0x93,0x36,0x92,0x36,0x93,0x36,0x92,0x2e,0x93,0x36,0x92,0x36,0x93,0x36,0x92,0x2e,0x93,0x36,0x92,0x36,0x93,0x36,0x92,0x36,0x93,0x36,0x92,0x36,0x93,0x36,
0x92,0x36,0x93,0x36,0x92,0x36,0x93,0x36,0x92,0x36,0x93,0x36,0x92,0x36,0x93,0x36,0x92,0x36,0x93,0x36,0x92,0x36,0x93,0x36,0x92,0x36,0x93,0x36,0x92,0x36,0x93,0x36,
0x92,0x36,0x93,0x36,0x92,0x36,0x93,0x36,0x92,0x36,0x93,0x36,0x92,0x36,0x93,0x36,0x92,0x36,0x93,0x36,0x92,0x36,0x93,0x36,0x92,0x36,0x93,0x36,0x92,0x36,0x93,0x36,
0x92,0x36,0x93,0x36,0x92,0x36,0x93,0x36,0x92,0x36,0x93,0x36,0x92,0x36,0x93,0x36,0x92,0x36,0x93,0x36,0x92,0x36,0x93,0x36,0x92,0x36,0x93,0x36,0x92,0x36,0x93,0x36,
0x92,0x36,0x93,0x36,0x92,0x36,0x93,0x36,0x92,0x36,0x93,0x36,0x92,0x36,0x93,0x36,0x92,0x36,0x93,0x36,0x92,0x36,0x93,0x36,0x92,0x36,0x93,0x36,0x92,0x36,0x93,0x36,
0x92,0x36,0x93,0x36,0x92,0x36,0x93,0x36,0x92,0x36,0x93,0x36,0x92,0x36,0x93,0x36,0x92,0x36,0x93,0x36,0x92,0x36,0x93,0x36,0x82,0xf3,0x82,0xfb,0x82,0xf3,0x82,0xfb,
0x82,0xf3,0x82,0xfb,0x82,0xf3,0x82,0xfb,0x82,0xf3,0x82,0xfb,0x82,0xf3,0x82,0xfb,0x82,0xf3,0x82,0xfb,0x82,0xf3,0x82,0xfb,0x82,0xf3,0x82,0xfb,0x82,0xf3,0x82,0xfb,
0x82,0xf3,0x82,0xfb,0x82,0xf3,0x82,0xfb,0x82,0xf3,0x82,0xfb,0x82,0xf3,0x82,0xfb,0x82,0xf3,0x82,0xfb,0x82,0xf3,0x82,0xfb,0x82,0xf3,0x82,0xfb,0x82,0xf3,0x82,0xfb,
0x82,0xf3,0x82,0xfb,0x82,0xf3,0x82,0xfb,0x82,0xf3,0x82,0xfb,0x82,0xf3,0x82,0xfb,0x82,0xf3,0x82,0xfb,0x82,0xf3,0x82,0xfb,0x82,0xf3,0x82,0xfb,0x82,0xf3,0x82,0xfb,
0x82,0xf3,0x82,0xfb,0x82,0xf3,0x82,0xfb,0x82,0xf3,0x82,0xfb,0x82,0xf3,0x82,0xfb,0x82,0xf3,0x82,0xfb,0x82,0xf3,0x82,0xfb,0x82,0xf3,0x82,0xfb,0x82,0xf3,0x82,0xfb,
0x82,0xf3,0x82,0xfb,0x82,0xf3,0x82,0xfb,0x82,0xf3,0x82,0xfb,0x82,0xf3,0x82,0xfb,0x82,0xf3,0x82,0xfb,0x82,0xf3,0x82,0xfb,0x82,0xf3,0x82,0xfb,0x82,0xf3,0x82,0xfb,
0x82,0xf3,0xa2,0xfb,0x82,0xf3,0xa2,0xfb,0x82,0xf3,0xa2,0xfb,0xa2,0xf3,0xa2,0xfb,0x93,0x36,0x92,0x36,0x93,0x36,0x92,0x36,0x93,0x36,0x92,0x36,0x93,0x36,0x92,0x36,
0x93,0x36,0x92,0x36,0xb3,0x36,0x93,0x36,0xb3,0x36,0x92,0x36,0xb3,0x36,0x93,0x36,0xb3,0x36,0x92,0x36,0xb3,0x36,0x93,0x36,0xb3,0x36,0x92,0x36,0xb3,0x36,0x93,0x36,
0xb3,0x36,0x92,0x36,0xb3,0x36,0x93,0x36,0xb3,0x36,0x92,0x36,0xb3,0x36,0x93,0x36,0xb3,0x36,0x92,0x36,0xb3,0x36,0x93,0x36,0xb3,0x36,0x92,0x36,0xb3,0x36,0x93,0x36,
0xb3,0x36,0x92,0x36,0xb3,0x36,0x93,0x36,0xb3,0x36,0x92,0x36,0xb3,0x36,0x93,0x36,0xb3,0x36,0x92,0x36,0xb3,0x36,0x93,0x36,0xb3,0x36,0x92,0x36,0xb3,0x36,0x93,0x36,
0xb3,0x36,0x92,0x36,0xb3,0x36,0x93,0x36,0xb3,0x36,0x92,0x36,0xb3,0x36,0x93,0x36,0xb3,0x36,0x92,0x36,0xb3,0x36,0x93,0x36,0xb3,0x36,0x92,0x36,0xb3,0x36,0x93,0x36,
0xb3,0x36,0x92,0x36,0xb3,0x36,0x93,0x36,0xb3,0x36,0x92,0x36,0xb3,0x36,0x93,0x36,0xb3,0x36,0x92,0x36,0xb3,0x36,0x93,0x36,0xb3,0x36,0x92,0x36,0xb3,0x36,0x93,0x36,
0xb3,0x36,0x92,0x36,0xb3,0x36,0x93,0x36,0xa3,0xfb,0x82,0xf3,0xa3,0xfb,0x82,0xfb,0xa3,0xfb,0x82,0xf3,0xa3,0xfb,0x82,0xfb,0xa3,0xfb,0x82,0xf3,0xa3,0xfb,0x82,0xfb,
0xa3,0xfb,0x82,0xf3,0xa3,0xfb,0x82,0xfb,0xa3,0xfb,0x82,0xf3,0xa3,0xfb,0x82,0xfb,0xa3,0xfb,0x82,0xf3,0xa3,0xfb,0x82,0xfb,0xa3,0xfb,0x82,0xf3,0xa3,0xfb,0x82,0xfb,
0xa3,0xfb,0x82,0xf3,0xa3,0xfb,0x82,0xfb,0xa3,0xfb,0x82,0xf3,0xa3,0xfb,0x82,0xfb,0xa3,0xfb,0x82,0xf3,0xa3,0xfb,0x82,0xfb,0xa3,0xfb,0x82,0xf3,0xa3,0xfb,0x82,0xfb,
0xa3,0xfb,0x82,0xf3,0xa3,0xfb,0x82,0xfb,0xa3,0xfb,0x82,0xf3,0xa3,0xfb,0x82,0xfb,0xa3,0xfb,0x82,0xf3,0xa3,0xfb,0x82,0xfb,0xa3,0xfb,0x82,0xf3,0xa3,0xfb,0x82,0xfb,
0xa3,0xfb,0x82,0xf3,0xa3,0xfb,0x82,0xfb,0xa3,0xfb,0x82,0xf3,0xa3,0xfb,0x82,0xfb,0xa3,0xfb,0x82,0xf3,0xa3,0xfb,0x82,0xfb,0xa3,0xfb,0x82,0xf3,0xa3,0xfb,0x82,0xfb,
0xa3,0xfb,0x82,0xf3,0xa3,0xfb,0x82,0xfb,0xa3,0xfb,0x82,0xf3,0xa3,0xfb,0x82,0xf3,0xa2,0xfb,0x82,0xf3,0xa3,0xfb,0x82,0xf3,0xa2,0xfb,0xa2,0xf3,0xa3,0xfb,0xa2,0xf3,
0x92,0x36,0x93,0x36,0x92,0x2e,0x93,0x36,0x92,0x36,0x93,0x36,0x92,0x2e,0x93,0x36,0x92,0x36,0x93,0x36,0x92,0x36,0x93,0x36,0x92,0x36,0x93,0x36,0x92,0x36,0x93,0x36,
0x92,0x36,0x93,0x36,0x92,0x36,0x93,0x36,0x92,0x36,0x93,0x36,0x92,0x36,0x93,0x36,0x92,0x36,0x93,0x36,0x92,0x36,0x93,0x36,0x92,0x36,0x93,0x36,0x92,0x36,0x93,0x36,
0x92,0x36,0x93,0x36,0x92,0x36,0x93,0x36,0x92,0x36,0x93,0x36,0x92,0x36,0x93,0x36,0x92,0x36,0x93,0x36,0x92,0x36,0x93,0x36,0x92,0x36,0x93,0x36,0x92,0x36,0x93,0x36,
0x92,0x36,0x93,0x36,0x92,0x36,0x93,0x36,0x92,0x36,0x93,0x36,0x92,0x36,0x93,0x36,0x92,0x36,0x93,0x36,0x92,0x36,0x93,0x36,0x92,0x36,0x93,0x36,0x92,0x36,0x93,0x36,
0x92,0x36,0x93,0x36,0x92,0x36,0x93,0x36,0x92,0x36,0x93,0x36,0x92,0x36,0x93,0x36,0x92,0x36,0x93,0x36,0x92,0x36,0x93,0x36,0x92,0x36,0x93,0x36,0x92,0x36,0x93,0x36,
0x92,0x36,0x93,0x36,0x92,0x36,0x93,0x36,0x92,0x36,0x93,0x36,0x92,0x36,0x93,0x36,0x92,0x36,0x93,0x36,0x92,0x36,0x93,0x36,0x82,0xf3,0x82,0xfb,0x82,0xf3,0x82,0xfb,
0x82,0xf3,0x82,0xfb,0x82,0xf3,0x82,0xfb,0x82,0xf3,0x82,0xfb,0x82,0xf3,0x82,0xfb,0x82,0xf3,0x82,0xfb,0x82,0xf3,0x82,0xfb,0x82,0xf3,0x82,0xfb,0x82,0xf3,0x82,0xfb,
0x82,0xf3,0x82,0xfb,0x82,0xf3,0x82,0xfb,0x82,0xf3,0x82,0xfb,0x82,0xf3,0x82,0xfb,0x82,0xf3,0x82,0xfb,0x82,0xf3,0x82,0xfb,0x82,0xf3,0x82,0xfb,0x82,0xf3,0x82,0xfb,
0x82,0xf3,0x82,0xfb,0x82,0xf3,0x82,0xfb,0x82,0xf3,0x82,0xfb,0x82,0xf3,0x82,0xfb,0x82,0xf3,0x82,0xfb,0x82,0xf3,0x82,0xfb,0x82,0xf3,0x82,0xfb,0x82,0xf3,0x82,0xfb,
0x82,0xf3,0x82,0xfb,0x82,0xf3,0x82,0xfb,0x82,0xf3,0x82,0xfb,0x82,0xf3,0x82,0xfb,0x82,0xf3,0x82,0xfb,0x82,0xf3,0x82,0xfb,0x82,0xf3,0x82,0xfb,0x82,0xf3,0x82,0xfb,
0x82,0xf3,0x82,0xfb,0x82,0xf3,0x82,0xfb,0x82,0xf3,0x82,0xfb,0x82,0xf3,0x82,0xfb,0x82,0xf3,0x82,0xfb,0x82,0xf3,0x82,0xfb,0x82,0xf3,0x82,0xfb,0x82,0xf3,0x82,0xfb,
0x82,0xf3,0x82,0xfb,0x82,0xf3,0xa2,0xfb,0x82,0xf3,0xa2,0xfb,0x82,0xf3,0xa2,0xfb,0x93,0x36,0x92,0x36,0x93,0x36,0x92,0x36,0x93,0x36,0x92,0x36,0x93,0x36,0x92,0x36,
0xb3,0x36,0x93,0x36,0xb3,0x36,0x92,0x36,0xb3,0x36,0x93,0x36,0xb3,0x36,0x92,0x36,0xb3,0x36,0x93,0x36,0xb3,0x36,0x92,0x36,0xb3,0x36,0x93,0x36,0xb3,0x36,0x92,0x36,
0xb3,0x36,0x93,0x36,0xb3,0x36,0x92,0x36,0xb3,0x36,0x93,0x36,0xb3,0x36,0x92,0x36,0xb3,0x36,0x93,0x36,0xb3,0x36,0x92,0x36,0xb3,0x36,0x93,0x36,0xb3,0x36,0x92,0x36,
0xb3,0x36,0x93,0x36,0xb3,0x36,0x92,0x36,0xb3,0x36,0x93,0x36,0xb3,0x36,0x92,0x36,0xb3,0x36,0x93,0x36,0xb3,0x36,0x92,0x36,0xb3,0x36,0x93,0x36,0xb3,0x36,0x92,0x36,
0xb3,0x36,0x93,0x36,0xb3,0x36,0x92,0x36,0xb3,0x36,0x93,0x36,0xb3,0x36,0x92,0x36,0xb3,0x36,0x93,0x36,0xb3,0x36,0x92,0x36,0xb3,0x36,0x93,0x36,0xb3,0x36,0x92,0x36,
0xb3,0x36,0x93,0x36,0xb3,0x36,0x92,0x36,0xb3,0x36,0x93,0x36,0xb3,0x36,0x92,0x36,0xb3,0x36,0x93,0x36,0xb3,0x36,0x92,0x36,0xb3,0x36,0x93,0x36,0xb3,0x36,0x92,0x36,
0xb3,0x36,0x93,0x36,0xb3,0x36,0x92,0x36,0xa3,0xfb,0x82,0xfb,0xa3,0xfb,0x82,0xf3,0xa3,0xfb,0x82,0xfb,0xa3,0xfb,0x82,0xf3,0xa3,0xfb,0x82,0xfb,0xa3,0xfb,0x82,0xf3,
0xa3,0xfb,0x82,0xfb,0xa3,0xfb,0x82,0xf3,0xa3,0xfb,0x82,0xfb,0xa3,0xfb,0x82,0xf3,0xa3,0xfb,0x82,0xfb,0xa3,0xfb,0x82,0xf3,0xa3,0xfb,0x82,0xfb,0xa3,0xfb,0x82,0xf3,
0xa3,0xfb,0x82,0xfb,0xa3,0xfb,0x82,0xf3,0xa3,0xfb,0x82,0xfb,0xa3,0xfb,0x82,0xf3,0xa3,0xfb,0x82,0xfb,0xa3,0xfb,0x82,0xf3,0xa3,0xfb,0x82,0xfb,0xa3,0xfb,0x82,0xf3,
0xa3,0xfb,0x82,0xfb,0xa3,0xfb,0x82,0xf3,0xa3,0xfb,0x82,0xfb,0xa3,0xfb,0x82,0xf3,0xa3,0xfb,0x82,0xfb,0xa3,0xfb,0x82,0xf3,0xa3,0xfb,0x82,0xfb,0xa3,0xfb,0x82,0xf3,
0xa3,0xfb,0x82,0xfb,0xa3,0xfb,0x82,0xf3,0xa3,0xfb,0x82,0xfb,0xa3,0xfb,0x82,0xf3,0xa3,0xfb,0x82,0xfb,0xa3,0xfb,0x82,0xf3,0xa3,0xfb,0x82,0xfb,0xa3,0xfb,0x82,0xf3,
0xa3,0xfb,0x82,0xfb,0xa3,0xfb,0x82,0xf3,0xa3,0xfb,0x82,0xfb,0xa3,0xfb,0x82,0xf3,0xa3,0xfb,0x82,0xf3,0xa2,0xfb,0x82,0xf3,0xa3,0xfb,0x82,0xf3,0xa2,0xfb,0xa2,0xf3,
0x92,0x2e,0x93,0x36,0x92,0x36,0x93,0x36,0x92,0x2e,0x93,0x36,0x92,0x36,0x93,0x36,0x92,0x36,0x93,0x36,0x92,0x36,0x93,0x36,0x92,0x36,0x93,0x36,0x92,0x36,0x93,0x36,
0x92,0x36,0x93,0x36,0x92,0x36,0x93,0x36,0x92,0x36,0x93,0x36,0x92,0x36,0x93,0x36,0x92,0x36,0x93,0x36,0x92,0x36,0x93,0x36,0x92,0x36,0x93,0x36,0x92,0x36,0x93,0x36,
0x92,0x36,0x93,0x36,0x92,0x36,0x93,0x36,0x92,0x36,0x93,0x36,0x92,0x36,0x93,0x36,0x92,0x36,0x93,0x36,0x92,0x36,0x93,0x36,0x92,0x36,0x93,0x36,0x92,0x36,0x93,0x36,
0x92,0x36,0x93,0x36,0x92,0x36,0x93,0x36,0x92,0x36,0x93,0x36,0x92,0x36,0x93,0x36,0x92,0x36,0x93,0x36,0x92,0x36,0x93,0x36,0x92,0x36,0x93,0x36,0x92,0x36,0x93,0x36,
0x92,0x36,0x93,0x36,0x92,0x36,0x93,0x36,0x92,0x36,0x93,0x36,0x92,0x36,0x93,0x36,0x92,0x36,0x93,0x36,0x92,0x36,0x93,0x36,0x92,0x36,0x93,0x36,0x92,0x36,0x93,0x36,
0x92,0x36,0x93,0x36,0x92,0x36,0x93,0x36,0x92,0x36,0x93,0x36,0x92,0x36,0x93,0x36,0x92,0x36,0x93,0x36,0x92,0x36,0x93,0x36,0x82,0xf3,0x82,0xfb,0x82,0xf3,0x82,0xfb,
0x82,0xf3,0x82,0xfb,0x82,0xf3,0x82,0xfb,0x82,0xf3,0x82,0xfb,0x82,0xf3,0x82,0xfb,0x82,0xf3,0x82,0xfb,0x82,0xf3,0x82,0xfb,0x82,0xf3,0x82,0xfb,0x82,0xf3,0x82,0xfb,
0x82,0xf3,0x82,0xfb,0x82,0xf3,0x82,0xfb,0x82,0xf3,0x82,0xfb,0x82,0xf3,0x82,0xfb,0x82,0xf3,0x82,0xfb,0x82,0xf3,0x82,0xfb,0x82,0xf3,0x82,0xfb,0x82,0xf3,0x82,0xfb,
0x82,0xf3,0x82,0xfb,0x82,0xf3,0x82,0xfb,0x82,0xf3,0x82,0xfb,0x82,0xf3,0x82,0xfb,0x82,0xf3,0x82,0xfb,0x82,0xf3,0x82,0xfb,0x82,0xf3,0x82,0xfb,0x82,0xf3,0x82,0xfb,
0x82,0xf3,0x82,0xfb,0x82,0xf3,0x82,0xfb,0x82,0xf3,0x82,0xfb,0x82,0xf3,0x82,0xfb,0x82,0xf3,0x82,0xfb,0x82,0xf3,0x82,0xfb,0x82,0xf3,0x82,0xfb,0x82,0xf3,0x82,0xfb,
0x82,0xf3,0x82,0xfb,0x82,0xf3,0x82,0xfb,0x82,0xf3,0x82,0xfb,0x82,0xf3,0x82,0xfb,0x82,0xf3,0x82,0xfb,0x82,0xf3,0x82,0xfb,0x82,0xf3,0x82,0xfb,0x82,0xf3,0x82,0xfb,
0x82,0xf3,0x82,0xfb,0x82,0xf3,0x82,0xfb,0x82,0xf3,0xa2,0xfb,0x82,0xf3,0xa2,0xfb,0x93,0x36,0x92,0x36,0x93,0x36,0x92,0x36,0x93,0x36,0x92,0x36,0xb3,0x36,0x93,0x36,
0xb3,0x36,0x92,0x36,0xb3,0x36,0x93,0x36,0xb3,0x36,0x92,0x36,0xb3,0x36,0x93,0x36,0xb3,0x36,0x92,0x36,0xb3,0x36,0x93,0x36,0xb3,0x36,0x92,0x36,0xb3,0x36,0x93,0x36,
0xb3,0x36,0x92,0x36,0xb3,0x36,0x93,0x36,0xb3,0x36,0x92,0x36,0xb3,0x36,0x93,0x36,0xb3,0x36,0x92,0x36,0xb3,0x36,0x93,0x36,0xb3,0x36,0x92,0x36,0xb3,0x36,0x93,0x36,
0xb3,0x36,0x92,0x36,0xb3,0x36,0x93,0x36,0xb3,0x36,0x92,0x36,0xb3,0x36,0x93,0x36,0xb3,0x36,0x92,0x36,0xb3,0x36,0x93,0x36,0xb3,0x36,0x92,0x36,0xb3,0x36,0x93,0x36,
0xb3,0x36,0x92,0x36,0xb3,0x36,0x93,0x36,0xb3,0x36,0x92,0x36,0xb3,0x36,0x93,0x36,0xb3,0x36,0x92,0x36,0xb3,0x36,0x93,0x36,0xb3,0x36,0x92,0x36,0xb3,0x36,0x93,0x36,
0xb3,0x36,0x92,0x36,0xb3,0x36,0x93,0x36,0xb3,0x36,0x92,0x36,0xb3,0x36,0x93,0x36,0xb3,0x36,0x92,0x36,0xb3,0x36,0x93,0x36,0xb3,0x36,0x92,0x36,0xb3,0x36,0x93,0x36,
0xb3,0x36,0x92,0x36,0xb3,0x36,0x93,0x36,0xa3,0xfb,0x82,0xf3,0xa3,0xfb,0x82,0xfb,0xa3,0xfb,0x82,0xf3,0xa3,0xfb,0x82,0xfb,0xa3,0xfb,0x82,0xf3,0xa3,0xfb,0x82,0xfb,
0xa3,0xfb,0x82,0xf3,0xa3,0xfb,0x82,0xfb,0xa3,0xfb,0x82,0xf3,0xa3,0xfb,0x82,0xfb,0xa3,0xfb,0x82,0xf3,0xa3,0xfb,0x82,0xfb,0xa3,0xfb,0x82,0xf3,0xa3,0xfb,0x82,0xfb,
0xa3,0xfb,0x82,0xf3,0xa3,0xfb,0x82,0xfb,0xa3,0xfb,0x82,0xf3,0xa3,0xfb,0x82,0xfb,0xa3,0xfb,0x82,0xf3,0xa3,0xfb,0x82,0xfb,0xa3,0xfb,0x82,0xf3,0xa3,0xfb,0x82,0xfb,
0xa3,0xfb,0x82,0xf3,0xa3,0xfb,0x82,0xfb,0xa3,0xfb,0x82,0xf3,0xa3,0xfb,0x82,0xfb,0xa3,0xfb,0x82,0xf3,0xa3,0xfb,0x82,0xfb,0xa3,0xfb,0x82,0xf3,0xa3,0xfb,0x82,0xfb,
0xa3,0xfb,0x82,0xf3,0xa3,0xfb,0x82,0xfb,0xa3,0xfb,0x82,0xf3,0xa3,0xfb,0x82,0xfb,0xa3,0xfb,0x82,0xf3,0xa3,0xfb,0x82,0xfb,0xa3,0xfb,0x82,0xf3,0xa3,0xfb,0x82,0xfb,
0xa3,0xfb,0x82,0xf3,0xa3,0xfb,0x82,0xfb,0xa3,0xfb,0x82,0xf3,0xa3,0xfb,0x82,0xfb,0xa3,0xfb,0x82,0xf3,0xa3,0xfb,0x82,0xf3,0xa2,0xfb,0x82,0xf3,0xa3,0xfb,0x82,0xf3,
0x92,0x36,0x93,0x36,0x92,0x2e,0x93,0x36,0x92,0x36,0x93,0x36,0x92,0x36,0x93,0x36,0x92,0x36,0x93,0x36,0x92,0x36,0x93,0x36,0x92,0x36,0x93,0x36,0x92,0x36,0x93,0x36,
0x92,0x36,0x93,0x36,0x92,0x36,0x93,0x36,0x92,0x36,0x93,0x36,0x92,0x36,0x93,0x36,0x92,0x36,0x93,0x36,0x92,0x36,0x93,0x36,0x92,0x36,0x93,0x36,0x92,0x36,0x93,0x36,
0x92,0x36,0x93,0x36,0x92,0x36,0x93,0x36,0x92,0x36,0x93,0x36,0x92,0x36,0x93,0x36,0x92,0x36,0x93,0x36,0x92,0x36,0x93,0x36,0x92,0x36,0x93,0x36,0x92,0x36,0x93,0x36,
0x92,0x36,0x93,0x36,0x92,0x36,0x93,0x36,0x92,0x36,0x93,0x36,0x92,0x36,0x93,0x36,0x92,0x36,0x93,0x36,0x92,0x36,0x93,0x36,0x92,0x36,0x93,0x36,0x92,0x36,0x93,0x36,
0x92,0x36,0x93,0x36,0x92,0x36,0x93,0x36,0x92,0x36,0x93,0x36,0x92,0x36,0x93,0x36,0x92,0x36,0x93,0x36,0x92,0x36,0x93,0x36,0x92,0x36,0x93,0x36,0x92,0x36,0x93,0x36,
0x92,0x36,0x93,0x36,0x92,0x36,0x93,0x36,0x92,0x36,0x93,0x36,0x92,0x36,0x93,0x36,0x92,0x36,0x93,0x36,0x92,0x36,0x93,0x36,0x82,0xf3,0x82,0xfb,0x82,0xf3,0x82,0xfb,
0x82,0xf3,0x82,0xfb,0x82,0xf3,0x82,0xfb,0x82,0xf3,0x82,0xfb,0x82,0xf3,0x82,0xfb,0x82,0xf3,0x82,0xfb,0x82,0xf3,0x82,0xfb,0x82,0xf3,0x82,0xfb,0x82,0xf3,0x82,0xfb,
0x82,0xf3,0x82,0xfb,0x82,0xf3,0x82,0xfb,0x82,0xf3,0x82,0xfb,0x82,0xf3,0x82,0xfb,0x82,0xf3,0x82,0xfb,0x82,0xf3,0x82,0xfb,0x82,0xf3,0x82,0xfb,0x82,0xf3,0x82,0xfb,
0x82,0xf3,0x82,0xfb,0x82,0xf3,0x82,0xfb,0x82,0xf3,0x82,0xfb,0x82,0xf3,0x82,0xfb,0x82,0xf3,0x82,0xfb,0x82,0xf3,0x82,0xfb,0x82,0xf3,0x82,0xfb,0x82,0xf3,0x82,0xfb,
0x82,0xf3,0x82,0xfb,0x82,0xf3,0x82,0xfb,0x82,0xf3,0x82,0xfb,0x82,0xf3,0x82,0xfb,0x82,0xf3,0x82,0xfb,0x82,0xf3,0x82,0xfb,0x82,0xf3,0x82,0xfb,0x82,0xf3,0x82,0xfb,
0x82,0xf3,0x82,0xfb,0x82,0xf3,0x82,0xfb,0x82,0xf3,0x82,0xfb,0x82,0xf3,0x82,0xfb,0x82,0xf3,0x82,0xfb,0x82,0xf3,0x82,0xfb,0x82,0xf3,0x82,0xfb,0x82,0xf3,0x82,0xfb,
0x82,0xf3,0x82,0xfb,0x82,0xf3,0x82,0xfb,0x82,0xf3,0x82,0xfb,0x82,0xf3,0xa2,0xfb,0x93,0x36,0x92,0x36,0x93,0x36,0x92,0x36,0xb3,0x36,0x93,0x36,0xb3,0x36,0x92,0x36,
0xb3,0x36,0x93,0x36,0xb3,0x36,0x92,0x36,0xb3,0x36,0x93,0x36,0xb3,0x36,0x92,0x36,0xb3,0x36,0x93,0x36,0xb3,0x36,0x92,0x36,0xb3,0x36,0x93,0x36,0xb3,0x36,0x92,0x36,
0xb3,0x36,0x93,0x36,0xb3,0x36,0x92,0x36,0xb3,0x36,0x93,0x36,0xb3,0x36,0x92,0x36,0xb3,0x36,0x93,0x36,0xb3,0x36,0x92,0x36,0xb3,0x36,0x93,0x36,0xb3,0x36,0x92,0x36,
0xb3,0x36,0x93,0x36,0xb3,0x36,0x92,0x36,0xb3,0x36,0x93,0x36,0xb3,0x36,0x92,0x36,0xb3,0x36,0x93,0x36,0xb3,0x36,0x92,0x36,0xb3,0x36,0x93,0x36,0xb3,0x36,0x92,0x36,
0xb3,0x36,0x93,0x36,0xb3,0x36,0x92,0x36,0xb3,0x36,0x93,0x36,0xb3,0x36,0x92,0x36,0xb3,0x36,0x93,0x36,0xb3,0x36,0x92,0x36,0xb3,0x36,0x93,0x36,0xb3,0x36,0x92,0x36,
0xb3,0x36,0x93,0x36,0xb3,0x36,0x92,0x36,0xb3,0x36,0x93,0x36,0xb3,0x36,0x92,0x36,0xb3,0x36,0x93,0x36,0xb3,0x36,0x92,0x36,0xb3,0x36,0x93,0x36,0xb3,0x36,0x92,0x36,
0xb3,0x36,0x93,0x36,0xb3,0x36,0x92,0x36,0xa3,0xfb,0x82,0xfb,0xa3,0xfb,0x82,0xf3,0xa3,0xfb,0x82,0xfb,0xa3,0xfb,0x82,0xf3,0xa3,0xfb,0x82,0xfb,0xa3,0xfb,0x82,0xf3,
0xa3,0xfb,0x82,0xfb,0xa3,0xfb,0x82,0xf3,0xa3,0xfb,0x82,0xfb,0xa3,0xfb,0x82,0xf3,0xa3,0xfb,0x82,0xfb,0xa3,0xfb,0x82,0xf3,0xa3,0xfb,0x82,0xfb,0xa3,0xfb,0x82,0xf3,
0xa3,0xfb,0x82,0xfb,0xa3,0xfb,0x82,0xf3,0xa3,0xfb,0x82,0xfb,0xa3,0xfb,0x82,0xf3,0xa3,0xfb,0x82,0xfb,0xa3,0xfb,0x82,0xf3,0xa3,0xfb,0x82,0xfb,0xa3,0xfb,0x82,0xf3,
0xa3,0xfb,0x82,0xfb,0xa3,0xfb,0x82,0xf3,0xa3,0xfb,0x82,0xfb,0xa3,0xfb,0x82,0xf3,0xa3,0xfb,0x82,0xfb,0xa3,0xfb,0x82,0xf3,0xa3,0xfb,0x82,0xfb,0xa3,0xfb,0x82,0xf3,
0xa3,0xfb,0x82,0xfb,0xa3,0xfb,0x82,0xf3,0xa3,0xfb,0x82,0xfb,0xa3,0xfb,0x82,0xf3,0xa3,0xfb,0x82,0xfb,0xa3,0xfb,0x82,0xf3,0xa3,0xfb,0x82,0xfb,0xa3,0xfb,0x82,0xf3,
0xa3,0xfb,0x82,0xfb,0xa3,0xfb,0x82,0xf3,0xa3,0xfb,0x82,0xfb,0xa3,0xfb,0x82,0xf3,0xa3,0xfb,0x82,0xfb,0xa3,0xfb,0x82,0xf3,0xa3,0xfb,0x82,0xf3,0xa2,0xfb,0x82,0xf3,
0x92,0x2e,0x93,0x36,0x92,0x36,0x93,0x36,0x92,0x36,0x93,0x36,0x92,0x36,0x93,0x36,0x92,0x36,0x93,0x36,0x92,0x36,0x93,0x36,0x92,0x36,0x93,0x36,0x92,0x36,0x93,0x36,
0x92,0x36,0x93,0x36,0x92,0x36,0x93,0x36,0x92,0x36,0x93,0x36,0x92,0x36,0x93,0x36,0x92,0x36,0x93,0x36,0x92,0x36,0x93,0x36,0x92,0x36,0x93,0x36,0x92,0x36,0x93,0x36,
0x92,0x36,0x93,0x36,0x92,0x36,0x93,0x36,0x92,0x36,0x93,0x36,0x92,0x36,0x93,0x36,0x92,0x36,0x93,0x36,0x92,0x36,0x93,0x36,0x92,0x36,0x93,0x36,0x92,0x36,0x93,0x36,
0x92,0x36,0x93,0x36,0x92,0x36,0x93,0x36,0x92,0x36,0x93,0x36,0x92,0x36,0x93,0x36,0x92,0x36,0x93,0x36,0x92,0x36,0x93,0x36,0x92,0x36,0x93,0x36,0x92,0x36,0x93,0x36,
0x92,0x36,0x93,0x36,0x92,0x36,0x93,0x36,0x92,0x36,0x93,0x36,0x92,0x36,0x93,0x36,0x92,0x36,0x93,0x36,0x92,0x36,0x93,0x36,0x92,0x36,0x93,0x36,0x92,0x36,0x93,0x36,
0x92,0x36,0x93,0x36,0x92,0x36,0x93,0x36,0x92,0x36,0x93,0x36,0x92,0x36,0x93,0x36,0x92,0x36,0x93,0x36,0x92,0x36,0x93,0x36,0x82,0xf3,0x82,0xfb,0x82,0xf3,0x82,0xfb,
0x82,0xf3,0x82,0xfb,0x82,0xf3,0x82,0xfb,0x82,0xf3,0x82,0xfb,0x82,0xf3,0x82,0xfb,0x82,0xf3,0x82,0xfb,0x82,0xf3,0x82,0xfb,0x82,0xf3,0x82,0xfb,0x82,0xf3,0x82,0xfb,
0x82,0xf3,0x82,0xfb,0x82,0xf3,0x82,0xfb,0x82,0xf3,0x82,0xfb,0x82,0xf3,0x82,0xfb,0x82,0xf3,0x82,0xfb,0x82,0xf3,0x82,0xfb,0x82,0xf3,0x82,0xfb,0x82,0xf3,0x82,0xfb,
0x82,0xf3,0x82,0xfb,0x82,0xf3,0x82,0xfb,0x82,0xf3,0x82,0xfb,0x82,0xf3,0x82,0xfb,0x82,0xf3,0x82,0xfb,0x82,0xf3,0x82,0xfb,0x82,0xf3,0x82,0xfb,0x82,0xf3,0x82,0xfb,
0x82,0xf3,0x82,0xfb,0x82,0xf3,0x82,0xfb,0x82,0xf3,0x82,0xfb,0x82,0xf3,0x82,0xfb,0x82,0xf3,0x82,0xfb,0x82,0xf3,0x82,0xfb,0x82,0xf3,0x82,0xfb,0x82,0xf3,0x82,0xfb,
0x82,0xf3,0x82,0xfb,0x82,0xf3,0x82,0xfb,0x82,0xf3,0x82,0xfb,0x82,0xf3,0x82,0xfb,0x82,0xf3,0x82,0xfb,0x82,0xf3,0x82,0xfb,0x82,0xf3,0x82,0xfb,0x82,0xf3,0x82,0xfb,
0x82,0xf3,0x82,0xfb,0x82,0xf3,0x82,0xfb,0x82,0xf3,0x82,0xfb,0x82,0xf3,0x82,0xfb,0x93,0x36,0x92,0x36,0xb3,0x36,0x93,0x36,0xb3,0x36,0x92,0x36,0xb3,0x36,0x93,0x36,
0xb3,0x36,0x92,0x36,0xb3,0x36,0x93,0x36,0xb3,0x36,0x92,0x36,0xb3,0x36,0x93,0x36,0xb3,0x36,0x92,0x36,0xb3,0x36,0x93,0x36,0xb3,0x36,0x92,0x36,0xb3,0x36,0x93,0x36,
0xb3,0x36,0x92,0x36,0xb3,0x36,0x93,0x36,0xb3,0x36,0x92,0x36,0xb3,0x36,0x93,0x36,0xb3,0x36,0x92,0x36,0xb3,0x36,0x93,0x36,0xb3,0x36,0x92,0x36,0xb3,0x36,0x93,0x36,
0xb3,0x36,0x92,0x36,0xb3,0x36,0x93,0x36,0xb3,0x36,0x92,0x36,0xb3,0x36,0x93,0x36,0xb3,0x36,0x92,0x36,0xb3,0x36,0x93,0x36,0xb3,0x36,0x92,0x36,0xb3,0x36,0x93,0x36,
0xb3,0x36,0x92,0x36,0xb3,0x36,0x93,0x36,0xb3,0x36,0x92,0x36,0xb3,0x36,0x93,0x36,0xb3,0x36,0x92,0x36,0xb3,0x36,0x93,0x36,0xb3,0x36,0x92,0x36,0xb3,0x36,0x93,0x36,
0xb3,0x36,0x92,0x36,0xb3,0x36,0x93,0x36,0xb3,0x36,0x92,0x36,0xb3,0x36,0x93,0x36,0xb3,0x36,0x92,0x36,0xb3,0x36,0x93,0x36,0xb3,0x36,0x92,0x36,0xb3,0x36,0x93,0x36,
0xb3,0x36,0x92,0x36,0xb3,0x36,0x93,0x36,0xa3,0xfb,0x82,0xf3,0xa3,0xfb,0x82,0xfb,0xa3,0xfb,0x82,0xf3,0xa3,0xfb,0x82,0xfb,0xa3,0xfb,0x82,0xf3,0xa3,0xfb,0x82,0xfb,
0xa3,0xfb,0x82,0xf3,0xa3,0xfb,0x82,0xfb,0xa3,0xfb,0x82,0xf3,0xa3,0xfb,0x82,0xfb,0xa3,0xfb,0x82,0xf3,0xa3,0xfb,0x82,0xfb,0xa3,0xfb,0x82,0xf3,0xa3,0xfb,0x82,0xfb,
0xa3,0xfb,0x82,0xf3,0xa3,0xfb,0x82,0xfb,0xa3,0xfb,0x82,0xf3,0xa3,0xfb,0x82,0xfb,0xa3,0xfb,0x82,0xf3,0xa3,0xfb,0x82,0xfb,0xa3,0xfb,0x82,0xf3,0xa3,0xfb,0x82,0xfb,
0xa3,0xfb,0x82,0xf3,0xa3,0xfb,0x82,0xfb,0xa3,0xfb,0x82,0xf3,0xa3,0xfb,0x82,0xfb,0xa3,0xfb,0x82,0xf3,0xa3,0xfb,0x82,0xfb,0xa3,0xfb,0x82,0xf3,0xa3,0xfb,0x82,0xfb,
0xa3,0xfb,0x82,0xf3,0xa3,0xfb,0x82,0xfb,0xa3,0xfb,0x82,0xf3,0xa3,0xfb,0x82,0xfb,0xa3,0xfb,0x82,0xf3,0xa3,0xfb,0x82,0xfb,0xa3,0xfb,0x82,0xf3,0xa3,0xfb,0x82,0xfb,
0xa3,0xfb,0x82,0xf3,0xa3,0xfb,0x82,0xfb,0xa3,0xfb,0x82,0xf3,0xa3,0xfb,0x82,0xfb,0xa3,0xfb,0x82,0xf3,0xa3,0xfb,0x82,0xfb,0xa3,0xfb,0x82,0xf3,0xa3,0xfb,0x82,0xf3,
0x92,0x36,0x93,0x36,0x92,0x36,0x93,0x36,0x92,0x36,0x93,0x36,0x92,0x36,0x93,0x36,0x92,0x36,0x93,0x36,0x92,0x36,0x93,0x36,0x92,0x36,0x93,0x36,0x92,0x36,0x93,0x36,
0x92,0x36,0x93,0x36,0x92,0x36,0x93,0x36,0x92,0x36,0x93,0x36,0x92,0x36,0x93,0x36,0x92,0x36,0x93,0x36,0x92,0x36,0x93,0x36,0x92,0x36,0x93,0x36,0x92,0x36,0x93,0x36,
0x92,0x36,0x93,0x36,0x92,0x36,0x93,0x36,0x92,0x36,0x93,0x36,0x92,0x36,0x93,0x36,0x92,0x36,0x93,0x36,0x92,0x36,0x93,0x36,0x92,0x36,0x93,0x36,0x92,0x36,0x93,0x36,
0x92,0x36,0x93,0x36,0x92,0x36,0x93,0x36,0x92,0x36,0x93,0x36,0x92,0x36,0x93,0x36,0x92,0x36,0x93,0x36,0x92,0x36,0x93,0x36,0x92,0x36,0x93,0x36,0x92,0x36,0x93,0x36,
0x92,0x36,0x93,0x36,0x92,0x36,0x93,0x36,0x92,0x36,0x93,0x36,0x92,0x36,0x93,0x36,0x92,0x36,0x93,0x36,0x92,0x36,0x93,0x36,0x92,0x36,0x93,0x36,0x92,0x36,0x93,0x36,
0x92,0x36,0x93,0x36,0x92,0x36,0x93,0x36,0x92,0x36,0x93,0x36,0x92,0x36,0x93,0x36,0x92,0x36,0x93,0x36,0x92,0x36,0x93,0x36,0x82,0xf3,0x82,0xfb,0x82,0xf3,0x82,0xfb,
0x82,0xf3,0x82,0xfb,0x82,0xf3,0x82,0xfb,0x82,0xf3,0x82,0xfb,0x82,0xf3,0x82,0xfb,0x82,0xf3,0x82,0xfb,0x82,0xf3,0x82,0xfb,0x82,0xf3,0x82,0xfb,0x82,0xf3,0x82,0xfb,
0x82,0xf3,0x82,0xfb,0x82,0xf3,0x82,0xfb,0x82,0xf3,0x82,0xfb,0x82,0xf3,0x82,0xfb,0x82,0xf3,0x82,0xfb,0x82,0xf3,0x82,0xfb,0x82,0xf3,0x82,0xfb,0x82,0xf3,0x82,0xfb,
0x82,0xf3,0x82,0xfb,0x82,0xf3,0x82,0xfb,0x82,0xf3,0x82,0xfb,0x82,0xf3,0x82,0xfb,0x82,0xf3,0x82,0xfb,0x82,0xf3,0x82,0xfb,0x82,0xf3,0x82,0xfb,0x82,0xf3,0x82,0xfb,
0x82,0xf3,0x82,0xfb,0x82,0xf3,0x82,0xfb,0x82,0xf3,0x82,0xfb,0x82,0xf3,0x82,0xfb,0x82,0xf3,0x82,0xfb,0x82,0xf3,0x82,0xfb,0x82,0xf3,0x82,0xfb,0x82,0xf3,0x82,0xfb,
0x82,0xf3,0x82,0xfb,0x82,0xf3,0x82,0xfb,0x82,0xf3,0x82,0xfb,0x82,0xf3,0x82,0xfb,0x82,0xf3,0x82,0xfb,0x82,0xf3,0x82,0xfb,0x82,0xf3,0x82,0xfb,0x82,0xf3,0x82,0xfb,
0x82,0xf3,0x82,0xfb,0x82,0xf3,0x82,0xfb,0x82,0xf3,0x82,0xfb,0x82,0xf3,0x82,0xfb,0xb3,0x36,0x93,0x36,0xb3,0x36,0x92,0x36,0xb3,0x36,0x93,0x36,0xb3,0x36,0x92,0x36,
0xb3,0x36,0x93,0x36,0xb3,0x36,0x92,0x36,0xb3,0x36,0x93,0x36,0xb3,0x36,0x92,0x36,0xb3,0x36,0x93,0x36,0xb3,0x36,0x92,0x36,0xb3,0x36,0x93,0x36,0xb3,0x36,0x92,0x36,
0xb3,0x36,0x93,0x36,0xb3,0x36,0x92,0x36,0xb3,0x36,0x93,0x36,0xb3,0x36,0x92,0x36,0xb3,0x36,0x93,0x36,0xb3,0x36,0x92,0x36,0xb3,0x36,0x93,0x36,0xb3,0x36,0x92,0x36,
0xb3,0x36,0x93,0x36,0xb3,0x36,0x92,0x36,0xb3,0x36,0x93,0x36,0xb3,0x36,0x92,0x36,0xb3,0x36,0x93,0x36,0xb3,0x36,0x92,0x36,0xb3,0x36,0x93,0x36,0xb3,0x36,0x92,0x36,
0xb3,0x36,0x93,0x36,0xb3,0x36,0x92,0x36,0xb3,0x36,0x93,0x36,0xb3,0x36,0x92,0x36,0xb3,0x36,0x93,0x36,0xb3,0x36,0x92,0x36,0xb3,0x36,0x93,0x36,0xb3,0x36,0x92,0x36,
0xb3,0x36,0x93,0x36,0xb3,0x36,0x92,0x36,0xb3,0x36,0x93,0x36,0xb3,0x36,0x92,0x36,0xb3,0x36,0x93,0x36,0xb3,0x36,0x92,0x36,0xb3,0x36,0x93,0x36,0xb3,0x36,0x92,0x36,
0xb3,0x36,0x93,0x36,0xb3,0x36,0x92,0x36,0xa3,0xfb,0x82,0xfb,0xa3,0xfb,0x82,0xf3,0xa3,0xfb,0x82,0xfb,0xa3,0xfb,0x82,0xf3,0xa3,0xfb,0x82,0xfb,0xa3,0xfb,0x82,0xf3,
0xa3,0xfb,0x82,0xfb,0xa3,0xfb,0x82,0xf3,0xa3,0xfb,0x82,0xfb,0xa3,0xfb,0x82,0xf3,0xa3,0xfb,0x82,0xfb,0xa3,0xfb,0x82,0xf3,0xa3,0xfb,0x82,0xfb,0xa3,0xfb,0x82,0xf3,
0xa3,0xfb,0x82,0xfb,0xa3,0xfb,0x82,0xf3,0xa3,0xfb,0x82,0xfb,0xa3,0xfb,0x82,0xf3,0xa3,0xfb,0x82,0xfb,0xa3,0xfb,0x82,0xf3,0xa3,0xfb,0x82,0xfb,0xa3,0xfb,0x82,0xf3,
0xa3,0xfb,0x82,0xfb,0xa3,0xfb,0x82,0xf3,0xa3,0xfb,0x82,0xfb,0xa3,0xfb,0x82,0xf3,0xa3,0xfb,0x82,0xfb,0xa3,0xfb,0x82,0xf3,0xa3,0xfb,0x82,0xfb,0xa3,0xfb,0x82,0xf3,
0xa3,0xfb,0x82,0xfb,0xa3,0xfb,0x82,0xf3,0xa3,0xfb,0x82,0xfb,0xa3,0xfb,0x82,0xf3,0xa3,0xfb,0x82,0xfb,0xa3,0xfb,0x82,0xf3,0xa3,0xfb,0x82,0xfb,0xa3,0xfb,0x82,0xf3,
0xa3,0xfb,0x82,0xfb,0xa3,0xfb,0x82,0xf3,0xa3,0xfb,0x82,0xfb,0xa3,0xfb,0x82,0xf3,0xa3,0xfb,0x82,0xfb,0xa3,0xfb,0x82,0xf3,0xa3,0xfb,0x82,0xfb,0xa3,0xfb,0x82,0xf3
};
const lv_image_dsc_t img_ring_gpu = {
    .header = {.magic = LV_IMAGE_HEADER_MAGIC, .cf = LV_COLOR_FORMAT_RGB565, .w = 184, .h = 184, .stride = 368},
    .data_size = sizeof(map),
    .data = map,
};
