#include "lvgl.h"
// Generated by tools/gen_images.py
static const uint8_t map[] __attribute__((aligned(4))) = {
0x1d,0x4c,0x1e,0x54,0xfd,0x4b,0x1e,0x54,0xfd,0x4b,0x1e,0x54,0xfd,0x53,0x1e,0x54,0xfd,0x4b,0xfe,0x53,0xfd,0x53,0xfe,0x53,0xfd,0x53,0xfe,0x53,0xfd,0x53,0xfe,0x53,
0xdd,0x53,0xfe,0x53,0xdd,0x53,0xfe,0x53,0xdd,0x53,0xde,0x53,0xdd,0x53,0xde,0x53,0xdd,0x53,0xde,0x53,0xbd,0x53,0xde,0x5b,0xbd,0x53,0xde,0x53,0xbd,0x53,0xbe,0x5b,
0xbd,0x53,0xbe,0x5b,0xbd,0x53,0xbe,0x5b,0x9d,0x53,0xbe,0x5b,0x9d,0x53,0xbe,0x5b,0x9d,0x53,0x9e,0x5b,0x9d,0x5b,0x9e,0x5b,0x9d,0x53,0x9e,0x5b,0x7d,0x5b,0x9e,0x5b,
0x7d,0x5b,0x9e,0x5b,0x7d,0x5b,0x7e,0x5b,0x7d,0x5b,0x7e,0x5b,0x5d,0x5b,0x7e,0x5b,0x5d,0x5b,0x7e,0x5b,0x5d,0x5b,0x5e,0x63,0x5d,0x5b,0x5e,0x63,0x3d,0x5b,0x5e,0x63,
0x3d,0x5b,0x5e,0x63,0x3d,0x5b,0x3e,0x63,0x3d,0x5b,0x3e,0x63,0x1d,0x63,0x3e,0x63,0x1d,0x63,0x3e,0x63,0x1d,0x63,0x3e,0x63,0x1d,0x63,0x3e,0x63,0x1d,0x63,0x3e,0x6b,
0x1d,0x63,0x3e,0x6b,0x1d,0x63,0x3e,0x6b,0x1d,0x63,0x3e,0x6b,0x1d,0x6b,0x1e,0x6b,0x1d,0x6b,0x1e,0x6b,0x1d,0x6b,0x1e,0x6b,0x1d,0x6b,0x1e,0x6b,0x1d,0x6b,0x1e,0x73,
0x1d,0x6b,0x1e,0x73,0x1d,0x6b,0x1e,0x73,0x1d,0x6b,0x1e,0x73,0xfd,0x72,0x1e,0x73,0xfd,0x72,0x1e,0x73,0xfd,0x72,0x1e,0x73,0xfd,0x72,0x1e,0x73,0xfd,0x72,0x1e,0x7b,
0xfd,0x72,0x1e,0x7b,0xfe,0x72,0x1e,0x7b,0xfd,0x72,0xfe,0x7a,0xfe,0x7a,0xfe,0x7a,0xfd,0x7a,0xfe,0x7a,0xfe,0x7a,0xfe,0x7a,0xfd,0x7a,0xfe,0x7a,0xfe,0x7a,0xfe,0x82,
0xfd,0x7a,0xfe,0x82,0xfe,0x7a,0xfe,0x82,0xfd,0x7a,0xfe,0x82,0xde,0x82,0xfe,0x82,0xdd,0x82,0xfe,0x82,0xde,0x82,0xfe,0x82,0xde,0x82,0xfe,0x82,0xde,0x82,0xfe,0x8a,
0xde,0x82,0xfe,0x8a,0xde,0x82,0xfe,0x8a,0xde,0x82,0xfe,0x8a,0xde,0x82,0xfe,0x8a,0xde,0x82,0xfe,0x8a,0xde,0x8a,0xde,0x8a,0xde,0x8a,0xde,0x8a,0xde,0x8a,0xde,0x8a,
0xde,0x8a,0xde,0x8a,0xde,0x8a,0xde,0x8a,0xde,0x8a,0xde,0x8a,0xde,0x8a,0xde,0x92,0xde,0x8a,0xde,0x92,0xde,0x8a,0xde,0x92,0xde,0x8a,0xde,0x92,0xde,0x8a,0xde,0x92,
0xde,0x8a,0xde,0x92,0xde,0x92,0xde,0x92,0xbe,0x92,0xde,0x92,0xbe,0x92,0xde,0x92,0x1e,0x54,0x1d,0x54,0x1e,0x54,0x1d,0x54,0x1e,0x54,0x1d,0x54,0x1e,0x54,0xfd,0x53,
0x1e,0x54,0xfd,0x53,0x1e,0x54,0xfd,0x53,0xfe,0x53,0xfd,0x53,0xfe,0x53,0xfd,0x53,0xfe,0x53,0xfd,0x53,0xfe,0x5b,0xdd,0x53,0xfe,0x53,0xdd,0x53,0xfe,0x5b,0xdd,0x53,
0xde,0x5b,0xdd,0x53,0xde,0x5b,0xdd,0x53,0xde,0x5b,0xbd,0x53,0xde,0x5b,0xbd,0x53,0xde,0x5b,0xbd,0x53,0xbe,0x5b,0xbd,0x5b,0xbe,0x5b,0xbd,0x53,0xbe,0x5b,0x9d,0x5b,
0xbe,0x5b,0x9d,0x5b,0xbe,0x5b,0x9d,0x5b,0x9e,0x5b,0x9d,0x5b,0x9e,0x5b,0x9d,0x5b,0x9e,0x5b,0x7d,0x5b,0x9e,0x63,0x7d,0x5b,0x9e,0x5b,0x7d,0x5b,0x7e,0x63,0x7d,0x5b,
0x7e,0x63,0x5d,0x5b,0x7e,0x63,0x5d,0x5b,0x7e,0x63,0x5d,0x5b,0x5e,0x63,0x5d,0x5b,0x5e,0x63,0x3d,0x5b,0x5e,0x63,0x3d,0x63,0x3e,0x63,0x3d,0x63,0x3e,0x63,0x3e,0x63,
0x3e,0x63,0x3d,0x63,0x3e,0x6b,0x3e,0x63,0x3e,0x6b,0x3d,0x63,0x3e,0x6b,0x1e,0x63,0x3e,0x6b,0x1d,0x63,0x3e,0x6b,0x1e,0x6b,0x3e,0x6b,0x1d,0x6b,0x3e,0x6b,0x1e,0x6b,
0x3e,0x6b,0x1d,0x6b,0x3e,0x73,0x1e,0x6b,0x3e,0x73,0x1e,0x6b,0x1e,0x73,0x1e,0x6b,0x1e,0x73,0x1e,0x6b,0x1e,0x73,0x1e,0x73,0x1e,0x73,0x1e,0x73,0x1e,0x73,0x1e,0x73,
0x1e,0x73,0x1e,0x73,0x1e,0x7b,0x1e,0x73,0x1e,0x7b,0xfe,0x72,0x1e,0x7b,0xfe,0x72,0x1e,0x7b,0xfe,0x72,0x1e,0x7b,0xfe,0x7a,0x1e,0x7b,0xfe,0x7a,0x1e,0x7b,0xfe,0x7a,
0x1e,0x7b,0xfe,0x7a,0x1e,0x83,0xfe,0x7a,0x1e,0x83,0xfe,0x7a,0xfe,0x82,0xfe,0x7a,0xfe,0x82,0xfe,0x7a,0xfe,0x82,0xfe,0x82,0xfe,0x82,0xfe,0x82,0xfe,0x82,0xfe,0x82,
0xfe,0x82,0xfe,0x82,0xfe,0x8a,0xfe,0x82,0xfe,0x8a,0xfe,0x82,0xfe,0x8a,0xde,0x82,0xfe,0x8a,0xde,0x82,0xfe,0x8a,0xde,0x8a,0xfe,0x8a,0xde,0x8a,0xfe,0x8a,0xde,0x8a,
0xfe,0x8a,0xde,0x8a,0xfe,0x8a,0xde,0x8a,0xfe,0x8a,0xde,0x8a,0xfe,0x92,0xde,0x8a,0xfe,0x92,0xde,0x8a,0xfe,0x92,0xde,0x8a,0xfe,0x92,0xde,0x8a,0xde,0x92,0xde,0x8a,
0xde,0x92,0xde,0x8a,0xdf,0x92,0xde,0x92,0xde,0x92,0xde,0x92,0xdf,0x92,0xde,0x92,0xde,0x92,0xde,0x92,0xdf,0x92,0xde,0x92,0xde,0x92,0xde,0x92,0xdf,0x92,0xde,0x92,
0x1d,0x4c,0x1e,0x54,0x1d,0x4c,0x1e,0x54,0xfd,0x4b,0x1e,0x54,0xfd,0x4b,0x1e,0x54,0xfd,0x53,0x1e,0x54,0xfd,0x4b,0xfe,0x53,0xfd,0x53,0xfe,0x53,0xfd,0x53,0xfe,0x53,
0xdd,0x53,0xfe,0x53,0xdd,0x53,0xfe,0x53,0xdd,0x53,0xfe,0x53,0xdd,0x53,0xde,0x53,0xdd,0x53,0xde,0x53,0xdd,0x53,0xde,0x53,0xbd,0x53,0xde,0x5b,0xbd,0x53,0xde,0x5b,
0xbd,0x53,0xbe,0x5b,0xbd,0x53,0xbe,0x5b,0xbd,0x53,0xbe,0x5b,0x9d,0x53,0xbe,0x5b,0x9d,0x53,0xbe,0x5b,0x9d,0x53,0x9e,0x5b,0x9d,0x5b,0x9e,0x5b,0x9d,0x53,0x9e,0x5b,
0x7d,0x5b,0x9e,0x5b,0x7d,0x5b,0x7e,0x5b,0x7d,0x5b,0x7e,0x5b,0x7d,0x5b,0x7e,0x5b,0x5d,0x5b,0x7e,0x5b,0x5d,0x5b,0x5e,0x5b,0x5d,0x5b,0x5e,0x63,0x5d,0x5b,0x5e,0x63,
0x3d,0x5b,0x5e,0x63,0x3d,0x5b,0x3e,0x63,0x3d,0x5b,0x3e,0x63,0x3d,0x5b,0x3e,0x63,0x1d,0x63,0x3e,0x63,0x1d,0x63,0x3e,0x63,0x1d,0x63,0x3e,0x63,0x1d,0x63,0x3e,0x63,
0x1d,0x63,0x3e,0x6b,0x1d,0x63,0x3e,0x6b,0x1d,0x63,0x3e,0x6b,0x1d,0x63,0x1e,0x6b,0x1d,0x6b,0x1e,0x6b,0x1d,0x6b,0x1e,0x6b,0x1d,0x6b,0x1e,0x73,0x1d,0x6b,0x1e,0x73,
0x1d,0x6b,0x1e,0x73,0x1d,0x6b,0x1e,0x73,0x1d,0x73,0x1e,0x73,0xfd,0x72,0x1e,0x73,0xfd,0x72,0x1e,0x73,0xfd,0x72,0x1e,0x73,0xfd,0x72,0x1e,0x7b,0xfd,0x72,0x1e,0x7b,
0xfd,0x72,0x1e,0x7b,0xfd,0x72,0x1e,0x7b,0xfe,0x7a,0xfe,0x7a,0xfd,0x7a,0xfe,0x7a,0xfe,0x7a,0xfe,0x7a,0xfd,0x7a,0xfe,0x7a,0xfe,0x7a,0xfe,0x82,0xfd,0x7a,0xfe,0x82,
0xfe,0x7a,0xfe,0x82,0xfd,0x7a,0xfe,0x82,0xfe,0x82,0xfe,0x82,0xdd,0x82,0xfe,0x82,0xde,0x82,0xfe,0x82,0xde,0x82,0xfe,0x82,0xde,0x82,0xfe,0x8a,0xde,0x82,0xfe,0x82,
0xde,0x82,0xfe,0x8a,0xde,0x82,0xfe,0x8a,0xde,0x82,0xfe,0x8a,0xde,0x82,0xfe,0x8a,0xde,0x8a,0xde,0x8a,0xde,0x8a,0xde,0x8a,0xde,0x8a,0xde,0x8a,0xde,0x8a,0xde,0x8a,
0xde,0x8a,0xde,0x8a,0xde,0x8a,0xde,0x8a,0xde,0x8a,0xde,0x92,0xde,0x8a,0xde,0x92,0xde,0x8a,0xde,0x92,0xde,0x8a,0xde,0x92,0xde,0x8a,0xde,0x92,0xde,0x8a,0xde,0x92,
0xde,0x92,0xde,0x92,0xbe,0x92,0xde,0x92,0xbe,0x92,0xde,0x92,0xbe,0x92,0xde,0x92,0x3e,0x54,0x1d,0x54,0x1e,0x54,0x1d,0x54,0x1e,0x54,0x1d,0x54,0x1e,0x54,0x1d,0x54,
0x1e,0x54,0xfd,0x53,0x1e,0x54,0xfd,0x53,0x1e,0x54,0xfd,0x53,0xfe,0x53,0xfd,0x53,0xfe,0x53,0xfd,0x53,0xfe,0x53,0xfd,0x53,0xfe,0x5b,0xdd,0x53,0xfe,0x53,0xdd,0x53,
0xfe,0x5b,0xdd,0x53,0xde,0x5b,0xdd,0x53,0xde,0x5b,0xdd,0x53,0xde,0x5b,0xbd,0x53,0xde,0x5b,0xbd,0x53,0xde,0x5b,0xbd,0x53,0xbe,0x5b,0xbd,0x5b,0xbe,0x5b,0xbd,0x53,
0xbe,0x5b,0x9d,0x5b,0xbe,0x5b,0x9d,0x5b,0xbe,0x5b,0x9d,0x5b,0x9e,0x5b,0x9d,0x5b,0x9e,0x5b,0x7d,0x5b,0x9e,0x5b,0x7d,0x5b,0x9e,0x63,0x7d,0x5b,0x7e,0x5b,0x7d,0x5b,
0x7e,0x63,0x5d,0x5b,0x7e,0x63,0x5d,0x5b,0x7e,0x63,0x5d,0x5b,0x5e,0x63,0x5d,0x5b,0x5e,0x63,0x3d,0x63,0x5e,0x63,0x3d,0x5b,0x5e,0x63,0x3d,0x63,0x3e,0x63,0x3d,0x63,
0x3e,0x63,0x3e,0x63,0x3e,0x63,0x3d,0x63,0x3e,0x6b,0x3e,0x63,0x3e,0x6b,0x1d,0x63,0x3e,0x6b,0x1e,0x63,0x3e,0x6b,0x1d,0x63,0x3e,0x6b,0x1e,0x6b,0x3e,0x6b,0x1d,0x6b,
0x3e,0x6b,0x1e,0x6b,0x3e,0x6b,0x1d,0x6b,0x3e,0x73,0x1e,0x6b,0x1e,0x73,0x1e,0x6b,0x1e,0x73,0x1e,0x73,0x1e,0x73,0x1e,0x73,0x1e,0x73,0x1e,0x73,0x1e,0x73,0x1e,0x73,
0x1e,0x7b,0x1e,0x73,0x1e,0x7b,0x1e,0x73,0x1e,0x7b,0xfe,0x72,0x1e,0x7b,0xfe,0x72,0x1e,0x7b,0xfe,0x7a,0x1e,0x7b,0xfe,0x7a,0x1e,0x7b,0xfe,0x7a,0x1e,0x7b,0xfe,0x7a,
0x1e,0x83,0xfe,0x7a,0x1e,0x83,0xfe,0x7a,0xfe,0x82,0xfe,0x7a,0xfe,0x82,0xfe,0x7a,0xfe,0x82,0xfe,0x82,0xfe,0x82,0xfe,0x82,0xfe,0x82,0xfe,0x82,0xfe,0x82,0xfe,0x82,
0xfe,0x8a,0xfe,0x82,0xfe,0x8a,0xfe,0x82,0xfe,0x8a,0xfe,0x82,0xfe,0x8a,0xde,0x82,0xfe,0x8a,0xde,0x8a,0xfe,0x8a,0xde,0x82,0xfe,0x8a,0xde,0x8a,0xfe,0x8a,0xde,0x8a,
0xfe,0x8a,0xde,0x8a,0xfe,0x8a,0xde,0x8a,0xfe,0x92,0xde,0x8a,0xfe,0x8a,0xde,0x8a,0xfe,0x92,0xde,0x8a,0xfe,0x92,0xde,0x8a,0xde,0x92,0xde,0x8a,0xde,0x92,0xde,0x8a,
0xdf,0x92,0xde,0x92,0xde,0x92,0xde,0x92,0xdf,0x92,0xde,0x92,0xde,0x92,0xde,0x92,0xdf,0x92,0xde,0x92,0xde,0x92,0xde,0x92,0xdf,0x92,0xde,0x92,0xde,0x92,0xde,0x92,
0x1d,0x4c,0x1e,0x54,0x1d,0x4c,0x1e,0x54,0x1d,0x4c,0x1e,0x54,0xfd,0x4b,0x1e,0x54,0xfd,0x4b,0x1e,0x54,0xfd,0x53,0x1e,0x54,0xfd,0x4b,0xfe,0x53,0xfd,0x53,0xfe,0x53,
0xfd,0x53,0xfe,0x53,0xdd,0x53,0xfe,0x53,0xdd,0x53,0xfe,0x53,0xdd,0x53,0xfe,0x53,0xdd,0x53,0xde,0x53,0xdd,0x53,0xde,0x53,0xdd,0x53,0xde,0x53,0xbd,0x53,0xde,0x5b,
0xbd,0x53,0xde,0x5b,0xbd,0x53,0xbe,0x5b,0xbd,0x53,0xbe,0x5b,0xbd,0x53,0xbe,0x5b,0x9d,0x53,0xbe,0x5b,0x9d,0x53,0x9e,0x5b,0x9d,0x53,0x9e,0x5b,0x9d,0x5b,0x9e,0x5b,
0x7d,0x5b,0x9e,0x5b,0x7d,0x5b,0x9e,0x5b,0x7d,0x5b,0x7e,0x5b,0x7d,0x5b,0x7e,0x5b,0x5d,0x5b,0x7e,0x5b,0x5d,0x5b,0x7e,0x63,0x5d,0x5b,0x5e,0x5b,0x5d,0x5b,0x5e,0x63,
0x3d,0x5b,0x5e,0x63,0x3d,0x5b,0x3e,0x63,0x3d,0x5b,0x3e,0x63,0x3d,0x5b,0x3e,0x63,0x1d,0x5b,0x3e,0x63,0x1d,0x63,0x3e,0x63,0x1d,0x63,0x3e,0x63,0x1d,0x63,0x3e,0x6b,
0x1d,0x63,0x3e,0x6b,0x1d,0x63,0x3e,0x6b,0x1d,0x63,0x3e,0x6b,0x1d,0x6b,0x1e,0x6b,0x1d,0x6b,0x1e,0x6b,0x1d,0x6b,0x1e,0x6b,0x1d,0x6b,0x1e,0x6b,0x1d,0x6b,0x1e,0x73,
0x1d,0x6b,0x1e,0x73,0x1d,0x6b,0x1e,0x73,0x1d,0x6b,0x1e,0x73,0xfd,0x72,0x1e,0x73,0xfd,0x72,0x1e,0x73,0xfd,0x72,0x1e,0x7b,0xfd,0x72,0x1e,0x7b,0xfd,0x72,0x1e,0x7b,
0xfd,0x72,0x1e,0x7b,0xfe,0x72,0x1e,0x7b,0xfd,0x72,0xfe,0x7a,0xfe,0x7a,0xfe,0x7a,0xfd,0x7a,0xfe,0x7a,0xfe,0x7a,0xfe,0x82,0xfd,0x7a,0xfe,0x82,0xfe,0x7a,0xfe,0x82,
0xfd,0x7a,0xfe,0x82,0xfe,0x7a,0xfe,0x82,0xdd,0x7a,0xfe,0x82,0xde,0x82,0xfe,0x82,0xdd,0x82,0xfe,0x82,0xde,0x82,0xfe,0x82,0xde,0x82,0xfe,0x82,0xde,0x82,0xfe,0x8a,
0xde,0x82,0xfe,0x8a,0xde,0x82,0xfe,0x8a,0xde,0x82,0xfe,0x8a,0xde,0x8a,0xde,0x8a,0xde,0x8a,0xde,0x8a,0xde,0x8a,0xde,0x8a,0xde,0x8a,0xde,0x8a,0xde,0x8a,0xde,0x8a,
0xde,0x8a,0xde,0x8a,0xde,0x8a,0xde,0x92,0xde,0x8a,0xde,0x92,0xde,0x8a,0xde,0x92,0xde,0x8a,0xde,0x92,0xde,0x8a,0xde,0x92,0xde,0x8a,0xde,0x92,0xde,0x92,0xde,0x92,
0xbe,0x8a,0xde,0x92,0xbe,0x92,0xde,0x92,0xbe,0x92,0xde,0x92,0xbe,0x92,0xde,0x92,0x3e,0x54,0x1d,0x4c,0x3e,0x54,0x1d,0x54,0x1e,0x54,0x1d,0x54,0x1e,0x54,0x1d,0x54,
0x1e,0x54,0x1d,0x54,0x1e,0x54,0xfd,0x53,0x1e,0x54,0xfd,0x53,0x1e,0x54,0xfd,0x53,0xfe,0x53,0xfd,0x53,0xfe,0x53,0xfd,0x53,0xfe,0x53,0xfd,0x53,0xfe,0x5b,0xdd,0x53,
0xfe,0x53,0xdd,0x53,0xfe,0x5b,0xdd,0x53,0xde,0x5b,0xdd,0x53,0xde,0x5b,0xdd,0x53,0xde,0x5b,0xbd,0x53,0xde,0x5b,0xbd,0x53,0xde,0x5b,0xbd,0x53,0xbe,0x5b,0xbd,0x5b,
0xbe,0x5b,0xbd,0x5b,0xbe,0x5b,0x9d,0x5b,0xbe,0x5b,0x9d,0x5b,0x9e,0x5b,0x9d,0x5b,0x9e,0x5b,0x9d,0x5b,0x9e,0x5b,0x7d,0x5b,0x9e,0x5b,0x7d,0x5b,0x7e,0x63,0x7d,0x5b,
0x7e,0x63,0x7d,0x5b,0x7e,0x63,0x5d,0x5b,0x7e,0x63,0x5d,0x5b,0x5e,0x63,0x5d,0x5b,0x5e,0x63,0x5d,0x5b,0x5e,0x63,0x3d,0x63,0x5e,0x63,0x3d,0x63,0x3e,0x63,0x3e,0x63,
0x3e,0x63,0x3d,0x63,0x3e,0x63,0x3e,0x63,0x3e,0x63,0x3d,0x63,0x3e,0x6b,0x1e,0x63,0x3e,0x6b,0x1d,0x63,0x3e,0x6b,0x1e,0x6b,0x3e,0x6b,0x1d,0x6b,0x3e,0x6b,0x1e,0x6b,
0x3e,0x6b,0x1d,0x6b,0x3e,0x73,0x1e,0x6b,0x3e,0x73,0x1e,0x6b,0x1e,0x73,0x1e,0x6b,0x1e,0x73,0x1e,0x6b,0x1e,0x73,0x1e,0x73,0x1e,0x73,0x1e,0x73,0x1e,0x73,0x1e,0x73,
0x1e,0x73,0x1e,0x73,0x1e,0x7b,0x1e,0x73,0x1e,0x7b,0xfe,0x72,0x1e,0x7b,0xfe,0x7a,0x1e,0x7b,0xfe,0x7a,0x1e,0x7b,0xfe,0x7a,0x1e,0x7b,0xfe,0x7a,0x1e,0x83,0xfe,0x7a,
0x1e,0x83,0xfe,0x7a,0x1e,0x83,0xfe,0x7a,0xfe,0x82,0xfe,0x7a,0xfe,0x82,0xfe,0x82,0xfe,0x82,0xfe,0x82,0xfe,0x82,0xfe,0x82,0xfe,0x82,0xfe,0x82,0xfe,0x82,0xfe,0x82,
0xfe,0x82,0xfe,0x82,0xfe,0x8a,0xfe,0x82,0xfe,0x8a,0xde,0x82,0xfe,0x8a,0xde,0x82,0xfe,0x8a,0xde,0x82,0xfe,0x8a,0xde,0x8a,0xfe,0x8a,0xde,0x8a,0xfe,0x8a,0xde,0x8a,
0xfe,0x8a,0xde,0x8a,0xfe,0x92,0xde,0x8a,0xfe,0x8a,0xde,0x8a,0xfe,0x92,0xde,0x8a,0xfe,0x92,0xde,0x8a,0xde,0x92,0xde,0x8a,0xde,0x92,0xde,0x8a,0xdf,0x92,0xde,0x92,
0xde,0x92,0xde,0x92,0xdf,0x92,0xde,0x92,0xde,0x92,0xde,0x92,0xdf,0x92,0xde,0x92,0xde,0x92,0xde,0x92,0xdf,0x92,0xde,0x92,0xde,0x92,0xde,0x92,0xdf,0x9a,0xde,0x92,
0x1d,0x4c,0x1e,0x54,0x1d,0x4c,0x1e,0x54,0x1d,0x4c,0x1e,0x54,0x1d,0x4c,0x1e,0x54,0xfd,0x4b,0x1e,0x54,0xfd,0x4b,0x1e,0x54,0xfd,0x53,0x1e,0x54,0xfd,0x4b,0xfe,0x53,
0xfd,0x53,0xfe,0x53,0xfd,0x53,0xfe,0x53,0xdd,0x53,0xfe,0x53,0xdd,0x53,0xfe,0x53,0xdd,0x53,0xde,0x53,0xdd,0x53,0xde,0x53,0xdd,0x53,0xde,0x53,0xbd,0x53,0xde,0x53,
0xbd,0x53,0xde,0x5b,0xbd,0x53,0xbe,0x5b,0xbd,0x53,0xbe,0x5b,0xbd,0x53,0xbe,0x5b,0x9d,0x53,0xbe,0x5b,0x9d,0x53,0xbe,0x5b,0x9d,0x53,0x9e,0x5b,0x9d,0x53,0x9e,0x5b,
0x9d,0x5b,0x9e,0x5b,0x7d,0x5b,0x9e,0x5b,0x7d,0x5b,0x7e,0x5b,0x7d,0x5b,0x7e,0x5b,0x7d,0x5b,0x7e,0x5b,0x5d,0x5b,0x7e,0x5b,0x5d,0x5b,0x5e,0x63,0x5d,0x5b,0x5e,0x63,
0x3d,0x5b,0x5e,0x63,0x3d,0x5b,0x5e,0x63,0x3d,0x5b,0x3e,0x63,0x3d,0x5b,0x3e,0x63,0x1d,0x63,0x3e,0x63,0x1d,0x63,0x3e,0x63,0x1d,0x63,0x3e,0x63,0x1d,0x63,0x3e,0x63,
0x1d,0x63,0x3e,0x6b,0x1d,0x63,0x3e,0x6b,0x1d,0x63,0x3e,0x6b,0x1d,0x63,0x1e,0x6b,0x1d,0x6b,0x1e,0x6b,0x1d,0x6b,0x1e,0x6b,0x1d,0x6b,0x1e,0x73,0x1d,0x6b,0x1e,0x73,
0x1d,0x6b,0x1e,0x73,0x1d,0x6b,0x1e,0x73,0xfd,0x72,0x1e,0x73,0xfd,0x72,0x1e,0x73,0xfd,0x72,0x1e,0x73,0xfd,0x72,0x1e,0x73,0xfd,0x72,0x1e,0x7b,0xfd,0x72,0x1e,0x7b,
0xfd,0x72,0x1e,0x7b,0xfd,0x72,0xfe,0x7a,0xfe,0x7a,0xfe,0x7a,0xfd,0x7a,0xfe,0x7a,0xfe,0x7a,0xfe,0x7a,0xfd,0x7a,0xfe,0x7a,0xfe,0x7a,0xfe,0x82,0xfd,0x7a,0xfe,0x82,
0xfe,0x7a,0xfe,0x82,0xfd,0x7a,0xfe,0x82,0xde,0x82,0xfe,0x82,0xdd,0x82,0xfe,0x82,0xde,0x82,0xfe,0x82,0xde,0x82,0xfe,0x82,0xde,0x82,0xfe,0x8a,0xde,0x82,0xfe,0x8a,
0xde,0x82,0xfe,0x8a,0xde,0x82,0xfe,0x8a,0xde,0x8a,0xfe,0x8a,0xde,0x82,0xde,0x8a,0xde,0x8a,0xde,0x8a,0xde,0x8a,0xde,0x8a,0xde,0x8a,0xde,0x8a,0xde,0x8a,0xde,0x8a,
0xde,0x8a,0xde,0x92,0xde,0x8a,0xde,0x92,0xde,0x8a,0xde,0x92,0xde,0x8a,0xde,0x92,0xde,0x8a,0xde,0x92,0xde,0x8a,0xde,0x92,0xde,0x92,0xde,0x92,0xbe,0x8a,0xde,0x92,
0xbe,0x92,0xde,0x92,0xbe,0x92,0xde,0x92,0xbe,0x92,0xde,0x92,0xbe,0x92,0xde,0x92,0x3e,0x54,0x1d,0x54,0x3e,0x54,0x1d,0x4c,0x3e,0x54,0x1d,0x54,0x1e,0x54,0x1d,0x54,
0x1e,0x54,0x1d,0x54,0x1e,0x54,0x1d,0x54,0x1e,0x54,0xfd,0x53,0x1e,0x54,0xfd,0x53,0x1e,0x54,0xfd,0x53,0xfe,0x53,0xfd,0x53,0xfe,0x53,0xfd,0x53,0xfe,0x53,0xdd,0x53,
0xfe,0x5b,0xdd,0x53,0xfe,0x5b,0xdd,0x53,0xfe,0x5b,0xdd,0x53,0xde,0x5b,0xdd,0x53,0xde,0x5b,0xdd,0x53,0xde,0x5b,0xbd,0x53,0xde,0x5b,0xbd,0x53,0xbe,0x5b,0xbd,0x53,
0xbe,0x5b,0xbd,0x5b,0xbe,0x5b,0x9d,0x5b,0xbe,0x5b,0x9d,0x5b,0xbe,0x5b,0x9d,0x5b,0x9e,0x5b,0x9d,0x5b,0x9e,0x5b,0x7d,0x5b,0x9e,0x5b,0x7d,0x5b,0x9e,0x5b,0x7d,0x5b,
0x7e,0x63,0x7d,0x5b,0x7e,0x63,0x5d,0x5b,0x7e,0x63,0x5d,0x5b,0x7e,0x63,0x5d,0x5b,0x5e,0x63,0x5d,0x5b,0x5e,0x63,0x3d,0x5b,0x5e,0x63,0x3d,0x63,0x3e,0x63,0x3d,0x63,
0x3e,0x63,0x3e,0x63,0x3e,0x63,0x3d,0x63,0x3e,0x6b,0x3e,0x63,0x3e,0x6b,0x1d,0x63,0x3e,0x6b,0x1e,0x63,0x3e,0x6b,0x1d,0x63,0x3e,0x6b,0x1e,0x6b,0x3e,0x6b,0x1d,0x6b,
0x3e,0x6b,0x1e,0x6b,0x3e,0x6b,0x1d,0x6b,0x3e,0x73,0x1e,0x6b,0x1e,0x73,0x1e,0x6b,0x1e,0x73,0x1e,0x73,0x1e,0x73,0x1e,0x73,0x1e,0x73,0x1e,0x73,0x1e,0x73,0x1e,0x73,
0x1e,0x7b,0x1e,0x73,0x1e,0x7b,0xfe,0x72,0x1e,0x7b,0xfe,0x72,0x1e,0x7b,0xfe,0x72,0x1e,0x7b,0xfe,0x7a,0x1e,0x7b,0xfe,0x7a,0x1e,0x7b,0xfe,0x7a,0x1e,0x7b,0xfe,0x7a,
0x1e,0x83,0xfe,0x7a,0x1e,0x83,0xfe,0x7a,0xfe,0x82,0xfe,0x7a,0xfe,0x82,0xfe,0x7a,0xfe,0x82,0xfe,0x82,0xfe,0x82,0xfe,0x82,0xfe,0x82,0xfe,0x82,0xfe,0x82,0xfe,0x82,
0xfe,0x8a,0xfe,0x82,0xfe,0x8a,0xfe,0x82,0xfe,0x8a,0xde,0x82,0xfe,0x8a,0xde,0x82,0xfe,0x8a,0xde,0x8a,0xfe,0x8a,0xde,0x8a,0xfe,0x8a,0xde,0x8a,0xfe,0x8a,0xde,0x8a,
0xfe,0x8a,0xde,0x8a,0xfe,0x8a,0xde,0x8a,0xfe,0x92,0xde,0x8a,0xfe,0x92,0xde,0x8a,0xde,0x92,0xde,0x8a,0xde,0x92,0xde,0x8a,0xdf,0x92,0xde,0x92,0xde,0x92,0xde,0x92,
0xdf,0x92,0xde,0x92,0xde,0x92,0xde,0x92,0xdf,0x92,0xde,0x92,0xde,0x92,0xde,0x92,0xdf,0x92,0xde,0x92,0xde,0x92,0xde,0x92,0xdf,0x9a,0xde,0x92,0xde,0x9a,0xde,0x92,
0x1d,0x4c,0x3e,0x54,0x1d,0x4c,0x1e,0x54,0x1d,0x4c,0x1e,0x54,0x1d,0x4c,0x1e,0x54,0x1d,0x4c,0x1e,0x54,0xfd,0x4b,0x1e,0x54,0xfd,0x4b,0x1e,0x54,0xfd,0x53,0x1e,0x54,
0xfd,0x4b,0xfe,0x53,0xfd,0x53,0xfe,0x53,0xfd,0x53,0xfe,0x53,0xdd,0x53,0xfe,0x53,0xdd,0x53,0xfe,0x53,0xdd,0x53,0xde,0x53,0xdd,0x53,0xde,0x53,0xdd,0x53,0xde,0x5b,
0xbd,0x53,0xde,0x53,0xbd,0x53,0xde,0x5b,0xbd,0x53,0xbe,0x5b,0xbd,0x53,0xbe,0x5b,0xbd,0x53,0xbe,0x5b,0x9d,0x53,0xbe,0x5b,0x9d,0x53,0xbe,0x5b,0x9d,0x53,0x9e,0x5b,
0x9d,0x53,0x9e,0x5b,0x7d,0x5b,0x9e,0x5b,0x7d,0x5b,0x9e,0x5b,0x7d,0x5b,0x7e,0x5b,0x7d,0x5b,0x7e,0x5b,0x5d,0x5b,0x7e,0x5b,0x5d,0x5b,0x5e,0x5b,0x5d,0x5b,0x5e,0x63,
0x5d,0x5b,0x5e,0x63,0x3d,0x5b,0x5e,0x63,0x3d,0x5b,0x3e,0x63,0x3d,0x5b,0x3e,0x63,0x1d,0x5b,0x3e,0x63,0x1d,0x63,0x3e,0x63,0x1d,0x63,0x3e,0x63,0x1d,0x63,0x3e,0x6b,
0x1d,0x63,0x3e,0x6b,0x1d,0x63,0x3e,0x6b,0x1d,0x63,0x3e,0x6b,0x1d,0x6b,0x1e,0x6b,0x1d,0x6b,0x1e,0x6b,0x1d,0x6b,0x1e,0x6b,0x1d,0x6b,0x1e,0x6b,0x1d,0x6b,0x1e,0x73,
0x1d,0x6b,0x1e,0x73,0x1d,0x6b,0x1e,0x73,0xfd,0x6a,0x1e,0x73,0xfd,0x72,0x1e,0x73,0xfd,0x72,0x1e,0x73,0xfd,0x72,0x1e,0x7b,0xfd,0x72,0x1e,0x7b,0xfd,0x72,0x1e,0x7b,
0xfd,0x72,0x1e,0x7b,0xfe,0x7a,0xfe,0x7a,0xfd,0x7a,0xfe,0x7a,0xfe,0x7a,0xfe,0x7a,0xfd,0x7a,0xfe,0x7a,0xfe,0x7a,0xfe,0x82,0xfd,0x7a,0xfe,0x82,0xfe,0x7a,0xfe,0x82,
0xfd,0x7a,0xfe,0x82,0xde,0x82,0xfe,0x82,0xdd,0x82,0xfe,0x82,0xde,0x82,0xfe,0x82,0xde,0x82,0xfe,0x82,0xde,0x82,0xfe,0x8a,0xde,0x82,0xfe,0x8a,0xde,0x82,0xfe,0x8a,
0xde,0x82,0xfe,0x8a,0xde,0x82,0xfe,0x8a,0xde,0x82,0xde,0x8a,0xde,0x8a,0xde,0x8a,0xde,0x8a,0xde,0x8a,0xde,0x8a,0xde,0x8a,0xde,0x8a,0xde,0x8a,0xde,0x8a,0xde,0x92,
0xde,0x8a,0xde,0x92,0xde,0x8a,0xde,0x92,0xde,0x8a,0xde,0x92,0xde,0x8a,0xde,0x92,0xde,0x8a,0xde,0x92,0xde,0x92,0xde,0x92,0xbe,0x8a,0xde,0x92,0xbe,0x92,0xde,0x92,
0xbe,0x92,0xde,0x92,0xbe,0x92,0xde,0x92,0xbe,0x92,0xde,0x92,0xbe,0x92,0xde,0x9a,0x3e,0x54,0x1d,0x4c,0x3e,0x54,0x1d,0x54,0x3e,0x54,0x1d,0x4c,0x3e,0x54,0x1d,0x54,
0x1e,0x54,0x1d,0x54,0x1e,0x54,0x1d,0x54,0x1e,0x54,0xfd,0x53,0x1e,0x54,0xfd,0x53,0x1e,0x54,0xfd,0x53,0x1e,0x54,0xfd,0x53,0xfe,0x53,0xfd,0x53,0xfe,0x53,0xfd,0x53,
0xfe,0x53,0xdd,0x53,0xfe,0x5b,0xdd,0x53,0xfe,0x5b,0xdd,0x53,0xde,0x5b,0xdd,0x53,0xde,0x5b,0xdd,0x53,0xde,0x5b,0xbd,0x53,0xde,0x5b,0xbd,0x53,0xde,0x5b,0xbd,0x53,
0xbe,0x5b,0xbd,0x53,0xbe,0x5b,0xbd,0x5b,0xbe,0x5b,0x9d,0x5b,0xbe,0x5b,0x9d,0x5b,0x9e,0x5b,0x9d,0x5b,0x9e,0x5b,0x9d,0x5b,0x9e,0x5b,0x7d,0x5b,0x9e,0x63,0x7d,0x5b,
0x7e,0x5b,0x7d,0x5b,0x7e,0x63,0x7d,0x5b,0x7e,0x63,0x5d,0x5b,0x7e,0x63,0x5d,0x5b,0x5e,0x63,0x5d,0x5b,0x5e,0x63,0x3d,0x63,0x5e,0x63,0x3d,0x63,0x3e,0x63,0x3d,0x63,
0x3e,0x63,0x3d,0x63,0x3e,0x63,0x3e,0x63,0x3e,0x63,0x3d,0x63,0x3e,0x6b,0x1e,0x63,0x3e,0x6b,0x1d,0x63,0x3e,0x6b,0x1e,0x6b,0x3e,0x6b,0x1d,0x6b,0x3e,0x6b,0x1e,0x6b,
0x3e,0x6b,0x1d,0x6b,0x3e,0x73,0x1e,0x6b,0x3e,0x73,0x1e,0x6b,0x1e,0x73,0x1e,0x6b,0x1e,0x73,0x1e,0x6b,0x1e,0x73,0x1e,0x73,0x1e,0x73,0x1e,0x73,0x1e,0x73,0x1e,0x73,
0x1e,0x73,0x1e,0x73,0x1e,0x7b,0xfe,0x72,0x1e,0x7b,0xfe,0x72,0x1e,0x7b,0xfe,0x7a,0x1e,0x7b,0xfe,0x7a,0x1e,0x7b,0xfe,0x7a,0x1e,0x7b,0xfe,0x7a,0x1e,0x83,0xfe,0x7a,
0x1e,0x83,0xfe,0x7a,0xfe,0x82,0xfe,0x7a,0xfe,0x82,0xfe,0x7a,0xfe,0x82,0xfe,0x82,0xfe,0x82,0xfe,0x82,0xfe,0x82,0xfe,0x82,0xfe,0x82,0xfe,0x82,0xfe,0x8a,0xfe,0x82,
0xfe,0x8a,0xfe,0x82,0xfe,0x8a,0xde,0x82,0xfe,0x8a,0xde,0x82,0xfe,0x8a,0xde,0x8a,0xfe,0x8a,0xde,0x8a,0xfe,0x8a,0xde,0x8a,0xfe,0x8a,0xde,0x8a,0xfe,0x8a,0xde,0x8a,
0xfe,0x8a,0xde,0x8a,0xfe,0x92,0xde,0x8a,0xfe,0x92,0xde,0x8a,0xfe,0x92,0xde,0x8a,0xde,0x92,0xde,0x8a,0xdf,0x92,0xde,0x92,0xde,0x92,0xde,0x92,0xdf,0x92,0xde,0x92,
0xde,0x92,0xde,0x92,0xdf,0x92,0xde,0x92,0xde,0x92,0xde,0x92,0xdf,0x92,0xde,0x92,0xde,0x92,0xde,0x92,0xdf,0x9a,0xde,0x92,0xde,0x9a,0xde,0x92,0xdf,0x9a,0xde,0x92,
0x1d,0x4c,0x3e,0x54,0x1d,0x4c,0x3e,0x54,0x1d,0x4c,0x1e,0x54,0x1d,0x4c,0x1e,0x54,0x1d,0x4c,0x1e,0x54,0x1d,0x4c,0x1e,0x54,0xfd,0x4b,0x1e,0x54,0xfd,0x4b,0x1e,0x54,
0xfd,0x53,0xfe,0x53,0xfd,0x4b,0xfe,0x53,0xfd,0x53,0xfe,0x53,0xfd,0x53,0xfe,0x53,0xdd,0x53,0xfe,0x53,0xdd,0x53,0xfe,0x53,0xdd,0x53,0xde,0x53,0xdd,0x53,0xde,0x53,
0xdd,0x53,0xde,0x5b,0xbd,0x53,0xde,0x53,0xbd,0x53,0xde,0x5b,0xbd,0x53,0xbe,0x5b,0xbd,0x53,0xbe,0x5b,0x9d,0x53,0xbe,0x5b,0x9d,0x53,0xbe,0x5b,0x9d,0x53,0x9e,0x5b,
0x9d,0x5b,0x9e,0x5b,0x9d,0x53,0x9e,0x5b,0x7d,0x5b,0x9e,0x5b,0x7d,0x5b,0x7e,0x5b,0x7d,0x5b,0x7e,0x5b,0x5d,0x5b,0x7e,0x5b,0x5d,0x5b,0x7e,0x63,0x5d,0x5b,0x5e,0x5b,
0x5d,0x5b,0x5e,0x63,0x3d,0x5b,0x5e,0x63,0x3d,0x5b,0x3e,0x63,0x3d,0x5b,0x3e,0x63,0x1d,0x63,0x3e,0x63,0x1d,0x63,0x3e,0x63,0x1d,0x63,0x3e,0x63,0x1d,0x63,0x3e,0x63,
0x1d,0x63,0x3e,0x6b,0x1d,0x63,0x3e,0x6b,0x1d,0x63,0x3e,0x6b,0x1d,0x63,0x1e,0x6b,0x1d,0x6b,0x1e,0x6b,0x1d,0x6b,0x1e,0x6b,0x1d,0x6b,0x1e,0x73,0x1d,0x6b,0x1e,0x73,
0x1d,0x6b,0x1e,0x73,0x1d,0x6b,0x1e,0x73,0xfd,0x72,0x1e,0x73,0xfd,0x72,0x1e,0x73,0xfd,0x72,0x1e,0x73,0xfd,0x72,0x1e,0x73,0xfd,0x72,0x1e,0x7b,0xfd,0x72,0x1e,0x7b,
0xfe,0x72,0x1e,0x7b,0xfd,0x72,0xfe,0x7a,0xfe,0x7a,0xfe,0x7a,0xfd,0x7a,0xfe,0x7a,0xfe,0x7a,0xfe,0x82,0xfd,0x7a,0xfe,0x82,0xfe,0x7a,0xfe,0x82,0xfd,0x7a,0xfe,0x82,
0xfe,0x82,0xfe,0x82,0xdd,0x82,0xfe,0x82,0xde,0x82,0xfe,0x82,0xde,0x82,0xfe,0x82,0xde,0x82,0xfe,0x8a,0xde,0x82,0xfe,0x8a,0xde,0x82,0xfe,0x8a,0xde,0x82,0xfe,0x8a,
0xde,0x82,0xfe,0x8a,0xde,0x82,0xde,0x8a,0xde,0x8a,0xde,0x8a,0xde,0x8a,0xde,0x8a,0xde,0x8a,0xde,0x8a,0xde,0x8a,0xde,0x8a,0xde,0x8a,0xde,0x92,0xde,0x8a,0xde,0x92,
0xde,0x8a,0xde,0x92,0xde,0x8a,0xde,0x92,0xde,0x8a,0xde,0x92,0xde,0x8a,0xde,0x92,0xde,0x92,0xde,0x92,0xbe,0x8a,0xde,0x92,0xbe,0x92,0xde,0x92,0xbe,0x92,0xde,0x92,
0xbe,0x92,0xde,0x92,0xbe,0x92,0xde,0x92,0xbe,0x92,0xde,0x9a,0xbe,0x92,0xde,0x92,0x3e,0x54,0x3d,0x4c,0x3e,0x54,0x1d,0x4c,0x3e,0x54,0x1d,0x54,0x3e,0x54,0x1d,0x4c,
0x3e,0x54,0x1d,0x54,0x1e,0x54,0x1d,0x54,0x1e,0x54,0x1d,0x54,0x1e,0x54,0xfd,0x53,0x1e,0x54,0xfd,0x53,0x1e,0x54,0xfd,0x53,0x1e,0x54,0xfd,0x53,0xfe,0x53,0xfd,0x53,
0xfe,0x53,0xfd,0x53,0xfe,0x53,0xdd,0x53,0xfe,0x5b,0xdd,0x53,0xfe,0x5b,0xdd,0x53,0xde,0x5b,0xdd,0x53,0xde,0x5b,0xdd,0x53,0xde,0x5b,0xbd,0x53,0xde,0x5b,0xbd,0x53,
0xde,0x5b,0xbd,0x5b,0xbe,0x5b,0xbd,0x53,0xbe,0x5b,0x9d,0x5b,0xbe,0x5b,0x9d,0x5b,0xbe,0x5b,0x9d,0x5b,0x9e,0x5b,0x9d,0x5b,0x9e,0x5b,0x7d,0x5b,0x9e,0x5b,0x7d,0x5b,
0x9e,0x63,0x7d,0x5b,0x7e,0x63,0x7d,0x5b,0x7e,0x63,0x5d,0x5b,0x7e,0x63,0x5d,0x5b,0x5e,0x63,0x5d,0x5b,0x5e,0x63,0x5d,0x5b,0x5e,0x63,0x3d,0x63,0x5e,0x63,0x3d,0x63,
0x3e,0x63,0x3e,0x63,0x3e,0x63,0x3d,0x63,0x3e,0x6b,0x3e,0x63,0x3e,0x6b,0x3d,0x63,0x3e,0x6b,0x1e,0x63,0x3e,0x6b,0x1d,0x63,0x3e,0x6b,0x1e,0x6b,0x3e,0x6b,0x1d,0x6b,
0x3e,0x6b,0x1e,0x6b,0x3e,0x6b,0x1d,0x6b,0x3e,0x73,0x1e,0x6b,0x1e,0x73,0x1e,0x6b,0x1e,0x73,0x1e,0x73,0x1e,0x73,0x1e,0x73,0x1e,0x73,0x1e,0x73,0x1e,0x73,0x1e,0x73,
0x1e,0x7b,0x1e,0x73,0x1e,0x7b,0xfe,0x72,0x1e,0x7b,0xfe,0x72,0x1e,0x7b,0xfe,0x7a,0x1e,0x7b,0xfe,0x7a,0x1e,0x7b,0xfe,0x7a,0x1e,0x7b,0xfe,0x7a,0x1e,0x83,0xfe,0x7a,
0x1e,0x83,0xfe,0x7a,0xfe,0x82,0xfe,0x7a,0xfe,0x82,0xfe,0x82,0xfe,0x82,0xfe,0x82,0xfe,0x82,0xfe,0x82,0xfe,0x82,0xfe,0x82,0xfe,0x8a,0xfe,0x82,0xfe,0x8a,0xfe,0x82,
0xfe,0x8a,0xde,0x82,0xfe,0x8a,0xde,0x82,0xfe,0x8a,0xde,0x8a,0xfe,0x8a,0xde,0x8a,0xfe,0x8a,0xde,0x8a,0xfe,0x8a,0xde,0x8a,0xfe,0x8a,0xde,0x8a,0xfe,0x8a,0xde,0x8a,
0xfe,0x92,0xde,0x8a,0xfe,0x92,0xde,0x8a,0xfe,0x92,0xde,0x8a,0xde,0x92,0xde,0x8a,0xde,0x92,0xde,0x92,0xde,0x92,0xde,0x8a,0xdf,0x92,0xde,0x92,0xde,0x92,0xde,0x92,
0xdf,0x92,0xde,0x92,0xde,0x92,0xde,0x92,0xdf,0x92,0xde,0x92,0xde,0x92,0xde,0x92,0xdf,0x9a,0xde,0x92,0xde,0x9a,0xde,0x92,0xdf,0x9a,0xde,0x92,0xde,0x9a,0xbe,0x92,
0x1d,0x4c,0x3e,0x54,0x1d,0x4c,0x3e,0x54,0x1d,0x4c,0x3e,0x54,0x1d,0x4c,0x1e,0x54,0x1d,0x4c,0x1e,0x54,0x1d,0x4c,0x1e,0x54,0x1d,0x4c,0x1e,0x54,0xfd,0x4b,0x1e,0x54,
0xfd,0x4b,0x1e,0x54,0xfd,0x53,0xfe,0x53,0xfd,0x4b,0xfe,0x53,0xfd,0x53,0xfe,0x53,0xfd,0x53,0xfe,0x53,0xdd,0x53,0xfe,0x53,0xdd,0x53,0xfe,0x53,0xdd,0x53,0xde,0x53,
0xdd,0x53,0xde,0x53,0xdd,0x53,0xde,0x5b,0xbd,0x53,0xde,0x53,0xbd,0x53,0xbe,0x5b,0xbd,0x53,0xbe,0x5b,0xbd,0x53,0xbe,0x5b,0x9d,0x53,0xbe,0x5b,0x9d,0x53,0xbe,0x5b,
0x9d,0x53,0x9e,0x5b,0x9d,0x5b,0x9e,0x5b,0x7d,0x5b,0x9e,0x5b,0x7d,0x5b,0x9e,0x5b,0x7d,0x5b,0x7e,0x5b,0x7d,0x5b,0x7e,0x5b,0x5d,0x5b,0x7e,0x5b,0x5d,0x5b,0x5e,0x63,
0x5d,0x5b,0x5e,0x63,0x3d,0x5b,0x5e,0x63,0x3d,0x5b,0x5e,0x63,0x3d,0x5b,0x3e,0x63,0x3d,0x5b,0x3e,0x63,0x1d,0x63,0x3e,0x63,0x1d,0x63,0x3e,0x63,0x1d,0x63,0x3e,0x63,
0x1d,0x63,0x3e,0x6b,0x1d,0x63,0x3e,0x6b,0x1d,0x63,0x3e,0x6b,0x1d,0x6b,0x1e,0x6b,0x1d,0x6b,0x1e,0x6b,0x1d,0x6b,0x1e,0x6b,0x1d,0x6b,0x1e,0x6b,0x1d,0x6b,0x1e,0x73,
0x1d,0x6b,0x1e,0x73,0x1d,0x6b,0x1e,0x73,0xfd,0x6a,0x1e,0x73,0xfd,0x72,0x1e,0x73,0xfd,0x72,0x1e,0x73,0xfd,0x72,0x1e,0x7b,0xfd,0x72,0x1e,0x7b,0xfd,0x72,0x1e,0x7b,
0xfd,0x72,0xfe,0x7a,0xfe,0x7a,0xfe,0x7a,0xfd,0x7a,0xfe,0x7a,0xfe,0x7a,0xfe,0x7a,0xfd,0x7a,0xfe,0x7a,0xfe,0x7a,0xfe,0x82,0xfd,0x7a,0xfe,0x82,0xfe,0x7a,0xfe,0x82,
0xdd,0x7a,0xfe,0x82,0xde,0x82,0xfe,0x82,0xdd,0x82,0xfe,0x82,0xde,0x82,0xfe,0x82,0xde,0x82,0xfe,0x82,0xde,0x82,0xfe,0x8a,0xde,0x82,0xfe,0x8a,0xde,0x82,0xfe,0x8a,
0xde,0x82,0xfe,0x8a,0xde,0x8a,0xde,0x8a,0xde,0x8a,0xde,0x8a,0xde,0x8a,0xde,0x8a,0xde,0x8a,0xde,0x8a,0xde,0x8a,0xde,0x92,0xde,0x8a,0xde,0x92,0xde,0x8a,0xde,0x92,
0xde,0x8a,0xde,0x92,0xde,0x8a,0xde,0x92,0xde,0x8a,0xde,0x92,0xde,0x92,0xde,0x92,0xbe,0x8a,0xde,0x92,0xbe,0x92,0xde,0x92,0xbe,0x92,0xde,0x92,0xbe,0x92,0xde,0x92,
0xbe,0x92,0xde,0x92,0xbe,0x92,0xde,0x9a,0xbe,0x92,0xde,0x92,0xbe,0x92,0xde,0x9a,0x3e,0x54,0x3d,0x4c,0x3e,0x54,0x3d,0x4c,0x3e,0x54,0x1d,0x4c,0x3e,0x54,0x1d,0x54,
0x3e,0x54,0x1d,0x4c,0x3e,0x54,0x1d,0x54,0x1e,0x54,0x1d,0x54,0x1e,0x54,0x1d,0x54,0x1e,0x54,0xfd,0x53,0x1e,0x54,0xfd,0x53,0x1e,0x54,0xfd,0x53,0x1e,0x54,0xfd,0x53,
0xfe,0x53,0xfd,0x53,0xfe,0x53,0xfd,0x53,0xfe,0x53,0xdd,0x53,0xfe,0x5b,0xdd,0x53,0xfe,0x5b,0xdd,0x53,0xde,0x5b,0xdd,0x53,0xde,0x5b,0xdd,0x53,0xde,0x5b,0xbd,0x53,
0xde,0x5b,0xbd,0x53,0xbe,0x5b,0xbd,0x5b,0xbe,0x5b,0xbd,0x53,0xbe,0x5b,0x9d,0x5b,0xbe,0x5b,0x9d,0x5b,0x9e,0x5b,0x9d,0x5b,0x9e,0x5b,0x9d,0x5b,0x9e,0x5b,0x7d,0x5b,
0x9e,0x5b,0x7d,0x5b,0x7e,0x63,0x7d,0x5b,0x7e,0x63,0x5d,0x5b,0x7e,0x63,0x5d,0x5b,0x7e,0x63,0x5d,0x5b,0x5e,0x63,0x5d,0x5b,0x5e,0x63,0x3d,0x5b,0x5e,0x63,0x3d,0x63,
0x3e,0x63,0x3d,0x63,0x3e,0x63,0x3e,0x63,0x3e,0x63,0x3d,0x63,0x3e,0x6b,0x3e,0x63,0x3e,0x6b,0x1d,0x63,0x3e,0x6b,0x1e,0x6b,0x3e,0x6b,0x1d,0x6b,0x3e,0x6b,0x1e,0x6b,
0x3e,0x6b,0x1d,0x6b,0x3e,0x73,0x1e,0x6b,0x3e,0x73,0x1e,0x6b,0x1e,0x73,0x1e,0x6b,0x1e,0x73,0x1e,0x6b,0x1e,0x73,0x1e,0x73,0x1e,0x73,0x1e,0x73,0x1e,0x73,0x1e,0x73,
0x1e,0x7b,0x1e,0x73,0x1e,0x7b,0xfe,0x72,0x1e,0x7b,0xfe,0x72,0x1e,0x7b,0xfe,0x7a,0x1e,0x7b,0xfe,0x7a,0x1e,0x7b,0xfe,0x7a,0x1e,0x7b,0xfe,0x7a,0x1e,0x83,0xfe,0x7a,
0xfe,0x82,0xfe,0x7a,0xfe,0x82,0xfe,0x82,0xfe,0x82,0xfe,0x82,0xfe,0x82,0xfe,0x82,0xfe,0x82,0xfe,0x82,0xfe,0x82,0xfe,0x82,0xfe,0x82,0xfe,0x82,0xfe,0x8a,0xfe,0x82,
0xfe,0x8a,0xde,0x82,0xfe,0x8a,0xde,0x8a,0xfe,0x8a,0xde,0x82,0xfe,0x8a,0xde,0x8a,0xfe,0x8a,0xde,0x8a,0xfe,0x8a,0xde,0x8a,0xfe,0x8a,0xde,0x8a,0xfe,0x92,0xde,0x8a,
0xfe,0x92,0xde,0x8a,0xfe,0x92,0xde,0x8a,0xde,0x92,0xde,0x8a,0xde,0x92,0xde,0x92,0xde,0x92,0xde,0x8a,0xdf,0x92,0xde,0x92,0xde,0x92,0xde,0x92,0xdf,0x92,0xde,0x92,
0xde,0x92,0xde,0x92,0xdf,0x92,0xde,0x92,0xde,0x92,0xde,0x92,0xdf,0x9a,0xde,0x92,0xde,0x9a,0xde,0x92,0xdf,0x9a,0xde,0x92,0xde,0x9a,0xbe,0x92,0xdf,0x9a,0xbe,0x92,
0x3d,0x4c,0x3e,0x54,0x1d,0x4c,0x3e,0x54,0x1d,0x4c,0x3e,0x54,0x1d,0x4c,0x3e,0x54,0x1d,0x4c,0x1e,0x54,0x1d,0x4c,0x1e,0x54,0x1d,0x4c,0x1e,0x54,0x1d,0x4c,0x1e,0x54,
0xfd,0x4b,0x1e,0x54,0xfd,0x4b,0x1e,0x54,0xfd,0x53,0xfe,0x53,0xfd,0x4b,0xfe,0x53,0xfd,0x53,0xfe,0x53,0xdd,0x53,0xfe,0x53,0xdd,0x53,0xfe,0x53,0xdd,0x53,0xde,0x53,
0xdd,0x53,0xde,0x53,0xdd,0x53,0xde,0x53,0xbd,0x53,0xde,0x5b,0xbd,0x53,0xde,0x53,0xbd,0x53,0xbe,0x5b,0xbd,0x53,0xbe,0x5b,0xbd,0x53,0xbe,0x5b,0x9d,0x53,0xbe,0x5b,
0x9d,0x53,0x9e,0x5b,0x9d,0x53,0x9e,0x5b,0x9d,0x5b,0x9e,0x5b,0x7d,0x5b,0x9e,0x5b,0x7d,0x5b,0x7e,0x5b,0x7d,0x5b,0x7e,0x5b,0x5d,0x5b,0x7e,0x5b,0x5d,0x5b,0x7e,0x5b,
0x5d,0x5b,0x5e,0x63,0x5d,0x5b,0x5e,0x63,0x3d,0x5b,0x5e,0x63,0x3d,0x5b,0x3e,0x63,0x3d,0x5b,0x3e,0x63,0x1d,0x5b,0x3e,0x63,0x1d,0x63,0x3e,0x63,0x1d,0x63,0x3e,0x63,
0x1d,0x63,0x3e,0x6b,0x1d,0x63,0x3e,0x6b,0x1d,0x63,0x3e,0x6b,0x1d,0x63,0x1e,0x6b,0x1d,0x6b,0x1e,0x6b,0x1d,0x6b,0x1e,0x6b,0x1d,0x6b,0x1e,0x73,0x1d,0x6b,0x1e,0x73,
0x1d,0x6b,0x1e,0x73,0x1d,0x6b,0x1e,0x73,0xfd,0x72,0x1e,0x73,0xfd,0x72,0x1e,0x73,0xfd,0x72,0x1e,0x73,0xfd,0x72,0x1e,0x7b,0xfd,0x72,0x1e,0x7b,0xfd,0x72,0x1e,0x7b,
0xfe,0x7a,0xfe,0x7a,0xfd,0x7a,0xfe,0x7a,0xfe,0x7a,0xfe,0x7a,0xfd,0x7a,0xfe,0x7a,0xfe,0x7a,0xfe,0x82,0xfd,0x7a,0xfe,0x82,0xfe,0x7a,0xfe,0x82,0xfd,0x7a,0xfe,0x82,
0xde,0x82,0xfe,0x82,0xdd,0x82,0xfe,0x82,0xde,0x82,0xfe,0x82,0xde,0x82,0xfe,0x82,0xde,0x82,0xfe,0x8a,0xde,0x82,0xfe,0x8a,0xde,0x82,0xfe,0x8a,0xde,0x82,0xfe,0x8a,
0xde,0x8a,0xde,0x8a,0xde,0x8a,0xde,0x8a,0xde,0x8a,0xde,0x8a,0xde,0x8a,0xde,0x8a,0xde,0x8a,0xde,0x92,0xde,0x8a,0xde,0x92,0xde,0x8a,0xde,0x92,0xde,0x8a,0xde,0x92,
0xde,0x8a,0xde,0x92,0xde,0x8a,0xde,0x92,0xde,0x92,0xde,0x92,0xbe,0x8a,0xde,0x92,0xbe,0x92,0xde,0x92,0xbe,0x92,0xde,0x92,0xbe,0x92,0xde,0x92,0xbe,0x92,0xde,0x92,
0xbe,0x92,0xde,0x9a,0xbe,0x92,0xde,0x92,0xbe,0x92,0xde,0x9a,0xbe,0x92,0xde,0x9a,0x3e,0x54,0x3d,0x4c,0x3e,0x54,0x3d,0x4c,0x3e,0x54,0x3d,0x4c,0x3e,0x54,0x1d,0x4c,
0x3e,0x54,0x1d,0x4c,0x3e,0x54,0x1d,0x4c,0x3e,0x54,0x1d,0x54,0x1e,0x54,0x1d,0x54,0x1e,0x54,0x1d,0x54,0x1e,0x54,0xfd,0x53,0x1e,0x54,0xfd,0x53,0x1e,0x54,0xfd,0x53,
0x1e,0x54,0xfd,0x53,0xfe,0x53,0xfd,0x53,0xfe,0x53,0xfd,0x53,0xfe,0x53,0xdd,0x53,0xfe,0x5b,0xdd,0x53,0xfe,0x5b,0xdd,0x53,0xde,0x5b,0xdd,0x53,0xde,0x5b,0xbd,0x53,
0xde,0x5b,0xbd,0x53,0xde,0x5b,0xbd,0x53,0xbe,0x5b,0xbd,0x5b,0xbe,0x5b,0x9d,0x5b,0xbe,0x5b,0x9d,0x5b,0xbe,0x5b,0x9d,0x5b,0x9e,0x5b,0x9d,0x5b,0x9e,0x5b,0x7d,0x5b,
0x9e,0x5b,0x7d,0x5b,0x9e,0x5b,0x7d,0x5b,0x7e,0x63,0x7d,0x5b,0x7e,0x63,0x5d,0x5b,0x7e,0x63,0x5d,0x5b,0x5e,0x63,0x5d,0x5b,0x5e,0x63,0x3d,0x63,0x5e,0x63,0x3d,0x63,
0x3e,0x63,0x3d,0x63,0x3e,0x63,0x3d,0x63,0x3e,0x63,0x3e,0x63,0x3e,0x63,0x3d,0x63,0x3e,0x6b,0x1e,0x63,0x3e,0x6b,0x1d,0x63,0x3e,0x6b,0x1e,0x6b,0x3e,0x6b,0x1d,0x6b,
0x3e,0x6b,0x1e,0x6b,0x3e,0x6b,0x1d,0x6b,0x3e,0x73,0x1e,0x6b,0x1e,0x73,0x1e,0x6b,0x1e,0x73,0x1e,0x73,0x1e,0x73,0x1e,0x73,0x1e,0x73,0x1e,0x73,0x1e,0x73,0x1e,0x73,
0x1e,0x7b,0x1e,0x73,0x1e,0x7b,0xfe,0x72,0x1e,0x7b,0xfe,0x7a,0x1e,0x7b,0xfe,0x7a,0x1e,0x7b,0xfe,0x7a,0x1e,0x7b,0xfe,0x7a,0x1e,0x83,0xfe,0x7a,0x1e,0x83,0xfe,0x7a,
0xfe,0x82,0xfe,0x7a,0xfe,0x82,0xfe,0x7a,0xfe,0x82,0xfe,0x82,0xfe,0x82,0xfe,0x82,0xfe,0x82,0xfe,0x82,0xfe,0x82,0xfe,0x82,0xfe,0x8a,0xfe,0x82,0xfe,0x8a,0xde,0x82,
0xfe,0x8a,0xde,0x82,0xfe,0x8a,0xde,0x82,0xfe,0x8a,0xde,0x8a,0xfe,0x8a,0xde,0x8a,0xfe,0x8a,0xde,0x8a,0xfe,0x8a,0xde,0x8a,0xfe,0x92,0xde,0x8a,0xfe,0x92,0xde,0x8a,
0xfe,0x92,0xde,0x8a,0xde,0x92,0xde,0x8a,0xde,0x92,0xde,0x92,0xde,0x92,0xde,0x8a,0xdf,0x92,0xde,0x92,0xde,0x92,0xde,0x92,0xdf,0x92,0xde,0x92,0xde,0x92,0xde,0x92,
0xdf,0x92,0xde,0x92,0xde,0x92,0xde,0x92,0xdf,0x9a,0xde,0x92,0xde,0x9a,0xde,0x92,0xdf,0x9a,0xde,0x92,0xde,0x9a,0xbe,0x92,0xdf,0x9a,0xbe,0x92,0xde,0x9a,0xbe,0x92,
0x3d,0x4c,0x3e,0x4c,0x3d,0x4c,0x3e,0x54,0x3d,0x4c,0x3e,0x54,0x1d,0x4c,0x3e,0x54,0x1d,0x4c,0x3e,0x54,0x1d,0x4c,0x1e,0x54,0x1d,0x4c,0x1e,0x54,0x1d,0x4c,0x1e,0x54,
0x1d,0x4c,0x1e,0x54,0xfd,0x4b,0x1e,0x54,0xfd,0x4b,0x1e,0x54,0xfd,0x53,0xfe,0x53,0xfd,0x4b,0xfe,0x53,0xfd,0x53,0xfe,0x53,0xdd,0x53,0xfe,0x53,0xdd,0x53,0xfe,0x53,
0xdd,0x53,0xde,0x53,0xdd,0x53,0xde,0x53,0xdd,0x53,0xde,0x53,0xbd,0x53,0xde,0x5b,0xbd,0x53,0xde,0x5b,0xbd,0x53,0xbe,0x5b,0xbd,0x53,0xbe,0x5b,0x9d,0x53,0xbe,0x5b,
0x9d,0x53,0xbe,0x5b,0x9d,0x53,0x9e,0x5b,0x9d,0x53,0x9e,0x5b,0x7d,0x5b,0x9e,0x5b,0x7d,0x5b,0x7e,0x5b,0x7d,0x5b,0x7e,0x5b,0x7d,0x5b,0x7e,0x5b,0x5d,0x5b,0x7e,0x63,
0x5d,0x5b,0x5e,0x5b,0x5d,0x5b,0x5e,0x63,0x3d,0x5b,0x5e,0x63,0x3d,0x5b,0x3e,0x63,0x3d,0x5b,0x3e,0x63,0x1d,0x63,0x3e,0x63,0x1d,0x63,0x3e,0x63,0x1d,0x63,0x3e,0x63,
0x1d,0x63,0x3e,0x63,0x1d,0x63,0x3e,0x6b,0x1d,0x63,0x3e,0x6b,0x1d,0x63,0x1e,0x6b,0x1d,0x6b,0x1e,0x6b,0x1d,0x6b,0x1e,0x6b,0x1d,0x6b,0x1e,0x6b,0x1d,0x6b,0x1e,0x73,
0x1d,0x6b,0x1e,0x73,0x1d,0x6b,0x1e,0x73,0xfd,0x6a,0x1e,0x73,0xfd,0x72,0x1e,0x73,0xfd,0x72,0x1e,0x73,0xfd,0x72,0x1e,0x7b,0xfd,0x72,0x1e,0x7b,0xfe,0x72,0x1e,0x7b,
0xfd,0x72,0xfe,0x7a,0xfe,0x7a,0xfe,0x7a,0xfd,0x7a,0xfe,0x7a,0xfe,0x7a,0xfe,0x82,0xfd,0x7a,0xfe,0x82,0xfe,0x7a,0xfe,0x82,0xfd,0x7a,0xfe,0x82,0xfe,0x82,0xfe,0x82,
0xdd,0x82,0xfe,0x82,0xde,0x82,0xfe,0x82,0xde,0x82,0xfe,0x82,0xde,0x82,0xfe,0x8a,0xde,0x82,0xfe,0x8a,0xde,0x82,0xfe,0x8a,0xde,0x82,0xfe,0x8a,0xde,0x8a,0xde,0x8a,
0xde,0x8a,0xde,0x8a,0xde,0x8a,0xde,0x8a,0xde,0x8a,0xde,0x8a,0xde,0x8a,0xde,0x92,0xde,0x8a,0xde,0x8a,0xde,0x8a,0xde,0x92,0xde,0x8a,0xde,0x92,0xde,0x8a,0xde,0x92,
0xde,0x8a,0xde,0x92,0xde,0x92,0xde,0x92,0xbe,0x8a,0xde,0x92,0xbe,0x92,0xde,0x92,0xbe,0x92,0xde,0x92,0xbe,0x92,0xde,0x92,0xbe,0x92,0xde,0x92,0xbe,0x92,0xde,0x9a,
0xbe,0x92,0xde,0x92,0xbe,0x92,0xde,0x9a,0xbe,0x92,0xde,0x9a,0xbe,0x92,0xde,0x9a,0x5e,0x54,0x3d,0x4c,0x3e,0x54,0x3d,0x4c,0x3e,0x54,0x3d,0x4c,0x3e,0x54,0x3d,0x4c,
0x3e,0x54,0x1d,0x4c,0x3e,0x54,0x1d,0x4c,0x3e,0x54,0x1d,0x4c,0x3e,0x54,0x1d,0x54,0x1e,0x54,0x1d,0x54,0x1e,0x54,0x1d,0x54,0x1e,0x54,0xfd,0x53,0x1e,0x54,0xfd,0x53,
0x1e,0x54,0xfd,0x53,0xfe,0x53,0xfd,0x53,0xfe,0x53,0xfd,0x53,0xfe,0x5b,0xdd,0x53,0xfe,0x53,0xdd,0x53,0xfe,0x5b,0xdd,0x53,0xde,0x5b,0xdd,0x53,0xde,0x5b,0xdd,0x53,
0xde,0x5b,0xbd,0x53,0xde,0x5b,0xbd,0x53,0xde,0x5b,0xbd,0x53,0xbe,0x5b,0xbd,0x5b,0xbe,0x5b,0x9d,0x5b,0xbe,0x5b,0x9d,0x5b,0x9e,0x5b,0x9d,0x5b,0x9e,0x5b,0x9d,0x5b,
0x9e,0x5b,0x7d,0x5b,0x9e,0x63,0x7d,0x5b,0x7e,0x5b,0x7d,0x5b,0x7e,0x63,0x5d,0x5b,0x7e,0x63,0x5d,0x5b,0x5e,0x63,0x5d,0x5b,0x5e,0x63,0x3d,0x5b,0x5e,0x63,0x3d,0x63,
0x5e,0x63,0x3d,0x63,0x3e,0x63,0x3e,0x63,0x3e,0x63,0x3d,0x63,0x3e,0x6b,0x3e,0x63,0x3e,0x6b,0x1d,0x63,0x3e,0x6b,0x1e,0x63,0x3e,0x6b,0x1d,0x6b,0x3e,0x6b,0x1e,0x6b,
0x3e,0x6b,0x1d,0x6b,0x3e,0x73,0x1e,0x6b,0x3e,0x73,0x1e,0x6b,0x1e,0x73,0x1e,0x6b,0x1e,0x73,0x1e,0x73,0x1e,0x73,0x1e,0x73,0x1e,0x73,0x1e,0x73,0x1e,0x7b,0x1e,0x73,
0x1e,0x7b,0x1e,0x73,0x1e,0x7b,0xfe,0x72,0x1e,0x7b,0xfe,0x72,0x1e,0x7b,0xfe,0x7a,0x1e,0x7b,0xfe,0x7a,0x1e,0x7b,0xfe,0x7a,0x1e,0x83,0xfe,0x7a,0x1e,0x83,0xfe,0x7a,
0xfe,0x82,0xfe,0x7a,0xfe,0x82,0xfe,0x82,0xfe,0x82,0xfe,0x82,0xfe,0x82,0xfe,0x82,0xfe,0x82,0xfe,0x82,0xfe,0x8a,0xfe,0x82,0xfe,0x8a,0xfe,0x82,0xfe,0x8a,0xde,0x82,
0xfe,0x8a,0xde,0x82,0xfe,0x8a,0xde,0x8a,0xfe,0x8a,0xde,0x8a,0xfe,0x8a,0xde,0x8a,0xfe,0x8a,0xde,0x8a,0xfe,0x92,0xde,0x8a,0xfe,0x92,0xde,0x8a,0xfe,0x92,0xde,0x8a,
0xde,0x92,0xde,0x8a,0xde,0x92,0xde,0x8a,0xde,0x92,0xde,0x8a,0xdf,0x92,0xde,0x92,0xde,0x92,0xde,0x92,0xdf,0x92,0xde,0x92,0xde,0x92,0xde,0x92,0xdf,0x92,0xde,0x92,
0xde,0x92,0xde,0x92,0xdf,0x9a,0xde,0x92,0xde,0x9a,0xde,0x92,0xdf,0x9a,0xde,0x92,0xde,0x9a,0xbe,0x92,0xdf,0x9a,0xbe,0x92,0xde,0x9a,0xbe,0x92,0xdf,0x9a,0xbe,0x9a,
0x3d,0x4c,0x3e,0x4c,0x3d,0x4c,0x3e,0x4c,0x3d,0x4c,0x3e,0x54,0x3d,0x4c,0x3e,0x54,0x1d,0x4c,0x3e,0x54,0x1d,0x4c,0x3e,0x54,0x1d,0x4c,0x1e,0x54,0x1d,0x4c,0x1e,0x54,
0x1d,0x4c,0x1e,0x54,0x1d,0x4c,0x1e,0x54,0xfd,0x4b,0x1e,0x54,0xfd,0x4b,0x1e,0x54,0xfd,0x53,0xfe,0x53,0xfd,0x4b,0xfe,0x53,0xfd,0x53,0xfe,0x53,0xdd,0x53,0xfe,0x53,
0xdd,0x53,0xfe,0x53,0xdd,0x53,0xde,0x53,0xdd,0x53,0xde,0x53,0xdd,0x53,0xde,0x53,0xbd,0x53,0xde,0x5b,0xbd,0x53,0xbe,0x5b,0xbd,0x53,0xbe,0x5b,0xbd,0x53,0xbe,0x5b,
0x9d,0x53,0xbe,0x5b,0x9d,0x53,0x9e,0x5b,0x9d,0x5b,0x9e,0x5b,0x9d,0x53,0x9e,0x5b,0x7d,0x5b,0x9e,0x5b,0x7d,0x5b,0x7e,0x5b,0x7d,0x5b,0x7e,0x5b,0x5d,0x5b,0x7e,0x5b,
0x5d,0x5b,0x5e,0x63,0x5d,0x5b,0x5e,0x63,0x3d,0x5b,0x5e,0x63,0x3d,0x5b,0x3e,0x63,0x3d,0x5b,0x3e,0x63,0x1d,0x5b,0x3e,0x63,0x1d,0x63,0x3e,0x63,0x1d,0x63,0x3e,0x63,
0x1d,0x63,0x3e,0x6b,0x1d,0x63,0x3e,0x6b,0x1d,0x63,0x3e,0x6b,0x1d,0x63,0x1e,0x6b,0x1d,0x6b,0x1e,0x6b,0x1d,0x6b,0x1e,0x6b,0x1d,0x6b,0x1e,0x73,0x1d,0x6b,0x1e,0x73,
0x1d,0x6b,0x1e,0x73,0x1d,0x6b,0x1e,0x73,0xfd,0x72,0x1e,0x73,0xfd,0x72,0x1e,0x73,0xfd,0x72,0x1e,0x7b,0xfd,0x72,0x1e,0x7b,0xfd,0x72,0x1e,0x7b,0xfd,0x72,0x1e,0x7b,
0xfe,0x7a,0xfe,0x7a,0xfd,0x7a,0xfe,0x7a,0xfe,0x7a,0xfe,0x7a,0xfd,0x7a,0xfe,0x7a,0xfe,0x7a,0xfe,0x82,0xfd,0x7a,0xfe,0x82,0xfe,0x7a,0xfe,0x82,0xdd,0x7a,0xfe,0x82,
0xde,0x82,0xfe,0x82,0xde,0x82,0xfe,0x82,0xde,0x82,0xfe,0x8a,0xde,0x82,0xfe,0x8a,0xde,0x82,0xfe,0x8a,0xde,0x82,0xfe,0x8a,0xde,0x82,0xfe,0x8a,0xde,0x82,0xde,0x8a,
0xde,0x8a,0xde,0x8a,0xde,0x8a,0xde,0x8a,0xde,0x8a,0xde,0x8a,0xde,0x8a,0xde,0x8a,0xde,0x8a,0xde,0x92,0xde,0x8a,0xde,0x92,0xde,0x8a,0xde,0x92,0xde,0x8a,0xde,0x92,
0xde,0x92,0xde,0x92,0xbe,0x8a,0xde,0x92,0xbe,0x92,0xde,0x92,0xbe,0x92,0xde,0x92,0xbe,0x92,0xde,0x92,0xbe,0x92,0xde,0x92,0xbe,0x92,0xde,0x9a,0xbe,0x92,0xde,0x92,
0xbe,0x92,0xde,0x9a,0xbe,0x92,0xde,0x9a,0xbe,0x92,0xde,0x9a,0xbe,0x92,0xde,0x9a,0x5e,0x54,0x3d,0x4c,0x5e,0x54,0x3d,0x4c,0x5e,0x54,0x3d,0x4c,0x3e,0x54,0x3d,0x4c,
0x3e,0x54,0x3d,0x4c,0x3e,0x54,0x1d,0x4c,0x3e,0x54,0x1d,0x4c,0x3e,0x54,0x1d,0x4c,0x3e,0x54,0x1d,0x54,0x1e,0x54,0x1d,0x54,0x1e,0x54,0x1d,0x54,0x1e,0x54,0xfd,0x53,
0x1e,0x54,0xfd,0x53,0x1e,0x54,0xfd,0x53,0xfe,0x53,0xfd,0x53,0xfe,0x53,0xfd,0x53,0xfe,0x5b,0xdd,0x53,0xfe,0x53,0xdd,0x53,0xfe,0x5b,0xdd,0x53,0xde,0x5b,0xdd,0x53,
0xde,0x5b,0xdd,0x53,0xde,0x5b,0xbd,0x53,0xde,0x5b,0xbd,0x53,0xbe,0x5b,0xbd,0x53,0xbe,0x5b,0xbd,0x5b,0xbe,0x5b,0x9d,0x5b,0xbe,0x5b,0x9d,0x5b,0x9e,0x5b,0x9d,0x5b,
0x9e,0x5b,0x7d,0x5b,0x9e,0x5b,0x7d,0x5b,0x7e,0x63,0x7d,0x5b,0x7e,0x63,0x7d,0x5b,0x7e,0x63,0x5d,0x5b,0x7e,0x63,0x5d,0x5b,0x5e,0x63,0x5d,0x5b,0x5e,0x63,0x3d,0x5b,
0x5e,0x63,0x3d,0x63,0x3e,0x63,0x3d,0x63,0x3e,0x63,0x3e,0x63,0x3e,0x63,0x3d,0x63,0x3e,0x6b,0x1e,0x63,0x3e,0x6b,0x1d,0x63,0x3e,0x6b,0x1e,0x6b,0x3e,0x6b,0x1d,0x6b,
0x3e,0x6b,0x1e,0x6b,0x3e,0x6b,0x1d,0x6b,0x3e,0x73,0x1e,0x6b,0x1e,0x73,0x1e,0x6b,0x1e,0x73,0x1e,0x73,0x1e,0x73,0x1e,0x73,0x1e,0x73,0x1e,0x73,0x1e,0x73,0x1e,0x73,
0x1e,0x7b,0xfe,0x72,0x1e,0x7b,0xfe,0x72,0x1e,0x7b,0xfe,0x7a,0x1e,0x7b,0xfe,0x7a,0x1e,0x7b,0xfe,0x7a,0x1e,0x7b,0xfe,0x7a,0x1e,0x83,0xfe,0x7a,0xfe,0x82,0xfe,0x7a,
0xfe,0x82,0xfe,0x82,0xfe,0x82,0xfe,0x82,0xfe,0x82,0xfe,0x82,0xfe,0x82,0xfe,0x82,0xfe,0x8a,0xfe,0x82,0xfe,0x8a,0xfe,0x82,0xfe,0x8a,0xde,0x82,0xfe,0x8a,0xde,0x82,
0xfe,0x8a,0xde,0x8a,0xfe,0x8a,0xde,0x8a,0xfe,0x8a,0xde,0x8a,0xfe,0x8a,0xde,0x8a,0xfe,0x92,0xde,0x8a,0xfe,0x8a,0xde,0x8a,0xfe,0x92,0xde,0x8a,0xfe,0x92,0xde,0x8a,
0xde,0x92,0xde,0x8a,0xde,0x92,0xde,0x8a,0xdf,0x92,0xde,0x92,0xde,0x92,0xde,0x92,0xdf,0x92,0xde,0x92,0xde,0x92,0xde,0x92,0xdf,0x92,0xde,0x92,0xde,0x92,0xde,0x92,
0xdf,0x9a,0xde,0x92,0xde,0x9a,0xde,0x92,0xdf,0x9a,0xde,0x92,0xde,0x9a,0xbe,0x92,0xdf,0x9a,0xbe,0x92,0xde,0x9a,0xbe,0x92,0xdf,0x9a,0xbe,0x9a,0xde,0x9a,0xbe,0x9a,
0x3d,0x4c,0x5e,0x4c,0x3d,0x4c,0x3e,0x4c,0x3d,0x4c,0x3e,0x4c,0x3d,0x4c,0x3e,0x54,0x3d,0x4c,0x3e,0x4c,0x1d,0x4c,0x3e,0x54,0x1d,0x4c,0x3e,0x54,0x1d,0x4c,0x1e,0x54,
0x1d,0x4c,0x1e,0x54,0x1d,0x4c,0x1e,0x54,0x1d,0x4c,0x1e,0x54,0xfd,0x4b,0x1e,0x54,0xfd,0x4b,0x1e,0x54,0xfd,0x53,0xfe,0x53,0xfd,0x4b,0xfe,0x53,0xfd,0x53,0xfe,0x53,
0xdd,0x53,0xfe,0x53,0xdd,0x53,0xfe,0x53,0xdd,0x53,0xde,0x53,0xdd,0x53,0xde,0x53,0xbd,0x53,0xde,0x53,0xbd,0x53,0xde,0x5b,0xbd,0x53,0xbe,0x5b,0xbd,0x53,0xbe,0x5b,
0x9d,0x53,0xbe,0x5b,0x9d,0x53,0xbe,0x5b,0x9d,0x53,0x9e,0x5b,0x9d,0x5b,0x9e,0x5b,0x7d,0x5b,0x9e,0x5b,0x7d,0x5b,0x7e,0x5b,0x7d,0x5b,0x7e,0x5b,0x7d,0x5b,0x7e,0x5b,
0x5d,0x5b,0x7e,0x5b,0x5d,0x5b,0x5e,0x63,0x5d,0x5b,0x5e,0x63,0x3d,0x5b,0x5e,0x63,0x3d,0x5b,0x3e,0x63,0x3d,0x5b,0x3e,0x63,0x1d,0x63,0x3e,0x63,0x1d,0x63,0x3e,0x63,
0x1d,0x63,0x3e,0x63,0x1d,0x63,0x3e,0x6b,0x1d,0x63,0x3e,0x6b,0x1d,0x63,0x1e,0x6b,0x1d,0x6b,0x1e,0x6b,0x1d,0x6b,0x1e,0x6b,0x1d,0x6b,0x1e,0x6b,0x1d,0x6b,0x1e,0x73,
0x1d,0x6b,0x1e,0x73,0x1d,0x6b,0x1e,0x73,0xfd,0x72,0x1e,0x73,0xfd,0x72,0x1e,0x73,0xfd,0x72,0x1e,0x73,0xfd,0x72,0x1e,0x7b,0xfd,0x72,0x1e,0x7b,0xfe,0x72,0xfe,0x7a,
0xfd,0x7a,0xfe,0x7a,0xfe,0x7a,0xfe,0x7a,0xfd,0x7a,0xfe,0x7a,0xfe,0x7a,0xfe,0x82,0xfd,0x7a,0xfe,0x82,0xfe,0x7a,0xfe,0x82,0xfd,0x7a,0xfe,0x82,0xde,0x82,0xfe,0x82,
0xde,0x82,0xfe,0x82,0xde,0x82,0xfe,0x8a,0xde,0x82,0xfe,0x8a,0xde,0x82,0xfe,0x8a,0xde,0x82,0xfe,0x8a,0xde,0x82,0xfe,0x8a,0xde,0x82,0xde,0x8a,0xde,0x8a,0xde,0x8a,
0xde,0x8a,0xde,0x8a,0xde,0x8a,0xde,0x8a,0xde,0x8a,0xde,0x8a,0xde,0x8a,0xde,0x92,0xde,0x8a,0xde,0x92,0xde,0x8a,0xde,0x92,0xde,0x8a,0xde,0x92,0xde,0x92,0xde,0x92,
0xbe,0x8a,0xde,0x92,0xbe,0x92,0xde,0x92,0xbe,0x92,0xde,0x92,0xbe,0x92,0xde,0x92,0xbe,0x92,0xde,0x92,0xbe,0x92,0xde,0x9a,0xbe,0x92,0xde,0x9a,0xbe,0x92,0xde,0x9a,
0xbe,0x92,0xde,0x9a,0xbe,0x92,0xde,0x9a,0xbe,0x92,0xde,0x9a,0xbe,0x92,0xde,0x9a,0x5e,0x54,0x3d,0x4c,0x5e,0x54,0x3d,0x4c,0x5e,0x54,0x3d,0x4c,0x5e,0x54,0x3d,0x4c,
0x3e,0x54,0x3d,0x4c,0x3e,0x54,0x3d,0x4c,0x3e,0x54,0x3d,0x4c,0x3e,0x54,0x1d,0x4c,0x3e,0x54,0x1d,0x4c,0x3e,0x54,0x1d,0x54,0x1e,0x54,0x1d,0x54,0x1e,0x54,0x1d,0x54,
0x1e,0x54,0xfd,0x53,0x1e,0x54,0xfd,0x53,0x1e,0x54,0xfd,0x53,0xfe,0x53,0xfd,0x53,0xfe,0x53,0xfd,0x53,0xfe,0x5b,0xdd,0x53,0xfe,0x53,0xdd,0x53,0xfe,0x5b,0xdd,0x53,
0xde,0x5b,0xdd,0x53,0xde,0x5b,0xbd,0x53,0xde,0x5b,0xbd,0x53,0xde,0x5b,0xbd,0x53,0xbe,0x5b,0xbd,0x53,0xbe,0x5b,0x9d,0x5b,0xbe,0x5b,0x9d,0x5b,0xbe,0x5b,0x9d,0x5b,
0x9e,0x5b,0x9d,0x5b,0x9e,0x5b,0x7d,0x5b,0x9e,0x5b,0x7d,0x5b,0x7e,0x63,0x7d,0x5b,0x7e,0x63,0x5d,0x5b,0x7e,0x63,0x5d,0x5b,0x5e,0x63,0x5d,0x5b,0x5e,0x63,0x3d,0x63,
0x5e,0x63,0x3d,0x63,0x3e,0x63,0x3e,0x63,0x3e,0x63,0x3d,0x63,0x3e,0x6b,0x3e,0x63,0x3e,0x6b,0x1d,0x63,0x3e,0x6b,0x1e,0x63,0x3e,0x6b,0x1d,0x6b,0x3e,0x6b,0x1e,0x6b,
0x3e,0x6b,0x1d,0x6b,0x3e,0x73,0x1e,0x6b,0x3e,0x73,0x1e,0x6b,0x1e,0x73,0x1e,0x6b,0x1e,0x73,0x1e,0x73,0x1e,0x73,0x1e,0x73,0x1e,0x73,0x1e,0x73,0x1e,0x7b,0x1e,0x73,
0x1e,0x7b,0xfe,0x72,0x1e,0x7b,0xfe,0x7a,0x1e,0x7b,0xfe,0x7a,0x1e,0x7b,0xfe,0x7a,0x1e,0x7b,0xfe,0x7a,0x1e,0x83,0xfe,0x7a,0x1e,0x83,0xfe,0x7a,0xfe,0x82,0xfe,0x7a,
0xfe,0x82,0xfe,0x7a,0xfe,0x82,0xfe,0x82,0xfe,0x82,0xfe,0x82,0xfe,0x82,0xfe,0x82,0xfe,0x82,0xfe,0x82,0xfe,0x8a,0xfe,0x82,0xfe,0x8a,0xde,0x82,0xfe,0x8a,0xde,0x8a,
0xfe,0x8a,0xde,0x8a,0xfe,0x8a,0xde,0x8a,0xfe,0x8a,0xde,0x8a,0xfe,0x8a,0xde,0x8a,0xfe,0x8a,0xde,0x8a,0xfe,0x92,0xde,0x8a,0xfe,0x92,0xde,0x8a,0xde,0x92,0xde,0x8a,
0xde,0x92,0xde,0x8a,0xdf,0x92,0xde,0x92,0xde,0x92,0xde,0x92,0xdf,0x92,0xde,0x92,0xde,0x92,0xde,0x92,0xdf,0x92,0xde,0x92,0xde,0x92,0xde,0x92,0xdf,0x9a,0xde,0x92,
0xde,0x9a,0xde,0x92,0xdf,0x9a,0xde,0x92,0xde,0x9a,0xbe,0x92,0xdf,0x9a,0xbe,0x92,0xde,0x9a,0xbe,0x92,0xdf,0x9a,0xbe,0x9a,0xde,0x9a,0xbe,0x9a,0xdf,0x9a,0xbe,0x9a,
0x3d,0x4c,0x5e,0x4c,0x3d,0x4c,0x5e,0x4c,0x3d,0x4c,0x3e,0x4c,0x3d,0x4c,0x3e,0x4c,0x3d,0x4c,0x3e,0x54,0x3d,0x4c,0x3e,0x4c,0x1d,0x4c,0x3e,0x54,0x1d,0x4c,0x3e,0x54,
0x1d,0x4c,0x3e,0x54,0x1d,0x4c,0x1e,0x54,0x1d,0x4c,0x1e,0x54,0x1d,0x4c,0x1e,0x54,0xfd,0x4b,0x1e,0x54,0xfd,0x4b,0x1e,0x54,0xfd,0x53,0xfe,0x53,0xfd,0x53,0xfe,0x53,
0xfd,0x53,0xfe,0x53,0xdd,0x53,0xfe,0x53,0xdd,0x53,0xfe,0x53,0xdd,0x53,0xde,0x53,0xdd,0x53,0xde,0x53,0xbd,0x53,0xde,0x53,0xbd,0x53,0xde,0x5b,0xbd,0x53,0xbe,0x5b,
0xbd,0x53,0xbe,0x5b,0x9d,0x53,0xbe,0x5b,0x9d,0x53,0x9e,0x5b,0x9d,0x53,0x9e,0x5b,0x9d,0x5b,0x9e,0x5b,0x7d,0x5b,0x9e,0x5b,0x7d,0x5b,0x7e,0x5b,0x7d,0x5b,0x7e,0x5b,
0x5d,0x5b,0x7e,0x63,0x5d,0x5b,0x5e,0x5b,0x5d,0x5b,0x5e,0x63,0x3d,0x5b,0x5e,0x63,0x3d,0x5b,0x3e,0x63,0x3d,0x5b,0x3e,0x63,0x1d,0x63,0x3e,0x63,0x1d,0x63,0x3e,0x63,
0x1d,0x63,0x3e,0x6b,0x1d,0x63,0x3e,0x6b,0x1d,0x63,0x3e,0x6b,0x1d,0x63,0x1e,0x6b,0x1d,0x6b,0x1e,0x6b,0x1d,0x6b,0x1e,0x6b,0x1d,0x6b,0x1e,0x73,0x1d,0x6b,0x1e,0x73,
0x1d,0x6b,0x1e,0x73,0x1d,0x6b,0x1e,0x73,0xfd,0x72,0x1e,0x73,0xfd,0x72,0x1e,0x73,0xfd,0x72,0x1e,0x7b,0xfd,0x72,0x1e,0x7b,0xfd,0x72,0x1e,0x7b,0xfd,0x72,0xfe,0x7a,
0xfe,0x7a,0xfe,0x7a,0xfd,0x7a,0xfe,0x7a,0xfe,0x7a,0xfe,0x82,0xfd,0x7a,0xfe,0x82,0xfe,0x7a,0xfe,0x82,0xfd,0x7a,0xfe,0x82,0xde,0x82,0xfe,0x82,0xdd,0x82,0xfe,0x82,
0xde,0x82,0xfe,0x82,0xde,0x82,0xfe,0x82,0xde,0x82,0xfe,0x8a,0xde,0x82,0xfe,0x8a,0xde,0x82,0xfe,0x8a,0xde,0x82,0xde,0x8a,0xde,0x8a,0xde,0x8a,0xde,0x8a,0xde,0x8a,
0xde,0x8a,0xde,0x8a,0xde,0x8a,0xde,0x8a,0xde,0x8a,0xde,0x92,0xde,0x8a,0xde,0x92,0xde,0x8a,0xde,0x92,0xde,0x8a,0xde,0x92,0xde,0x92,0xde,0x92,0xbe,0x8a,0xde,0x92,
0xbe,0x92,0xde,0x92,0xbe,0x92,0xde,0x92,0xbe,0x92,0xde,0x92,0xbe,0x92,0xde,0x92,0xbe,0x92,0xde,0x9a,0xbe,0x92,0xde,0x9a,0xbe,0x92,0xde,0x9a,0xbe,0x92,0xde,0x9a,
0xbe,0x92,0xde,0x9a,0xbe,0x92,0xde,0x9a,0xbe,0x92,0xde,0x9a,0xbe,0x92,0xde,0x9a,0x5e,0x54,0x5d,0x4c,0x5e,0x54,0x3d,0x4c,0x5e,0x54,0x3d,0x4c,0x5e,0x54,0x3d,0x4c,
0x5e,0x54,0x3d,0x4c,0x3e,0x54,0x3d,0x4c,0x3e,0x54,0x3d,0x4c,0x3e,0x54,0x3d,0x4c,0x3e,0x54,0x1d,0x4c,0x3e,0x54,0x1d,0x4c,0x3e,0x54,0x1d,0x54,0x1e,0x54,0x1d,0x54,
0x1e,0x54,0x1d,0x54,0x1e,0x54,0xfd,0x53,0x1e,0x54,0xfd,0x53,0x1e,0x54,0xfd,0x53,0xfe,0x53,0xfd,0x53,0xfe,0x53,0xfd,0x53,0xfe,0x5b,0xdd,0x53,0xfe,0x53,0xdd,0x53,
0xfe,0x5b,0xdd,0x53,0xde,0x5b,0xdd,0x53,0xde,0x5b,0xbd,0x53,0xde,0x5b,0xbd,0x53,0xbe,0x5b,0xbd,0x5b,0xbe,0x5b,0xbd,0x53,0xbe,0x5b,0x9d,0x5b,0xbe,0x5b,0x9d,0x5b,
0x9e,0x5b,0x9d,0x5b,0x9e,0x5b,0x7d,0x5b,0x9e,0x63,0x7d,0x5b,0x7e,0x5b,0x7d,0x5b,0x7e,0x63,0x5d,0x5b,0x7e,0x63,0x5d,0x5b,0x5e,0x63,0x5d,0x5b,0x5e,0x63,0x3d,0x5b,
0x5e,0x63,0x3d,0x63,0x3e,0x63,0x3d,0x63,0x3e,0x63,0x3e,0x63,0x3e,0x63,0x3d,0x63,0x3e,0x6b,0x1e,0x63,0x3e,0x6b,0x1d,0x63,0x3e,0x6b,0x1e,0x6b,0x3e,0x6b,0x1d,0x6b,
0x3e,0x6b,0x1e,0x6b,0x3e,0x6b,0x1d,0x6b,0x3e,0x73,0x1e,0x6b,0x1e,0x73,0x1e,0x6b,0x1e,0x73,0x1e,0x73,0x1e,0x73,0x1e,0x73,0x1e,0x73,0x1e,0x73,0x1e,0x73,0x1e,0x73,
0x1e,0x7b,0xfe,0x72,0x1e,0x7b,0xfe,0x72,0x1e,0x7b,0xfe,0x7a,0x1e,0x7b,0xfe,0x7a,0x1e,0x7b,0xfe,0x7a,0x1e,0x7b,0xfe,0x7a,0x1e,0x83,0xfe,0x7a,0xfe,0x82,0xfe,0x7a,
0xfe,0x82,0xfe,0x82,0xfe,0x82,0xfe,0x82,0xfe,0x82,0xfe,0x82,0xfe,0x82,0xfe,0x82,0xfe,0x8a,0xfe,0x82,0xfe,0x8a,0xde,0x82,0xfe,0x8a,0xde,0x8a,0xfe,0x8a,0xde,0x8a,
0xfe,0x8a,0xde,0x8a,0xfe,0x8a,0xde,0x8a,0xfe,0x8a,0xde,0x8a,0xfe,0x8a,0xde,0x8a,0xfe,0x92,0xde,0x8a,0xfe,0x92,0xde,0x8a,0xde,0x92,0xde,0x8a,0xde,0x92,0xde,0x8a,
0xdf,0x92,0xde,0x92,0xde,0x92,0xde,0x92,0xdf,0x92,0xde,0x92,0xde,0x92,0xde,0x92,0xdf,0x92,0xde,0x92,0xde,0x92,0xde,0x92,0xdf,0x9a,0xde,0x92,0xde,0x9a,0xde,0x92,
0xdf,0x9a,0xbe,0x92,0xde,0x9a,0xbe,0x92,0xdf,0x9a,0xbe,0x9a,0xde,0x9a,0xbe,0x92,0xdf,0x9a,0xbe,0x9a,0xde,0x9a,0xbe,0x9a,0xdf,0x9a,0xbe,0x9a,0xde,0x9a,0xbe,0x9a,
0x3d,0x4c,0x5e,0x4c,0x3d,0x4c,0x5e,0x4c,0x3d,0x4c,0x5e,0x4c,0x3d,0x4c,0x3e,0x4c,0x3d,0x4c,0x3e,0x4c,0x3d,0x4c,0x3e,0x54,0x3d,0x4c,0x3e,0x4c,0x1d,0x4c,0x3e,0x54,
0x1d,0x4c,0x3e,0x54,0x1d,0x4c,0x3e,0x54,0x1d,0x4c,0x1e,0x54,0x1d,0x4c,0x1e,0x54,0x1d,0x4c,0x1e,0x54,0xfd,0x4b,0x1e,0x54,0xfd,0x4b,0x1e,0x54,0xfd,0x53,0xfe,0x53,
0xfd,0x53,0xfe,0x53,0xfd,0x53,0xfe,0x53,0xdd,0x53,0xfe,0x53,0xdd,0x53,0xde,0x53,0xdd,0x53,0xde,0x53,0xdd,0x53,0xde,0x5b,0xbd,0x53,0xde,0x53,0xbd,0x53,0xbe,0x5b,
0xbd,0x53,0xbe,0x5b,0xbd,0x53,0xbe,0x5b,0x9d,0x53,0xbe,0x5b,0x9d,0x53,0x9e,0x5b,0x9d,0x53,0x9e,0x5b,0x7d,0x5b,0x9e,0x5b,0x7d,0x5b,0x7e,0x5b,0x7d,0x5b,0x7e,0x5b,
0x5d,0x5b,0x7e,0x5b,0x5d,0x5b,0x5e,0x63,0x5d,0x5b,0x5e,0x63,0x3d,0x5b,0x5e,0x63,0x3d,0x5b,0x3e,0x63,0x3d,0x5b,0x3e,0x63,0x1d,0x5b,0x3e,0x63,0x1d,0x63,0x3e,0x63,
0x1d,0x63,0x3e,0x63,0x1d,0x63,0x3e,0x6b,0x1d,0x63,0x3e,0x6b,0x1d,0x63,0x1e,0x6b,0x1d,0x63,0x1e,0x6b,0x1d,0x6b,0x1e,0x6b,0x1d,0x6b,0x1e,0x6b,0x1d,0x6b,0x1e,0x73,
0x1d,0x6b,0x1e,0x73,0x1d,0x73,0x1e,0x73,0xfd,0x72,0x1e,0x73,0xfd,0x72,0x1e,0x73,0xfd,0x72,0x1e,0x7b,0xfd,0x72,0x1e,0x7b,0xfd,0x72,0x1e,0x7b,0xfe,0x7a,0xfe,0x7a,
0xfd,0x7a,0xfe,0x7a,0xfe,0x7a,0xfe,0x7a,0xfd,0x7a,0xfe,0x82,0xfe,0x7a,0xfe,0x82,0xfd,0x7a,0xfe,0x82,0xfe,0x82,0xfe,0x82,0xdd,0x82,0xfe,0x82,0xde,0x82,0xfe,0x82,
0xde,0x82,0xfe,0x82,0xde,0x82,0xfe,0x8a,0xde,0x82,0xfe,0x8a,0xde,0x82,0xfe,0x8a,0xde,0x82,0xfe,0x8a,0xde,0x8a,0xde,0x8a,0xde,0x8a,0xde,0x8a,0xde,0x8a,0xde,0x8a,
0xde,0x8a,0xde,0x8a,0xde,0x8a,0xde,0x92,0xde,0x8a,0xde,0x92,0xde,0x8a,0xde,0x92,0xde,0x8a,0xde,0x92,0xde,0x8a,0xde,0x92,0xbe,0x8a,0xde,0x92,0xbe,0x92,0xde,0x92,
0xbe,0x92,0xde,0x92,0xbe,0x92,0xde,0x92,0xbe,0x92,0xde,0x92,0xbe,0x92,0xde,0x9a,0xbe,0x92,0xde,0x9a,0xbe,0x92,0xde,0x9a,0xbe,0x92,0xde,0x9a,0xbe,0x92,0xde,0x9a,
0xbe,0x92,0xde,0x9a,0xbe,0x92,0xde,0x9a,0xbe,0x92,0xde,0x9a,0xbe,0x9a,0xbe,0x9a,0x5e,0x4c,0x5d,0x4c,0x5e,0x54,0x5d,0x4c,0x5e,0x4c,0x3d,0x4c,0x5e,0x54,0x3d,0x4c,
0x5e,0x54,0x3d,0x4c,0x5e,0x54,0x3d,0x4c,0x3e,0x54,0x3d,0x4c,0x3e,0x54,0x3d,0x4c,0x3e,0x54,0x3d,0x4c,0x3e,0x54,0x1d,0x4c,0x3e,0x54,0x1d,0x4c,0x3e,0x54,0x1d,0x54,
0x1e,0x54,0x1d,0x54,0x1e,0x54,0x1d,0x54,0x1e,0x54,0xfd,0x53,0x1e,0x54,0xfd,0x53,0x1e,0x54,0xfd,0x53,0xfe,0x53,0xfd,0x53,0xfe,0x53,0xfd,0x53,0xfe,0x5b,0xdd,0x53,
0xfe,0x5b,0xdd,0x53,0xde,0x5b,0xdd,0x53,0xde,0x5b,0xdd,0x53,0xde,0x5b,0xbd,0x53,0xde,0x5b,0xbd,0x53,0xbe,0x5b,0xbd,0x5b,0xbe,0x5b,0x9d,0x5b,0xbe,0x5b,0x9d,0x5b,
0xbe,0x5b,0x9d,0x5b,0x9e,0x5b,0x9d,0x5b,0x9e,0x5b,0x7d,0x5b,0x9e,0x63,0x7d,0x5b,0x7e,0x63,0x7d,0x5b,0x7e,0x63,0x5d,0x5b,0x7e,0x63,0x5d,0x5b,0x5e,0x63,0x5d,0x63,
0x5e,0x63,0x3d,0x5b,0x5e,0x63,0x3d,0x63,0x3e,0x63,0x3d,0x63,0x3e,0x63,0x3e,0x63,0x3e,0x6b,0x3d,0x63,0x3e,0x6b,0x1e,0x63,0x3e,0x6b,0x1d,0x63,0x3e,0x6b,0x1e,0x6b,
0x3e,0x6b,0x1d,0x6b,0x3e,0x73,0x1e,0x6b,0x3e,0x73,0x1e,0x6b,0x1e,0x73,0x1e,0x73,0x1e,0x73,0x1e,0x73,0x1e,0x73,0x1e,0x73,0x1e,0x73,0x1e,0x73,0x1e,0x7b,0x1e,0x73,
0x1e,0x7b,0xfe,0x72,0x1e,0x7b,0xfe,0x7a,0x1e,0x7b,0xfe,0x7a,0x1e,0x7b,0xfe,0x7a,0x1e,0x7b,0xfe,0x7a,0x1e,0x83,0xfe,0x7a,0xfe,0x82,0xfe,0x7a,0xfe,0x82,0xfe,0x82,
0xfe,0x82,0xfe,0x82,0xfe,0x82,0xfe,0x82,0xfe,0x82,0xfe,0x82,0xfe,0x8a,0xfe,0x82,0xfe,0x8a,0xde,0x82,0xfe,0x8a,0xde,0x82,0xfe,0x8a,0xde,0x82,0xfe,0x8a,0xde,0x8a,
0xfe,0x8a,0xde,0x8a,0xfe,0x8a,0xde,0x8a,0xfe,0x8a,0xde,0x8a,0xfe,0x92,0xde,0x8a,0xfe,0x92,0xde,0x8a,0xde,0x92,0xde,0x8a,0xde,0x92,0xde,0x8a,0xdf,0x92,0xde,0x92,
0xde,0x92,0xde,0x92,0xdf,0x92,0xde,0x92,0xde,0x92,0xde,0x92,0xdf,0x92,0xde,0x92,0xde,0x92,0xde,0x92,0xdf,0x9a,0xde,0x92,0xde,0x9a,0xde,0x92,0xdf,0x9a,0xbe,0x92,
0xde,0x9a,0xbe,0x92,0xdf,0x9a,0xbe,0x9a,0xde,0x9a,0xbe,0x92,0xdf,0x9a,0xbe,0x9a,0xde,0x9a,0xbe,0x9a,0xdf,0x9a,0xbe,0x9a,0xde,0x9a,0xbe,0x9a,0xdf,0x9a,0xbe,0x9a,
0x5d,0x4c,0x5e,0x4c,0x5d,0x4c,0x5e,0x4c,0x3d,0x4c,0x5e,0x4c,0x3d,0x4c,0x5e,0x4c,0x3d,0x4c,0x5e,0x4c,0x3d,0x4c,0x3e,0x4c,0x3d,0x4c,0x3e,0x54,0x3d,0x4c,0x3e,0x4c,
0x1d,0x4c,0x3e,0x54,0x1d,0x4c,0x3e,0x54,0x1d,0x4c,0x3e,0x54,0x1d,0x4c,0x1e,0x54,0x1d,0x4c,0x1e,0x54,0x1d,0x4c,0x1e,0x54,0xfd,0x4b,0x1e,0x54,0xfd,0x4b,0x1e,0x54,
0xfd,0x53,0xfe,0x53,0xfd,0x53,0xfe,0x53,0xfd,0x53,0xfe,0x53,0xdd,0x53,0xfe,0x53,0xdd,0x53,0xde,0x53,0xdd,0x53,0xde,0x53,0xdd,0x53,0xde,0x5b,0xbd,0x53,0xde,0x53,
0xbd,0x53,0xbe,0x5b,0xbd,0x53,0xbe,0x5b,0x9d,0x53,0xbe,0x5b,0x9d,0x53,0xbe,0x5b,0x9d,0x53,0x9e,0x5b,0x9d,0x53,0x9e,0x5b,0x7d,0x5b,0x9e,0x5b,0x7d,0x5b,0x7e,0x5b,
0x7d,0x5b,0x7e,0x5b,0x5d,0x5b,0x7e,0x5b,0x5d,0x5b,0x5e,0x63,0x5d,0x5b,0x5e,0x63,0x3d,0x5b,0x5e,0x63,0x3d,0x5b,0x3e,0x63,0x1d,0x63,0x3e,0x63,0x1d,0x63,0x3e,0x63,
0x1d,0x63,0x3e,0x63,0x1d,0x63,0x3e,0x6b,0x1d,0x63,0x3e,0x6b,0x1d,0x63,0x1e,0x6b,0x1d,0x6b,0x1e,0x6b,0x1d,0x6b,0x1e,0x6b,0x1d,0x6b,0x1e,0x73,0x1d,0x6b,0x1e,0x73,
0x1d,0x6b,0x1e,0x73,0xfd,0x6a,0x1e,0x73,0xfd,0x72,0x1e,0x73,0xfd,0x72,0x1e,0x73,0xfd,0x72,0x1e,0x7b,0xfd,0x72,0x1e,0x7b,0xfe,0x72,0x1e,0x7b,0xfd,0x72,0xfe,0x7a,
0xfe,0x7a,0xfe,0x7a,0xfd,0x7a,0xfe,0x7a,0xfe,0x7a,0xfe,0x82,0xfd,0x7a,0xfe,0x82,0xfe,0x7a,0xfe,0x82,0xdd,0x7a,0xfe,0x82,0xde,0x82,0xfe,0x82,0xde,0x82,0xfe,0x82,
0xde,0x82,0xfe,0x8a,0xde,0x82,0xfe,0x8a,0xde,0x82,0xfe,0x8a,0xde,0x82,0xfe,0x8a,0xde,0x8a,0xde,0x8a,0xde,0x8a,0xde,0x8a,0xde,0x8a,0xde,0x8a,0xde,0x8a,0xde,0x8a,
0xde,0x8a,0xde,0x92,0xde,0x8a,0xde,0x92,0xde,0x8a,0xde,0x92,0xde,0x8a,0xde,0x92,0xde,0x8a,0xde,0x92,0xde,0x8a,0xde,0x92,0xbe,0x92,0xde,0x92,0xbe,0x92,0xde,0x92,
0xbe,0x92,0xde,0x92,0xbe,0x92,0xde,0x92,0xbe,0x92,0xde,0x9a,0xbe,0x92,0xde,0x9a,0xbe,0x92,0xde,0x9a,0xbe,0x92,0xde,0x9a,0xbe,0x92,0xde,0x9a,0xbe,0x92,0xde,0x9a,
0xbe,0x92,0xde,0x9a,0xbe,0x92,0xde,0x9a,0xbe,0x9a,0xbe,0x9a,0xbe,0x9a,0xbe,0x9a,0x7e,0x4c,0x5d,0x4c,0x5e,0x4c,0x5d,0x4c,0x5e,0x54,0x5d,0x4c,0x5e,0x4c,0x5d,0x4c,
0x5e,0x54,0x3d,0x4c,0x5e,0x54,0x3d,0x4c,0x5e,0x54,0x3d,0x4c,0x3e,0x54,0x3d,0x4c,0x3e,0x54,0x3d,0x4c,0x3e,0x54,0x3d,0x4c,0x3e,0x54,0x1d,0x4c,0x3e,0x54,0x1d,0x4c,
0x3e,0x54,0x1d,0x54,0x1e,0x54,0x1d,0x54,0x1e,0x54,0x1d,0x54,0x1e,0x54,0xfd,0x53,0x1e,0x54,0xfd,0x53,0x1e,0x54,0xfd,0x53,0xfe,0x53,0xfd,0x53,0xfe,0x53,0xfd,0x53,
0xfe,0x5b,0xdd,0x53,0xfe,0x5b,0xdd,0x53,0xde,0x5b,0xdd,0x53,0xde,0x5b,0xbd,0x53,0xde,0x5b,0xbd,0x53,0xde,0x5b,0xbd,0x53,0xbe,0x5b,0xbd,0x5b,0xbe,0x5b,0x9d,0x5b,
0xbe,0x5b,0x9d,0x5b,0x9e,0x5b,0x9d,0x5b,0x9e,0x5b,0x7d,0x5b,0x9e,0x5b,0x7d,0x5b,0x7e,0x63,0x7d,0x5b,0x7e,0x63,0x5d,0x5b,0x7e,0x63,0x5d,0x5b,0x5e,0x63,0x5d,0x5b,
0x5e,0x63,0x3d,0x63,0x5e,0x63,0x3d,0x63,0x3e,0x63,0x3e,0x63,0x3e,0x63,0x3d,0x63,0x3e,0x6b,0x3e,0x63,0x3e,0x6b,0x1d,0x63,0x3e,0x6b,0x1e,0x6b,0x3e,0x6b,0x1d,0x6b,
0x3e,0x6b,0x1e,0x6b,0x3e,0x6b,0x1d,0x6b,0x3e,0x73,0x1e,0x6b,0x1e,0x73,0x1e,0x6b,0x1e,0x73,0x1e,0x73,0x1e,0x73,0x1e,0x73,0x1e,0x73,0x1e,0x73,0x1e,0x7b,0x1e,0x73,
0x1e,0x7b,0xfe,0x72,0x1e,0x7b,0xfe,0x7a,0x1e,0x7b,0xfe,0x7a,0x1e,0x7b,0xfe,0x7a,0x1e,0x83,0xfe,0x7a,0x1e,0x83,0xfe,0x7a,0xfe,0x82,0xfe,0x7a,0xfe,0x82,0xfe,0x82,
0xfe,0x82,0xfe,0x82,0xfe,0x82,0xfe,0x82,0xfe,0x8a,0xfe,0x82,0xfe,0x8a,0xfe,0x82,0xfe,0x8a,0xde,0x82,0xfe,0x8a,0xde,0x82,0xfe,0x8a,0xde,0x8a,0xfe,0x8a,0xde,0x8a,
0xfe,0x8a,0xde,0x8a,0xfe,0x8a,0xde,0x8a,0xfe,0x92,0xde,0x8a,0xfe,0x92,0xde,0x8a,0xde,0x92,0xde,0x8a,0xde,0x92,0xde,0x8a,0xdf,0x92,0xde,0x92,0xde,0x92,0xde,0x92,
0xdf,0x92,0xde,0x92,0xde,0x92,0xde,0x92,0xdf,0x92,0xde,0x92,0xde,0x92,0xde,0x92,0xdf,0x9a,0xde,0x92,0xde,0x9a,0xde,0x92,0xdf,0x9a,0xbe,0x92,0xde,0x9a,0xbe,0x92,
0xdf,0x9a,0xbe,0x9a,0xde,0x9a,0xbe,0x92,0xdf,0x9a,0xbe,0x9a,0xde,0x9a,0xbe,0x9a,0xdf,0x9a,0xbe,0x9a,0xde,0x9a,0xbe,0x9a,0xdf,0x9a,0xbe,0x9a,0xdf,0x9a,0xbe,0x9a,
0x5d,0x4c,0x5d,0x4c,0x5d,0x4c,0x5e,0x4c,0x5d,0x4c,0x5e,0x4c,0x3d,0x4c,0x5e,0x4c,0x3d,0x4c,0x5e,0x4c,0x3d,0x4c,0x5e,0x4c,0x3d,0x4c,0x3e,0x4c,0x3d,0x4c,0x3e,0x54,
0x3d,0x4c,0x3e,0x4c,0x3d,0x4c,0x3e,0x54,0x1d,0x4c,0x3e,0x54,0x1d,0x4c,0x3e,0x54,0x1d,0x4c,0x1e,0x54,0x1d,0x4c,0x1e,0x54,0x1d,0x4c,0x1e,0x54,0xfd,0x4b,0x1e,0x54,
0xfd,0x4b,0x1e,0x54,0xfd,0x53,0xfe,0x53,0xfd,0x53,0xfe,0x53,0xdd,0x53,0xfe,0x53,0xdd,0x53,0xfe,0x53,0xdd,0x53,0xde,0x53,0xdd,0x53,0xde,0x53,0xbd,0x53,0xde,0x5b,
0xbd,0x53,0xde,0x5b,0xbd,0x53,0xbe,0x5b,0xbd,0x53,0xbe,0x5b,0x9d,0x53,0xbe,0x5b,0x9d,0x53,0x9e,0x5b,0x9d,0x5b,0x9e,0x5b,0x7d,0x5b,0x9e,0x5b,0x7d,0x5b,0x7e,0x5b,
0x7d,0x5b,0x7e,0x5b,0x5d,0x5b,0x7e,0x5b,0x5d,0x5b,0x5e,0x5b,0x5d,0x5b,0x5e,0x63,0x3d,0x5b,0x5e,0x63,0x3d,0x5b,0x3e,0x63,0x3d,0x5b,0x3e,0x63,0x1d,0x63,0x3e,0x63,
0x1d,0x63,0x3e,0x63,0x1d,0x63,0x3e,0x6b,0x1d,0x63,0x3e,0x6b,0x1d,0x63,0x3e,0x6b,0x1d,0x63,0x1e,0x6b,0x1d,0x6b,0x1e,0x6b,0x1d,0x6b,0x1e,0x6b,0x1d,0x6b,0x1e,0x73,
0x1d,0x6b,0x1e,0x73,0xfd,0x72,0x1e,0x73,0xfd,0x72,0x1e,0x73,0xfd,0x72,0x1e,0x7b,0xfd,0x72,0x1e,0x7b,0xfd,0x72,0x1e,0x7b,0xfd,0x72,0xfe,0x7a,0xfe,0x7a,0xfe,0x7a,
0xfd,0x7a,0xfe,0x7a,0xfe,0x7a,0xfe,0x82,0xfd,0x7a,0xfe,0x82,0xfe,0x7a,0xfe,0x82,0xfd,0x7a,0xfe,0x82,0xde,0x82,0xfe,0x82,0xde,0x82,0xfe,0x82,0xde,0x82,0xfe,0x8a,
0xde,0x82,0xfe,0x8a,0xde,0x82,0xfe,0x8a,0xde,0x82,0xfe,0x8a,0xde,0x8a,0xde,0x8a,0xde,0x8a,0xde,0x8a,0xde,0x8a,0xde,0x8a,0xde,0x8a,0xde,0x8a,0xde,0x8a,0xde,0x92,
0xde,0x8a,0xde,0x92,0xde,0x8a,0xde,0x92,0xde,0x8a,0xde,0x92,0xde,0x8a,0xde,0x92,0xde,0x8a,0xde,0x92,0xbe,0x92,0xde,0x92,0xbe,0x92,0xde,0x92,0xbe,0x92,0xde,0x92,
0xbe,0x92,0xde,0x92,0xbe,0x92,0xde,0x9a,0xbe,0x92,0xde,0x9a,0xbe,0x92,0xde,0x9a,0xbe,0x92,0xde,0x9a,0xbe,0x92,0xde,0x9a,0xbe,0x92,0xde,0x9a,0xbe,0x9a,0xde,0x9a,
0xbe,0x92,0xbe,0x9a,0xbe,0x9a,0xbe,0x9a,0xbe,0x9a,0xbe,0x9a,0xbe,0x9a,0xbe,0x9a,0x7e,0x4c,0x5d,0x4c,0x7e,0x4c,0x5d,0x4c,0x5e,0x4c,0x5d,0x4c,0x5e,0x54,0x5d,0x4c,
0x5e,0x4c,0x5d,0x4c,0x5e,0x54,0x3d,0x4c,0x5e,0x54,0x3d,0x4c,0x5e,0x54,0x3d,0x4c,0x5e,0x54,0x3d,0x4c,0x3e,0x54,0x3d,0x4c,0x3e,0x54,0x3d,0x4c,0x3e,0x54,0x1d,0x4c,
0x3e,0x54,0x1d,0x4c,0x3e,0x54,0x1d,0x54,0x1e,0x54,0x1d,0x54,0x1e,0x54,0x1d,0x54,0x1e,0x54,0xfd,0x53,0x1e,0x54,0xfd,0x53,0x1e,0x54,0xfd,0x53,0xfe,0x53,0xfd,0x53,
0xfe,0x53,0xdd,0x53,0xfe,0x5b,0xdd,0x53,0xfe,0x5b,0xdd,0x53,0xde,0x5b,0xdd,0x53,0xde,0x5b,0xbd,0x53,0xde,0x5b,0xbd,0x53,0xbe,0x5b,0xbd,0x53,0xbe,0x5b,0xbd,0x5b,
0xbe,0x5b,0x9d,0x5b,0xbe,0x5b,0x9d,0x5b,0x9e,0x5b,0x9d,0x5b,0x9e,0x5b,0x7d,0x5b,0x9e,0x5b,0x7d,0x5b,0x7e,0x63,0x7d,0x5b,0x7e,0x63,0x5d,0x5b,0x5e,0x63,0x5d,0x5b,
0x5e,0x63,0x3d,0x5b,0x5e,0x63,0x3d,0x63,0x3e,0x63,0x3d,0x63,0x3e,0x63,0x3e,0x63,0x3e,0x63,0x3d,0x63,0x3e,0x6b,0x1e,0x63,0x3e,0x6b,0x1d,0x63,0x3e,0x6b,0x1e,0x6b,
0x3e,0x6b,0x1d,0x6b,0x3e,0x73,0x1e,0x6b,0x3e,0x73,0x1e,0x6b,0x1e,0x73,0x1e,0x73,0x1e,0x73,0x1e,0x73,0x1e,0x73,0x1e,0x73,0x1e,0x73,0x1e,0x73,0x1e,0x7b,0xfe,0x72,
0x1e,0x7b,0xfe,0x72,0x1e,0x7b,0xfe,0x7a,0x1e,0x7b,0xfe,0x7a,0x1e,0x7b,0xfe,0x7a,0x1e,0x7b,0xfe,0x7a,0x1e,0x83,0xfe,0x7a,0xfe,0x82,0xfe,0x7a,0xfe,0x82,0xfe,0x82,
0xfe,0x82,0xfe,0x82,0xfe,0x82,0xfe,0x82,0xfe,0x82,0xfe,0x82,0xfe,0x8a,0xde,0x82,0xfe,0x8a,0xde,0x82,0xfe,0x8a,0xde,0x8a,0xfe,0x8a,0xde,0x8a,0xfe,0x8a,0xde,0x8a,
0xfe,0x8a,0xde,0x8a,0xfe,0x92,0xde,0x8a,0xfe,0x92,0xde,0x8a,0xde,0x92,0xde,0x8a,0xde,0x92,0xde,0x8a,0xdf,0x92,0xde,0x92,0xde,0x92,0xde,0x92,0xdf,0x92,0xde,0x92,
0xde,0x92,0xde,0x92,0xdf,0x92,0xde,0x92,0xde,0x92,0xde,0x92,0xdf,0x9a,0xde,0x92,0xde,0x9a,0xde,0x92,0xdf,0x9a,0xbe,0x92,0xde,0x9a,0xbe,0x92,0xdf,0x9a,0xbe,0x9a,
0xde,0x9a,0xbe,0x9a,0xdf,0x9a,0xbe,0x9a,0xde,0x9a,0xbe,0x9a,0xdf,0x9a,0xbe,0x9a,0xde,0x9a,0xbe,0x9a,0xdf,0x9a,0xbe,0x9a,0xdf,0x9a,0xbe,0x9a,0xdf,0xa2,0xbe,0x9a,
0x5d,0x4c,0x5e,0x4c,0x5d,0x4c,0x5d,0x4c,0x5d,0x4c,0x5e,0x4c,0x5d,0x4c,0x5e,0x4c,0x3d,0x4c,0x5e,0x4c,0x3d,0x4c,0x5e,0x4c,0x3d,0x4c,0x5e,0x4c,0x3d,0x4c,0x3e,0x4c,
0x3d,0x4c,0x3e,0x54,0x3d,0x4c,0x3e,0x4c,0x3d,0x4c,0x3e,0x54,0x1d,0x4c,0x3e,0x54,0x1d,0x4c,0x3e,0x54,0x1d,0x4c,0x1e,0x54,0x1d,0x4c,0x1e,0x54,0x1d,0x4c,0x1e,0x54,
0xfd,0x4b,0x1e,0x54,0xfd,0x4b,0x1e,0x54,0xfd,0x53,0xfe,0x53,0xfd,0x53,0xfe,0x53,0xdd,0x53,0xfe,0x53,0xdd,0x53,0xfe,0x53,0xdd,0x53,0xde,0x53,0xdd,0x53,0xde,0x53,
0xbd,0x53,0xde,0x5b,0xbd,0x53,0xbe,0x5b,0xbd,0x53,0xbe,0x5b,0xbd,0x53,0xbe,0x5b,0x9d,0x53,0xbe,0x5b,0x9d,0x53,0x9e,0x5b,0x9d,0x5b,0x9e,0x5b,0x7d,0x5b,0x9e,0x5b,
0x7d,0x5b,0x7e,0x5b,0x7d,0x5b,0x7e,0x5b,0x5d,0x5b,0x5e,0x63,0x5d,0x5b,0x5e,0x63,0x3d,0x5b,0x5e,0x63,0x3d,0x5b,0x3e,0x63,0x3d,0x5b,0x3e,0x63,0x1d,0x5b,0x3e,0x63,
0x1d,0x63,0x3e,0x63,0x1d,0x63,0x3e,0x63,0x1d,0x63,0x3e,0x6b,0x1d,0x63,0x3e,0x6b,0x1d,0x6b,0x1e,0x6b,0x1d,0x6b,0x1e,0x6b,0x1d,0x6b,0x1e,0x73,0x1d,0x6b,0x1e,0x73,
0x1d,0x6b,0x1e,0x73,0xfd,0x6a,0x1e,0x73,0xfd,0x72,0x1e,0x73,0xfd,0x72,0x1e,0x73,0xfd,0x72,0x1e,0x7b,0xfd,0x72,0x1e,0x7b,0xfe,0x7a,0xfe,0x7a,0xfd,0x7a,0xfe,0x7a,
0xfe,0x7a,0xfe,0x7a,0xfd,0x7a,0xfe,0x82,0xfe,0x7a,0xfe,0x82,0xfd,0x7a,0xfe,0x82,0xde,0x82,0xfe,0x82,0xdd,0x82,0xfe,0x82,0xde,0x82,0xfe,0x82,0xde,0x82,0xfe,0x8a,
0xde,0x82,0xfe,0x8a,0xde,0x82,0xfe,0x8a,0xde,0x82,0xfe,0x8a,0xde,0x8a,0xde,0x8a,0xde,0x8a,0xde,0x8a,0xde,0x8a,0xde,0x8a,0xde,0x8a,0xde,0x92,0xde,0x8a,0xde,0x92,
0xde,0x8a,0xde,0x92,0xde,0x8a,0xde,0x92,0xde,0x8a,0xde,0x92,0xde,0x8a,0xde,0x92,0xbe,0x92,0xde,0x92,0xbe,0x92,0xde,0x92,0xbe,0x92,0xde,0x92,0xbe,0x92,0xde,0x92,
0xbe,0x92,0xde,0x9a,0xbe,0x92,0xde,0x9a,0xbe,0x92,0xde,0x9a,0xbe,0x92,0xde,0x9a,0xbe,0x92,0xde,0x9a,0xbe,0x92,0xde,0x9a,0xbe,0x9a,0xde,0x9a,0xbe,0x92,0xbe,0x9a,
0xbe,0x9a,0xbe,0x9a,0xbe,0x9a,0xbe,0x9a,0xbe,0x9a,0xbe,0x9a,0xbe,0x9a,0xbe,0x9a,0x7e,0x4c,0x5d,0x4c,0x7e,0x4c,0x5d,0x4c,0x7e,0x4c,0x5d,0x4c,0x5e,0x4c,0x5d,0x4c,
0x5e,0x54,0x5d,0x4c,0x5e,0x4c,0x5d,0x4c,0x5e,0x54,0x3d,0x4c,0x5e,0x54,0x3d,0x4c,0x5e,0x54,0x3d,0x4c,0x5e,0x54,0x3d,0x4c,0x3e,0x54,0x3d,0x4c,0x3e,0x54,0x3d,0x4c,
0x3e,0x54,0x1d,0x4c,0x3e,0x54,0x1d,0x4c,0x3e,0x54,0x1d,0x54,0x1e,0x54,0x1d,0x54,0x1e,0x54,0x1d,0x54,0x1e,0x54,0xfd,0x53,0x1e,0x54,0xfd,0x53,0x1e,0x54,0xfd,0x53,
0xfe,0x53,0xfd,0x53,0xfe,0x53,0xdd,0x53,0xfe,0x5b,0xdd,0x53,0xfe,0x5b,0xdd,0x53,0xde,0x5b,0xdd,0x53,0xde,0x5b,0xbd,0x53,0xde,0x5b,0xbd,0x53,0xbe,0x5b,0xbd,0x53,
0xbe,0x5b,0x9d,0x5b,0xbe,0x5b,0x9d,0x5b,0x9e,0x5b,0x9d,0x5b,0x9e,0x5b,0x7d,0x5b,0x9e,0x63,0x7d,0x5b,0x7e,0x5b,0x7d,0x5b,0x7e,0x63,0x5d,0x5b,0x7e,0x63,0x5d,0x5b,
0x5e,0x63,0x5d,0x63,0x5e,0x63,0x3d,0x63,0x3e,0x63,0x3e,0x63,0x3e,0x63,0x3d,0x63,0x3e,0x6b,0x3e,0x63,0x3e,0x6b,0x1d,0x63,0x3e,0x6b,0x1e,0x6b,0x3e,0x6b,0x1d,0x6b,
0x3e,0x6b,0x1e,0x6b,0x3e,0x6b,0x1d,0x6b,0x3e,0x73,0x1e,0x6b,0x1e,0x73,0x1e,0x6b,0x1e,0x73,0x1e,0x73,0x1e,0x73,0x1e,0x73,0x1e,0x7b,0x1e,0x73,0x1e,0x7b,0xfe,0x72,
0x1e,0x7b,0xfe,0x7a,0x1e,0x7b,0xfe,0x7a,0x1e,0x7b,0xfe,0x7a,0x1e,0x7b,0xfe,0x7a,0x1e,0x83,0xfe,0x7a,0xfe,0x82,0xfe,0x7a,0xfe,0x82,0xfe,0x82,0xfe,0x82,0xfe,0x82,
0xfe,0x82,0xfe,0x82,0xfe,0x82,0xfe,0x82,0xfe,0x8a,0xfe,0x82,0xfe,0x8a,0xde,0x82,0xfe,0x8a,0xde,0x8a,0xfe,0x8a,0xde,0x8a,0xfe,0x8a,0xde,0x8a,0xfe,0x8a,0xde,0x8a,
0xfe,0x92,0xde,0x8a,0xfe,0x92,0xde,0x8a,0xfe,0x92,0xde,0x8a,0xde,0x92,0xde,0x8a,0xdf,0x92,0xde,0x92,0xde,0x92,0xde,0x92,0xdf,0x92,0xde,0x92,0xde,0x92,0xde,0x92,
0xdf,0x92,0xde,0x92,0xde,0x92,0xde,0x92,0xdf,0x9a,0xde,0x92,0xde,0x9a,0xde,0x92,0xdf,0x9a,0xbe,0x92,0xde,0x9a,0xbe,0x92,0xdf,0x9a,0xbe,0x9a,0xde,0x9a,0xbe,0x9a,
0xdf,0x9a,0xbe,0x9a,0xde,0x9a,0xbe,0x9a,0xdf,0x9a,0xbe,0x9a,0xde,0x9a,0xbe,0x9a,0xdf,0x9a,0xbe,0x9a,0xdf,0x9a,0xbe,0x9a,0xdf,0xa2,0xbe,0x9a,0xdf,0xa2,0xbe,0x9a,
0x5d,0x44,0x7d,0x4c,0x5d,0x4c,0x7e,0x4c,0x5d,0x4c,0x5d,0x4c,0x5d,0x4c,0x5e,0x4c,0x5d,0x4c,0x5d,0x4c,0x5d,0x4c,0x5e,0x4c,0x3d,0x4c,0x5e,0x4c,0x3d,0x4c,0x5e,0x4c,
0x3d,0x4c,0x3e,0x4c,0x3d,0x4c,0x3e,0x54,0x3d,0x4c,0x3e,0x4c,0x3d,0x4c,0x3e,0x54,0x1d,0x4c,0x3e,0x54,0x1d,0x4c,0x3e,0x54,0x1d,0x4c,0x1e,0x54,0x1d,0x4c,0x1e,0x54,
0x1d,0x4c,0x1e,0x54,0xfd,0x4b,0x1e,0x54,0xfd,0x4b,0x1e,0x54,0xfd,0x53,0xfe,0x53,0xfd,0x53,0xfe,0x53,0xdd,0x53,0xfe,0x53,0xdd,0x53,0xde,0x53,0xdd,0x53,0xde,0x53,
0xdd,0x53,0xde,0x53,0xbd,0x53,0xde,0x5b,0xbd,0x53,0xbe,0x5b,0xbd,0x53,0xbe,0x5b,0x9d,0x53,0xbe,0x5b,0x9d,0x53,0x9e,0x5b,0x9d,0x53,0x9e,0x5b,0x7d,0x5b,0x9e,0x5b,
0x7d,0x5b,0x7e,0x5b,0x7d,0x5b,0x7e,0x5b,0x5d,0x5b,0x7e,0x5b,0x5d,0x5b,0x5e,0x63,0x5d,0x5b,0x5e,0x63,0x3d,0x5b,0x3e,0x63,0x3d,0x5b,0x3e,0x63,0x1d,0x63,0x3e,0x63,
0x1d,0x63,0x3e,0x63,0x1d,0x63,0x3e,0x6b,0x1d,0x63,0x3e,0x6b,0x1d,0x63,0x3e,0x6b,0x1d,0x63,0x1e,0x6b,0x1d,0x6b,0x1e,0x6b,0x1d,0x6b,0x1e,0x6b,0x1d,0x6b,0x1e,0x73,
0x1d,0x6b,0x1e,0x73,0xfd,0x72,0x1e,0x73,0xfd,0x72,0x1e,0x73,0xfd,0x72,0x1e,0x7b,0xfd,0x72,0x1e,0x7b,0xfe,0x72,0x1e,0x7b,0xfd,0x72,0xfe,0x7a,0xfe,0x7a,0xfe,0x7a,
0xfd,0x7a,0xfe,0x7a,0xfe,0x7a,0xfe,0x82,0xfd,0x7a,0xfe,0x82,0xfe,0x7a,0xfe,0x82,0xdd,0x82,0xfe,0x82,0xde,0x82,0xfe,0x82,0xde,0x82,0xfe,0x82,0xde,0x82,0xfe,0x8a,
0xde,0x82,0xfe,0x8a,0xde,0x82,0xfe,0x8a,0xde,0x82,0xde,0x8a,0xde,0x8a,0xde,0x8a,0xde,0x8a,0xde,0x8a,0xde,0x8a,0xde,0x92,0xde,0x8a,0xde,0x92,0xde,0x8a,0xde,0x92,
0xde,0x8a,0xde,0x92,0xde,0x8a,0xde,0x92,0xde,0x8a,0xde,0x92,0xbe,0x92,0xde,0x92,0xbe,0x92,0xde,0x92,0xbe,0x92,0xde,0x92,0xbe,0x92,0xde,0x92,0xbe,0x92,0xde,0x9a,
0xbe,0x92,0xde,0x9a,0xbe,0x92,0xde,0x9a,0xbe,0x92,0xde,0x9a,0xbe,0x92,0xde,0x9a,0xbe,0x92,0xde,0x9a,0xbe,0x9a,0xde,0x9a,0xbe,0x9a,0xbe,0x9a,0xbe,0x9a,0xbe,0x9a,
0xbe,0x9a,0xbe,0x9a,0xbe,0x9a,0xbe,0x9a,0xbe,0x9a,0xbe,0x9a,0xbe,0x9a,0xbe,0xa2,0x7e,0x4c,0x7d,0x4c,0x7e,0x4c,0x5d,0x4c,0x7e,0x4c,0x5d,0x4c,0x7e,0x4c,0x5d,0x4c,
0x7e,0x4c,0x5d,0x4c,0x5e,0x54,0x5d,0x4c,0x5e,0x4c,0x5d,0x4c,0x5e,0x54,0x5d,0x4c,0x5e,0x54,0x3d,0x4c,0x5e,0x54,0x3d,0x4c,0x5e,0x54,0x3d,0x4c,0x3e,0x54,0x3d,0x4c,
0x3e,0x54,0x3d,0x4c,0x3e,0x54,0x1d,0x4c,0x3e,0x54,0x1d,0x4c,0x3e,0x54,0x1d,0x54,0x1e,0x54,0x1d,0x54,0x1e,0x54,0x1d,0x54,0x1e,0x54,0xfd,0x53,0x1e,0x54,0xfd,0x53,
0xfe,0x53,0xfd,0x53,0xfe,0x53,0xfd,0x53,0xfe,0x53,0xdd,0x53,0xfe,0x5b,0xdd,0x53,0xde,0x5b,0xdd,0x53,0xde,0x5b,0xdd,0x53,0xde,0x5b,0xbd,0x53,0xde,0x5b,0xbd,0x5b,
0xbe,0x5b,0xbd,0x53,0xbe,0x5b,0x9d,0x5b,0xbe,0x5b,0x9d,0x5b,0x9e,0x5b,0x9d,0x5b,0x9e,0x5b,0x7d,0x5b,0x9e,0x63,0x7d,0x5b,0x7e,0x63,0x5d,0x5b,0x7e,0x63,0x5d,0x5b,
0x5e,0x63,0x5d,0x5b,0x5e,0x63,0x3d,0x63,0x5e,0x63,0x3d,0x63,0x3e,0x63,0x3e,0x63,0x3e,0x63,0x3d,0x63,0x3e,0x6b,0x1e,0x63,0x3e,0x6b,0x1d,0x63,0x3e,0x6b,0x1e,0x6b,
0x3e,0x6b,0x1d,0x6b,0x3e,0x73,0x1e,0x6b,0x3e,0x73,0x1e,0x6b,0x1e,0x73,0x1e,0x73,0x1e,0x73,0x1e,0x73,0x1e,0x73,0x1e,0x73,0x1e,0x73,0x1e,0x73,0x1e,0x7b,0xfe,0x72,
0x1e,0x7b,0xfe,0x72,0x1e,0x7b,0xfe,0x7a,0x1e,0x7b,0xfe,0x7a,0x1e,0x83,0xfe,0x7a,0x1e,0x83,0xfe,0x7a,0xfe,0x82,0xfe,0x82,0xfe,0x82,0xfe,0x82,0xfe,0x82,0xfe,0x82,
0xfe,0x82,0xfe,0x82,0xfe,0x8a,0xfe,0x82,0xfe,0x8a,0xde,0x82,0xfe,0x8a,0xde,0x8a,0xfe,0x8a,0xde,0x8a,0xfe,0x8a,0xde,0x8a,0xfe,0x8a,0xde,0x8a,0xfe,0x92,0xde,0x8a,
0xfe,0x92,0xde,0x8a,0xfe,0x92,0xde,0x8a,0xde,0x92,0xde,0x8a,0xdf,0x92,0xde,0x92,0xde,0x92,0xde,0x92,0xdf,0x92,0xde,0x92,0xde,0x92,0xde,0x92,0xdf,0x92,0xde,0x92,
0xde,0x92,0xde,0x92,0xdf,0x9a,0xde,0x92,0xde,0x9a,0xde,0x92,0xdf,0x9a,0xbe,0x92,0xde,0x9a,0xbe,0x92,0xdf,0x9a,0xbe,0x9a,0xde,0x9a,0xbe,0x9a,0xdf,0x9a,0xbe,0x9a,
0xde,0x9a,0xbe,0x9a,0xdf,0x9a,0xbe,0x9a,0xde,0x9a,0xbe,0x9a,0xdf,0xa2,0xbe,0x9a,0xdf,0x9a,0xbe,0x9a,0xdf,0xa2,0xbe,0x9a,0xdf,0xa2,0xbe,0x9a,0xdf,0xa2,0xbe,0x9a,
0x5d,0x4c,0x7e,0x4c,0x5d,0x44,0x7d,0x4c,0x5d,0x4c,0x7e,0x4c,0x5d,0x4c,0x5d,0x4c,0x5d,0x4c,0x5e,0x4c,0x5d,0x4c,0x5d,0x4c,0x5d,0x4c,0x5e,0x4c,0x3d,0x4c,0x5e,0x4c,
0x3d,0x4c,0x5e,0x4c,0x3d,0x4c,0x5e,0x4c,0x3d,0x4c,0x3e,0x54,0x3d,0x4c,0x3e,0x4c,0x3d,0x4c,0x3e,0x54,0x1d,0x4c,0x3e,0x54,0x1d,0x4c,0x3e,0x54,0x1d,0x4c,0x1e,0x54,
0x1d,0x4c,0x1e,0x54,0x1d,0x4c,0x1e,0x54,0xfd,0x4b,0x1e,0x54,0xfd,0x4b,0xfe,0x53,0xfd,0x53,0xfe,0x53,0xfd,0x53,0xfe,0x53,0xdd,0x53,0xfe,0x53,0xdd,0x53,0xde,0x53,
0xdd,0x53,0xde,0x53,0xdd,0x53,0xde,0x53,0xbd,0x53,0xde,0x5b,0xbd,0x53,0xbe,0x5b,0xbd,0x53,0xbe,0x5b,0x9d,0x53,0xbe,0x5b,0x9d,0x53,0x9e,0x5b,0x9d,0x53,0x9e,0x5b,
0x7d,0x5b,0x9e,0x5b,0x7d,0x5b,0x7e,0x5b,0x5d,0x5b,0x7e,0x5b,0x5d,0x5b,0x5e,0x5b,0x5d,0x5b,0x5e,0x63,0x3d,0x5b,0x5e,0x63,0x3d,0x5b,0x3e,0x63,0x1d,0x5b,0x3e,0x63,
0x1d,0x63,0x3e,0x63,0x1d,0x63,0x3e,0x63,0x1d,0x63,0x3e,0x6b,0x1d,0x63,0x3e,0x6b,0x1d,0x6b,0x1e,0x6b,0x1d,0x6b,0x1e,0x6b,0x1d,0x6b,0x1e,0x73,0x1d,0x6b,0x1e,0x73,
0x1d,0x6b,0x1e,0x73,0xfd,0x6a,0x1e,0x73,0xfd,0x72,0x1e,0x73,0xfd,0x72,0x1e,0x7b,0xfd,0x72,0x1e,0x7b,0xfd,0x72,0x1e,0x7b,0xfe,0x7a,0xfe,0x7a,0xfd,0x7a,0xfe,0x7a,
0xfe,0x7a,0xfe,0x82,0xfd,0x7a,0xfe,0x82,0xfe,0x7a,0xfe,0x82,0xdd,0x7a,0xfe,0x82,0xde,0x82,0xfe,0x82,0xde,0x82,0xfe,0x82,0xde,0x82,0xfe,0x8a,0xde,0x82,0xfe,0x8a,
0xde,0x82,0xfe,0x8a,0xde,0x82,0xde,0x8a,0xde,0x8a,0xde,0x8a,0xde,0x8a,0xde,0x8a,0xde,0x8a,0xde,0x92,0xde,0x8a,0xde,0x92,0xde,0x8a,0xde,0x92,0xde,0x8a,0xde,0x92,
0xde,0x8a,0xde,0x92,0xde,0x8a,0xde,0x92,0xbe,0x92,0xde,0x92,0xbe,0x92,0xde,0x92,0xbe,0x92,0xde,0x92,0xbe,0x92,0xde,0x92,0xbe,0x92,0xde,0x9a,0xbe,0x92,0xde,0x9a,
0xbe,0x92,0xde,0x9a,0xbe,0x92,0xde,0x9a,0xbe,0x92,0xde,0x9a,0xbe,0x92,0xde,0x9a,0xbe,0x9a,0xbe,0x9a,0xbe,0x9a,0xbe,0x9a,0xbe,0x9a,0xbe,0x9a,0xbe,0x9a,0xbe,0x9a,
0xbe,0x9a,0xbe,0x9a,0xbe,0x9a,0xbe,0x9a,0xbe,0x9a,0xbe,0xa2,0xbe,0x9a,0xbe,0x9a,0x7e,0x4c,0x7d,0x4c,0x7e,0x4c,0x7d,0x4c,0x7e,0x4c,0x5d,0x4c,0x7e,0x4c,0x5d,0x4c,
0x7e,0x4c,0x5d,0x4c,0x7e,0x4c,0x5d,0x4c,0x5e,0x54,0x5d,0x4c,0x5e,0x4c,0x5d,0x4c,0x5e,0x54,0x5d,0x4c,0x5e,0x54,0x3d,0x4c,0x5e,0x54,0x3d,0x4c,0x5e,0x54,0x3d,0x4c,
0x3e,0x54,0x3d,0x4c,0x3e,0x54,0x3d,0x4c,0x3e,0x54,0x1d,0x4c,0x3e,0x54,0x1d,0x4c,0x3e,0x54,0x1d,0x54,0x1e,0x54,0x1d,0x54,0x1e,0x54,0x1d,0x54,0x1e,0x54,0xfd,0x53,
0x1e,0x54,0xfd,0x53,0xfe,0x53,0xfd,0x53,0xfe,0x53,0xfd,0x53,0xfe,0x53,0xdd,0x53,0xfe,0x5b,0xdd,0x53,0xde,0x5b,0xdd,0x53,0xde,0x5b,0xbd,0x53,0xde,0x5b,0xbd,0x53,
0xbe,0x5b,0xbd,0x5b,0xbe,0x5b,0x9d,0x5b,0xbe,0x5b,0x9d,0x5b,0x9e,0x5b,0x9d,0x5b,0x9e,0x5b,0x7d,0x5b,0x9e,0x5b,0x7d,0x5b,0x7e,0x63,0x7d,0x5b,0x7e,0x63,0x5d,0x5b,
0x5e,0x63,0x5d,0x5b,0x5e,0x63,0x3d,0x5b,0x5e,0x63,0x3d,0x63,0x3e,0x63,0x3d,0x63,0x3e,0x63,0x3e,0x63,0x3e,0x6b,0x1d,0x63,0x3e,0x6b,0x1e,0x63,0x3e,0x6b,0x1d,0x6b,
0x3e,0x6b,0x1e,0x6b,0x3e,0x6b,0x1d,0x6b,0x3e,0x73,0x1e,0x6b,0x1e,0x73,0x1e,0x6b,0x1e,0x73,0x1e,0x73,0x1e,0x73,0x1e,0x73,0x1e,0x7b,0x1e,0x73,0x1e,0x7b,0xfe,0x72,
0x1e,0x7b,0xfe,0x7a,0x1e,0x7b,0xfe,0x7a,0x1e,0x7b,0xfe,0x7a,0x1e,0x7b,0xfe,0x7a,0xfe,0x82,0xfe,0x7a,0xfe,0x82,0xfe,0x7a,0xfe,0x82,0xfe,0x82,0xfe,0x82,0xfe,0x82,
0xfe,0x8a,0xfe,0x82,0xfe,0x8a,0xfe,0x82,0xfe,0x8a,0xde,0x82,0xfe,0x8a,0xde,0x82,0xfe,0x8a,0xde,0x8a,0xfe,0x8a,0xde,0x8a,0xfe,0x8a,0xde,0x8a,0xfe,0x8a,0xde,0x8a,
0xfe,0x92,0xde,0x8a,0xde,0x92,0xde,0x8a,0xdf,0x92,0xde,0x92,0xde,0x92,0xde,0x92,0xdf,0x92,0xde,0x92,0xde,0x92,0xde,0x92,0xdf,0x92,0xde,0x92,0xde,0x92,0xde,0x92,
0xdf,0x9a,0xde,0x92,0xde,0x9a,0xde,0x92,0xdf,0x9a,0xbe,0x92,0xde,0x9a,0xbe,0x92,0xdf,0x9a,0xbe,0x9a,0xde,0x9a,0xbe,0x9a,0xdf,0x9a,0xbe,0x9a,0xde,0x9a,0xbe,0x9a,
0xdf,0x9a,0xbe,0x9a,0xdf,0x9a,0xbe,0x9a,0xdf,0xa2,0xbe,0x9a,0xdf,0x9a,0xbe,0x9a,0xdf,0xa2,0xbe,0x9a,0xdf,0xa2,0xbe,0x9a,0xdf,0xa2,0xbe,0x9a,0xbf,0xa2,0xbe,0x9a,
0x7d,0x44,0x7d,0x4c,0x7d,0x4c,0x7e,0x4c,0x5d,0x44,0x7d,0x4c,0x5d,0x4c,0x7e,0x4c,0x5d,0x4c,0x7d,0x4c,0x5d,0x4c,0x5e,0x4c,0x5d,0x4c,0x5d,0x4c,0x5d,0x4c,0x5e,0x4c,
0x5d,0x4c,0x5e,0x4c,0x3d,0x4c,0x5e,0x4c,0x3d,0x4c,0x5e,0x4c,0x3d,0x4c,0x3e,0x4c,0x3d,0x4c,0x3e,0x4c,0x3d,0x4c,0x3e,0x54,0x1d,0x4c,0x3e,0x54,0x1d,0x4c,0x3e,0x54,
0x1d,0x4c,0x1e,0x54,0x1d,0x4c,0x1e,0x54,0x1d,0x4c,0x1e,0x54,0xfd,0x4b,0x1e,0x54,0xfd,0x4b,0xfe,0x53,0xfd,0x53,0xfe,0x53,0xfd,0x53,0xfe,0x53,0xdd,0x53,0xfe,0x53,
0xdd,0x53,0xde,0x53,0xdd,0x53,0xde,0x53,0xbd,0x53,0xde,0x53,0xbd,0x53,0xbe,0x5b,0xbd,0x53,0xbe,0x5b,0x9d,0x53,0xbe,0x5b,0x9d,0x53,0x9e,0x5b,0x9d,0x5b,0x9e,0x5b,
0x7d,0x5b,0x9e,0x5b,0x7d,0x5b,0x7e,0x5b,0x7d,0x5b,0x7e,0x5b,0x5d,0x5b,0x7e,0x63,0x5d,0x5b,0x5e,0x63,0x3d,0x5b,0x5e,0x63,0x3d,0x5b,0x3e,0x63,0x3d,0x5b,0x3e,0x63,
0x1d,0x63,0x3e,0x63,0x1d,0x63,0x3e,0x6b,0x1d,0x63,0x3e,0x6b,0x1d,0x63,0x3e,0x6b,0x1d,0x63,0x1e,0x6b,0x1d,0x6b,0x1e,0x6b,0x1d,0x6b,0x1e,0x6b,0x1d,0x6b,0x1e,0x73,
0x1d,0x6b,0x1e,0x73,0xfd,0x72,0x1e,0x73,0xfd,0x72,0x1e,0x73,0xfd,0x72,0x1e,0x7b,0xfd,0x72,0x1e,0x7b,0xfe,0x72,0xfe,0x7a,0xfd,0x7a,0xfe,0x7a,0xfe,0x7a,0xfe,0x7a,
0xfd,0x7a,0xfe,0x82,0xfe,0x7a,0xfe,0x82,0xfd,0x7a,0xfe,0x82,0xde,0x82,0xfe,0x82,0xde,0x82,0xfe,0x82,0xde,0x82,0xfe,0x8a,0xde,0x82,0xfe,0x8a,0xde,0x82,0xfe,0x8a,
0xde,0x82,0xfe,0x8a,0xde,0x8a,0xde,0x8a,0xde,0x8a,0xde,0x8a,0xde,0x8a,0xde,0x8a,0xde,0x8a,0xde,0x92,0xde,0x8a,0xde,0x92,0xde,0x8a,0xde,0x92,0xde,0x8a,0xde,0x92,
0xde,0x8a,0xde,0x92,0xbe,0x92,0xde,0x92,0xbe,0x92,0xde,0x92,0xbe,0x92,0xde,0x92,0xbe,0x92,0xde,0x92,0xbe,0x92,0xde,0x9a,0xbe,0x92,0xde,0x9a,0xbe,0x92,0xde,0x9a,
0xbe,0x92,0xde,0x9a,0xbe,0x92,0xde,0x9a,0xbe,0x92,0xde,0x9a,0xbe,0x9a,0xbe,0x9a,0xbe,0x9a,0xbe,0x9a,0xbe,0x9a,0xbe,0x9a,0xbe,0x9a,0xbe,0x9a,0xbe,0x9a,0xbe,0x9a,
0xbe,0x9a,0xbe,0x9a,0xbe,0x9a,0xbe,0xa2,0xbe,0x9a,0xbe,0xa2,0xbe,0x9a,0xbe,0xa2,0x9e,0x4c,0x7d,0x4c,0x7e,0x4c,0x7d,0x4c,0x7e,0x4c,0x7d,0x4c,0x7e,0x4c,0x7d,0x4c,
0x7e,0x4c,0x5d,0x4c,0x7e,0x4c,0x5d,0x4c,0x7e,0x4c,0x5d,0x4c,0x7e,0x4c,0x5d,0x4c,0x5e,0x4c,0x5d,0x4c,0x5e,0x54,0x5d,0x4c,0x5e,0x54,0x3d,0x4c,0x5e,0x54,0x3d,0x4c,
0x5e,0x54,0x3d,0x4c,0x3e,0x54,0x3d,0x4c,0x3e,0x54,0x3d,0x4c,0x3e,0x54,0x1d,0x4c,0x3e,0x54,0x1d,0x4c,0x3e,0x54,0x1d,0x54,0x1e,0x54,0x1d,0x54,0x1e,0x54,0x1d,0x54,
0x1e,0x54,0xfd,0x53,0x1e,0x54,0xfd,0x53,0xfe,0x53,0xfd,0x53,0xfe,0x53,0xfd,0x53,0xfe,0x53,0xdd,0x53,0xfe,0x5b,0xdd,0x53,0xde,0x5b,0xdd,0x53,0xde,0x5b,0xbd,0x53,
0xde,0x5b,0xbd,0x53,0xbe,0x5b,0xbd,0x5b,0xbe,0x5b,0x9d,0x5b,0xbe,0x5b,0x9d,0x5b,0x9e,0x5b,0x9d,0x5b,0x9e,0x5b,0x7d,0x5b,0x7e,0x5b,0x7d,0x5b,0x7e,0x63,0x5d,0x5b,
0x7e,0x63,0x5d,0x5b,0x5e,0x63,0x3d,0x63,0x5e,0x63,0x3d,0x63,0x3e,0x63,0x3e,0x63,0x3e,0x63,0x3d,0x63,0x3e,0x6b,0x3e,0x63,0x3e,0x6b,0x1d,0x63,0x3e,0x6b,0x1e,0x6b,
0x3e,0x6b,0x1d,0x6b,0x3e,0x73,0x1e,0x6b,0x3e,0x73,0x1e,0x6b,0x1e,0x73,0x1e,0x73,0x1e,0x73,0x1e,0x73,0x1e,0x73,0x1e,0x73,0x1e,0x7b,0x1e,0x73,0x1e,0x7b,0xfe,0x72,
0x1e,0x7b,0xfe,0x7a,0x1e,0x7b,0xfe,0x7a,0x1e,0x7b,0xfe,0x7a,0x1e,0x83,0xfe,0x7a,0xfe,0x82,0xfe,0x7a,0xfe,0x82,0xfe,0x82,0xfe,0x82,0xfe,0x82,0xfe,0x82,0xfe,0x82,
0xfe,0x8a,0xfe,0x82,0xfe,0x8a,0xde,0x82,0xfe,0x8a,0xde,0x82,0xfe,0x8a,0xde,0x8a,0xfe,0x8a,0xde,0x8a,0xfe,0x8a,0xde,0x8a,0xfe,0x8a,0xde,0x8a,0xfe,0x92,0xde,0x8a,
0xde,0x92,0xde,0x8a,0xde,0x92,0xde,0x92,0xde,0x92,0xde,0x92,0xdf,0x92,0xde,0x92,0xde,0x92,0xde,0x92,0xdf,0x92,0xde,0x92,0xde,0x92,0xde,0x92,0xdf,0x9a,0xde,0x92,
0xde,0x9a,0xbe,0x92,0xdf,0x9a,0xbe,0x92,0xde,0x9a,0xbe,0x92,0xdf,0x9a,0xbe,0x9a,0xde,0x9a,0xbe,0x9a,0xdf,0x9a,0xbe,0x9a,0xde,0x9a,0xbe,0x9a,0xdf,0x9a,0xbe,0x9a,
0xdf,0x9a,0xbe,0x9a,0xdf,0xa2,0xbe,0x9a,0xdf,0xa2,0xbe,0x9a,0xdf,0xa2,0xbe,0x9a,0xdf,0xa2,0xbe,0x9a,0xdf,0xa2,0xbe,0x9a,0xbf,0xa2,0xbe,0x9a,0xbf,0xa2,0xbe,0x9a,
0x7d,0x44,0x7e,0x4c,0x7d,0x44,0x7d,0x4c,0x7d,0x44,0x7e,0x4c,0x5d,0x44,0x7d,0x4c,0x5d,0x4c,0x7e,0x4c,0x5d,0x44,0x7d,0x4c,0x5d,0x4c,0x5e,0x4c,0x5d,0x4c,0x5d,0x4c,
0x5d,0x4c,0x5e,0x4c,0x5d,0x4c,0x5e,0x4c,0x3d,0x4c,0x5e,0x4c,0x3d,0x4c,0x5e,0x4c,0x3d,0x4c,0x3e,0x4c,0x3d,0x4c,0x3e,0x4c,0x3d,0x4c,0x3e,0x54,0x1d,0x4c,0x3e,0x54,
0x1d,0x4c,0x3e,0x54,0x1d,0x4c,0x1e,0x54,0x1d,0x4c,0x1e,0x54,0x1d,0x4c,0x1e,0x54,0xfd,0x4b,0x1e,0x54,0xfd,0x4b,0xfe,0x53,0xfd,0x53,0xfe,0x53,0xfd,0x53,0xfe,0x53,
0xdd,0x53,0xfe,0x53,0xdd,0x53,0xde,0x53,0xdd,0x53,0xde,0x5b,0xbd,0x53,0xde,0x53,0xbd,0x53,0xbe,0x5b,0xbd,0x53,0xbe,0x5b,0x9d,0x53,0xbe,0x5b,0x9d,0x53,0x9e,0x5b,
0x9d,0x5b,0x9e,0x5b,0x7d,0x5b,0x7e,0x5b,0x7d,0x5b,0x7e,0x5b,0x5d,0x5b,0x7e,0x5b,0x5d,0x5b,0x5e,0x63,0x5d,0x5b,0x5e,0x63,0x3d,0x5b,0x3e,0x63,0x3d,0x5b,0x3e,0x63,
0x1d,0x63,0x3e,0x63,0x1d,0x63,0x3e,0x63,0x1d,0x63,0x3e,0x6b,0x1d,0x63,0x3e,0x6b,0x1d,0x6b,0x1e,0x6b,0x1d,0x6b,0x1e,0x6b,0x1d,0x6b,0x1e,0x73,0x1d,0x6b,0x1e,0x73,
0x1d,0x6b,0x1e,0x73,0xfd,0x72,0x1e,0x73,0xfd,0x72,0x1e,0x7b,0xfd,0x72,0x1e,0x7b,0xfd,0x72,0x1e,0x7b,0xfd,0x72,0xfe,0x7a,0xfe,0x7a,0xfe,0x7a,0xfd,0x7a,0xfe,0x7a,
0xfe,0x7a,0xfe,0x82,0xfd,0x7a,0xfe,0x82,0xfe,0x82,0xfe,0x82,0xdd,0x82,0xfe,0x82,0xde,0x82,0xfe,0x8a,0xde,0x82,0xfe,0x8a,0xde,0x82,0xfe,0x8a,0xde,0x82,0xfe,0x8a,
0xde,0x8a,0xde,0x8a,0xde,0x8a,0xde,0x8a,0xde,0x8a,0xde,0x8a,0xde,0x8a,0xde,0x8a,0xde,0x8a,0xde,0x92,0xde,0x8a,0xde,0x92,0xde,0x8a,0xde,0x92,0xde,0x8a,0xde,0x92,
0xbe,0x92,0xde,0x92,0xbe,0x92,0xde,0x92,0xbe,0x92,0xde,0x92,0xbe,0x92,0xde,0x92,0xbe,0x92,0xde,0x9a,0xbe,0x92,0xde,0x9a,0xbe,0x92,0xde,0x9a,0xbe,0x92,0xde,0x9a,
0xbe,0x92,0xde,0x9a,0xbe,0x92,0xde,0x9a,0xbe,0x9a,0xbe,0x9a,0xbe,0x9a,0xbe,0x9a,0xbe,0x9a,0xbe,0x9a,0xbe,0x9a,0xbe,0x9a,0xbe,0x9a,0xbe,0x9a,0xbe,0x9a,0xbe,0x9a,
0xbe,0x9a,0xbe,0xa2,0xbe,0x9a,0xbe,0xa2,0xbe,0x9a,0xbe,0xa2,0xbe,0x9a,0xbe,0xa2,0x9e,0x4c,0x7d,0x4c,0x9e,0x4c,0x7d,0x4c,0x7e,0x4c,0x7d,0x4c,0x7e,0x4c,0x7d,0x4c,
0x7e,0x4c,0x7d,0x4c,0x7e,0x4c,0x5d,0x4c,0x7e,0x4c,0x5d,0x4c,0x7e,0x4c,0x5d,0x4c,0x7e,0x4c,0x5d,0x4c,0x5e,0x4c,0x5d,0x4c,0x5e,0x54,0x5d,0x4c,0x5e,0x4c,0x5d,0x4c,
0x5e,0x54,0x3d,0x4c,0x5e,0x54,0x3d,0x4c,0x5e,0x54,0x3d,0x4c,0x3e,0x54,0x3d,0x4c,0x3e,0x54,0x3d,0x4c,0x3e,0x54,0x1d,0x4c,0x3e,0x54,0x1d,0x54,0x1e,0x54,0x1d,0x54,
0x1e,0x54,0x1d,0x54,0x1e,0x54,0xfd,0x53,0x1e,0x54,0xfd,0x53,0xfe,0x53,0xfd,0x53,0xfe,0x5b,0xdd,0x53,0xfe,0x53,0xdd,0x53,0xfe,0x5b,0xdd,0x53,0xde,0x5b,0xdd,0x53,
0xde,0x5b,0xbd,0x53,0xde,0x5b,0xbd,0x53,0xbe,0x5b,0x9d,0x5b,0xbe,0x5b,0x9d,0x5b,0x9e,0x5b,0x9d,0x5b,0x9e,0x5b,0x7d,0x5b,0x9e,0x63,0x7d,0x5b,0x7e,0x63,0x7d,0x5b,
0x7e,0x63,0x5d,0x5b,0x5e,0x63,0x5d,0x5b,0x5e,0x63,0x3d,0x63,0x3e,0x63,0x3d,0x63,0x3e,0x63,0x3e,0x63,0x3e,0x63,0x3d,0x63,0x3e,0x6b,0x1e,0x63,0x3e,0x6b,0x1d,0x6b,
0x3e,0x6b,0x1e,0x6b,0x3e,0x6b,0x1d,0x6b,0x3e,0x73,0x1e,0x6b,0x1e,0x73,0x1e,0x6b,0x1e,0x73,0x1e,0x73,0x1e,0x73,0x1e,0x73,0x1e,0x7b,0x1e,0x73,0x1e,0x7b,0xfe,0x72,
0x1e,0x7b,0xfe,0x7a,0x1e,0x7b,0xfe,0x7a,0x1e,0x83,0xfe,0x7a,0x1e,0x83,0xfe,0x7a,0xfe,0x82,0xfe,0x82,0xfe,0x82,0xfe,0x82,0xfe,0x82,0xfe,0x82,0xfe,0x82,0xfe,0x82,
0xfe,0x8a,0xfe,0x82,0xfe,0x8a,0xde,0x82,0xfe,0x8a,0xde,0x8a,0xfe,0x8a,0xde,0x8a,0xfe,0x8a,0xde,0x8a,0xfe,0x8a,0xde,0x8a,0xfe,0x92,0xde,0x8a,0xde,0x92,0xde,0x8a,
0xde,0x92,0xde,0x92,0xde,0x92,0xde,0x92,0xdf,0x92,0xde,0x92,0xde,0x92,0xde,0x92,0xdf,0x92,0xde,0x92,0xde,0x92,0xde,0x92,0xdf,0x9a,0xde,0x92,0xde,0x9a,0xbe,0x92,
0xdf,0x9a,0xbe,0x92,0xde,0x9a,0xbe,0x92,0xdf,0x9a,0xbe,0x9a,0xde,0x9a,0xbe,0x9a,0xdf,0x9a,0xbe,0x9a,0xde,0x9a,0xbe,0x9a,0xdf,0x9a,0xbe,0x9a,0xdf,0x9a,0xbe,0x9a,
0xdf,0xa2,0xbe,0x9a,0xdf,0xa2,0xbe,0x9a,0xdf,0xa2,0xbe,0x9a,0xdf,0xa2,0xbe,0x9a,0xbf,0xa2,0xbe,0x9a,0xbf,0xa2,0xbe,0x9a,0xbf,0xa2,0xbe,0xa2,0xbf,0xa2,0xbe,0x9a,
0x7d,0x44,0x9d,0x4c,0x7d,0x44,0x7e,0x4c,0x7d,0x44,0x7d,0x4c,0x7d,0x44,0x7e,0x4c,0x7d,0x44,0x7d,0x4c,0x5d,0x4c,0x7e,0x4c,0x5d,0x44,0x7d,0x4c,0x5d,0x4c,0x7e,0x4c,
0x5d,0x4c,0x5d,0x4c,0x5d,0x4c,0x5e,0x4c,0x5d,0x4c,0x5e,0x4c,0x3d,0x4c,0x5e,0x4c,0x3d,0x4c,0x5e,0x4c,0x3d,0x4c,0x3e,0x4c,0x3d,0x4c,0x3e,0x4c,0x3d,0x4c,0x3e,0x54,
0x1d,0x4c,0x3e,0x54,0x1d,0x4c,0x3e,0x54,0x1d,0x4c,0x1e,0x54,0x1d,0x4c,0x1e,0x54,0x1d,0x4c,0x1e,0x54,0xfd,0x4b,0x1e,0x54,0xfd,0x4b,0xfe,0x53,0xfd,0x53,0xfe,0x53,
0xdd,0x53,0xfe,0x53,0xdd,0x53,0xfe,0x53,0xdd,0x53,0xde,0x53,0xdd,0x53,0xde,0x5b,0xbd,0x53,0xde,0x5b,0xbd,0x53,0xbe,0x5b,0xbd,0x53,0xbe,0x5b,0x9d,0x53,0x9e,0x5b,
0x9d,0x53,0x9e,0x5b,0x7d,0x5b,0x9e,0x5b,0x7d,0x5b,0x7e,0x5b,0x7d,0x5b,0x7e,0x5b,0x5d,0x5b,0x5e,0x5b,0x5d,0x5b,0x5e,0x63,0x3d,0x5b,0x3e,0x63,0x3d,0x5b,0x3e,0x63,
0x1d,0x5b,0x3e,0x63,0x1d,0x63,0x3e,0x63,0x1d,0x63,0x3e,0x6b,0x1d,0x63,0x3e,0x6b,0x1d,0x63,0x1e,0x6b,0x1d,0x6b,0x1e,0x6b,0x1d,0x6b,0x1e,0x6b,0x1d,0x6b,0x1e,0x73,
0x1d,0x6b,0x1e,0x73,0xfd,0x72,0x1e,0x73,0xfd,0x72,0x1e,0x73,0xfd,0x72,0x1e,0x7b,0xfd,0x72,0x1e,0x7b,0xfe,0x7a,0xfe,0x7a,0xfd,0x7a,0xfe,0x7a,0xfe,0x7a,0xfe,0x82,
0xfd,0x7a,0xfe,0x82,0xfe,0x7a,0xfe,0x82,0xdd,0x82,0xfe,0x82,0xde,0x82,0xfe,0x82,0xde,0x82,0xfe,0x82,0xde,0x82,0xfe,0x8a,0xde,0x82,0xfe,0x8a,0xde,0x8a,0xde,0x8a,
0xde,0x8a,0xde,0x8a,0xde,0x8a,0xde,0x8a,0xde,0x8a,0xde,0x8a,0xde,0x8a,0xde,0x92,0xde,0x8a,0xde,0x92,0xde,0x8a,0xde,0x92,0xde,0x8a,0xde,0x92,0xbe,0x92,0xde,0x92,
0xbe,0x92,0xde,0x92,0xbe,0x92,0xde,0x92,0xbe,0x92,0xde,0x92,0xbe,0x92,0xde,0x9a,0xbe,0x92,0xde,0x9a,0xbe,0x92,0xde,0x9a,0xbe,0x92,0xde,0x9a,0xbe,0x9a,0xde,0x9a,
0xbe,0x92,0xbe,0x9a,0xbe,0x9a,0xbe,0x9a,0xbe,0x9a,0xbe,0x9a,0xbe,0x9a,0xbe,0x9a,0xbe,0x9a,0xbe,0x9a,0xbe,0x9a,0xbe,0xa2,0xbe,0x9a,0xbe,0x9a,0xbe,0x9a,0xbe,0xa2,
0xbe,0x9a,0xbe,0xa2,0xbe,0x9a,0xbe,0xa2,0xbe,0x9a,0xbe,0xa2,0xbe,0x9a,0xbe,0xa2,0x9e,0x4c,0x7d,0x44,0x9e,0x4c,0x7d,0x4c,0x9e,0x4c,0x7d,0x4c,0x9e,0x4c,0x7d,0x4c,
0x7e,0x4c,0x7d,0x4c,0x7e,0x4c,0x7d,0x4c,0x7e,0x4c,0x7d,0x4c,0x7e,0x4c,0x5d,0x4c,0x7e,0x4c,0x5d,0x4c,0x7e,0x4c,0x5d,0x4c,0x7e,0x4c,0x5d,0x4c,0x5e,0x54,0x5d,0x4c,
0x5e,0x4c,0x5d,0x4c,0x5e,0x54,0x3d,0x4c,0x5e,0x54,0x3d,0x4c,0x5e,0x54,0x3d,0x4c,0x3e,0x54,0x3d,0x4c,0x3e,0x54,0x3d,0x4c,0x3e,0x54,0x1d,0x4c,0x3e,0x54,0x1d,0x54,
0x1e,0x54,0x1d,0x54,0x1e,0x54,0x1d,0x54,0x1e,0x54,0xfd,0x53,0x1e,0x54,0xfd,0x53,0xfe,0x53,0xfd,0x53,0xfe,0x5b,0xdd,0x53,0xfe,0x53,0xdd,0x53,0xde,0x5b,0xdd,0x53,
0xde,0x5b,0xbd,0x53,0xde,0x5b,0xbd,0x53,0xbe,0x5b,0xbd,0x53,0xbe,0x5b,0x9d,0x5b,0xbe,0x5b,0x9d,0x5b,0x9e,0x5b,0x9d,0x5b,0x9e,0x5b,0x7d,0x5b,0x7e,0x63,0x7d,0x5b,
0x7e,0x63,0x5d,0x5b,0x7e,0x63,0x5d,0x5b,0x5e,0x63,0x3d,0x5b,0x5e,0x63,0x3d,0x63,0x3e,0x63,0x3d,0x63,0x3e,0x6b,0x3e,0x63,0x3e,0x6b,0x1d,0x63,0x3e,0x6b,0x1e,0x6b,
0x3e,0x6b,0x1d,0x6b,0x3e,0x73,0x1e,0x6b,0x3e,0x73,0x1e,0x6b,0x1e,0x73,0x1e,0x73,0x1e,0x73,0x1e,0x73,0x1e,0x73,0x1e,0x73,0x1e,0x7b,0xfe,0x72,0x1e,0x7b,0xfe,0x7a,
0x1e,0x7b,0xfe,0x7a,0x1e,0x7b,0xfe,0x7a,0x1e,0x7b,0xfe,0x7a,0xfe,0x82,0xfe,0x7a,0xfe,0x82,0xfe,0x82,0xfe,0x82,0xfe,0x82,0xfe,0x82,0xfe,0x82,0xfe,0x8a,0xfe,0x82,
0xfe,0x8a,0xde,0x82,0xfe,0x8a,0xde,0x8a,0xfe,0x8a,0xde,0x8a,0xfe,0x8a,0xde,0x8a,0xfe,0x8a,0xde,0x8a,0xfe,0x92,0xde,0x8a,0xfe,0x92,0xde,0x8a,0xde,0x92,0xde,0x92,
0xde,0x92,0xde,0x92,0xdf,0x92,0xde,0x92,0xde,0x92,0xde,0x92,0xdf,0x92,0xde,0x92,0xde,0x92,0xde,0x92,0xdf,0x9a,0xde,0x92,0xde,0x9a,0xbe,0x92,0xdf,0x9a,0xbe,0x92,
0xde,0x9a,0xbe,0x92,0xdf,0x9a,0xbe,0x9a,0xde,0x9a,0xbe,0x9a,0xdf,0x9a,0xbe,0x9a,0xde,0x9a,0xbe,0x9a,0xdf,0x9a,0xbe,0x9a,0xdf,0x9a,0xbe,0x9a,0xdf,0xa2,0xbe,0x9a,
0xdf,0xa2,0xbe,0x9a,0xdf,0xa2,0xbe,0x9a,0xdf,0xa2,0xbe,0x9a,0xbf,0xa2,0xbe,0x9a,0xbf,0xa2,0xbe,0x9a,0xbf,0xa2,0xbe,0xa2,0xbf,0xa2,0xbe,0xa2,0xbf,0xa2,0xbe,0xa2,
0x7d,0x44,0x9e,0x4c,0x7d,0x44,0x9d,0x4c,0x7d,0x44,0x7e,0x4c,0x7d,0x44,0x7d,0x4c,0x7d,0x44,0x7e,0x4c,0x7d,0x44,0x7d,0x4c,0x7d,0x4c,0x7e,0x4c,0x5d,0x44,0x7d,0x4c,
0x5d,0x4c,0x7e,0x4c,0x5d,0x4c,0x5d,0x4c,0x5d,0x4c,0x5e,0x4c,0x5d,0x4c,0x5d,0x4c,0x5d,0x4c,0x5e,0x4c,0x3d,0x4c,0x5e,0x4c,0x3d,0x4c,0x5e,0x4c,0x3d,0x4c,0x3e,0x4c,
0x3d,0x4c,0x3e,0x54,0x3d,0x4c,0x3e,0x54,0x1d,0x4c,0x3e,0x54,0x1d,0x4c,0x1e,0x54,0x1d,0x4c,0x1e,0x54,0x1d,0x4c,0x1e,0x54,0xfd,0x4b,0x1e,0x54,0xfd,0x4b,0xfe,0x53,
0xfd,0x53,0xfe,0x53,0xdd,0x53,0xfe,0x53,0xdd,0x53,0xde,0x53,0xdd,0x53,0xde,0x53,0xbd,0x53,0xde,0x5b,0xbd,0x53,0xbe,0x5b,0xbd,0x53,0xbe,0x5b,0x9d,0x53,0xbe,0x5b,
0x9d,0x53,0x9e,0x5b,0x9d,0x53,0x9e,0x5b,0x7d,0x5b,0x7e,0x5b,0x7d,0x5b,0x7e,0x5b,0x5d,0x5b,0x7e,0x63,0x5d,0x5b,0x5e,0x63,0x3d,0x5b,0x5e,0x63,0x3d,0x5b,0x3e,0x63,
0x1d,0x63,0x3e,0x63,0x1d,0x63,0x3e,0x63,0x1d,0x63,0x3e,0x6b,0x1d,0x63,0x3e,0x6b,0x1d,0x6b,0x1e,0x6b,0x1d,0x6b,0x1e,0x6b,0x1d,0x6b,0x1e,0x73,0x1d,0x6b,0x1e,0x73,
0x1d,0x6b,0x1e,0x73,0xfd,0x72,0x1e,0x73,0xfd,0x72,0x1e,0x7b,0xfd,0x72,0x1e,0x7b,0xfe,0x72,0xfe,0x7a,0xfd,0x7a,0xfe,0x7a,0xfe,0x7a,0xfe,0x82,0xfd,0x7a,0xfe,0x82,
0xfe,0x7a,0xfe,0x82,0xfd,0x7a,0xfe,0x82,0xde,0x82,0xfe,0x82,0xde,0x82,0xfe,0x82,0xde,0x82,0xfe,0x8a,0xde,0x82,0xfe,0x8a,0xde,0x82,0xfe,0x8a,0xde,0x8a,0xde,0x8a,
0xde,0x8a,0xde,0x8a,0xde,0x8a,0xde,0x8a,0xde,0x8a,0xde,0x92,0xde,0x8a,0xde,0x92,0xde,0x8a,0xde,0x92,0xde,0x8a,0xde,0x92,0xbe,0x92,0xde,0x92,0xbe,0x92,0xde,0x92,
0xbe,0x92,0xde,0x92,0xbe,0x92,0xde,0x92,0xbe,0x92,0xde,0x9a,0xbe,0x92,0xde,0x9a,0xbe,0x92,0xde,0x9a,0xbe,0x92,0xde,0x9a,0xbe,0x9a,0xde,0x9a,0xbe,0x92,0xbe,0x9a,
0xbe,0x9a,0xbe,0x9a,0xbe,0x9a,0xbe,0x9a,0xbe,0x9a,0xbe,0x9a,0xbe,0x9a,0xbe,0x9a,0xbe,0x9a,0xbe,0xa2,0xbe,0x9a,0xbe,0x9a,0xbe,0x9a,0xbe,0xa2,0xbe,0x9a,0xbe,0xa2,
0xbe,0x9a,0xbe,0xa2,0xbe,0x9a,0xbe,0xa2,0xbe,0x9a,0xbe,0xa2,0xbe,0x9a,0xbe,0xa2,0x9e,0x4c,0x9d,0x4c,0x9e,0x4c,0x7d,0x44,0x9e,0x4c,0x7d,0x4c,0x9e,0x4c,0x7d,0x4c,
0x9e,0x4c,0x7d,0x4c,0x9e,0x4c,0x7d,0x4c,0x7e,0x4c,0x7d,0x4c,0x7e,0x4c,0x7d,0x4c,0x7e,0x4c,0x5d,0x4c,0x7e,0x4c,0x5d,0x4c,0x7e,0x4c,0x5d,0x4c,0x7e,0x4c,0x5d,0x4c,
0x5e,0x54,0x5d,0x4c,0x5e,0x4c,0x5d,0x4c,0x5e,0x54,0x3d,0x4c,0x5e,0x54,0x3d,0x4c,0x5e,0x54,0x3d,0x4c,0x3e,0x54,0x3d,0x4c,0x3e,0x54,0x3d,0x4c,0x3e,0x54,0x1d,0x4c,
0x3e,0x54,0x1d,0x54,0x1e,0x54,0x1d,0x54,0x1e,0x54,0x1d,0x54,0x1e,0x54,0xfd,0x53,0x1e,0x54,0xfd,0x53,0xfe,0x53,0xfd,0x53,0xfe,0x5b,0xdd,0x53,0xfe,0x5b,0xdd,0x53,
0xde,0x5b,0xdd,0x53,0xde,0x5b,0xbd,0x53,0xde,0x5b,0xbd,0x5b,0xbe,0x5b,0xbd,0x53,0xbe,0x5b,0x9d,0x5b,0x9e,0x5b,0x9d,0x5b,0x9e,0x5b,0x7d,0x5b,0x9e,0x5b,0x7d,0x5b,
0x7e,0x63,0x5d,0x5b,0x7e,0x63,0x5d,0x5b,0x5e,0x63,0x3d,0x63,0x5e,0x63,0x3d,0x63,0x3e,0x63,0x3e,0x63,0x3e,0x63,0x3d,0x63,0x3e,0x6b,0x1e,0x63,0x3e,0x6b,0x1d,0x63,
0x3e,0x6b,0x1e,0x6b,0x3e,0x6b,0x1d,0x6b,0x3e,0x73,0x1e,0x6b,0x1e,0x73,0x1e,0x73,0x1e,0x73,0x1e,0x73,0x1e,0x73,0x1e,0x73,0x1e,0x7b,0xfe,0x72,0x1e,0x7b,0xfe,0x72,
0x1e,0x7b,0xfe,0x7a,0x1e,0x7b,0xfe,0x7a,0x1e,0x83,0xfe,0x7a,0xfe,0x82,0xfe,0x7a,0xfe,0x82,0xfe,0x82,0xfe,0x82,0xfe,0x82,0xfe,0x8a,0xfe,0x82,0xfe,0x8a,0xde,0x82,
0xfe,0x8a,0xde,0x8a,0xfe,0x8a,0xde,0x8a,0xfe,0x8a,0xde,0x8a,0xfe,0x8a,0xde,0x8a,0xfe,0x92,0xde,0x8a,0xfe,0x92,0xde,0x8a,0xde,0x92,0xde,0x92,0xde,0x92,0xde,0x92,
0xdf,0x92,0xde,0x92,0xde,0x92,0xde,0x92,0xdf,0x92,0xde,0x92,0xde,0x92,0xde,0x92,0xdf,0x9a,0xde,0x92,0xde,0x9a,0xbe,0x92,0xdf,0x9a,0xbe,0x92,0xde,0x9a,0xbe,0x92,
0xdf,0x9a,0xbe,0x9a,0xde,0x9a,0xbe,0x9a,0xdf,0x9a,0xbe,0x9a,0xde,0x9a,0xbe,0x9a,0xdf,0xa2,0xbe,0x9a,0xdf,0x9a,0xbe,0x9a,0xdf,0xa2,0xbe,0x9a,0xdf,0xa2,0xbe,0x9a,
0xdf,0xa2,0xbe,0x9a,0xbf,0xa2,0xbe,0x9a,0xbf,0xa2,0xbe,0x9a,0xbf,0xa2,0xbe,0x9a,0xbf,0xa2,0xbe,0xa2,0xbf,0xa2,0xbe,0xa2,0xbf,0xa2,0xbe,0xa2,0xbf,0xa2,0xbe,0xa2,
0x9d,0x44,0x9d,0x4c,0x7d,0x44,0x9e,0x4c,0x7d,0x44,0x9d,0x4c,0x7d,0x44,0x9e,0x4c,0x7d,0x44,0x7d,0x4c,0x7d,0x44,0x7e,0x4c,0x7d,0x44,0x7d,0x4c,0x7d,0x44,0x7e,0x4c,
0x5d,0x44,0x7d,0x4c,0x5d,0x4c,0x7e,0x4c,0x5d,0x4c,0x7d,0x4c,0x5d,0x4c,0x5e,0x4c,0x5d,0x4c,0x5d,0x4c,0x5d,0x4c,0x5e,0x4c,0x3d,0x4c,0x5e,0x4c,0x3d,0x4c,0x5e,0x4c,
0x3d,0x4c,0x3e,0x4c,0x3d,0x4c,0x3e,0x54,0x3d,0x4c,0x3e,0x54,0x1d,0x4c,0x3e,0x54,0x1d,0x4c,0x1e,0x54,0x1d,0x4c,0x1e,0x54,0x1d,0x4c,0x1e,0x54,0xfd,0x4b,0x1e,0x54,
0xfd,0x4b,0xfe,0x53,0xfd,0x53,0xfe,0x53,0xdd,0x53,0xfe,0x53,0xdd,0x53,0xde,0x53,0xdd,0x53,0xde,0x53,0xbd,0x53,0xde,0x5b,0xbd,0x53,0xbe,0x5b,0xbd,0x53,0xbe,0x5b,
0x9d,0x53,0xbe,0x5b,0x9d,0x5b,0x9e,0x5b,0x7d,0x5b,0x9e,0x5b,0x7d,0x5b,0x7e,0x5b,0x5d,0x5b,0x7e,0x5b,0x5d,0x5b,0x5e,0x63,0x5d,0x5b,0x5e,0x63,0x3d,0x5b,0x3e,0x63,
0x3d,0x5b,0x3e,0x63,0x1d,0x63,0x3e,0x63,0x1d,0x63,0x3e,0x63,0x1d,0x63,0x3e,0x6b,0x1d,0x63,0x1e,0x6b,0x1d,0x6b,0x1e,0x6b,0x1d,0x6b,0x1e,0x73,0x1d,0x6b,0x1e,0x73,
0x1d,0x6b,0x1e,0x73,0xfd,0x72,0x1e,0x73,0xfd,0x72,0x1e,0x7b,0xfd,0x72,0x1e,0x7b,0xfd,0x72,0xfe,0x7a,0xfe,0x7a,0xfe,0x7a,0xfd,0x7a,0xfe,0x7a,0xfe,0x7a,0xfe,0x82,
0xfd,0x7a,0xfe,0x82,0xde,0x82,0xfe,0x82,0xde,0x82,0xfe,0x82,0xde,0x82,0xfe,0x8a,0xde,0x82,0xfe,0x8a,0xde,0x82,0xfe,0x8a,0xde,0x82,0xde,0x8a,0xde,0x8a,0xde,0x8a,
0xde,0x8a,0xde,0x8a,0xde,0x8a,0xde,0x92,0xde,0x8a,0xde,0x92,0xde,0x8a,0xde,0x92,0xde,0x8a,0xde,0x92,0xbe,0x92,0xde,0x92,0xbe,0x92,0xde,0x92,0xbe,0x92,0xde,0x92,
0xbe,0x92,0xde,0x92,0xbe,0x92,0xde,0x9a,0xbe,0x92,0xde,0x9a,0xbe,0x92,0xde,0x9a,0xbe,0x92,0xde,0x9a,0xbe,0x9a,0xde,0x9a,0xbe,0x9a,0xbe,0x9a,0xbe,0x9a,0xbe,0x9a,
0xbe,0x9a,0xbe,0x9a,0xbe,0x9a,0xbe,0x9a,0xbe,0x9a,0xbe,0x9a,0xbe,0x9a,0xbe,0xa2,0xbe,0x9a,0xbe,0xa2,0xbe,0x9a,0xbe,0xa2,0xbe,0x9a,0xbe,0xa2,0xbe,0x9a,0xbe,0xa2,
0xbe,0x9a,0xbe,0xa2,0xbe,0x9a,0xbe,0xa2,0xbe,0x9a,0xbe,0xa2,0xbe,0xa2,0xbe,0xa2,0x9e,0x4c,0x9d,0x44,0x9e,0x4c,0x9d,0x44,0x9e,0x4c,0x9d,0x44,0x9e,0x4c,0x7d,0x4c,
0x9e,0x4c,0x7d,0x44,0x9e,0x4c,0x7d,0x4c,0x9e,0x4c,0x7d,0x4c,0x7e,0x4c,0x7d,0x4c,0x7e,0x4c,0x7d,0x4c,0x7e,0x4c,0x7d,0x4c,0x7e,0x4c,0x5d,0x4c,0x7e,0x4c,0x5d,0x4c,
0x7e,0x4c,0x5d,0x4c,0x5e,0x4c,0x5d,0x4c,0x5e,0x4c,0x5d,0x4c,0x5e,0x54,0x3d,0x4c,0x5e,0x54,0x3d,0x4c,0x5e,0x54,0x3d,0x4c,0x3e,0x54,0x3d,0x4c,0x3e,0x54,0x3d,0x4c,
0x3e,0x54,0x1d,0x4c,0x3e,0x54,0x1d,0x54,0x1e,0x54,0x1d,0x54,0x1e,0x54,0x1d,0x54,0x1e,0x54,0xfd,0x53,0x1e,0x54,0xfd,0x53,0xfe,0x53,0xfd,0x53,0xfe,0x5b,0xdd,0x53,
0xfe,0x5b,0xdd,0x53,0xde,0x5b,0xdd,0x53,0xde,0x5b,0xbd,0x53,0xbe,0x5b,0xbd,0x5b,0xbe,0x5b,0x9d,0x5b,0xbe,0x5b,0x9d,0x5b,0x9e,0x5b,0x9d,0x5b,0x9e,0x5b,0x7d,0x5b,
0x7e,0x63,0x7d,0x5b,0x7e,0x63,0x5d,0x5b,0x5e,0x63,0x5d,0x5b,0x5e,0x63,0x3d,0x63,0x3e,0x63,0x3d,0x63,0x3e,0x63,0x3e,0x63,0x3e,0x6b,0x1d,0x63,0x3e,0x6b,0x1e,0x6b,
0x3e,0x6b,0x1d,0x6b,0x3e,0x6b,0x1e,0x6b,0x3e,0x73,0x1e,0x6b,0x1e,0x73,0x1e,0x73,0x1e,0x73,0x1e,0x73,0x1e,0x7b,0x1e,0x73,0x1e,0x7b,0xfe,0x72,0x1e,0x7b,0xfe,0x7a,
0x1e,0x7b,0xfe,0x7a,0x1e,0x83,0xfe,0x7a,0x1e,0x83,0xfe,0x7a,0xfe,0x82,0xfe,0x82,0xfe,0x82,0xfe,0x82,0xfe,0x82,0xfe,0x82,0xfe,0x8a,0xfe,0x82,0xfe,0x8a,0xde,0x82,
0xfe,0x8a,0xde,0x8a,0xfe,0x8a,0xde,0x8a,0xfe,0x8a,0xde,0x8a,0xfe,0x92,0xde,0x8a,0xfe,0x92,0xde,0x8a,0xde,0x92,0xde,0x8a,0xde,0x92,0xde,0x92,0xdf,0x92,0xde,0x92,
0xde,0x92,0xde,0x92,0xdf,0x92,0xde,0x92,0xde,0x92,0xde,0x92,0xdf,0x9a,0xde,0x92,0xde,0x9a,0xbe,0x92,0xdf,0x9a,0xbe,0x9a,0xde,0x9a,0xbe,0x92,0xdf,0x9a,0xbe,0x9a,
0xde,0x9a,0xbe,0x9a,0xdf,0x9a,0xbe,0x9a,0xdf,0x9a,0xbe,0x9a,0xdf,0xa2,0xbe,0x9a,0xdf,0xa2,0xbe,0x9a,0xdf,0xa2,0xbe,0x9a,0xdf,0xa2,0xbe,0x9a,0xbf,0xa2,0xbe,0x9a,
0xbf,0xa2,0xbe,0x9a,0xbf,0xa2,0xbe,0xa2,0xbf,0xa2,0xbe,0x9a,0xbf,0xa2,0xbe,0xa2,0xbf,0xa2,0xbe,0xa2,0xbf,0xa2,0xbe,0xa2,0xbf,0xa2,0xbe,0xa2,0xbf,0xa2,0xbe,0xa2,
0x9d,0x44,0x9e,0x4c,0x9d,0x44,0x9d,0x4c,0x7d,0x44,0x9e,0x4c,0x7d,0x44,0x9d,0x4c,0x7d,0x44,0x9e,0x4c,0x7d,0x44,0x9d,0x4c,0x7d,0x44,0x7e,0x4c,0x7d,0x44,0x7d,0x4c,
0x7d,0x44,0x7e,0x4c,0x7d,0x44,0x7d,0x4c,0x5d,0x4c,0x7e,0x4c,0x5d,0x44,0x7d,0x4c,0x5d,0x4c,0x5e,0x4c,0x5d,0x4c,0x5d,0x4c,0x5d,0x4c,0x5e,0x4c,0x3d,0x4c,0x5e,0x4c,
0x3d,0x4c,0x5e,0x4c,0x3d,0x4c,0x3e,0x4c,0x3d,0x4c,0x3e,0x54,0x3d,0x4c,0x3e,0x4c,0x1d,0x4c,0x3e,0x54,0x1d,0x4c,0x1e,0x54,0x1d,0x4c,0x1e,0x54,0x1d,0x4c,0x1e,0x54,
0xfd,0x4b,0x1e,0x54,0xfd,0x4b,0xfe,0x53,0xfd,0x53,0xfe,0x53,0xdd,0x53,0xfe,0x53,0xdd,0x53,0xde,0x53,0xdd,0x53,0xde,0x53,0xbd,0x53,0xde,0x5b,0xbd,0x53,0xbe,0x5b,
0x9d,0x53,0xbe,0x5b,0x9d,0x53,0x9e,0x5b,0x9d,0x5b,0x9e,0x5b,0x7d,0x5b,0x7e,0x5b,0x7d,0x5b,0x7e,0x5b,0x5d,0x5b,0x5e,0x5b,0x5d,0x5b,0x5e,0x63,0x3d,0x5b,0x3e,0x63,
0x3d,0x5b,0x3e,0x63,0x1d,0x63,0x3e,0x63,0x1d,0x63,0x3e,0x6b,0x1d,0x63,0x3e,0x6b,0x1d,0x63,0x1e,0x6b,0x1d,0x6b,0x1e,0x6b,0x1d,0x6b,0x1e,0x73,0x1d,0x6b,0x1e,0x73,
0xfd,0x72,0x1e,0x73,0xfd,0x72,0x1e,0x73,0xfd,0x72,0x1e,0x7b,0xfd,0x72,0x1e,0x7b,0xfe,0x7a,0xfe,0x7a,0xfd,0x7a,0xfe,0x7a,0xfe,0x7a,0xfe,0x82,0xfd,0x7a,0xfe,0x82,
0xfe,0x82,0xfe,0x82,0xdd,0x82,0xfe,0x82,0xde,0x82,0xfe,0x8a,0xde,0x82,0xfe,0x8a,0xde,0x82,0xfe,0x8a,0xde,0x82,0xde,0x8a,0xde,0x8a,0xde,0x8a,0xde,0x8a,0xde,0x8a,
0xde,0x8a,0xde,0x92,0xde,0x8a,0xde,0x92,0xde,0x8a,0xde,0x92,0xde,0x8a,0xde,0x92,0xbe,0x92,0xde,0x92,0xbe,0x92,0xde,0x92,0xbe,0x92,0xde,0x92,0xbe,0x92,0xde,0x92,
0xbe,0x92,0xde,0x9a,0xbe,0x92,0xde,0x9a,0xbe,0x92,0xde,0x9a,0xbe,0x92,0xde,0x9a,0xbe,0x9a,0xbe,0x9a,0xbe,0x9a,0xbe,0x9a,0xbe,0x9a,0xbe,0x9a,0xbe,0x9a,0xbe,0x9a,
0xbe,0x9a,0xbe,0x9a,0xbe,0x9a,0xbe,0x9a,0xbe,0x9a,0xbe,0xa2,0xbe,0x9a,0xbe,0xa2,0xbe,0x9a,0xbe,0xa2,0xbe,0x9a,0xbe,0xa2,0xbe,0x9a,0xbe,0xa2,0xbe,0x9a,0xbe,0xa2,
0xbe,0xa2,0xbe,0xa2,0xbe,0x9a,0xbe,0xa2,0x9e,0xa2,0xbe,0xa2,0x9e,0xa2,0xbe,0xa2,0xbe,0x4c,0x9d,0x44,0x9e,0x4c,0x9d,0x44,0x9e,0x4c,0x9d,0x44,0x9e,0x4c,0x9d,0x44,
0x9e,0x4c,0x9d,0x4c,0x9e,0x4c,0x7d,0x44,0x9e,0x4c,0x7d,0x4c,0x9e,0x4c,0x7d,0x4c,0x9e,0x4c,0x7d,0x4c,0x7e,0x4c,0x7d,0x4c,0x7e,0x4c,0x7d,0x4c,0x7e,0x4c,0x7d,0x4c,
0x7e,0x4c,0x5d,0x4c,0x7e,0x4c,0x5d,0x4c,0x7e,0x4c,0x5d,0x4c,0x5e,0x4c,0x5d,0x4c,0x5e,0x54,0x5d,0x4c,0x5e,0x54,0x3d,0x4c,0x5e,0x54,0x3d,0x4c,0x3e,0x54,0x3d,0x4c,
0x3e,0x54,0x3d,0x4c,0x3e,0x54,0x1d,0x4c,0x3e,0x54,0x1d,0x54,0x1e,0x54,0x1d,0x54,0x1e,0x54,0x1d,0x54,0x1e,0x54,0xfd,0x53,0x1e,0x54,0xfd,0x53,0xfe,0x53,0xfd,0x53,
0xfe,0x5b,0xdd,0x53,0xfe,0x5b,0xdd,0x53,0xde,0x5b,0xbd,0x53,0xde,0x5b,0xbd,0x53,0xbe,0x5b,0xbd,0x5b,0xbe,0x5b,0x9d,0x5b,0x9e,0x5b,0x9d,0x5b,0x9e,0x5b,0x7d,0x5b,
0x9e,0x63,0x7d,0x5b,0x7e,0x63,0x5d,0x5b,0x7e,0x63,0x5d,0x5b,0x5e,0x63,0x3d,0x5b,0x3e,0x63,0x3e,0x63,0x3e,0x63,0x3d,0x63,0x3e,0x6b,0x1e,0x63,0x3e,0x6b,0x1d,0x63,
0x3e,0x6b,0x1e,0x6b,0x3e,0x6b,0x1d,0x6b,0x3e,0x73,0x1e,0x6b,0x1e,0x73,0x1e,0x73,0x1e,0x73,0x1e,0x73,0x1e,0x73,0x1e,0x73,0x1e,0x7b,0xfe,0x72,0x1e,0x7b,0xfe,0x7a,
0x1e,0x7b,0xfe,0x7a,0x1e,0x7b,0xfe,0x7a,0xfe,0x82,0xfe,0x7a,0xfe,0x82,0xfe,0x82,0xfe,0x82,0xfe,0x82,0xfe,0x82,0xfe,0x82,0xfe,0x8a,0xde,0x82,0xfe,0x8a,0xde,0x82,
0xfe,0x8a,0xde,0x8a,0xfe,0x8a,0xde,0x8a,0xfe,0x92,0xde,0x8a,0xfe,0x92,0xde,0x8a,0xde,0x92,0xde,0x8a,0xde,0x92,0xde,0x8a,0xdf,0x92,0xde,0x92,0xde,0x92,0xde,0x92,
0xdf,0x92,0xde,0x92,0xde,0x92,0xde,0x92,0xdf,0x9a,0xde,0x92,0xde,0x9a,0xbe,0x92,0xdf,0x9a,0xbe,0x9a,0xde,0x9a,0xbe,0x9a,0xdf,0x9a,0xbe,0x9a,0xde,0x9a,0xbe,0x9a,
0xdf,0x9a,0xbe,0x9a,0xdf,0x9a,0xbe,0x9a,0xdf,0xa2,0xbe,0x9a,0xdf,0xa2,0xbe,0x9a,0xdf,0xa2,0xbe,0x9a,0xdf,0xa2,0xbe,0x9a,0xbf,0xa2,0xbe,0x9a,0xbf,0xa2,0xbe,0x9a,
0xbf,0xa2,0xbe,0xa2,0xbf,0xa2,0xbe,0xa2,0xbf,0xa2,0xbe,0xa2,0xbf,0xa2,0xbe,0xa2,0xbf,0xa2,0xbe,0xa2,0xbf,0xa2,0xbe,0xa2,0xbf,0xa2,0xbe,0xa2,0xbf,0xa2,0xbe,0xa2,
0x9d,0x44,0x9d,0x44,0x9d,0x44,0x9e,0x4c,0x9d,0x44,0x9d,0x4c,0x9d,0x44,0x9e,0x4c,0x7d,0x44,0x9d,0x4c,0x7d,0x44,0x9e,0x4c,0x7d,0x44,0x9d,0x4c,0x7d,0x44,0x9e,0x4c,
0x7d,0x44,0x7d,0x4c,0x7d,0x44,0x7e,0x4c,0x7d,0x44,0x7d,0x4c,0x5d,0x4c,0x7e,0x4c,0x5d,0x44,0x7d,0x4c,0x5d,0x4c,0x7e,0x4c,0x5d,0x4c,0x5d,0x4c,0x5d,0x4c,0x5e,0x4c,
0x5d,0x4c,0x5e,0x4c,0x3d,0x4c,0x5e,0x4c,0x3d,0x4c,0x5e,0x4c,0x3d,0x4c,0x3e,0x54,0x3d,0x4c,0x3e,0x4c,0x1d,0x4c,0x3e,0x54,0x1d,0x4c,0x1e,0x54,0x1d,0x4c,0x1e,0x54,
0x1d,0x4c,0x1e,0x54,0xfd,0x4b,0x1e,0x54,0xfd,0x4b,0xfe,0x53,0xfd,0x53,0xfe,0x53,0xdd,0x53,0xfe,0x53,0xdd,0x53,0xde,0x53,0xdd,0x53,0xde,0x53,0xbd,0x53,0xbe,0x5b,
0xbd,0x53,0xbe,0x5b,0x9d,0x53,0xbe,0x5b,0x9d,0x53,0x9e,0x5b,0x7d,0x5b,0x9e,0x5b,0x7d,0x5b,0x7e,0x5b,0x5d,0x5b,0x7e,0x63,0x5d,0x5b,0x5e,0x63,0x3d,0x5b,0x5e,0x63,
0x3d,0x5b,0x3e,0x63,0x1d,0x63,0x3e,0x63,0x1d,0x63,0x3e,0x63,0x1d,0x63,0x3e,0x6b,0x1d,0x63,0x1e,0x6b,0x1d,0x6b,0x1e,0x6b,0x1d,0x6b,0x1e,0x73,0x1d,0x6b,0x1e,0x73,
0xfd,0x6a,0x1e,0x73,0xfd,0x72,0x1e,0x73,0xfd,0x72,0x1e,0x7b,0xfe,0x72,0x1e,0x7b,0xfd,0x7a,0xfe,0x7a,0xfe,0x7a,0xfe,0x82,0xfd,0x7a,0xfe,0x82,0xfe,0x7a,0xfe,0x82,
0xdd,0x7a,0xfe,0x82,0xde,0x82,0xfe,0x82,0xde,0x82,0xfe,0x8a,0xde,0x82,0xfe,0x8a,0xde,0x82,0xfe,0x8a,0xde,0x8a,0xde,0x8a,0xde,0x8a,0xde,0x8a,0xde,0x8a,0xde,0x92,
0xde,0x8a,0xde,0x92,0xde,0x8a,0xde,0x92,0xde,0x8a,0xde,0x92,0xbe,0x92,0xde,0x92,0xbe,0x92,0xde,0x92,0xbe,0x92,0xde,0x92,0xbe,0x92,0xde,0x92,0xbe,0x92,0xde,0x9a,
0xbe,0x92,0xde,0x9a,0xbe,0x92,0xde,0x9a,0xbe,0x92,0xde,0x9a,0xbe,0x9a,0xbe,0x9a,0xbe,0x9a,0xbe,0x9a,0xbe,0x9a,0xbe,0x9a,0xbe,0x9a,0xbe,0x9a,0xbe,0x9a,0xbe,0xa2,
0xbe,0x9a,0xbe,0x9a,0xbe,0x9a,0xbe,0xa2,0xbe,0x9a,0xbe,0xa2,0xbe,0x9a,0xbe,0xa2,0xbe,0x9a,0xbe,0xa2,0xbe,0x9a,0xbe,0xa2,0xbe,0x9a,0xbe,0xa2,0xbe,0xa2,0xbe,0xa2,
0x9e,0x9a,0xbe,0xa2,0x9e,0xa2,0xbe,0xa2,0x9e,0xa2,0xbe,0xa2,0x9e,0xa2,0xbe,0xa2,0xbe,0x4c,0x9d,0x44,0xbe,0x4c,0x9d,0x44,0xbe,0x4c,0x9d,0x44,0x9e,0x4c,0x9d,0x44,
0x9e,0x4c,0x9d,0x44,0x9e,0x4c,0x9d,0x44,0x9e,0x4c,0x9d,0x44,0x9e,0x4c,0x7d,0x4c,0x9e,0x4c,0x7d,0x44,0x9e,0x4c,0x7d,0x4c,0x9e,0x4c,0x7d,0x4c,0x7e,0x4c,0x7d,0x4c,
0x7e,0x4c,0x7d,0x4c,0x7e,0x4c,0x5d,0x4c,0x7e,0x4c,0x5d,0x4c,0x7e,0x4c,0x5d,0x4c,0x5e,0x4c,0x5d,0x4c,0x5e,0x54,0x5d,0x4c,0x5e,0x54,0x3d,0x4c,0x5e,0x54,0x3d,0x4c,
0x5e,0x54,0x3d,0x4c,0x3e,0x54,0x3d,0x4c,0x3e,0x54,0x1d,0x4c,0x3e,0x54,0x1d,0x54,0x1e,0x54,0x1d,0x54,0x1e,0x54,0x1d,0x54,0x1e,0x54,0xfd,0x53,0x1e,0x54,0xfd,0x53,
0xfe,0x53,0xdd,0x53,0xfe,0x5b,0xdd,0x53,0xde,0x5b,0xdd,0x53,0xde,0x5b,0xbd,0x53,0xde,0x5b,0xbd,0x53,0xbe,0x5b,0x9d,0x5b,0xbe,0x5b,0x9d,0x5b,0x9e,0x5b,0x7d,0x5b,
0x9e,0x5b,0x7d,0x5b,0x7e,0x63,0x5d,0x5b,0x7e,0x63,0x5d,0x5b,0x5e,0x63,0x3d,0x63,0x5e,0x63,0x3d,0x63,0x3e,0x63,0x3e,0x63,0x3e,0x63,0x1d,0x63,0x3e,0x6b,0x1e,0x6b,
0x3e,0x6b,0x1d,0x6b,0x3e,0x6b,0x1e,0x6b,0x3e,0x73,0x1e,0x6b,0x1e,0x73,0x1e,0x73,0x1e,0x73,0x1e,0x73,0x1e,0x7b,0x1e,0x73,0x1e,0x7b,0xfe,0x72,0x1e,0x7b,0xfe,0x7a,
0x1e,0x7b,0xfe,0x7a,0x1e,0x83,0xfe,0x7a,0xfe,0x82,0xfe,0x7a,0xfe,0x82,0xfe,0x82,0xfe,0x82,0xfe,0x82,0xfe,0x8a,0xfe,0x82,0xfe,0x8a,0xde,0x82,0xfe,0x8a,0xde,0x8a,
0xfe,0x8a,0xde,0x8a,0xfe,0x8a,0xde,0x8a,0xfe,0x92,0xde,0x8a,0xde,0x92,0xde,0x8a,0xde,0x92,0xde,0x8a,0xdf,0x92,0xde,0x92,0xde,0x92,0xde,0x92,0xdf,0x92,0xde,0x92,
0xde,0x92,0xde,0x92,0xdf,0x9a,0xde,0x92,0xde,0x9a,0xbe,0x92,0xdf,0x9a,0xbe,0x9a,0xde,0x9a,0xbe,0x9a,0xdf,0x9a,0xbe,0x9a,0xde,0x9a,0xbe,0x9a,0xdf,0x9a,0xbe,0x9a,
0xdf,0x9a,0xbe,0x9a,0xdf,0xa2,0xbe,0x9a,0xdf,0xa2,0xbe,0x9a,0xdf,0xa2,0xbe,0x9a,0xbf,0xa2,0xbe,0x9a,0xbf,0xa2,0xbe,0x9a,0xbf,0xa2,0xbe,0x9a,0xbf,0xa2,0xbe,0xa2,
0xbf,0xa2,0xbe,0xa2,0xbf,0xa2,0xbe,0xa2,0xbf,0xa2,0xbe,0xa2,0xbf,0xa2,0xbe,0xa2,0xbf,0xa2,0xbe,0xa2,0xbf,0xa2,0xbe,0xa2,0xbf,0xa2,0xbe,0xa2,0xbf,0xaa,0xbe,0xa2,
0x9d,0x44,0xbe,0x4c,0x9d,0x44,0xbd,0x44,0x9d,0x44,0x9e,0x4c,0x9d,0x44,0x9d,0x4c,0x9d,0x44,0x9e,0x4c,0x9d,0x44,0x9d,0x4c,0x7d,0x44,0x9e,0x4c,0x7d,0x44,0x9d,0x4c,
0x7d,0x44,0x9e,0x4c,0x7d,0x44,0x7d,0x4c,0x7d,0x44,0x7e,0x4c,0x7d,0x44,0x7d,0x4c,0x7d,0x44,0x7e,0x4c,0x5d,0x44,0x7d,0x4c,0x5d,0x4c,0x7e,0x4c,0x5d,0x4c,0x5d,0x4c,
0x5d,0x4c,0x5e,0x4c,0x5d,0x4c,0x5e,0x4c,0x3d,0x4c,0x5e,0x4c,0x3d,0x4c,0x5e,0x4c,0x3d,0x4c,0x3e,0x54,0x3d,0x4c,0x3e,0x4c,0x1d,0x4c,0x3e,0x54,0x1d,0x4c,0x3e,0x54,
0x1d,0x4c,0x1e,0x54,0x1d,0x4c,0x1e,0x54,0xfd,0x4b,0x1e,0x54,0xfd,0x4b,0xfe,0x53,0xfd,0x53,0xfe,0x53,0xdd,0x53,0xfe,0x53,0xdd,0x53,0xde,0x53,0xbd,0x53,0xde,0x53,
0xbd,0x53,0xbe,0x5b,0xbd,0x53,0xbe,0x5b,0x9d,0x53,0x9e,0x5b,0x9d,0x53,0x9e,0x5b,0x7d,0x5b,0x7e,0x5b,0x7d,0x5b,0x7e,0x5b,0x5d,0x5b,0x5e,0x63,0x5d,0x5b,0x5e,0x63,
0x3d,0x5b,0x3e,0x63,0x1d,0x5b,0x3e,0x63,0x1d,0x63,0x3e,0x63,0x1d,0x63,0x3e,0x6b,0x1d,0x63,0x1e,0x6b,0x1d,0x6b,0x1e,0x6b,0x1d,0x6b,0x1e,0x73,0x1d,0x6b,0x1e,0x73,
0xfd,0x72,0x1e,0x73,0xfd,0x72,0x1e,0x73,0xfd,0x72,0x1e,0x7b,0xfd,0x72,0xfe,0x7a,0xfe,0x7a,0xfe,0x7a,0xfd,0x7a,0xfe,0x7a,0xfe,0x7a,0xfe,0x82,0xfd,0x7a,0xfe,0x82,
0xde,0x82,0xfe,0x82,0xde,0x82,0xfe,0x82,0xde,0x82,0xfe,0x8a,0xde,0x82,0xfe,0x8a,0xde,0x8a,0xde,0x8a,0xde,0x8a,0xde,0x8a,0xde,0x8a,0xde,0x92,0xde,0x8a,0xde,0x92,
0xde,0x8a,0xde,0x92,0xde,0x8a,0xde,0x92,0xbe,0x92,0xde,0x92,0xbe,0x92,0xde,0x92,0xbe,0x92,0xde,0x9a,0xbe,0x92,0xde,0x9a,0xbe,0x92,0xde,0x9a,0xbe,0x92,0xde,0x9a,
0xbe,0x92,0xde,0x9a,0xbe,0x92,0xbe,0x9a,0xbe,0x9a,0xbe,0x9a,0xbe,0x9a,0xbe,0x9a,0xbe,0x9a,0xbe,0x9a,0xbe,0x9a,0xbe,0x9a,0xbe,0x9a,0xbe,0xa2,0xbe,0x9a,0xbe,0xa2,
0xbe,0x9a,0xbe,0xa2,0xbe,0x9a,0xbe,0xa2,0xbe,0x9a,0xbe,0xa2,0xbe,0x9a,0xbe,0xa2,0xbe,0x9a,0xbe,0xa2,0xbe,0x9a,0xbe,0xa2,0xbe,0xa2,0xbe,0xa2,0x9e,0xa2,0xbe,0xa2,
0x9e,0xa2,0xbe,0xa2,0x9e,0xa2,0xbe,0xa2,0x9e,0xa2,0xbe,0xa2,0x9e,0xa2,0xbe,0xa2,0xbe,0x4c,0xbd,0x44,0xbe,0x4c,0x9d,0x44,0xbe,0x4c,0x9d,0x44,0xbe,0x4c,0x9d,0x44,
0xbe,0x4c,0x9d,0x44,0x9e,0x4c,0x9d,0x44,0x9e,0x4c,0x9d,0x44,0x9e,0x4c,0x9d,0x44,0x9e,0x4c,0x9d,0x4c,0x9e,0x4c,0x7d,0x44,0x9e,0x4c,0x7d,0x4c,0x9e,0x4c,0x7d,0x4c,
0x7e,0x4c,0x7d,0x4c,0x7e,0x4c,0x7d,0x4c,0x7e,0x4c,0x7d,0x4c,0x7e,0x4c,0x5d,0x4c,0x7e,0x4c,0x5d,0x4c,0x7e,0x4c,0x5d,0x4c,0x5e,0x54,0x5d,0x4c,0x5e,0x4c,0x3d,0x4c,
0x5e,0x54,0x3d,0x4c,0x5e,0x54,0x3d,0x4c,0x3e,0x54,0x3d,0x4c,0x3e,0x54,0x1d,0x4c,0x3e,0x54,0x1d,0x54,0x1e,0x54,0x1d,0x54,0x1e,0x54,0xfd,0x53,0x1e,0x54,0xfd,0x53,
0xfe,0x53,0xfd,0x53,0xfe,0x53,0xdd,0x53,0xfe,0x5b,0xdd,0x53,0xde,0x5b,0xdd,0x53,0xde,0x5b,0xbd,0x53,0xbe,0x5b,0xbd,0x53,0xbe,0x5b,0x9d,0x5b,0x9e,0x5b,0x9d,0x5b,
0x9e,0x5b,0x7d,0x5b,0x7e,0x5b,0x7d,0x5b,0x7e,0x63,0x5d,0x5b,0x5e,0x63,0x5d,0x5b,0x5e,0x63,0x3d,0x63,0x3e,0x63,0x3d,0x63,0x3e,0x6b,0x3e,0x63,0x3e,0x6b,0x1d,0x63,
0x3e,0x6b,0x1e,0x6b,0x3e,0x6b,0x1d,0x6b,0x3e,0x73,0x1e,0x6b,0x1e,0x73,0x1e,0x73,0x1e,0x73,0x1e,0x73,0x1e,0x7b,0xfe,0x72,0x1e,0x7b,0xfe,0x7a,0x1e,0x7b,0xfe,0x7a,
0x1e,0x83,0xfe,0x7a,0x1e,0x83,0xfe,0x7a,0xfe,0x82,0xfe,0x82,0xfe,0x82,0xfe,0x82,0xfe,0x8a,0xfe,0x82,0xfe,0x8a,0xde,0x82,0xfe,0x8a,0xde,0x8a,0xfe,0x8a,0xde,0x8a,
0xfe,0x8a,0xde,0x8a,0xfe,0x92,0xde,0x8a,0xfe,0x92,0xde,0x8a,0xde,0x92,0xde,0x8a,0xdf,0x92,0xde,0x92,0xde,0x92,0xde,0x92,0xdf,0x92,0xde,0x92,0xde,0x9a,0xde,0x92,
0xdf,0x9a,0xde,0x92,0xde,0x9a,0xbe,0x92,0xdf,0x9a,0xbe,0x9a,0xde,0x9a,0xbe,0x9a,0xdf,0x9a,0xbe,0x9a,0xde,0x9a,0xbe,0x9a,0xdf,0x9a,0xbe,0x9a,0xdf,0x9a,0xbe,0x9a,
0xdf,0xa2,0xbe,0x9a,0xdf,0xa2,0xbe,0x9a,0xdf,0xa2,0xbe,0x9a,0xbf,0xa2,0xbe,0x9a,0xbf,0xa2,0xbe,0xa2,0xbf,0xa2,0xbe,0xa2,0xbf,0xa2,0xbe,0xa2,0xbf,0xa2,0xbe,0xa2,
0xbf,0xa2,0xbe,0xa2,0xbf,0xa2,0xbe,0xa2,0xbf,0xa2,0xbe,0xa2,0xbf,0xa2,0xbe,0xa2,0xbf,0xaa,0xbe,0xa2,0xbf,0xa2,0xbe,0xa2,0xbf,0xaa,0xbe,0xa2,0xbf,0xaa,0xbe,0xa2,
0x9d,0x44,0xbd,0x44,0x9d,0x44,0xbe,0x44,0x9d,0x44,0xbd,0x44,0x9d,0x44,0xbe,0x4c,0x9d,0x44,0x9d,0x44,0x9d,0x44,0x9e,0x4c,0x9d,0x44,0x9d,0x4c,0x9d,0x44,0x9e,0x4c,
0x7d,0x44,0x9d,0x4c,0x7d,0x44,0x9e,0x4c,0x7d,0x44,0x9d,0x4c,0x7d,0x44,0x7e,0x4c,0x7d,0x44,0x7d,0x4c,0x7d,0x44,0x7e,0x4c,0x7d,0x44,0x7d,0x4c,0x5d,0x4c,0x7e,0x4c,
0x5d,0x4c,0x7d,0x4c,0x5d,0x4c,0x5e,0x4c,0x5d,0x4c,0x5d,0x4c,0x3d,0x4c,0x5e,0x4c,0x3d,0x4c,0x5e,0x4c,0x3d,0x4c,0x3e,0x54,0x3d,0x4c,0x3e,0x4c,0x1d,0x4c,0x3e,0x54,
0x1d,0x4c,0x3e,0x54,0x1d,0x4c,0x1e,0x54,0x1d,0x4c,0x1e,0x54,0xfd,0x4b,0x1e,0x54,0xfd,0x4b,0xfe,0x53,0xfd,0x53,0xfe,0x53,0xdd,0x53,0xde,0x53,0xdd,0x53,0xde,0x5b,
0xbd,0x53,0xde,0x5b,0xbd,0x53,0xbe,0x5b,0x9d,0x53,0xbe,0x5b,0x9d,0x53,0x9e,0x5b,0x7d,0x5b,0x9e,0x5b,0x7d,0x5b,0x7e,0x5b,0x5d,0x5b,0x5e,0x5b,0x5d,0x5b,0x5e,0x63,
0x3d,0x5b,0x3e,0x63,0x3d,0x5b,0x3e,0x63,0x1d,0x63,0x3e,0x63,0x1d,0x63,0x3e,0x6b,0x1d,0x63,0x1e,0x6b,0x1d,0x6b,0x1e,0x6b,0x1d,0x6b,0x1e,0x73,0x1d,0x6b,0x1e,0x73,
0xfd,0x72,0x1e,0x73,0xfd,0x72,0x1e,0x7b,0xfd,0x72,0x1e,0x7b,0xfe,0x7a,0xfe,0x7a,0xfd,0x7a,0xfe,0x7a,0xfe,0x7a,0xfe,0x82,0xfd,0x7a,0xfe,0x82,0xde,0x82,0xfe,0x82,
0xde,0x82,0xfe,0x82,0xde,0x82,0xfe,0x8a,0xde,0x82,0xfe,0x8a,0xde,0x8a,0xde,0x8a,0xde,0x8a,0xde,0x8a,0xde,0x8a,0xde,0x92,0xde,0x8a,0xde,0x92,0xde,0x8a,0xde,0x92,
0xde,0x8a,0xde,0x92,0xbe,0x92,0xde,0x92,0xbe,0x92,0xde,0x92,0xbe,0x92,0xde,0x9a,0xbe,0x92,0xde,0x9a,0xbe,0x92,0xde,0x9a,0xbe,0x92,0xde,0x9a,0xbe,0x92,0xde,0x9a,
0xbe,0x92,0xbe,0x9a,0xbe,0x9a,0xbe,0x9a,0xbe,0x9a,0xbe,0x9a,0xbe,0x9a,0xbe,0x9a,0xbe,0x9a,0xbe,0x9a,0xbe,0x9a,0xbe,0xa2,0xbe,0x9a,0xbe,0xa2,0xbe,0x9a,0xbe,0xa2,
0xbe,0x9a,0xbe,0xa2,0xbe,0x9a,0xbe,0xa2,0xbe,0x9a,0xbe,0xa2,0xbe,0xa2,0xbe,0xa2,0xbe,0x9a,0xbe,0xa2,0x9e,0xa2,0xbe,0xa2,0x9e,0xa2,0xbe,0xa2,0x9e,0xa2,0xbe,0xa2,
0x9e,0xa2,0xbe,0xa2,0x9e,0xa2,0xbe,0xa2,0x9e,0xa2,0xbe,0xa2,0x9e,0xa2,0xbe,0xaa,0xbe,0x4c,0xbd,0x44,0xbe,0x4c,0xbd,0x44,0xbe,0x4c,0xbd,0x44,0xbe,0x4c,0x9d,0x44,
0xbe,0x4c,0x9d,0x44,0xbe,0x4c,0x9d,0x44,0xbe,0x4c,0x9d,0x44,0x9e,0x4c,0x9d,0x44,0x9e,0x4c,0x9d,0x44,0x9e,0x4c,0x9d,0x4c,0x9e,0x4c,0x7d,0x44,0x9e,0x4c,0x7d,0x4c,
0x9e,0x4c,0x7d,0x4c,0x9e,0x4c,0x7d,0x4c,0x7e,0x4c,0x7d,0x4c,0x7e,0x4c,0x7d,0x4c,0x7e,0x4c,0x5d,0x4c,0x7e,0x4c,0x5d,0x4c,0x7e,0x4c,0x5d,0x4c,0x5e,0x54,0x5d,0x4c,
0x5e,0x4c,0x5d,0x4c,0x5e,0x54,0x3d,0x4c,0x5e,0x54,0x3d,0x4c,0x3e,0x54,0x3d,0x4c,0x3e,0x54,0x1d,0x4c,0x3e,0x54,0x1d,0x54,0x1e,0x54,0x1d,0x54,0x1e,0x54,0xfd,0x53,
0x1e,0x54,0xfd,0x53,0xfe,0x53,0xfd,0x53,0xfe,0x53,0xdd,0x53,0xfe,0x5b,0xdd,0x53,0xde,0x5b,0xbd,0x53,0xde,0x5b,0xbd,0x53,0xbe,0x5b,0xbd,0x5b,0xbe,0x5b,0x9d,0x5b,
0x9e,0x5b,0x7d,0x5b,0x9e,0x63,0x7d,0x5b,0x7e,0x63,0x5d,0x5b,0x7e,0x63,0x5d,0x5b,0x5e,0x63,0x3d,0x63,0x3e,0x63,0x3e,0x63,0x3e,0x63,0x3d,0x63,0x3e,0x6b,0x1e,0x63,
0x3e,0x6b,0x1d,0x6b,0x3e,0x6b,0x1e,0x6b,0x3e,0x73,0x1e,0x6b,0x1e,0x73,0x1e,0x73,0x1e,0x73,0x1e,0x73,0x1e,0x7b,0xfe,0x72,0x1e,0x7b,0xfe,0x7a,0x1e,0x7b,0xfe,0x7a,
0x1e,0x7b,0xfe,0x7a,0xfe,0x82,0xfe,0x82,0xfe,0x82,0xfe,0x82,0xfe,0x82,0xfe,0x82,0xfe,0x8a,0xfe,0x82,0xfe,0x8a,0xde,0x8a,0xfe,0x8a,0xde,0x8a,0xfe,0x8a,0xde,0x8a,
0xfe,0x8a,0xde,0x8a,0xfe,0x92,0xde,0x8a,0xde,0x92,0xde,0x8a,0xdf,0x92,0xde,0x92,0xde,0x92,0xde,0x92,0xdf,0x92,0xde,0x92,0xde,0x9a,0xde,0x92,0xdf,0x9a,0xbe,0x92,
0xde,0x9a,0xbe,0x92,0xdf,0x9a,0xbe,0x9a,0xde,0x9a,0xbe,0x9a,0xdf,0x9a,0xbe,0x9a,0xde,0x9a,0xbe,0x9a,0xdf,0xa2,0xbe,0x9a,0xdf,0x9a,0xbe,0x9a,0xdf,0xa2,0xbe,0x9a,
0xdf,0xa2,0xbe,0x9a,0xbf,0xa2,0xbe,0x9a,0xbf,0xa2,0xbe,0x9a,0xbf,0xa2,0xbe,0xa2,0xbf,0xa2,0xbe,0xa2,0xbf,0xa2,0xbe,0xa2,0xbf,0xa2,0xbe,0xa2,0xbf,0xa2,0xbe,0xa2,
0xbf,0xa2,0xbe,0xa2,0xbf,0xa2,0xbe,0xa2,0xbf,0xa2,0xbe,0xa2,0xbf,0xaa,0xbe,0xa2,0xbf,0xaa,0xbe,0xa2,0xbf,0xaa,0xbe,0xa2,0xbf,0xaa,0xbe,0xa2,0xbf,0xaa,0xbe,0xa2,
0xbd,0x44,0xbe,0x44,0xbd,0x44,0xbd,0x44,0x9d,0x44,0xbe,0x44,0x9d,0x44,0xbd,0x44,0x9d,0x44,0xbe,0x4c,0x9d,0x44,0xbd,0x44,0x9d,0x44,0x9e,0x4c,0x9d,0x44,0x9d,0x4c,
0x9d,0x44,0x9e,0x4c,0x9d,0x44,0x9d,0x4c,0x7d,0x44,0x9e,0x4c,0x7d,0x44,0x9d,0x4c,0x7d,0x44,0x9e,0x4c,0x7d,0x44,0x7d,0x4c,0x7d,0x44,0x7e,0x4c,0x7d,0x44,0x7d,0x4c,
0x5d,0x4c,0x7e,0x4c,0x5d,0x44,0x7d,0x4c,0x5d,0x4c,0x5e,0x4c,0x5d,0x4c,0x5d,0x4c,0x5d,0x4c,0x5e,0x4c,0x3d,0x4c,0x5e,0x4c,0x3d,0x4c,0x3e,0x4c,0x3d,0x4c,0x3e,0x4c,
0x3d,0x4c,0x3e,0x54,0x1d,0x4c,0x3e,0x54,0x1d,0x4c,0x1e,0x54,0x1d,0x4c,0x1e,0x54,0xfd,0x4b,0x1e,0x54,0xfd,0x4b,0xfe,0x53,0xdd,0x53,0xfe,0x53,0xdd,0x53,0xde,0x53,
0xdd,0x53,0xde,0x5b,0xbd,0x53,0xbe,0x5b,0xbd,0x53,0xbe,0x5b,0x9d,0x53,0x9e,0x5b,0x9d,0x5b,0x9e,0x5b,0x7d,0x5b,0x7e,0x5b,0x7d,0x5b,0x7e,0x5b,0x5d,0x5b,0x5e,0x63,
0x3d,0x5b,0x3e,0x63,0x3d,0x5b,0x3e,0x63,0x1d,0x63,0x3e,0x63,0x1d,0x63,0x3e,0x6b,0x1d,0x63,0x1e,0x6b,0x1d,0x6b,0x1e,0x6b,0x1d,0x6b,0x1e,0x73,0x1d,0x6b,0x1e,0x73,
0xfd,0x72,0x1e,0x73,0xfd,0x72,0x1e,0x7b,0xfd,0x72,0x1e,0x7b,0xfd,0x72,0xfe,0x7a,0xfe,0x7a,0xfe,0x82,0xfd,0x7a,0xfe,0x82,0xfe,0x7a,0xfe,0x82,0xdd,0x82,0xfe,0x82,
0xde,0x82,0xfe,0x8a,0xde,0x82,0xfe,0x8a,0xde,0x82,0xde,0x8a,0xde,0x8a,0xde,0x8a,0xde,0x8a,0xde,0x92,0xde,0x8a,0xde,0x92,0xde,0x8a,0xde,0x92,0xde,0x8a,0xde,0x92,
0xbe,0x92,0xde,0x92,0xbe,0x92,0xde,0x92,0xbe,0x92,0xde,0x9a,0xbe,0x92,0xde,0x9a,0xbe,0x92,0xde,0x9a,0xbe,0x92,0xde,0x9a,0xbe,0x9a,0xde,0x9a,0xbe,0x92,0xbe,0x9a,
0xbe,0x9a,0xbe,0x9a,0xbe,0x9a,0xbe,0x9a,0xbe,0x9a,0xbe,0x9a,0xbe,0x9a,0xbe,0x9a,0xbe,0x9a,0xbe,0xa2,0xbe,0x9a,0xbe,0xa2,0xbe,0x9a,0xbe,0xa2,0xbe,0x9a,0xbe,0xa2,
0xbe,0x9a,0xbe,0xa2,0xbe,0x9a,0xbe,0xa2,0xbe,0xa2,0xbe,0xa2,0x9e,0xa2,0xbe,0xa2,0x9e,0xa2,0xbe,0xa2,0x9e,0xa2,0xbe,0xa2,0x9e,0xa2,0xbe,0xa2,0x9e,0xa2,0xbe,0xa2,
0x9e,0xa2,0xbe,0xa2,0x9e,0xa2,0xbe,0xa2,0x9e,0xa2,0xbe,0xaa,0x9e,0xa2,0xbe,0xaa,0xde,0x4c,0xbd,0x44,0xbe,0x44,0xbd,0x44,0xbe,0x4c,0xbd,0x44,0xbe,0x4c,0xbd,0x44,
0xbe,0x4c,0xbd,0x44,0xbe,0x4c,0x9d,0x44,0xbe,0x4c,0x9d,0x44,0xbe,0x4c,0x9d,0x44,0xbe,0x4c,0x9d,0x44,0x9e,0x4c,0x9d,0x44,0x9e,0x4c,0x9d,0x44,0x9e,0x4c,0x9d,0x44,
0x9e,0x4c,0x7d,0x4c,0x9e,0x4c,0x7d,0x44,0x9e,0x4c,0x7d,0x4c,0x9e,0x4c,0x7d,0x4c,0x7e,0x4c,0x7d,0x4c,0x7e,0x4c,0x7d,0x4c,0x7e,0x4c,0x5d,0x4c,0x7e,0x4c,0x5d,0x4c,
0x5e,0x4c,0x5d,0x4c,0x5e,0x4c,0x5d,0x4c,0x5e,0x54,0x3d,0x4c,0x5e,0x54,0x3d,0x4c,0x3e,0x54,0x3d,0x4c,0x3e,0x54,0x1d,0x4c,0x3e,0x54,0x1d,0x54,0x1e,0x54,0x1d,0x54,
0x1e,0x54,0xfd,0x53,0x1e,0x54,0xfd,0x53,0xfe,0x53,0xfd,0x53,0xfe,0x53,0xdd,0x53,0xfe,0x5b,0xdd,0x53,0xde,0x5b,0xbd,0x53,0xde,0x5b,0xbd,0x5b,0xbe,0x5b,0x9d,0x5b,
0xbe,0x5b,0x9d,0x5b,0x9e,0x5b,0x7d,0x5b,0x7e,0x63,0x7d,0x5b,0x7e,0x63,0x5d,0x5b,0x5e,0x63,0x3d,0x63,0x3e,0x63,0x3d,0x63,0x3e,0x63,0x3e,0x63,0x3e,0x6b,0x1d,0x63,
0x3e,0x6b,0x1e,0x6b,0x3e,0x6b,0x1d,0x6b,0x3e,0x73,0x1e,0x6b,0x1e,0x73,0x1e,0x73,0x1e,0x73,0x1e,0x73,0x1e,0x7b,0xfe,0x72,0x1e,0x7b,0xfe,0x7a,0x1e,0x7b,0xfe,0x7a,
0x1e,0x83,0xfe,0x7a,0xfe,0x82,0xfe,0x82,0xfe,0x82,0xfe,0x82,0xfe,0x82,0xfe,0x82,0xfe,0x8a,0xde,0x82,0xfe,0x8a,0xde,0x8a,0xfe,0x8a,0xde,0x8a,0xfe,0x8a,0xde,0x8a,
0xfe,0x92,0xde,0x8a,0xde,0x92,0xde,0x8a,0xdf,0x92,0xde,0x92,0xde,0x92,0xde,0x92,0xdf,0x92,0xde,0x92,0xde,0x9a,0xde,0x92,0xdf,0x9a,0xbe,0x92,0xde,0x9a,0xbe,0x92,
0xdf,0x9a,0xbe,0x9a,0xde,0x9a,0xbe,0x9a,0xdf,0x9a,0xbe,0x9a,0xdf,0x9a,0xbe,0x9a,0xdf,0xa2,0xbe,0x9a,0xdf,0xa2,0xbe,0x9a,0xdf,0xa2,0xbe,0x9a,0xbf,0xa2,0xbe,0x9a,
0xbf,0xa2,0xbe,0xa2,0xbf,0xa2,0xbe,0x9a,0xbf,0xa2,0xbe,0xa2,0xbf,0xa2,0xbe,0xa2,0xbf,0xa2,0xbe,0xa2,0xbf,0xa2,0xbe,0xa2,0xbf,0xa2,0xbe,0xa2,0xbf,0xa2,0xbe,0xa2,
0xbf,0xaa,0xbe,0xa2,0xbf,0xa2,0xbe,0xa2,0xbf,0xaa,0xbe,0xa2,0xbf,0xaa,0xbe,0xa2,0xbf,0xaa,0xbe,0xa2,0xbf,0xaa,0xbe,0xa2,0xbf,0xaa,0x9e,0xa2,0xbe,0xaa,0x9e,0xa2,
0xbd,0x44,0xbd,0x44,0xbd,0x44,0xbe,0x44,0xbd,0x44,0xbd,0x44,0xbd,0x44,0xbe,0x44,0x9d,0x44,0xbd,0x44,0x9d,0x44,0xbe,0x44,0x9d,0x44,0xbd,0x44,0x9d,0x44,0xbe,0x4c,
0x9d,0x44,0x9d,0x44,0x9d,0x44,0x9e,0x4c,0x9d,0x44,0x9d,0x4c,0x9d,0x44,0x9e,0x4c,0x7d,0x44,0x9d,0x4c,0x7d,0x44,0x9e,0x4c,0x7d,0x44,0x9d,0x4c,0x7d,0x44,0x7e,0x4c,
0x7d,0x44,0x7d,0x4c,0x7d,0x4c,0x7e,0x4c,0x5d,0x44,0x7d,0x4c,0x5d,0x4c,0x7e,0x4c,0x5d,0x4c,0x5d,0x4c,0x5d,0x4c,0x5e,0x4c,0x3d,0x4c,0x5e,0x4c,0x3d,0x4c,0x5e,0x4c,
0x3d,0x4c,0x3e,0x4c,0x3d,0x4c,0x3e,0x54,0x1d,0x4c,0x3e,0x54,0x1d,0x4c,0x1e,0x54,0x1d,0x4c,0x1e,0x54,0xfd,0x53,0xfe,0x53,0xfd,0x4b,0xfe,0x53,0xdd,0x53,0xfe,0x53,
0xdd,0x53,0xde,0x53,0xbd,0x53,0xde,0x5b,0xbd,0x53,0xbe,0x5b,0x9d,0x53,0xbe,0x5b,0x9d,0x53,0x9e,0x5b,0x7d,0x5b,0x9e,0x5b,0x7d,0x5b,0x7e,0x5b,0x5d,0x5b,0x5e,0x63,
0x3d,0x5b,0x5e,0x63,0x3d,0x5b,0x3e,0x63,0x1d,0x63,0x3e,0x63,0x1d,0x63,0x3e,0x6b,0x1d,0x63,0x3e,0x6b,0x1d,0x6b,0x1e,0x6b,0x1d,0x6b,0x1e,0x73,0x1d,0x6b,0x1e,0x73,
0xfd,0x72,0x1e,0x73,0xfd,0x72,0x1e,0x7b,0xfd,0x72,0x1e,0x7b,0xfe,0x7a,0xfe,0x7a,0xfd,0x7a,0xfe,0x82,0xfe,0x7a,0xfe,0x82,0xdd,0x7a,0xfe,0x82,0xde,0x82,0xfe,0x8a,
0xde,0x82,0xfe,0x8a,0xde,0x82,0xfe,0x8a,0xde,0x82,0xde,0x8a,0xde,0x8a,0xde,0x8a,0xde,0x8a,0xde,0x92,0xde,0x8a,0xde,0x92,0xde,0x8a,0xde,0x92,0xbe,0x92,0xde,0x92,
0xbe,0x92,0xde,0x92,0xbe,0x92,0xde,0x9a,0xbe,0x92,0xde,0x9a,0xbe,0x92,0xde,0x9a,0xbe,0x92,0xde,0x9a,0xbe,0x9a,0xbe,0x9a,0xbe,0x9a,0xbe,0x9a,0xbe,0x9a,0xbe,0x9a,
0xbe,0x9a,0xbe,0x9a,0xbe,0x9a,0xbe,0xa2,0xbe,0x9a,0xbe,0xa2,0xbe,0x9a,0xbe,0xa2,0xbe,0x9a,0xbe,0xa2,0xbe,0x9a,0xbe,0xa2,0xbe,0x9a,0xbe,0xa2,0xbe,0xa2,0xbe,0xa2,
0xbe,0x9a,0xbe,0xa2,0x9e,0xa2,0xbe,0xa2,0x9e,0xa2,0xbe,0xa2,0x9e,0xa2,0xbe,0xa2,0x9e,0xa2,0xbe,0xa2,0x9e,0xa2,0xbe,0xa2,0x9e,0xa2,0xbe,0xa2,0x9e,0xa2,0xbe,0xaa,
0x9e,0xa2,0xbe,0xa2,0x9e,0xa2,0xbe,0xaa,0x9e,0xa2,0xbe,0xaa,0x9e,0xa2,0xbe,0xaa,0xde,0x44,0xbd,0x44,0xde,0x4c,0xbd,0x44,0xde,0x44,0xbd,0x44,0xbe,0x4c,0xbd,0x44,
0xbe,0x4c,0xbd,0x44,0xbe,0x4c,0xbd,0x44,0xbe,0x4c,0xbd,0x44,0xbe,0x4c,0x9d,0x44,0xbe,0x4c,0x9d,0x44,0xbe,0x4c,0x9d,0x44,0xbe,0x4c,0x9d,0x44,0x9e,0x4c,0x9d,0x44,
0x9e,0x4c,0x9d,0x44,0x9e,0x4c,0x9d,0x4c,0x9e,0x4c,0x7d,0x44,0x9e,0x4c,0x7d,0x4c,0x9e,0x4c,0x7d,0x4c,0x7e,0x4c,0x7d,0x4c,0x7e,0x4c,0x7d,0x4c,0x7e,0x4c,0x5d,0x4c,
0x7e,0x4c,0x5d,0x4c,0x7e,0x4c,0x5d,0x4c,0x5e,0x4c,0x5d,0x4c,0x5e,0x54,0x3d,0x4c,0x5e,0x54,0x3d,0x4c,0x3e,0x54,0x3d,0x4c,0x3e,0x54,0x3d,0x4c,0x3e,0x54,0x1d,0x54,
0x1e,0x54,0x1d,0x54,0x1e,0x54,0xfd,0x53,0x1e,0x54,0xfd,0x53,0xfe,0x53,0xfd,0x53,0xfe,0x53,0xdd,0x53,0xde,0x5b,0xdd,0x53,0xde,0x5b,0xbd,0x53,0xbe,0x5b,0xbd,0x5b,
0xbe,0x5b,0x9d,0x5b,0x9e,0x5b,0x7d,0x5b,0x9e,0x5b,0x7d,0x5b,0x7e,0x63,0x5d,0x5b,0x5e,0x63,0x5d,0x5b,0x5e,0x63,0x3d,0x63,0x3e,0x63,0x3d,0x63,0x3e,0x6b,0x1e,0x63,
0x3e,0x6b,0x1d,0x6b,0x3e,0x6b,0x1e,0x6b,0x1e,0x73,0x1e,0x6b,0x1e,0x73,0x1e,0x73,0x1e,0x73,0x1e,0x73,0x1e,0x7b,0xfe,0x72,0x1e,0x7b,0xfe,0x7a,0x1e,0x7b,0xfe,0x7a,
0xfe,0x82,0xfe,0x7a,0xfe,0x82,0xfe,0x82,0xfe,0x82,0xfe,0x82,0xfe,0x8a,0xde,0x82,0xfe,0x8a,0xde,0x82,0xfe,0x8a,0xde,0x8a,0xfe,0x8a,0xde,0x8a,0xfe,0x92,0xde,0x8a,
0xde,0x92,0xde,0x8a,0xdf,0x92,0xde,0x92,0xde,0x92,0xde,0x92,0xdf,0x92,0xde,0x92,0xde,0x9a,0xde,0x92,0xdf,0x9a,0xbe,0x92,0xde,0x9a,0xbe,0x92,0xdf,0x9a,0xbe,0x9a,
0xde,0x9a,0xbe,0x9a,0xdf,0x9a,0xbe,0x9a,0xdf,0x9a,0xbe,0x9a,0xdf,0xa2,0xbe,0x9a,0xdf,0xa2,0xbe,0x9a,0xdf,0xa2,0xbe,0x9a,0xbf,0xa2,0xbe,0x9a,0xbf,0xa2,0xbe,0xa2,
0xbf,0xa2,0xbe,0xa2,0xbf,0xa2,0xbe,0xa2,0xbf,0xa2,0xbe,0xa2,0xbf,0xa2,0xbe,0xa2,0xbf,0xa2,0xbe,0xa2,0xbf,0xa2,0xbe,0xa2,0xbf,0xa2,0xbe,0xa2,0xbf,0xaa,0xbe,0xa2,
0xbf,0xaa,0xbe,0xa2,0xbf,0xaa,0xbe,0xa2,0xbf,0xaa,0xbe,0xa2,0xbf,0xaa,0x9e,0xa2,0xbf,0xaa,0x9e,0xa2,0xbf,0xaa,0x9e,0xaa,0xbe,0xaa,0x9e,0xa2,0xbe,0xaa,0x9e,0xaa,
0xbd,0x44,0xde,0x44,0xbd,0x44,0xdd,0x44,0xbd,0x44,0xbe,0x44,0xbd,0x44,0xbd,0x44,0xbd,0x44,0xbe,0x44,0xbd,0x44,0xbd,0x44,0xbd,0x44,0xbe,0x44,0x9d,0x44,0xbd,0x44,
0x9d,0x44,0xbe,0x4c,0x9d,0x44,0xbd,0x44,0x9d,0x44,0x9e,0x4c,0x9d,0x44,0x9d,0x4c,0x9d,0x44,0x9e,0x4c,0x9d,0x44,0x9d,0x4c,0x7d,0x44,0x9e,0x4c,0x7d,0x44,0x9d,0x4c,
0x7d,0x44,0x7e,0x4c,0x7d,0x44,0x7d,0x4c,0x7d,0x44,0x7e,0x4c,0x5d,0x44,0x7d,0x4c,0x5d,0x4c,0x7e,0x4c,0x5d,0x4c,0x5d,0x4c,0x5d,0x4c,0x5e,0x4c,0x5d,0x4c,0x5e,0x4c,
0x3d,0x4c,0x5e,0x4c,0x3d,0x4c,0x3e,0x4c,0x3d,0x4c,0x3e,0x54,0x1d,0x4c,0x3e,0x54,0x1d,0x4c,0x1e,0x54,0x1d,0x4c,0x1e,0x54,0xfd,0x53,0xfe,0x53,0xfd,0x53,0xfe,0x53,
0xdd,0x53,0xfe,0x53,0xdd,0x53,0xde,0x53,0xbd,0x53,0xde,0x5b,0xbd,0x53,0xbe,0x5b,0x9d,0x53,0x9e,0x5b,0x9d,0x53,0x9e,0x5b,0x7d,0x5b,0x7e,0x5b,0x5d,0x5b,0x7e,0x5b,
0x5d,0x5b,0x5e,0x63,0x3d,0x5b,0x3e,0x63,0x1d,0x63,0x3e,0x63,0x1d,0x63,0x3e,0x63,0x1d,0x63,0x3e,0x6b,0x1d,0x6b,0x1e,0x6b,0x1d,0x6b,0x1e,0x73,0x1d,0x6b,0x1e,0x73,
0xfd,0x72,0x1e,0x73,0xfd,0x72,0x1e,0x7b,0xfe,0x72,0xfe,0x7a,0xfd,0x7a,0xfe,0x7a,0xfe,0x7a,0xfe,0x82,0xfd,0x7a,0xfe,0x82,0xde,0x82,0xfe,0x82,0xde,0x82,0xfe,0x8a,
0xde,0x82,0xfe,0x8a,0xde,0x82,0xde,0x8a,0xde,0x8a,0xde,0x8a,0xde,0x8a,0xde,0x92,0xde,0x8a,0xde,0x92,0xde,0x8a,0xde,0x92,0xbe,0x92,0xde,0x92,0xbe,0x92,0xde,0x92,
0xbe,0x92,0xde,0x9a,0xbe,0x92,0xde,0x9a,0xbe,0x92,0xde,0x9a,0xbe,0x92,0xde,0x9a,0xbe,0x9a,0xbe,0x9a,0xbe,0x9a,0xbe,0x9a,0xbe,0x9a,0xbe,0x9a,0xbe,0x9a,0xbe,0x9a,
0xbe,0x9a,0xbe,0xa2,0xbe,0x9a,0xbe,0xa2,0xbe,0x9a,0xbe,0xa2,0xbe,0x9a,0xbe,0xa2,0xbe,0x9a,0xbe,0xa2,0xbe,0x9a,0xbe,0xa2,0xbe,0xa2,0xbe,0xa2,0x9e,0xa2,0xbe,0xa2,
0x9e,0xa2,0xbe,0xa2,0x9e,0xa2,0xbe,0xa2,0x9e,0xa2,0xbe,0xa2,0x9e,0xa2,0xbe,0xa2,0x9e,0xa2,0xbe,0xaa,0x9e,0xa2,0xbe,0xa2,0x9e,0xa2,0xbe,0xaa,0x9e,0xa2,0xbe,0xaa,
0x9e,0xa2,0xbe,0xaa,0x9d,0xa2,0xbe,0xaa,0x9d,0xa2,0xbe,0xaa,0x9d,0xa2,0xbe,0xaa,0xde,0x44,0xbd,0x44,0xde,0x44,0xbd,0x44,0xde,0x44,0xbd,0x44,0xde,0x44,0xbd,0x44,
0xde,0x4c,0xbd,0x44,0xde,0x44,0xbd,0x44,0xbe,0x4c,0xbd,0x44,0xbe,0x4c,0xbd,0x44,0xbe,0x4c,0xbd,0x44,0xbe,0x4c,0x9d,0x44,0xbe,0x4c,0x9d,0x44,0xbe,0x4c,0x9d,0x44,
0xbe,0x4c,0x9d,0x44,0x9e,0x4c,0x9d,0x44,0x9e,0x4c,0x9d,0x44,0x9e,0x4c,0x9d,0x44,0x9e,0x4c,0x7d,0x4c,0x9e,0x4c,0x7d,0x4c,0x9e,0x4c,0x7d,0x4c,0x7e,0x4c,0x7d,0x4c,
0x7e,0x4c,0x7d,0x4c,0x7e,0x4c,0x5d,0x4c,0x7e,0x4c,0x5d,0x4c,0x5e,0x4c,0x5d,0x4c,0x5e,0x54,0x5d,0x4c,0x5e,0x54,0x3d,0x4c,0x5e,0x54,0x3d,0x4c,0x3e,0x54,0x3d,0x4c,
0x3e,0x54,0x1d,0x54,0x3e,0x54,0x1d,0x54,0x1e,0x54,0xfd,0x53,0x1e,0x54,0xfd,0x53,0xfe,0x53,0xfd,0x53,0xfe,0x53,0xdd,0x53,0xde,0x5b,0xdd,0x53,0xde,0x5b,0xbd,0x53,
0xbe,0x5b,0x9d,0x5b,0xbe,0x5b,0x9d,0x5b,0x9e,0x5b,0x7d,0x5b,0x7e,0x63,0x5d,0x5b,0x7e,0x63,0x5d,0x5b,0x5e,0x63,0x3d,0x63,0x3e,0x63,0x3e,0x63,0x3e,0x6b,0x1d,0x63,
0x3e,0x6b,0x1e,0x6b,0x3e,0x6b,0x1d,0x6b,0x1e,0x73,0x1e,0x6b,0x1e,0x73,0x1e,0x73,0x1e,0x7b,0x1e,0x73,0x1e,0x7b,0xfe,0x72,0x1e,0x7b,0xfe,0x7a,0x1e,0x7b,0xfe,0x7a,
0xfe,0x82,0xfe,0x82,0xfe,0x82,0xfe,0x82,0xfe,0x8a,0xfe,0x82,0xfe,0x8a,0xde,0x82,0xfe,0x8a,0xde,0x8a,0xfe,0x8a,0xde,0x8a,0xfe,0x92,0xde,0x8a,0xde,0x92,0xde,0x8a,
0xdf,0x92,0xde,0x92,0xde,0x92,0xde,0x92,0xdf,0x92,0xde,0x92,0xde,0x9a,0xde,0x92,0xdf,0x9a,0xbe,0x92,0xde,0x9a,0xbe,0x92,0xdf,0x9a,0xbe,0x9a,0xde,0x9a,0xbe,0x9a,
0xdf,0x9a,0xbe,0x9a,0xdf,0x9a,0xbe,0x9a,0xdf,0xa2,0xbe,0x9a,0xdf,0xa2,0xbe,0x9a,0xbf,0xa2,0xbe,0x9a,0xbf,0xa2,0xbe,0x9a,0xbf,0xa2,0xbe,0xa2,0xbf,0xa2,0xbe,0xa2,
0xbf,0xa2,0xbe,0xa2,0xbf,0xa2,0xbe,0xa2,0xbf,0xa2,0xbe,0xa2,0xbf,0xa2,0xbe,0xa2,0xbf,0xaa,0xbe,0xa2,0xbf,0xaa,0xbe,0xa2,0xbf,0xaa,0xbe,0xa2,0xbf,0xaa,0xbe,0xa2,
0xbf,0xaa,0xbe,0xa2,0xbf,0xaa,0x9e,0xa2,0xbf,0xaa,0x9e,0xa2,0xbe,0xaa,0x9e,0xa2,0xbe,0xaa,0x9e,0xaa,0xbe,0xaa,0x9e,0xaa,0xbe,0xaa,0x9e,0xaa,0xbe,0xaa,0x9d,0xaa,
0xbd,0x44,0xdd,0x44,0xbd,0x44,0xde,0x44,0xbd,0x44,0xdd,0x44,0xbd,0x44,0xde,0x44,0xbd,0x44,0xbd,0x44,0xbd,0x44,0xbe,0x44,0xbd,0x44,0xbd,0x44,0xbd,0x44,0xbe,0x44,
0xbd,0x44,0xbd,0x44,0x9d,0x44,0xbe,0x44,0x9d,0x44,0xbd,0x44,0x9d,0x44,0xbe,0x4c,0x9d,0x44,0x9d,0x44,0x9d,0x44,0x9e,0x4c,0x9d,0x44,0x9d,0x4c,0x9d,0x44,0x9e,0x4c,
0x7d,0x44,0x9d,0x4c,0x7d,0x44,0x9e,0x4c,0x7d,0x44,0x7d,0x4c,0x7d,0x44,0x7e,0x4c,0x7d,0x44,0x7d,0x4c,0x5d,0x4c,0x7e,0x4c,0x5d,0x4c,0x7d,0x4c,0x5d,0x4c,0x5e,0x4c,
0x5d,0x4c,0x5e,0x4c,0x3d,0x4c,0x5e,0x4c,0x3d,0x4c,0x3e,0x4c,0x3d,0x4c,0x3e,0x54,0x1d,0x4c,0x3e,0x54,0x1d,0x4c,0x1e,0x54,0x1d,0x4c,0x1e,0x54,0xfd,0x53,0xfe,0x53,
0xfd,0x53,0xfe,0x53,0xdd,0x53,0xde,0x53,0xdd,0x53,0xde,0x53,0xbd,0x53,0xbe,0x5b,0xbd,0x53,0xbe,0x5b,0x9d,0x53,0x9e,0x5b,0x7d,0x5b,0x9e,0x5b,0x7d,0x5b,0x7e,0x5b,
0x5d,0x5b,0x5e,0x63,0x3d,0x5b,0x3e,0x63,0x1d,0x5b,0x3e,0x63,0x1d,0x63,0x3e,0x6b,0x1d,0x63,0x3e,0x6b,0x1d,0x6b,0x1e,0x6b,0x1d,0x6b,0x1e,0x73,0x1d,0x6b,0x1e,0x73,
0xfd,0x72,0x1e,0x73,0xfd,0x72,0x1e,0x7b,0xfd,0x72,0xfe,0x7a,0xfe,0x7a,0xfe,0x82,0xfd,0x7a,0xfe,0x82,0xde,0x82,0xfe,0x82,0xde,0x82,0xfe,0x82,0xde,0x82,0xfe,0x8a,
0xde,0x82,0xde,0x8a,0xde,0x8a,0xde,0x8a,0xde,0x8a,0xde,0x8a,0xde,0x8a,0xde,0x92,0xde,0x8a,0xde,0x92,0xbe,0x92,0xde,0x92,0xbe,0x92,0xde,0x92,0xbe,0x92,0xde,0x9a,
0xbe,0x92,0xde,0x9a,0xbe,0x92,0xde,0x9a,0xbe,0x92,0xde,0x9a,0xbe,0x9a,0xbe,0x9a,0xbe,0x9a,0xbe,0x9a,0xbe,0x9a,0xbe,0x9a,0xbe,0x9a,0xbe,0x9a,0xbe,0x9a,0xbe,0xa2,
0xbe,0x9a,0xbe,0xa2,0xbe,0x9a,0xbe,0xa2,0xbe,0x9a,0xbe,0xa2,0xbe,0xa2,0xbe,0xa2,0xbe,0x9a,0xbe,0xa2,0x9e,0xa2,0xbe,0xa2,0x9e,0xa2,0xbe,0xa2,0x9e,0xa2,0xbe,0xa2,
0x9e,0xa2,0xbe,0xa2,0x9e,0xa2,0xbe,0xa2,0x9e,0xa2,0xbe,0xa2,0x9e,0xa2,0xbe,0xaa,0x9e,0xa2,0xbe,0xaa,0x9e,0xa2,0xbe,0xaa,0x9e,0xa2,0xbe,0xaa,0x9e,0xa2,0xbe,0xaa,
0x9d,0xa2,0xbe,0xaa,0x9d,0xa2,0xbe,0xaa,0x9d,0xa2,0x9d,0xaa,0x9d,0xaa,0x9e,0xaa,0xde,0x44,0xdd,0x44,0xde,0x44,0xdd,0x44,0xde,0x44,0xdd,0x44,0xde,0x44,0xbd,0x44,
0xde,0x44,0xbd,0x44,0xde,0x4c,0xbd,0x44,0xde,0x44,0xbd,0x44,0xde,0x4c,0xbd,0x44,0xbe,0x44,0xbd,0x44,0xbe,0x4c,0xbd,0x44,0xbe,0x4c,0xbd,0x44,0xbe,0x4c,0xbd,0x44,
0xbe,0x4c,0x9d,0x44,0xbe,0x4c,0x9d,0x44,0xbe,0x4c,0x9d,0x44,0x9e,0x4c,0x9d,0x44,0x9e,0x4c,0x9d,0x44,0x9e,0x4c,0x9d,0x4c,0x9e,0x4c,0x7d,0x44,0x9e,0x4c,0x7d,0x4c,
0x9e,0x4c,0x7d,0x4c,0x7e,0x4c,0x7d,0x4c,0x7e,0x4c,0x5d,0x4c,0x7e,0x4c,0x5d,0x4c,0x7e,0x4c,0x5d,0x4c,0x5e,0x54,0x5d,0x4c,0x5e,0x54,0x3d,0x4c,0x5e,0x54,0x3d,0x4c,
0x3e,0x54,0x3d,0x4c,0x3e,0x54,0x1d,0x54,0x3e,0x54,0x1d,0x54,0x1e,0x54,0xfd,0x53,0x1e,0x54,0xfd,0x53,0xfe,0x53,0xdd,0x53,0xfe,0x5b,0xdd,0x53,0xde,0x5b,0xbd,0x53,
0xde,0x5b,0xbd,0x53,0xbe,0x5b,0x9d,0x5b,0x9e,0x5b,0x7d,0x5b,0x9e,0x63,0x7d,0x5b,0x7e,0x63,0x5d,0x5b,0x5e,0x63,0x3d,0x63,0x3e,0x63,0x3d,0x63,0x3e,0x6b,0x1e,0x63,
0x3e,0x6b,0x1d,0x6b,0x3e,0x6b,0x1e,0x6b,0x1e,0x73,0x1e,0x6b,0x1e,0x73,0x1e,0x73,0x1e,0x73,0x1e,0x73,0x1e,0x7b,0xfe,0x7a,0x1e,0x7b,0xfe,0x7a,0x1e,0x83,0xfe,0x7a,
0xfe,0x82,0xfe,0x82,0xfe,0x82,0xfe,0x82,0xfe,0x8a,0xde,0x82,0xfe,0x8a,0xde,0x8a,0xfe,0x8a,0xde,0x8a,0xfe,0x92,0xde,0x8a,0xfe,0x92,0xde,0x8a,0xdf,0x92,0xde,0x92,
0xde,0x92,0xde,0x92,0xdf,0x92,0xde,0x92,0xde,0x9a,0xde,0x92,0xdf,0x9a,0xbe,0x92,0xde,0x9a,0xbe,0x92,0xdf,0x9a,0xbe,0x9a,0xde,0x9a,0xbe,0x9a,0xdf,0x9a,0xbe,0x9a,
0xdf,0x9a,0xbe,0x9a,0xdf,0xa2,0xbe,0x9a,0xdf,0xa2,0xbe,0x9a,0xbf,0xa2,0xbe,0xa2,0xbf,0xa2,0xbe,0x9a,0xbf,0xa2,0xbe,0xa2,0xbf,0xa2,0xbe,0xa2,0xbf,0xa2,0xbe,0xa2,
0xbf,0xa2,0xbe,0xa2,0xbf,0xaa,0xbe,0xa2,0xbf,0xa2,0xbe,0xa2,0xbf,0xaa,0xbe,0xa2,0xbf,0xaa,0xbe,0xa2,0xbf,0xaa,0xbe,0xa2,0xbf,0xaa,0xbe,0xa2,0xbf,0xaa,0x9e,0xa2,
0xbe,0xaa,0x9e,0xa2,0xbe,0xaa,0x9e,0xaa,0xbe,0xaa,0x9e,0xaa,0xbe,0xaa,0x9e,0xaa,0xbe,0xaa,0x9d,0xaa,0xbe,0xaa,0x9d,0xaa,0xbe,0xaa,0x9d,0xaa,0xbe,0xaa,0x9d,0xaa,
0xdd,0x44,0xde,0x44,0xdd,0x3c,0xdd,0x44,0xbd,0x44,0xde,0x44,0xbd,0x44,0xdd,0x44,0xbd,0x44,0xde,0x44,0xbd,0x44,0xdd,0x44,0xbd,0x44,0xde,0x44,0xbd,0x44,0xbd,0x44,
0xbd,0x44,0xbe,0x44,0xbd,0x44,0xbd,0x44,0xbd,0x44,0xbe,0x44,0x9d,0x44,0xbd,0x44,0x9d,0x44,0xbe,0x44,0x9d,0x44,0xbd,0x44,0x9d,0x44,0x9e,0x4c,0x9d,0x44,0x9d,0x44,
0x9d,0x44,0x9e,0x4c,0x9d,0x44,0x9d,0x4c,0x7d,0x44,0x9e,0x4c,0x7d,0x44,0x9d,0x4c,0x7d,0x44,0x7e,0x4c,0x7d,0x44,0x7d,0x4c,0x7d,0x4c,0x7e,0x4c,0x5d,0x44,0x7d,0x4c,
0x5d,0x4c,0x5e,0x4c,0x5d,0x4c,0x5e,0x4c,0x3d,0x4c,0x5e,0x4c,0x3d,0x4c,0x3e,0x4c,0x3d,0x4c,0x3e,0x54,0x1d,0x4c,0x3e,0x54,0x1d,0x4c,0x1e,0x54,0x1d,0x4c,0x1e,0x54,
0xfd,0x53,0xfe,0x53,0xfd,0x53,0xfe,0x53,0xdd,0x53,0xde,0x53,0xdd,0x53,0xde,0x53,0xbd,0x53,0xbe,0x5b,0x9d,0x53,0xbe,0x5b,0x9d,0x5b,0x9e,0x5b,0x7d,0x5b,0x7e,0x5b,
0x5d,0x5b,0x5e,0x63,0x3d,0x5b,0x5e,0x63,0x3d,0x5b,0x3e,0x63,0x1d,0x63,0x3e,0x63,0x1d,0x63,0x3e,0x6b,0x1d,0x6b,0x1e,0x6b,0x1d,0x6b,0x1e,0x73,0x1d,0x6b,0x1e,0x73,
0xfd,0x72,0x1e,0x7b,0xfd,0x72,0x1e,0x7b,0xfe,0x7a,0xfe,0x7a,0xfd,0x7a,0xfe,0x82,0xfe,0x7a,0xfe,0x82,0xdd,0x82,0xfe,0x82,0xde,0x82,0xfe,0x8a,0xde,0x82,0xfe,0x8a,
0xde,0x8a,0xde,0x8a,0xde,0x8a,0xde,0x8a,0xde,0x8a,0xde,0x92,0xde,0x8a,0xde,0x92,0xbe,0x92,0xde,0x92,0xbe,0x92,0xde,0x92,0xbe,0x92,0xde,0x9a,0xbe,0x92,0xde,0x9a,
0xbe,0x92,0xde,0x9a,0xbe,0x92,0xbe,0x9a,0xbe,0x9a,0xbe,0x9a,0xbe,0x9a,0xbe,0x9a,0xbe,0x9a,0xbe,0xa2,0xbe,0x9a,0xbe,0xa2,0xbe,0x9a,0xbe,0xa2,0xbe,0x9a,0xbe,0xa2,
0xbe,0x9a,0xbe,0xa2,0xbe,0x9a,0xbe,0xa2,0xbe,0xa2,0xbe,0xa2,0x9e,0xa2,0xbe,0xa2,0x9e,0xa2,0xbe,0xa2,0x9e,0xa2,0xbe,0xa2,0x9e,0xa2,0xbe,0xa2,0x9e,0xa2,0xbe,0xa2,
0x9e,0xa2,0xbe,0xaa,0x9e,0xa2,0xbe,0xaa,0x9e,0xa2,0xbe,0xaa,0x9e,0xa2,0xbe,0xaa,0x9e,0xa2,0xbe,0xaa,0x9d,0xa2,0xbe,0xaa,0x9d,0xa2,0xbe,0xaa,0x9d,0xa2,0xbe,0xaa,
0x9d,0xaa,0x9e,0xaa,0x9d,0xaa,0x9d,0xaa,0x9d,0xaa,0x9d,0xaa,0x9d,0xaa,0x9d,0xaa,0xfe,0x44,0xdd,0x44,0xde,0x44,0xdd,0x44,0xde,0x44,0xdd,0x44,0xde,0x44,0xdd,0x44,
0xde,0x44,0xdd,0x44,0xde,0x44,0xdd,0x44,0xde,0x44,0xbd,0x44,0xde,0x44,0xbd,0x44,0xde,0x4c,0xbd,0x44,0xde,0x44,0xbd,0x44,0xde,0x4c,0xbd,0x44,0xbe,0x4c,0xbd,0x44,
0xbe,0x4c,0xbd,0x44,0xbe,0x4c,0xbd,0x44,0xbe,0x4c,0x9d,0x44,0xbe,0x4c,0x9d,0x44,0xbe,0x4c,0x9d,0x44,0x9e,0x4c,0x9d,0x44,0x9e,0x4c,0x9d,0x44,0x9e,0x4c,0x9d,0x44,
0x9e,0x4c,0x7d,0x4c,0x9e,0x4c,0x7d,0x4c,0x7e,0x4c,0x7d,0x4c,0x7e,0x4c,0x7d,0x4c,0x7e,0x4c,0x5d,0x4c,0x7e,0x4c,0x5d,0x4c,0x5e,0x54,0x5d,0x4c,0x5e,0x4c,0x3d,0x4c,
0x5e,0x54,0x3d,0x4c,0x3e,0x54,0x3d,0x4c,0x3e,0x54,0x1d,0x54,0x3e,0x54,0x1d,0x54,0x1e,0x54,0xfd,0x53,0x1e,0x54,0xfd,0x53,0xfe,0x5b,0xdd,0x53,0xfe,0x5b,0xdd,0x53,
0xde,0x5b,0xbd,0x53,0xbe,0x5b,0x9d,0x5b,0xbe,0x5b,0x9d,0x5b,0x9e,0x5b,0x7d,0x5b,0x7e,0x63,0x5d,0x5b,0x5e,0x63,0x3d,0x5b,0x5e,0x63,0x3e,0x63,0x3e,0x63,0x3d,0x63,
0x3e,0x6b,0x1e,0x6b,0x3e,0x6b,0x1d,0x6b,0x1e,0x73,0x1e,0x73,0x1e,0x73,0x1e,0x73,0x1e,0x7b,0xfe,0x72,0x1e,0x7b,0xfe,0x7a,0x1e,0x7b,0xfe,0x7a,0xfe,0x82,0xfe,0x7a,
0xfe,0x82,0xfe,0x82,0xfe,0x82,0xfe,0x82,0xfe,0x8a,0xde,0x8a,0xfe,0x8a,0xde,0x8a,0xfe,0x8a,0xde,0x8a,0xfe,0x92,0xde,0x8a,0xdf,0x92,0xde,0x92,0xde,0x92,0xde,0x92,
0xdf,0x92,0xde,0x92,0xde,0x9a,0xde,0x92,0xdf,0x9a,0xbe,0x92,0xde,0x9a,0xbe,0x9a,0xdf,0x9a,0xbe,0x9a,0xde,0x9a,0xbe,0x9a,0xdf,0xa2,0xbe,0x9a,0xdf,0xa2,0xbe,0x9a,
0xdf,0xa2,0xbe,0x9a,0xbf,0xa2,0xbe,0x9a,0xbf,0xa2,0xbe,0xa2,0xbf,0xa2,0xbe,0xa2,0xbf,0xa2,0xbe,0xa2,0xbf,0xa2,0xbe,0xa2,0xbf,0xa2,0xbe,0xa2,0xbf,0xa2,0xbe,0xa2,
0xbf,0xaa,0xbe,0xa2,0xbf,0xaa,0xbe,0xa2,0xbf,0xaa,0xbe,0xa2,0xbf,0xaa,0xbe,0xa2,0xbf,0xaa,0x9e,0xa2,0xbe,0xaa,0x9e,0xa2,0xbe,0xaa,0x9e,0xaa,0xbe,0xaa,0x9e,0xaa,
0xbe,0xaa,0x9e,0xaa,0xbe,0xaa,0x9d,0xaa,0xbe,0xaa,0x9d,0xaa,0xbe,0xaa,0x9d,0xaa,0xbe,0xaa,0x9d,0xaa,0xbd,0xaa,0x9d,0xaa,0xbd,0xb2,0x9d,0xaa,0xbd,0xaa,0x9d,0xaa,
0xdd,0x3c,0xdd,0x44,0xdd,0x44,0xde,0x44,0xdd,0x3c,0xdd,0x44,0xdd,0x44,0xde,0x44,0xdd,0x3c,0xdd,0x44,0xbd,0x44,0xde,0x44,0xbd,0x44,0xdd,0x44,0xbd,0x44,0xde,0x44,
0xbd,0x44,0xdd,0x44,0xbd,0x44,0xbe,0x44,0xbd,0x44,0xbd,0x44,0xbd,0x44,0xbe,0x44,0xbd,0x44,0xbd,0x44,0xbd,0x44,0xbe,0x44,0x9d,0x44,0xbd,0x44,0x9d,0x44,0xbe,0x4c,
0x9d,0x44,0xbd,0x44,0x9d,0x44,0x9e,0x4c,0x9d,0x44,0x9d,0x4c,0x9d,0x44,0x9e,0x4c,0x7d,0x44,0x9d,0x4c,0x7d,0x44,0x9e,0x4c,0x7d,0x44,0x7d,0x4c,0x7d,0x44,0x7e,0x4c,
0x5d,0x44,0x7d,0x4c,0x5d,0x4c,0x5e,0x4c,0x5d,0x4c,0x5d,0x4c,0x5d,0x4c,0x5e,0x4c,0x3d,0x4c,0x5e,0x4c,0x3d,0x4c,0x3e,0x54,0x1d,0x4c,0x3e,0x54,0x1d,0x4c,0x1e,0x54,
0x1d,0x4c,0x1e,0x54,0xfd,0x53,0xfe,0x53,0xfd,0x53,0xfe,0x53,0xdd,0x53,0xde,0x53,0xbd,0x53,0xde,0x5b,0xbd,0x53,0xbe,0x5b,0x9d,0x53,0x9e,0x5b,0x7d,0x5b,0x7e,0x5b,
0x7d,0x5b,0x7e,0x5b,0x5d,0x5b,0x5e,0x63,0x3d,0x5b,0x3e,0x63,0x1d,0x63,0x3e,0x63,0x1d,0x63,0x3e,0x6b,0x1d,0x6b,0x1e,0x6b,0x1d,0x6b,0x1e,0x73,0x1d,0x6b,0x1e,0x73,
0xfd,0x72,0x1e,0x7b,0xfd,0x72,0xfe,0x7a,0xfd,0x7a,0xfe,0x7a,0xfe,0x7a,0xfe,0x82,0xfd,0x7a,0xfe,0x82,0xde,0x82,0xfe,0x8a,0xde,0x82,0xfe,0x8a,0xde,0x8a,0xde,0x8a,
0xde,0x8a,0xde,0x8a,0xde,0x8a,0xde,0x92,0xde,0x8a,0xde,0x92,0xbe,0x92,0xde,0x92,0xbe,0x92,0xde,0x92,0xbe,0x92,0xde,0x9a,0xbe,0x92,0xde,0x9a,0xbe,0x92,0xde,0x9a,
0xbe,0x92,0xbe,0x9a,0xbe,0x9a,0xbe,0x9a,0xbe,0x9a,0xbe,0x9a,0xbe,0x9a,0xbe,0xa2,0xbe,0x9a,0xbe,0xa2,0xbe,0x9a,0xbe,0xa2,0xbe,0x9a,0xbe,0xa2,0xbe,0x9a,0xbe,0xa2,
0xbe,0x9a,0xbe,0xa2,0x9e,0xa2,0xbe,0xa2,0x9e,0xa2,0xbe,0xa2,0x9e,0xa2,0xbe,0xa2,0x9e,0xa2,0xbe,0xa2,0x9e,0xa2,0xbe,0xaa,0x9e,0xa2,0xbe,0xa2,0x9e,0xa2,0xbe,0xaa,
0x9e,0xa2,0xbe,0xaa,0x9e,0xa2,0xbe,0xaa,0x9d,0xa2,0xbe,0xaa,0x9d,0xa2,0xbe,0xaa,0x9d,0xa2,0xbe,0xaa,0x9d,0xaa,0x9e,0xaa,0x9d,0xaa,0x9d,0xaa,0x9d,0xaa,0x9d,0xaa,
0x9d,0xaa,0x9d,0xaa,0x9d,0xaa,0x9d,0xaa,0x9c,0xaa,0x9d,0xaa,0x9c,0xaa,0x9d,0xaa,0xfe,0x44,0xdd,0x44,0xfe,0x44,0xdd,0x44,0xfe,0x44,0xdd,0x44,0xfe,0x44,0xdd,0x44,
0xde,0x44,0xdd,0x44,0xde,0x44,0xdd,0x44,0xde,0x44,0xdd,0x44,0xde,0x44,0xdd,0x44,0xde,0x44,0xdd,0x44,0xde,0x44,0xbd,0x44,0xde,0x44,0xbd,0x44,0xde,0x4c,0xbd,0x44,
0xde,0x44,0xbd,0x44,0xbe,0x4c,0xbd,0x44,0xbe,0x4c,0xbd,0x44,0xbe,0x4c,0xbd,0x44,0xbe,0x4c,0x9d,0x44,0xbe,0x4c,0x9d,0x44,0xbe,0x4c,0x9d,0x44,0x9e,0x4c,0x9d,0x44,
0x9e,0x4c,0x9d,0x44,0x9e,0x4c,0x7d,0x4c,0x9e,0x4c,0x7d,0x44,0x9e,0x4c,0x7d,0x4c,0x7e,0x4c,0x7d,0x4c,0x7e,0x4c,0x5d,0x4c,0x7e,0x4c,0x5d,0x4c,0x7e,0x4c,0x5d,0x4c,
0x5e,0x4c,0x3d,0x4c,0x5e,0x54,0x3d,0x4c,0x3e,0x54,0x3d,0x4c,0x3e,0x54,0x1d,0x54,0x3e,0x54,0x1d,0x54,0x1e,0x54,0xfd,0x53,0x1e,0x54,0xfd,0x53,0xfe,0x5b,0xdd,0x53,
0xde,0x5b,0xdd,0x53,0xde,0x5b,0xbd,0x5b,0xbe,0x5b,0x9d,0x5b,0x9e,0x5b,0x7d,0x5b,0x7e,0x5b,0x7d,0x5b,0x7e,0x63,0x5d,0x5b,0x5e,0x63,0x3d,0x63,0x3e,0x63,0x3e,0x63,
0x3e,0x6b,0x1d,0x63,0x3e,0x6b,0x1e,0x6b,0x1e,0x73,0x1e,0x6b,0x1e,0x73,0x1e,0x73,0x1e,0x7b,0xfe,0x72,0x1e,0x7b,0xfe,0x7a,0x1e,0x7b,0xfe,0x7a,0xfe,0x82,0xfe,0x82,
0xfe,0x82,0xfe,0x82,0xfe,0x8a,0xde,0x82,0xfe,0x8a,0xde,0x8a,0xfe,0x8a,0xde,0x8a,0xfe,0x92,0xde,0x8a,0xde,0x92,0xde,0x92,0xde,0x92,0xde,0x92,0xdf,0x92,0xde,0x92,
0xde,0x9a,0xde,0x92,0xdf,0x9a,0xbe,0x9a,0xde,0x9a,0xbe,0x9a,0xdf,0x9a,0xbe,0x9a,0xdf,0x9a,0xbe,0x9a,0xdf,0xa2,0xbe,0x9a,0xdf,0xa2,0xbe,0x9a,0xbf,0xa2,0xbe,0x9a,
0xbf,0xa2,0xbe,0x9a,0xbf,0xa2,0xbe,0xa2,0xbf,0xa2,0xbe,0xa2,0xbf,0xa2,0xbe,0xa2,0xbf,0xa2,0xbe,0xa2,0xbf,0xaa,0xbe,0xa2,0xbf,0xa2,0xbe,0xa2,0xbf,0xaa,0xbe,0xa2,
0xbf,0xaa,0xbe,0xa2,0xbf,0xaa,0xbe,0xa2,0xbf,0xaa,0x9e,0xa2,0xbf,0xaa,0x9e,0xaa,0xbe,0xaa,0x9e,0xa2,0xbe,0xaa,0x9e,0xaa,0xbe,0xaa,0x9d,0xaa,0xbe,0xaa,0x9d,0xaa,
0xbe,0xaa,0x9d,0xaa,0xbe,0xaa,0x9d,0xaa,0xbd,0xaa,0x9d,0xaa,0xbd,0xb2,0x9d,0xaa,0xbd,0xaa,0x9d,0xaa,0xbd,0xb2,0x9d,0xaa,0xbd,0xb2,0x9c,0xaa,0x9d,0xb2,0x9c,0xaa,
0xdd,0x3c,0xfe,0x44,0xdd,0x3c,0xfd,0x44,0xdd,0x3c,0xde,0x44,0xdd,0x3c,0xdd,0x44,0xdd,0x44,0xde,0x44,0xdd,0x3c,0xdd,0x44,0xdd,0x44,0xde,0x44,0xdd,0x3c,0xdd,0x44,
0xbd,0x44,0xde,0x44,0xbd,0x44,0xdd,0x44,0xbd,0x44,0xde,0x44,0xbd,0x44,0xdd,0x44,0xbd,0x44,0xbe,0x44,0xbd,0x44,0xbd,0x44,0xbd,0x44,0xbe,0x44,0xbd,0x44,0xbd,0x44,
0x9d,0x44,0xbe,0x44,0x9d,0x44,0xbd,0x44,0x9d,0x44,0xbe,0x4c,0x9d,0x44,0x9d,0x44,0x9d,0x44,0x9e,0x4c,0x9d,0x44,0x9d,0x4c,0x7d,0x44,0x9e,0x4c,0x7d,0x44,0x7d,0x4c,
0x7d,0x44,0x7e,0x4c,0x7d,0x44,0x7d,0x4c,0x5d,0x4c,0x7e,0x4c,0x5d,0x4c,0x5d,0x4c,0x5d,0x4c,0x5e,0x4c,0x3d,0x4c,0x5e,0x4c,0x3d,0x4c,0x3e,0x54,0x1d,0x4c,0x3e,0x54,
0x1d,0x4c,0x1e,0x54,0x1d,0x4c,0x1e,0x54,0xfd,0x53,0xfe,0x53,0xdd,0x53,0xfe,0x53,0xdd,0x53,0xde,0x53,0xbd,0x53,0xbe,0x5b,0x9d,0x53,0xbe,0x5b,0x9d,0x53,0x9e,0x5b,
0x7d,0x5b,0x7e,0x5b,0x5d,0x5b,0x5e,0x63,0x3d,0x5b,0x3e,0x63,0x1d,0x63,0x3e,0x63,0x1d,0x63,0x3e,0x6b,0x1d,0x63,0x1e,0x6b,0x1d,0x6b,0x1e,0x73,0xfd,0x6a,0x1e,0x73,
0xfd,0x72,0x1e,0x7b,0xfd,0x72,0xfe,0x7a,0xfe,0x7a,0xfe,0x82,0xfd,0x7a,0xfe,0x82,0xde,0x82,0xfe,0x82,0xde,0x82,0xfe,0x8a,0xde,0x82,0xde,0x8a,0xde,0x8a,0xde,0x8a,
0xde,0x8a,0xde,0x92,0xde,0x8a,0xde,0x92,0xbe,0x92,0xde,0x92,0xbe,0x92,0xde,0x92,0xbe,0x92,0xde,0x9a,0xbe,0x92,0xde,0x9a,0xbe,0x92,0xde,0x9a,0xbe,0x9a,0xbe,0x9a,
0xbe,0x9a,0xbe,0x9a,0xbe,0x9a,0xbe,0x9a,0xbe,0x9a,0xbe,0xa2,0xbe,0x9a,0xbe,0xa2,0xbe,0x9a,0xbe,0xa2,0xbe,0x9a,0xbe,0xa2,0xbe,0xa2,0xbe,0xa2,0x9e,0xa2,0xbe,0xa2,
0x9e,0xa2,0xbe,0xa2,0x9e,0xa2,0xbe,0xa2,0x9e,0xa2,0xbe,0xa2,0x9e,0xa2,0xbe,0xa2,0x9e,0xa2,0xbe,0xaa,0x9e,0xa2,0xbe,0xaa,0x9e,0xa2,0xbe,0xaa,0x9d,0xa2,0xbe,0xaa,
0x9d,0xa2,0xbe,0xaa,0x9d,0xa2,0xbe,0xaa,0x9d,0xaa,0x9e,0xaa,0x9d,0xaa,0x9d,0xaa,0x9d,0xaa,0x9d,0xaa,0x9d,0xaa,0x9d,0xaa,0x9d,0xaa,0x9d,0xaa,0x9c,0xaa,0x9d,0xaa,
0x9c,0xaa,0x9d,0xaa,0x9c,0xaa,0x9d,0xaa,0x9c,0xaa,0x9d,0xb2,0x9c,0xaa,0x9c,0xaa,0xfe,0x44,0xfd,0x44,0xfe,0x44,0xdd,0x44,0xfe,0x44,0xdd,0x44,0xfe,0x44,0xdd,0x44,
0xfe,0x44,0xdd,0x44,0xfe,0x44,0xdd,0x44,0xfe,0x44,0xdd,0x44,0xde,0x44,0xdd,0x44,0xde,0x44,0xdd,0x44,0xde,0x44,0xdd,0x44,0xde,0x44,0xdd,0x44,0xde,0x44,0xbd,0x44,
0xde,0x44,0xbd,0x44,0xde,0x44,0xbd,0x44,0xde,0x4c,0xbd,0x44,0xde,0x44,0xbd,0x44,0xbe,0x4c,0xbd,0x44,0xbe,0x4c,0xbd,0x44,0xbe,0x4c,0x9d,0x44,0xbe,0x4c,0x9d,0x44,
0xbe,0x4c,0x9d,0x44,0xbe,0x4c,0x9d,0x44,0x9e,0x4c,0x9d,0x44,0x9e,0x4c,0x7d,0x44,0x9e,0x4c,0x7d,0x4c,0x9e,0x4c,0x7d,0x4c,0x7e,0x4c,0x7d,0x4c,0x7e,0x4c,0x5d,0x4c,
0x7e,0x4c,0x5d,0x4c,0x5e,0x4c,0x5d,0x4c,0x5e,0x54,0x3d,0x4c,0x5e,0x54,0x3d,0x4c,0x3e,0x54,0x1d,0x4c,0x3e,0x54,0x1d,0x54,0x1e,0x54,0xfd,0x53,0xfe,0x53,0xfd,0x53,
0xfe,0x5b,0xdd,0x53,0xde,0x5b,0xbd,0x53,0xbe,0x5b,0xbd,0x5b,0xbe,0x5b,0x9d,0x5b,0x9e,0x5b,0x7d,0x5b,0x7e,0x63,0x5d,0x5b,0x5e,0x63,0x3d,0x63,0x3e,0x63,0x3d,0x63,
0x3e,0x6b,0x1e,0x6b,0x3e,0x6b,0x1d,0x6b,0x1e,0x73,0x1e,0x73,0x1e,0x73,0x1e,0x73,0x1e,0x7b,0xfe,0x7a,0x1e,0x7b,0xfe,0x7a,0x1e,0x83,0xfe,0x7a,0xfe,0x82,0xfe,0x82,
0xfe,0x8a,0xfe,0x82,0xfe,0x8a,0xde,0x8a,0xfe,0x8a,0xde,0x8a,0xfe,0x92,0xde,0x8a,0xde,0x92,0xde,0x92,0xde,0x92,0xde,0x92,0xdf,0x92,0xde,0x92,0xde,0x9a,0xde,0x92,
0xdf,0x9a,0xbe,0x9a,0xde,0x9a,0xbe,0x9a,0xdf,0x9a,0xbe,0x9a,0xdf,0x9a,0xbe,0x9a,0xdf,0xa2,0xbe,0x9a,0xdf,0xa2,0xbe,0x9a,0xbf,0xa2,0xbe,0xa2,0xbf,0xa2,0xbe,0xa2,
0xbf,0xa2,0xbe,0xa2,0xbf,0xa2,0xbe,0xa2,0xbf,0xa2,0xbe,0xa2,0xbf,0xa2,0xbe,0xa2,0xbf,0xaa,0xbe,0xa2,0xbf,0xaa,0xbe,0xa2,0xbf,0xaa,0xbe,0xa2,0xbf,0xaa,0x9e,0xa2,
0xbf,0xaa,0x9e,0xa2,0xbe,0xaa,0x9e,0xa2,0xbe,0xaa,0x9e,0xaa,0xbe,0xaa,0x9d,0xaa,0xbe,0xaa,0x9d,0xaa,0xbe,0xaa,0x9d,0xaa,0xbe,0xaa,0x9d,0xaa,0xbd,0xaa,0x9d,0xaa,
0xbd,0xb2,0x9d,0xaa,0xbd,0xaa,0x9d,0xaa,0xbd,0xb2,0x9d,0xaa,0xbd,0xb2,0x9c,0xaa,0x9d,0xb2,0x9c,0xaa,0x9d,0xb2,0x9c,0xaa,0x9d,0xb2,0x9c,0xaa,0x9d,0xb2,0x9c,0xaa,
0xdd,0x3c,0xfd,0x44,0xdd,0x3c,0xfe,0x44,0xdd,0x3c,0xfd,0x44,0xdd,0x3c,0xfe,0x44,0xdd,0x3c,0xfd,0x44,0xdd,0x3c,0xfe,0x44,0xdd,0x3c,0xdd,0x44,0xdd,0x44,0xde,0x44,
0xdd,0x3c,0xdd,0x44,0xdd,0x44,0xde,0x44,0xdd,0x3c,0xdd,0x44,0xbd,0x44,0xde,0x44,0xbd,0x44,0xdd,0x44,0xbd,0x44,0xde,0x44,0xbd,0x44,0xdd,0x44,0xbd,0x44,0xbe,0x44,
0xbd,0x44,0xbd,0x44,0xbd,0x44,0xbe,0x44,0xbd,0x44,0xbd,0x44,0x9d,0x44,0xbe,0x44,0x9d,0x44,0xbd,0x44,0x9d,0x44,0x9e,0x4c,0x9d,0x44,0x9d,0x4c,0x9d,0x44,0x9e,0x4c,
0x7d,0x44,0x9d,0x4c,0x7d,0x44,0x7e,0x4c,0x7d,0x44,0x7d,0x4c,0x5d,0x4c,0x7e,0x4c,0x5d,0x44,0x5d,0x4c,0x5d,0x4c,0x5e,0x4c,0x3d,0x4c,0x5e,0x4c,0x3d,0x4c,0x3e,0x54,
0x3d,0x4c,0x3e,0x54,0x1d,0x4c,0x1e,0x54,0x1d,0x4c,0x1e,0x54,0xfd,0x53,0xfe,0x53,0xdd,0x53,0xfe,0x53,0xdd,0x53,0xde,0x5b,0xbd,0x53,0xbe,0x5b,0x9d,0x53,0x9e,0x5b,
0x7d,0x5b,0x7e,0x5b,0x5d,0x5b,0x5e,0x63,0x3d,0x5b,0x3e,0x63,0x1d,0x63,0x3e,0x63,0x1d,0x63,0x3e,0x6b,0x1d,0x6b,0x1e,0x6b,0x1d,0x6b,0x1e,0x73,0xfd,0x72,0x1e,0x73,
0xfd,0x72,0x1e,0x7b,0xfe,0x7a,0xfe,0x7a,0xfd,0x7a,0xfe,0x82,0xfe,0x82,0xfe,0x82,0xde,0x82,0xfe,0x82,0xde,0x82,0xfe,0x8a,0xde,0x8a,0xde,0x8a,0xde,0x8a,0xde,0x92,
0xde,0x8a,0xde,0x92,0xbe,0x92,0xde,0x92,0xbe,0x92,0xde,0x92,0xbe,0x92,0xde,0x9a,0xbe,0x92,0xde,0x9a,0xbe,0x9a,0xbe,0x9a,0xbe,0x9a,0xbe,0x9a,0xbe,0x9a,0xbe,0x9a,
0xbe,0x9a,0xbe,0x9a,0xbe,0x9a,0xbe,0xa2,0xbe,0x9a,0xbe,0xa2,0xbe,0x9a,0xbe,0xa2,0xbe,0x9a,0xbe,0xa2,0x9e,0xa2,0xbe,0xa2,0x9e,0xa2,0xbe,0xa2,0x9e,0xa2,0xbe,0xa2,
0x9e,0xa2,0xbe,0xa2,0x9e,0xa2,0xbe,0xaa,0x9e,0xa2,0xbe,0xaa,0x9e,0xa2,0xbe,0xaa,0x9e,0xa2,0xbe,0xaa,0x9d,0xa2,0xbe,0xaa,0x9d,0xa2,0xbe,0xaa,0x9d,0xaa,0x9e,0xaa,
0x9d,0xaa,0x9d,0xaa,0x9d,0xaa,0x9d,0xaa,0x9d,0xaa,0x9d,0xaa,0x9d,0xaa,0x9d,0xaa,0x9c,0xaa,0x9d,0xaa,0x9c,0xaa,0x9d,0xaa,0x9c,0xaa,0x9d,0xaa,0x9c,0xaa,0x9d,0xb2,
0x9c,0xaa,0x9c,0xb2,0x9c,0xaa,0x9c,0xb2,0x9c,0xaa,0x9c,0xb2,0x9c,0xaa,0x9c,0xb2,0xfe,0x44,0xfd,0x3c,0xfe,0x44,0xfd,0x44,0xfe,0x44,0xfd,0x3c,0xfe,0x44,0xfd,0x44,
0xfe,0x44,0xdd,0x44,0xfe,0x44,0xdd,0x44,0xfe,0x44,0xdd,0x44,0xfe,0x44,0xdd,0x44,0xfe,0x44,0xdd,0x44,0xfe,0x44,0xdd,0x44,0xde,0x44,0xdd,0x44,0xde,0x44,0xdd,0x44,
0xde,0x44,0xdd,0x44,0xde,0x44,0xdd,0x44,0xde,0x44,0xbd,0x44,0xde,0x44,0xbd,0x44,0xde,0x44,0xbd,0x44,0xde,0x4c,0xbd,0x44,0xbe,0x44,0xbd,0x44,0xbe,0x4c,0xbd,0x44,
0xbe,0x4c,0xbd,0x44,0xbe,0x4c,0x9d,0x44,0xbe,0x4c,0x9d,0x44,0xbe,0x4c,0x9d,0x44,0x9e,0x4c,0x9d,0x44,0x9e,0x4c,0x7d,0x4c,0x9e,0x4c,0x7d,0x4c,0x7e,0x4c,0x7d,0x4c,
0x7e,0x4c,0x5d,0x4c,0x7e,0x4c,0x5d,0x4c,0x5e,0x4c,0x5d,0x4c,0x5e,0x54,0x3d,0x4c,0x5e,0x54,0x3d,0x4c,0x3e,0x54,0x1d,0x4c,0x3e,0x54,0x1d,0x54,0x1e,0x54,0xfd,0x53,
0xfe,0x53,0xfd,0x53,0xfe,0x5b,0xdd,0x53,0xde,0x5b,0xbd,0x53,0xbe,0x5b,0x9d,0x5b,0x9e,0x5b,0x7d,0x5b,0x7e,0x63,0x5d,0x5b,0x5e,0x63,0x3d,0x5b,0x3e,0x63,0x3e,0x63,
0x3e,0x6b,0x1d,0x63,0x3e,0x6b,0x1e,0x6b,0x1e,0x73,0x1e,0x6b,0x1e,0x73,0x1e,0x73,0x1e,0x7b,0xfe,0x7a,0x1e,0x7b,0xfe,0x7a,0xfe,0x82,0xfe,0x7a,0xfe,0x82,0xfe,0x82,
0xfe,0x8a,0xde,0x82,0xfe,0x8a,0xde,0x8a,0xfe,0x8a,0xde,0x8a,0xde,0x92,0xde,0x92,0xde,0x92,0xde,0x92,0xdf,0x92,0xde,0x92,0xde,0x9a,0xbe,0x92,0xdf,0x9a,0xbe,0x9a,
0xde,0x9a,0xbe,0x9a,0xdf,0x9a,0xbe,0x9a,0xdf,0x9a,0xbe,0x9a,0xdf,0xa2,0xbe,0x9a,0xbf,0xa2,0xbe,0x9a,0xbf,0xa2,0xbe,0xa2,0xbf,0xa2,0xbe,0xa2,0xbf,0xa2,0xbe,0xa2,
0xbf,0xa2,0xbe,0xa2,0xbf,0xaa,0xbe,0xa2,0xbf,0xa2,0xbe,0xa2,0xbf,0xaa,0xbe,0xa2,0xbf,0xaa,0xbe,0xa2,0xbf,0xaa,0x9e,0xa2,0xbe,0xaa,0x9e,0xa2,0xbe,0xaa,0x9e,0xaa,
0xbe,0xaa,0x9d,0xaa,0xbe,0xaa,0x9d,0xaa,0xbe,0xaa,0x9d,0xaa,0xbe,0xaa,0x9d,0xaa,0xbd,0xaa,0x9d,0xaa,0xbd,0xb2,0x9d,0xaa,0xbd,0xaa,0x9d,0xaa,0xbd,0xb2,0x9d,0xaa,
0xbd,0xb2,0x9c,0xaa,0x9d,0xb2,0x9c,0xaa,0x9d,0xb2,0x9c,0xaa,0x9d,0xb2,0x9c,0xaa,0x9c,0xb2,0x9c,0xaa,0x9d,0xb2,0x9c,0xb2,0x9c,0xb2,0x9c,0xaa,0x9c,0xb2,0x9c,0xb2,
0xfd,0x3c,0xfe,0x44,0xfd,0x3c,0xfd,0x44,0xfd,0x3c,0xfe,0x44,0xdd,0x3c,0xfd,0x44,0xdd,0x3c,0xfe,0x44,0xdd,0x3c,0xfd,0x44,0xdd,0x3c,0xfe,0x44,0xdd,0x3c,0xfd,0x44,
0xdd,0x3c,0xfe,0x44,0xdd,0x3c,0xdd,0x44,0xdd,0x44,0xde,0x44,0xdd,0x3c,0xdd,0x44,0xdd,0x44,0xde,0x44,0xdd,0x3c,0xdd,0x44,0xbd,0x44,0xde,0x44,0xbd,0x44,0xdd,0x44,
0xbd,0x44,0xde,0x44,0xbd,0x44,0xbd,0x44,0xbd,0x44,0xbe,0x44,0xbd,0x44,0xbd,0x44,0xbd,0x44,0xbe,0x44,0x9d,0x44,0xbd,0x44,0x9d,0x44,0xbe,0x4c,0x9d,0x44,0x9d,0x44,
0x9d,0x44,0x9e,0x4c,0x9d,0x44,0x9d,0x4c,0x7d,0x44,0x9e,0x4c,0x7d,0x44,0x7d,0x4c,0x7d,0x44,0x7e,0x4c,0x5d,0x44,0x7d,0x4c,0x5d,0x4c,0x5e,0x4c,0x5d,0x4c,0x5e,0x4c,
0x3d,0x4c,0x3e,0x4c,0x3d,0x4c,0x3e,0x54,0x1d,0x4c,0x1e,0x54,0x1d,0x4c,0x1e,0x54,0xfd,0x53,0xfe,0x53,0xdd,0x53,0xde,0x53,0xbd,0x53,0xde,0x5b,0xbd,0x53,0xbe,0x5b,
0x9d,0x5b,0x9e,0x5b,0x7d,0x5b,0x7e,0x5b,0x5d,0x5b,0x5e,0x63,0x3d,0x5b,0x3e,0x63,0x1d,0x63,0x3e,0x6b,0x1d,0x63,0x1e,0x6b,0x1d,0x6b,0x1e,0x73,0xfd,0x72,0x1e,0x73,
0xfd,0x72,0x1e,0x7b,0xfd,0x7a,0xfe,0x7a,0xfe,0x7a,0xfe,0x82,0xdd,0x82,0xfe,0x82,0xde,0x82,0xfe,0x8a,0xde,0x82,0xde,0x8a,0xde,0x8a,0xde,0x92,0xde,0x8a,0xde,0x92,
0xde,0x92,0xde,0x92,0xbe,0x92,0xde,0x92,0xbe,0x92,0xde,0x9a,0xbe,0x92,0xde,0x9a,0xbe,0x9a,0xbe,0x9a,0xbe,0x9a,0xbe,0x9a,0xbe,0x9a,0xbe,0xa2,0xbe,0x9a,0xbe,0xa2,
0xbe,0x9a,0xbe,0xa2,0xbe,0x9a,0xbe,0xa2,0xbe,0xa2,0xbe,0xa2,0x9e,0xa2,0xbe,0xa2,0x9e,0xa2,0xbe,0xa2,0x9e,0xa2,0xbe,0xa2,0x9e,0xa2,0xbe,0xaa,0x9e,0xa2,0xbe,0xa2,
0x9e,0xa2,0xbe,0xaa,0x9e,0xa2,0xbe,0xaa,0x9e,0xa2,0xbe,0xaa,0x9d,0xa2,0xbe,0xaa,0x9d,0xaa,0x9e,0xaa,0x9d,0xa2,0x9d,0xaa,0x9d,0xaa,0x9d,0xaa,0x9d,0xaa,0x9d,0xaa,
0x9d,0xaa,0x9d,0xaa,0x9c,0xaa,0x9d,0xaa,0x9c,0xaa,0x9d,0xaa,0x9c,0xaa,0x9d,0xaa,0x9c,0xaa,0x9d,0xb2,0x9c,0xaa,0x9c,0xb2,0x9c,0xaa,0x9c,0xb2,0x9c,0xaa,0x9c,0xb2,
0x9c,0xaa,0x9c,0xb2,0x9b,0xaa,0x9c,0xb2,0x9b,0xaa,0x9c,0xb2,0x9b,0xaa,0x9c,0xb2,0x1e,0x45,0xfd,0x3c,0x1e,0x45,0xfd,0x3c,0xfe,0x44,0xfd,0x44,0xfe,0x44,0xfd,0x3c,
0xfe,0x44,0xfd,0x44,0xfe,0x44,0xfd,0x3c,0xfe,0x44,0xfd,0x44,0xfe,0x44,0xfd,0x44,0xfe,0x44,0xdd,0x44,0xfe,0x44,0xdd,0x44,0xfe,0x44,0xdd,0x44,0xfe,0x44,0xdd,0x44,
0xfe,0x44,0xdd,0x44,0xfe,0x44,0xdd,0x44,0xde,0x44,0xdd,0x44,0xde,0x44,0xdd,0x44,0xde,0x44,0xdd,0x44,0xde,0x44,0xbd,0x44,0xde,0x44,0xbd,0x44,0xde,0x44,0xbd,0x44,
0xde,0x4c,0xbd,0x44,0xbe,0x4c,0xbd,0x44,0xbe,0x4c,0xbd,0x44,0xbe,0x4c,0x9d,0x44,0xbe,0x4c,0x9d,0x44,0xbe,0x4c,0x9d,0x44,0x9e,0x4c,0x9d,0x4c,0x9e,0x4c,0x7d,0x44,
0x9e,0x4c,0x7d,0x4c,0x7e,0x4c,0x7d,0x4c,0x7e,0x4c,0x5d,0x4c,0x7e,0x4c,0x5d,0x4c,0x5e,0x54,0x3d,0x4c,0x5e,0x54,0x3d,0x4c,0x3e,0x54,0x1d,0x4c,0x3e,0x54,0x1d,0x54,
0x1e,0x54,0xfd,0x53,0xfe,0x53,0xdd,0x53,0xfe,0x5b,0xdd,0x53,0xde,0x5b,0xbd,0x53,0xbe,0x5b,0x9d,0x5b,0x9e,0x5b,0x7d,0x5b,0x7e,0x63,0x5d,0x5b,0x5e,0x63,0x3d,0x63,
0x3e,0x6b,0x1e,0x63,0x3e,0x6b,0x1d,0x6b,0x1e,0x73,0x1e,0x73,0x1e,0x73,0x1e,0x73,0x1e,0x7b,0xfe,0x7a,0x1e,0x7b,0xfe,0x7a,0xfe,0x82,0xfe,0x82,0xfe,0x82,0xfe,0x82,
0xfe,0x8a,0xde,0x8a,0xfe,0x8a,0xde,0x8a,0xfe,0x92,0xde,0x8a,0xde,0x92,0xde,0x92,0xdf,0x92,0xde,0x92,0xde,0x9a,0xbe,0x92,0xdf,0x9a,0xbe,0x9a,0xde,0x9a,0xbe,0x9a,
0xdf,0x9a,0xbe,0x9a,0xdf,0xa2,0xbe,0x9a,0xdf,0xa2,0xbe,0x9a,0xbf,0xa2,0xbe,0x9a,0xbf,0xa2,0xbe,0xa2,0xbf,0xa2,0xbe,0xa2,0xbf,0xa2,0xbe,0xa2,0xbf,0xa2,0xbe,0xa2,
0xbf,0xaa,0xbe,0xa2,0xbf,0xaa,0xbe,0xa2,0xbf,0xaa,0x9e,0xa2,0xbf,0xaa,0x9e,0xa2,0xbe,0xaa,0x9e,0xaa,0xbe,0xaa,0x9d,0xaa,0xbe,0xaa,0x9d,0xaa,0xbe,0xaa,0x9d,0xaa,
0xbe,0xaa,0x9d,0xaa,0xbd,0xaa,0x9d,0xaa,0xbd,0xb2,0x9d,0xaa,0xbd,0xb2,0x9d,0xaa,0xbd,0xb2,0x9d,0xaa,0x9d,0xb2,0x9c,0xaa,0x9d,0xb2,0x9c,0xaa,0x9d,0xb2,0x9c,0xaa,
0x9d,0xb2,0x9c,0xaa,0x9c,0xb2,0x9c,0xaa,0x9c,0xb2,0x9c,0xb2,0x9c,0xb2,0x9c,0xaa,0x9c,0xb2,0x9c,0xb2,0x9c,0xb2,0x9b,0xb2,0x9c,0xb2,0x9c,0xb2,0x9c,0xb2,0x9b,0xb2,
0xfd,0x3c,0xfd,0x44,0xfd,0x3c,0xfe,0x44,0xfd,0x3c,0xfd,0x44,0xfd,0x3c,0xfe,0x44,0xfd,0x3c,0xfd,0x44,0xfd,0x3c,0xfe,0x44,0xfd,0x3c,0xfd,0x44,0xdd,0x3c,0xfe,0x44,
0xdd,0x3c,0xfd,0x44,0xdd,0x3c,0xfe,0x44,0xdd,0x3c,0xfd,0x44,0xdd,0x3c,0xfe,0x44,0xdd,0x3c,0xdd,0x44,0xdd,0x3c,0xde,0x44,0xdd,0x3c,0xdd,0x44,0xdd,0x44,0xde,0x44,
0xdd,0x3c,0xdd,0x44,0xbd,0x44,0xde,0x44,0xbd,0x44,0xdd,0x44,0xbd,0x44,0xde,0x44,0xbd,0x44,0xbd,0x44,0xbd,0x44,0xbe,0x44,0xbd,0x44,0xbd,0x44,0x9d,0x44,0xbe,0x44,
0x9d,0x44,0xbd,0x44,0x9d,0x44,0x9e,0x4c,0x9d,0x44,0x9d,0x4c,0x7d,0x44,0x9e,0x4c,0x7d,0x44,0x9d,0x4c,0x7d,0x44,0x7e,0x4c,0x7d,0x44,0x7d,0x4c,0x5d,0x4c,0x5e,0x4c,
0x5d,0x4c,0x5e,0x4c,0x3d,0x4c,0x5e,0x4c,0x3d,0x4c,0x3e,0x4c,0x1d,0x4c,0x1e,0x54,0x1d,0x4c,0x1e,0x54,0xfd,0x53,0xfe,0x53,0xdd,0x53,0xde,0x53,0xbd,0x53,0xbe,0x5b,
0x9d,0x53,0x9e,0x5b,0x7d,0x5b,0x7e,0x5b,0x5d,0x5b,0x5e,0x63,0x3d,0x5b,0x3e,0x63,0x1d,0x63,0x3e,0x6b,0x1d,0x63,0x1e,0x6b,0x1d,0x6b,0x1e,0x73,0xfd,0x72,0x1e,0x7b,
0xfd,0x72,0xfe,0x7a,0xfe,0x7a,0xfe,0x82,0xfd,0x7a,0xfe,0x82,0xde,0x82,0xfe,0x8a,0xde,0x82,0xde,0x8a,0xde,0x8a,0xde,0x92,0xde,0x8a,0xde,0x92,0xde,0x92,0xde,0x92,
0xbe,0x92,0xde,0x92,0xbe,0x92,0xde,0x9a,0xbe,0x92,0xde,0x9a,0xbe,0x9a,0xbe,0x9a,0xbe,0x9a,0xbe,0x9a,0xbe,0x9a,0xbe,0xa2,0xbe,0x9a,0xbe,0xa2,0xbe,0x9a,0xbe,0xa2,
0xbe,0x9a,0xbe,0xa2,0x9e,0xa2,0xbe,0xa2,0x9e,0xa2,0xbe,0xa2,0x9e,0xa2,0xbe,0xa2,0x9e,0xa2,0xbe,0xa2,0x9e,0xa2,0xbe,0xaa,0x9e,0xa2,0xbe,0xaa,0x9e,0xa2,0xbe,0xaa,
0x9d,0xa2,0xbe,0xaa,0x9d,0xaa,0x9e,0xaa,0x9d,0xa2,0x9d,0xaa,0x9d,0xaa,0x9d,0xaa,0x9d,0xaa,0x9d,0xaa,0x9d,0xaa,0x9d,0xaa,0x9c,0xaa,0x9d,0xaa,0x9c,0xaa,0x9d,0xb2,
0x9c,0xaa,0x9c,0xaa,0x9c,0xaa,0x9c,0xb2,0x9c,0xaa,0x9c,0xb2,0x9c,0xaa,0x9c,0xb2,0x9c,0xaa,0x9c,0xb2,0x9c,0xaa,0x9c,0xb2,0x9b,0xaa,0x9c,0xb2,0x9b,0xaa,0x9c,0xb2,
0x7b,0xaa,0x9c,0xb2,0x7b,0xb2,0x9c,0xb2,0x7b,0xaa,0x9b,0xb2,0x7b,0xb2,0x9c,0xb2,0x1e,0x45,0xfd,0x3c,0x1e,0x45,0xfd,0x3c,0x1e,0x45,0xfd,0x3c,0x1e,0x45,0xfd,0x3c,
0x1e,0x45,0xfd,0x3c,0x1e,0x45,0xfd,0x3c,0xfe,0x44,0xfd,0x3c,0xfe,0x44,0xfd,0x44,0xfe,0x44,0xfd,0x3c,0xfe,0x44,0xfd,0x44,0xfe,0x44,0xfd,0x3c,0xfe,0x44,0xfd,0x44,
0xfe,0x44,0xdd,0x44,0xfe,0x44,0xdd,0x44,0xfe,0x44,0xdd,0x44,0xfe,0x44,0xdd,0x44,0xfe,0x44,0xdd,0x44,0xde,0x44,0xdd,0x44,0xde,0x44,0xdd,0x44,0xde,0x44,0xdd,0x44,
0xde,0x44,0xbd,0x44,0xde,0x4c,0xbd,0x44,0xde,0x44,0xbd,0x44,0xbe,0x4c,0xbd,0x44,0xbe,0x4c,0xbd,0x44,0xbe,0x4c,0x9d,0x44,0xbe,0x4c,0x9d,0x44,0xbe,0x4c,0x9d,0x44,
0x9e,0x4c,0x9d,0x44,0x9e,0x4c,0x7d,0x4c,0x9e,0x4c,0x7d,0x4c,0x7e,0x4c,0x7d,0x4c,0x7e,0x4c,0x5d,0x4c,0x5e,0x54,0x5d,0x4c,0x5e,0x54,0x3d,0x4c,0x3e,0x54,0x1d,0x4c,
0x3e,0x54,0x1d,0x54,0x1e,0x54,0xfd,0x53,0xfe,0x53,0xdd,0x53,0xde,0x5b,0xbd,0x53,0xbe,0x5b,0x9d,0x5b,0x9e,0x5b,0x7d,0x5b,0x7e,0x63,0x5d,0x5b,0x5e,0x63,0x3d,0x63,
0x3e,0x63,0x1d,0x63,0x3e,0x6b,0x1e,0x6b,0x1e,0x73,0x1e,0x73,0x1e,0x7b,0xfe,0x72,0x1e,0x7b,0xfe,0x7a,0x1e,0x83,0xfe,0x82,0xfe,0x82,0xfe,0x82,0xfe,0x8a,0xde,0x8a,
0xfe,0x8a,0xde,0x8a,0xfe,0x92,0xde,0x8a,0xde,0x92,0xde,0x92,0xdf,0x92,0xde,0x92,0xde,0x9a,0xbe,0x92,0xdf,0x9a,0xbe,0x9a,0xde,0x9a,0xbe,0x9a,0xdf,0xa2,0xbe,0x9a,
0xdf,0xa2,0xbe,0x9a,0xbf,0xa2,0xbe,0xa2,0xbf,0xa2,0xbe,0xa2,0xbf,0xa2,0xbe,0xa2,0xbf,0xa2,0xbe,0xa2,0xbf,0xaa,0xbe,0xa2,0xbf,0xaa,0xbe,0xa2,0xbf,0xaa,0xbe,0xa2,
0xbf,0xaa,0x9e,0xa2,0xbf,0xaa,0x9e,0xaa,0xbe,0xaa,0x9e,0xaa,0xbe,0xaa,0x9d,0xaa,0xbe,0xaa,0x9d,0xaa,0xbe,0xaa,0x9d,0xaa,0xbd,0xaa,0x9d,0xaa,0xbd,0xb2,0x9d,0xaa,
0xbd,0xb2,0x9c,0xaa,0xbd,0xb2,0x9c,0xaa,0x9d,0xb2,0x9c,0xaa,0x9d,0xb2,0x9c,0xaa,0x9d,0xb2,0x9c,0xaa,0x9d,0xb2,0x9c,0xaa,0x9c,0xb2,0x9c,0xaa,0x9c,0xb2,0x9c,0xb2,
0x9c,0xb2,0x9c,0xb2,0x9c,0xb2,0x9c,0xb2,0x9c,0xb2,0x9b,0xb2,0x9c,0xb2,0x9b,0xb2,0x9c,0xb2,0x9b,0xb2,0x9c,0xb2,0x9b,0xb2,0x9c,0xb2,0x9b,0xb2,0x9c,0xb2,0x9b,0xb2,
0xfd,0x3c,0x1e,0x45,0xfd,0x3c,0x1d,0x45,0xfd,0x3c,0x1e,0x45,0xfd,0x3c,0x1d,0x45,0xfd,0x3c,0xfe,0x44,0xfd,0x3c,0xfd,0x44,0xfd,0x3c,0xfe,0x44,0xfd,0x3c,0xfd,0x44,
0xfd,0x3c,0xfe,0x44,0xfd,0x3c,0xfd,0x44,0xfd,0x3c,0xfe,0x44,0xdd,0x3c,0xfd,0x44,0xdd,0x3c,0xfe,0x44,0xdd,0x3c,0xfd,0x44,0xdd,0x3c,0xfe,0x44,0xdd,0x3c,0xfd,0x44,
0xdd,0x3c,0xde,0x44,0xdd,0x3c,0xdd,0x44,0xdd,0x44,0xde,0x44,0xdd,0x3c,0xdd,0x44,0xbd,0x44,0xde,0x44,0xbd,0x44,0xdd,0x44,0xbd,0x44,0xde,0x44,0xbd,0x44,0xbd,0x44,
0xbd,0x44,0xbe,0x44,0xbd,0x44,0xbd,0x44,0x9d,0x44,0xbe,0x4c,0x9d,0x44,0x9d,0x44,0x9d,0x44,0x9e,0x4c,0x7d,0x44,0x9d,0x4c,0x7d,0x44,0x7e,0x4c,0x7d,0x44,0x7d,0x4c,
0x5d,0x4c,0x7e,0x4c,0x5d,0x4c,0x5d,0x4c,0x3d,0x4c,0x5e,0x4c,0x3d,0x4c,0x3e,0x4c,0x1d,0x4c,0x1e,0x54,0x1d,0x4c,0x1e,0x54,0xfd,0x53,0xfe,0x53,0xdd,0x53,0xde,0x53,
0xbd,0x53,0xbe,0x5b,0x9d,0x53,0x9e,0x5b,0x7d,0x5b,0x7e,0x63,0x3d,0x5b,0x3e,0x63,0x1d,0x63,0x3e,0x6b,0x1d,0x63,0x1e,0x6b,0x1d,0x6b,0x1e,0x73,0xfd,0x72,0x1e,0x7b,
0xfe,0x72,0xfe,0x7a,0xfd,0x7a,0xfe,0x82,0xde,0x82,0xfe,0x82,0xde,0x82,0xfe,0x8a,0xde,0x8a,0xde,0x8a,0xde,0x8a,0xde,0x92,0xde,0x92,0xde,0x92,0xbe,0x92,0xde,0x92,
0xbe,0x92,0xde,0x9a,0xbe,0x92,0xbe,0x9a,0xbe,0x9a,0xbe,0x9a,0xbe,0x9a,0xbe,0x9a,0xbe,0x9a,0xbe,0xa2,0xbe,0x9a,0xbe,0xa2,0xbe,0xa2,0xbe,0xa2,0x9e,0xa2,0xbe,0xa2,
0x9e,0xa2,0xbe,0xa2,0x9e,0xa2,0xbe,0xa2,0x9e,0xa2,0xbe,0xaa,0x9e,0xa2,0xbe,0xaa,0x9e,0xa2,0xbe,0xaa,0x9d,0xa2,0xbe,0xaa,0x9d,0xa2,0xbe,0xaa,0x9d,0xa2,0x9d,0xaa,
0x9d,0xaa,0x9d,0xaa,0x9d,0xaa,0x9d,0xaa,0x9d,0xaa,0x9d,0xaa,0x9c,0xaa,0x9d,0xaa,0x9c,0xaa,0x9d,0xb2,0x9c,0xaa,0x9c,0xaa,0x9c,0xaa,0x9c,0xb2,0x9c,0xaa,0x9c,0xb2,
0x9c,0xaa,0x9c,0xb2,0x9b,0xaa,0x9c,0xb2,0x9b,0xaa,0x9c,0xb2,0x7b,0xaa,0x9c,0xb2,0x7b,0xaa,0x9c,0xb2,0x7b,0xaa,0x9c,0xb2,0x7b,0xb2,0x9c,0xb2,0x7b,0xaa,0x9b,0xb2,
0x7b,0xb2,0x9b,0xb2,0x7b,0xb2,0x9b,0xb2,0x7b,0xb2,0x9b,0xb2,0x7b,0xb2,0x9b,0xb2,0x1e,0x45,0x1d,0x3d,0x1e,0x45,0x1d,0x3d,0x1e,0x45,0xfd,0x3c,0x1e,0x45,0xfd,0x3c,
0x1e,0x45,0xfd,0x3c,0x1e,0x45,0xfd,0x3c,0x1e,0x45,0xfd,0x3c,0x1e,0x45,0xfd,0x3c,0x1e,0x45,0xfd,0x3c,0x1e,0x45,0xfd,0x3c,0xfe,0x44,0xfd,0x44,0xfe,0x44,0xfd,0x3c,
0xfe,0x44,0xfd,0x44,0xfe,0x44,0xfd,0x3c,0xfe,0x44,0xfd,0x44,0xfe,0x44,0xdd,0x44,0xfe,0x44,0xdd,0x44,0xfe,0x44,0xdd,0x44,0xfe,0x44,0xdd,0x44,0xfe,0x44,0xdd,0x44,
0xde,0x44,0xdd,0x44,0xde,0x44,0xdd,0x44,0xde,0x44,0xdd,0x44,0xde,0x44,0xbd,0x44,0xde,0x4c,0xbd,0x44,0xde,0x44,0xbd,0x44,0xbe,0x4c,0xbd,0x44,0xbe,0x4c,0x9d,0x44,
0xbe,0x4c,0x9d,0x44,0xbe,0x4c,0x9d,0x44,0x9e,0x4c,0x9d,0x4c,0x9e,0x4c,0x7d,0x4c,0x7e,0x4c,0x7d,0x4c,0x7e,0x4c,0x5d,0x4c,0x7e,0x4c,0x5d,0x4c,0x5e,0x54,0x3d,0x4c,
0x3e,0x54,0x3d,0x4c,0x3e,0x54,0x1d,0x54,0x1e,0x54,0xfd,0x53,0xfe,0x53,0xdd,0x53,0xde,0x5b,0xbd,0x53,0xbe,0x5b,0x9d,0x5b,0x9e,0x63,0x7d,0x5b,0x5e,0x63,0x3d,0x63,
0x3e,0x63,0x1e,0x63,0x3e,0x6b,0x1d,0x6b,0x1e,0x73,0x1e,0x73,0x1e,0x73,0xfe,0x72,0x1e,0x7b,0xfe,0x7a,0xfe,0x82,0xfe,0x82,0xfe,0x8a,0xde,0x82,0xfe,0x8a,0xde,0x8a,
0xfe,0x92,0xde,0x8a,0xde,0x92,0xde,0x92,0xdf,0x92,0xde,0x92,0xde,0x9a,0xbe,0x92,0xdf,0x9a,0xbe,0x9a,0xde,0x9a,0xbe,0x9a,0xdf,0xa2,0xbe,0x9a,0xbf,0xa2,0xbe,0x9a,
0xbf,0xa2,0xbe,0xa2,0xbf,0xa2,0xbe,0xa2,0xbf,0xa2,0xbe,0xa2,0xbf,0xa2,0xbe,0xa2,0xbf,0xaa,0xbe,0xa2,0xbf,0xaa,0xbe,0xa2,0xbf,0xaa,0x9e,0xa2,0xbe,0xaa,0x9e,0xa2,
0xbe,0xaa,0x9e,0xaa,0xbe,0xaa,0x9d,0xaa,0xbe,0xaa,0x9d,0xaa,0xbd,0xaa,0x9d,0xaa,0xbd,0xb2,0x9d,0xaa,0xbd,0xb2,0x9c,0xaa,0x9d,0xb2,0x9c,0xaa,0x9d,0xb2,0x9c,0xaa,
0x9d,0xb2,0x9c,0xaa,0x9c,0xb2,0x9c,0xaa,0x9c,0xb2,0x9c,0xb2,0x9c,0xb2,0x9c,0xaa,0x9c,0xb2,0x9c,0xb2,0x9c,0xb2,0x9b,0xb2,0x9c,0xb2,0x9b,0xb2,0x9c,0xb2,0x9b,0xb2,
0x9c,0xb2,0x9b,0xb2,0x9c,0xb2,0x9b,0xb2,0x9c,0xb2,0x9b,0xb2,0x9b,0xb2,0x9b,0xb2,0x9c,0xb2,0x9b,0xb2,0x9b,0xb2,0x9b,0xb2,0x9b,0xba,0x9b,0xb2,0x9b,0xb2,0x7b,0xb2,
0x1d,0x3d,0x1d,0x3d,0xfd,0x3c,0x1e,0x45,0xfd,0x3c,0x1d,0x3d,0xfd,0x3c,0x1e,0x45,0xfd,0x3c,0x1d,0x3d,0xfd,0x3c,0x1e,0x45,0xfd,0x3c,0x1d,0x45,0xfd,0x3c,0x1e,0x45,
0xfd,0x3c,0x1d,0x45,0xfd,0x3c,0xfe,0x44,0xfd,0x3c,0xfd,0x44,0xfd,0x3c,0xfe,0x44,0xfd,0x3c,0xfd,0x44,0xfd,0x3c,0xfe,0x44,0xfd,0x3c,0xfd,0x44,0xdd,0x3c,0xfe,0x44,
0xdd,0x3c,0xfd,0x44,0xdd,0x3c,0xfe,0x44,0xdd,0x3c,0xfd,0x44,0xdd,0x3c,0xde,0x44,0xdd,0x3c,0xdd,0x44,0xdd,0x44,0xde,0x44,0xdd,0x3c,0xdd,0x44,0xbd,0x44,0xde,0x44,
0xbd,0x44,0xdd,0x44,0xbd,0x44,0xbe,0x44,0xbd,0x44,0xbd,0x44,0xbd,0x44,0xbe,0x44,0x9d,0x44,0xbd,0x44,0x9d,0x44,0x9e,0x4c,0x9d,0x44,0x9d,0x4c,0x7d,0x44,0x9e,0x4c,
0x7d,0x44,0x7d,0x4c,0x7d,0x44,0x7e,0x4c,0x5d,0x44,0x5d,0x4c,0x5d,0x4c,0x5e,0x4c,0x3d,0x4c,0x3e,0x4c,0x1d,0x4c,0x1e,0x54,0x1d,0x4c,0x1e,0x54,0xfd,0x53,0xfe,0x53,
0xdd,0x53,0xde,0x53,0xbd,0x53,0x9e,0x5b,0x7d,0x5b,0x7e,0x5b,0x5d,0x5b,0x5e,0x63,0x1d,0x5b,0x3e,0x63,0x1d,0x63,0x1e,0x6b,0x1d,0x6b,0x1e,0x73,0xfd,0x72,0x1e,0x7b,
0xfd,0x7a,0xfe,0x7a,0xfe,0x7a,0xfe,0x82,0xde,0x82,0xfe,0x8a,0xde,0x8a,0xde,0x8a,0xde,0x8a,0xde,0x92,0xde,0x92,0xde,0x92,0xbe,0x92,0xde,0x92,0xbe,0x92,0xde,0x9a,
0xbe,0x92,0xbe,0x9a,0xbe,0x9a,0xbe,0x9a,0xbe,0x9a,0xbe,0xa2,0xbe,0x9a,0xbe,0xa2,0xbe,0x9a,0xbe,0xa2,0x9e,0xa2,0xbe,0xa2,0x9e,0xa2,0xbe,0xa2,0x9e,0xa2,0xbe,0xaa,
0x9e,0xa2,0xbe,0xaa,0x9e,0xa2,0xbe,0xaa,0x9d,0xa2,0xbe,0xaa,0x9d,0xa2,0xbe,0xaa,0x9d,0xa2,0x9d,0xaa,0x9d,0xaa,0x9d,0xaa,0x9d,0xaa,0x9d,0xaa,0x9c,0xaa,0x9d,0xaa,
0x9c,0xaa,0x9d,0xaa,0x9c,0xaa,0x9d,0xb2,0x9c,0xaa,0x9c,0xb2,0x9c,0xaa,0x9c,0xb2,0x9c,0xaa,0x9c,0xb2,0x9c,0xaa,0x9c,0xb2,0x9b,0xaa,0x9c,0xb2,0x7b,0xaa,0x9c,0xb2,
0x7b,0xaa,0x9c,0xb2,0x7b,0xb2,0x9c,0xb2,0x7b,0xaa,0x9b,0xb2,0x7b,0xb2,0x9b,0xb2,0x7b,0xb2,0x9b,0xb2,0x7b,0xb2,0x9b,0xb2,0x7b,0xb2,0x9b,0xb2,0x7b,0xb2,0x9b,0xb2,
0x7a,0xb2,0x9b,0xb2,0x7b,0xb2,0x9b,0xb2,0x7a,0xb2,0x9b,0xb2,0x7a,0xb2,0x9b,0xb2,0x1e,0x45,0x1d,0x3d,0x1e,0x45,0x1d,0x3d,0x1e,0x45,0x1d,0x3d,0x1e,0x45,0x1d,0x3d,
0x1e,0x45,0x1d,0x3d,0x1e,0x45,0x1d,0x3d,0x1e,0x45,0x1d,0x3d,0x1e,0x45,0x1d,0x3d,0x1e,0x45,0xfd,0x3c,0x1e,0x45,0xfd,0x3c,0x1e,0x45,0xfd,0x3c,0x1e,0x45,0xfd,0x3c,
0x1e,0x45,0xfd,0x3c,0x1e,0x45,0xfd,0x3c,0x1e,0x45,0xfd,0x3c,0xfe,0x44,0xfd,0x44,0xfe,0x44,0xfd,0x3c,0xfe,0x44,0xfd,0x44,0xfe,0x44,0xfd,0x44,0xfe,0x44,0xdd,0x44,
0xfe,0x44,0xdd,0x44,0xfe,0x44,0xdd,0x44,0xfe,0x44,0xdd,0x44,0xde,0x44,0xdd,0x44,0xde,0x44,0xdd,0x44,0xde,0x44,0xbd,0x44,0xde,0x44,0xbd,0x44,0xde,0x4c,0xbd,0x44,
0xbe,0x44,0xbd,0x44,0xbe,0x4c,0xbd,0x44,0xbe,0x4c,0x9d,0x44,0xbe,0x4c,0x9d,0x44,0x9e,0x4c,0x7d,0x44,0x9e,0x4c,0x7d,0x4c,0x7e,0x4c,0x7d,0x4c,0x7e,0x4c,0x5d,0x4c,
0x5e,0x4c,0x3d,0x4c,0x5e,0x54,0x3d,0x4c,0x3e,0x54,0x1d,0x54,0x1e,0x54,0xfd,0x53,0xfe,0x53,0xdd,0x53,0xde,0x5b,0xbd,0x5b,0x9e,0x5b,0x7d,0x5b,0x7e,0x63,0x5d,0x5b,
0x3e,0x63,0x3d,0x63,0x3e,0x6b,0x1e,0x6b,0x1e,0x73,0x1e,0x73,0x1e,0x7b,0xfe,0x7a,0x1e,0x7b,0xfe,0x7a,0xfe,0x82,0xfe,0x82,0xfe,0x8a,0xde,0x8a,0xfe,0x92,0xde,0x8a,
0xde,0x92,0xde,0x92,0xdf,0x92,0xde,0x92,0xde,0x9a,0xbe,0x92,0xdf,0x9a,0xbe,0x9a,0xdf,0x9a,0xbe,0x9a,0xdf,0xa2,0xbe,0x9a,0xbf,0xa2,0xbe,0x9a,0xbf,0xa2,0xbe,0xa2,
0xbf,0xa2,0xbe,0xa2,0xbf,0xaa,0xbe,0xa2,0xbf,0xaa,0xbe,0xa2,0xbf,0xaa,0x9e,0xa2,0xbe,0xaa,0x9e,0xa2,0xbe,0xaa,0x9e,0xaa,0xbe,0xaa,0x9d,0xaa,0xbe,0xaa,0x9d,0xaa,
0xbd,0xaa,0x9d,0xaa,0xbd,0xb2,0x9d,0xaa,0xbd,0xb2,0x9c,0xaa,0x9d,0xb2,0x9c,0xaa,0x9d,0xb2,0x9c,0xaa,0x9d,0xb2,0x9c,0xaa,0x9c,0xb2,0x9c,0xaa,0x9c,0xb2,0x9c,0xb2,
0x9c,0xb2,0x9c,0xb2,0x9c,0xb2,0x9c,0xb2,0x9c,0xb2,0x9b,0xb2,0x9c,0xb2,0x9b,0xb2,0x9c,0xb2,0x9b,0xb2,0x9c,0xb2,0x9b,0xb2,0x9b,0xb2,0x9b,0xb2,0x9b,0xb2,0x9b,0xb2,
0x9b,0xb2,0x9b,0xb2,0x9b,0xba,0x9b,0xb2,0x9b,0xb2,0x7b,0xb2,0x9b,0xba,0x7b,0xb2,0x9b,0xba,0x7a,0xb2,0x9b,0xba,0x7b,0xb2,0x9b,0xba,0x7a,0xb2,0x9b,0xba,0x7a,0xb2,
0x1d,0x3d,0x1e,0x3d,0x1d,0x3d,0x1d,0x3d,0x1d,0x3d,0x1e,0x3d,0x1d,0x3d,0x1d,0x3d,0x1d,0x3d,0x1e,0x45,0x1d,0x3d,0x1d,0x3d,0xfd,0x3c,0x1e,0x45,0xfd,0x3c,0x1d,0x3d,
0xfd,0x3c,0x1e,0x45,0xfd,0x3c,0x1d,0x3d,0xfd,0x3c,0x1e,0x45,0xfd,0x3c,0x1d,0x45,0xfd,0x3c,0x1e,0x45,0xfd,0x3c,0x1d,0x45,0xfd,0x3c,0xfe,0x44,0xfd,0x3c,0xfd,0x44,
0xfd,0x3c,0xfe,0x44,0xfd,0x3c,0xfd,0x44,0xfd,0x3c,0xfe,0x44,0xdd,0x3c,0xfd,0x44,0xdd,0x3c,0xfe,0x44,0xdd,0x3c,0xfd,0x44,0xdd,0x3c,0xfe,0x44,0xdd,0x3c,0xdd,0x44,
0xdd,0x44,0xde,0x44,0xdd,0x3c,0xdd,0x44,0xbd,0x44,0xde,0x44,0xbd,0x44,0xdd,0x44,0xbd,0x44,0xbe,0x44,0xbd,0x44,0xbd,0x44,0x9d,0x44,0xbe,0x44,0x9d,0x44,0x9d,0x44,
0x9d,0x44,0x9e,0x4c,0x7d,0x44,0x9d,0x4c,0x7d,0x44,0x7e,0x4c,0x5d,0x44,0x7d,0x4c,0x5d,0x4c,0x5e,0x4c,0x3d,0x4c,0x3e,0x4c,0x1d,0x4c,0x3e,0x54,0x1d,0x4c,0x1e,0x54,
0xfd,0x53,0xde,0x53,0xbd,0x53,0xbe,0x5b,0x9d,0x53,0x9e,0x5b,0x5d,0x5b,0x5e,0x63,0x3d,0x5b,0x3e,0x63,0x1d,0x63,0x1e,0x6b,0x1d,0x6b,0x1e,0x73,0xfd,0x72,0x1e,0x7b,
0xfe,0x7a,0xfe,0x82,0xdd,0x82,0xfe,0x82,0xde,0x82,0xde,0x8a,0xde,0x8a,0xde,0x92,0xde,0x8a,0xde,0x92,0xbe,0x92,0xde,0x9a,0xbe,0x92,0xde,0x9a,0xbe,0x9a,0xbe,0x9a,
0xbe,0x9a,0xbe,0xa2,0xbe,0x9a,0xbe,0xa2,0xbe,0x9a,0xbe,0xa2,0x9e,0xa2,0xbe,0xa2,0x9e,0xa2,0xbe,0xa2,0x9e,0xa2,0xbe,0xa2,0x9e,0xa2,0xbe,0xaa,0x9e,0xa2,0xbe,0xaa,
0x9d,0xa2,0xbe,0xaa,0x9d,0xa2,0x9d,0xaa,0x9d,0xaa,0x9d,0xaa,0x9c,0xaa,0x9d,0xaa,0x9c,0xaa,0x9d,0xaa,0x9c,0xaa,0x9c,0xaa,0x9c,0xaa,0x9c,0xb2,0x9c,0xaa,0x9c,0xb2,
0x9c,0xaa,0x9c,0xb2,0x9b,0xaa,0x9c,0xb2,0x9b,0xaa,0x9c,0xb2,0x7b,0xaa,0x9c,0xb2,0x7b,0xb2,0x9c,0xb2,0x7b,0xaa,0x9b,0xb2,0x7b,0xb2,0x9b,0xb2,0x7b,0xb2,0x9b,0xb2,
0x7b,0xb2,0x9b,0xb2,0x7b,0xb2,0x9b,0xb2,0x7b,0xb2,0x9b,0xb2,0x7a,0xb2,0x9b,0xb2,0x7a,0xb2,0x9b,0xb2,0x7a,0xb2,0x9b,0xb2,0x7a,0xb2,0x9b,0xb2,0x7a,0xb2,0x9b,0xb2,
0x7a,0xb2,0x9b,0xba,0x7a,0xb2,0x9a,0xb2,0x7a,0xb2,0x9b,0xba,0x7a,0xb2,0x9a,0xb2,0x3e,0x45,0x1d,0x3d,0x3e,0x45,0x1d,0x3d,0x3e,0x45,0x1d,0x3d,0x3e,0x45,0x1d,0x3d,
0x1e,0x45,0x1d,0x3d,0x1e,0x45,0x1d,0x3d,0x1e,0x45,0x1d,0x3d,0x1e,0x45,0x1d,0x3d,0x1e,0x45,0x1d,0x3d,0x1e,0x45,0x1d,0x3d,0x1e,0x45,0x1d,0x3d,0x1e,0x45,0x1d,0x3d,
0x1e,0x45,0x1d,0x3d,0x1e,0x45,0xfd,0x3c,0x1e,0x45,0xfd,0x3c,0x1e,0x45,0xfd,0x3c,0x1e,0x45,0xfd,0x3c,0x1e,0x45,0xfd,0x3c,0x1e,0x45,0xfd,0x3c,0xfe,0x44,0xfd,0x3c,
0xfe,0x44,0xfd,0x44,0xfe,0x44,0xfd,0x3c,0xfe,0x44,0xfd,0x44,0xfe,0x44,0xdd,0x44,0xfe,0x44,0xdd,0x44,0xfe,0x44,0xdd,0x44,0xde,0x44,0xdd,0x44,0xde,0x44,0xdd,0x44,
0xde,0x44,0xbd,0x44,0xde,0x44,0xbd,0x44,0xde,0x4c,0xbd,0x44,0xbe,0x4c,0xbd,0x44,0xbe,0x4c,0x9d,0x44,0xbe,0x4c,0x9d,0x44,0x9e,0x4c,0x7d,0x4c,0x9e,0x4c,0x7d,0x4c,
0x7e,0x4c,0x5d,0x4c,0x5e,0x4c,0x5d,0x4c,0x5e,0x54,0x3d,0x4c,0x3e,0x54,0x1d,0x54,0x1e,0x54,0xfd,0x53,0xfe,0x5b,0xbd,0x53,0xbe,0x5b,0x9d,0x5b,0x9e,0x5b,0x5d,0x5b,
0x5e,0x63,0x3e,0x63,0x3e,0x6b,0x1d,0x6b,0x1e,0x73,0x1e,0x73,0x1e,0x7b,0xfe,0x7a,0x1e,0x83,0xfe,0x82,0xfe,0x82,0xde,0x82,0xfe,0x8a,0xde,0x8a,0xde,0x92,0xde,0x92,
0xdf,0x92,0xde,0x92,0xde,0x9a,0xbe,0x9a,0xdf,0x9a,0xbe,0x9a,0xdf,0xa2,0xbe,0x9a,0xbf,0xa2,0xbe,0xa2,0xbf,0xa2,0xbe,0xa2,0xbf,0xa2,0xbe,0xa2,0xbf,0xa2,0xbe,0xa2,
0xbf,0xaa,0xbe,0xa2,0xbf,0xaa,0x9e,0xa2,0xbe,0xaa,0x9e,0xaa,0xbe,0xaa,0x9d,0xaa,0xbe,0xaa,0x9d,0xaa,0xbd,0xaa,0x9d,0xaa,0xbd,0xb2,0x9d,0xaa,0xbd,0xb2,0x9c,0xaa,
0x9d,0xb2,0x9c,0xaa,0x9d,0xb2,0x9c,0xaa,0x9c,0xb2,0x9c,0xb2,0x9c,0xb2,0x9c,0xaa,0x9c,0xb2,0x9c,0xb2,0x9c,0xb2,0x9b,0xb2,0x9c,0xb2,0x9b,0xb2,0x9c,0xb2,0x9b,0xb2,
0x9c,0xb2,0x9b,0xb2,0x9b,0xb2,0x9b,0xb2,0x9b,0xb2,0x9b,0xb2,0x9b,0xb2,0x9b,0xb2,0x9b,0xba,0x7b,0xb2,0x9b,0xba,0x7b,0xb2,0x9b,0xba,0x7b,0xb2,0x9b,0xba,0x7a,0xb2,
0x9b,0xba,0x7a,0xb2,0x9b,0xba,0x7a,0xb2,0x9b,0xba,0x7a,0xb2,0x9b,0xba,0x7a,0xb2,0x9b,0xba,0x7a,0xb2,0x9b,0xba,0x7a,0xb2,0x9b,0xba,0x7a,0xb2,0x9a,0xba,0x7a,0xb2,
0x1d,0x3d,0x3d,0x3d,0x1d,0x3d,0x1e,0x3d,0x1d,0x3d,0x1d,0x3d,0x1d,0x3d,0x1e,0x3d,0x1d,0x3d,0x1d,0x3d,0x1d,0x3d,0x1e,0x3d,0x1d,0x3d,0x1d,0x3d,0x1d,0x3d,0x1e,0x3d,
0x1d,0x3d,0x1d,0x3d,0x1d,0x3d,0x1e,0x3d,0x1d,0x3d,0x1d,0x3d,0x1d,0x3d,0x1e,0x45,0xfd,0x3c,0x1d,0x3d,0xfd,0x3c,0x1e,0x45,0xfd,0x3c,0x1d,0x3d,0xfd,0x3c,0x1e,0x45,
0xfd,0x3c,0x1d,0x45,0xfd,0x3c,0x1e,0x45,0xfd,0x3c,0xfd,0x44,0xfd,0x3c,0xfe,0x44,0xfd,0x3c,0xfd,0x44,0xfd,0x3c,0xfe,0x44,0xfd,0x3c,0xfd,0x44,0xdd,0x3c,0xfe,0x44,
0xdd,0x3c,0xfd,0x44,0xdd,0x3c,0xfe,0x44,0xdd,0x3c,0xdd,0x44,0xdd,0x44,0xde,0x44,0xdd,0x3c,0xdd,0x44,0xbd,0x44,0xde,0x44,0xbd,0x44,0xdd,0x44,0xbd,0x44,0xbe,0x44,
0xbd,0x44,0xbd,0x44,0x9d,0x44,0xbe,0x4c,0x9d,0x44,0x9d,0x4c,0x7d,0x44,0x9e,0x4c,0x7d,0x44,0x7d,0x4c,0x5d,0x4c,0x5e,0x4c,0x3d,0x4c,0x5e,0x4c,0x3d,0x4c,0x3e,0x54,
0x1d,0x4c,0xfe,0x53,0xdd,0x53,0xde,0x53,0xbd,0x53,0xbe,0x5b,0x7d,0x5b,0x7e,0x5b,0x3d,0x5b,0x3e,0x63,0x1d,0x63,0x1e,0x6b,0x1d,0x6b,0x1e,0x73,0xfd,0x72,0xfe,0x7a,
0xfd,0x7a,0xfe,0x82,0xde,0x82,0xfe,0x8a,0xde,0x8a,0xde,0x92,0xde,0x8a,0xde,0x92,0xbe,0x92,0xde,0x9a,0xbe,0x92,0xbe,0x9a,0xbe,0x9a,0xbe,0x9a,0xbe,0x9a,0xbe,0xa2,
0xbe,0x9a,0xbe,0xa2,0x9e,0xa2,0xbe,0xa2,0x9e,0xa2,0xbe,0xa2,0x9e,0xa2,0xbe,0xaa,0x9e,0xa2,0xbe,0xaa,0x9d,0xa2,0xbe,0xaa,0x9d,0xa2,0x9d,0xaa,0x9d,0xaa,0x9d,0xaa,
0x9c,0xaa,0x9d,0xaa,0x9c,0xaa,0x9d,0xb2,0x9c,0xaa,0x9c,0xaa,0x9c,0xaa,0x9c,0xb2,0x9c,0xaa,0x9c,0xb2,0x9c,0xaa,0x9c,0xb2,0x9b,0xaa,0x9c,0xb2,0x7b,0xaa,0x9c,0xb2,
0x7b,0xaa,0x9b,0xb2,0x7b,0xb2,0x9b,0xb2,0x7b,0xb2,0x9b,0xb2,0x7b,0xb2,0x9b,0xb2,0x7b,0xb2,0x9b,0xb2,0x7b,0xb2,0x9b,0xb2,0x7a,0xb2,0x9b,0xb2,0x7a,0xb2,0x9b,0xb2,
0x7a,0xb2,0x9b,0xb2,0x7a,0xb2,0x9b,0xba,0x7a,0xb2,0x9b,0xb2,0x7a,0xb2,0x9b,0xba,0x7a,0xb2,0x9a,0xb2,0x7a,0xb2,0x9a,0xba,0x7a,0xb2,0x9a,0xba,0x7a,0xb2,0x9a,0xba,
0x7a,0xb2,0x9a,0xba,0x7a,0xb2,0x9a,0xba,0x7a,0xb2,0x9a,0xba,0x7a,0xb2,0x9a,0xba,0x3e,0x3d,0x1d,0x3d,0x3e,0x45,0x1d,0x3d,0x3e,0x3d,0x1d,0x3d,0x3e,0x45,0x1d,0x3d,
0x3e,0x3d,0x1d,0x3d,0x3e,0x45,0x1d,0x3d,0x3e,0x45,0x1d,0x3d,0x3e,0x45,0x1d,0x3d,0x3e,0x45,0x1d,0x3d,0x3e,0x45,0x1d,0x3d,0x3e,0x45,0x1d,0x3d,0x1e,0x45,0x1d,0x3d,
0x1e,0x45,0x1d,0x3d,0x1e,0x45,0x1d,0x3d,0x1e,0x45,0x1d,0x3d,0x1e,0x45,0x1d,0x3d,0x1e,0x45,0x1d,0x3d,0x1e,0x45,0x1d,0x3d,0x1e,0x45,0xfd,0x3c,0x1e,0x45,0xfd,0x3c,
0x1e,0x45,0xfd,0x3c,0x1e,0x45,0xfd,0x3c,0x1e,0x45,0xfd,0x3c,0xfe,0x44,0xfd,0x44,0xfe,0x44,0xfd,0x3c,0xfe,0x44,0xfd,0x44,0xfe,0x44,0xdd,0x44,0xfe,0x44,0xdd,0x44,
0xfe,0x44,0xdd,0x44,0xfe,0x44,0xdd,0x44,0xde,0x44,0xdd,0x44,0xde,0x44,0xbd,0x44,0xde,0x44,0xbd,0x44,0xbe,0x4c,0xbd,0x44,0xbe,0x4c,0x9d,0x44,0xbe,0x4c,0x9d,0x44,
0x9e,0x4c,0x7d,0x44,0x7e,0x4c,0x7d,0x4c,0x7e,0x4c,0x5d,0x4c,0x5e,0x54,0x3d,0x4c,0x3e,0x54,0x1d,0x54,0x1e,0x54,0xdd,0x53,0xde,0x5b,0xbd,0x53,0x9e,0x5b,0x7d,0x5b,
0x5e,0x63,0x3d,0x63,0x3e,0x6b,0x1e,0x6b,0x1e,0x73,0x1e,0x73,0x1e,0x7b,0xfe,0x7a,0xfe,0x82,0xfe,0x82,0xfe,0x8a,0xde,0x8a,0xde,0x92,0xde,0x92,0xdf,0x92,0xde,0x92,
0xde,0x9a,0xbe,0x9a,0xdf,0x9a,0xbe,0x9a,0xdf,0xa2,0xbe,0x9a,0xbf,0xa2,0xbe,0xa2,0xbf,0xa2,0xbe,0xa2,0xbf,0xaa,0xbe,0xa2,0xbf,0xaa,0x9e,0xa2,0xbe,0xaa,0x9e,0xaa,
0xbe,0xaa,0x9d,0xaa,0xbe,0xaa,0x9d,0xaa,0xbd,0xaa,0x9d,0xaa,0xbd,0xb2,0x9d,0xaa,0x9d,0xb2,0x9c,0xaa,0x9d,0xb2,0x9c,0xaa,0x9c,0xb2,0x9c,0xaa,0x9c,0xb2,0x9c,0xb2,
0x9c,0xb2,0x9b,0xb2,0x9c,0xb2,0x9b,0xb2,0x9c,0xb2,0x9b,0xb2,0x9c,0xb2,0x9b,0xb2,0x9b,0xb2,0x9b,0xb2,0x9b,0xba,0x9b,0xb2,0x9b,0xb2,0x9b,0xb2,0x9b,0xba,0x7b,0xb2,
0x9b,0xba,0x7a,0xb2,0x9b,0xba,0x7b,0xb2,0x9b,0xba,0x7a,0xb2,0x9b,0xba,0x7a,0xb2,0x9b,0xba,0x7a,0xb2,0x9b,0xba,0x7a,0xb2,0x9b,0xba,0x7a,0xb2,0x9b,0xba,0x7a,0xb2,
0x9a,0xba,0x7a,0xb2,0x9b,0xba,0x7a,0xb2,0x9a,0xba,0x7a,0xb2,0x9a,0xba,0x7a,0xba,0x9a,0xba,0x7a,0xb2,0x9a,0xba,0x7a,0xba,0x9a,0xba,0x7a,0xb2,0x9a,0xba,0x7a,0xba,
0x1d,0x3d,0x3e,0x3d,0x1d,0x3d,0x3d,0x3d,0x1d,0x3d,0x3e,0x3d,0x1d,0x3d,0x3d,0x3d,0x1d,0x3d,0x3e,0x3d,0x1d,0x3d,0x3d,0x3d,0x1d,0x3d,0x3e,0x3d,0x1d,0x3d,0x3d,0x3d,
0x1d,0x3d,0x3e,0x3d,0x1d,0x3d,0x1d,0x3d,0x1d,0x3d,0x1e,0x3d,0x1d,0x3d,0x1d,0x3d,0x1d,0x3d,0x1e,0x3d,0x1d,0x3d,0x1d,0x3d,0x1d,0x3d,0x1e,0x3d,0x1d,0x3d,0x1d,0x3d,
0x1d,0x3d,0x1e,0x45,0x1d,0x3d,0x1d,0x3d,0xfd,0x3c,0x1e,0x45,0xfd,0x3c,0x1d,0x3d,0xfd,0x3c,0x1e,0x45,0xfd,0x3c,0x1d,0x45,0xfd,0x3c,0x1e,0x45,0xfd,0x3c,0xfd,0x44,
0xfd,0x3c,0xfe,0x44,0xfd,0x3c,0xfd,0x44,0xfd,0x3c,0xfe,0x44,0xdd,0x3c,0xfd,0x44,0xdd,0x3c,0xfe,0x44,0xdd,0x3c,0xfd,0x44,0xdd,0x44,0xde,0x44,0xdd,0x3c,0xdd,0x44,
0xbd,0x44,0xde,0x44,0xbd,0x44,0xbd,0x44,0xbd,0x44,0xbe,0x44,0x9d,0x44,0xbd,0x44,0x9d,0x44,0x9e,0x4c,0x7d,0x44,0x7d,0x4c,0x7d,0x44,0x7e,0x4c,0x5d,0x4c,0x5e,0x4c,
0x3d,0x4c,0x3e,0x54,0x1d,0x4c,0xfe,0x53,0xdd,0x53,0xde,0x5b,0x9d,0x53,0x9e,0x5b,0x5d,0x5b,0x3e,0x63,0x1d,0x63,0x1e,0x6b,0x1d,0x6b,0x1e,0x73,0xfd,0x72,0xfe,0x7a,
0xde,0x82,0xfe,0x8a,0xde,0x82,0xde,0x8a,0xde,0x8a,0xde,0x92,0xbe,0x92,0xde,0x9a,0xbe,0x9a,0xbe,0x9a,0xbe,0x9a,0xbe,0xa2,0xbe,0x9a,0xbe,0xa2,0x9e,0xa2,0xbe,0xa2,
0x9e,0xa2,0xbe,0xa2,0x9e,0xa2,0xbe,0xaa,0x9e,0xa2,0xbe,0xaa,0x9d,0xa2,0x9d,0xaa,0x9d,0xaa,0x9d,0xaa,0x9c,0xaa,0x9d,0xaa,0x9c,0xaa,0x9d,0xb2,0x9c,0xaa,0x9c,0xb2,
0x9c,0xaa,0x9c,0xb2,0x9b,0xaa,0x9c,0xb2,0x7b,0xaa,0x9c,0xb2,0x7b,0xaa,0x9b,0xb2,0x7b,0xb2,0x9b,0xb2,0x7b,0xb2,0x9b,0xb2,0x7b,0xb2,0x9b,0xb2,0x7b,0xb2,0x9b,0xb2,
0x7b,0xb2,0x9b,0xb2,0x7a,0xb2,0x9b,0xb2,0x7a,0xb2,0x9b,0xb2,0x7a,0xb2,0x9b,0xb2,0x7a,0xb2,0x9b,0xba,0x7a,0xb2,0x9a,0xb2,0x7a,0xb2,0x9a,0xba,0x7a,0xb2,0x9a,0xba,
0x7a,0xb2,0x9a,0xba,0x7a,0xb2,0x9a,0xba,0x7a,0xb2,0x9a,0xba,0x7a,0xb2,0x9a,0xba,0x7a,0xb2,0x7a,0xba,0x79,0xb2,0x7a,0xba,0x7a,0xb2,0x7a,0xba,0x79,0xb2,0x7a,0xba,
0x79,0xb2,0x7a,0xba,0x79,0xb2,0x7a,0xba,0x79,0xb2,0x7a,0xba,0x79,0xb2,0x7a,0xba,0x3e,0x3d,0x3d,0x3d,0x3e,0x3d,0x3d,0x3d,0x3e,0x45,0x3d,0x3d,0x3e,0x3d,0x3d,0x3d,
0x3e,0x45,0x3d,0x3d,0x3e,0x3d,0x3d,0x3d,0x3e,0x45,0x3d,0x3d,0x3e,0x3d,0x1d,0x3d,0x3e,0x45,0x1d,0x3d,0x3e,0x3d,0x1d,0x3d,0x3e,0x45,0x1d,0x3d,0x3e,0x3d,0x1d,0x3d,
0x3e,0x45,0x1d,0x3d,0x3e,0x45,0x1d,0x3d,0x3e,0x45,0x1d,0x3d,0x3e,0x45,0x1d,0x3d,0x3e,0x45,0x1d,0x3d,0x3e,0x45,0x1d,0x3d,0x1e,0x45,0x1d,0x3d,0x1e,0x45,0x1d,0x3d,
0x1e,0x45,0x1d,0x3d,0x1e,0x45,0x1d,0x3d,0x1e,0x45,0x1d,0x3d,0x1e,0x45,0xfd,0x3c,0x1e,0x45,0xfd,0x3c,0x1e,0x45,0xfd,0x3c,0x1e,0x45,0xfd,0x3c,0x1e,0x45,0xfd,0x3c,
0xfe,0x44,0xfd,0x44,0xfe,0x44,0xfd,0x3c,0xfe,0x44,0xdd,0x44,0xfe,0x44,0xdd,0x44,0xfe,0x44,0xdd,0x44,0xde,0x44,0xdd,0x44,0xde,0x44,0xbd,0x44,0xde,0x44,0xbd,0x44,
0xbe,0x4c,0x9d,0x44,0xbe,0x4c,0x9d,0x44,0x9e,0x4c,0x7d,0x4c,0x7e,0x4c,0x5d,0x4c,0x5e,0x54,0x3d,0x4c,0x3e,0x54,0x1d,0x54,0x1e,0x54,0xdd,0x53,0xde,0x5b,0x9d,0x5b,
0x7e,0x63,0x3d,0x63,0x3e,0x63,0x1d,0x6b,0x1e,0x73,0x1e,0x73,0x1e,0x7b,0xfe,0x7a,0xfe,0x8a,0xde,0x8a,0xfe,0x92,0xde,0x8a,0xdf,0x92,0xde,0x92,0xde,0x9a,0xbe,0x9a,
0xdf,0xa2,0xbe,0x9a,0xbf,0xa2,0xbe,0xa2,0xbf,0xa2,0xbe,0xa2,0xbf,0xaa,0xbe,0xa2,0xbf,0xaa,0x9e,0xaa,0xbe,0xaa,0x9d,0xaa,0xbe,0xaa,0x9d,0xaa,0xbd,0xaa,0x9d,0xaa,
0xbd,0xb2,0x9c,0xaa,0x9d,0xb2,0x9c,0xaa,0x9d,0xb2,0x9c,0xb2,0x9c,0xb2,0x9c,0xb2,0x9c,0xb2,0x9b,0xb2,0x9c,0xb2,0x9b,0xb2,0x9c,0xb2,0x9b,0xb2,0x9b,0xb2,0x9b,0xb2,
0x9b,0xba,0x9b,0xb2,0x9b,0xb2,0x7b,0xb2,0x9b,0xba,0x7b,0xb2,0x9b,0xba,0x7a,0xb2,0x9b,0xba,0x7a,0xb2,0x9b,0xba,0x7a,0xb2,0x9b,0xba,0x7a,0xb2,0x9b,0xba,0x7a,0xb2,
0x9b,0xba,0x7a,0xb2,0x9a,0xba,0x7a,0xb2,0x9b,0xba,0x7a,0xba,0x9a,0xba,0x7a,0xb2,0x9a,0xba,0x7a,0xba,0x9a,0xba,0x7a,0xb2,0x9a,0xba,0x7a,0xba,0x9a,0xba,0x7a,0xba,
0x9a,0xba,0x7a,0xba,0x9a,0xba,0x79,0xba,0x9a,0xba,0x7a,0xba,0x9a,0xba,0x79,0xba,0x9a,0xba,0x79,0xba,0x9a,0xba,0x79,0xba,0x9a,0xba,0x79,0xba,0x9a,0xba,0x79,0xba,
0x3d,0x3d,0x3d,0x3d,0x3d,0x3d,0x3e,0x3d,0x3d,0x3d,0x3d,0x3d,0x3d,0x3d,0x3e,0x3d,0x3d,0x3d,0x3d,0x3d,0x1d,0x3d,0x3e,0x3d,0x1d,0x3d,0x3d,0x3d,0x1d,0x3d,0x3e,0x3d,
0x1d,0x3d,0x3d,0x3d,0x1d,0x3d,0x3e,0x3d,0x1d,0x3d,0x3d,0x3d,0x1d,0x3d,0x3e,0x3d,0x1d,0x3d,0x3d,0x3d,0x1d,0x3d,0x3e,0x3d,0x1d,0x3d,0x3d,0x3d,0x1d,0x3d,0x3e,0x3d,
0x1d,0x3d,0x3d,0x3d,0x1d,0x3d,0x1e,0x3d,0x1d,0x3d,0x1d,0x3d,0x1d,0x3d,0x1e,0x3d,0x1d,0x3d,0x1d,0x3d,0x1d,0x3d,0x1e,0x3d,0x1d,0x3d,0x1d,0x3d,0x1d,0x3d,0x1e,0x45,
0xfd,0x3c,0x1d,0x3d,0xfd,0x3c,0x1e,0x45,0xfd,0x3c,0x1d,0x3d,0xfd,0x3c,0x1e,0x45,0xfd,0x3c,0xfd,0x44,0xfd,0x3c,0xfe,0x44,0xfd,0x3c,0xfd,0x44,0xdd,0x3c,0xfe,0x44,
0xdd,0x3c,0xfd,0x44,0xdd,0x3c,0xde,0x44,0xdd,0x3c,0xdd,0x44,0xbd,0x44,0xde,0x44,0xbd,0x44,0xbd,0x44,0x9d,0x44,0xbe,0x4c,0x9d,0x44,0x9d,0x4c,0x7d,0x44,0x7e,0x4c,
0x5d,0x44,0x5d,0x4c,0x3d,0x4c,0x3e,0x54,0x1d,0x4c,0xfe,0x53,0xdd,0x53,0xbe,0x5b,0x7d,0x5b,0x5e,0x63,0x1d,0x63,0x1e,0x6b,0x1d,0x6b,0x1e,0x7b,0xfe,0x7a,0xfe,0x82,
0xde,0x82,0xde,0x8a,0xde,0x8a,0xde,0x92,0xbe,0x92,0xde,0x9a,0xbe,0x9a,0xbe,0x9a,0xbe,0x9a,0xbe,0xa2,0xbe,0xa2,0xbe,0xa2,0x9e,0xa2,0xbe,0xa2,0x9e,0xa2,0xbe,0xaa,
0x9d,0xa2,0x9d,0xaa,0x9d,0xaa,0x9d,0xaa,0x9c,0xaa,0x9d,0xaa,0x9c,0xaa,0x9c,0xb2,0x9c,0xaa,0x9c,0xb2,0x9c,0xaa,0x9c,0xb2,0x7b,0xaa,0x9c,0xb2,0x7b,0xb2,0x9c,0xb2,
0x7b,0xb2,0x9b,0xb2,0x7b,0xb2,0x9b,0xb2,0x7a,0xb2,0x9b,0xb2,0x7a,0xb2,0x9b,0xb2,0x7a,0xb2,0x9b,0xb2,0x7a,0xb2,0x9b,0xba,0x7a,0xb2,0x9a,0xb2,0x7a,0xb2,0x9a,0xba,
0x7a,0xb2,0x9a,0xba,0x7a,0xb2,0x9a,0xba,0x7a,0xb2,0x9a,0xba,0x7a,0xb2,0x9a,0xba,0x7a,0xb2,0x7a,0xba,0x7a,0xb2,0x7a,0xba,0x79,0xb2,0x7a,0xba,0x79,0xb2,0x7a,0xba,
0x79,0xb2,0x7a,0xba,0x79,0xb2,0x7a,0xba,0x79,0xb2,0x7a,0xba,0x79,0xb2,0x7a,0xba,0x79,0xb2,0x7a,0xba,0x79,0xba,0x7a,0xba,0x79,0xb2,0x79,0xba,0x79,0xba,0x7a,0xba,
0x79,0xb2,0x79,0xba,0x79,0xba,0x7a,0xba,0x79,0xb2,0x79,0xba,0x79,0xba,0x79,0xba,0x3e,0x3d,0x3d,0x3d,0x3e,0x3d,0x3d,0x3d,0x3e,0x3d,0x3d,0x3d,0x3e,0x3d,0x3d,0x3d,
0x3e,0x3d,0x3d,0x3d,0x3e,0x3d,0x3d,0x3d,0x3e,0x3d,0x3d,0x3d,0x3e,0x3d,0x3d,0x3d,0x3e,0x3d,0x3d,0x3d,0x3e,0x3d,0x3d,0x3d,0x3e,0x3d,0x3d,0x3d,0x3e,0x3d,0x3d,0x3d,
0x3e,0x3d,0x3d,0x3d,0x3e,0x45,0x3d,0x3d,0x3e,0x3d,0x3d,0x3d,0x3e,0x45,0x3d,0x3d,0x3e,0x3d,0x1d,0x3d,0x3e,0x45,0x1d,0x3d,0x3e,0x3d,0x1d,0x3d,0x3e,0x45,0x1d,0x3d,
0x3e,0x3d,0x1d,0x3d,0x3e,0x45,0x1d,0x3d,0x3e,0x45,0x1d,0x3d,0x3e,0x45,0x1d,0x3d,0x3e,0x45,0x1d,0x3d,0x1e,0x45,0x1d,0x3d,0x1e,0x45,0x1d,0x3d,0x1e,0x45,0x1d,0x3d,
0x1e,0x45,0x1d,0x3d,0x1e,0x45,0xfd,0x3c,0x1e,0x45,0xfd,0x3c,0x1e,0x45,0xfd,0x3c,0xfe,0x44,0xfd,0x3c,0xfe,0x44,0xfd,0x44,0xfe,0x44,0xdd,0x44,0xfe,0x44,0xdd,0x44,
0xde,0x44,0xdd,0x44,0xde,0x44,0xbd,0x44,0xbe,0x4c,0x9d,0x44,0xbe,0x4c,0x9d,0x44,0x9e,0x4c,0x7d,0x4c,0x7e,0x4c,0x5d,0x4c,0x3e,0x54,0x1d,0x54,0xfe,0x53,0xdd,0x53,
0xbe,0x5b,0x5d,0x5b,0x3e,0x63,0x1e,0x6b,0x1e,0x73,0xfe,0x72,0xfe,0x82,0xfe,0x82,0xfe,0x8a,0xde,0x8a,0xdf,0x92,0xbe,0x92,0xde,0x9a,0xbe,0x9a,0xbf,0xa2,0xbe,0xa2,
0xbf,0xa2,0xbe,0xa2,0xbf,0xaa,0xbe,0xa2,0xbe,0xaa,0x9e,0xaa,0xbe,0xaa,0x9d,0xaa,0xbd,0xaa,0x9d,0xaa,0x9d,0xb2,0x9c,0xaa,0x9c,0xb2,0x9c,0xaa,0x9c,0xb2,0x9c,0xb2,
0x9c,0xb2,0x9b,0xb2,0x9c,0xb2,0x9b,0xb2,0x9b,0xb2,0x9b,0xb2,0x9b,0xba,0x9b,0xb2,0x9b,0xb2,0x7b,0xb2,0x9b,0xba,0x7b,0xb2,0x9b,0xba,0x7a,0xb2,0x9b,0xba,0x7a,0xb2,
0x9b,0xba,0x7a,0xb2,0x9b,0xba,0x7a,0xb2,0x9a,0xba,0x7a,0xb2,0x9a,0xba,0x7a,0xba,0x9a,0xba,0x7a,0xb2,0x9a,0xba,0x7a,0xba,0x9a,0xba,0x7a,0xba,0x9a,0xba,0x7a,0xba,
0x9a,0xba,0x79,0xba,0x9a,0xba,0x7a,0xba,0x9a,0xba,0x79,0xba,0x9a,0xba,0x79,0xba,0x9a,0xba,0x79,0xba,0x9a,0xba,0x79,0xba,0x9a,0xba,0x79,0xba,0x9a,0xba,0x79,0xba,
0x9a,0xba,0x79,0xba,0x9a,0xba,0x79,0xba,0x9a,0xba,0x79,0xba,0x9a,0xba,0x79,0xba,0x99,0xba,0x79,0xba,0x9a,0xba,0x79,0xba,0x99,0xba,0x79,0xba,0x9a,0xba,0x79,0xba,
0x3d,0x3d,0x3e,0x3d,0x3d,0x35,0x3d,0x3d,0x3d,0x3d,0x3e,0x3d,0x3d,0x3d,0x3d,0x3d,0x3d,0x3d,0x3e,0x3d,0x3d,0x3d,0x3d,0x3d,0x3d,0x3d,0x3e,0x3d,0x3d,0x3d,0x3d,0x3d,
0x3d,0x3d,0x3e,0x3d,0x3d,0x3d,0x3d,0x3d,0x3d,0x3d,0x3e,0x3d,0x3d,0x3d,0x3d,0x3d,0x3d,0x3d,0x3e,0x3d,0x3d,0x3d,0x3d,0x3d,0x3d,0x3d,0x3e,0x3d,0x3d,0x3d,0x3d,0x3d,
0x1d,0x3d,0x3e,0x3d,0x1d,0x3d,0x3d,0x3d,0x1d,0x3d,0x3e,0x3d,0x1d,0x3d,0x3d,0x3d,0x1d,0x3d,0x3e,0x3d,0x1d,0x3d,0x3d,0x3d,0x1d,0x3d,0x3e,0x3d,0x1d,0x3d,0x3d,0x3d,
0x1d,0x3d,0x3e,0x3d,0x1d,0x3d,0x1d,0x3d,0x1d,0x3d,0x1e,0x3d,0x1d,0x3d,0x1d,0x3d,0x1d,0x3d,0x1e,0x3d,0x1d,0x3d,0x1d,0x3d,0xfd,0x3c,0x1e,0x45,0xfd,0x3c,0x1d,0x3d,
0xfd,0x3c,0x1e,0x45,0xfd,0x3c,0xfd,0x44,0xfd,0x3c,0xfe,0x44,0xdd,0x3c,0xfd,0x44,0xdd,0x3c,0xde,0x44,0xdd,0x3c,0xdd,0x44,0xbd,0x44,0xbe,0x44,0xbd,0x44,0xbd,0x44,
0x9d,0x44,0x9e,0x4c,0x7d,0x44,0x7d,0x4c,0x5d,0x4c,0x3e,0x54,0x1d,0x4c,0xfe,0x53,0xbd,0x53,0x7e,0x5b,0x3d,0x5b,0x3e,0x6b,0x1d,0x6b,0xfe,0x7a,0xfd,0x7a,0xfe,0x8a,
0xde,0x8a,0xde,0x92,0xbe,0x92,0xbe,0x9a,0xbe,0x9a,0xbe,0xa2,0xbe,0x9a,0xbe,0xa2,0x9e,0xa2,0xbe,0xaa,0x9d,0xa2,0xbe,0xaa,0x9d,0xaa,0x9d,0xaa,0x9c,0xaa,0x9c,0xaa,
0x9c,0xaa,0x9c,0xb2,0x9b,0xaa,0x9c,0xb2,0x7b,0xb2,0x9c,0xb2,0x7b,0xb2,0x9b,0xb2,0x7b,0xb2,0x9b,0xb2,0x7a,0xb2,0x9b,0xb2,0x7a,0xb2,0x9b,0xb2,0x7a,0xb2,0x9a,0xb2,
0x7a,0xb2,0x9a,0xba,0x7a,0xb2,0x9a,0xba,0x7a,0xb2,0x9a,0xba,0x7a,0xb2,0x9a,0xba,0x7a,0xb2,0x7a,0xba,0x79,0xb2,0x7a,0xba,0x79,0xb2,0x7a,0xba,0x79,0xb2,0x7a,0xba,
0x79,0xb2,0x7a,0xba,0x79,0xb2,0x7a,0xba,0x79,0xba,0x7a,0xba,0x79,0xb2,0x79,0xba,0x79,0xba,0x7a,0xba,0x79,0xb2,0x79,0xba,0x79,0xba,0x79,0xba,0x79,0xba,0x79,0xba,
0x79,0xba,0x79,0xba,0x79,0xba,0x79,0xba,0x79,0xba,0x79,0xba,0x79,0xba,0x79,0xba,0x79,0xba,0x79,0xba,0x79,0xba,0x79,0xba,0x79,0xba,0x79,0xba,0x79,0xba,0x79,0xba,
0x79,0xba,0x79,0xba,0x79,0xba,0x79,0xba,0x79,0xba,0x79,0xba,0x78,0xba,0x79,0xba,0x5e,0x3d,0x3d,0x3d,0x5e,0x3d,0x3d,0x3d,0x5e,0x3d,0x3d,0x3d,0x5e,0x3d,0x3d,0x3d,
0x5e,0x3d,0x3d,0x3d,0x5e,0x3d,0x3d,0x3d,0x5e,0x3d,0x3d,0x3d,0x5e,0x3d,0x3d,0x3d,0x5e,0x3d,0x3d,0x3d,0x5e,0x3d,0x3d,0x3d,0x5e,0x3d,0x3d,0x3d,0x5e,0x3d,0x3d,0x3d,
0x5e,0x3d,0x3d,0x3d,0x5e,0x3d,0x3d,0x3d,0x3e,0x3d,0x3d,0x3d,0x3e,0x3d,0x3d,0x3d,0x3e,0x3d,0x3d,0x3d,0x3e,0x3d,0x3d,0x3d,0x3e,0x3d,0x3d,0x3d,0x3e,0x3d,0x3d,0x3d,
0x3e,0x3d,0x3d,0x3d,0x3e,0x3d,0x3d,0x3d,0x3e,0x3d,0x3d,0x3d,0x3e,0x3d,0x3d,0x3d,0x3e,0x45,0x3d,0x3d,0x3e,0x3d,0x1d,0x3d,0x3e,0x45,0x1d,0x3d,0x3e,0x3d,0x1d,0x3d,
0x3e,0x45,0x1d,0x3d,0x3e,0x45,0x1d,0x3d,0x3e,0x45,0x1d,0x3d,0x1e,0x45,0x1d,0x3d,0x1e,0x45,0x1d,0x3d,0x1e,0x45,0x1d,0x3d,0x1e,0x45,0xfd,0x3c,0x1e,0x45,0xfd,0x3c,
0xfe,0x44,0xfd,0x44,0xfe,0x44,0xdd,0x44,0xfe,0x44,0xdd,0x44,0xde,0x44,0xbd,0x44,0xde,0x4c,0xbd,0x44,0xbe,0x4c,0x9d,0x44,0x7e,0x4c,0x5d,0x4c,0x5e,0x54,0x1d,0x54,
0xfe,0x5b,0x9d,0x5b,0x5e,0x63,0x1d,0x63,0x1e,0x73,0xfe,0x7a,0xfe,0x8a,0xde,0x8a,0xdf,0x92,0xbe,0x9a,0xdf,0x9a,0xbe,0x9a,0xbf,0xa2,0xbe,0xa2,0xbf,0xaa,0x9e,0xa2,
0xbe,0xaa,0x9d,0xaa,0xbd,0xaa,0x9c,0xaa,0x9d,0xb2,0x9c,0xb2,0x9c,0xb2,0x9b,0xb2,0x9c,0xb2,0x9b,0xb2,0x9b,0xb2,0x9b,0xb2,0x9b,0xba,0x7b,0xb2,0x9b,0xba,0x7a,0xb2,
0x9b,0xba,0x7a,0xb2,0x9b,0xba,0x7a,0xb2,0x9b,0xba,0x7a,0xb2,0x9a,0xba,0x7a,0xb2,0x9a,0xba,0x7a,0xba,0x9a,0xba,0x7a,0xba,0x9a,0xba,0x7a,0xba,0x9a,0xba,0x79,0xba,
0x9a,0xba,0x79,0xba,0x9a,0xba,0x79,0xba,0x9a,0xba,0x79,0xba,0x9a,0xba,0x79,0xba,0x9a,0xba,0x79,0xba,0x9a,0xba,0x79,0xba,0x9a,0xba,0x79,0xba,0x99,0xba,0x79,0xba,
0x9a,0xba,0x79,0xba,0x99,0xba,0x79,0xba,0x7a,0xba,0x79,0xba,0x79,0xba,0x79,0xba,0x79,0xc2,0x79,0xba,0x79,0xba,0x79,0xba,0x79,0xc2,0x79,0xba,0x79,0xba,0x79,0xba,
0x79,0xc2,0x79,0xba,0x79,0xba,0x79,0xba,0x79,0xc2,0x79,0xba,0x79,0xba,0x79,0xba,0x79,0xc2,0x79,0xba,0x79,0xba,0x79,0xba,0x79,0xc2,0x79,0xba,0x79,0xc2,0x79,0xba,
0x3d,0x35,0x5d,0x3d,0x3d,0x3d,0x5e,0x3d,0x3d,0x35,0x5d,0x3d,0x3d,0x3d,0x5e,0x3d,0x3d,0x35,0x5d,0x3d,0x3d,0x3d,0x5e,0x3d,0x3d,0x35,0x5d,0x3d,0x3d,0x3d,0x5e,0x3d,
0x3d,0x35,0x5d,0x3d,0x3d,0x3d,0x5e,0x3d,0x3d,0x35,0x5d,0x3d,0x3d,0x3d,0x5e,0x3d,0x3d,0x35,0x3d,0x3d,0x3d,0x3d,0x3e,0x3d,0x3d,0x35,0x3d,0x3d,0x3d,0x3d,0x3e,0x3d,
0x3d,0x35,0x3d,0x3d,0x3d,0x3d,0x3e,0x3d,0x3d,0x3d,0x3d,0x3d,0x3d,0x3d,0x3e,0x3d,0x3d,0x3d,0x3d,0x3d,0x3d,0x3d,0x3e,0x3d,0x3d,0x3d,0x3d,0x3d,0x3d,0x3d,0x3e,0x3d,
0x3d,0x3d,0x3d,0x3d,0x3d,0x3d,0x3e,0x3d,0x3d,0x3d,0x3d,0x3d,0x1d,0x3d,0x3e,0x3d,0x1d,0x3d,0x3d,0x3d,0x1d,0x3d,0x3e,0x3d,0x1d,0x3d,0x3d,0x3d,0x1d,0x3d,0x3e,0x3d,
0x1d,0x3d,0x1d,0x3d,0x1d,0x3d,0x1e,0x3d,0x1d,0x3d,0x1d,0x3d,0x1d,0x3d,0x1e,0x45,0xfd,0x3c,0x1d,0x3d,0xfd,0x3c,0xfe,0x44,0xfd,0x3c,0xfd,0x44,0xdd,0x3c,0xfe,0x44,
0xdd,0x3c,0xdd,0x44,0xbd,0x44,0xbe,0x44,0x9d,0x44,0x9d,0x4c,0x5d,0x4c,0x5e,0x4c,0x1d,0x4c,0xde,0x53,0x7d,0x5b,0x3e,0x6b,0xfd,0x72,0xfe,0x82,0xde,0x8a,0xde,0x92,
0xbe,0x92,0xbe,0x9a,0xbe,0xa2,0xbe,0xa2,0x9e,0xa2,0xbe,0xaa,0x9d,0xaa,0x9d,0xaa,0x9c,0xaa,0x9c,0xb2,0x9b,0xaa,0x9c,0xb2,0x7b,0xaa,0x9b,0xb2,0x7b,0xb2,0x9b,0xb2,
0x7a,0xb2,0x9b,0xb2,0x7a,0xb2,0x9b,0xba,0x7a,0xb2,0x9a,0xba,0x7a,0xb2,0x9a,0xba,0x79,0xb2,0x7a,0xba,0x79,0xb2,0x7a,0xba,0x79,0xb2,0x7a,0xba,0x79,0xb2,0x7a,0xba,
0x79,0xb2,0x7a,0xba,0x79,0xba,0x7a,0xba,0x79,0xb2,0x79,0xba,0x79,0xba,0x79,0xba,0x79,0xba,0x79,0xba,0x79,0xba,0x79,0xba,0x79,0xba,0x79,0xba,0x79,0xba,0x79,0xba,
0x79,0xba,0x79,0xba,0x79,0xba,0x79,0xba,0x79,0xba,0x79,0xba,0x79,0xba,0x79,0xba,0x78,0xba,0x79,0xba,0x79,0xba,0x79,0xba,0x78,0xba,0x79,0xba,0x78,0xba,0x79,0xba,
0x78,0xba,0x79,0xba,0x78,0xba,0x79,0xba,0x78,0xba,0x79,0xba,0x78,0xba,0x79,0xba,0x78,0xba,0x79,0xba,0x78,0xba,0x79,0xba,0x78,0xba,0x79,0xba,0x78,0xba,0x79,0xba,
0x78,0xba,0x79,0xba,0x78,0xba,0x79,0xba,0x78,0xba,0x79,0xba,0x78,0xba,0x79,0xba,0x5e,0x3d,0x5d,0x3d,0x5e,0x3d,0x5d,0x3d,0x5e,0x3d,0x5d,0x3d,0x5e,0x3d,0x5d,0x3d,
0x5e,0x3d,0x5d,0x3d,0x5e,0x3d,0x5d,0x3d,0x5e,0x3d,0x3d,0x3d,0x5e,0x3d,0x3d,0x3d,0x5e,0x3d,0x3d,0x3d,0x5e,0x3d,0x3d,0x3d,0x5e,0x3d,0x3d,0x3d,0x5e,0x3d,0x3d,0x3d,
0x5e,0x3d,0x3d,0x3d,0x5e,0x3d,0x3d,0x3d,0x5e,0x3d,0x3d,0x3d,0x5e,0x3d,0x3d,0x3d,0x5e,0x3d,0x3d,0x3d,0x5e,0x3d,0x3d,0x3d,0x5e,0x3d,0x3d,0x3d,0x5e,0x3d,0x3d,0x3d,
0x5e,0x3d,0x3d,0x3d,0x5e,0x3d,0x3d,0x3d,0x5e,0x3d,0x3d,0x3d,0x5e,0x3d,0x3d,0x3d,0x5e,0x3d,0x3d,0x3d,0x5e,0x3d,0x3d,0x3d,0x5e,0x3d,0x3d,0x3d,0x5e,0x3d,0x3d,0x3d,
0x5e,0x3d,0x3d,0x3d,0x3e,0x3d,0x3d,0x3d,0x3e,0x3d,0x3d,0x3d,0x3e,0x3d,0x3d,0x3d,0x3e,0x3d,0x3d,0x3d,0x3e,0x45,0x3d,0x3d,0x3e,0x3d,0x1d,0x3d,0x3e,0x45,0x1d,0x3d,
0x3e,0x3d,0x1d,0x3d,0x3e,0x45,0x1d,0x3d,0x1e,0x45,0x1d,0x3d,0x1e,0x45,0xfd,0x3c,0x1e,0x45,0xfd,0x3c,0xfe,0x44,0xdd,0x44,0xde,0x44,0xbd,0x44,0xbe,0x4c,0x7d,0x4c,
0x5e,0x4c,0x1d,0x54,0xbe,0x5b,0x3e,0x63,0x1e,0x7b,0xde,0x82,0xdf,0x92,0xbe,0x9a,0xbf,0xa2,0xbe,0xa2,0xbe,0xaa,0x9d,0xaa,0xbd,0xb2,0x9c,0xaa,0x9c,0xb2,0x9b,0xb2,
0x9b,0xb2,0x9b,0xb2,0x9b,0xba,0x7a,0xb2,0x9b,0xba,0x7a,0xb2,0x9b,0xba,0x7a,0xba,0x9a,0xba,0x7a,0xb2,0x9a,0xba,0x7a,0xba,0x9a,0xba,0x79,0xba,0x9a,0xba,0x79,0xba,
0x9a,0xba,0x79,0xba,0x9a,0xba,0x79,0xba,0x99,0xba,0x79,0xba,0x9a,0xba,0x79,0xba,0x79,0xba,0x79,0xba,0x79,0xc2,0x79,0xba,0x79,0xba,0x79,0xba,0x79,0xc2,0x79,0xba,
0x79,0xba,0x79,0xba,0x79,0xc2,0x79,0xba,0x79,0xc2,0x79,0xba,0x79,0xc2,0x79,0xba,0x79,0xc2,0x79,0xba,0x79,0xc2,0x79,0xba,0x79,0xc2,0x78,0xba,0x79,0xc2,0x79,0xba,
0x79,0xc2,0x78,0xba,0x79,0xc2,0x79,0xba,0x79,0xc2,0x78,0xba,0x79,0xc2,0x78,0xba,0x79,0xc2,0x78,0xba,0x79,0xc2,0x78,0xba,0x79,0xc2,0x78,0xba,0x79,0xc2,0x78,0xba,
0x79,0xc2,0x78,0xba,0x79,0xc2,0x78,0xba,0x79,0xc2,0x78,0xba,0x79,0xc2,0x78,0xba,0x79,0xc2,0x78,0xba,0x79,0xc2,0x78,0xba,0x79,0xc2,0x78,0xba,0x79,0xc2,0x78,0xba,
0x3d,0x35,0x5e,0x3d,0x3d,0x35,0x5d,0x3d,0x3d,0x35,0x5e,0x3d,0x3d,0x35,0x5d,0x3d,0x3d,0x35,0x5e,0x3d,0x3d,0x35,0x5d,0x3d,0x3d,0x35,0x5e,0x3d,0x3d,0x35,0x5d,0x3d,
0x3d,0x35,0x5e,0x3d,0x3d,0x35,0x5d,0x3d,0x3d,0x35,0x5e,0x3d,0x3d,0x35,0x5d,0x3d,0x3d,0x35,0x5e,0x3d,0x3d,0x35,0x5d,0x3d,0x3d,0x35,0x5e,0x3d,0x3d,0x35,0x5d,0x3d,
0x3d,0x35,0x5e,0x3d,0x3d,0x35,0x5d,0x3d,0x3d,0x35,0x5e,0x3d,0x3d,0x35,0x5d,0x3d,0x3d,0x35,0x5e,0x3d,0x3d,0x35,0x5d,0x3d,0x3d,0x3d,0x5e,0x3d,0x3d,0x35,0x5d,0x3d,
0x3d,0x3d,0x5e,0x3d,0x3d,0x35,0x5d,0x3d,0x3d,0x3d,0x5e,0x3d,0x3d,0x35,0x5d,0x3d,0x3d,0x3d,0x5e,0x3d,0x3d,0x35,0x5d,0x3d,0x3d,0x3d,0x5e,0x3d,0x3d,0x35,0x3d,0x3d,
0x3d,0x3d,0x3e,0x3d,0x3d,0x35,0x3d,0x3d,0x3d,0x3d,0x3e,0x3d,0x3d,0x3d,0x3d,0x3d,0x3d,0x3d,0x3e,0x3d,0x3d,0x3d,0x3d,0x3d,0x1d,0x3d,0x3e,0x3d,0x1d,0x3d,0x3d,0x3d,
0x1d,0x3d,0x1e,0x3d,0x1d,0x3d,0x1d,0x3d,0xfd,0x3c,0xfe,0x44,0xdd,0x3c,0xdd,0x44,0x9d,0x44,0x7e,0x4c,0x1d,0x4c,0x5e,0x63,0xfe,0x7a,0xde,0x92,0xbe,0x9a,0xbe,0xa2,
0x9d,0xaa,0x9c,0xb2,0x7b,0xaa,0x9b,0xb2,0x7a,0xb2,0x9b,0xba,0x7a,0xb2,0x9a,0xba,0x7a,0xb2,0x7a,0xba,0x79,0xb2,0x7a,0xba,0x79,0xba,0x7a,0xba,0x79,0xba,0x79,0xba,
0x79,0xba,0x79,0xba,0x79,0xba,0x79,0xba,0x79,0xba,0x79,0xba,0x78,0xba,0x79,0xba,0x78,0xba,0x79,0xba,0x78,0xba,0x79,0xba,0x78,0xba,0x79,0xba,0x78,0xba,0x79,0xba,
0x78,0xba,0x79,0xba,0x78,0xba,0x79,0xba,0x78,0xba,0x79,0xc2,0x78,0xba,0x79,0xba,0x78,0xba,0x79,0xc2,0x78,0xba,0x79,0xba,0x78,0xba,0x79,0xc2,0x78,0xba,0x78,0xba,
0x78,0xba,0x79,0xc2,0x78,0xba,0x78,0xba,0x78,0xba,0x79,0xc2,0x78,0xba,0x78,0xba,0x78,0xba,0x79,0xc2,0x78,0xba,0x78,0xba,0x78,0xba,0x78,0xc2,0x78,0xba,0x78,0xba,
0x78,0xba,0x78,0xc2,0x78,0xba,0x78,0xba,0x78,0xba,0x78,0xc2,0x78,0xba,0x78,0xc2,0x78,0xba,0x78,0xc2,0x78,0xba,0x78,0xc2,0x78,0xba,0x78,0xc2,0x78,0xba,0x78,0xc2,
0x58,0xba,0x78,0xc2,0x58,0xba,0x78,0xc2,0x58,0xba,0x78,0xc2,0x58,0xba,0x78,0xc2,0x5e,0x3d,0x5d,0x3d,0x5e,0x3d,0x5d,0x3d,0x5e,0x3d,0x5d,0x3d,0x5e,0x3d,0x5d,0x3d,
0x5e,0x3d,0x5d,0x3d,0x5e,0x3d,0x5d,0x3d,0x5e,0x3d,0x5d,0x3d,0x5e,0x3d,0x5d,0x3d,0x5e,0x3d,0x5d,0x3d,0x5e,0x3d,0x5d,0x3d,0x5e,0x3d,0x5d,0x3d,0x5e,0x3d,0x5d,0x3d,
0x5e,0x3d,0x5d,0x3d,0x5e,0x3d,0x5d,0x3d,0x5e,0x3d,0x5d,0x3d,0x5e,0x3d,0x5d,0x3d,0x5e,0x3d,0x5d,0x3d,0x5e,0x3d,0x5d,0x3d,0x5e,0x3d,0x5d,0x3d,0x5e,0x3d,0x5d,0x3d,
0x5e,0x3d,0x5d,0x3d,0x5e,0x3d,0x5d,0x3d,0x5e,0x3d,0x5d,0x3d,0x5e,0x3d,0x5d,0x3d,0x5e,0x3d,0x5d,0x3d,0x5e,0x3d,0x5d,0x3d,0x5e,0x3d,0x5d,0x3d,0x5e,0x3d,0x5d,0x3d,
0x5e,0x3d,0x5d,0x3d,0x5e,0x3d,0x5d,0x3d,0x5e,0x3d,0x5d,0x3d,0x5e,0x3d,0x5d,0x3d,0x5e,0x3d,0x5d,0x3d,0x5e,0x3d,0x5d,0x3d,0x5e,0x3d,0x5d,0x3d,0x5e,0x3d,0x5d,0x3d,
0x5e,0x3d,0x5d,0x3d,0x5e,0x3d,0x5d,0x3d,0x5e,0x3d,0x3d,0x3d,0x5e,0x3d,0x3d,0x3d,0x5e,0x3d,0x3d,0x3d,0x5e,0x3d,0x3d,0x3d,0x5e,0x3d,0x3d,0x3d,0x3e,0x3d,0x1d,0x3d,
0x3e,0x45,0xfd,0x3c,0xde,0x44,0x1d,0x54,0xdf,0x92,0x9d,0xaa,0x9b,0xb2,0x7a,0xb2,0x9a,0xba,0x79,0xba,0x99,0xba,0x79,0xba,0x79,0xc2,0x79,0xba,0x79,0xc2,0x78,0xba,
0x79,0xc2,0x78,0xba,0x79,0xc2,0x78,0xba,0x79,0xc2,0x78,0xba,0x79,0xc2,0x78,0xba,0x79,0xc2,0x78,0xba,0x79,0xc2,0x78,0xba,0x79,0xc2,0x78,0xba,0x79,0xc2,0x78,0xba,
0x79,0xc2,0x78,0xba,0x79,0xc2,0x78,0xba,0x79,0xc2,0x78,0xba,0x78,0xc2,0x78,0xba,0x79,0xc2,0x78,0xba,0x78,0xc2,0x78,0xba,0x79,0xc2,0x78,0xba,0x78,0xc2,0x78,0xba,
0x79,0xc2,0x78,0xba,0x78,0xc2,0x78,0xba,0x79,0xc2,0x78,0xba,0x78,0xc2,0x78,0xba,0x79,0xc2,0x78,0xba,0x78,0xc2,0x78,0xba,0x79,0xc2,0x78,0xba,0x78,0xc2,0x78,0xba,
0x79,0xc2,0x78,0xba,0x78,0xc2,0x78,0xba,0x79,0xc2,0x78,0xba,0x78,0xc2,0x78,0xba,0x78,0xc2,0x78,0xba,0x78,0xc2,0x78,0xba,0x78,0xc2,0x78,0xba,0x78,0xc2,0x78,0xba,
0x78,0xc2,0x78,0xba,0x78,0xc2,0x78,0xba,0x78,0xc2,0x78,0xba,0x78,0xc2,0x78,0xba,0x78,0xc2,0x78,0xba,0x78,0xc2,0x78,0xba,0x78,0xc2,0x78,0xba,0x78,0xc2,0x78,0xba,
0x5d,0x35,0x5d,0x3d,0x5d,0x35,0x5e,0x3d,0x5d,0x35,0x5d,0x3d,0x5d,0x35,0x5e,0x3d,0x5d,0x35,0x5d,0x3d,0x5d,0x35,0x5e,0x3d,0x5d,0x35,0x5d,0x3d,0x5d,0x35,0x5e,0x3d,
0x5d,0x35,0x5d,0x3d,0x5d,0x35,0x5e,0x3d,0x5d,0x35,0x5d,0x3d,0x5d,0x35,0x5e,0x3d,0x5d,0x35,0x5d,0x3d,0x5d,0x35,0x5e,0x3d,0x5d,0x35,0x5d,0x3d,0x5d,0x35,0x5e,0x3d,
0x5d,0x35,0x5d,0x3d,0x5d,0x35,0x5e,0x3d,0x5d,0x35,0x5d,0x3d,0x5d,0x35,0x5e,0x3d,0x5d,0x35,0x5d,0x3d,0x5d,0x35,0x5e,0x3d,0x5d,0x35,0x5d,0x3d,0x5d,0x35,0x5e,0x3d,
0x5d,0x35,0x5d,0x3d,0x5d,0x35,0x5e,0x3d,0x5d,0x35,0x5d,0x3d,0x5d,0x35,0x5e,0x3d,0x5d,0x35,0x5d,0x3d,0x5d,0x35,0x5e,0x3d,0x5d,0x35,0x5d,0x3d,0x5d,0x35,0x5e,0x3d,
0x5d,0x35,0x5d,0x3d,0x5d,0x35,0x5e,0x3d,0x5d,0x35,0x5d,0x3d,0x5d,0x35,0x5e,0x3d,0x5d,0x35,0x7d,0x3d,0x5d,0x35,0x7e,0x3d,0x5d,0x35,0x7d,0x3d,0x5d,0x35,0x7e,0x3d,
0x5d,0x35,0x7d,0x3d,0x5d,0x35,0x7e,0x3d,0x7d,0x35,0x7d,0x35,0x7d,0x35,0x9d,0x35,0x7d,0x35,0xbd,0x35,0xdd,0x2d,0x9d,0x26,0xeb,0xf1,0x33,0xd2,0x34,0xca,0x56,0xca,
0x56,0xc2,0x57,0xc2,0x56,0xc2,0x77,0xc2,0x57,0xc2,0x77,0xc2,0x57,0xc2,0x77,0xc2,0x57,0xba,0x77,0xc2,0x57,0xc2,0x78,0xc2,0x57,0xba,0x78,0xc2,0x57,0xc2,0x78,0xc2,
0x57,0xba,0x78,0xc2,0x57,0xba,0x78,0xc2,0x57,0xba,0x78,0xc2,0x57,0xba,0x78,0xc2,0x57,0xba,0x78,0xc2,0x57,0xba,0x78,0xc2,0x57,0xba,0x78,0xc2,0x57,0xba,0x78,0xc2,
0x57,0xba,0x78,0xc2,0x57,0xba,0x78,0xc2,0x57,0xba,0x78,0xc2,0x57,0xba,0x78,0xc2,0x57,0xba,0x78,0xc2,0x57,0xba,0x78,0xc2,0x57,0xba,0x78,0xc2,0x57,0xba,0x78,0xc2,
0x57,0xba,0x78,0xc2,0x57,0xba,0x78,0xc2,0x57,0xba,0x78,0xc2,0x57,0xba,0x78,0xc2,0x57,0xba,0x78,0xc2,0x57,0xba,0x78,0xc2,0x57,0xba,0x78,0xc2,0x58,0xba,0x78,0xc2,
0x57,0xba,0x78,0xc2,0x58,0xba,0x78,0xc2,0x57,0xba,0x78,0xc2,0x58,0xba,0x78,0xc2,0x57,0xba,0x78,0xc2,0x58,0xba,0x78,0xc2,0x57,0xba,0x78,0xc2,0x58,0xba,0x78,0xc2,
0x57,0xba,0x78,0xc2,0x58,0xba,0x78,0xc2,0x57,0xba,0x78,0xc2,0x58,0xba,0x78,0xc2,0x7e,0x3d,0x5d,0x35,0x7e,0x3d,0x5d,0x3d,0x7e,0x3d,0x5d,0x35,0x7e,0x3d,0x5d,0x3d,
0x7e,0x3d,0x5d,0x35,0x7e,0x3d,0x5d,0x3d,0x7e,0x3d,0x5d,0x35,0x7e,0x3d,0x5d,0x3d,0x7e,0x3d,0x5d,0x35,0x7e,0x3d,0x5d,0x3d,0x7e,0x3d,0x5d,0x35,0x7e,0x3d,0x5d,0x3d,
0x7e,0x3d,0x5d,0x35,0x7e,0x3d,0x5d,0x3d,0x7e,0x3d,0x5d,0x35,0x7e,0x3d,0x5d,0x3d,0x7e,0x3d,0x5d,0x35,0x7e,0x3d,0x5d,0x3d,0x7e,0x3d,0x5d,0x35,0x7e,0x3d,0x5d,0x3d,
0x7e,0x3d,0x5d,0x35,0x7e,0x3d,0x5d,0x3d,0x7e,0x3d,0x5d,0x35,0x7e,0x3d,0x5d,0x3d,0x7e,0x3d,0x5d,0x35,0x7e,0x3d,0x5d,0x35,0x7e,0x3d,0x5d,0x35,0x7e,0x3d,0x5d,0x35,
0x7e,0x3d,0x5d,0x35,0x7e,0x3d,0x7d,0x35,0x7e,0x3d,0x7d,0x35,0x7e,0x3d,0x7d,0x35,0x7e,0x3d,0x7d,0x35,0x7e,0x3d,0x7d,0x35,0x7e,0x3d,0x7d,0x35,0x7e,0x3d,0x7d,0x35,
0x7e,0x3d,0x7d,0x35,0x9e,0x3d,0x7d,0x35,0x9e,0x3d,0x7d,0x35,0x9e,0x3d,0x7d,0x35,0x9e,0x3d,0x9d,0x35,0x9e,0x3d,0x9d,0x35,0xbe,0x35,0xbd,0x35,0xde,0x35,0xdd,0x2d,
0x1e,0x2e,0x3d,0x26,0xbe,0x26,0x9d,0x26,0x0c,0xf2,0xeb,0xf1,0x30,0xe2,0x31,0xda,0x53,0xda,0x33,0xd2,0x55,0xd2,0x55,0xca,0x55,0xca,0x55,0xca,0x76,0xca,0x56,0xca,
0x76,0xca,0x56,0xc2,0x77,0xca,0x56,0xc2,0x77,0xca,0x56,0xc2,0x77,0xca,0x57,0xc2,0x77,0xca,0x57,0xc2,0x77,0xca,0x57,0xc2,0x77,0xc2,0x57,0xc2,0x77,0xc2,0x57,0xc2,
0x77,0xc2,0x57,0xc2,0x78,0xc2,0x57,0xc2,0x78,0xc2,0x57,0xc2,0x78,0xc2,0x57,0xc2,0x78,0xc2,0x57,0xc2,0x78,0xc2,0x57,0xc2,0x78,0xc2,0x57,0xc2,0x78,0xc2,0x77,0xc2,
0x78,0xc2,0x77,0xc2,0x78,0xc2,0x77,0xc2,0x78,0xc2,0x77,0xc2,0x78,0xc2,0x77,0xc2,0x78,0xc2,0x77,0xc2,0x78,0xc2,0x77,0xc2,0x78,0xc2,0x77,0xc2,0x78,0xc2,0x77,0xc2,
0x78,0xc2,0x77,0xc2,0x78,0xc2,0x77,0xc2,0x78,0xc2,0x77,0xc2,0x78,0xc2,0x78,0xc2,0x78,0xc2,0x77,0xc2,0x78,0xc2,0x78,0xc2,0x78,0xc2,0x77,0xc2,0x78,0xc2,0x78,0xc2,
0x78,0xc2,0x77,0xc2,0x78,0xc2,0x78,0xc2,0x78,0xc2,0x77,0xc2,0x78,0xc2,0x78,0xc2,0x78,0xc2,0x77,0xc2,0x78,0xc2,0x78,0xc2,0x78,0xc2,0x77,0xc2,0x78,0xc2,0x78,0xc2,
0x5d,0x35,0x7e,0x3d,0x5d,0x35,0x7d,0x3d,0x5d,0x35,0x7e,0x3d,0x5d,0x35,0x7d,0x3d,0x5d,0x35,0x7e,0x3d,0x5d,0x35,0x7d,0x3d,0x5d,0x35,0x7e,0x3d,0x5d,0x35,0x7d,0x3d,
0x5d,0x35,0x7e,0x3d,0x5d,0x35,0x7d,0x3d,0x5d,0x35,0x7e,0x3d,0x5d,0x35,0x7d,0x3d,0x5d,0x35,0x7e,0x3d,0x5d,0x35,0x7d,0x3d,0x5d,0x35,0x7e,0x3d,0x5d,0x35,0x7d,0x3d,
0x5d,0x35,0x7e,0x3d,0x5d,0x35,0x7d,0x3d,0x5d,0x35,0x7e,0x3d,0x5d,0x35,0x7d,0x3d,0x5d,0x35,0x7e,0x3d,0x5d,0x35,0x7d,0x3d,0x5d,0x35,0x7e,0x3d,0x5d,0x35,0x7d,0x3d,
0x5d,0x35,0x7e,0x3d,0x5d,0x35,0x7d,0x3d,0x5d,0x35,0x7e,0x3d,0x7d,0x35,0x7d,0x35,0x7d,0x35,0x7e,0x3d,0x7d,0x35,0x7d,0x35,0x7d,0x35,0x7d,0x3d,0x7d,0x35,0x7d,0x35,
0x7d,0x35,0x7d,0x3d,0x7d,0x35,0x7d,0x35,0x7d,0x35,0x9d,0x35,0x7d,0x35,0x9d,0x35,0x7d,0x35,0x9d,0x35,0x7d,0x35,0x9d,0x35,0x9d,0x35,0x9d,0x35,0x9d,0x35,0xbd,0x35,
0x9d,0x35,0xbd,0x35,0xbd,0x2d,0xdd,0x35,0xdd,0x2d,0xfd,0x2d,0xfd,0x2d,0x3d,0x2e,0x5d,0x26,0x9d,0x26,0x9d,0x1e,0x9d,0x26,0xeb,0xf1,0xeb,0xf1,0xeb,0xf1,0x0e,0xea,
0x0f,0xda,0x31,0xda,0x32,0xd2,0x33,0xd2,0x33,0xd2,0x54,0xd2,0x34,0xca,0x55,0xca,0x34,0xca,0x55,0xca,0x55,0xca,0x55,0xca,0x55,0xca,0x56,0xca,0x55,0xc2,0x56,0xca,
0x56,0xc2,0x56,0xca,0x56,0xc2,0x56,0xca,0x56,0xc2,0x57,0xca,0x56,0xc2,0x57,0xc2,0x56,0xc2,0x77,0xc2,0x56,0xc2,0x77,0xc2,0x56,0xc2,0x77,0xc2,0x56,0xc2,0x77,0xc2,
0x57,0xc2,0x77,0xc2,0x56,0xc2,0x77,0xc2,0x57,0xc2,0x77,0xc2,0x57,0xc2,0x77,0xc2,0x57,0xc2,0x77,0xc2,0x57,0xc2,0x77,0xc2,0x57,0xc2,0x77,0xc2,0x57,0xc2,0x77,0xc2,
0x57,0xc2,0x77,0xc2,0x57,0xc2,0x77,0xc2,0x57,0xc2,0x77,0xc2,0x57,0xc2,0x77,0xc2,0x57,0xc2,0x77,0xc2,0x57,0xba,0x77,0xc2,0x57,0xc2,0x78,0xc2,0x57,0xba,0x77,0xc2,
0x57,0xc2,0x78,0xc2,0x57,0xba,0x77,0xc2,0x57,0xc2,0x78,0xc2,0x57,0xba,0x77,0xc2,0x57,0xc2,0x78,0xc2,0x57,0xba,0x77,0xc2,0x57,0xc2,0x78,0xc2,0x57,0xba,0x78,0xc2,
0x57,0xc2,0x78,0xc2,0x57,0xba,0x78,0xc2,0x57,0xc2,0x78,0xc2,0x57,0xba,0x78,0xc2,0x7e,0x3d,0x5d,0x35,0x7e,0x3d,0x5d,0x35,0x7e,0x3d,0x5d,0x35,0x7e,0x3d,0x5d,0x35,
0x7e,0x3d,0x5d,0x35,0x7e,0x3d,0x5d,0x35,0x7e,0x3d,0x5d,0x35,0x7e,0x3d,0x5d,0x35,0x7e,0x3d,0x7d,0x35,0x7e,0x3d,0x7d,0x35,0x7e,0x3d,0x7d,0x35,0x7e,0x3d,0x7d,0x35,
0x7e,0x3d,0x7d,0x35,0x7e,0x3d,0x7d,0x35,0x7e,0x3d,0x7d,0x35,0x7e,0x3d,0x7d,0x35,0x7e,0x3d,0x7d,0x35,0x7e,0x3d,0x7d,0x35,0x7e,0x3d,0x7d,0x35,0x7e,0x3d,0x7d,0x35,
0x7e,0x3d,0x7d,0x35,0x7e,0x3d,0x7d,0x35,0x7e,0x3d,0x7d,0x35,0x7e,0x3d,0x7d,0x35,0x7e,0x3d,0x7d,0x35,0x7e,0x3d,0x7d,0x35,0x9e,0x3d,0x7d,0x35,0x9e,0x3d,0x7d,0x35,
0x9e,0x3d,0x7d,0x35,0x9e,0x3d,0x7d,0x35,0x9e,0x3d,0x7d,0x35,0x9e,0x3d,0x7d,0x35,0x9e,0x3d,0x9d,0x35,0x9e,0x35,0x9d,0x35,0x9e,0x3d,0x9d,0x35,0x9e,0x35,0x9d,0x35,
0xbe,0x35,0x9d,0x35,0xbe,0x35,0xbd,0x35,0xbe,0x35,0xbd,0x35,0xde,0x35,0xbd,0x2d,0xde,0x35,0xdd,0x2d,0xfe,0x35,0xfd,0x2d,0x1e,0x2e,0x1d,0x2e,0x5e,0x2e,0x5d,0x26,
0xbe,0x26,0x9d,0x26,0xbe,0x26,0x9d,0x26,0x0c,0xf2,0xeb,0xf1,0x0c,0xf2,0xeb,0xf1,0x0e,0xea,0x0f,0xe2,0x30,0xe2,0x31,0xda,0x32,0xda,0x32,0xd2,0x53,0xda,0x33,0xd2,
0x54,0xd2,0x34,0xd2,0x54,0xd2,0x54,0xca,0x55,0xd2,0x55,0xca,0x55,0xca,0x55,0xca,0x56,0xca,0x55,0xca,0x56,0xca,0x55,0xca,0x76,0xca,0x56,0xca,0x76,0xca,0x56,0xc2,
0x76,0xca,0x56,0xc2,0x76,0xca,0x56,0xc2,0x77,0xca,0x56,0xc2,0x77,0xca,0x56,0xc2,0x77,0xca,0x56,0xc2,0x77,0xca,0x56,0xc2,0x77,0xca,0x57,0xc2,0x77,0xca,0x56,0xc2,
0x77,0xca,0x57,0xc2,0x77,0xca,0x57,0xc2,0x77,0xca,0x57,0xc2,0x77,0xc2,0x57,0xc2,0x77,0xca,0x57,0xc2,0x77,0xc2,0x57,0xc2,0x77,0xca,0x57,0xc2,0x77,0xc2,0x57,0xc2,
0x77,0xca,0x57,0xc2,0x77,0xc2,0x57,0xc2,0x77,0xc2,0x57,0xc2,0x77,0xc2,0x57,0xc2,0x78,0xc2,0x57,0xc2,0x77,0xc2,0x57,0xc2,0x78,0xc2,0x57,0xc2,0x77,0xc2,0x57,0xc2,
0x78,0xc2,0x57,0xc2,0x78,0xc2,0x57,0xc2,0x78,0xc2,0x57,0xc2,0x78,0xc2,0x57,0xc2,0x78,0xc2,0x57,0xc2,0x78,0xc2,0x57,0xc2,0x78,0xc2,0x57,0xc2,0x78,0xc2,0x57,0xc2,
0x5d,0x35,0x7d,0x3d,0x5d,0x35,0x7e,0x3d,0x5d,0x35,0x7d,0x3d,0x5d,0x35,0x7e,0x3d,0x5d,0x35,0x7d,0x3d,0x5d,0x35,0x7e,0x3d,0x5d,0x35,0x7d,0x3d,0x5d,0x35,0x7e,0x3d,
0x5d,0x35,0x7d,0x3d,0x5d,0x35,0x7e,0x3d,0x5d,0x35,0x7d,0x3d,0x5d,0x35,0x7e,0x3d,0x7d,0x35,0x7d,0x3d,0x7d,0x35,0x7e,0x3d,0x7d,0x35,0x7d,0x35,0x7d,0x35,0x7e,0x3d,
0x7d,0x35,0x7d,0x35,0x7d,0x35,0x7d,0x3d,0x7d,0x35,0x7d,0x35,0x7d,0x35,0x7d,0x3d,0x7d,0x35,0x7d,0x35,0x7d,0x35,0x7d,0x3d,0x7d,0x35,0x7d,0x35,0x7d,0x35,0x7d,0x35,
0x7d,0x35,0x9d,0x35,0x7d,0x35,0x9d,0x35,0x7d,0x35,0x9d,0x35,0x7d,0x35,0x9d,0x35,0x7d,0x35,0x9d,0x35,0x7d,0x35,0x9d,0x35,0x7d,0x35,0x9d,0x35,0x9d,0x35,0x9d,0x35,
0x9d,0x35,0x9d,0x35,0x9d,0x35,0x9d,0x35,0x9d,0x35,0xbd,0x35,0x9d,0x35,0xbd,0x35,0xbd,0x2d,0xbd,0x35,0xbd,0x2d,0xdd,0x35,0xbd,0x2d,0xdd,0x35,0xdd,0x2d,0xfd,0x35,
0xdd,0x2d,0xfd,0x2d,0xfd,0x2d,0x1d,0x2e,0x3d,0x26,0x5d,0x26,0x5d,0x26,0x9d,0x26,0x9d,0x1e,0x9d,0x26,0x9d,0x1e,0x9d,0x26,0xeb,0xf1,0xeb,0xf1,0xeb,0xf1,0xeb,0xf1,
0xeb,0xf1,0x0d,0xea,0x0e,0xe2,0x0f,0xe2,0x10,0xda,0x31,0xda,0x31,0xda,0x32,0xda,0x32,0xd2,0x33,0xd2,0x33,0xd2,0x54,0xd2,0x33,0xca,0x54,0xd2,0x34,0xca,0x54,0xd2,
0x34,0xca,0x55,0xca,0x34,0xca,0x55,0xca,0x55,0xca,0x55,0xca,0x55,0xca,0x55,0xca,0x55,0xc2,0x56,0xca,0x55,0xc2,0x56,0xca,0x55,0xc2,0x56,0xca,0x56,0xc2,0x56,0xca,
0x56,0xc2,0x56,0xca,0x56,0xc2,0x56,0xca,0x56,0xc2,0x56,0xca,0x56,0xc2,0x56,0xca,0x56,0xc2,0x56,0xc2,0x56,0xc2,0x57,0xca,0x56,0xc2,0x57,0xc2,0x56,0xc2,0x77,0xc2,
0x56,0xc2,0x77,0xc2,0x56,0xc2,0x77,0xc2,0x56,0xc2,0x77,0xc2,0x56,0xc2,0x77,0xc2,0x56,0xc2,0x77,0xc2,0x56,0xc2,0x77,0xc2,0x56,0xc2,0x77,0xc2,0x57,0xc2,0x77,0xc2,
0x56,0xc2,0x77,0xc2,0x57,0xc2,0x77,0xc2,0x56,0xc2,0x77,0xc2,0x57,0xc2,0x77,0xc2,0x57,0xc2,0x77,0xc2,0x57,0xc2,0x77,0xc2,0x57,0xc2,0x77,0xc2,0x57,0xc2,0x77,0xc2,
0x57,0xc2,0x77,0xc2,0x57,0xc2,0x77,0xc2,0x57,0xc2,0x77,0xc2,0x57,0xc2,0x77,0xc2,0x7e,0x3d,0x7d,0x35,0x7e,0x3d,0x7d,0x35,0x7e,0x3d,0x7d,0x35,0x7e,0x3d,0x7d,0x35,
0x7e,0x3d,0x7d,0x35,0x7e,0x3d,0x7d,0x35,0x7e,0x3d,0x7d,0x35,0x7e,0x3d,0x7d,0x35,0x7e,0x3d,0x7d,0x35,0x7e,0x3d,0x7d,0x35,0x7e,0x3d,0x7d,0x35,0x7e,0x3d,0x7d,0x35,
0x7e,0x3d,0x7d,0x35,0x7e,0x3d,0x7d,0x35,0x9e,0x3d,0x7d,0x35,0x9e,0x3d,0x7d,0x35,0x9e,0x3d,0x7d,0x35,0x9e,0x3d,0x7d,0x35,0x9e,0x3d,0x7d,0x35,0x9e,0x3d,0x7d,0x35,
0x9e,0x3d,0x7d,0x35,0x9e,0x3d,0x7d,0x35,0x9e,0x3d,0x7d,0x35,0x9e,0x3d,0x7d,0x35,0x9e,0x3d,0x9d,0x35,0x9e,0x3d,0x9d,0x35,0x9e,0x35,0x9d,0x35,0x9e,0x3d,0x9d,0x35,
0x9e,0x35,0x9d,0x35,0x9e,0x3d,0x9d,0x35,0xbe,0x35,0x9d,0x35,0xbe,0x35,0x9d,0x35,0xbe,0x35,0xbd,0x35,0xbe,0x35,0xbd,0x35,0xbe,0x35,0xbd,0x35,0xde,0x35,0xbd,0x35,
0xde,0x35,0xdd,0x2d,0xde,0x35,0xdd,0x2d,0xfe,0x35,0xfd,0x2d,0xfe,0x35,0xfd,0x2d,0x1e,0x2e,0x1d,0x2e,0x3e,0x2e,0x3d,0x26,0x7e,0x2e,0x7d,0x26,0xbe,0x26,0x9d,0x26,
0xbe,0x26,0x9d,0x26,0xbe,0x26,0x9d,0x26,0x0c,0xf2,0xeb,0xf1,0x0c,0xf2,0xeb,0xf1,0x0c,0xf2,0xeb,0xf1,0x0d,0xf2,0x0e,0xea,0x0f,0xea,0x0f,0xe2,0x31,0xe2,0x31,0xda,
0x32,0xda,0x31,0xda,0x32,0xda,0x32,0xd2,0x53,0xda,0x33,0xd2,0x54,0xd2,0x33,0xd2,0x54,0xd2,0x34,0xca,0x54,0xd2,0x54,0xca,0x55,0xd2,0x54,0xca,0x55,0xd2,0x55,0xca,
0x55,0xca,0x55,0xca,0x55,0xca,0x55,0xca,0x56,0xca,0x55,0xca,0x56,0xca,0x55,0xca,0x56,0xca,0x55,0xca,0x76,0xca,0x56,0xca,0x76,0xca,0x56,0xc2,0x76,0xca,0x56,0xca,
0x76,0xca,0x56,0xc2,0x76,0xca,0x56,0xc2,0x76,0xca,0x56,0xc2,0x77,0xca,0x56,0xc2,0x77,0xca,0x56,0xc2,0x77,0xca,0x56,0xc2,0x77,0xca,0x56,0xc2,0x77,0xca,0x56,0xc2,
0x77,0xca,0x56,0xc2,0x77,0xca,0x56,0xc2,0x77,0xca,0x56,0xc2,0x77,0xca,0x57,0xc2,0x77,0xca,0x56,0xc2,0x77,0xca,0x57,0xc2,0x77,0xca,0x57,0xc2,0x77,0xca,0x57,0xc2,
0x77,0xc2,0x57,0xc2,0x77,0xca,0x57,0xc2,0x77,0xc2,0x57,0xc2,0x77,0xca,0x57,0xc2,0x77,0xc2,0x57,0xc2,0x77,0xca,0x57,0xc2,0x77,0xc2,0x57,0xc2,0x77,0xca,0x57,0xc2,
0x7d,0x35,0x7e,0x3d,0x7d,0x35,0x7d,0x35,0x7d,0x35,0x7e,0x3d,0x7d,0x35,0x7d,0x35,0x7d,0x35,0x7d,0x3d,0x7d,0x35,0x7d,0x35,0x7d,0x35,0x7d,0x3d,0x7d,0x35,0x7d,0x35,
0x7d,0x35,0x7d,0x3d,0x7d,0x35,0x7d,0x35,0x7d,0x35,0x7d,0x3d,0x7d,0x35,0x7d,0x35,0x7d,0x35,0x7d,0x3d,0x7d,0x35,0x7d,0x35,0x7d,0x35,0x7d,0x35,0x7d,0x35,0x9d,0x35,
0x7d,0x35,0x9d,0x35,0x7d,0x35,0x9d,0x35,0x7d,0x35,0x9d,0x35,0x7d,0x35,0x9d,0x35,0x7d,0x35,0x9d,0x35,0x7d,0x35,0x9d,0x35,0x7d,0x35,0x9d,0x35,0x7d,0x35,0x9d,0x35,
0x9d,0x35,0x9d,0x35,0x9d,0x35,0x9d,0x35,0x9d,0x35,0x9d,0x35,0x9d,0x35,0x9d,0x35,0x9d,0x35,0xbd,0x35,0x9d,0x35,0xbd,0x35,0x9d,0x35,0xbd,0x35,0x9d,0x2d,0xbd,0x35,
0xbd,0x2d,0xbd,0x35,0xbd,0x2d,0xbd,0x35,0xbd,0x2d,0xdd,0x35,0xbd,0x2d,0xdd,0x35,0xdd,0x2d,0xdd,0x35,0xdd,0x2d,0xfd,0x2d,0xfd,0x2d,0x1d,0x2e,0xfd,0x2d,0x1d,0x2e,
0x1d,0x26,0x3d,0x2e,0x3d,0x26,0x7d,0x26,0x7d,0x26,0x9d,0x26,0x9d,0x1e,0x9d,0x26,0x9d,0x1e,0x9d,0x26,0x9d,0x1e,0x9d,0x26,0xeb,0xf1,0xeb,0xf1,0xeb,0xf1,0xeb,0xf1,
0xeb,0xf1,0xeb,0xf1,0xeb,0xf1,0x0c,0xea,0xed,0xe9,0x0e,0xea,0x0f,0xe2,0x30,0xe2,0x10,0xda,0x31,0xda,0x11,0xda,0x32,0xda,0x32,0xd2,0x32,0xda,0x32,0xd2,0x33,0xd2,
0x33,0xd2,0x53,0xd2,0x33,0xca,0x54,0xd2,0x33,0xca,0x54,0xd2,0x34,0xca,0x54,0xd2,0x34,0xca,0x55,0xd2,0x34,0xca,0x55,0xca,0x34,0xca,0x55,0xca,0x54,0xca,0x55,0xca,
0x55,0xca,0x55,0xca,0x55,0xca,0x55,0xca,0x55,0xca,0x56,0xca,0x55,0xc2,0x56,0xca,0x55,0xc2,0x56,0xca,0x55,0xc2,0x56,0xca,0x55,0xc2,0x56,0xca,0x55,0xc2,0x56,0xca,
0x56,0xc2,0x56,0xca,0x56,0xc2,0x56,0xca,0x56,0xc2,0x56,0xca,0x56,0xc2,0x56,0xca,0x56,0xc2,0x56,0xca,0x56,0xc2,0x56,0xc2,0x56,0xc2,0x57,0xca,0x56,0xc2,0x56,0xc2,
0x56,0xc2,0x57,0xca,0x56,0xc2,0x57,0xc2,0x56,0xc2,0x77,0xca,0x56,0xc2,0x77,0xc2,0x56,0xc2,0x77,0xc2,0x56,0xc2,0x77,0xc2,0x56,0xc2,0x77,0xc2,0x56,0xc2,0x77,0xc2,
0x56,0xc2,0x77,0xc2,0x56,0xc2,0x77,0xc2,0x56,0xc2,0x77,0xc2,0x56,0xc2,0x77,0xc2,0x7e,0x3d,0x7d,0x35,0x7e,0x3d,0x7d,0x35,0x9e,0x3d,0x7d,0x35,0x9e,0x3d,0x7d,0x35,
0x9e,0x3d,0x7d,0x35,0x9e,0x3d,0x7d,0x35,0x9e,0x3d,0x7d,0x35,0x9e,0x3d,0x7d,0x35,0x9e,0x3d,0x7d,0x35,0x9e,0x3d,0x7d,0x35,0x9e,0x3d,0x7d,0x35,0x9e,0x3d,0x7d,0x35,
0x9e,0x3d,0x7d,0x35,0x9e,0x3d,0x7d,0x35,0x9e,0x3d,0x7d,0x35,0x9e,0x3d,0x7d,0x35,0x9e,0x3d,0x9d,0x35,0x9e,0x3d,0x9d,0x35,0x9e,0x3d,0x9d,0x35,0x9e,0x35,0x9d,0x35,
0x9e,0x3d,0x9d,0x35,0x9e,0x35,0x9d,0x35,0x9e,0x3d,0x9d,0x35,0xbe,0x35,0x9d,0x35,0xbe,0x35,0x9d,0x35,0xbe,0x35,0x9d,0x35,0xbe,0x35,0x9d,0x35,0xbe,0x35,0xbd,0x35,
0xbe,0x35,0xbd,0x35,0xbe,0x35,0xbd,0x35,0xbe,0x35,0xbd,0x35,0xde,0x35,0xbd,0x35,0xde,0x35,0xbd,0x35,0xde,0x35,0xdd,0x2d,0xde,0x35,0xdd,0x2d,0xfe,0x35,0xdd,0x2d,
0xfe,0x35,0xfd,0x2d,0x1e,0x2e,0xfd,0x2d,0x1e,0x2e,0x1d,0x2e,0x3e,0x2e,0x3d,0x26,0x5e,0x2e,0x5d,0x26,0x7e,0x26,0x7d,0x26,0xbe,0x26,0x9d,0x26,0xbe,0x26,0x9d,0x26,
0xbe,0x26,0x9d,0x26,0xbe,0x26,0x9d,0x26,0x0c,0xf2,0xeb,0xf1,0x0c,0xf2,0xeb,0xf1,0x0c,0xf2,0xeb,0xf1,0x0c,0xf2,0xeb,0xf1,0x0d,0xf2,0x0d,0xea,0x0e,0xea,0x0e,0xe2,
0x30,0xe2,0x10,0xe2,0x31,0xe2,0x30,0xda,0x31,0xda,0x31,0xda,0x32,0xda,0x32,0xd2,0x53,0xda,0x32,0xd2,0x53,0xda,0x33,0xd2,0x54,0xd2,0x33,0xd2,0x54,0xd2,0x33,0xd2,
0x54,0xd2,0x54,0xd2,0x54,0xd2,0x54,0xca,0x55,0xd2,0x54,0xca,0x55,0xd2,0x54,0xca,0x55,0xd2,0x55,0xca,0x55,0xca,0x55,0xca,0x55,0xd2,0x55,0xca,0x55,0xca,0x55,0xca,
0x56,0xca,0x55,0xca,0x56,0xca,0x55,0xca,0x56,0xca,0x55,0xca,0x56,0xca,0x55,0xca,0x76,0xca,0x56,0xca,0x76,0xca,0x56,0xc2,0x76,0xca,0x56,0xca,0x76,0xca,0x56,0xc2,
0x76,0xca,0x56,0xca,0x76,0xca,0x56,0xc2,0x76,0xca,0x56,0xc2,0x76,0xca,0x56,0xc2,0x77,0xca,0x56,0xc2,0x77,0xca,0x56,0xc2,0x77,0xca,0x56,0xc2,0x77,0xca,0x56,0xc2,
0x77,0xca,0x56,0xc2,0x77,0xca,0x56,0xc2,0x77,0xca,0x56,0xc2,0x77,0xca,0x56,0xc2,0x77,0xca,0x56,0xc2,0x77,0xca,0x56,0xc2,0x77,0xca,0x57,0xc2,0x77,0xca,0x56,0xc2,
0x7d,0x35,0x7d,0x35,0x7d,0x35,0x7d,0x3d,0x7d,0x35,0x7d,0x35,0x7d,0x35,0x7d,0x3d,0x7d,0x35,0x7d,0x35,0x7d,0x35,0x9d,0x35,0x7d,0x35,0x9d,0x35,0x7d,0x35,0x9d,0x35,
0x7d,0x35,0x9d,0x35,0x7d,0x35,0x9d,0x35,0x7d,0x35,0x9d,0x35,0x7d,0x35,0x9d,0x35,0x7d,0x35,0x9d,0x35,0x7d,0x35,0x9d,0x35,0x7d,0x35,0x9d,0x35,0x7d,0x35,0x9d,0x35,
0x7d,0x35,0x9d,0x35,0x9d,0x35,0x9d,0x35,0x9d,0x35,0x9d,0x35,0x9d,0x35,0x9d,0x35,0x9d,0x35,0x9d,0x35,0x9d,0x35,0x9d,0x35,0x9d,0x35,0x9d,0x35,0x9d,0x35,0xbd,0x35,
0x9d,0x35,0xbd,0x35,0x9d,0x35,0xbd,0x35,0x9d,0x2d,0xbd,0x35,0xbd,0x35,0xbd,0x35,0xbd,0x2d,0xbd,0x35,0xbd,0x2d,0xbd,0x35,0xbd,0x2d,0xdd,0x35,0xbd,0x2d,0xdd,0x35,
0xdd,0x2d,0xdd,0x35,0xdd,0x2d,0xdd,0x35,0xdd,0x2d,0xfd,0x2d,0xdd,0x2d,0xfd,0x2d,0xfd,0x2d,0x1d,0x2e,0xfd,0x2d,0x1d,0x2e,0x1d,0x26,0x3d,0x2e,0x3d,0x26,0x5d,0x2e,
0x5d,0x26,0x7d,0x26,0x7d,0x26,0x9d,0x26,0x9d,0x1e,0x9d,0x26,0x9d,0x1e,0x9d,0x26,0x9d,0x1e,0x9d,0x26,0x9d,0x1e,0x9d,0x26,0xeb,0xf1,0xeb,0xf1,0xeb,0xf1,0xeb,0xf1,
0xeb,0xf1,0xeb,0xf1,0xeb,0xf1,0xeb,0xf1,0xeb,0xf1,0x0c,0xf2,0xed,0xe9,0x0e,0xea,0x0e,0xe2,0x0f,0xe2,0x0f,0xe2,0x30,0xe2,0x10,0xda,0x31,0xda,0x11,0xda,0x31,0xda,
0x31,0xd2,0x32,0xda,0x32,0xd2,0x32,0xda,0x32,0xd2,0x33,0xd2,0x33,0xd2,0x53,0xd2,0x33,0xd2,0x53,0xd2,0x33,0xca,0x54,0xd2,0x33,0xca,0x54,0xd2,0x34,0xca,0x54,0xd2,
0x34,0xca,0x54,0xca,0x34,0xca,0x55,0xd2,0x34,0xca,0x55,0xca,0x34,0xca,0x55,0xca,0x54,0xca,0x55,0xca,0x55,0xca,0x55,0xca,0x55,0xca,0x55,0xca,0x55,0xca,0x55,0xca,
0x55,0xc2,0x55,0xca,0x55,0xca,0x56,0xca,0x55,0xc2,0x56,0xca,0x55,0xc2,0x56,0xca,0x55,0xc2,0x56,0xca,0x55,0xc2,0x56,0xca,0x55,0xc2,0x56,0xca,0x56,0xc2,0x56,0xca,
0x55,0xc2,0x56,0xca,0x56,0xc2,0x56,0xca,0x56,0xc2,0x56,0xca,0x56,0xc2,0x56,0xca,0x56,0xc2,0x56,0xca,0x56,0xc2,0x56,0xca,0x56,0xc2,0x56,0xca,0x56,0xc2,0x56,0xca,
0x56,0xc2,0x56,0xc2,0x56,0xc2,0x57,0xca,0x56,0xc2,0x56,0xc2,0x56,0xc2,0x57,0xca,0x9e,0x3d,0x7d,0x35,0x9e,0x3d,0x7d,0x35,0x9e,0x3d,0x7d,0x35,0x9e,0x3d,0x7d,0x35,
0x9e,0x3d,0x7d,0x35,0x9e,0x3d,0x7d,0x35,0x9e,0x3d,0x7d,0x35,0x9e,0x3d,0x7d,0x35,0x9e,0x3d,0x9d,0x35,0x9e,0x3d,0x9d,0x35,0x9e,0x3d,0x9d,0x35,0x9e,0x3d,0x9d,0x35,
0x9e,0x35,0x9d,0x35,0x9e,0x3d,0x9d,0x35,0x9e,0x35,0x9d,0x35,0x9e,0x3d,0x9d,0x35,0x9e,0x35,0x9d,0x35,0xbe,0x3d,0x9d,0x35,0xbe,0x35,0x9d,0x35,0xbe,0x35,0x9d,0x35,
0xbe,0x35,0x9d,0x35,0xbe,0x35,0x9d,0x35,0xbe,0x35,0x9d,0x35,0xbe,0x35,0xbd,0x35,0xbe,0x35,0xbd,0x35,0xbe,0x35,0xbd,0x35,0xbe,0x35,0xbd,0x35,0xde,0x35,0xbd,0x35,
0xde,0x35,0xbd,0x2d,0xde,0x35,0xdd,0x35,0xde,0x35,0xdd,0x2d,0xde,0x35,0xdd,0x2d,0xfe,0x35,0xdd,0x2d,0xfe,0x35,0xfd,0x2d,0xfe,0x35,0xfd,0x2d,0x1e,0x36,0xfd,0x2d,
0x1e,0x2e,0x1d,0x2e,0x3e,0x2e,0x3d,0x2e,0x3e,0x2e,0x3d,0x26,0x5e,0x2e,0x5d,0x26,0x7e,0x26,0x7d,0x26,0xbe,0x26,0x9d,0x26,0xbe,0x26,0x9d,0x26,0xbe,0x26,0x9d,0x26,
0xbe,0x26,0x9d,0x26,0xbe,0x26,0x9d,0x26,0x0c,0xf2,0xeb,0xf1,0x0c,0xf2,0xeb,0xf1,0x0c,0xf2,0xeb,0xf1,0x0c,0xf2,0xeb,0xf1,0x0c,0xf2,0xeb,0xf1,0x0c,0xf2,0xed,0xe9,
0x0e,0xea,0x0e,0xe2,0x0f,0xea,0x0f,0xe2,0x30,0xe2,0x10,0xda,0x31,0xe2,0x31,0xda,0x31,0xda,0x31,0xda,0x32,0xda,0x32,0xda,0x32,0xda,0x32,0xd2,0x53,0xda,0x32,0xd2,
0x53,0xda,0x33,0xd2,0x53,0xd2,0x33,0xd2,0x54,0xd2,0x33,0xd2,0x54,0xd2,0x34,0xd2,0x54,0xd2,0x54,0xca,0x54,0xd2,0x54,0xca,0x55,0xd2,0x54,0xca,0x55,0xd2,0x54,0xca,
0x55,0xd2,0x54,0xca,0x55,0xd2,0x55,0xca,0x55,0xca,0x55,0xca,0x55,0xd2,0x55,0xca,0x55,0xca,0x55,0xca,0x56,0xca,0x55,0xca,0x56,0xca,0x55,0xca,0x56,0xca,0x55,0xca,
0x56,0xca,0x55,0xca,0x56,0xca,0x55,0xca,0x56,0xca,0x55,0xca,0x76,0xca,0x56,0xca,0x76,0xca,0x56,0xca,0x76,0xca,0x56,0xca,0x76,0xca,0x56,0xc2,0x76,0xca,0x56,0xca,
0x76,0xca,0x56,0xc2,0x76,0xca,0x56,0xca,0x76,0xca,0x56,0xc2,0x77,0xca,0x56,0xc2,0x76,0xca,0x56,0xc2,0x77,0xca,0x56,0xc2,0x77,0xca,0x56,0xc2,0x77,0xca,0x56,0xc2,
0x7d,0x35,0x9d,0x35,0x7d,0x35,0x9d,0x35,0x7d,0x35,0x9d,0x35,0x7d,0x35,0x9d,0x35,0x7d,0x35,0x9d,0x35,0x7d,0x35,0x9d,0x35,0x7d,0x35,0x9d,0x35,0x7d,0x35,0x9d,0x35,
0x7d,0x35,0x9d,0x35,0x7d,0x35,0x9d,0x35,0x9d,0x35,0x9d,0x35,0x9d,0x35,0x9d,0x35,0x9d,0x35,0x9d,0x35,0x9d,0x35,0x9d,0x35,0x9d,0x35,0x9d,0x35,0x9d,0x35,0x9d,0x35,
0x9d,0x35,0x9d,0x35,0x9d,0x35,0xbd,0x35,0x9d,0x35,0xbd,0x35,0x9d,0x35,0xbd,0x35,0x9d,0x35,0xbd,0x35,0x9d,0x2d,0xbd,0x35,0x9d,0x35,0xbd,0x35,0xbd,0x2d,0xbd,0x35,
0xbd,0x2d,0xbd,0x35,0xbd,0x2d,0xbd,0x35,0xbd,0x2d,0xdd,0x35,0xbd,0x2d,0xdd,0x35,0xbd,0x2d,0xdd,0x35,0xdd,0x2d,0xdd,0x35,0xdd,0x2d,0xdd,0x35,0xdd,0x2d,0xfd,0x2d,
0xdd,0x2d,0xfd,0x2d,0xfd,0x2d,0xfd,0x2d,0xfd,0x2d,0x1d,0x2e,0xfd,0x2d,0x1d,0x2e,0x1d,0x26,0x3d,0x2e,0x3d,0x26,0x3d,0x2e,0x3d,0x26,0x5d,0x26,0x5d,0x26,0x7d,0x26,
0x7d,0x26,0x9d,0x26,0x9d,0x1e,0x9d,0x26,0x9d,0x1e,0x9d,0x26,0x9d,0x1e,0x9d,0x26,0x9d,0x1e,0x9d,0x26,0x9d,0x1e,0x9d,0x26,0xeb,0xf1,0xeb,0xf1,0xeb,0xf1,0xeb,0xf1,
0xeb,0xf1,0xeb,0xf1,0xeb,0xf1,0xeb,0xf1,0xeb,0xf1,0xeb,0xf1,0xeb,0xf1,0xec,0xf1,0xec,0xe9,0x0d,0xea,0xed,0xe1,0x0e,0xe2,0x0e,0xe2,0x0f,0xe2,0x0f,0xda,0x30,0xe2,
0x10,0xda,0x31,0xda,0x10,0xda,0x31,0xda,0x31,0xda,0x32,0xda,0x31,0xd2,0x32,0xda,0x32,0xd2,0x33,0xda,0x32,0xd2,0x33,0xd2,0x33,0xd2,0x33,0xd2,0x33,0xd2,0x53,0xd2,
0x33,0xd2,0x54,0xd2,0x33,0xca,0x54,0xd2,0x34,0xca,0x54,0xd2,0x34,0xca,0x54,0xd2,0x34,0xca,0x54,0xd2,0x34,0xca,0x54,0xca,0x34,0xca,0x55,0xca,0x34,0xca,0x55,0xca,
0x34,0xca,0x55,0xca,0x54,0xca,0x55,0xca,0x55,0xca,0x55,0xca,0x55,0xca,0x55,0xca,0x55,0xca,0x55,0xca,0x55,0xca,0x55,0xca,0x55,0xca,0x56,0xca,0x55,0xc2,0x55,0xca,
0x55,0xca,0x56,0xca,0x55,0xc2,0x56,0xca,0x55,0xc2,0x56,0xca,0x55,0xc2,0x56,0xca,0x55,0xc2,0x56,0xca,0x55,0xc2,0x56,0xca,0x56,0xc2,0x56,0xca,0x55,0xc2,0x56,0xca,
0x56,0xc2,0x56,0xca,0x56,0xc2,0x56,0xca,0x56,0xc2,0x56,0xca,0x56,0xc2,0x56,0xca,0x9e,0x3d,0x9d,0x35,0x9e,0x3d,0x9d,0x35,0x9e,0x3d,0x9d,0x35,0x9e,0x35,0x9d,0x35,
0x9e,0x3d,0x9d,0x35,0x9e,0x35,0x9d,0x35,0x9e,0x3d,0x9d,0x35,0x9e,0x35,0x9d,0x35,0x9e,0x3d,0x9d,0x35,0x9e,0x35,0x9d,0x35,0x9e,0x3d,0x9d,0x35,0xbe,0x35,0x9d,0x35,
0xbe,0x35,0x9d,0x35,0xbe,0x35,0x9d,0x35,0xbe,0x35,0x9d,0x35,0xbe,0x35,0x9d,0x35,0xbe,0x35,0x9d,0x35,0xbe,0x35,0x9d,0x35,0xbe,0x35,0xbd,0x35,0xbe,0x35,0xbd,0x35,
0xbe,0x35,0xbd,0x35,0xbe,0x35,0xbd,0x35,0xbe,0x35,0xbd,0x35,0xde,0x35,0xbd,0x35,0xde,0x35,0xbd,0x35,0xde,0x35,0xbd,0x2d,0xde,0x35,0xdd,0x35,0xde,0x35,0xdd,0x2d,
0xde,0x35,0xdd,0x2d,0xfe,0x35,0xdd,0x2d,0xfe,0x35,0xfd,0x2d,0xfe,0x35,0xfd,0x2d,0xfe,0x35,0xfd,0x2d,0x1e,0x2e,0x1d,0x2e,0x1e,0x2e,0x1d,0x2e,0x3e,0x2e,0x1d,0x2e,
0x3e,0x2e,0x3d,0x2e,0x5e,0x2e,0x5d,0x26,0x7e,0x2e,0x7d,0x26,0x7e,0x26,0x7d,0x26,0xbe,0x26,0x9d,0x26,0xbe,0x26,0x9d,0x26,0xbe,0x26,0x9d,0x26,0xbe,0x26,0x9d,0x26,
0xbe,0x26,0x9d,0x26,0xbe,0x26,0x9d,0x26,0x0c,0xf2,0xeb,0xf1,0x0c,0xf2,0xeb,0xf1,0x0c,0xf2,0xeb,0xf1,0x0c,0xf2,0xeb,0xf1,0x0c,0xf2,0xeb,0xf1,0x0c,0xf2,0xeb,0xf1,
0x0c,0xf2,0xec,0xe9,0x0d,0xea,0x0d,0xea,0x0e,0xea,0x0e,0xe2,0x2f,0xe2,0x0f,0xe2,0x30,0xe2,0x10,0xe2,0x31,0xe2,0x30,0xda,0x31,0xe2,0x31,0xda,0x32,0xda,0x31,0xda,
0x32,0xda,0x32,0xda,0x32,0xda,0x32,0xd2,0x53,0xda,0x33,0xd2,0x53,0xda,0x33,0xd2,0x53,0xda,0x33,0xd2,0x54,0xd2,0x33,0xd2,0x54,0xd2,0x33,0xd2,0x54,0xd2,0x34,0xd2,
0x54,0xd2,0x54,0xd2,0x54,0xd2,0x54,0xca,0x55,0xd2,0x54,0xca,0x55,0xd2,0x54,0xca,0x55,0xd2,0x54,0xca,0x55,0xd2,0x54,0xca,0x55,0xd2,0x55,0xca,0x55,0xca,0x55,0xca,
0x55,0xd2,0x55,0xca,0x55,0xca,0x55,0xca,0x56,0xca,0x55,0xca,0x55,0xca,0x55,0xca,0x56,0xca,0x55,0xca,0x56,0xca,0x55,0xca,0x56,0xca,0x55,0xca,0x56,0xca,0x55,0xca,
0x56,0xca,0x55,0xca,0x56,0xca,0x55,0xca,0x76,0xca,0x56,0xca,0x76,0xca,0x56,0xca,0x76,0xca,0x56,0xca,0x76,0xca,0x56,0xc2,0x76,0xca,0x56,0xca,0x76,0xca,0x56,0xc2,
0x7d,0x35,0x9d,0x35,0x7d,0x35,0x9d,0x35,0x7d,0x35,0x9d,0x35,0x9d,0x35,0x9d,0x35,0x9d,0x35,0x9d,0x35,0x9d,0x35,0x9d,0x35,0x9d,0x35,0x9d,0x35,0x9d,0x35,0x9d,0x35,
0x9d,0x35,0x9d,0x35,0x9d,0x35,0x9d,0x35,0x9d,0x35,0x9d,0x35,0x9d,0x35,0x9d,0x35,0x9d,0x35,0xbd,0x35,0x9d,0x35,0xbd,0x35,0x9d,0x35,0xbd,0x35,0x9d,0x35,0xbd,0x35,
0x9d,0x2d,0xbd,0x35,0x9d,0x35,0xbd,0x35,0xbd,0x2d,0xbd,0x35,0xbd,0x35,0xbd,0x35,0xbd,0x2d,0xbd,0x35,0xbd,0x2d,0xbd,0x35,0xbd,0x2d,0xdd,0x35,0xbd,0x2d,0xdd,0x35,
0xbd,0x2d,0xdd,0x35,0xbd,0x2d,0xdd,0x35,0xdd,0x2d,0xdd,0x35,0xdd,0x2d,0xdd,0x35,0xdd,0x2d,0xfd,0x2d,0xdd,0x2d,0xfd,0x2d,0xfd,0x2d,0xfd,0x2d,0xfd,0x2d,0xfd,0x2d,
0xfd,0x2d,0x1d,0x2e,0x1d,0x2e,0x1d,0x2e,0x1d,0x26,0x3d,0x2e,0x1d,0x26,0x3d,0x2e,0x3d,0x26,0x5d,0x26,0x5d,0x26,0x5d,0x26,0x5d,0x26,0x7d,0x26,0x7d,0x26,0x9d,0x26,
0x9d,0x1e,0x9d,0x26,0x9d,0x1e,0x9d,0x26,0x9d,0x1e,0x9d,0x26,0x9d,0x1e,0x9d,0x26,0x9d,0x1e,0x9d,0x26,0x9d,0x1e,0x9d,0x26,0xeb,0xf1,0xeb,0xf1,0xeb,0xf1,0xeb,0xf1,
0xeb,0xf1,0xeb,0xf1,0xeb,0xf1,0xeb,0xf1,0xeb,0xf1,0xeb,0xf1,0xeb,0xf1,0xeb,0xf1,0xeb,0xf1,0xec,0xf1,0xec,0xe9,0x0d,0xea,0xed,0xe1,0x0e,0xea,0x0e,0xe2,0x0f,0xe2,
0x0f,0xe2,0x0f,0xe2,0x0f,0xda,0x30,0xe2,0x10,0xda,0x31,0xda,0x10,0xda,0x31,0xda,0x11,0xd2,0x31,0xda,0x31,0xd2,0x32,0xda,0x32,0xd2,0x32,0xda,0x32,0xd2,0x33,0xda,
0x32,0xd2,0x33,0xd2,0x33,0xd2,0x33,0xd2,0x33,0xd2,0x53,0xd2,0x33,0xd2,0x54,0xd2,0x33,0xca,0x54,0xd2,0x33,0xca,0x54,0xd2,0x33,0xca,0x54,0xd2,0x34,0xca,0x54,0xd2,
0x34,0xca,0x54,0xd2,0x34,0xca,0x55,0xd2,0x34,0xca,0x55,0xca,0x34,0xca,0x55,0xca,0x34,0xca,0x55,0xca,0x34,0xca,0x55,0xca,0x54,0xca,0x55,0xca,0x55,0xca,0x55,0xca,
0x55,0xca,0x55,0xca,0x55,0xca,0x55,0xca,0x55,0xca,0x55,0xca,0x55,0xca,0x55,0xca,0x55,0xc2,0x55,0xca,0x55,0xca,0x56,0xca,0x55,0xc2,0x56,0xca,0x55,0xca,0x56,0xca,
0x55,0xc2,0x56,0xca,0x55,0xc2,0x56,0xca,0x55,0xc2,0x56,0xca,0x55,0xc2,0x56,0xca,0x9e,0x35,0x9d,0x35,0x9e,0x3d,0x9d,0x35,0x9e,0x35,0x9d,0x35,0x9e,0x3d,0x9d,0x35,
0x9e,0x35,0x9d,0x35,0xbe,0x3d,0x9d,0x35,0xbe,0x35,0x9d,0x35,0xbe,0x35,0x9d,0x35,0xbe,0x35,0x9d,0x35,0xbe,0x35,0x9d,0x35,0xbe,0x35,0x9d,0x35,0xbe,0x35,0x9d,0x35,
0xbe,0x35,0x9d,0x35,0xbe,0x35,0xbd,0x35,0xbe,0x35,0xbd,0x35,0xbe,0x35,0xbd,0x35,0xbe,0x35,0xbd,0x35,0xbe,0x35,0xbd,0x35,0xbe,0x35,0xbd,0x35,0xde,0x35,0xbd,0x35,
0xde,0x35,0xbd,0x35,0xde,0x35,0xbd,0x35,0xde,0x35,0xdd,0x2d,0xde,0x35,0xdd,0x35,0xde,0x35,0xdd,0x2d,0xde,0x35,0xdd,0x2d,0xfe,0x35,0xdd,0x2d,0xfe,0x35,0xdd,0x2d,
0xfe,0x35,0xfd,0x2d,0xfe,0x35,0xfd,0x2d,0x1e,0x2e,0xfd,0x2d,0x1e,0x2e,0x1d,0x2e,0x1e,0x2e,0x1d,0x2e,0x3e,0x2e,0x1d,0x2e,0x3e,0x2e,0x3d,0x26,0x5e,0x2e,0x3d,0x26,
0x5e,0x2e,0x5d,0x26,0x7e,0x2e,0x7d,0x26,0x9e,0x26,0x9d,0x26,0xbe,0x26,0x9d,0x26,0xbe,0x26,0x9d,0x26,0xbe,0x26,0x9d,0x26,0xbe,0x26,0x9d,0x26,0xbe,0x26,0x9d,0x26,
0xbe,0x26,0x9d,0x26,0xbe,0x26,0x9d,0x26,0x0c,0xf2,0xeb,0xf1,0x0c,0xf2,0xeb,0xf1,0x0c,0xf2,0xeb,0xf1,0x0c,0xf2,0xeb,0xf1,0x0c,0xf2,0xeb,0xf1,0x0c,0xf2,0xeb,0xf1,
0x0c,0xf2,0xeb,0xf1,0x0c,0xf2,0xec,0xe9,0x0d,0xea,0x0d,0xea,0x0e,0xea,0x0e,0xe2,0x0f,0xea,0x0f,0xe2,0x30,0xe2,0x0f,0xe2,0x30,0xe2,0x10,0xda,0x31,0xe2,0x30,0xda,
0x31,0xda,0x31,0xda,0x32,0xda,0x31,0xda,0x32,0xda,0x32,0xda,0x32,0xda,0x32,0xd2,0x52,0xda,0x32,0xd2,0x53,0xda,0x33,0xd2,0x53,0xda,0x33,0xd2,0x53,0xda,0x33,0xd2,
0x53,0xd2,0x33,0xd2,0x54,0xd2,0x33,0xd2,0x54,0xd2,0x33,0xd2,0x54,0xd2,0x34,0xd2,0x54,0xd2,0x54,0xca,0x54,0xd2,0x54,0xca,0x54,0xd2,0x54,0xca,0x55,0xd2,0x54,0xca,
0x55,0xd2,0x54,0xca,0x55,0xd2,0x54,0xca,0x55,0xd2,0x54,0xca,0x55,0xd2,0x55,0xca,0x55,0xca,0x55,0xca,0x55,0xd2,0x55,0xca,0x55,0xca,0x55,0xca,0x55,0xca,0x55,0xca,
0x55,0xca,0x55,0xca,0x56,0xca,0x55,0xca,0x56,0xca,0x55,0xca,0x56,0xca,0x55,0xca,0x56,0xca,0x55,0xca,0x56,0xca,0x55,0xca,0x56,0xca,0x55,0xca,0x56,0xca,0x55,0xca,
0x9d,0x35,0x9d,0x35,0x9d,0x35,0x9d,0x35,0x9d,0x35,0x9d,0x35,0x9d,0x35,0x9d,0x35,0x9d,0x35,0x9d,0x35,0x9d,0x35,0x9d,0x35,0x9d,0x35,0xbd,0x35,0x9d,0x35,0xbd,0x35,
0x9d,0x35,0xbd,0x35,0x9d,0x35,0xbd,0x35,0x9d,0x35,0xbd,0x35,0x9d,0x2d,0xbd,0x35,0x9d,0x35,0xbd,0x35,0x9d,0x2d,0xbd,0x35,0xbd,0x35,0xbd,0x35,0xbd,0x2d,0xbd,0x35,
0xbd,0x2d,0xbd,0x35,0xbd,0x2d,0xbd,0x35,0xbd,0x2d,0xbd,0x35,0xbd,0x2d,0xdd,0x35,0xbd,0x2d,0xdd,0x35,0xbd,0x2d,0xdd,0x35,0xbd,0x2d,0xdd,0x35,0xdd,0x2d,0xdd,0x35,
0xdd,0x2d,0xdd,0x35,0xdd,0x2d,0xfd,0x2d,0xdd,0x2d,0xfd,0x35,0xdd,0x2d,0xfd,0x2d,0xfd,0x2d,0xfd,0x2d,0xfd,0x2d,0x1d,0x2e,0xfd,0x2d,0x1d,0x2e,0x1d,0x2e,0x1d,0x2e,
0x1d,0x2e,0x3d,0x2e,0x1d,0x26,0x3d,0x2e,0x3d,0x26,0x5d,0x2e,0x3d,0x26,0x5d,0x26,0x5d,0x26,0x7d,0x26,0x7d,0x26,0x7d,0x26,0x7d,0x26,0x9d,0x26,0x9d,0x1e,0x9d,0x26,
0x9d,0x1e,0x9d,0x26,0x9d,0x1e,0x9d,0x26,0x9d,0x1e,0x9d,0x26,0x9d,0x1e,0x9d,0x26,0x9d,0x1e,0x9d,0x26,0x9d,0x1e,0x9d,0x26,0xeb,0xf1,0xeb,0xf1,0xeb,0xf1,0xeb,0xf1,
0xeb,0xf1,0xeb,0xf1,0xeb,0xf1,0xeb,0xf1,0xeb,0xf1,0xeb,0xf1,0xeb,0xf1,0xeb,0xf1,0xeb,0xf1,0xeb,0xf1,0xeb,0xf1,0xec,0xf1,0xec,0xe9,0x0d,0xea,0xed,0xe9,0x0e,0xea,
0x0e,0xe2,0x0e,0xea,0x0e,0xe2,0x0f,0xe2,0x0f,0xe2,0x30,0xe2,0x0f,0xda,0x30,0xe2,0x10,0xda,0x31,0xda,0x10,0xda,0x31,0xda,0x11,0xda,0x31,0xda,0x31,0xd2,0x32,0xda,
0x31,0xd2,0x32,0xda,0x32,0xd2,0x32,0xda,0x32,0xd2,0x33,0xda,0x32,0xd2,0x33,0xd2,0x33,0xd2,0x33,0xd2,0x33,0xd2,0x53,0xd2,0x33,0xd2,0x53,0xd2,0x33,0xca,0x54,0xd2,
0x33,0xca,0x54,0xd2,0x33,0xca,0x54,0xd2,0x34,0xca,0x54,0xd2,0x34,0xca,0x54,0xd2,0x34,0xca,0x54,0xd2,0x34,0xca,0x54,0xca,0x34,0xca,0x55,0xd2,0x34,0xca,0x55,0xca,
0x34,0xca,0x55,0xca,0x34,0xca,0x55,0xca,0x34,0xca,0x55,0xca,0x54,0xca,0x55,0xca,0x55,0xca,0x55,0xca,0x55,0xca,0x55,0xca,0x55,0xca,0x55,0xca,0x55,0xca,0x55,0xca,
0x55,0xca,0x55,0xca,0x55,0xca,0x55,0xca,0x55,0xca,0x56,0xca,0x55,0xc2,0x55,0xca,0xbe,0x35,0x9d,0x35,0xbe,0x35,0x9d,0x35,0xbe,0x35,0x9d,0x35,0xbe,0x35,0x9d,0x35,
0xbe,0x35,0x9d,0x35,0xbe,0x35,0x9d,0x35,0xbe,0x35,0x9d,0x35,0xbe,0x35,0x9d,0x35,0xbe,0x35,0xbd,0x35,0xbe,0x35,0xbd,0x35,0xbe,0x35,0xbd,0x35,0xbe,0x35,0xbd,0x35,
0xbe,0x35,0xbd,0x35,0xbe,0x35,0xbd,0x35,0xbe,0x35,0xbd,0x35,0xde,0x35,0xbd,0x35,0xde,0x35,0xbd,0x35,0xde,0x35,0xbd,0x2d,0xde,0x35,0xbd,0x35,0xde,0x35,0xdd,0x2d,
0xde,0x35,0xdd,0x2d,0xde,0x35,0xdd,0x2d,0xde,0x35,0xdd,0x2d,0xfe,0x35,0xdd,0x2d,0xfe,0x35,0xdd,0x2d,0xfe,0x35,0xfd,0x2d,0xfe,0x35,0xfd,0x2d,0xfe,0x35,0xfd,0x2d,
0x1e,0x36,0xfd,0x2d,0x1e,0x2e,0x1d,0x2e,0x1e,0x2e,0x1d,0x2e,0x3e,0x2e,0x1d,0x2e,0x3e,0x2e,0x3d,0x2e,0x3e,0x2e,0x3d,0x26,0x5e,0x2e,0x5d,0x26,0x5e,0x2e,0x5d,0x26,
0x7e,0x2e,0x7d,0x26,0x9e,0x26,0x9d,0x26,0xbe,0x26,0x9d,0x26,0xbe,0x26,0x9d,0x26,0xbe,0x26,0x9d,0x26,0xbe,0x26,0x9d,0x26,0xbe,0x26,0x9d,0x26,0xbe,0x26,0x9d,0x26,
0xbe,0x26,0x9d,0x26,0xbe,0x26,0x9d,0x26,0x0c,0xf2,0xeb,0xf1,0x0c,0xf2,0xeb,0xf1,0x0c,0xf2,0xeb,0xf1,0x0c,0xf2,0xeb,0xf1,0x0c,0xf2,0xeb,0xf1,0x0c,0xf2,0xeb,0xf1,
0x0c,0xf2,0xeb,0xf1,0x0c,0xf2,0xeb,0xf1,0x0c,0xf2,0xec,0xe9,0x0d,0xf2,0x0d,0xea,0x0e,0xea,0x0e,0xea,0x0e,0xea,0x0e,0xe2,0x2f,0xea,0x0f,0xe2,0x30,0xe2,0x0f,0xe2,
0x30,0xe2,0x10,0xda,0x31,0xe2,0x30,0xda,0x31,0xe2,0x31,0xda,0x31,0xda,0x31,0xda,0x32,0xda,0x32,0xda,0x32,0xda,0x32,0xd2,0x32,0xda,0x32,0xd2,0x53,0xda,0x32,0xd2,
0x53,0xda,0x33,0xd2,0x53,0xda,0x33,0xd2,0x53,0xda,0x33,0xd2,0x53,0xd2,0x33,0xd2,0x54,0xd2,0x33,0xd2,0x54,0xd2,0x33,0xd2,0x54,0xd2,0x34,0xd2,0x54,0xd2,0x34,0xca,
0x54,0xd2,0x54,0xd2,0x54,0xd2,0x54,0xca,0x55,0xd2,0x54,0xca,0x55,0xd2,0x54,0xca,0x55,0xd2,0x54,0xca,0x55,0xd2,0x54,0xca,0x55,0xd2,0x55,0xca,0x55,0xd2,0x54,0xca,
0x55,0xd2,0x55,0xca,0x55,0xca,0x55,0xca,0x55,0xd2,0x55,0xca,0x55,0xca,0x55,0xca,0x55,0xd2,0x55,0xca,0x55,0xca,0x55,0xca,0x56,0xca,0x55,0xca,0x55,0xca,0x55,0xca,
0x9d,0x35,0x9d,0x35,0x9d,0x35,0xbd,0x35,0x9d,0x35,0xbd,0x35,0x9d,0x35,0xbd,0x35,0x9d,0x35,0xbd,0x35,0x9d,0x35,0xbd,0x35,0x9d,0x2d,0xbd,0x35,0x9d,0x35,0xbd,0x35,
0x9d,0x2d,0xbd,0x35,0x9d,0x35,0xbd,0x35,0xbd,0x2d,0xbd,0x35,0xbd,0x2d,0xbd,0x35,0xbd,0x2d,0xbd,0x35,0xbd,0x2d,0xbd,0x35,0xbd,0x2d,0xbd,0x35,0xbd,0x2d,0xdd,0x35,
0xbd,0x2d,0xdd,0x35,0xbd,0x2d,0xdd,0x35,0xbd,0x2d,0xdd,0x35,0xdd,0x2d,0xdd,0x35,0xdd,0x2d,0xdd,0x35,0xdd,0x2d,0xdd,0x35,0xdd,0x2d,0xfd,0x2d,0xdd,0x2d,0xfd,0x35,
0xdd,0x2d,0xfd,0x2d,0xfd,0x2d,0xfd,0x2d,0xfd,0x2d,0xfd,0x2d,0xfd,0x2d,0x1d,0x2e,0xfd,0x2d,0x1d,0x2e,0x1d,0x2e,0x1d,0x2e,0x1d,0x26,0x3d,0x2e,0x1d,0x26,0x3d,0x2e,
0x3d,0x26,0x3d,0x2e,0x3d,0x26,0x5d,0x2e,0x5d,0x26,0x5d,0x26,0x5d,0x26,0x7d,0x26,0x7d,0x26,0x9d,0x26,0x7d,0x1e,0x9d,0x26,0x9d,0x1e,0x9d,0x26,0x9d,0x1e,0x9d,0x26,
0x9d,0x1e,0x9d,0x26,0x9d,0x1e,0x9d,0x26,0x9d,0x1e,0x9d,0x26,0x9d,0x1e,0x9d,0x26,0x9d,0x1e,0x9d,0x26,0x9d,0x1e,0x9d,0x26,0xeb,0xf1,0xeb,0xf1,0xeb,0xf1,0xeb,0xf1,
0xeb,0xf1,0xeb,0xf1,0xeb,0xf1,0xeb,0xf1,0xeb,0xf1,0xeb,0xf1,0xeb,0xf1,0xeb,0xf1,0xeb,0xf1,0xeb,0xf1,0xeb,0xf1,0xeb,0xf1,0xeb,0xf1,0xec,0xf1,0xec,0xe9,0x0d,0xea,
0xec,0xe9,0x0d,0xea,0xed,0xe1,0x0e,0xea,0x0e,0xe2,0x0f,0xe2,0x0f,0xe2,0x0f,0xe2,0x0f,0xda,0x30,0xe2,0x10,0xda,0x30,0xe2,0x10,0xda,0x31,0xda,0x10,0xda,0x31,0xda,
0x11,0xda,0x31,0xda,0x31,0xda,0x32,0xda,0x31,0xd2,0x32,0xda,0x32,0xd2,0x32,0xda,0x32,0xd2,0x32,0xd2,0x32,0xd2,0x33,0xd2,0x32,0xd2,0x33,0xd2,0x32,0xd2,0x33,0xd2,
0x33,0xd2,0x53,0xd2,0x33,0xd2,0x53,0xd2,0x33,0xca,0x53,0xd2,0x33,0xd2,0x54,0xd2,0x33,0xca,0x54,0xd2,0x33,0xca,0x54,0xd2,0x33,0xca,0x54,0xd2,0x34,0xca,0x54,0xd2,
0x34,0xca,0x54,0xd2,0x34,0xca,0x54,0xd2,0x34,0xca,0x54,0xca,0x34,0xca,0x55,0xd2,0x34,0xca,0x55,0xca,0x34,0xca,0x55,0xca,0x34,0xca,0x55,0xca,0x34,0xca,0x55,0xca,
0x54,0xca,0x55,0xca,0x55,0xca,0x55,0xca,0x55,0xca,0x55,0xca,0x55,0xca,0x55,0xca,0xbe,0x35,0x9d,0x35,0xbe,0x35,0x9d,0x35,0xbe,0x35,0x9d,0x35,0xbe,0x35,0xbd,0x35,
0xbe,0x35,0xbd,0x35,0xbe,0x35,0xbd,0x35,0xbe,0x35,0xbd,0x35,0xbe,0x35,0xbd,0x35,0xbe,0x35,0xbd,0x35,0xbe,0x35,0xbd,0x35,0xbe,0x35,0xbd,0x35,0xde,0x35,0xbd,0x35,
0xde,0x35,0xbd,0x35,0xde,0x35,0xbd,0x35,0xde,0x35,0xbd,0x2d,0xde,0x35,0xdd,0x35,0xde,0x35,0xdd,0x2d,0xde,0x35,0xdd,0x2d,0xde,0x35,0xdd,0x2d,0xde,0x35,0xdd,0x2d,
0xfe,0x35,0xdd,0x2d,0xfe,0x35,0xdd,0x2d,0xfe,0x35,0xfd,0x2d,0xfe,0x35,0xfd,0x2d,0xfe,0x35,0xfd,0x2d,0x1e,0x36,0xfd,0x2d,0x1e,0x2e,0xfd,0x2d,0x1e,0x2e,0x1d,0x2e,
0x1e,0x2e,0x1d,0x2e,0x3e,0x2e,0x1d,0x2e,0x3e,0x2e,0x3d,0x2e,0x3e,0x2e,0x3d,0x2e,0x5e,0x2e,0x3d,0x26,0x5e,0x2e,0x5d,0x26,0x7e,0x2e,0x5d,0x26,0x7e,0x2e,0x7d,0x26,
0x9e,0x26,0x9d,0x26,0xbe,0x26,0x9d,0x26,0xbe,0x26,0x9d,0x26,0xbe,0x26,0x9d,0x26,0xbe,0x26,0x9d,0x26,0xbe,0x26,0x9d,0x26,0xbe,0x26,0x9d,0x26,0xbe,0x26,0x9d,0x26,
0xbe,0x26,0x9d,0x26,0xbe,0x26,0x9d,0x26,0x0c,0xf2,0xeb,0xf1,0x0c,0xf2,0xeb,0xf1,0x0c,0xf2,0xeb,0xf1,0x0c,0xf2,0xeb,0xf1,0x0c,0xf2,0xeb,0xf1,0x0c,0xf2,0xeb,0xf1,
0x0c,0xf2,0xeb,0xf1,0x0c,0xf2,0xeb,0xf1,0x0c,0xf2,0xeb,0xf1,0x0c,0xf2,0xec,0xe9,0x0d,0xf2,0xed,0xe9,0x0e,0xea,0x0d,0xea,0x0e,0xea,0x0e,0xe2,0x0f,0xea,0x0f,0xe2,
0x2f,0xe2,0x0f,0xe2,0x30,0xe2,0x10,0xe2,0x30,0xe2,0x10,0xda,0x31,0xe2,0x30,0xda,0x31,0xe2,0x31,0xda,0x31,0xda,0x31,0xda,0x32,0xda,0x31,0xda,0x32,0xda,0x32,0xda,
0x32,0xda,0x32,0xd2,0x33,0xda,0x32,0xd2,0x53,0xda,0x32,0xd2,0x53,0xda,0x33,0xd2,0x53,0xda,0x33,0xd2,0x53,0xda,0x33,0xd2,0x53,0xd2,0x33,0xd2,0x54,0xd2,0x33,0xd2,
0x54,0xd2,0x33,0xd2,0x54,0xd2,0x34,0xd2,0x54,0xd2,0x34,0xd2,0x54,0xd2,0x34,0xd2,0x54,0xd2,0x54,0xca,0x54,0xd2,0x54,0xca,0x54,0xd2,0x54,0xca,0x55,0xd2,0x54,0xca,
0x55,0xd2,0x54,0xca,0x55,0xd2,0x54,0xca,0x55,0xd2,0x54,0xca,0x55,0xd2,0x55,0xca,0x55,0xd2,0x54,0xca,0x55,0xd2,0x55,0xca,0x55,0xca,0x55,0xca,0x55,0xd2,0x55,0xca,
0x9d,0x35,0xbd,0x35,0x9d,0x2d,0xbd,0x35,0x9d,0x35,0xbd,0x35,0x9d,0x2d,0xbd,0x35,0x9d,0x35,0xbd,0x35,0xbd,0x2d,0xbd,0x35,0xbd,0x35,0xbd,0x35,0xbd,0x2d,0xbd,0x35,
0xbd,0x2d,0xbd,0x35,0xbd,0x2d,0xbd,0x35,0xbd,0x2d,0xbd,0x35,0xbd,0x2d,0xdd,0x35,0xbd,0x2d,0xdd,0x35,0xbd,0x2d,0xdd,0x35,0xbd,0x2d,0xdd,0x35,0xbd,0x2d,0xdd,0x35,
0xdd,0x2d,0xdd,0x35,0xdd,0x2d,0xdd,0x35,0xdd,0x2d,0xdd,0x35,0xdd,0x2d,0xfd,0x2d,0xdd,0x2d,0xfd,0x35,0xdd,0x2d,0xfd,0x2d,0xdd,0x2d,0xfd,0x2d,0xfd,0x2d,0xfd,0x2d,
0xfd,0x2d,0xfd,0x2d,0xfd,0x2d,0x1d,0x2e,0xfd,0x2d,0x1d,0x2e,0x1d,0x2e,0x1d,0x2e,0x1d,0x2e,0x1d,0x2e,0x1d,0x26,0x3d,0x2e,0x1d,0x26,0x3d,0x2e,0x3d,0x26,0x5d,0x2e,
0x3d,0x26,0x5d,0x2e,0x5d,0x26,0x5d,0x26,0x5d,0x26,0x7d,0x26,0x7d,0x26,0x9d,0x26,0x7d,0x1e,0x9d,0x26,0x9d,0x1e,0x9d,0x26,0x9d,0x1e,0x9d,0x26,0x9d,0x1e,0x9d,0x26,
0x9d,0x1e,0x9d,0x26,0x9d,0x1e,0x9d,0x26,0x9d,0x1e,0x9d,0x26,0x9d,0x1e,0x9d,0x26,0x9d,0x1e,0x9d,0x26,0x9d,0x1e,0x9d,0x26,0xeb,0xf1,0xeb,0xf1,0xeb,0xf1,0xeb,0xf1,
0xeb,0xf1,0xeb,0xf1,0xeb,0xf1,0xeb,0xf1,0xeb,0xf1,0xeb,0xf1,0xeb,0xf1,0xeb,0xf1,0xeb,0xf1,0xeb,0xf1,0xeb,0xf1,0xeb,0xf1,0xeb,0xf1,0xeb,0xf1,0xeb,0xf1,0xec,0xf1,
0xec,0xe9,0x0d,0xf2,0xec,0xe9,0x0d,0xea,0xed,0xe9,0x0e,0xea,0x0e,0xe2,0x0e,0xe2,0x0e,0xe2,0x0f,0xe2,0x0f,0xe2,0x0f,0xe2,0x0f,0xda,0x30,0xe2,0x10,0xda,0x30,0xe2,
0x10,0xda,0x31,0xda,0x10,0xda,0x31,0xda,0x11,0xda,0x31,0xda,0x11,0xd2,0x31,0xda,0x31,0xd2,0x32,0xda,0x31,0xd2,0x32,0xda,0x32,0xd2,0x32,0xda,0x32,0xd2,0x32,0xd2,
0x32,0xd2,0x33,0xd2,0x32,0xd2,0x33,0xd2,0x32,0xd2,0x33,0xd2,0x33,0xd2,0x53,0xd2,0x33,0xd2,0x53,0xd2,0x33,0xca,0x53,0xd2,0x33,0xd2,0x54,0xd2,0x33,0xca,0x54,0xd2,
0x33,0xca,0x54,0xd2,0x33,0xca,0x54,0xd2,0x34,0xca,0x54,0xd2,0x34,0xca,0x54,0xd2,0x34,0xca,0x54,0xd2,0x34,0xca,0x54,0xd2,0x34,0xca,0x55,0xd2,0x34,0xca,0x54,0xca,
0x34,0xca,0x55,0xd2,0x34,0xca,0x55,0xca,0x34,0xca,0x55,0xca,0x34,0xca,0x55,0xca,0xbe,0x35,0xbd,0x35,0xbe,0x35,0xbd,0x35,0xbe,0x35,0xbd,0x35,0xbe,0x35,0xbd,0x35,
0xbe,0x35,0xbd,0x35,0xbe,0x35,0xbd,0x35,0xbe,0x35,0xbd,0x35,0xde,0x35,0xbd,0x35,0xde,0x35,0xbd,0x35,0xde,0x35,0xbd,0x35,0xde,0x35,0xbd,0x35,0xde,0x35,0xbd,0x2d,
0xde,0x35,0xdd,0x35,0xde,0x35,0xdd,0x2d,0xde,0x35,0xdd,0x2d,0xde,0x35,0xdd,0x2d,0xde,0x35,0xdd,0x2d,0xfe,0x35,0xdd,0x2d,0xfe,0x35,0xdd,0x2d,0xfe,0x35,0xdd,0x2d,
0xfe,0x35,0xfd,0x2d,0xfe,0x35,0xfd,0x2d,0xfe,0x35,0xfd,0x2d,0x1e,0x2e,0xfd,0x2d,0x1e,0x36,0xfd,0x2d,0x1e,0x2e,0x1d,0x2e,0x1e,0x2e,0x1d,0x2e,0x3e,0x2e,0x1d,0x2e,
0x3e,0x2e,0x3d,0x2e,0x3e,0x2e,0x3d,0x26,0x5e,0x2e,0x3d,0x26,0x5e,0x2e,0x5d,0x26,0x5e,0x2e,0x5d,0x26,0x7e,0x2e,0x7d,0x26,0x7e,0x26,0x7d,0x26,0x9e,0x26,0x9d,0x26,
0xbe,0x26,0x9d,0x26,0xbe,0x26,0x9d,0x26,0xbe,0x26,0x9d,0x26,0xbe,0x26,0x9d,0x26,0xbe,0x26,0x9d,0x26,0xbe,0x26,0x9d,0x26,0xbe,0x26,0x9d,0x26,0xbe,0x26,0x9d,0x26,
0xbe,0x26,0x9d,0x26,0xbe,0x26,0x9d,0x26,0x0c,0xf2,0xeb,0xf1,0x0c,0xf2,0xeb,0xf1,0x0c,0xf2,0xeb,0xf1,0x0c,0xf2,0xeb,0xf1,0x0c,0xf2,0xeb,0xf1,0x0c,0xf2,0xeb,0xf1,
0x0c,0xf2,0xeb,0xf1,0x0c,0xf2,0xeb,0xf1,0x0c,0xf2,0xeb,0xf1,0x0c,0xf2,0xeb,0xf1,0x0c,0xf2,0xec,0xe9,0x0d,0xf2,0xed,0xe9,0x0d,0xea,0x0d,0xea,0x0e,0xea,0x0e,0xe2,
0x0f,0xea,0x0e,0xe2,0x2f,0xea,0x0f,0xe2,0x30,0xe2,0x0f,0xe2,0x30,0xe2,0x10,0xda,0x30,0xe2,0x10,0xda,0x31,0xe2,0x30,0xda,0x31,0xe2,0x31,0xda,0x31,0xda,0x31,0xda,
0x32,0xda,0x31,0xda,0x32,0xda,0x31,0xda,0x32,0xda,0x32,0xda,0x32,0xda,0x32,0xd2,0x53,0xda,0x32,0xd2,0x53,0xda,0x32,0xd2,0x53,0xda,0x33,0xd2,0x53,0xda,0x33,0xd2,
0x53,0xda,0x33,0xd2,0x53,0xd2,0x33,0xd2,0x54,0xd2,0x33,0xd2,0x54,0xd2,0x33,0xd2,0x54,0xd2,0x33,0xd2,0x54,0xd2,0x33,0xd2,0x54,0xd2,0x34,0xd2,0x54,0xd2,0x34,0xca,
0x54,0xd2,0x54,0xd2,0x54,0xd2,0x54,0xca,0x55,0xd2,0x54,0xca,0x54,0xd2,0x54,0xca,0x55,0xd2,0x54,0xca,0x55,0xd2,0x54,0xca,0x55,0xd2,0x54,0xca,0x55,0xd2,0x54,0xca,
0x9d,0x2d,0xbd,0x35,0xbd,0x35,0xbd,0x35,0xbd,0x2d,0xbd,0x35,0xbd,0x2d,0xbd,0x35,0xbd,0x2d,0xbd,0x35,0xbd,0x2d,0xbd,0x35,0xbd,0x2d,0xbd,0x35,0xbd,0x2d,0xdd,0x35,
0xbd,0x2d,0xdd,0x35,0xbd,0x2d,0xdd,0x35,0xbd,0x2d,0xdd,0x35,0xbd,0x2d,0xdd,0x35,0xbd,0x2d,0xdd,0x35,0xdd,0x2d,0xdd,0x35,0xdd,0x2d,0xdd,0x35,0xdd,0x2d,0xdd,0x35,
0xdd,0x2d,0xdd,0x2d,0xdd,0x2d,0xfd,0x35,0xdd,0x2d,0xfd,0x2d,0xdd,0x2d,0xfd,0x2d,0xfd,0x2d,0xfd,0x2d,0xfd,0x2d,0xfd,0x2d,0xfd,0x2d,0xfd,0x2d,0xfd,0x2d,0x1d,0x2e,
0xfd,0x2d,0x1d,0x2e,0x1d,0x2e,0x1d,0x2e,0x1d,0x26,0x1d,0x2e,0x1d,0x26,0x3d,0x2e,0x1d,0x26,0x3d,0x2e,0x3d,0x26,0x3d,0x2e,0x3d,0x26,0x5d,0x26,0x3d,0x26,0x5d,0x26,
0x5d,0x26,0x7d,0x26,0x5d,0x26,0x7d,0x26,0x7d,0x26,0x9d,0x26,0x7d,0x1e,0x9d,0x26,0x9d,0x1e,0x9d,0x26,0x9d,0x1e,0x9d,0x26,0x9d,0x1e,0x9d,0x26,0x9d,0x1e,0x9d,0x26,
0x9d,0x1e,0x9d,0x26,0x9d,0x1e,0x9d,0x26,0x9d,0x1e,0x9d,0x26,0x9d,0x1e,0x9d,0x26,0x9d,0x1e,0x9d,0x26,0x9d,0x1e,0x9d,0x26,0xeb,0xf1,0xeb,0xf1,0xeb,0xf1,0xeb,0xf1,
0xeb,0xf1,0xeb,0xf1,0xeb,0xf1,0xeb,0xf1,0xeb,0xf1,0xeb,0xf1,0xeb,0xf1,0xeb,0xf1,0xeb,0xf1,0xeb,0xf1,0xeb,0xf1,0xeb,0xf1,0xeb,0xf1,0xeb,0xf1,0xeb,0xf1,0xeb,0xf1,
0xeb,0xf1,0xec,0xf1,0xec,0xe9,0x0c,0xf2,0xec,0xe9,0x0d,0xea,0xed,0xe9,0x0e,0xea,0x0d,0xe2,0x0e,0xea,0x0e,0xe2,0x0f,0xe2,0x0e,0xe2,0x0f,0xe2,0x0f,0xe2,0x10,0xe2,
0x0f,0xda,0x30,0xe2,0x10,0xda,0x30,0xe2,0x10,0xda,0x31,0xda,0x10,0xda,0x31,0xda,0x10,0xda,0x31,0xda,0x11,0xda,0x32,0xda,0x31,0xd2,0x32,0xda,0x31,0xd2,0x32,0xda,
0x31,0xd2,0x32,0xda,0x32,0xd2,0x32,0xda,0x32,0xd2,0x32,0xd2,0x32,0xd2,0x33,0xd2,0x32,0xd2,0x33,0xd2,0x32,0xd2,0x33,0xd2,0x33,0xd2,0x53,0xd2,0x33,0xd2,0x53,0xd2,
0x33,0xd2,0x53,0xd2,0x33,0xd2,0x54,0xd2,0x33,0xca,0x54,0xd2,0x33,0xca,0x54,0xd2,0x33,0xca,0x54,0xd2,0x33,0xca,0x54,0xd2,0x33,0xca,0x54,0xd2,0x34,0xca,0x54,0xd2,
0x34,0xca,0x54,0xd2,0x34,0xca,0x54,0xd2,0x34,0xca,0x54,0xca,0x34,0xca,0x55,0xd2,0xbe,0x35,0xbd,0x35,0xbe,0x35,0xbd,0x35,0xde,0x35,0xbd,0x35,0xde,0x35,0xbd,0x35,
0xde,0x35,0xbd,0x35,0xde,0x35,0xbd,0x35,0xde,0x35,0xbd,0x2d,0xde,0x35,0xbd,0x35,0xde,0x35,0xdd,0x2d,0xde,0x35,0xdd,0x35,0xde,0x35,0xdd,0x2d,0xde,0x35,0xdd,0x2d,
0xde,0x35,0xdd,0x2d,0xde,0x35,0xdd,0x2d,0xfe,0x35,0xdd,0x2d,0xfe,0x35,0xdd,0x2d,0xfe,0x35,0xdd,0x2d,0xfe,0x35,0xfd,0x2d,0xfe,0x35,0xfd,0x2d,0xfe,0x35,0xfd,0x2d,
0xfe,0x2d,0xfd,0x2d,0x1e,0x36,0xfd,0x2d,0x1e,0x2e,0xfd,0x2d,0x1e,0x2e,0x1d,0x2e,0x1e,0x2e,0x1d,0x2e,0x3e,0x2e,0x1d,0x2e,0x3e,0x2e,0x1d,0x2e,0x3e,0x2e,0x3d,0x2e,
0x3e,0x2e,0x3d,0x26,0x5e,0x2e,0x3d,0x26,0x5e,0x2e,0x5d,0x26,0x7e,0x2e,0x5d,0x26,0x7e,0x26,0x7d,0x26,0x7e,0x26,0x7d,0x26,0x9e,0x26,0x9d,0x26,0xbe,0x26,0x9d,0x26,
0xbe,0x26,0x9d,0x26,0xbe,0x26,0x9d,0x26,0xbe,0x26,0x9d,0x26,0xbe,0x26,0x9d,0x26,0xbe,0x26,0x9d,0x26,0xbe,0x26,0x9d,0x26,0xbe,0x26,0x9d,0x26,0xbe,0x26,0x9d,0x26,
0xbe,0x26,0x9d,0x26,0xbe,0x26,0x9d,0x26,0x0c,0xf2,0xeb,0xf1,0x0c,0xf2,0xeb,0xf1,0x0c,0xf2,0xeb,0xf1,0x0c,0xf2,0xeb,0xf1,0x0c,0xf2,0xeb,0xf1,0x0c,0xf2,0xeb,0xf1,
0x0c,0xf2,0xeb,0xf1,0x0c,0xf2,0xeb,0xf1,0x0c,0xf2,0xeb,0xf1,0x0c,0xf2,0xeb,0xf1,0x0c,0xf2,0xeb,0xf1,0x0c,0xf2,0xec,0xf1,0x0d,0xf2,0xec,0xe9,0x0d,0xf2,0x0d,0xea,
0x0e,0xea,0x0e,0xe2,0x0e,0xea,0x0e,0xe2,0x0f,0xea,0x0e,0xe2,0x2f,0xea,0x0f,0xe2,0x30,0xe2,0x0f,0xe2,0x30,0xe2,0x10,0xe2,0x30,0xe2,0x10,0xda,0x31,0xe2,0x30,0xda,
0x31,0xe2,0x31,0xda,0x31,0xe2,0x31,0xda,0x31,0xda,0x31,0xda,0x32,0xda,0x31,0xda,0x32,0xda,0x32,0xd2,0x32,0xda,0x32,0xda,0x32,0xda,0x32,0xd2,0x53,0xda,0x32,0xd2,
0x53,0xda,0x32,0xd2,0x53,0xda,0x33,0xd2,0x53,0xda,0x33,0xd2,0x53,0xda,0x33,0xd2,0x53,0xd2,0x33,0xd2,0x54,0xd2,0x33,0xd2,0x54,0xd2,0x33,0xd2,0x54,0xd2,0x33,0xd2,
0x54,0xd2,0x33,0xd2,0x54,0xd2,0x34,0xd2,0x54,0xd2,0x34,0xca,0x54,0xd2,0x34,0xd2,0x54,0xd2,0x54,0xca,0x54,0xd2,0x54,0xca,0x54,0xd2,0x54,0xca,0x55,0xd2,0x54,0xca,
0xbd,0x2d,0xbd,0x35,0xbd,0x2d,0xbd,0x35,0xbd,0x2d,0xbd,0x35,0xbd,0x2d,0xdd,0x35,0xbd,0x2d,0xdd,0x35,0xbd,0x2d,0xdd,0x35,0xbd,0x2d,0xdd,0x35,0xbd,0x2d,0xdd,0x35,
0xbd,0x2d,0xdd,0x35,0xbd,0x2d,0xdd,0x35,0xdd,0x2d,0xdd,0x35,0xdd,0x2d,0xdd,0x35,0xdd,0x2d,0xdd,0x35,0xdd,0x2d,0xdd,0x2d,0xdd,0x2d,0xfd,0x35,0xdd,0x2d,0xfd,0x2d,
0xdd,0x2d,0xfd,0x2d,0xdd,0x2d,0xfd,0x2d,0xfd,0x2d,0xfd,0x2d,0xfd,0x2d,0xfd,0x2d,0xfd,0x2d,0x1d,0x2e,0xfd,0x2d,0x1d,0x2e,0xfd,0x2d,0x1d,0x2e,0x1d,0x26,0x1d,0x2e,
0x1d,0x2e,0x1d,0x2e,0x1d,0x26,0x3d,0x2e,0x1d,0x26,0x3d,0x2e,0x3d,0x26,0x3d,0x2e,0x3d,0x26,0x5d,0x2e,0x3d,0x26,0x5d,0x26,0x5d,0x26,0x5d,0x26,0x5d,0x26,0x7d,0x26,
0x5d,0x26,0x7d,0x26,0x7d,0x1e,0x9d,0x26,0x7d,0x1e,0x9d,0x26,0x9d,0x1e,0x9d,0x26,0x9d,0x1e,0x9d,0x26,0x9d,0x1e,0x9d,0x26,0x9d,0x1e,0x9d,0x26,0x9d,0x1e,0x9d,0x26,
0x9d,0x1e,0x9d,0x26,0x9d,0x1e,0x9d,0x26,0x9d,0x1e,0x9d,0x26,0x9d,0x1e,0x9d,0x26,0x9d,0x1e,0x9d,0x26,0x9d,0x1e,0x9d,0x26,0xeb,0xf1,0xeb,0xf1,0xeb,0xf1,0xeb,0xf1,
0xeb,0xf1,0xeb,0xf1,0xeb,0xf1,0xeb,0xf1,0xeb,0xf1,0xeb,0xf1,0xeb,0xf1,0xeb,0xf1,0xeb,0xf1,0xeb,0xf1,0xeb,0xf1,0xeb,0xf1,0xeb,0xf1,0xeb,0xf1,0xeb,0xf1,0xeb,0xf1,
0xeb,0xf1,0xeb,0xf1,0xeb,0xf1,0xec,0xf1,0xec,0xe9,0x0c,0xf2,0xec,0xe9,0x0d,0xea,0xed,0xe9,0x0e,0xea,0xed,0xe1,0x0e,0xea,0x0e,0xe2,0x0f,0xea,0x0e,0xe2,0x0f,0xe2,
0x0f,0xe2,0x0f,0xe2,0x0f,0xda,0x10,0xe2,0x0f,0xda,0x30,0xe2,0x10,0xda,0x30,0xe2,0x10,0xda,0x31,0xda,0x10,0xda,0x31,0xda,0x11,0xda,0x31,0xda,0x11,0xda,0x31,0xda,
0x31,0xda,0x32,0xda,0x31,0xd2,0x32,0xda,0x31,0xd2,0x32,0xda,0x32,0xd2,0x32,0xda,0x32,0xd2,0x32,0xda,0x32,0xd2,0x32,0xd2,0x32,0xd2,0x33,0xd2,0x32,0xd2,0x33,0xd2,
0x32,0xd2,0x33,0xd2,0x32,0xd2,0x33,0xd2,0x33,0xd2,0x53,0xd2,0x33,0xd2,0x53,0xd2,0x33,0xd2,0x54,0xd2,0x33,0xca,0x54,0xd2,0x33,0xca,0x54,0xd2,0x33,0xca,0x54,0xd2,
0x33,0xca,0x54,0xd2,0x33,0xca,0x54,0xd2,0x34,0xca,0x54,0xd2,0x34,0xca,0x54,0xd2,0xde,0x35,0xbd,0x35,0xde,0x35,0xbd,0x35,0xde,0x35,0xbd,0x35,0xde,0x35,0xbd,0x2d,
0xde,0x35,0xbd,0x35,0xde,0x35,0xdd,0x2d,0xde,0x35,0xdd,0x35,0xde,0x35,0xdd,0x2d,0xde,0x35,0xdd,0x2d,0xde,0x35,0xdd,0x2d,0xde,0x35,0xdd,0x2d,0xfe,0x35,0xdd,0x2d,
0xfe,0x35,0xdd,0x2d,0xfe,0x35,0xdd,0x2d,0xfe,0x35,0xfd,0x2d,0xfe,0x35,0xfd,0x2d,0xfe,0x35,0xfd,0x2d,0xfe,0x35,0xfd,0x2d,0x1e,0x36,0xfd,0x2d,0x1e,0x2e,0xfd,0x2d,
0x1e,0x2e,0x1d,0x2e,0x1e,0x2e,0x1d,0x2e,0x1e,0x2e,0x1d,0x2e,0x3e,0x2e,0x1d,0x2e,0x3e,0x2e,0x1d,0x2e,0x3e,0x2e,0x3d,0x26,0x3e,0x2e,0x3d,0x2e,0x5e,0x2e,0x3d,0x26,
0x5e,0x2e,0x5d,0x26,0x5e,0x2e,0x5d,0x26,0x7e,0x2e,0x5d,0x26,0x7e,0x26,0x7d,0x26,0x7e,0x26,0x7d,0x26,0x9e,0x26,0x9d,0x26,0xbe,0x26,0x9d,0x26,0xbe,0x26,0x9d,0x26,
0xbe,0x26,0x9d,0x26,0xbe,0x26,0x9d,0x26,0xbe,0x26,0x9d,0x26,0xbe,0x26,0x9d,0x26,0xbe,0x26,0x9d,0x26,0xbe,0x26,0x9d,0x26,0xbe,0x26,0x9d,0x26,0xbe,0x26,0x9d,0x26,
0xbe,0x26,0x9d,0x26,0xbe,0x26,0x9d,0x26,0x0c,0xf2,0xeb,0xf1,0x0c,0xf2,0xeb,0xf1,0x0c,0xf2,0xeb,0xf1,0x0c,0xf2,0xeb,0xf1,0x0c,0xf2,0xeb,0xf1,0x0c,0xf2,0xeb,0xf1,
0x0c,0xf2,0xeb,0xf1,0x0c,0xf2,0xeb,0xf1,0x0c,0xf2,0xeb,0xf1,0x0c,0xf2,0xeb,0xf1,0x0c,0xf2,0xeb,0xf1,0x0c,0xf2,0xeb,0xf1,0x0c,0xf2,0xec,0xf1,0x0c,0xf2,0xec,0xe9,
0x0d,0xf2,0x0d,0xea,0x0e,0xea,0x0d,0xea,0x0e,0xea,0x0e,0xe2,0x0f,0xea,0x0e,0xe2,0x0f,0xea,0x0f,0xe2,0x2f,0xe2,0x0f,0xe2,0x30,0xe2,0x10,0xe2,0x30,0xe2,0x10,0xda,
0x30,0xe2,0x10,0xda,0x31,0xe2,0x30,0xda,0x31,0xe2,0x31,0xda,0x31,0xda,0x31,0xda,0x32,0xda,0x31,0xda,0x32,0xda,0x31,0xda,0x32,0xda,0x32,0xda,0x32,0xda,0x32,0xd2,
0x32,0xda,0x32,0xd2,0x32,0xda,0x32,0xd2,0x53,0xda,0x32,0xd2,0x53,0xda,0x32,0xd2,0x53,0xda,0x33,0xd2,0x53,0xda,0x33,0xd2,0x53,0xda,0x33,0xd2,0x53,0xd2,0x33,0xd2,
0x54,0xd2,0x33,0xd2,0x54,0xd2,0x33,0xd2,0x54,0xd2,0x33,0xd2,0x54,0xd2,0x33,0xd2,0x54,0xd2,0x34,0xd2,0x54,0xd2,0x33,0xd2,0x54,0xd2,0x34,0xd2,0x54,0xd2,0x34,0xca,
0xbd,0x2d,0xdd,0x35,0xbd,0x2d,0xdd,0x35,0xbd,0x2d,0xdd,0x35,0xbd,0x2d,0xdd,0x35,0xbd,0x2d,0xdd,0x35,0xbd,0x2d,0xdd,0x35,0xbd,0x2d,0xdd,0x35,0xdd,0x2d,0xdd,0x35,
0xdd,0x2d,0xdd,0x35,0xdd,0x2d,0xdd,0x35,0xdd,0x2d,0xdd,0x2d,0xdd,0x2d,0xfd,0x35,0xdd,0x2d,0xfd,0x2d,0xdd,0x2d,0xfd,0x2d,0xdd,0x2d,0xfd,0x2d,0xfd,0x2d,0xfd,0x2d,
0xfd,0x2d,0xfd,0x2d,0xfd,0x2d,0xfd,0x2d,0xfd,0x2d,0x1d,0x2e,0xfd,0x2d,0x1d,0x2e,0xfd,0x2d,0x1d,0x2e,0x1d,0x2e,0x1d,0x2e,0x1d,0x26,0x1d,0x2e,0x1d,0x26,0x3d,0x2e,
0x1d,0x26,0x3d,0x2e,0x3d,0x26,0x3d,0x2e,0x3d,0x26,0x3d,0x2e,0x3d,0x26,0x5d,0x2e,0x3d,0x26,0x5d,0x26,0x5d,0x26,0x5d,0x26,0x5d,0x26,0x7d,0x26,0x7d,0x26,0x7d,0x26,
0x7d,0x1e,0x9d,0x26,0x7d,0x1e,0x9d,0x26,0x9d,0x1e,0x9d,0x26,0x9d,0x1e,0x9d,0x26,0x9d,0x1e,0x9d,0x26,0x9d,0x1e,0x9d,0x26,0x9d,0x1e,0x9d,0x26,0x9d,0x1e,0x9d,0x26,
0x9d,0x1e,0x9d,0x26,0x9d,0x1e,0x9d,0x26,0x9d,0x1e,0x9d,0x26,0x9d,0x1e,0x9d,0x26,0x9d,0x1e,0x9d,0x26,0x9d,0x1e,0x9d,0x26,0xeb,0xf1,0xeb,0xf1,0xeb,0xf1,0xeb,0xf1,
0xeb,0xf1,0xeb,0xf1,0xeb,0xf1,0xeb,0xf1,0xeb,0xf1,0xeb,0xf1,0xeb,0xf1,0xeb,0xf1,0xeb,0xf1,0xeb,0xf1,0xeb,0xf1,0xeb,0xf1,0xeb,0xf1,0xeb,0xf1,0xeb,0xf1,0xeb,0xf1,
0xeb,0xf1,0xeb,0xf1,0xeb,0xf1,0xeb,0xf1,0xeb,0xf1,0xec,0xf1,0xec,0xe9,0x0c,0xf2,0xec,0xe9,0x0d,0xea,0xed,0xe9,0x0d,0xea,0xed,0xe1,0x0e,0xea,0x0e,0xe2,0x0e,0xea,
0x0e,0xe2,0x0f,0xe2,0x0e,0xe2,0x0f,0xe2,0x0f,0xe2,0x0f,0xe2,0x0f,0xe2,0x30,0xe2,0x0f,0xda,0x30,0xe2,0x10,0xda,0x30,0xe2,0x10,0xda,0x31,0xda,0x10,0xda,0x31,0xda,
0x10,0xda,0x31,0xda,0x11,0xda,0x31,0xda,0x31,0xd2,0x31,0xda,0x31,0xd2,0x32,0xda,0x31,0xd2,0x32,0xda,0x32,0xd2,0x32,0xda,0x32,0xd2,0x32,0xda,0x32,0xd2,0x32,0xda,
0x32,0xd2,0x32,0xd2,0x32,0xd2,0x33,0xd2,0x32,0xd2,0x33,0xd2,0x32,0xd2,0x33,0xd2,0x32,0xd2,0x33,0xd2,0x33,0xd2,0x53,0xd2,0x33,0xd2,0x53,0xd2,0x33,0xd2,0x53,0xd2,
0x33,0xca,0x53,0xd2,0x33,0xd2,0x54,0xd2,0x33,0xca,0x54,0xd2,0x33,0xca,0x54,0xd2,0xde,0x35,0xbd,0x2d,0xde,0x35,0xdd,0x35,0xde,0x35,0xdd,0x2d,0xde,0x35,0xdd,0x35,
0xde,0x35,0xdd,0x2d,0xde,0x35,0xdd,0x2d,0xde,0x35,0xdd,0x2d,0xde,0x35,0xdd,0x2d,0xfe,0x35,0xdd,0x2d,0xfe,0x35,0xdd,0x2d,0xfe,0x35,0xdd,0x2d,0xfe,0x35,0xdd,0x2d,
0xfe,0x35,0xfd,0x2d,0xfe,0x35,0xfd,0x2d,0xfe,0x35,0xfd,0x2d,0xfe,0x35,0xfd,0x2d,0x1e,0x2e,0xfd,0x2d,0x1e,0x36,0xfd,0x2d,0x1e,0x2e,0x1d,0x2e,0x1e,0x2e,0x1d,0x2e,
0x1e,0x2e,0x1d,0x2e,0x3e,0x2e,0x1d,0x2e,0x3e,0x2e,0x1d,0x2e,0x3e,0x2e,0x3d,0x2e,0x3e,0x2e,0x3d,0x26,0x3e,0x2e,0x3d,0x26,0x5e,0x2e,0x3d,0x26,0x5e,0x2e,0x5d,0x26,
0x5e,0x2e,0x5d,0x26,0x7e,0x2e,0x5d,0x26,0x7e,0x26,0x7d,0x26,0x9e,0x26,0x7d,0x26,0x9e,0x26,0x9d,0x26,0xbe,0x26,0x9d,0x26,0xbe,0x26,0x9d,0x26,0xbe,0x26,0x9d,0x26,
0xbe,0x26,0x9d,0x26,0xbe,0x26,0x9d,0x26,0xbe,0x26,0x9d,0x26,0xbe,0x26,0x9d,0x26,0xbe,0x26,0x9d,0x26,0xbe,0x26,0x9d,0x26,0xbe,0x26,0x9d,0x26,0xbe,0x26,0x9d,0x26,
0xbe,0x26,0x9d,0x26,0xbe,0x26,0x9d,0x26,0x0c,0xf2,0xeb,0xf1,0x0c,0xf2,0xeb,0xf1,0x0c,0xf2,0xeb,0xf1,0x0c,0xf2,0xeb,0xf1,0x0c,0xf2,0xeb,0xf1,0x0c,0xf2,0xeb,0xf1,
0x0c,0xf2,0xeb,0xf1,0x0c,0xf2,0xeb,0xf1,0x0c,0xf2,0xeb,0xf1,0x0c,0xf2,0xeb,0xf1,0x0c,0xf2,0xeb,0xf1,0x0c,0xf2,0xeb,0xf1,0x0c,0xf2,0xeb,0xf1,0x0c,0xf2,0xec,0xf1,
0x0c,0xf2,0xec,0xe9,0x0d,0xf2,0xed,0xe9,0x0d,0xea,0x0d,0xea,0x0e,0xea,0x0e,0xea,0x0e,0xea,0x0e,0xe2,0x0f,0xea,0x0f,0xe2,0x2f,0xe2,0x0f,0xe2,0x30,0xe2,0x0f,0xe2,
0x30,0xe2,0x0f,0xe2,0x30,0xe2,0x10,0xe2,0x30,0xe2,0x10,0xda,0x31,0xe2,0x30,0xda,0x31,0xe2,0x31,0xda,0x31,0xe2,0x31,0xda,0x31,0xda,0x31,0xda,0x32,0xda,0x31,0xda,
0x32,0xda,0x31,0xda,0x32,0xda,0x32,0xda,0x32,0xda,0x32,0xd2,0x32,0xda,0x32,0xd2,0x52,0xda,0x32,0xd2,0x53,0xda,0x32,0xd2,0x53,0xda,0x32,0xd2,0x53,0xda,0x33,0xd2,
0x53,0xda,0x33,0xd2,0x53,0xda,0x33,0xd2,0x53,0xd2,0x33,0xd2,0x54,0xd2,0x33,0xd2,0x53,0xd2,0x33,0xd2,0x54,0xd2,0x33,0xd2,0x54,0xd2,0x33,0xd2,0x54,0xd2,0x33,0xd2,
0xbd,0x2d,0xdd,0x35,0xbd,0x2d,0xdd,0x35,0xbd,0x2d,0xdd,0x35,0xdd,0x2d,0xdd,0x35,0xdd,0x2d,0xdd,0x35,0xdd,0x2d,0xdd,0x35,0xdd,0x2d,0xdd,0x35,0xdd,0x2d,0xdd,0x2d,
0xdd,0x2d,0xfd,0x35,0xdd,0x2d,0xfd,0x2d,0xdd,0x2d,0xfd,0x35,0xdd,0x2d,0xfd,0x2d,0xdd,0x2d,0xfd,0x2d,0xfd,0x2d,0xfd,0x2d,0xfd,0x2d,0xfd,0x2d,0xfd,0x2d,0xfd,0x2d,
0xfd,0x2d,0x1d,0x2e,0xfd,0x2d,0x1d,0x2e,0xfd,0x2d,0x1d,0x2e,0x1d,0x26,0x1d,0x2e,0x1d,0x2e,0x1d,0x2e,0x1d,0x26,0x3d,0x2e,0x1d,0x26,0x3d,0x2e,0x1d,0x26,0x3d,0x2e,
0x3d,0x26,0x3d,0x2e,0x3d,0x26,0x5d,0x2e,0x3d,0x26,0x5d,0x2e,0x5d,0x26,0x5d,0x26,0x5d,0x26,0x7d,0x26,0x5d,0x26,0x7d,0x26,0x7d,0x26,0x7d,0x26,0x7d,0x1e,0x9d,0x26,
0x9d,0x1e,0x9d,0x26,0x9d,0x1e,0x9d,0x26,0x9d,0x1e,0x9d,0x26,0x9d,0x1e,0x9d,0x26,0x9d,0x1e,0x9d,0x26,0x9d,0x1e,0x9d,0x26,0x9d,0x1e,0x9d,0x26,0x9d,0x1e,0x9d,0x26,
0x9d,0x1e,0x9d,0x26,0x9d,0x1e,0x9d,0x26,0x9d,0x1e,0x9d,0x26,0x9d,0x1e,0x9d,0x26,0x9d,0x1e,0x9d,0x26,0x9d,0x1e,0x9d,0x26,0xeb,0xf1,0xeb,0xf1,0xeb,0xf1,0xeb,0xf1,
0xeb,0xf1,0xeb,0xf1,0xeb,0xf1,0xeb,0xf1,0xeb,0xf1,0xeb,0xf1,0xeb,0xf1,0xeb,0xf1,0xeb,0xf1,0xeb,0xf1,0xeb,0xf1,0xeb,0xf1,0xeb,0xf1,0xeb,0xf1,0xeb,0xf1,0xeb,0xf1,
0xeb,0xf1,0xeb,0xf1,0xeb,0xf1,0xeb,0xf1,0xeb,0xf1,0xeb,0xf1,0xeb,0xf1,0xec,0xf1,0xeb,0xe9,0xec,0xf1,0xec,0xe9,0x0d,0xea,0xed,0xe9,0x0d,0xea,0xed,0xe1,0x0e,0xea,
0xed,0xe1,0x0e,0xea,0x0e,0xe2,0x0e,0xe2,0x0e,0xe2,0x0f,0xe2,0x0e,0xe2,0x0f,0xe2,0x0f,0xe2,0x10,0xe2,0x0f,0xda,0x30,0xe2,0x10,0xda,0x30,0xe2,0x10,0xda,0x30,0xda,
0x10,0xda,0x31,0xe2,0x10,0xda,0x31,0xda,0x11,0xda,0x31,0xda,0x11,0xda,0x31,0xda,0x11,0xda,0x32,0xda,0x31,0xd2,0x32,0xda,0x31,0xd2,0x32,0xda,0x31,0xd2,0x32,0xda,
0x32,0xd2,0x32,0xda,0x32,0xd2,0x32,0xda,0x32,0xd2,0x33,0xda,0x32,0xd2,0x33,0xd2,0x32,0xd2,0x33,0xd2,0x32,0xd2,0x33,0xd2,0x32,0xd2,0x33,0xd2,0x32,0xd2,0x33,0xd2,
0x33,0xd2,0x53,0xd2,0x33,0xd2,0x53,0xd2,0x33,0xd2,0x53,0xd2,0x33,0xca,0x53,0xd2,0xde,0x35,0xdd,0x35,0xde,0x35,0xdd,0x2d,0xde,0x35,0xdd,0x2d,0xde,0x35,0xdd,0x2d,
0xde,0x35,0xdd,0x2d,0xfe,0x35,0xdd,0x2d,0xfe,0x35,0xdd,0x2d,0xfe,0x35,0xdd,0x2d,0xfe,0x35,0xdd,0x2d,0xfe,0x35,0xfd,0x2d,0xfe,0x35,0xfd,0x2d,0xfe,0x35,0xfd,0x2d,
0xfe,0x35,0xfd,0x2d,0x1e,0x2e,0xfd,0x2d,0x1e,0x36,0xfd,0x2d,0x1e,0x2e,0xfd,0x2d,0x1e,0x2e,0x1d,0x2e,0x1e,0x2e,0x1d,0x2e,0x1e,0x2e,0x1d,0x2e,0x3e,0x2e,0x1d,0x2e,
0x3e,0x2e,0x1d,0x2e,0x3e,0x2e,0x3d,0x2e,0x3e,0x2e,0x3d,0x2e,0x3e,0x2e,0x3d,0x26,0x5e,0x2e,0x3d,0x26,0x5e,0x2e,0x5d,0x26,0x5e,0x2e,0x5d,0x26,0x7e,0x2e,0x5d,0x26,
0x7e,0x2e,0x7d,0x26,0x7e,0x26,0x7d,0x26,0x9e,0x26,0x7d,0x26,0x9e,0x26,0x9d,0x26,0xbe,0x26,0x9d,0x26,0xbe,0x26,0x9d,0x26,0xbe,0x26,0x9d,0x26,0xbe,0x26,0x9d,0x26,
0xbe,0x26,0x9d,0x26,0xbe,0x26,0x9d,0x26,0xbe,0x26,0x9d,0x26,0xbe,0x26,0x9d,0x26,0xbe,0x26,0x9d,0x26,0xbe,0x26,0x9d,0x26,0xbe,0x26,0x9d,0x26,0xbe,0x26,0x9d,0x26,
0xbe,0x26,0x9d,0x26,0xbe,0x26,0x9d,0x26,0x0c,0xf2,0xeb,0xf1,0x0c,0xf2,0xeb,0xf1,0x0c,0xf2,0xeb,0xf1,0x0c,0xf2,0xeb,0xf1,0x0c,0xf2,0xeb,0xf1,0x0c,0xf2,0xeb,0xf1,
0x0c,0xf2,0xeb,0xf1,0x0c,0xf2,0xeb,0xf1,0x0c,0xf2,0xeb,0xf1,0x0c,0xf2,0xeb,0xf1,0x0c,0xf2,0xeb,0xf1,0x0c,0xf2,0xeb,0xf1,0x0c,0xf2,0xeb,0xf1,0x0c,0xf2,0xeb,0xf1,
0x0c,0xf2,0xec,0xf1,0x0c,0xf2,0xec,0xe9,0x0d,0xf2,0xed,0xe9,0x0d,0xea,0x0d,0xea,0x0e,0xea,0x0e,0xea,0x0e,0xea,0x0e,0xe2,0x0f,0xea,0x0e,0xe2,0x0f,0xea,0x0f,0xe2,
0x2f,0xea,0x0f,0xe2,0x30,0xe2,0x0f,0xe2,0x30,0xe2,0x10,0xe2,0x30,0xe2,0x10,0xda,0x31,0xe2,0x10,0xda,0x31,0xe2,0x30,0xda,0x31,0xe2,0x31,0xda,0x31,0xda,0x31,0xda,
0x31,0xda,0x31,0xda,0x32,0xda,0x31,0xda,0x32,0xda,0x31,0xda,0x32,0xda,0x31,0xda,0x32,0xda,0x32,0xda,0x32,0xda,0x32,0xd2,0x32,0xda,0x32,0xd2,0x53,0xda,0x32,0xd2,
0x53,0xda,0x32,0xd2,0x53,0xda,0x32,0xd2,0x53,0xda,0x33,0xd2,0x53,0xda,0x33,0xd2,0x53,0xda,0x33,0xd2,0x53,0xd2,0x33,0xd2,0x53,0xd2,0x33,0xd2,0x53,0xd2,0x33,0xd2,
0xdd,0x2d,0xdd,0x35,0xdd,0x2d,0xdd,0x35,0xdd,0x2d,0xdd,0x35,0xdd,0x2d,0xdd,0x35,0xdd,0x2d,0xdd,0x2d,0xdd,0x2d,0xfd,0x35,0xdd,0x2d,0xfd,0x2d,0xdd,0x2d,0xfd,0x35,
0xdd,0x2d,0xfd,0x2d,0xdd,0x2d,0xfd,0x2d,0xfd,0x2d,0xfd,0x2d,0xfd,0x2d,0xfd,0x2d,0xfd,0x2d,0xfd,0x2d,0xfd,0x2d,0x1d,0x2e,0xfd,0x2d,0x1d,0x2e,0xfd,0x2d,0x1d,0x2e,
0xfd,0x2d,0x1d,0x2e,0x1d,0x2e,0x1d,0x2e,0x1d,0x26,0x1d,0x2e,0x1d,0x2e,0x3d,0x2e,0x1d,0x26,0x3d,0x2e,0x1d,0x26,0x3d,0x2e,0x3d,0x26,0x3d,0x2e,0x3d,0x26,0x3d,0x2e,
0x3d,0x26,0x5d,0x26,0x3d,0x26,0x5d,0x2e,0x5d,0x26,0x5d,0x26,0x5d,0x26,0x7d,0x26,0x5d,0x26,0x7d,0x26,0x7d,0x26,0x7d,0x26,0x7d,0x1e,0x9d,0x26,0x9d,0x1e,0x9d,0x26,
0x9d,0x1e,0x9d,0x26,0x9d,0x1e,0x9d,0x26,0x9d,0x1e,0x9d,0x26,0x9d,0x1e,0x9d,0x26,0x9d,0x1e,0x9d,0x26,0x9d,0x1e,0x9d,0x26,0x9d,0x1e,0x9d,0x26,0x9d,0x1e,0x9d,0x26,
0x9d,0x1e,0x9d,0x26,0x9d,0x1e,0x9d,0x26,0x9d,0x1e,0x9d,0x26,0x9d,0x1e,0x9d,0x26,0x9d,0x1e,0x9d,0x26,0x9d,0x1e,0x9d,0x26,0xeb,0xf1,0xeb,0xf1,0xeb,0xf1,0xeb,0xf1,
0xeb,0xf1,0xeb,0xf1,0xeb,0xf1,0xeb,0xf1,0xeb,0xf1,0xeb,0xf1,0xeb,0xf1,0xeb,0xf1,0xeb,0xf1,0xeb,0xf1,0xeb,0xf1,0xeb,0xf1,0xeb,0xf1,0xeb,0xf1,0xeb,0xf1,0xeb,0xf1,
0xeb,0xf1,0xeb,0xf1,0xeb,0xf1,0xeb,0xf1,0xeb,0xf1,0xeb,0xf1,0xeb,0xf1,0xeb,0xf1,0xeb,0xf1,0xec,0xf1,0xeb,0xe9,0xec,0xf1,0xec,0xe9,0x0d,0xea,0xec,0xe9,0x0d,0xea,
0xed,0xe9,0x0d,0xea,0xed,0xe1,0x0e,0xea,0x0e,0xe2,0x0e,0xea,0x0e,0xe2,0x0f,0xe2,0x0e,0xe2,0x0f,0xe2,0x0f,0xe2,0x0f,0xe2,0x0f,0xda,0x10,0xe2,0x0f,0xda,0x30,0xe2,
0x0f,0xda,0x30,0xe2,0x10,0xda,0x30,0xe2,0x10,0xda,0x31,0xda,0x10,0xda,0x31,0xda,0x10,0xda,0x31,0xda,0x11,0xda,0x31,0xda,0x11,0xda,0x31,0xda,0x31,0xda,0x32,0xda,
0x31,0xd2,0x32,0xda,0x31,0xd2,0x32,0xda,0x31,0xd2,0x32,0xda,0x32,0xd2,0x32,0xda,0x32,0xd2,0x32,0xda,0x32,0xd2,0x33,0xda,0x32,0xd2,0x33,0xd2,0x32,0xd2,0x33,0xd2,
0x32,0xd2,0x33,0xd2,0x32,0xd2,0x33,0xd2,0x32,0xd2,0x33,0xd2,0x33,0xd2,0x53,0xd2,0xde,0x35,0xdd,0x2d,0xde,0x35,0xdd,0x2d,0xfe,0x35,0xdd,0x2d,0xfe,0x35,0xdd,0x2d,
0xfe,0x35,0xdd,0x2d,0xfe,0x35,0xdd,0x2d,0xfe,0x35,0xfd,0x2d,0xfe,0x35,0xfd,0x2d,0xfe,0x35,0xfd,0x2d,0xfe,0x35,0xfd,0x2d,0xfe,0x35,0xfd,0x2d,0x1e,0x36,0xfd,0x2d,
0x1e,0x2e,0xfd,0x2d,0x1e,0x36,0xfd,0x2d,0x1e,0x2e,0x1d,0x2e,0x1e,0x2e,0x1d,0x2e,0x1e,0x2e,0x1d,0x2e,0x1e,0x2e,0x1d,0x2e,0x3e,0x2e,0x1d,0x2e,0x3e,0x2e,0x1d,0x2e,
0x3e,0x2e,0x3d,0x26,0x3e,0x2e,0x3d,0x2e,0x5e,0x2e,0x3d,0x26,0x5e,0x2e,0x3d,0x26,0x5e,0x2e,0x5d,0x26,0x5e,0x2e,0x5d,0x26,0x7e,0x2e,0x5d,0x26,0x7e,0x2e,0x7d,0x26,
0x7e,0x26,0x7d,0x26,0x9e,0x26,0x7d,0x26,0x9e,0x26,0x9d,0x26,0xbe,0x26,0x9d,0x26,0xbe,0x26,0x9d,0x26,0xbe,0x26,0x9d,0x26,0xbe,0x26,0x9d,0x26,0xbe,0x26,0x9d,0x26,
0xbe,0x26,0x9d,0x26,0xbe,0x26,0x9d,0x26,0xbe,0x26,0x9d,0x26,0xbe,0x26,0x9d,0x26,0xbe,0x26,0x9d,0x26,0xbe,0x26,0x9d,0x26,0xbe,0x26,0x9d,0x26,0xbe,0x26,0x9d,0x26,
0xbe,0x26,0x9d,0x26,0xbe,0x26,0x9d,0x26,0x0c,0xf2,0xeb,0xf1,0x0c,0xf2,0xeb,0xf1,0x0c,0xf2,0xeb,0xf1,0x0c,0xf2,0xeb,0xf1,0x0c,0xf2,0xeb,0xf1,0x0c,0xf2,0xeb,0xf1,
0x0c,0xf2,0xeb,0xf1,0x0c,0xf2,0xeb,0xf1,0x0c,0xf2,0xeb,0xf1,0x0c,0xf2,0xeb,0xf1,0x0c,0xf2,0xeb,0xf1,0x0c,0xf2,0xeb,0xf1,0x0c,0xf2,0xeb,0xf1,0x0c,0xf2,0xeb,0xf1,
0x0c,0xf2,0xeb,0xf1,0x0c,0xf2,0xec,0xf1,0x0c,0xf2,0xec,0xe9,0x0d,0xf2,0xed,0xe9,0x0d,0xea,0x0d,0xea,0x0e,0xea,0x0d,0xea,0x0e,0xea,0x0e,0xe2,0x0f,0xea,0x0e,0xe2,
0x0f,0xea,0x0e,0xe2,0x2f,0xea,0x0f,0xe2,0x2f,0xe2,0x0f,0xe2,0x30,0xe2,0x0f,0xe2,0x30,0xe2,0x10,0xda,0x30,0xe2,0x10,0xda,0x30,0xe2,0x10,0xda,0x31,0xe2,0x30,0xda,
0x31,0xe2,0x30,0xda,0x31,0xe2,0x31,0xda,0x31,0xda,0x31,0xda,0x32,0xda,0x31,0xda,0x32,0xda,0x31,0xda,0x32,0xda,0x32,0xda,0x32,0xda,0x32,0xd2,0x32,0xda,0x32,0xda,
0x32,0xda,0x32,0xd2,0x33,0xda,0x32,0xd2,0x53,0xda,0x32,0xd2,0x53,0xda,0x32,0xd2,0x53,0xda,0x32,0xd2,0x53,0xda,0x33,0xd2,0x53,0xda,0x33,0xd2,0x53,0xda,0x33,0xd2,
0xdd,0x2d,0xdd,0x35,0xdd,0x2d,0xdd,0x2d,0xdd,0x2d,0xfd,0x35,0xdd,0x2d,0xfd,0x2d,0xdd,0x2d,0xfd,0x35,0xdd,0x2d,0xfd,0x2d,0xdd,0x2d,0xfd,0x2d,0xdd,0x2d,0xfd,0x2d,
0xfd,0x2d,0xfd,0x2d,0xfd,0x2d,0xfd,0x2d,0xfd,0x2d,0xfd,0x2d,0xfd,0x2d,0x1d,0x2e,0xfd,0x2d,0x1d,0x2e,0xfd,0x2d,0x1d,0x2e,0xfd,0x2d,0x1d,0x2e,0x1d,0x26,0x1d,0x2e,
0x1d,0x2e,0x1d,0x2e,0x1d,0x26,0x3d,0x2e,0x1d,0x26,0x3d,0x2e,0x1d,0x26,0x3d,0x2e,0x3d,0x26,0x3d,0x2e,0x3d,0x26,0x3d,0x2e,0x3d,0x26,0x5d,0x2e,0x3d,0x26,0x5d,0x26,
0x5d,0x26,0x5d,0x26,0x5d,0x26,0x5d,0x26,0x5d,0x26,0x7d,0x26,0x5d,0x26,0x7d,0x26,0x7d,0x26,0x7d,0x26,0x7d,0x1e,0x9d,0x26,0x9d,0x1e,0x9d,0x26,0x9d,0x1e,0x9d,0x26,
0x9d,0x1e,0x9d,0x26,0x9d,0x1e,0x9d,0x26,0x9d,0x1e,0x9d,0x26,0x9d,0x1e,0x9d,0x26,0x9d,0x1e,0x9d,0x26,0x9d,0x1e,0x9d,0x26,0x9d,0x1e,0x9d,0x26,0x9d,0x1e,0x9d,0x26,
0x9d,0x1e,0x9d,0x26,0x9d,0x1e,0x9d,0x26,0x9d,0x1e,0x9d,0x26,0x9d,0x1e,0x9d,0x26,0x9d,0x1e,0x9d,0x26,0x9d,0x1e,0x9d,0x26,0xeb,0xf1,0xeb,0xf1,0xeb,0xf1,0xeb,0xf1,
0xeb,0xf1,0xeb,0xf1,0xeb,0xf1,0xeb,0xf1,0xeb,0xf1,0xeb,0xf1,0xeb,0xf1,0xeb,0xf1,0xeb,0xf1,0xeb,0xf1,0xeb,0xf1,0xeb,0xf1,0xeb,0xf1,0xeb,0xf1,0xeb,0xf1,0xeb,0xf1,
0xeb,0xf1,0xeb,0xf1,0xeb,0xf1,0xeb,0xf1,0xeb,0xf1,0xeb,0xf1,0xeb,0xf1,0xeb,0xf1,0xeb,0xf1,0xeb,0xf1,0xeb,0xf1,0xec,0xf1,0xeb,0xe9,0xec,0xf1,0xec,0xe9,0x0c,0xea,
0xec,0xe9,0x0d,0xea,0xed,0xe9,0x0d,0xea,0xed,0xe1,0x0e,0xea,0x0d,0xe2,0x0e,0xea,0x0e,0xe2,0x0f,0xea,0x0e,0xe2,0x0f,0xe2,0x0f,0xe2,0x0f,0xe2,0x0f,0xe2,0x0f,0xe2,
0x0f,0xe2,0x10,0xe2,0x0f,0xda,0x30,0xe2,0x10,0xda,0x30,0xe2,0x10,0xda,0x30,0xda,0x10,0xda,0x31,0xe2,0x10,0xda,0x31,0xda,0x10,0xda,0x31,0xda,0x11,0xda,0x31,0xda,
0x11,0xda,0x31,0xda,0x31,0xd2,0x31,0xda,0x31,0xda,0x32,0xda,0x31,0xd2,0x32,0xda,0x31,0xd2,0x32,0xda,0x31,0xd2,0x32,0xda,0x32,0xd2,0x32,0xda,0x32,0xd2,0x32,0xd2,
0x32,0xd2,0x33,0xda,0x32,0xd2,0x33,0xd2,0x32,0xd2,0x33,0xd2,0x32,0xd2,0x33,0xd2,0xfe,0x35,0xdd,0x2d,0xfe,0x35,0xdd,0x2d,0xfe,0x35,0xdd,0x2d,0xfe,0x35,0xdd,0x2d,
0xfe,0x35,0xfd,0x2d,0xfe,0x35,0xfd,0x2d,0xfe,0x35,0xfd,0x2d,0xfe,0x35,0xfd,0x2d,0xfe,0x35,0xfd,0x2d,0x1e,0x2e,0xfd,0x2d,0x1e,0x36,0xfd,0x2d,0x1e,0x2e,0xfd,0x2d,
0x1e,0x2e,0x1d,0x2e,0x1e,0x2e,0x1d,0x2e,0x1e,0x2e,0x1d,0x2e,0x1e,0x2e,0x1d,0x2e,0x3e,0x2e,0x1d,0x2e,0x3e,0x2e,0x1d,0x2e,0x3e,0x2e,0x3d,0x2e,0x3e,0x2e,0x3d,0x26,
0x3e,0x2e,0x3d,0x26,0x5e,0x2e,0x3d,0x26,0x5e,0x2e,0x5d,0x26,0x5e,0x2e,0x5d,0x26,0x5e,0x2e,0x5d,0x26,0x7e,0x2e,0x5d,0x26,0x7e,0x2e,0x7d,0x26,0x7e,0x26,0x7d,0x26,
0x9e,0x26,0x7d,0x26,0x9e,0x26,0x9d,0x26,0xbe,0x26,0x9d,0x26,0xbe,0x26,0x9d,0x26,0xbe,0x26,0x9d,0x26,0xbe,0x26,0x9d,0x26,0xbe,0x26,0x9d,0x26,0xbe,0x26,0x9d,0x26,
0xbe,0x26,0x9d,0x26,0xbe,0x26,0x9d,0x26,0xbe,0x26,0x9d,0x26,0xbe,0x26,0x9d,0x26,0xbe,0x26,0x9d,0x26,0xbe,0x26,0x9d,0x26,0xbe,0x26,0x9d,0x26,0xbe,0x26,0x9d,0x26,
0xbe,0x26,0x9d,0x26,0xbe,0x26,0x9d,0x26,0x0c,0xf2,0xeb,0xf1,0x0c,0xf2,0xeb,0xf1,0x0c,0xf2,0xeb,0xf1,0x0c,0xf2,0xeb,0xf1,0x0c,0xf2,0xeb,0xf1,0x0c,0xf2,0xeb,0xf1,
0x0c,0xf2,0xeb,0xf1,0x0c,0xf2,0xeb,0xf1,0x0c,0xf2,0xeb,0xf1,0x0c,0xf2,0xeb,0xf1,0x0c,0xf2,0xeb,0xf1,0x0c,0xf2,0xeb,0xf1,0x0c,0xf2,0xeb,0xf1,0x0c,0xf2,0xeb,0xf1,
0x0c,0xf2,0xeb,0xf1,0x0c,0xf2,0xeb,0xf1,0x0c,0xf2,0xec,0xf1,0x0c,0xf2,0xec,0xe9,0x0d,0xf2,0xed,0xe9,0x0d,0xea,0x0d,0xea,0x0e,0xea,0x0d,0xea,0x0e,0xea,0x0e,0xe2,
0x0e,0xea,0x0e,0xe2,0x0f,0xea,0x0e,0xe2,0x0f,0xea,0x0f,0xe2,0x2f,0xe2,0x0f,0xe2,0x30,0xe2,0x0f,0xe2,0x30,0xe2,0x0f,0xe2,0x30,0xe2,0x10,0xe2,0x30,0xe2,0x10,0xda,
0x31,0xe2,0x10,0xda,0x31,0xe2,0x30,0xda,0x31,0xe2,0x31,0xda,0x31,0xda,0x31,0xda,0x31,0xe2,0x31,0xda,0x31,0xda,0x31,0xda,0x32,0xda,0x31,0xda,0x32,0xda,0x31,0xda,
0x32,0xda,0x32,0xda,0x32,0xda,0x32,0xd2,0x32,0xda,0x32,0xda,0x32,0xda,0x32,0xd2,0x53,0xda,0x32,0xd2,0x53,0xda,0x32,0xd2,0x53,0xda,0x32,0xd2,0x53,0xda,0x32,0xd2,
0xdd,0x2d,0xfd,0x2d,0xdd,0x2d,0xfd,0x35,0xdd,0x2d,0xfd,0x2d,0xdd,0x2d,0xfd,0x2d,0xdd,0x2d,0xfd,0x2d,0xfd,0x2d,0xfd,0x2d,0xfd,0x2d,0xfd,0x2d,0xfd,0x2d,0xfd,0x2d,
0xfd,0x2d,0xfd,0x2d,0xfd,0x2d,0x1d,0x2e,0xfd,0x2d,0x1d,0x2e,0xfd,0x2d,0x1d,0x2e,0xfd,0x2d,0x1d,0x2e,0x1d,0x2e,0x1d,0x2e,0x1d,0x26,0x1d,0x2e,0x1d,0x2e,0x1d,0x2e,
0x1d,0x26,0x3d,0x2e,0x1d,0x26,0x3d,0x2e,0x1d,0x26,0x3d,0x2e,0x3d,0x26,0x3d,0x2e,0x3d,0x26,0x5d,0x2e,0x3d,0x26,0x5d,0x2e,0x3d,0x26,0x5d,0x26,0x5d,0x26,0x5d,0x26,
0x5d,0x26,0x7d,0x26,0x5d,0x26,0x7d,0x26,0x7d,0x26,0x7d,0x26,0x7d,0x26,0x9d,0x26,0x7d,0x1e,0x9d,0x26,0x9d,0x1e,0x9d,0x26,0x9d,0x1e,0x9d,0x26,0x9d,0x1e,0x9d,0x26,
0x9d,0x1e,0x9d,0x26,0x9d,0x1e,0x9d,0x26,0x9d,0x1e,0x9d,0x26,0x9d,0x1e,0x9d,0x26,0x9d,0x1e,0x9d,0x26,0x9d,0x1e,0x9d,0x26,0x9d,0x1e,0x9d,0x26,0x9d,0x1e,0x9d,0x26,
0x9d,0x1e,0x9d,0x26,0x9d,0x1e,0x9d,0x26,0x9d,0x1e,0x9d,0x26,0x9d,0x1e,0x9d,0x26,0x9d,0x1e,0x9d,0x26,0x9d,0x1e,0x9d,0x26,0xeb,0xf1,0xeb,0xf1,0xeb,0xf1,0xeb,0xf1,
0xeb,0xf1,0xeb,0xf1,0xeb,0xf1,0xeb,0xf1,0xeb,0xf1,0xeb,0xf1,0xeb,0xf1,0xeb,0xf1,0xeb,0xf1,0xeb,0xf1,0xeb,0xf1,0xeb,0xf1,0xeb,0xf1,0xeb,0xf1,0xeb,0xf1,0xeb,0xf1,
0xeb,0xf1,0xeb,0xf1,0xeb,0xf1,0xeb,0xf1,0xeb,0xf1,0xeb,0xf1,0xeb,0xf1,0xeb,0xf1,0xeb,0xf1,0xeb,0xf1,0xeb,0xf1,0xeb,0xf1,0xeb,0xf1,0xeb,0xf1,0xeb,0xe9,0xec,0xf1,
0xec,0xe9,0x0c,0xea,0xec,0xe9,0x0d,0xea,0xed,0xe9,0x0d,0xea,0xed,0xe9,0x0e,0xea,0xed,0xe1,0x0e,0xea,0x0e,0xe2,0x0e,0xea,0x0e,0xe2,0x0f,0xe2,0x0e,0xe2,0x0f,0xe2,
0x0f,0xe2,0x0f,0xe2,0x0f,0xe2,0x10,0xe2,0x0f,0xda,0x30,0xe2,0x0f,0xda,0x30,0xe2,0x0f,0xda,0x30,0xe2,0x10,0xda,0x30,0xe2,0x10,0xda,0x31,0xda,0x10,0xda,0x31,0xda,
0x10,0xda,0x31,0xda,0x11,0xda,0x31,0xda,0x11,0xda,0x31,0xda,0x11,0xda,0x32,0xda,0x31,0xd2,0x32,0xda,0x31,0xd2,0x32,0xda,0x31,0xd2,0x32,0xda,0x32,0xd2,0x32,0xda,
0x32,0xd2,0x32,0xda,0x32,0xd2,0x32,0xda,0x32,0xd2,0x32,0xd2,0x32,0xd2,0x33,0xda,0xfe,0x35,0xdd,0x2d,0xfe,0x35,0xfd,0x2d,0xfe,0x35,0xfd,0x2d,0xfe,0x35,0xfd,0x2d,
0xfe,0x35,0xfd,0x2d,0xfe,0x35,0xfd,0x2d,0x1e,0x2e,0xfd,0x2d,0x1e,0x36,0xfd,0x2d,0x1e,0x2e,0xfd,0x2d,0x1e,0x2e,0xfd,0x2d,0x1e,0x2e,0x1d,0x2e,0x1e,0x2e,0x1d,0x2e,
0x1e,0x2e,0x1d,0x2e,0x1e,0x2e,0x1d,0x2e,0x3e,0x2e,0x1d,0x2e,0x3e,0x2e,0x1d,0x2e,0x3e,0x2e,0x3d,0x2e,0x3e,0x2e,0x3d,0x2e,0x3e,0x2e,0x3d,0x26,0x5e,0x2e,0x3d,0x26,
0x5e,0x2e,0x3d,0x26,0x5e,0x2e,0x5d,0x26,0x5e,0x2e,0x5d,0x26,0x7e,0x2e,0x5d,0x26,0x7e,0x26,0x5d,0x26,0x7e,0x2e,0x7d,0x26,0x7e,0x26,0x7d,0x26,0x9e,0x26,0x7d,0x26,
0x9e,0x26,0x9d,0x26,0xbe,0x26,0x9d,0x26,0xbe,0x26,0x9d,0x26,0xbe,0x26,0x9d,0x26,0xbe,0x26,0x9d,0x26,0xbe,0x26,0x9d,0x26,0xbe,0x26,0x9d,0x26,0xbe,0x26,0x9d,0x26,
0xbe,0x26,0x9d,0x26,0xbe,0x26,0x9d,0x26,0xbe,0x26,0x9d,0x26,0xbe,0x26,0x9d,0x26,0xbe,0x26,0x9d,0x26,0xbe,0x26,0x9d,0x26,0xbe,0x26,0x9d,0x26,0xbe,0x26,0x9d,0x26,
0xbe,0x26,0x9d,0x26,0xbe,0x26,0x9d,0x26,0x0c,0xf2,0xeb,0xf1,0x0c,0xf2,0xeb,0xf1,0x0c,0xf2,0xeb,0xf1,0x0c,0xf2,0xeb,0xf1,0x0c,0xf2,0xeb,0xf1,0x0c,0xf2,0xeb,0xf1,
0x0c,0xf2,0xeb,0xf1,0x0c,0xf2,0xeb,0xf1,0x0c,0xf2,0xeb,0xf1,0x0c,0xf2,0xeb,0xf1,0x0c,0xf2,0xeb,0xf1,0x0c,0xf2,0xeb,0xf1,0x0c,0xf2,0xeb,0xf1,0x0c,0xf2,0xeb,0xf1,
0x0c,0xf2,0xeb,0xf1,0x0c,0xf2,0xeb,0xf1,0x0c,0xf2,0xeb,0xf1,0x0c,0xf2,0xec,0xf1,0x0c,0xf2,0xec,0xe9,0x0d,0xf2,0xec,0xe9,0x0d,0xea,0xed,0xe9,0x0e,0xea,0x0d,0xea,
0x0e,0xea,0x0d,0xea,0x0e,0xea,0x0e,0xe2,0x0e,0xea,0x0e,0xe2,0x0f,0xea,0x0f,0xe2,0x2f,0xe2,0x0f,0xe2,0x2f,0xe2,0x0f,0xe2,0x30,0xe2,0x0f,0xe2,0x30,0xe2,0x10,0xe2,
0x30,0xe2,0x10,0xda,0x30,0xe2,0x10,0xda,0x30,0xe2,0x10,0xda,0x31,0xe2,0x30,0xda,0x31,0xe2,0x30,0xda,0x31,0xe2,0x31,0xda,0x31,0xda,0x31,0xda,0x32,0xda,0x31,0xda,
0x32,0xda,0x31,0xda,0x32,0xda,0x31,0xda,0x32,0xda,0x31,0xda,0x32,0xda,0x32,0xda,0x32,0xda,0x32,0xd2,0x32,0xda,0x32,0xd2,0x32,0xda,0x32,0xd2,0x53,0xda,0x32,0xd2,
0xdd,0x2d,0xfd,0x2d,0xdd,0x2d,0xfd,0x2d,0xdd,0x2d,0xfd,0x2d,0xfd,0x2d,0xfd,0x2d,0xfd,0x2d,0xfd,0x2d,0xfd,0x2d,0xfd,0x2d,0xfd,0x2d,0xfd,0x2d,0xfd,0x2d,0x1d,0x2e,
0xfd,0x2d,0x1d,0x2e,0xfd,0x2d,0x1d,0x2e,0xfd,0x2d,0x1d,0x2e,0x1d,0x26,0x1d,0x2e,0x1d,0x2e,0x1d,0x2e,0x1d,0x26,0x1d,0x2e,0x1d,0x26,0x3d,0x2e,0x1d,0x26,0x3d,0x2e,
0x1d,0x26,0x3d,0x2e,0x3d,0x26,0x3d,0x2e,0x3d,0x26,0x3d,0x2e,0x3d,0x26,0x5d,0x2e,0x3d,0x26,0x5d,0x2e,0x3d,0x26,0x5d,0x26,0x5d,0x26,0x5d,0x26,0x5d,0x26,0x7d,0x26,
0x5d,0x26,0x7d,0x26,0x7d,0x26,0x7d,0x26,0x7d,0x26,0x9d,0x26,0x7d,0x1e,0x9d,0x26,0x9d,0x1e,0x9d,0x26,0x9d,0x1e,0x9d,0x26,0x9d,0x1e,0x9d,0x26,0x9d,0x1e,0x9d,0x26,
0x9d,0x1e,0x9d,0x26,0x9d,0x1e,0x9d,0x26,0x9d,0x1e,0x9d,0x26,0x9d,0x1e,0x9d,0x26,0x9d,0x1e,0x9d,0x26,0x9d,0x1e,0x9d,0x26,0x9d,0x1e,0x9d,0x26,0x9d,0x1e,0x9d,0x26,
0x9d,0x1e,0x9d,0x26,0x9d,0x1e,0x9d,0x26,0x9d,0x1e,0x9d,0x26,0x9d,0x1e,0x9d,0x26,0x9d,0x1e,0x9d,0x26,0x9d,0x1e,0x9d,0x26,0xeb,0xf1,0xeb,0xf1,0xeb,0xf1,0xeb,0xf1,
0xeb,0xf1,0xeb,0xf1,0xeb,0xf1,0xeb,0xf1,0xeb,0xf1,0xeb,0xf1,0xeb,0xf1,0xeb,0xf1,0xeb,0xf1,0xeb,0xf1,0xeb,0xf1,0xeb,0xf1,0xeb,0xf1,0xeb,0xf1,0xeb,0xf1,0xeb,0xf1,
0xeb,0xf1,0xeb,0xf1,0xeb,0xf1,0xeb,0xf1,0xeb,0xf1,0xeb,0xf1,0xeb,0xf1,0xeb,0xf1,0xeb,0xf1,0xeb,0xf1,0xeb,0xf1,0xeb,0xf1,0xeb,0xf1,0xeb,0xf1,0xeb,0xf1,0xeb,0xf1,
0xeb,0xe9,0xec,0xf1,0xec,0xe9,0x0c,0xea,0xec,0xe9,0x0d,0xea,0xec,0xe9,0x0d,0xea,0xed,0xe9,0x0e,0xea,0xed,0xe1,0x0e,0xea,0x0e,0xe2,0x0e,0xea,0x0e,0xe2,0x0e,0xe2,
0x0e,0xe2,0x0f,0xe2,0x0e,0xe2,0x0f,0xe2,0x0f,0xe2,0x0f,0xe2,0x0f,0xda,0x0f,0xe2,0x0f,0xda,0x30,0xe2,0x0f,0xda,0x30,0xe2,0x10,0xda,0x30,0xe2,0x10,0xda,0x30,0xda,
0x10,0xda,0x31,0xe2,0x10,0xda,0x31,0xda,0x10,0xda,0x31,0xda,0x10,0xda,0x31,0xda,0x11,0xda,0x31,0xda,0x11,0xda,0x31,0xda,0x31,0xda,0x32,0xda,0x31,0xd2,0x32,0xda,
0x31,0xd2,0x32,0xda,0x31,0xd2,0x32,0xda,0x32,0xd2,0x32,0xda,0x32,0xd2,0x32,0xda,0xfe,0x35,0xfd,0x2d,0xfe,0x35,0xfd,0x2d,0xfe,0x35,0xfd,0x2d,0xfe,0x35,0xfd,0x2d,
0x1e,0x36,0xfd,0x2d,0x1e,0x2e,0xfd,0x2d,0x1e,0x36,0xfd,0x2d,0x1e,0x2e,0xfd,0x2d,0x1e,0x2e,0x1d,0x2e,0x1e,0x2e,0x1d,0x2e,0x1e,0x2e,0x1d,0x2e,0x1e,0x2e,0x1d,0x2e,
0x3e,0x2e,0x1d,0x2e,0x3e,0x2e,0x1d,0x2e,0x3e,0x2e,0x3d,0x2e,0x3e,0x2e,0x3d,0x26,0x3e,0x2e,0x3d,0x2e,0x5e,0x2e,0x3d,0x26,0x5e,0x2e,0x3d,0x26,0x5e,0x2e,0x5d,0x26,
0x5e,0x2e,0x5d,0x26,0x5e,0x2e,0x5d,0x26,0x7e,0x2e,0x5d,0x26,0x7e,0x26,0x7d,0x26,0x7e,0x2e,0x7d,0x26,0x9e,0x26,0x7d,0x26,0x9e,0x26,0x7d,0x26,0x9e,0x26,0x9d,0x26,
0xbe,0x26,0x9d,0x26,0xbe,0x26,0x9d,0x26,0xbe,0x26,0x9d,0x26,0xbe,0x26,0x9d,0x26,0xbe,0x26,0x9d,0x26,0xbe,0x26,0x9d,0x26,0xbe,0x26,0x9d,0x26,0xbe,0x26,0x9d,0x26,
0xbe,0x26,0x9d,0x26,0xbe,0x26,0x9d,0x26,0xbe,0x26,0x9d,0x26,0xbe,0x26,0x9d,0x26,0xbe,0x26,0x9d,0x26,0xbe,0x26,0x9d,0x26,0xbe,0x26,0x9d,0x26,0xbe,0x26,0x9d,0x26,
0xbe,0x26,0x9d,0x26,0xbe,0x26,0x9d,0x26,0x0c,0xf2,0xeb,0xf1,0x0c,0xf2,0xeb,0xf1,0x0c,0xf2,0xeb,0xf1,0x0c,0xf2,0xeb,0xf1,0x0c,0xf2,0xeb,0xf1,0x0c,0xf2,0xeb,0xf1,
0x0c,0xf2,0xeb,0xf1,0x0c,0xf2,0xeb,0xf1,0x0c,0xf2,0xeb,0xf1,0x0c,0xf2,0xeb,0xf1,0x0c,0xf2,0xeb,0xf1,0x0c,0xf2,0xeb,0xf1,0x0c,0xf2,0xeb,0xf1,0x0c,0xf2,0xeb,0xf1,
0x0c,0xf2,0xeb,0xf1,0x0c,0xf2,0xeb,0xf1,0x0c,0xf2,0xeb,0xf1,0x0c,0xf2,0xeb,0xf1,0x0c,0xf2,0xec,0xf1,0x0c,0xf2,0xec,0xe9,0x0d,0xf2,0xec,0xe9,0x0d,0xf2,0xed,0xe9,
0x0d,0xea,0x0d,0xea,0x0e,0xea,0x0d,0xea,0x0e,0xea,0x0e,0xea,0x0e,0xea,0x0e,0xe2,0x0f,0xea,0x0e,0xe2,0x0f,0xea,0x0f,0xe2,0x2f,0xea,0x0f,0xe2,0x2f,0xe2,0x0f,0xe2,
0x30,0xe2,0x0f,0xe2,0x30,0xe2,0x0f,0xe2,0x30,0xe2,0x10,0xe2,0x30,0xe2,0x10,0xda,0x31,0xe2,0x10,0xda,0x31,0xe2,0x30,0xda,0x31,0xe2,0x31,0xda,0x31,0xe2,0x31,0xda,
0x31,0xe2,0x31,0xda,0x31,0xda,0x31,0xda,0x32,0xda,0x31,0xda,0x32,0xda,0x31,0xda,0x32,0xda,0x31,0xda,0x32,0xda,0x31,0xda,0x32,0xda,0x32,0xda,0x32,0xda,0x32,0xd2,
0xfd,0x2d,0xfd,0x2d,0xfd,0x2d,0xfd,0x2d,0xfd,0x2d,0xfd,0x2d,0xfd,0x2d,0xfd,0x2d,0xfd,0x2d,0x1d,0x2e,0xfd,0x2d,0x1d,0x2e,0xfd,0x2d,0x1d,0x2e,0xfd,0x2d,0x1d,0x2e,
0xfd,0x2d,0x1d,0x2e,0x1d,0x2e,0x1d,0x2e,0x1d,0x26,0x1d,0x2e,0x1d,0x2e,0x1d,0x2e,0x1d,0x26,0x3d,0x2e,0x1d,0x26,0x3d,0x2e,0x1d,0x26,0x3d,0x2e,0x3d,0x26,0x3d,0x2e,
0x3d,0x26,0x3d,0x2e,0x3d,0x26,0x5d,0x2e,0x3d,0x26,0x5d,0x26,0x3d,0x26,0x5d,0x2e,0x5d,0x26,0x5d,0x26,0x5d,0x26,0x5d,0x26,0x5d,0x26,0x7d,0x26,0x5d,0x26,0x7d,0x26,
0x7d,0x26,0x7d,0x26,0x7d,0x26,0x9d,0x26,0x7d,0x1e,0x9d,0x26,0x9d,0x1e,0x9d,0x26,0x9d,0x1e,0x9d,0x26,0x9d,0x1e,0x9d,0x26,0x9d,0x1e,0x9d,0x26,0x9d,0x1e,0x9d,0x26,
0x9d,0x1e,0x9d,0x26,0x9d,0x1e,0x9d,0x26,0x9d,0x1e,0x9d,0x26,0x9d,0x1e,0x9d,0x26,0x9d,0x1e,0x9d,0x26,0x9d,0x1e,0x9d,0x26,0x9d,0x1e,0x9d,0x26,0x9d,0x1e,0x9d,0x26,
0x9d,0x1e,0x9d,0x26,0x9d,0x1e,0x9d,0x26,0x9d,0x1e,0x9d,0x26,0x9d,0x1e,0x9d,0x26,0x9d,0x1e,0x9d,0x26,0x9d,0x1e,0x9d,0x26,0xeb,0xf1,0xeb,0xf1,0xeb,0xf1,0xeb,0xf1,
0xeb,0xf1,0xeb,0xf1,0xeb,0xf1,0xeb,0xf1,0xeb,0xf1,0xeb,0xf1,0xeb,0xf1,0xeb,0xf1,0xeb,0xf1,0xeb,0xf1,0xeb,0xf1,0xeb,0xf1,0xeb,0xf1,0xeb,0xf1,0xeb,0xf1,0xeb,0xf1,
0xeb,0xf1,0xeb,0xf1,0xeb,0xf1,0xeb,0xf1,0xeb,0xf1,0xeb,0xf1,0xeb,0xf1,0xeb,0xf1,0xeb,0xf1,0xeb,0xf1,0xeb,0xf1,0xeb,0xf1,0xeb,0xf1,0xeb,0xf1,0xeb,0xf1,0xeb,0xf1,
0xeb,0xf1,0xeb,0xf1,0xeb,0xe9,0xec,0xf1,0xec,0xe9,0x0c,0xea,0xec,0xe9,0x0d,0xea,0xec,0xe9,0x0d,0xea,0xed,0xe9,0x0d,0xea,0xed,0xe1,0x0e,0xea,0xed,0xe1,0x0e,0xea,
0x0e,0xe2,0x0e,0xe2,0x0e,0xe2,0x0f,0xe2,0x0e,0xe2,0x0f,0xe2,0x0f,0xe2,0x0f,0xe2,0x0f,0xe2,0x0f,0xe2,0x0f,0xe2,0x10,0xe2,0x0f,0xda,0x30,0xe2,0x0f,0xda,0x30,0xe2,
0x10,0xda,0x30,0xe2,0x10,0xda,0x30,0xe2,0x10,0xda,0x31,0xda,0x10,0xda,0x31,0xda,0x10,0xda,0x31,0xda,0x11,0xda,0x31,0xda,0x11,0xda,0x31,0xda,0x11,0xda,0x31,0xda,
0x31,0xd2,0x31,0xda,0x31,0xda,0x32,0xda,0x31,0xd2,0x32,0xda,0x31,0xd2,0x32,0xda,0xfe,0x35,0xfd,0x2d,0x1e,0x36,0xfd,0x2d,0x1e,0x2e,0xfd,0x2d,0x1e,0x36,0xfd,0x2d,
0x1e,0x2e,0xfd,0x2d,0x1e,0x2e,0x1d,0x2e,0x1e,0x2e,0x1d,0x2e,0x1e,0x2e,0x1d,0x2e,0x1e,0x2e,0x1d,0x2e,0x1e,0x2e,0x1d,0x2e,0x3e,0x2e,0x1d,0x2e,0x3e,0x2e,0x1d,0x2e,
0x3e,0x2e,0x3d,0x2e,0x3e,0x2e,0x3d,0x2e,0x3e,0x2e,0x3d,0x26,0x3e,0x2e,0x3d,0x2e,0x5e,0x2e,0x3d,0x26,0x5e,0x2e,0x3d,0x26,0x5e,0x2e,0x5d,0x26,0x5e,0x2e,0x5d,0x26,
0x5e,0x2e,0x5d,0x26,0x7e,0x2e,0x5d,0x26,0x7e,0x26,0x7d,0x26,0x7e,0x26,0x7d,0x26,0x9e,0x26,0x7d,0x26,0x9e,0x26,0x9d,0x26,0x9e,0x26,0x9d,0x26,0xbe,0x26,0x9d,0x26,
0xbe,0x26,0x9d,0x26,0xbe,0x26,0x9d,0x26,0xbe,0x26,0x9d,0x26,0xbe,0x26,0x9d,0x26,0xbe,0x26,0x9d,0x26,0xbe,0x26,0x9d,0x26,0xbe,0x26,0x9d,0x26,0xbe,0x26,0x9d,0x26,
0xbe,0x26,0x9d,0x26,0xbe,0x26,0x9d,0x26,0xbe,0x26,0x9d,0x26,0xbe,0x26,0x9d,0x26,0xbe,0x26,0x9d,0x26,0xbe,0x26,0x9d,0x26,0xbe,0x26,0x9d,0x26,0xbe,0x26,0x9d,0x26,
0xbe,0x26,0x9d,0x26,0xbe,0x26,0x9d,0x26,0x0c,0xf2,0xeb,0xf1,0x0c,0xf2,0xeb,0xf1,0x0c,0xf2,0xeb,0xf1,0x0c,0xf2,0xeb,0xf1,0x0c,0xf2,0xeb,0xf1,0x0c,0xf2,0xeb,0xf1,
0x0c,0xf2,0xeb,0xf1,0x0c,0xf2,0xeb,0xf1,0x0c,0xf2,0xeb,0xf1,0x0c,0xf2,0xeb,0xf1,0x0c,0xf2,0xeb,0xf1,0x0c,0xf2,0xeb,0xf1,0x0c,0xf2,0xeb,0xf1,0x0c,0xf2,0xeb,0xf1,
0x0c,0xf2,0xeb,0xf1,0x0c,0xf2,0xeb,0xf1,0x0c,0xf2,0xeb,0xf1,0x0c,0xf2,0xeb,0xf1,0x0c,0xf2,0xeb,0xf1,0x0c,0xf2,0xec,0xf1,0x0c,0xf2,0xec,0xe9,0x0d,0xf2,0xec,0xe9,
0x0d,0xf2,0xed,0xe9,0x0d,0xf2,0x0d,0xea,0x0e,0xea,0x0d,0xea,0x0e,0xea,0x0e,0xea,0x0e,0xea,0x0e,0xe2,0x0f,0xea,0x0e,0xe2,0x0f,0xea,0x0e,0xe2,0x2f,0xea,0x0f,0xe2,
0x2f,0xe2,0x0f,0xe2,0x30,0xe2,0x0f,0xe2,0x30,0xe2,0x0f,0xe2,0x30,0xe2,0x10,0xe2,0x30,0xe2,0x10,0xda,0x30,0xe2,0x10,0xda,0x31,0xe2,0x10,0xda,0x31,0xe2,0x30,0xda,
0x31,0xe2,0x30,0xda,0x31,0xe2,0x31,0xda,0x31,0xda,0x31,0xda,0x31,0xda,0x31,0xda,0x31,0xda,0x31,0xda,0x32,0xda,0x31,0xda,0x32,0xda,0x31,0xda,0x32,0xda,0x32,0xda,
0xfd,0x2d,0xfd,0x2d,0xfd,0x2d,0xfd,0x2d,0xfd,0x2d,0x1d,0x2e,0xfd,0x2d,0x1d,0x2e,0xfd,0x2d,0x1d,0x2e,0xfd,0x2d,0x1d,0x2e,0xfd,0x2d,0x1d,0x2e,0x1d,0x26,0x1d,0x2e,
0x1d,0x2e,0x1d,0x2e,0x1d,0x26,0x1d,0x2e,0x1d,0x26,0x3d,0x2e,0x1d,0x26,0x3d,0x2e,0x1d,0x26,0x3d,0x2e,0x1d,0x26,0x3d,0x2e,0x3d,0x26,0x3d,0x2e,0x3d,0x26,0x3d,0x2e,
0x3d,0x26,0x5d,0x2e,0x3d,0x26,0x5d,0x26,0x3d,0x26,0x5d,0x2e,0x5d,0x26,0x5d,0x26,0x5d,0x26,0x7d,0x26,0x5d,0x26,0x7d,0x26,0x5d,0x26,0x7d,0x26,0x7d,0x26,0x7d,0x26,
0x7d,0x26,0x9d,0x26,0x7d,0x1e,0x9d,0x26,0x9d,0x1e,0x9d,0x26,0x9d,0x1e,0x9d,0x26,0x9d,0x1e,0x9d,0x26,0x9d,0x1e,0x9d,0x26,0x9d,0x1e,0x9d,0x26,0x9d,0x1e,0x9d,0x26,
0x9d,0x1e,0x9d,0x26,0x9d,0x1e,0x9d,0x26,0x9d,0x1e,0x9d,0x26,0x9d,0x1e,0x9d,0x26,0x9d,0x1e,0x9d,0x26,0x9d,0x1e,0x9d,0x26,0x9d,0x1e,0x9d,0x26,0x9d,0x1e,0x9d,0x26,
0x9d,0x1e,0x9d,0x26,0x9d,0x1e,0x9d,0x26,0x9d,0x1e,0x9d,0x26,0x9d,0x1e,0x9d,0x26,0x9d,0x1e,0x9d,0x26,0x9d,0x1e,0x9d,0x26,0xeb,0xf1,0xeb,0xf1,0xeb,0xf1,0xeb,0xf1,
0xeb,0xf1,0xeb,0xf1,0xeb,0xf1,0xeb,0xf1,0xeb,0xf1,0xeb,0xf1,0xeb,0xf1,0xeb,0xf1,0xeb,0xf1,0xeb,0xf1,0xeb,0xf1,0xeb,0xf1,0xeb,0xf1,0xeb,0xf1,0xeb,0xf1,0xeb,0xf1,
0xeb,0xf1,0xeb,0xf1,0xeb,0xf1,0xeb,0xf1,0xeb,0xf1,0xeb,0xf1,0xeb,0xf1,0xeb,0xf1,0xeb,0xf1,0xeb,0xf1,0xeb,0xf1,0xeb,0xf1,0xeb,0xf1,0xeb,0xf1,0xeb,0xf1,0xeb,0xf1,
0xeb,0xf1,0xeb,0xf1,0xeb,0xf1,0xeb,0xf1,0xeb,0xe9,0xec,0xf1,0xec,0xe9,0x0c,0xf2,0xec,0xe9,0x0d,0xea,0xec,0xe9,0x0d,0xea,0xed,0xe9,0x0d,0xea,0xed,0xe1,0x0e,0xea,
0xed,0xe1,0x0e,0xea,0x0e,0xe2,0x0e,0xea,0x0e,0xe2,0x0f,0xea,0x0e,0xe2,0x0f,0xe2,0x0e,0xe2,0x0f,0xe2,0x0f,0xe2,0x0f,0xe2,0x0f,0xe2,0x0f,0xe2,0x0f,0xda,0x10,0xe2,
0x0f,0xda,0x30,0xe2,0x0f,0xda,0x30,0xe2,0x10,0xda,0x30,0xe2,0x10,0xda,0x30,0xda,0x10,0xda,0x31,0xe2,0x10,0xda,0x31,0xda,0x10,0xda,0x31,0xda,0x10,0xda,0x31,0xda,
0x11,0xda,0x31,0xda,0x11,0xda,0x31,0xda,0x31,0xda,0x32,0xda,0x31,0xd2,0x32,0xda,0x1e,0x36,0xfd,0x2d,0x1e,0x2e,0xfd,0x2d,0x1e,0x36,0xfd,0x2d,0x1e,0x2e,0x1d,0x2e,
0x1e,0x2e,0x1d,0x2e,0x1e,0x2e,0x1d,0x2e,0x1e,0x2e,0x1d,0x2e,0x1e,0x2e,0x1d,0x2e,0x3e,0x2e,0x1d,0x2e,0x3e,0x2e,0x1d,0x2e,0x3e,0x2e,0x1d,0x2e,0x3e,0x2e,0x3d,0x2e,
0x3e,0x2e,0x3d,0x2e,0x3e,0x2e,0x3d,0x26,0x5e,0x2e,0x3d,0x26,0x5e,0x2e,0x3d,0x26,0x5e,0x2e,0x5d,0x26,0x5e,0x2e,0x5d,0x26,0x5e,0x2e,0x5d,0x26,0x7e,0x2e,0x5d,0x26,
0x7e,0x2e,0x5d,0x26,0x7e,0x26,0x7d,0x26,0x7e,0x26,0x7d,0x26,0x9e,0x26,0x7d,0x26,0x9e,0x26,0x9d,0x26,0x9e,0x26,0x9d,0x26,0xbe,0x26,0x9d,0x26,0xbe,0x26,0x9d,0x26,
0xbe,0x26,0x9d,0x26,0xbe,0x26,0x9d,0x26,0xbe,0x26,0x9d,0x26,0xbe,0x26,0x9d,0x26,0xbe,0x26,0x9d,0x26,0xbe,0x26,0x9d,0x26,0xbe,0x26,0x9d,0x26,0xbe,0x26,0x9d,0x26,
0xbe,0x26,0x9d,0x26,0xbe,0x26,0x9d,0x26,0xbe,0x26,0x9d,0x26,0xbe,0x26,0x9d,0x26,0xbe,0x26,0x9d,0x26,0xbe,0x26,0x9d,0x26,0xbe,0x26,0x9d,0x26,0xbe,0x26,0x9d,0x26,
0xbe,0x26,0x9d,0x26,0xbe,0x26,0x9d,0x26,0x0c,0xf2,0xeb,0xf1,0x0c,0xf2,0xeb,0xf1,0x0c,0xf2,0xeb,0xf1,0x0c,0xf2,0xeb,0xf1,0x0c,0xf2,0xeb,0xf1,0x0c,0xf2,0xeb,0xf1,
0x0c,0xf2,0xeb,0xf1,0x0c,0xf2,0xeb,0xf1,0x0c,0xf2,0xeb,0xf1,0x0c,0xf2,0xeb,0xf1,0x0c,0xf2,0xeb,0xf1,0x0c,0xf2,0xeb,0xf1,0x0c,0xf2,0xeb,0xf1,0x0c,0xf2,0xeb,0xf1,
0x0c,0xf2,0xeb,0xf1,0x0c,0xf2,0xeb,0xf1,0x0c,0xf2,0xeb,0xf1,0x0c,0xf2,0xeb,0xf1,0x0c,0xf2,0xeb,0xf1,0x0c,0xf2,0xeb,0xf1,0x0c,0xf2,0xec,0xf1,0x0c,0xf2,0xec,0xe9,
0x0d,0xf2,0xec,0xe9,0x0d,0xf2,0xec,0xe9,0x0d,0xf2,0x0d,0xea,0x0d,0xea,0x0d,0xea,0x0e,0xea,0x0e,0xea,0x0e,0xea,0x0e,0xe2,0x0e,0xea,0x0e,0xe2,0x0f,0xea,0x0e,0xe2,
0x0f,0xea,0x0f,0xe2,0x2f,0xe2,0x0f,0xe2,0x2f,0xe2,0x0f,0xe2,0x30,0xe2,0x0f,0xe2,0x30,0xe2,0x0f,0xe2,0x30,0xe2,0x10,0xda,0x30,0xe2,0x10,0xe2,0x30,0xe2,0x10,0xda,
0x31,0xe2,0x10,0xda,0x31,0xe2,0x30,0xda,0x31,0xe2,0x31,0xda,0x31,0xe2,0x31,0xda,0x31,0xe2,0x31,0xda,0x31,0xda,0x31,0xda,0x32,0xda,0x31,0xda,0x32,0xda,0x31,0xda,
0xfd,0x2d,0x1d,0x2e,0xfd,0x2d,0x1d,0x2e,0xfd,0x2d,0x1d,0x2e,0xfd,0x2d,0x1d,0x2e,0xfd,0x2d,0x1d,0x2e,0x1d,0x2e,0x1d,0x2e,0x1d,0x26,0x1d,0x2e,0x1d,0x2e,0x1d,0x2e,
0x1d,0x26,0x3d,0x2e,0x1d,0x26,0x3d,0x2e,0x1d,0x26,0x3d,0x2e,0x1d,0x26,0x3d,0x2e,0x3d,0x26,0x3d,0x2e,0x3d,0x26,0x3d,0x2e,0x3d,0x26,0x5d,0x2e,0x3d,0x26,0x5d,0x2e,
0x3d,0x26,0x5d,0x26,0x5d,0x26,0x5d,0x2e,0x5d,0x26,0x5d,0x26,0x5d,0x26,0x7d,0x26,0x5d,0x26,0x7d,0x26,0x5d,0x26,0x7d,0x26,0x7d,0x26,0x7d,0x26,0x7d,0x26,0x9d,0x26,
0x7d,0x1e,0x9d,0x26,0x9d,0x1e,0x9d,0x26,0x9d,0x1e,0x9d,0x26,0x9d,0x1e,0x9d,0x26,0x9d,0x1e,0x9d,0x26,0x9d,0x1e,0x9d,0x26,0x9d,0x1e,0x9d,0x26,0x9d,0x1e,0x9d,0x26,
0x9d,0x1e,0x9d,0x26,0x9d,0x1e,0x9d,0x26,0x9d,0x1e,0x9d,0x26,0x9d,0x1e,0x9d,0x26,0x9d,0x1e,0x9d,0x26,0x9d,0x1e,0x9d,0x26,0x9d,0x1e,0x9d,0x26,0x9d,0x1e,0x9d,0x26,
0x9d,0x1e,0x9d,0x26,0x9d,0x1e,0x9d,0x26,0x9d,0x1e,0x9d,0x26,0x9d,0x1e,0x9d,0x26,0x9d,0x1e,0x9d,0x26,0x9d,0x1e,0x9d,0x26,0xeb,0xf1,0xeb,0xf1,0xeb,0xf1,0xeb,0xf1,
0xeb,0xf1,0xeb,0xf1,0xeb,0xf1,0xeb,0xf1,0xeb,0xf1,0xeb,0xf1,0xeb,0xf1,0xeb,0xf1,0xeb,0xf1,0xeb,0xf1,0xeb,0xf1,0xeb,0xf1,0xeb,0xf1,0xeb,0xf1,0xeb,0xf1,0xeb,0xf1,
0xeb,0xf1,0xeb,0xf1,0xeb,0xf1,0xeb,0xf1,0xeb,0xf1,0xeb,0xf1,0xeb,0xf1,0xeb,0xf1,0xeb,0xf1,0xeb,0xf1,0xeb,0xf1,0xeb,0xf1,0xeb,0xf1,0xeb,0xf1,0xeb,0xf1,0xeb,0xf1,
0xeb,0xf1,0xeb,0xf1,0xeb,0xf1,0xeb,0xf1,0xeb,0xf1,0xeb,0xf1,0xeb,0xe9,0xec,0xf1,0xec,0xe9,0x0c,0xf2,0xec,0xe9,0x0d,0xea,0xec,0xe9,0x0d,0xea,0xed,0xe9,0x0d,0xea,
0xed,0xe1,0x0d,0xea,0xed,0xe1,0x0e,0xea,0x0d,0xe2,0x0e,0xea,0x0e,0xe2,0x0e,0xea,0x0e,0xe2,0x0f,0xe2,0x0e,0xe2,0x0f,0xe2,0x0e,0xe2,0x0f,0xe2,0x0f,0xe2,0x0f,0xe2,
0x0f,0xda,0x0f,0xe2,0x0f,0xda,0x30,0xe2,0x0f,0xda,0x30,0xe2,0x10,0xda,0x30,0xe2,0x10,0xda,0x30,0xe2,0x10,0xda,0x30,0xe2,0x10,0xda,0x31,0xda,0x10,0xda,0x31,0xda,
0x10,0xda,0x31,0xda,0x11,0xda,0x31,0xda,0x11,0xda,0x31,0xda,0x11,0xda,0x31,0xda,0x1e,0x2e,0xfd,0x2d,0x1e,0x2e,0x1d,0x2e,0x1e,0x2e,0x1d,0x2e,0x1e,0x2e,0x1d,0x2e,
0x1e,0x2e,0x1d,0x2e,0x1e,0x2e,0x1d,0x2e,0x3e,0x2e,0x1d,0x2e,0x3e,0x2e,0x1d,0x2e,0x3e,0x2e,0x1d,0x2e,0x3e,0x2e,0x3d,0x2e,0x3e,0x2e,0x3d,0x26,0x3e,0x2e,0x3d,0x2e,
0x3e,0x2e,0x3d,0x26,0x5e,0x2e,0x3d,0x26,0x5e,0x2e,0x3d,0x26,0x5e,0x2e,0x5d,0x26,0x5e,0x2e,0x5d,0x26,0x5e,0x2e,0x5d,0x26,0x7e,0x2e,0x5d,0x26,0x7e,0x2e,0x7d,0x26,
0x7e,0x26,0x7d,0x26,0x7e,0x26,0x7d,0x26,0x9e,0x26,0x7d,0x26,0x9e,0x26,0x9d,0x26,0x9e,0x26,0x9d,0x26,0xbe,0x26,0x9d,0x26,0xbe,0x26,0x9d,0x26,0xbe,0x26,0x9d,0x26,
0xbe,0x26,0x9d,0x26,0xbe,0x26,0x9d,0x26,0xbe,0x26,0x9d,0x26,0xbe,0x26,0x9d,0x26,0xbe,0x26,0x9d,0x26,0xbe,0x26,0x9d,0x26,0xbe,0x26,0x9d,0x26,0xbe,0x26,0x9d,0x26,
0xbe,0x26,0x9d,0x26,0xbe,0x26,0x9d,0x26,0xbe,0x26,0x9d,0x26,0xbe,0x26,0x9d,0x26,0xbe,0x26,0x9d,0x26,0xbe,0x26,0x9d,0x26,0xbe,0x26,0x9d,0x26,0xbe,0x26,0x9d,0x26,
0xbe,0x26,0x9d,0x26,0xbe,0x26,0x9d,0x26,0x0c,0xf2,0xeb,0xf1,0x0c,0xf2,0xeb,0xf1,0x0c,0xf2,0xeb,0xf1,0x0c,0xf2,0xeb,0xf1,0x0c,0xf2,0xeb,0xf1,0x0c,0xf2,0xeb,0xf1,
0x0c,0xf2,0xeb,0xf1,0x0c,0xf2,0xeb,0xf1,0x0c,0xf2,0xeb,0xf1,0x0c,0xf2,0xeb,0xf1,0x0c,0xf2,0xeb,0xf1,0x0c,0xf2,0xeb,0xf1,0x0c,0xf2,0xeb,0xf1,0x0c,0xf2,0xeb,0xf1,
0x0c,0xf2,0xeb,0xf1,0x0c,0xf2,0xeb,0xf1,0x0c,0xf2,0xeb,0xf1,0x0c,0xf2,0xeb,0xf1,0x0c,0xf2,0xeb,0xf1,0x0c,0xf2,0xeb,0xf1,0x0c,0xf2,0xeb,0xf1,0x0c,0xf2,0xec,0xf1,
0x0c,0xf2,0xec,0xe9,0x0d,0xf2,0xec,0xe9,0x0d,0xf2,0xec,0xe9,0x0d,0xf2,0x0d,0xea,0x0d,0xea,0x0d,0xea,0x0e,0xea,0x0d,0xea,0x0e,0xea,0x0e,0xe2,0x0e,0xea,0x0e,0xe2,
0x0e,0xea,0x0e,0xe2,0x0f,0xea,0x0e,0xe2,0x0f,0xea,0x0f,0xe2,0x2f,0xea,0x0f,0xe2,0x2f,0xe2,0x0f,0xe2,0x30,0xe2,0x0f,0xe2,0x30,0xe2,0x0f,0xe2,0x30,0xe2,0x10,0xe2,
0x30,0xe2,0x10,0xda,0x30,0xe2,0x10,0xda,0x31,0xe2,0x10,0xda,0x31,0xe2,0x30,0xda,0x31,0xe2,0x30,0xda,0x31,0xe2,0x31,0xda,0x31,0xda,0x31,0xda,0x31,0xe2,0x31,0xda,
0xfd,0x2d,0x1d,0x2e,0xfd,0x2d,0x1d,0x2e,0xfd,0x2d,0x1d,0x2e,0x1d,0x26,0x1d,0x2e,0x1d,0x2e,0x1d,0x2e,0x1d,0x26,0x1d,0x2e,0x1d,0x2e,0x3d,0x2e,0x1d,0x26,0x3d,0x2e,
0x1d,0x26,0x3d,0x2e,0x1d,0x26,0x3d,0x2e,0x3d,0x26,0x3d,0x2e,0x3d,0x26,0x3d,0x2e,0x3d,0x26,0x3d,0x2e,0x3d,0x26,0x5d,0x2e,0x3d,0x26,0x5d,0x2e,0x3d,0x26,0x5d,0x26,
0x5d,0x26,0x5d,0x26,0x5d,0x26,0x5d,0x26,0x5d,0x26,0x7d,0x26,0x5d,0x26,0x7d,0x26,0x7d,0x26,0x7d,0x26,0x7d,0x26,0x7d,0x26,0x7d,0x26,0x9d,0x26,0x7d,0x1e,0x9d,0x26,
0x9d,0x1e,0x9d,0x26,0x9d,0x1e,0x9d,0x26,0x9d,0x1e,0x9d,0x26,0x9d,0x1e,0x9d,0x26,0x9d,0x1e,0x9d,0x26,0x9d,0x1e,0x9d,0x26,0x9d,0x1e,0x9d,0x26,0x9d,0x1e,0x9d,0x26,
0x9d,0x1e,0x9d,0x26,0x9d,0x1e,0x9d,0x26,0x9d,0x1e,0x9d,0x26,0x9d,0x1e,0x9d,0x26,0x9d,0x1e,0x9d,0x26,0x9d,0x1e,0x9d,0x26,0x9d,0x1e,0x9d,0x26,0x9d,0x1e,0x9d,0x26,
0x9d,0x1e,0x9d,0x26,0x9d,0x1e,0x9d,0x26,0x9d,0x1e,0x9d,0x26,0x9d,0x1e,0x9d,0x26,0x9d,0x1e,0x9d,0x26,0x9d,0x1e,0x9d,0x26,0xeb,0xf1,0xeb,0xf1,0xeb,0xf1,0xeb,0xf1,
0xeb,0xf1,0xeb,0xf1,0xeb,0xf1,0xeb,0xf1,0xeb,0xf1,0xeb,0xf1,0xeb,0xf1,0xeb,0xf1,0xeb,0xf1,0xeb,0xf1,0xeb,0xf1,0xeb,0xf1,0xeb,0xf1,0xeb,0xf1,0xeb,0xf1,0xeb,0xf1,
0xeb,0xf1,0xeb,0xf1,0xeb,0xf1,0xeb,0xf1,0xeb,0xf1,0xeb,0xf1,0xeb,0xf1,0xeb,0xf1,0xeb,0xf1,0xeb,0xf1,0xeb,0xf1,0xeb,0xf1,0xeb,0xf1,0xeb,0xf1,0xeb,0xf1,0xeb,0xf1,
0xeb,0xf1,0xeb,0xf1,0xeb,0xf1,0xeb,0xf1,0xeb,0xf1,0xeb,0xf1,0xeb,0xf1,0xeb,0xf1,0xeb,0xe9,0xec,0xf1,0xeb,0xe9,0x0c,0xf2,0xec,0xe9,0x0d,0xf2,0xec,0xe9,0x0d,0xea,
0xed,0xe9,0x0d,0xea,0xed,0xe9,0x0d,0xea,0xed,0xe1,0x0e,0xea,0xed,0xe1,0x0e,0xea,0x0e,0xe2,0x0e,0xea,0x0e,0xe2,0x0e,0xe2,0x0e,0xe2,0x0f,0xe2,0x0e,0xe2,0x0f,0xe2,
0x0f,0xe2,0x0f,0xe2,0x0f,0xe2,0x0f,0xe2,0x0f,0xe2,0x10,0xe2,0x0f,0xda,0x30,0xe2,0x0f,0xda,0x30,0xe2,0x0f,0xda,0x30,0xe2,0x10,0xda,0x30,0xe2,0x10,0xda,0x30,0xda,
0x10,0xda,0x31,0xe2,0x10,0xda,0x31,0xda,0x10,0xda,0x31,0xda,0x10,0xda,0x31,0xda,0x1e,0x2e,0x1d,0x2e,0x1e,0x2e,0x1d,0x2e,0x1e,0x2e,0x1d,0x2e,0x1e,0x2e,0x1d,0x2e,
0x3e,0x2e,0x1d,0x2e,0x3e,0x2e,0x1d,0x2e,0x3e,0x2e,0x1d,0x2e,0x3e,0x2e,0x3d,0x2e,0x3e,0x2e,0x3d,0x2e,0x3e,0x2e,0x3d,0x26,0x3e,0x2e,0x3d,0x2e,0x5e,0x2e,0x3d,0x26,
0x5e,0x2e,0x3d,0x26,0x5e,0x2e,0x5d,0x26,0x5e,0x2e,0x5d,0x26,0x5e,0x2e,0x5d,0x26,0x7e,0x2e,0x5d,0x26,0x7e,0x2e,0x5d,0x26,0x7e,0x2e,0x7d,0x26,0x7e,0x26,0x7d,0x26,
0x7e,0x26,0x7d,0x26,0x9e,0x26,0x7d,0x26,0x9e,0x26,0x9d,0x26,0x9e,0x26,0x9d,0x26,0xbe,0x26,0x9d,0x26,0xbe,0x26,0x9d,0x26,0xbe,0x26,0x9d,0x26,0xbe,0x26,0x9d,0x26,
0xbe,0x26,0x9d,0x26,0xbe,0x26,0x9d,0x26,0xbe,0x26,0x9d,0x26,0xbe,0x26,0x9d,0x26,0xbe,0x26,0x9d,0x26,0xbe,0x26,0x9d,0x26,0xbe,0x26,0x9d,0x26,0xbe,0x26,0x9d,0x26,
0xbe,0x26,0x9d,0x26,0xbe,0x26,0x9d,0x26,0xbe,0x26,0x9d,0x26,0xbe,0x26,0x9d,0x26,0xbe,0x26,0x9d,0x26,0xbe,0x26,0x9d,0x26,0xbe,0x26,0x9d,0x26,0xbe,0x26,0x9d,0x26,
0xbe,0x26,0x9d,0x26,0xbe,0x26,0x9d,0x26,0x0c,0xf2,0xeb,0xf1,0x0c,0xf2,0xeb,0xf1,0x0c,0xf2,0xeb,0xf1,0x0c,0xf2,0xeb,0xf1,0x0c,0xf2,0xeb,0xf1,0x0c,0xf2,0xeb,0xf1,
0x0c,0xf2,0xeb,0xf1,0x0c,0xf2,0xeb,0xf1,0x0c,0xf2,0xeb,0xf1,0x0c,0xf2,0xeb,0xf1,0x0c,0xf2,0xeb,0xf1,0x0c,0xf2,0xeb,0xf1,0x0c,0xf2,0xeb,0xf1,0x0c,0xf2,0xeb,0xf1,
0x0c,0xf2,0xeb,0xf1,0x0c,0xf2,0xeb,0xf1,0x0c,0xf2,0xeb,0xf1,0x0c,0xf2,0xeb,0xf1,0x0c,0xf2,0xeb,0xf1,0x0c,0xf2,0xeb,0xf1,0x0c,0xf2,0xeb,0xf1,0x0c,0xf2,0xeb,0xf1,
0x0c,0xf2,0xeb,0xf1,0x0c,0xf2,0xec,0xe9,0x0d,0xf2,0xec,0xe9,0x0d,0xf2,0xec,0xe9,0x0d,0xf2,0xed,0xe9,0x0d,0xea,0x0d,0xea,0x0e,0xea,0x0d,0xea,0x0e,0xea,0x0e,0xea,
0x0e,0xea,0x0e,0xea,0x0e,0xea,0x0e,0xe2,0x0f,0xea,0x0e,0xe2,0x0f,0xea,0x0e,0xe2,0x2f,0xea,0x0f,0xe2,0x2f,0xe2,0x0f,0xe2,0x30,0xe2,0x0f,0xe2,0x30,0xe2,0x0f,0xe2,
0x30,0xe2,0x10,0xe2,0x30,0xe2,0x10,0xda,0x30,0xe2,0x10,0xda,0x30,0xe2,0x10,0xda,0x31,0xe2,0x10,0xda,0x31,0xe2,0x30,0xda,0x31,0xe2,0x31,0xda,0x31,0xe2,0x31,0xda,
0xfd,0x2d,0x1d,0x2e,0x1d,0x2e,0x1d,0x2e,0x1d,0x26,0x1d,0x2e,0x1d,0x2e,0x1d,0x2e,0x1d,0x26,0x3d,0x2e,0x1d,0x26,0x3d,0x2e,0x1d,0x26,0x3d,0x2e,0x1d,0x26,0x3d,0x2e,
0x3d,0x26,0x3d,0x2e,0x3d,0x26,0x3d,0x2e,0x3d,0x26,0x3d,0x2e,0x3d,0x26,0x5d,0x2e,0x3d,0x26,0x5d,0x26,0x3d,0x26,0x5d,0x2e,0x5d,0x26,0x5d,0x26,0x5d,0x26,0x5d,0x26,
0x5d,0x26,0x7d,0x26,0x5d,0x26,0x7d,0x26,0x5d,0x26,0x7d,0x26,0x7d,0x26,0x7d,0x26,0x7d,0x26,0x7d,0x26,0x7d,0x26,0x9d,0x26,0x7d,0x1e,0x9d,0x26,0x9d,0x1e,0x9d,0x26,
0x9d,0x1e,0x9d,0x26,0x9d,0x1e,0x9d,0x26,0x9d,0x1e,0x9d,0x26,0x9d,0x1e,0x9d,0x26,0x9d,0x1e,0x9d,0x26,0x9d,0x1e,0x9d,0x26,0x9d,0x1e,0x9d,0x26,0x9d,0x1e,0x9d,0x26,
0x9d,0x1e,0x9d,0x26,0x9d,0x1e,0x9d,0x26,0x9d,0x1e,0x9d,0x26,0x9d,0x1e,0x9d,0x26,0x9d,0x1e,0x9d,0x26,0x9d,0x1e,0x9d,0x26,0x9d,0x1e,0x9d,0x26,0x9d,0x1e,0x9d,0x26,
0x9d,0x1e,0x9d,0x26,0x9d,0x1e,0x9d,0x26,0x9d,0x1e,0x9d,0x26,0x9d,0x1e,0x9d,0x26,0x9d,0x1e,0x9d,0x26,0x9d,0x1e,0x9d,0x26,0xeb,0xf1,0xeb,0xf1,0xeb,0xf1,0xeb,0xf1,
0xeb,0xf1,0xeb,0xf1,0xeb,0xf1,0xeb,0xf1,0xeb,0xf1,0xeb,0xf1,0xeb,0xf1,0xeb,0xf1,0xeb,0xf1,0xeb,0xf1,0xeb,0xf1,0xeb,0xf1,0xeb,0xf1,0xeb,0xf1,0xeb,0xf1,0xeb,0xf1,
0xeb,0xf1,0xeb,0xf1,0xeb,0xf1,0xeb,0xf1,0xeb,0xf1,0xeb,0xf1,0xeb,0xf1,0xeb,0xf1,0xeb,0xf1,0xeb,0xf1,0xeb,0xf1,0xeb,0xf1,0xeb,0xf1,0xeb,0xf1,0xeb,0xf1,0xeb,0xf1,
0xeb,0xf1,0xeb,0xf1,0xeb,0xf1,0xeb,0xf1,0xeb,0xf1,0xeb,0xf1,0xeb,0xf1,0xeb,0xf1,0xeb,0xf1,0xeb,0xf1,0xeb,0xe9,0xec,0xf1,0xeb,0xe9,0xec,0xf1,0xec,0xe9,0x0d,0xf2,
0xec,0xe9,0x0d,0xea,0xed,0xe9,0x0d,0xea,0xed,0xe9,0x0d,0xea,0xed,0xe9,0x0e,0xea,0xed,0xe1,0x0e,0xea,0x0e,0xe2,0x0e,0xea,0x0e,0xe2,0x0e,0xe2,0x0e,0xe2,0x0f,0xe2,
0x0e,0xe2,0x0f,0xe2,0x0e,0xe2,0x0f,0xe2,0x0f,0xe2,0x0f,0xe2,0x0f,0xe2,0x0f,0xe2,0x0f,0xda,0x10,0xe2,0x0f,0xda,0x30,0xe2,0x0f,0xda,0x30,0xe2,0x10,0xda,0x30,0xe2,
0x10,0xda,0x30,0xe2,0x10,0xda,0x30,0xe2,0x10,0xda,0x31,0xda,0x10,0xda,0x31,0xda,0x1e,0x2e,0x1d,0x2e,0x1e,0x2e,0x1d,0x2e,0x3e,0x2e,0x1d,0x2e,0x3e,0x2e,0x1d,0x2e,
0x3e,0x2e,0x1d,0x2e,0x3e,0x2e,0x3d,0x2e,0x3e,0x2e,0x3d,0x26,0x3e,0x2e,0x3d,0x2e,0x3e,0x2e,0x3d,0x26,0x5e,0x2e,0x3d,0x26,0x5e,0x2e,0x3d,0x26,0x5e,0x2e,0x3d,0x26,
0x5e,0x2e,0x5d,0x26,0x5e,0x2e,0x5d,0x26,0x5e,0x2e,0x5d,0x26,0x7e,0x2e,0x5d,0x26,0x7e,0x2e,0x5d,0x26,0x7e,0x2e,0x7d,0x26,0x7e,0x26,0x7d,0x26,0x7e,0x26,0x7d,0x26,
0x9e,0x26,0x7d,0x26,0x9e,0x26,0x9d,0x26,0x9e,0x26,0x9d,0x26,0xbe,0x26,0x9d,0x26,0xbe,0x26,0x9d,0x26,0xbe,0x26,0x9d,0x26,0xbe,0x26,0x9d,0x26,0xbe,0x26,0x9d,0x26,
0xbe,0x26,0x9d,0x26,0xbe,0x26,0x9d,0x26,0xbe,0x26,0x9d,0x26,0xbe,0x26,0x9d,0x26,0xbe,0x26,0x9d,0x26,0xbe,0x26,0x9d,0x26,0xbe,0x26,0x9d,0x26,0xbe,0x26,0x9d,0x26,
0xbe,0x26,0x9d,0x26,0xbe,0x26,0x9d,0x26,0xbe,0x26,0x9d,0x26,0xbe,0x26,0x9d,0x26,0xbe,0x26,0x9d,0x26,0xbe,0x26,0x9d,0x26,0xbe,0x26,0x9d,0x26,0xbe,0x26,0x9d,0x26,
0xbe,0x26,0x9d,0x26,0xbe,0x26,0x9d,0x26,0x0c,0xf2,0xeb,0xf1,0x0c,0xf2,0xeb,0xf1,0x0c,0xf2,0xeb,0xf1,0x0c,0xf2,0xeb,0xf1,0x0c,0xf2,0xeb,0xf1,0x0c,0xf2,0xeb,0xf1,
0x0c,0xf2,0xeb,0xf1,0x0c,0xf2,0xeb,0xf1,0x0c,0xf2,0xeb,0xf1,0x0c,0xf2,0xeb,0xf1,0x0c,0xf2,0xeb,0xf1,0x0c,0xf2,0xeb,0xf1,0x0c,0xf2,0xeb,0xf1,0x0c,0xf2,0xeb,0xf1,
0x0c,0xf2,0xeb,0xf1,0x0c,0xf2,0xeb,0xf1,0x0c,0xf2,0xeb,0xf1,0x0c,0xf2,0xeb,0xf1,0x0c,0xf2,0xeb,0xf1,0x0c,0xf2,0xeb,0xf1,0x0c,0xf2,0xeb,0xf1,0x0c,0xf2,0xeb,0xf1,
0x0c,0xf2,0xeb,0xf1,0x0c,0xf2,0xeb,0xf1,0x0c,0xf2,0xec,0xe9,0x0c,0xf2,0xec,0xe9,0x0d,0xf2,0xec,0xe9,0x0d,0xf2,0xed,0xe9,0x0d,0xea,0x0d,0xea,0x0e,0xea,0x0d,0xea,
0x0e,0xea,0x0d,0xea,0x0e,0xea,0x0e,0xea,0x0e,0xea,0x0e,0xe2,0x0f,0xea,0x0e,0xe2,0x0f,0xea,0x0e,0xe2,0x0f,0xea,0x0f,0xe2,0x2f,0xe2,0x0f,0xe2,0x2f,0xe2,0x0f,0xe2,
0x30,0xe2,0x0f,0xe2,0x30,0xe2,0x0f,0xe2,0x30,0xe2,0x0f,0xe2,0x30,0xe2,0x10,0xe2,0x30,0xe2,0x10,0xda,0x31,0xe2,0x10,0xda,0x31,0xe2,0x10,0xda,0x31,0xe2,0x30,0xda,
0x1d,0x2e,0x1d,0x2e,0x1d,0x26,0x1d,0x2e,0x1d,0x2e,0x1d,0x2e,0x1d,0x26,0x3d,0x2e,0x1d,0x26,0x3d,0x2e,0x1d,0x26,0x3d,0x2e,0x1d,0x26,0x3d,0x2e,0x3d,0x26,0x3d,0x2e,
0x3d,0x26,0x3d,0x2e,0x3d,0x26,0x3d,0x2e,0x3d,0x26,0x5d,0x2e,0x3d,0x26,0x5d,0x26,0x3d,0x26,0x5d,0x2e,0x5d,0x26,0x5d,0x26,0x5d,0x26,0x5d,0x26,0x5d,0x26,0x7d,0x26,
0x5d,0x26,0x7d,0x26,0x5d,0x26,0x7d,0x26,0x7d,0x26,0x7d,0x26,0x7d,0x26,0x7d,0x26,0x7d,0x26,0x9d,0x26,0x7d,0x1e,0x9d,0x26,0x9d,0x1e,0x9d,0x26,0x9d,0x1e,0x9d,0x26,
0x9d,0x1e,0x9d,0x26,0x9d,0x1e,0x9d,0x26,0x9d,0x1e,0x9d,0x26,0x9d,0x1e,0x9d,0x26,0x9d,0x1e,0x9d,0x26,0x9d,0x1e,0x9d,0x26,0x9d,0x1e,0x9d,0x26,0x9d,0x1e,0x9d,0x26,
0x9d,0x1e,0x9d,0x26,0x9d,0x1e,0x9d,0x26,0x9d,0x1e,0x9d,0x26,0x9d,0x1e,0x9d,0x26,0x9d,0x1e,0x9d,0x26,0x9d,0x1e,0x9d,0x26,0x9d,0x1e,0x9d,0x26,0x9d,0x1e,0x9d,0x26,
0x9d,0x1e,0x9d,0x26,0x9d,0x1e,0x9d,0x26,0x9d,0x1e,0x9d,0x26,0x9d,0x1e,0x9d,0x26,0x9d,0x1e,0x9d,0x26,0x9d,0x1e,0x9d,0x26,0xeb,0xf1,0xeb,0xf1,0xeb,0xf1,0xeb,0xf1,
0xeb,0xf1,0xeb,0xf1,0xeb,0xf1,0xeb,0xf1,0xeb,0xf1,0xeb,0xf1,0xeb,0xf1,0xeb,0xf1,0xeb,0xf1,0xeb,0xf1,0xeb,0xf1,0xeb,0xf1,0xeb,0xf1,0xeb,0xf1,0xeb,0xf1,0xeb,0xf1,
0xeb,0xf1,0xeb,0xf1,0xeb,0xf1,0xeb,0xf1,0xeb,0xf1,0xeb,0xf1,0xeb,0xf1,0xeb,0xf1,0xeb,0xf1,0xeb,0xf1,0xeb,0xf1,0xeb,0xf1,0xeb,0xf1,0xeb,0xf1,0xeb,0xf1,0xeb,0xf1,
0xeb,0xf1,0xeb,0xf1,0xeb,0xf1,0xeb,0xf1,0xeb,0xf1,0xeb,0xf1,0xeb,0xf1,0xeb,0xf1,0xeb,0xf1,0xeb,0xf1,0xeb,0xf1,0xeb,0xf1,0xeb,0xe9,0xec,0xf1,0xeb,0xe9,0xec,0xf1,
0xec,0xe9,0x0d,0xf2,0xec,0xe9,0x0d,0xea,0xec,0xe9,0x0d,0xea,0xed,0xe9,0x0d,0xea,0xed,0xe9,0x0e,0xea,0xed,0xe1,0x0e,0xea,0x0d,0xe2,0x0e,0xea,0x0e,0xe2,0x0e,0xea,
0x0e,0xe2,0x0f,0xea,0x0e,0xe2,0x0f,0xe2,0x0e,0xe2,0x0f,0xe2,0x0e,0xe2,0x0f,0xe2,0x0f,0xe2,0x0f,0xe2,0x0f,0xda,0x0f,0xe2,0x0f,0xe2,0x10,0xe2,0x0f,0xda,0x30,0xe2,
0x0f,0xda,0x30,0xe2,0x0f,0xda,0x30,0xe2,0x10,0xda,0x30,0xe2,0x10,0xda,0x30,0xda,0x3e,0x2e,0x1d,0x2e,0x3e,0x2e,0x1d,0x2e,0x3e,0x2e,0x1d,0x2e,0x3e,0x2e,0x1d,0x2e,
0x3e,0x2e,0x3d,0x2e,0x3e,0x2e,0x3d,0x26,0x3e,0x2e,0x3d,0x2e,0x3e,0x2e,0x3d,0x26,0x5e,0x2e,0x3d,0x26,0x5e,0x2e,0x3d,0x26,0x5e,0x2e,0x5d,0x26,0x5e,0x2e,0x5d,0x26,
0x5e,0x2e,0x5d,0x26,0x5e,0x2e,0x5d,0x26,0x7e,0x2e,0x5d,0x26,0x7e,0x26,0x5d,0x26,0x7e,0x2e,0x7d,0x26,0x7e,0x26,0x7d,0x26,0x9e,0x26,0x7d,0x26,0x9e,0x26,0x7d,0x26,
0x9e,0x26,0x9d,0x26,0x9e,0x26,0x9d,0x26,0xbe,0x26,0x9d,0x26,0xbe,0x26,0x9d,0x26,0xbe,0x26,0x9d,0x26,0xbe,0x26,0x9d,0x26,0xbe,0x26,0x9d,0x26,0xbe,0x26,0x9d,0x26,
0xbe,0x26,0x9d,0x26,0xbe,0x26,0x9d,0x26,0xbe,0x26,0x9d,0x26,0xbe,0x26,0x9d,0x26,0xbe,0x26,0x9d,0x26,0xbe,0x26,0x9d,0x26,0xbe,0x26,0x9d,0x26,0xbe,0x26,0x9d,0x26,
0xbe,0x26,0x9d,0x26,0xbe,0x26,0x9d,0x26,0xbe,0x26,0x9d,0x26,0xbe,0x26,0x9d,0x26,0xbe,0x26,0x9d,0x26,0xbe,0x26,0x9d,0x26,0xbe,0x26,0x9d,0x26,0xbe,0x26,0x9d,0x26,
0xbe,0x26,0x9d,0x26,0xbe,0x26,0x9d,0x26,0x0c,0xf2,0xeb,0xf1,0x0c,0xf2,0xeb,0xf1,0x0c,0xf2,0xeb,0xf1,0x0c,0xf2,0xeb,0xf1,0x0c,0xf2,0xeb,0xf1,0x0c,0xf2,0xeb,0xf1,
0x0c,0xf2,0xeb,0xf1,0x0c,0xf2,0xeb,0xf1,0x0c,0xf2,0xeb,0xf1,0x0c,0xf2,0xeb,0xf1,0x0c,0xf2,0xeb,0xf1,0x0c,0xf2,0xeb,0xf1,0x0c,0xf2,0xeb,0xf1,0x0c,0xf2,0xeb,0xf1,
0x0c,0xf2,0xeb,0xf1,0x0c,0xf2,0xeb,0xf1,0x0c,0xf2,0xeb,0xf1,0x0c,0xf2,0xeb,0xf1,0x0c,0xf2,0xeb,0xf1,0x0c,0xf2,0xeb,0xf1,0x0c,0xf2,0xeb,0xf1,0x0c,0xf2,0xeb,0xf1,
0x0c,0xf2,0xeb,0xf1,0x0c,0xf2,0xeb,0xf1,0x0c,0xf2,0xeb,0xf1,0x0c,0xf2,0xec,0xe9,0x0c,0xf2,0xec,0xe9,0x0d,0xf2,0xec,0xe9,0x0d,0xf2,0xed,0xe9,0x0d,0xea,0x0d,0xea,
0x0e,0xea,0x0d,0xea,0x0e,0xea,0x0d,0xea,0x0e,0xea,0x0e,0xea,0x0e,0xea,0x0e,0xe2,0x0f,0xea,0x0e,0xe2,0x0f,0xea,0x0e,0xe2,0x0f,0xea,0x0f,0xe2,0x2f,0xe2,0x0f,0xe2,
0x2f,0xea,0x0f,0xe2,0x2f,0xe2,0x0f,0xe2,0x30,0xe2,0x0f,0xe2,0x30,0xe2,0x0f,0xe2,0x30,0xe2,0x10,0xe2,0x30,0xe2,0x10,0xda,0x30,0xe2,0x10,0xda,0x30,0xe2,0x10,0xda,
0x1d,0x26,0x1d,0x2e,0x1d,0x26,0x3d,0x2e,0x1d,0x26,0x3d,0x2e,0x1d,0x26,0x3d,0x2e,0x1d,0x26,0x3d,0x2e,0x3d,0x26,0x3d,0x2e,0x3d,0x26,0x3d,0x2e,0x3d,0x26,0x3d,0x2e,
0x3d,0x26,0x5d,0x2e,0x3d,0x26,0x5d,0x2e,0x3d,0x26,0x5d,0x26,0x3d,0x26,0x5d,0x2e,0x5d,0x26,0x5d,0x26,0x5d,0x26,0x5d,0x26,0x5d,0x26,0x7d,0x26,0x5d,0x26,0x7d,0x26,
0x5d,0x26,0x7d,0x26,0x7d,0x26,0x7d,0x26,0x7d,0x26,0x9d,0x26,0x7d,0x26,0x9d,0x26,0x7d,0x1e,0x9d,0x26,0x9d,0x1e,0x9d,0x26,0x9d,0x1e,0x9d,0x26,0x9d,0x1e,0x9d,0x26,
0x9d,0x1e,0x9d,0x26,0x9d,0x1e,0x9d,0x26,0x9d,0x1e,0x9d,0x26,0x9d,0x1e,0x9d,0x26,0x9d,0x1e,0x9d,0x26,0x9d,0x1e,0x9d,0x26,0x9d,0x1e,0x9d,0x26,0x9d,0x1e,0x9d,0x26,
0x9d,0x1e,0x9d,0x26,0x9d,0x1e,0x9d,0x26,0x9d,0x1e,0x9d,0x26,0x9d,0x1e,0x9d,0x26,0x9d,0x1e,0x9d,0x26,0x9d,0x1e,0x9d,0x26,0x9d,0x1e,0x9d,0x26,0x9d,0x1e,0x9d,0x26,
0x9d,0x1e,0x9d,0x26,0x9d,0x1e,0x9d,0x26,0x9d,0x1e,0x9d,0x26,0x9d,0x1e,0x9d,0x26,0x9d,0x1e,0x9d,0x26,0x9d,0x1e,0x9d,0x26,0xeb,0xf1,0xeb,0xf1,0xeb,0xf1,0xeb,0xf1,
0xeb,0xf1,0xeb,0xf1,0xeb,0xf1,0xeb,0xf1,0xeb,0xf1,0xeb,0xf1,0xeb,0xf1,0xeb,0xf1,0xeb,0xf1,0xeb,0xf1,0xeb,0xf1,0xeb,0xf1,0xeb,0xf1,0xeb,0xf1,0xeb,0xf1,0xeb,0xf1,
0xeb,0xf1,0xeb,0xf1,0xeb,0xf1,0xeb,0xf1,0xeb,0xf1,0xeb,0xf1,0xeb,0xf1,0xeb,0xf1,0xeb,0xf1,0xeb,0xf1,0xeb,0xf1,0xeb,0xf1,0xeb,0xf1,0xeb,0xf1,0xeb,0xf1,0xeb,0xf1,
0xeb,0xf1,0xeb,0xf1,0xeb,0xf1,0xeb,0xf1,0xeb,0xf1,0xeb,0xf1,0xeb,0xf1,0xeb,0xf1,0xeb,0xf1,0xeb,0xf1,0xeb,0xf1,0xeb,0xf1,0xeb,0xf1,0xeb,0xf1,0xeb,0xe9,0xec,0xf1,
0xeb,0xe9,0xec,0xf1,0xec,0xe9,0x0c,0xf2,0xec,0xe9,0x0d,0xea,0xec,0xe9,0x0d,0xea,0xed,0xe9,0x0d,0xea,0xed,0xe9,0x0e,0xea,0xed,0xe1,0x0e,0xea,0xed,0xe1,0x0e,0xea,
0x0d,0xe2,0x0e,0xea,0x0e,0xe2,0x0e,0xea,0x0e,0xe2,0x0f,0xe2,0x0e,0xe2,0x0f,0xe2,0x0e,0xe2,0x0f,0xe2,0x0f,0xe2,0x0f,0xe2,0x0f,0xe2,0x0f,0xe2,0x0f,0xe2,0x10,0xe2,
0x0f,0xda,0x30,0xe2,0x0f,0xda,0x30,0xe2,0x0f,0xda,0x30,0xe2,0x10,0xda,0x30,0xe2,0x3e,0x2e,0x1d,0x2e,0x3e,0x2e,0x1d,0x2e,0x3e,0x2e,0x3d,0x2e,0x3e,0x2e,0x3d,0x2e,
0x3e,0x2e,0x3d,0x26,0x3e,0x2e,0x3d,0x2e,0x5e,0x2e,0x3d,0x26,0x5e,0x2e,0x3d,0x26,0x5e,0x2e,0x3d,0x26,0x5e,0x2e,0x5d,0x26,0x5e,0x2e,0x5d,0x26,0x5e,0x2e,0x5d,0x26,
0x7e,0x2e,0x5d,0x26,0x7e,0x2e,0x5d,0x26,0x7e,0x26,0x7d,0x26,0x7e,0x2e,0x7d,0x26,0x7e,0x26,0x7d,0x26,0x9e,0x26,0x7d,0x26,0x9e,0x26,0x7d,0x26,0x9e,0x26,0x9d,0x26,
0x9e,0x26,0x9d,0x26,0xbe,0x26,0x9d,0x26,0xbe,0x26,0x9d,0x26,0xbe,0x26,0x9d,0x26,0xbe,0x26,0x9d,0x26,0xbe,0x26,0x9d,0x26,0xbe,0x26,0x9d,0x26,0xbe,0x26,0x9d,0x26,
0xbe,0x26,0x9d,0x26,0xbe,0x26,0x9d,0x26,0xbe,0x26,0x9d,0x26,0xbe,0x26,0x9d,0x26,0xbe,0x26,0x9d,0x26,0xbe,0x26,0x9d,0x26,0xbe,0x26,0x9d,0x26,0xbe,0x26,0x9d,0x26,
0xbe,0x26,0x9d,0x26,0xbe,0x26,0x9d,0x26,0xbe,0x26,0x9d,0x26,0xbe,0x26,0x9d,0x26,0xbe,0x26,0x9d,0x26,0xbe,0x26,0x9d,0x26,0xbe,0x26,0x9d,0x26,0xbe,0x26,0x9d,0x26,
0xbe,0x26,0x9d,0x26,0xbe,0x26,0x9d,0x26,0x0c,0xf2,0xeb,0xf1,0x0c,0xf2,0xeb,0xf1,0x0c,0xf2,0xeb,0xf1,0x0c,0xf2,0xeb,0xf1,0x0c,0xf2,0xeb,0xf1,0x0c,0xf2,0xeb,0xf1,
0x0c,0xf2,0xeb,0xf1,0x0c,0xf2,0xeb,0xf1,0x0c,0xf2,0xeb,0xf1,0x0c,0xf2,0xeb,0xf1,0x0c,0xf2,0xeb,0xf1,0x0c,0xf2,0xeb,0xf1,0x0c,0xf2,0xeb,0xf1,0x0c,0xf2,0xeb,0xf1,
0x0c,0xf2,0xeb,0xf1,0x0c,0xf2,0xeb,0xf1,0x0c,0xf2,0xeb,0xf1,0x0c,0xf2,0xeb,0xf1,0x0c,0xf2,0xeb,0xf1,0x0c,0xf2,0xeb,0xf1,0x0c,0xf2,0xeb,0xf1,0x0c,0xf2,0xeb,0xf1,
0x0c,0xf2,0xeb,0xf1,0x0c,0xf2,0xeb,0xf1,0x0c,0xf2,0xeb,0xf1,0x0c,0xf2,0xeb,0xf1,0x0c,0xf2,0xec,0xe9,0x0c,0xf2,0xec,0xe9,0x0d,0xf2,0xec,0xe9,0x0d,0xf2,0xed,0xe9,
0x0d,0xea,0x0d,0xea,0x0e,0xea,0x0d,0xea,0x0e,0xea,0x0d,0xea,0x0e,0xea,0x0e,0xea,0x0e,0xea,0x0e,0xe2,0x0e,0xea,0x0e,0xe2,0x0f,0xea,0x0e,0xe2,0x0f,0xea,0x0e,0xe2,
0x0f,0xea,0x0f,0xe2,0x2f,0xea,0x0f,0xe2,0x2f,0xe2,0x0f,0xe2,0x30,0xe2,0x0f,0xe2,0x30,0xe2,0x0f,0xe2,0x30,0xe2,0x10,0xe2,0x30,0xe2,0x10,0xda,0x30,0xe2,0x10,0xe2,
0x1d,0x26,0x3d,0x2e,0x1d,0x26,0x3d,0x2e,0x1d,0x26,0x3d,0x2e,0x3d,0x26,0x3d,0x2e,0x3d,0x26,0x3d,0x2e,0x3d,0x26,0x3d,0x2e,0x3d,0x26,0x5d,0x2e,0x3d,0x26,0x5d,0x2e,
0x3d,0x26,0x5d,0x2e,0x3d,0x26,0x5d,0x26,0x5d,0x26,0x5d,0x2e,0x5d,0x26,0x5d,0x26,0x5d,0x26,0x7d,0x26,0x5d,0x26,0x7d,0x26,0x5d,0x26,0x7d,0x26,0x5d,0x26,0x7d,0x26,
0x7d,0x26,0x7d,0x26,0x7d,0x1e,0x9d,0x26,0x7d,0x26,0x9d,0x26,0x7d,0x1e,0x9d,0x26,0x9d,0x1e,0x9d,0x26,0x9d,0x1e,0x9d,0x26,0x9d,0x1e,0x9d,0x26,0x9d,0x1e,0x9d,0x26,
0x9d,0x1e,0x9d,0x26,0x9d,0x1e,0x9d,0x26,0x9d,0x1e,0x9d,0x26,0x9d,0x1e,0x9d,0x26,0x9d,0x1e,0x9d,0x26,0x9d,0x1e,0x9d,0x26,0x9d,0x1e,0x9d,0x26,0x9d,0x1e,0x9d,0x26,
0x9d,0x1e,0x9d,0x26,0x9d,0x1e,0x9d,0x26,0x9d,0x1e,0x9d,0x26,0x9d,0x1e,0x9d,0x26,0x9d,0x1e,0x9d,0x26,0x9d,0x1e,0x9d,0x26,0x9d,0x1e,0x9d,0x26,0x9d,0x1e,0x9d,0x26,
0x9d,0x1e,0x9d,0x26,0x9d,0x1e,0x9d,0x26,0x9d,0x1e,0x9d,0x26,0x9d,0x1e,0x9d,0x26,0x9d,0x1e,0x9d,0x26,0x9d,0x1e,0x9d,0x26,0xeb,0xf1,0xeb,0xf1,0xeb,0xf1,0xeb,0xf1,
0xeb,0xf1,0xeb,0xf1,0xeb,0xf1,0xeb,0xf1,0xeb,0xf1,0xeb,0xf1,0xeb,0xf1,0xeb,0xf1,0xeb,0xf1,0xeb,0xf1,0xeb,0xf1,0xeb,0xf1,0xeb,0xf1,0xeb,0xf1,0xeb,0xf1,0xeb,0xf1,
0xeb,0xf1,0xeb,0xf1,0xeb,0xf1,0xeb,0xf1,0xeb,0xf1,0xeb,0xf1,0xeb,0xf1,0xeb,0xf1,0xeb,0xf1,0xeb,0xf1,0xeb,0xf1,0xeb,0xf1,0xeb,0xf1,0xeb,0xf1,0xeb,0xf1,0xeb,0xf1,
0xeb,0xf1,0xeb,0xf1,0xeb,0xf1,0xeb,0xf1,0xeb,0xf1,0xeb,0xf1,0xeb,0xf1,0xeb,0xf1,0xeb,0xf1,0xeb,0xf1,0xeb,0xf1,0xeb,0xf1,0xeb,0xf1,0xeb,0xf1,0xeb,0xf1,0xeb,0xf1,
0xeb,0xe9,0xec,0xf1,0xeb,0xe9,0xec,0xf1,0xec,0xe9,0x0c,0xf2,0xec,0xe9,0x0d,0xea,0xec,0xe9,0x0d,0xea,0xec,0xe9,0x0d,0xea,0xed,0xe9,0x0d,0xea,0xed,0xe1,0x0e,0xea,
0xed,0xe1,0x0e,0xea,0x0d,0xe2,0x0e,0xea,0x0e,0xe2,0x0e,0xea,0x0e,0xe2,0x0e,0xe2,0x0e,0xe2,0x0f,0xe2,0x0e,0xe2,0x0f,0xe2,0x0f,0xe2,0x0f,0xe2,0x0f,0xe2,0x0f,0xe2,
0x0f,0xe2,0x0f,0xe2,0x0f,0xda,0x10,0xe2,0x0f,0xda,0x30,0xe2,0x0f,0xda,0x30,0xe2,0x3e,0x2e,0x3d,0x2e,0x3e,0x2e,0x3d,0x26,0x3e,0x2e,0x3d,0x2e,0x3e,0x2e,0x3d,0x26,
0x5e,0x2e,0x3d,0x26,0x5e,0x2e,0x3d,0x26,0x5e,0x2e,0x3d,0x26,0x5e,0x2e,0x5d,0x26,0x5e,0x2e,0x5d,0x26,0x5e,0x2e,0x5d,0x26,0x5e,0x2e,0x5d,0x26,0x7e,0x2e,0x5d,0x26,
0x7e,0x2e,0x5d,0x26,0x7e,0x26,0x7d,0x26,0x7e,0x2e,0x7d,0x26,0x7e,0x26,0x7d,0x26,0x9e,0x26,0x7d,0x26,0x9e,0x26,0x7d,0x26,0x9e,0x26,0x9d,0x26,0x9e,0x26,0x9d,0x26,
0xbe,0x26,0x9d,0x26,0xbe,0x26,0x9d,0x26,0xbe,0x26,0x9d,0x26,0xbe,0x26,0x9d,0x26,0xbe,0x26,0x9d,0x26,0xbe,0x26,0x9d,0x26,0xbe,0x26,0x9d,0x26,0xbe,0x26,0x9d,0x26,
0xbe,0x26,0x9d,0x26,0xbe,0x26,0x9d,0x26,0xbe,0x26,0x9d,0x26,0xbe,0x26,0x9d,0x26,0xbe,0x26,0x9d,0x26,0xbe,0x26,0x9d,0x26,0xbe,0x26,0x9d,0x26,0xbe,0x26,0x9d,0x26,
0xbe,0x26,0x9d,0x26,0xbe,0x26,0x9d,0x26,0xbe,0x26,0x9d,0x26,0xbe,0x26,0x9d,0x26,0xbe,0x26,0x9d,0x26,0xbe,0x26,0x9d,0x26,0xbe,0x26,0x9d,0x26,0xbe,0x26,0x9d,0x26,
0xbe,0x26,0x9d,0x26,0xbe,0x26,0x9d,0x26,0x0c,0xf2,0xeb,0xf1,0x0c,0xf2,0xeb,0xf1,0x0c,0xf2,0xeb,0xf1,0x0c,0xf2,0xeb,0xf1,0x0c,0xf2,0xeb,0xf1,0x0c,0xf2,0xeb,0xf1,
0x0c,0xf2,0xeb,0xf1,0x0c,0xf2,0xeb,0xf1,0x0c,0xf2,0xeb,0xf1,0x0c,0xf2,0xeb,0xf1,0x0c,0xf2,0xeb,0xf1,0x0c,0xf2,0xeb,0xf1,0x0c,0xf2,0xeb,0xf1,0x0c,0xf2,0xeb,0xf1,
0x0c,0xf2,0xeb,0xf1,0x0c,0xf2,0xeb,0xf1,0x0c,0xf2,0xeb,0xf1,0x0c,0xf2,0xeb,0xf1,0x0c,0xf2,0xeb,0xf1,0x0c,0xf2,0xeb,0xf1,0x0c,0xf2,0xeb,0xf1,0x0c,0xf2,0xeb,0xf1,
0x0c,0xf2,0xeb,0xf1,0x0c,0xf2,0xeb,0xf1,0x0c,0xf2,0xeb,0xf1,0x0c,0xf2,0xeb,0xf1,0x0c,0xf2,0xeb,0xf1,0x0c,0xf2,0xec,0xe9,0x0c,0xf2,0xec,0xe9,0x0d,0xf2,0xec,0xe9,
0x0d,0xf2,0xed,0xe9,0x0d,0xea,0xed,0xe9,0x0d,0xea,0x0d,0xea,0x0e,0xea,0x0d,0xea,0x0e,0xea,0x0e,0xea,0x0e,0xea,0x0e,0xe2,0x0e,0xea,0x0e,0xe2,0x0e,0xea,0x0e,0xe2,
0x0f,0xea,0x0e,0xe2,0x0f,0xea,0x0e,0xe2,0x2f,0xea,0x0f,0xe2,0x2f,0xe2,0x0f,0xe2,0x2f,0xe2,0x0f,0xe2,0x30,0xe2,0x0f,0xe2,0x30,0xe2,0x0f,0xe2,0x30,0xe2,0x0f,0xe2,
0x1d,0x26,0x3d,0x2e,0x1d,0x26,0x3d,0x2e,0x3d,0x26,0x3d,0x2e,0x3d,0x26,0x3d,0x2e,0x3d,0x26,0x3d,0x2e,0x3d,0x26,0x5d,0x2e,0x3d,0x26,0x5d,0x2e,0x3d,0x26,0x5d,0x2e,
0x3d,0x26,0x5d,0x26,0x5d,0x26,0x5d,0x26,0x5d,0x26,0x5d,0x26,0x5d,0x26,0x7d,0x26,0x5d,0x26,0x7d,0x26,0x5d,0x26,0x7d,0x26,0x7d,0x26,0x7d,0x26,0x7d,0x26,0x7d,0x26,
0x7d,0x1e,0x9d,0x26,0x7d,0x26,0x9d,0x26,0x7d,0x1e,0x9d,0x26,0x9d,0x1e,0x9d,0x26,0x9d,0x1e,0x9d,0x26,0x9d,0x1e,0x9d,0x26,0x9d,0x1e,0x9d,0x26,0x9d,0x1e,0x9d,0x26,
0x9d,0x1e,0x9d,0x26,0x9d,0x1e,0x9d,0x26,0x9d,0x1e,0x9d,0x26,0x9d,0x1e,0x9d,0x26,0x9d,0x1e,0x9d,0x26,0x9d,0x1e,0x9d,0x26,0x9d,0x1e,0x9d,0x26,0x9d,0x1e,0x9d,0x26,
0x9d,0x1e,0x9d,0x26,0x9d,0x1e,0x9d,0x26,0x9d,0x1e,0x9d,0x26,0x9d,0x1e,0x9d,0x26,0x9d,0x1e,0x9d,0x26,0x9d,0x1e,0x9d,0x26,0x9d,0x1e,0x9d,0x26,0x9d,0x1e,0x9d,0x26,
0x9d,0x1e,0x9d,0x26,0x9d,0x1e,0x9d,0x26,0x9d,0x1e,0x9d,0x26,0x9d,0x1e,0x9d,0x26,0x9d,0x1e,0x9d,0x26,0x9d,0x1e,0x9d,0x26,0xeb,0xf1,0xeb,0xf1,0xeb,0xf1,0xeb,0xf1,
0xeb,0xf1,0xeb,0xf1,0xeb,0xf1,0xeb,0xf1,0xeb,0xf1,0xeb,0xf1,0xeb,0xf1,0xeb,0xf1,0xeb,0xf1,0xeb,0xf1,0xeb,0xf1,0xeb,0xf1,0xeb,0xf1,0xeb,0xf1,0xeb,0xf1,0xeb,0xf1,
0xeb,0xf1,0xeb,0xf1,0xeb,0xf1,0xeb,0xf1,0xeb,0xf1,0xeb,0xf1,0xeb,0xf1,0xeb,0xf1,0xeb,0xf1,0xeb,0xf1,0xeb,0xf1,0xeb,0xf1,0xeb,0xf1,0xeb,0xf1,0xeb,0xf1,0xeb,0xf1,
0xeb,0xf1,0xeb,0xf1,0xeb,0xf1,0xeb,0xf1,0xeb,0xf1,0xeb,0xf1,0xeb,0xf1,0xeb,0xf1,0xeb,0xf1,0xeb,0xf1,0xeb,0xf1,0xeb,0xf1,0xeb,0xf1,0xeb,0xf1,0xeb,0xf1,0xeb,0xf1,
0xeb,0xf1,0xeb,0xf1,0xeb,0xe9,0xec,0xf1,0xeb,0xe9,0xec,0xf1,0xec,0xe9,0x0c,0xf2,0xec,0xe9,0x0d,0xea,0xec,0xe9,0x0d,0xea,0xec,0xe9,0x0d,0xea,0xed,0xe9,0x0d,0xea,
0xed,0xe1,0x0d,0xea,0xed,0xe1,0x0e,0xea,0xed,0xe1,0x0e,0xea,0x0e,0xe2,0x0e,0xea,0x0e,0xe2,0x0e,0xe2,0x0e,0xe2,0x0f,0xe2,0x0e,0xe2,0x0f,0xe2,0x0e,0xe2,0x0f,0xe2,
0x0e,0xe2,0x0f,0xe2,0x0f,0xe2,0x0f,0xe2,0x0f,0xda,0x0f,0xe2,0x0f,0xe2,0x10,0xe2,0x3e,0x2e,0x3d,0x26,0x3e,0x2e,0x3d,0x2e,0x3e,0x2e,0x3d,0x26,0x5e,0x2e,0x3d,0x26,
0x5e,0x2e,0x3d,0x26,0x5e,0x2e,0x3d,0x26,0x5e,0x2e,0x5d,0x26,0x5e,0x2e,0x5d,0x26,0x5e,0x2e,0x5d,0x26,0x5e,0x2e,0x5d,0x26,0x7e,0x2e,0x5d,0x26,0x7e,0x2e,0x5d,0x26,
0x7e,0x26,0x7d,0x26,0x7e,0x2e,0x7d,0x26,0x7e,0x26,0x7d,0x26,0x9e,0x26,0x7d,0x26,0x9e,0x26,0x7d,0x26,0x9e,0x26,0x9d,0x26,0x9e,0x26,0x9d,0x26,0xbe,0x26,0x9d,0x26,
0xbe,0x26,0x9d,0x26,0xbe,0x26,0x9d,0x26,0xbe,0x26,0x9d,0x26,0xbe,0x26,0x9d,0x26,0xbe,0x26,0x9d,0x26,0xbe,0x26,0x9d,0x26,0xbe,0x26,0x9d,0x26,0xbe,0x26,0x9d,0x26,
0xbe,0x26,0x9d,0x26,0xbe,0x26,0x9d,0x26,0xbe,0x26,0x9d,0x26,0xbe,0x26,0x9d,0x26,0xbe,0x26,0x9d,0x26,0xbe,0x26,0x9d,0x26,0xbe,0x26,0x9d,0x26,0xbe,0x26,0x9d,0x26,
0xbe,0x26,0x9d,0x26,0xbe,0x26,0x9d,0x26,0xbe,0x26,0x9d,0x26,0xbe,0x26,0x9d,0x26,0xbe,0x26,0x9d,0x26,0xbe,0x26,0x9d,0x26,0xbe,0x26,0x9d,0x26,0xbe,0x26,0x9d,0x26,
0xbe,0x26,0x9d,0x26,0xbe,0x26,0x9d,0x26,0x0c,0xf2,0xeb,0xf1,0x0c,0xf2,0xeb,0xf1,0x0c,0xf2,0xeb,0xf1,0x0c,0xf2,0xeb,0xf1,0x0c,0xf2,0xeb,0xf1,0x0c,0xf2,0xeb,0xf1,
0x0c,0xf2,0xeb,0xf1,0x0c,0xf2,0xeb,0xf1,0x0c,0xf2,0xeb,0xf1,0x0c,0xf2,0xeb,0xf1,0x0c,0xf2,0xeb,0xf1,0x0c,0xf2,0xeb,0xf1,0x0c,0xf2,0xeb,0xf1,0x0c,0xf2,0xeb,0xf1,
0x0c,0xf2,0xeb,0xf1,0x0c,0xf2,0xeb,0xf1,0x0c,0xf2,0xeb,0xf1,0x0c,0xf2,0xeb,0xf1,0x0c,0xf2,0xeb,0xf1,0x0c,0xf2,0xeb,0xf1,0x0c,0xf2,0xeb,0xf1,0x0c,0xf2,0xeb,0xf1,
0x0c,0xf2,0xeb,0xf1,0x0c,0xf2,0xeb,0xf1,0x0c,0xf2,0xeb,0xf1,0x0c,0xf2,0xeb,0xf1,0x0c,0xf2,0xeb,0xf1,0x0c,0xf2,0xeb,0xf1,0x0c,0xf2,0xec,0xe9,0x0c,0xf2,0xec,0xe9,
0x0c,0xf2,0xec,0xe9,0x0d,0xf2,0xed,0xe9,0x0d,0xf2,0xed,0xe9,0x0d,0xf2,0x0d,0xea,0x0d,0xea,0x0d,0xea,0x0e,0xea,0x0d,0xea,0x0e,0xea,0x0e,0xe2,0x0e,0xea,0x0e,0xea,
0x0e,0xea,0x0e,0xe2,0x0f,0xea,0x0e,0xe2,0x0f,0xea,0x0e,0xe2,0x0f,0xea,0x0f,0xe2,0x2f,0xe2,0x0f,0xe2,0x2f,0xea,0x0f,0xe2,0x2f,0xe2,0x0f,0xe2,0x30,0xe2,0x0f,0xe2,
0x3d,0x26,0x3d,0x2e,0x3d,0x26,0x3d,0x2e,0x3d,0x26,0x3d,0x2e,0x3d,0x26,0x5d,0x2e,0x3d,0x26,0x5d,0x2e,0x3d,0x26,0x5d,0x26,0x3d,0x26,0x5d,0x2e,0x5d,0x26,0x5d,0x26,
0x5d,0x26,0x5d,0x26,0x5d,0x26,0x5d,0x26,0x5d,0x26,0x7d,0x26,0x5d,0x26,0x7d,0x26,0x5d,0x26,0x7d,0x26,0x7d,0x26,0x7d,0x26,0x7d,0x26,0x7d,0x26,0x7d,0x1e,0x9d,0x26,
0x7d,0x26,0x9d,0x26,0x7d,0x1e,0x9d,0x26,0x9d,0x1e,0x9d,0x26,0x9d,0x1e,0x9d,0x26,0x9d,0x1e,0x9d,0x26,0x9d,0x1e,0x9d,0x26,0x9d,0x1e,0x9d,0x26,0x9d,0x1e,0x9d,0x26,
0x9d,0x1e,0x9d,0x26,0x9d,0x1e,0x9d,0x26,0x9d,0x1e,0x9d,0x26,0x9d,0x1e,0x9d,0x26,0x9d,0x1e,0x9d,0x26,0x9d,0x1e,0x9d,0x26,0x9d,0x1e,0x9d,0x26,0x9d,0x1e,0x9d,0x26,
0x9d,0x1e,0x9d,0x26,0x9d,0x1e,0x9d,0x26,0x9d,0x1e,0x9d,0x26,0x9d,0x1e,0x9d,0x26,0x9d,0x1e,0x9d,0x26,0x9d,0x1e,0x9d,0x26,0x9d,0x1e,0x9d,0x26,0x9d,0x1e,0x9d,0x26,
0x9d,0x1e,0x9d,0x26,0x9d,0x1e,0x9d,0x26,0x9d,0x1e,0x9d,0x26,0x9d,0x1e,0x9d,0x26,0x9d,0x1e,0x9d,0x26,0x9d,0x1e,0x9d,0x26,0xeb,0xf1,0xeb,0xf1,0xeb,0xf1,0xeb,0xf1,
0xeb,0xf1,0xeb,0xf1,0xeb,0xf1,0xeb,0xf1,0xeb,0xf1,0xeb,0xf1,0xeb,0xf1,0xeb,0xf1,0xeb,0xf1,0xeb,0xf1,0xeb,0xf1,0xeb,0xf1,0xeb,0xf1,0xeb,0xf1,0xeb,0xf1,0xeb,0xf1,
0xeb,0xf1,0xeb,0xf1,0xeb,0xf1,0xeb,0xf1,0xeb,0xf1,0xeb,0xf1,0xeb,0xf1,0xeb,0xf1,0xeb,0xf1,0xeb,0xf1,0xeb,0xf1,0xeb,0xf1,0xeb,0xf1,0xeb,0xf1,0xeb,0xf1,0xeb,0xf1,
0xeb,0xf1,0xeb,0xf1,0xeb,0xf1,0xeb,0xf1,0xeb,0xf1,0xeb,0xf1,0xeb,0xf1,0xeb,0xf1,0xeb,0xf1,0xeb,0xf1,0xeb,0xf1,0xeb,0xf1,0xeb,0xf1,0xeb,0xf1,0xeb,0xf1,0xeb,0xf1,
0xeb,0xf1,0xeb,0xf1,0xeb,0xf1,0xeb,0xf1,0xeb,0xe9,0xec,0xf1,0xeb,0xe9,0xec,0xf1,0xec,0xe9,0x0c,0xf2,0xec,0xe9,0x0c,0xea,0xec,0xe9,0x0d,0xea,0xec,0xe9,0x0d,0xea,
0xed,0xe9,0x0d,0xea,0xed,0xe1,0x0d,0xea,0xed,0xe1,0x0e,0xea,0xed,0xe1,0x0e,0xea,0x0e,0xe2,0x0e,0xea,0x0e,0xe2,0x0e,0xea,0x0e,0xe2,0x0f,0xea,0x0e,0xe2,0x0f,0xe2,
0x0e,0xe2,0x0f,0xe2,0x0e,0xe2,0x0f,0xe2,0x0f,0xe2,0x0f,0xe2,0x0f,0xe2,0x0f,0xe2,0x3e,0x2e,0x3d,0x2e,0x5e,0x2e,0x3d,0x26,0x5e,0x2e,0x3d,0x26,0x5e,0x2e,0x3d,0x26,
0x5e,0x2e,0x5d,0x26,0x5e,0x2e,0x5d,0x26,0x5e,0x2e,0x5d,0x26,0x5e,0x2e,0x5d,0x26,0x7e,0x2e,0x5d,0x26,0x7e,0x2e,0x5d,0x26,0x7e,0x2e,0x5d,0x26,0x7e,0x26,0x7d,0x26,
0x7e,0x26,0x7d,0x26,0x7e,0x26,0x7d,0x26,0x9e,0x26,0x7d,0x26,0x9e,0x26,0x7d,0x26,0x9e,0x26,0x9d,0x26,0x9e,0x26,0x9d,0x26,0xbe,0x26,0x9d,0x26,0xbe,0x26,0x9d,0x26,
0xbe,0x26,0x9d,0x26,0xbe,0x26,0x9d,0x26,0xbe,0x26,0x9d,0x26,0xbe,0x26,0x9d,0x26,0xbe,0x26,0x9d,0x26,0xbe,0x26,0x9d,0x26,0xbe,0x26,0x9d,0x26,0xbe,0x26,0x9d,0x26,
0xbe,0x26,0x9d,0x26,0xbe,0x26,0x9d,0x26,0xbe,0x26,0x9d,0x26,0xbe,0x26,0x9d,0x26,0xbe,0x26,0x9d,0x26,0xbe,0x26,0x9d,0x26,0xbe,0x26,0x9d,0x26,0xbe,0x26,0x9d,0x26,
0xbe,0x26,0x9d,0x26,0xbe,0x26,0x9d,0x26,0xbe,0x26,0x9d,0x26,0xbe,0x26,0x9d,0x26,0xbe,0x26,0x9d,0x26,0xbe,0x26,0x9d,0x26,0xbe,0x26,0x9d,0x26,0xbe,0x26,0x9d,0x26,
0xbe,0x26,0x9d,0x26,0xbe,0x26,0x9d,0x26,0x0c,0xf2,0xeb,0xf1,0x0c,0xf2,0xeb,0xf1,0x0c,0xf2,0xeb,0xf1,0x0c,0xf2,0xeb,0xf1,0x0c,0xf2,0xeb,0xf1,0x0c,0xf2,0xeb,0xf1,
0x0c,0xf2,0xeb,0xf1,0x0c,0xf2,0xeb,0xf1,0x0c,0xf2,0xeb,0xf1,0x0c,0xf2,0xeb,0xf1,0x0c,0xf2,0xeb,0xf1,0x0c,0xf2,0xeb,0xf1,0x0c,0xf2,0xeb,0xf1,0x0c,0xf2,0xeb,0xf1,
0x0c,0xf2,0xeb,0xf1,0x0c,0xf2,0xeb,0xf1,0x0c,0xf2,0xeb,0xf1,0x0c,0xf2,0xeb,0xf1,0x0c,0xf2,0xeb,0xf1,0x0c,0xf2,0xeb,0xf1,0x0c,0xf2,0xeb,0xf1,0x0c,0xf2,0xeb,0xf1,
0x0c,0xf2,0xeb,0xf1,0x0c,0xf2,0xeb,0xf1,0x0c,0xf2,0xeb,0xf1,0x0c,0xf2,0xeb,0xf1,0x0c,0xf2,0xeb,0xf1,0x0c,0xf2,0xeb,0xf1,0x0c,0xf2,0xeb,0xf1,0x0c,0xf2,0xec,0xe9,
0x0c,0xf2,0xec,0xe9,0x0c,0xf2,0xec,0xe9,0x0d,0xf2,0xec,0xe9,0x0d,0xf2,0xed,0xe9,0x0d,0xf2,0x0d,0xea,0x0d,0xea,0x0d,0xea,0x0e,0xea,0x0d,0xea,0x0e,0xea,0x0d,0xea,
0x0e,0xea,0x0e,0xea,0x0e,0xea,0x0e,0xe2,0x0f,0xea,0x0e,0xe2,0x0f,0xea,0x0e,0xe2,0x0f,0xea,0x0f,0xe2,0x2f,0xea,0x0f,0xe2,0x2f,0xea,0x0f,0xe2,0x2f,0xe2,0x0f,0xe2,
0x3d,0x26,0x3d,0x2e,0x3d,0x26,0x3d,0x2e,0x3d,0x26,0x5d,0x2e,0x3d,0x26,0x5d,0x2e,0x3d,0x26,0x5d,0x26,0x3d,0x26,0x5d,0x2e,0x5d,0x26,0x5d,0x26,0x5d,0x26,0x5d,0x26,
0x5d,0x26,0x5d,0x26,0x5d,0x26,0x7d,0x26,0x5d,0x26,0x7d,0x26,0x5d,0x26,0x7d,0x26,0x7d,0x26,0x7d,0x26,0x7d,0x26,0x7d,0x26,0x7d,0x1e,0x9d,0x26,0x7d,0x26,0x9d,0x26,
0x7d,0x1e,0x9d,0x26,0x9d,0x1e,0x9d,0x26,0x9d,0x1e,0x9d,0x26,0x9d,0x1e,0x9d,0x26,0x9d,0x1e,0x9d,0x26,0x9d,0x1e,0x9d,0x26,0x9d,0x1e,0x9d,0x26,0x9d,0x1e,0x9d,0x26,
0x9d,0x1e,0x9d,0x26,0x9d,0x1e,0x9d,0x26,0x9d,0x1e,0x9d,0x26,0x9d,0x1e,0x9d,0x26,0x9d,0x1e,0x9d,0x26,0x9d,0x1e,0x9d,0x26,0x9d,0x1e,0x9d,0x26,0x9d,0x1e,0x9d,0x26,
0x9d,0x1e,0x9d,0x26,0x9d,0x1e,0x9d,0x26,0x9d,0x1e,0x9d,0x26,0x9d,0x1e,0x9d,0x26,0x9d,0x1e,0x9d,0x26,0x9d,0x1e,0x9d,0x26,0x9d,0x1e,0x9d,0x26,0x9d,0x1e,0x9d,0x26,
0x9d,0x1e,0x9d,0x26,0x9d,0x1e,0x9d,0x26,0x9d,0x1e,0x9d,0x26,0x9d,0x1e,0x9d,0x26,0x9d,0x1e,0x9d,0x26,0x9d,0x1e,0x9d,0x26,0xeb,0xf1,0xeb,0xf1,0xeb,0xf1,0xeb,0xf1,
0xeb,0xf1,0xeb,0xf1,0xeb,0xf1,0xeb,0xf1,0xeb,0xf1,0xeb,0xf1,0xeb,0xf1,0xeb,0xf1,0xeb,0xf1,0xeb,0xf1,0xeb,0xf1,0xeb,0xf1,0xeb,0xf1,0xeb,0xf1,0xeb,0xf1,0xeb,0xf1,
0xeb,0xf1,0xeb,0xf1,0xeb,0xf1,0xeb,0xf1,0xeb,0xf1,0xeb,0xf1,0xeb,0xf1,0xeb,0xf1,0xeb,0xf1,0xeb,0xf1,0xeb,0xf1,0xeb,0xf1,0xeb,0xf1,0xeb,0xf1,0xeb,0xf1,0xeb,0xf1,
0xeb,0xf1,0xeb,0xf1,0xeb,0xf1,0xeb,0xf1,0xeb,0xf1,0xeb,0xf1,0xeb,0xf1,0xeb,0xf1,0xeb,0xf1,0xeb,0xf1,0xeb,0xf1,0xeb,0xf1,0xeb,0xf1,0xeb,0xf1,0xeb,0xf1,0xeb,0xf1,
0xeb,0xf1,0xeb,0xf1,0xeb,0xf1,0xeb,0xf1,0xeb,0xf1,0xeb,0xf1,0xeb,0xe9,0xec,0xf1,0xeb,0xe9,0xec,0xf1,0xec,0xe9,0x0c,0xf2,0xec,0xe9,0x0c,0xea,0xec,0xe9,0x0d,0xea,
0xec,0xe9,0x0d,0xea,0xed,0xe9,0x0d,0xea,0xed,0xe9,0x0d,0xea,0xed,0xe9,0x0e,0xea,0xed,0xe1,0x0e,0xea,0x0d,0xe2,0x0e,0xea,0x0e,0xe2,0x0e,0xea,0x0e,0xe2,0x0e,0xea,
0x0e,0xe2,0x0f,0xe2,0x0e,0xe2,0x0f,0xe2,0x0e,0xe2,0x0f,0xe2,0x0f,0xe2,0x0f,0xe2,0x5e,0x2e,0x3d,0x26,0x5e,0x2e,0x3d,0x26,0x5e,0x2e,0x3d,0x26,0x5e,0x2e,0x5d,0x26,
0x5e,0x2e,0x5d,0x26,0x5e,0x2e,0x5d,0x26,0x5e,0x2e,0x5d,0x26,0x7e,0x2e,0x5d,0x26,0x7e,0x2e,0x5d,0x26,0x7e,0x2e,0x7d,0x26,0x7e,0x26,0x7d,0x26,0x7e,0x26,0x7d,0x26,
0x7e,0x26,0x7d,0x26,0x9e,0x26,0x7d,0x26,0x9e,0x26,0x7d,0x26,0x9e,0x26,0x9d,0x26,0x9e,0x26,0x9d,0x26,0xbe,0x26,0x9d,0x26,0xbe,0x26,0x9d,0x26,0xbe,0x26,0x9d,0x26,
0xbe,0x26,0x9d,0x26,0xbe,0x26,0x9d,0x26,0xbe,0x26,0x9d,0x26,0xbe,0x26,0x9d,0x26,0xbe,0x26,0x9d,0x26,0xbe,0x26,0x9d,0x26,0xbe,0x26,0x9d,0x26,0xbe,0x26,0x9d,0x26,
0xbe,0x26,0x9d,0x26,0xbe,0x26,0x9d,0x26,0xbe,0x26,0x9d,0x26,0xbe,0x26,0x9d,0x26,0xbe,0x26,0x9d,0x26,0xbe,0x26,0x9d,0x26,0xbe,0x26,0x9d,0x26,0xbe,0x26,0x9d,0x26,
0xbe,0x26,0x9d,0x26,0xbe,0x26,0x9d,0x26,0xbe,0x26,0x9d,0x26,0xbe,0x26,0x9d,0x26,0xbe,0x26,0x9d,0x26,0xbe,0x26,0x9d,0x26,0xbe,0x26,0x9d,0x26,0xbe,0x26,0x9d,0x26,
0xbe,0x26,0x9d,0x26,0xbe,0x26,0x9d,0x26,0x0c,0xf2,0xeb,0xf1,0x0c,0xf2,0xeb,0xf1,0x0c,0xf2,0xeb,0xf1,0x0c,0xf2,0xeb,0xf1,0x0c,0xf2,0xeb,0xf1,0x0c,0xf2,0xeb,0xf1,
0x0c,0xf2,0xeb,0xf1,0x0c,0xf2,0xeb,0xf1,0x0c,0xf2,0xeb,0xf1,0x0c,0xf2,0xeb,0xf1,0x0c,0xf2,0xeb,0xf1,0x0c,0xf2,0xeb,0xf1,0x0c,0xf2,0xeb,0xf1,0x0c,0xf2,0xeb,0xf1,
0x0c,0xf2,0xeb,0xf1,0x0c,0xf2,0xeb,0xf1,0x0c,0xf2,0xeb,0xf1,0x0c,0xf2,0xeb,0xf1,0x0c,0xf2,0xeb,0xf1,0x0c,0xf2,0xeb,0xf1,0x0c,0xf2,0xeb,0xf1,0x0c,0xf2,0xeb,0xf1,
0x0c,0xf2,0xeb,0xf1,0x0c,0xf2,0xeb,0xf1,0x0c,0xf2,0xeb,0xf1,0x0c,0xf2,0xeb,0xf1,0x0c,0xf2,0xeb,0xf1,0x0c,0xf2,0xeb,0xf1,0x0c,0xf2,0xeb,0xf1,0x0c,0xf2,0xeb,0xf1,
0x0c,0xf2,0xec,0xe9,0x0c,0xf2,0xec,0xe9,0x0c,0xf2,0xec,0xe9,0x0d,0xf2,0xec,0xe9,0x0d,0xf2,0xed,0xe9,0x0d,0xf2,0x0d,0xea,0x0d,0xea,0x0d,0xea,0x0e,0xea,0x0d,0xea,
0x0e,0xea,0x0d,0xea,0x0e,0xea,0x0e,0xea,0x0e,0xea,0x0e,0xe2,0x0e,0xea,0x0e,0xe2,0x0f,0xea,0x0e,0xe2,0x0f,0xea,0x0e,0xe2,0x0f,0xea,0x0e,0xe2,0x2f,0xea,0x0f,0xe2,
0x3d,0x26,0x5d,0x2e,0x3d,0x26,0x5d,0x2e,0x3d,0x26,0x5d,0x2e,0x3d,0x26,0x5d,0x26,0x5d,0x26,0x5d,0x2e,0x5d,0x26,0x5d,0x26,0x5d,0x26,0x5d,0x26,0x5d,0x26,0x7d,0x26,
0x5d,0x26,0x7d,0x26,0x5d,0x26,0x7d,0x26,0x5d,0x26,0x7d,0x26,0x7d,0x26,0x7d,0x26,0x7d,0x26,0x7d,0x26,0x7d,0x1e,0x9d,0x26,0x7d,0x26,0x9d,0x26,0x7d,0x1e,0x9d,0x26,
0x9d,0x1e,0x9d,0x26,0x9d,0x1e,0x9d,0x26,0x9d,0x1e,0x9d,0x26,0x9d,0x1e,0x9d,0x26,0x9d,0x1e,0x9d,0x26,0x9d,0x1e,0x9d,0x26,0x9d,0x1e,0x9d,0x26,0x9d,0x1e,0x9d,0x26,
0x9d,0x1e,0x9d,0x26,0x9d,0x1e,0x9d,0x26,0x9d,0x1e,0x9d,0x26,0x9d,0x1e,0x9d,0x26,0x9d,0x1e,0x9d,0x26,0x9d,0x1e,0x9d,0x26,0x9d,0x1e,0x9d,0x26,0x9d,0x1e,0x9d,0x26,
0x9d,0x1e,0x9d,0x26,0x9d,0x1e,0x9d,0x26,0x9d,0x1e,0x9d,0x26,0x9d,0x1e,0x9d,0x26,0x9d,0x1e,0x9d,0x26,0x9d,0x1e,0x9d,0x26,0x9d,0x1e,0x9d,0x26,0x9d,0x1e,0x9d,0x26,
0x9d,0x1e,0x9d,0x26,0x9d,0x1e,0x9d,0x26,0x9d,0x1e,0x9d,0x26,0x9d,0x1e,0x9d,0x26,0x9d,0x1e,0x9d,0x26,0x9d,0x1e,0x9d,0x26,0xeb,0xf1,0xeb,0xf1,0xeb,0xf1,0xeb,0xf1,
0xeb,0xf1,0xeb,0xf1,0xeb,0xf1,0xeb,0xf1,0xeb,0xf1,0xeb,0xf1,0xeb,0xf1,0xeb,0xf1,0xeb,0xf1,0xeb,0xf1,0xeb,0xf1,0xeb,0xf1,0xeb,0xf1,0xeb,0xf1,0xeb,0xf1,0xeb,0xf1,
0xeb,0xf1,0xeb,0xf1,0xeb,0xf1,0xeb,0xf1,0xeb,0xf1,0xeb,0xf1,0xeb,0xf1,0xeb,0xf1,0xeb,0xf1,0xeb,0xf1,0xeb,0xf1,0xeb,0xf1,0xeb,0xf1,0xeb,0xf1,0xeb,0xf1,0xeb,0xf1,
0xeb,0xf1,0xeb,0xf1,0xeb,0xf1,0xeb,0xf1,0xeb,0xf1,0xeb,0xf1,0xeb,0xf1,0xeb,0xf1,0xeb,0xf1,0xeb,0xf1,0xeb,0xf1,0xeb,0xf1,0xeb,0xf1,0xeb,0xf1,0xeb,0xf1,0xeb,0xf1,
0xeb,0xf1,0xeb,0xf1,0xeb,0xf1,0xeb,0xf1,0xeb,0xf1,0xeb,0xf1,0xeb,0xf1,0xeb,0xf1,0xeb,0xe9,0xec,0xf1,0xeb,0xe9,0xec,0xf1,0xec,0xe9,0x0c,0xf2,0xec,0xe9,0x0c,0xea,
0xec,0xe9,0x0d,0xea,0xec,0xe9,0x0d,0xea,0xed,0xe9,0x0d,0xea,0xed,0xe9,0x0d,0xea,0xed,0xe9,0x0e,0xea,0xed,0xe1,0x0e,0xea,0xed,0xe1,0x0e,0xea,0x0d,0xe2,0x0e,0xea,
0x0e,0xe2,0x0e,0xea,0x0e,0xe2,0x0e,0xe2,0x0e,0xe2,0x0f,0xe2,0x0e,0xe2,0x0f,0xe2,0x5e,0x2e,0x3d,0x26,0x5e,0x2e,0x5d,0x26,0x5e,0x2e,0x5d,0x26,0x5e,0x2e,0x5d,0x26,
0x5e,0x2e,0x5d,0x26,0x7e,0x2e,0x5d,0x26,0x7e,0x2e,0x5d,0x26,0x7e,0x2e,0x5d,0x26,0x7e,0x2e,0x7d,0x26,0x7e,0x26,0x7d,0x26,0x7e,0x26,0x7d,0x26,0x9e,0x26,0x7d,0x26,
0x9e,0x26,0x7d,0x26,0x9e,0x26,0x7d,0x26,0x9e,0x26,0x9d,0x26,0x9e,0x26,0x9d,0x26,0xbe,0x26,0x9d,0x26,0xbe,0x26,0x9d,0x26,0xbe,0x26,0x9d,0x26,0xbe,0x26,0x9d,0x26,
0xbe,0x26,0x9d,0x26,0xbe,0x26,0x9d,0x26,0xbe,0x26,0x9d,0x26,0xbe,0x26,0x9d,0x26,0xbe,0x26,0x9d,0x26,0xbe,0x26,0x9d,0x26,0xbe,0x26,0x9d,0x26,0xbe,0x26,0x9d,0x26,
0xbe,0x26,0x9d,0x26,0xbe,0x26,0x9d,0x26,0xbe,0x26,0x9d,0x26,0xbe,0x26,0x9d,0x26,0xbe,0x26,0x9d,0x26,0xbe,0x26,0x9d,0x26,0xbe,0x26,0x9d,0x26,0xbe,0x26,0x9d,0x26,
0xbe,0x26,0x9d,0x26,0xbe,0x26,0x9d,0x26,0xbe,0x26,0x9d,0x26,0xbe,0x26,0x9d,0x26,0xbe,0x26,0x9d,0x26,0xbe,0x26,0x9d,0x26,0xbe,0x26,0x9d,0x26,0xbe,0x26,0x9d,0x26,
0xbe,0x26,0x9d,0x26,0xbe,0x26,0x9d,0x26,0x0c,0xf2,0xeb,0xf1,0x0c,0xf2,0xeb,0xf1,0x0c,0xf2,0xeb,0xf1,0x0c,0xf2,0xeb,0xf1,0x0c,0xf2,0xeb,0xf1,0x0c,0xf2,0xeb,0xf1,
0x0c,0xf2,0xeb,0xf1,0x0c,0xf2,0xeb,0xf1,0x0c,0xf2,0xeb,0xf1,0x0c,0xf2,0xeb,0xf1,0x0c,0xf2,0xeb,0xf1,0x0c,0xf2,0xeb,0xf1,0x0c,0xf2,0xeb,0xf1,0x0c,0xf2,0xeb,0xf1,
0x0c,0xf2,0xeb,0xf1,0x0c,0xf2,0xeb,0xf1,0x0c,0xf2,0xeb,0xf1,0x0c,0xf2,0xeb,0xf1,0x0c,0xf2,0xeb,0xf1,0x0c,0xf2,0xeb,0xf1,0x0c,0xf2,0xeb,0xf1,0x0c,0xf2,0xeb,0xf1,
0x0c,0xf2,0xeb,0xf1,0x0c,0xf2,0xeb,0xf1,0x0c,0xf2,0xeb,0xf1,0x0c,0xf2,0xeb,0xf1,0x0c,0xf2,0xeb,0xf1,0x0c,0xf2,0xeb,0xf1,0x0c,0xf2,0xeb,0xf1,0x0c,0xf2,0xeb,0xf1,
0x0c,0xf2,0xeb,0xf1,0x0c,0xf2,0xec,0xe9,0x0c,0xf2,0xec,0xe9,0x0c,0xf2,0xec,0xe9,0x0d,0xf2,0xec,0xe9,0x0d,0xf2,0xec,0xe9,0x0d,0xf2,0xed,0xe9,0x0d,0xea,0x0d,0xea,
0x0e,0xea,0x0d,0xea,0x0e,0xea,0x0d,0xea,0x0e,0xea,0x0e,0xea,0x0e,0xea,0x0e,0xe2,0x0e,0xea,0x0e,0xe2,0x0e,0xea,0x0e,0xe2,0x0f,0xea,0x0e,0xe2,0x0f,0xea,0x0e,0xe2,
0x3d,0x26,0x5d,0x2e,0x3d,0x26,0x5d,0x2e,0x3d,0x26,0x5d,0x26,0x5d,0x26,0x5d,0x2e,0x5d,0x26,0x5d,0x26,0x5d,0x26,0x5d,0x26,0x5d,0x26,0x7d,0x26,0x5d,0x26,0x7d,0x26,
0x5d,0x26,0x7d,0x26,0x7d,0x26,0x7d,0x26,0x7d,0x26,0x7d,0x26,0x7d,0x26,0x7d,0x26,0x7d,0x1e,0x9d,0x26,0x7d,0x26,0x9d,0x26,0x7d,0x1e,0x9d,0x26,0x9d,0x1e,0x9d,0x26,
0x9d,0x1e,0x9d,0x26,0x9d,0x1e,0x9d,0x26,0x9d,0x1e,0x9d,0x26,0x9d,0x1e,0x9d,0x26,0x9d,0x1e,0x9d,0x26,0x9d,0x1e,0x9d,0x26,0x9d,0x1e,0x9d,0x26,0x9d,0x1e,0x9d,0x26,
0x9d,0x1e,0x9d,0x26,0x9d,0x1e,0x9d,0x26,0x9d,0x1e,0x9d,0x26,0x9d,0x1e,0x9d,0x26,0x9d,0x1e,0x9d,0x26,0x9d,0x1e,0x9d,0x26,0x9d,0x1e,0x9d,0x26,0x9d,0x1e,0x9d,0x26,
0x9d,0x1e,0x9d,0x26,0x9d,0x1e,0x9d,0x26,0x9d,0x1e,0x9d,0x26,0x9d,0x1e,0x9d,0x26,0x9d,0x1e,0x9d,0x26,0x9d,0x1e,0x9d,0x26,0x9d,0x1e,0x9d,0x26,0x9d,0x1e,0x9d,0x26,
0x9d,0x1e,0x9d,0x26,0x9d,0x1e,0x9d,0x26,0x9d,0x1e,0x9d,0x26,0x9d,0x1e,0x9d,0x26,0x9d,0x1e,0x9d,0x26,0x9d,0x1e,0x9d,0x26,0xeb,0xf1,0xeb,0xf1,0xeb,0xf1,0xeb,0xf1,
0xeb,0xf1,0xeb,0xf1,0xeb,0xf1,0xeb,0xf1,0xeb,0xf1,0xeb,0xf1,0xeb,0xf1,0xeb,0xf1,0xeb,0xf1,0xeb,0xf1,0xeb,0xf1,0xeb,0xf1,0xeb,0xf1,0xeb,0xf1,0xeb,0xf1,0xeb,0xf1,
0xeb,0xf1,0xeb,0xf1,0xeb,0xf1,0xeb,0xf1,0xeb,0xf1,0xeb,0xf1,0xeb,0xf1,0xeb,0xf1,0xeb,0xf1,0xeb,0xf1,0xeb,0xf1,0xeb,0xf1,0xeb,0xf1,0xeb,0xf1,0xeb,0xf1,0xeb,0xf1,
0xeb,0xf1,0xeb,0xf1,0xeb,0xf1,0xeb,0xf1,0xeb,0xf1,0xeb,0xf1,0xeb,0xf1,0xeb,0xf1,0xeb,0xf1,0xeb,0xf1,0xeb,0xf1,0xeb,0xf1,0xeb,0xf1,0xeb,0xf1,0xeb,0xf1,0xeb,0xf1,
0xeb,0xf1,0xeb,0xf1,0xeb,0xf1,0xeb,0xf1,0xeb,0xf1,0xeb,0xf1,0xeb,0xf1,0xeb,0xf1,0xeb,0xf1,0xeb,0xf1,0xeb,0xe9,0xec,0xf1,0xeb,0xe9,0xec,0xf1,0xec,0xe9,0x0c,0xf2,
0xec,0xe9,0x0c,0xea,0xec,0xe9,0x0d,0xea,0xec,0xe9,0x0d,0xea,0xed,0xe9,0x0d,0xea,0xed,0xe9,0x0d,0xea,0xed,0xe9,0x0e,0xea,0xed,0xe1,0x0e,0xea,0xed,0xe1,0x0e,0xea,
0x0d,0xe2,0x0e,0xea,0x0e,0xe2,0x0e,0xea,0x0e,0xe2,0x0e,0xe2,0x0e,0xe2,0x0f,0xea,0x5e,0x2e,0x5d,0x26,0x5e,0x2e,0x5d,0x26,0x5e,0x2e,0x5d,0x26,0x5e,0x2e,0x5d,0x26,
0x7e,0x2e,0x5d,0x26,0x7e,0x2e,0x5d,0x26,0x7e,0x26,0x5d,0x26,0x7e,0x2e,0x7d,0x26,0x7e,0x26,0x7d,0x26,0x7e,0x26,0x7d,0x26,0x9e,0x26,0x7d,0x26,0x9e,0x26,0x7d,0x26,
0x9e,0x26,0x7d,0x26,0x9e,0x26,0x9d,0x26,0x9e,0x26,0x9d,0x26,0xbe,0x26,0x9d,0x26,0xbe,0x26,0x9d,0x26,0xbe,0x26,0x9d,0x26,0xbe,0x26,0x9d,0x26,0xbe,0x26,0x9d,0x26,
0xbe,0x26,0x9d,0x26,0xbe,0x26,0x9d,0x26,0xbe,0x26,0x9d,0x26,0xbe,0x26,0x9d,0x26,0xbe,0x26,0x9d,0x26,0xbe,0x26,0x9d,0x26,0xbe,0x26,0x9d,0x26,0xbe,0x26,0x9d,0x26,
0xbe,0x26,0x9d,0x26,0xbe,0x26,0x9d,0x26,0xbe,0x26,0x9d,0x26,0xbe,0x26,0x9d,0x26,0xbe,0x26,0x9d,0x26,0xbe,0x26,0x9d,0x26,0xbe,0x26,0x9d,0x26,0xbe,0x26,0x9d,0x26,
0xbe,0x26,0x9d,0x26,0xbe,0x26,0x9d,0x26,0xbe,0x26,0x9d,0x26,0xbe,0x26,0x9d,0x26,0xbe,0x26,0x9d,0x26,0xbe,0x26,0x9d,0x26,0xbe,0x26,0x9d,0x26,0xbe,0x26,0x9d,0x26,
0xbe,0x26,0x9d,0x26,0xbe,0x26,0x9d,0x26,0x0c,0xf2,0xeb,0xf1,0x0c,0xf2,0xeb,0xf1,0x0c,0xf2,0xeb,0xf1,0x0c,0xf2,0xeb,0xf1,0x0c,0xf2,0xeb,0xf1,0x0c,0xf2,0xeb,0xf1,
0x0c,0xf2,0xeb,0xf1,0x0c,0xf2,0xeb,0xf1,0x0c,0xf2,0xeb,0xf1,0x0c,0xf2,0xeb,0xf1,0x0c,0xf2,0xeb,0xf1,0x0c,0xf2,0xeb,0xf1,0x0c,0xf2,0xeb,0xf1,0x0c,0xf2,0xeb,0xf1,
0x0c,0xf2,0xeb,0xf1,0x0c,0xf2,0xeb,0xf1,0x0c,0xf2,0xeb,0xf1,0x0c,0xf2,0xeb,0xf1,0x0c,0xf2,0xeb,0xf1,0x0c,0xf2,0xeb,0xf1,0x0c,0xf2,0xeb,0xf1,0x0c,0xf2,0xeb,0xf1,
0x0c,0xf2,0xeb,0xf1,0x0c,0xf2,0xeb,0xf1,0x0c,0xf2,0xeb,0xf1,0x0c,0xf2,0xeb,0xf1,0x0c,0xf2,0xeb,0xf1,0x0c,0xf2,0xeb,0xf1,0x0c,0xf2,0xeb,0xf1,0x0c,0xf2,0xeb,0xf1,
0x0c,0xf2,0xeb,0xf1,0x0c,0xf2,0xeb,0xf1,0x0c,0xf2,0xec,0xe9,0x0c,0xf2,0xec,0xf1,0x0c,0xf2,0xec,0xe9,0x0d,0xf2,0xec,0xe9,0x0d,0xf2,0xec,0xe9,0x0d,0xf2,0xed,0xe9,
0x0d,0xea,0x0d,0xea,0x0e,0xea,0x0d,0xea,0x0e,0xea,0x0d,0xea,0x0e,0xea,0x0e,0xea,0x0e,0xea,0x0e,0xe2,0x0e,0xea,0x0e,0xe2,0x0e,0xea,0x0e,0xe2,0x0f,0xea,0x0e,0xe2,
0x3d,0x26,0x5d,0x2e,0x3d,0x26,0x5d,0x26,0x5d,0x26,0x5d,0x26,0x5d,0x26,0x5d,0x26,0x5d,0x26,0x5d,0x26,0x5d,0x26,0x7d,0x26,0x5d,0x26,0x7d,0x26,0x5d,0x26,0x7d,0x26,
0x7d,0x26,0x7d,0x26,0x7d,0x26,0x7d,0x26,0x7d,0x26,0x7d,0x26,0x7d,0x1e,0x9d,0x26,0x7d,0x26,0x9d,0x26,0x7d,0x1e,0x9d,0x26,0x9d,0x1e,0x9d,0x26,0x9d,0x1e,0x9d,0x26,
0x9d,0x1e,0x9d,0x26,0x9d,0x1e,0x9d,0x26,0x9d,0x1e,0x9d,0x26,0x9d,0x1e,0x9d,0x26,0x9d,0x1e,0x9d,0x26,0x9d,0x1e,0x9d,0x26,0x9d,0x1e,0x9d,0x26,0x9d,0x1e,0x9d,0x26,
0x9d,0x1e,0x9d,0x26,0x9d,0x1e,0x9d,0x26,0x9d,0x1e,0x9d,0x26,0x9d,0x1e,0x9d,0x26,0x9d,0x1e,0x9d,0x26,0x9d,0x1e,0x9d,0x26,0x9d,0x1e,0x9d,0x26,0x9d,0x1e,0x9d,0x26,
0x9d,0x1e,0x9d,0x26,0x9d,0x1e,0x9d,0x26,0x9d,0x1e,0x9d,0x26,0x9d,0x1e,0x9d,0x26,0x9d,0x1e,0x9d,0x26,0x9d,0x1e,0x9d,0x26,0x9d,0x1e,0x9d,0x26,0x9d,0x1e,0x9d,0x26,
0x9d,0x1e,0x9d,0x26,0x9d,0x1e,0x9d,0x26,0x9d,0x1e,0x9d,0x26,0x9d,0x1e,0x9d,0x26,0x9d,0x1e,0x9d,0x26,0x9d,0x1e,0x9d,0x26,0xeb,0xf1,0xeb,0xf1,0xeb,0xf1,0xeb,0xf1,
0xeb,0xf1,0xeb,0xf1,0xeb,0xf1,0xeb,0xf1,0xeb,0xf1,0xeb,0xf1,0xeb,0xf1,0xeb,0xf1,0xeb,0xf1,0xeb,0xf1,0xeb,0xf1,0xeb,0xf1,0xeb,0xf1,0xeb,0xf1,0xeb,0xf1,0xeb,0xf1,
0xeb,0xf1,0xeb,0xf1,0xeb,0xf1,0xeb,0xf1,0xeb,0xf1,0xeb,0xf1,0xeb,0xf1,0xeb,0xf1,0xeb,0xf1,0xeb,0xf1,0xeb,0xf1,0xeb,0xf1,0xeb,0xf1,0xeb,0xf1,0xeb,0xf1,0xeb,0xf1,
0xeb,0xf1,0xeb,0xf1,0xeb,0xf1,0xeb,0xf1,0xeb,0xf1,0xeb,0xf1,0xeb,0xf1,0xeb,0xf1,0xeb,0xf1,0xeb,0xf1,0xeb,0xf1,0xeb,0xf1,0xeb,0xf1,0xeb,0xf1,0xeb,0xf1,0xeb,0xf1,
0xeb,0xf1,0xeb,0xf1,0xeb,0xf1,0xeb,0xf1,0xeb,0xf1,0xeb,0xf1,0xeb,0xf1,0xeb,0xf1,0xeb,0xf1,0xeb,0xf1,0xeb,0xf1,0xeb,0xf1,0xeb,0xe9,0xec,0xf1,0xeb,0xe9,0xec,0xf1,
0xec,0xe9,0xec,0xf1,0xec,0xe9,0x0c,0xea,0xec,0xe9,0x0d,0xea,0xec,0xe9,0x0d,0xea,0xed,0xe9,0x0d,0xea,0xed,0xe9,0x0d,0xea,0xed,0xe9,0x0e,0xea,0xed,0xe1,0x0e,0xea,
0xed,0xe1,0x0e,0xea,0xed,0xe1,0x0e,0xea,0x0e,0xe2,0x0e,0xea,0x0e,0xe2,0x0e,0xe2,0x5e,0x2e,0x5d,0x26,0x5e,0x2e,0x5d,0x26,0x5e,0x2e,0x5d,0x26,0x7e,0x2e,0x5d,0x26,
0x7e,0x2e,0x5d,0x26,0x7e,0x26,0x5d,0x26,0x7e,0x2e,0x7d,0x26,0x7e,0x26,0x7d,0x26,0x7e,0x26,0x7d,0x26,0x9e,0x26,0x7d,0x26,0x9e,0x26,0x7d,0x26,0x9e,0x26,0x9d,0x26,
0x9e,0x26,0x9d,0x26,0x9e,0x26,0x9d,0x26,0xbe,0x26,0x9d,0x26,0xbe,0x26,0x9d,0x26,0xbe,0x26,0x9d,0x26,0xbe,0x26,0x9d,0x26,0xbe,0x26,0x9d,0x26,0xbe,0x26,0x9d,0x26,
0xbe,0x26,0x9d,0x26,0xbe,0x26,0x9d,0x26,0xbe,0x26,0x9d,0x26,0xbe,0x26,0x9d,0x26,0xbe,0x26,0x9d,0x26,0xbe,0x26,0x9d,0x26,0xbe,0x26,0x9d,0x26,0xbe,0x26,0x9d,0x26,
0xbe,0x26,0x9d,0x26,0xbe,0x26,0x9d,0x26,0xbe,0x26,0x9d,0x26,0xbe,0x26,0x9d,0x26,0xbe,0x26,0x9d,0x26,0xbe,0x26,0x9d,0x26,0xbe,0x26,0x9d,0x26,0xbe,0x26,0x9d,0x26,
0xbe,0x26,0x9d,0x26,0xbe,0x26,0x9d,0x26,0xbe,0x26,0x9d,0x26,0xbe,0x26,0x9d,0x26,0xbe,0x26,0x9d,0x26,0xbe,0x26,0x9d,0x26,0xbe,0x26,0x9d,0x26,0xbe,0x26,0x9d,0x26,
0xbe,0x26,0x9d,0x26,0xbe,0x26,0x9d,0x26,0x0c,0xf2,0xeb,0xf1,0x0c,0xf2,0xeb,0xf1,0x0c,0xf2,0xeb,0xf1,0x0c,0xf2,0xeb,0xf1,0x0c,0xf2,0xeb,0xf1,0x0c,0xf2,0xeb,0xf1,
0x0c,0xf2,0xeb,0xf1,0x0c,0xf2,0xeb,0xf1,0x0c,0xf2,0xeb,0xf1,0x0c,0xf2,0xeb,0xf1,0x0c,0xf2,0xeb,0xf1,0x0c,0xf2,0xeb,0xf1,0x0c,0xf2,0xeb,0xf1,0x0c,0xf2,0xeb,0xf1,
0x0c,0xf2,0xeb,0xf1,0x0c,0xf2,0xeb,0xf1,0x0c,0xf2,0xeb,0xf1,0x0c,0xf2,0xeb,0xf1,0x0c,0xf2,0xeb,0xf1,0x0c,0xf2,0xeb,0xf1,0x0c,0xf2,0xeb,0xf1,0x0c,0xf2,0xeb,0xf1,
0x0c,0xf2,0xeb,0xf1,0x0c,0xf2,0xeb,0xf1,0x0c,0xf2,0xeb,0xf1,0x0c,0xf2,0xeb,0xf1,0x0c,0xf2,0xeb,0xf1,0x0c,0xf2,0xeb,0xf1,0x0c,0xf2,0xeb,0xf1,0x0c,0xf2,0xeb,0xf1,
0x0c,0xf2,0xeb,0xf1,0x0c,0xf2,0xeb,0xf1,0x0c,0xf2,0xeb,0xf1,0x0c,0xf2,0xeb,0xf1,0x0c,0xf2,0xec,0xf1,0x0c,0xf2,0xec,0xe9,0x0d,0xf2,0xec,0xe9,0x0d,0xf2,0xec,0xe9,
0x0d,0xf2,0xed,0xe9,0x0d,0xea,0x0d,0xea,0x0e,0xea,0x0d,0xea,0x0e,0xea,0x0d,0xea,0x0e,0xea,0x0e,0xea,0x0e,0xea,0x0e,0xe2,0x0e,0xea,0x0e,0xea,0x0e,0xea,0x0e,0xe2,
0x5d,0x26,0x5d,0x26,0x5d,0x26,0x5d,0x26,0x5d,0x26,0x5d,0x26,0x5d,0x26,0x7d,0x26,0x5d,0x26,0x7d,0x26,0x5d,0x26,0x7d,0x26,0x5d,0x26,0x7d,0x26,0x7d,0x26,0x7d,0x26,
0x7d,0x26,0x7d,0x26,0x7d,0x26,0x9d,0x26,0x7d,0x1e,0x9d,0x26,0x7d,0x26,0x9d,0x26,0x7d,0x1e,0x9d,0x26,0x9d,0x1e,0x9d,0x26,0x9d,0x1e,0x9d,0x26,0x9d,0x1e,0x9d,0x26,
0x9d,0x1e,0x9d,0x26,0x9d,0x1e,0x9d,0x26,0x9d,0x1e,0x9d,0x26,0x9d,0x1e,0x9d,0x26,0x9d,0x1e,0x9d,0x26,0x9d,0x1e,0x9d,0x26,0x9d,0x1e,0x9d,0x26,0x9d,0x1e,0x9d,0x26,
0x9d,0x1e,0x9d,0x26,0x9d,0x1e,0x9d,0x26,0x9d,0x1e,0x9d,0x26,0x9d,0x1e,0x9d,0x26,0x9d,0x1e,0x9d,0x26,0x9d,0x1e,0x9d,0x26,0x9d,0x1e,0x9d,0x26,0x9d,0x1e,0x9d,0x26,
0x9d,0x1e,0x9d,0x26,0x9d,0x1e,0x9d,0x26,0x9d,0x1e,0x9d,0x26,0x9d,0x1e,0x9d,0x26,0x9d,0x1e,0x9d,0x26,0x9d,0x1e,0x9d,0x26,0x9d,0x1e,0x9d,0x26,0x9d,0x1e,0x9d,0x26,
0x9d,0x1e,0x9d,0x26,0x9d,0x1e,0x9d,0x26,0x9d,0x1e,0x9d,0x26,0x9d,0x1e,0x9d,0x26,0x9d,0x1e,0x9d,0x26,0x9d,0x1e,0x9d,0x26,0xeb,0xf1,0xeb,0xf1,0xeb,0xf1,0xeb,0xf1,
0xeb,0xf1,0xeb,0xf1,0xeb,0xf1,0xeb,0xf1,0xeb,0xf1,0xeb,0xf1,0xeb,0xf1,0xeb,0xf1,0xeb,0xf1,0xeb,0xf1,0xeb,0xf1,0xeb,0xf1,0xeb,0xf1,0xeb,0xf1,0xeb,0xf1,0xeb,0xf1,
0xeb,0xf1,0xeb,0xf1,0xeb,0xf1,0xeb,0xf1,0xeb,0xf1,0xeb,0xf1,0xeb,0xf1,0xeb,0xf1,0xeb,0xf1,0xeb,0xf1,0xeb,0xf1,0xeb,0xf1,0xeb,0xf1,0xeb,0xf1,0xeb,0xf1,0xeb,0xf1,
0xeb,0xf1,0xeb,0xf1,0xeb,0xf1,0xeb,0xf1,0xeb,0xf1,0xeb,0xf1,0xeb,0xf1,0xeb,0xf1,0xeb,0xf1,0xeb,0xf1,0xeb,0xf1,0xeb,0xf1,0xeb,0xf1,0xeb,0xf1,0xeb,0xf1,0xeb,0xf1,
0xeb,0xf1,0xeb,0xf1,0xeb,0xf1,0xeb,0xf1,0xeb,0xf1,0xeb,0xf1,0xeb,0xf1,0xeb,0xf1,0xeb,0xf1,0xeb,0xf1,0xeb,0xf1,0xeb,0xf1,0xeb,0xf1,0xeb,0xf1,0xeb,0xf1,0xec,0xf1,
0xeb,0xe9,0xec,0xf1,0xec,0xe9,0xec,0xf1,0xec,0xe9,0x0c,0xea,0xec,0xe9,0x0d,0xea,0xec,0xe9,0x0d,0xea,0xec,0xe9,0x0d,0xea,0xed,0xe9,0x0d,0xea,0xed,0xe9,0x0d,0xea,
0xed,0xe1,0x0e,0xea,0xed,0xe1,0x0e,0xea,0xed,0xe1,0x0e,0xea,0x0e,0xe2,0x0e,0xea,0x5e,0x2e,0x5d,0x26,0x7e,0x2e,0x5d,0x26,0x7e,0x2e,0x5d,0x26,0x7e,0x2e,0x5d,0x26,
0x7e,0x26,0x7d,0x26,0x7e,0x2e,0x7d,0x26,0x7e,0x26,0x7d,0x26,0x7e,0x26,0x7d,0x26,0x9e,0x26,0x7d,0x26,0x9e,0x26,0x7d,0x26,0x9e,0x26,0x9d,0x26,0x9e,0x26,0x9d,0x26,
0x9e,0x26,0x9d,0x26,0xbe,0x26,0x9d,0x26,0xbe,0x26,0x9d,0x26,0xbe,0x26,0x9d,0x26,0xbe,0x26,0x9d,0x26,0xbe,0x26,0x9d,0x26,0xbe,0x26,0x9d,0x26,0xbe,0x26,0x9d,0x26,
0xbe,0x26,0x9d,0x26,0xbe,0x26,0x9d,0x26,0xbe,0x26,0x9d,0x26,0xbe,0x26,0x9d,0x26,0xbe,0x26,0x9d,0x26,0xbe,0x26,0x9d,0x26,0xbe,0x26,0x9d,0x26,0xbe,0x26,0x9d,0x26,
0xbe,0x26,0x9d,0x26,0xbe,0x26,0x9d,0x26,0xbe,0x26,0x9d,0x26,0xbe,0x26,0x9d,0x26,0xbe,0x26,0x9d,0x26,0xbe,0x26,0x9d,0x26,0xbe,0x26,0x9d,0x26,0xbe,0x26,0x9d,0x26,
0xbe,0x26,0x9d,0x26,0xbe,0x26,0x9d,0x26,0xbe,0x26,0x9d,0x26,0xbe,0x26,0x9d,0x26,0xbe,0x26,0x9d,0x26,0xbe,0x26,0x9d,0x26,0xbe,0x26,0x9d,0x26,0xbe,0x26,0x9d,0x26,
0xbe,0x26,0x9d,0x26,0xbe,0x26,0x9d,0x26,0x0c,0xf2,0xeb,0xf1,0x0c,0xf2,0xeb,0xf1,0x0c,0xf2,0xeb,0xf1,0x0c,0xf2,0xeb,0xf1,0x0c,0xf2,0xeb,0xf1,0x0c,0xf2,0xeb,0xf1,
0x0c,0xf2,0xeb,0xf1,0x0c,0xf2,0xeb,0xf1,0x0c,0xf2,0xeb,0xf1,0x0c,0xf2,0xeb,0xf1,0x0c,0xf2,0xeb,0xf1,0x0c,0xf2,0xeb,0xf1,0x0c,0xf2,0xeb,0xf1,0x0c,0xf2,0xeb,0xf1,
0x0c,0xf2,0xeb,0xf1,0x0c,0xf2,0xeb,0xf1,0x0c,0xf2,0xeb,0xf1,0x0c,0xf2,0xeb,0xf1,0x0c,0xf2,0xeb,0xf1,0x0c,0xf2,0xeb,0xf1,0x0c,0xf2,0xeb,0xf1,0x0c,0xf2,0xeb,0xf1,
0x0c,0xf2,0xeb,0xf1,0x0c,0xf2,0xeb,0xf1,0x0c,0xf2,0xeb,0xf1,0x0c,0xf2,0xeb,0xf1,0x0c,0xf2,0xeb,0xf1,0x0c,0xf2,0xeb,0xf1,0x0c,0xf2,0xeb,0xf1,0x0c,0xf2,0xeb,0xf1,
0x0c,0xf2,0xeb,0xf1,0x0c,0xf2,0xeb,0xf1,0x0c,0xf2,0xeb,0xf1,0x0c,0xf2,0xeb,0xf1,0x0c,0xf2,0xeb,0xf1,0x0c,0xf2,0xec,0xf1,0x0c,0xf2,0xec,0xe9,0x0d,0xf2,0xec,0xe9,
0x0d,0xf2,0xec,0xe9,0x0d,0xf2,0xed,0xe9,0x0d,0xea,0x0d,0xea,0x0d,0xea,0x0d,0xea,0x0e,0xea,0x0d,0xea,0x0e,0xea,0x0d,0xea,0x0e,0xea,0x0d,0xea,0x0e,0xea,0x0e,0xea,
0x5d,0x26,0x5d,0x26,0x5d,0x26,0x5d,0x26,0x5d,0x26,0x7d,0x26,0x5d,0x26,0x7d,0x26,0x5d,0x26,0x7d,0x26,0x5d,0x26,0x7d,0x26,0x7d,0x26,0x7d,0x26,0x7d,0x26,0x7d,0x26,
0x7d,0x26,0x9d,0x26,0x7d,0x1e,0x9d,0x26,0x7d,0x26,0x9d,0x26,0x7d,0x1e,0x9d,0x26,0x9d,0x1e,0x9d,0x26,0x9d,0x1e,0x9d,0x26,0x9d,0x1e,0x9d,0x26,0x9d,0x1e,0x9d,0x26,
0x9d,0x1e,0x9d,0x26,0x9d,0x1e,0x9d,0x26,0x9d,0x1e,0x9d,0x26,0x9d,0x1e,0x9d,0x26,0x9d,0x1e,0x9d,0x26,0x9d,0x1e,0x9d,0x26,0x9d,0x1e,0x9d,0x26,0x9d,0x1e,0x9d,0x26,
0x9d,0x1e,0x9d,0x26,0x9d,0x1e,0x9d,0x26,0x9d,0x1e,0x9d,0x26,0x9d,0x1e,0x9d,0x26,0x9d,0x1e,0x9d,0x26,0x9d,0x1e,0x9d,0x26,0x9d,0x1e,0x9d,0x26,0x9d,0x1e,0x9d,0x26,
0x9d,0x1e,0x9d,0x26,0x9d,0x1e,0x9d,0x26,0x9d,0x1e,0x9d,0x26,0x9d,0x1e,0x9d,0x26,0x9d,0x1e,0x9d,0x26,0x9d,0x1e,0x9d,0x26,0x9d,0x1e,0x9d,0x26,0x9d,0x1e,0x9d,0x26,
0x9d,0x1e,0x9d,0x26,0x9d,0x1e,0x9d,0x26,0x9d,0x1e,0x9d,0x26,0x9d,0x1e,0x9d,0x26,0x9d,0x1e,0x9d,0x26,0x9d,0x1e,0x9d,0x26,0xeb,0xf1,0xeb,0xf1,0xeb,0xf1,0xeb,0xf1,
0xeb,0xf1,0xeb,0xf1,0xeb,0xf1,0xeb,0xf1,0xeb,0xf1,0xeb,0xf1,0xeb,0xf1,0xeb,0xf1,0xeb,0xf1,0xeb,0xf1,0xeb,0xf1,0xeb,0xf1,0xeb,0xf1,0xeb,0xf1,0xeb,0xf1,0xeb,0xf1,
0xeb,0xf1,0xeb,0xf1,0xeb,0xf1,0xeb,0xf1,0xeb,0xf1,0xeb,0xf1,0xeb,0xf1,0xeb,0xf1,0xeb,0xf1,0xeb,0xf1,0xeb,0xf1,0xeb,0xf1,0xeb,0xf1,0xeb,0xf1,0xeb,0xf1,0xeb,0xf1,
0xeb,0xf1,0xeb,0xf1,0xeb,0xf1,0xeb,0xf1,0xeb,0xf1,0xeb,0xf1,0xeb,0xf1,0xeb,0xf1,0xeb,0xf1,0xeb,0xf1,0xeb,0xf1,0xeb,0xf1,0xeb,0xf1,0xeb,0xf1,0xeb,0xf1,0xeb,0xf1,
0xeb,0xf1,0xeb,0xf1,0xeb,0xf1,0xeb,0xf1,0xeb,0xf1,0xeb,0xf1,0xeb,0xf1,0xeb,0xf1,0xeb,0xf1,0xeb,0xf1,0xeb,0xf1,0xeb,0xf1,0xeb,0xf1,0xeb,0xf1,0xeb,0xf1,0xeb,0xf1,
0xeb,0xf1,0xec,0xf1,0xeb,0xe9,0xec,0xf1,0xec,0xe9,0xec,0xf1,0xec,0xe9,0x0c,0xea,0xec,0xe9,0x0d,0xf2,0xec,0xe9,0x0d,0xea,0xec,0xe9,0x0d,0xea,0xec,0xe9,0x0d,0xea,
0xed,0xe9,0x0d,0xea,0xed,0xe1,0x0d,0xea,0xed,0xe1,0x0e,0xea,0xed,0xe1,0x0e,0xea,0x7e,0x2e,0x5d,0x26,0x7e,0x2e,0x5d,0x26,0x7e,0x2e,0x5d,0x26,0x7e,0x26,0x7d,0x26,
0x7e,0x2e,0x7d,0x26,0x7e,0x26,0x7d,0x26,0x7e,0x26,0x7d,0x26,0x9e,0x26,0x7d,0x26,0x9e,0x26,0x7d,0x26,0x9e,0x26,0x9d,0x26,0x9e,0x26,0x9d,0x26,0x9e,0x26,0x9d,0x26,
0xbe,0x26,0x9d,0x26,0xbe,0x26,0x9d,0x26,0xbe,0x26,0x9d,0x26,0xbe,0x26,0x9d,0x26,0xbe,0x26,0x9d,0x26,0xbe,0x26,0x9d,0x26,0xbe,0x26,0x9d,0x26,0xbe,0x26,0x9d,0x26,
0xbe,0x26,0x9d,0x26,0xbe,0x26,0x9d,0x26,0xbe,0x26,0x9d,0x26,0xbe,0x26,0x9d,0x26,0xbe,0x26,0x9d,0x26,0xbe,0x26,0x9d,0x26,0xbe,0x26,0x9d,0x26,0xbe,0x26,0x9d,0x26,
0xbe,0x26,0x9d,0x26,0xbe,0x26,0x9d,0x26,0xbe,0x26,0x9d,0x26,0xbe,0x26,0x9d,0x26,0xbe,0x26,0x9d,0x26,0xbe,0x26,0x9d,0x26,0xbe,0x26,0x9d,0x26,0xbe,0x26,0x9d,0x26,
0xbe,0x26,0x9d,0x26,0xbe,0x26,0x9d,0x26,0xbe,0x26,0x9d,0x26,0xbe,0x26,0x9d,0x26,0xbe,0x26,0x9d,0x26,0xbe,0x26,0x9d,0x26,0xbe,0x26,0x9d,0x26,0xbe,0x26,0x9d,0x26,
0xbe,0x26,0x9d,0x26,0xbe,0x26,0x9d,0x26,0x0c,0xf2,0xeb,0xf1,0x0c,0xf2,0xeb,0xf1,0x0c,0xf2,0xeb,0xf1,0x0c,0xf2,0xeb,0xf1,0x0c,0xf2,0xeb,0xf1,0x0c,0xf2,0xeb,0xf1,
0x0c,0xf2,0xeb,0xf1,0x0c,0xf2,0xeb,0xf1,0x0c,0xf2,0xeb,0xf1,0x0c,0xf2,0xeb,0xf1,0x0c,0xf2,0xeb,0xf1,0x0c,0xf2,0xeb,0xf1,0x0c,0xf2,0xeb,0xf1,0x0c,0xf2,0xeb,0xf1,
0x0c,0xf2,0xeb,0xf1,0x0c,0xf2,0xeb,0xf1,0x0c,0xf2,0xeb,0xf1,0x0c,0xf2,0xeb,0xf1,0x0c,0xf2,0xeb,0xf1,0x0c,0xf2,0xeb,0xf1,0x0c,0xf2,0xeb,0xf1,0x0c,0xf2,0xeb,0xf1,
0x0c,0xf2,0xeb,0xf1,0x0c,0xf2,0xeb,0xf1,0x0c,0xf2,0xeb,0xf1,0x0c,0xf2,0xeb,0xf1,0x0c,0xf2,0xeb,0xf1,0x0c,0xf2,0xeb,0xf1,0x0c,0xf2,0xeb,0xf1,0x0c,0xf2,0xeb,0xf1,
0x0c,0xf2,0xeb,0xf1,0x0c,0xf2,0xeb,0xf1,0x0c,0xf2,0xeb,0xf1,0x0c,0xf2,0xeb,0xf1,0x0c,0xf2,0xeb,0xf1,0x0c,0xf2,0xeb,0xf1,0x0c,0xf2,0xec,0xf1,0x0c,0xf2,0xec,0xe9,
0x0d,0xf2,0xec,0xe9,0x0d,0xf2,0xec,0xe9,0x0d,0xf2,0xed,0xe9,0x0d,0xea,0xed,0xe9,0x0d,0xea,0x0d,0xea,0x0d,0xea,0x0d,0xea,0x0e,0xea,0x0d,0xea,0x0e,0xea,0x0d,0xea,
0x5d,0x26,0x5d,0x26,0x5d,0x26,0x7d,0x26,0x5d,0x26,0x7d,0x26,0x5d,0x26,0x7d,0x26,0x5d,0x26,0x7d,0x26,0x7d,0x26,0x7d,0x26,0x7d,0x26,0x7d,0x26,0x7d,0x26,0x9d,0x26,
0x7d,0x1e,0x9d,0x26,0x7d,0x26,0x9d,0x26,0x7d,0x1e,0x9d,0x26,0x9d,0x1e,0x9d,0x26,0x9d,0x1e,0x9d,0x26,0x9d,0x1e,0x9d,0x26,0x9d,0x1e,0x9d,0x26,0x9d,0x1e,0x9d,0x26,
0x9d,0x1e,0x9d,0x26,0x9d,0x1e,0x9d,0x26,0x9d,0x1e,0x9d,0x26,0x9d,0x1e,0x9d,0x26,0x9d,0x1e,0x9d,0x26,0x9d,0x1e,0x9d,0x26,0x9d,0x1e,0x9d,0x26,0x9d,0x1e,0x9d,0x26,
0x9d,0x1e,0x9d,0x26,0x9d,0x1e,0x9d,0x26,0x9d,0x1e,0x9d,0x26,0x9d,0x1e,0x9d,0x26,0x9d,0x1e,0x9d,0x26,0x9d,0x1e,0x9d,0x26,0x9d,0x1e,0x9d,0x26,0x9d,0x1e,0x9d,0x26,
0x9d,0x1e,0x9d,0x26,0x9d,0x1e,0x9d,0x26,0x9d,0x1e,0x9d,0x26,0x9d,0x1e,0x9d,0x26,0x9d,0x1e,0x9d,0x26,0x9d,0x1e,0x9d,0x26,0x9d,0x1e,0x9d,0x26,0x9d,0x1e,0x9d,0x26,
0x9d,0x1e,0x9d,0x26,0x9d,0x1e,0x9d,0x26,0x9d,0x1e,0x9d,0x26,0x9d,0x1e,0x9d,0x26,0x9d,0x1e,0x9d,0x26,0x9d,0x1e,0x9d,0x26,0xeb,0xf1,0xeb,0xf1,0xeb,0xf1,0xeb,0xf1,
0xeb,0xf1,0xeb,0xf1,0xeb,0xf1,0xeb,0xf1,0xeb,0xf1,0xeb,0xf1,0xeb,0xf1,0xeb,0xf1,0xeb,0xf1,0xeb,0xf1,0xeb,0xf1,0xeb,0xf1,0xeb,0xf1,0xeb,0xf1,0xeb,0xf1,0xeb,0xf1,
0xeb,0xf1,0xeb,0xf1,0xeb,0xf1,0xeb,0xf1,0xeb,0xf1,0xeb,0xf1,0xeb,0xf1,0xeb,0xf1,0xeb,0xf1,0xeb,0xf1,0xeb,0xf1,0xeb,0xf1,0xeb,0xf1,0xeb,0xf1,0xeb,0xf1,0xeb,0xf1,
0xeb,0xf1,0xeb,0xf1,0xeb,0xf1,0xeb,0xf1,0xeb,0xf1,0xeb,0xf1,0xeb,0xf1,0xeb,0xf1,0xeb,0xf1,0xeb,0xf1,0xeb,0xf1,0xeb,0xf1,0xeb,0xf1,0xeb,0xf1,0xeb,0xf1,0xeb,0xf1,
0xeb,0xf1,0xeb,0xf1,0xeb,0xf1,0xeb,0xf1,0xeb,0xf1,0xeb,0xf1,0xeb,0xf1,0xeb,0xf1,0xeb,0xf1,0xeb,0xf1,0xeb,0xf1,0xeb,0xf1,0xeb,0xf1,0xeb,0xf1,0xeb,0xf1,0xeb,0xf1,
0xeb,0xf1,0xeb,0xf1,0xeb,0xf1,0xec,0xf1,0xeb,0xe9,0xec,0xf1,0xec,0xe9,0xec,0xf1,0xec,0xe9,0x0c,0xf2,0xec,0xe9,0x0d,0xf2,0xec,0xe9,0x0d,0xea,0xec,0xe9,0x0d,0xea,
0xec,0xe9,0x0d,0xea,0xed,0xe9,0x0d,0xea,0xed,0xe1,0x0d,0xea,0xed,0xe9,0x0e,0xea,0x7e,0x2e,0x5d,0x26,0x7e,0x2e,0x5d,0x26,0x7e,0x26,0x7d,0x26,0x7e,0x2e,0x7d,0x26,
0x7e,0x26,0x7d,0x26,0x7e,0x26,0x7d,0x26,0x9e,0x26,0x7d,0x26,0x9e,0x26,0x7d,0x26,0x9e,0x26,0x9d,0x26,0x9e,0x26,0x9d,0x26,0x9e,0x26,0x9d,0x26,0xbe,0x26,0x9d,0x26,
0xbe,0x26,0x9d,0x26,0xbe,0x26,0x9d,0x26,0xbe,0x26,0x9d,0x26,0xbe,0x26,0x9d,0x26,0xbe,0x26,0x9d,0x26,0xbe,0x26,0x9d,0x26,0xbe,0x26,0x9d,0x26,0xbe,0x26,0x9d,0x26,
0xbe,0x26,0x9d,0x26,0xbe,0x26,0x9d,0x26,0xbe,0x26,0x9d,0x26,0xbe,0x26,0x9d,0x26,0xbe,0x26,0x9d,0x26,0xbe,0x26,0x9d,0x26,0xbe,0x26,0x9d,0x26,0xbe,0x26,0x9d,0x26,
0xbe,0x26,0x9d,0x26,0xbe,0x26,0x9d,0x26,0xbe,0x26,0x9d,0x26,0xbe,0x26,0x9d,0x26,0xbe,0x26,0x9d,0x26,0xbe,0x26,0x9d,0x26,0xbe,0x26,0x9d,0x26,0xbe,0x26,0x9d,0x26,
0xbe,0x26,0x9d,0x26,0xbe,0x26,0x9d,0x26,0xbe,0x26,0x9d,0x26,0xbe,0x26,0x9d,0x26,0xbe,0x26,0x9d,0x26,0xbe,0x26,0x9d,0x26,0xbe,0x26,0x9d,0x26,0xbe,0x26,0x9d,0x26,
0xbe,0x26,0x9d,0x26,0xbe,0x26,0x9d,0x26,0x0c,0xf2,0xeb,0xf1,0x0c,0xf2,0xeb,0xf1,0x0c,0xf2,0xeb,0xf1,0x0c,0xf2,0xeb,0xf1,0x0c,0xf2,0xeb,0xf1,0x0c,0xf2,0xeb,0xf1,
0x0c,0xf2,0xeb,0xf1,0x0c,0xf2,0xeb,0xf1,0x0c,0xf2,0xeb,0xf1,0x0c,0xf2,0xeb,0xf1,0x0c,0xf2,0xeb,0xf1,0x0c,0xf2,0xeb,0xf1,0x0c,0xf2,0xeb,0xf1,0x0c,0xf2,0xeb,0xf1,
0x0c,0xf2,0xeb,0xf1,0x0c,0xf2,0xeb,0xf1,0x0c,0xf2,0xeb,0xf1,0x0c,0xf2,0xeb,0xf1,0x0c,0xf2,0xeb,0xf1,0x0c,0xf2,0xeb,0xf1,0x0c,0xf2,0xeb,0xf1,0x0c,0xf2,0xeb,0xf1,
0x0c,0xf2,0xeb,0xf1,0x0c,0xf2,0xeb,0xf1,0x0c,0xf2,0xeb,0xf1,0x0c,0xf2,0xeb,0xf1,0x0c,0xf2,0xeb,0xf1,0x0c,0xf2,0xeb,0xf1,0x0c,0xf2,0xeb,0xf1,0x0c,0xf2,0xeb,0xf1,
0x0c,0xf2,0xeb,0xf1,0x0c,0xf2,0xeb,0xf1,0x0c,0xf2,0xeb,0xf1,0x0c,0xf2,0xeb,0xf1,0x0c,0xf2,0xeb,0xf1,0x0c,0xf2,0xeb,0xf1,0x0c,0xf2,0xeb,0xf1,0x0c,0xf2,0xec,0xf1,
0x0c,0xf2,0xec,0xe9,0x0d,0xf2,0xec,0xe9,0x0d,0xf2,0xec,0xe9,0x0d,0xf2,0xed,0xe9,0x0d,0xea,0xed,0xe9,0x0d,0xea,0x0d,0xea,0x0d,0xea,0x0d,0xea,0x0e,0xea,0x0d,0xea,
0x5d,0x26,0x7d,0x26,0x5d,0x26,0x7d,0x26,0x5d,0x26,0x7d,0x26,0x7d,0x26,0x7d,0x26,0x7d,0x26,0x7d,0x26,0x7d,0x26,0x7d,0x26,0x7d,0x26,0x9d,0x26,0x7d,0x1e,0x9d,0x26,
0x7d,0x26,0x9d,0x26,0x7d,0x1e,0x9d,0x26,0x9d,0x1e,0x9d,0x26,0x9d,0x1e,0x9d,0x26,0x9d,0x1e,0x9d,0x26,0x9d,0x1e,0x9d,0x26,0x9d,0x1e,0x9d,0x26,0x9d,0x1e,0x9d,0x26,
0x9d,0x1e,0x9d,0x26,0x9d,0x1e,0x9d,0x26,0x9d,0x1e,0x9d,0x26,0x9d,0x1e,0x9d,0x26,0x9d,0x1e,0x9d,0x26,0x9d,0x1e,0x9d,0x26,0x9d,0x1e,0x9d,0x26,0x9d,0x1e,0x9d,0x26,
0x9d,0x1e,0x9d,0x26,0x9d,0x1e,0x9d,0x26,0x9d,0x1e,0x9d,0x26,0x9d,0x1e,0x9d,0x26,0x9d,0x1e,0x9d,0x26,0x9d,0x1e,0x9d,0x26,0x9d,0x1e,0x9d,0x26,0x9d,0x1e,0x9d,0x26,
0x9d,0x1e,0x9d,0x26,0x9d,0x1e,0x9d,0x26,0x9d,0x1e,0x9d,0x26,0x9d,0x1e,0x9d,0x26,0x9d,0x1e,0x9d,0x26,0x9d,0x1e,0x9d,0x26,0x9d,0x1e,0x9d,0x26,0x9d,0x1e,0x9d,0x26,
0x9d,0x1e,0x9d,0x26,0x9d,0x1e,0x9d,0x26,0x9d,0x1e,0x9d,0x26,0x9d,0x1e,0x9d,0x26,0x9d,0x1e,0x9d,0x26,0x9d,0x1e,0x9d,0x26,0xeb,0xf1,0xeb,0xf1,0xeb,0xf1,0xeb,0xf1,
0xeb,0xf1,0xeb,0xf1,0xeb,0xf1,0xeb,0xf1,0xeb,0xf1,0xeb,0xf1,0xeb,0xf1,0xeb,0xf1,0xeb,0xf1,0xeb,0xf1,0xeb,0xf1,0xeb,0xf1,0xeb,0xf1,0xeb,0xf1,0xeb,0xf1,0xeb,0xf1,
0xeb,0xf1,0xeb,0xf1,0xeb,0xf1,0xeb,0xf1,0xeb,0xf1,0xeb,0xf1,0xeb,0xf1,0xeb,0xf1,0xeb,0xf1,0xeb,0xf1,0xeb,0xf1,0xeb,0xf1,0xeb,0xf1,0xeb,0xf1,0xeb,0xf1,0xeb,0xf1,
0xeb,0xf1,0xeb,0xf1,0xeb,0xf1,0xeb,0xf1,0xeb,0xf1,0xeb,0xf1,0xeb,0xf1,0xeb,0xf1,0xeb,0xf1,0xeb,0xf1,0xeb,0xf1,0xeb,0xf1,0xeb,0xf1,0xeb,0xf1,0xeb,0xf1,0xeb,0xf1,
0xeb,0xf1,0xeb,0xf1,0xeb,0xf1,0xeb,0xf1,0xeb,0xf1,0xeb,0xf1,0xeb,0xf1,0xeb,0xf1,0xeb,0xf1,0xeb,0xf1,0xeb,0xf1,0xeb,0xf1,0xeb,0xf1,0xeb,0xf1,0xeb,0xf1,0xeb,0xf1,
0xeb,0xf1,0xeb,0xf1,0xeb,0xf1,0xeb,0xf1,0xeb,0xf1,0xec,0xf1,0xeb,0xe9,0xec,0xf1,0xec,0xe9,0xec,0xf1,0xec,0xe9,0x0c,0xf2,0xec,0xe9,0x0d,0xf2,0xec,0xe9,0x0d,0xea,
0xec,0xe9,0x0d,0xea,0xec,0xe9,0x0d,0xea,0xed,0xe9,0x0d,0xea,0xed,0xe9,0x0d,0xea,0x7e,0x2e,0x5d,0x26,0x7e,0x26,0x7d,0x26,0x7e,0x2e,0x7d,0x26,0x7e,0x26,0x7d,0x26,
0x9e,0x26,0x7d,0x26,0x9e,0x26,0x7d,0x26,0x9e,0x26,0x7d,0x26,0x9e,0x26,0x9d,0x26,0x9e,0x26,0x9d,0x26,0x9e,0x26,0x9d,0x26,0xbe,0x26,0x9d,0x26,0xbe,0x26,0x9d,0x26,
0xbe,0x26,0x9d,0x26,0xbe,0x26,0x9d,0x26,0xbe,0x26,0x9d,0x26,0xbe,0x26,0x9d,0x26,0xbe,0x26,0x9d,0x26,0xbe,0x26,0x9d,0x26,0xbe,0x26,0x9d,0x26,0xbe,0x26,0x9d,0x26,
0xbe,0x26,0x9d,0x26,0xbe,0x26,0x9d,0x26,0xbe,0x26,0x9d,0x26,0xbe,0x26,0x9d,0x26,0xbe,0x26,0x9d,0x26,0xbe,0x26,0x9d,0x26,0xbe,0x26,0x9d,0x26,0xbe,0x26,0x9d,0x26,
0xbe,0x26,0x9d,0x26,0xbe,0x26,0x9d,0x26,0xbe,0x26,0x9d,0x26,0xbe,0x26,0x9d,0x26,0xbe,0x26,0x9d,0x26,0xbe,0x26,0x9d,0x26,0xbe,0x26,0x9d,0x26,0xbe,0x26,0x9d,0x26,
0xbe,0x26,0x9d,0x26,0xbe,0x26,0x9d,0x26,0xbe,0x26,0x9d,0x26,0xbe,0x26,0x9d,0x26,0xbe,0x26,0x9d,0x26,0xbe,0x26,0x9d,0x26,0xbe,0x26,0x9d,0x26,0xbe,0x26,0x9d,0x26,
0xbe,0x26,0x9d,0x26,0xbe,0x26,0x9d,0x26,0x0c,0xf2,0xeb,0xf1,0x0c,0xf2,0xeb,0xf1,0x0c,0xf2,0xeb,0xf1,0x0c,0xf2,0xeb,0xf1,0x0c,0xf2,0xeb,0xf1,0x0c,0xf2,0xeb,0xf1,
0x0c,0xf2,0xeb,0xf1,0x0c,0xf2,0xeb,0xf1,0x0c,0xf2,0xeb,0xf1,0x0c,0xf2,0xeb,0xf1,0x0c,0xf2,0xeb,0xf1,0x0c,0xf2,0xeb,0xf1,0x0c,0xf2,0xeb,0xf1,0x0c,0xf2,0xeb,0xf1,
0x0c,0xf2,0xeb,0xf1,0x0c,0xf2,0xeb,0xf1,0x0c,0xf2,0xeb,0xf1,0x0c,0xf2,0xeb,0xf1,0x0c,0xf2,0xeb,0xf1,0x0c,0xf2,0xeb,0xf1,0x0c,0xf2,0xeb,0xf1,0x0c,0xf2,0xeb,0xf1,
0x0c,0xf2,0xeb,0xf1,0x0c,0xf2,0xeb,0xf1,0x0c,0xf2,0xeb,0xf1,0x0c,0xf2,0xeb,0xf1,0x0c,0xf2,0xeb,0xf1,0x0c,0xf2,0xeb,0xf1,0x0c,0xf2,0xeb,0xf1,0x0c,0xf2,0xeb,0xf1,
0x0c,0xf2,0xeb,0xf1,0x0c,0xf2,0xeb,0xf1,0x0c,0xf2,0xeb,0xf1,0x0c,0xf2,0xeb,0xf1,0x0c,0xf2,0xeb,0xf1,0x0c,0xf2,0xeb,0xf1,0x0c,0xf2,0xeb,0xf1,0x0c,0xf2,0xeb,0xf1,
0x0c,0xf2,0xec,0xf1,0x0c,0xf2,0xec,0xe9,0x0d,0xf2,0xec,0xe9,0x0d,0xf2,0xec,0xe9,0x0d,0xf2,0xed,0xe9,0x0d,0xea,0xed,0xe9,0x0d,0xf2,0x0d,0xea,0x0d,0xea,0x0d,0xea,
0x5d,0x26,0x7d,0x26,0x5d,0x26,0x7d,0x26,0x7d,0x26,0x7d,0x26,0x7d,0x26,0x7d,0x26,0x7d,0x26,0x7d,0x26,0x7d,0x26,0x9d,0x26,0x7d,0x1e,0x9d,0x26,0x7d,0x26,0x9d,0x26,
0x7d,0x1e,0x9d,0x26,0x9d,0x1e,0x9d,0x26,0x9d,0x1e,0x9d,0x26,0x9d,0x1e,0x9d,0x26,0x9d,0x1e,0x9d,0x26,0x9d,0x1e,0x9d,0x26,0x9d,0x1e,0x9d,0x26,0x9d,0x1e,0x9d,0x26,
0x9d,0x1e,0x9d,0x26,0x9d,0x1e,0x9d,0x26,0x9d,0x1e,0x9d,0x26,0x9d,0x1e,0x9d,0x26,0x9d,0x1e,0x9d,0x26,0x9d,0x1e,0x9d,0x26,0x9d,0x1e,0x9d,0x26,0x9d,0x1e,0x9d,0x26,
0x9d,0x1e,0x9d,0x26,0x9d,0x1e,0x9d,0x26,0x9d,0x1e,0x9d,0x26,0x9d,0x1e,0x9d,0x26,0x9d,0x1e,0x9d,0x26,0x9d,0x1e,0x9d,0x26,0x9d,0x1e,0x9d,0x26,0x9d,0x1e,0x9d,0x26,
0x9d,0x1e,0x9d,0x26,0x9d,0x1e,0x9d,0x26,0x9d,0x1e,0x9d,0x26,0x9d,0x1e,0x9d,0x26,0x9d,0x1e,0x9d,0x26,0x9d,0x1e,0x9d,0x26,0x9d,0x1e,0x9d,0x26,0x9d,0x1e,0x9d,0x26,
0x9d,0x1e,0x9d,0x26,0x9d,0x1e,0x9d,0x26,0x9d,0x1e,0x9d,0x26,0x9d,0x1e,0x9d,0x26,0x9d,0x1e,0x9d,0x26,0x9d,0x1e,0x9d,0x26,0xeb,0xf1,0xeb,0xf1,0xeb,0xf1,0xeb,0xf1,
0xeb,0xf1,0xeb,0xf1,0xeb,0xf1,0xeb,0xf1,0xeb,0xf1,0xeb,0xf1,0xeb,0xf1,0xeb,0xf1,0xeb,0xf1,0xeb,0xf1,0xeb,0xf1,0xeb,0xf1,0xeb,0xf1,0xeb,0xf1,0xeb,0xf1,0xeb,0xf1,
0xeb,0xf1,0xeb,0xf1,0xeb,0xf1,0xeb,0xf1,0xeb,0xf1,0xeb,0xf1,0xeb,0xf1,0xeb,0xf1,0xeb,0xf1,0xeb,0xf1,0xeb,0xf1,0xeb,0xf1,0xeb,0xf1,0xeb,0xf1,0xeb,0xf1,0xeb,0xf1,
0xeb,0xf1,0xeb,0xf1,0xeb,0xf1,0xeb,0xf1,0xeb,0xf1,0xeb,0xf1,0xeb,0xf1,0xeb,0xf1,0xeb,0xf1,0xeb,0xf1,0xeb,0xf1,0xeb,0xf1,0xeb,0xf1,0xeb,0xf1,0xeb,0xf1,0xeb,0xf1,
0xeb,0xf1,0xeb,0xf1,0xeb,0xf1,0xeb,0xf1,0xeb,0xf1,0xeb,0xf1,0xeb,0xf1,0xeb,0xf1,0xeb,0xf1,0xeb,0xf1,0xeb,0xf1,0xeb,0xf1,0xeb,0xf1,0xeb,0xf1,0xeb,0xf1,0xeb,0xf1,
0xeb,0xf1,0xeb,0xf1,0xeb,0xf1,0xeb,0xf1,0xeb,0xf1,0xeb,0xf1,0xeb,0xf1,0xec,0xf1,0xeb,0xe9,0xec,0xf1,0xec,0xe9,0xec,0xf1,0xec,0xe9,0x0c,0xf2,0xec,0xe9,0x0d,0xf2,
0xec,0xe9,0x0d,0xea,0xec,0xe9,0x0d,0xea,0xec,0xe9,0x0d,0xea,0xed,0xe9,0x0d,0xea,0x7e,0x26,0x7d,0x26,0x7e,0x26,0x7d,0x26,0x7e,0x26,0x7d,0x26,0x9e,0x26,0x7d,0x26,
0x9e,0x26,0x7d,0x26,0x9e,0x26,0x7d,0x26,0x9e,0x26,0x9d,0x26,0x9e,0x26,0x9d,0x26,0x9e,0x26,0x9d,0x26,0xbe,0x26,0x9d,0x26,0xbe,0x26,0x9d,0x26,0xbe,0x26,0x9d,0x26,
0xbe,0x26,0x9d,0x26,0xbe,0x26,0x9d,0x26,0xbe,0x26,0x9d,0x26,0xbe,0x26,0x9d,0x26,0xbe,0x26,0x9d,0x26,0xbe,0x26,0x9d,0x26,0xbe,0x26,0x9d,0x26,0xbe,0x26,0x9d,0x26,
0xbe,0x26,0x9d,0x26,0xbe,0x26,0x9d,0x26,0xbe,0x26,0x9d,0x26,0xbe,0x26,0x9d,0x26,0xbe,0x26,0x9d,0x26,0xbe,0x26,0x9d,0x26,0xbe,0x26,0x9d,0x26,0xbe,0x26,0x9d,0x26,
0xbe,0x26,0x9d,0x26,0xbe,0x26,0x9d,0x26,0xbe,0x26,0x9d,0x26,0xbe,0x26,0x9d,0x26,0xbe,0x26,0x9d,0x26,0xbe,0x26,0x9d,0x26,0xbe,0x26,0x9d,0x26,0xbe,0x26,0x9d,0x26,
0xbe,0x26,0x9d,0x26,0xbe,0x26,0x9d,0x26,0xbe,0x26,0x9d,0x26,0xbe,0x26,0x9d,0x26,0xbe,0x26,0x9d,0x26,0xbe,0x26,0x9d,0x26,0xbe,0x26,0x9d,0x26,0xbe,0x26,0x9d,0x26,
0xbe,0x26,0x9d,0x26,0xbe,0x26,0x9d,0x26,0x0c,0xf2,0xeb,0xf1,0x0c,0xf2,0xeb,0xf1,0x0c,0xf2,0xeb,0xf1,0x0c,0xf2,0xeb,0xf1,0x0c,0xf2,0xeb,0xf1,0x0c,0xf2,0xeb,0xf1,
0x0c,0xf2,0xeb,0xf1,0x0c,0xf2,0xeb,0xf1,0x0c,0xf2,0xeb,0xf1,0x0c,0xf2,0xeb,0xf1,0x0c,0xf2,0xeb,0xf1,0x0c,0xf2,0xeb,0xf1,0x0c,0xf2,0xeb,0xf1,0x0c,0xf2,0xeb,0xf1,
0x0c,0xf2,0xeb,0xf1,0x0c,0xf2,0xeb,0xf1,0x0c,0xf2,0xeb,0xf1,0x0c,0xf2,0xeb,0xf1,0x0c,0xf2,0xeb,0xf1,0x0c,0xf2,0xeb,0xf1,0x0c,0xf2,0xeb,0xf1,0x0c,0xf2,0xeb,0xf1,
0x0c,0xf2,0xeb,0xf1,0x0c,0xf2,0xeb,0xf1,0x0c,0xf2,0xeb,0xf1,0x0c,0xf2,0xeb,0xf1,0x0c,0xf2,0xeb,0xf1,0x0c,0xf2,0xeb,0xf1,0x0c,0xf2,0xeb,0xf1,0x0c,0xf2,0xeb,0xf1,
0x0c,0xf2,0xeb,0xf1,0x0c,0xf2,0xeb,0xf1,0x0c,0xf2,0xeb,0xf1,0x0c,0xf2,0xeb,0xf1,0x0c,0xf2,0xeb,0xf1,0x0c,0xf2,0xeb,0xf1,0x0c,0xf2,0xeb,0xf1,0x0c,0xf2,0xeb,0xf1,
0x0c,0xf2,0xeb,0xf1,0x0c,0xf2,0xec,0xf1,0x0c,0xf2,0xec,0xe9,0x0d,0xf2,0xec,0xe9,0x0d,0xf2,0xec,0xe9,0x0d,0xf2,0xed,0xe9,0x0d,0xf2,0xed,0xe9,0x0d,0xf2,0x0d,0xea,
0x5d,0x26,0x7d,0x26,0x7d,0x26,0x7d,0x26,0x7d,0x26,0x7d,0x26,0x7d,0x26,0x7d,0x26,0x7d,0x26,0x9d,0x26,0x7d,0x1e,0x9d,0x26,0x7d,0x1e,0x9d,0x26,0x7d,0x1e,0x9d,0x26,
0x9d,0x1e,0x9d,0x26,0x9d,0x1e,0x9d,0x26,0x9d,0x1e,0x9d,0x26,0x9d,0x1e,0x9d,0x26,0x9d,0x1e,0x9d,0x26,0x9d,0x1e,0x9d,0x26,0x9d,0x1e,0x9d,0x26,0x9d,0x1e,0x9d,0x26,
0x9d,0x1e,0x9d,0x26,0x9d,0x1e,0x9d,0x26,0x9d,0x1e,0x9d,0x26,0x9d,0x1e,0x9d,0x26,0x9d,0x1e,0x9d,0x26,0x9d,0x1e,0x9d,0x26,0x9d,0x1e,0x9d,0x26,0x9d,0x1e,0x9d,0x26,
0x9d,0x1e,0x9d,0x26,0x9d,0x1e,0x9d,0x26,0x9d,0x1e,0x9d,0x26,0x9d,0x1e,0x9d,0x26,0x9d,0x1e,0x9d,0x26,0x9d,0x1e,0x9d,0x26,0x9d,0x1e,0x9d,0x26,0x9d,0x1e,0x9d,0x26,
0x9d,0x1e,0x9d,0x26,0x9d,0x1e,0x9d,0x26,0x9d,0x1e,0x9d,0x26,0x9d,0x1e,0x9d,0x26,0x9d,0x1e,0x9d,0x26,0x9d,0x1e,0x9d,0x26,0x9d,0x1e,0x9d,0x26,0x9d,0x1e,0x9d,0x26,
0x9d,0x1e,0x9d,0x26,0x9d,0x1e,0x9d,0x26,0x9d,0x1e,0x9d,0x26,0x9d,0x1e,0x9d,0x26,0x9d,0x1e,0x9d,0x26,0x9d,0x1e,0x9d,0x26,0xeb,0xf1,0xeb,0xf1,0xeb,0xf1,0xeb,0xf1,
0xeb,0xf1,0xeb,0xf1,0xeb,0xf1,0xeb,0xf1,0xeb,0xf1,0xeb,0xf1,0xeb,0xf1,0xeb,0xf1,0xeb,0xf1,0xeb,0xf1,0xeb,0xf1,0xeb,0xf1,0xeb,0xf1,0xeb,0xf1,0xeb,0xf1,0xeb,0xf1,
0xeb,0xf1,0xeb,0xf1,0xeb,0xf1,0xeb,0xf1,0xeb,0xf1,0xeb,0xf1,0xeb,0xf1,0xeb,0xf1,0xeb,0xf1,0xeb,0xf1,0xeb,0xf1,0xeb,0xf1,0xeb,0xf1,0xeb,0xf1,0xeb,0xf1,0xeb,0xf1,
0xeb,0xf1,0xeb,0xf1,0xeb,0xf1,0xeb,0xf1,0xeb,0xf1,0xeb,0xf1,0xeb,0xf1,0xeb,0xf1,0xeb,0xf1,0xeb,0xf1,0xeb,0xf1,0xeb,0xf1,0xeb,0xf1,0xeb,0xf1,0xeb,0xf1,0xeb,0xf1,
0xeb,0xf1,0xeb,0xf1,0xeb,0xf1,0xeb,0xf1,0xeb,0xf1,0xeb,0xf1,0xeb,0xf1,0xeb,0xf1,0xeb,0xf1,0xeb,0xf1,0xeb,0xf1,0xeb,0xf1,0xeb,0xf1,0xeb,0xf1,0xeb,0xf1,0xeb,0xf1,
0xeb,0xf1,0xeb,0xf1,0xeb,0xf1,0xeb,0xf1,0xeb,0xf1,0xeb,0xf1,0xeb,0xf1,0xeb,0xf1,0xeb,0xf1,0xec,0xf1,0xeb,0xe9,0xec,0xf1,0xec,0xe9,0xec,0xf1,0xec,0xe9,0x0c,0xf2,
0xec,0xe9,0x0c,0xf2,0xec,0xe9,0x0d,0xea,0xec,0xe9,0x0d,0xea,0xec,0xe9,0x0d,0xea,0x7e,0x26,0x7d,0x26,0x7e,0x26,0x7d,0x26,0x9e,0x26,0x7d,0x26,0x9e,0x26,0x7d,0x26,
0x9e,0x26,0x7d,0x26,0x9e,0x26,0x9d,0x26,0x9e,0x26,0x9d,0x26,0x9e,0x26,0x9d,0x26,0xbe,0x26,0x9d,0x26,0xbe,0x26,0x9d,0x26,0xbe,0x26,0x9d,0x26,0xbe,0x26,0x9d,0x26,
0xbe,0x26,0x9d,0x26,0xbe,0x26,0x9d,0x26,0xbe,0x26,0x9d,0x26,0xbe,0x26,0x9d,0x26,0xbe,0x26,0x9d,0x26,0xbe,0x26,0x9d,0x26,0xbe,0x26,0x9d,0x26,0xbe,0x26,0x9d,0x26,
0xbe,0x26,0x9d,0x26,0xbe,0x26,0x9d,0x26,0xbe,0x26,0x9d,0x26,0xbe,0x26,0x9d,0x26,0xbe,0x26,0x9d,0x26,0xbe,0x26,0x9d,0x26,0xbe,0x26,0x9d,0x26,0xbe,0x26,0x9d,0x26,
0xbe,0x26,0x9d,0x26,0xbe,0x26,0x9d,0x26,0xbe,0x26,0x9d,0x26,0xbe,0x26,0x9d,0x26,0xbe,0x26,0x9d,0x26,0xbe,0x26,0x9d,0x26,0xbe,0x26,0x9d,0x26,0xbe,0x26,0x9d,0x26,
0xbe,0x26,0x9d,0x26,0xbe,0x26,0x9d,0x26,0xbe,0x26,0x9d,0x26,0xbe,0x26,0x9d,0x26,0xbe,0x26,0x9d,0x26,0xbe,0x26,0x9d,0x26,0xbe,0x26,0x9d,0x26,0xbe,0x26,0x9d,0x26,
0xbe,0x26,0x9d,0x26,0xbe,0x26,0x9d,0x26,0x0c,0xf2,0xeb,0xf1,0x0c,0xf2,0xeb,0xf1,0x0c,0xf2,0xeb,0xf1,0x0c,0xf2,0xeb,0xf1,0x0c,0xf2,0xeb,0xf1,0x0c,0xf2,0xeb,0xf1,
0x0c,0xf2,0xeb,0xf1,0x0c,0xf2,0xeb,0xf1,0x0c,0xf2,0xeb,0xf1,0x0c,0xf2,0xeb,0xf1,0x0c,0xf2,0xeb,0xf1,0x0c,0xf2,0xeb,0xf1,0x0c,0xf2,0xeb,0xf1,0x0c,0xf2,0xeb,0xf1,
0x0c,0xf2,0xeb,0xf1,0x0c,0xf2,0xeb,0xf1,0x0c,0xf2,0xeb,0xf1,0x0c,0xf2,0xeb,0xf1,0x0c,0xf2,0xeb,0xf1,0x0c,0xf2,0xeb,0xf1,0x0c,0xf2,0xeb,0xf1,0x0c,0xf2,0xeb,0xf1,
0x0c,0xf2,0xeb,0xf1,0x0c,0xf2,0xeb,0xf1,0x0c,0xf2,0xeb,0xf1,0x0c,0xf2,0xeb,0xf1,0x0c,0xf2,0xeb,0xf1,0x0c,0xf2,0xeb,0xf1,0x0c,0xf2,0xeb,0xf1,0x0c,0xf2,0xeb,0xf1,
0x0c,0xf2,0xeb,0xf1,0x0c,0xf2,0xeb,0xf1,0x0c,0xf2,0xeb,0xf1,0x0c,0xf2,0xeb,0xf1,0x0c,0xf2,0xeb,0xf1,0x0c,0xf2,0xeb,0xf1,0x0c,0xf2,0xeb,0xf1,0x0c,0xf2,0xeb,0xf1,
0x0c,0xf2,0xeb,0xf1,0x0c,0xf2,0xeb,0xf1,0x0c,0xf2,0xec,0xf1,0x0c,0xf2,0xec,0xe9,0x0d,0xf2,0xec,0xe9,0x0d,0xf2,0xec,0xe9,0x0d,0xf2,0xec,0xe9,0x0d,0xf2,0xed,0xe9,
0x7d,0x26,0x7d,0x26,0x7d,0x26,0x7d,0x26,0x7d,0x26,0x7d,0x26,0x7d,0x26,0x9d,0x26,0x7d,0x1e,0x9d,0x26,0x7d,0x1e,0x9d,0x26,0x9d,0x1e,0x9d,0x26,0x9d,0x1e,0x9d,0x26,
0x9d,0x1e,0x9d,0x26,0x9d,0x1e,0x9d,0x26,0x9d,0x1e,0x9d,0x26,0x9d,0x1e,0x9d,0x26,0x9d,0x1e,0x9d,0x26,0x9d,0x1e,0x9d,0x26,0x9d,0x1e,0x9d,0x26,0x9d,0x1e,0x9d,0x26,
0x9d,0x1e,0x9d,0x26,0x9d,0x1e,0x9d,0x26,0x9d,0x1e,0x9d,0x26,0x9d,0x1e,0x9d,0x26,0x9d,0x1e,0x9d,0x26,0x9d,0x1e,0x9d,0x26,0x9d,0x1e,0x9d,0x26,0x9d,0x1e,0x9d,0x26,
0x9d,0x1e,0x9d,0x26,0x9d,0x1e,0x9d,0x26,0x9d,0x1e,0x9d,0x26,0x9d,0x1e,0x9d,0x26,0x9d,0x1e,0x9d,0x26,0x9d,0x1e,0x9d,0x26,0x9d,0x1e,0x9d,0x26,0x9d,0x1e,0x9d,0x26,
0x9d,0x1e,0x9d,0x26,0x9d,0x1e,0x9d,0x26,0x9d,0x1e,0x9d,0x26,0x9d,0x1e,0x9d,0x26,0x9d,0x1e,0x9d,0x26,0x9d,0x1e,0x9d,0x26,0x9d,0x1e,0x9d,0x26,0x9d,0x1e,0x9d,0x26,
0x9d,0x1e,0x9d,0x26,0x9d,0x1e,0x9d,0x26,0x9d,0x1e,0x9d,0x26,0x9d,0x1e,0x9d,0x26,0x9d,0x1e,0x9d,0x26,0x9d,0x1e,0x9d,0x26,0xeb,0xf1,0xeb,0xf1,0xeb,0xf1,0xeb,0xf1,
0xeb,0xf1,0xeb,0xf1,0xeb,0xf1,0xeb,0xf1,0xeb,0xf1,0xeb,0xf1,0xeb,0xf1,0xeb,0xf1,0xeb,0xf1,0xeb,0xf1,0xeb,0xf1,0xeb,0xf1,0xeb,0xf1,0xeb,0xf1,0xeb,0xf1,0xeb,0xf1,
0xeb,0xf1,0xeb,0xf1,0xeb,0xf1,0xeb,0xf1,0xeb,0xf1,0xeb,0xf1,0xeb,0xf1,0xeb,0xf1,0xeb,0xf1,0xeb,0xf1,0xeb,0xf1,0xeb,0xf1,0xeb,0xf1,0xeb,0xf1,0xeb,0xf1,0xeb,0xf1,
0xeb,0xf1,0xeb,0xf1,0xeb,0xf1,0xeb,0xf1,0xeb,0xf1,0xeb,0xf1,0xeb,0xf1,0xeb,0xf1,0xeb,0xf1,0xeb,0xf1,0xeb,0xf1,0xeb,0xf1,0xeb,0xf1,0xeb,0xf1,0xeb,0xf1,0xeb,0xf1,
0xeb,0xf1,0xeb,0xf1,0xeb,0xf1,0xeb,0xf1,0xeb,0xf1,0xeb,0xf1,0xeb,0xf1,0xeb,0xf1,0xeb,0xf1,0xeb,0xf1,0xeb,0xf1,0xeb,0xf1,0xeb,0xf1,0xeb,0xf1,0xeb,0xf1,0xeb,0xf1,
0xeb,0xf1,0xeb,0xf1,0xeb,0xf1,0xeb,0xf1,0xeb,0xf1,0xeb,0xf1,0xeb,0xf1,0xeb,0xf1,0xeb,0xf1,0xeb,0xf1,0xeb,0xf1,0xec,0xf1,0xeb,0xe9,0xec,0xf1,0xeb,0xe9,0xec,0xf1,
0xec,0xe9,0x0c,0xf2,0xec,0xe9,0x0c,0xf2,0xec,0xe9,0x0d,0xea,0xec,0xe9,0x0d,0xea,0x7e,0x26,0x7d,0x26,0x9e,0x26,0x7d,0x26,0x9e,0x26,0x7d,0x26,0x9e,0x26,0x7d,0x26,
0x9e,0x26,0x9d,0x26,0x9e,0x26,0x9d,0x26,0x9e,0x26,0x9d,0x26,0xbe,0x26,0x9d,0x26,0xbe,0x26,0x9d,0x26,0xbe,0x26,0x9d,0x26,0xbe,0x26,0x9d,0x26,0xbe,0x26,0x9d,0x26,
0xbe,0x26,0x9d,0x26,0xbe,0x26,0x9d,0x26,0xbe,0x26,0x9d,0x26,0xbe,0x26,0x9d,0x26,0xbe,0x26,0x9d,0x26,0xbe,0x26,0x9d,0x26,0xbe,0x26,0x9d,0x26,0xbe,0x26,0x9d,0x26,
0xbe,0x26,0x9d,0x26,0xbe,0x26,0x9d,0x26,0xbe,0x26,0x9d,0x26,0xbe,0x26,0x9d,0x26,0xbe,0x26,0x9d,0x26,0xbe,0x26,0x9d,0x26,0xbe,0x26,0x9d,0x26,0xbe,0x26,0x9d,0x26,
0xbe,0x26,0x9d,0x26,0xbe,0x26,0x9d,0x26,0xbe,0x26,0x9d,0x26,0xbe,0x26,0x9d,0x26,0xbe,0x26,0x9d,0x26,0xbe,0x26,0x9d,0x26,0xbe,0x26,0x9d,0x26,0xbe,0x26,0x9d,0x26,
0xbe,0x26,0x9d,0x26,0xbe,0x26,0x9d,0x26,0xbe,0x26,0x9d,0x26,0xbe,0x26,0x9d,0x26,0xbe,0x26,0x9d,0x26,0xbe,0x26,0x9d,0x26,0xbe,0x26,0x9d,0x26,0xbe,0x26,0x9d,0x26,
0xbe,0x26,0x9d,0x26,0xbe,0x26,0x9d,0x26,0x0c,0xf2,0xeb,0xf1,0x0c,0xf2,0xeb,0xf1,0x0c,0xf2,0xeb,0xf1,0x0c,0xf2,0xeb,0xf1,0x0c,0xf2,0xeb,0xf1,0x0c,0xf2,0xeb,0xf1,
0x0c,0xf2,0xeb,0xf1,0x0c,0xf2,0xeb,0xf1,0x0c,0xf2,0xeb,0xf1,0x0c,0xf2,0xeb,0xf1,0x0c,0xf2,0xeb,0xf1,0x0c,0xf2,0xeb,0xf1,0x0c,0xf2,0xeb,0xf1,0x0c,0xf2,0xeb,0xf1,
0x0c,0xf2,0xeb,0xf1,0x0c,0xf2,0xeb,0xf1,0x0c,0xf2,0xeb,0xf1,0x0c,0xf2,0xeb,0xf1,0x0c,0xf2,0xeb,0xf1,0x0c,0xf2,0xeb,0xf1,0x0c,0xf2,0xeb,0xf1,0x0c,0xf2,0xeb,0xf1,
0x0c,0xf2,0xeb,0xf1,0x0c,0xf2,0xeb,0xf1,0x0c,0xf2,0xeb,0xf1,0x0c,0xf2,0xeb,0xf1,0x0c,0xf2,0xeb,0xf1,0x0c,0xf2,0xeb,0xf1,0x0c,0xf2,0xeb,0xf1,0x0c,0xf2,0xeb,0xf1,
0x0c,0xf2,0xeb,0xf1,0x0c,0xf2,0xeb,0xf1,0x0c,0xf2,0xeb,0xf1,0x0c,0xf2,0xeb,0xf1,0x0c,0xf2,0xeb,0xf1,0x0c,0xf2,0xeb,0xf1,0x0c,0xf2,0xeb,0xf1,0x0c,0xf2,0xeb,0xf1,
0x0c,0xf2,0xeb,0xf1,0x0c,0xf2,0xeb,0xf1,0x0c,0xf2,0xeb,0xf1,0x0c,0xf2,0xec,0xf1,0x0c,0xf2,0xec,0xe9,0x0d,0xf2,0xec,0xe9,0x0d,0xf2,0xec,0xe9,0x0d,0xf2,0xec,0xe9,
0x7d,0x26,0x7d,0x26,0x7d,0x26,0x7d,0x26,0x7d,0x26,0x9d,0x26,0x7d,0x1e,0x9d,0x26,0x7d,0x1e,0x9d,0x26,0x9d,0x1e,0x9d,0x26,0x9d,0x1e,0x9d,0x26,0x9d,0x1e,0x9d,0x26,
0x9d,0x1e,0x9d,0x26,0x9d,0x1e,0x9d,0x26,0x9d,0x1e,0x9d,0x26,0x9d,0x1e,0x9d,0x26,0x9d,0x1e,0x9d,0x26,0x9d,0x1e,0x9d,0x26,0x9d,0x1e,0x9d,0x26,0x9d,0x1e,0x9d,0x26,
0x9d,0x1e,0x9d,0x26,0x9d,0x1e,0x9d,0x26,0x9d,0x1e,0x9d,0x26,0x9d,0x1e,0x9d,0x26,0x9d,0x1e,0x9d,0x26,0x9d,0x1e,0x9d,0x26,0x9d,0x1e,0x9d,0x26,0x9d,0x1e,0x9d,0x26,
0x9d,0x1e,0x9d,0x26,0x9d,0x1e,0x9d,0x26,0x9d,0x1e,0x9d,0x26,0x9d,0x1e,0x9d,0x26,0x9d,0x1e,0x9d,0x26,0x9d,0x1e,0x9d,0x26,0x9d,0x1e,0x9d,0x26,0x9d,0x1e,0x9d,0x26,
0x9d,0x1e,0x9d,0x26,0x9d,0x1e,0x9d,0x26,0x9d,0x1e,0x9d,0x26,0x9d,0x1e,0x9d,0x26,0x9d,0x1e,0x9d,0x26,0x9d,0x1e,0x9d,0x26,0x9d,0x1e,0x9d,0x26,0x9d,0x1e,0x9d,0x26,
0x9d,0x1e,0x9d,0x26,0x9d,0x1e,0x9d,0x26,0x9d,0x1e,0x9d,0x26,0x9d,0x1e,0x9d,0x26,0x9d,0x1e,0x9d,0x26,0x9d,0x1e,0x9d,0x26,0xeb,0xf1,0xeb,0xf1,0xeb,0xf1,0xeb,0xf1,
0xeb,0xf1,0xeb,0xf1,0xeb,0xf1,0xeb,0xf1,0xeb,0xf1,0xeb,0xf1,0xeb,0xf1,0xeb,0xf1,0xeb,0xf1,0xeb,0xf1,0xeb,0xf1,0xeb,0xf1,0xeb,0xf1,0xeb,0xf1,0xeb,0xf1,0xeb,0xf1,
0xeb,0xf1,0xeb,0xf1,0xeb,0xf1,0xeb,0xf1,0xeb,0xf1,0xeb,0xf1,0xeb,0xf1,0xeb,0xf1,0xeb,0xf1,0xeb,0xf1,0xeb,0xf1,0xeb,0xf1,0xeb,0xf1,0xeb,0xf1,0xeb,0xf1,0xeb,0xf1,
0xeb,0xf1,0xeb,0xf1,0xeb,0xf1,0xeb,0xf1,0xeb,0xf1,0xeb,0xf1,0xeb,0xf1,0xeb,0xf1,0xeb,0xf1,0xeb,0xf1,0xeb,0xf1,0xeb,0xf1,0xeb,0xf1,0xeb,0xf1,0xeb,0xf1,0xeb,0xf1,
0xeb,0xf1,0xeb,0xf1,0xeb,0xf1,0xeb,0xf1,0xeb,0xf1,0xeb,0xf1,0xeb,0xf1,0xeb,0xf1,0xeb,0xf1,0xeb,0xf1,0xeb,0xf1,0xeb,0xf1,0xeb,0xf1,0xeb,0xf1,0xeb,0xf1,0xeb,0xf1,
0xeb,0xf1,0xeb,0xf1,0xeb,0xf1,0xeb,0xf1,0xeb,0xf1,0xeb,0xf1,0xeb,0xf1,0xeb,0xf1,0xeb,0xf1,0xeb,0xf1,0xeb,0xf1,0xeb,0xf1,0xeb,0xf1,0xec,0xf1,0xeb,0xe9,0xec,0xf1,
0xeb,0xe9,0xec,0xf1,0xec,0xe9,0x0c,0xf2,0xec,0xe9,0x0c,0xf2,0xec,0xe9,0x0c,0xea,0x9e,0x26,0x7d,0x26,0x9e,0x26,0x7d,0x26,0x9e,0x26,0x7d,0x26,0x9e,0x26,0x9d,0x26,
0x9e,0x26,0x9d,0x26,0x9e,0x26,0x9d,0x26,0xbe,0x26,0x9d,0x26,0xbe,0x26,0x9d,0x26,0xbe,0x26,0x9d,0x26,0xbe,0x26,0x9d,0x26,0xbe,0x26,0x9d,0x26,0xbe,0x26,0x9d,0x26,
0xbe,0x26,0x9d,0x26,0xbe,0x26,0x9d,0x26,0xbe,0x26,0x9d,0x26,0xbe,0x26,0x9d,0x26,0xbe,0x26,0x9d,0x26,0xbe,0x26,0x9d,0x26,0xbe,0x26,0x9d,0x26,0xbe,0x26,0x9d,0x26,
0xbe,0x26,0x9d,0x26,0xbe,0x26,0x9d,0x26,0xbe,0x26,0x9d,0x26,0xbe,0x26,0x9d,0x26,0xbe,0x26,0x9d,0x26,0xbe,0x26,0x9d,0x26,0xbe,0x26,0x9d,0x26,0xbe,0x26,0x9d,0x26,
0xbe,0x26,0x9d,0x26,0xbe,0x26,0x9d,0x26,0xbe,0x26,0x9d,0x26,0xbe,0x26,0x9d,0x26,0xbe,0x26,0x9d,0x26,0xbe,0x26,0x9d,0x26,0xbe,0x26,0x9d,0x26,0xbe,0x26,0x9d,0x26,
0xbe,0x26,0x9d,0x26,0xbe,0x26,0x9d,0x26,0xbe,0x26,0x9d,0x26,0xbe,0x26,0x9d,0x26,0xbe,0x26,0x9d,0x26,0xbe,0x26,0x9d,0x26,0xbe,0x26,0x9d,0x26,0xbe,0x26,0x9d,0x26,
0xbe,0x26,0x9d,0x26,0xbe,0x26,0x9d,0x26,0x0c,0xf2,0xeb,0xf1,0x0c,0xf2,0xeb,0xf1,0x0c,0xf2,0xeb,0xf1,0x0c,0xf2,0xeb,0xf1,0x0c,0xf2,0xeb,0xf1,0x0c,0xf2,0xeb,0xf1,
0x0c,0xf2,0xeb,0xf1,0x0c,0xf2,0xeb,0xf1,0x0c,0xf2,0xeb,0xf1,0x0c,0xf2,0xeb,0xf1,0x0c,0xf2,0xeb,0xf1,0x0c,0xf2,0xeb,0xf1,0x0c,0xf2,0xeb,0xf1,0x0c,0xf2,0xeb,0xf1,
0x0c,0xf2,0xeb,0xf1,0x0c,0xf2,0xeb,0xf1,0x0c,0xf2,0xeb,0xf1,0x0c,0xf2,0xeb,0xf1,0x0c,0xf2,0xeb,0xf1,0x0c,0xf2,0xeb,0xf1,0x0c,0xf2,0xeb,0xf1,0x0c,0xf2,0xeb,0xf1,
0x0c,0xf2,0xeb,0xf1,0x0c,0xf2,0xeb,0xf1,0x0c,0xf2,0xeb,0xf1,0x0c,0xf2,0xeb,0xf1,0x0c,0xf2,0xeb,0xf1,0x0c,0xf2,0xeb,0xf1,0x0c,0xf2,0xeb,0xf1,0x0c,0xf2,0xeb,0xf1,
0x0c,0xf2,0xeb,0xf1,0x0c,0xf2,0xeb,0xf1,0x0c,0xf2,0xeb,0xf1,0x0c,0xf2,0xeb,0xf1,0x0c,0xf2,0xeb,0xf1,0x0c,0xf2,0xeb,0xf1,0x0c,0xf2,0xeb,0xf1,0x0c,0xf2,0xeb,0xf1,
0x0c,0xf2,0xeb,0xf1,0x0c,0xf2,0xeb,0xf1,0x0c,0xf2,0xeb,0xf1,0x0c,0xf2,0xeb,0xf1,0x0c,0xf2,0xec,0xf1,0x0c,0xf2,0xec,0xe9,0x0c,0xf2,0xec,0xe9,0x0d,0xf2,0xec,0xe9,
0x7d,0x1e,0x7d,0x26,0x7d,0x26,0x9d,0x26,0x7d,0x1e,0x9d,0x26,0x7d,0x1e,0x9d,0x26,0x9d,0x1e,0x9d,0x26,0x9d,0x1e,0x9d,0x26,0x9d,0x1e,0x9d,0x26,0x9d,0x1e,0x9d,0x26,
0x9d,0x1e,0x9d,0x26,0x9d,0x1e,0x9d,0x26,0x9d,0x1e,0x9d,0x26,0x9d,0x1e,0x9d,0x26,0x9d,0x1e,0x9d,0x26,0x9d,0x1e,0x9d,0x26,0x9d,0x1e,0x9d,0x26,0x9d,0x1e,0x9d,0x26,
0x9d,0x1e,0x9d,0x26,0x9d,0x1e,0x9d,0x26,0x9d,0x1e,0x9d,0x26,0x9d,0x1e,0x9d,0x26,0x9d,0x1e,0x9d,0x26,0x9d,0x1e,0x9d,0x26,0x9d,0x1e,0x9d,0x26,0x9d,0x1e,0x9d,0x26,
0x9d,0x1e,0x9d,0x26,0x9d,0x1e,0x9d,0x26,0x9d,0x1e,0x9d,0x26,0x9d,0x1e,0x9d,0x26,0x9d,0x1e,0x9d,0x26,0x9d,0x1e,0x9d,0x26,0x9d,0x1e,0x9d,0x26,0x9d,0x1e,0x9d,0x26,
0x9d,0x1e,0x9d,0x26,0x9d,0x1e,0x9d,0x26,0x9d,0x1e,0x9d,0x26,0x9d,0x1e,0x9d,0x26,0x9d,0x1e,0x9d,0x26,0x9d,0x1e,0x9d,0x26,0x9d,0x1e,0x9d,0x26,0x9d,0x1e,0x9d,0x26,
0x9d,0x1e,0x9d,0x26,0x9d,0x1e,0x9d,0x26,0x9d,0x1e,0x9d,0x26,0x9d,0x1e,0x9d,0x26,0x9d,0x1e,0x9d,0x26,0x9d,0x1e,0x9d,0x26,0xeb,0xf1,0xeb,0xf1,0xeb,0xf1,0xeb,0xf1,
0xeb,0xf1,0xeb,0xf1,0xeb,0xf1,0xeb,0xf1,0xeb,0xf1,0xeb,0xf1,0xeb,0xf1,0xeb,0xf1,0xeb,0xf1,0xeb,0xf1,0xeb,0xf1,0xeb,0xf1,0xeb,0xf1,0xeb,0xf1,0xeb,0xf1,0xeb,0xf1,
0xeb,0xf1,0xeb,0xf1,0xeb,0xf1,0xeb,0xf1,0xeb,0xf1,0xeb,0xf1,0xeb,0xf1,0xeb,0xf1,0xeb,0xf1,0xeb,0xf1,0xeb,0xf1,0xeb,0xf1,0xeb,0xf1,0xeb,0xf1,0xeb,0xf1,0xeb,0xf1,
0xeb,0xf1,0xeb,0xf1,0xeb,0xf1,0xeb,0xf1,0xeb,0xf1,0xeb,0xf1,0xeb,0xf1,0xeb,0xf1,0xeb,0xf1,0xeb,0xf1,0xeb,0xf1,0xeb,0xf1,0xeb,0xf1,0xeb,0xf1,0xeb,0xf1,0xeb,0xf1,
0xeb,0xf1,0xeb,0xf1,0xeb,0xf1,0xeb,0xf1,0xeb,0xf1,0xeb,0xf1,0xeb,0xf1,0xeb,0xf1,0xeb,0xf1,0xeb,0xf1,0xeb,0xf1,0xeb,0xf1,0xeb,0xf1,0xeb,0xf1,0xeb,0xf1,0xeb,0xf1,
0xeb,0xf1,0xeb,0xf1,0xeb,0xf1,0xeb,0xf1,0xeb,0xf1,0xeb,0xf1,0xeb,0xf1,0xeb,0xf1,0xeb,0xf1,0xeb,0xf1,0xeb,0xf1,0xeb,0xf1,0xeb,0xf1,0xeb,0xf1,0xeb,0xf1,0xec,0xf1,
0xeb,0xe9,0xec,0xf1,0xeb,0xe9,0xec,0xf1,0xec,0xe9,0xec,0xf1,0xec,0xe9,0x0c,0xf2,0x9e,0x26,0x7d,0x26,0x9e,0x26,0x7d,0x26,0x9e,0x26,0x9d,0x26,0x9e,0x26,0x9d,0x26,
0x9e,0x26,0x9d,0x26,0xbe,0x26,0x9d,0x26,0xbe,0x26,0x9d,0x26,0xbe,0x26,0x9d,0x26,0xbe,0x26,0x9d,0x26,0xbe,0x26,0x9d,0x26,0xbe,0x26,0x9d,0x26,0xbe,0x26,0x9d,0x26,
0xbe,0x26,0x9d,0x26,0xbe,0x26,0x9d,0x26,0xbe,0x26,0x9d,0x26,0xbe,0x26,0x9d,0x26,0xbe,0x26,0x9d,0x26,0xbe,0x26,0x9d,0x26,0xbe,0x26,0x9d,0x26,0xbe,0x26,0x9d,0x26,
0xbe,0x26,0x9d,0x26,0xbe,0x26,0x9d,0x26,0xbe,0x26,0x9d,0x26,0xbe,0x26,0x9d,0x26,0xbe,0x26,0x9d,0x26,0xbe,0x26,0x9d,0x26,0xbe,0x26,0x9d,0x26,0xbe,0x26,0x9d,0x26,
0xbe,0x26,0x9d,0x26,0xbe,0x26,0x9d,0x26,0xbe,0x26,0x9d,0x26,0xbe,0x26,0x9d,0x26,0xbe,0x26,0x9d,0x26,0xbe,0x26,0x9d,0x26,0xbe,0x26,0x9d,0x26,0xbe,0x26,0x9d,0x26,
0xbe,0x26,0x9d,0x26,0xbe,0x26,0x9d,0x26,0xbe,0x26,0x9d,0x26,0xbe,0x26,0x9d,0x26,0xbe,0x26,0x9d,0x26,0xbe,0x26,0x9d,0x26,0xbe,0x26,0x9d,0x26,0xbe,0x26,0x9d,0x26,
0xbe,0x26,0x9d,0x26,0xbe,0x26,0x9d,0x26,0x0c,0xf2,0xeb,0xf1,0x0c,0xf2,0xeb,0xf1,0x0c,0xf2,0xeb,0xf1,0x0c,0xf2,0xeb,0xf1,0x0c,0xf2,0xeb,0xf1,0x0c,0xf2,0xeb,0xf1,
0x0c,0xf2,0xeb,0xf1,0x0c,0xf2,0xeb,0xf1,0x0c,0xf2,0xeb,0xf1,0x0c,0xf2,0xeb,0xf1,0x0c,0xf2,0xeb,0xf1,0x0c,0xf2,0xeb,0xf1,0x0c,0xf2,0xeb,0xf1,0x0c,0xf2,0xeb,0xf1,
0x0c,0xf2,0xeb,0xf1,0x0c,0xf2,0xeb,0xf1,0x0c,0xf2,0xeb,0xf1,0x0c,0xf2,0xeb,0xf1,0x0c,0xf2,0xeb,0xf1,0x0c,0xf2,0xeb,0xf1,0x0c,0xf2,0xeb,0xf1,0x0c,0xf2,0xeb,0xf1,
0x0c,0xf2,0xeb,0xf1,0x0c,0xf2,0xeb,0xf1,0x0c,0xf2,0xeb,0xf1,0x0c,0xf2,0xeb,0xf1,0x0c,0xf2,0xeb,0xf1,0x0c,0xf2,0xeb,0xf1,0x0c,0xf2,0xeb,0xf1,0x0c,0xf2,0xeb,0xf1,
0x0c,0xf2,0xeb,0xf1,0x0c,0xf2,0xeb,0xf1,0x0c,0xf2,0xeb,0xf1,0x0c,0xf2,0xeb,0xf1,0x0c,0xf2,0xeb,0xf1,0x0c,0xf2,0xeb,0xf1,0x0c,0xf2,0xeb,0xf1,0x0c,0xf2,0xeb,0xf1,
0x0c,0xf2,0xeb,0xf1,0x0c,0xf2,0xeb,0xf1,0x0c,0xf2,0xeb,0xf1,0x0c,0xf2,0xeb,0xf1,0x0c,0xf2,0xeb,0xf1,0x0c,0xf2,0xec,0xf1,0x0c,0xf2,0xec,0xe9,0x0c,0xf2,0xec,0xe9,
0x7d,0x26,0x9d,0x26,0x7d,0x1e,0x9d,0x26,0x7d,0x1e,0x9d,0x26,0x9d,0x1e,0x9d,0x26,0x9d,0x1e,0x9d,0x26,0x9d,0x1e,0x9d,0x26,0x9d,0x1e,0x9d,0x26,0x9d,0x1e,0x9d,0x26,
0x9d,0x1e,0x9d,0x26,0x9d,0x1e,0x9d,0x26,0x9d,0x1e,0x9d,0x26,0x9d,0x1e,0x9d,0x26,0x9d,0x1e,0x9d,0x26,0x9d,0x1e,0x9d,0x26,0x9d,0x1e,0x9d,0x26,0x9d,0x1e,0x9d,0x26,
0x9d,0x1e,0x9d,0x26,0x9d,0x1e,0x9d,0x26,0x9d,0x1e,0x9d,0x26,0x9d,0x1e,0x9d,0x26,0x9d,0x1e,0x9d,0x26,0x9d,0x1e,0x9d,0x26,0x9d,0x1e,0x9d,0x26,0x9d,0x1e,0x9d,0x26,
0x9d,0x1e,0x9d,0x26,0x9d,0x1e,0x9d,0x26,0x9d,0x1e,0x9d,0x26,0x9d,0x1e,0x9d,0x26,0x9d,0x1e,0x9d,0x26,0x9d,0x1e,0x9d,0x26,0x9d,0x1e,0x9d,0x26,0x9d,0x1e,0x9d,0x26,
0x9d,0x1e,0x9d,0x26,0x9d,0x1e,0x9d,0x26,0x9d,0x1e,0x9d,0x26,0x9d,0x1e,0x9d,0x26,0x9d,0x1e,0x9d,0x26,0x9d,0x1e,0x9d,0x26,0x9d,0x1e,0x9d,0x26,0x9d,0x1e,0x9d,0x26,
0x9d,0x1e,0x9d,0x26,0x9d,0x1e,0x9d,0x26,0x9d,0x1e,0x9d,0x26,0x9d,0x1e,0x9d,0x26,0x9d,0x1e,0x9d,0x26,0x9d,0x1e,0x9d,0x26,0xeb,0xf1,0xeb,0xf1,0xeb,0xf1,0xeb,0xf1,
0xeb,0xf1,0xeb,0xf1,0xeb,0xf1,0xeb,0xf1,0xeb,0xf1,0xeb,0xf1,0xeb,0xf1,0xeb,0xf1,0xeb,0xf1,0xeb,0xf1,0xeb,0xf1,0xeb,0xf1,0xeb,0xf1,0xeb,0xf1,0xeb,0xf1,0xeb,0xf1,
0xeb,0xf1,0xeb,0xf1,0xeb,0xf1,0xeb,0xf1,0xeb,0xf1,0xeb,0xf1,0xeb,0xf1,0xeb,0xf1,0xeb,0xf1,0xeb,0xf1,0xeb,0xf1,0xeb,0xf1,0xeb,0xf1,0xeb,0xf1,0xeb,0xf1,0xeb,0xf1,
0xeb,0xf1,0xeb,0xf1,0xeb,0xf1,0xeb,0xf1,0xeb,0xf1,0xeb,0xf1,0xeb,0xf1,0xeb,0xf1,0xeb,0xf1,0xeb,0xf1,0xeb,0xf1,0xeb,0xf1,0xeb,0xf1,0xeb,0xf1,0xeb,0xf1,0xeb,0xf1,
0xeb,0xf1,0xeb,0xf1,0xeb,0xf1,0xeb,0xf1,0xeb,0xf1,0xeb,0xf1,0xeb,0xf1,0xeb,0xf1,0xeb,0xf1,0xeb,0xf1,0xeb,0xf1,0xeb,0xf1,0xeb,0xf1,0xeb,0xf1,0xeb,0xf1,0xeb,0xf1,
0xeb,0xf1,0xeb,0xf1,0xeb,0xf1,0xeb,0xf1,0xeb,0xf1,0xeb,0xf1,0xeb,0xf1,0xeb,0xf1,0xeb,0xf1,0xeb,0xf1,0xeb,0xf1,0xeb,0xf1,0xeb,0xf1,0xeb,0xf1,0xeb,0xf1,0xeb,0xf1,
0xeb,0xf1,0xec,0xf1,0xeb,0xe9,0xec,0xf1,0xeb,0xe9,0xec,0xf1,0xec,0xe9,0xec,0xf1,0x9e,0x26,0x7d,0x26,0x9e,0x26,0x9d,0x26,0x9e,0x26,0x9d,0x26,0x9e,0x26,0x9d,0x26,
0xbe,0x26,0x9d,0x26,0xbe,0x26,0x9d,0x26,0xbe,0x26,0x9d,0x26,0xbe,0x26,0x9d,0x26,0xbe,0x26,0x9d,0x26,0xbe,0x26,0x9d,0x26,0xbe,0x26,0x9d,0x26,0xbe,0x26,0x9d,0x26,
0xbe,0x26,0x9d,0x26,0xbe,0x26,0x9d,0x26,0xbe,0x26,0x9d,0x26,0xbe,0x26,0x9d,0x26,0xbe,0x26,0x9d,0x26,0xbe,0x26,0x9d,0x26,0xbe,0x26,0x9d,0x26,0xbe,0x26,0x9d,0x26,
0xbe,0x26,0x9d,0x26,0xbe,0x26,0x9d,0x26,0xbe,0x26,0x9d,0x26,0xbe,0x26,0x9d,0x26,0xbe,0x26,0x9d,0x26,0xbe,0x26,0x9d,0x26,0xbe,0x26,0x9d,0x26,0xbe,0x26,0x9d,0x26,
0xbe,0x26,0x9d,0x26,0xbe,0x26,0x9d,0x26,0xbe,0x26,0x9d,0x26,0xbe,0x26,0x9d,0x26,0xbe,0x26,0x9d,0x26,0xbe,0x26,0x9d,0x26,0xbe,0x26,0x9d,0x26,0xbe,0x26,0x9d,0x26,
0xbe,0x26,0x9d,0x26,0xbe,0x26,0x9d,0x26,0xbe,0x26,0x9d,0x26,0xbe,0x26,0x9d,0x26,0xbe,0x26,0x9d,0x26,0xbe,0x26,0x9d,0x26,0xbe,0x26,0x9d,0x26,0xbe,0x26,0x9d,0x26,
0xbe,0x26,0x9d,0x26,0xbe,0x26,0x9d,0x26,0x0c,0xf2,0xeb,0xf1,0x0c,0xf2,0xeb,0xf1,0x0c,0xf2,0xeb,0xf1,0x0c,0xf2,0xeb,0xf1,0x0c,0xf2,0xeb,0xf1,0x0c,0xf2,0xeb,0xf1,
0x0c,0xf2,0xeb,0xf1,0x0c,0xf2,0xeb,0xf1,0x0c,0xf2,0xeb,0xf1,0x0c,0xf2,0xeb,0xf1,0x0c,0xf2,0xeb,0xf1,0x0c,0xf2,0xeb,0xf1,0x0c,0xf2,0xeb,0xf1,0x0c,0xf2,0xeb,0xf1,
0x0c,0xf2,0xeb,0xf1,0x0c,0xf2,0xeb,0xf1,0x0c,0xf2,0xeb,0xf1,0x0c,0xf2,0xeb,0xf1,0x0c,0xf2,0xeb,0xf1,0x0c,0xf2,0xeb,0xf1,0x0c,0xf2,0xeb,0xf1,0x0c,0xf2,0xeb,0xf1,
0x0c,0xf2,0xeb,0xf1,0x0c,0xf2,0xeb,0xf1,0x0c,0xf2,0xeb,0xf1,0x0c,0xf2,0xeb,0xf1,0x0c,0xf2,0xeb,0xf1,0x0c,0xf2,0xeb,0xf1,0x0c,0xf2,0xeb,0xf1,0x0c,0xf2,0xeb,0xf1,
0x0c,0xf2,0xeb,0xf1,0x0c,0xf2,0xeb,0xf1,0x0c,0xf2,0xeb,0xf1,0x0c,0xf2,0xeb,0xf1,0x0c,0xf2,0xeb,0xf1,0x0c,0xf2,0xeb,0xf1,0x0c,0xf2,0xeb,0xf1,0x0c,0xf2,0xeb,0xf1,
0x0c,0xf2,0xeb,0xf1,0x0c,0xf2,0xeb,0xf1,0x0c,0xf2,0xeb,0xf1,0x0c,0xf2,0xeb,0xf1,0x0c,0xf2,0xeb,0xf1,0x0c,0xf2,0xeb,0xf1,0x0c,0xf2,0xec,0xf1,0x0c,0xf2,0xec,0xe9,
0x7d,0x1e,0x9d,0x26,0x7d,0x1e,0x9d,0x26,0x9d,0x1e,0x9d,0x26,0x9d,0x1e,0x9d,0x26,0x9d,0x1e,0x9d,0x26,0x9d,0x1e,0x9d,0x26,0x9d,0x1e,0x9d,0x26,0x9d,0x1e,0x9d,0x26,
0x9d,0x1e,0x9d,0x26,0x9d,0x1e,0x9d,0x26,0x9d,0x1e,0x9d,0x26,0x9d,0x1e,0x9d,0x26,0x9d,0x1e,0x9d,0x26,0x9d,0x1e,0x9d,0x26,0x9d,0x1e,0x9d,0x26,0x9d,0x1e,0x9d,0x26,
0x9d,0x1e,0x9d,0x26,0x9d,0x1e,0x9d,0x26,0x9d,0x1e,0x9d,0x26,0x9d,0x1e,0x9d,0x26,0x9d,0x1e,0x9d,0x26,0x9d,0x1e,0x9d,0x26,0x9d,0x1e,0x9d,0x26,0x9d,0x1e,0x9d,0x26,
0x9d,0x1e,0x9d,0x26,0x9d,0x1e,0x9d,0x26,0x9d,0x1e,0x9d,0x26,0x9d,0x1e,0x9d,0x26,0x9d,0x1e,0x9d,0x26,0x9d,0x1e,0x9d,0x26,0x9d,0x1e,0x9d,0x26,0x9d,0x1e,0x9d,0x26,
0x9d,0x1e,0x9d,0x26,0x9d,0x1e,0x9d,0x26,0x9d,0x1e,0x9d,0x26,0x9d,0x1e,0x9d,0x26,0x9d,0x1e,0x9d,0x26,0x9d,0x1e,0x9d,0x26,0x9d,0x1e,0x9d,0x26,0x9d,0x1e,0x9d,0x26,
0x9d,0x1e,0x9d,0x26,0x9d,0x1e,0x9d,0x26,0x9d,0x1e,0x9d,0x26,0x9d,0x1e,0x9d,0x26,0x9d,0x1e,0x9d,0x26,0x9d,0x1e,0x9d,0x26,0xeb,0xf1,0xeb,0xf1,0xeb,0xf1,0xeb,0xf1,
0xeb,0xf1,0xeb,0xf1,0xeb,0xf1,0xeb,0xf1,0xeb,0xf1,0xeb,0xf1,0xeb,0xf1,0xeb,0xf1,0xeb,0xf1,0xeb,0xf1,0xeb,0xf1,0xeb,0xf1,0xeb,0xf1,0xeb,0xf1,0xeb,0xf1,0xeb,0xf1,
0xeb,0xf1,0xeb,0xf1,0xeb,0xf1,0xeb,0xf1,0xeb,0xf1,0xeb,0xf1,0xeb,0xf1,0xeb,0xf1,0xeb,0xf1,0xeb,0xf1,0xeb,0xf1,0xeb,0xf1,0xeb,0xf1,0xeb,0xf1,0xeb,0xf1,0xeb,0xf1,
0xeb,0xf1,0xeb,0xf1,0xeb,0xf1,0xeb,0xf1,0xeb,0xf1,0xeb,0xf1,0xeb,0xf1,0xeb,0xf1,0xeb,0xf1,0xeb,0xf1,0xeb,0xf1,0xeb,0xf1,0xeb,0xf1,0xeb,0xf1,0xeb,0xf1,0xeb,0xf1,
0xeb,0xf1,0xeb,0xf1,0xeb,0xf1,0xeb,0xf1,0xeb,0xf1,0xeb,0xf1,0xeb,0xf1,0xeb,0xf1,0xeb,0xf1,0xeb,0xf1,0xeb,0xf1,0xeb,0xf1,0xeb,0xf1,0xeb,0xf1,0xeb,0xf1,0xeb,0xf1,
0xeb,0xf1,0xeb,0xf1,0xeb,0xf1,0xeb,0xf1,0xeb,0xf1,0xeb,0xf1,0xeb,0xf1,0xeb,0xf1,0xeb,0xf1,0xeb,0xf1,0xeb,0xf1,0xeb,0xf1,0xeb,0xf1,0xeb,0xf1,0xeb,0xf1,0xeb,0xf1,
0xeb,0xf1,0xeb,0xf1,0xeb,0xf1,0xec,0xf1,0xeb,0xe9,0xec,0xf1,0xeb,0xe9,0xec,0xf1,0x9e,0x26,0x9d,0x26,0x9e,0x26,0x9d,0x26,0x9e,0x26,0x9d,0x26,0xbe,0x26,0x9d,0x26,
0xbe,0x26,0x9d,0x26,0xbe,0x26,0x9d,0x26,0xbe,0x26,0x9d,0x26,0xbe,0x26,0x9d,0x26,0xbe,0x26,0x9d,0x26,0xbe,0x26,0x9d,0x26,0xbe,0x26,0x9d,0x26,0xbe,0x26,0x9d,0x26,
0xbe,0x26,0x9d,0x26,0xbe,0x26,0x9d,0x26,0xbe,0x26,0x9d,0x26,0xbe,0x26,0x9d,0x26,0xbe,0x26,0x9d,0x26,0xbe,0x26,0x9d,0x26,0xbe,0x26,0x9d,0x26,0xbe,0x26,0x9d,0x26,
0xbe,0x26,0x9d,0x26,0xbe,0x26,0x9d,0x26,0xbe,0x26,0x9d,0x26,0xbe,0x26,0x9d,0x26,0xbe,0x26,0x9d,0x26,0xbe,0x26,0x9d,0x26,0xbe,0x26,0x9d,0x26,0xbe,0x26,0x9d,0x26,
0xbe,0x26,0x9d,0x26,0xbe,0x26,0x9d,0x26,0xbe,0x26,0x9d,0x26,0xbe,0x26,0x9d,0x26,0xbe,0x26,0x9d,0x26,0xbe,0x26,0x9d,0x26,0xbe,0x26,0x9d,0x26,0xbe,0x26,0x9d,0x26,
0xbe,0x26,0x9d,0x26,0xbe,0x26,0x9d,0x26,0xbe,0x26,0x9d,0x26,0xbe,0x26,0x9d,0x26,0xbe,0x26,0x9d,0x26,0xbe,0x26,0x9d,0x26,0xbe,0x26,0x9d,0x26,0xbe,0x26,0x9d,0x26,
0xbe,0x26,0x9d,0x26,0xbe,0x26,0x9d,0x26,0x0c,0xf2,0xeb,0xf1,0x0c,0xf2,0xeb,0xf1,0x0c,0xf2,0xeb,0xf1,0x0c,0xf2,0xeb,0xf1,0x0c,0xf2,0xeb,0xf1,0x0c,0xf2,0xeb,0xf1,
0x0c,0xf2,0xeb,0xf1,0x0c,0xf2,0xeb,0xf1,0x0c,0xf2,0xeb,0xf1,0x0c,0xf2,0xeb,0xf1,0x0c,0xf2,0xeb,0xf1,0x0c,0xf2,0xeb,0xf1,0x0c,0xf2,0xeb,0xf1,0x0c,0xf2,0xeb,0xf1,
0x0c,0xf2,0xeb,0xf1,0x0c,0xf2,0xeb,0xf1,0x0c,0xf2,0xeb,0xf1,0x0c,0xf2,0xeb,0xf1,0x0c,0xf2,0xeb,0xf1,0x0c,0xf2,0xeb,0xf1,0x0c,0xf2,0xeb,0xf1,0x0c,0xf2,0xeb,0xf1,
0x0c,0xf2,0xeb,0xf1,0x0c,0xf2,0xeb,0xf1,0x0c,0xf2,0xeb,0xf1,0x0c,0xf2,0xeb,0xf1,0x0c,0xf2,0xeb,0xf1,0x0c,0xf2,0xeb,0xf1,0x0c,0xf2,0xeb,0xf1,0x0c,0xf2,0xeb,0xf1,
0x0c,0xf2,0xeb,0xf1,0x0c,0xf2,0xeb,0xf1,0x0c,0xf2,0xeb,0xf1,0x0c,0xf2,0xeb,0xf1,0x0c,0xf2,0xeb,0xf1,0x0c,0xf2,0xeb,0xf1,0x0c,0xf2,0xeb,0xf1,0x0c,0xf2,0xeb,0xf1,
0x0c,0xf2,0xeb,0xf1,0x0c,0xf2,0xeb,0xf1,0x0c,0xf2,0xeb,0xf1,0x0c,0xf2,0xeb,0xf1,0x0c,0xf2,0xeb,0xf1,0x0c,0xf2,0xeb,0xf1,0x0c,0xf2,0xeb,0xf1,0x0c,0xf2,0xec,0xf1,
0x7d,0x1e,0x9d,0x26,0x9d,0x1e,0x9d,0x26,0x9d,0x1e,0x9d,0x26,0x9d,0x1e,0x9d,0x26,0x9d,0x1e,0x9d,0x26,0x9d,0x1e,0x9d,0x26,0x9d,0x1e,0x9d,0x26,0x9d,0x1e,0x9d,0x26,
0x9d,0x1e,0x9d,0x26,0x9d,0x1e,0x9d,0x26,0x9d,0x1e,0x9d,0x26,0x9d,0x1e,0x9d,0x26,0x9d,0x1e,0x9d,0x26,0x9d,0x1e,0x9d,0x26,0x9d,0x1e,0x9d,0x26,0x9d,0x1e,0x9d,0x26,
0x9d,0x1e,0x9d,0x26,0x9d,0x1e,0x9d,0x26,0x9d,0x1e,0x9d,0x26,0x9d,0x1e,0x9d,0x26,0x9d,0x1e,0x9d,0x26,0x9d,0x1e,0x9d,0x26,0x9d,0x1e,0x9d,0x26,0x9d,0x1e,0x9d,0x26,
0x9d,0x1e,0x9d,0x26,0x9d,0x1e,0x9d,0x26,0x9d,0x1e,0x9d,0x26,0x9d,0x1e,0x9d,0x26,0x9d,0x1e,0x9d,0x26,0x9d,0x1e,0x9d,0x26,0x9d,0x1e,0x9d,0x26,0x9d,0x1e,0x9d,0x26,
0x9d,0x1e,0x9d,0x26,0x9d,0x1e,0x9d,0x26,0x9d,0x1e,0x9d,0x26,0x9d,0x1e,0x9d,0x26,0x9d,0x1e,0x9d,0x26,0x9d,0x1e,0x9d,0x26,0x9d,0x1e,0x9d,0x26,0x9d,0x1e,0x9d,0x26,
0x9d,0x1e,0x9d,0x26,0x9d,0x1e,0x9d,0x26,0x9d,0x1e,0x9d,0x26,0x9d,0x1e,0x9d,0x26,0x9d,0x1e,0x9d,0x26,0x9d,0x1e,0x9d,0x26,0xeb,0xf1,0xeb,0xf1,0xeb,0xf1,0xeb,0xf1,
0xeb,0xf1,0xeb,0xf1,0xeb,0xf1,0xeb,0xf1,0xeb,0xf1,0xeb,0xf1,0xeb,0xf1,0xeb,0xf1,0xeb,0xf1,0xeb,0xf1,0xeb,0xf1,0xeb,0xf1,0xeb,0xf1,0xeb,0xf1,0xeb,0xf1,0xeb,0xf1,
0xeb,0xf1,0xeb,0xf1,0xeb,0xf1,0xeb,0xf1,0xeb,0xf1,0xeb,0xf1,0xeb,0xf1,0xeb,0xf1,0xeb,0xf1,0xeb,0xf1,0xeb,0xf1,0xeb,0xf1,0xeb,0xf1,0xeb,0xf1,0xeb,0xf1,0xeb,0xf1,
0xeb,0xf1,0xeb,0xf1,0xeb,0xf1,0xeb,0xf1,0xeb,0xf1,0xeb,0xf1,0xeb,0xf1,0xeb,0xf1,0xeb,0xf1,0xeb,0xf1,0xeb,0xf1,0xeb,0xf1,0xeb,0xf1,0xeb,0xf1,0xeb,0xf1,0xeb,0xf1,
0xeb,0xf1,0xeb,0xf1,0xeb,0xf1,0xeb,0xf1,0xeb,0xf1,0xeb,0xf1,0xeb,0xf1,0xeb,0xf1,0xeb,0xf1,0xeb,0xf1,0xeb,0xf1,0xeb,0xf1,0xeb,0xf1,0xeb,0xf1,0xeb,0xf1,0xeb,0xf1,
0xeb,0xf1,0xeb,0xf1,0xeb,0xf1,0xeb,0xf1,0xeb,0xf1,0xeb,0xf1,0xeb,0xf1,0xeb,0xf1,0xeb,0xf1,0xeb,0xf1,0xeb,0xf1,0xeb,0xf1,0xeb,0xf1,0xeb,0xf1,0xeb,0xf1,0xeb,0xf1,
0xeb,0xf1,0xeb,0xf1,0xeb,0xf1,0xeb,0xf1,0xeb,0xf1,0xec,0xf1,0xeb,0xe9,0xec,0xf1,0x9e,0x26,0x9d,0x26,0x9e,0x26,0x9d,0x26,0xbe,0x26,0x9d,0x26,0xbe,0x26,0x9d,0x26,
0xbe,0x26,0x9d,0x26,0xbe,0x26,0x9d,0x26,0xbe,0x26,0x9d,0x26,0xbe,0x26,0x9d,0x26,0xbe,0x26,0x9d,0x26,0xbe,0x26,0x9d,0x26,0xbe,0x26,0x9d,0x26,0xbe,0x26,0x9d,0x26,
0xbe,0x26,0x9d,0x26,0xbe,0x26,0x9d,0x26,0xbe,0x26,0x9d,0x26,0xbe,0x26,0x9d,0x26,0xbe,0x26,0x9d,0x26,0xbe,0x26,0x9d,0x26,0xbe,0x26,0x9d,0x26,0xbe,0x26,0x9d,0x26,
0xbe,0x26,0x9d,0x26,0xbe,0x26,0x9d,0x26,0xbe,0x26,0x9d,0x26,0xbe,0x26,0x9d,0x26,0xbe,0x26,0x9d,0x26,0xbe,0x26,0x9d,0x26,0xbe,0x26,0x9d,0x26,0xbe,0x26,0x9d,0x26,
0xbe,0x26,0x9d,0x26,0xbe,0x26,0x9d,0x26,0xbe,0x26,0x9d,0x26,0xbe,0x26,0x9d,0x26,0xbe,0x26,0x9d,0x26,0xbe,0x26,0x9d,0x26,0xbe,0x26,0x9d,0x26,0xbe,0x26,0x9d,0x26,
0xbe,0x26,0x9d,0x26,0xbe,0x26,0x9d,0x26,0xbe,0x26,0x9d,0x26,0xbe,0x26,0x9d,0x26,0xbe,0x26,0x9d,0x26,0xbe,0x26,0x9d,0x26,0xbe,0x26,0x9d,0x26,0xbe,0x26,0x9d,0x26,
0xbe,0x26,0x9d,0x26,0xbe,0x26,0x9d,0x26,0x0c,0xf2,0xeb,0xf1,0x0c,0xf2,0xeb,0xf1,0x0c,0xf2,0xeb,0xf1,0x0c,0xf2,0xeb,0xf1,0x0c,0xf2,0xeb,0xf1,0x0c,0xf2,0xeb,0xf1,
0x0c,0xf2,0xeb,0xf1,0x0c,0xf2,0xeb,0xf1,0x0c,0xf2,0xeb,0xf1,0x0c,0xf2,0xeb,0xf1,0x0c,0xf2,0xeb,0xf1,0x0c,0xf2,0xeb,0xf1,0x0c,0xf2,0xeb,0xf1,0x0c,0xf2,0xeb,0xf1,
0x0c,0xf2,0xeb,0xf1,0x0c,0xf2,0xeb,0xf1,0x0c,0xf2,0xeb,0xf1,0x0c,0xf2,0xeb,0xf1,0x0c,0xf2,0xeb,0xf1,0x0c,0xf2,0xeb,0xf1,0x0c,0xf2,0xeb,0xf1,0x0c,0xf2,0xeb,0xf1,
0x0c,0xf2,0xeb,0xf1,0x0c,0xf2,0xeb,0xf1,0x0c,0xf2,0xeb,0xf1,0x0c,0xf2,0xeb,0xf1,0x0c,0xf2,0xeb,0xf1,0x0c,0xf2,0xeb,0xf1,0x0c,0xf2,0xeb,0xf1,0x0c,0xf2,0xeb,0xf1,
0x0c,0xf2,0xeb,0xf1,0x0c,0xf2,0xeb,0xf1,0x0c,0xf2,0xeb,0xf1,0x0c,0xf2,0xeb,0xf1,0x0c,0xf2,0xeb,0xf1,0x0c,0xf2,0xeb,0xf1,0x0c,0xf2,0xeb,0xf1,0x0c,0xf2,0xeb,0xf1,
0x0c,0xf2,0xeb,0xf1,0x0c,0xf2,0xeb,0xf1,0x0c,0xf2,0xeb,0xf1,0x0c,0xf2,0xeb,0xf1,0x0c,0xf2,0xeb,0xf1,0x0c,0xf2,0xeb,0xf1,0x0c,0xf2,0xeb,0xf1,0x0c,0xf2,0xeb,0xf1,
0x9d,0x1e,0x9d,0x26,0x9d,0x1e,0x9d,0x26,0x9d,0x1e,0x9d,0x26,0x9d,0x1e,0x9d,0x26,0x9d,0x1e,0x9d,0x26,0x9d,0x1e,0x9d,0x26,0x9d,0x1e,0x9d,0x26,0x9d,0x1e,0x9d,0x26,
0x9d,0x1e,0x9d,0x26,0x9d,0x1e,0x9d,0x26,0x9d,0x1e,0x9d,0x26,0x9d,0x1e,0x9d,0x26,0x9d,0x1e,0x9d,0x26,0x9d,0x1e,0x9d,0x26,0x9d,0x1e,0x9d,0x26,0x9d,0x1e,0x9d,0x26,
0x9d,0x1e,0x9d,0x26,0x9d,0x1e,0x9d,0x26,0x9d,0x1e,0x9d,0x26,0x9d,0x1e,0x9d,0x26,0x9d,0x1e,0x9d,0x26,0x9d,0x1e,0x9d,0x26,0x9d,0x1e,0x9d,0x26,0x9d,0x1e,0x9d,0x26,
0x9d,0x1e,0x9d,0x26,0x9d,0x1e,0x9d,0x26,0x9d,0x1e,0x9d,0x26,0x9d,0x1e,0x9d,0x26,0x9d,0x1e,0x9d,0x26,0x9d,0x1e,0x9d,0x26,0x9d,0x1e,0x9d,0x26,0x9d,0x1e,0x9d,0x26,
0x9d,0x1e,0x9d,0x26,0x9d,0x1e,0x9d,0x26,0x9d,0x1e,0x9d,0x26,0x9d,0x1e,0x9d,0x26,0x9d,0x1e,0x9d,0x26,0x9d,0x1e,0x9d,0x26,0x9d,0x1e,0x9d,0x26,0x9d,0x1e,0x9d,0x26,
0x9d,0x1e,0x9d,0x26,0x9d,0x1e,0x9d,0x26,0x9d,0x1e,0x9d,0x26,0x9d,0x1e,0x9d,0x26,0x9d,0x1e,0x9d,0x26,0x9d,0x1e,0x9d,0x26,0xeb,0xf1,0xeb,0xf1,0xeb,0xf1,0xeb,0xf1,
0xeb,0xf1,0xeb,0xf1,0xeb,0xf1,0xeb,0xf1,0xeb,0xf1,0xeb,0xf1,0xeb,0xf1,0xeb,0xf1,0xeb,0xf1,0xeb,0xf1,0xeb,0xf1,0xeb,0xf1,0xeb,0xf1,0xeb,0xf1,0xeb,0xf1,0xeb,0xf1,
0xeb,0xf1,0xeb,0xf1,0xeb,0xf1,0xeb,0xf1,0xeb,0xf1,0xeb,0xf1,0xeb,0xf1,0xeb,0xf1,0xeb,0xf1,0xeb,0xf1,0xeb,0xf1,0xeb,0xf1,0xeb,0xf1,0xeb,0xf1,0xeb,0xf1,0xeb,0xf1,
0xeb,0xf1,0xeb,0xf1,0xeb,0xf1,0xeb,0xf1,0xeb,0xf1,0xeb,0xf1,0xeb,0xf1,0xeb,0xf1,0xeb,0xf1,0xeb,0xf1,0xeb,0xf1,0xeb,0xf1,0xeb,0xf1,0xeb,0xf1,0xeb,0xf1,0xeb,0xf1,
0xeb,0xf1,0xeb,0xf1,0xeb,0xf1,0xeb,0xf1,0xeb,0xf1,0xeb,0xf1,0xeb,0xf1,0xeb,0xf1,0xeb,0xf1,0xeb,0xf1,0xeb,0xf1,0xeb,0xf1,0xeb,0xf1,0xeb,0xf1,0xeb,0xf1,0xeb,0xf1,
0xeb,0xf1,0xeb,0xf1,0xeb,0xf1,0xeb,0xf1,0xeb,0xf1,0xeb,0xf1,0xeb,0xf1,0xeb,0xf1,0xeb,0xf1,0xeb,0xf1,0xeb,0xf1,0xeb,0xf1,0xeb,0xf1,0xeb,0xf1,0xeb,0xf1,0xeb,0xf1,
0xeb,0xf1,0xeb,0xf1,0xeb,0xf1,0xeb,0xf1,0xeb,0xf1,0xeb,0xf1,0xeb,0xf1,0xec,0xf1,0x9e,0x26,0x9d,0x26,0xbe,0x26,0x9d,0x26,0xbe,0x26,0x9d,0x26,0xbe,0x26,0x9d,0x26,
0xbe,0x26,0x9d,0x26,0xbe,0x26,0x9d,0x26,0xbe,0x26,0x9d,0x26,0xbe,0x26,0x9d,0x26,0xbe,0x26,0x9d,0x26,0xbe,0x26,0x9d,0x26,0xbe,0x26,0x9d,0x26,0xbe,0x26,0x9d,0x26,
0xbe,0x26,0x9d,0x26,0xbe,0x26,0x9d,0x26,0xbe,0x26,0x9d,0x26,0xbe,0x26,0x9d,0x26,0xbe,0x26,0x9d,0x26,0xbe,0x26,0x9d,0x26,0xbe,0x26,0x9d,0x26,0xbe,0x26,0x9d,0x26,
0xbe,0x26,0x9d,0x26,0xbe,0x26,0x9d,0x26,0xbe,0x26,0x9d,0x26,0xbe,0x26,0x9d,0x26,0xbe,0x26,0x9d,0x26,0xbe,0x26,0x9d,0x26,0xbe,0x26,0x9d,0x26,0xbe,0x26,0x9d,0x26,
0xbe,0x26,0x9d,0x26,0xbe,0x26,0x9d,0x26,0xbe,0x26,0x9d,0x26,0xbe,0x26,0x9d,0x26,0xbe,0x26,0x9d,0x26,0xbe,0x26,0x9d,0x26,0xbe,0x26,0x9d,0x26,0xbe,0x26,0x9d,0x26,
0xbe,0x26,0x9d,0x26,0xbe,0x26,0x9d,0x26,0xbe,0x26,0x9d,0x26,0xbe,0x26,0x9d,0x26,0xbe,0x26,0x9d,0x26,0xbe,0x26,0x9d,0x26,0xbe,0x26,0x9d,0x26,0xbe,0x26,0x9d,0x26,
0xbe,0x26,0x9d,0x26,0xbe,0x26,0x9d,0x26,0x0c,0xf2,0xeb,0xf1,0x0c,0xf2,0xeb,0xf1,0x0c,0xf2,0xeb,0xf1,0x0c,0xf2,0xeb,0xf1,0x0c,0xf2,0xeb,0xf1,0x0c,0xf2,0xeb,0xf1,
0x0c,0xf2,0xeb,0xf1,0x0c,0xf2,0xeb,0xf1,0x0c,0xf2,0xeb,0xf1,0x0c,0xf2,0xeb,0xf1,0x0c,0xf2,0xeb,0xf1,0x0c,0xf2,0xeb,0xf1,0x0c,0xf2,0xeb,0xf1,0x0c,0xf2,0xeb,0xf1,
0x0c,0xf2,0xeb,0xf1,0x0c,0xf2,0xeb,0xf1,0x0c,0xf2,0xeb,0xf1,0x0c,0xf2,0xeb,0xf1,0x0c,0xf2,0xeb,0xf1,0x0c,0xf2,0xeb,0xf1,0x0c,0xf2,0xeb,0xf1,0x0c,0xf2,0xeb,0xf1,
0x0c,0xf2,0xeb,0xf1,0x0c,0xf2,0xeb,0xf1,0x0c,0xf2,0xeb,0xf1,0x0c,0xf2,0xeb,0xf1,0x0c,0xf2,0xeb,0xf1,0x0c,0xf2,0xeb,0xf1,0x0c,0xf2,0xeb,0xf1,0x0c,0xf2,0xeb,0xf1,
0x0c,0xf2,0xeb,0xf1,0x0c,0xf2,0xeb,0xf1,0x0c,0xf2,0xeb,0xf1,0x0c,0xf2,0xeb,0xf1,0x0c,0xf2,0xeb,0xf1,0x0c,0xf2,0xeb,0xf1,0x0c,0xf2,0xeb,0xf1,0x0c,0xf2,0xeb,0xf1,
0x0c,0xf2,0xeb,0xf1,0x0c,0xf2,0xeb,0xf1,0x0c,0xf2,0xeb,0xf1,0x0c,0xf2,0xeb,0xf1,0x0c,0xf2,0xeb,0xf1,0x0c,0xf2,0xeb,0xf1,0x0c,0xf2,0xeb,0xf1,0x0c,0xf2,0xeb,0xf1,
0x9d,0x1e,0x9d,0x26,0x9d,0x1e,0x9d,0x26,0x9d,0x1e,0x9d,0x26,0x9d,0x1e,0x9d,0x26,0x9d,0x1e,0x9d,0x26,0x9d,0x1e,0x9d,0x26,0x9d,0x1e,0x9d,0x26,0x9d,0x1e,0x9d,0x26,
0x9d,0x1e,0x9d,0x26,0x9d,0x1e,0x9d,0x26,0x9d,0x1e,0x9d,0x26,0x9d,0x1e,0x9d,0x26,0x9d,0x1e,0x9d,0x26,0x9d,0x1e,0x9d,0x26,0x9d,0x1e,0x9d,0x26,0x9d,0x1e,0x9d,0x26,
0x9d,0x1e,0x9d,0x26,0x9d,0x1e,0x9d,0x26,0x9d,0x1e,0x9d,0x26,0x9d,0x1e,0x9d,0x26,0x9d,0x1e,0x9d,0x26,0x9d,0x1e,0x9d,0x26,0x9d,0x1e,0x9d,0x26,0x9d,0x1e,0x9d,0x26,
0x9d,0x1e,0x9d,0x26,0x9d,0x1e,0x9d,0x26,0x9d,0x1e,0x9d,0x26,0x9d,0x1e,0x9d,0x26,0x9d,0x1e,0x9d,0x26,0x9d,0x1e,0x9d,0x26,0x9d,0x1e,0x9d,0x26,0x9d,0x1e,0x9d,0x26,
0x9d,0x1e,0x9d,0x26,0x9d,0x1e,0x9d,0x26,0x9d,0x1e,0x9d,0x26,0x9d,0x1e,0x9d,0x26,0x9d,0x1e,0x9d,0x26,0x9d,0x1e,0x9d,0x26,0x9d,0x1e,0x9d,0x26,0x9d,0x1e,0x9d,0x26,
0x9d,0x1e,0x9d,0x26,0x9d,0x1e,0x9d,0x26,0x9d,0x1e,0x9d,0x26,0x9d,0x1e,0x9d,0x26,0x9d,0x1e,0x9d,0x26,0x9d,0x1e,0x9d,0x26,0xeb,0xf1,0xeb,0xf1,0xeb,0xf1,0xeb,0xf1,
0xeb,0xf1,0xeb,0xf1,0xeb,0xf1,0xeb,0xf1,0xeb,0xf1,0xeb,0xf1,0xeb,0xf1,0xeb,0xf1,0xeb,0xf1,0xeb,0xf1,0xeb,0xf1,0xeb,0xf1,0xeb,0xf1,0xeb,0xf1,0xeb,0xf1,0xeb,0xf1,
0xeb,0xf1,0xeb,0xf1,0xeb,0xf1,0xeb,0xf1,0xeb,0xf1,0xeb,0xf1,0xeb,0xf1,0xeb,0xf1,0xeb,0xf1,0xeb,0xf1,0xeb,0xf1,0xeb,0xf1,0xeb,0xf1,0xeb,0xf1,0xeb,0xf1,0xeb,0xf1,
0xeb,0xf1,0xeb,0xf1,0xeb,0xf1,0xeb,0xf1,0xeb,0xf1,0xeb,0xf1,0xeb,0xf1,0xeb,0xf1,0xeb,0xf1,0xeb,0xf1,0xeb,0xf1,0xeb,0xf1,0xeb,0xf1,0xeb,0xf1,0xeb,0xf1,0xeb,0xf1,
0xeb,0xf1,0xeb,0xf1,0xeb,0xf1,0xeb,0xf1,0xeb,0xf1,0xeb,0xf1,0xeb,0xf1,0xeb,0xf1,0xeb,0xf1,0xeb,0xf1,0xeb,0xf1,0xeb,0xf1,0xeb,0xf1,0xeb,0xf1,0xeb,0xf1,0xeb,0xf1,
0xeb,0xf1,0xeb,0xf1,0xeb,0xf1,0xeb,0xf1,0xeb,0xf1,0xeb,0xf1,0xeb,0xf1,0xeb,0xf1,0xeb,0xf1,0xeb,0xf1,0xeb,0xf1,0xeb,0xf1,0xeb,0xf1,0xeb,0xf1,0xeb,0xf1,0xeb,0xf1,
0xeb,0xf1,0xeb,0xf1,0xeb,0xf1,0xeb,0xf1,0xeb,0xf1,0xeb,0xf1,0xeb,0xf1,0xeb,0xf1,0xbe,0x26,0x9d,0x26,0xbe,0x26,0x9d,0x26,0xbe,0x26,0x9d,0x26,0xbe,0x26,0x9d,0x26,
0xbe,0x26,0x9d,0x26,0xbe,0x26,0x9d,0x26,0xbe,0x26,0x9d,0x26,0xbe,0x26,0x9d,0x26,0xbe,0x26,0x9d,0x26,0xbe,0x26,0x9d,0x26,0xbe,0x26,0x9d,0x26,0xbe,0x26,0x9d,0x26,
0xbe,0x26,0x9d,0x26,0xbe,0x26,0x9d,0x26,0xbe,0x26,0x9d,0x26,0xbe,0x26,0x9d,0x26,0xbe,0x26,0x9d,0x26,0xbe,0x26,0x9d,0x26,0xbe,0x26,0x9d,0x26,0xbe,0x26,0x9d,0x26,
0xbe,0x26,0x9d,0x26,0xbe,0x26,0x9d,0x26,0xbe,0x26,0x9d,0x26,0xbe,0x26,0x9d,0x26,0xbe,0x26,0x9d,0x26,0xbe,0x26,0x9d,0x26,0xbe,0x26,0x9d,0x26,0xbe,0x26,0x9d,0x26,
0xbe,0x26,0x9d,0x26,0xbe,0x26,0x9d,0x26,0xbe,0x26,0x9d,0x26,0xbe,0x26,0x9d,0x26,0xbe,0x26,0x9d,0x26,0xbe,0x26,0x9d,0x26,0xbe,0x26,0x9d,0x26,0xbe,0x26,0x9d,0x26,
0xbe,0x26,0x9d,0x26,0xbe,0x26,0x9d,0x26,0xbe,0x26,0x9d,0x26,0xbe,0x26,0x9d,0x26,0xbe,0x26,0x9d,0x26,0xbe,0x26,0x9d,0x26,0xbe,0x26,0x9d,0x26,0xbe,0x26,0x9d,0x26,
0xbe,0x26,0x9d,0x26,0xbe,0x26,0x9d,0x26,0x0c,0xf2,0xeb,0xf1,0x0c,0xf2,0xeb,0xf1,0x0c,0xf2,0xeb,0xf1,0x0c,0xf2,0xeb,0xf1,0x0c,0xf2,0xeb,0xf1,0x0c,0xf2,0xeb,0xf1,
0x0c,0xf2,0xeb,0xf1,0x0c,0xf2,0xeb,0xf1,0x0c,0xf2,0xeb,0xf1,0x0c,0xf2,0xeb,0xf1,0x0c,0xf2,0xeb,0xf1,0x0c,0xf2,0xeb,0xf1,0x0c,0xf2,0xeb,0xf1,0x0c,0xf2,0xeb,0xf1,
0x0c,0xf2,0xeb,0xf1,0x0c,0xf2,0xeb,0xf1,0x0c,0xf2,0xeb,0xf1,0x0c,0xf2,0xeb,0xf1,0x0c,0xf2,0xeb,0xf1,0x0c,0xf2,0xeb,0xf1,0x0c,0xf2,0xeb,0xf1,0x0c,0xf2,0xeb,0xf1,
0x0c,0xf2,0xeb,0xf1,0x0c,0xf2,0xeb,0xf1,0x0c,0xf2,0xeb,0xf1,0x0c,0xf2,0xeb,0xf1,0x0c,0xf2,0xeb,0xf1,0x0c,0xf2,0xeb,0xf1,0x0c,0xf2,0xeb,0xf1,0x0c,0xf2,0xeb,0xf1,
0x0c,0xf2,0xeb,0xf1,0x0c,0xf2,0xeb,0xf1,0x0c,0xf2,0xeb,0xf1,0x0c,0xf2,0xeb,0xf1,0x0c,0xf2,0xeb,0xf1,0x0c,0xf2,0xeb,0xf1,0x0c,0xf2,0xeb,0xf1,0x0c,0xf2,0xeb,0xf1,
0x0c,0xf2,0xeb,0xf1,0x0c,0xf2,0xeb,0xf1,0x0c,0xf2,0xeb,0xf1,0x0c,0xf2,0xeb,0xf1,0x0c,0xf2,0xeb,0xf1,0x0c,0xf2,0xeb,0xf1,0x0c,0xf2,0xeb,0xf1,0x0c,0xf2,0xeb,0xf1
};
const lv_image_dsc_t img_ring_cpu = {
    .header = {.magic = LV_IMAGE_HEADER_MAGIC, .cf = LV_COLOR_FORMAT_RGB565, .w = 184, .h = 184, .stride = 368},
    .data_size = sizeof(map),
    .data = map,
};
