#include "lvgl.h"
// Generated by tools/gen_images.py
static const uint8_t map[] __attribute__((aligned(4))) = {
0xde,0x64,0xff,0x6c,0xde,0x64,0xdf,0x6c,0xde,0x64,0xdf,0x6c,0xde,0x64,0xdf,0x6c,0xde,0x64,0xdf,0x6c,0xde,0x6c,0xdf,0x6c,0xde,0x6c,0xdf,0x6c,0xbe,0x6c,0xdf,0x6c,
0xbe,0x6c,0xdf,0x6c,0xbe,0x6c,0xdf,0x6c,0xbe,0x6c,0xbf,0x6c,0xbe,0x6c,0xbf,0x74,0xbe,0x6c,0xbf,0x74,0xbe,0x6c,0xbf,0x74,0xbe,0x6c,0xbf,0x74,0x9e,0x6c,0xbf,0x74,
0x9e,0x6c,0xbf,0x74,0x9e,0x74,0xbf,0x74,0x9e,0x74,0x9f,0x74,0x9e,0x74,0x9f,0x74,0x9e,0x74,0x9f,0x74,0x7e,0x74,0x9f,0x7c,0x7e,0x74,0x9f,0x7c,0x7e,0x74,0x9f,0x7c,
0x7e,0x74,0x7f,0x7c,0x7e,0x7c,0x7f,0x7c,0x7e,0x7c,0x7f,0x7c,0x5e,0x7c,0x7f,0x7c,0x5e,0x7c,0x7f,0x7c,0x5e,0x7c,0x7f,0x84,0x5e,0x7c,0x5f,0x84,0x5e,0x7c,0x5f,0x84,
0x5e,0x84,0x5f,0x84,0x5e,0x84,0x5f,0x84,0x5e,0x84,0x5f,0x84,0x5e,0x84,0x5f,0x8c,0x5e,0x84,0x5f,0x8c,0x5e,0x8c,0x5f,0x8c,0x3e,0x8c,0x5f,0x8c,0x3e,0x8c,0x5f,0x8c,
0x3e,0x8c,0x5f,0x94,0x3e,0x8c,0x5f,0x94,0x3e,0x8c,0x5f,0x94,0x3e,0x94,0x5f,0x94,0x3e,0x94,0x5f,0x94,0x3e,0x94,0x5f,0x94,0x3e,0x94,0x3f,0x94,0x3e,0x94,0x3f,0x9c,
0x3e,0x94,0x3f,0x9c,0x3e,0x94,0x3f,0x9c,0x3e,0x94,0x3f,0x9c,0x3e,0x9c,0x3f,0x9c,0x3e,0x9c,0x3f,0x9c,0x3e,0x9c,0x3f,0x9c,0x3e,0x9c,0x3f,0x9c,0x3e,0x9c,0x3f,0xa4,
0x3e,0x9c,0x3f,0xa4,0x3e,0x9c,0x3f,0xa4,0x1e,0x9c,0x3f,0xa4,0x1e,0x9c,0x3f,0xa4,0xff,0x6c,0xde,0x64,0xff,0x6c,0xde,0x6c,0xff,0x6c,0xde,0x64,0xff,0x6c,0xde,0x6c,
0xff,0x6c,0xde,0x6c,0xdf,0x6c,0xde,0x6c,0xdf,0x6c,0xde,0x6c,0xdf,0x6c,0xde,0x6c,0xdf,0x6c,0xde,0x6c,0xdf,0x74,0xbe,0x6c,0xdf,0x74,0xbe,0x6c,0xdf,0x74,0xbe,0x6c,
0xdf,0x74,0xbe,0x6c,0xbf,0x74,0xbe,0x74,0xbf,0x74,0xbe,0x74,0xbf,0x74,0xbe,0x74,0xbf,0x74,0x9e,0x74,0xbf,0x74,0x9e,0x74,0xbf,0x74,0x9e,0x74,0xbf,0x7c,0x9e,0x74,
0x9f,0x7c,0x9e,0x74,0x9f,0x7c,0x9e,0x74,0x9f,0x7c,0x9e,0x74,0x9f,0x7c,0x7e,0x7c,0x9f,0x7c,0x7e,0x7c,0x9f,0x7c,0x7e,0x7c,0x7f,0x7c,0x7e,0x7c,0x7f,0x84,0x7e,0x7c,
0x7f,0x84,0x5e,0x7c,0x7f,0x84,0x5e,0x7c,0x7f,0x84,0x5e,0x84,0x7f,0x84,0x5e,0x84,0x7f,0x84,0x5e,0x84,0x7f,0x8c,0x5e,0x84,0x5f,0x8c,0x5e,0x84,0x5f,0x8c,0x5e,0x8c,
0x5f,0x8c,0x5e,0x8c,0x5f,0x8c,0x5e,0x8c,0x5f,0x8c,0x5e,0x8c,0x5f,0x94,0x5e,0x8c,0x5f,0x94,0x5e,0x8c,0x5f,0x94,0x3e,0x94,0x5f,0x94,0x3e,0x94,0x5f,0x94,0x3e,0x94,
0x5f,0x94,0x3e,0x94,0x5f,0x9c,0x3e,0x94,0x5f,0x9c,0x3e,0x94,0x5f,0x9c,0x3e,0x94,0x5f,0x9c,0x3e,0x94,0x5f,0x9c,0x3e,0x9c,0x5f,0x9c,0x3e,0x9c,0x3f,0x9c,0x3e,0x9c,
0x3f,0x9c,0x3e,0x9c,0x3f,0xa4,0x3e,0x9c,0x3f,0xa4,0x3e,0x9c,0x3f,0xa4,0x3e,0x9c,0x3f,0xa4,0x3e,0x9c,0x3f,0xa4,0x3e,0xa4,0x3f,0xa4,0x3e,0xa4,0x3f,0xa4,0x3e,0xa4,
0xde,0x64,0xff,0x6c,0xde,0x64,0xff,0x6c,0xde,0x64,0xdf,0x6c,0xde,0x64,0xdf,0x6c,0xde,0x64,0xdf,0x6c,0xde,0x64,0xdf,0x6c,0xde,0x6c,0xdf,0x6c,0xbe,0x6c,0xdf,0x6c,
0xbe,0x6c,0xdf,0x6c,0xbe,0x6c,0xdf,0x6c,0xbe,0x6c,0xdf,0x6c,0xbe,0x6c,0xbf,0x6c,0xbe,0x6c,0xbf,0x74,0xbe,0x6c,0xbf,0x74,0xbe,0x6c,0xbf,0x74,0x9e,0x6c,0xbf,0x74,
0x9e,0x74,0xbf,0x74,0x9e,0x74,0xbf,0x74,0x9e,0x74,0x9f,0x74,0x9e,0x74,0x9f,0x74,0x9e,0x74,0x9f,0x7c,0x9e,0x74,0x9f,0x7c,0x7e,0x74,0x9f,0x7c,0x7e,0x74,0x9f,0x7c,
0x7e,0x74,0x7f,0x7c,0x7e,0x74,0x7f,0x7c,0x7e,0x7c,0x7f,0x7c,0x5e,0x7c,0x7f,0x7c,0x5e,0x7c,0x7f,0x84,0x5e,0x7c,0x7f,0x84,0x5e,0x7c,0x5f,0x84,0x5e,0x7c,0x5f,0x84,
0x5e,0x84,0x5f,0x84,0x5e,0x84,0x5f,0x84,0x5e,0x84,0x5f,0x8c,0x5e,0x84,0x5f,0x8c,0x5e,0x84,0x5f,0x8c,0x5e,0x84,0x5f,0x8c,0x3e,0x8c,0x5f,0x8c,0x3e,0x8c,0x5f,0x8c,
0x3e,0x8c,0x5f,0x94,0x3e,0x8c,0x5f,0x94,0x3e,0x8c,0x5f,0x94,0x3e,0x8c,0x5f,0x94,0x3e,0x94,0x5f,0x94,0x3e,0x94,0x3f,0x94,0x3e,0x94,0x3f,0x9c,0x3e,0x94,0x3f,0x9c,
0x3e,0x94,0x3f,0x9c,0x3e,0x94,0x3f,0x9c,0x3e,0x9c,0x3f,0x9c,0x3e,0x9c,0x3f,0x9c,0x3e,0x9c,0x3f,0x9c,0x3e,0x9c,0x3f,0x9c,0x3e,0x9c,0x3f,0xa4,0x3e,0x9c,0x3f,0xa4,
0x3e,0x9c,0x3f,0xa4,0x1e,0x9c,0x3f,0xa4,0x1e,0x9c,0x3f,0xa4,0x1e,0x9c,0x3f,0xa4,0xff,0x6c,0xde,0x64,0xff,0x6c,0xde,0x64,0xff,0x6c,0xde,0x6c,0xff,0x6c,0xde,0x64,
0xff,0x6c,0xde,0x6c,0xdf,0x6c,0xde,0x6c,0xdf,0x6c,0xde,0x6c,0xdf,0x6c,0xde,0x6c,0xdf,0x6c,0xde,0x6c,0xdf,0x6c,0xbe,0x6c,0xdf,0x74,0xbe,0x6c,0xdf,0x74,0xbe,0x6c,
0xdf,0x74,0xbe,0x6c,0xdf,0x74,0xbe,0x6c,0xbf,0x74,0xbe,0x74,0xbf,0x74,0xbe,0x74,0xbf,0x74,0xbe,0x74,0xbf,0x74,0x9e,0x74,0xbf,0x74,0x9e,0x74,0xbf,0x74,0x9e,0x74,
0x9f,0x7c,0x9e,0x74,0x9f,0x7c,0x9e,0x74,0x9f,0x7c,0x9e,0x7c,0x9f,0x7c,0x7e,0x7c,0x9f,0x7c,0x7e,0x7c,0x9f,0x7c,0x7e,0x7c,0x7f,0x7c,0x7e,0x7c,0x7f,0x7c,0x7e,0x7c,
0x7f,0x84,0x5e,0x7c,0x7f,0x84,0x5e,0x7c,0x7f,0x84,0x5e,0x84,0x7f,0x84,0x5e,0x84,0x7f,0x84,0x5e,0x84,0x7f,0x8c,0x5e,0x84,0x5f,0x8c,0x5e,0x84,0x5f,0x8c,0x5e,0x84,
0x5f,0x8c,0x5e,0x8c,0x5f,0x8c,0x5e,0x8c,0x5f,0x94,0x5e,0x8c,0x5f,0x94,0x5e,0x8c,0x5f,0x94,0x5e,0x8c,0x5f,0x94,0x3e,0x94,0x5f,0x94,0x3e,0x94,0x5f,0x94,0x3e,0x94,
0x5f,0x9c,0x3e,0x94,0x5f,0x9c,0x3e,0x94,0x5f,0x9c,0x3e,0x94,0x5f,0x9c,0x3e,0x94,0x5f,0x9c,0x3e,0x9c,0x5f,0x9c,0x3e,0x9c,0x3f,0x9c,0x3e,0x9c,0x3f,0x9c,0x3e,0x9c,
0x3f,0xa4,0x3e,0x9c,0x3f,0xa4,0x3e,0x9c,0x3f,0xa4,0x3e,0x9c,0x3f,0xa4,0x3e,0x9c,0x3f,0xa4,0x3e,0xa4,0x3f,0xa4,0x3e,0xa4,0x3f,0xa4,0x3e,0xa4,0x3f,0xa4,0x3e,0xa4,
0xde,0x64,0xff,0x64,0xde,0x64,0xff,0x6c,0xde,0x64,0xff,0x6c,0xde,0x64,0xdf,0x6c,0xde,0x64,0xdf,0x6c,0xde,0x64,0xdf,0x6c,0xde,0x64,0xdf,0x6c,0xde,0x6c,0xdf,0x6c,
0xbe,0x6c,0xdf,0x6c,0xbe,0x6c,0xdf,0x6c,0xbe,0x6c,0xdf,0x6c,0xbe,0x6c,0xdf,0x6c,0xbe,0x6c,0xbf,0x6c,0xbe,0x6c,0xbf,0x74,0xbe,0x6c,0xbf,0x74,0xbe,0x6c,0xbf,0x74,
0x9e,0x6c,0xbf,0x74,0x9e,0x74,0xbf,0x74,0x9e,0x74,0xbf,0x74,0x9e,0x74,0x9f,0x74,0x9e,0x74,0x9f,0x74,0x9e,0x74,0x9f,0x7c,0x7e,0x74,0x9f,0x7c,0x7e,0x74,0x9f,0x7c,
0x7e,0x74,0x7f,0x7c,0x7e,0x7c,0x7f,0x7c,0x7e,0x7c,0x7f,0x7c,0x7e,0x7c,0x7f,0x7c,0x5e,0x7c,0x7f,0x7c,0x5e,0x7c,0x7f,0x84,0x5e,0x7c,0x5f,0x84,0x5e,0x7c,0x5f,0x84,
0x5e,0x84,0x5f,0x84,0x5e,0x84,0x5f,0x84,0x5e,0x84,0x5f,0x8c,0x5e,0x84,0x5f,0x8c,0x5e,0x84,0x5f,0x8c,0x3e,0x8c,0x5f,0x8c,0x3e,0x8c,0x5f,0x8c,0x3e,0x8c,0x5f,0x94,
0x3e,0x8c,0x5f,0x94,0x3e,0x8c,0x5f,0x94,0x3e,0x8c,0x5f,0x94,0x3e,0x94,0x5f,0x94,0x3e,0x94,0x5f,0x94,0x3e,0x94,0x3f,0x9c,0x3e,0x94,0x3f,0x9c,0x3e,0x94,0x3f,0x9c,
0x3e,0x94,0x3f,0x9c,0x3e,0x9c,0x3f,0x9c,0x3e,0x9c,0x3f,0x9c,0x3e,0x9c,0x3f,0x9c,0x3e,0x9c,0x3f,0x9c,0x3e,0x9c,0x3f,0xa4,0x3e,0x9c,0x3f,0xa4,0x3e,0x9c,0x3f,0xa4,
0x1e,0x9c,0x3f,0xa4,0x1e,0x9c,0x3f,0xa4,0x1e,0x9c,0x3f,0xa4,0x1e,0xa4,0x3f,0xa4,0xff,0x6c,0xfe,0x64,0xff,0x6c,0xde,0x64,0xff,0x6c,0xde,0x64,0xff,0x6c,0xde,0x6c,
0xff,0x6c,0xde,0x64,0xff,0x6c,0xde,0x6c,0xdf,0x6c,0xde,0x6c,0xdf,0x6c,0xde,0x6c,0xdf,0x6c,0xde,0x6c,0xdf,0x6c,0xde,0x6c,0xdf,0x6c,0xbe,0x6c,0xdf,0x74,0xbe,0x6c,
0xdf,0x74,0xbe,0x6c,0xdf,0x74,0xbe,0x6c,0xbf,0x74,0xbe,0x6c,0xbf,0x74,0xbe,0x74,0xbf,0x74,0xbe,0x74,0xbf,0x74,0x9e,0x74,0xbf,0x74,0x9e,0x74,0xbf,0x7c,0x9e,0x74,
0xbf,0x7c,0x9e,0x74,0x9f,0x7c,0x9e,0x74,0x9f,0x7c,0x9e,0x74,0x9f,0x7c,0x7e,0x7c,0x9f,0x7c,0x7e,0x7c,0x9f,0x7c,0x7e,0x7c,0x7f,0x7c,0x7e,0x7c,0x7f,0x84,0x7e,0x7c,
0x7f,0x84,0x5e,0x7c,0x7f,0x84,0x5e,0x7c,0x7f,0x84,0x5e,0x84,0x7f,0x84,0x5e,0x84,0x7f,0x84,0x5e,0x84,0x7f,0x8c,0x5e,0x84,0x5f,0x8c,0x5e,0x84,0x5f,0x8c,0x5e,0x8c,
0x5f,0x8c,0x5e,0x8c,0x5f,0x8c,0x5e,0x8c,0x5f,0x8c,0x5e,0x8c,0x5f,0x94,0x5e,0x8c,0x5f,0x94,0x3e,0x8c,0x5f,0x94,0x3e,0x94,0x5f,0x94,0x3e,0x94,0x5f,0x94,0x3e,0x94,
0x5f,0x9c,0x3e,0x94,0x5f,0x9c,0x3e,0x94,0x5f,0x9c,0x3e,0x94,0x5f,0x9c,0x3e,0x9c,0x5f,0x9c,0x3e,0x9c,0x5f,0x9c,0x3e,0x9c,0x3f,0x9c,0x3e,0x9c,0x3f,0xa4,0x3e,0x9c,
0x3f,0xa4,0x3e,0x9c,0x3f,0xa4,0x3e,0x9c,0x3f,0xa4,0x3e,0x9c,0x3f,0xa4,0x3e,0xa4,0x3f,0xa4,0x3e,0xa4,0x3f,0xa4,0x3e,0xa4,0x3f,0xa4,0x3e,0xa4,0x3f,0xa4,0x3e,0xa4,
0xde,0x64,0xff,0x6c,0xde,0x64,0xff,0x64,0xde,0x64,0xff,0x6c,0xde,0x64,0xff,0x6c,0xde,0x64,0xdf,0x6c,0xde,0x64,0xdf,0x6c,0xde,0x64,0xdf,0x6c,0xde,0x64,0xdf,0x6c,
0xde,0x6c,0xdf,0x6c,0xbe,0x6c,0xdf,0x6c,0xbe,0x6c,0xdf,0x6c,0xbe,0x6c,0xdf,0x6c,0xbe,0x6c,0xbf,0x74,0xbe,0x6c,0xbf,0x74,0xbe,0x6c,0xbf,0x74,0xbe,0x6c,0xbf,0x74,
0x9e,0x6c,0xbf,0x74,0x9e,0x6c,0xbf,0x74,0x9e,0x74,0xbf,0x74,0x9e,0x74,0x9f,0x74,0x9e,0x74,0x9f,0x74,0x9e,0x74,0x9f,0x74,0x7e,0x74,0x9f,0x7c,0x7e,0x74,0x9f,0x7c,
0x7e,0x74,0x9f,0x7c,0x7e,0x74,0x7f,0x7c,0x7e,0x7c,0x7f,0x7c,0x7e,0x7c,0x7f,0x7c,0x5e,0x7c,0x7f,0x84,0x5e,0x7c,0x7f,0x84,0x5e,0x7c,0x5f,0x84,0x5e,0x7c,0x5f,0x84,
0x5e,0x84,0x5f,0x84,0x5e,0x84,0x5f,0x84,0x5e,0x84,0x5f,0x8c,0x5e,0x84,0x5f,0x8c,0x5e,0x8c,0x5f,0x8c,0x3e,0x8c,0x5f,0x8c,0x3e,0x8c,0x5f,0x8c,0x3e,0x8c,0x5f,0x94,
0x3e,0x8c,0x5f,0x94,0x3e,0x8c,0x5f,0x94,0x3e,0x94,0x5f,0x94,0x3e,0x94,0x5f,0x94,0x3e,0x94,0x3f,0x9c,0x3e,0x94,0x3f,0x9c,0x3e,0x94,0x3f,0x9c,0x3e,0x94,0x3f,0x9c,
0x3e,0x9c,0x3f,0x9c,0x3e,0x9c,0x3f,0x9c,0x3e,0x9c,0x3f,0x9c,0x3e,0x9c,0x3f,0x9c,0x3e,0x9c,0x3f,0xa4,0x3e,0x9c,0x3f,0xa4,0x3e,0x9c,0x3f,0xa4,0x1e,0x9c,0x3f,0xa4,
0x1e,0x9c,0x3f,0xa4,0x1e,0x9c,0x3f,0xa4,0x1e,0xa4,0x3f,0xa4,0x1e,0xa4,0x3f,0xa4,0xff,0x6c,0xfe,0x64,0xff,0x6c,0xfe,0x64,0xff,0x6c,0xde,0x64,0xff,0x6c,0xde,0x64,
0xff,0x6c,0xde,0x6c,0xff,0x6c,0xde,0x64,0xff,0x6c,0xde,0x6c,0xdf,0x6c,0xde,0x6c,0xdf,0x6c,0xde,0x6c,0xdf,0x6c,0xde,0x6c,0xdf,0x74,0xde,0x6c,0xdf,0x6c,0xbe,0x6c,
0xdf,0x74,0xbe,0x6c,0xdf,0x74,0xbe,0x6c,0xdf,0x74,0xbe,0x6c,0xbf,0x74,0xbe,0x6c,0xbf,0x74,0xbe,0x74,0xbf,0x74,0xbe,0x74,0xbf,0x74,0x9e,0x74,0xbf,0x74,0x9e,0x74,
0xbf,0x7c,0x9e,0x74,0x9f,0x7c,0x9e,0x74,0x9f,0x7c,0x9e,0x74,0x9f,0x7c,0x7e,0x74,0x9f,0x7c,0x7e,0x7c,0x9f,0x7c,0x7e,0x7c,0x7f,0x7c,0x7e,0x7c,0x7f,0x7c,0x7e,0x7c,
0x7f,0x84,0x5e,0x7c,0x7f,0x84,0x5e,0x7c,0x7f,0x84,0x5e,0x84,0x7f,0x84,0x5e,0x84,0x7f,0x84,0x5e,0x84,0x7f,0x8c,0x5e,0x84,0x5f,0x8c,0x5e,0x84,0x5f,0x8c,0x5e,0x8c,
0x5f,0x8c,0x5e,0x8c,0x5f,0x8c,0x5e,0x8c,0x5f,0x94,0x5e,0x8c,0x5f,0x94,0x5e,0x8c,0x5f,0x94,0x3e,0x94,0x5f,0x94,0x3e,0x94,0x5f,0x94,0x3e,0x94,0x5f,0x94,0x3e,0x94,
0x5f,0x9c,0x3e,0x94,0x5f,0x9c,0x3e,0x94,0x5f,0x9c,0x3e,0x9c,0x5f,0x9c,0x3e,0x9c,0x5f,0x9c,0x3e,0x9c,0x3f,0x9c,0x3e,0x9c,0x3f,0xa4,0x3e,0x9c,0x3f,0xa4,0x3e,0x9c,
0x3f,0xa4,0x3e,0x9c,0x3f,0xa4,0x3e,0x9c,0x3f,0xa4,0x3e,0xa4,0x3f,0xa4,0x3e,0xa4,0x3f,0xa4,0x3e,0xa4,0x3f,0xa4,0x3e,0xa4,0x3f,0xa4,0x3e,0xa4,0x3f,0xa4,0x3e,0xa4,
0xde,0x64,0xff,0x64,0xde,0x64,0xff,0x6c,0xde,0x64,0xff,0x64,0xde,0x64,0xff,0x6c,0xde,0x64,0xff,0x6c,0xde,0x64,0xdf,0x6c,0xde,0x64,0xdf,0x6c,0xde,0x64,0xdf,0x6c,
0xde,0x64,0xdf,0x6c,0xde,0x6c,0xdf,0x6c,0xbe,0x6c,0xdf,0x6c,0xbe,0x6c,0xdf,0x6c,0xbe,0x6c,0xdf,0x6c,0xbe,0x6c,0xbf,0x74,0xbe,0x6c,0xbf,0x74,0xbe,0x6c,0xbf,0x74,
0xbe,0x6c,0xbf,0x74,0x9e,0x6c,0xbf,0x74,0x9e,0x6c,0xbf,0x74,0x9e,0x74,0x9f,0x74,0x9e,0x74,0x9f,0x74,0x9e,0x74,0x9f,0x7c,0x9e,0x74,0x9f,0x7c,0x7e,0x74,0x9f,0x7c,
0x7e,0x74,0x9f,0x7c,0x7e,0x7c,0x7f,0x7c,0x7e,0x7c,0x7f,0x7c,0x7e,0x7c,0x7f,0x7c,0x5e,0x7c,0x7f,0x7c,0x5e,0x7c,0x7f,0x84,0x5e,0x7c,0x5f,0x84,0x5e,0x84,0x5f,0x84,
0x5e,0x84,0x5f,0x84,0x5e,0x84,0x5f,0x8c,0x5e,0x84,0x5f,0x8c,0x5e,0x84,0x5f,0x8c,0x5e,0x84,0x5f,0x8c,0x3e,0x8c,0x5f,0x8c,0x3e,0x8c,0x5f,0x8c,0x3e,0x8c,0x5f,0x94,
0x3e,0x8c,0x5f,0x94,0x3e,0x94,0x5f,0x94,0x3e,0x94,0x5f,0x94,0x3e,0x94,0x5f,0x94,0x3e,0x94,0x3f,0x94,0x3e,0x94,0x3f,0x9c,0x3e,0x94,0x3f,0x9c,0x3e,0x94,0x3f,0x9c,
0x3e,0x94,0x3f,0x9c,0x3e,0x9c,0x3f,0x9c,0x3e,0x9c,0x3f,0x9c,0x3e,0x9c,0x3f,0xa4,0x3e,0x9c,0x3f,0xa4,0x3e,0x9c,0x3f,0xa4,0x1e,0x9c,0x3f,0xa4,0x1e,0x9c,0x3f,0xa4,
0x1e,0x9c,0x3f,0xa4,0x1e,0xa4,0x3f,0xa4,0x1e,0xa4,0x3f,0xa4,0x1e,0xa4,0x3f,0xa4,0xff,0x6c,0xfe,0x64,0xff,0x6c,0xfe,0x64,0xff,0x6c,0xfe,0x64,0xff,0x6c,0xde,0x64,
0xff,0x6c,0xde,0x64,0xff,0x6c,0xde,0x6c,0xff,0x6c,0xde,0x64,0xff,0x6c,0xde,0x6c,0xdf,0x6c,0xde,0x6c,0xdf,0x6c,0xde,0x6c,0xdf,0x6c,0xde,0x6c,0xdf,0x74,0xde,0x6c,
0xdf,0x74,0xbe,0x6c,0xdf,0x74,0xbe,0x6c,0xdf,0x74,0xbe,0x6c,0xbf,0x74,0xbe,0x74,0xbf,0x74,0xbe,0x74,0xbf,0x74,0xbe,0x74,0xbf,0x74,0x9e,0x74,0xbf,0x74,0x9e,0x74,
0xbf,0x74,0x9e,0x74,0x9f,0x7c,0x9e,0x74,0x9f,0x7c,0x9e,0x74,0x9f,0x7c,0x9e,0x7c,0x9f,0x7c,0x7e,0x7c,0x9f,0x7c,0x7e,0x7c,0x9f,0x7c,0x7e,0x7c,0x7f,0x84,0x7e,0x7c,
0x7f,0x84,0x7e,0x7c,0x7f,0x84,0x5e,0x7c,0x7f,0x84,0x5e,0x84,0x7f,0x84,0x5e,0x84,0x7f,0x84,0x5e,0x84,0x5f,0x8c,0x5e,0x84,0x5f,0x8c,0x5e,0x84,0x5f,0x8c,0x5e,0x8c,
0x5f,0x8c,0x5e,0x8c,0x5f,0x94,0x5e,0x8c,0x5f,0x94,0x5e,0x8c,0x5f,0x94,0x5e,0x94,0x5f,0x94,0x3e,0x94,0x5f,0x94,0x3e,0x94,0x5f,0x94,0x3e,0x94,0x5f,0x9c,0x3e,0x94,
0x5f,0x9c,0x3e,0x94,0x5f,0x9c,0x3e,0x9c,0x5f,0x9c,0x3e,0x9c,0x5f,0x9c,0x3e,0x9c,0x3f,0x9c,0x3e,0x9c,0x3f,0xa4,0x3e,0x9c,0x3f,0xa4,0x3e,0x9c,0x3f,0xa4,0x3e,0x9c,
0x3f,0xa4,0x3e,0x9c,0x3f,0xa4,0x3e,0xa4,0x3f,0xa4,0x3e,0xa4,0x3f,0xa4,0x3e,0xa4,0x3f,0xa4,0x3e,0xa4,0x3f,0xa4,0x3e,0xa4,0x3f,0xa4,0x3e,0xa4,0x3f,0xac,0x3e,0xa4,
0xfe,0x64,0xff,0x64,0xde,0x64,0xff,0x64,0xde,0x64,0xff,0x6c,0xde,0x64,0xff,0x64,0xde,0x64,0xff,0x6c,0xde,0x64,0xff,0x6c,0xde,0x64,0xdf,0x6c,0xde,0x64,0xdf,0x6c,
0xde,0x64,0xdf,0x6c,0xde,0x64,0xdf,0x6c,0xde,0x6c,0xdf,0x6c,0xbe,0x6c,0xdf,0x6c,0xbe,0x6c,0xdf,0x6c,0xbe,0x6c,0xdf,0x6c,0xbe,0x6c,0xbf,0x74,0xbe,0x6c,0xbf,0x74,
0xbe,0x6c,0xbf,0x74,0x9e,0x6c,0xbf,0x74,0x9e,0x74,0xbf,0x74,0x9e,0x74,0xbf,0x74,0x9e,0x74,0x9f,0x74,0x9e,0x74,0x9f,0x74,0x9e,0x74,0x9f,0x7c,0x7e,0x74,0x9f,0x7c,
0x7e,0x74,0x9f,0x7c,0x7e,0x74,0x7f,0x7c,0x7e,0x7c,0x7f,0x7c,0x7e,0x7c,0x7f,0x7c,0x5e,0x7c,0x7f,0x84,0x5e,0x7c,0x7f,0x84,0x5e,0x7c,0x5f,0x84,0x5e,0x7c,0x5f,0x84,
0x5e,0x84,0x5f,0x84,0x5e,0x84,0x5f,0x84,0x5e,0x84,0x5f,0x8c,0x5e,0x84,0x5f,0x8c,0x5e,0x8c,0x5f,0x8c,0x3e,0x8c,0x5f,0x8c,0x3e,0x8c,0x5f,0x94,0x3e,0x8c,0x5f,0x94,
0x3e,0x8c,0x5f,0x94,0x3e,0x8c,0x5f,0x94,0x3e,0x94,0x5f,0x94,0x3e,0x94,0x3f,0x94,0x3e,0x94,0x3f,0x9c,0x3e,0x94,0x3f,0x9c,0x3e,0x94,0x3f,0x9c,0x3e,0x94,0x3f,0x9c,
0x3e,0x9c,0x3f,0x9c,0x3e,0x9c,0x3f,0x9c,0x3e,0x9c,0x3f,0xa4,0x3e,0x9c,0x3f,0xa4,0x3e,0x9c,0x3f,0xa4,0x1e,0x9c,0x3f,0xa4,0x1e,0x9c,0x3f,0xa4,0x1e,0x9c,0x3f,0xa4,
0x1e,0xa4,0x3f,0xa4,0x1e,0xa4,0x3f,0xa4,0x1e,0xa4,0x3f,0xa4,0x1e,0xa4,0x3f,0xa4,0xff,0x6c,0xfe,0x64,0xff,0x6c,0xfe,0x64,0xff,0x6c,0xfe,0x64,0xff,0x6c,0xfe,0x64,
0xff,0x6c,0xde,0x64,0xff,0x6c,0xde,0x64,0xff,0x6c,0xde,0x6c,0xff,0x6c,0xde,0x64,0xff,0x6c,0xde,0x6c,0xdf,0x6c,0xde,0x6c,0xdf,0x6c,0xde,0x6c,0xdf,0x6c,0xde,0x6c,
0xdf,0x74,0xbe,0x6c,0xdf,0x74,0xbe,0x6c,0xdf,0x74,0xbe,0x6c,0xdf,0x74,0xbe,0x6c,0xbf,0x74,0xbe,0x74,0xbf,0x74,0xbe,0x74,0xbf,0x74,0xbe,0x74,0xbf,0x74,0x9e,0x74,
0xbf,0x7c,0x9e,0x74,0xbf,0x7c,0x9e,0x74,0x9f,0x7c,0x9e,0x74,0x9f,0x7c,0x9e,0x74,0x9f,0x7c,0x7e,0x7c,0x9f,0x7c,0x7e,0x7c,0x9f,0x7c,0x7e,0x7c,0x7f,0x7c,0x7e,0x7c,
0x7f,0x84,0x7e,0x7c,0x7f,0x84,0x5e,0x7c,0x7f,0x84,0x5e,0x84,0x7f,0x84,0x5e,0x84,0x7f,0x8c,0x5e,0x84,0x5f,0x8c,0x5e,0x84,0x5f,0x8c,0x5e,0x8c,0x5f,0x8c,0x5e,0x8c,
0x5f,0x8c,0x5e,0x8c,0x5f,0x8c,0x5e,0x8c,0x5f,0x94,0x5e,0x8c,0x5f,0x94,0x3e,0x8c,0x5f,0x94,0x3e,0x94,0x5f,0x94,0x3e,0x94,0x5f,0x9c,0x3e,0x94,0x5f,0x9c,0x3e,0x94,
0x5f,0x9c,0x3e,0x94,0x5f,0x9c,0x3e,0x9c,0x5f,0x9c,0x3e,0x9c,0x5f,0x9c,0x3e,0x9c,0x3f,0xa4,0x3e,0x9c,0x3f,0xa4,0x3e,0x9c,0x3f,0xa4,0x3e,0x9c,0x3f,0xa4,0x3e,0x9c,
0x3f,0xa4,0x3e,0xa4,0x3f,0xa4,0x3e,0xa4,0x3f,0xa4,0x3e,0xa4,0x3f,0xa4,0x3e,0xa4,0x3f,0xac,0x3e,0xa4,0x3f,0xa4,0x3e,0xa4,0x3f,0xac,0x1e,0xa4,0x3f,0xac,0x1e,0xa4,
0xfe,0x64,0xff,0x64,0xfe,0x64,0xff,0x64,0xde,0x64,0xff,0x64,0xde,0x64,0xff,0x6c,0xde,0x64,0xff,0x64,0xde,0x64,0xff,0x6c,0xde,0x64,0xff,0x6c,0xde,0x64,0xdf,0x6c,
0xde,0x64,0xdf,0x6c,0xde,0x64,0xdf,0x6c,0xde,0x64,0xdf,0x6c,0xbe,0x6c,0xdf,0x6c,0xbe,0x6c,0xdf,0x6c,0xbe,0x6c,0xdf,0x6c,0xbe,0x6c,0xbf,0x6c,0xbe,0x6c,0xbf,0x74,
0xbe,0x6c,0xbf,0x74,0xbe,0x6c,0xbf,0x74,0x9e,0x6c,0xbf,0x74,0x9e,0x74,0xbf,0x74,0x9e,0x74,0x9f,0x74,0x9e,0x74,0x9f,0x74,0x9e,0x74,0x9f,0x74,0x7e,0x74,0x9f,0x7c,
0x7e,0x74,0x9f,0x7c,0x7e,0x74,0x7f,0x7c,0x7e,0x7c,0x7f,0x7c,0x7e,0x7c,0x7f,0x7c,0x5e,0x7c,0x7f,0x7c,0x5e,0x7c,0x7f,0x84,0x5e,0x7c,0x5f,0x84,0x5e,0x84,0x5f,0x84,
0x5e,0x84,0x5f,0x84,0x5e,0x84,0x5f,0x8c,0x5e,0x84,0x5f,0x8c,0x5e,0x84,0x5f,0x8c,0x3e,0x8c,0x5f,0x8c,0x3e,0x8c,0x5f,0x8c,0x3e,0x8c,0x5f,0x94,0x3e,0x8c,0x5f,0x94,
0x3e,0x8c,0x5f,0x94,0x3e,0x94,0x5f,0x94,0x3e,0x94,0x5f,0x94,0x3e,0x94,0x3f,0x9c,0x3e,0x94,0x3f,0x9c,0x3e,0x94,0x3f,0x9c,0x3e,0x94,0x3f,0x9c,0x3e,0x9c,0x3f,0x9c,
0x3e,0x9c,0x3f,0x9c,0x3e,0x9c,0x3f,0xa4,0x3e,0x9c,0x3f,0xa4,0x3e,0x9c,0x3f,0xa4,0x1e,0x9c,0x3f,0xa4,0x1e,0x9c,0x3f,0xa4,0x1e,0x9c,0x3f,0xa4,0x1e,0xa4,0x3f,0xa4,
0x1e,0xa4,0x3f,0xa4,0x1e,0xa4,0x3f,0xa4,0x1e,0xa4,0x3f,0xa4,0x1e,0xa4,0x3f,0xac,0xff,0x64,0xfe,0x64,0xff,0x6c,0xfe,0x64,0xff,0x64,0xfe,0x64,0xff,0x6c,0xfe,0x64,
0xff,0x6c,0xfe,0x64,0xff,0x6c,0xde,0x64,0xff,0x6c,0xde,0x64,0xff,0x6c,0xde,0x6c,0xff,0x6c,0xde,0x6c,0xff,0x6c,0xde,0x6c,0xdf,0x6c,0xde,0x6c,0xdf,0x6c,0xde,0x6c,
0xdf,0x6c,0xde,0x6c,0xdf,0x74,0xbe,0x6c,0xdf,0x74,0xbe,0x6c,0xdf,0x74,0xbe,0x6c,0xdf,0x74,0xbe,0x6c,0xbf,0x74,0xbe,0x74,0xbf,0x74,0xbe,0x74,0xbf,0x74,0x9e,0x74,
0xbf,0x74,0x9e,0x74,0xbf,0x7c,0x9e,0x74,0x9f,0x7c,0x9e,0x74,0x9f,0x7c,0x9e,0x74,0x9f,0x7c,0x7e,0x7c,0x9f,0x7c,0x7e,0x7c,0x9f,0x7c,0x7e,0x7c,0x7f,0x84,0x7e,0x7c,
0x7f,0x84,0x7e,0x7c,0x7f,0x84,0x5e,0x7c,0x7f,0x84,0x5e,0x84,0x7f,0x84,0x5e,0x84,0x7f,0x84,0x5e,0x84,0x5f,0x8c,0x5e,0x84,0x5f,0x8c,0x5e,0x84,0x5f,0x8c,0x5e,0x8c,
0x5f,0x8c,0x5e,0x8c,0x5f,0x94,0x5e,0x8c,0x5f,0x94,0x5e,0x8c,0x5f,0x94,0x3e,0x94,0x5f,0x94,0x3e,0x94,0x5f,0x94,0x3e,0x94,0x5f,0x9c,0x3e,0x94,0x5f,0x9c,0x3e,0x94,
0x5f,0x9c,0x3e,0x94,0x5f,0x9c,0x3e,0x9c,0x5f,0x9c,0x3e,0x9c,0x3f,0x9c,0x3e,0x9c,0x3f,0xa4,0x3e,0x9c,0x3f,0xa4,0x3e,0x9c,0x3f,0xa4,0x3e,0x9c,0x3f,0xa4,0x3e,0xa4,
0x3f,0xa4,0x3e,0xa4,0x3f,0xa4,0x3e,0xa4,0x3f,0xa4,0x3e,0xa4,0x3f,0xac,0x3e,0xa4,0x3f,0xa4,0x3e,0xa4,0x3f,0xac,0x1e,0xa4,0x3f,0xac,0x1e,0xa4,0x3f,0xac,0x1e,0xa4,
0xfe,0x64,0xff,0x64,0xfe,0x64,0xff,0x64,0xfe,0x64,0xff,0x64,0xfe,0x64,0xff,0x64,0xde,0x64,0xff,0x6c,0xde,0x64,0xff,0x64,0xde,0x64,0xff,0x6c,0xde,0x64,0xff,0x6c,
0xde,0x64,0xdf,0x6c,0xde,0x64,0xdf,0x6c,0xde,0x64,0xdf,0x6c,0xde,0x64,0xdf,0x6c,0xbe,0x6c,0xdf,0x6c,0xbe,0x6c,0xdf,0x6c,0xbe,0x6c,0xdf,0x6c,0xbe,0x6c,0xbf,0x6c,
0xbe,0x6c,0xbf,0x74,0xbe,0x6c,0xbf,0x74,0x9e,0x6c,0xbf,0x74,0x9e,0x6c,0xbf,0x74,0x9e,0x74,0xbf,0x74,0x9e,0x74,0x9f,0x74,0x9e,0x74,0x9f,0x7c,0x7e,0x74,0x9f,0x7c,
0x7e,0x74,0x9f,0x7c,0x7e,0x74,0x7f,0x7c,0x7e,0x7c,0x7f,0x7c,0x7e,0x7c,0x7f,0x7c,0x5e,0x7c,0x7f,0x84,0x5e,0x7c,0x7f,0x84,0x5e,0x7c,0x5f,0x84,0x5e,0x7c,0x5f,0x84,
0x5e,0x84,0x5f,0x84,0x5e,0x84,0x5f,0x8c,0x5e,0x84,0x5f,0x8c,0x5e,0x84,0x5f,0x8c,0x3e,0x8c,0x5f,0x8c,0x3e,0x8c,0x5f,0x8c,0x3e,0x8c,0x5f,0x94,0x3e,0x8c,0x5f,0x94,
0x3e,0x94,0x5f,0x94,0x3e,0x94,0x5f,0x94,0x3e,0x94,0x3f,0x9c,0x3e,0x94,0x3f,0x9c,0x3e,0x94,0x3f,0x9c,0x3e,0x94,0x3f,0x9c,0x3e,0x9c,0x3f,0x9c,0x3e,0x9c,0x3f,0x9c,
0x3e,0x9c,0x3f,0xa4,0x3e,0x9c,0x3f,0xa4,0x3e,0x9c,0x3f,0xa4,0x1e,0x9c,0x3f,0xa4,0x1e,0x9c,0x3f,0xa4,0x1e,0x9c,0x3f,0xa4,0x1e,0xa4,0x3f,0xa4,0x1e,0xa4,0x3f,0xa4,
0x1e,0xa4,0x3f,0xa4,0x1e,0xa4,0x3f,0xa4,0x1e,0xa4,0x3f,0xac,0x1e,0xa4,0x3f,0xac,0x1f,0x65,0xfe,0x64,0xff,0x64,0xfe,0x64,0xff,0x6c,0xfe,0x64,0xff,0x64,0xfe,0x64,
0xff,0x6c,0xfe,0x64,0xff,0x6c,0xfe,0x64,0xff,0x6c,0xde,0x64,0xff,0x6c,0xde,0x64,0xff,0x6c,0xde,0x6c,0xff,0x6c,0xde,0x6c,0xff,0x6c,0xde,0x6c,0xdf,0x6c,0xde,0x6c,
0xdf,0x6c,0xde,0x6c,0xdf,0x6c,0xde,0x6c,0xdf,0x74,0xbe,0x6c,0xdf,0x74,0xbe,0x6c,0xdf,0x74,0xbe,0x6c,0xbf,0x74,0xbe,0x6c,0xbf,0x74,0xbe,0x74,0xbf,0x74,0x9e,0x74,
0xbf,0x74,0x9e,0x74,0xbf,0x74,0x9e,0x74,0x9f,0x7c,0x9e,0x74,0x9f,0x7c,0x9e,0x74,0x9f,0x7c,0x7e,0x7c,0x9f,0x7c,0x7e,0x7c,0x9f,0x7c,0x7e,0x7c,0x7f,0x7c,0x7e,0x7c,
0x7f,0x84,0x7e,0x7c,0x7f,0x84,0x5e,0x7c,0x7f,0x84,0x5e,0x84,0x7f,0x84,0x5e,0x84,0x7f,0x8c,0x5e,0x84,0x5f,0x8c,0x5e,0x84,0x5f,0x8c,0x5e,0x8c,0x5f,0x8c,0x5e,0x8c,
0x5f,0x8c,0x5e,0x8c,0x5f,0x94,0x5e,0x8c,0x5f,0x94,0x3e,0x94,0x5f,0x94,0x3e,0x94,0x5f,0x94,0x3e,0x94,0x5f,0x94,0x3e,0x94,0x5f,0x9c,0x3e,0x94,0x5f,0x9c,0x3e,0x94,
0x5f,0x9c,0x3e,0x9c,0x5f,0x9c,0x3e,0x9c,0x3f,0x9c,0x3e,0x9c,0x3f,0x9c,0x3e,0x9c,0x3f,0xa4,0x3e,0x9c,0x3f,0xa4,0x3e,0x9c,0x3f,0xa4,0x3e,0xa4,0x3f,0xa4,0x3e,0xa4,
0x3f,0xa4,0x3e,0xa4,0x3f,0xa4,0x3e,0xa4,0x3f,0xac,0x3e,0xa4,0x3f,0xac,0x3e,0xa4,0x3f,0xac,0x1e,0xa4,0x3f,0xac,0x1e,0xa4,0x3f,0xac,0x1e,0xa4,0x3f,0xac,0x1e,0xa4,
0xfe,0x5c,0xff,0x64,0xfe,0x64,0xff,0x64,0xfe,0x64,0xff,0x64,0xfe,0x64,0xff,0x64,0xfe,0x64,0xff,0x64,0xde,0x64,0xff,0x64,0xde,0x64,0xff,0x64,0xde,0x64,0xff,0x6c,
0xde,0x64,0xff,0x6c,0xde,0x64,0xdf,0x6c,0xde,0x64,0xdf,0x6c,0xde,0x64,0xdf,0x6c,0xde,0x64,0xdf,0x6c,0xbe,0x6c,0xdf,0x6c,0xbe,0x6c,0xdf,0x6c,0xbe,0x6c,0xdf,0x74,
0xbe,0x6c,0xbf,0x74,0xbe,0x6c,0xbf,0x74,0xbe,0x6c,0xbf,0x74,0x9e,0x6c,0xbf,0x74,0x9e,0x6c,0xbf,0x74,0x9e,0x74,0x9f,0x74,0x9e,0x74,0x9f,0x74,0x9e,0x74,0x9f,0x7c,
0x7e,0x74,0x9f,0x7c,0x7e,0x74,0x9f,0x7c,0x7e,0x74,0x7f,0x7c,0x7e,0x7c,0x7f,0x7c,0x5e,0x7c,0x7f,0x7c,0x5e,0x7c,0x7f,0x84,0x5e,0x7c,0x5f,0x84,0x5e,0x84,0x5f,0x84,
0x5e,0x84,0x5f,0x84,0x5e,0x84,0x5f,0x8c,0x5e,0x84,0x5f,0x8c,0x5e,0x8c,0x5f,0x8c,0x3e,0x8c,0x5f,0x8c,0x3e,0x8c,0x5f,0x94,0x3e,0x8c,0x5f,0x94,0x3e,0x8c,0x5f,0x94,
0x3e,0x94,0x5f,0x94,0x3e,0x94,0x5f,0x94,0x3e,0x94,0x3f,0x9c,0x3e,0x94,0x3f,0x9c,0x3e,0x94,0x3f,0x9c,0x3e,0x9c,0x3f,0x9c,0x3e,0x9c,0x3f,0x9c,0x3e,0x9c,0x3f,0x9c,
0x3e,0x9c,0x3f,0xa4,0x3e,0x9c,0x3f,0xa4,0x1e,0x9c,0x3f,0xa4,0x1e,0x9c,0x3f,0xa4,0x1e,0x9c,0x3f,0xa4,0x1e,0xa4,0x3f,0xa4,0x1e,0xa4,0x3f,0xa4,0x1e,0xa4,0x3f,0xac,
0x1e,0xa4,0x3f,0xa4,0x1e,0xa4,0x3f,0xac,0x1e,0xa4,0x3f,0xac,0x1e,0xa4,0x3f,0xac,0x1f,0x65,0xfe,0x64,0x1f,0x65,0xfe,0x64,0x1f,0x65,0xfe,0x64,0xff,0x6c,0xfe,0x64,
0xff,0x64,0xfe,0x64,0xff,0x6c,0xfe,0x64,0xff,0x6c,0xfe,0x64,0xff,0x6c,0xde,0x64,0xff,0x6c,0xde,0x64,0xff,0x6c,0xde,0x6c,0xff,0x6c,0xde,0x6c,0xff,0x6c,0xde,0x6c,
0xdf,0x6c,0xde,0x6c,0xdf,0x6c,0xde,0x6c,0xdf,0x6c,0xbe,0x6c,0xdf,0x74,0xbe,0x6c,0xdf,0x74,0xbe,0x6c,0xdf,0x74,0xbe,0x6c,0xbf,0x74,0xbe,0x6c,0xbf,0x74,0xbe,0x74,
0xbf,0x74,0x9e,0x74,0xbf,0x74,0x9e,0x74,0xbf,0x7c,0x9e,0x74,0x9f,0x7c,0x9e,0x74,0x9f,0x7c,0x9e,0x74,0x9f,0x7c,0x7e,0x7c,0x9f,0x7c,0x7e,0x7c,0x7f,0x84,0x7e,0x7c,
0x7f,0x84,0x7e,0x7c,0x7f,0x84,0x5e,0x7c,0x7f,0x84,0x5e,0x84,0x7f,0x84,0x5e,0x84,0x7f,0x84,0x5e,0x84,0x5f,0x8c,0x5e,0x84,0x5f,0x8c,0x5e,0x8c,0x5f,0x8c,0x5e,0x8c,
0x5f,0x8c,0x5e,0x8c,0x5f,0x94,0x5e,0x8c,0x5f,0x94,0x3e,0x94,0x5f,0x94,0x3e,0x94,0x5f,0x94,0x3e,0x94,0x5f,0x9c,0x3e,0x94,0x5f,0x9c,0x3e,0x94,0x5f,0x9c,0x3e,0x9c,
0x5f,0x9c,0x3e,0x9c,0x3f,0x9c,0x3e,0x9c,0x3f,0x9c,0x3e,0x9c,0x3f,0xa4,0x3e,0x9c,0x3f,0xa4,0x3e,0x9c,0x3f,0xa4,0x3e,0xa4,0x3f,0xa4,0x3e,0xa4,0x3f,0xa4,0x3e,0xa4,
0x3f,0xa4,0x3e,0xa4,0x3f,0xac,0x3e,0xa4,0x3f,0xac,0x3e,0xa4,0x3f,0xac,0x1e,0xa4,0x3f,0xac,0x1e,0xa4,0x3f,0xac,0x1e,0xac,0x3f,0xac,0x1e,0xa4,0x3f,0xac,0x1e,0xac,
0xfe,0x64,0xff,0x64,0xfe,0x5c,0xff,0x64,0xfe,0x64,0xff,0x64,0xfe,0x64,0xff,0x64,0xfe,0x64,0xff,0x64,0xfe,0x64,0xff,0x64,0xde,0x64,0xff,0x64,0xde,0x64,0xff,0x64,
0xde,0x64,0xff,0x6c,0xde,0x64,0xff,0x6c,0xde,0x64,0xdf,0x6c,0xde,0x64,0xdf,0x6c,0xde,0x6c,0xdf,0x6c,0xde,0x64,0xdf,0x6c,0xbe,0x6c,0xdf,0x6c,0xbe,0x6c,0xdf,0x6c,
0xbe,0x6c,0xbf,0x74,0xbe,0x6c,0xbf,0x74,0xbe,0x6c,0xbf,0x74,0x9e,0x6c,0xbf,0x74,0x9e,0x74,0xbf,0x74,0x9e,0x74,0x9f,0x74,0x9e,0x74,0x9f,0x74,0x9e,0x74,0x9f,0x74,
0x7e,0x74,0x9f,0x7c,0x7e,0x74,0x9f,0x7c,0x7e,0x7c,0x7f,0x7c,0x7e,0x7c,0x7f,0x7c,0x5e,0x7c,0x7f,0x84,0x5e,0x7c,0x7f,0x84,0x5e,0x7c,0x5f,0x84,0x5e,0x7c,0x5f,0x84,
0x5e,0x84,0x5f,0x84,0x5e,0x84,0x5f,0x8c,0x5e,0x84,0x5f,0x8c,0x5e,0x84,0x5f,0x8c,0x3e,0x8c,0x5f,0x8c,0x3e,0x8c,0x5f,0x94,0x3e,0x8c,0x5f,0x94,0x3e,0x8c,0x5f,0x94,
0x3e,0x94,0x5f,0x94,0x3e,0x94,0x3f,0x94,0x3e,0x94,0x3f,0x9c,0x3e,0x94,0x3f,0x9c,0x3e,0x9c,0x3f,0x9c,0x3e,0x9c,0x3f,0x9c,0x3e,0x9c,0x3f,0x9c,0x3e,0x9c,0x3f,0x9c,
0x3e,0x9c,0x3f,0xa4,0x1e,0x9c,0x3f,0xa4,0x1e,0x9c,0x3f,0xa4,0x1e,0x9c,0x3f,0xa4,0x1e,0xa4,0x3f,0xa4,0x1e,0xa4,0x3f,0xa4,0x1e,0xa4,0x3f,0xac,0x1e,0xa4,0x3f,0xac,
0x1e,0xa4,0x3f,0xac,0x1e,0xa4,0x3f,0xac,0x1e,0xa4,0x3f,0xac,0x1e,0xa4,0x3f,0xac,0x1f,0x65,0xfe,0x64,0x1f,0x65,0xfe,0x64,0x1f,0x65,0xfe,0x64,0x1f,0x65,0xfe,0x64,
0xff,0x64,0xfe,0x64,0xff,0x64,0xfe,0x64,0xff,0x6c,0xfe,0x64,0xff,0x6c,0xfe,0x64,0xff,0x6c,0xde,0x64,0xff,0x6c,0xde,0x64,0xff,0x6c,0xde,0x6c,0xff,0x6c,0xde,0x6c,
0xdf,0x6c,0xde,0x6c,0xdf,0x6c,0xde,0x6c,0xdf,0x6c,0xde,0x6c,0xdf,0x6c,0xbe,0x6c,0xdf,0x74,0xbe,0x6c,0xdf,0x74,0xbe,0x6c,0xbf,0x74,0xbe,0x74,0xbf,0x74,0xbe,0x74,
0xbf,0x74,0x9e,0x74,0xbf,0x74,0x9e,0x74,0xbf,0x7c,0x9e,0x74,0x9f,0x7c,0x9e,0x74,0x9f,0x7c,0x9e,0x7c,0x9f,0x7c,0x7e,0x7c,0x9f,0x7c,0x7e,0x7c,0x7f,0x7c,0x7e,0x7c,
0x7f,0x84,0x7e,0x7c,0x7f,0x84,0x5e,0x7c,0x7f,0x84,0x5e,0x84,0x7f,0x84,0x5e,0x84,0x7f,0x8c,0x5e,0x84,0x5f,0x8c,0x5e,0x84,0x5f,0x8c,0x5e,0x8c,0x5f,0x8c,0x5e,0x8c,
0x5f,0x94,0x5e,0x8c,0x5f,0x94,0x5e,0x8c,0x5f,0x94,0x3e,0x94,0x5f,0x94,0x3e,0x94,0x5f,0x9c,0x3e,0x94,0x5f,0x9c,0x3e,0x94,0x5f,0x9c,0x3e,0x9c,0x5f,0x9c,0x3e,0x9c,
0x5f,0x9c,0x3e,0x9c,0x3f,0x9c,0x3e,0x9c,0x3f,0xa4,0x3e,0x9c,0x3f,0xa4,0x3e,0x9c,0x3f,0xa4,0x3e,0xa4,0x3f,0xa4,0x3e,0xa4,0x3f,0xa4,0x3e,0xa4,0x3f,0xa4,0x3e,0xa4,
0x3f,0xac,0x3e,0xa4,0x3f,0xac,0x3e,0xa4,0x3f,0xac,0x1e,0xa4,0x3f,0xac,0x1e,0xa4,0x3f,0xac,0x1e,0xac,0x3f,0xac,0x1e,0xac,0x3f,0xac,0x1e,0xac,0x3f,0xac,0x1e,0xac,
0xfe,0x5c,0x1f,0x65,0xfe,0x5c,0xff,0x64,0xfe,0x5c,0xff,0x64,0xfe,0x64,0xff,0x64,0xfe,0x64,0xff,0x64,0xfe,0x64,0xff,0x64,0xfe,0x64,0xff,0x64,0xde,0x64,0xff,0x64,
0xde,0x64,0xff,0x64,0xde,0x64,0xff,0x6c,0xde,0x64,0xff,0x6c,0xde,0x64,0xdf,0x6c,0xde,0x64,0xdf,0x6c,0xde,0x6c,0xdf,0x6c,0xbe,0x6c,0xdf,0x6c,0xbe,0x6c,0xdf,0x6c,
0xbe,0x6c,0xdf,0x6c,0xbe,0x6c,0xbf,0x74,0xbe,0x6c,0xbf,0x74,0xbe,0x6c,0xbf,0x74,0x9e,0x6c,0xbf,0x74,0x9e,0x74,0xbf,0x74,0x9e,0x74,0x9f,0x74,0x9e,0x74,0x9f,0x7c,
0x7e,0x74,0x9f,0x7c,0x7e,0x74,0x9f,0x7c,0x7e,0x74,0x7f,0x7c,0x7e,0x7c,0x7f,0x7c,0x5e,0x7c,0x7f,0x7c,0x5e,0x7c,0x7f,0x84,0x5e,0x7c,0x5f,0x84,0x5e,0x84,0x5f,0x84,
0x5e,0x84,0x5f,0x84,0x5e,0x84,0x5f,0x8c,0x5e,0x84,0x5f,0x8c,0x3e,0x8c,0x5f,0x8c,0x3e,0x8c,0x5f,0x8c,0x3e,0x8c,0x5f,0x94,0x3e,0x8c,0x5f,0x94,0x3e,0x94,0x5f,0x94,
0x3e,0x94,0x3f,0x94,0x3e,0x94,0x3f,0x9c,0x3e,0x94,0x3f,0x9c,0x3e,0x94,0x3f,0x9c,0x3e,0x9c,0x3f,0x9c,0x3e,0x9c,0x3f,0x9c,0x3e,0x9c,0x3f,0x9c,0x3e,0x9c,0x3f,0xa4,
0x1e,0x9c,0x3f,0xa4,0x1e,0x9c,0x3f,0xa4,0x1e,0x9c,0x3f,0xa4,0x1e,0xa4,0x3f,0xa4,0x1e,0xa4,0x3f,0xa4,0x1e,0xa4,0x3f,0xac,0x1e,0xa4,0x3f,0xac,0x1e,0xa4,0x3f,0xac,
0x1e,0xa4,0x3f,0xac,0x1e,0xa4,0x3f,0xac,0x1e,0xa4,0x3f,0xac,0x1e,0xac,0x3f,0xac,0x1f,0x65,0xfe,0x64,0x1f,0x65,0xfe,0x64,0x1f,0x65,0xfe,0x64,0x1f,0x65,0xfe,0x64,
0x1f,0x65,0xfe,0x64,0xff,0x64,0xfe,0x64,0xff,0x64,0xfe,0x64,0xff,0x6c,0xfe,0x64,0xff,0x6c,0xfe,0x64,0xff,0x6c,0xde,0x64,0xff,0x6c,0xde,0x64,0xff,0x6c,0xde,0x6c,
0xff,0x6c,0xde,0x6c,0xdf,0x6c,0xde,0x6c,0xdf,0x6c,0xde,0x6c,0xdf,0x6c,0xde,0x6c,0xdf,0x6c,0xbe,0x6c,0xdf,0x74,0xbe,0x6c,0xdf,0x74,0xbe,0x6c,0xbf,0x74,0xbe,0x74,
0xbf,0x74,0xbe,0x74,0xbf,0x74,0x9e,0x74,0xbf,0x74,0x9e,0x74,0xbf,0x7c,0x9e,0x74,0x9f,0x7c,0x9e,0x74,0x9f,0x7c,0x7e,0x7c,0x9f,0x7c,0x7e,0x7c,0x7f,0x7c,0x7e,0x7c,
0x7f,0x84,0x7e,0x7c,0x7f,0x84,0x5e,0x7c,0x7f,0x84,0x5e,0x84,0x7f,0x84,0x5e,0x84,0x7f,0x8c,0x5e,0x84,0x5f,0x8c,0x5e,0x8c,0x5f,0x8c,0x5e,0x8c,0x5f,0x8c,0x5e,0x8c,
0x5f,0x94,0x5e,0x8c,0x5f,0x94,0x3e,0x94,0x5f,0x94,0x3e,0x94,0x5f,0x94,0x3e,0x94,0x5f,0x9c,0x3e,0x94,0x5f,0x9c,0x3e,0x94,0x5f,0x9c,0x3e,0x9c,0x5f,0x9c,0x3e,0x9c,
0x3f,0x9c,0x3e,0x9c,0x3f,0xa4,0x3e,0x9c,0x3f,0xa4,0x3e,0x9c,0x3f,0xa4,0x3e,0xa4,0x3f,0xa4,0x3e,0xa4,0x3f,0xa4,0x3e,0xa4,0x3f,0xa4,0x3e,0xa4,0x3f,0xac,0x3e,0xa4,
0x3f,0xac,0x1e,0xa4,0x3f,0xac,0x1e,0xa4,0x3f,0xac,0x1e,0xa4,0x3f,0xac,0x1e,0xac,0x3f,0xac,0x1e,0xac,0x3f,0xac,0x1e,0xac,0x3f,0xac,0x1e,0xac,0x3f,0xac,0x1e,0xac,
0xfe,0x5c,0x1f,0x65,0xfe,0x5c,0x1f,0x65,0xfe,0x5c,0x1f,0x65,0xfe,0x5c,0xff,0x64,0xfe,0x64,0xff,0x64,0xfe,0x64,0xff,0x64,0xfe,0x64,0xff,0x64,0xfe,0x64,0xff,0x64,
0xde,0x64,0xff,0x64,0xde,0x64,0xff,0x64,0xde,0x64,0xff,0x6c,0xde,0x64,0xff,0x6c,0xde,0x64,0xdf,0x6c,0xde,0x64,0xdf,0x6c,0xde,0x6c,0xdf,0x6c,0xbe,0x6c,0xdf,0x6c,
0xbe,0x6c,0xdf,0x6c,0xbe,0x6c,0xdf,0x6c,0xbe,0x6c,0xbf,0x74,0xbe,0x6c,0xbf,0x74,0x9e,0x6c,0xbf,0x74,0x9e,0x6c,0xbf,0x74,0x9e,0x74,0x9f,0x74,0x9e,0x74,0x9f,0x74,
0x9e,0x74,0x9f,0x7c,0x7e,0x74,0x9f,0x7c,0x7e,0x74,0x7f,0x7c,0x7e,0x7c,0x7f,0x7c,0x5e,0x7c,0x7f,0x7c,0x5e,0x7c,0x7f,0x84,0x5e,0x7c,0x5f,0x84,0x5e,0x7c,0x5f,0x84,
0x5e,0x84,0x5f,0x8c,0x5e,0x84,0x5f,0x8c,0x5e,0x84,0x5f,0x8c,0x3e,0x8c,0x5f,0x8c,0x3e,0x8c,0x5f,0x94,0x3e,0x8c,0x5f,0x94,0x3e,0x94,0x5f,0x94,0x3e,0x94,0x5f,0x94,
0x3e,0x94,0x3f,0x9c,0x3e,0x94,0x3f,0x9c,0x3e,0x94,0x3f,0x9c,0x3e,0x94,0x3f,0x9c,0x3e,0x9c,0x3f,0x9c,0x3e,0x9c,0x3f,0x9c,0x3e,0x9c,0x3f,0xa4,0x3e,0x9c,0x3f,0xa4,
0x1e,0x9c,0x3f,0xa4,0x1e,0x9c,0x3f,0xa4,0x1e,0xa4,0x3f,0xa4,0x1e,0xa4,0x3f,0xa4,0x1e,0xa4,0x3f,0xac,0x1e,0xa4,0x3f,0xac,0x1e,0xa4,0x3f,0xac,0x1e,0xa4,0x3f,0xac,
0x1e,0xa4,0x3f,0xac,0x1e,0xa4,0x3f,0xac,0x1e,0xac,0x1f,0xac,0x1e,0xac,0x1f,0xac,0x1f,0x65,0x1e,0x65,0x1f,0x65,0xfe,0x64,0x1f,0x65,0xfe,0x64,0x1f,0x65,0xfe,0x64,
0x1f,0x65,0xfe,0x64,0x1f,0x65,0xfe,0x64,0x1f,0x65,0xfe,0x64,0xff,0x64,0xfe,0x64,0xff,0x6c,0xfe,0x64,0xff,0x6c,0xfe,0x64,0xff,0x6c,0xde,0x64,0xff,0x6c,0xde,0x64,
0xff,0x6c,0xde,0x6c,0xff,0x6c,0xde,0x6c,0xdf,0x6c,0xde,0x6c,0xdf,0x6c,0xde,0x6c,0xdf,0x6c,0xde,0x6c,0xdf,0x74,0xbe,0x6c,0xdf,0x74,0xbe,0x6c,0xdf,0x74,0xbe,0x6c,
0xbf,0x74,0xbe,0x74,0xbf,0x74,0x9e,0x74,0xbf,0x74,0x9e,0x74,0xbf,0x7c,0x9e,0x74,0x9f,0x7c,0x9e,0x74,0x9f,0x7c,0x7e,0x74,0x9f,0x7c,0x7e,0x7c,0x9f,0x7c,0x7e,0x7c,
0x7f,0x84,0x7e,0x7c,0x7f,0x84,0x5e,0x7c,0x7f,0x84,0x5e,0x84,0x7f,0x84,0x5e,0x84,0x7f,0x8c,0x5e,0x84,0x5f,0x8c,0x5e,0x84,0x5f,0x8c,0x5e,0x8c,0x5f,0x8c,0x5e,0x8c,
0x5f,0x94,0x5e,0x8c,0x5f,0x94,0x3e,0x94,0x5f,0x94,0x3e,0x94,0x5f,0x94,0x3e,0x94,0x5f,0x9c,0x3e,0x94,0x5f,0x9c,0x3e,0x9c,0x5f,0x9c,0x3e,0x9c,0x3f,0x9c,0x3e,0x9c,
0x3f,0xa4,0x3e,0x9c,0x3f,0xa4,0x3e,0x9c,0x3f,0xa4,0x3e,0xa4,0x3f,0xa4,0x3e,0xa4,0x3f,0xa4,0x3e,0xa4,0x3f,0xa4,0x3e,0xa4,0x3f,0xac,0x3e,0xa4,0x3f,0xac,0x1e,0xa4,
0x3f,0xac,0x1e,0xa4,0x3f,0xac,0x1e,0xa4,0x3f,0xac,0x1e,0xac,0x3f,0xac,0x1e,0xac,0x3f,0xac,0x1e,0xac,0x3f,0xac,0x1e,0xac,0x3f,0xac,0x1e,0xac,0x3f,0xac,0x1e,0xac,
0xfe,0x5c,0x1f,0x65,0xfe,0x5c,0x1f,0x65,0xfe,0x5c,0x1f,0x65,0xfe,0x5c,0x1f,0x65,0xfe,0x5c,0xff,0x64,0xfe,0x64,0xff,0x64,0xfe,0x64,0xff,0x64,0xfe,0x64,0xff,0x64,
0xfe,0x64,0xff,0x64,0xde,0x64,0xff,0x64,0xde,0x64,0xff,0x64,0xde,0x64,0xff,0x6c,0xde,0x64,0xff,0x6c,0xde,0x64,0xdf,0x6c,0xde,0x64,0xdf,0x6c,0xde,0x6c,0xdf,0x6c,
0xbe,0x6c,0xdf,0x6c,0xbe,0x6c,0xdf,0x6c,0xbe,0x6c,0xbf,0x6c,0xbe,0x6c,0xbf,0x74,0xbe,0x6c,0xbf,0x74,0x9e,0x6c,0xbf,0x74,0x9e,0x74,0xbf,0x74,0x9e,0x74,0x9f,0x74,
0x9e,0x74,0x9f,0x7c,0x7e,0x74,0x9f,0x7c,0x7e,0x74,0x7f,0x7c,0x7e,0x7c,0x7f,0x7c,0x7e,0x7c,0x7f,0x7c,0x5e,0x7c,0x7f,0x84,0x5e,0x7c,0x5f,0x84,0x5e,0x84,0x5f,0x84,
0x5e,0x84,0x5f,0x84,0x5e,0x84,0x5f,0x8c,0x5e,0x84,0x5f,0x8c,0x3e,0x8c,0x5f,0x8c,0x3e,0x8c,0x5f,0x94,0x3e,0x8c,0x5f,0x94,0x3e,0x94,0x5f,0x94,0x3e,0x94,0x3f,0x94,
0x3e,0x94,0x3f,0x9c,0x3e,0x94,0x3f,0x9c,0x3e,0x94,0x3f,0x9c,0x3e,0x9c,0x3f,0x9c,0x3e,0x9c,0x3f,0x9c,0x3e,0x9c,0x3f,0xa4,0x3e,0x9c,0x3f,0xa4,0x1e,0x9c,0x3f,0xa4,
0x1e,0x9c,0x3f,0xa4,0x1e,0xa4,0x3f,0xa4,0x1e,0xa4,0x3f,0xa4,0x1e,0xa4,0x3f,0xac,0x1e,0xa4,0x3f,0xac,0x1e,0xa4,0x3f,0xac,0x1e,0xa4,0x3f,0xac,0x1e,0xa4,0x3f,0xac,
0x1e,0xa4,0x3f,0xac,0x1e,0xac,0x1f,0xac,0x1e,0xac,0x1f,0xac,0x1e,0xac,0x1f,0xac,0x1f,0x65,0x1e,0x5d,0x1f,0x65,0x1e,0x65,0x1f,0x65,0xfe,0x5c,0x1f,0x65,0xfe,0x64,
0x1f,0x65,0xfe,0x64,0x1f,0x65,0xfe,0x64,0x1f,0x65,0xfe,0x64,0x1f,0x65,0xfe,0x64,0xff,0x64,0xfe,0x64,0xff,0x6c,0xfe,0x64,0xff,0x6c,0xfe,0x64,0xff,0x6c,0xde,0x64,
0xff,0x6c,0xde,0x64,0xff,0x6c,0xde,0x6c,0xff,0x6c,0xde,0x6c,0xdf,0x6c,0xde,0x6c,0xdf,0x6c,0xde,0x6c,0xdf,0x74,0xbe,0x6c,0xdf,0x74,0xbe,0x6c,0xdf,0x74,0xbe,0x6c,
0xbf,0x74,0xbe,0x6c,0xbf,0x74,0xbe,0x74,0xbf,0x74,0x9e,0x74,0xbf,0x7c,0x9e,0x74,0x9f,0x7c,0x9e,0x74,0x9f,0x7c,0x9e,0x7c,0x9f,0x7c,0x7e,0x7c,0x9f,0x7c,0x7e,0x7c,
0x7f,0x7c,0x7e,0x7c,0x7f,0x84,0x5e,0x7c,0x7f,0x84,0x5e,0x84,0x7f,0x84,0x5e,0x84,0x5f,0x8c,0x5e,0x84,0x5f,0x8c,0x5e,0x8c,0x5f,0x8c,0x5e,0x8c,0x5f,0x94,0x5e,0x8c,
0x5f,0x94,0x3e,0x8c,0x5f,0x94,0x3e,0x94,0x5f,0x94,0x3e,0x94,0x5f,0x9c,0x3e,0x94,0x5f,0x9c,0x3e,0x94,0x5f,0x9c,0x3e,0x9c,0x5f,0x9c,0x3e,0x9c,0x3f,0xa4,0x3e,0x9c,
0x3f,0xa4,0x3e,0x9c,0x3f,0xa4,0x3e,0xa4,0x3f,0xa4,0x3e,0xa4,0x3f,0xa4,0x3e,0xa4,0x3f,0xa4,0x3e,0xa4,0x3f,0xac,0x3e,0xa4,0x3f,0xac,0x1e,0xa4,0x3f,0xac,0x1e,0xa4,
0x3f,0xac,0x1e,0xa4,0x3f,0xac,0x1e,0xac,0x3f,0xac,0x1e,0xac,0x3f,0xac,0x1e,0xac,0x3f,0xac,0x1e,0xac,0x3f,0xac,0x1e,0xac,0x3f,0xac,0x1e,0xac,0x3f,0xb4,0x1e,0xac,
0x1e,0x5d,0x1f,0x65,0xfe,0x5c,0x1f,0x65,0xfe,0x5c,0x1f,0x65,0xfe,0x5c,0x1f,0x65,0xfe,0x5c,0x1f,0x65,0xfe,0x5c,0x1f,0x65,0xfe,0x64,0xff,0x64,0xfe,0x5c,0xff,0x64,
0xfe,0x64,0xff,0x64,0xfe,0x64,0xff,0x64,0xfe,0x64,0xff,0x64,0xde,0x64,0xff,0x64,0xde,0x64,0xff,0x6c,0xde,0x64,0xff,0x6c,0xde,0x64,0xdf,0x6c,0xde,0x64,0xdf,0x6c,
0xde,0x6c,0xdf,0x6c,0xbe,0x6c,0xdf,0x6c,0xbe,0x6c,0xdf,0x6c,0xbe,0x6c,0xbf,0x6c,0xbe,0x6c,0xbf,0x74,0xbe,0x6c,0xbf,0x74,0x9e,0x74,0xbf,0x74,0x9e,0x74,0x9f,0x74,
0x9e,0x74,0x9f,0x7c,0x7e,0x74,0x9f,0x7c,0x7e,0x74,0x7f,0x7c,0x7e,0x74,0x7f,0x7c,0x7e,0x7c,0x7f,0x7c,0x5e,0x7c,0x7f,0x84,0x5e,0x7c,0x5f,0x84,0x5e,0x84,0x5f,0x84,
0x5e,0x84,0x5f,0x8c,0x5e,0x84,0x5f,0x8c,0x3e,0x8c,0x5f,0x8c,0x3e,0x8c,0x5f,0x8c,0x3e,0x8c,0x5f,0x94,0x3e,0x8c,0x5f,0x94,0x3e,0x94,0x5f,0x94,0x3e,0x94,0x3f,0x9c,
0x3e,0x94,0x3f,0x9c,0x3e,0x94,0x3f,0x9c,0x3e,0x9c,0x3f,0x9c,0x3e,0x9c,0x3f,0x9c,0x3e,0x9c,0x3f,0xa4,0x3e,0x9c,0x3f,0xa4,0x1e,0x9c,0x3f,0xa4,0x1e,0x9c,0x3f,0xa4,
0x1e,0xa4,0x3f,0xa4,0x1e,0xa4,0x3f,0xa4,0x1e,0xa4,0x3f,0xac,0x1e,0xa4,0x3f,0xac,0x1e,0xa4,0x3f,0xac,0x1e,0xa4,0x3f,0xac,0x1e,0xac,0x3f,0xac,0x1e,0xac,0x1f,0xac,
0x1e,0xac,0x1f,0xac,0x1e,0xac,0x1f,0xac,0x1e,0xac,0x1f,0xac,0x1e,0xac,0x1f,0xac,0x1f,0x65,0x1e,0x5d,0x1f,0x65,0x1e,0x5d,0x1f,0x65,0x1e,0x5d,0x1f,0x65,0x1e,0x5d,
0x1f,0x65,0xfe,0x64,0x1f,0x65,0xfe,0x64,0x1f,0x65,0xfe,0x64,0x1f,0x65,0xfe,0x64,0x1f,0x65,0xfe,0x64,0xff,0x64,0xfe,0x64,0xff,0x6c,0xfe,0x64,0xff,0x6c,0xfe,0x64,
0xff,0x6c,0xde,0x64,0xff,0x6c,0xde,0x64,0xff,0x6c,0xde,0x6c,0xff,0x6c,0xde,0x6c,0xdf,0x6c,0xde,0x6c,0xdf,0x6c,0xde,0x6c,0xdf,0x74,0xbe,0x6c,0xdf,0x74,0xbe,0x6c,
0xdf,0x74,0xbe,0x6c,0xbf,0x74,0xbe,0x74,0xbf,0x74,0x9e,0x74,0xbf,0x74,0x9e,0x74,0xbf,0x7c,0x9e,0x74,0x9f,0x7c,0x9e,0x74,0x9f,0x7c,0x7e,0x7c,0x9f,0x7c,0x7e,0x7c,
0x7f,0x84,0x7e,0x7c,0x7f,0x84,0x5e,0x7c,0x7f,0x84,0x5e,0x84,0x7f,0x84,0x5e,0x84,0x5f,0x8c,0x5e,0x84,0x5f,0x8c,0x5e,0x8c,0x5f,0x8c,0x5e,0x8c,0x5f,0x94,0x5e,0x8c,
0x5f,0x94,0x3e,0x94,0x5f,0x94,0x3e,0x94,0x5f,0x9c,0x3e,0x94,0x5f,0x9c,0x3e,0x94,0x5f,0x9c,0x3e,0x9c,0x5f,0x9c,0x3e,0x9c,0x3f,0xa4,0x3e,0x9c,0x3f,0xa4,0x3e,0x9c,
0x3f,0xa4,0x3e,0xa4,0x3f,0xa4,0x3e,0xa4,0x3f,0xa4,0x3e,0xa4,0x3f,0xa4,0x3e,0xa4,0x3f,0xac,0x3e,0xa4,0x3f,0xac,0x1e,0xa4,0x3f,0xac,0x1e,0xa4,0x3f,0xac,0x1e,0xa4,
0x3f,0xac,0x1e,0xac,0x3f,0xac,0x1e,0xac,0x3f,0xac,0x1e,0xac,0x3f,0xac,0x1e,0xac,0x3f,0xb4,0x1e,0xac,0x3f,0xb4,0x1e,0xac,0x3f,0xb4,0x1e,0xac,0x3f,0xb4,0x1e,0xac,
0x1e,0x5d,0x1f,0x5d,0x1e,0x5d,0x1f,0x65,0xfe,0x5c,0x1f,0x65,0xfe,0x5c,0x1f,0x65,0xfe,0x5c,0x1f,0x65,0xfe,0x5c,0x1f,0x65,0xfe,0x5c,0x1f,0x65,0xfe,0x64,0xff,0x64,
0xfe,0x5c,0xff,0x64,0xfe,0x64,0xff,0x64,0xfe,0x64,0xff,0x64,0xfe,0x64,0xff,0x64,0xde,0x64,0xff,0x64,0xde,0x64,0xff,0x6c,0xde,0x64,0xdf,0x6c,0xde,0x64,0xdf,0x6c,
0xde,0x64,0xdf,0x6c,0xde,0x6c,0xdf,0x6c,0xbe,0x6c,0xdf,0x6c,0xbe,0x6c,0xbf,0x74,0xbe,0x6c,0xbf,0x74,0xbe,0x6c,0xbf,0x74,0x9e,0x6c,0xbf,0x74,0x9e,0x74,0x9f,0x74,
0x9e,0x74,0x9f,0x74,0x9e,0x74,0x9f,0x7c,0x7e,0x74,0x9f,0x7c,0x7e,0x7c,0x7f,0x7c,0x7e,0x7c,0x7f,0x7c,0x5e,0x7c,0x7f,0x84,0x5e,0x7c,0x5f,0x84,0x5e,0x84,0x5f,0x84,
0x5e,0x84,0x5f,0x8c,0x5e,0x84,0x5f,0x8c,0x3e,0x8c,0x5f,0x8c,0x3e,0x8c,0x5f,0x94,0x3e,0x8c,0x5f,0x94,0x3e,0x94,0x5f,0x94,0x3e,0x94,0x3f,0x94,0x3e,0x94,0x3f,0x9c,
0x3e,0x94,0x3f,0x9c,0x3e,0x9c,0x3f,0x9c,0x3e,0x9c,0x3f,0x9c,0x3e,0x9c,0x3f,0xa4,0x3e,0x9c,0x3f,0xa4,0x1e,0x9c,0x3f,0xa4,0x1e,0xa4,0x3f,0xa4,0x1e,0xa4,0x3f,0xa4,
0x1e,0xa4,0x3f,0xa4,0x1e,0xa4,0x3f,0xac,0x1e,0xa4,0x3f,0xac,0x1e,0xa4,0x3f,0xac,0x1e,0xa4,0x3f,0xac,0x1e,0xac,0x3f,0xac,0x1e,0xac,0x1f,0xac,0x1e,0xac,0x1f,0xac,
0x1e,0xac,0x1f,0xac,0x1e,0xac,0x1f,0xb4,0x1e,0xac,0x1f,0xac,0x1e,0xac,0x1f,0xb4,0x1f,0x65,0x1e,0x5d,0x1f,0x65,0x1e,0x5d,0x1f,0x65,0x1e,0x5d,0x1f,0x65,0x1e,0x5d,
0x1f,0x65,0x1e,0x5d,0x1f,0x65,0xfe,0x64,0x1f,0x65,0xfe,0x64,0x1f,0x65,0xfe,0x64,0x1f,0x65,0xfe,0x64,0x1f,0x65,0xfe,0x64,0xff,0x64,0xfe,0x64,0xff,0x6c,0xfe,0x64,
0xff,0x6c,0xfe,0x64,0xff,0x6c,0xde,0x64,0xff,0x6c,0xde,0x64,0xff,0x6c,0xde,0x6c,0xff,0x6c,0xde,0x6c,0xdf,0x6c,0xde,0x6c,0xdf,0x6c,0xde,0x6c,0xdf,0x74,0xbe,0x6c,
0xdf,0x74,0xbe,0x6c,0xbf,0x74,0xbe,0x74,0xbf,0x74,0xbe,0x74,0xbf,0x74,0x9e,0x74,0xbf,0x74,0x9e,0x74,0x9f,0x7c,0x9e,0x74,0x9f,0x7c,0x7e,0x7c,0x9f,0x7c,0x7e,0x7c,
0x7f,0x7c,0x7e,0x7c,0x7f,0x84,0x5e,0x7c,0x7f,0x84,0x5e,0x84,0x7f,0x84,0x5e,0x84,0x5f,0x8c,0x5e,0x84,0x5f,0x8c,0x5e,0x8c,0x5f,0x8c,0x5e,0x8c,0x5f,0x94,0x5e,0x8c,
0x5f,0x94,0x3e,0x94,0x5f,0x94,0x3e,0x94,0x5f,0x9c,0x3e,0x94,0x5f,0x9c,0x3e,0x9c,0x5f,0x9c,0x3e,0x9c,0x3f,0x9c,0x3e,0x9c,0x3f,0xa4,0x3e,0x9c,0x3f,0xa4,0x3e,0xa4,
0x3f,0xa4,0x3e,0xa4,0x3f,0xa4,0x3e,0xa4,0x3f,0xa4,0x3e,0xa4,0x3f,0xac,0x3e,0xa4,0x3f,0xac,0x1e,0xa4,0x3f,0xac,0x1e,0xa4,0x3f,0xac,0x1e,0xa4,0x3f,0xac,0x1e,0xac,
0x3f,0xac,0x1e,0xac,0x3f,0xac,0x1e,0xac,0x3f,0xac,0x1e,0xac,0x3f,0xb4,0x1e,0xac,0x3f,0xb4,0x1e,0xac,0x3f,0xb4,0x1e,0xac,0x3f,0xb4,0x1e,0xac,0x3f,0xb4,0x1e,0xac,
0x1e,0x5d,0x1f,0x5d,0x1e,0x5d,0x1f,0x5d,0x1e,0x5d,0x1f,0x65,0x1e,0x5d,0x1f,0x65,0xfe,0x5c,0x1f,0x65,0xfe,0x5c,0x1f,0x65,0xfe,0x5c,0x1f,0x65,0xfe,0x5c,0x1f,0x65,
0xfe,0x5c,0x1f,0x65,0xfe,0x5c,0xff,0x64,0xfe,0x64,0xff,0x64,0xfe,0x64,0xff,0x64,0xfe,0x64,0xff,0x64,0xde,0x64,0xff,0x64,0xde,0x64,0xff,0x6c,0xde,0x64,0xdf,0x6c,
0xde,0x64,0xdf,0x6c,0xde,0x64,0xdf,0x6c,0xbe,0x6c,0xdf,0x6c,0xbe,0x6c,0xdf,0x6c,0xbe,0x6c,0xbf,0x74,0xbe,0x6c,0xbf,0x74,0xbe,0x6c,0xbf,0x74,0x9e,0x6c,0xbf,0x74,
0x9e,0x74,0x9f,0x74,0x9e,0x74,0x9f,0x7c,0x7e,0x74,0x9f,0x7c,0x7e,0x74,0x7f,0x7c,0x7e,0x7c,0x7f,0x7c,0x5e,0x7c,0x7f,0x84,0x5e,0x7c,0x5f,0x84,0x5e,0x84,0x5f,0x84,
0x5e,0x84,0x5f,0x8c,0x5e,0x84,0x5f,0x8c,0x3e,0x8c,0x5f,0x8c,0x3e,0x8c,0x5f,0x94,0x3e,0x8c,0x5f,0x94,0x3e,0x94,0x5f,0x94,0x3e,0x94,0x3f,0x9c,0x3e,0x94,0x3f,0x9c,
0x3e,0x9c,0x3f,0x9c,0x3e,0x9c,0x3f,0x9c,0x3e,0x9c,0x3f,0xa4,0x3e,0x9c,0x3f,0xa4,0x1e,0x9c,0x3f,0xa4,0x1e,0xa4,0x3f,0xa4,0x1e,0xa4,0x3f,0xa4,0x1e,0xa4,0x3f,0xa4,
0x1e,0xa4,0x3f,0xac,0x1e,0xa4,0x3f,0xac,0x1e,0xa4,0x3f,0xac,0x1e,0xa4,0x3f,0xac,0x1e,0xac,0x1f,0xac,0x1e,0xac,0x1f,0xac,0x1e,0xac,0x1f,0xac,0x1e,0xac,0x1f,0xac,
0x1e,0xac,0x1f,0xb4,0x1e,0xac,0x1f,0xb4,0x1e,0xac,0x1f,0xb4,0x1e,0xac,0x1f,0xb4,0x3f,0x65,0x1e,0x5d,0x3f,0x65,0x1e,0x5d,0x1f,0x65,0x1e,0x5d,0x1f,0x65,0x1e,0x5d,
0x1f,0x65,0x1e,0x5d,0x1f,0x65,0x1e,0x5d,0x1f,0x65,0x1e,0x65,0x1f,0x65,0xfe,0x5c,0x1f,0x65,0xfe,0x64,0x1f,0x65,0xfe,0x64,0x1f,0x65,0xfe,0x64,0x1f,0x65,0xfe,0x64,
0xff,0x6c,0xfe,0x64,0xff,0x6c,0xfe,0x64,0xff,0x6c,0xfe,0x64,0xff,0x6c,0xde,0x64,0xff,0x6c,0xde,0x6c,0xff,0x6c,0xde,0x6c,0xdf,0x6c,0xde,0x6c,0xdf,0x6c,0xbe,0x6c,
0xdf,0x74,0xbe,0x6c,0xdf,0x74,0xbe,0x6c,0xbf,0x74,0xbe,0x74,0xbf,0x74,0x9e,0x74,0xbf,0x7c,0x9e,0x74,0x9f,0x7c,0x9e,0x74,0x9f,0x7c,0x7e,0x7c,0x9f,0x7c,0x7e,0x7c,
0x7f,0x84,0x7e,0x7c,0x7f,0x84,0x5e,0x7c,0x7f,0x84,0x5e,0x84,0x7f,0x84,0x5e,0x84,0x5f,0x8c,0x5e,0x8c,0x5f,0x8c,0x5e,0x8c,0x5f,0x94,0x5e,0x8c,0x5f,0x94,0x3e,0x8c,
0x5f,0x94,0x3e,0x94,0x5f,0x94,0x3e,0x94,0x5f,0x9c,0x3e,0x9c,0x5f,0x9c,0x3e,0x9c,0x3f,0x9c,0x3e,0x9c,0x3f,0xa4,0x3e,0x9c,0x3f,0xa4,0x3e,0x9c,0x3f,0xa4,0x3e,0xa4,
0x3f,0xa4,0x3e,0xa4,0x3f,0xa4,0x3e,0xa4,0x3f,0xac,0x3e,0xa4,0x3f,0xac,0x1e,0xa4,0x3f,0xac,0x1e,0xac,0x3f,0xac,0x1e,0xac,0x3f,0xac,0x1e,0xac,0x3f,0xac,0x1e,0xac,
0x3f,0xac,0x1e,0xac,0x3f,0xac,0x1e,0xac,0x3f,0xb4,0x1e,0xac,0x3f,0xb4,0x1e,0xac,0x3f,0xb4,0x1e,0xac,0x3f,0xb4,0x1e,0xac,0x3f,0xb4,0x1e,0xb4,0x1f,0xb4,0x1e,0xb4,
0x1e,0x5d,0x1f,0x5d,0x1e,0x5d,0x1f,0x5d,0x1e,0x5d,0x1f,0x5d,0x1e,0x5d,0x1f,0x65,0x1e,0x5d,0x1f,0x5d,0x1e,0x5d,0x1f,0x65,0xfe,0x5c,0x1f,0x65,0xfe,0x5c,0x1f,0x65,
0xfe,0x5c,0x1f,0x65,0xfe,0x5c,0x1f,0x65,0xfe,0x5c,0xff,0x64,0xfe,0x64,0xff,0x64,0xfe,0x64,0xff,0x64,0xfe,0x64,0xff,0x64,0xde,0x64,0xff,0x64,0xde,0x64,0xff,0x6c,
0xde,0x64,0xdf,0x6c,0xde,0x64,0xdf,0x6c,0xde,0x64,0xdf,0x6c,0xbe,0x6c,0xdf,0x6c,0xbe,0x6c,0xdf,0x6c,0xbe,0x6c,0xbf,0x74,0xbe,0x6c,0xbf,0x74,0x9e,0x6c,0xbf,0x74,
0x9e,0x74,0x9f,0x74,0x9e,0x74,0x9f,0x7c,0x7e,0x74,0x9f,0x7c,0x7e,0x74,0x7f,0x7c,0x7e,0x7c,0x7f,0x7c,0x5e,0x7c,0x7f,0x84,0x5e,0x7c,0x5f,0x84,0x5e,0x84,0x5f,0x84,
0x5e,0x84,0x5f,0x8c,0x5e,0x8c,0x5f,0x8c,0x3e,0x8c,0x5f,0x8c,0x3e,0x8c,0x5f,0x94,0x3e,0x8c,0x5f,0x94,0x3e,0x94,0x3f,0x9c,0x3e,0x94,0x3f,0x9c,0x3e,0x94,0x3f,0x9c,
0x3e,0x9c,0x3f,0x9c,0x3e,0x9c,0x3f,0xa4,0x3e,0x9c,0x3f,0xa4,0x1e,0x9c,0x3f,0xa4,0x1e,0xa4,0x3f,0xa4,0x1e,0xa4,0x3f,0xa4,0x1e,0xa4,0x3f,0xa4,0x1e,0xa4,0x3f,0xac,
0x1e,0xa4,0x3f,0xac,0x1e,0xa4,0x3f,0xac,0x1e,0xa4,0x3f,0xac,0x1e,0xac,0x1f,0xac,0x1e,0xac,0x1f,0xac,0x1e,0xac,0x1f,0xac,0x1e,0xac,0x1f,0xac,0x1e,0xac,0x1f,0xb4,
0x1e,0xac,0x1f,0xb4,0x1e,0xac,0x1f,0xb4,0x1e,0xac,0x1f,0xb4,0x1e,0xac,0x1f,0xb4,0x3f,0x5d,0x1e,0x5d,0x3f,0x65,0x1e,0x5d,0x3f,0x65,0x1e,0x5d,0x3f,0x65,0x1e,0x5d,
0x1f,0x65,0x1e,0x5d,0x1f,0x65,0x1e,0x5d,0x1f,0x65,0x1e,0x5d,0x1f,0x65,0x1e,0x5d,0x1f,0x65,0x1e,0x5d,0x1f,0x65,0xfe,0x64,0x1f,0x65,0xfe,0x64,0x1f,0x65,0xfe,0x64,
0x1f,0x65,0xfe,0x64,0xff,0x6c,0xfe,0x64,0xff,0x6c,0xfe,0x64,0xff,0x6c,0xfe,0x64,0xff,0x6c,0xde,0x64,0xff,0x6c,0xde,0x6c,0xff,0x6c,0xde,0x6c,0xdf,0x6c,0xde,0x6c,
0xdf,0x6c,0xbe,0x6c,0xdf,0x74,0xbe,0x6c,0xdf,0x74,0xbe,0x6c,0xbf,0x74,0xbe,0x74,0xbf,0x74,0x9e,0x74,0xbf,0x7c,0x9e,0x74,0x9f,0x7c,0x9e,0x74,0x9f,0x7c,0x7e,0x7c,
0x7f,0x7c,0x7e,0x7c,0x7f,0x84,0x5e,0x7c,0x7f,0x84,0x5e,0x84,0x7f,0x8c,0x5e,0x84,0x5f,0x8c,0x5e,0x84,0x5f,0x8c,0x5e,0x8c,0x5f,0x94,0x5e,0x8c,0x5f,0x94,0x3e,0x94,
0x5f,0x94,0x3e,0x94,0x5f,0x9c,0x3e,0x94,0x5f,0x9c,0x3e,0x9c,0x5f,0x9c,0x3e,0x9c,0x3f,0x9c,0x3e,0x9c,0x3f,0xa4,0x3e,0x9c,0x3f,0xa4,0x3e,0xa4,0x3f,0xa4,0x3e,0xa4,
0x3f,0xa4,0x3e,0xa4,0x3f,0xac,0x1e,0xa4,0x3f,0xac,0x1e,0xa4,0x3f,0xac,0x1e,0xac,0x3f,0xac,0x1e,0xac,0x3f,0xac,0x1e,0xac,0x3f,0xac,0x1e,0xac,0x3f,0xb4,0x1e,0xac,
0x3f,0xb4,0x1e,0xac,0x3f,0xb4,0x1e,0xac,0x3f,0xb4,0x1e,0xac,0x3f,0xb4,0x1e,0xac,0x3f,0xb4,0x1e,0xac,0x1f,0xb4,0x1e,0xb4,0x1f,0xb4,0x1e,0xb4,0x1f,0xb4,0x1e,0xb4,
0x1e,0x5d,0x3f,0x5d,0x1e,0x5d,0x1f,0x5d,0x1e,0x5d,0x1f,0x5d,0x1e,0x5d,0x1f,0x5d,0x1e,0x5d,0x1f,0x5d,0x1e,0x5d,0x1f,0x5d,0x1e,0x5d,0x1f,0x65,0x1e,0x5d,0x1f,0x65,
0xfe,0x5c,0x1f,0x65,0xfe,0x5c,0x1f,0x65,0xfe,0x5c,0x1f,0x65,0xfe,0x5c,0xff,0x64,0xfe,0x64,0xff,0x64,0xfe,0x64,0xff,0x64,0xfe,0x64,0xff,0x64,0xde,0x64,0xff,0x64,
0xde,0x64,0xff,0x6c,0xde,0x64,0xdf,0x6c,0xde,0x64,0xdf,0x6c,0xde,0x64,0xdf,0x6c,0xbe,0x6c,0xdf,0x6c,0xbe,0x6c,0xbf,0x6c,0xbe,0x6c,0xbf,0x74,0xbe,0x6c,0xbf,0x74,
0x9e,0x74,0xbf,0x74,0x9e,0x74,0x9f,0x74,0x7e,0x74,0x9f,0x7c,0x7e,0x74,0x7f,0x7c,0x7e,0x7c,0x7f,0x7c,0x5e,0x7c,0x7f,0x84,0x5e,0x7c,0x5f,0x84,0x5e,0x84,0x5f,0x84,
0x5e,0x84,0x5f,0x8c,0x3e,0x84,0x5f,0x8c,0x3e,0x8c,0x5f,0x94,0x3e,0x8c,0x5f,0x94,0x3e,0x94,0x5f,0x94,0x3e,0x94,0x3f,0x9c,0x3e,0x94,0x3f,0x9c,0x3e,0x9c,0x3f,0x9c,
0x3e,0x9c,0x3f,0xa4,0x3e,0x9c,0x3f,0xa4,0x1e,0x9c,0x3f,0xa4,0x1e,0xa4,0x3f,0xa4,0x1e,0xa4,0x3f,0xa4,0x1e,0xa4,0x3f,0xa4,0x1e,0xa4,0x3f,0xac,0x1e,0xa4,0x3f,0xac,
0x1e,0xac,0x3f,0xac,0x1e,0xac,0x1f,0xac,0x1e,0xac,0x1f,0xac,0x1e,0xac,0x1f,0xac,0x1e,0xac,0x1f,0xb4,0x1e,0xac,0x1f,0xb4,0x1e,0xac,0x1f,0xb4,0x1e,0xac,0x1f,0xb4,
0x1e,0xac,0x1f,0xb4,0x1e,0xac,0x1f,0xb4,0x1e,0xb4,0x1f,0xb4,0x1e,0xac,0x1f,0xb4,0x3f,0x5d,0x1e,0x5d,0x3f,0x5d,0x1e,0x5d,0x3f,0x65,0x1e,0x5d,0x3f,0x5d,0x1e,0x5d,
0x3f,0x65,0x1e,0x5d,0x3f,0x65,0x1e,0x5d,0x1f,0x65,0x1e,0x5d,0x1f,0x65,0x1e,0x5d,0x1f,0x65,0x1e,0x5d,0x1f,0x65,0x1e,0x5d,0x1f,0x65,0xfe,0x64,0x1f,0x65,0xfe,0x64,
0x1f,0x65,0xfe,0x64,0x1f,0x65,0xfe,0x64,0xff,0x64,0xfe,0x64,0xff,0x64,0xfe,0x64,0xff,0x6c,0xfe,0x64,0xff,0x6c,0xde,0x64,0xff,0x6c,0xde,0x6c,0xdf,0x6c,0xde,0x6c,
0xdf,0x6c,0xde,0x6c,0xdf,0x6c,0xbe,0x6c,0xdf,0x74,0xbe,0x6c,0xbf,0x74,0xbe,0x74,0xbf,0x74,0x9e,0x74,0xbf,0x74,0x9e,0x74,0x9f,0x7c,0x9e,0x74,0x9f,0x7c,0x7e,0x7c,
0x7f,0x7c,0x7e,0x7c,0x7f,0x84,0x5e,0x7c,0x7f,0x84,0x5e,0x84,0x7f,0x84,0x5e,0x84,0x5f,0x8c,0x5e,0x8c,0x5f,0x8c,0x5e,0x8c,0x5f,0x94,0x5e,0x94,0x5f,0x94,0x3e,0x94,
0x5f,0x9c,0x3e,0x94,0x5f,0x9c,0x3e,0x94,0x5f,0x9c,0x3e,0x9c,0x3f,0x9c,0x3e,0x9c,0x3f,0xa4,0x3e,0x9c,0x3f,0xa4,0x3e,0xa4,0x3f,0xa4,0x3e,0xa4,0x3f,0xa4,0x3e,0xa4,
0x3f,0xac,0x1e,0xa4,0x3f,0xac,0x1e,0xa4,0x3f,0xac,0x1e,0xac,0x3f,0xac,0x1e,0xac,0x3f,0xac,0x1e,0xac,0x3f,0xac,0x1e,0xac,0x3f,0xb4,0x1e,0xac,0x3f,0xb4,0x1e,0xac,
0x3f,0xb4,0x1e,0xac,0x3f,0xb4,0x1e,0xac,0x3f,0xb4,0x1e,0xb4,0x1f,0xb4,0x1e,0xb4,0x1f,0xb4,0x1e,0xb4,0x1f,0xb4,0x1e,0xb4,0x1f,0xb4,0x1e,0xb4,0x1f,0xb4,0x1e,0xb4,
0x1e,0x55,0x3f,0x5d,0x1e,0x5d,0x3f,0x5d,0x1e,0x5d,0x3f,0x5d,0x1e,0x5d,0x1f,0x5d,0x1e,0x5d,0x1f,0x5d,0x1e,0x5d,0x1f,0x5d,0x1e,0x5d,0x1f,0x5d,0x1e,0x5d,0x1f,0x65,
0x1e,0x5d,0x1f,0x5d,0xfe,0x5c,0x1f,0x65,0xfe,0x5c,0x1f,0x65,0xfe,0x5c,0x1f,0x65,0xfe,0x5c,0x1f,0x65,0xfe,0x64,0xff,0x64,0xfe,0x64,0xff,0x64,0xfe,0x64,0xff,0x64,
0xde,0x64,0xff,0x64,0xde,0x64,0xff,0x6c,0xde,0x64,0xdf,0x6c,0xde,0x64,0xdf,0x6c,0xde,0x64,0xdf,0x6c,0xbe,0x6c,0xdf,0x6c,0xbe,0x6c,0xbf,0x6c,0xbe,0x6c,0xbf,0x74,
0x9e,0x6c,0xbf,0x74,0x9e,0x74,0x9f,0x74,0x9e,0x74,0x9f,0x7c,0x7e,0x74,0x7f,0x7c,0x7e,0x7c,0x7f,0x7c,0x5e,0x7c,0x7f,0x84,0x5e,0x7c,0x5f,0x84,0x5e,0x84,0x5f,0x8c,
0x5e,0x84,0x5f,0x8c,0x3e,0x8c,0x5f,0x8c,0x3e,0x8c,0x5f,0x94,0x3e,0x94,0x5f,0x94,0x3e,0x94,0x3f,0x94,0x3e,0x94,0x3f,0x9c,0x3e,0x94,0x3f,0x9c,0x3e,0x9c,0x3f,0xa4,
0x3e,0x9c,0x3f,0xa4,0x1e,0x9c,0x3f,0xa4,0x1e,0xa4,0x3f,0xa4,0x1e,0xa4,0x3f,0xa4,0x1e,0xa4,0x3f,0xac,0x1e,0xa4,0x3f,0xac,0x1e,0xa4,0x3f,0xac,0x1e,0xac,0x3f,0xac,
0x1e,0xac,0x1f,0xac,0x1e,0xac,0x1f,0xac,0x1e,0xac,0x1f,0xac,0x1e,0xac,0x1f,0xb4,0x1e,0xac,0x1f,0xb4,0x1e,0xac,0x1f,0xb4,0x1e,0xac,0x1f,0xb4,0x1e,0xac,0x1f,0xb4,
0x1e,0xac,0x1f,0xb4,0x1e,0xb4,0x1f,0xb4,0x1e,0xb4,0x1f,0xb4,0x1e,0xb4,0x1f,0xb4,0x3f,0x5d,0x3e,0x5d,0x3f,0x5d,0x1e,0x5d,0x3f,0x5d,0x1e,0x5d,0x3f,0x5d,0x1e,0x5d,
0x3f,0x5d,0x1e,0x5d,0x3f,0x65,0x1e,0x5d,0x3f,0x65,0x1e,0x5d,0x3f,0x65,0x1e,0x5d,0x1f,0x65,0x1e,0x5d,0x1f,0x65,0x1e,0x5d,0x1f,0x65,0x1e,0x5d,0x1f,0x65,0x1e,0x65,
0x1f,0x65,0xfe,0x64,0x1f,0x65,0xfe,0x64,0x1f,0x65,0xfe,0x64,0x1f,0x65,0xfe,0x64,0xff,0x64,0xfe,0x64,0xff,0x6c,0xfe,0x64,0xff,0x6c,0xde,0x64,0xff,0x6c,0xde,0x6c,
0xdf,0x6c,0xde,0x6c,0xdf,0x6c,0xde,0x6c,0xdf,0x74,0xbe,0x6c,0xdf,0x74,0xbe,0x74,0xbf,0x74,0xbe,0x74,0xbf,0x74,0x9e,0x74,0x9f,0x7c,0x9e,0x74,0x9f,0x7c,0x7e,0x7c,
0x9f,0x7c,0x7e,0x7c,0x7f,0x84,0x5e,0x7c,0x7f,0x84,0x5e,0x84,0x7f,0x8c,0x5e,0x84,0x5f,0x8c,0x5e,0x8c,0x5f,0x94,0x5e,0x8c,0x5f,0x94,0x3e,0x94,0x5f,0x94,0x3e,0x94,
0x5f,0x9c,0x3e,0x94,0x5f,0x9c,0x3e,0x9c,0x3f,0x9c,0x3e,0x9c,0x3f,0xa4,0x3e,0x9c,0x3f,0xa4,0x3e,0xa4,0x3f,0xa4,0x3e,0xa4,0x3f,0xa4,0x3e,0xa4,0x3f,0xac,0x1e,0xa4,
0x3f,0xac,0x1e,0xa4,0x3f,0xac,0x1e,0xac,0x3f,0xac,0x1e,0xac,0x3f,0xac,0x1e,0xac,0x3f,0xac,0x1e,0xac,0x3f,0xb4,0x1e,0xac,0x3f,0xb4,0x1e,0xac,0x3f,0xb4,0x1e,0xac,
0x3f,0xb4,0x1e,0xac,0x1f,0xb4,0x1e,0xb4,0x1f,0xb4,0x1e,0xb4,0x1f,0xb4,0x1e,0xb4,0x1f,0xb4,0x1e,0xb4,0x1f,0xb4,0x1e,0xb4,0x1f,0xb4,0x1e,0xb4,0x1f,0xbc,0x1e,0xb4,
0x1e,0x5d,0x3f,0x5d,0x1e,0x55,0x3f,0x5d,0x1e,0x5d,0x3f,0x5d,0x1e,0x5d,0x3f,0x5d,0x1e,0x5d,0x3f,0x5d,0x1e,0x5d,0x1f,0x5d,0x1e,0x5d,0x1f,0x5d,0x1e,0x5d,0x1f,0x5d,
0x1e,0x5d,0x1f,0x5d,0x1e,0x5d,0x1f,0x5d,0x1e,0x5d,0x1f,0x65,0xfe,0x5c,0x1f,0x65,0xfe,0x5c,0x1f,0x65,0xfe,0x5c,0x1f,0x65,0xfe,0x5c,0xff,0x64,0xfe,0x5c,0xff,0x64,
0xfe,0x64,0xff,0x64,0xfe,0x64,0xff,0x64,0xde,0x64,0xff,0x6c,0xde,0x64,0xdf,0x6c,0xde,0x64,0xdf,0x6c,0xde,0x64,0xdf,0x6c,0xbe,0x6c,0xdf,0x6c,0xbe,0x6c,0xbf,0x74,
0xbe,0x6c,0xbf,0x74,0x9e,0x74,0x9f,0x74,0x9e,0x74,0x9f,0x7c,0x7e,0x74,0x9f,0x7c,0x7e,0x7c,0x7f,0x7c,0x5e,0x7c,0x7f,0x84,0x5e,0x7c,0x5f,0x84,0x5e,0x84,0x5f,0x8c,
0x5e,0x84,0x5f,0x8c,0x3e,0x8c,0x5f,0x8c,0x3e,0x8c,0x5f,0x94,0x3e,0x94,0x5f,0x94,0x3e,0x94,0x3f,0x9c,0x3e,0x94,0x3f,0x9c,0x3e,0x9c,0x3f,0x9c,0x3e,0x9c,0x3f,0xa4,
0x1e,0x9c,0x3f,0xa4,0x1e,0xa4,0x3f,0xa4,0x1e,0xa4,0x3f,0xac,0x1e,0xa4,0x3f,0xac,0x1e,0xa4,0x3f,0xac,0x1e,0xa4,0x3f,0xac,0x1e,0xac,0x1f,0xac,0x1e,0xac,0x1f,0xac,
0x1e,0xac,0x1f,0xac,0x1e,0xac,0x1f,0xac,0x1e,0xac,0x1f,0xb4,0x1e,0xac,0x1f,0xb4,0x1e,0xac,0x1f,0xb4,0x1e,0xac,0x1f,0xb4,0x1e,0xb4,0x1f,0xb4,0x1e,0xb4,0x1f,0xb4,
0x1e,0xb4,0x1f,0xb4,0x1e,0xb4,0x1f,0xb4,0x1e,0xb4,0x1f,0xb4,0x1e,0xb4,0x1f,0xb4,0x3f,0x5d,0x3e,0x5d,0x3f,0x5d,0x3e,0x5d,0x3f,0x5d,0x3e,0x5d,0x3f,0x5d,0x1e,0x5d,
0x3f,0x5d,0x1e,0x5d,0x3f,0x5d,0x1e,0x5d,0x3f,0x5d,0x1e,0x5d,0x3f,0x5d,0x1e,0x5d,0x3f,0x65,0x1e,0x5d,0x3f,0x65,0x1e,0x5d,0x1f,0x65,0x1e,0x5d,0x1f,0x65,0x1e,0x5d,
0x1f,0x65,0x1e,0x5d,0x1f,0x65,0xfe,0x5c,0x1f,0x65,0xfe,0x64,0x1f,0x65,0xfe,0x64,0x1f,0x65,0xfe,0x64,0xff,0x64,0xfe,0x64,0xff,0x6c,0xfe,0x64,0xff,0x6c,0xde,0x64,
0xff,0x6c,0xde,0x6c,0xdf,0x6c,0xde,0x6c,0xdf,0x6c,0xbe,0x6c,0xdf,0x74,0xbe,0x6c,0xbf,0x74,0xbe,0x74,0xbf,0x74,0x9e,0x74,0xbf,0x7c,0x9e,0x74,0x9f,0x7c,0x7e,0x7c,
0x9f,0x7c,0x7e,0x7c,0x7f,0x84,0x5e,0x7c,0x7f,0x84,0x5e,0x84,0x7f,0x8c,0x5e,0x84,0x5f,0x8c,0x5e,0x8c,0x5f,0x94,0x5e,0x8c,0x5f,0x94,0x3e,0x94,0x5f,0x94,0x3e,0x94,
0x5f,0x9c,0x3e,0x9c,0x5f,0x9c,0x3e,0x9c,0x3f,0xa4,0x3e,0x9c,0x3f,0xa4,0x3e,0xa4,0x3f,0xa4,0x3e,0xa4,0x3f,0xa4,0x3e,0xa4,0x3f,0xac,0x1e,0xa4,0x3f,0xac,0x1e,0xa4,
0x3f,0xac,0x1e,0xac,0x3f,0xac,0x1e,0xac,0x3f,0xb4,0x1e,0xac,0x3f,0xb4,0x1e,0xac,0x3f,0xb4,0x1e,0xac,0x3f,0xb4,0x1e,0xac,0x3f,0xb4,0x1e,0xb4,0x1f,0xb4,0x1e,0xb4,
0x1f,0xb4,0x1e,0xb4,0x1f,0xb4,0x1e,0xb4,0x1f,0xb4,0x1e,0xb4,0x1f,0xb4,0x1e,0xb4,0x1f,0xbc,0x1e,0xb4,0x1f,0xb4,0x1e,0xb4,0x1f,0xbc,0x1e,0xb4,0x1f,0xbc,0x1e,0xb4,
0x3e,0x55,0x3f,0x5d,0x1e,0x55,0x3f,0x5d,0x1e,0x55,0x3f,0x5d,0x1e,0x5d,0x3f,0x5d,0x1e,0x55,0x3f,0x5d,0x1e,0x5d,0x3f,0x5d,0x1e,0x5d,0x3f,0x5d,0x1e,0x5d,0x3f,0x5d,
0x1e,0x5d,0x1f,0x5d,0x1e,0x5d,0x1f,0x5d,0x1e,0x5d,0x1f,0x5d,0x1e,0x5d,0x1f,0x65,0x1e,0x5d,0x1f,0x65,0xfe,0x5c,0x1f,0x65,0xfe,0x5c,0x1f,0x65,0xfe,0x5c,0x1f,0x65,
0xfe,0x5c,0xff,0x64,0xfe,0x64,0xff,0x64,0xfe,0x64,0xff,0x64,0xde,0x64,0xff,0x6c,0xde,0x64,0xdf,0x6c,0xde,0x64,0xdf,0x6c,0xbe,0x6c,0xdf,0x6c,0xbe,0x6c,0xbf,0x74,
0xbe,0x6c,0xbf,0x74,0x9e,0x6c,0xbf,0x74,0x9e,0x74,0x9f,0x74,0x7e,0x74,0x9f,0x7c,0x7e,0x74,0x7f,0x7c,0x5e,0x7c,0x7f,0x84,0x5e,0x7c,0x5f,0x84,0x5e,0x84,0x5f,0x8c,
0x5e,0x84,0x5f,0x8c,0x3e,0x8c,0x5f,0x94,0x3e,0x8c,0x5f,0x94,0x3e,0x94,0x3f,0x9c,0x3e,0x94,0x3f,0x9c,0x3e,0x9c,0x3f,0x9c,0x3e,0x9c,0x3f,0xa4,0x1e,0x9c,0x3f,0xa4,
0x1e,0xa4,0x3f,0xa4,0x1e,0xa4,0x3f,0xac,0x1e,0xa4,0x3f,0xac,0x1e,0xa4,0x3f,0xac,0x1e,0xa4,0x3f,0xac,0x1e,0xac,0x1f,0xac,0x1e,0xac,0x1f,0xac,0x1e,0xac,0x1f,0xb4,
0x1e,0xac,0x1f,0xb4,0x1e,0xac,0x1f,0xb4,0x1e,0xac,0x1f,0xb4,0x1e,0xac,0x1f,0xb4,0x1e,0xac,0x1f,0xb4,0x1e,0xb4,0x1f,0xb4,0x1e,0xb4,0x1f,0xb4,0x1e,0xb4,0x1f,0xb4,
0x1e,0xb4,0x1f,0xb4,0x1e,0xb4,0x1f,0xb4,0x1e,0xb4,0x1f,0xb4,0xfe,0xb3,0x1f,0xbc,0x3f,0x5d,0x3e,0x55,0x3f,0x5d,0x3e,0x5d,0x3f,0x5d,0x3e,0x5d,0x3f,0x5d,0x3e,0x5d,
0x3f,0x5d,0x3e,0x5d,0x3f,0x5d,0x3e,0x5d,0x3f,0x5d,0x1e,0x5d,0x3f,0x5d,0x1e,0x5d,0x3f,0x5d,0x1e,0x5d,0x3f,0x65,0x1e,0x5d,0x3f,0x5d,0x1e,0x5d,0x3f,0x65,0x1e,0x5d,
0x1f,0x65,0x1e,0x5d,0x1f,0x65,0x1e,0x5d,0x1f,0x65,0x1e,0x5d,0x1f,0x65,0xfe,0x64,0x1f,0x65,0xfe,0x64,0x1f,0x65,0xfe,0x64,0xff,0x64,0xfe,0x64,0xff,0x6c,0xfe,0x64,
0xff,0x6c,0xde,0x64,0xff,0x6c,0xde,0x6c,0xdf,0x6c,0xde,0x6c,0xdf,0x74,0xbe,0x6c,0xdf,0x74,0xbe,0x6c,0xbf,0x74,0x9e,0x74,0xbf,0x74,0x9e,0x74,0x9f,0x7c,0x7e,0x7c,
0x9f,0x7c,0x7e,0x7c,0x7f,0x84,0x5e,0x7c,0x7f,0x84,0x5e,0x84,0x5f,0x8c,0x5e,0x8c,0x5f,0x8c,0x5e,0x8c,0x5f,0x94,0x3e,0x94,0x5f,0x94,0x3e,0x94,0x5f,0x9c,0x3e,0x9c,
0x5f,0x9c,0x3e,0x9c,0x3f,0xa4,0x3e,0x9c,0x3f,0xa4,0x3e,0xa4,0x3f,0xa4,0x3e,0xa4,0x3f,0xa4,0x3e,0xa4,0x3f,0xac,0x1e,0xa4,0x3f,0xac,0x1e,0xac,0x3f,0xac,0x1e,0xac,
0x3f,0xac,0x1e,0xac,0x3f,0xb4,0x1e,0xac,0x3f,0xb4,0x1e,0xac,0x3f,0xb4,0x1e,0xac,0x3f,0xb4,0x1e,0xac,0x1f,0xb4,0x1e,0xb4,0x1f,0xb4,0x1e,0xb4,0x1f,0xb4,0x1e,0xb4,
0x1f,0xb4,0x1e,0xb4,0x1f,0xbc,0x1e,0xb4,0x1f,0xb4,0x1e,0xb4,0x1f,0xbc,0x1e,0xb4,0x1f,0xbc,0x1e,0xb4,0x1f,0xbc,0x1e,0xb4,0x1f,0xbc,0x1e,0xb4,0x1f,0xbc,0x1e,0xb4,
0x3e,0x55,0x3f,0x5d,0x3e,0x55,0x3f,0x5d,0x3e,0x55,0x3f,0x5d,0x3e,0x55,0x3f,0x5d,0x1e,0x55,0x3f,0x5d,0x1e,0x55,0x3f,0x5d,0x1e,0x5d,0x3f,0x5d,0x1e,0x55,0x3f,0x5d,
0x1e,0x5d,0x3f,0x5d,0x1e,0x5d,0x3f,0x5d,0x1e,0x5d,0x1f,0x5d,0x1e,0x5d,0x1f,0x5d,0x1e,0x5d,0x1f,0x5d,0x1e,0x5d,0x1f,0x5d,0x1e,0x5d,0x1f,0x65,0xfe,0x5c,0x1f,0x65,
0xfe,0x5c,0x1f,0x65,0xfe,0x5c,0xff,0x64,0xfe,0x64,0xff,0x64,0xfe,0x64,0xff,0x64,0xde,0x64,0xff,0x6c,0xde,0x64,0xdf,0x6c,0xde,0x64,0xdf,0x6c,0xbe,0x6c,0xdf,0x6c,
0xbe,0x6c,0xbf,0x74,0xbe,0x6c,0xbf,0x74,0x9e,0x74,0x9f,0x74,0x9e,0x74,0x9f,0x7c,0x7e,0x74,0x7f,0x7c,0x5e,0x7c,0x7f,0x84,0x5e,0x7c,0x5f,0x84,0x5e,0x84,0x5f,0x8c,
0x3e,0x8c,0x5f,0x8c,0x3e,0x8c,0x5f,0x94,0x3e,0x94,0x3f,0x94,0x3e,0x94,0x3f,0x9c,0x3e,0x9c,0x3f,0x9c,0x3e,0x9c,0x3f,0xa4,0x1e,0x9c,0x3f,0xa4,0x1e,0xa4,0x3f,0xa4,
0x1e,0xa4,0x3f,0xac,0x1e,0xa4,0x3f,0xac,0x1e,0xa4,0x3f,0xac,0x1e,0xac,0x1f,0xac,0x1e,0xac,0x1f,0xac,0x1e,0xac,0x1f,0xac,0x1e,0xac,0x1f,0xb4,0x1e,0xac,0x1f,0xb4,
0x1e,0xac,0x1f,0xb4,0x1e,0xac,0x1f,0xb4,0x1e,0xb4,0x1f,0xb4,0x1e,0xb4,0x1f,0xb4,0x1e,0xb4,0x1f,0xb4,0x1e,0xb4,0x1f,0xb4,0x1e,0xb4,0x1f,0xb4,0x1e,0xb4,0x1f,0xb4,
0xfe,0xb3,0x1f,0xbc,0xfe,0xb3,0x1f,0xbc,0xfe,0xb3,0x1f,0xbc,0xfe,0xb3,0x1f,0xbc,0x5f,0x5d,0x3e,0x55,0x3f,0x5d,0x3e,0x55,0x3f,0x5d,0x3e,0x5d,0x3f,0x5d,0x3e,0x55,
0x3f,0x5d,0x3e,0x5d,0x3f,0x5d,0x3e,0x5d,0x3f,0x5d,0x3e,0x5d,0x3f,0x5d,0x3e,0x5d,0x3f,0x5d,0x1e,0x5d,0x3f,0x5d,0x1e,0x5d,0x3f,0x5d,0x1e,0x5d,0x3f,0x5d,0x1e,0x5d,
0x3f,0x65,0x1e,0x5d,0x3f,0x65,0x1e,0x5d,0x1f,0x65,0x1e,0x5d,0x1f,0x65,0x1e,0x5d,0x1f,0x65,0x1e,0x65,0x1f,0x65,0xfe,0x64,0x1f,0x65,0xfe,0x64,0x1f,0x65,0xfe,0x64,
0xff,0x6c,0xfe,0x64,0xff,0x6c,0xde,0x64,0xff,0x6c,0xde,0x6c,0xdf,0x6c,0xde,0x6c,0xdf,0x74,0xbe,0x6c,0xbf,0x74,0xbe,0x74,0xbf,0x74,0x9e,0x74,0x9f,0x7c,0x9e,0x74,
0x9f,0x7c,0x7e,0x7c,0x7f,0x84,0x5e,0x7c,0x7f,0x84,0x5e,0x84,0x5f,0x8c,0x5e,0x8c,0x5f,0x8c,0x5e,0x8c,0x5f,0x94,0x3e,0x94,0x5f,0x9c,0x3e,0x94,0x5f,0x9c,0x3e,0x9c,
0x3f,0xa4,0x3e,0x9c,0x3f,0xa4,0x3e,0x9c,0x3f,0xa4,0x3e,0xa4,0x3f,0xa4,0x1e,0xa4,0x3f,0xac,0x1e,0xac,0x3f,0xac,0x1e,0xac,0x3f,0xac,0x1e,0xac,0x3f,0xac,0x1e,0xac,
0x3f,0xb4,0x1e,0xac,0x3f,0xb4,0x1e,0xac,0x3f,0xb4,0x1e,0xb4,0x1f,0xb4,0x1e,0xb4,0x1f,0xb4,0x1e,0xb4,0x1f,0xb4,0x1e,0xb4,0x1f,0xb4,0x1e,0xb4,0x1f,0xb4,0x1e,0xb4,
0x1f,0xbc,0x1e,0xb4,0x1f,0xbc,0x1e,0xb4,0x1f,0xbc,0x1e,0xb4,0x1f,0xbc,0x1e,0xb4,0x1f,0xbc,0x1e,0xb4,0x1f,0xbc,0x1e,0xb4,0x1f,0xbc,0x1e,0xbc,0x1f,0xbc,0x1e,0xb4,
0x3e,0x55,0x3f,0x5d,0x3e,0x55,0x3f,0x5d,0x3e,0x55,0x3f,0x5d,0x3e,0x55,0x3f,0x5d,0x3e,0x55,0x3f,0x5d,0x3e,0x55,0x3f,0x5d,0x3e,0x55,0x3f,0x5d,0x1e,0x55,0x3f,0x5d,
0x1e,0x55,0x3f,0x5d,0x1e,0x5d,0x3f,0x5d,0x1e,0x55,0x3f,0x5d,0x1e,0x5d,0x3f,0x5d,0x1e,0x5d,0x1f,0x5d,0x1e,0x5d,0x1f,0x5d,0x1e,0x5d,0x1f,0x5d,0x1e,0x5d,0x1f,0x65,
0xfe,0x5c,0x1f,0x65,0xfe,0x5c,0x1f,0x65,0xfe,0x5c,0x1f,0x65,0xfe,0x64,0xff,0x64,0xfe,0x64,0xff,0x64,0xde,0x64,0xff,0x6c,0xde,0x64,0xdf,0x6c,0xde,0x64,0xdf,0x6c,
0xbe,0x6c,0xdf,0x6c,0xbe,0x6c,0xbf,0x74,0x9e,0x6c,0xbf,0x74,0x9e,0x74,0x9f,0x7c,0x7e,0x74,0x7f,0x7c,0x7e,0x7c,0x7f,0x84,0x5e,0x7c,0x5f,0x84,0x5e,0x84,0x5f,0x8c,
0x3e,0x8c,0x5f,0x8c,0x3e,0x8c,0x5f,0x94,0x3e,0x94,0x3f,0x9c,0x3e,0x9c,0x3f,0x9c,0x3e,0x9c,0x3f,0xa4,0x1e,0x9c,0x3f,0xa4,0x1e,0xa4,0x3f,0xa4,0x1e,0xa4,0x3f,0xac,
0x1e,0xa4,0x3f,0xac,0x1e,0xac,0x3f,0xac,0x1e,0xac,0x1f,0xac,0x1e,0xac,0x1f,0xb4,0x1e,0xac,0x1f,0xb4,0x1e,0xac,0x1f,0xb4,0x1e,0xac,0x1f,0xb4,0x1e,0xb4,0x1f,0xb4,
0x1e,0xb4,0x1f,0xb4,0x1e,0xb4,0x1f,0xb4,0x1e,0xb4,0x1f,0xb4,0x1e,0xb4,0x1f,0xb4,0x1e,0xb4,0x1f,0xb4,0xfe,0xb3,0x1f,0xbc,0xfe,0xb3,0x1f,0xbc,0xfe,0xb3,0x1f,0xbc,
0xfe,0xb3,0x1f,0xbc,0xfe,0xb3,0x1f,0xbc,0xfe,0xb3,0x1f,0xbc,0xfe,0xb3,0x1f,0xbc,0x5f,0x5d,0x3e,0x55,0x5f,0x5d,0x3e,0x55,0x5f,0x5d,0x3e,0x55,0x5f,0x5d,0x3e,0x55,
0x3f,0x5d,0x3e,0x55,0x3f,0x5d,0x3e,0x5d,0x3f,0x5d,0x3e,0x55,0x3f,0x5d,0x3e,0x5d,0x3f,0x5d,0x3e,0x5d,0x3f,0x5d,0x3e,0x5d,0x3f,0x5d,0x3e,0x5d,0x3f,0x5d,0x1e,0x5d,
0x3f,0x5d,0x1e,0x5d,0x3f,0x5d,0x1e,0x5d,0x3f,0x5d,0x1e,0x5d,0x3f,0x65,0x1e,0x5d,0x1f,0x65,0x1e,0x5d,0x1f,0x65,0x1e,0x5d,0x1f,0x65,0xfe,0x64,0x1f,0x65,0xfe,0x64,
0x1f,0x65,0xfe,0x64,0xff,0x6c,0xfe,0x64,0xff,0x6c,0xde,0x64,0xff,0x6c,0xde,0x6c,0xdf,0x6c,0xde,0x6c,0xdf,0x74,0xbe,0x6c,0xbf,0x74,0x9e,0x74,0xbf,0x7c,0x9e,0x74,
0x9f,0x7c,0x7e,0x7c,0x7f,0x84,0x5e,0x7c,0x7f,0x84,0x5e,0x84,0x5f,0x8c,0x5e,0x8c,0x5f,0x94,0x5e,0x8c,0x5f,0x94,0x3e,0x94,0x5f,0x9c,0x3e,0x9c,0x3f,0x9c,0x3e,0x9c,
0x3f,0xa4,0x3e,0x9c,0x3f,0xa4,0x3e,0xa4,0x3f,0xac,0x1e,0xa4,0x3f,0xac,0x1e,0xac,0x3f,0xac,0x1e,0xac,0x3f,0xac,0x1e,0xac,0x3f,0xb4,0x1e,0xac,0x3f,0xb4,0x1e,0xac,
0x3f,0xb4,0x1e,0xac,0x1f,0xb4,0x1e,0xb4,0x1f,0xb4,0x1e,0xb4,0x1f,0xb4,0x1e,0xb4,0x1f,0xb4,0x1e,0xb4,0x1f,0xbc,0x1e,0xb4,0x1f,0xbc,0x1e,0xb4,0x1f,0xbc,0x1e,0xb4,
0x1f,0xbc,0x1e,0xb4,0x1f,0xbc,0x1e,0xb4,0x1f,0xbc,0x1e,0xb4,0x1f,0xbc,0x1e,0xbc,0x1f,0xbc,0x1e,0xbc,0x1f,0xbc,0x1e,0xbc,0x1f,0xbc,0x1e,0xbc,0x1f,0xbc,0x1e,0xbc,
0x3e,0x55,0x3f,0x5d,0x3e,0x55,0x3f,0x55,0x3e,0x55,0x3f,0x5d,0x3e,0x55,0x3f,0x5d,0x3e,0x55,0x3f,0x5d,0x3e,0x55,0x3f,0x5d,0x3e,0x55,0x3f,0x5d,0x3e,0x55,0x3f,0x5d,
0x3e,0x55,0x3f,0x5d,0x3e,0x55,0x3f,0x5d,0x1e,0x55,0x3f,0x5d,0x1e,0x55,0x3f,0x5d,0x1e,0x5d,0x3f,0x5d,0x1e,0x5d,0x3f,0x5d,0x1e,0x5d,0x3f,0x5d,0x1e,0x5d,0x1f,0x5d,
0x1e,0x5d,0x1f,0x5d,0x1e,0x5d,0x1f,0x5d,0xfe,0x5c,0x1f,0x65,0xfe,0x5c,0x1f,0x65,0xfe,0x64,0xff,0x64,0xfe,0x64,0xff,0x64,0xde,0x64,0xff,0x6c,0xde,0x64,0xdf,0x6c,
0xde,0x6c,0xdf,0x6c,0xbe,0x6c,0xbf,0x6c,0xbe,0x6c,0xbf,0x74,0x9e,0x74,0x9f,0x74,0x7e,0x74,0x7f,0x7c,0x7e,0x7c,0x7f,0x7c,0x5e,0x7c,0x5f,0x84,0x5e,0x84,0x5f,0x8c,
0x3e,0x8c,0x5f,0x94,0x3e,0x94,0x3f,0x94,0x3e,0x94,0x3f,0x9c,0x3e,0x9c,0x3f,0x9c,0x1e,0x9c,0x3f,0xa4,0x1e,0xa4,0x3f,0xa4,0x1e,0xa4,0x3f,0xac,0x1e,0xa4,0x3f,0xac,
0x1e,0xac,0x1f,0xac,0x1e,0xac,0x1f,0xac,0x1e,0xac,0x1f,0xb4,0x1e,0xac,0x1f,0xb4,0x1e,0xac,0x1f,0xb4,0x1e,0xac,0x1f,0xb4,0x1e,0xb4,0x1f,0xb4,0x1e,0xb4,0x1f,0xb4,
0x1e,0xb4,0x1f,0xb4,0x1e,0xb4,0x1f,0xb4,0xfe,0xb3,0x1f,0xbc,0xfe,0xb3,0x1f,0xbc,0xfe,0xb3,0x1f,0xbc,0xfe,0xb3,0x1f,0xbc,0xfe,0xb3,0x1f,0xbc,0xfe,0xb3,0x1f,0xbc,
0xfe,0xb3,0x1f,0xbc,0xfe,0xb3,0x1f,0xbc,0xfe,0xbb,0x1f,0xbc,0xfe,0xb3,0x1f,0xbc,0x5f,0x5d,0x3e,0x55,0x5f,0x5d,0x3e,0x55,0x5f,0x5d,0x3e,0x55,0x5f,0x5d,0x3e,0x55,
0x5f,0x5d,0x3e,0x55,0x5f,0x5d,0x3e,0x55,0x5f,0x5d,0x3e,0x55,0x5f,0x5d,0x3e,0x55,0x3f,0x5d,0x3e,0x5d,0x3f,0x5d,0x3e,0x55,0x3f,0x5d,0x3e,0x5d,0x3f,0x5d,0x3e,0x5d,
0x3f,0x5d,0x3e,0x5d,0x3f,0x5d,0x3e,0x5d,0x3f,0x5d,0x1e,0x5d,0x3f,0x5d,0x1e,0x5d,0x3f,0x65,0x1e,0x5d,0x3f,0x65,0x1e,0x5d,0x1f,0x65,0x1e,0x5d,0x1f,0x65,0x1e,0x5d,
0x1f,0x65,0xfe,0x64,0x1f,0x65,0xfe,0x64,0xff,0x6c,0xfe,0x64,0xff,0x6c,0xde,0x64,0xff,0x6c,0xde,0x6c,0xdf,0x6c,0xbe,0x6c,0xdf,0x74,0xbe,0x74,0xbf,0x74,0x9e,0x74,
0x9f,0x7c,0x7e,0x7c,0x7f,0x7c,0x5e,0x7c,0x7f,0x84,0x5e,0x84,0x5f,0x8c,0x5e,0x8c,0x5f,0x94,0x3e,0x94,0x5f,0x94,0x3e,0x94,0x5f,0x9c,0x3e,0x9c,0x3f,0xa4,0x3e,0x9c,
0x3f,0xa4,0x3e,0xa4,0x3f,0xac,0x1e,0xa4,0x3f,0xac,0x1e,0xac,0x3f,0xac,0x1e,0xac,0x3f,0xb4,0x1e,0xac,0x3f,0xb4,0x1e,0xac,0x3f,0xb4,0x1e,0xb4,0x1f,0xb4,0x1e,0xb4,
0x1f,0xb4,0x1e,0xb4,0x1f,0xb4,0x1e,0xb4,0x1f,0xbc,0x1e,0xb4,0x1f,0xbc,0x1e,0xb4,0x1f,0xbc,0x1e,0xb4,0x1f,0xbc,0x1e,0xb4,0x1f,0xbc,0x1e,0xb4,0x1f,0xbc,0x1e,0xb4,
0x1f,0xbc,0x1e,0xbc,0x1f,0xbc,0x1e,0xbc,0x1f,0xbc,0x1e,0xbc,0x1f,0xbc,0x1e,0xbc,0x1f,0xbc,0x1e,0xbc,0x1f,0xbc,0x1e,0xbc,0x1f,0xbc,0x1e,0xbc,0x1f,0xbc,0x1e,0xbc,
0x3e,0x55,0x5f,0x55,0x3e,0x55,0x5f,0x55,0x3e,0x55,0x5f,0x55,0x3e,0x55,0x5f,0x5d,0x3e,0x55,0x5f,0x55,0x3e,0x55,0x3f,0x5d,0x3e,0x55,0x3f,0x55,0x3e,0x55,0x3f,0x5d,
0x3e,0x55,0x3f,0x5d,0x3e,0x55,0x3f,0x5d,0x3e,0x55,0x3f,0x5d,0x3e,0x55,0x3f,0x5d,0x3e,0x55,0x3f,0x5d,0x1e,0x55,0x3f,0x5d,0x1e,0x55,0x3f,0x5d,0x1e,0x5d,0x3f,0x5d,
0x1e,0x5d,0x3f,0x5d,0x1e,0x5d,0x1f,0x5d,0x1e,0x5d,0x1f,0x5d,0x1e,0x5d,0x1f,0x65,0xfe,0x5c,0x1f,0x65,0xfe,0x5c,0x1f,0x65,0xfe,0x64,0xff,0x64,0xde,0x64,0xff,0x6c,
0xde,0x64,0xdf,0x6c,0xde,0x6c,0xdf,0x6c,0xbe,0x6c,0xbf,0x74,0x9e,0x74,0x9f,0x74,0x9e,0x74,0x9f,0x7c,0x7e,0x7c,0x7f,0x84,0x5e,0x7c,0x5f,0x84,0x5e,0x84,0x5f,0x8c,
0x3e,0x8c,0x5f,0x94,0x3e,0x94,0x3f,0x9c,0x3e,0x9c,0x3f,0x9c,0x3e,0x9c,0x3f,0xa4,0x1e,0xa4,0x3f,0xa4,0x1e,0xa4,0x3f,0xac,0x1e,0xa4,0x3f,0xac,0x1e,0xac,0x1f,0xac,
0x1e,0xac,0x1f,0xb4,0x1e,0xac,0x1f,0xb4,0x1e,0xac,0x1f,0xb4,0x1e,0xb4,0x1f,0xb4,0x1e,0xb4,0x1f,0xb4,0x1e,0xb4,0x1f,0xb4,0x1e,0xb4,0x1f,0xb4,0xfe,0xb3,0x1f,0xbc,
0xfe,0xb3,0x1f,0xbc,0xfe,0xb3,0x1f,0xbc,0xfe,0xb3,0x1f,0xbc,0xfe,0xb3,0x1f,0xbc,0xfe,0xb3,0x1f,0xbc,0xfe,0xbb,0x1f,0xbc,0xfe,0xb3,0x1f,0xbc,0xfe,0xbb,0x1f,0xbc,
0xfe,0xbb,0x1f,0xbc,0xfe,0xbb,0x1f,0xbc,0xfe,0xbb,0x1f,0xbc,0xfe,0xbb,0x1f,0xbc,0x5f,0x55,0x3e,0x55,0x5f,0x5d,0x3e,0x55,0x5f,0x5d,0x3e,0x55,0x5f,0x5d,0x3e,0x55,
0x5f,0x5d,0x3e,0x55,0x5f,0x5d,0x3e,0x55,0x5f,0x5d,0x3e,0x55,0x5f,0x5d,0x3e,0x55,0x5f,0x5d,0x3e,0x55,0x5f,0x5d,0x3e,0x55,0x5f,0x5d,0x3e,0x55,0x3f,0x5d,0x3e,0x5d,
0x3f,0x5d,0x3e,0x55,0x3f,0x5d,0x3e,0x5d,0x3f,0x5d,0x3e,0x5d,0x3f,0x5d,0x3e,0x5d,0x3f,0x5d,0x1e,0x5d,0x3f,0x5d,0x1e,0x5d,0x3f,0x5d,0x1e,0x5d,0x3f,0x65,0x1e,0x5d,
0x1f,0x65,0x1e,0x5d,0x1f,0x65,0xfe,0x64,0x1f,0x65,0xfe,0x64,0xff,0x64,0xfe,0x64,0xff,0x6c,0xde,0x64,0xff,0x6c,0xde,0x6c,0xdf,0x6c,0xbe,0x6c,0xbf,0x74,0x9e,0x74,
0x9f,0x7c,0x7e,0x74,0x7f,0x7c,0x5e,0x7c,0x7f,0x84,0x5e,0x84,0x5f,0x8c,0x5e,0x8c,0x5f,0x94,0x3e,0x94,0x5f,0x9c,0x3e,0x9c,0x3f,0xa4,0x3e,0x9c,0x3f,0xa4,0x3e,0xa4,
0x3f,0xac,0x1e,0xa4,0x3f,0xac,0x1e,0xac,0x3f,0xac,0x1e,0xac,0x3f,0xb4,0x1e,0xac,0x3f,0xb4,0x1e,0xac,0x1f,0xb4,0x1e,0xb4,0x1f,0xb4,0x1e,0xb4,0x1f,0xbc,0x1e,0xb4,
0x1f,0xbc,0x1e,0xb4,0x1f,0xbc,0x1e,0xb4,0x1f,0xbc,0x1e,0xb4,0x1f,0xbc,0x1e,0xbc,0x1f,0xbc,0x1e,0xb4,0x1f,0xbc,0x1e,0xbc,0x1f,0xbc,0x1e,0xbc,0x1f,0xbc,0x1e,0xbc,
0x1f,0xbc,0x1e,0xbc,0x1f,0xbc,0x1e,0xbc,0x1f,0xbc,0x1e,0xbc,0x1f,0xbc,0xfe,0xbb,0x1f,0xbc,0xfe,0xbb,0x1f,0xc4,0xfe,0xbb,0x1f,0xbc,0xfe,0xbb,0x1f,0xc4,0xfe,0xbb,
0x3e,0x55,0x5f,0x55,0x3e,0x55,0x5f,0x55,0x3e,0x55,0x5f,0x55,0x3e,0x55,0x5f,0x55,0x3e,0x55,0x5f,0x55,0x3e,0x55,0x5f,0x55,0x3e,0x55,0x5f,0x55,0x3e,0x55,0x5f,0x55,
0x3e,0x55,0x5f,0x5d,0x3e,0x55,0x3f,0x55,0x3e,0x55,0x3f,0x5d,0x3e,0x55,0x3f,0x5d,0x3e,0x55,0x3f,0x5d,0x3e,0x55,0x3f,0x5d,0x3e,0x55,0x3f,0x5d,0x3e,0x55,0x3f,0x5d,
0x1e,0x55,0x3f,0x5d,0x1e,0x55,0x3f,0x5d,0x1e,0x5d,0x3f,0x5d,0x1e,0x5d,0x1f,0x5d,0x1e,0x5d,0x1f,0x65,0x1e,0x5d,0x1f,0x65,0xfe,0x5c,0x1f,0x65,0xfe,0x5c,0xff,0x64,
0xfe,0x64,0xff,0x6c,0xde,0x64,0xdf,0x6c,0xbe,0x6c,0xdf,0x6c,0xbe,0x6c,0xbf,0x74,0x9e,0x74,0x9f,0x7c,0x7e,0x7c,0x7f,0x7c,0x5e,0x84,0x5f,0x8c,0x3e,0x8c,0x5f,0x94,
0x3e,0x94,0x3f,0x9c,0x3e,0x94,0x3f,0x9c,0x3e,0x9c,0x3f,0xa4,0x1e,0xa4,0x3f,0xa4,0x1e,0xa4,0x3f,0xac,0x1e,0xac,0x1f,0xac,0x1e,0xac,0x1f,0xb4,0x1e,0xac,0x1f,0xb4,
0x1e,0xac,0x1f,0xb4,0x1e,0xb4,0x1f,0xb4,0x1e,0xb4,0x1f,0xb4,0x1e,0xb4,0x1f,0xb4,0xfe,0xb3,0x1f,0xbc,0xfe,0xb3,0x1f,0xbc,0xfe,0xb3,0x1f,0xbc,0xfe,0xb3,0x1f,0xbc,
0xfe,0xb3,0x1f,0xbc,0xfe,0xb3,0x1f,0xbc,0xfe,0xbb,0x1f,0xbc,0xfe,0xbb,0x1f,0xbc,0xfe,0xbb,0x1f,0xbc,0xfe,0xbb,0x1f,0xbc,0xfe,0xbb,0x1f,0xbc,0xfe,0xbb,0x1f,0xbc,
0xfe,0xbb,0x1f,0xbc,0xfe,0xbb,0x1f,0xbc,0xfe,0xbb,0x1f,0xbc,0xfe,0xbb,0x1f,0xbc,0x5f,0x55,0x5e,0x55,0x5f,0x55,0x5e,0x55,0x5f,0x5d,0x5e,0x55,0x5f,0x55,0x5e,0x55,
0x5f,0x5d,0x5e,0x55,0x5f,0x55,0x5e,0x55,0x5f,0x5d,0x3e,0x55,0x5f,0x5d,0x3e,0x55,0x5f,0x5d,0x3e,0x55,0x5f,0x5d,0x3e,0x55,0x5f,0x5d,0x3e,0x55,0x5f,0x5d,0x3e,0x55,
0x5f,0x5d,0x3e,0x55,0x5f,0x5d,0x3e,0x55,0x5f,0x5d,0x3e,0x55,0x3f,0x5d,0x3e,0x55,0x3f,0x5d,0x3e,0x5d,0x3f,0x5d,0x3e,0x5d,0x3f,0x5d,0x3e,0x5d,0x3f,0x5d,0x1e,0x5d,
0x3f,0x65,0x1e,0x5d,0x3f,0x65,0x1e,0x5d,0x1f,0x65,0x1e,0x5d,0x1f,0x65,0xfe,0x64,0x1f,0x65,0xfe,0x64,0xff,0x6c,0xde,0x64,0xff,0x6c,0xde,0x6c,0xdf,0x74,0xbe,0x6c,
0xbf,0x74,0x9e,0x74,0x9f,0x7c,0x7e,0x7c,0x7f,0x84,0x5e,0x84,0x5f,0x8c,0x3e,0x94,0x5f,0x9c,0x3e,0x9c,0x3f,0x9c,0x3e,0x9c,0x3f,0xa4,0x3e,0xa4,0x3f,0xac,0x1e,0xa4,
0x3f,0xac,0x1e,0xac,0x3f,0xb4,0x1e,0xac,0x3f,0xb4,0x1e,0xb4,0x1f,0xb4,0x1e,0xb4,0x1f,0xb4,0x1e,0xb4,0x1f,0xb4,0x1e,0xb4,0x1f,0xbc,0x1e,0xb4,0x1f,0xbc,0x1e,0xb4,
0x1f,0xbc,0x1e,0xbc,0x1f,0xbc,0x1e,0xbc,0x1f,0xbc,0x1e,0xbc,0x1f,0xbc,0x1e,0xbc,0x1f,0xbc,0x1e,0xbc,0x1f,0xbc,0x1e,0xbc,0x1f,0xbc,0xfe,0xbb,0x1f,0xbc,0xfe,0xbb,
0x1f,0xc4,0xfe,0xbb,0x1f,0xbc,0xfe,0xbb,0x1f,0xc4,0xfe,0xbb,0x1f,0xc4,0xfe,0xbb,0x1f,0xc4,0xfe,0xbb,0x1f,0xc4,0xfe,0xbb,0x1f,0xc4,0xfe,0xbb,0x1f,0xc4,0xfe,0xbb,
0x5e,0x55,0x5f,0x55,0x3e,0x55,0x5f,0x55,0x3e,0x55,0x5f,0x55,0x3e,0x55,0x5f,0x55,0x3e,0x55,0x5f,0x55,0x3e,0x55,0x5f,0x55,0x3e,0x55,0x5f,0x55,0x3e,0x55,0x5f,0x55,
0x3e,0x55,0x5f,0x55,0x3e,0x55,0x5f,0x55,0x3e,0x55,0x5f,0x55,0x3e,0x55,0x5f,0x55,0x3e,0x55,0x5f,0x55,0x3e,0x55,0x3f,0x5d,0x3e,0x55,0x3f,0x55,0x3e,0x55,0x3f,0x5d,
0x3e,0x55,0x3f,0x5d,0x3e,0x55,0x3f,0x5d,0x3e,0x55,0x3f,0x5d,0x1e,0x55,0x3f,0x5d,0x1e,0x55,0x3f,0x5d,0x1e,0x5d,0x1f,0x5d,0x1e,0x5d,0x1f,0x5d,0x1e,0x5d,0x1f,0x65,
0xfe,0x5c,0xff,0x64,0xfe,0x64,0xff,0x64,0xde,0x64,0xdf,0x6c,0xbe,0x6c,0xbf,0x74,0x9e,0x6c,0x9f,0x74,0x7e,0x74,0x7f,0x7c,0x5e,0x7c,0x5f,0x8c,0x3e,0x8c,0x5f,0x94,
0x3e,0x94,0x3f,0x9c,0x3e,0x9c,0x3f,0xa4,0x1e,0xa4,0x3f,0xac,0x1e,0xa4,0x1f,0xac,0x1e,0xac,0x1f,0xac,0x1e,0xac,0x1f,0xb4,0x1e,0xac,0x1f,0xb4,0x1e,0xb4,0x1f,0xb4,
0x1e,0xb4,0x1f,0xb4,0xfe,0xb3,0x1f,0xbc,0xfe,0xb3,0x1f,0xbc,0xfe,0xb3,0x1f,0xbc,0xfe,0xb3,0x1f,0xbc,0xfe,0xbb,0x1f,0xbc,0xfe,0xb3,0x1f,0xbc,0xfe,0xbb,0x1f,0xbc,
0xfe,0xbb,0x1f,0xbc,0xfe,0xbb,0x1f,0xbc,0xfe,0xbb,0x1f,0xbc,0xfe,0xbb,0x1f,0xbc,0xfe,0xbb,0x1f,0xbc,0xfe,0xbb,0x1f,0xbc,0xfe,0xbb,0x1f,0xbc,0xfe,0xbb,0x1f,0xc4,
0xfe,0xbb,0x1f,0xbc,0xfe,0xbb,0x1f,0xc4,0xfe,0xbb,0x1f,0xbc,0xfe,0xbb,0x1f,0xc4,0x5f,0x55,0x5e,0x55,0x5f,0x55,0x5e,0x55,0x5f,0x55,0x5e,0x55,0x5f,0x55,0x5e,0x55,
0x5f,0x55,0x5e,0x55,0x5f,0x55,0x5e,0x55,0x5f,0x55,0x5e,0x55,0x5f,0x55,0x5e,0x55,0x5f,0x55,0x5e,0x55,0x5f,0x5d,0x5e,0x55,0x5f,0x55,0x5e,0x55,0x5f,0x5d,0x5e,0x55,
0x5f,0x55,0x3e,0x55,0x5f,0x5d,0x3e,0x55,0x5f,0x5d,0x3e,0x55,0x5f,0x5d,0x3e,0x55,0x5f,0x5d,0x3e,0x55,0x5f,0x5d,0x3e,0x55,0x5f,0x5d,0x3e,0x55,0x3f,0x5d,0x3e,0x5d,
0x3f,0x5d,0x3e,0x5d,0x3f,0x5d,0x1e,0x5d,0x3f,0x5d,0x1e,0x5d,0x3f,0x65,0x1e,0x5d,0x1f,0x65,0x1e,0x5d,0x1f,0x65,0xfe,0x64,0xff,0x6c,0xde,0x64,0xdf,0x6c,0xbe,0x6c,
0xbf,0x74,0x9e,0x74,0x9f,0x7c,0x7e,0x7c,0x7f,0x84,0x5e,0x8c,0x5f,0x94,0x3e,0x94,0x5f,0x9c,0x3e,0x9c,0x3f,0xa4,0x3e,0xa4,0x3f,0xac,0x1e,0xac,0x3f,0xb4,0x1e,0xac,
0x3f,0xb4,0x1e,0xb4,0x1f,0xb4,0x1e,0xb4,0x1f,0xb4,0x1e,0xb4,0x1f,0xbc,0x1e,0xb4,0x1f,0xbc,0x1e,0xb4,0x1f,0xbc,0x1e,0xbc,0x1f,0xbc,0x1e,0xbc,0x1f,0xbc,0x1e,0xbc,
0x1f,0xbc,0x1e,0xbc,0x1f,0xbc,0xfe,0xbb,0x1f,0xbc,0xfe,0xbb,0x1f,0xc4,0xfe,0xbb,0x1f,0xbc,0xfe,0xbb,0x1f,0xc4,0xfe,0xbb,0x1f,0xc4,0xfe,0xbb,0x1f,0xc4,0xfe,0xbb,
0x1f,0xc4,0xfe,0xbb,0x1f,0xc4,0xfe,0xbb,0x1f,0xc4,0xfe,0xbb,0x1f,0xc4,0xfe,0xbb,0x1f,0xc4,0xfe,0xbb,0x1f,0xc4,0xfe,0xbb,0x1f,0xc4,0xfe,0xbb,0x1f,0xc4,0xfe,0xbb,
0x5e,0x55,0x5f,0x55,0x5e,0x4d,0x5f,0x55,0x5e,0x55,0x5f,0x55,0x5e,0x4d,0x5f,0x55,0x5e,0x55,0x5f,0x55,0x5e,0x4d,0x5f,0x55,0x5e,0x55,0x5f,0x55,0x5e,0x55,0x5f,0x55,
0x5e,0x55,0x5f,0x55,0x3e,0x55,0x5f,0x55,0x3e,0x55,0x5f,0x55,0x3e,0x55,0x5f,0x55,0x3e,0x55,0x5f,0x55,0x3e,0x55,0x5f,0x55,0x3e,0x55,0x5f,0x55,0x3e,0x55,0x5f,0x55,
0x3e,0x55,0x5f,0x55,0x3e,0x55,0x5f,0x55,0x3e,0x55,0x3f,0x5d,0x3e,0x55,0x3f,0x5d,0x3e,0x55,0x3f,0x5d,0x3e,0x55,0x3f,0x5d,0x1e,0x55,0x3f,0x5d,0x1e,0x5d,0x3f,0x5d,
0x1e,0x5d,0x1f,0x65,0xfe,0x5c,0x1f,0x65,0xfe,0x64,0xff,0x64,0xde,0x64,0xdf,0x6c,0xbe,0x6c,0xbf,0x74,0x7e,0x74,0x7f,0x7c,0x5e,0x84,0x5f,0x8c,0x3e,0x8c,0x3f,0x9c,
0x3e,0x9c,0x3f,0xa4,0x1e,0xa4,0x3f,0xac,0x1e,0xac,0x1f,0xac,0x1e,0xac,0x1f,0xb4,0x1e,0xb4,0x1f,0xb4,0x1e,0xb4,0x1f,0xb4,0xfe,0xb3,0x1f,0xbc,0xfe,0xb3,0x1f,0xbc,
0xfe,0xb3,0x1f,0xbc,0xfe,0xb3,0x1f,0xbc,0xfe,0xbb,0x1f,0xbc,0xfe,0xbb,0x1f,0xbc,0xfe,0xbb,0x1f,0xbc,0xfe,0xbb,0x1f,0xbc,0xfe,0xbb,0x1f,0xbc,0xfe,0xbb,0x1f,0xbc,
0xfe,0xbb,0x1f,0xc4,0xfe,0xbb,0x1f,0xbc,0xfe,0xbb,0x1f,0xc4,0xfe,0xbb,0x1f,0xc4,0xfe,0xbb,0x1f,0xc4,0xfe,0xbb,0x1f,0xc4,0xfe,0xbb,0x1f,0xc4,0xfe,0xbb,0x1f,0xc4,
0xfe,0xbb,0x1f,0xc4,0xfe,0xbb,0x1f,0xc4,0xfe,0xbb,0x1f,0xc4,0xfe,0xbb,0x1f,0xc4,0x7f,0x55,0x5e,0x55,0x7f,0x55,0x5e,0x55,0x5f,0x55,0x5e,0x55,0x5f,0x55,0x5e,0x55,
0x5f,0x55,0x5e,0x55,0x5f,0x55,0x5e,0x55,0x5f,0x55,0x5e,0x55,0x5f,0x55,0x5e,0x55,0x5f,0x55,0x5e,0x55,0x5f,0x55,0x5e,0x55,0x5f,0x55,0x5e,0x55,0x5f,0x55,0x5e,0x55,
0x5f,0x55,0x5e,0x55,0x5f,0x55,0x5e,0x55,0x5f,0x55,0x5e,0x55,0x5f,0x55,0x5e,0x55,0x5f,0x5d,0x5e,0x55,0x5f,0x55,0x3e,0x55,0x5f,0x5d,0x3e,0x55,0x5f,0x5d,0x3e,0x55,
0x5f,0x5d,0x3e,0x55,0x5f,0x5d,0x3e,0x55,0x3f,0x5d,0x3e,0x5d,0x3f,0x5d,0x3e,0x5d,0x3f,0x5d,0x1e,0x5d,0x3f,0x65,0x1e,0x5d,0x1f,0x65,0xfe,0x64,0xff,0x64,0xde,0x64,
0xdf,0x6c,0xbe,0x74,0x9f,0x7c,0x7e,0x7c,0x7f,0x8c,0x5e,0x8c,0x5f,0x9c,0x3e,0x9c,0x3f,0xa4,0x1e,0xa4,0x3f,0xac,0x1e,0xac,0x3f,0xb4,0x1e,0xb4,0x1f,0xb4,0x1e,0xb4,
0x1f,0xbc,0x1e,0xb4,0x1f,0xbc,0x1e,0xb4,0x1f,0xbc,0x1e,0xbc,0x1f,0xbc,0x1e,0xbc,0x1f,0xbc,0xfe,0xbb,0x1f,0xbc,0xfe,0xbb,0x1f,0xc4,0xfe,0xbb,0x1f,0xc4,0xfe,0xbb,
0x1f,0xc4,0xfe,0xbb,0x1f,0xc4,0xfe,0xbb,0x1f,0xc4,0xfe,0xbb,0x1f,0xc4,0xfe,0xbb,0x1f,0xc4,0xfe,0xbb,0x1f,0xc4,0xfe,0xbb,0x1f,0xc4,0xfe,0xbb,0x1f,0xc4,0xfe,0xbb,
0x1f,0xc4,0xfe,0xc3,0x1f,0xc4,0xfe,0xbb,0x1f,0xc4,0xfe,0xc3,0x1f,0xc4,0xfe,0xbb,0x1f,0xc4,0xfe,0xc3,0x1f,0xc4,0xfe,0xc3,0x1f,0xc4,0xfe,0xc3,0x1f,0xc4,0xfe,0xc3,
0x5e,0x4d,0x5f,0x55,0x5e,0x4d,0x5f,0x55,0x5e,0x4d,0x5f,0x55,0x5e,0x4d,0x5f,0x55,0x5e,0x4d,0x5f,0x55,0x5e,0x4d,0x5f,0x55,0x5e,0x4d,0x5f,0x55,0x5e,0x4d,0x5f,0x55,
0x5e,0x4d,0x5f,0x55,0x5e,0x4d,0x5f,0x55,0x5e,0x4d,0x5f,0x55,0x5e,0x55,0x5f,0x55,0x5e,0x4d,0x5f,0x55,0x5e,0x55,0x5f,0x55,0x5e,0x4d,0x5f,0x55,0x5e,0x55,0x5f,0x55,
0x5e,0x55,0x5f,0x55,0x3e,0x55,0x5f,0x55,0x3e,0x55,0x5f,0x55,0x3e,0x55,0x5f,0x55,0x3e,0x55,0x5f,0x55,0x3e,0x55,0x5f,0x55,0x3e,0x55,0x3f,0x55,0x3e,0x55,0x3f,0x5d,
0x3e,0x55,0x3f,0x5d,0x1e,0x5d,0x3f,0x5d,0x1e,0x5d,0x1f,0x5d,0xfe,0x5c,0xff,0x64,0xde,0x64,0xdf,0x6c,0x9e,0x74,0x7f,0x7c,0x5e,0x84,0x5f,0x94,0x3e,0x9c,0x3f,0xa4,
0x1e,0xa4,0x1f,0xac,0x1e,0xac,0x1f,0xb4,0x1e,0xb4,0x1f,0xb4,0xfe,0xb3,0x1f,0xbc,0xfe,0xb3,0x1f,0xbc,0xfe,0xbb,0x1f,0xbc,0xfe,0xbb,0x1f,0xbc,0xfe,0xbb,0x1f,0xbc,
0xfe,0xbb,0x1f,0xbc,0xfe,0xbb,0x1f,0xc4,0xfe,0xbb,0x1f,0xbc,0xfe,0xbb,0x1f,0xc4,0xfe,0xbb,0x1f,0xc4,0xfe,0xbb,0x1f,0xc4,0xfe,0xbb,0x1f,0xc4,0xfe,0xbb,0x1f,0xc4,
0xfe,0xbb,0x1f,0xc4,0xfe,0xbb,0x1f,0xc4,0xfe,0xbb,0x1f,0xc4,0xfe,0xbb,0xff,0xc3,0xfe,0xbb,0xff,0xc3,0xfe,0xbb,0xff,0xc3,0xfe,0xbb,0xff,0xc3,0xfe,0xbb,0xff,0xc3,
0xfe,0xbb,0xff,0xc3,0xfe,0xbb,0xff,0xc3,0xfe,0xbb,0xff,0xc3,0xfe,0xc3,0xff,0xc3,0x7f,0x55,0x5e,0x4d,0x7f,0x55,0x5e,0x55,0x7f,0x55,0x5e,0x4d,0x7f,0x55,0x5e,0x55,
0x7f,0x55,0x5e,0x4d,0x7f,0x55,0x5e,0x55,0x7f,0x55,0x5e,0x4d,0x7f,0x55,0x5e,0x55,0x7f,0x55,0x5e,0x55,0x7f,0x55,0x5e,0x55,0x7f,0x55,0x5e,0x55,0x7f,0x55,0x5e,0x55,
0x7f,0x55,0x5e,0x55,0x7f,0x55,0x5e,0x55,0x7f,0x55,0x5e,0x55,0x5f,0x55,0x5e,0x55,0x5f,0x55,0x5e,0x55,0x5f,0x55,0x5e,0x55,0x5f,0x55,0x5e,0x55,0x5f,0x55,0x5e,0x55,
0x5f,0x55,0x5e,0x55,0x5f,0x55,0x5e,0x55,0x5f,0x55,0x5e,0x55,0x5f,0x5d,0x3e,0x55,0x5f,0x5d,0x3e,0x55,0x5f,0x5d,0x3e,0x5d,0x3f,0x5d,0x3e,0x5d,0x3f,0x65,0x1e,0x5d,
0x1f,0x65,0xde,0x64,0xdf,0x74,0x7e,0x7c,0x5f,0x8c,0x3e,0x94,0x3f,0xa4,0x1e,0xac,0x3f,0xb4,0x1e,0xb4,0x1f,0xbc,0x1e,0xb4,0x1f,0xbc,0x1e,0xbc,0x1f,0xbc,0x1e,0xbc,
0x1f,0xbc,0xfe,0xbb,0x1f,0xc4,0xfe,0xbb,0x1f,0xc4,0xfe,0xbb,0x1f,0xc4,0xfe,0xbb,0x1f,0xc4,0xfe,0xbb,0x1f,0xc4,0xfe,0xc3,0x1f,0xc4,0xfe,0xbb,0x1f,0xc4,0xfe,0xc3,
0x1f,0xc4,0xfe,0xbb,0x1f,0xc4,0xfe,0xc3,0x1f,0xc4,0xfe,0xc3,0x1f,0xc4,0xfe,0xc3,0x1f,0xc4,0xfe,0xc3,0x1f,0xc4,0xfe,0xc3,0x1f,0xc4,0xfe,0xc3,0x1f,0xc4,0xfe,0xc3,
0x1f,0xc4,0xfe,0xc3,0x1f,0xc4,0xfe,0xc3,0x1f,0xc4,0xfe,0xc3,0x1f,0xc4,0xfe,0xc3,0x1f,0xc4,0xfe,0xc3,0x1f,0xc4,0xfe,0xc3,0x1f,0xc4,0xfe,0xc3,0x1f,0xc4,0xfe,0xc3,
0x5e,0x4d,0x7f,0x55,0x5e,0x4d,0x7f,0x55,0x5e,0x4d,0x7f,0x55,0x5e,0x4d,0x7f,0x55,0x5e,0x4d,0x7f,0x55,0x5e,0x4d,0x7f,0x55,0x5e,0x4d,0x5f,0x55,0x5e,0x4d,0x5f,0x55,
0x5e,0x4d,0x5f,0x55,0x5e,0x4d,0x5f,0x55,0x5e,0x4d,0x5f,0x55,0x5e,0x4d,0x5f,0x55,0x5e,0x4d,0x5f,0x55,0x5e,0x4d,0x5f,0x55,0x5e,0x4d,0x5f,0x55,0x5e,0x4d,0x5f,0x55,
0x5e,0x4d,0x5f,0x55,0x5e,0x4d,0x5f,0x55,0x5e,0x4d,0x5f,0x55,0x5e,0x4d,0x5f,0x55,0x5e,0x4d,0x5f,0x55,0x5e,0x4d,0x5f,0x55,0x5e,0x55,0x5f,0x55,0x5e,0x4d,0x5f,0x55,
0x3e,0x55,0x5f,0x55,0x3e,0x55,0x5f,0x55,0x3e,0x55,0x3f,0x5d,0x3e,0x55,0x3f,0x5d,0x1e,0x5d,0x1f,0x65,0xde,0x64,0x9f,0x74,0x3e,0x8c,0x3f,0xa4,0x1e,0xac,0x1f,0xb4,
0xfe,0xb3,0x1f,0xbc,0xfe,0xb3,0x1f,0xbc,0xfe,0xbb,0x1f,0xbc,0xfe,0xbb,0x1f,0xbc,0xfe,0xbb,0x1f,0xc4,0xfe,0xbb,0x1f,0xc4,0xfe,0xbb,0x1f,0xc4,0xfe,0xbb,0xff,0xc3,
0xfe,0xbb,0xff,0xc3,0xfe,0xbb,0xff,0xc3,0xfe,0xbb,0xff,0xc3,0xfe,0xbb,0xff,0xc3,0xfe,0xc3,0xff,0xc3,0xfe,0xbb,0xff,0xc3,0xfe,0xc3,0xff,0xc3,0xfe,0xbb,0xff,0xc3,
0xfe,0xc3,0xff,0xc3,0xfe,0xbb,0xff,0xc3,0xfe,0xc3,0xff,0xc3,0xfe,0xc3,0xff,0xc3,0xfe,0xc3,0xff,0xc3,0xfe,0xc3,0xff,0xc3,0xfe,0xc3,0xff,0xc3,0xfe,0xc3,0xff,0xc3,
0xfe,0xc3,0xff,0xc3,0xfe,0xc3,0xff,0xc3,0xfe,0xc3,0xff,0xc3,0xfe,0xc3,0xff,0xc3,0x7f,0x55,0x5e,0x4d,0x7f,0x55,0x5e,0x4d,0x7f,0x55,0x5e,0x4d,0x7f,0x55,0x5e,0x4d,
0x7f,0x55,0x5e,0x4d,0x7f,0x55,0x5e,0x4d,0x7f,0x55,0x5e,0x4d,0x7f,0x55,0x5e,0x4d,0x7f,0x55,0x5e,0x4d,0x7f,0x55,0x5e,0x4d,0x7f,0x55,0x5e,0x4d,0x7f,0x55,0x5e,0x4d,
0x7f,0x55,0x5e,0x4d,0x7f,0x55,0x5e,0x4d,0x7f,0x55,0x5e,0x4d,0x7f,0x55,0x5e,0x4d,0x7f,0x55,0x5e,0x4d,0x7f,0x55,0x5e,0x4d,0x7f,0x55,0x5e,0x55,0x7f,0x55,0x5e,0x4d,
0x7f,0x55,0x5e,0x55,0x7f,0x55,0x5e,0x4d,0x7f,0x55,0x5e,0x55,0x7f,0x55,0x5e,0x4d,0x7f,0x55,0x5e,0x55,0x7f,0x55,0x5e,0x55,0x7f,0x55,0x5e,0x55,0x5f,0x55,0x5e,0x55,
0x5f,0x55,0x3e,0x55,0x3f,0x5d,0xde,0x64,0x3f,0xa4,0x1e,0xb4,0x1f,0xbc,0xfe,0xbb,0x1f,0xc4,0xfe,0xc3,0x1f,0xc4,0xfe,0xc3,0x1f,0xc4,0xfe,0xc3,0x1f,0xc4,0xfe,0xc3,
0x1f,0xc4,0xfe,0xc3,0x1f,0xc4,0xfe,0xc3,0x1f,0xc4,0xfe,0xc3,0x1f,0xc4,0xfe,0xc3,0x1f,0xc4,0xfe,0xc3,0x1f,0xc4,0xfe,0xc3,0x1f,0xc4,0xfe,0xc3,0x1f,0xc4,0xfe,0xc3,
0x1f,0xc4,0xfe,0xc3,0x1f,0xc4,0xfe,0xc3,0x1f,0xc4,0xfe,0xc3,0x1f,0xc4,0xfe,0xc3,0x1f,0xcc,0xfe,0xc3,0x1f,0xc4,0xfe,0xc3,0x1f,0xcc,0xfe,0xc3,0x1f,0xc4,0xfe,0xc3,
0x1f,0xcc,0xfe,0xc3,0x1f,0xc4,0xfe,0xc3,0x1f,0xcc,0xfe,0xc3,0x1f,0xc4,0xfe,0xc3,0x1f,0xcc,0xfe,0xc3,0x1f,0xc4,0xfe,0xc3,0x1f,0xcc,0xfe,0xc3,0x1f,0xc4,0xfe,0xc3,
0x5e,0x4d,0x7f,0x55,0x5e,0x4d,0x7f,0x55,0x5e,0x4d,0x7f,0x55,0x5e,0x4d,0x7f,0x55,0x5e,0x4d,0x7f,0x55,0x5e,0x4d,0x7f,0x55,0x5e,0x4d,0x7f,0x55,0x5e,0x4d,0x7f,0x55,
0x5e,0x4d,0x7f,0x4d,0x5e,0x4d,0x7f,0x55,0x5e,0x4d,0x7f,0x4d,0x5e,0x4d,0x7f,0x55,0x5e,0x4d,0x7f,0x4d,0x5e,0x4d,0x7f,0x55,0x5e,0x4d,0x7f,0x4d,0x5e,0x4d,0x7f,0x55,
0x5e,0x4d,0x7f,0x4d,0x5e,0x4d,0x7f,0x55,0x5e,0x4d,0x7f,0x4d,0x5e,0x4d,0x7f,0x55,0x5e,0x4d,0x7f,0x4d,0x5e,0x4d,0x7f,0x55,0x5e,0x4d,0x7f,0x4d,0x5e,0x4d,0x7f,0x55,
0x5e,0x4d,0x7f,0x4d,0x5e,0x4d,0x7f,0x4d,0x7e,0x4d,0x7f,0x4d,0x7e,0x4d,0x7f,0x4d,0x7e,0x45,0x9f,0x4d,0x9e,0x45,0xff,0x3d,0xbe,0xe3,0xff,0xd3,0xde,0xcb,0xff,0xcb,
0xfe,0xc3,0xff,0xcb,0xfe,0xc3,0xff,0xcb,0xfe,0xc3,0xff,0xc3,0xfe,0xc3,0xff,0xcb,0xfe,0xc3,0xff,0xc3,0xfe,0xc3,0xff,0xcb,0xfe,0xc3,0xff,0xc3,0xfe,0xc3,0xff,0xc3,
0xfe,0xc3,0xff,0xc3,0xfe,0xc3,0xff,0xc3,0xfe,0xc3,0xff,0xc3,0xfe,0xc3,0xff,0xc3,0xfe,0xc3,0xff,0xc3,0xfe,0xc3,0xff,0xc3,0xfe,0xc3,0xff,0xc3,0xfe,0xc3,0xff,0xc3,
0xfe,0xc3,0xff,0xc3,0xfe,0xc3,0xff,0xc3,0xfe,0xc3,0xff,0xc3,0xfe,0xc3,0xff,0xc3,0xfe,0xc3,0xff,0xc3,0xfe,0xc3,0xff,0xc3,0xfe,0xc3,0xff,0xc3,0xfe,0xc3,0xff,0xc3,
0xfe,0xc3,0xff,0xc3,0xfe,0xc3,0xff,0xc3,0xfe,0xc3,0xff,0xc3,0xfe,0xc3,0xff,0xc3,0x7f,0x55,0x7e,0x4d,0x7f,0x55,0x7e,0x4d,0x7f,0x55,0x7e,0x4d,0x7f,0x55,0x7e,0x4d,
0x7f,0x55,0x7e,0x4d,0x7f,0x55,0x7e,0x4d,0x7f,0x55,0x7e,0x4d,0x7f,0x55,0x7e,0x4d,0x7f,0x55,0x7e,0x4d,0x7f,0x55,0x7e,0x4d,0x7f,0x55,0x7e,0x4d,0x7f,0x55,0x7e,0x4d,
0x7f,0x55,0x7e,0x4d,0x7f,0x55,0x7e,0x4d,0x7f,0x55,0x7e,0x4d,0x7f,0x55,0x7e,0x4d,0x7f,0x55,0x7e,0x4d,0x7f,0x55,0x7e,0x4d,0x7f,0x55,0x7e,0x4d,0x7f,0x55,0x7e,0x4d,
0x7f,0x4d,0x7e,0x4d,0x7f,0x55,0x7e,0x4d,0x7f,0x4d,0x7e,0x4d,0x7f,0x4d,0x7e,0x4d,0x9f,0x4d,0x7e,0x4d,0x9f,0x4d,0x7e,0x4d,0x9f,0x4d,0x9e,0x45,0x9f,0x4d,0x9e,0x45,
0xbf,0x45,0xbe,0x3d,0xff,0x3d,0xfe,0x35,0xdf,0xeb,0xde,0xe3,0xdf,0xe3,0xde,0xd3,0xff,0xd3,0xfe,0xcb,0xff,0xd3,0xfe,0xcb,0xff,0xcb,0xfe,0xcb,0xff,0xcb,0xfe,0xcb,
0xff,0xcb,0xfe,0xcb,0xff,0xcb,0xfe,0xcb,0xff,0xcb,0xfe,0xc3,0xff,0xcb,0xfe,0xcb,0xff,0xcb,0xfe,0xc3,0xff,0xcb,0xfe,0xc3,0xff,0xcb,0xfe,0xc3,0xff,0xcb,0xfe,0xc3,
0xff,0xcb,0xfe,0xc3,0xff,0xcb,0xfe,0xc3,0xff,0xcb,0xfe,0xc3,0xff,0xcb,0xfe,0xc3,0x1f,0xcc,0xfe,0xc3,0x1f,0xcc,0xfe,0xc3,0x1f,0xcc,0xfe,0xc3,0x1f,0xcc,0xfe,0xc3,
0x1f,0xcc,0xfe,0xc3,0x1f,0xcc,0xfe,0xc3,0x1f,0xcc,0xfe,0xc3,0x1f,0xcc,0xfe,0xc3,0x1f,0xcc,0xfe,0xc3,0x1f,0xcc,0xfe,0xc3,0x1f,0xcc,0xfe,0xc3,0x1f,0xcc,0xfe,0xc3,
0x5e,0x4d,0x7f,0x55,0x5e,0x4d,0x7f,0x4d,0x5e,0x4d,0x7f,0x4d,0x5e,0x4d,0x7f,0x4d,0x5e,0x4d,0x7f,0x4d,0x5e,0x4d,0x7f,0x4d,0x5e,0x4d,0x7f,0x4d,0x5e,0x4d,0x7f,0x4d,
0x5e,0x4d,0x7f,0x4d,0x5e,0x4d,0x7f,0x4d,0x5e,0x4d,0x7f,0x4d,0x7e,0x4d,0x7f,0x4d,0x7e,0x4d,0x7f,0x4d,0x7e,0x4d,0x7f,0x4d,0x7e,0x4d,0x7f,0x4d,0x7e,0x4d,0x7f,0x4d,
0x7e,0x4d,0x7f,0x4d,0x7e,0x4d,0x7f,0x4d,0x7e,0x4d,0x7f,0x4d,0x7e,0x4d,0x7f,0x4d,0x7e,0x4d,0x7f,0x4d,0x7e,0x45,0x7f,0x4d,0x7e,0x4d,0x9f,0x4d,0x7e,0x45,0x9f,0x4d,
0x7e,0x45,0x9f,0x4d,0x9e,0x45,0x9f,0x45,0x9e,0x45,0xbf,0x45,0x9e,0x3d,0xbf,0x45,0xbe,0x3d,0xff,0x3d,0xde,0x35,0xff,0x3d,0xbe,0xe3,0xdf,0xeb,0xbe,0xe3,0xdf,0xe3,
0xde,0xdb,0xdf,0xdb,0xde,0xd3,0xff,0xd3,0xde,0xcb,0xff,0xd3,0xde,0xcb,0xff,0xcb,0xde,0xcb,0xff,0xcb,0xde,0xcb,0xff,0xcb,0xfe,0xcb,0xff,0xcb,0xfe,0xc3,0xff,0xcb,
0xfe,0xc3,0xff,0xcb,0xfe,0xc3,0xff,0xcb,0xfe,0xc3,0xff,0xcb,0xfe,0xc3,0xff,0xcb,0xfe,0xc3,0xff,0xcb,0xfe,0xc3,0xff,0xcb,0xfe,0xc3,0xff,0xcb,0xfe,0xc3,0xff,0xcb,
0xfe,0xc3,0xff,0xcb,0xfe,0xc3,0xff,0xcb,0xfe,0xc3,0xff,0xcb,0xfe,0xc3,0xff,0xcb,0xfe,0xc3,0xff,0xcb,0xfe,0xc3,0xff,0xc3,0xfe,0xc3,0xff,0xcb,0xfe,0xc3,0xff,0xc3,
0xfe,0xc3,0xff,0xcb,0xfe,0xc3,0xff,0xc3,0xfe,0xc3,0xff,0xcb,0xfe,0xc3,0xff,0xc3,0x7f,0x55,0x7e,0x4d,0x7f,0x55,0x7e,0x4d,0x7f,0x55,0x7e,0x4d,0x7f,0x55,0x7e,0x4d,
0x7f,0x55,0x7e,0x4d,0x7f,0x55,0x7e,0x4d,0x7f,0x55,0x7e,0x4d,0x7f,0x4d,0x7e,0x4d,0x7f,0x55,0x7e,0x4d,0x7f,0x4d,0x7e,0x4d,0x7f,0x55,0x7e,0x4d,0x7f,0x4d,0x7e,0x4d,
0x7f,0x55,0x7e,0x4d,0x7f,0x4d,0x7e,0x4d,0x7f,0x4d,0x7e,0x4d,0x9f,0x4d,0x7e,0x4d,0x9f,0x4d,0x7e,0x4d,0x9f,0x4d,0x7e,0x4d,0x9f,0x4d,0x7e,0x4d,0x9f,0x4d,0x7e,0x4d,
0x9f,0x4d,0x7e,0x4d,0x9f,0x4d,0x9e,0x45,0x9f,0x4d,0x9e,0x45,0x9f,0x4d,0x9e,0x45,0x9f,0x4d,0x9e,0x45,0xbf,0x45,0x9e,0x45,0xbf,0x45,0xbe,0x45,0xdf,0x45,0xde,0x3d,
0xff,0x3d,0xfe,0x35,0xff,0x3d,0xfe,0x35,0xdf,0xeb,0xdf,0xe3,0xdf,0xeb,0xde,0xe3,0xdf,0xe3,0xde,0xdb,0xff,0xdb,0xde,0xd3,0xff,0xdb,0xde,0xd3,0xff,0xd3,0xde,0xd3,
0xff,0xd3,0xfe,0xcb,0xff,0xd3,0xfe,0xcb,0xff,0xd3,0xfe,0xcb,0xff,0xcb,0xfe,0xcb,0xff,0xd3,0xfe,0xcb,0xff,0xcb,0xfe,0xcb,0xff,0xcb,0xfe,0xcb,0xff,0xcb,0xfe,0xcb,
0xff,0xcb,0xfe,0xcb,0xff,0xcb,0xfe,0xcb,0xff,0xcb,0xfe,0xcb,0xff,0xcb,0xfe,0xc3,0xff,0xcb,0xfe,0xcb,0xff,0xcb,0xfe,0xc3,0xff,0xcb,0xfe,0xcb,0xff,0xcb,0xfe,0xc3,
0xff,0xcb,0xfe,0xcb,0xff,0xcb,0xfe,0xc3,0xff,0xcb,0xfe,0xc3,0xff,0xcb,0xfe,0xc3,0xff,0xcb,0xfe,0xc3,0xff,0xcb,0xfe,0xc3,0xff,0xcb,0xfe,0xc3,0xff,0xcb,0xfe,0xc3,
0x7e,0x4d,0x7f,0x4d,0x7e,0x4d,0x7f,0x4d,0x7e,0x4d,0x7f,0x4d,0x7e,0x4d,0x7f,0x4d,0x7e,0x4d,0x7f,0x4d,0x7e,0x4d,0x7f,0x4d,0x7e,0x4d,0x7f,0x4d,0x7e,0x4d,0x7f,0x4d,
0x7e,0x4d,0x7f,0x4d,0x7e,0x4d,0x7f,0x4d,0x7e,0x4d,0x7f,0x4d,0x7e,0x4d,0x7f,0x4d,0x7e,0x4d,0x7f,0x4d,0x7e,0x4d,0x7f,0x4d,0x7e,0x45,0x7f,0x4d,0x7e,0x4d,0x7f,0x4d,
0x7e,0x45,0x9f,0x4d,0x7e,0x45,0x9f,0x4d,0x7e,0x45,0x9f,0x4d,0x7e,0x45,0x9f,0x4d,0x7e,0x45,0x9f,0x4d,0x7e,0x45,0x9f,0x4d,0x9e,0x45,0x9f,0x45,0x9e,0x45,0x9f,0x45,
0x9e,0x45,0xbf,0x45,0x9e,0x3d,0xbf,0x45,0xbe,0x3d,0xdf,0x3d,0xde,0x3d,0xff,0x3d,0xde,0x35,0xff,0x3d,0xde,0x35,0xff,0x3d,0xbe,0xe3,0xdf,0xeb,0xbe,0xe3,0xdf,0xeb,
0xbe,0xe3,0xdf,0xe3,0xde,0xdb,0xdf,0xdb,0xde,0xd3,0xdf,0xdb,0xde,0xd3,0xff,0xd3,0xde,0xd3,0xff,0xd3,0xde,0xcb,0xff,0xd3,0xde,0xcb,0xff,0xd3,0xde,0xcb,0xff,0xd3,
0xde,0xcb,0xff,0xcb,0xde,0xcb,0xff,0xcb,0xde,0xcb,0xff,0xcb,0xde,0xcb,0xff,0xcb,0xfe,0xcb,0xff,0xcb,0xfe,0xcb,0xff,0xcb,0xfe,0xc3,0xff,0xcb,0xfe,0xcb,0xff,0xcb,
0xfe,0xc3,0xff,0xcb,0xfe,0xc3,0xff,0xcb,0xfe,0xc3,0xff,0xcb,0xfe,0xc3,0xff,0xcb,0xfe,0xc3,0xff,0xcb,0xfe,0xc3,0xff,0xcb,0xfe,0xc3,0xff,0xcb,0xfe,0xc3,0xff,0xcb,
0xfe,0xc3,0xff,0xcb,0xfe,0xc3,0xff,0xcb,0xfe,0xc3,0xff,0xcb,0xfe,0xc3,0xff,0xcb,0x7f,0x4d,0x7e,0x4d,0x7f,0x55,0x7e,0x4d,0x7f,0x4d,0x7e,0x4d,0x7f,0x55,0x7e,0x4d,
0x7f,0x4d,0x7e,0x4d,0x7f,0x4d,0x7e,0x4d,0x9f,0x4d,0x7e,0x4d,0x9f,0x4d,0x7e,0x4d,0x9f,0x4d,0x7e,0x4d,0x9f,0x4d,0x7e,0x4d,0x9f,0x4d,0x7e,0x4d,0x9f,0x4d,0x7e,0x4d,
0x9f,0x4d,0x7e,0x4d,0x9f,0x4d,0x7e,0x4d,0x9f,0x4d,0x7e,0x4d,0x9f,0x4d,0x7e,0x4d,0x9f,0x4d,0x7e,0x45,0x9f,0x4d,0x9e,0x4d,0x9f,0x4d,0x9e,0x45,0x9f,0x4d,0x9e,0x45,
0x9f,0x4d,0x9e,0x45,0x9f,0x4d,0x9e,0x45,0xbf,0x45,0x9e,0x45,0xbf,0x45,0xbe,0x45,0xbf,0x45,0xbe,0x3d,0xdf,0x45,0xbe,0x3d,0xdf,0x3d,0xde,0x3d,0xff,0x3d,0xfe,0x35,
0xff,0x3d,0xfe,0x35,0xff,0x3d,0xfe,0x35,0xdf,0xeb,0xde,0xe3,0xdf,0xeb,0xdf,0xe3,0xdf,0xeb,0xde,0xe3,0xdf,0xe3,0xde,0xe3,0xdf,0xe3,0xde,0xdb,0xff,0xdb,0xde,0xdb,
0xff,0xdb,0xde,0xd3,0xff,0xdb,0xde,0xd3,0xff,0xd3,0xde,0xd3,0xff,0xd3,0xfe,0xd3,0xff,0xd3,0xfe,0xcb,0xff,0xd3,0xfe,0xcb,0xff,0xd3,0xfe,0xcb,0xff,0xd3,0xfe,0xcb,
0xff,0xd3,0xfe,0xcb,0xff,0xd3,0xfe,0xcb,0xff,0xcb,0xfe,0xcb,0xff,0xcb,0xfe,0xcb,0xff,0xcb,0xfe,0xcb,0xff,0xcb,0xfe,0xcb,0xff,0xcb,0xfe,0xcb,0xff,0xcb,0xfe,0xcb,
0xff,0xcb,0xfe,0xcb,0xff,0xcb,0xfe,0xcb,0xff,0xcb,0xfe,0xcb,0xff,0xcb,0xfe,0xcb,0xff,0xcb,0xfe,0xcb,0xff,0xcb,0xfe,0xcb,0xff,0xcb,0xfe,0xc3,0xff,0xcb,0xfe,0xcb,
0x7e,0x4d,0x7f,0x4d,0x7e,0x4d,0x7f,0x4d,0x7e,0x4d,0x7f,0x4d,0x7e,0x4d,0x7f,0x4d,0x7e,0x4d,0x7f,0x4d,0x7e,0x4d,0x7f,0x4d,0x7e,0x4d,0x7f,0x4d,0x7e,0x45,0x7f,0x4d,
0x7e,0x4d,0x7f,0x4d,0x7e,0x45,0x7f,0x4d,0x7e,0x4d,0x9f,0x4d,0x7e,0x45,0x9f,0x4d,0x7e,0x45,0x9f,0x4d,0x7e,0x45,0x9f,0x4d,0x7e,0x45,0x9f,0x4d,0x7e,0x45,0x9f,0x4d,
0x7e,0x45,0x9f,0x4d,0x7e,0x45,0x9f,0x4d,0x9e,0x45,0x9f,0x4d,0x9e,0x45,0x9f,0x45,0x9e,0x45,0x9f,0x45,0x9e,0x45,0xbf,0x45,0x9e,0x45,0xbf,0x45,0x9e,0x3d,0xbf,0x45,
0xbe,0x3d,0xdf,0x45,0xbe,0x3d,0xdf,0x3d,0xde,0x35,0xff,0x3d,0xde,0x35,0xff,0x3d,0xde,0x35,0xff,0x3d,0xde,0x35,0xff,0x3d,0xbe,0xe3,0xdf,0xeb,0xbe,0xe3,0xdf,0xeb,
0xbe,0xe3,0xdf,0xeb,0xbe,0xe3,0xdf,0xe3,0xde,0xdb,0xdf,0xe3,0xde,0xdb,0xdf,0xdb,0xde,0xd3,0xdf,0xdb,0xde,0xd3,0xff,0xd3,0xde,0xd3,0xff,0xd3,0xde,0xd3,0xff,0xd3,
0xde,0xd3,0xff,0xd3,0xde,0xcb,0xff,0xd3,0xde,0xcb,0xff,0xd3,0xde,0xcb,0xff,0xcb,0xde,0xcb,0xff,0xd3,0xde,0xcb,0xff,0xcb,0xde,0xcb,0xff,0xcb,0xde,0xcb,0xff,0xcb,
0xde,0xcb,0xff,0xcb,0xde,0xcb,0xff,0xcb,0xfe,0xcb,0xff,0xcb,0xfe,0xcb,0xff,0xcb,0xfe,0xcb,0xff,0xcb,0xfe,0xc3,0xff,0xcb,0xfe,0xcb,0xff,0xcb,0xfe,0xc3,0xff,0xcb,
0xfe,0xcb,0xff,0xcb,0xfe,0xc3,0xff,0xcb,0xfe,0xc3,0xff,0xcb,0xfe,0xc3,0xff,0xcb,0x9f,0x4d,0x7e,0x4d,0x9f,0x4d,0x7e,0x4d,0x9f,0x4d,0x7e,0x4d,0x9f,0x4d,0x7e,0x4d,
0x9f,0x4d,0x7e,0x4d,0x9f,0x4d,0x7e,0x4d,0x9f,0x4d,0x7e,0x4d,0x9f,0x4d,0x7e,0x4d,0x9f,0x4d,0x7e,0x4d,0x9f,0x4d,0x7e,0x4d,0x9f,0x4d,0x7e,0x4d,0x9f,0x4d,0x7e,0x4d,
0x9f,0x4d,0x9e,0x4d,0x9f,0x4d,0x9e,0x45,0x9f,0x4d,0x9e,0x45,0x9f,0x4d,0x9e,0x45,0x9f,0x4d,0x9e,0x45,0x9f,0x4d,0x9e,0x45,0xbf,0x4d,0x9e,0x45,0xbf,0x45,0x9e,0x45,
0xbf,0x45,0x9e,0x45,0xbf,0x45,0xbe,0x45,0xbf,0x45,0xbe,0x45,0xdf,0x45,0xbe,0x3d,0xdf,0x45,0xde,0x3d,0xdf,0x3d,0xde,0x35,0xff,0x3d,0xfe,0x35,0xff,0x3d,0xfe,0x35,
0xff,0x3d,0xfe,0x35,0xff,0x3d,0xfe,0x35,0xdf,0xeb,0xdf,0xe3,0xdf,0xeb,0xde,0xe3,0xdf,0xeb,0xdf,0xe3,0xdf,0xeb,0xde,0xe3,0xdf,0xeb,0xde,0xe3,0xdf,0xe3,0xde,0xdb,
0xdf,0xe3,0xde,0xdb,0xff,0xdb,0xde,0xd3,0xff,0xdb,0xde,0xd3,0xff,0xdb,0xde,0xd3,0xff,0xd3,0xde,0xd3,0xff,0xd3,0xde,0xd3,0xff,0xd3,0xfe,0xd3,0xff,0xd3,0xfe,0xcb,
0xff,0xd3,0xfe,0xcb,0xff,0xd3,0xfe,0xcb,0xff,0xd3,0xfe,0xcb,0xff,0xd3,0xfe,0xcb,0xff,0xd3,0xfe,0xcb,0xff,0xd3,0xfe,0xcb,0xff,0xd3,0xfe,0xcb,0xff,0xcb,0xfe,0xcb,
0xff,0xcb,0xfe,0xcb,0xff,0xcb,0xfe,0xcb,0xff,0xcb,0xfe,0xcb,0xff,0xcb,0xfe,0xcb,0xff,0xcb,0xfe,0xcb,0xff,0xcb,0xfe,0xcb,0xff,0xcb,0xfe,0xcb,0xff,0xcb,0xfe,0xcb,
0x7e,0x45,0x7f,0x4d,0x7e,0x4d,0x7f,0x4d,0x7e,0x45,0x7f,0x4d,0x7e,0x4d,0x9f,0x4d,0x7e,0x45,0x9f,0x4d,0x7e,0x4d,0x9f,0x4d,0x7e,0x45,0x9f,0x4d,0x7e,0x45,0x9f,0x4d,
0x7e,0x45,0x9f,0x4d,0x7e,0x45,0x9f,0x4d,0x7e,0x45,0x9f,0x4d,0x7e,0x45,0x9f,0x4d,0x7e,0x45,0x9f,0x4d,0x7e,0x45,0x9f,0x4d,0x9e,0x45,0x9f,0x45,0x9e,0x45,0x9f,0x4d,
0x9e,0x45,0x9f,0x45,0x9e,0x45,0x9f,0x45,0x9e,0x45,0xbf,0x45,0x9e,0x45,0xbf,0x45,0x9e,0x3d,0xbf,0x45,0xbe,0x3d,0xbf,0x45,0xbe,0x3d,0xbf,0x3d,0xbe,0x3d,0xdf,0x3d,
0xbe,0x3d,0xdf,0x3d,0xde,0x35,0xff,0x3d,0xde,0x35,0xff,0x3d,0xde,0x35,0xff,0x3d,0xde,0x35,0xff,0x3d,0xde,0x35,0xff,0x3d,0xbe,0xe3,0xdf,0xeb,0xbe,0xe3,0xdf,0xeb,
0xbe,0xe3,0xdf,0xeb,0xbe,0xe3,0xdf,0xeb,0xbe,0xe3,0xdf,0xe3,0xbe,0xe3,0xdf,0xe3,0xde,0xdb,0xdf,0xdb,0xde,0xdb,0xdf,0xdb,0xde,0xd3,0xdf,0xdb,0xde,0xd3,0xff,0xdb,
0xde,0xd3,0xff,0xd3,0xde,0xd3,0xff,0xd3,0xde,0xd3,0xff,0xd3,0xde,0xd3,0xff,0xd3,0xde,0xcb,0xff,0xd3,0xde,0xcb,0xff,0xd3,0xde,0xcb,0xff,0xd3,0xde,0xcb,0xff,0xd3,
0xde,0xcb,0xff,0xcb,0xde,0xcb,0xff,0xcb,0xde,0xcb,0xff,0xcb,0xde,0xcb,0xff,0xcb,0xde,0xcb,0xff,0xcb,0xde,0xcb,0xff,0xcb,0xde,0xcb,0xff,0xcb,0xde,0xcb,0xff,0xcb,
0xfe,0xcb,0xff,0xcb,0xfe,0xcb,0xff,0xcb,0xfe,0xcb,0xff,0xcb,0xfe,0xcb,0xff,0xcb,0x9f,0x4d,0x7e,0x4d,0x9f,0x4d,0x7e,0x4d,0x9f,0x4d,0x7e,0x4d,0x9f,0x4d,0x7e,0x4d,
0x9f,0x4d,0x7e,0x4d,0x9f,0x4d,0x7e,0x4d,0x9f,0x4d,0x7e,0x4d,0x9f,0x4d,0x9e,0x4d,0x9f,0x4d,0x9e,0x45,0x9f,0x4d,0x9e,0x4d,0x9f,0x4d,0x9e,0x45,0x9f,0x4d,0x9e,0x45,
0x9f,0x4d,0x9e,0x45,0x9f,0x4d,0x9e,0x45,0x9f,0x4d,0x9e,0x45,0xbf,0x4d,0x9e,0x45,0xbf,0x4d,0x9e,0x45,0xbf,0x4d,0x9e,0x45,0xbf,0x45,0x9e,0x45,0xbf,0x45,0xbe,0x45,
0xbf,0x45,0xbe,0x3d,0xdf,0x45,0xbe,0x3d,0xdf,0x45,0xbe,0x3d,0xdf,0x45,0xde,0x3d,0xff,0x3d,0xde,0x35,0xff,0x3d,0xfe,0x35,0xff,0x3d,0xfe,0x35,0xff,0x3d,0xfe,0x35,
0xff,0x3d,0xfe,0x35,0xff,0x3d,0xfe,0x35,0xdf,0xeb,0xde,0xe3,0xdf,0xeb,0xdf,0xe3,0xdf,0xeb,0xde,0xe3,0xdf,0xeb,0xdf,0xe3,0xdf,0xeb,0xde,0xe3,0xdf,0xeb,0xde,0xe3,
0xdf,0xe3,0xde,0xdb,0xdf,0xe3,0xde,0xdb,0xff,0xdb,0xde,0xdb,0xff,0xdb,0xde,0xdb,0xff,0xdb,0xde,0xd3,0xff,0xdb,0xde,0xd3,0xff,0xd3,0xde,0xd3,0xff,0xd3,0xde,0xd3,
0xff,0xd3,0xde,0xd3,0xff,0xd3,0xde,0xd3,0xff,0xd3,0xfe,0xcb,0xff,0xd3,0xfe,0xd3,0xff,0xd3,0xfe,0xcb,0xff,0xd3,0xfe,0xcb,0xff,0xd3,0xfe,0xcb,0xff,0xd3,0xfe,0xcb,
0xff,0xd3,0xfe,0xcb,0xff,0xd3,0xfe,0xcb,0xff,0xd3,0xfe,0xcb,0xff,0xd3,0xfe,0xcb,0xff,0xcb,0xfe,0xcb,0xff,0xd3,0xfe,0xcb,0xff,0xcb,0xfe,0xcb,0xff,0xcb,0xfe,0xcb,
0x7e,0x45,0x9f,0x4d,0x7e,0x45,0x9f,0x4d,0x7e,0x45,0x9f,0x4d,0x7e,0x45,0x9f,0x4d,0x7e,0x45,0x9f,0x4d,0x7e,0x45,0x9f,0x4d,0x7e,0x45,0x9f,0x4d,0x7e,0x45,0x9f,0x4d,
0x7e,0x45,0x9f,0x4d,0x7e,0x45,0x9f,0x4d,0x9e,0x45,0x9f,0x4d,0x9e,0x45,0x9f,0x45,0x9e,0x45,0x9f,0x4d,0x9e,0x45,0x9f,0x45,0x9e,0x45,0x9f,0x45,0x9e,0x45,0xbf,0x45,
0x9e,0x45,0xbf,0x45,0x9e,0x45,0xbf,0x45,0x9e,0x45,0xbf,0x45,0xbe,0x3d,0xbf,0x45,0xbe,0x3d,0xbf,0x45,0xbe,0x3d,0xdf,0x3d,0xbe,0x3d,0xdf,0x3d,0xde,0x35,0xdf,0x3d,
0xde,0x35,0xff,0x3d,0xde,0x35,0xff,0x3d,0xde,0x35,0xff,0x3d,0xde,0x35,0xff,0x3d,0xde,0x35,0xff,0x3d,0xde,0x35,0xff,0x3d,0xbe,0xe3,0xdf,0xeb,0xbe,0xe3,0xdf,0xeb,
0xbe,0xe3,0xdf,0xeb,0xbe,0xe3,0xdf,0xeb,0xbe,0xe3,0xdf,0xeb,0xbe,0xe3,0xdf,0xe3,0xbe,0xe3,0xdf,0xe3,0xde,0xdb,0xdf,0xdb,0xde,0xdb,0xdf,0xdb,0xde,0xdb,0xdf,0xdb,
0xde,0xd3,0xdf,0xdb,0xde,0xd3,0xdf,0xdb,0xde,0xd3,0xff,0xd3,0xde,0xd3,0xff,0xd3,0xde,0xd3,0xff,0xd3,0xde,0xd3,0xff,0xd3,0xde,0xd3,0xff,0xd3,0xde,0xcb,0xff,0xd3,
0xde,0xcb,0xff,0xd3,0xde,0xcb,0xff,0xd3,0xde,0xcb,0xff,0xd3,0xde,0xcb,0xff,0xd3,0xde,0xcb,0xff,0xd3,0xde,0xcb,0xff,0xcb,0xde,0xcb,0xff,0xcb,0xde,0xcb,0xff,0xcb,
0xde,0xcb,0xff,0xcb,0xde,0xcb,0xff,0xcb,0xde,0xcb,0xff,0xcb,0xde,0xcb,0xff,0xcb,0x9f,0x4d,0x7e,0x4d,0x9f,0x4d,0x7e,0x4d,0x9f,0x4d,0x7e,0x4d,0x9f,0x4d,0x9e,0x45,
0x9f,0x4d,0x9e,0x4d,0x9f,0x4d,0x9e,0x45,0x9f,0x4d,0x9e,0x45,0x9f,0x4d,0x9e,0x45,0x9f,0x4d,0x9e,0x45,0x9f,0x4d,0x9e,0x45,0x9f,0x4d,0x9e,0x45,0x9f,0x4d,0x9e,0x45,
0xbf,0x4d,0x9e,0x45,0xbf,0x4d,0x9e,0x45,0xbf,0x4d,0x9e,0x45,0xbf,0x45,0x9e,0x45,0xbf,0x45,0xbe,0x45,0xbf,0x45,0xbe,0x45,0xbf,0x45,0xbe,0x45,0xbf,0x45,0xbe,0x3d,
0xdf,0x45,0xbe,0x3d,0xdf,0x45,0xde,0x3d,0xdf,0x3d,0xde,0x3d,0xff,0x3d,0xde,0x35,0xff,0x3d,0xfe,0x35,0xff,0x3d,0xfe,0x35,0xff,0x3d,0xfe,0x35,0xff,0x3d,0xfe,0x35,
0xff,0x3d,0xfe,0x35,0xff,0x3d,0xfe,0x35,0xdf,0xeb,0xdf,0xe3,0xdf,0xeb,0xde,0xe3,0xdf,0xeb,0xdf,0xe3,0xdf,0xeb,0xde,0xe3,0xdf,0xeb,0xdf,0xe3,0xdf,0xeb,0xde,0xe3,
0xdf,0xeb,0xde,0xe3,0xdf,0xe3,0xde,0xdb,0xdf,0xe3,0xde,0xdb,0xdf,0xdb,0xde,0xdb,0xff,0xdb,0xde,0xdb,0xff,0xdb,0xde,0xd3,0xff,0xdb,0xde,0xd3,0xff,0xdb,0xde,0xd3,
0xff,0xdb,0xde,0xd3,0xff,0xd3,0xde,0xd3,0xff,0xd3,0xde,0xd3,0xff,0xd3,0xde,0xd3,0xff,0xd3,0xde,0xd3,0xff,0xd3,0xfe,0xd3,0xff,0xd3,0xfe,0xd3,0xff,0xd3,0xfe,0xcb,
0xff,0xd3,0xfe,0xcb,0xff,0xd3,0xfe,0xcb,0xff,0xd3,0xfe,0xcb,0xff,0xd3,0xfe,0xcb,0xff,0xd3,0xfe,0xcb,0xff,0xd3,0xfe,0xcb,0xff,0xd3,0xfe,0xcb,0xff,0xd3,0xfe,0xcb,
0x7e,0x45,0x9f,0x4d,0x7e,0x45,0x9f,0x4d,0x7e,0x45,0x9f,0x4d,0x7e,0x45,0x9f,0x4d,0x7e,0x45,0x9f,0x4d,0x7e,0x45,0x9f,0x4d,0x9e,0x45,0x9f,0x4d,0x9e,0x45,0x9f,0x4d,
0x9e,0x45,0x9f,0x45,0x9e,0x45,0x9f,0x4d,0x9e,0x45,0x9f,0x45,0x9e,0x45,0x9f,0x45,0x9e,0x45,0x9f,0x45,0x9e,0x45,0xbf,0x45,0x9e,0x45,0xbf,0x45,0x9e,0x45,0xbf,0x45,
0x9e,0x3d,0xbf,0x45,0xbe,0x3d,0xbf,0x45,0xbe,0x3d,0xbf,0x45,0xbe,0x3d,0xdf,0x45,0xbe,0x3d,0xdf,0x3d,0xbe,0x3d,0xdf,0x3d,0xde,0x35,0xdf,0x3d,0xde,0x35,0xff,0x3d,
0xde,0x35,0xff,0x3d,0xde,0x35,0xff,0x3d,0xde,0x35,0xff,0x3d,0xde,0x35,0xff,0x3d,0xde,0x35,0xff,0x3d,0xde,0x35,0xff,0x3d,0xbe,0xe3,0xdf,0xeb,0xbe,0xe3,0xdf,0xeb,
0xbe,0xe3,0xdf,0xeb,0xbe,0xe3,0xdf,0xeb,0xbe,0xe3,0xdf,0xeb,0xbe,0xe3,0xdf,0xeb,0xbe,0xe3,0xdf,0xe3,0xbe,0xe3,0xdf,0xe3,0xde,0xdb,0xdf,0xe3,0xde,0xdb,0xdf,0xdb,
0xde,0xdb,0xdf,0xdb,0xde,0xdb,0xdf,0xdb,0xde,0xd3,0xdf,0xdb,0xde,0xd3,0xdf,0xdb,0xde,0xd3,0xff,0xd3,0xde,0xd3,0xff,0xd3,0xde,0xd3,0xff,0xd3,0xde,0xd3,0xff,0xd3,
0xde,0xd3,0xff,0xd3,0xde,0xd3,0xff,0xd3,0xde,0xcb,0xff,0xd3,0xde,0xcb,0xff,0xd3,0xde,0xcb,0xff,0xd3,0xde,0xcb,0xff,0xd3,0xde,0xcb,0xff,0xd3,0xde,0xcb,0xff,0xd3,
0xde,0xcb,0xff,0xcb,0xde,0xcb,0xff,0xd3,0xde,0xcb,0xff,0xcb,0xde,0xcb,0xff,0xcb,0x9f,0x4d,0x9e,0x45,0x9f,0x4d,0x9e,0x4d,0x9f,0x4d,0x9e,0x45,0x9f,0x4d,0x9e,0x45,
0x9f,0x4d,0x9e,0x45,0x9f,0x4d,0x9e,0x45,0x9f,0x4d,0x9e,0x45,0x9f,0x4d,0x9e,0x45,0x9f,0x4d,0x9e,0x45,0xbf,0x4d,0x9e,0x45,0xbf,0x4d,0x9e,0x45,0xbf,0x4d,0x9e,0x45,
0xbf,0x45,0x9e,0x45,0xbf,0x45,0x9e,0x45,0xbf,0x45,0xbe,0x45,0xbf,0x45,0xbe,0x45,0xbf,0x45,0xbe,0x3d,0xbf,0x45,0xbe,0x3d,0xdf,0x45,0xbe,0x3d,0xdf,0x45,0xbe,0x3d,
0xdf,0x3d,0xde,0x3d,0xdf,0x3d,0xde,0x3d,0xff,0x3d,0xde,0x35,0xff,0x3d,0xfe,0x35,0xff,0x3d,0xfe,0x35,0xff,0x3d,0xfe,0x35,0xff,0x3d,0xfe,0x35,0xff,0x3d,0xfe,0x35,
0xff,0x3d,0xfe,0x35,0xff,0x3d,0xfe,0x35,0xdf,0xeb,0xde,0xe3,0xdf,0xeb,0xdf,0xe3,0xdf,0xeb,0xde,0xe3,0xdf,0xeb,0xdf,0xe3,0xdf,0xeb,0xde,0xe3,0xdf,0xeb,0xdf,0xe3,
0xdf,0xeb,0xde,0xe3,0xdf,0xeb,0xde,0xe3,0xdf,0xe3,0xde,0xe3,0xdf,0xe3,0xde,0xdb,0xdf,0xe3,0xde,0xdb,0xdf,0xe3,0xde,0xdb,0xff,0xdb,0xde,0xdb,0xff,0xdb,0xde,0xdb,
0xff,0xdb,0xde,0xd3,0xff,0xdb,0xde,0xd3,0xff,0xdb,0xde,0xd3,0xff,0xdb,0xde,0xd3,0xff,0xd3,0xde,0xd3,0xff,0xd3,0xde,0xd3,0xff,0xd3,0xde,0xd3,0xff,0xd3,0xde,0xd3,
0xff,0xd3,0xfe,0xd3,0xff,0xd3,0xfe,0xd3,0xff,0xd3,0xfe,0xcb,0xff,0xd3,0xfe,0xcb,0xff,0xd3,0xfe,0xcb,0xff,0xd3,0xfe,0xcb,0xff,0xd3,0xfe,0xcb,0xff,0xd3,0xfe,0xcb,
0x7e,0x45,0x9f,0x4d,0x7e,0x45,0x9f,0x4d,0x7e,0x45,0x9f,0x4d,0x9e,0x45,0x9f,0x45,0x9e,0x45,0x9f,0x4d,0x9e,0x45,0x9f,0x45,0x9e,0x45,0x9f,0x45,0x9e,0x45,0x9f,0x45,
0x9e,0x45,0x9f,0x45,0x9e,0x45,0x9f,0x45,0x9e,0x45,0xbf,0x45,0x9e,0x45,0xbf,0x45,0x9e,0x45,0xbf,0x45,0x9e,0x3d,0xbf,0x45,0x9e,0x3d,0xbf,0x45,0xbe,0x3d,0xbf,0x45,
0xbe,0x3d,0xbf,0x45,0xbe,0x3d,0xbf,0x3d,0xbe,0x3d,0xdf,0x3d,0xbe,0x3d,0xdf,0x3d,0xbe,0x3d,0xdf,0x3d,0xde,0x35,0xdf,0x3d,0xde,0x35,0xff,0x3d,0xde,0x35,0xff,0x3d,
0xde,0x35,0xff,0x3d,0xde,0x35,0xff,0x3d,0xde,0x35,0xff,0x3d,0xde,0x35,0xff,0x3d,0xde,0x35,0xff,0x3d,0xde,0x35,0xff,0x3d,0xbe,0xe3,0xdf,0xeb,0xbe,0xe3,0xdf,0xeb,
0xbe,0xe3,0xdf,0xeb,0xbe,0xe3,0xdf,0xeb,0xbe,0xe3,0xdf,0xeb,0xbe,0xe3,0xdf,0xeb,0xbe,0xe3,0xdf,0xeb,0xbe,0xe3,0xdf,0xe3,0xbe,0xe3,0xdf,0xe3,0xbe,0xdb,0xdf,0xe3,
0xde,0xdb,0xdf,0xe3,0xde,0xdb,0xdf,0xdb,0xde,0xdb,0xdf,0xdb,0xde,0xd3,0xdf,0xdb,0xde,0xd3,0xdf,0xdb,0xde,0xd3,0xdf,0xdb,0xde,0xd3,0xff,0xdb,0xde,0xd3,0xff,0xd3,
0xde,0xd3,0xff,0xd3,0xde,0xd3,0xff,0xd3,0xde,0xd3,0xff,0xd3,0xde,0xd3,0xff,0xd3,0xde,0xd3,0xff,0xd3,0xde,0xcb,0xff,0xd3,0xde,0xcb,0xff,0xd3,0xde,0xcb,0xff,0xd3,
0xde,0xcb,0xff,0xd3,0xde,0xcb,0xff,0xd3,0xde,0xcb,0xff,0xd3,0xde,0xcb,0xff,0xd3,0x9f,0x4d,0x9e,0x45,0x9f,0x4d,0x9e,0x45,0x9f,0x4d,0x9e,0x45,0x9f,0x4d,0x9e,0x45,
0x9f,0x4d,0x9e,0x45,0x9f,0x4d,0x9e,0x45,0xbf,0x4d,0x9e,0x45,0xbf,0x4d,0x9e,0x45,0xbf,0x4d,0x9e,0x45,0xbf,0x45,0x9e,0x45,0xbf,0x45,0x9e,0x45,0xbf,0x45,0xbe,0x45,
0xbf,0x45,0xbe,0x45,0xbf,0x45,0xbe,0x45,0xbf,0x45,0xbe,0x45,0xbf,0x45,0xbe,0x3d,0xdf,0x45,0xbe,0x3d,0xdf,0x45,0xbe,0x3d,0xdf,0x45,0xde,0x3d,0xdf,0x3d,0xde,0x3d,
0xdf,0x3d,0xde,0x3d,0xff,0x3d,0xde,0x35,0xff,0x3d,0xfe,0x35,0xff,0x3d,0xfe,0x35,0xff,0x3d,0xfe,0x35,0xff,0x3d,0xfe,0x35,0xff,0x3d,0xfe,0x35,0xff,0x3d,0xfe,0x35,
0xff,0x3d,0xfe,0x35,0xff,0x3d,0xfe,0x35,0xdf,0xeb,0xdf,0xe3,0xdf,0xeb,0xde,0xe3,0xdf,0xeb,0xdf,0xe3,0xdf,0xeb,0xde,0xe3,0xdf,0xeb,0xdf,0xe3,0xdf,0xeb,0xde,0xe3,
0xdf,0xeb,0xdf,0xe3,0xdf,0xeb,0xde,0xe3,0xdf,0xeb,0xde,0xe3,0xdf,0xe3,0xde,0xe3,0xdf,0xe3,0xde,0xdb,0xdf,0xe3,0xde,0xdb,0xdf,0xe3,0xde,0xdb,0xff,0xdb,0xde,0xdb,
0xff,0xdb,0xde,0xdb,0xff,0xdb,0xde,0xd3,0xff,0xdb,0xde,0xd3,0xff,0xdb,0xde,0xd3,0xff,0xdb,0xde,0xd3,0xff,0xdb,0xde,0xd3,0xff,0xdb,0xde,0xd3,0xff,0xd3,0xde,0xd3,
0xff,0xd3,0xde,0xd3,0xff,0xd3,0xde,0xd3,0xff,0xd3,0xde,0xd3,0xff,0xd3,0xde,0xd3,0xff,0xd3,0xfe,0xd3,0xff,0xd3,0xfe,0xcb,0xff,0xd3,0xfe,0xd3,0xff,0xd3,0xfe,0xcb,
0x9e,0x45,0x9f,0x45,0x9e,0x45,0x9f,0x4d,0x9e,0x45,0x9f,0x45,0x9e,0x45,0x9f,0x45,0x9e,0x45,0x9f,0x45,0x9e,0x45,0x9f,0x45,0x9e,0x45,0x9f,0x45,0x9e,0x45,0xbf,0x45,
0x9e,0x45,0xbf,0x45,0x9e,0x45,0xbf,0x45,0x9e,0x45,0xbf,0x45,0x9e,0x45,0xbf,0x45,0x9e,0x3d,0xbf,0x45,0xbe,0x3d,0xbf,0x45,0xbe,0x3d,0xbf,0x45,0xbe,0x3d,0xbf,0x45,
0xbe,0x3d,0xdf,0x3d,0xbe,0x3d,0xdf,0x3d,0xbe,0x3d,0xdf,0x3d,0xde,0x3d,0xdf,0x3d,0xde,0x35,0xdf,0x3d,0xde,0x35,0xff,0x3d,0xde,0x35,0xff,0x3d,0xde,0x35,0xff,0x3d,
0xde,0x35,0xff,0x3d,0xde,0x35,0xff,0x3d,0xde,0x35,0xff,0x3d,0xde,0x35,0xff,0x3d,0xde,0x35,0xff,0x3d,0xde,0x35,0xff,0x3d,0xbe,0xe3,0xdf,0xeb,0xbe,0xe3,0xdf,0xeb,
0xbe,0xe3,0xdf,0xeb,0xbe,0xe3,0xdf,0xeb,0xbe,0xe3,0xdf,0xeb,0xbe,0xe3,0xdf,0xeb,0xbe,0xe3,0xdf,0xeb,0xbe,0xe3,0xdf,0xeb,0xbe,0xe3,0xdf,0xe3,0xbe,0xe3,0xdf,0xe3,
0xbe,0xdb,0xdf,0xe3,0xde,0xdb,0xdf,0xe3,0xde,0xdb,0xdf,0xdb,0xde,0xdb,0xdf,0xdb,0xde,0xdb,0xdf,0xdb,0xde,0xdb,0xdf,0xdb,0xde,0xd3,0xdf,0xdb,0xde,0xd3,0xdf,0xdb,
0xde,0xd3,0xdf,0xd3,0xde,0xd3,0xff,0xd3,0xde,0xd3,0xff,0xd3,0xde,0xd3,0xff,0xd3,0xde,0xd3,0xff,0xd3,0xde,0xd3,0xff,0xd3,0xde,0xd3,0xff,0xd3,0xde,0xd3,0xff,0xd3,
0xde,0xcb,0xff,0xd3,0xde,0xcb,0xff,0xd3,0xde,0xcb,0xff,0xd3,0xde,0xcb,0xff,0xd3,0x9f,0x4d,0x9e,0x45,0x9f,0x4d,0x9e,0x45,0xbf,0x4d,0x9e,0x45,0xbf,0x4d,0x9e,0x45,
0xbf,0x4d,0x9e,0x45,0xbf,0x4d,0x9e,0x45,0xbf,0x45,0x9e,0x45,0xbf,0x45,0x9e,0x45,0xbf,0x45,0x9e,0x45,0xbf,0x45,0xbe,0x45,0xbf,0x45,0xbe,0x45,0xbf,0x45,0xbe,0x45,
0xbf,0x45,0xbe,0x3d,0xbf,0x45,0xbe,0x45,0xdf,0x45,0xbe,0x3d,0xdf,0x45,0xbe,0x3d,0xdf,0x45,0xbe,0x3d,0xdf,0x45,0xde,0x3d,0xdf,0x3d,0xde,0x3d,0xdf,0x3d,0xde,0x3d,
0xff,0x3d,0xde,0x35,0xff,0x3d,0xfe,0x35,0xff,0x3d,0xfe,0x35,0xff,0x3d,0xfe,0x35,0xff,0x3d,0xfe,0x35,0xff,0x3d,0xfe,0x35,0xff,0x3d,0xfe,0x35,0xff,0x3d,0xfe,0x35,
0xff,0x3d,0xfe,0x35,0xff,0x3d,0xfe,0x35,0xdf,0xeb,0xde,0xe3,0xdf,0xeb,0xdf,0xe3,0xdf,0xeb,0xde,0xe3,0xdf,0xeb,0xdf,0xe3,0xdf,0xeb,0xde,0xe3,0xdf,0xeb,0xdf,0xe3,
0xdf,0xeb,0xde,0xe3,0xdf,0xeb,0xdf,0xe3,0xdf,0xeb,0xde,0xe3,0xdf,0xeb,0xde,0xe3,0xdf,0xe3,0xde,0xe3,0xdf,0xe3,0xde,0xe3,0xdf,0xe3,0xde,0xdb,0xdf,0xe3,0xde,0xdb,
0xdf,0xdb,0xde,0xdb,0xff,0xdb,0xde,0xdb,0xff,0xdb,0xde,0xdb,0xff,0xdb,0xde,0xdb,0xff,0xdb,0xde,0xd3,0xff,0xdb,0xde,0xd3,0xff,0xdb,0xde,0xd3,0xff,0xdb,0xde,0xd3,
0xff,0xdb,0xde,0xd3,0xff,0xdb,0xde,0xd3,0xff,0xd3,0xde,0xd3,0xff,0xd3,0xde,0xd3,0xff,0xd3,0xde,0xd3,0xff,0xd3,0xde,0xd3,0xff,0xd3,0xde,0xd3,0xff,0xd3,0xfe,0xd3,
0x9e,0x45,0x9f,0x45,0x9e,0x45,0x9f,0x45,0x9e,0x45,0x9f,0x45,0x9e,0x45,0x9f,0x45,0x9e,0x45,0x9f,0x45,0x9e,0x45,0xbf,0x45,0x9e,0x45,0xbf,0x45,0x9e,0x45,0xbf,0x45,
0x9e,0x45,0xbf,0x45,0x9e,0x3d,0xbf,0x45,0x9e,0x3d,0xbf,0x45,0xbe,0x3d,0xbf,0x45,0xbe,0x3d,0xbf,0x45,0xbe,0x3d,0xbf,0x45,0xbe,0x3d,0xdf,0x45,0xbe,0x3d,0xdf,0x3d,
0xbe,0x3d,0xdf,0x3d,0xbe,0x3d,0xdf,0x3d,0xde,0x3d,0xdf,0x3d,0xde,0x35,0xdf,0x3d,0xde,0x35,0xff,0x3d,0xde,0x35,0xff,0x3d,0xde,0x35,0xff,0x3d,0xde,0x35,0xff,0x3d,
0xde,0x35,0xff,0x3d,0xde,0x35,0xff,0x3d,0xde,0x35,0xff,0x3d,0xde,0x35,0xff,0x3d,0xde,0x35,0xff,0x3d,0xde,0x35,0xff,0x3d,0xbe,0xe3,0xdf,0xeb,0xbe,0xe3,0xdf,0xeb,
0xbe,0xe3,0xdf,0xeb,0xbe,0xe3,0xdf,0xeb,0xbe,0xe3,0xdf,0xeb,0xbe,0xe3,0xdf,0xeb,0xbe,0xe3,0xdf,0xeb,0xbe,0xe3,0xdf,0xeb,0xbe,0xe3,0xdf,0xeb,0xbe,0xe3,0xdf,0xe3,
0xbe,0xe3,0xdf,0xe3,0xbe,0xdb,0xdf,0xe3,0xde,0xdb,0xdf,0xe3,0xde,0xdb,0xdf,0xdb,0xde,0xdb,0xdf,0xdb,0xde,0xdb,0xdf,0xdb,0xde,0xdb,0xdf,0xdb,0xde,0xd3,0xdf,0xdb,
0xde,0xd3,0xdf,0xdb,0xde,0xd3,0xdf,0xdb,0xde,0xd3,0xdf,0xdb,0xde,0xd3,0xff,0xd3,0xde,0xd3,0xff,0xd3,0xde,0xd3,0xff,0xd3,0xde,0xd3,0xff,0xd3,0xde,0xd3,0xff,0xd3,
0xde,0xd3,0xff,0xd3,0xde,0xcb,0xff,0xd3,0xde,0xd3,0xff,0xd3,0xde,0xcb,0xff,0xd3,0xbf,0x4d,0x9e,0x45,0xbf,0x4d,0x9e,0x45,0xbf,0x4d,0x9e,0x45,0xbf,0x45,0x9e,0x45,
0xbf,0x4d,0x9e,0x45,0xbf,0x45,0x9e,0x45,0xbf,0x45,0x9e,0x45,0xbf,0x45,0xbe,0x45,0xbf,0x45,0xbe,0x45,0xbf,0x45,0xbe,0x45,0xbf,0x45,0xbe,0x45,0xbf,0x45,0xbe,0x3d,
0xdf,0x45,0xbe,0x3d,0xdf,0x45,0xbe,0x3d,0xdf,0x45,0xbe,0x3d,0xdf,0x45,0xde,0x3d,0xdf,0x45,0xde,0x3d,0xdf,0x3d,0xde,0x3d,0xff,0x3d,0xde,0x3d,0xff,0x3d,0xde,0x35,
0xff,0x3d,0xfe,0x35,0xff,0x3d,0xfe,0x35,0xff,0x3d,0xfe,0x35,0xff,0x3d,0xfe,0x35,0xff,0x3d,0xfe,0x35,0xff,0x3d,0xfe,0x35,0xff,0x3d,0xfe,0x35,0xff,0x3d,0xfe,0x35,
0xff,0x3d,0xfe,0x35,0xff,0x3d,0xfe,0x35,0xdf,0xeb,0xdf,0xe3,0xdf,0xeb,0xde,0xe3,0xdf,0xeb,0xdf,0xe3,0xdf,0xeb,0xde,0xe3,0xdf,0xeb,0xdf,0xe3,0xdf,0xeb,0xde,0xe3,
0xdf,0xeb,0xdf,0xe3,0xdf,0xeb,0xde,0xe3,0xdf,0xeb,0xdf,0xe3,0xdf,0xeb,0xde,0xe3,0xdf,0xeb,0xde,0xe3,0xdf,0xe3,0xde,0xe3,0xdf,0xe3,0xde,0xe3,0xdf,0xe3,0xde,0xdb,
0xdf,0xe3,0xde,0xdb,0xdf,0xe3,0xde,0xdb,0xdf,0xe3,0xde,0xdb,0xff,0xdb,0xde,0xdb,0xff,0xdb,0xde,0xdb,0xff,0xdb,0xde,0xd3,0xff,0xdb,0xde,0xd3,0xff,0xdb,0xde,0xd3,
0xff,0xdb,0xde,0xd3,0xff,0xdb,0xde,0xd3,0xff,0xdb,0xde,0xd3,0xff,0xd3,0xde,0xd3,0xff,0xdb,0xde,0xd3,0xff,0xd3,0xde,0xd3,0xff,0xd3,0xde,0xd3,0xff,0xd3,0xde,0xd3,
0x9e,0x45,0x9f,0x45,0x9e,0x45,0x9f,0x45,0x9e,0x45,0xbf,0x45,0x9e,0x45,0xbf,0x45,0x9e,0x45,0xbf,0x45,0x9e,0x45,0xbf,0x45,0x9e,0x3d,0xbf,0x45,0x9e,0x45,0xbf,0x45,
0x9e,0x3d,0xbf,0x45,0xbe,0x3d,0xbf,0x45,0xbe,0x3d,0xbf,0x45,0xbe,0x3d,0xbf,0x45,0xbe,0x3d,0xbf,0x3d,0xbe,0x3d,0xdf,0x3d,0xbe,0x3d,0xdf,0x3d,0xbe,0x3d,0xdf,0x3d,
0xbe,0x3d,0xdf,0x3d,0xde,0x3d,0xdf,0x3d,0xde,0x35,0xff,0x3d,0xde,0x35,0xff,0x3d,0xde,0x35,0xff,0x3d,0xde,0x35,0xff,0x3d,0xde,0x35,0xff,0x3d,0xde,0x35,0xff,0x3d,
0xde,0x35,0xff,0x3d,0xde,0x35,0xff,0x3d,0xde,0x35,0xff,0x3d,0xde,0x35,0xff,0x3d,0xde,0x35,0xff,0x3d,0xde,0x35,0xff,0x3d,0xbe,0xe3,0xdf,0xeb,0xbe,0xe3,0xdf,0xeb,
0xbe,0xe3,0xdf,0xeb,0xbe,0xe3,0xdf,0xeb,0xbe,0xe3,0xdf,0xeb,0xbe,0xe3,0xdf,0xeb,0xbe,0xe3,0xdf,0xeb,0xbe,0xe3,0xdf,0xeb,0xbe,0xe3,0xdf,0xeb,0xbe,0xe3,0xdf,0xeb,
0xbe,0xe3,0xdf,0xe3,0xbe,0xe3,0xdf,0xe3,0xbe,0xe3,0xdf,0xe3,0xde,0xdb,0xdf,0xe3,0xde,0xdb,0xdf,0xe3,0xde,0xdb,0xdf,0xdb,0xde,0xdb,0xdf,0xdb,0xde,0xdb,0xdf,0xdb,
0xde,0xdb,0xdf,0xdb,0xde,0xdb,0xdf,0xdb,0xde,0xd3,0xdf,0xdb,0xde,0xd3,0xdf,0xdb,0xde,0xd3,0xdf,0xdb,0xde,0xd3,0xff,0xdb,0xde,0xd3,0xff,0xd3,0xde,0xd3,0xff,0xd3,
0xde,0xd3,0xff,0xd3,0xde,0xd3,0xff,0xd3,0xde,0xd3,0xff,0xd3,0xde,0xd3,0xff,0xd3,0xbf,0x45,0x9e,0x45,0xbf,0x4d,0x9e,0x45,0xbf,0x45,0x9e,0x45,0xbf,0x45,0x9e,0x45,
0xbf,0x45,0xbe,0x45,0xbf,0x45,0xbe,0x45,0xbf,0x45,0xbe,0x45,0xbf,0x45,0xbe,0x45,0xbf,0x45,0xbe,0x3d,0xbf,0x45,0xbe,0x45,0xdf,0x45,0xbe,0x3d,0xdf,0x45,0xbe,0x3d,
0xdf,0x45,0xbe,0x3d,0xdf,0x45,0xbe,0x3d,0xdf,0x3d,0xde,0x3d,0xdf,0x3d,0xde,0x3d,0xdf,0x3d,0xde,0x3d,0xff,0x3d,0xde,0x3d,0xff,0x3d,0xde,0x35,0xff,0x3d,0xfe,0x35,
0xff,0x3d,0xfe,0x35,0xff,0x3d,0xfe,0x35,0xff,0x3d,0xfe,0x35,0xff,0x3d,0xfe,0x35,0xff,0x3d,0xfe,0x35,0xff,0x3d,0xfe,0x35,0xff,0x3d,0xfe,0x35,0xff,0x3d,0xfe,0x35,
0xff,0x3d,0xfe,0x35,0xff,0x3d,0xfe,0x35,0xdf,0xeb,0xde,0xe3,0xdf,0xeb,0xdf,0xe3,0xdf,0xeb,0xde,0xe3,0xdf,0xeb,0xdf,0xe3,0xdf,0xeb,0xde,0xe3,0xdf,0xeb,0xdf,0xe3,
0xdf,0xeb,0xde,0xe3,0xdf,0xeb,0xdf,0xe3,0xdf,0xeb,0xde,0xe3,0xdf,0xeb,0xdf,0xe3,0xdf,0xeb,0xde,0xe3,0xdf,0xeb,0xde,0xe3,0xdf,0xe3,0xde,0xe3,0xdf,0xe3,0xde,0xe3,
0xdf,0xe3,0xde,0xdb,0xdf,0xe3,0xde,0xdb,0xdf,0xe3,0xde,0xdb,0xdf,0xe3,0xde,0xdb,0xff,0xdb,0xde,0xdb,0xff,0xdb,0xde,0xdb,0xff,0xdb,0xde,0xdb,0xff,0xdb,0xde,0xdb,
0xff,0xdb,0xde,0xd3,0xff,0xdb,0xde,0xd3,0xff,0xdb,0xde,0xd3,0xff,0xdb,0xde,0xd3,0xff,0xdb,0xde,0xd3,0xff,0xdb,0xde,0xd3,0xff,0xd3,0xde,0xd3,0xff,0xdb,0xde,0xd3,
0x9e,0x45,0xbf,0x45,0x9e,0x45,0xbf,0x45,0x9e,0x45,0xbf,0x45,0x9e,0x3d,0xbf,0x45,0x9e,0x45,0xbf,0x45,0x9e,0x3d,0xbf,0x45,0x9e,0x3d,0xbf,0x45,0xbe,0x3d,0xbf,0x45,
0xbe,0x3d,0xbf,0x45,0xbe,0x3d,0xbf,0x45,0xbe,0x3d,0xbf,0x45,0xbe,0x3d,0xdf,0x3d,0xbe,0x3d,0xdf,0x3d,0xbe,0x3d,0xdf,0x3d,0xbe,0x3d,0xdf,0x3d,0xde,0x3d,0xdf,0x3d,
0xde,0x3d,0xdf,0x3d,0xde,0x35,0xff,0x3d,0xde,0x35,0xff,0x3d,0xde,0x35,0xff,0x3d,0xde,0x35,0xff,0x3d,0xde,0x35,0xff,0x3d,0xde,0x35,0xff,0x3d,0xde,0x35,0xff,0x3d,
0xde,0x35,0xff,0x3d,0xde,0x35,0xff,0x3d,0xde,0x35,0xff,0x3d,0xde,0x35,0xff,0x3d,0xde,0x35,0xff,0x3d,0xde,0x35,0xff,0x3d,0xbe,0xe3,0xdf,0xeb,0xbe,0xe3,0xdf,0xeb,
0xbe,0xe3,0xdf,0xeb,0xbe,0xe3,0xdf,0xeb,0xbe,0xe3,0xdf,0xeb,0xbe,0xe3,0xdf,0xeb,0xbe,0xe3,0xdf,0xeb,0xbe,0xe3,0xdf,0xeb,0xbe,0xe3,0xdf,0xeb,0xbe,0xe3,0xdf,0xeb,
0xbe,0xe3,0xdf,0xeb,0xbe,0xe3,0xdf,0xe3,0xbe,0xe3,0xdf,0xe3,0xbe,0xe3,0xdf,0xe3,0xbe,0xdb,0xdf,0xe3,0xde,0xdb,0xdf,0xe3,0xde,0xdb,0xdf,0xe3,0xde,0xdb,0xdf,0xdb,
0xde,0xdb,0xdf,0xdb,0xde,0xdb,0xdf,0xdb,0xde,0xdb,0xdf,0xdb,0xde,0xd3,0xdf,0xdb,0xde,0xd3,0xdf,0xdb,0xde,0xd3,0xdf,0xdb,0xde,0xd3,0xdf,0xdb,0xde,0xd3,0xff,0xd3,
0xde,0xd3,0xff,0xdb,0xde,0xd3,0xff,0xd3,0xde,0xd3,0xff,0xd3,0xde,0xd3,0xff,0xd3,0xbf,0x45,0x9e,0x45,0xbf,0x45,0x9e,0x45,0xbf,0x45,0xbe,0x45,0xbf,0x45,0xbe,0x45,
0xbf,0x45,0xbe,0x45,0xbf,0x45,0xbe,0x45,0xbf,0x45,0xbe,0x45,0xbf,0x45,0xbe,0x3d,0xbf,0x45,0xbe,0x3d,0xdf,0x45,0xbe,0x3d,0xdf,0x45,0xbe,0x3d,0xdf,0x45,0xbe,0x3d,
0xdf,0x45,0xde,0x3d,0xdf,0x3d,0xde,0x3d,0xdf,0x3d,0xde,0x3d,0xdf,0x3d,0xde,0x3d,0xff,0x3d,0xde,0x3d,0xff,0x3d,0xde,0x35,0xff,0x3d,0xfe,0x35,0xff,0x3d,0xfe,0x35,
0xff,0x3d,0xfe,0x35,0xff,0x3d,0xfe,0x35,0xff,0x3d,0xfe,0x35,0xff,0x3d,0xfe,0x35,0xff,0x3d,0xfe,0x35,0xff,0x3d,0xfe,0x35,0xff,0x3d,0xfe,0x35,0xff,0x3d,0xfe,0x35,
0xff,0x3d,0xfe,0x35,0xff,0x3d,0xfe,0x35,0xdf,0xeb,0xdf,0xe3,0xdf,0xeb,0xde,0xe3,0xdf,0xeb,0xdf,0xe3,0xdf,0xeb,0xde,0xe3,0xdf,0xeb,0xdf,0xe3,0xdf,0xeb,0xde,0xe3,
0xdf,0xeb,0xdf,0xe3,0xdf,0xeb,0xde,0xe3,0xdf,0xeb,0xdf,0xe3,0xdf,0xeb,0xde,0xe3,0xdf,0xeb,0xdf,0xe3,0xdf,0xeb,0xde,0xe3,0xdf,0xeb,0xde,0xe3,0xdf,0xe3,0xde,0xe3,
0xdf,0xe3,0xde,0xe3,0xdf,0xe3,0xde,0xdb,0xdf,0xe3,0xde,0xdb,0xdf,0xe3,0xde,0xdb,0xdf,0xe3,0xde,0xdb,0xdf,0xdb,0xde,0xdb,0xff,0xdb,0xde,0xdb,0xff,0xdb,0xde,0xdb,
0xff,0xdb,0xde,0xdb,0xff,0xdb,0xde,0xd3,0xff,0xdb,0xde,0xdb,0xff,0xdb,0xde,0xd3,0xff,0xdb,0xde,0xd3,0xff,0xdb,0xde,0xd3,0xff,0xdb,0xde,0xd3,0xff,0xdb,0xde,0xd3,
0x9e,0x45,0xbf,0x45,0x9e,0x45,0xbf,0x45,0x9e,0x3d,0xbf,0x45,0x9e,0x45,0xbf,0x45,0x9e,0x3d,0xbf,0x45,0xbe,0x3d,0xbf,0x45,0xbe,0x3d,0xbf,0x45,0xbe,0x3d,0xbf,0x45,
0xbe,0x3d,0xbf,0x45,0xbe,0x3d,0xbf,0x45,0xbe,0x3d,0xdf,0x3d,0xbe,0x3d,0xdf,0x3d,0xbe,0x3d,0xdf,0x3d,0xbe,0x3d,0xdf,0x3d,0xde,0x35,0xdf,0x3d,0xde,0x35,0xdf,0x3d,
0xde,0x35,0xff,0x3d,0xde,0x35,0xff,0x3d,0xde,0x35,0xff,0x3d,0xde,0x35,0xff,0x3d,0xde,0x35,0xff,0x3d,0xde,0x35,0xff,0x3d,0xde,0x35,0xff,0x3d,0xde,0x35,0xff,0x3d,
0xde,0x35,0xff,0x3d,0xde,0x35,0xff,0x3d,0xde,0x35,0xff,0x3d,0xde,0x35,0xff,0x3d,0xde,0x35,0xff,0x3d,0xde,0x35,0xff,0x3d,0xbe,0xe3,0xdf,0xeb,0xbe,0xe3,0xdf,0xeb,
0xbe,0xe3,0xdf,0xeb,0xbe,0xe3,0xdf,0xeb,0xbe,0xe3,0xdf,0xeb,0xbe,0xe3,0xdf,0xeb,0xbe,0xe3,0xdf,0xeb,0xbe,0xe3,0xdf,0xeb,0xbe,0xe3,0xdf,0xeb,0xbe,0xe3,0xdf,0xeb,
0xbe,0xe3,0xdf,0xeb,0xbe,0xe3,0xdf,0xeb,0xbe,0xe3,0xdf,0xe3,0xbe,0xe3,0xdf,0xe3,0xbe,0xe3,0xdf,0xe3,0xbe,0xe3,0xdf,0xe3,0xde,0xdb,0xdf,0xe3,0xde,0xdb,0xdf,0xe3,
0xde,0xdb,0xdf,0xdb,0xde,0xdb,0xdf,0xdb,0xde,0xdb,0xdf,0xdb,0xde,0xdb,0xdf,0xdb,0xde,0xd3,0xdf,0xdb,0xde,0xd3,0xdf,0xdb,0xde,0xd3,0xdf,0xdb,0xde,0xd3,0xdf,0xdb,
0xde,0xd3,0xdf,0xdb,0xde,0xd3,0xdf,0xdb,0xde,0xd3,0xff,0xd3,0xde,0xd3,0xff,0xd3,0xbf,0x45,0xbe,0x45,0xbf,0x45,0xbe,0x45,0xbf,0x45,0xbe,0x45,0xbf,0x45,0xbe,0x45,
0xbf,0x45,0xbe,0x3d,0xbf,0x45,0xbe,0x45,0xbf,0x45,0xbe,0x3d,0xdf,0x45,0xbe,0x3d,0xdf,0x45,0xbe,0x3d,0xdf,0x45,0xbe,0x3d,0xdf,0x45,0xbe,0x3d,0xdf,0x45,0xde,0x3d,
0xdf,0x3d,0xde,0x3d,0xdf,0x3d,0xde,0x3d,0xdf,0x3d,0xde,0x3d,0xff,0x3d,0xde,0x3d,0xff,0x3d,0xde,0x35,0xff,0x3d,0xfe,0x35,0xff,0x3d,0xfe,0x35,0xff,0x3d,0xfe,0x35,
0xff,0x3d,0xfe,0x35,0xff,0x3d,0xfe,0x35,0xff,0x3d,0xfe,0x35,0xff,0x3d,0xfe,0x35,0xff,0x3d,0xfe,0x35,0xff,0x3d,0xfe,0x35,0xff,0x3d,0xfe,0x35,0xff,0x3d,0xfe,0x35,
0xff,0x3d,0xfe,0x35,0xff,0x3d,0xfe,0x35,0xdf,0xeb,0xde,0xe3,0xdf,0xeb,0xdf,0xe3,0xdf,0xeb,0xde,0xe3,0xdf,0xeb,0xdf,0xe3,0xdf,0xeb,0xde,0xe3,0xdf,0xeb,0xdf,0xe3,
0xdf,0xeb,0xde,0xe3,0xdf,0xeb,0xdf,0xe3,0xdf,0xeb,0xde,0xe3,0xdf,0xeb,0xdf,0xe3,0xdf,0xeb,0xde,0xe3,0xdf,0xeb,0xdf,0xe3,0xdf,0xeb,0xde,0xe3,0xdf,0xeb,0xde,0xe3,
0xdf,0xe3,0xde,0xe3,0xdf,0xe3,0xde,0xe3,0xdf,0xe3,0xde,0xe3,0xdf,0xe3,0xde,0xdb,0xdf,0xe3,0xde,0xdb,0xdf,0xe3,0xde,0xdb,0xdf,0xe3,0xde,0xdb,0xdf,0xe3,0xde,0xdb,
0xff,0xdb,0xde,0xdb,0xff,0xdb,0xde,0xdb,0xff,0xdb,0xde,0xdb,0xff,0xdb,0xde,0xdb,0xff,0xdb,0xde,0xd3,0xff,0xdb,0xde,0xd3,0xff,0xdb,0xde,0xd3,0xff,0xdb,0xde,0xd3,
0x9e,0x45,0xbf,0x45,0x9e,0x3d,0xbf,0x45,0x9e,0x3d,0xbf,0x45,0xbe,0x3d,0xbf,0x45,0xbe,0x3d,0xbf,0x45,0xbe,0x3d,0xbf,0x45,0xbe,0x3d,0xbf,0x45,0xbe,0x3d,0xbf,0x3d,
0xbe,0x3d,0xdf,0x45,0xbe,0x3d,0xdf,0x3d,0xbe,0x3d,0xdf,0x3d,0xbe,0x3d,0xdf,0x3d,0xde,0x3d,0xdf,0x3d,0xde,0x35,0xdf,0x3d,0xde,0x35,0xdf,0x3d,0xde,0x35,0xff,0x3d,
0xde,0x35,0xff,0x3d,0xde,0x35,0xff,0x3d,0xde,0x35,0xff,0x3d,0xde,0x35,0xff,0x3d,0xde,0x35,0xff,0x3d,0xde,0x35,0xff,0x3d,0xde,0x35,0xff,0x3d,0xde,0x35,0xff,0x3d,
0xde,0x35,0xff,0x3d,0xde,0x35,0xff,0x3d,0xde,0x35,0xff,0x3d,0xde,0x35,0xff,0x3d,0xde,0x35,0xff,0x3d,0xde,0x35,0xff,0x3d,0xbe,0xe3,0xdf,0xeb,0xbe,0xe3,0xdf,0xeb,
0xbe,0xe3,0xdf,0xeb,0xbe,0xe3,0xdf,0xeb,0xbe,0xe3,0xdf,0xeb,0xbe,0xe3,0xdf,0xeb,0xbe,0xe3,0xdf,0xeb,0xbe,0xe3,0xdf,0xeb,0xbe,0xe3,0xdf,0xeb,0xbe,0xe3,0xdf,0xeb,
0xbe,0xe3,0xdf,0xeb,0xbe,0xe3,0xdf,0xeb,0xbe,0xe3,0xdf,0xeb,0xbe,0xe3,0xdf,0xe3,0xbe,0xe3,0xdf,0xe3,0xbe,0xe3,0xdf,0xe3,0xbe,0xe3,0xdf,0xe3,0xde,0xdb,0xdf,0xe3,
0xde,0xdb,0xdf,0xe3,0xde,0xdb,0xdf,0xdb,0xde,0xdb,0xdf,0xdb,0xde,0xdb,0xdf,0xdb,0xde,0xdb,0xdf,0xdb,0xde,0xdb,0xdf,0xdb,0xde,0xdb,0xdf,0xdb,0xde,0xd3,0xdf,0xdb,
0xde,0xd3,0xdf,0xdb,0xde,0xd3,0xdf,0xdb,0xde,0xd3,0xdf,0xdb,0xde,0xd3,0xdf,0xd3,0xbf,0x45,0xbe,0x45,0xbf,0x45,0xbe,0x45,0xbf,0x45,0xbe,0x45,0xbf,0x45,0xbe,0x3d,
0xbf,0x45,0xbe,0x3d,0xdf,0x45,0xbe,0x3d,0xdf,0x45,0xbe,0x3d,0xdf,0x45,0xbe,0x3d,0xdf,0x45,0xbe,0x3d,0xdf,0x45,0xde,0x3d,0xdf,0x45,0xde,0x3d,0xdf,0x3d,0xde,0x3d,
0xdf,0x3d,0xde,0x3d,0xdf,0x3d,0xde,0x3d,0xff,0x3d,0xde,0x3d,0xff,0x3d,0xde,0x35,0xff,0x3d,0xfe,0x35,0xff,0x3d,0xfe,0x35,0xff,0x3d,0xfe,0x35,0xff,0x3d,0xfe,0x35,
0xff,0x3d,0xfe,0x35,0xff,0x3d,0xfe,0x35,0xff,0x3d,0xfe,0x35,0xff,0x3d,0xfe,0x35,0xff,0x3d,0xfe,0x35,0xff,0x3d,0xfe,0x35,0xff,0x3d,0xfe,0x35,0xff,0x3d,0xfe,0x35,
0xff,0x3d,0xfe,0x35,0xff,0x3d,0xfe,0x35,0xdf,0xeb,0xdf,0xe3,0xdf,0xeb,0xde,0xe3,0xdf,0xeb,0xdf,0xe3,0xdf,0xeb,0xde,0xe3,0xdf,0xeb,0xdf,0xe3,0xdf,0xeb,0xde,0xe3,
0xdf,0xeb,0xdf,0xe3,0xdf,0xeb,0xde,0xe3,0xdf,0xeb,0xdf,0xe3,0xdf,0xeb,0xde,0xe3,0xdf,0xeb,0xdf,0xe3,0xdf,0xeb,0xde,0xe3,0xdf,0xeb,0xdf,0xe3,0xdf,0xeb,0xde,0xe3,
0xdf,0xeb,0xde,0xe3,0xdf,0xe3,0xde,0xe3,0xdf,0xe3,0xde,0xe3,0xdf,0xe3,0xde,0xe3,0xdf,0xe3,0xde,0xe3,0xdf,0xe3,0xde,0xdb,0xdf,0xe3,0xde,0xdb,0xdf,0xe3,0xde,0xdb,
0xdf,0xe3,0xde,0xdb,0xff,0xdb,0xde,0xdb,0xff,0xdb,0xde,0xdb,0xff,0xdb,0xde,0xdb,0xff,0xdb,0xde,0xdb,0xff,0xdb,0xde,0xd3,0xff,0xdb,0xde,0xdb,0xff,0xdb,0xde,0xd3,
0x9e,0x3d,0xbf,0x45,0xbe,0x3d,0xbf,0x45,0xbe,0x3d,0xbf,0x45,0xbe,0x3d,0xbf,0x45,0xbe,0x3d,0xbf,0x45,0xbe,0x3d,0xbf,0x45,0xbe,0x3d,0xdf,0x3d,0xbe,0x3d,0xdf,0x3d,
0xbe,0x3d,0xdf,0x3d,0xbe,0x3d,0xdf,0x3d,0xbe,0x3d,0xdf,0x3d,0xde,0x3d,0xdf,0x3d,0xde,0x35,0xdf,0x3d,0xde,0x35,0xdf,0x3d,0xde,0x35,0xff,0x3d,0xde,0x35,0xff,0x3d,
0xde,0x35,0xff,0x3d,0xde,0x35,0xff,0x3d,0xde,0x35,0xff,0x3d,0xde,0x35,0xff,0x3d,0xde,0x35,0xff,0x3d,0xde,0x35,0xff,0x3d,0xde,0x35,0xff,0x3d,0xde,0x35,0xff,0x3d,
0xde,0x35,0xff,0x3d,0xde,0x35,0xff,0x3d,0xde,0x35,0xff,0x3d,0xde,0x35,0xff,0x3d,0xde,0x35,0xff,0x3d,0xde,0x35,0xff,0x3d,0xbe,0xe3,0xdf,0xeb,0xbe,0xe3,0xdf,0xeb,
0xbe,0xe3,0xdf,0xeb,0xbe,0xe3,0xdf,0xeb,0xbe,0xe3,0xdf,0xeb,0xbe,0xe3,0xdf,0xeb,0xbe,0xe3,0xdf,0xeb,0xbe,0xe3,0xdf,0xeb,0xbe,0xe3,0xdf,0xeb,0xbe,0xe3,0xdf,0xeb,
0xbe,0xe3,0xdf,0xeb,0xbe,0xe3,0xdf,0xeb,0xbe,0xe3,0xdf,0xeb,0xbe,0xe3,0xdf,0xeb,0xbe,0xe3,0xdf,0xe3,0xbe,0xe3,0xdf,0xe3,0xbe,0xe3,0xdf,0xe3,0xbe,0xe3,0xdf,0xe3,
0xbe,0xdb,0xdf,0xe3,0xde,0xdb,0xdf,0xe3,0xde,0xdb,0xdf,0xdb,0xde,0xdb,0xdf,0xe3,0xde,0xdb,0xdf,0xdb,0xde,0xdb,0xdf,0xdb,0xde,0xdb,0xdf,0xdb,0xde,0xdb,0xdf,0xdb,
0xde,0xd3,0xdf,0xdb,0xde,0xd3,0xdf,0xdb,0xde,0xd3,0xdf,0xdb,0xde,0xd3,0xdf,0xdb,0xbf,0x45,0xbe,0x3d,0xbf,0x45,0xbe,0x45,0xbf,0x45,0xbe,0x3d,0xdf,0x45,0xbe,0x3d,
0xdf,0x45,0xbe,0x3d,0xdf,0x45,0xbe,0x3d,0xdf,0x45,0xbe,0x3d,0xdf,0x45,0xbe,0x3d,0xdf,0x3d,0xde,0x3d,0xdf,0x45,0xde,0x3d,0xdf,0x3d,0xde,0x3d,0xdf,0x3d,0xde,0x3d,
0xff,0x3d,0xde,0x3d,0xff,0x3d,0xde,0x3d,0xff,0x3d,0xde,0x35,0xff,0x3d,0xfe,0x35,0xff,0x3d,0xfe,0x35,0xff,0x3d,0xfe,0x35,0xff,0x3d,0xfe,0x35,0xff,0x3d,0xfe,0x35,
0xff,0x3d,0xfe,0x35,0xff,0x3d,0xfe,0x35,0xff,0x3d,0xfe,0x35,0xff,0x3d,0xfe,0x35,0xff,0x3d,0xfe,0x35,0xff,0x3d,0xfe,0x35,0xff,0x3d,0xfe,0x35,0xff,0x3d,0xfe,0x35,
0xff,0x3d,0xfe,0x35,0xff,0x3d,0xfe,0x35,0xdf,0xeb,0xde,0xe3,0xdf,0xeb,0xdf,0xe3,0xdf,0xeb,0xde,0xe3,0xdf,0xeb,0xdf,0xe3,0xdf,0xeb,0xde,0xe3,0xdf,0xeb,0xdf,0xe3,
0xdf,0xeb,0xde,0xe3,0xdf,0xeb,0xdf,0xe3,0xdf,0xeb,0xde,0xe3,0xdf,0xeb,0xdf,0xe3,0xdf,0xeb,0xde,0xe3,0xdf,0xeb,0xdf,0xe3,0xdf,0xeb,0xde,0xe3,0xdf,0xeb,0xdf,0xe3,
0xdf,0xeb,0xde,0xe3,0xdf,0xeb,0xde,0xe3,0xdf,0xe3,0xde,0xe3,0xdf,0xe3,0xde,0xe3,0xdf,0xe3,0xde,0xe3,0xdf,0xe3,0xde,0xe3,0xdf,0xe3,0xde,0xdb,0xdf,0xe3,0xde,0xdb,
0xdf,0xe3,0xde,0xdb,0xdf,0xe3,0xde,0xdb,0xdf,0xdb,0xde,0xdb,0xff,0xdb,0xde,0xdb,0xff,0xdb,0xde,0xdb,0xff,0xdb,0xde,0xdb,0xff,0xdb,0xde,0xdb,0xff,0xdb,0xde,0xdb,
0xbe,0x3d,0xbf,0x45,0xbe,0x3d,0xbf,0x45,0xbe,0x3d,0xbf,0x45,0xbe,0x3d,0xbf,0x45,0xbe,0x3d,0xbf,0x45,0xbe,0x3d,0xdf,0x3d,0xbe,0x3d,0xdf,0x3d,0xbe,0x3d,0xdf,0x3d,
0xbe,0x3d,0xdf,0x3d,0xbe,0x3d,0xdf,0x3d,0xde,0x3d,0xdf,0x3d,0xde,0x35,0xdf,0x3d,0xde,0x35,0xdf,0x3d,0xde,0x35,0xff,0x3d,0xde,0x35,0xff,0x3d,0xde,0x35,0xff,0x3d,
0xde,0x35,0xff,0x3d,0xde,0x35,0xff,0x3d,0xde,0x35,0xff,0x3d,0xde,0x35,0xff,0x3d,0xde,0x35,0xff,0x3d,0xde,0x35,0xff,0x3d,0xde,0x35,0xff,0x3d,0xde,0x35,0xff,0x3d,
0xde,0x35,0xff,0x3d,0xde,0x35,0xff,0x3d,0xde,0x35,0xff,0x3d,0xde,0x35,0xff,0x3d,0xde,0x35,0xff,0x3d,0xde,0x35,0xff,0x3d,0xbe,0xe3,0xdf,0xeb,0xbe,0xe3,0xdf,0xeb,
0xbe,0xe3,0xdf,0xeb,0xbe,0xe3,0xdf,0xeb,0xbe,0xe3,0xdf,0xeb,0xbe,0xe3,0xdf,0xeb,0xbe,0xe3,0xdf,0xeb,0xbe,0xe3,0xdf,0xeb,0xbe,0xe3,0xdf,0xeb,0xbe,0xe3,0xdf,0xeb,
0xbe,0xe3,0xdf,0xeb,0xbe,0xe3,0xdf,0xeb,0xbe,0xe3,0xdf,0xeb,0xbe,0xe3,0xdf,0xeb,0xbe,0xe3,0xdf,0xeb,0xbe,0xe3,0xdf,0xe3,0xbe,0xe3,0xdf,0xe3,0xbe,0xe3,0xdf,0xe3,
0xbe,0xe3,0xdf,0xe3,0xbe,0xdb,0xdf,0xe3,0xde,0xdb,0xdf,0xe3,0xde,0xdb,0xdf,0xe3,0xde,0xdb,0xdf,0xe3,0xde,0xdb,0xdf,0xdb,0xde,0xdb,0xdf,0xdb,0xde,0xdb,0xdf,0xdb,
0xde,0xdb,0xdf,0xdb,0xde,0xd3,0xdf,0xdb,0xde,0xdb,0xdf,0xdb,0xde,0xd3,0xdf,0xdb,0xbf,0x45,0xbe,0x45,0xdf,0x45,0xbe,0x3d,0xdf,0x45,0xbe,0x3d,0xdf,0x45,0xbe,0x3d,
0xdf,0x45,0xbe,0x3d,0xdf,0x45,0xbe,0x3d,0xdf,0x45,0xde,0x3d,0xdf,0x3d,0xde,0x3d,0xdf,0x3d,0xde,0x3d,0xdf,0x3d,0xde,0x3d,0xdf,0x3d,0xde,0x3d,0xff,0x3d,0xde,0x3d,
0xff,0x3d,0xde,0x3d,0xff,0x3d,0xde,0x35,0xff,0x3d,0xfe,0x35,0xff,0x3d,0xfe,0x35,0xff,0x3d,0xfe,0x35,0xff,0x3d,0xfe,0x35,0xff,0x3d,0xfe,0x35,0xff,0x3d,0xfe,0x35,
0xff,0x3d,0xfe,0x35,0xff,0x3d,0xfe,0x35,0xff,0x3d,0xfe,0x35,0xff,0x3d,0xfe,0x35,0xff,0x3d,0xfe,0x35,0xff,0x3d,0xfe,0x35,0xff,0x3d,0xfe,0x35,0xff,0x3d,0xfe,0x35,
0xff,0x3d,0xfe,0x35,0xff,0x3d,0xfe,0x35,0xdf,0xeb,0xdf,0xe3,0xdf,0xeb,0xde,0xe3,0xdf,0xeb,0xdf,0xe3,0xdf,0xeb,0xde,0xe3,0xdf,0xeb,0xdf,0xe3,0xdf,0xeb,0xde,0xe3,
0xdf,0xeb,0xdf,0xe3,0xdf,0xeb,0xde,0xe3,0xdf,0xeb,0xdf,0xe3,0xdf,0xeb,0xde,0xe3,0xdf,0xeb,0xdf,0xe3,0xdf,0xeb,0xde,0xe3,0xdf,0xeb,0xdf,0xe3,0xdf,0xeb,0xde,0xe3,
0xdf,0xeb,0xdf,0xe3,0xdf,0xeb,0xde,0xe3,0xdf,0xeb,0xde,0xe3,0xdf,0xeb,0xde,0xe3,0xdf,0xe3,0xde,0xe3,0xdf,0xe3,0xde,0xe3,0xdf,0xe3,0xde,0xe3,0xdf,0xe3,0xde,0xdb,
0xdf,0xe3,0xde,0xdb,0xdf,0xe3,0xde,0xdb,0xdf,0xe3,0xde,0xdb,0xdf,0xe3,0xde,0xdb,0xdf,0xe3,0xde,0xdb,0xff,0xdb,0xde,0xdb,0xff,0xdb,0xde,0xdb,0xff,0xdb,0xde,0xdb,
0xbe,0x3d,0xbf,0x45,0xbe,0x3d,0xbf,0x45,0xbe,0x3d,0xbf,0x3d,0xbe,0x3d,0xdf,0x45,0xbe,0x3d,0xdf,0x3d,0xbe,0x3d,0xdf,0x3d,0xbe,0x3d,0xdf,0x3d,0xbe,0x3d,0xdf,0x3d,
0xde,0x3d,0xdf,0x3d,0xde,0x3d,0xdf,0x3d,0xde,0x35,0xdf,0x3d,0xde,0x35,0xdf,0x3d,0xde,0x35,0xff,0x3d,0xde,0x35,0xff,0x3d,0xde,0x35,0xff,0x3d,0xde,0x35,0xff,0x3d,
0xde,0x35,0xff,0x3d,0xde,0x35,0xff,0x3d,0xde,0x35,0xff,0x3d,0xde,0x35,0xff,0x3d,0xde,0x35,0xff,0x3d,0xde,0x35,0xff,0x3d,0xde,0x35,0xff,0x3d,0xde,0x35,0xff,0x3d,
0xde,0x35,0xff,0x3d,0xde,0x35,0xff,0x3d,0xde,0x35,0xff,0x3d,0xde,0x35,0xff,0x3d,0xde,0x35,0xff,0x3d,0xde,0x35,0xff,0x3d,0xbe,0xe3,0xdf,0xeb,0xbe,0xe3,0xdf,0xeb,
0xbe,0xe3,0xdf,0xeb,0xbe,0xe3,0xdf,0xeb,0xbe,0xe3,0xdf,0xeb,0xbe,0xe3,0xdf,0xeb,0xbe,0xe3,0xdf,0xeb,0xbe,0xe3,0xdf,0xeb,0xbe,0xe3,0xdf,0xeb,0xbe,0xe3,0xdf,0xeb,
0xbe,0xe3,0xdf,0xeb,0xbe,0xe3,0xdf,0xeb,0xbe,0xe3,0xdf,0xeb,0xbe,0xe3,0xdf,0xeb,0xbe,0xe3,0xdf,0xeb,0xbe,0xe3,0xdf,0xeb,0xbe,0xe3,0xdf,0xe3,0xbe,0xe3,0xdf,0xe3,
0xbe,0xe3,0xdf,0xe3,0xbe,0xe3,0xdf,0xe3,0xbe,0xdb,0xdf,0xe3,0xde,0xdb,0xdf,0xe3,0xde,0xdb,0xdf,0xe3,0xde,0xdb,0xdf,0xe3,0xde,0xdb,0xdf,0xdb,0xde,0xdb,0xdf,0xdb,
0xde,0xdb,0xdf,0xdb,0xde,0xdb,0xdf,0xdb,0xde,0xdb,0xdf,0xdb,0xde,0xdb,0xdf,0xdb,0xdf,0x45,0xbe,0x3d,0xdf,0x45,0xbe,0x3d,0xdf,0x45,0xbe,0x3d,0xdf,0x45,0xbe,0x3d,
0xdf,0x45,0xbe,0x3d,0xdf,0x45,0xde,0x3d,0xdf,0x3d,0xde,0x3d,0xdf,0x3d,0xde,0x3d,0xdf,0x3d,0xde,0x3d,0xdf,0x3d,0xde,0x3d,0xff,0x3d,0xde,0x3d,0xff,0x3d,0xde,0x3d,
0xff,0x3d,0xde,0x35,0xff,0x3d,0xfe,0x35,0xff,0x3d,0xfe,0x35,0xff,0x3d,0xfe,0x35,0xff,0x3d,0xfe,0x35,0xff,0x3d,0xfe,0x35,0xff,0x3d,0xfe,0x35,0xff,0x3d,0xfe,0x35,
0xff,0x3d,0xfe,0x35,0xff,0x3d,0xfe,0x35,0xff,0x3d,0xfe,0x35,0xff,0x3d,0xfe,0x35,0xff,0x3d,0xfe,0x35,0xff,0x3d,0xfe,0x35,0xff,0x3d,0xfe,0x35,0xff,0x3d,0xfe,0x35,
0xff,0x3d,0xfe,0x35,0xff,0x3d,0xfe,0x35,0xdf,0xeb,0xde,0xe3,0xdf,0xeb,0xdf,0xe3,0xdf,0xeb,0xde,0xe3,0xdf,0xeb,0xdf,0xe3,0xdf,0xeb,0xde,0xe3,0xdf,0xeb,0xdf,0xe3,
0xdf,0xeb,0xde,0xe3,0xdf,0xeb,0xdf,0xe3,0xdf,0xeb,0xde,0xe3,0xdf,0xeb,0xdf,0xe3,0xdf,0xeb,0xde,0xe3,0xdf,0xeb,0xdf,0xe3,0xdf,0xeb,0xde,0xe3,0xdf,0xeb,0xdf,0xe3,
0xdf,0xeb,0xde,0xe3,0xdf,0xeb,0xdf,0xe3,0xdf,0xeb,0xde,0xe3,0xdf,0xeb,0xde,0xe3,0xdf,0xeb,0xde,0xe3,0xdf,0xe3,0xde,0xe3,0xdf,0xe3,0xde,0xe3,0xdf,0xe3,0xde,0xe3,
0xdf,0xe3,0xde,0xdb,0xdf,0xe3,0xde,0xdb,0xdf,0xe3,0xde,0xdb,0xdf,0xe3,0xde,0xdb,0xdf,0xe3,0xde,0xdb,0xdf,0xe3,0xde,0xdb,0xff,0xdb,0xde,0xdb,0xff,0xdb,0xde,0xdb,
0xbe,0x3d,0xbf,0x45,0xbe,0x3d,0xdf,0x3d,0xbe,0x3d,0xdf,0x3d,0xbe,0x3d,0xdf,0x3d,0xbe,0x3d,0xdf,0x3d,0xbe,0x3d,0xdf,0x3d,0xbe,0x3d,0xdf,0x3d,0xde,0x3d,0xdf,0x3d,
0xde,0x3d,0xdf,0x3d,0xde,0x35,0xdf,0x3d,0xde,0x35,0xdf,0x3d,0xde,0x35,0xff,0x3d,0xde,0x35,0xff,0x3d,0xde,0x35,0xff,0x3d,0xde,0x35,0xff,0x3d,0xde,0x35,0xff,0x3d,
0xde,0x35,0xff,0x3d,0xde,0x35,0xff,0x3d,0xde,0x35,0xff,0x3d,0xde,0x35,0xff,0x3d,0xde,0x35,0xff,0x3d,0xde,0x35,0xff,0x3d,0xde,0x35,0xff,0x3d,0xde,0x35,0xff,0x3d,
0xde,0x35,0xff,0x3d,0xde,0x35,0xff,0x3d,0xde,0x35,0xff,0x3d,0xde,0x35,0xff,0x3d,0xde,0x35,0xff,0x3d,0xde,0x35,0xff,0x3d,0xbe,0xe3,0xdf,0xeb,0xbe,0xe3,0xdf,0xeb,
0xbe,0xe3,0xdf,0xeb,0xbe,0xe3,0xdf,0xeb,0xbe,0xe3,0xdf,0xeb,0xbe,0xe3,0xdf,0xeb,0xbe,0xe3,0xdf,0xeb,0xbe,0xe3,0xdf,0xeb,0xbe,0xe3,0xdf,0xeb,0xbe,0xe3,0xdf,0xeb,
0xbe,0xe3,0xdf,0xeb,0xbe,0xe3,0xdf,0xeb,0xbe,0xe3,0xdf,0xeb,0xbe,0xe3,0xdf,0xeb,0xbe,0xe3,0xdf,0xeb,0xbe,0xe3,0xdf,0xeb,0xbe,0xe3,0xdf,0xeb,0xbe,0xe3,0xdf,0xe3,
0xbe,0xe3,0xdf,0xe3,0xbe,0xe3,0xdf,0xe3,0xbe,0xe3,0xdf,0xe3,0xbe,0xdb,0xdf,0xe3,0xde,0xdb,0xdf,0xe3,0xde,0xdb,0xdf,0xe3,0xde,0xdb,0xdf,0xe3,0xde,0xdb,0xdf,0xdb,
0xde,0xdb,0xdf,0xdb,0xde,0xdb,0xdf,0xdb,0xde,0xdb,0xdf,0xdb,0xde,0xdb,0xdf,0xdb,0xdf,0x45,0xbe,0x3d,0xdf,0x45,0xbe,0x3d,0xdf,0x45,0xbe,0x3d,0xdf,0x45,0xde,0x3d,
0xdf,0x45,0xde,0x3d,0xdf,0x3d,0xde,0x3d,0xdf,0x3d,0xde,0x3d,0xdf,0x3d,0xde,0x3d,0xdf,0x3d,0xde,0x3d,0xff,0x3d,0xde,0x3d,0xff,0x3d,0xde,0x3d,0xff,0x3d,0xde,0x35,
0xff,0x3d,0xfe,0x35,0xff,0x3d,0xfe,0x35,0xff,0x3d,0xfe,0x35,0xff,0x3d,0xfe,0x35,0xff,0x3d,0xfe,0x35,0xff,0x3d,0xfe,0x35,0xff,0x3d,0xfe,0x35,0xff,0x3d,0xfe,0x35,
0xff,0x3d,0xfe,0x35,0xff,0x3d,0xfe,0x35,0xff,0x3d,0xfe,0x35,0xff,0x3d,0xfe,0x35,0xff,0x3d,0xfe,0x35,0xff,0x3d,0xfe,0x35,0xff,0x3d,0xfe,0x35,0xff,0x3d,0xfe,0x35,
0xff,0x3d,0xfe,0x35,0xff,0x3d,0xfe,0x35,0xdf,0xeb,0xdf,0xe3,0xdf,0xeb,0xde,0xe3,0xdf,0xeb,0xdf,0xe3,0xdf,0xeb,0xde,0xe3,0xdf,0xeb,0xdf,0xe3,0xdf,0xeb,0xde,0xe3,
0xdf,0xeb,0xdf,0xe3,0xdf,0xeb,0xde,0xe3,0xdf,0xeb,0xdf,0xe3,0xdf,0xeb,0xde,0xe3,0xdf,0xeb,0xdf,0xe3,0xdf,0xeb,0xde,0xe3,0xdf,0xeb,0xdf,0xe3,0xdf,0xeb,0xde,0xe3,
0xdf,0xeb,0xdf,0xe3,0xdf,0xeb,0xde,0xe3,0xdf,0xeb,0xdf,0xe3,0xdf,0xeb,0xde,0xe3,0xdf,0xeb,0xde,0xe3,0xdf,0xeb,0xde,0xe3,0xdf,0xeb,0xde,0xe3,0xdf,0xe3,0xde,0xe3,
0xdf,0xe3,0xde,0xe3,0xdf,0xe3,0xde,0xdb,0xdf,0xe3,0xde,0xdb,0xdf,0xe3,0xde,0xdb,0xdf,0xe3,0xde,0xdb,0xdf,0xe3,0xde,0xdb,0xdf,0xe3,0xde,0xdb,0xdf,0xdb,0xde,0xdb,
0xbe,0x3d,0xdf,0x3d,0xbe,0x3d,0xdf,0x3d,0xbe,0x3d,0xdf,0x3d,0xbe,0x3d,0xdf,0x3d,0xbe,0x3d,0xdf,0x3d,0xbe,0x3d,0xdf,0x3d,0xde,0x3d,0xdf,0x3d,0xde,0x3d,0xdf,0x3d,
0xde,0x35,0xdf,0x3d,0xde,0x35,0xdf,0x3d,0xde,0x35,0xff,0x3d,0xde,0x35,0xff,0x3d,0xde,0x35,0xff,0x3d,0xde,0x35,0xff,0x3d,0xde,0x35,0xff,0x3d,0xde,0x35,0xff,0x3d,
0xde,0x35,0xff,0x3d,0xde,0x35,0xff,0x3d,0xde,0x35,0xff,0x3d,0xde,0x35,0xff,0x3d,0xde,0x35,0xff,0x3d,0xde,0x35,0xff,0x3d,0xde,0x35,0xff,0x3d,0xde,0x35,0xff,0x3d,
0xde,0x35,0xff,0x3d,0xde,0x35,0xff,0x3d,0xde,0x35,0xff,0x3d,0xde,0x35,0xff,0x3d,0xde,0x35,0xff,0x3d,0xde,0x35,0xff,0x3d,0xbe,0xe3,0xdf,0xeb,0xbe,0xe3,0xdf,0xeb,
0xbe,0xe3,0xdf,0xeb,0xbe,0xe3,0xdf,0xeb,0xbe,0xe3,0xdf,0xeb,0xbe,0xe3,0xdf,0xeb,0xbe,0xe3,0xdf,0xeb,0xbe,0xe3,0xdf,0xeb,0xbe,0xe3,0xdf,0xeb,0xbe,0xe3,0xdf,0xeb,
0xbe,0xe3,0xdf,0xeb,0xbe,0xe3,0xdf,0xeb,0xbe,0xe3,0xdf,0xeb,0xbe,0xe3,0xdf,0xeb,0xbe,0xe3,0xdf,0xeb,0xbe,0xe3,0xdf,0xeb,0xbe,0xe3,0xdf,0xeb,0xbe,0xe3,0xdf,0xeb,
0xbe,0xe3,0xdf,0xe3,0xbe,0xe3,0xdf,0xe3,0xbe,0xe3,0xdf,0xe3,0xbe,0xe3,0xdf,0xe3,0xbe,0xdb,0xdf,0xe3,0xbe,0xdb,0xdf,0xe3,0xde,0xdb,0xdf,0xe3,0xde,0xdb,0xdf,0xe3,
0xde,0xdb,0xdf,0xdb,0xde,0xdb,0xdf,0xe3,0xde,0xdb,0xdf,0xdb,0xde,0xdb,0xdf,0xdb,0xdf,0x45,0xbe,0x3d,0xdf,0x45,0xbe,0x3d,0xdf,0x3d,0xde,0x3d,0xdf,0x45,0xde,0x3d,
0xdf,0x3d,0xde,0x3d,0xdf,0x3d,0xde,0x3d,0xdf,0x3d,0xde,0x3d,0xff,0x3d,0xde,0x3d,0xff,0x3d,0xde,0x35,0xff,0x3d,0xde,0x3d,0xff,0x3d,0xde,0x35,0xff,0x3d,0xfe,0x35,
0xff,0x3d,0xfe,0x35,0xff,0x3d,0xfe,0x35,0xff,0x3d,0xfe,0x35,0xff,0x3d,0xfe,0x35,0xff,0x3d,0xfe,0x35,0xff,0x3d,0xfe,0x35,0xff,0x3d,0xfe,0x35,0xff,0x3d,0xfe,0x35,
0xff,0x3d,0xfe,0x35,0xff,0x3d,0xfe,0x35,0xff,0x3d,0xfe,0x35,0xff,0x3d,0xfe,0x35,0xff,0x3d,0xfe,0x35,0xff,0x3d,0xfe,0x35,0xff,0x3d,0xfe,0x35,0xff,0x3d,0xfe,0x35,
0xff,0x3d,0xfe,0x35,0xff,0x3d,0xfe,0x35,0xdf,0xeb,0xde,0xe3,0xdf,0xeb,0xdf,0xe3,0xdf,0xeb,0xde,0xe3,0xdf,0xeb,0xdf,0xe3,0xdf,0xeb,0xde,0xe3,0xdf,0xeb,0xdf,0xe3,
0xdf,0xeb,0xde,0xe3,0xdf,0xeb,0xdf,0xe3,0xdf,0xeb,0xde,0xe3,0xdf,0xeb,0xdf,0xe3,0xdf,0xeb,0xde,0xe3,0xdf,0xeb,0xdf,0xe3,0xdf,0xeb,0xde,0xe3,0xdf,0xeb,0xdf,0xe3,
0xdf,0xeb,0xde,0xe3,0xdf,0xeb,0xdf,0xe3,0xdf,0xeb,0xde,0xe3,0xdf,0xeb,0xdf,0xe3,0xdf,0xeb,0xde,0xe3,0xdf,0xeb,0xde,0xe3,0xdf,0xeb,0xde,0xe3,0xdf,0xeb,0xde,0xe3,
0xdf,0xe3,0xde,0xe3,0xdf,0xe3,0xde,0xe3,0xdf,0xe3,0xde,0xe3,0xdf,0xe3,0xde,0xe3,0xdf,0xe3,0xde,0xdb,0xdf,0xe3,0xde,0xdb,0xdf,0xe3,0xde,0xdb,0xdf,0xe3,0xde,0xdb,
0xbe,0x3d,0xdf,0x3d,0xbe,0x3d,0xdf,0x3d,0xbe,0x3d,0xdf,0x3d,0xbe,0x3d,0xdf,0x3d,0xde,0x3d,0xdf,0x3d,0xde,0x35,0xdf,0x3d,0xde,0x3d,0xdf,0x3d,0xde,0x35,0xdf,0x3d,
0xde,0x35,0xdf,0x3d,0xde,0x35,0xff,0x3d,0xde,0x35,0xff,0x3d,0xde,0x35,0xff,0x3d,0xde,0x35,0xff,0x3d,0xde,0x35,0xff,0x3d,0xde,0x35,0xff,0x3d,0xde,0x35,0xff,0x3d,
0xde,0x35,0xff,0x3d,0xde,0x35,0xff,0x3d,0xde,0x35,0xff,0x3d,0xde,0x35,0xff,0x3d,0xde,0x35,0xff,0x3d,0xde,0x35,0xff,0x3d,0xde,0x35,0xff,0x3d,0xde,0x35,0xff,0x3d,
0xde,0x35,0xff,0x3d,0xde,0x35,0xff,0x3d,0xde,0x35,0xff,0x3d,0xde,0x35,0xff,0x3d,0xde,0x35,0xff,0x3d,0xde,0x35,0xff,0x3d,0xbe,0xe3,0xdf,0xeb,0xbe,0xe3,0xdf,0xeb,
0xbe,0xe3,0xdf,0xeb,0xbe,0xe3,0xdf,0xeb,0xbe,0xe3,0xdf,0xeb,0xbe,0xe3,0xdf,0xeb,0xbe,0xe3,0xdf,0xeb,0xbe,0xe3,0xdf,0xeb,0xbe,0xe3,0xdf,0xeb,0xbe,0xe3,0xdf,0xeb,
0xbe,0xe3,0xdf,0xeb,0xbe,0xe3,0xdf,0xeb,0xbe,0xe3,0xdf,0xeb,0xbe,0xe3,0xdf,0xeb,0xbe,0xe3,0xdf,0xeb,0xbe,0xe3,0xdf,0xeb,0xbe,0xe3,0xdf,0xeb,0xbe,0xe3,0xdf,0xeb,
0xbe,0xe3,0xdf,0xeb,0xbe,0xe3,0xdf,0xe3,0xbe,0xe3,0xdf,0xe3,0xbe,0xe3,0xdf,0xe3,0xbe,0xe3,0xdf,0xe3,0xbe,0xdb,0xdf,0xe3,0xbe,0xdb,0xdf,0xe3,0xde,0xdb,0xdf,0xe3,
0xde,0xdb,0xdf,0xe3,0xde,0xdb,0xdf,0xe3,0xde,0xdb,0xdf,0xe3,0xde,0xdb,0xdf,0xdb,0xdf,0x45,0xde,0x3d,0xdf,0x3d,0xde,0x3d,0xdf,0x45,0xde,0x3d,0xdf,0x3d,0xde,0x3d,
0xdf,0x3d,0xde,0x3d,0xdf,0x3d,0xde,0x3d,0xff,0x3d,0xde,0x3d,0xff,0x3d,0xde,0x35,0xff,0x3d,0xde,0x3d,0xff,0x3d,0xde,0x35,0xff,0x3d,0xfe,0x35,0xff,0x3d,0xfe,0x35,
0xff,0x3d,0xfe,0x35,0xff,0x3d,0xfe,0x35,0xff,0x3d,0xfe,0x35,0xff,0x3d,0xfe,0x35,0xff,0x3d,0xfe,0x35,0xff,0x3d,0xfe,0x35,0xff,0x3d,0xfe,0x35,0xff,0x3d,0xfe,0x35,
0xff,0x3d,0xfe,0x35,0xff,0x3d,0xfe,0x35,0xff,0x3d,0xfe,0x35,0xff,0x3d,0xfe,0x35,0xff,0x3d,0xfe,0x35,0xff,0x3d,0xfe,0x35,0xff,0x3d,0xfe,0x35,0xff,0x3d,0xfe,0x35,
0xff,0x3d,0xfe,0x35,0xff,0x3d,0xfe,0x35,0xdf,0xeb,0xdf,0xe3,0xdf,0xeb,0xde,0xe3,0xdf,0xeb,0xdf,0xe3,0xdf,0xeb,0xde,0xe3,0xdf,0xeb,0xdf,0xe3,0xdf,0xeb,0xde,0xe3,
0xdf,0xeb,0xdf,0xe3,0xdf,0xeb,0xde,0xe3,0xdf,0xeb,0xdf,0xe3,0xdf,0xeb,0xde,0xe3,0xdf,0xeb,0xdf,0xe3,0xdf,0xeb,0xde,0xe3,0xdf,0xeb,0xdf,0xe3,0xdf,0xeb,0xde,0xe3,
0xdf,0xeb,0xdf,0xe3,0xdf,0xeb,0xde,0xe3,0xdf,0xeb,0xdf,0xe3,0xdf,0xeb,0xde,0xe3,0xdf,0xeb,0xdf,0xe3,0xdf,0xeb,0xde,0xe3,0xdf,0xeb,0xde,0xe3,0xdf,0xeb,0xde,0xe3,
0xdf,0xeb,0xde,0xe3,0xdf,0xe3,0xde,0xe3,0xdf,0xe3,0xde,0xe3,0xdf,0xe3,0xde,0xe3,0xdf,0xe3,0xde,0xe3,0xdf,0xe3,0xde,0xdb,0xdf,0xe3,0xde,0xdb,0xdf,0xe3,0xde,0xdb,
0xbe,0x3d,0xdf,0x3d,0xbe,0x3d,0xdf,0x3d,0xbe,0x3d,0xdf,0x3d,0xde,0x3d,0xdf,0x3d,0xde,0x35,0xdf,0x3d,0xde,0x3d,0xdf,0x3d,0xde,0x35,0xdf,0x3d,0xde,0x35,0xff,0x3d,
0xde,0x35,0xff,0x3d,0xde,0x35,0xff,0x3d,0xde,0x35,0xff,0x3d,0xde,0x35,0xff,0x3d,0xde,0x35,0xff,0x3d,0xde,0x35,0xff,0x3d,0xde,0x35,0xff,0x3d,0xde,0x35,0xff,0x3d,
0xde,0x35,0xff,0x3d,0xde,0x35,0xff,0x3d,0xde,0x35,0xff,0x3d,0xde,0x35,0xff,0x3d,0xde,0x35,0xff,0x3d,0xde,0x35,0xff,0x3d,0xde,0x35,0xff,0x3d,0xde,0x35,0xff,0x3d,
0xde,0x35,0xff,0x3d,0xde,0x35,0xff,0x3d,0xde,0x35,0xff,0x3d,0xde,0x35,0xff,0x3d,0xde,0x35,0xff,0x3d,0xde,0x35,0xff,0x3d,0xbe,0xe3,0xdf,0xeb,0xbe,0xe3,0xdf,0xeb,
0xbe,0xe3,0xdf,0xeb,0xbe,0xe3,0xdf,0xeb,0xbe,0xe3,0xdf,0xeb,0xbe,0xe3,0xdf,0xeb,0xbe,0xe3,0xdf,0xeb,0xbe,0xe3,0xdf,0xeb,0xbe,0xe3,0xdf,0xeb,0xbe,0xe3,0xdf,0xeb,
0xbe,0xe3,0xdf,0xeb,0xbe,0xe3,0xdf,0xeb,0xbe,0xe3,0xdf,0xeb,0xbe,0xe3,0xdf,0xeb,0xbe,0xe3,0xdf,0xeb,0xbe,0xe3,0xdf,0xeb,0xbe,0xe3,0xdf,0xeb,0xbe,0xe3,0xdf,0xeb,
0xbe,0xe3,0xdf,0xeb,0xbe,0xe3,0xdf,0xeb,0xbe,0xe3,0xdf,0xe3,0xbe,0xe3,0xdf,0xe3,0xbe,0xe3,0xdf,0xe3,0xbe,0xe3,0xdf,0xe3,0xbe,0xe3,0xdf,0xe3,0xbe,0xe3,0xdf,0xe3,
0xde,0xdb,0xdf,0xe3,0xde,0xdb,0xdf,0xe3,0xde,0xdb,0xdf,0xe3,0xde,0xdb,0xdf,0xe3,0xdf,0x3d,0xde,0x3d,0xdf,0x3d,0xde,0x3d,0xdf,0x3d,0xde,0x3d,0xdf,0x3d,0xde,0x3d,
0xdf,0x3d,0xde,0x3d,0xff,0x3d,0xde,0x3d,0xff,0x3d,0xde,0x35,0xff,0x3d,0xde,0x3d,0xff,0x3d,0xde,0x35,0xff,0x3d,0xfe,0x35,0xff,0x3d,0xfe,0x35,0xff,0x3d,0xfe,0x35,
0xff,0x3d,0xfe,0x35,0xff,0x3d,0xfe,0x35,0xff,0x3d,0xfe,0x35,0xff,0x3d,0xfe,0x35,0xff,0x3d,0xfe,0x35,0xff,0x3d,0xfe,0x35,0xff,0x3d,0xfe,0x35,0xff,0x3d,0xfe,0x35,
0xff,0x3d,0xfe,0x35,0xff,0x3d,0xfe,0x35,0xff,0x3d,0xfe,0x35,0xff,0x3d,0xfe,0x35,0xff,0x3d,0xfe,0x35,0xff,0x3d,0xfe,0x35,0xff,0x3d,0xfe,0x35,0xff,0x3d,0xfe,0x35,
0xff,0x3d,0xfe,0x35,0xff,0x3d,0xfe,0x35,0xdf,0xeb,0xde,0xe3,0xdf,0xeb,0xdf,0xe3,0xdf,0xeb,0xde,0xe3,0xdf,0xeb,0xdf,0xe3,0xdf,0xeb,0xde,0xe3,0xdf,0xeb,0xdf,0xe3,
0xdf,0xeb,0xde,0xe3,0xdf,0xeb,0xdf,0xe3,0xdf,0xeb,0xde,0xe3,0xdf,0xeb,0xdf,0xe3,0xdf,0xeb,0xde,0xe3,0xdf,0xeb,0xdf,0xe3,0xdf,0xeb,0xde,0xe3,0xdf,0xeb,0xdf,0xe3,
0xdf,0xeb,0xde,0xe3,0xdf,0xeb,0xdf,0xe3,0xdf,0xeb,0xde,0xe3,0xdf,0xeb,0xdf,0xe3,0xdf,0xeb,0xde,0xe3,0xdf,0xeb,0xdf,0xe3,0xdf,0xeb,0xde,0xe3,0xdf,0xeb,0xde,0xe3,
0xdf,0xeb,0xde,0xe3,0xdf,0xeb,0xde,0xe3,0xdf,0xe3,0xde,0xe3,0xdf,0xe3,0xde,0xe3,0xdf,0xe3,0xde,0xe3,0xdf,0xe3,0xde,0xe3,0xdf,0xe3,0xde,0xdb,0xdf,0xe3,0xde,0xdb,
0xbe,0x3d,0xdf,0x3d,0xbe,0x3d,0xdf,0x3d,0xde,0x3d,0xdf,0x3d,0xde,0x35,0xdf,0x3d,0xde,0x35,0xdf,0x3d,0xde,0x35,0xdf,0x3d,0xde,0x35,0xff,0x3d,0xde,0x35,0xff,0x3d,
0xde,0x35,0xff,0x3d,0xde,0x35,0xff,0x3d,0xde,0x35,0xff,0x3d,0xde,0x35,0xff,0x3d,0xde,0x35,0xff,0x3d,0xde,0x35,0xff,0x3d,0xde,0x35,0xff,0x3d,0xde,0x35,0xff,0x3d,
0xde,0x35,0xff,0x3d,0xde,0x35,0xff,0x3d,0xde,0x35,0xff,0x3d,0xde,0x35,0xff,0x3d,0xde,0x35,0xff,0x3d,0xde,0x35,0xff,0x3d,0xde,0x35,0xff,0x3d,0xde,0x35,0xff,0x3d,
0xde,0x35,0xff,0x3d,0xde,0x35,0xff,0x3d,0xde,0x35,0xff,0x3d,0xde,0x35,0xff,0x3d,0xde,0x35,0xff,0x3d,0xde,0x35,0xff,0x3d,0xbe,0xe3,0xdf,0xeb,0xbe,0xe3,0xdf,0xeb,
0xbe,0xe3,0xdf,0xeb,0xbe,0xe3,0xdf,0xeb,0xbe,0xe3,0xdf,0xeb,0xbe,0xe3,0xdf,0xeb,0xbe,0xe3,0xdf,0xeb,0xbe,0xe3,0xdf,0xeb,0xbe,0xe3,0xdf,0xeb,0xbe,0xe3,0xdf,0xeb,
0xbe,0xe3,0xdf,0xeb,0xbe,0xe3,0xdf,0xeb,0xbe,0xe3,0xdf,0xeb,0xbe,0xe3,0xdf,0xeb,0xbe,0xe3,0xdf,0xeb,0xbe,0xe3,0xdf,0xeb,0xbe,0xe3,0xdf,0xeb,0xbe,0xe3,0xdf,0xeb,
0xbe,0xe3,0xdf,0xeb,0xbe,0xe3,0xdf,0xeb,0xbe,0xe3,0xdf,0xeb,0xbe,0xe3,0xdf,0xe3,0xbe,0xe3,0xdf,0xe3,0xbe,0xe3,0xdf,0xe3,0xbe,0xe3,0xdf,0xe3,0xbe,0xe3,0xdf,0xe3,
0xbe,0xe3,0xdf,0xe3,0xbe,0xdb,0xdf,0xe3,0xde,0xdb,0xdf,0xe3,0xde,0xdb,0xdf,0xe3,0xdf,0x3d,0xde,0x3d,0xdf,0x3d,0xde,0x3d,0xdf,0x3d,0xde,0x3d,0xdf,0x3d,0xde,0x3d,
0xff,0x3d,0xde,0x3d,0xff,0x3d,0xde,0x35,0xff,0x3d,0xde,0x3d,0xff,0x3d,0xde,0x35,0xff,0x3d,0xfe,0x35,0xff,0x3d,0xfe,0x35,0xff,0x3d,0xfe,0x35,0xff,0x3d,0xfe,0x35,
0xff,0x3d,0xfe,0x35,0xff,0x3d,0xfe,0x35,0xff,0x3d,0xfe,0x35,0xff,0x3d,0xfe,0x35,0xff,0x3d,0xfe,0x35,0xff,0x3d,0xfe,0x35,0xff,0x3d,0xfe,0x35,0xff,0x3d,0xfe,0x35,
0xff,0x3d,0xfe,0x35,0xff,0x3d,0xfe,0x35,0xff,0x3d,0xfe,0x35,0xff,0x3d,0xfe,0x35,0xff,0x3d,0xfe,0x35,0xff,0x3d,0xfe,0x35,0xff,0x3d,0xfe,0x35,0xff,0x3d,0xfe,0x35,
0xff,0x3d,0xfe,0x35,0xff,0x3d,0xfe,0x35,0xdf,0xeb,0xdf,0xe3,0xdf,0xeb,0xde,0xe3,0xdf,0xeb,0xdf,0xe3,0xdf,0xeb,0xde,0xe3,0xdf,0xeb,0xdf,0xe3,0xdf,0xeb,0xde,0xe3,
0xdf,0xeb,0xdf,0xe3,0xdf,0xeb,0xde,0xe3,0xdf,0xeb,0xdf,0xe3,0xdf,0xeb,0xde,0xe3,0xdf,0xeb,0xdf,0xe3,0xdf,0xeb,0xde,0xe3,0xdf,0xeb,0xdf,0xe3,0xdf,0xeb,0xde,0xe3,
0xdf,0xeb,0xdf,0xe3,0xdf,0xeb,0xde,0xe3,0xdf,0xeb,0xdf,0xe3,0xdf,0xeb,0xde,0xe3,0xdf,0xeb,0xdf,0xe3,0xdf,0xeb,0xde,0xe3,0xdf,0xeb,0xdf,0xe3,0xdf,0xeb,0xde,0xe3,
0xdf,0xeb,0xde,0xe3,0xdf,0xeb,0xde,0xe3,0xdf,0xeb,0xde,0xe3,0xdf,0xe3,0xde,0xe3,0xdf,0xe3,0xde,0xe3,0xdf,0xe3,0xde,0xe3,0xdf,0xe3,0xde,0xe3,0xdf,0xe3,0xde,0xdb,
0xde,0x3d,0xdf,0x3d,0xde,0x3d,0xdf,0x3d,0xde,0x35,0xdf,0x3d,0xde,0x35,0xdf,0x3d,0xde,0x35,0xdf,0x3d,0xde,0x35,0xff,0x3d,0xde,0x35,0xff,0x3d,0xde,0x35,0xff,0x3d,
0xde,0x35,0xff,0x3d,0xde,0x35,0xff,0x3d,0xde,0x35,0xff,0x3d,0xde,0x35,0xff,0x3d,0xde,0x35,0xff,0x3d,0xde,0x35,0xff,0x3d,0xde,0x35,0xff,0x3d,0xde,0x35,0xff,0x3d,
0xde,0x35,0xff,0x3d,0xde,0x35,0xff,0x3d,0xde,0x35,0xff,0x3d,0xde,0x35,0xff,0x3d,0xde,0x35,0xff,0x3d,0xde,0x35,0xff,0x3d,0xde,0x35,0xff,0x3d,0xde,0x35,0xff,0x3d,
0xde,0x35,0xff,0x3d,0xde,0x35,0xff,0x3d,0xde,0x35,0xff,0x3d,0xde,0x35,0xff,0x3d,0xde,0x35,0xff,0x3d,0xde,0x35,0xff,0x3d,0xbe,0xe3,0xdf,0xeb,0xbe,0xe3,0xdf,0xeb,
0xbe,0xe3,0xdf,0xeb,0xbe,0xe3,0xdf,0xeb,0xbe,0xe3,0xdf,0xeb,0xbe,0xe3,0xdf,0xeb,0xbe,0xe3,0xdf,0xeb,0xbe,0xe3,0xdf,0xeb,0xbe,0xe3,0xdf,0xeb,0xbe,0xe3,0xdf,0xeb,
0xbe,0xe3,0xdf,0xeb,0xbe,0xe3,0xdf,0xeb,0xbe,0xe3,0xdf,0xeb,0xbe,0xe3,0xdf,0xeb,0xbe,0xe3,0xdf,0xeb,0xbe,0xe3,0xdf,0xeb,0xbe,0xe3,0xdf,0xeb,0xbe,0xe3,0xdf,0xeb,
0xbe,0xe3,0xdf,0xeb,0xbe,0xe3,0xdf,0xeb,0xbe,0xe3,0xdf,0xeb,0xbe,0xe3,0xdf,0xeb,0xbe,0xe3,0xdf,0xe3,0xbe,0xe3,0xdf,0xe3,0xbe,0xe3,0xdf,0xe3,0xbe,0xe3,0xdf,0xe3,
0xbe,0xe3,0xdf,0xe3,0xbe,0xe3,0xdf,0xe3,0xbe,0xdb,0xdf,0xe3,0xde,0xdb,0xdf,0xe3,0xdf,0x3d,0xde,0x3d,0xdf,0x3d,0xde,0x3d,0xdf,0x3d,0xde,0x3d,0xff,0x3d,0xde,0x3d,
0xff,0x3d,0xde,0x35,0xff,0x3d,0xde,0x35,0xff,0x3d,0xde,0x35,0xff,0x3d,0xfe,0x35,0xff,0x3d,0xfe,0x35,0xff,0x3d,0xfe,0x35,0xff,0x3d,0xfe,0x35,0xff,0x3d,0xfe,0x35,
0xff,0x3d,0xfe,0x35,0xff,0x3d,0xfe,0x35,0xff,0x3d,0xfe,0x35,0xff,0x3d,0xfe,0x35,0xff,0x3d,0xfe,0x35,0xff,0x3d,0xfe,0x35,0xff,0x3d,0xfe,0x35,0xff,0x3d,0xfe,0x35,
0xff,0x3d,0xfe,0x35,0xff,0x3d,0xfe,0x35,0xff,0x3d,0xfe,0x35,0xff,0x3d,0xfe,0x35,0xff,0x3d,0xfe,0x35,0xff,0x3d,0xfe,0x35,0xff,0x3d,0xfe,0x35,0xff,0x3d,0xfe,0x35,
0xff,0x3d,0xfe,0x35,0xff,0x3d,0xfe,0x35,0xdf,0xeb,0xde,0xe3,0xdf,0xeb,0xdf,0xe3,0xdf,0xeb,0xde,0xe3,0xdf,0xeb,0xdf,0xe3,0xdf,0xeb,0xde,0xe3,0xdf,0xeb,0xdf,0xe3,
0xdf,0xeb,0xde,0xe3,0xdf,0xeb,0xdf,0xe3,0xdf,0xeb,0xde,0xe3,0xdf,0xeb,0xdf,0xe3,0xdf,0xeb,0xde,0xe3,0xdf,0xeb,0xdf,0xe3,0xdf,0xeb,0xde,0xe3,0xdf,0xeb,0xdf,0xe3,
0xdf,0xeb,0xde,0xe3,0xdf,0xeb,0xdf,0xe3,0xdf,0xeb,0xde,0xe3,0xdf,0xeb,0xdf,0xe3,0xdf,0xeb,0xde,0xe3,0xdf,0xeb,0xdf,0xe3,0xdf,0xeb,0xde,0xe3,0xdf,0xeb,0xdf,0xe3,
0xdf,0xeb,0xde,0xe3,0xdf,0xeb,0xde,0xe3,0xdf,0xeb,0xde,0xe3,0xdf,0xeb,0xde,0xe3,0xdf,0xe3,0xde,0xe3,0xdf,0xe3,0xde,0xe3,0xdf,0xe3,0xde,0xe3,0xdf,0xe3,0xde,0xe3,
0xde,0x3d,0xdf,0x3d,0xde,0x35,0xdf,0x3d,0xde,0x35,0xdf,0x3d,0xde,0x35,0xdf,0x3d,0xde,0x35,0xff,0x3d,0xde,0x35,0xff,0x3d,0xde,0x35,0xff,0x3d,0xde,0x35,0xff,0x3d,
0xde,0x35,0xff,0x3d,0xde,0x35,0xff,0x3d,0xde,0x35,0xff,0x3d,0xde,0x35,0xff,0x3d,0xde,0x35,0xff,0x3d,0xde,0x35,0xff,0x3d,0xde,0x35,0xff,0x3d,0xde,0x35,0xff,0x3d,
0xde,0x35,0xff,0x3d,0xde,0x35,0xff,0x3d,0xde,0x35,0xff,0x3d,0xde,0x35,0xff,0x3d,0xde,0x35,0xff,0x3d,0xde,0x35,0xff,0x3d,0xde,0x35,0xff,0x3d,0xde,0x35,0xff,0x3d,
0xde,0x35,0xff,0x3d,0xde,0x35,0xff,0x3d,0xde,0x35,0xff,0x3d,0xde,0x35,0xff,0x3d,0xde,0x35,0xff,0x3d,0xde,0x35,0xff,0x3d,0xbe,0xe3,0xdf,0xeb,0xbe,0xe3,0xdf,0xeb,
0xbe,0xe3,0xdf,0xeb,0xbe,0xe3,0xdf,0xeb,0xbe,0xe3,0xdf,0xeb,0xbe,0xe3,0xdf,0xeb,0xbe,0xe3,0xdf,0xeb,0xbe,0xe3,0xdf,0xeb,0xbe,0xe3,0xdf,0xeb,0xbe,0xe3,0xdf,0xeb,
0xbe,0xe3,0xdf,0xeb,0xbe,0xe3,0xdf,0xeb,0xbe,0xe3,0xdf,0xeb,0xbe,0xe3,0xdf,0xeb,0xbe,0xe3,0xdf,0xeb,0xbe,0xe3,0xdf,0xeb,0xbe,0xe3,0xdf,0xeb,0xbe,0xe3,0xdf,0xeb,
0xbe,0xe3,0xdf,0xeb,0xbe,0xe3,0xdf,0xeb,0xbe,0xe3,0xdf,0xeb,0xbe,0xe3,0xdf,0xeb,0xbe,0xe3,0xdf,0xeb,0xbe,0xe3,0xdf,0xe3,0xbe,0xe3,0xdf,0xe3,0xbe,0xe3,0xdf,0xe3,
0xbe,0xe3,0xdf,0xe3,0xbe,0xe3,0xdf,0xe3,0xbe,0xe3,0xdf,0xe3,0xbe,0xdb,0xdf,0xe3,0xdf,0x3d,0xde,0x3d,0xff,0x3d,0xde,0x3d,0xff,0x3d,0xde,0x3d,0xff,0x3d,0xde,0x35,
0xff,0x3d,0xde,0x35,0xff,0x3d,0xde,0x35,0xff,0x3d,0xfe,0x35,0xff,0x3d,0xfe,0x35,0xff,0x3d,0xfe,0x35,0xff,0x3d,0xfe,0x35,0xff,0x3d,0xfe,0x35,0xff,0x3d,0xfe,0x35,
0xff,0x3d,0xfe,0x35,0xff,0x3d,0xfe,0x35,0xff,0x3d,0xfe,0x35,0xff,0x3d,0xfe,0x35,0xff,0x3d,0xfe,0x35,0xff,0x3d,0xfe,0x35,0xff,0x3d,0xfe,0x35,0xff,0x3d,0xfe,0x35,
0xff,0x3d,0xfe,0x35,0xff,0x3d,0xfe,0x35,0xff,0x3d,0xfe,0x35,0xff,0x3d,0xfe,0x35,0xff,0x3d,0xfe,0x35,0xff,0x3d,0xfe,0x35,0xff,0x3d,0xfe,0x35,0xff,0x3d,0xfe,0x35,
0xff,0x3d,0xfe,0x35,0xff,0x3d,0xfe,0x35,0xdf,0xeb,0xdf,0xe3,0xdf,0xeb,0xde,0xe3,0xdf,0xeb,0xdf,0xe3,0xdf,0xeb,0xde,0xe3,0xdf,0xeb,0xdf,0xe3,0xdf,0xeb,0xde,0xe3,
0xdf,0xeb,0xdf,0xe3,0xdf,0xeb,0xde,0xe3,0xdf,0xeb,0xdf,0xe3,0xdf,0xeb,0xde,0xe3,0xdf,0xeb,0xdf,0xe3,0xdf,0xeb,0xde,0xe3,0xdf,0xeb,0xdf,0xe3,0xdf,0xeb,0xde,0xe3,
0xdf,0xeb,0xdf,0xe3,0xdf,0xeb,0xde,0xe3,0xdf,0xeb,0xdf,0xe3,0xdf,0xeb,0xde,0xe3,0xdf,0xeb,0xdf,0xe3,0xdf,0xeb,0xde,0xe3,0xdf,0xeb,0xdf,0xe3,0xdf,0xeb,0xde,0xe3,
0xdf,0xeb,0xdf,0xe3,0xdf,0xeb,0xde,0xe3,0xdf,0xeb,0xde,0xe3,0xdf,0xeb,0xde,0xe3,0xdf,0xeb,0xde,0xe3,0xdf,0xe3,0xde,0xe3,0xdf,0xe3,0xde,0xe3,0xdf,0xe3,0xde,0xe3,
0xde,0x35,0xdf,0x3d,0xde,0x35,0xdf,0x3d,0xde,0x35,0xdf,0x3d,0xde,0x35,0xff,0x3d,0xde,0x35,0xff,0x3d,0xde,0x35,0xff,0x3d,0xde,0x35,0xff,0x3d,0xde,0x35,0xff,0x3d,
0xde,0x35,0xff,0x3d,0xde,0x35,0xff,0x3d,0xde,0x35,0xff,0x3d,0xde,0x35,0xff,0x3d,0xde,0x35,0xff,0x3d,0xde,0x35,0xff,0x3d,0xde,0x35,0xff,0x3d,0xde,0x35,0xff,0x3d,
0xde,0x35,0xff,0x3d,0xde,0x35,0xff,0x3d,0xde,0x35,0xff,0x3d,0xde,0x35,0xff,0x3d,0xde,0x35,0xff,0x3d,0xde,0x35,0xff,0x3d,0xde,0x35,0xff,0x3d,0xde,0x35,0xff,0x3d,
0xde,0x35,0xff,0x3d,0xde,0x35,0xff,0x3d,0xde,0x35,0xff,0x3d,0xde,0x35,0xff,0x3d,0xde,0x35,0xff,0x3d,0xde,0x35,0xff,0x3d,0xbe,0xe3,0xdf,0xeb,0xbe,0xe3,0xdf,0xeb,
0xbe,0xe3,0xdf,0xeb,0xbe,0xe3,0xdf,0xeb,0xbe,0xe3,0xdf,0xeb,0xbe,0xe3,0xdf,0xeb,0xbe,0xe3,0xdf,0xeb,0xbe,0xe3,0xdf,0xeb,0xbe,0xe3,0xdf,0xeb,0xbe,0xe3,0xdf,0xeb,
0xbe,0xe3,0xdf,0xeb,0xbe,0xe3,0xdf,0xeb,0xbe,0xe3,0xdf,0xeb,0xbe,0xe3,0xdf,0xeb,0xbe,0xe3,0xdf,0xeb,0xbe,0xe3,0xdf,0xeb,0xbe,0xe3,0xdf,0xeb,0xbe,0xe3,0xdf,0xeb,
0xbe,0xe3,0xdf,0xeb,0xbe,0xe3,0xdf,0xeb,0xbe,0xe3,0xdf,0xeb,0xbe,0xe3,0xdf,0xeb,0xbe,0xe3,0xdf,0xeb,0xbe,0xe3,0xdf,0xeb,0xbe,0xe3,0xdf,0xe3,0xbe,0xe3,0xdf,0xe3,
0xbe,0xe3,0xdf,0xe3,0xbe,0xe3,0xdf,0xe3,0xbe,0xe3,0xdf,0xe3,0xbe,0xe3,0xdf,0xe3,0xff,0x3d,0xde,0x3d,0xff,0x3d,0xde,0x3d,0xff,0x3d,0xde,0x35,0xff,0x3d,0xde,0x35,
0xff,0x3d,0xde,0x35,0xff,0x3d,0xfe,0x35,0xff,0x3d,0xfe,0x35,0xff,0x3d,0xfe,0x35,0xff,0x3d,0xfe,0x35,0xff,0x3d,0xfe,0x35,0xff,0x3d,0xfe,0x35,0xff,0x3d,0xfe,0x35,
0xff,0x3d,0xfe,0x35,0xff,0x3d,0xfe,0x35,0xff,0x3d,0xfe,0x35,0xff,0x3d,0xfe,0x35,0xff,0x3d,0xfe,0x35,0xff,0x3d,0xfe,0x35,0xff,0x3d,0xfe,0x35,0xff,0x3d,0xfe,0x35,
0xff,0x3d,0xfe,0x35,0xff,0x3d,0xfe,0x35,0xff,0x3d,0xfe,0x35,0xff,0x3d,0xfe,0x35,0xff,0x3d,0xfe,0x35,0xff,0x3d,0xfe,0x35,0xff,0x3d,0xfe,0x35,0xff,0x3d,0xfe,0x35,
0xff,0x3d,0xfe,0x35,0xff,0x3d,0xfe,0x35,0xdf,0xeb,0xde,0xe3,0xdf,0xeb,0xdf,0xe3,0xdf,0xeb,0xde,0xe3,0xdf,0xeb,0xdf,0xe3,0xdf,0xeb,0xde,0xe3,0xdf,0xeb,0xdf,0xe3,
0xdf,0xeb,0xde,0xe3,0xdf,0xeb,0xdf,0xe3,0xdf,0xeb,0xde,0xe3,0xdf,0xeb,0xdf,0xe3,0xdf,0xeb,0xde,0xe3,0xdf,0xeb,0xdf,0xe3,0xdf,0xeb,0xde,0xe3,0xdf,0xeb,0xdf,0xe3,
0xdf,0xeb,0xde,0xe3,0xdf,0xeb,0xdf,0xe3,0xdf,0xeb,0xde,0xe3,0xdf,0xeb,0xdf,0xe3,0xdf,0xeb,0xde,0xe3,0xdf,0xeb,0xdf,0xe3,0xdf,0xeb,0xde,0xe3,0xdf,0xeb,0xdf,0xe3,
0xdf,0xeb,0xde,0xe3,0xdf,0xeb,0xdf,0xe3,0xdf,0xeb,0xde,0xe3,0xdf,0xeb,0xde,0xe3,0xdf,0xeb,0xde,0xe3,0xdf,0xeb,0xde,0xe3,0xdf,0xe3,0xde,0xe3,0xdf,0xe3,0xde,0xe3,
0xde,0x35,0xdf,0x3d,0xde,0x35,0xdf,0x3d,0xde,0x35,0xff,0x3d,0xde,0x35,0xff,0x3d,0xde,0x35,0xff,0x3d,0xde,0x35,0xff,0x3d,0xde,0x35,0xff,0x3d,0xde,0x35,0xff,0x3d,
0xde,0x35,0xff,0x3d,0xde,0x35,0xff,0x3d,0xde,0x35,0xff,0x3d,0xde,0x35,0xff,0x3d,0xde,0x35,0xff,0x3d,0xde,0x35,0xff,0x3d,0xde,0x35,0xff,0x3d,0xde,0x35,0xff,0x3d,
0xde,0x35,0xff,0x3d,0xde,0x35,0xff,0x3d,0xde,0x35,0xff,0x3d,0xde,0x35,0xff,0x3d,0xde,0x35,0xff,0x3d,0xde,0x35,0xff,0x3d,0xde,0x35,0xff,0x3d,0xde,0x35,0xff,0x3d,
0xde,0x35,0xff,0x3d,0xde,0x35,0xff,0x3d,0xde,0x35,0xff,0x3d,0xde,0x35,0xff,0x3d,0xde,0x35,0xff,0x3d,0xde,0x35,0xff,0x3d,0xbe,0xe3,0xdf,0xeb,0xbe,0xe3,0xdf,0xeb,
0xbe,0xe3,0xdf,0xeb,0xbe,0xe3,0xdf,0xeb,0xbe,0xe3,0xdf,0xeb,0xbe,0xe3,0xdf,0xeb,0xbe,0xe3,0xdf,0xeb,0xbe,0xe3,0xdf,0xeb,0xbe,0xe3,0xdf,0xeb,0xbe,0xe3,0xdf,0xeb,
0xbe,0xe3,0xdf,0xeb,0xbe,0xe3,0xdf,0xeb,0xbe,0xe3,0xdf,0xeb,0xbe,0xe3,0xdf,0xeb,0xbe,0xe3,0xdf,0xeb,0xbe,0xe3,0xdf,0xeb,0xbe,0xe3,0xdf,0xeb,0xbe,0xe3,0xdf,0xeb,
0xbe,0xe3,0xdf,0xeb,0xbe,0xe3,0xdf,0xeb,0xbe,0xe3,0xdf,0xeb,0xbe,0xe3,0xdf,0xeb,0xbe,0xe3,0xdf,0xeb,0xbe,0xe3,0xdf,0xeb,0xbe,0xe3,0xdf,0xeb,0xbe,0xe3,0xdf,0xe3,
0xbe,0xe3,0xdf,0xe3,0xbe,0xe3,0xdf,0xe3,0xbe,0xe3,0xdf,0xe3,0xbe,0xe3,0xdf,0xe3,0xff,0x3d,0xde,0x3d,0xff,0x3d,0xde,0x35,0xff,0x3d,0xde,0x35,0xff,0x3d,0xde,0x35,
0xff,0x3d,0xfe,0x35,0xff,0x3d,0xfe,0x35,0xff,0x3d,0xfe,0x35,0xff,0x3d,0xfe,0x35,0xff,0x3d,0xfe,0x35,0xff,0x3d,0xfe,0x35,0xff,0x3d,0xfe,0x35,0xff,0x3d,0xfe,0x35,
0xff,0x3d,0xfe,0x35,0xff,0x3d,0xfe,0x35,0xff,0x3d,0xfe,0x35,0xff,0x3d,0xfe,0x35,0xff,0x3d,0xfe,0x35,0xff,0x3d,0xfe,0x35,0xff,0x3d,0xfe,0x35,0xff,0x3d,0xfe,0x35,
0xff,0x3d,0xfe,0x35,0xff,0x3d,0xfe,0x35,0xff,0x3d,0xfe,0x35,0xff,0x3d,0xfe,0x35,0xff,0x3d,0xfe,0x35,0xff,0x3d,0xfe,0x35,0xff,0x3d,0xfe,0x35,0xff,0x3d,0xfe,0x35,
0xff,0x3d,0xfe,0x35,0xff,0x3d,0xfe,0x35,0xdf,0xeb,0xdf,0xe3,0xdf,0xeb,0xde,0xe3,0xdf,0xeb,0xdf,0xe3,0xdf,0xeb,0xde,0xe3,0xdf,0xeb,0xdf,0xe3,0xdf,0xeb,0xde,0xe3,
0xdf,0xeb,0xdf,0xe3,0xdf,0xeb,0xde,0xe3,0xdf,0xeb,0xdf,0xe3,0xdf,0xeb,0xde,0xe3,0xdf,0xeb,0xdf,0xe3,0xdf,0xeb,0xde,0xe3,0xdf,0xeb,0xdf,0xe3,0xdf,0xeb,0xde,0xe3,
0xdf,0xeb,0xdf,0xe3,0xdf,0xeb,0xde,0xe3,0xdf,0xeb,0xdf,0xe3,0xdf,0xeb,0xde,0xe3,0xdf,0xeb,0xdf,0xe3,0xdf,0xeb,0xde,0xe3,0xdf,0xeb,0xdf,0xe3,0xdf,0xeb,0xde,0xe3,
0xdf,0xeb,0xdf,0xe3,0xdf,0xeb,0xde,0xe3,0xdf,0xeb,0xdf,0xe3,0xdf,0xeb,0xde,0xe3,0xdf,0xeb,0xde,0xe3,0xdf,0xeb,0xde,0xe3,0xdf,0xeb,0xde,0xe3,0xdf,0xe3,0xde,0xe3,
0xde,0x35,0xdf,0x3d,0xde,0x35,0xff,0x3d,0xde,0x35,0xff,0x3d,0xde,0x35,0xff,0x3d,0xde,0x35,0xff,0x3d,0xde,0x35,0xff,0x3d,0xde,0x35,0xff,0x3d,0xde,0x35,0xff,0x3d,
0xde,0x35,0xff,0x3d,0xde,0x35,0xff,0x3d,0xde,0x35,0xff,0x3d,0xde,0x35,0xff,0x3d,0xde,0x35,0xff,0x3d,0xde,0x35,0xff,0x3d,0xde,0x35,0xff,0x3d,0xde,0x35,0xff,0x3d,
0xde,0x35,0xff,0x3d,0xde,0x35,0xff,0x3d,0xde,0x35,0xff,0x3d,0xde,0x35,0xff,0x3d,0xde,0x35,0xff,0x3d,0xde,0x35,0xff,0x3d,0xde,0x35,0xff,0x3d,0xde,0x35,0xff,0x3d,
0xde,0x35,0xff,0x3d,0xde,0x35,0xff,0x3d,0xde,0x35,0xff,0x3d,0xde,0x35,0xff,0x3d,0xde,0x35,0xff,0x3d,0xde,0x35,0xff,0x3d,0xbe,0xe3,0xdf,0xeb,0xbe,0xe3,0xdf,0xeb,
0xbe,0xe3,0xdf,0xeb,0xbe,0xe3,0xdf,0xeb,0xbe,0xe3,0xdf,0xeb,0xbe,0xe3,0xdf,0xeb,0xbe,0xe3,0xdf,0xeb,0xbe,0xe3,0xdf,0xeb,0xbe,0xe3,0xdf,0xeb,0xbe,0xe3,0xdf,0xeb,
0xbe,0xe3,0xdf,0xeb,0xbe,0xe3,0xdf,0xeb,0xbe,0xe3,0xdf,0xeb,0xbe,0xe3,0xdf,0xeb,0xbe,0xe3,0xdf,0xeb,0xbe,0xe3,0xdf,0xeb,0xbe,0xe3,0xdf,0xeb,0xbe,0xe3,0xdf,0xeb,
0xbe,0xe3,0xdf,0xeb,0xbe,0xe3,0xdf,0xeb,0xbe,0xe3,0xdf,0xeb,0xbe,0xe3,0xdf,0xeb,0xbe,0xe3,0xdf,0xeb,0xbe,0xe3,0xdf,0xeb,0xbe,0xe3,0xdf,0xeb,0xbe,0xe3,0xdf,0xeb,
0xbe,0xe3,0xdf,0xe3,0xbe,0xe3,0xdf,0xe3,0xbe,0xe3,0xdf,0xe3,0xbe,0xe3,0xdf,0xe3,0xff,0x3d,0xde,0x35,0xff,0x3d,0xde,0x35,0xff,0x3d,0xde,0x35,0xff,0x3d,0xfe,0x35,
0xff,0x3d,0xfe,0x35,0xff,0x3d,0xfe,0x35,0xff,0x3d,0xfe,0x35,0xff,0x3d,0xfe,0x35,0xff,0x3d,0xfe,0x35,0xff,0x3d,0xfe,0x35,0xff,0x3d,0xfe,0x35,0xff,0x3d,0xfe,0x35,
0xff,0x3d,0xfe,0x35,0xff,0x3d,0xfe,0x35,0xff,0x3d,0xfe,0x35,0xff,0x3d,0xfe,0x35,0xff,0x3d,0xfe,0x35,0xff,0x3d,0xfe,0x35,0xff,0x3d,0xfe,0x35,0xff,0x3d,0xfe,0x35,
0xff,0x3d,0xfe,0x35,0xff,0x3d,0xfe,0x35,0xff,0x3d,0xfe,0x35,0xff,0x3d,0xfe,0x35,0xff,0x3d,0xfe,0x35,0xff,0x3d,0xfe,0x35,0xff,0x3d,0xfe,0x35,0xff,0x3d,0xfe,0x35,
0xff,0x3d,0xfe,0x35,0xff,0x3d,0xfe,0x35,0xdf,0xeb,0xde,0xe3,0xdf,0xeb,0xdf,0xe3,0xdf,0xeb,0xde,0xe3,0xdf,0xeb,0xdf,0xe3,0xdf,0xeb,0xde,0xe3,0xdf,0xeb,0xdf,0xe3,
0xdf,0xeb,0xde,0xe3,0xdf,0xeb,0xdf,0xe3,0xdf,0xeb,0xde,0xe3,0xdf,0xeb,0xdf,0xe3,0xdf,0xeb,0xde,0xe3,0xdf,0xeb,0xdf,0xe3,0xdf,0xeb,0xde,0xe3,0xdf,0xeb,0xdf,0xe3,
0xdf,0xeb,0xde,0xe3,0xdf,0xeb,0xdf,0xe3,0xdf,0xeb,0xde,0xe3,0xdf,0xeb,0xdf,0xe3,0xdf,0xeb,0xde,0xe3,0xdf,0xeb,0xdf,0xe3,0xdf,0xeb,0xde,0xe3,0xdf,0xeb,0xdf,0xe3,
0xdf,0xeb,0xde,0xe3,0xdf,0xeb,0xdf,0xe3,0xdf,0xeb,0xde,0xe3,0xdf,0xeb,0xdf,0xe3,0xdf,0xeb,0xde,0xe3,0xdf,0xeb,0xde,0xe3,0xdf,0xeb,0xde,0xe3,0xdf,0xeb,0xde,0xe3,
0xde,0x35,0xff,0x3d,0xde,0x35,0xff,0x3d,0xde,0x35,0xff,0x3d,0xde,0x35,0xff,0x3d,0xde,0x35,0xff,0x3d,0xde,0x35,0xff,0x3d,0xde,0x35,0xff,0x3d,0xde,0x35,0xff,0x3d,
0xde,0x35,0xff,0x3d,0xde,0x35,0xff,0x3d,0xde,0x35,0xff,0x3d,0xde,0x35,0xff,0x3d,0xde,0x35,0xff,0x3d,0xde,0x35,0xff,0x3d,0xde,0x35,0xff,0x3d,0xde,0x35,0xff,0x3d,
0xde,0x35,0xff,0x3d,0xde,0x35,0xff,0x3d,0xde,0x35,0xff,0x3d,0xde,0x35,0xff,0x3d,0xde,0x35,0xff,0x3d,0xde,0x35,0xff,0x3d,0xde,0x35,0xff,0x3d,0xde,0x35,0xff,0x3d,
0xde,0x35,0xff,0x3d,0xde,0x35,0xff,0x3d,0xde,0x35,0xff,0x3d,0xde,0x35,0xff,0x3d,0xde,0x35,0xff,0x3d,0xde,0x35,0xff,0x3d,0xbe,0xe3,0xdf,0xeb,0xbe,0xe3,0xdf,0xeb,
0xbe,0xe3,0xdf,0xeb,0xbe,0xe3,0xdf,0xeb,0xbe,0xe3,0xdf,0xeb,0xbe,0xe3,0xdf,0xeb,0xbe,0xe3,0xdf,0xeb,0xbe,0xe3,0xdf,0xeb,0xbe,0xe3,0xdf,0xeb,0xbe,0xe3,0xdf,0xeb,
0xbe,0xe3,0xdf,0xeb,0xbe,0xe3,0xdf,0xeb,0xbe,0xe3,0xdf,0xeb,0xbe,0xe3,0xdf,0xeb,0xbe,0xe3,0xdf,0xeb,0xbe,0xe3,0xdf,0xeb,0xbe,0xe3,0xdf,0xeb,0xbe,0xe3,0xdf,0xeb,
0xbe,0xe3,0xdf,0xeb,0xbe,0xe3,0xdf,0xeb,0xbe,0xe3,0xdf,0xeb,0xbe,0xe3,0xdf,0xeb,0xbe,0xe3,0xdf,0xeb,0xbe,0xe3,0xdf,0xeb,0xbe,0xe3,0xdf,0xeb,0xbe,0xe3,0xdf,0xeb,
0xbe,0xe3,0xdf,0xeb,0xbe,0xe3,0xdf,0xe3,0xbe,0xe3,0xdf,0xe3,0xbe,0xe3,0xdf,0xe3,0xff,0x3d,0xde,0x35,0xff,0x3d,0xde,0x35,0xff,0x3d,0xfe,0x35,0xff,0x3d,0xfe,0x35,
0xff,0x3d,0xfe,0x35,0xff,0x3d,0xfe,0x35,0xff,0x3d,0xfe,0x35,0xff,0x3d,0xfe,0x35,0xff,0x3d,0xfe,0x35,0xff,0x3d,0xfe,0x35,0xff,0x3d,0xfe,0x35,0xff,0x3d,0xfe,0x35,
0xff,0x3d,0xfe,0x35,0xff,0x3d,0xfe,0x35,0xff,0x3d,0xfe,0x35,0xff,0x3d,0xfe,0x35,0xff,0x3d,0xfe,0x35,0xff,0x3d,0xfe,0x35,0xff,0x3d,0xfe,0x35,0xff,0x3d,0xfe,0x35,
0xff,0x3d,0xfe,0x35,0xff,0x3d,0xfe,0x35,0xff,0x3d,0xfe,0x35,0xff,0x3d,0xfe,0x35,0xff,0x3d,0xfe,0x35,0xff,0x3d,0xfe,0x35,0xff,0x3d,0xfe,0x35,0xff,0x3d,0xfe,0x35,
0xff,0x3d,0xfe,0x35,0xff,0x3d,0xfe,0x35,0xdf,0xeb,0xdf,0xe3,0xdf,0xeb,0xde,0xe3,0xdf,0xeb,0xdf,0xe3,0xdf,0xeb,0xde,0xe3,0xdf,0xeb,0xdf,0xe3,0xdf,0xeb,0xde,0xe3,
0xdf,0xeb,0xdf,0xe3,0xdf,0xeb,0xde,0xe3,0xdf,0xeb,0xdf,0xe3,0xdf,0xeb,0xde,0xe3,0xdf,0xeb,0xdf,0xe3,0xdf,0xeb,0xde,0xe3,0xdf,0xeb,0xdf,0xe3,0xdf,0xeb,0xde,0xe3,
0xdf,0xeb,0xdf,0xe3,0xdf,0xeb,0xde,0xe3,0xdf,0xeb,0xdf,0xe3,0xdf,0xeb,0xde,0xe3,0xdf,0xeb,0xdf,0xe3,0xdf,0xeb,0xde,0xe3,0xdf,0xeb,0xdf,0xe3,0xdf,0xeb,0xde,0xe3,
0xdf,0xeb,0xdf,0xe3,0xdf,0xeb,0xde,0xe3,0xdf,0xeb,0xdf,0xe3,0xdf,0xeb,0xde,0xe3,0xdf,0xeb,0xdf,0xe3,0xdf,0xeb,0xde,0xe3,0xdf,0xeb,0xde,0xe3,0xdf,0xeb,0xde,0xe3,
0xde,0x35,0xff,0x3d,0xde,0x35,0xff,0x3d,0xde,0x35,0xff,0x3d,0xde,0x35,0xff,0x3d,0xde,0x35,0xff,0x3d,0xde,0x35,0xff,0x3d,0xde,0x35,0xff,0x3d,0xde,0x35,0xff,0x3d,
0xde,0x35,0xff,0x3d,0xde,0x35,0xff,0x3d,0xde,0x35,0xff,0x3d,0xde,0x35,0xff,0x3d,0xde,0x35,0xff,0x3d,0xde,0x35,0xff,0x3d,0xde,0x35,0xff,0x3d,0xde,0x35,0xff,0x3d,
0xde,0x35,0xff,0x3d,0xde,0x35,0xff,0x3d,0xde,0x35,0xff,0x3d,0xde,0x35,0xff,0x3d,0xde,0x35,0xff,0x3d,0xde,0x35,0xff,0x3d,0xde,0x35,0xff,0x3d,0xde,0x35,0xff,0x3d,
0xde,0x35,0xff,0x3d,0xde,0x35,0xff,0x3d,0xde,0x35,0xff,0x3d,0xde,0x35,0xff,0x3d,0xde,0x35,0xff,0x3d,0xde,0x35,0xff,0x3d,0xbe,0xe3,0xdf,0xeb,0xbe,0xe3,0xdf,0xeb,
0xbe,0xe3,0xdf,0xeb,0xbe,0xe3,0xdf,0xeb,0xbe,0xe3,0xdf,0xeb,0xbe,0xe3,0xdf,0xeb,0xbe,0xe3,0xdf,0xeb,0xbe,0xe3,0xdf,0xeb,0xbe,0xe3,0xdf,0xeb,0xbe,0xe3,0xdf,0xeb,
0xbe,0xe3,0xdf,0xeb,0xbe,0xe3,0xdf,0xeb,0xbe,0xe3,0xdf,0xeb,0xbe,0xe3,0xdf,0xeb,0xbe,0xe3,0xdf,0xeb,0xbe,0xe3,0xdf,0xeb,0xbe,0xe3,0xdf,0xeb,0xbe,0xe3,0xdf,0xeb,
0xbe,0xe3,0xdf,0xeb,0xbe,0xe3,0xdf,0xeb,0xbe,0xe3,0xdf,0xeb,0xbe,0xe3,0xdf,0xeb,0xbe,0xe3,0xdf,0xeb,0xbe,0xe3,0xdf,0xeb,0xbe,0xe3,0xdf,0xeb,0xbe,0xe3,0xdf,0xeb,
0xbe,0xe3,0xdf,0xeb,0xbe,0xe3,0xdf,0xeb,0xbe,0xe3,0xdf,0xe3,0xbe,0xe3,0xdf,0xe3,0xff,0x3d,0xde,0x35,0xff,0x3d,0xfe,0x35,0xff,0x3d,0xfe,0x35,0xff,0x3d,0xfe,0x35,
0xff,0x3d,0xfe,0x35,0xff,0x3d,0xfe,0x35,0xff,0x3d,0xfe,0x35,0xff,0x3d,0xfe,0x35,0xff,0x3d,0xfe,0x35,0xff,0x3d,0xfe,0x35,0xff,0x3d,0xfe,0x35,0xff,0x3d,0xfe,0x35,
0xff,0x3d,0xfe,0x35,0xff,0x3d,0xfe,0x35,0xff,0x3d,0xfe,0x35,0xff,0x3d,0xfe,0x35,0xff,0x3d,0xfe,0x35,0xff,0x3d,0xfe,0x35,0xff,0x3d,0xfe,0x35,0xff,0x3d,0xfe,0x35,
0xff,0x3d,0xfe,0x35,0xff,0x3d,0xfe,0x35,0xff,0x3d,0xfe,0x35,0xff,0x3d,0xfe,0x35,0xff,0x3d,0xfe,0x35,0xff,0x3d,0xfe,0x35,0xff,0x3d,0xfe,0x35,0xff,0x3d,0xfe,0x35,
0xff,0x3d,0xfe,0x35,0xff,0x3d,0xfe,0x35,0xdf,0xeb,0xde,0xe3,0xdf,0xeb,0xdf,0xe3,0xdf,0xeb,0xde,0xe3,0xdf,0xeb,0xdf,0xe3,0xdf,0xeb,0xde,0xe3,0xdf,0xeb,0xdf,0xe3,
0xdf,0xeb,0xde,0xe3,0xdf,0xeb,0xdf,0xe3,0xdf,0xeb,0xde,0xe3,0xdf,0xeb,0xdf,0xe3,0xdf,0xeb,0xde,0xe3,0xdf,0xeb,0xdf,0xe3,0xdf,0xeb,0xde,0xe3,0xdf,0xeb,0xdf,0xe3,
0xdf,0xeb,0xde,0xe3,0xdf,0xeb,0xdf,0xe3,0xdf,0xeb,0xde,0xe3,0xdf,0xeb,0xdf,0xe3,0xdf,0xeb,0xde,0xe3,0xdf,0xeb,0xdf,0xe3,0xdf,0xeb,0xde,0xe3,0xdf,0xeb,0xdf,0xe3,
0xdf,0xeb,0xde,0xe3,0xdf,0xeb,0xdf,0xe3,0xdf,0xeb,0xde,0xe3,0xdf,0xeb,0xdf,0xe3,0xdf,0xeb,0xde,0xe3,0xdf,0xeb,0xdf,0xe3,0xdf,0xeb,0xde,0xe3,0xdf,0xeb,0xde,0xe3,
0xde,0x35,0xff,0x3d,0xde,0x35,0xff,0x3d,0xde,0x35,0xff,0x3d,0xde,0x35,0xff,0x3d,0xde,0x35,0xff,0x3d,0xde,0x35,0xff,0x3d,0xde,0x35,0xff,0x3d,0xde,0x35,0xff,0x3d,
0xde,0x35,0xff,0x3d,0xde,0x35,0xff,0x3d,0xde,0x35,0xff,0x3d,0xde,0x35,0xff,0x3d,0xde,0x35,0xff,0x3d,0xde,0x35,0xff,0x3d,0xde,0x35,0xff,0x3d,0xde,0x35,0xff,0x3d,
0xde,0x35,0xff,0x3d,0xde,0x35,0xff,0x3d,0xde,0x35,0xff,0x3d,0xde,0x35,0xff,0x3d,0xde,0x35,0xff,0x3d,0xde,0x35,0xff,0x3d,0xde,0x35,0xff,0x3d,0xde,0x35,0xff,0x3d,
0xde,0x35,0xff,0x3d,0xde,0x35,0xff,0x3d,0xde,0x35,0xff,0x3d,0xde,0x35,0xff,0x3d,0xde,0x35,0xff,0x3d,0xde,0x35,0xff,0x3d,0xbe,0xe3,0xdf,0xeb,0xbe,0xe3,0xdf,0xeb,
0xbe,0xe3,0xdf,0xeb,0xbe,0xe3,0xdf,0xeb,0xbe,0xe3,0xdf,0xeb,0xbe,0xe3,0xdf,0xeb,0xbe,0xe3,0xdf,0xeb,0xbe,0xe3,0xdf,0xeb,0xbe,0xe3,0xdf,0xeb,0xbe,0xe3,0xdf,0xeb,
0xbe,0xe3,0xdf,0xeb,0xbe,0xe3,0xdf,0xeb,0xbe,0xe3,0xdf,0xeb,0xbe,0xe3,0xdf,0xeb,0xbe,0xe3,0xdf,0xeb,0xbe,0xe3,0xdf,0xeb,0xbe,0xe3,0xdf,0xeb,0xbe,0xe3,0xdf,0xeb,
0xbe,0xe3,0xdf,0xeb,0xbe,0xe3,0xdf,0xeb,0xbe,0xe3,0xdf,0xeb,0xbe,0xe3,0xdf,0xeb,0xbe,0xe3,0xdf,0xeb,0xbe,0xe3,0xdf,0xeb,0xbe,0xe3,0xdf,0xeb,0xbe,0xe3,0xdf,0xeb,
0xbe,0xe3,0xdf,0xeb,0xbe,0xe3,0xdf,0xeb,0xbe,0xe3,0xdf,0xeb,0xbe,0xe3,0xdf,0xe3,0xff,0x3d,0xfe,0x35,0xff,0x3d,0xfe,0x35,0xff,0x3d,0xfe,0x35,0xff,0x3d,0xfe,0x35,
0xff,0x3d,0xfe,0x35,0xff,0x3d,0xfe,0x35,0xff,0x3d,0xfe,0x35,0xff,0x3d,0xfe,0x35,0xff,0x3d,0xfe,0x35,0xff,0x3d,0xfe,0x35,0xff,0x3d,0xfe,0x35,0xff,0x3d,0xfe,0x35,
0xff,0x3d,0xfe,0x35,0xff,0x3d,0xfe,0x35,0xff,0x3d,0xfe,0x35,0xff,0x3d,0xfe,0x35,0xff,0x3d,0xfe,0x35,0xff,0x3d,0xfe,0x35,0xff,0x3d,0xfe,0x35,0xff,0x3d,0xfe,0x35,
0xff,0x3d,0xfe,0x35,0xff,0x3d,0xfe,0x35,0xff,0x3d,0xfe,0x35,0xff,0x3d,0xfe,0x35,0xff,0x3d,0xfe,0x35,0xff,0x3d,0xfe,0x35,0xff,0x3d,0xfe,0x35,0xff,0x3d,0xfe,0x35,
0xff,0x3d,0xfe,0x35,0xff,0x3d,0xfe,0x35,0xdf,0xeb,0xdf,0xe3,0xdf,0xeb,0xde,0xe3,0xdf,0xeb,0xdf,0xe3,0xdf,0xeb,0xde,0xe3,0xdf,0xeb,0xdf,0xe3,0xdf,0xeb,0xde,0xe3,
0xdf,0xeb,0xdf,0xe3,0xdf,0xeb,0xde,0xe3,0xdf,0xeb,0xdf,0xe3,0xdf,0xeb,0xde,0xe3,0xdf,0xeb,0xdf,0xe3,0xdf,0xeb,0xde,0xe3,0xdf,0xeb,0xdf,0xe3,0xdf,0xeb,0xde,0xe3,
0xdf,0xeb,0xdf,0xe3,0xdf,0xeb,0xde,0xe3,0xdf,0xeb,0xdf,0xe3,0xdf,0xeb,0xde,0xe3,0xdf,0xeb,0xdf,0xe3,0xdf,0xeb,0xde,0xe3,0xdf,0xeb,0xdf,0xe3,0xdf,0xeb,0xde,0xe3,
0xdf,0xeb,0xdf,0xe3,0xdf,0xeb,0xde,0xe3,0xdf,0xeb,0xdf,0xe3,0xdf,0xeb,0xde,0xe3,0xdf,0xeb,0xdf,0xe3,0xdf,0xeb,0xde,0xe3,0xdf,0xeb,0xdf,0xe3,0xdf,0xeb,0xde,0xe3
};
const lv_image_dsc_t img_ring_small = {
    .header = {.magic = LV_IMAGE_HEADER_MAGIC, .cf = LV_COLOR_FORMAT_RGB565, .w = 120, .h = 120, .stride = 240},
    .data_size = sizeof(map),
    .data = map,
};
