#include "lvgl.h"
// Generated by tools/gen_images.py
static const uint8_t map[] __attribute__((aligned(4))) = {
0x00,0x00,0x00,0x00,0x00,0x00,0x00,0x00,0x00,0x00,0x00,0x00,0x00,0x00,0x00,0x00,0x00,0x00,0x00,0x00,0x00,0x00,0x00,0x00,0x00,0x00,0x00,0x00,0x00,0x00,0x00,0x00,
0x00,0x00,0x00,0x00,0x00,0x00,0x00,0x00,0x00,0x00,0x00,0x00,0x00,0x00,0x00,0x00,0x00,0x00,0x00,0x00,0x00,0x00,0x00,0x00,0x00,0x00,0x00,0x00,0x00,0x00,0x00,0x00,
0x00,0x00,0x00,0x00,0x00,0x00,0x00,0x00,0x00,0x00,0x00,0x00,0x00,0x00,0x00,0x00,0x00,0x00,0x00,0x00,0x00,0x00,0x00,0x00,0x00,0x00,0x00,0x00,0x00,0x00,0x00,0x00,
0x00,0x00,0x00,0x00,0x00,0x00,0x00,0x00,0x00,0x00,0x00,0x00,0x00,0x00,0x00,0x00,0x00,0x00,0x00,0x00,0x00,0x00,0x00,0x00,0x00,0x00,0x00,0x00,0x00,0x00,0x00,0x00,
0x00,0x00,0x00,0x00,0x00,0x00,0x00,0x00,0x00,0x00,0x00,0x00,0x00,0x00,0x00,0x00,0x00,0x00,0x00,0x00,0x00,0x00,0x00,0x00,0x00,0x00,0x00,0x00,0x00,0x00,0x00,0x00,
0x00,0x00,0x00,0x00,0x00,0x00,0x00,0x00,0x00,0x00,0x00,0x00,0x00,0x00,0x00,0x00,0x00,0x00,0x00,0x00,0x00,0x00,0x00,0x00,0x00,0x00,0x00,0x00,0x00,0x00,0x00,0x00,
0x00,0x00,0x00,0x00,0x00,0x00,0x00,0x00,0x00,0x00,0x00,0x00,0x00,0x00,0x00,0x00,0x00,0x00,0x00,0x00,0x00,0x00,0x00,0x00,0x00,0x00,0x00,0x00,0x00,0x00,0x00,0x00,
0x00,0x00,0x00,0x00,0x00,0x00,0x00,0x00,0x00,0x00,0x00,0x00,0x00,0x00,0x00,0x00,0x00,0x00,0x00,0x00,0x00,0x00,0x00,0x00,0x00,0x00,0x00,0x00,0x00,0x00,0x00,0x00,
0x00,0x00,0x00,0x00,0x00,0x00,0x00,0x00,0x00,0x00,0x00,0x00,0x00,0x00,0x00,0x00,0x00,0x00,0x00,0x00,0x00,0x00,0x00,0x00,0x00,0x00,0x00,0x00,0x00,0x00,0x00,0x00,
0x00,0x00,0x00,0x00,0x00,0x00,0x00,0x00,0x00,0x00,0x00,0x00,0x00,0x00,0x00,0x00,0x00,0x00,0x00,0x00,0x00,0x00,0x00,0x00,0x00,0x00,0x00,0x00,0x00,0x00,0x00,0x00,
0x00,0x00,0x00,0x00,0x00,0x00,0x00,0x00,0x00,0x00,0x00,0x00,0x00,0x00,0x00,0x00,0x00,0x00,0x00,0x00,0x00,0x00,0x00,0x00,0x00,0x00,0x00,0x00,0x00,0x00,0x00,0x00,
0x00,0x00,0x00,0x00,0x00,0x00,0x00,0x00,0x00,0x00,0x00,0x00,0x00,0x00,0x00,0x00,0x00,0x00,0x00,0x00,0x00,0x00,0x00,0x00,0x00,0x00,0x00,0x00,0x00,0x00,0x00,0x00,
0x00,0x00,0x00,0x00,0x00,0x00,0x00,0x00,0x00,0x00,0x00,0x00,0x00,0x00,0x00,0x00,0x00,0x00,0x00,0x00,0x00,0x00,0x00,0x00,0x00,0x00,0x00,0x00,0x00,0x00,0x00,0x00,
0x00,0x00,0x00,0x00,0x00,0x00,0x00,0x00,0x00,0x00,0x00,0x00,0x00,0x00,0x00,0x00,0x00,0x00,0x00,0x00,0x00,0x00,0x00,0x00,0x00,0x00,0x00,0x00,0x00,0x00,0x00,0x00,
0x00,0x00,0x00,0x00,0x00,0x00,0x00,0x00,0x00,0x00,0x00,0x00,0x00,0x00,0x00,0x00,0x00,0x00,0x00,0x00,0x00,0x00,0x00,0x00,0x00,0x00,0x00,0x00,0x00,0x00,0x00,0x00,
0x00,0x00,0x00,0x00,0x00,0x00,0x00,0x00,0x00,0x00,0x00,0x00,0x00,0x00,0x00,0x00,0x00,0x00,0x00,0x00,0x00,0x00,0x00,0x00,0x00,0x00,0x00,0x00,0x00,0x00,0x00,0x00,
0x00,0x00,0x00,0x00,0x00,0x00,0x00,0x00,0x00,0x00,0x00,0x00,0x00,0x00,0x00,0x00,0x00,0x00,0x00,0x00,0x00,0x00,0x00,0x00,0x00,0x00,0x00,0x00,0x00,0x00,0x00,0x00,
0x00,0x00,0x00,0x00,0x00,0x00,0x00,0x00,0x00,0x00,0x00,0x00,0x00,0x00,0x00,0x00,0x00,0x00,0x00,0x00,0x00,0x00,0x00,0x00,0x00,0x00,0x00,0x00,0x00,0x00,0x00,0x00,
0x00,0x00,0x00,0x00,0x00,0x00,0x00,0x00,0x00,0x00,0x00,0x00,0x00,0x00,0x00,0x00,0x00,0x00,0x00,0x00,0x00,0x00,0x00,0x00,0x00,0x00,0x00,0x00,0x00,0x00,0x00,0x00,
0x00,0x00,0x00,0x00,0x00,0x00,0x00,0x00,0x00,0x00,0x00,0x00,0x00,0x00,0x00,0x00,0x00,0x00,0x00,0x00,0x00,0x00,0x00,0x00,0x00,0x00,0x00,0x00,0x00,0x00,0x00,0x00,
0x00,0x00,0x00,0x00,0x00,0x00,0x00,0x00,0x00,0x00,0x00,0x00,0x00,0x00,0x00,0x00,0x00,0x00,0x00,0x00,0x00,0x00,0x00,0x00,0x00,0x00,0x00,0x00,0x00,0x00,0x00,0x00,
0x00,0x00,0x00,0x00,0x00,0x00,0x00,0x00,0x00,0x00,0x00,0x00,0x00,0x00,0x00,0x00,0x00,0x00,0x00,0x00,0x00,0x00,0x00,0x00,0x00,0x00,0x00,0x00,0x00,0x00,0x00,0x00,
0x00,0x00,0x00,0x00,0x00,0x00,0x00,0x00,0x00,0x00,0x00,0x00,0x00,0x00,0x00,0x00,0x00,0x00,0x00,0x00,0x00,0x00,0x00,0x00,0x00,0x00,0x00,0x00,0x00,0x00,0x00,0x00,
0x00,0x00,0x00,0x00,0x00,0x00,0x00,0x00,0x00,0x00,0x00,0x00,0x00,0x00,0x00,0x00,0x00,0x00,0x00,0x00,0x00,0x00,0x00,0x00,0x00,0x00,0x00,0x00,0x00,0x00,0x00,0x00,
0x00,0x00,0x00,0x00,0x00,0x00,0x00,0x00,0x00,0x00,0x00,0x00,0x00,0x00,0x00,0x00,0x00,0x00,0x00,0x00,0x00,0x00,0x00,0x00,0x00,0x00,0x00,0x00,0x00,0x00,0x00,0x00,
0x00,0x00,0x00,0x00,0x00,0x00,0x00,0x00,0x00,0x00,0x00,0x00,0x00,0x00,0x00,0x00,0x00,0x00,0x00,0x00,0x00,0x00,0x00,0x00,0x00,0x00,0x00,0x00,0x00,0x00,0x00,0x00,
0x00,0x00,0x00,0x00,0x00,0x00,0x00,0x00,0x00,0x00,0x00,0x00,0x00,0x00,0x00,0x00,0x00,0x00,0x00,0x00,0x00,0x00,0x00,0x00,0x00,0x00,0x00,0x00,0x00,0x00,0x00,0x00,
0x00,0x00,0x00,0x00,0x00,0x00,0x00,0x00,0x00,0x00,0x00,0x00,0x00,0x00,0x00,0x00,0x00,0x00,0x00,0x00,0x00,0x00,0x00,0x00,0x00,0x00,0x00,0x00,0x00,0x00,0x00,0x00,
0x00,0x00,0x00,0x00,0x00,0x00,0x00,0x00,0x00,0x00,0x00,0x00,0x00,0x00,0x00,0x00,0x00,0x00,0x00,0x00,0x00,0x00,0x00,0x00,0x00,0x00,0x00,0x00,0x00,0x00,0x00,0x00,
0x00,0x00,0x00,0x00,0x00,0x00,0x00,0x00,0x00,0x00,0x00,0x00,0x00,0x00,0x00,0x00,0x00,0x00,0x00,0x00,0x00,0x00,0x00,0x00,0x00,0x00,0x00,0x00,0x00,0x00,0x00,0x00,
0x00,0x00,0x00,0x00,0x00,0x00,0x00,0x00,0x00,0x00,0x00,0x00,0x00,0x00,0x00,0x00,0x00,0x00,0x00,0x00,0x00,0x00,0x00,0x00,0x00,0x00,0x00,0x00,0x00,0x00,0x00,0x00,
0x00,0x00,0x00,0x00,0x00,0x00,0x00,0x00,0x00,0x00,0x00,0x00,0x00,0x00,0x00,0x00,0x00,0x00,0x00,0x00,0x00,0x00,0x00,0x00,0x00,0x00,0x00,0x00,0x00,0x00,0x00,0x00,
0x00,0x00,0x00,0x00,0x00,0x00,0x00,0x00,0x00,0x00,0x00,0x00,0x00,0x00,0x00,0x00,0x00,0x00,0x00,0x00,0x00,0x00,0x00,0x00,0x00,0x00,0x00,0x00,0x00,0x00,0x00,0x00,
0x00,0x00,0x00,0x00,0x00,0x00,0x00,0x00,0x00,0x00,0x00,0x00,0x00,0x00,0x00,0x00,0x00,0x00,0x00,0x00,0x00,0x00,0x00,0x00,0x00,0x00,0x00,0x00,0x00,0x00,0x00,0x00,
0x00,0x00,0x00,0x00,0x00,0x00,0x00,0x00,0x00,0x00,0x00,0x00,0x00,0x00,0x00,0x00,0x00,0x00,0x00,0x00,0x00,0x00,0x00,0x00,0x00,0x00,0x00,0x00,0x00,0x00,0x00,0x00,
0x00,0x00,0x00,0x00,0x00,0x00,0x00,0x00,0x00,0x00,0x00,0x00,0x00,0x00,0x00,0x00,0x00,0x00,0x00,0x00,0x00,0x00,0x00,0x00,0x00,0x00,0x00,0x00,0x00,0x00,0x00,0x00,
0x00,0x00,0x00,0x00,0x00,0x00,0x00,0x00,0x00,0x00,0x00,0x00,0x00,0x00,0x00,0x00,0x00,0x00,0x00,0x00,0x00,0x00,0x00,0x00,0x00,0x00,0x00,0x00,0x00,0x00,0x00,0x00,
0x00,0x00,0x00,0x00,0x00,0x00,0x00,0x00,0x00,0x00,0x00,0x00,0x00,0x00,0x00,0x00,0x00,0x00,0x00,0x00,0x00,0x00,0x00,0x00,0x00,0x00,0x00,0x00,0x00,0x00,0x00,0x00,
0x00,0x00,0x00,0x00,0x00,0x00,0x00,0x00,0x00,0x00,0x00,0x00,0x00,0x00,0x00,0x00,0x00,0x00,0x00,0x00,0x00,0x00,0x00,0x00,0x00,0x00,0x00,0x00,0x00,0x00,0x00,0x00,
0x00,0x00,0x00,0x00,0x00,0x00,0x00,0x00,0x00,0x00,0x00,0x00,0x00,0x00,0x00,0x00,0x00,0x00,0x00,0x00,0x00,0x00,0x00,0x00,0x00,0x00,0x00,0x00,0x00,0x00,0x00,0x00,
0x00,0x00,0x00,0x00,0x00,0x00,0x00,0x00,0x00,0x00,0x00,0x00,0x00,0x00,0x00,0x00,0x00,0x00,0x00,0x00,0x00,0x00,0x00,0x00,0x00,0x00,0x00,0x00,0x00,0x00,0x00,0x00,
0x00,0x00,0x00,0x00,0x00,0x00,0x00,0x00,0x00,0x00,0x00,0x00,0x00,0x00,0x00,0x00,0x00,0x00,0x00,0x00,0x00,0x00,0x00,0x00,0x00,0x00,0x00,0x00,0x00,0x00,0x00,0x00,
0x00,0x00,0x00,0x00,0x00,0x00,0x00,0x00,0x00,0x00,0x00,0x00,0x00,0x00,0x00,0x00,0x00,0x00,0x00,0x00,0x00,0x00,0x00,0x00,0x00,0x00,0x00,0x00,0x00,0x00,0x00,0x00,
0x00,0x00,0x00,0x00,0x00,0x00,0x00,0x00,0x00,0x00,0x00,0x00,0x00,0x00,0x00,0x00,0x00,0x00,0x00,0x00,0x00,0x00,0x00,0x00,0x00,0x00,0x00,0x00,0x00,0x00,0x00,0x00,
0x00,0x00,0x00,0x00,0x00,0x00,0x00,0x00,0x00,0x00,0x00,0x00,0x00,0x00,0x00,0x00,0x00,0x00,0x00,0x00,0x00,0x00,0x00,0x00,0x00,0x00,0x00,0x00,0x00,0x00,0x00,0x00,
0x00,0x00,0x00,0x00,0x00,0x00,0x00,0x00,0x00,0x00,0x00,0x00,0x00,0x00,0x00,0x00,0x00,0x00,0x00,0x00,0x00,0x00,0x00,0x00,0x00,0x00,0x00,0x00,0x00,0x00,0x00,0x00,
0x00,0x00,0x00,0x00,0x00,0x00,0x00,0x00,0x00,0x00,0x00,0x00,0x00,0x00,0x00,0x00,0x00,0x00,0x00,0x00,0x00,0x00,0x00,0x00,0x00,0x00,0x00,0x00,0x00,0x00,0x00,0x00,
0x00,0x00,0x00,0x00,0x00,0x00,0x00,0x00,0x00,0x00,0x00,0x00,0x00,0x00,0x00,0x00,0x00,0x00,0x00,0x00,0x00,0x00,0x00,0x00,0x00,0x00,0x00,0x00,0x00,0x00,0x00,0x00,
0x00,0x00,0x00,0x00,0x00,0x00,0x00,0x00,0x00,0x00,0x00,0x00,0x00,0x00,0x00,0x00,0x00,0x00,0x00,0x00,0x00,0x00,0x00,0x00,0x00,0x00,0x00,0x00,0x00,0x00,0x00,0x00,
0x00,0x00,0x00,0x00,0x00,0x00,0x00,0x00,0x00,0x00,0x00,0x00,0x00,0x00,0x00,0x00,0x00,0x00,0x00,0x00,0x00,0x00,0x00,0x00,0x00,0x00,0x00,0x00,0x00,0x00,0x00,0x00,
0x00,0x00,0x00,0x00,0x00,0x00,0x00,0x00,0x00,0x00,0x00,0x00,0x00,0x00,0x00,0x00,0x00,0x00,0x00,0x00,0x00,0x00,0x00,0x00,0x00,0x00,0x00,0x00,0x00,0x00,0x00,0x00,
0x00,0x00,0x00,0x00,0x00,0x00,0x00,0x00,0x00,0x00,0x00,0x00,0x00,0x00,0x00,0x00,0x00,0x00,0x00,0x00,0x00,0x00,0x00,0x00,0x00,0x00,0x00,0x00,0x00,0x00,0x00,0x00,
0x00,0x00,0x00,0x00,0x00,0x00,0x00,0x00,0x00,0x00,0x00,0x00,0x00,0x00,0x00,0x00,0x00,0x00,0x00,0x00,0x00,0x00,0x00,0x00,0x00,0x00,0x00,0x00,0x00,0x00,0x00,0x00,
0x00,0x00,0x00,0x00,0x00,0x00,0x00,0x00,0x00,0x00,0x00,0x00,0x00,0x00,0x00,0x00,0x00,0x00,0x00,0x00,0x00,0x00,0x00,0x00,0x00,0x00,0x00,0x00,0x00,0x00,0x00,0x00,
0x00,0x00,0x00,0x00,0x00,0x00,0x00,0x00,0x00,0x00,0x00,0x00,0x00,0x00,0x00,0x00,0x00,0x00,0x00,0x00,0x00,0x00,0x00,0x00,0x00,0x00,0x00,0x00,0x00,0x00,0x00,0x00,
0x00,0x00,0x00,0x00,0x00,0x00,0x00,0x00,0x00,0x00,0x00,0x00,0x00,0x00,0x00,0x00,0x00,0x00,0x00,0x00,0x00,0x00,0x00,0x00,0x00,0x00,0x00,0x00,0x00,0x00,0x00,0x00,
0x00,0x00,0x00,0x00,0x00,0x00,0x00,0x00,0x00,0x00,0x00,0x00,0x00,0x00,0x00,0x00,0x00,0x00,0x00,0x00,0x00,0x00,0x00,0x00,0x00,0x00,0x00,0x00,0x00,0x00,0x00,0x00,
0x00,0x00,0x00,0x00,0x00,0x00,0x00,0x00,0x00,0x00,0x00,0x00,0x00,0x00,0x00,0x00,0x00,0x00,0x00,0x00,0x00,0x00,0x00,0x00,0x00,0x00,0x00,0x00,0x00,0x00,0x00,0x00,
0x00,0x00,0x00,0x00,0x00,0x00,0x00,0x00,0x00,0x00,0x00,0x00,0x00,0x00,0x00,0x00,0x00,0x00,0x00,0x00,0x00,0x00,0x00,0x00,0x00,0x00,0x00,0x00,0x00,0x00,0x00,0x00,
0x00,0x00,0x00,0x00,0x00,0x00,0x00,0x00,0x00,0x00,0x00,0x00,0x00,0x00,0x00,0x00,0x00,0x00,0x00,0x00,0x00,0x00,0x00,0x00,0x00,0x00,0x00,0x00,0x00,0x00,0x00,0x00,
0x00,0x00,0x00,0x00,0x00,0x00,0x00,0x00,0x00,0x00,0x00,0x00,0x00,0x00,0x00,0x00,0x00,0x00,0x00,0x00,0x00,0x00,0x00,0x00,0x00,0x00,0x00,0x00,0x00,0x00,0x00,0x00,
0x00,0x00,0x00,0x00,0x00,0x00,0x00,0x00,0x00,0x00,0x00,0x00,0x00,0x00,0x00,0x00,0x00,0x00,0x00,0x00,0x00,0x00,0x00,0x00,0x00,0x00,0x00,0x00,0x00,0x00,0x00,0x00,
0x00,0x00,0x00,0x00,0x00,0x00,0x00,0x00,0x00,0x00,0x00,0x00,0x00,0x00,0x00,0x00,0x00,0x00,0x00,0x00,0x00,0x00,0x00,0x00,0x00,0x00,0xba,0x82,0x5c,0x72,0x5b,0x6a,
0x3b,0x6a,0x3a,0x62,0x99,0x61,0x00,0x00,0x00,0x00,0x00,0x00,0x00,0x00,0x00,0x00,0x00,0x00,0x00,0x00,0x00,0x00,0x00,0x00,0x00,0x00,0x00,0x00,0x00,0x00,0x00,0x00,
0x00,0x00,0x00,0x00,0x00,0x00,0x00,0x00,0x00,0x00,0x00,0x00,0x00,0x00,0x00,0x00,0x00,0x00,0x00,0x00,0x00,0x00,0x00,0x00,0x00,0x00,0x00,0x00,0x00,0x00,0x00,0x00,
0x00,0x00,0x00,0x00,0x00,0x00,0x00,0x00,0x00,0x00,0x00,0x00,0x00,0x00,0x00,0x00,0x00,0x00,0x00,0x00,0x00,0x00,0x00,0x00,0x00,0x00,0x00,0x00,0x00,0x00,0x00,0x00,
0x00,0x00,0x00,0x00,0x00,0x00,0x00,0x00,0x00,0x00,0x00,0x00,0x00,0x00,0x00,0x00,0x00,0x00,0x00,0x00,0x00,0x00,0x00,0x00,0x00,0x00,0x00,0x00,0x00,0x00,0x00,0x00,
0x00,0x00,0x00,0x00,0x00,0x00,0x00,0x00,0x00,0x00,0x00,0x00,0x00,0x00,0x00,0x00,0x00,0x00,0x00,0x00,0x00,0x00,0x00,0x00,0x00,0x00,0x00,0x00,0x00,0x00,0x00,0x00,
0x00,0x00,0x00,0x00,0x00,0x00,0x00,0x00,0x00,0x00,0x00,0x00,0x00,0x00,0x00,0x00,0x00,0x00,0x00,0x00,0x00,0x00,0x00,0x00,0x00,0x00,0x5c,0x72,0x5b,0x6a,0x3b,0x6a,
0x3a,0x62,0x19,0x62,0xf9,0x59,0x00,0x00,0x00,0x00,0x00,0x00,0x00,0x00,0x00,0x00,0x00,0x00,0x00,0x00,0x00,0x00,0x00,0x00,0x00,0x00,0x00,0x00,0x00,0x00,0x00,0x00,
0x00,0x00,0x00,0x00,0x00,0x00,0x00,0x00,0x00,0x00,0x00,0x00,0x00,0x00,0x00,0x00,0x00,0x00,0x00,0x00,0x00,0x00,0x00,0x00,0x00,0x00,0x00,0x00,0x00,0x00,0x00,0x00,
0x00,0x00,0x00,0x00,0x00,0x00,0x00,0x00,0x00,0x00,0x00,0x00,0x00,0x00,0x00,0x00,0x00,0x00,0x00,0x00,0x00,0x00,0x00,0x00,0x00,0x00,0x00,0x00,0x00,0x00,0x00,0x00,
0x00,0x00,0x00,0x00,0x00,0x00,0x00,0x00,0x00,0x00,0x00,0x00,0x00,0x00,0x00,0x00,0x00,0x00,0x00,0x00,0x00,0x00,0x00,0x00,0x00,0x00,0x00,0x00,0x00,0x00,0x00,0x00,
0x00,0x00,0x00,0x00,0x00,0x00,0x00,0x00,0x00,0x00,0x00,0x00,0x00,0x00,0x00,0x00,0x00,0x00,0x00,0x00,0x00,0x00,0x00,0x00,0x00,0x00,0x00,0x00,0x00,0x00,0x00,0x00,
0x00,0x00,0x00,0x00,0x00,0x00,0x00,0x00,0x00,0x00,0x00,0x00,0x00,0x00,0x00,0x00,0x00,0x00,0x00,0x00,0x00,0x00,0x00,0x00,0x00,0x00,0x5b,0x6a,0x3a,0x6a,0x3a,0x62,
0x19,0x5a,0x19,0x5a,0xf8,0x51,0x00,0x00,0x00,0x00,0x00,0x00,0x00,0x00,0x00,0x00,0x00,0x00,0x00,0x00,0x00,0x00,0x00,0x00,0x00,0x00,0x00,0x00,0x00,0x00,0x00,0x00,
0x00,0x00,0x00,0x00,0x00,0x00,0x00,0x00,0x00,0x00,0x00,0x00,0x00,0x00,0x00,0x00,0x00,0x00,0x00,0x00,0x00,0x00,0x00,0x00,0x00,0x00,0x00,0x00,0x00,0x00,0x00,0x00,
0x00,0x00,0x00,0x00,0x00,0x00,0x00,0x00,0x00,0x00,0x00,0x00,0x00,0x00,0x00,0x00,0x00,0x00,0x00,0x00,0x00,0x00,0x00,0x00,0x00,0x00,0x00,0x00,0x00,0x00,0x00,0x00,
0x00,0x00,0x00,0x00,0x00,0x00,0x00,0x00,0x00,0x00,0x00,0x00,0x00,0x00,0x00,0x00,0x00,0x00,0x00,0x00,0x00,0x00,0x00,0x00,0x00,0x00,0x00,0x00,0x00,0x00,0x00,0x00,
0x00,0x00,0x00,0x00,0x00,0x00,0x00,0x00,0x00,0x00,0x00,0x00,0x00,0x00,0x00,0x00,0x00,0x00,0x00,0x00,0x00,0x00,0x00,0x00,0x00,0x00,0x00,0x00,0x00,0x00,0x00,0x00,
0x00,0x00,0x00,0x00,0x00,0x00,0x00,0x00,0x00,0x00,0x00,0x00,0x00,0x00,0x00,0x00,0x00,0x00,0x00,0x00,0x00,0x00,0x00,0x00,0x1f,0x00,0x3a,0x6a,0x3a,0x62,0x19,0x5a,
0x19,0x5a,0xf8,0x51,0xf8,0x49,0x00,0x00,0x00,0x00,0x00,0x00,0x00,0x00,0x00,0x00,0x00,0x00,0x00,0x00,0x00,0x00,0x00,0x00,0x00,0x00,0x00,0x00,0x00,0x00,0x00,0x00,
0x00,0x00,0x00,0x00,0x00,0x00,0x00,0x00,0x00,0x00,0x00,0x00,0x00,0x00,0x00,0x00,0x00,0x00,0x00,0x00,0x00,0x00,0x00,0x00,0x00,0x00,0x00,0x00,0x00,0x00,0x00,0x00,
0x00,0x00,0x00,0x00,0x00,0x00,0x00,0x00,0x00,0x00,0x00,0x00,0x00,0x00,0x00,0x00,0x00,0x00,0x00,0x00,0x00,0x00,0x00,0x00,0x00,0x00,0x00,0x00,0x00,0x00,0x00,0x00,
0x00,0x00,0x00,0x00,0x00,0x00,0x00,0x00,0x00,0x00,0x00,0x00,0x00,0x00,0x00,0x00,0x00,0x00,0x00,0x00,0x00,0x00,0x00,0x00,0x00,0x00,0x00,0x00,0x00,0x00,0x00,0x00,
0x00,0x00,0x00,0x00,0x00,0x00,0x00,0x00,0x00,0x00,0x00,0x00,0x00,0x00,0x00,0x00,0x00,0x00,0x00,0x00,0x00,0x00,0x00,0x00,0x00,0x00,0x00,0x00,0x00,0x00,0x00,0x00,
0x00,0x00,0x00,0x00,0x00,0x00,0x00,0x00,0x00,0x00,0x00,0x00,0x00,0x00,0x00,0x00,0x00,0x00,0x00,0x00,0x00,0x00,0x00,0x00,0x1f,0x84,0x1a,0x62,0x19,0x5a,0x19,0x5a,
0xf8,0x51,0xf8,0x49,0xd7,0x49,0x00,0x00,0x00,0x00,0x00,0x00,0x00,0x00,0x00,0x00,0x00,0x00,0x00,0x00,0x00,0x00,0x00,0x00,0x00,0x00,0x00,0x00,0x00,0x00,0x00,0x00,
0x00,0x00,0x00,0x00,0x00,0x00,0x00,0x00,0x00,0x00,0x00,0x00,0x00,0x00,0x00,0x00,0x00,0x00,0x00,0x00,0x00,0x00,0x00,0x00,0x00,0x00,0x00,0x00,0x00,0x00,0x00,0x00,
0x00,0x00,0x00,0x00,0x00,0x00,0x00,0x00,0x00,0x00,0x00,0x00,0x00,0x00,0x00,0x00,0x00,0x00,0x00,0x00,0x00,0x00,0x00,0x00,0x00,0x00,0x00,0x00,0x00,0x00,0x00,0x00,
0x00,0x00,0x00,0x00,0x00,0x00,0x00,0x00,0x00,0x00,0x00,0x00,0x00,0x00,0x00,0x00,0x00,0x00,0x00,0x00,0x00,0x00,0x00,0x00,0x00,0x00,0x00,0x00,0x00,0x00,0x00,0x00,
0x00,0x00,0x00,0x00,0x00,0x00,0x00,0x00,0x00,0x00,0x00,0x00,0x00,0x00,0x00,0x00,0x00,0x00,0x00,0x00,0x00,0x00,0x00,0x00,0x00,0x00,0x00,0x00,0x00,0x00,0x00,0x00,
0x00,0x00,0x00,0x00,0x00,0x00,0x00,0x00,0x00,0x00,0x00,0x00,0x00,0x00,0x00,0x00,0x00,0x00,0x00,0x00,0x00,0x00,0x00,0x00,0xb5,0x52,0x19,0x5a,0xf9,0x59,0xf8,0x51,
0xf8,0x49,0xd7,0x49,0xd6,0x41,0x00,0x00,0x00,0x00,0x00,0x00,0x00,0x00,0x00,0x00,0x00,0x00,0x00,0x00,0x00,0x00,0x00,0x00,0x00,0x00,0x00,0x00,0x00,0x00,0x00,0x00,
0x00,0x00,0x00,0x00,0x00,0x00,0x00,0x00,0x00,0x00,0x00,0x00,0x00,0x00,0x00,0x00,0x00,0x00,0x00,0x00,0x00,0x00,0x00,0x00,0x00,0x00,0x00,0x00,0x00,0x00,0x00,0x00,
0x00,0x00,0x00,0x00,0x00,0x00,0x00,0x00,0x00,0x00,0x00,0x00,0x00,0x00,0x00,0x00,0x00,0x00,0x00,0x00,0x00,0x00,0x00,0x00,0x00,0x00,0x00,0x00,0x00,0x00,0x00,0x00,
0x00,0x00,0x00,0x00,0x00,0x00,0x00,0x00,0x00,0x00,0x00,0x00,0x00,0x00,0x00,0x00,0x00,0x00,0x00,0x00,0x00,0x00,0x00,0x00,0x00,0x00,0x00,0x00,0x00,0x00,0x00,0x00,
0x00,0x00,0x00,0x00,0x00,0x00,0x00,0x00,0x00,0x00,0x00,0x00,0x00,0x00,0x00,0x00,0x00,0x00,0x00,0x00,0x00,0x00,0x00,0x00,0x00,0x00,0xbf,0xbb,0xbf,0xbb,0xbf,0xbb,
0xbf,0xbb,0xbf,0xb3,0xbf,0xb3,0xbf,0xb3,0xbf,0xb3,0x9f,0xab,0x9f,0xab,0x9f,0xab,0x9f,0xab,0x9f,0xab,0x9f,0xa3,0x7f,0xa3,0x7f,0xa3,0x7f,0xa3,0x7f,0xa3,0x7f,0x9b,
0x7f,0x9b,0x7f,0x9b,0x5f,0x9b,0x5f,0x9b,0x5f,0x93,0x5f,0x93,0x3f,0x93,0x3f,0x93,0x3f,0x93,0x3f,0x8b,0x3e,0x8b,0x1e,0x8b,0x1e,0x8b,0x1e,0x83,0x1e,0x83,0xfe,0x82,
0xfe,0x82,0xfe,0x82,0xfe,0x82,0x00,0x00,0x00,0x00,0x00,0x00,0x00,0x00,0x00,0x00,0x00,0x00,0x00,0x00,0x00,0x00,0x00,0x00,0x00,0x00,0x00,0x00,0x00,0x00,0x00,0x00,
0x00,0x00,0x00,0x00,0x00,0x00,0x00,0x00,0x00,0x00,0x00,0x00,0x00,0x00,0x00,0x00,0x00,0x00,0x00,0x00,0x00,0x00,0x00,0x00,0x00,0x00,0x00,0x00,0x00,0x00,0x00,0x00,
0x00,0x00,0x00,0x00,0x00,0x00,0x00,0x00,0x00,0x00,0x00,0x00,0x00,0x00,0x00,0x00,0x00,0x00,0x00,0x00,0x00,0x00,0x00,0x00,0x00,0x00,0x00,0x00,0x00,0x00,0x00,0x00,
0x00,0x00,0x00,0x00,0x00,0x00,0x00,0x00,0x00,0x00,0x00,0x00,0x00,0x00,0x00,0x00,0x00,0x00,0x00,0x00,0x00,0x00,0xdf,0xbb,0xdf,0xbb,0xbf,0xbb,0xbf,0xbb,0xbf,0xbb,
0xbf,0xb3,0xbf,0xb3,0xbf,0xb3,0xbf,0xb3,0x9f,0xb3,0x9f,0xab,0x9f,0xab,0x9f,0xab,0x9f,0xab,0x9f,0xab,0x9f,0xa3,0x7f,0xa3,0x7f,0xa3,0x7f,0xa3,0x7f,0xa3,0x7f,0x9b,
0x7f,0x9b,0x5f,0x9b,0x5f,0x9b,0x5f,0x93,0x5f,0x93,0x5f,0x93,0x3f,0x93,0x3f,0x93,0x3f,0x8b,0x3e,0x8b,0x1e,0x8b,0x1e,0x8b,0x1e,0x83,0x1e,0x83,0x1e,0x83,0xfe,0x82,
0xfe,0x82,0xfe,0x7a,0xfe,0x7a,0xfd,0x7a,0xde,0x7a,0x00,0x00,0x00,0x00,0x00,0x00,0x00,0x00,0x00,0x00,0x00,0x00,0x00,0x00,0x00,0x00,0x00,0x00,0x00,0x00,0x00,0x00,
0x00,0x00,0x00,0x00,0x00,0x00,0x00,0x00,0x00,0x00,0x00,0x00,0x00,0x00,0x00,0x00,0x00,0x00,0x00,0x00,0x00,0x00,0x00,0x00,0x00,0x00,0x00,0x00,0x00,0x00,0x00,0x00,
0x00,0x00,0x00,0x00,0x00,0x00,0x00,0x00,0x00,0x00,0x00,0x00,0x00,0x00,0x00,0x00,0x00,0x00,0x00,0x00,0x00,0x00,0x00,0x00,0x00,0x00,0x00,0x00,0x00,0x00,0x00,0x00,
0x00,0x00,0x00,0x00,0x00,0x00,0x00,0x00,0x00,0x00,0x00,0x00,0x00,0x00,0x00,0x00,0x00,0x00,0x00,0x00,0xbf,0xbb,0xdf,0xbb,0xbf,0xbb,0xbf,0xbb,0xbf,0xbb,0xbf,0xb3,
0xbf,0xb3,0xbf,0xb3,0xbf,0xb3,0x9f,0xb3,0x9f,0xab,0x9f,0xab,0x9f,0xab,0x9f,0xab,0x9f,0xab,0x9f,0xa3,0x7f,0xa3,0x7f,0xa3,0x7f,0xa3,0x7f,0xa3,0x7f,0x9b,0x7f,0x9b,
0x7f,0x9b,0x5f,0x9b,0x5f,0x9b,0x5f,0x93,0x5f,0x93,0x3f,0x93,0x3f,0x93,0x3f,0x8b,0x3e,0x8b,0x3e,0x8b,0x1e,0x8b,0x1e,0x8b,0x1e,0x83,0x1e,0x83,0xfe,0x82,0xfe,0x82,
0xfe,0x7a,0xfe,0x7a,0xde,0x7a,0xdd,0x7a,0xdd,0x7a,0xdd,0x72,0x00,0x00,0x00,0x00,0x00,0x00,0x00,0x00,0x00,0x00,0x00,0x00,0x00,0x00,0x00,0x00,0x00,0x00,0x00,0x00,
0x00,0x00,0x00,0x00,0x00,0x00,0x00,0x00,0x00,0x00,0x00,0x00,0x00,0x00,0x00,0x00,0x00,0x00,0x00,0x00,0x00,0x00,0x00,0x00,0x00,0x00,0x00,0x00,0x00,0x00,0x00,0x00,
0x00,0x00,0x00,0x00,0x00,0x00,0x00,0x00,0x00,0x00,0x00,0x00,0x00,0x00,0x00,0x00,0x00,0x00,0x00,0x00,0x00,0x00,0x00,0x00,0x00,0x00,0x00,0x00,0x00,0x00,0x00,0x00,
0x00,0x00,0x00,0x00,0x00,0x00,0x00,0x00,0x00,0x00,0x00,0x00,0x00,0x00,0x00,0x00,0x00,0x00,0xdf,0xbb,0xdf,0xbb,0xbf,0xbb,0xbf,0xbb,0xbf,0xbb,0xbf,0xb3,0xbf,0xb3,
0xbf,0xb3,0xbf,0xb3,0x9f,0xb3,0x9f,0xab,0x9f,0xab,0x9f,0xab,0x9f,0xab,0x9f,0xab,0x9f,0xa3,0x7f,0xa3,0x7f,0xa3,0x7f,0xa3,0x7f,0xa3,0x7f,0x9b,0x7f,0x9b,0x7f,0x9b,
0x5f,0x9b,0x5f,0x9b,0x5f,0x93,0x5f,0x93,0x5f,0x93,0x3f,0x93,0x3f,0x93,0x3f,0x8b,0x3e,0x8b,0x1e,0x8b,0x1e,0x8b,0x1e,0x83,0x1e,0x83,0xfe,0x82,0xfe,0x82,0xfe,0x82,
0xfe,0x7a,0xfe,0x7a,0xdd,0x7a,0xdd,0x7a,0xdd,0x72,0xdd,0x72,0xbd,0x72,0x00,0x00,0x00,0x00,0x00,0x00,0x00,0x00,0x00,0x00,0x00,0x00,0x00,0x00,0x00,0x00,0x00,0x00,
0x00,0x00,0x00,0x00,0x00,0x00,0x00,0x00,0x00,0x00,0x00,0x00,0x00,0x00,0x00,0x00,0x00,0x00,0x00,0x00,0x00,0x00,0x00,0x00,0x00,0x00,0x00,0x00,0x00,0x00,0x00,0x00,
0x00,0x00,0x00,0x00,0x00,0x00,0x00,0x00,0x00,0x00,0x00,0x00,0x00,0x00,0x00,0x00,0x00,0x00,0x00,0x00,0x00,0x00,0x00,0x00,0x00,0x00,0x00,0x00,0x00,0x00,0x00,0x00,
0x00,0x00,0x00,0x00,0x00,0x00,0x00,0x00,0x00,0x00,0x00,0x00,0x00,0x00,0x00,0x00,0x00,0x00,0xbf,0xbb,0xbf,0xbb,0xbf,0xbb,0xbf,0xbb,0xbf,0xbb,0xbf,0xb3,0xbf,0xb3,
0xbf,0xb3,0xbf,0xb3,0x9f,0xb3,0x9f,0xab,0x9f,0xab,0x9f,0xab,0x9f,0xab,0x9f,0xab,0x9f,0xa3,0x7f,0xa3,0x7f,0xa3,0x7f,0xa3,0x7f,0xa3,0x7f,0x9b,0x7f,0x9b,0x5f,0x9b,
0x5f,0x9b,0x5f,0x93,0x5f,0x93,0x5f,0x93,0x3f,0x93,0x3f,0x93,0x3f,0x8b,0x3e,0x8b,0x1e,0x8b,0x1e,0x8b,0x1e,0x8b,0x1e,0x83,0x1e,0x83,0xfe,0x82,0xfe,0x82,0xfe,0x7a,
0xfe,0x7a,0xdd,0x7a,0xdd,0x7a,0xdd,0x7a,0xdd,0x72,0xdd,0x72,0xbd,0x72,0x00,0x00,0x00,0x00,0x00,0x00,0x00,0x00,0x00,0x00,0x00,0x00,0x00,0x00,0x00,0x00,0x00,0x00,
0x00,0x00,0x00,0x00,0x00,0x00,0x00,0x00,0x00,0x00,0x00,0x00,0x00,0x00,0x00,0x00,0x00,0x00,0x00,0x00,0x00,0x00,0x00,0x00,0x00,0x00,0x00,0x00,0x00,0x00,0x00,0x00,
0x00,0x00,0x00,0x00,0x00,0x00,0x00,0x00,0x00,0x00,0x00,0x00,0x00,0x00,0x00,0x00,0x00,0x00,0x00,0x00,0x00,0x00,0x00,0x00,0x00,0x00,0x00,0x00,0x00,0x00,0x00,0x00,
0x00,0x00,0x00,0x00,0x00,0x00,0x00,0x00,0x00,0x00,0x00,0x00,0x00,0x00,0x00,0x00,0xbf,0xbb,0xdf,0xbb,0xbf,0xbb,0xbf,0xbb,0xbf,0xbb,0xbf,0xb3,0xbf,0xb3,0xbf,0xb3,
0xbf,0xb3,0x9f,0xb3,0x9f,0xab,0x9f,0xab,0x9f,0xab,0x9f,0xab,0x9f,0xab,0x9f,0xa3,0x7f,0xa3,0x7f,0xa3,0x7f,0xa3,0x7f,0xa3,0x7f,0x9b,0x7f,0x9b,0x7f,0x9b,0x5f,0x9b,
0x5f,0x9b,0x5f,0x93,0x5f,0x93,0x3f,0x93,0x3f,0x93,0x3f,0x8b,0x3f,0x8b,0x3e,0x8b,0x1e,0x8b,0x1e,0x8b,0x1e,0x83,0x1e,0x83,0xfe,0x82,0xfe,0x82,0xfe,0x82,0xfe,0x7a,
0xfe,0x7a,0xdd,0x7a,0xdd,0x7a,0xdd,0x72,0xdd,0x72,0xbd,0x72,0xbd,0x72,0xbd,0x6a,0x00,0x00,0x00,0x00,0x00,0x00,0x00,0x00,0x00,0x00,0x00,0x00,0x00,0x00,0x00,0x00,
0x00,0x00,0x00,0x00,0x00,0x00,0x00,0x00,0x00,0x00,0x00,0x00,0x00,0x00,0x00,0x00,0x00,0x00,0x00,0x00,0x00,0x00,0x00,0x00,0x00,0x00,0x00,0x00,0x00,0x00,0x00,0x00,
0x00,0x00,0x00,0x00,0x00,0x00,0x00,0x00,0x00,0x00,0x00,0x00,0x00,0x00,0x00,0x00,0x00,0x00,0x00,0x00,0x00,0x00,0x00,0x00,0x00,0x00,0x00,0x00,0x00,0x00,0x00,0x00,
0x00,0x00,0x00,0x00,0x00,0x00,0x00,0x00,0x00,0x00,0x00,0x00,0x00,0x00,0x00,0x00,0xbf,0xbb,0xbf,0xbb,0xbf,0xbb,0xbf,0xbb,0xbf,0xb3,0xbf,0xb3,0xbf,0xb3,0xbf,0xb3,
0x9f,0xb3,0x9f,0xab,0x9f,0xab,0x9f,0xab,0x9f,0xab,0x9f,0xab,0x9f,0xa3,0x7f,0xa3,0x7f,0xa3,0x7f,0xa3,0x7f,0xa3,0x7f,0x9b,0x7f,0x9b,0x7f,0x9b,0x5f,0x9b,0x5f,0x9b,
0x5f,0x93,0x5f,0x93,0x5f,0x93,0x3f,0x93,0x3f,0x93,0x3f,0x8b,0x3e,0x8b,0x1e,0x8b,0x1e,0x8b,0x1e,0x83,0x1e,0x83,0x1e,0x83,0xfe,0x82,0xfe,0x82,0xfe,0x7a,0xfe,0x7a,
0xdd,0x7a,0xdd,0x7a,0xdd,0x72,0xdd,0x72,0xbd,0x72,0xbd,0x72,0xbd,0x72,0xbd,0x72,0x00,0x00,0x00,0x00,0x00,0x00,0x00,0x00,0x00,0x00,0x00,0x00,0x00,0x00,0x00,0x00,
0x00,0x00,0x00,0x00,0x00,0x00,0x00,0x00,0x00,0x00,0x00,0x00,0x00,0x00,0x00,0x00,0x00,0x00,0x00,0x00,0x00,0x00,0x00,0x00,0x00,0x00,0x00,0x00,0x00,0x00,0x00,0x00,
0x00,0x00,0x00,0x00,0x00,0x00,0x00,0x00,0x00,0x00,0x00,0x00,0x00,0x00,0x00,0x00,0x00,0x00,0x00,0x00,0x00,0x00,0x00,0x00,0x00,0x00,0x00,0x00,0x00,0x00,0x00,0x00,
0x00,0x00,0x00,0x00,0x00,0x00,0x00,0x00,0x00,0x00,0x00,0x00,0x00,0x00,0x00,0x00,0xbf,0xbb,0xbf,0xbb,0xbf,0xbb,0xbf,0xb3,0xbf,0xb3,0xbf,0xb3,0xbf,0xb3,0x9f,0xb3,
0x9f,0xab,0x9f,0xab,0x9f,0xab,0x9f,0xab,0x9f,0xab,0x9f,0xab,0x9f,0xa3,0x7f,0xa3,0x7f,0xa3,0x7f,0xa3,0x7f,0xa3,0x7f,0x9b,0x7f,0x9b,0x5f,0x9b,0x5f,0x9b,0x5f,0x93,
0x5f,0x93,0x5f,0x93,0x3f,0x93,0x3f,0x93,0x3f,0x8b,0x3e,0x8b,0x1e,0x8b,0x1e,0x8b,0x1e,0x8b,0x1e,0x83,0x1e,0x83,0xfe,0x82,0xfe,0x82,0xfe,0x7a,0xfe,0x7a,0xdd,0x7a,
0xdd,0x7a,0xdd,0x7a,0xdd,0x72,0xdd,0x72,0xbd,0x72,0xbd,0x72,0xbd,0x6a,0xbd,0x6a,0x00,0x00,0x00,0x00,0x00,0x00,0x00,0x00,0x00,0x00,0x00,0x00,0x00,0x00,0x00,0x00,
0x00,0x00,0x00,0x00,0x00,0x00,0x00,0x00,0x00,0x00,0x00,0x00,0x00,0x00,0x00,0x00,0x00,0x00,0x00,0x00,0x00,0x00,0x00,0x00,0x00,0x00,0x00,0x00,0x00,0x00,0x00,0x00,
0x00,0x00,0x00,0x00,0x00,0x00,0x00,0x00,0x00,0x00,0x00,0x00,0x00,0x00,0x00,0x00,0x00,0x00,0x00,0x00,0x00,0x00,0x00,0x00,0x00,0x00,0x00,0x00,0x00,0x00,0x00,0x00,
0x00,0x00,0x00,0x00,0x00,0x00,0x00,0x00,0x00,0x00,0x00,0x00,0x00,0x00,0x00,0x00,0xbf,0xbb,0xbf,0xbb,0xbf,0xb3,0xbf,0xb3,0xbf,0xb3,0xbf,0xb3,0xbf,0xb3,0x9f,0xb3,
0x9f,0xab,0x9f,0xab,0x9f,0xab,0x9f,0xab,0x9f,0xab,0x9f,0xa3,0x7f,0xa3,0x7f,0xa3,0x7f,0xa3,0x7f,0xa3,0x7f,0x9b,0x7f,0x9b,0x7f,0x9b,0x5f,0x9b,0x5f,0x9b,0x5f,0x93,
0x5f,0x93,0x3f,0x93,0x3f,0x93,0x3f,0x8b,0x3f,0x8b,0x3e,0x8b,0x1e,0x8b,0x1e,0x8b,0x1e,0x83,0x1e,0x83,0xfe,0x82,0xfe,0x82,0xfe,0x82,0xfe,0x7a,0xfe,0x7a,0xdd,0x7a,
0xdd,0x7a,0xdd,0x72,0xdd,0x72,0xbd,0x72,0xbd,0x72,0xbd,0x72,0xbd,0x6a,0xbd,0x6a,0x00,0x00,0x00,0x00,0x00,0x00,0x00,0x00,0x00,0x00,0x00,0x00,0x00,0x00,0x00,0x00,
0x00,0x00,0x00,0x00,0x00,0x00,0x00,0x00,0x00,0x00,0x00,0x00,0x00,0x00,0x00,0x00,0x00,0x00,0x00,0x00,0x00,0x00,0x00,0x00,0x00,0x00,0x00,0x00,0x00,0x00,0x00,0x00,
0x00,0x00,0x00,0x00,0x00,0x00,0x00,0x00,0x00,0x00,0x00,0x00,0x00,0x00,0x00,0x00,0x00,0x00,0x00,0x00,0x00,0x00,0x00,0x00,0x00,0x00,0x00,0x00,0x00,0x00,0x00,0x00,
0x00,0x00,0x00,0x00,0x00,0x00,0x00,0x00,0x00,0x00,0x00,0x00,0x00,0x00,0x00,0x00,0xbf,0xbb,0xbf,0xb3,0xbf,0xb3,0xbf,0xb3,0xbf,0xb3,0xbf,0xb3,0x9f,0xb3,0x9f,0xab,
0x9f,0xab,0x9f,0xab,0x9f,0xab,0x9f,0xab,0x9f,0xa3,0x7f,0xa3,0x7f,0xa3,0x7f,0xa3,0x7f,0xa3,0x7f,0x9b,0x7f,0x9b,0x7f,0x9b,0x5f,0x9b,0x5f,0x9b,0x5f,0x93,0x5f,0x93,
0x3f,0x93,0x3f,0x93,0x3f,0x93,0x3f,0x8b,0x3e,0x8b,0x1e,0x8b,0x1e,0x8b,0x1e,0x83,0x1e,0x83,0x1e,0x83,0xfe,0x82,0xfe,0x82,0xfe,0x7a,0xfe,0x7a,0xdd,0x7a,0xdd,0x7a,
0xdd,0x7a,0xdd,0x72,0xdd,0x72,0xbd,0x72,0xbd,0x72,0xbd,0x6a,0xbd,0x6a,0x9d,0x6a,0x00,0x00,0x00,0x00,0x00,0x00,0x00,0x00,0x00,0x00,0x00,0x00,0x00,0x00,0x00,0x00,
0x00,0x00,0x00,0x00,0x00,0x00,0x00,0x00,0x00,0x00,0x00,0x00,0x00,0x00,0x00,0x00,0x00,0x00,0x00,0x00,0x00,0x00,0x00,0x00,0x00,0x00,0x00,0x00,0x00,0x00,0x00,0x00,
0x00,0x00,0x00,0x00,0x00,0x00,0x00,0x00,0x00,0x00,0x00,0x00,0x00,0x00,0x00,0x00,0x00,0x00,0x00,0x00,0x00,0x00,0x00,0x00,0x00,0x00,0x00,0x00,0x00,0x00,0x00,0x00,
0x00,0x00,0x00,0x00,0x00,0x00,0x00,0x00,0x00,0x00,0x00,0x00,0x00,0x00,0x00,0x00,0xbf,0xb3,0xbf,0xb3,0xbf,0xb3,0xbf,0xb3,0xbf,0xb3,0x9f,0xb3,0x9f,0xab,0x9f,0xab,
0x9f,0xab,0x9f,0xab,0x9f,0xab,0x9f,0xa3,0xdf,0xc4,0xdf,0xe6,0xbf,0xff,0x9f,0xff,0xbf,0xe6,0xbf,0xbc,0x7f,0x9b,0x5f,0x9b,0x5f,0x9b,0x5f,0x93,0x5f,0x93,0x5f,0x93,
0x3f,0x93,0x3f,0x93,0x3f,0x8b,0x3e,0x8b,0x1e,0x8b,0x1e,0x8b,0xbe,0xac,0xbf,0xe6,0x9f,0xff,0x9f,0xf7,0x9f,0xde,0x5e,0xa4,0xfe,0x7a,0xdd,0x7a,0xdd,0x7a,0xdd,0x7a,
0xdd,0x72,0xdd,0x72,0xbd,0x72,0xbd,0x72,0xbd,0x6a,0xbd,0x6a,0x9d,0x6a,0x9d,0x6a,0x00,0x00,0x00,0x00,0x00,0x00,0x00,0x00,0x00,0x00,0x00,0x00,0x00,0x00,0x00,0x00,
0x00,0x00,0x00,0x00,0x00,0x00,0x00,0x00,0x00,0x00,0x00,0x00,0x00,0x00,0x00,0x00,0x00,0x00,0x00,0x00,0x00,0x00,0x00,0x00,0x00,0x00,0x00,0x00,0x00,0x00,0x00,0x00,
0x00,0x00,0x00,0x00,0x00,0x00,0x00,0x00,0x00,0x00,0x00,0x00,0x00,0x00,0x00,0x00,0x00,0x00,0x00,0x00,0x00,0x00,0x00,0x00,0x00,0x00,0x00,0x00,0x00,0x00,0x00,0x00,
0x00,0x00,0x00,0x00,0x00,0x00,0x00,0x00,0x00,0x00,0x00,0x00,0x00,0x00,0x00,0x00,0xbf,0xb3,0xbf,0xb3,0xbf,0xb3,0xbf,0xb3,0x9f,0xb3,0x9f,0xab,0x9f,0xab,0x9f,0xab,
0x9f,0xab,0x9f,0xab,0x9f,0xa3,0xdf,0xd5,0xdf,0xff,0xdf,0xff,0xdf,0xff,0xbf,0xff,0xbf,0xff,0xbf,0xff,0x9f,0xcd,0x5f,0x9b,0x5f,0x9b,0x5f,0x93,0x5f,0x93,0x3f,0x93,
0x3f,0x93,0x3f,0x8b,0x3e,0x8b,0x3e,0x8b,0x1e,0x8b,0xdf,0xcd,0xdf,0xff,0xdf,0xff,0xdf,0xff,0xbf,0xff,0xbf,0xff,0xbf,0xff,0x3e,0xbd,0xdd,0x7a,0xdd,0x7a,0xdd,0x72,
0xdd,0x72,0xbd,0x72,0xbd,0x72,0xbd,0x72,0xbd,0x6a,0xbd,0x6a,0x9d,0x6a,0x9c,0x6a,0x00,0x00,0x00,0x00,0x00,0x00,0x00,0x00,0x00,0x00,0x00,0x00,0x00,0x00,0x00,0x00,
0x00,0x00,0x00,0x00,0x00,0x00,0x00,0x00,0x00,0x00,0x00,0x00,0x00,0x00,0x00,0x00,0x00,0x00,0x00,0x00,0x00,0x00,0x00,0x00,0x00,0x00,0x00,0x00,0x00,0x00,0x00,0x00,
0x00,0x00,0x00,0x00,0x00,0x00,0x00,0x00,0x00,0x00,0x00,0x00,0x00,0x00,0x00,0x00,0x00,0x00,0x00,0x00,0x00,0x00,0x00,0x00,0x00,0x00,0x00,0x00,0x00,0x00,0x00,0x00,
0x00,0x00,0x00,0x00,0x00,0x00,0x00,0x00,0x00,0x00,0x00,0x00,0x00,0x00,0x00,0x00,0xbf,0xb3,0xbf,0xb3,0xbf,0xb3,0x9f,0xb3,0x9f,0xab,0x9f,0xab,0x9f,0xab,0x9f,0xab,
0x9f,0xab,0x9f,0xab,0xdf,0xc4,0xdf,0xff,0xdf,0xff,0xdf,0xff,0xbf,0xff,0xbf,0xff,0xbf,0xff,0x9f,0xff,0x9f,0xff,0x9f,0xb4,0x5f,0x93,0x5f,0x93,0x3f,0x93,0x3f,0x93,
0x3f,0x93,0x3f,0x8b,0x3e,0x8b,0x1e,0x8b,0xbe,0xb4,0xdf,0xff,0xdf,0xff,0xdf,0xff,0xbf,0xff,0xbf,0xff,0xbf,0xff,0x9f,0xff,0x9f,0xff,0x1e,0x9c,0xdd,0x7a,0xdd,0x72,
0xdd,0x72,0xbd,0x72,0xbd,0x72,0xbd,0x6a,0xbd,0x6a,0x9d,0x6a,0x9c,0x6a,0x9c,0x6a,0x00,0x00,0x00,0x00,0x00,0x00,0x00,0x00,0x00,0x00,0x00,0x00,0x00,0x00,0x00,0x00,
0x00,0x00,0x00,0x00,0x00,0x00,0x00,0x00,0x00,0x00,0x00,0x00,0x00,0x00,0x00,0x00,0x00,0x00,0x00,0x00,0x00,0x00,0x00,0x00,0x00,0x00,0x00,0x00,0x00,0x00,0x00,0x00,
0x00,0x00,0x00,0x00,0x00,0x00,0x00,0x00,0x00,0x00,0x00,0x00,0x00,0x00,0x00,0x00,0x00,0x00,0x00,0x00,0x00,0x00,0x00,0x00,0x00,0x00,0x00,0x00,0x00,0x00,0x00,0x00,
0x00,0x00,0x00,0x00,0x00,0x00,0x00,0x00,0x00,0x00,0x00,0x00,0x00,0x00,0x00,0x00,0xbf,0xb3,0xbf,0xb3,0x9f,0xb3,0x9f,0xab,0x9f,0xab,0x9f,0xab,0x9f,0xab,0x9f,0xab,
0x9f,0xab,0x9f,0xa3,0xbf,0xe6,0xdf,0xff,0xbf,0xff,0xbf,0xff,0xbf,0xff,0xbf,0xff,0x9f,0xff,0x9f,0xff,0x9f,0xff,0x7f,0xe6,0x5f,0x93,0x5f,0x93,0x3f,0x93,0x3f,0x93,
0x3f,0x8b,0x3e,0x8b,0x1e,0x8b,0x1e,0x8b,0xbf,0xe6,0xdf,0xff,0xbf,0xff,0xbf,0xff,0xbf,0xff,0xbf,0xff,0x9f,0xff,0x9f,0xff,0x9f,0xff,0x3f,0xd6,0xdd,0x72,0xdd,0x72,
0xbd,0x72,0xbd,0x72,0xbd,0x6a,0xbd,0x6a,0x9d,0x6a,0x9d,0x6a,0x9c,0x6a,0x9c,0x62,0x00,0x00,0x00,0x00,0x00,0x00,0x00,0x00,0x00,0x00,0x00,0x00,0x00,0x00,0x00,0x00,
0x00,0x00,0x00,0x00,0x00,0x00,0x00,0x00,0x00,0x00,0x00,0x00,0x00,0x00,0x00,0x00,0x00,0x00,0x00,0x00,0x00,0x00,0x00,0x00,0x00,0x00,0x00,0x00,0x00,0x00,0x00,0x00,
0x00,0x00,0x00,0x00,0x00,0x00,0x00,0x00,0x00,0x00,0x00,0x00,0x00,0x00,0x00,0x00,0x00,0x00,0x00,0x00,0x00,0x00,0x00,0x00,0x00,0x00,0x00,0x00,0x00,0x00,0x00,0x00,
0x00,0x00,0x00,0x00,0x00,0x00,0x00,0x00,0x00,0x00,0x00,0x00,0x00,0x00,0x00,0x00,0xbf,0xb3,0x9f,0xb3,0x9f,0xab,0x9f,0xab,0x9f,0xab,0x9f,0xab,0x9f,0xab,0x9f,0xab,
0x9f,0xa3,0x7f,0xa3,0x9f,0xff,0xbf,0xff,0xbf,0xff,0xbf,0xff,0x9f,0xff,0x9f,0xff,0x9f,0xff,0x9f,0xff,0x7f,0xff,0x3f,0xf7,0x5f,0x93,0x3f,0x93,0x3f,0x93,0x3f,0x8b,
0x3e,0x8b,0x1e,0x8b,0x1e,0x8b,0x1e,0x8b,0x9f,0xff,0xbf,0xff,0xbf,0xff,0xbf,0xff,0x9f,0xff,0x9f,0xff,0x9f,0xff,0x9f,0xff,0x7f,0xff,0x1f,0xef,0xdd,0x72,0xbd,0x72,
0xbd,0x72,0xbd,0x72,0xbd,0x6a,0xbd,0x6a,0x9d,0x6a,0x9c,0x6a,0x9c,0x62,0x9c,0x62,0x00,0x00,0x00,0x00,0x00,0x00,0x00,0x00,0x00,0x00,0x00,0x00,0x00,0x00,0x00,0x00,
0x00,0x00,0x00,0x00,0x00,0x00,0x00,0x00,0x00,0x00,0x00,0x00,0x00,0x00,0x00,0x00,0x00,0x00,0x00,0x00,0x00,0x00,0x00,0x00,0x00,0x00,0x00,0x00,0x00,0x00,0x00,0x00,
0x00,0x00,0x00,0x00,0x00,0x00,0x00,0x00,0x00,0x00,0x00,0x00,0x00,0x00,0x00,0x00,0x00,0x00,0x00,0x00,0x00,0x00,0x00,0x00,0x00,0x00,0x00,0x00,0x00,0x00,0x00,0x00,
0x00,0x00,0x00,0x00,0x00,0x00,0x00,0x00,0x00,0x00,0x00,0x00,0x00,0x00,0x00,0x00,0x9f,0xb3,0x9f,0xab,0x9f,0xab,0x9f,0xab,0x9f,0xab,0x9f,0xab,0x9f,0xab,0x9f,0xa3,
0x7f,0xa3,0x7f,0xa3,0x7f,0xff,0xbf,0xff,0x9f,0xff,0x9f,0xff,0x9f,0xff,0x9f,0xff,0x7f,0xff,0x7f,0xff,0x7f,0xff,0x3f,0xf7,0x3f,0x93,0x3f,0x93,0x3f,0x8b,0x3e,0x8b,
0x3e,0x8b,0x1e,0x8b,0x1e,0x8b,0x1e,0x83,0x9f,0xff,0xbf,0xff,0x9f,0xff,0x9f,0xff,0x9f,0xff,0x9f,0xff,0x7f,0xff,0x7f,0xff,0x7f,0xff,0xff,0xee,0xdd,0x72,0xbd,0x72,
0xbd,0x72,0xbd,0x6a,0xbd,0x6a,0x9d,0x6a,0x9c,0x6a,0x9c,0x6a,0x9c,0x62,0x9c,0x62,0x00,0x00,0x00,0x00,0x00,0x00,0x00,0x00,0x00,0x00,0x00,0x00,0x00,0x00,0x00,0x00,
0x00,0x00,0x00,0x00,0x00,0x00,0x00,0x00,0x00,0x00,0x00,0x00,0x00,0x00,0x00,0x00,0x00,0x00,0x00,0x00,0x00,0x00,0x00,0x00,0x00,0x00,0x00,0x00,0x00,0x00,0x00,0x00,
0x00,0x00,0x00,0x00,0x00,0x00,0x00,0x00,0x00,0x00,0x00,0x00,0x00,0x00,0x00,0x00,0x00,0x00,0x00,0x00,0x00,0x00,0x00,0x00,0x00,0x00,0x00,0x00,0x00,0x00,0x00,0x00,
0x00,0x00,0x00,0x00,0x00,0x00,0x00,0x00,0x00,0x00,0x00,0x00,0x00,0x00,0x00,0x00,0x9f,0xab,0x9f,0xab,0x9f,0xab,0x9f,0xab,0x9f,0xab,0x9f,0xab,0x9f,0xa3,0x7f,0xa3,
0x7f,0xa3,0x7f,0xa3,0x9f,0xe6,0x9f,0xff,0x9f,0xff,0x9f,0xff,0x7f,0xff,0x7f,0xff,0x7f,0xff,0x7f,0xff,0x5f,0xff,0x5f,0xe6,0x3f,0x93,0x3f,0x93,0x3f,0x8b,0x3e,0x8b,
0x1e,0x8b,0x1e,0x8b,0x1e,0x83,0x1e,0x83,0x9f,0xe6,0x9f,0xff,0x9f,0xff,0x9f,0xff,0x7f,0xff,0x7f,0xff,0x7f,0xff,0x7f,0xff,0x5f,0xff,0xfe,0xd5,0xbd,0x72,0xbd,0x72,
0xbd,0x6a,0xbd,0x6a,0x9d,0x6a,0x9d,0x6a,0x9c,0x6a,0x9c,0x62,0x9c,0x62,0x7c,0x62,0x00,0x00,0x00,0x00,0x00,0x00,0x00,0x00,0x00,0x00,0x00,0x00,0x00,0x00,0x00,0x00,
0x00,0x00,0x00,0x00,0x00,0x00,0x00,0x00,0x00,0x00,0x00,0x00,0x00,0x00,0x00,0x00,0x00,0x00,0x00,0x00,0x00,0x00,0x00,0x00,0x00,0x00,0x00,0x00,0x00,0x00,0x00,0x00,
0x00,0x00,0x00,0x00,0x00,0x00,0x00,0x00,0x00,0x00,0x00,0x00,0x00,0x00,0x00,0x00,0x00,0x00,0x00,0x00,0x00,0x00,0x00,0x00,0x00,0x00,0x00,0x00,0x00,0x00,0x00,0x00,
0x00,0x00,0x00,0x00,0x00,0x00,0x00,0x00,0x00,0x00,0x00,0x00,0x00,0x00,0x00,0x00,0x9f,0xab,0x9f,0xab,0x9f,0xab,0x9f,0xab,0x9f,0xab,0x9f,0xa3,0x7f,0xa3,0x7f,0xa3,
0x7f,0xa3,0x7f,0xa3,0xbf,0xbc,0x9f,0xff,0x7f,0xff,0x7f,0xff,0x7f,0xff,0x7f,0xff,0x5f,0xff,0x5f,0xff,0x5f,0xff,0x7f,0xb4,0x3f,0x93,0x3f,0x8b,0x3e,0x8b,0x1e,0x8b,
0x1e,0x8b,0x1e,0x8b,0x1e,0x83,0x1e,0x83,0x9e,0xac,0x9f,0xff,0x7f,0xff,0x7f,0xff,0x7f,0xff,0x7f,0xff,0x5f,0xff,0x5f,0xff,0x5f,0xff,0xfe,0x93,0xbd,0x72,0xbd,0x72,
0xbd,0x6a,0xbd,0x6a,0x9d,0x6a,0x9c,0x6a,0x9c,0x62,0x9c,0x62,0x7c,0x62,0x7c,0x62,0x00,0x00,0x00,0x00,0x00,0x00,0x00,0x00,0x00,0x00,0x00,0x00,0x00,0x00,0x00,0x00,
0x00,0x00,0x00,0x00,0x00,0x00,0x00,0x00,0x00,0x00,0x00,0x00,0x00,0x00,0x00,0x00,0x00,0x00,0x00,0x00,0x00,0x00,0x00,0x00,0x00,0x00,0x00,0x00,0x00,0x00,0x00,0x00,
0x00,0x00,0x00,0x00,0x00,0x00,0x00,0x00,0x00,0x00,0x00,0x00,0x00,0x00,0x00,0x00,0x00,0x00,0x00,0x00,0x00,0x00,0x00,0x00,0x00,0x00,0x00,0x00,0x00,0x00,0x00,0x00,
0x00,0x00,0x00,0x00,0x00,0x00,0x00,0x00,0x00,0x00,0x00,0x00,0x00,0x00,0x00,0x00,0x9f,0xab,0x9f,0xab,0x9f,0xab,0x9f,0xab,0x9f,0xa3,0x7f,0xa3,0x7f,0xa3,0x7f,0xa3,
0x7f,0xa3,0x7f,0xa3,0x7f,0x9b,0x9f,0xcd,0x7f,0xff,0x7f,0xff,0x5f,0xff,0x5f,0xff,0x5f,0xff,0x5f,0xff,0x5f,0xc5,0x3f,0x93,0x3f,0x8b,0x3e,0x8b,0x1e,0x8b,0x1e,0x8b,
0x1e,0x8b,0x1e,0x83,0x1e,0x83,0xfe,0x82,0xfe,0x82,0x7e,0xc5,0x7f,0xff,0x7f,0xff,0x5f,0xff,0x5f,0xff,0x5f,0xff,0x3f,0xff,0xfe,0xb4,0xbd,0x72,0xbd,0x72,0xbd,0x6a,
0xbd,0x6a,0x9d,0x6a,0x9c,0x6a,0x9c,0x6a,0x9c,0x62,0x9c,0x62,0x7c,0x62,0x7c,0x62,0x00,0x00,0x00,0x00,0x00,0x00,0x00,0x00,0x00,0x00,0x00,0x00,0x00,0x00,0x00,0x00,
0x00,0x00,0x00,0x00,0x00,0x00,0x00,0x00,0x00,0x00,0x00,0x00,0x00,0x00,0x00,0x00,0x00,0x00,0x00,0x00,0x00,0x00,0x00,0x00,0x00,0x00,0x00,0x00,0x00,0x00,0x00,0x00,
0x00,0x00,0x00,0x00,0x00,0x00,0x00,0x00,0x00,0x00,0x00,0x00,0x00,0x00,0x00,0x00,0x00,0x00,0x00,0x00,0x00,0x00,0x00,0x00,0x00,0x00,0x00,0x00,0x00,0x00,0x00,0x00,
0x00,0x00,0x00,0x00,0x00,0x00,0x00,0x00,0x00,0x00,0x00,0x00,0x00,0x00,0x00,0x00,0x9f,0xab,0x9f,0xab,0x9f,0xab,0x9f,0xa3,0x9f,0xa3,0x7f,0xa3,0x7f,0xa3,0x7f,0xa3,
0x7f,0xa3,0x7f,0x9b,0x7f,0x9b,0x7f,0x9b,0x9f,0xb4,0x5f,0xe6,0x1f,0xf7,0x1f,0xf7,0x3f,0xde,0x7f,0xb4,0x3f,0x93,0x3f,0x8b,0x3e,0x8b,0x3e,0x8b,0x1e,0x8b,0x1e,0x8b,
0x1e,0x83,0x1e,0x83,0xfe,0x82,0xfe,0x82,0xfe,0x82,0xfe,0x7a,0x5e,0xa4,0x3f,0xde,0x1f,0xf7,0xff,0xf6,0x1e,0xd6,0xfe,0x9b,0xbd,0x72,0xbd,0x72,0xbd,0x6a,0xbd,0x6a,
0x9d,0x6a,0x9d,0x6a,0x9c,0x6a,0x9c,0x62,0x9c,0x62,0x7c,0x62,0x7c,0x62,0x7c,0x62,0x00,0x00,0x00,0x00,0x00,0x00,0x00,0x00,0x00,0x00,0x00,0x00,0x00,0x00,0x00,0x00,
0x00,0x00,0x00,0x00,0x00,0x00,0x00,0x00,0x00,0x00,0x00,0x00,0x00,0x00,0x00,0x00,0x00,0x00,0x00,0x00,0x00,0x00,0x00,0x00,0x00,0x00,0x00,0x00,0x00,0x00,0x00,0x00,
0x00,0x00,0x00,0x00,0x00,0x00,0x00,0x00,0x00,0x00,0x00,0x00,0x00,0x00,0x00,0x00,0x00,0x00,0x00,0x00,0x00,0x00,0x00,0x00,0x00,0x00,0x00,0x00,0x00,0x00,0x00,0x00,
0x00,0x00,0x00,0x00,0x00,0x00,0x00,0x00,0x00,0x00,0x00,0x00,0x00,0x00,0x00,0x00,0x9f,0xab,0x9f,0xab,0x9f,0xa3,0x9f,0xa3,0x7f,0xa3,0x7f,0xa3,0x7f,0xa3,0x7f,0xa3,
0x7f,0x9b,0x7f,0x9b,0x7f,0x9b,0x5f,0x9b,0x5f,0x9b,0x5f,0x93,0x5f,0x93,0x5f,0x93,0x3f,0x93,0x3f,0x93,0x3f,0x8b,0x3f,0x8b,0x3e,0x8b,0x1e,0x8b,0x1e,0x8b,0x1e,0x83,
0x1e,0x83,0x1e,0x83,0xfe,0x82,0xfe,0x82,0xfe,0x7a,0xfe,0x7a,0xdd,0x7a,0xdd,0x7a,0xdd,0x7a,0xdd,0x72,0xdd,0x72,0xbd,0x72,0xbd,0x72,0xbd,0x72,0xbd,0x6a,0xbd,0x6a,
0x9d,0x6a,0x9c,0x6a,0x9c,0x62,0x9c,0x62,0x7c,0x62,0x7c,0x62,0x7c,0x62,0x7c,0x5a,0x00,0x00,0x00,0x00,0x00,0x00,0x00,0x00,0x00,0x00,0x00,0x00,0x00,0x00,0x00,0x00,
0x00,0x00,0x00,0x00,0x00,0x00,0x00,0x00,0x00,0x00,0x00,0x00,0x00,0x00,0x00,0x00,0x00,0x00,0x00,0x00,0x00,0x00,0x00,0x00,0x00,0x00,0x00,0x00,0x00,0x00,0x00,0x00,
0x00,0x00,0x00,0x00,0x00,0x00,0x00,0x00,0x00,0x00,0x00,0x00,0x00,0x00,0x00,0x00,0x00,0x00,0x00,0x00,0x00,0x00,0x00,0x00,0x00,0x00,0x00,0x00,0x00,0x00,0x00,0x00,
0x00,0x00,0x00,0x00,0x00,0x00,0x00,0x00,0x00,0x00,0x00,0x00,0x00,0x00,0x00,0x00,0x9f,0xab,0x9f,0xa3,0x9f,0xa3,0x7f,0xa3,0x7f,0xa3,0x7f,0xa3,0x7f,0xa3,0x7f,0x9b,
0x7f,0x9b,0x7f,0x9b,0x5f,0x9b,0x5f,0x9b,0x5f,0x93,0x5f,0x93,0x5f,0x93,0x3f,0x93,0x3f,0x93,0x3f,0x8b,0x3f,0x8b,0x3e,0x8b,0x1e,0x8b,0x1e,0x8b,0x1e,0x83,0x1e,0x83,
0x1e,0x83,0xfe,0x82,0xfe,0x82,0xfe,0x7a,0xfe,0x7a,0xde,0x7a,0xdd,0x7a,0xdd,0x7a,0xdd,0x72,0xdd,0x72,0xbd,0x72,0xbd,0x72,0xbd,0x72,0xbd,0x6a,0xbd,0x6a,0x9d,0x6a,
0x9c,0x6a,0x9c,0x6a,0x9c,0x62,0x7c,0x62,0x7c,0x62,0x7c,0x62,0x7c,0x5a,0x7c,0x5a,0x00,0x00,0x00,0x00,0x00,0x00,0x00,0x00,0x00,0x00,0x00,0x00,0x00,0x00,0x00,0x00,
0x00,0x00,0x00,0x00,0x00,0x00,0x00,0x00,0x00,0x00,0x00,0x00,0x00,0x00,0x00,0x00,0x00,0x00,0x00,0x00,0x00,0x00,0x00,0x00,0x00,0x00,0x00,0x00,0x00,0x00,0x00,0x00,
0x00,0x00,0x00,0x00,0x00,0x00,0x00,0x00,0x00,0x00,0x00,0x00,0x00,0x00,0x00,0x00,0x00,0x00,0x00,0x00,0x00,0x00,0x00,0x00,0x00,0x00,0x00,0x00,0x00,0x00,0x00,0x00,
0x00,0x00,0x00,0x00,0x00,0x00,0x00,0x00,0x00,0x00,0x00,0x00,0x00,0x00,0x00,0x00,0x9f,0xa3,0x9f,0xa3,0x7f,0xa3,0x7f,0xa3,0x7f,0xa3,0x7f,0xa3,0x7f,0x9b,0x7f,0x9b,
0x7f,0x9b,0x5f,0x9b,0x5f,0x9b,0x5f,0x9b,0x5f,0x93,0x5f,0x93,0x3f,0x93,0x3f,0x93,0x3f,0x93,0x3f,0x8b,0x3e,0x8b,0x1e,0x8b,0x1e,0x8b,0x1e,0x8b,0x1e,0x83,0x1e,0x83,
0xfe,0x82,0xfe,0x82,0xfe,0x7a,0xfe,0x7a,0xfe,0x7a,0xdd,0x7a,0xdd,0x7a,0xdd,0x72,0xdd,0x72,0xbd,0x72,0xbd,0x72,0xbd,0x72,0xbd,0x6a,0xbd,0x6a,0x9d,0x6a,0x9c,0x6a,
0x9c,0x6a,0x9c,0x62,0x9c,0x62,0x7c,0x62,0x7c,0x62,0x7c,0x62,0x7c,0x5a,0x5c,0x5a,0x00,0x00,0x00,0x00,0x00,0x00,0x00,0x00,0x00,0x00,0x00,0x00,0x00,0x00,0x00,0x00,
0x00,0x00,0x00,0x00,0x00,0x00,0x00,0x00,0x00,0x00,0x00,0x00,0x00,0x00,0x00,0x00,0x00,0x00,0x00,0x00,0x00,0x00,0x00,0x00,0x00,0x00,0x00,0x00,0x00,0x00,0x00,0x00,
0x00,0x00,0x00,0x00,0x00,0x00,0x00,0x00,0x00,0x00,0x00,0x00,0x00,0x00,0x00,0x00,0x00,0x00,0x00,0x00,0x00,0x00,0x00,0x00,0x00,0x00,0x00,0x00,0x00,0x00,0x00,0x00,
0x00,0x00,0x00,0x00,0x00,0x00,0x00,0x00,0x00,0x00,0x00,0x00,0x00,0x00,0x00,0x00,0x9f,0xa3,0x7f,0xa3,0x7f,0xa3,0x7f,0xa3,0x7f,0xa3,0x7f,0x9b,0x7f,0x9b,0x7f,0x9b,
0x5f,0x9b,0x5f,0x9b,0x5f,0x9b,0x5f,0x93,0x5f,0x93,0x3f,0x93,0x3f,0x93,0x3f,0x93,0x3f,0x8b,0x3e,0x8b,0x1e,0x8b,0x1e,0x8b,0x1e,0x8b,0x1e,0x83,0x1e,0x83,0xfe,0x82,
0xfe,0x82,0xfe,0x82,0xfe,0x7a,0xfe,0x7a,0xdd,0x7a,0xdd,0x7a,0xdd,0x7a,0xdd,0x72,0xdd,0x72,0xbd,0x72,0xbd,0x72,0xbd,0x6a,0xbd,0x6a,0x9d,0x6a,0x9d,0x6a,0x9c,0x6a,
0x9c,0x62,0x9c,0x62,0x7c,0x62,0x7c,0x62,0x7c,0x62,0x7c,0x5a,0x7c,0x5a,0x5c,0x5a,0x00,0x00,0x00,0x00,0x00,0x00,0x00,0x00,0x00,0x00,0x00,0x00,0x00,0x00,0x00,0x00,
0x00,0x00,0x00,0x00,0x00,0x00,0x00,0x00,0x00,0x00,0x00,0x00,0x00,0x00,0x00,0x00,0x00,0x00,0x00,0x00,0x00,0x00,0x00,0x00,0x00,0x00,0x00,0x00,0x00,0x00,0x00,0x00,
0x00,0x00,0x00,0x00,0x00,0x00,0x00,0x00,0x00,0x00,0x00,0x00,0x00,0x00,0x00,0x00,0x00,0x00,0x00,0x00,0x00,0x00,0x00,0x00,0x00,0x00,0x00,0x00,0x00,0x00,0x00,0x00,
0x00,0x00,0x00,0x00,0x00,0x00,0x00,0x00,0x00,0x00,0x00,0x00,0x00,0x00,0x00,0x00,0x7f,0xa3,0x7f,0xa3,0x7f,0xa3,0x7f,0xa3,0x7f,0x9b,0x7f,0x9b,0x7f,0x9b,0x5f,0x9b,
0x5f,0x9b,0x5f,0x9b,0x5f,0x93,0x5f,0x93,0x3f,0x93,0x3f,0x93,0x3f,0x93,0x3f,0x8b,0x3e,0x8b,0x1e,0x8b,0x1e,0x8b,0x1e,0x8b,0x1e,0x83,0x1e,0x83,0xfe,0x82,0xfe,0x82,
0xfe,0x82,0xfe,0x7a,0xfe,0x7a,0xdd,0x7a,0xdd,0x7a,0xdd,0x7a,0xdd,0x72,0xdd,0x72,0xbd,0x72,0xbd,0x72,0xbd,0x72,0xbd,0x6a,0xbd,0x6a,0x9d,0x6a,0x9c,0x6a,0x9c,0x62,
0x9c,0x62,0x7c,0x62,0x7c,0x62,0x7c,0x62,0x7c,0x5a,0x7c,0x5a,0x5c,0x5a,0x5c,0x5a,0x00,0x00,0x00,0x00,0x00,0x00,0x00,0x00,0x00,0x00,0x00,0x00,0x00,0x00,0x00,0x00,
0x00,0x00,0x00,0x00,0x00,0x00,0x00,0x00,0x00,0x00,0x00,0x00,0x00,0x00,0x00,0x00,0x00,0x00,0x00,0x00,0x00,0x00,0x00,0x00,0x00,0x00,0x00,0x00,0x00,0x00,0x00,0x00,
0x00,0x00,0x00,0x00,0x00,0x00,0x00,0x00,0x00,0x00,0x00,0x00,0x00,0x00,0x00,0x00,0x00,0x00,0x00,0x00,0x00,0x00,0x00,0x00,0x00,0x00,0x00,0x00,0x00,0x00,0x00,0x00,
0x00,0x00,0x00,0x00,0x00,0x00,0x00,0x00,0x00,0x00,0x00,0x00,0x00,0x00,0x00,0x00,0x7f,0xa3,0x7f,0xa3,0x7f,0xa3,0x7f,0x9b,0x7f,0x9b,0x7f,0x9b,0x5f,0x9b,0x5f,0x9b,
0x5f,0x9b,0x5f,0x93,0x5f,0x93,0x5f,0x93,0x3f,0x93,0x3f,0x93,0x3f,0x8b,0x3e,0x8b,0x3e,0x8b,0x1e,0x8b,0x1e,0x8b,0x1e,0x83,0x1e,0x83,0x1e,0x83,0xfe,0x82,0xfe,0x82,
0xfe,0x7a,0xfe,0x7a,0xdd,0x7a,0xdd,0x7a,0xdd,0x7a,0xdd,0x72,0xdd,0x72,0xbd,0x72,0xbd,0x72,0xbd,0x72,0xbd,0x6a,0xbd,0x6a,0x9d,0x6a,0x9c,0x6a,0x9c,0x6a,0x9c,0x62,
0x7c,0x62,0x7c,0x62,0x7c,0x62,0x7c,0x5a,0x7c,0x5a,0x5c,0x5a,0x5c,0x5a,0x5c,0x5a,0x00,0x00,0x00,0x00,0x00,0x00,0x00,0x00,0x00,0x00,0x00,0x00,0x00,0x00,0x00,0x00,
0x00,0x00,0x00,0x00,0x00,0x00,0x00,0x00,0x00,0x00,0x00,0x00,0x00,0x00,0x00,0x00,0x00,0x00,0x00,0x00,0x00,0x00,0x00,0x00,0x00,0x00,0x00,0x00,0x00,0x00,0x00,0x00,
0x00,0x00,0x00,0x00,0x00,0x00,0x00,0x00,0x00,0x00,0x00,0x00,0x00,0x00,0x00,0x00,0x00,0x00,0x00,0x00,0x00,0x00,0x00,0x00,0x00,0x00,0x00,0x00,0x00,0x00,0x00,0x00,
0x00,0x00,0x00,0x00,0x00,0x00,0x00,0x00,0x00,0x00,0x00,0x00,0x00,0x00,0x00,0x00,0x7f,0xa3,0x7f,0xa3,0x7f,0x9b,0x7f,0x9b,0x7f,0x9b,0x5f,0x9b,0x5f,0x9b,0x5f,0x9b,
0x5f,0x93,0x5f,0x93,0x5f,0x93,0x3f,0x93,0x3f,0x93,0x3f,0x8b,0x3e,0x8b,0x3e,0x8b,0x1e,0x8b,0x1e,0x8b,0x1e,0x83,0x1e,0x83,0x1e,0x83,0xfe,0x82,0xfe,0x82,0xfe,0x7a,
0xfe,0x7a,0xfe,0x7a,0xdd,0x7a,0xdd,0x7a,0xdd,0x72,0xdd,0x72,0xbd,0x72,0xbd,0x72,0xbd,0x72,0xbd,0x6a,0xbd,0x6a,0x9d,0x6a,0x9c,0x6a,0x9c,0x6a,0x9c,0x62,0x9c,0x62,
0x7c,0x62,0x7c,0x62,0x7c,0x62,0x7c,0x5a,0x5c,0x5a,0x5c,0x5a,0x5c,0x5a,0x5c,0x5a,0x00,0x00,0x00,0x00,0x00,0x00,0x00,0x00,0x00,0x00,0x00,0x00,0x00,0x00,0x00,0x00,
0x00,0x00,0x00,0x00,0x00,0x00,0x00,0x00,0x00,0x00,0x00,0x00,0x00,0x00,0x00,0x00,0x00,0x00,0x00,0x00,0x00,0x00,0x00,0x00,0x00,0x00,0x00,0x00,0x00,0x00,0x00,0x00,
0x00,0x00,0x00,0x00,0x00,0x00,0x00,0x00,0x00,0x00,0x00,0x00,0x00,0x00,0x00,0x00,0x00,0x00,0x00,0x00,0x00,0x00,0x00,0x00,0x00,0x00,0x00,0x00,0x00,0x00,0x00,0x00,
0x00,0x00,0x00,0x00,0x00,0x00,0x00,0x00,0x00,0x00,0x00,0x00,0x00,0x00,0x00,0x00,0x00,0x00,0x7f,0x9b,0x7f,0x9b,0x7f,0x9b,0x5f,0x9b,0x5f,0x9b,0x5f,0x9b,0x5f,0x93,
0x5f,0x93,0x5f,0x93,0x3f,0x93,0x3f,0x93,0x3f,0x8b,0x3e,0x8b,0x3e,0x8b,0x1e,0x8b,0x1e,0x8b,0x1e,0x83,0x1e,0x83,0x1e,0x83,0xfe,0x82,0xfe,0x82,0xfe,0x7a,0xfe,0x7a,
0xfe,0x7a,0xdd,0x7a,0xdd,0x7a,0xdd,0x72,0xdd,0x72,0xbd,0x72,0xbd,0x72,0xbd,0x72,0xbd,0x6a,0xbd,0x6a,0x9d,0x6a,0x9d,0x6a,0x9c,0x6a,0x9c,0x62,0x9c,0x62,0x7c,0x62,
0x7c,0x62,0x7c,0x62,0x7c,0x5a,0x7c,0x5a,0x5c,0x5a,0x5c,0x5a,0x5b,0x5a,0x00,0x00,0x00,0x00,0x00,0x00,0x00,0x00,0x00,0x00,0x00,0x00,0x00,0x00,0x00,0x00,0x00,0x00,
0x00,0x00,0x00,0x00,0x00,0x00,0x00,0x00,0x00,0x00,0x00,0x00,0x00,0x00,0x00,0x00,0x00,0x00,0x00,0x00,0x00,0x00,0x00,0x00,0x00,0x00,0x00,0x00,0x00,0x00,0x00,0x00,
0x00,0x00,0x00,0x00,0x00,0x00,0x00,0x00,0x00,0x00,0x00,0x00,0x00,0x00,0x00,0x00,0x00,0x00,0x00,0x00,0x00,0x00,0x00,0x00,0x00,0x00,0x00,0x00,0x00,0x00,0x00,0x00,
0x00,0x00,0x00,0x00,0x00,0x00,0x00,0x00,0x00,0x00,0x00,0x00,0x00,0x00,0x00,0x00,0x00,0x00,0x7f,0x9b,0x7f,0x9b,0x5f,0x9b,0x5f,0x9b,0x5f,0x9b,0x5f,0x93,0x5f,0x93,
0x5f,0x93,0x3f,0x93,0x3f,0x93,0x3f,0x8b,0x3f,0x8b,0x3e,0x8b,0x1e,0x8b,0x1e,0x8b,0x1e,0x83,0x1e,0x83,0x1e,0x83,0xfe,0x82,0xfe,0x82,0xfe,0x82,0xfe,0x7a,0xfe,0x7a,
0xdd,0x7a,0xdd,0x7a,0xdd,0x7a,0xdd,0x72,0xdd,0x72,0xbd,0x72,0xbd,0x72,0xbd,0x6a,0xbd,0x6a,0x9d,0x6a,0x9d,0x6a,0x9c,0x6a,0x9c,0x62,0x9c,0x62,0x7c,0x62,0x7c,0x62,
0x7c,0x62,0x7c,0x5a,0x7c,0x5a,0x5c,0x5a,0xf1,0xa3,0xa5,0xf5,0xc4,0xfd,0xc5,0xfd,0x00,0x00,0x00,0x00,0x00,0x00,0x00,0x00,0x00,0x00,0x00,0x00,0x00,0x00,0x00,0x00,
0x00,0x00,0x00,0x00,0x00,0x00,0x00,0x00,0x00,0x00,0x00,0x00,0x00,0x00,0x00,0x00,0x00,0x00,0x00,0x00,0x00,0x00,0x00,0x00,0x00,0x00,0x00,0x00,0x00,0x00,0x00,0x00,
0x00,0x00,0x00,0x00,0x00,0x00,0x00,0x00,0x00,0x00,0x00,0x00,0x00,0x00,0x00,0x00,0x00,0x00,0x00,0x00,0x00,0x00,0x00,0x00,0x00,0x00,0x00,0x00,0x00,0x00,0x00,0x00,
0x00,0x00,0x00,0x00,0x00,0x00,0x00,0x00,0x00,0x00,0x00,0x00,0x00,0x00,0x00,0x00,0x00,0x00,0x00,0x00,0x7f,0x9b,0x5f,0x9b,0x5f,0x9b,0x5f,0x93,0x5f,0x93,0x5f,0x93,
0x3f,0x93,0x3f,0x93,0x3f,0x8b,0x3f,0x8b,0x3e,0x8b,0x1e,0x8b,0x1e,0x8b,0x1e,0x8b,0x1e,0x83,0x1e,0x83,0xfe,0x82,0xfe,0x82,0xfe,0x82,0xfe,0x7a,0xfe,0x7a,0xdd,0x7a,
0xdd,0x7a,0xdd,0x7a,0xdd,0x72,0xdd,0x72,0xbd,0x72,0xbd,0x72,0xbd,0x72,0xbd,0x6a,0xbd,0x6a,0x9d,0x6a,0x9c,0x6a,0x9c,0x6a,0x9c,0x62,0x7c,0x62,0x7c,0x62,0x7c,0x62,
0x7c,0x5a,0x7c,0x5a,0x5c,0x5a,0xf8,0x72,0xe4,0xfd,0xe4,0xfd,0xe4,0xfd,0xc5,0xfd,0x45,0xfd,0x00,0x00,0x00,0x00,0x00,0x00,0x00,0x00,0x00,0x00,0x00,0x00,0x00,0x00,
0x00,0x00,0x00,0x00,0x00,0x00,0x00,0x00,0x00,0x00,0x00,0x00,0x00,0x00,0x00,0x00,0x00,0x00,0x00,0x00,0x00,0x00,0x00,0x00,0x00,0x00,0x00,0x00,0x00,0x00,0x00,0x00,
0x00,0x00,0x00,0x00,0x00,0x00,0x00,0x00,0x00,0x00,0x00,0x00,0x00,0x00,0x00,0x00,0x00,0x00,0x00,0x00,0x00,0x00,0x00,0x00,0x00,0x00,0x00,0x00,0x00,0x00,0x00,0x00,
0x00,0x00,0x00,0x00,0x00,0x00,0x00,0x00,0x00,0x00,0x00,0x00,0x00,0x00,0x00,0x00,0x00,0x00,0x00,0x00,0x00,0x00,0x3f,0x9b,0x5f,0x93,0x5f,0x93,0x5f,0x93,0x3f,0x93,
0x3f,0x93,0x3f,0x8b,0x3f,0x8b,0x3e,0x8b,0x1e,0x8b,0x1e,0x8b,0x1e,0x8b,0x1e,0x83,0x1e,0x83,0xfe,0x82,0xfe,0x82,0xfe,0x82,0xfe,0x7a,0xfe,0x7a,0xdd,0x7a,0xdd,0x7a,
0xdd,0x7a,0xdd,0x72,0xdd,0x72,0xbd,0x72,0xbd,0x72,0xbd,0x72,0xbd,0x6a,0xbd,0x6a,0x9d,0x6a,0x9c,0x6a,0x9c,0x6a,0x9c,0x62,0x9c,0x62,0x7c,0x62,0x7c,0x62,0x7c,0x62,
0x7c,0x5a,0x5c,0x5a,0x5c,0x5a,0x6e,0xbc,0xe4,0xfd,0xe4,0xfd,0xc5,0xfd,0xc5,0xfd,0xc5,0xfd,0x00,0x00,0x00,0x00,0x00,0x00,0x00,0x00,0x00,0x00,0x00,0x00,0x00,0x00,
0x00,0x00,0x00,0x00,0x00,0x00,0x00,0x00,0x00,0x00,0x00,0x00,0x00,0x00,0x00,0x00,0x00,0x00,0x00,0x00,0x00,0x00,0x00,0x00,0x00,0x00,0x00,0x00,0x00,0x00,0x00,0x00,
0x00,0x00,0x00,0x00,0x00,0x00,0x00,0x00,0x00,0x00,0x00,0x00,0x00,0x00,0x00,0x00,0x00,0x00,0x00,0x00,0x00,0x00,0x00,0x00,0x00,0x00,0x00,0x00,0x00,0x00,0x00,0x00,
0x00,0x00,0x00,0x00,0x00,0x00,0x00,0x00,0x00,0x00,0x00,0x00,0x00,0x00,0x00,0x00,0x00,0x00,0x00,0x00,0x00,0x00,0x00,0x00,0x00,0x00,0x3f,0x93,0x3f,0x93,0x3f,0x93,
0x3f,0x8b,0x3f,0x8b,0x3e,0x8b,0x1e,0x8b,0x1e,0x8b,0x1e,0x8b,0x1e,0x83,0x1e,0x83,0xfe,0x82,0xfe,0x82,0xfe,0x82,0xfe,0x7a,0xfe,0x7a,0xdd,0x7a,0xdd,0x7a,0xdd,0x7a,
0xdd,0x72,0xdd,0x72,0xbd,0x72,0xbd,0x72,0xbd,0x72,0xbd,0x6a,0xbd,0x6a,0x9d,0x6a,0x9c,0x6a,0x9c,0x6a,0x9c,0x62,0x9c,0x62,0x7c,0x62,0x7c,0x62,0x7c,0x62,0x7c,0x5a,
0x7c,0x5a,0x5c,0x5a,0x5c,0x5a,0xe4,0xfd,0xc4,0xfd,0xc5,0xfd,0xc5,0xfd,0xc5,0xfd,0xa5,0xfd,0x00,0x00,0x00,0x00,0x00,0x00,0x00,0x00,0x00,0x00,0x00,0x00,0x00,0x00,
0x00,0x00,0x00,0x00,0x00,0x00,0x00,0x00,0x00,0x00,0x00,0x00,0x00,0x00,0x00,0x00,0x00,0x00,0x00,0x00,0x00,0x00,0x00,0x00,0x00,0x00,0x00,0x00,0x00,0x00,0x00,0x00,
0x00,0x00,0x00,0x00,0x00,0x00,0x00,0x00,0x00,0x00,0x00,0x00,0x00,0x00,0x00,0x00,0x00,0x00,0x00,0x00,0x00,0x00,0x00,0x00,0x00,0x00,0x00,0x00,0x00,0x00,0x00,0x00,
0x00,0x00,0x00,0x00,0x00,0x00,0x00,0x00,0x00,0x00,0x00,0x00,0x00,0x00,0x00,0x00,0x00,0x00,0x00,0x00,0x00,0x00,0x00,0x00,0x00,0x00,0x00,0x00,0x00,0x00,0x00,0x00,
0x00,0x00,0x00,0x00,0x00,0x00,0x00,0x00,0x00,0x00,0x00,0x00,0x00,0x00,0x00,0x00,0x00,0x00,0x00,0x00,0x00,0x00,0x00,0x00,0x00,0x00,0x00,0x00,0x00,0x00,0x00,0x00,
0x00,0x00,0x00,0x00,0x00,0x00,0x00,0x00,0x00,0x00,0x00,0x00,0x00,0x00,0x00,0x00,0x00,0x00,0x00,0x00,0x00,0x00,0x00,0x00,0x00,0x00,0x00,0x00,0x00,0x00,0x00,0x00,
0x00,0x00,0x00,0x00,0xe5,0xfd,0xc4,0xfd,0xc5,0xfd,0xc5,0xfd,0xc5,0xfd,0xa5,0xfd,0xa5,0xfd,0xe8,0xfd,0x00,0x00,0x00,0x00,0x00,0x00,0x00,0x00,0x00,0x00,0x00,0x00,
0x00,0x00,0x00,0x00,0x00,0x00,0x00,0x00,0x00,0x00,0x00,0x00,0x00,0x00,0x00,0x00,0x00,0x00,0x00,0x00,0x00,0x00,0x00,0x00,0x00,0x00,0x00,0x00,0x00,0x00,0x00,0x00,
0x00,0x00,0x00,0x00,0x00,0x00,0x00,0x00,0x00,0x00,0x00,0x00,0x00,0x00,0x00,0x00,0x00,0x00,0x00,0x00,0x00,0x00,0x00,0x00,0x00,0x00,0x00,0x00,0x00,0x00,0x00,0x00,
0x00,0x00,0x00,0x00,0x00,0x00,0x00,0x00,0x00,0x00,0x00,0x00,0x00,0x00,0x00,0x00,0x00,0x00,0x00,0x00,0x00,0x00,0x00,0x00,0x00,0x00,0x00,0x00,0x00,0x00,0x00,0x00,
0x00,0x00,0x00,0x00,0x00,0x00,0x00,0x00,0x00,0x00,0x00,0x00,0x00,0x00,0x00,0x00,0x00,0x00,0x00,0x00,0x00,0x00,0x00,0x00,0x00,0x00,0x00,0x00,0x00,0x00,0x00,0x00,
0x00,0x00,0x00,0x00,0x00,0x00,0x00,0x00,0x00,0x00,0x00,0x00,0x00,0x00,0x00,0x00,0x00,0x00,0x00,0x00,0x00,0x00,0x00,0x00,0x00,0x00,0x00,0x00,0x00,0x00,0x00,0x00,
0x00,0x00,0x00,0x00,0xc4,0xfd,0xc5,0xfd,0xc5,0xfd,0xc5,0xfd,0xa5,0xfd,0xa5,0xfd,0xa6,0xfd,0x86,0xfd,0x00,0x00,0x00,0x00,0x00,0x00,0x00,0x00,0x00,0x00,0x00,0x00,
0x00,0x00,0x00,0x00,0x00,0x00,0x00,0x00,0x00,0x00,0x00,0x00,0x00,0x00,0x00,0x00,0x00,0x00,0x00,0x00,0x00,0x00,0x00,0x00,0x00,0x00,0x00,0x00,0x00,0x00,0x00,0x00,
0x00,0x00,0x00,0x00,0x00,0x00,0x00,0x00,0x00,0x00,0x00,0x00,0x00,0x00,0x00,0x00,0x00,0x00,0x00,0x00,0x00,0x00,0x00,0x00,0x00,0x00,0x00,0x00,0x00,0x00,0x00,0x00,
0x00,0x00,0x00,0x00,0x00,0x00,0x00,0x00,0x00,0x00,0x00,0x00,0x00,0x00,0x00,0x00,0x00,0x00,0x00,0x00,0x00,0x00,0x00,0x00,0x00,0x00,0x00,0x00,0x00,0x00,0x00,0x00,
0x00,0x00,0x00,0x00,0x00,0x00,0x00,0x00,0x00,0x00,0x00,0x00,0x00,0x00,0x00,0x00,0x00,0x00,0x00,0x00,0x00,0x00,0x00,0x00,0x00,0x00,0x00,0x00,0x00,0x00,0x00,0x00,
0x00,0x00,0x00,0x00,0x00,0x00,0x00,0x00,0x00,0x00,0x00,0x00,0x00,0x00,0x00,0x00,0x00,0x00,0x00,0x00,0x00,0x00,0x00,0x00,0x00,0x00,0x00,0x00,0x00,0x00,0x00,0x00,
0x00,0x00,0x00,0x00,0xc5,0xfd,0xc5,0xfd,0xa5,0xfd,0xa5,0xfd,0xa5,0xfd,0xa6,0xfd,0x86,0xfd,0x86,0xfd,0x00,0x00,0x00,0x00,0x00,0x00,0x00,0x00,0x00,0x00,0x00,0x00,
0x00,0x00,0x00,0x00,0x00,0x00,0x00,0x00,0x00,0x00,0x00,0x00,0x00,0x00,0x00,0x00,0x00,0x00,0x00,0x00,0x00,0x00,0x00,0x00,0x00,0x00,0x00,0x00,0x00,0x00,0x00,0x00,
0x00,0x00,0x00,0x00,0x00,0x00,0x00,0x00,0x00,0x00,0x00,0x00,0x00,0x00,0x00,0x00,0x00,0x00,0x00,0x00,0x00,0x00,0x00,0x00,0x00,0x00,0x00,0x00,0x00,0x00,0x00,0x00,
0x00,0x00,0x00,0x00,0x00,0x00,0x00,0x00,0x00,0x00,0x00,0x00,0x00,0x00,0x00,0x00,0x00,0x00,0x00,0x00,0x00,0x00,0x00,0x00,0x00,0x00,0x00,0x00,0x00,0x00,0x00,0x00,
0x00,0x00,0x00,0x00,0x00,0x00,0x00,0x00,0x00,0x00,0x00,0x00,0x00,0x00,0x00,0x00,0x00,0x00,0x00,0x00,0x00,0x00,0x00,0x00,0x00,0x00,0x00,0x00,0x00,0x00,0x00,0x00,
0x00,0x00,0x00,0x00,0x00,0x00,0x00,0x00,0x00,0x00,0x00,0x00,0x00,0x00,0x00,0x00,0x00,0x00,0x00,0x00,0x00,0x00,0x00,0x00,0x00,0x00,0x00,0x00,0x00,0x00,0x00,0x00,
0x00,0x00,0xc5,0xfd,0xc5,0xfd,0xa5,0xfd,0xa5,0xfd,0xa5,0xfd,0xa6,0xfd,0x86,0xfd,0x86,0xfd,0x86,0xfd,0xa9,0xfd,0x00,0x00,0x00,0x00,0x00,0x00,0x00,0x00,0x00,0x00,
0x00,0x00,0x00,0x00,0x00,0x00,0x00,0x00,0x00,0x00,0x00,0x00,0x00,0x00,0x00,0x00,0x00,0x00,0x00,0x00,0x00,0x00,0x00,0x00,0x00,0x00,0x00,0x00,0x00,0x00,0x00,0x00,
0x00,0x00,0x00,0x00,0x00,0x00,0x00,0x00,0x00,0x00,0x00,0x00,0x00,0x00,0x00,0x00,0x00,0x00,0x00,0x00,0x00,0x00,0x00,0x00,0x00,0x00,0x00,0x00,0x00,0x00,0x00,0x00,
0x00,0x00,0x00,0x00,0x00,0x00,0x00,0x00,0x00,0x00,0x00,0x00,0x00,0x00,0x00,0x00,0x00,0x00,0x00,0x00,0x00,0x00,0x00,0x00,0x00,0x00,0x00,0x00,0x00,0x00,0x00,0x00,
0x00,0x00,0x00,0x00,0x00,0x00,0x00,0x00,0x00,0x00,0x00,0x00,0x00,0x00,0x00,0x00,0x00,0x00,0x00,0x00,0x00,0x00,0x00,0x00,0x00,0x00,0x00,0x00,0x00,0x00,0x00,0x00,
0x00,0x00,0x00,0x00,0x00,0x00,0x00,0x00,0x00,0x00,0x00,0x00,0x00,0x00,0x00,0x00,0x00,0x00,0x00,0x00,0x00,0x00,0x00,0x00,0x00,0x00,0x00,0x00,0x00,0x00,0x00,0x00,
0x00,0x00,0xc5,0xfd,0xa5,0xfd,0xa5,0xfd,0xa5,0xfd,0xa6,0xfd,0x86,0xfd,0x86,0xfd,0x86,0xfd,0x66,0xfd,0x67,0xfd,0x00,0x00,0x00,0x00,0x00,0x00,0x00,0x00,0x00,0x00,
0x00,0x00,0x00,0x00,0x00,0x00,0x00,0x00,0x00,0x00,0x00,0x00,0x00,0x00,0x00,0x00,0x00,0x00,0x00,0x00,0x00,0x00,0x00,0x00,0x00,0x00,0x00,0x00,0x00,0x00,0x00,0x00,
0x00,0x00,0x00,0x00,0x00,0x00,0x00,0x00,0x00,0x00,0x00,0x00,0x00,0x00,0x00,0x00,0x00,0x00,0x00,0x00,0x00,0x00,0x00,0x00,0x00,0x00,0x00,0x00,0x00,0x00,0x00,0x00,
0x00,0x00,0x00,0x00,0x00,0x00,0x00,0x00,0x00,0x00,0x00,0x00,0x00,0x00,0x00,0x00,0x00,0x00,0x00,0x00,0x00,0x00,0x00,0x00,0x00,0x00,0x00,0x00,0x00,0x00,0x00,0x00,
0x00,0x00,0x00,0x00,0x00,0x00,0x00,0x00,0x00,0x00,0x00,0x00,0x00,0x00,0x00,0x00,0x00,0x00,0x00,0x00,0x00,0x00,0x00,0x00,0x00,0x00,0x00,0x00,0x00,0x00,0x00,0x00,
0x00,0x00,0x00,0x00,0x00,0x00,0x00,0x00,0x00,0x00,0x00,0x00,0x00,0x00,0x00,0x00,0x00,0x00,0x00,0x00,0x00,0x00,0x00,0x00,0x00,0x00,0x00,0x00,0x00,0x00,0x00,0x00,
0xc5,0xfd,0xa5,0xfd,0xa5,0xfd,0xa6,0xfd,0xa6,0xfd,0x86,0xfd,0x86,0xfd,0x86,0xfd,0x66,0xfd,0x67,0xfd,0x67,0xfd,0x27,0xfd,0x00,0x00,0x00,0x00,0x00,0x00,0x00,0x00,
0x00,0x00,0x00,0x00,0x00,0x00,0x00,0x00,0x00,0x00,0x00,0x00,0x00,0x00,0x00,0x00,0x00,0x00,0x00,0x00,0x00,0x00,0x00,0x00,0x00,0x00,0x00,0x00,0x00,0x00,0x00,0x00,
0x00,0x00,0x00,0x00,0x00,0x00,0x00,0x00,0x00,0x00,0x00,0x00,0x00,0x00,0x00,0x00,0x00,0x00,0x00,0x00,0x00,0x00,0x00,0x00,0x00,0x00,0x00,0x00,0x00,0x00,0x00,0x00,
0x00,0x00,0x00,0x00,0x00,0x00,0x00,0x00,0x00,0x00,0x00,0x00,0x00,0x00,0x00,0x00,0x00,0x00,0x00,0x00,0x00,0x00,0x00,0x00,0x00,0x00,0x00,0x00,0x00,0x00,0x00,0x00,
0x00,0x00,0x00,0x00,0x00,0x00,0x00,0x00,0x00,0x00,0x00,0x00,0x00,0x00,0x00,0x00,0x00,0x00,0x00,0x00,0x00,0x00,0x00,0x00,0x00,0x00,0x00,0x00,0x00,0x00,0x00,0x00,
0x00,0x00,0x00,0x00,0x00,0x00,0x00,0x00,0x00,0x00,0x00,0x00,0x00,0x00,0x00,0x00,0x00,0x00,0x00,0x00,0x00,0x00,0x00,0x00,0x00,0x00,0x00,0x00,0x00,0x00,0x84,0xfd,
0xa5,0xfd,0xa5,0xfd,0xa6,0xfd,0x86,0xfd,0x86,0xfd,0x86,0xfd,0x86,0xfd,0x67,0xfd,0x67,0xfd,0x67,0xfd,0x47,0xfd,0x47,0xfd,0x00,0xfc,0x00,0x00,0x00,0x00,0x00,0x00,
0x00,0x00,0x00,0x00,0x00,0x00,0x00,0x00,0x00,0x00,0x00,0x00,0x00,0x00,0x00,0x00,0x00,0x00,0x00,0x00,0x00,0x00,0x00,0x00,0x00,0x00,0x00,0x00,0x00,0x00,0x00,0x00,
0x00,0x00,0x00,0x00,0x00,0x00,0x00,0x00,0x00,0x00,0x00,0x00,0x00,0x00,0x00,0x00,0x00,0x00,0x00,0x00,0x00,0x00,0x00,0x00,0x00,0x00,0x00,0x00,0x00,0x00,0x00,0x00,
0x00,0x00,0x00,0x00,0x00,0x00,0x00,0x00,0x00,0x00,0x00,0x00,0x00,0x00,0x00,0x00,0x00,0x00,0x00,0x00,0x00,0x00,0x00,0x00,0x00,0x00,0x00,0x00,0x00,0x00,0x00,0x00,
0x00,0x00,0x00,0x00,0x00,0x00,0x00,0x00,0x00,0x00,0x00,0x00,0x00,0x00,0x00,0x00,0x00,0x00,0x00,0x00,0x00,0x00,0x00,0x00,0x00,0x00,0x00,0x00,0x00,0x00,0x00,0x00,
0x00,0x00,0x00,0x00,0x00,0x00,0x00,0x00,0x00,0x00,0x00,0x00,0x00,0x00,0x00,0x00,0x00,0x00,0x00,0x00,0x00,0x00,0x00,0x00,0x00,0x00,0x00,0x00,0x84,0xfd,0xc5,0xfd,
0xa5,0xfd,0xa6,0xfd,0x86,0xfd,0x86,0xfd,0x86,0xfd,0x86,0xfd,0x67,0xfd,0x67,0xfd,0x67,0xfd,0x47,0xfd,0x47,0xfd,0x47,0xfd,0x48,0xfd,0x4a,0xfd,0x00,0x00,0x00,0x00,
0x00,0x00,0x00,0x00,0x00,0x00,0x00,0x00,0x00,0x00,0x00,0x00,0x00,0x00,0x00,0x00,0x00,0x00,0x00,0x00,0x00,0x00,0x00,0x00,0x00,0x00,0x00,0x00,0x00,0x00,0x00,0x00,
0x00,0x00,0x00,0x00,0x00,0x00,0x00,0x00,0x00,0x00,0x00,0x00,0x00,0x00,0x00,0x00,0x00,0x00,0x00,0x00,0x00,0x00,0x00,0x00,0x00,0x00,0x00,0x00,0x00,0x00,0x00,0x00,
0x00,0x00,0x00,0x00,0x00,0x00,0x00,0x00,0x00,0x00,0xff,0xc3,0xdf,0xc3,0xdf,0xc3,0xdf,0xc3,0xdf,0xc3,0xdf,0xc3,0xdf,0xbb,0xdf,0xbb,0xbf,0xbb,0xbf,0xbb,0xbf,0xbb,
0xbf,0xb3,0xbf,0xb3,0xbf,0xb3,0xbf,0xb3,0x9f,0xb3,0x9f,0xab,0x9f,0xab,0x9f,0xab,0x9f,0xab,0x7f,0xa3,0x9f,0xa3,0x7f,0xa3,0x7f,0xa3,0x7f,0xa3,0x7f,0x9b,0x7f,0x9b,
0x5f,0x9b,0x5f,0x9b,0x5f,0x9b,0x5f,0x93,0x5f,0x93,0x3f,0x93,0x3e,0x93,0x3e,0x93,0x3e,0x93,0x3e,0x8b,0x1e,0x8b,0xfd,0x82,0xdd,0x7a,0x59,0x8b,0x29,0xe5,0xa5,0xfd,
0xa6,0xfd,0x86,0xfd,0x86,0xfd,0x86,0xfd,0x86,0xfd,0x67,0xfd,0x67,0xfd,0x67,0xfd,0x47,0xfd,0x47,0xfd,0x48,0xfd,0x48,0xfd,0x28,0xfd,0x28,0xfd,0x08,0xfd,0x00,0x00,
0x00,0x00,0x00,0x00,0x00,0x00,0x00,0x00,0x00,0x00,0x00,0x00,0x00,0x00,0x00,0x00,0x00,0x00,0x00,0x00,0x00,0x00,0x00,0x00,0x00,0x00,0x00,0x00,0x00,0x00,0x00,0x00,
0x00,0x00,0x00,0x00,0x00,0x00,0x00,0x00,0x00,0x00,0x00,0x00,0x00,0x00,0x00,0x00,0x00,0x00,0x00,0x00,0x00,0x00,0x00,0x00,0x00,0x00,0x00,0x00,0x00,0x00,0x00,0x00,
0x00,0x00,0x00,0x00,0x00,0x00,0xff,0xcb,0xff,0xcb,0xdf,0xc3,0xdf,0xc3,0xdf,0xc3,0xdf,0xc3,0xdf,0xc3,0xdf,0xbb,0xdf,0xbb,0xdf,0xbb,0xbf,0xbb,0xbf,0xbb,0xbf,0xb3,
0xbf,0xb3,0xbf,0xb3,0xbf,0xb3,0x9f,0xb3,0x9f,0xab,0x9f,0xab,0x9f,0xab,0x9f,0xab,0x7f,0xa3,0x7f,0xa3,0x7f,0xa3,0x7f,0xa3,0x7f,0xa3,0x7f,0x9b,0x7f,0x9b,0x5f,0x9b,
0x5f,0x9b,0x5f,0x9b,0x5f,0x9b,0x5f,0x93,0x5e,0x93,0x3e,0x93,0x3e,0x93,0x1e,0x8b,0x1e,0x8b,0xfd,0x82,0xfd,0x7a,0x1b,0x83,0x50,0xbc,0x86,0xfd,0xa5,0xfd,0xa6,0xfd,
0x86,0xfd,0x86,0xfd,0x86,0xfd,0x66,0xfd,0x67,0xfd,0x67,0xfd,0x67,0xfd,0x47,0xfd,0x47,0xfd,0x48,0xfd,0x28,0xfd,0x28,0xfd,0x28,0xfd,0x28,0xfd,0x09,0xfd,0x09,0xfd,
0xea,0xfc,0x00,0x00,0x00,0x00,0x00,0x00,0x00,0x00,0x00,0x00,0x00,0x00,0x00,0x00,0x00,0x00,0x00,0x00,0x00,0x00,0x00,0x00,0x00,0x00,0x00,0x00,0x00,0x00,0x00,0x00,
0x00,0x00,0x00,0x00,0x00,0x00,0x00,0x00,0x00,0x00,0x00,0x00,0x00,0x00,0x00,0x00,0x00,0x00,0x00,0x00,0x00,0x00,0x00,0x00,0x00,0x00,0x00,0x00,0x00,0x00,0x00,0x00,
0x00,0x00,0x00,0x00,0xde,0xcb,0xff,0xcb,0xff,0xcb,0xdf,0xc3,0xdf,0xc3,0xdf,0xc3,0xdf,0xc3,0xdf,0xc3,0xdf,0xbb,0xbf,0xbb,0xbf,0xbb,0xbf,0xbb,0xbf,0xb3,0xbf,0xb3,
0xbf,0xb3,0x9f,0xb3,0x9f,0xb3,0x9f,0xab,0x9f,0xab,0x9f,0xab,0x9f,0xab,0x9f,0xab,0x7f,0xa3,0x7f,0xa3,0x7f,0xa3,0x7f,0xa3,0x7f,0xa3,0x7f,0x9b,0x7f,0x9b,0x5f,0x9b,
0x5f,0x9b,0x5f,0x9b,0x5f,0x9b,0x5f,0x93,0x3e,0x93,0x3e,0x8b,0x1e,0x8b,0x1e,0x83,0x3c,0x8b,0xf4,0xab,0xec,0xd4,0xa6,0xfd,0xa5,0xfd,0xa5,0xfd,0xa6,0xfd,0x86,0xfd,
0x86,0xfd,0x86,0xfd,0x66,0xfd,0x67,0xfd,0x67,0xfd,0x67,0xfd,0x47,0xfd,0x47,0xfd,0x48,0xfd,0x28,0xfd,0x28,0xfd,0x28,0xfd,0x28,0xfd,0x09,0xfd,0x09,0xfd,0x09,0xfd,
0xe9,0xfc,0xe9,0xfc,0xea,0xfc,0xe9,0xfc,0x00,0x00,0x00,0x00,0x00,0x00,0x00,0x00,0x00,0x00,0x00,0x00,0x00,0x00,0x00,0x00,0x00,0x00,0x00,0x00,0x00,0x00,0x00,0x00,
0x00,0x00,0x00,0x00,0x00,0x00,0x00,0x00,0x00,0x00,0x00,0x00,0x00,0x00,0x00,0x00,0x00,0x00,0x00,0x00,0x00,0x00,0x00,0x00,0x00,0x00,0x00,0x00,0x00,0x00,0x00,0x00,
0x00,0x00,0xff,0xcb,0xff,0xcb,0xff,0xcb,0xdf,0xc3,0xdf,0xc3,0xdf,0xc3,0xdf,0xc3,0xdf,0xc3,0xdf,0xbb,0xdf,0xbb,0xbf,0xbb,0xbf,0xbb,0xbf,0xbb,0xbf,0xb3,0xbf,0xb3,
0xbf,0xb3,0x9f,0xb3,0x9f,0xab,0x9f,0xab,0x9f,0xab,0x9f,0xab,0x9f,0xab,0x7f,0xa3,0x7f,0xa3,0x7f,0xa3,0x7f,0xa3,0x7f,0xa3,0x7f,0x9b,0x7f,0x9b,0x5f,0x9b,0x5f,0x9b,
0x5f,0x9b,0x5f,0x9b,0x3e,0x93,0x3e,0x93,0x3e,0x8b,0x5b,0x93,0x33,0xb4,0x0b,0xdd,0xa5,0xfd,0xc5,0xfd,0xa5,0xfd,0xa5,0xfd,0xa6,0xfd,0xa6,0xfd,0x86,0xfd,0x86,0xfd,
0x86,0xfd,0x66,0xfd,0x67,0xfd,0x67,0xfd,0x67,0xfd,0x47,0xfd,0x47,0xfd,0x48,0xfd,0x28,0xfd,0x28,0xfd,0x28,0xfd,0x28,0xfd,0x09,0xfd,0x09,0xfd,0x09,0xfd,0xe9,0xfc,
0xe9,0xfc,0xea,0xfc,0xea,0xfc,0xca,0xfc,0xca,0xfc,0xca,0xfc,0xab,0xfc,0x00,0x00,0x00,0x00,0x00,0x00,0x00,0x00,0x00,0x00,0x00,0x00,0x00,0x00,0x00,0x00,0x00,0x00,
0x00,0x00,0x00,0x00,0x00,0x00,0x00,0x00,0x00,0x00,0x00,0x00,0x00,0x00,0x00,0x00,0x00,0x00,0x00,0x00,0x00,0x00,0x00,0x00,0x00,0x00,0x00,0x00,0x00,0x00,0x00,0x00,
0x00,0x00,0xff,0xcb,0xff,0xcb,0xdf,0xc3,0xdf,0xc3,0xdf,0xc3,0xdf,0xc3,0xdf,0xbb,0xdf,0xbb,0xbf,0xbb,0xbf,0xbb,0xbf,0xbb,0xbf,0xb3,0xbf,0xb3,0xbf,0xb3,0x9f,0xb3,
0x9f,0xb3,0x9f,0xb3,0x9f,0xab,0x9f,0xab,0x9f,0xab,0x9f,0xab,0x7f,0xa3,0x7f,0xa3,0x7f,0xa3,0x7f,0xa3,0x7f,0xa3,0x7f,0xa3,0x7f,0xa3,0x5f,0x9b,0x5f,0x9b,0x5f,0x9b,
0x5f,0x9b,0x5e,0x93,0x3e,0x93,0x1e,0x8b,0x14,0xb4,0xc5,0xfd,0xc5,0xfd,0xc5,0xfd,0xc5,0xfd,0xa5,0xfd,0xa5,0xfd,0xa6,0xfd,0x86,0xfd,0x86,0xfd,0x86,0xfd,0x86,0xfd,
0x66,0xfd,0x67,0xfd,0x67,0xfd,0x47,0xfd,0x47,0xfd,0x47,0xfd,0x48,0xfd,0x28,0xfd,0x28,0xfd,0x28,0xfd,0x08,0xfd,0x09,0xfd,0x09,0xfd,0x09,0xfd,0xe9,0xfc,0xe9,0xfc,
0xea,0xfc,0xca,0xfc,0xca,0xfc,0xca,0xfc,0xca,0xfc,0xab,0xfc,0xab,0xfc,0xab,0xfc,0x00,0x00,0x00,0x00,0x00,0x00,0x00,0x00,0x00,0x00,0x00,0x00,0x00,0x00,0x00,0x00,
0x00,0x00,0x00,0x00,0x00,0x00,0x00,0x00,0x00,0x00,0x00,0x00,0x00,0x00,0x00,0x00,0x00,0x00,0x00,0x00,0x00,0x00,0x00,0x00,0x00,0x00,0x00,0x00,0x00,0x00,0x00,0x00,
0xfe,0xcb,0xff,0xcb,0xdf,0xc3,0xdf,0xc3,0xde,0xc3,0xde,0xc3,0xde,0xc3,0xbf,0xbb,0xbf,0xbb,0xbf,0xbb,0xbf,0xbb,0xbf,0xb3,0xbf,0xb3,0xbf,0xb3,0xbf,0xb3,0x9f,0xb3,
0x9f,0xb3,0x9f,0xab,0x9f,0xab,0x9f,0xab,0x9f,0xab,0x7f,0xab,0x7f,0xa3,0x7f,0xa3,0x7f,0xa3,0x7f,0xa3,0x7f,0xa3,0x5f,0xa3,0x5f,0x9b,0x5f,0x9b,0x5f,0x9b,0x5f,0x9b,
0x5e,0x9b,0x3e,0x93,0x3e,0x93,0x1e,0x8b,0x87,0xf5,0xc5,0xfd,0xc5,0xfd,0xc5,0xfd,0xa5,0xfd,0xa5,0xfd,0xa6,0xfd,0x86,0xfd,0x86,0xfd,0x86,0xfd,0x86,0xfd,0x67,0xfd,
0x67,0xfd,0x67,0xfd,0x47,0xfd,0x47,0xfd,0x47,0xfd,0x48,0xfd,0x28,0xfd,0x28,0xfd,0x28,0xfd,0x08,0xfd,0x09,0xfd,0x09,0xfd,0x09,0xfd,0xe9,0xfc,0xe9,0xfc,0xea,0xfc,
0xca,0xfc,0xca,0xfc,0xca,0xfc,0xca,0xfc,0xab,0xfc,0xab,0xfc,0xab,0xfc,0x8b,0xfc,0x00,0x00,0x00,0x00,0x00,0x00,0x00,0x00,0x00,0x00,0x00,0x00,0x00,0x00,0x00,0x00,
0x00,0x00,0x00,0x00,0x00,0x00,0x00,0x00,0x00,0x00,0x00,0x00,0x00,0x00,0x00,0x00,0x00,0x00,0x00,0x00,0x00,0x00,0x00,0x00,0x00,0x00,0x00,0x00,0x00,0x00,0x00,0x00,
0xfe,0xc3,0xdf,0xc3,0xde,0xc3,0xde,0xc3,0xde,0xc3,0xde,0xbb,0xdf,0xbb,0xbf,0xbb,0xbe,0xbb,0xbe,0xbb,0xbe,0xb3,0xbe,0xb3,0xbf,0xb3,0x9e,0xb3,0x9f,0xb3,0x9f,0xb3,
0x9f,0xab,0x9f,0xab,0x9f,0xab,0x7f,0xab,0x9f,0xab,0x7f,0xa3,0x7f,0xa3,0x7f,0xa3,0x7f,0xa3,0x7f,0xa3,0x5f,0xa3,0x7f,0xa3,0x5f,0x9b,0x5f,0x9b,0x5f,0x9b,0x5e,0x9b,
0x3e,0x93,0x3e,0x93,0x1e,0x8b,0x1e,0x8b,0x87,0xf5,0xc5,0xfd,0xc5,0xfd,0xa5,0xfd,0xa5,0xfd,0xa6,0xfd,0x86,0xfd,0x86,0xfd,0x86,0xfd,0x86,0xfd,0x67,0xfd,0x67,0xfd,
0x67,0xfd,0x47,0xfd,0x47,0xfd,0x48,0xfd,0x48,0xfd,0x28,0xfd,0x28,0xfd,0x28,0xfd,0x08,0xfd,0x09,0xfd,0x09,0xfd,0x09,0xfd,0xe9,0xfc,0xe9,0xfc,0xea,0xfc,0xca,0xfc,
0xca,0xfc,0xca,0xfc,0xca,0xfc,0xab,0xfc,0xab,0xfc,0xab,0xfc,0x8b,0xfc,0x8b,0xfc,0x00,0x00,0x00,0x00,0x00,0x00,0x00,0x00,0x00,0x00,0x00,0x00,0x00,0x00,0x00,0x00,
0x00,0x00,0x00,0x00,0x00,0x00,0x00,0x00,0x00,0x00,0x00,0x00,0x00,0x00,0x00,0x00,0x00,0x00,0x00,0x00,0x00,0x00,0x00,0x00,0x00,0x00,0x00,0x00,0x00,0x00,0x00,0x00,
0xde,0xc3,0xde,0xc3,0xde,0xc3,0xde,0xc3,0xde,0xc3,0xbe,0xbb,0xbe,0xbb,0xbe,0xbb,0xbe,0xbb,0xbe,0xbb,0xbe,0xb3,0x9e,0xb3,0xbe,0xb3,0x9e,0xb3,0x9e,0xb3,0x9e,0xab,
0x9e,0xab,0x9f,0xab,0x9f,0xab,0x7f,0xab,0x7f,0xab,0x7f,0xa3,0x7f,0xa3,0x7f,0xa3,0x7f,0xa3,0x7f,0xa3,0x5f,0xa3,0x5f,0x9b,0x5f,0x9b,0x5f,0x9b,0x5f,0x9b,0x5e,0x9b,
0x3e,0x93,0x3e,0x93,0x1e,0x8b,0x1e,0x8b,0xf5,0xab,0xa6,0xfd,0xa5,0xfd,0xa5,0xfd,0xa6,0xfd,0x86,0xfd,0x86,0xfd,0x86,0xfd,0x86,0xfd,0x67,0xfd,0x67,0xfd,0x67,0xfd,
0x47,0xfd,0x47,0xfd,0x48,0xfd,0x48,0xfd,0x28,0xfd,0x28,0xfd,0x28,0xfd,0x08,0xfd,0x09,0xfd,0x09,0xfd,0x09,0xfd,0xe9,0xfc,0xe9,0xfc,0xea,0xfc,0xca,0xfc,0xca,0xfc,
0xca,0xfc,0xca,0xfc,0xab,0xfc,0xab,0xfc,0xab,0xfc,0x8b,0xfc,0x8b,0xfc,0x8c,0xfc,0x00,0x00,0x00,0x00,0x00,0x00,0x00,0x00,0x00,0x00,0x00,0x00,0x00,0x00,0x00,0x00,
0x00,0x00,0x00,0x00,0x00,0x00,0x00,0x00,0x00,0x00,0x00,0x00,0x00,0x00,0x00,0x00,0x00,0x00,0x00,0x00,0x00,0x00,0x00,0x00,0x00,0x00,0x00,0x00,0x00,0x00,0x00,0x00,
0xde,0xc3,0xde,0xc3,0xde,0xc3,0xde,0xbb,0xbe,0xbb,0xbe,0xbb,0xbe,0xbb,0xbe,0xbb,0xbf,0xbb,0xbe,0xb3,0xbe,0xb3,0x9e,0xb3,0x9e,0xb3,0x9f,0xb3,0x9e,0xab,0x9e,0xab,
0x9e,0xab,0x9e,0xab,0x7e,0xab,0x9f,0xab,0x7e,0xa3,0x7f,0xa3,0x7f,0xa3,0x7f,0xa3,0x7f,0xa3,0x5f,0xa3,0x5e,0xa3,0x5f,0x9b,0x5f,0x9b,0x5f,0x9b,0x5e,0x9b,0x5e,0x9b,
0x3e,0x93,0x3e,0x93,0x1e,0x8b,0x1e,0x8b,0xfd,0x82,0x1c,0x8b,0xf4,0xab,0xcd,0xd4,0x86,0xfd,0x86,0xfd,0x86,0xfd,0x66,0xfd,0x67,0xfd,0x67,0xfd,0x67,0xfd,0x47,0xfd,
0x47,0xfd,0x48,0xfd,0x28,0xfd,0x28,0xfd,0x28,0xfd,0x28,0xfd,0x09,0xfd,0x09,0xfd,0x09,0xfd,0xe9,0xfc,0xe9,0xfc,0xe9,0xfc,0xea,0xfc,0xca,0xfc,0xca,0xfc,0xca,0xfc,
0xaa,0xfc,0xab,0xfc,0xab,0xfc,0xab,0xfc,0x8b,0xfc,0x8b,0xfc,0xab,0xfc,0x00,0x00,0x00,0x00,0x00,0x00,0x00,0x00,0x00,0x00,0x00,0x00,0x00,0x00,0x00,0x00,0x00,0x00,
0x00,0x00,0x00,0x00,0x00,0x00,0x00,0x00,0x00,0x00,0x00,0x00,0x00,0x00,0x00,0x00,0x00,0x00,0x00,0x00,0x00,0x00,0x00,0x00,0x00,0x00,0x00,0x00,0x00,0x00,0x00,0x00,
0xdf,0xc3,0xde,0xc3,0xde,0xbb,0xbe,0xbb,0xbf,0xbb,0xbf,0xbb,0xbe,0xbb,0xbe,0xbb,0xbe,0xb3,0xbe,0xb3,0x9f,0xb3,0x9f,0xb3,0x9e,0xb3,0x9e,0xab,0x9e,0xab,0x9e,0xab,
0x9e,0xab,0x7e,0xab,0x7e,0xab,0x7e,0xa3,0x7f,0xa3,0x7f,0xa3,0x7f,0xa3,0x7e,0xa3,0x5e,0xa3,0x5e,0xa3,0x5f,0x9b,0x5f,0x9b,0x5f,0x9b,0x5e,0x9b,0x5e,0x9b,0x5e,0x9b,
0x3e,0x93,0x3e,0x93,0x1e,0x93,0x1e,0x8b,0xfd,0x8a,0xfd,0x82,0xdd,0x82,0xdd,0x7a,0xdb,0x7a,0xb5,0xa3,0x8d,0xcc,0x47,0xfd,0x67,0xfd,0x67,0xfd,0x47,0xfd,0x47,0xfd,
0x48,0xfd,0x28,0xfd,0x28,0xfd,0x28,0xfd,0x28,0xfd,0x09,0xfd,0x09,0xfd,0x09,0xfd,0xe9,0xfc,0xe9,0xfc,0xea,0xfc,0xea,0xfc,0xca,0xfc,0xca,0xfc,0xca,0xfc,0xaa,0xfc,
0xab,0xfc,0xab,0xfc,0x8b,0xfc,0x6c,0xfc,0x00,0x00,0x00,0x00,0x00,0x00,0x00,0x00,0x00,0x00,0x00,0x00,0x00,0x00,0x00,0x00,0x00,0x00,0x00,0x00,0x00,0x00,0x00,0x00,
0x00,0x00,0x00,0x00,0x00,0x00,0x00,0x00,0x00,0x00,0x00,0x00,0x00,0x00,0x00,0x00,0x00,0x00,0x00,0x00,0x00,0x00,0x00,0x00,0x00,0x00,0x00,0x00,0x00,0x00,0x00,0x00,
0xde,0xc3,0xbe,0xbb,0xbe,0xbb,0xbf,0xbb,0xbe,0xbb,0xbe,0xbb,0xbe,0xbb,0xbe,0xb3,0xbe,0xb3,0x9f,0xb3,0x9e,0xb3,0x9e,0xb3,0x9e,0xb3,0x9e,0xab,0x9e,0xab,0x9f,0xab,
0x9e,0xab,0x7e,0xab,0x7e,0xa3,0x7e,0xa3,0x7e,0xa3,0x7e,0xa3,0x5e,0xa3,0x7e,0xa3,0x5e,0xa3,0x5e,0xa3,0x5f,0x9b,0x5e,0x9b,0x5e,0x9b,0x5e,0x9b,0x5e,0x9b,0x3e,0x9b,
0x3e,0x9b,0x3e,0x93,0x3e,0x93,0x1e,0x8b,0x1e,0x8b,0xfd,0x82,0xdd,0x82,0xdd,0x7a,0xdd,0x7a,0xbc,0x72,0x9c,0x6a,0xbb,0x72,0xf2,0xab,0x28,0xf5,0x47,0xfd,0x48,0xfd,
0x28,0xfd,0x28,0xfd,0x28,0xfd,0x28,0xfd,0x09,0xfd,0x09,0xfd,0x09,0xfd,0xe9,0xfc,0xe9,0xfc,0xea,0xfc,0xea,0xfc,0xca,0xfc,0xca,0xfc,0xca,0xfc,0xab,0xfc,0x93,0xb3,
0x2f,0xe4,0x00,0x00,0x00,0x00,0x00,0x00,0x00,0x00,0x00,0x00,0x00,0x00,0x00,0x00,0x00,0x00,0x00,0x00,0x00,0x00,0x00,0x00,0x00,0x00,0x00,0x00,0x00,0x00,0x00,0x00,
0x00,0x00,0x00,0x00,0x00,0x00,0x00,0x00,0x00,0x00,0x00,0x00,0x00,0x00,0x00,0x00,0x00,0x00,0x00,0x00,0x00,0x00,0x00,0x00,0x00,0x00,0x00,0x00,0x00,0x00,0x00,0x00,
0xbe,0xbb,0xbe,0xbb,0xbe,0xbb,0xbe,0xbb,0xbe,0xbb,0xbe,0xb3,0xbe,0xb3,0x9e,0xb3,0x9e,0xb3,0x9e,0xb3,0x9e,0xb3,0x9e,0xb3,0x9e,0xab,0x9e,0xab,0x7e,0xab,0x7e,0xab,
0x7e,0xab,0x7e,0xab,0x7e,0xa3,0x7e,0xa3,0x7e,0xa3,0x7e,0xa3,0x7e,0xa3,0x5e,0xa3,0x5e,0xa3,0x5e,0x9b,0x5e,0x9b,0x5e,0x9b,0x5e,0x9b,0x5e,0x9b,0x3e,0x9b,0x3e,0x9b,
0x3e,0x9b,0x3e,0x93,0x3e,0x93,0x1e,0x93,0x1e,0x8b,0x1d,0x8b,0xfd,0x82,0xfd,0x82,0xdd,0x82,0xbc,0x7a,0xbc,0x72,0x9c,0x6a,0x7c,0x6a,0xda,0x72,0x8c,0xdc,0x28,0xfd,
0x28,0xfd,0x28,0xfd,0x08,0xfd,0x09,0xfd,0x09,0xfd,0x09,0xfd,0xe9,0xfc,0xe9,0xfc,0xea,0xfc,0xca,0xfc,0xca,0xfc,0xca,0xfc,0xca,0xfc,0x2e,0xdc,0xba,0x7a,0x7c,0x6a,
0x9f,0x61,0x00,0x00,0x00,0x00,0x00,0x00,0x00,0x00,0x00,0x00,0x00,0x00,0x00,0x00,0x00,0x00,0x00,0x00,0x00,0x00,0x00,0x00,0x00,0x00,0x00,0x00,0x00,0x00,0x00,0x00,
0x00,0x00,0x00,0x00,0x00,0x00,0x00,0x00,0x00,0x00,0x00,0x00,0x00,0x00,0x00,0x00,0x00,0x00,0x00,0x00,0x00,0x00,0x00,0x00,0x00,0x00,0x00,0x00,0x00,0x00,0x00,0x00,
0xbe,0xbb,0xbe,0xbb,0xbe,0xbb,0xbe,0xbb,0xbe,0xbb,0xbe,0xb3,0x9e,0xb3,0x9e,0xb3,0x9e,0xb3,0x9e,0xb3,0x9e,0xb3,0x9e,0xab,0x9e,0xab,0x7e,0xab,0x7e,0xab,0x7e,0xab,
0x7e,0xab,0x7e,0xa3,0x7e,0xa3,0x7e,0xa3,0x7e,0xa3,0x5e,0xa3,0x5e,0xa3,0x5e,0xa3,0x5e,0x9b,0x5e,0x9b,0x5e,0x9b,0x5e,0x9b,0x3e,0x9b,0x3e,0x9b,0x3e,0x9b,0x3e,0x9b,
0x3e,0x9b,0x3e,0x93,0x3e,0x93,0x1e,0x93,0x1e,0x93,0x1e,0x93,0xfe,0x8a,0xfd,0x8a,0xfd,0x82,0xdd,0x82,0xbd,0x7a,0xbc,0x72,0x9c,0x6a,0x7c,0x6a,0x9b,0x62,0x4e,0xcc,
0x28,0xfd,0x08,0xfd,0x09,0xfd,0x09,0xfd,0x09,0xfd,0xe9,0xfc,0xe9,0xfc,0xea,0xfc,0xca,0xfc,0xca,0xfc,0xca,0xfc,0xca,0xfc,0x10,0xcc,0x9b,0x6a,0x7c,0x6a,0x9c,0x72,
0x17,0x82,0x00,0x00,0x00,0x00,0x00,0x00,0x00,0x00,0x00,0x00,0x00,0x00,0x00,0x00,0x00,0x00,0x00,0x00,0x00,0x00,0x00,0x00,0x00,0x00,0x00,0x00,0x00,0x00,0x00,0x00,
0x00,0x00,0x00,0x00,0x00,0x00,0x00,0x00,0x00,0x00,0x00,0x00,0x00,0x00,0x00,0x00,0x00,0x00,0x00,0x00,0x00,0x00,0x00,0x00,0x00,0x00,0x00,0x00,0x00,0x00,0x00,0x00,
0xbe,0xbb,0xbe,0xbb,0xbe,0xbb,0xbe,0xb3,0x9e,0xb3,0x9e,0xb3,0x9e,0xb3,0x9e,0xb3,0x9e,0xb3,0x9e,0xb3,0x9e,0xab,0x7e,0xab,0x9e,0xab,0x7e,0xab,0x7e,0xab,0x7e,0xab,
0x7e,0xab,0x7e,0xa3,0x7e,0xa3,0x7e,0xa3,0x5e,0xa3,0x5e,0xa3,0x5e,0xa3,0x5e,0xa3,0x5e,0x9b,0x5e,0x9b,0x5e,0x9b,0x3e,0x9b,0x5e,0x9b,0x3e,0x9b,0x3e,0x9b,0x3e,0x9b,
0x3e,0x9b,0x3e,0x93,0x3e,0x93,0x1e,0x93,0x1e,0x93,0x1e,0x93,0x1d,0x93,0x1d,0x8b,0xfd,0x8a,0xfd,0x8a,0xdd,0x82,0xbd,0x7a,0xbc,0x72,0x9c,0x72,0x7c,0x6a,0x7b,0x62,
0x6d,0xdc,0x09,0xfd,0x09,0xfd,0x09,0xfd,0xe9,0xfc,0xe9,0xfc,0xea,0xfc,0xca,0xfc,0xca,0xfc,0xca,0xfc,0xca,0xfc,0x2e,0xdc,0x7b,0x6a,0x7c,0x6a,0x9c,0x72,0x9c,0x72,
0x00,0x00,0x00,0x00,0x00,0x00,0x00,0x00,0x00,0x00,0x00,0x00,0x00,0x00,0x00,0x00,0x00,0x00,0x00,0x00,0x00,0x00,0x00,0x00,0x00,0x00,0x00,0x00,0x00,0x00,0x00,0x00,
0x00,0x00,0x00,0x00,0x00,0x00,0x00,0x00,0x00,0x00,0x00,0x00,0x00,0x00,0x00,0x00,0x00,0x00,0x00,0x00,0x00,0x00,0x00,0x00,0x00,0x00,0x00,0x00,0x00,0x00,0x00,0x00,
0xbe,0xbb,0xbe,0xbb,0x9e,0xb3,0x9e,0xb3,0x9e,0xb3,0x9e,0xb3,0x9e,0xb3,0x9e,0xb3,0x9e,0xb3,0x9e,0xb3,0x9e,0xab,0x9e,0xab,0x7e,0xab,0x7e,0xab,0x7e,0xab,0x7e,0xab,
0x7e,0xab,0x7e,0xa3,0x5e,0xa3,0x7e,0xa3,0x5e,0xa3,0x5e,0xa3,0x5e,0xa3,0x5e,0xa3,0x5e,0x9b,0x5e,0x9b,0x5e,0x9b,0x5e,0x9b,0x3e,0x9b,0x3e,0x9b,0x3e,0x9b,0x3e,0x9b,
0x3e,0x9b,0x3e,0x93,0x1e,0x93,0x1e,0x93,0x1e,0x93,0x1e,0x93,0x1d,0x93,0x1d,0x93,0x1d,0x93,0xfd,0x92,0xfd,0x8a,0xdd,0x82,0xdd,0x7a,0xbc,0x7a,0x9c,0x72,0x7c,0x62,
0xb9,0x72,0xea,0xfc,0xe9,0xfc,0xe9,0xfc,0xe9,0xfc,0xea,0xfc,0xca,0xfc,0xca,0xfc,0xca,0xfc,0xaa,0xfc,0x8b,0xf4,0xb9,0x72,0x7c,0x6a,0x7c,0x72,0x9c,0x7a,0x9c,0x7a,
0x00,0x00,0x00,0x00,0x00,0x00,0x00,0x00,0x00,0x00,0x00,0x00,0x00,0x00,0x00,0x00,0x00,0x00,0x00,0x00,0x00,0x00,0x00,0x00,0x00,0x00,0x00,0x00,0x00,0x00,0x00,0x00,
0x00,0x00,0x00,0x00,0x00,0x00,0x00,0x00,0x00,0x00,0x00,0x00,0x00,0x00,0x00,0x00,0x00,0x00,0x00,0x00,0x00,0x00,0x00,0x00,0x00,0x00,0x00,0x00,0x00,0x00,0x00,0x00,
0xbe,0xbb,0x9e,0xb3,0x9e,0xb3,0x9e,0xb3,0x9e,0xb3,0x9e,0xb3,0x9e,0xb3,0x9e,0xb3,0x9e,0xb3,0x9e,0xab,0x7e,0xab,0x7e,0xab,0x7e,0xab,0x7e,0xab,0x7e,0xab,0x7e,0xab,
0x7e,0xa3,0x5e,0xa3,0x7e,0xa3,0x5e,0xa3,0x5e,0xa3,0x5e,0xa3,0x5e,0xa3,0x5e,0xa3,0x5e,0xa3,0x5e,0x9b,0x3e,0x9b,0x3e,0x9b,0x3e,0x9b,0x3e,0x9b,0x3e,0x9b,0x3e,0x9b,
0x3e,0x9b,0x1e,0x93,0x1e,0x93,0x1e,0x93,0x1e,0x93,0x1e,0x93,0x1d,0x93,0x1d,0x93,0x1d,0x93,0xfd,0x92,0xfd,0x92,0xfd,0x8a,0xdd,0x82,0xdd,0x82,0xbc,0x7a,0x7c,0x72,
0x7c,0x6a,0xb2,0xb3,0xe9,0xfc,0xe9,0xfc,0xea,0xfc,0xca,0xfc,0xca,0xfc,0xca,0xfc,0xaa,0xfc,0xab,0xfc,0x93,0xb3,0x7c,0x62,0x7c,0x6a,0x9c,0x72,0x9c,0x82,0xbc,0x7a,
0x00,0x00,0x00,0x00,0x00,0x00,0x00,0x00,0x00,0x00,0x00,0x00,0x00,0x00,0x00,0x00,0x00,0x00,0x00,0x00,0x00,0x00,0x00,0x00,0x00,0x00,0x00,0x00,0x00,0x00,0x00,0x00,
0x00,0x00,0x00,0x00,0x00,0x00,0x00,0x00,0x00,0x00,0x00,0x00,0x00,0x00,0x00,0x00,0x00,0x00,0x00,0x00,0x00,0x00,0x00,0x00,0x00,0x00,0x00,0x00,0x00,0x00,0x00,0x00,
0xbe,0xbb,0x9e,0xb3,0x9e,0xb3,0x9e,0xb3,0x9e,0xb3,0x9e,0xb3,0x9e,0xb3,0x9e,0xab,0x9e,0xab,0x7e,0xab,0x7e,0xab,0x7e,0xab,0x7e,0xab,0x7e,0xab,0x7e,0xab,0x7e,0xa3,
0x7e,0xa3,0x5e,0xa3,0x5e,0xa3,0x5e,0xa3,0x5e,0xa3,0x5e,0xa3,0x5e,0xa3,0x5e,0xa3,0x5e,0xa3,0x5e,0x9b,0x3e,0x9b,0x3e,0x9b,0x3e,0x9b,0x3e,0x9b,0x3e,0x9b,0x3e,0x9b,
0x3e,0x9b,0x1e,0x93,0x1e,0x93,0x1e,0x93,0x1d,0x93,0x1d,0x93,0x1d,0x93,0x1d,0x93,0xfd,0x92,0xfd,0x92,0xfd,0x92,0xfd,0x92,0xdd,0x8a,0xdd,0x82,0xbc,0x7a,0x9c,0x72,
0x7c,0x6a,0x9a,0x72,0xca,0xfc,0xea,0xfc,0xca,0xfc,0xca,0xfc,0xca,0xfc,0xaa,0xfc,0xab,0xfc,0x8b,0xfc,0x9a,0x72,0x7c,0x6a,0x7c,0x72,0x9c,0x7a,0xbc,0x82,0xbc,0x7a,
0x00,0x00,0x00,0x00,0x00,0x00,0x00,0x00,0x00,0x00,0x00,0x00,0x00,0x00,0x00,0x00,0x00,0x00,0x00,0x00,0x00,0x00,0x00,0x00,0x00,0x00,0x00,0x00,0x00,0x00,0x00,0x00,
0x00,0x00,0x00,0x00,0x00,0x00,0x00,0x00,0x00,0x00,0x00,0x00,0x00,0x00,0x00,0x00,0x00,0x00,0x00,0x00,0x00,0x00,0x00,0x00,0x00,0x00,0x00,0x00,0x00,0x00,0x00,0x00,
0x9e,0xb3,0x9e,0xb3,0x9e,0xb3,0x9e,0xb3,0x9e,0xb3,0x9e,0xb3,0x9e,0xb3,0x7e,0xab,0x7e,0xab,0x7e,0xab,0x7e,0xab,0x7e,0xab,0x7e,0xab,0x7e,0xab,0x7e,0xa3,0x7e,0xa3,
0x5e,0xa3,0x5e,0xa3,0x5e,0xa3,0x5e,0xa3,0x5e,0xa3,0x5e,0xa3,0x5e,0xa3,0x3e,0x9b,0x5e,0x9b,0x3e,0x9b,0x3e,0x9b,0x3e,0x9b,0x3e,0x9b,0x3e,0x9b,0x3e,0x9b,0x3e,0x9b,
0x1e,0x9b,0x1e,0x9b,0x1e,0x9b,0x1d,0x93,0x1d,0x93,0x1d,0x93,0x1d,0x93,0xfd,0x92,0xfd,0x92,0xfd,0x92,0xfd,0x92,0xfd,0x92,0xfd,0x92,0xdd,0x8a,0xdd,0x82,0xbc,0x7a,
0x9c,0x72,0x7c,0x6a,0x0f,0xcc,0xca,0xfc,0xca,0xfc,0xca,0xfc,0xab,0xfc,0xab,0xfc,0xab,0xfc,0xf0,0xcb,0x7c,0x62,0x7c,0x6a,0x9c,0x72,0x9c,0x7a,0xbc,0x8a,0xbc,0x7a,
0x00,0x00,0x00,0x00,0x00,0x00,0x00,0x00,0x00,0x00,0x00,0x00,0x00,0x00,0x00,0x00,0x00,0x00,0x00,0x00,0x00,0x00,0x00,0x00,0x00,0x00,0x00,0x00,0x00,0x00,0x00,0x00,
0x00,0x00,0x00,0x00,0x00,0x00,0x00,0x00,0x00,0x00,0x00,0x00,0x00,0x00,0x00,0x00,0x00,0x00,0x00,0x00,0x00,0x00,0x00,0x00,0x00,0x00,0x00,0x00,0x00,0x00,0x00,0x00,
0x00,0x00,0x9e,0xb3,0x9e,0xb3,0x9e,0xb3,0x7e,0xb3,0x7e,0xb3,0x7e,0xab,0x7e,0xab,0x7e,0xab,0x7e,0xab,0x7e,0xab,0x7e,0xab,0x7e,0xab,0x5e,0xab,0x5e,0xa3,0x5e,0xa3,
0x5e,0xa3,0x5e,0xa3,0x5e,0xa3,0x5e,0xa3,0x5e,0xa3,0x5e,0xa3,0x5e,0xa3,0x5e,0xa3,0x3e,0xa3,0x3e,0x9b,0x3e,0x9b,0x3e,0x9b,0x3e,0x9b,0x3e,0x9b,0x3e,0x9b,0x3e,0x9b,
0x1e,0x9b,0x1e,0x9b,0x1e,0x9b,0x1e,0x93,0x1e,0x93,0x1d,0x93,0x1d,0x93,0xfd,0x92,0xfd,0x92,0xfd,0x92,0xfd,0x92,0xfd,0x92,0xfd,0x92,0xfd,0x92,0xdd,0x8a,0xbc,0x82,
0x9c,0x72,0x7c,0x6a,0x55,0x9b,0xca,0xfc,0xca,0xfc,0xab,0xfc,0xab,0xfc,0xab,0xfc,0x8b,0xfc,0x36,0x9b,0x7c,0x6a,0x7c,0x72,0x9c,0x7a,0x9c,0x82,0xbc,0x82,0x00,0x00,
0x00,0x00,0x00,0x00,0x00,0x00,0x00,0x00,0x00,0x00,0x00,0x00,0x00,0x00,0x00,0x00,0x00,0x00,0x00,0x00,0x00,0x00,0x00,0x00,0x00,0x00,0x00,0x00,0x00,0x00,0x00,0x00,
0x00,0x00,0x00,0x00,0x00,0x00,0x00,0x00,0x00,0x00,0x00,0x00,0x00,0x00,0x00,0x00,0x00,0x00,0x00,0x00,0x00,0x00,0x00,0x00,0x00,0x00,0x00,0x00,0x00,0x00,0x00,0x00,
0x00,0x00,0x9e,0xb3,0x9e,0xb3,0x9e,0xb3,0x7e,0xb3,0x7e,0xb3,0x7e,0xab,0x7e,0xab,0x7e,0xab,0x7e,0xab,0x7e,0xab,0x7e,0xab,0x7e,0xab,0x5e,0xab,0x5e,0xa3,0x5e,0xa3,
0x5e,0xa3,0x5e,0xa3,0x5e,0xa3,0x5e,0xa3,0x5e,0xa3,0x5e,0xa3,0x3e,0xa3,0x5e,0xa3,0x3e,0x9b,0x3e,0x9b,0x3e,0x9b,0x3e,0x9b,0x3e,0x9b,0x3e,0x9b,0x3e,0x9b,0x1e,0x9b,
0x1e,0x9b,0x1e,0x9b,0x1e,0x9b,0x1d,0x9b,0x1d,0x93,0x1d,0x93,0xfd,0x92,0xfd,0x92,0xfd,0x92,0xfd,0x92,0xfd,0x92,0xfd,0x92,0xfd,0x92,0xfd,0x92,0xdd,0x8a,0xbd,0x82,
0xbc,0x7a,0x9c,0x72,0x9b,0x72,0xab,0xfc,0xab,0xfc,0xab,0xfc,0xab,0xfc,0x8b,0xfc,0x8c,0xfc,0x9a,0x72,0x7c,0x72,0x9c,0x72,0x9c,0x7a,0xbc,0x8a,0x9c,0x82,0x00,0x00,
0x00,0x00,0x00,0x00,0x00,0x00,0x00,0x00,0x00,0x00,0x00,0x00,0x00,0x00,0x00,0x00,0x00,0x00,0x00,0x00,0x00,0x00,0x00,0x00,0x00,0x00,0x00,0x00,0x00,0x00,0x00,0x00,
0x00,0x00,0x00,0x00,0x00,0x00,0x00,0x00,0x00,0x00,0x00,0x00,0x00,0x00,0x00,0x00,0x00,0x00,0x00,0x00,0x00,0x00,0x00,0x00,0x00,0x00,0x00,0x00,0x00,0x00,0x00,0x00,
0x00,0x00,0x00,0x00,0x9e,0xb3,0x7e,0xb3,0x7e,0xb3,0x7e,0xab,0x7e,0xab,0x7e,0xab,0x7e,0xab,0x7e,0xab,0x5e,0xab,0x7e,0xab,0x5e,0xab,0x5e,0xab,0x5e,0xa3,0x5e,0xa3,
0x5e,0xa3,0x5e,0xa3,0x5e,0xa3,0x5e,0xa3,0x5e,0xa3,0x3e,0xa3,0x3e,0xa3,0x3e,0xa3,0x3e,0xa3,0x3e,0x9b,0x3e,0x9b,0x3e,0x9b,0x3e,0x9b,0x1e,0x9b,0x1e,0x9b,0x1e,0x9b,
0x1e,0x9b,0x1e,0x9b,0x1d,0x9b,0x1d,0x9b,0x1d,0x9b,0x1d,0x9b,0xfd,0x92,0xfd,0x92,0xfd,0x92,0xfd,0x92,0xfd,0x92,0xfd,0x92,0xfd,0x92,0xfd,0x92,0xdd,0x92,0xdd,0x8a,
0xbc,0x82,0x9c,0x7a,0x9c,0x72,0x0f,0xd4,0xab,0xfc,0xab,0xfc,0x8b,0xfc,0x8b,0xfc,0xf0,0xd3,0x7c,0x72,0x9c,0x72,0x9c,0x7a,0xbc,0x82,0xbc,0x82,0x00,0x00,0x00,0x00,
0x00,0x00,0x00,0x00,0x00,0x00,0x00,0x00,0x08,0xfd,0xe7,0xfc,0xc7,0xfc,0x45,0xfd,0x00,0x00,0x00,0x00,0x00,0x00,0x00,0x00,0x00,0x00,0x00,0x00,0x00,0x00,0x00,0x00,
0x00,0x00,0x00,0x00,0x00,0x00,0x00,0x00,0x00,0x00,0x00,0x00,0x00,0x00,0x00,0x00,0x00,0x00,0x00,0x00,0x00,0x00,0x00,0x00,0x00,0x00,0x00,0x00,0x00,0x00,0x00,0x00,
0x00,0x00,0x00,0x00,0xbf,0xb3,0x7e,0xb3,0x7e,0xab,0x7e,0xab,0x7e,0xab,0x7e,0xab,0x7e,0xab,0x7e,0xab,0x7e,0xab,0x5e,0xab,0x5e,0xab,0x5e,0xab,0x5e,0xa3,0x5e,0xa3,
0x5e,0xa3,0x5e,0xa3,0x5e,0xa3,0x5e,0xa3,0x5e,0xa3,0x3e,0xa3,0x3e,0xa3,0x3e,0xa3,0x3e,0xa3,0x3e,0x9b,0x3e,0x9b,0x3e,0x9b,0x3e,0x9b,0x3e,0x9b,0x1e,0x9b,0x1e,0x9b,
0x1e,0x9b,0x1e,0x9b,0x1d,0x9b,0x1d,0x9b,0x1d,0x9b,0xfd,0x9a,0xfd,0x9a,0xfd,0x9a,0xfd,0x92,0xfd,0x92,0xfd,0x92,0xfd,0x92,0xfd,0x92,0xfd,0x92,0xfd,0x92,0xdd,0x92,
0xbc,0x8a,0xbc,0x82,0x9c,0x7a,0x55,0xab,0xab,0xfc,0x8b,0xfc,0x8b,0xfc,0x8c,0xfc,0x55,0xab,0x9c,0x72,0x9c,0x7a,0xbc,0x82,0xbc,0x8a,0x9b,0x7a,0x00,0x00,0x00,0x00,
0x00,0x00,0x00,0x00,0x00,0x00,0x00,0x00,0xc7,0xfc,0xc7,0xfc,0xa7,0xfc,0xa7,0xfc,0x00,0x00,0x00,0x00,0x00,0x00,0x00,0x00,0x00,0x00,0x00,0x00,0x00,0x00,0x00,0x00,
0x00,0x00,0x00,0x00,0x00,0x00,0x00,0x00,0x00,0x00,0x00,0x00,0x00,0x00,0x00,0x00,0x00,0x00,0x00,0x00,0x00,0x00,0x00,0x00,0x00,0x00,0x00,0x00,0x00,0x00,0x00,0x00,
0x00,0x00,0x00,0x00,0x00,0x00,0x7e,0xb3,0x7e,0xab,0x7e,0xab,0x7e,0xab,0x7e,0xab,0x7e,0xab,0x5e,0xab,0x5e,0xab,0x5e,0xab,0x5e,0xab,0x5e,0xa3,0x5e,0xa3,0x5e,0xa3,
0x5e,0xa3,0x5e,0xa3,0x3e,0xa3,0x5e,0xa3,0x3e,0xa3,0x3e,0xa3,0x3e,0xa3,0x3e,0xa3,0x3e,0xa3,0x3e,0xa3,0x3e,0xa3,0x3e,0x9b,0x1e,0x9b,0x1e,0x9b,0x1e,0x9b,0x1e,0x9b,
0x1e,0x9b,0x1e,0x9b,0x1d,0x9b,0x1d,0x9b,0x1d,0x9b,0x1d,0x9b,0xfd,0x9a,0xfd,0x9a,0xfd,0x9a,0xfd,0x9a,0xfd,0x9a,0xfd,0x92,0xfd,0x92,0xfd,0x92,0xfd,0x92,0xdd,0x92,
0xdd,0x8a,0xbc,0x82,0xbc,0x7a,0xbb,0x82,0x8c,0xfc,0x8b,0xfc,0x8c,0xfc,0x6c,0xfc,0xba,0x82,0x9c,0x7a,0x9c,0x82,0xbc,0x8a,0xbc,0x82,0x00,0x00,0x00,0x00,0x00,0x00,
0x00,0x00,0x00,0x00,0x00,0x00,0x00,0x00,0xc7,0xfc,0xa7,0xfc,0xa7,0xfc,0x87,0xfc,0x00,0x00,0x00,0x00,0x00,0x00,0x00,0x00,0x00,0x00,0x00,0x00,0x00,0x00,0x00,0x00,
0x00,0x00,0x00,0x00,0x00,0x00,0x00,0x00,0x00,0x00,0x00,0x00,0x00,0x00,0x00,0x00,0x00,0x00,0x00,0x00,0x00,0x00,0x00,0x00,0x00,0x00,0x00,0x00,0x00,0x00,0x00,0x00,
0x00,0x00,0x00,0x00,0x00,0x00,0x00,0x00,0x7e,0xb3,0x7e,0xab,0x7e,0xab,0x5e,0xab,0x7e,0xab,0x5e,0xab,0x5e,0xab,0x5e,0xab,0x5e,0xab,0x5e,0xab,0x5e,0xa3,0x5e,0xa3,
0x5e,0xa3,0x5e,0xa3,0x5e,0xa3,0x5e,0xa3,0x3e,0xa3,0x3e,0xa3,0x3e,0xa3,0x3e,0xa3,0x3e,0xa3,0x3e,0xa3,0x3e,0xa3,0x1e,0xa3,0x3e,0x9b,0x1e,0x9b,0x1e,0x9b,0x1d,0x9b,
0x1d,0x9b,0x1d,0x9b,0x1d,0x9b,0x1d,0x9b,0xfd,0x9a,0xfd,0x9a,0xfd,0x9a,0xfd,0x9a,0xfd,0x9a,0xfd,0x9a,0xfd,0x9a,0xfd,0x9a,0xfd,0x9a,0xfd,0x9a,0xfd,0x9a,0xdd,0x9a,
0xdd,0x92,0xbc,0x8a,0xbc,0x82,0x9c,0x82,0x56,0xab,0x4d,0xf4,0x4d,0xf4,0x36,0xab,0x9c,0x7a,0xbc,0x82,0xbc,0x82,0xbc,0x82,0x00,0x00,0x00,0x00,0x00,0x00,0x00,0x00,
0x00,0x00,0x00,0x00,0x00,0x00,0xc6,0xfc,0xa7,0xfc,0x87,0xfc,0x87,0xfc,0x67,0xfc,0x05,0xfc,0x00,0x00,0x00,0x00,0x00,0x00,0x00,0x00,0x00,0x00,0x00,0x00,0x00,0x00,
0x00,0x00,0x00,0x00,0x00,0x00,0x00,0x00,0x00,0x00,0x00,0x00,0x00,0x00,0x00,0x00,0x00,0x00,0x00,0x00,0x00,0x00,0x00,0x00,0x00,0x00,0x00,0x00,0x00,0x00,0x00,0x00,
0x00,0x00,0x00,0x00,0x00,0x00,0x00,0x00,0x00,0x00,0x7e,0xab,0x7e,0xab,0x5e,0xab,0x5e,0xab,0x5e,0xab,0x5e,0xab,0x5e,0xab,0x5e,0xab,0x5e,0xab,0x5e,0xab,0x5e,0xa3,
0x5e,0xa3,0x3e,0xa3,0x3e,0xa3,0x3e,0xa3,0x3e,0xa3,0x3e,0xa3,0x3e,0xa3,0x3e,0xa3,0x3e,0xa3,0x3e,0xa3,0x1e,0xa3,0x1e,0xa3,0x1e,0x9b,0x1e,0xa3,0x1d,0x9b,0x1d,0x9b,
0x1d,0x9b,0x1d,0x9b,0x1d,0x9b,0xfd,0x9a,0xfd,0x9a,0xfd,0x9a,0xfd,0x9a,0xfd,0x9a,0xfd,0x9a,0xfd,0x9a,0xfd,0x9a,0xfd,0x9a,0xfd,0x9a,0xfd,0x9a,0xdd,0x9a,0xdd,0x9a,
0xdd,0x92,0xdd,0x92,0xbc,0x8a,0xbc,0x82,0x9c,0x82,0x9c,0x7a,0x9c,0x82,0x9c,0x82,0x9c,0x82,0x9c,0x82,0x9c,0x82,0x00,0x00,0x00,0x00,0x00,0x00,0x00,0x00,0x00,0x00,
0x00,0x00,0x00,0x00,0x00,0x00,0xa7,0xfc,0x87,0xfc,0x87,0xfc,0x67,0xfc,0x67,0xfc,0x47,0xfc,0x00,0x00,0x00,0x00,0x00,0x00,0x00,0x00,0x00,0x00,0x00,0x00,0x00,0x00,
0x00,0x00,0x00,0x00,0x00,0x00,0x00,0x00,0x00,0x00,0x00,0x00,0x00,0x00,0x00,0x00,0x00,0x00,0x00,0x00,0x00,0x00,0x00,0x00,0x00,0x00,0x00,0x00,0x00,0x00,0x00,0x00,
0x00,0x00,0x00,0x00,0x00,0x00,0x00,0x00,0x00,0x00,0x00,0x00,0x7e,0xab,0x5e,0xab,0x5e,0xab,0x5e,0xab,0x5e,0xab,0x5e,0xab,0x5e,0xab,0x5e,0xab,0x5e,0xa3,0x5e,0xa3,
0x5e,0xa3,0x3e,0xa3,0x3e,0xa3,0x3e,0xa3,0x3e,0xa3,0x3e,0xa3,0x3e,0xa3,0x3e,0xa3,0x3e,0xa3,0x3e,0xa3,0x1e,0xa3,0x1e,0xa3,0x1e,0xa3,0x1e,0xa3,0x1d,0x9b,0x1e,0x9b,
0x1e,0xa3,0x1d,0x9b,0x1d,0x9b,0xfd,0x9a,0x1d,0x9b,0xfd,0x9a,0xfd,0x9a,0xfd,0x9a,0xfd,0x9a,0xfd,0x9a,0xfd,0x9a,0xfd,0x9a,0xfd,0x9a,0xfd,0x9a,0xfd,0x9a,0xfd,0x9a,
0xdd,0x9a,0xdd,0x92,0xbd,0x8a,0xbc,0x8a,0xbc,0x8a,0xbc,0x82,0xbc,0x82,0x9c,0x8a,0xbc,0x82,0xbd,0x82,0x00,0x00,0x00,0x00,0x00,0x00,0x00,0x00,0x00,0x00,0x00,0x00,
0x00,0x00,0x00,0x00,0x87,0xfc,0x87,0xfc,0x67,0xfc,0x67,0xfc,0x47,0xfc,0x47,0xfc,0x27,0xfc,0x07,0xfc,0x00,0x00,0x00,0x00,0x00,0x00,0x00,0x00,0x00,0x00,0x00,0x00,
0x00,0x00,0x00,0x00,0x00,0x00,0x00,0x00,0x00,0x00,0x00,0x00,0x00,0x00,0x00,0x00,0x00,0x00,0x00,0x00,0x00,0x00,0x00,0x00,0x00,0x00,0x00,0x00,0x00,0x00,0x00,0x00,
0x00,0x00,0x00,0x00,0x00,0x00,0x00,0x00,0x00,0x00,0x00,0x00,0x00,0x00,0x1f,0xf8,0x7e,0xab,0x5e,0xab,0x5e,0xab,0x5e,0xab,0x5e,0xab,0x5e,0xab,0x3e,0xab,0x3e,0xa3,
0x3e,0xa3,0x3e,0xa3,0x3e,0xa3,0x3e,0xa3,0x3e,0xa3,0x3e,0xa3,0x3e,0xa3,0x3e,0xa3,0x3e,0xa3,0x1e,0xa3,0x1e,0xa3,0x1e,0xa3,0x1e,0xa3,0x1e,0xa3,0x1e,0xa3,0x1d,0xa3,
0x1d,0xa3,0x1d,0xa3,0xfd,0xa2,0xfd,0xa2,0xfd,0x9a,0xfd,0x9a,0xfd,0x9a,0xfd,0x9a,0xfd,0x9a,0xfd,0x9a,0xfd,0x9a,0xfd,0x9a,0xfd,0x9a,0xfd,0x9a,0xfd,0x9a,0xdd,0x9a,
0xfd,0x9a,0xdd,0x9a,0xdd,0x92,0xbd,0x92,0xbd,0x8a,0xbc,0x8a,0xbc,0x8a,0x9c,0x82,0xbf,0xaa,0x00,0x00,0x00,0x00,0x00,0x00,0x00,0x00,0x00,0x00,0x00,0x00,0x00,0x00,
0x00,0x00,0x87,0xfc,0x87,0xfc,0x67,0xfc,0x67,0xfc,0x47,0xfc,0x47,0xfc,0x27,0xfc,0x07,0xfc,0x07,0xfc,0xc6,0xfb,0x00,0x00,0x00,0x00,0x00,0x00,0x00,0x00,0x00,0x00,
0x00,0x00,0x00,0x00,0x00,0x00,0x00,0x00,0x00,0x00,0x00,0x00,0x00,0x00,0x00,0x00,0x00,0x00,0x00,0x00,0x00,0x00,0x00,0x00,0x00,0x00,0x00,0x00,0x00,0x00,0x00,0x00,
0x00,0x00,0x00,0x00,0x00,0x00,0x00,0x00,0x00,0x00,0x00,0x00,0x00,0x00,0x00,0x00,0x00,0x00,0x5e,0xab,0x5e,0xab,0x5e,0xab,0x3e,0xab,0x5e,0xab,0x3e,0xab,0x3e,0xab,
0x3e,0xab,0x3e,0xa3,0x3e,0xa3,0x3e,0xa3,0x3e,0xa3,0x3e,0xa3,0x3e,0xa3,0x1e,0xa3,0x3e,0xa3,0x1e,0xa3,0x1e,0xa3,0x1e,0xa3,0x1e,0xa3,0x1e,0xa3,0x1d,0xa3,0x1d,0xa3,
0x1d,0xa3,0x1d,0xa3,0xfd,0xa2,0x1d,0xa3,0xfd,0xa2,0xfd,0xa2,0xfd,0xa2,0xfd,0xa2,0xfd,0x9a,0xfd,0x9a,0xfd,0xa2,0xfd,0xa2,0xfd,0xa2,0xfd,0x9a,0xfd,0xa2,0xfd,0x9a,
0xdd,0x9a,0xdd,0x9a,0xdd,0x9a,0xdd,0x9a,0xbd,0x92,0xdd,0x8a,0x1c,0x8b,0x00,0x00,0x00,0x00,0x00,0x00,0x00,0x00,0x00,0x00,0x00,0x00,0x00,0x00,0x00,0x00,0x86,0xfc,
0x87,0xfc,0x87,0xfc,0x67,0xfc,0x67,0xfc,0x47,0xfc,0x27,0xfc,0x27,0xfc,0x07,0xfc,0x07,0xfc,0xe7,0xfb,0xe7,0xfb,0xc7,0xfb,0x06,0xfc,0x00,0x00,0x00,0x00,0x00,0x00,
0x00,0x00,0x00,0x00,0x00,0x00,0x00,0x00,0x00,0x00,0x00,0x00,0x00,0x00,0x00,0x00,0x00,0x00,0x00,0x00,0x00,0x00,0x00,0x00,0x00,0x00,0x00,0x00,0x00,0x00,0x00,0x00,
0x00,0x00,0x00,0x00,0x00,0x00,0x00,0x00,0x00,0x00,0x00,0x00,0x00,0x00,0x00,0x00,0x00,0x00,0x00,0x00,0x00,0x00,0x5e,0xab,0x5e,0xab,0x5e,0xab,0x3e,0xab,0x3e,0xa3,
0x3e,0xab,0x3e,0xab,0x3e,0xa3,0x3e,0xa3,0x3e,0xa3,0x3e,0xa3,0x1e,0xa3,0x3e,0xa3,0x1e,0xa3,0x1e,0xa3,0x1e,0xa3,0x1e,0xa3,0x1e,0xa3,0x1d,0xa3,0x1d,0xa3,0x1d,0xa3,
0x1d,0xa3,0xfd,0xa2,0x1d,0xa3,0xfd,0xa2,0xfd,0xa2,0xfd,0xa2,0xfd,0xa2,0xfd,0xa2,0xfd,0xa2,0xfd,0xa2,0xfd,0xa2,0xfd,0xa2,0xfd,0xa2,0xfd,0xa2,0xfd,0xa2,0xfd,0xa2,
0xdd,0xa2,0xfd,0xa2,0xdd,0x9a,0xdd,0x92,0xdd,0x8a,0x00,0x00,0x00,0x00,0x00,0x00,0x00,0x00,0x00,0x00,0x00,0x00,0x00,0x00,0xa8,0xfc,0xa7,0xfc,0xa7,0xfc,0x87,0xfc,
0x67,0xfc,0x67,0xfc,0x47,0xfc,0x47,0xfc,0x27,0xfc,0x27,0xfc,0x07,0xfc,0x07,0xfc,0xe7,0xfb,0xc7,0xfb,0xc7,0xfb,0xa7,0xfb,0xa7,0xfb,0x87,0xfb,0x87,0xfb,0xa5,0xfb,
0x00,0x00,0x00,0x00,0x00,0x00,0x00,0x00,0x00,0x00,0x00,0x00,0x00,0x00,0x00,0x00,0x00,0x00,0x00,0x00,0x00,0x00,0x00,0x00,0x00,0x00,0x00,0x00,0x00,0x00,0x00,0x00,
0x00,0x00,0x00,0x00,0x00,0x00,0x00,0x00,0x00,0x00,0x00,0x00,0x00,0x00,0x00,0x00,0x00,0x00,0x00,0x00,0x00,0x00,0x00,0x00,0x00,0x00,0x1f,0xbc,0x5e,0xa3,0x5e,0xa3,
0x3e,0xab,0x3e,0xab,0x3e,0xab,0x3e,0xab,0x3e,0xa3,0x3e,0xa3,0x1e,0xa3,0x1e,0xa3,0x1e,0xa3,0x1e,0xa3,0x1e,0xa3,0x1e,0xa3,0x1e,0xa3,0x1d,0xa3,0x1d,0xa3,0x1d,0xa3,
0x1d,0xa3,0xfd,0xa2,0xfd,0xa2,0xfd,0xa2,0xfd,0xa2,0xfd,0xa2,0xfd,0xa2,0xfd,0xa2,0xfd,0xa2,0xfd,0xa2,0xfd,0xa2,0xfd,0xa2,0xfd,0xa2,0xfd,0xa2,0xfd,0xa2,0xdd,0xa2,
0xdd,0x9a,0xbd,0x92,0x1f,0x9b,0x00,0x00,0x00,0x00,0x00,0x00,0x00,0x00,0x00,0x00,0x00,0x00,0x00,0x00,0x00,0x00,0x00,0x00,0xa7,0xfc,0x87,0xfc,0x87,0xfc,0x67,0xfc,
0x67,0xfc,0x47,0xfc,0x47,0xfc,0x27,0xfc,0x07,0xfc,0x07,0xfc,0xe7,0xfb,0xe7,0xfb,0xc7,0xfb,0xc7,0xfb,0xa7,0xfb,0xa7,0xfb,0x87,0xfb,0x67,0xfb,0x67,0xfb,0x47,0xfb,
0x00,0x00,0x00,0x00,0x00,0x00,0x00,0x00,0x00,0x00,0x00,0x00,0x00,0x00,0x00,0x00,0x00,0x00,0x00,0x00,0x00,0x00,0x00,0x00,0x00,0x00,0x00,0x00,0x00,0x00,0x00,0x00,
0x00,0x00,0x00,0x00,0x00,0x00,0x00,0x00,0x00,0x00,0x00,0x00,0x00,0x00,0x00,0x00,0x00,0x00,0x00,0x00,0x00,0x00,0x00,0x00,0x00,0x00,0x00,0x00,0x00,0x00,0x00,0x00,
0x9f,0xab,0x3e,0xa3,0x3e,0xa3,0x3e,0xa3,0x3e,0xab,0x1e,0xa3,0x1e,0xa3,0x1e,0xa3,0x1e,0xa3,0x1e,0xa3,0x1e,0xa3,0x1d,0xa3,0x1e,0xa3,0x1d,0xa3,0x1d,0xa3,0x1d,0xa3,
0x1d,0xa3,0x1d,0xa3,0xfd,0xa2,0xfd,0xa2,0xfd,0xa2,0xfd,0xa2,0xfd,0xa2,0xfd,0xa2,0xfd,0xa2,0xfd,0xa2,0xfd,0xa2,0xfd,0xa2,0xdd,0x9a,0xdd,0x92,0xdd,0x8a,0x3c,0x83,
0x00,0x00,0x00,0x00,0x00,0x00,0x00,0x00,0x00,0x00,0x00,0x00,0x00,0x00,0x00,0x00,0x00,0x00,0x00,0x00,0x00,0x00,0x00,0x00,0x87,0xfc,0x87,0xfc,0x67,0xfc,0x67,0xfc,
0x47,0xfc,0x27,0xfc,0x27,0xfc,0x07,0xfc,0x07,0xfc,0xe7,0xfb,0xe7,0xfb,0xc7,0xfb,0xa7,0xfb,0xa7,0xfb,0x87,0xfb,0x87,0xfb,0x67,0xfb,0x67,0xfb,0x47,0xfb,0x47,0xfb,
0x00,0x00,0x00,0x00,0x00,0x00,0x00,0x00,0x00,0x00,0x00,0x00,0x00,0x00,0x00,0x00,0x00,0x00,0x00,0x00,0x00,0x00,0x00,0x00,0x00,0x00,0x00,0x00,0x00,0x00,0x00,0x00,
0x00,0x00,0x00,0x00,0x00,0x00,0x00,0x00,0x00,0x00,0x00,0x00,0x00,0x00,0x00,0x00,0x00,0x00,0x00,0x00,0x00,0x00,0x00,0x00,0x00,0x00,0x00,0x00,0x00,0x00,0x00,0x00,
0x00,0x00,0x00,0x00,0x00,0x00,0x00,0x00,0x00,0x00,0x3e,0x9b,0x1e,0xa3,0x1e,0xa3,0x1e,0xa3,0x1e,0xa3,0x1e,0xa3,0x1e,0xa3,0x1e,0xa3,0x1e,0xa3,0x1e,0xa3,0xfd,0xa2,
0xfd,0xa2,0xfd,0xa2,0xfd,0xa2,0xfd,0xa2,0xfd,0xa2,0xfd,0xa2,0xfd,0x9a,0xfd,0x9a,0xfd,0x9a,0xdd,0x92,0xdd,0x92,0x00,0x00,0x00,0x00,0x00,0x00,0x00,0x00,0x00,0x00,
0x00,0x00,0x00,0x00,0x00,0x00,0x00,0x00,0x00,0x00,0x00,0x00,0x00,0x00,0x00,0x00,0x00,0x00,0x00,0x00,0x00,0x00,0x00,0x00,0x48,0xfc,0x67,0xfc,0x47,0xfc,0x47,0xfc,
0x27,0xfc,0x27,0xfc,0x07,0xfc,0x07,0xfc,0xe7,0xfb,0xc7,0xfb,0xc7,0xfb,0xa7,0xfb,0xa7,0xfb,0x87,0xfb,0x87,0xfb,0x67,0xfb,0x47,0xfb,0x47,0xfb,0x27,0xfb,0x48,0xfb,
0x00,0x00,0x00,0x00,0x00,0x00,0x00,0x00,0x00,0x00,0x00,0x00,0x00,0x00,0x00,0x00,0x00,0x00,0x00,0x00,0x00,0x00,0x00,0x00,0x00,0x00,0x00,0x00,0x00,0x00,0x00,0x00,
0x00,0x00,0x00,0x00,0x00,0x00,0x00,0x00,0x00,0x00,0x00,0x00,0x00,0x00,0x00,0x00,0x00,0x00,0x00,0x00,0x00,0x00,0x00,0x00,0x00,0x00,0x00,0x00,0x00,0x00,0x00,0x00,
0x00,0x00,0x00,0x00,0x00,0x00,0x00,0x00,0x00,0x00,0x00,0x00,0x00,0x00,0x00,0x00,0x00,0x00,0x00,0x00,0x00,0x00,0x00,0x00,0x00,0x00,0x00,0x00,0x00,0x00,0x00,0x00,
0x00,0x00,0x00,0x00,0x00,0x00,0x00,0x00,0x00,0x00,0x00,0x00,0x00,0x00,0x00,0x00,0x00,0x00,0x00,0x00,0x00,0x00,0x00,0x00,0x00,0x00,0x00,0x00,0x00,0x00,0x00,0x00,
0x00,0x00,0x00,0x00,0x00,0x00,0x00,0x00,0x00,0x00,0x00,0x00,0x00,0x00,0x00,0x00,0x00,0x00,0x00,0x00,0x00,0x00,0x00,0x00,0x00,0x00,0x00,0x00,0x00,0x00,0x48,0xfc,
0x07,0xfc,0x07,0xfc,0xe7,0xfb,0xe7,0xfb,0xc7,0xfb,0xc7,0xfb,0xa7,0xfb,0xa7,0xfb,0x87,0xfb,0x67,0xfb,0x67,0xfb,0x66,0xfb,0x66,0xfb,0x00,0x00,0x00,0x00,0x00,0x00,
0x00,0x00,0x00,0x00,0x00,0x00,0x00,0x00,0x00,0x00,0x00,0x00,0x00,0x00,0x00,0x00,0x00,0x00,0x00,0x00,0x00,0x00,0x00,0x00,0x00,0x00,0x00,0x00,0x00,0x00,0x00,0x00,
0x00,0x00,0x00,0x00,0x00,0x00,0x00,0x00,0x00,0x00,0x00,0x00,0x00,0x00,0x00,0x00,0x00,0x00,0x00,0x00,0x00,0x00,0x00,0x00,0x00,0x00,0x00,0x00,0x00,0x00,0x00,0x00,
0x00,0x00,0x00,0x00,0x00,0x00,0x00,0x00,0x00,0x00,0x00,0x00,0x00,0x00,0x00,0x00,0x00,0x00,0x00,0x00,0x00,0x00,0x00,0x00,0x00,0x00,0x00,0x00,0x00,0x00,0x00,0x00,
0x00,0x00,0x00,0x00,0x00,0x00,0x00,0x00,0x00,0x00,0x00,0x00,0x00,0x00,0x00,0x00,0x00,0x00,0x00,0x00,0x00,0x00,0x00,0x00,0x00,0x00,0x00,0x00,0x00,0x00,0x00,0x00,
0x00,0x00,0x00,0x00,0x00,0x00,0x00,0x00,0x00,0x00,0x00,0x00,0x00,0x00,0x00,0x00,0x00,0x00,0x00,0x00,0x00,0x00,0x00,0x00,0x00,0x00,0x00,0x00,0x00,0x00,0x00,0x00,
0x00,0x00,0x06,0xfc,0xe7,0xfb,0xc7,0xfb,0xa7,0xfb,0xa7,0xfb,0x87,0xfb,0x87,0xfb,0x67,0xfb,0x67,0xfb,0x26,0xfb,0x00,0x00,0x00,0x00,0x00,0x00,0x00,0x00,0x00,0x00,
0x00,0x00,0x00,0x00,0x00,0x00,0x00,0x00,0x00,0x00,0x00,0x00,0x00,0x00,0x00,0x00,0x00,0x00,0x00,0x00,0x00,0x00,0x00,0x00,0x00,0x00,0x00,0x00,0x00,0x00,0x00,0x00,
0x00,0x00,0x00,0x00,0x00,0x00,0x00,0x00,0x00,0x00,0x00,0x00,0x00,0x00,0x00,0x00,0x00,0x00,0x00,0x00,0x00,0x00,0x00,0x00,0x00,0x00,0x00,0x00,0x00,0x00,0x00,0x00,
0x00,0x00,0x00,0x00,0x00,0x00,0x00,0x00,0x00,0x00,0x00,0x00,0x00,0x00,0x00,0x00,0x00,0x00,0x00,0x00,0x00,0x00,0x00,0x00,0x00,0x00,0x00,0x00,0x00,0x00,0x00,0x00,
0x00,0x00,0x00,0x00,0x00,0x00,0x00,0x00,0x00,0x00,0x00,0x00,0x00,0x00,0x00,0x00,0x00,0x00,0x00,0x00,0x00,0x00,0x00,0x00,0x00,0x00,0x00,0x00,0x00,0x00,0x00,0x00,
0x00,0x00,0x00,0x00,0x00,0x00,0x00,0x00,0x00,0x00,0x00,0x00,0x00,0x00,0x00,0x00,0x00,0x00,0x00,0x00,0x00,0x00,0x00,0x00,0x00,0x00,0x00,0x00,0x00,0x00,0x00,0x00,
0x00,0x00,0x00,0x00,0xa6,0xfb,0xa7,0xfb,0xa7,0xfb,0x87,0xfb,0x87,0xfb,0x67,0xfb,0x47,0xfb,0x26,0xfb,0x00,0x00,0x00,0x00,0x00,0x00,0x00,0x00,0x00,0x00,0x00,0x00,
0x00,0x00,0x00,0x00,0x00,0x00,0x00,0x00,0x00,0x00,0x00,0x00,0x00,0x00,0x00,0x00,0x00,0x00,0x00,0x00,0x00,0x00,0x00,0x00,0x00,0x00,0x00,0x00,0x00,0x00,0x00,0x00,
0x00,0x00,0x00,0x00,0x00,0x00,0x00,0x00,0x00,0x00,0x00,0x00,0x00,0x00,0x00,0x00,0x00,0x00,0x00,0x00,0x00,0x00,0x00,0x00,0x00,0x00,0x00,0x00,0x00,0x00,0x00,0x00,
0x00,0x00,0x00,0x00,0x00,0x00,0x00,0x00,0x00,0x00,0x00,0x00,0x00,0x00,0x00,0x00,0x00,0x00,0x00,0x00,0x00,0x00,0x00,0x00,0x00,0x00,0x00,0x00,0x00,0x00,0x00,0x00,
0x00,0x00,0x00,0x00,0x00,0x00,0x00,0x00,0x00,0x00,0x00,0x00,0x00,0x00,0x00,0x00,0x00,0x00,0x00,0x00,0x00,0x00,0x00,0x00,0x00,0x00,0x00,0x00,0x00,0x00,0x00,0x00,
0x00,0x00,0x00,0x00,0x00,0x00,0x00,0x00,0x00,0x00,0x00,0x00,0x00,0x00,0x00,0x00,0x00,0x00,0x00,0x00,0x00,0x00,0x00,0x00,0x00,0x00,0x00,0x00,0x00,0x00,0x00,0x00,
0x00,0x00,0x00,0x00,0x00,0x00,0xa7,0xfb,0x87,0xfb,0x67,0xfb,0x67,0xfb,0x47,0xfb,0x27,0xfb,0x00,0x00,0x00,0x00,0x00,0x00,0x00,0x00,0x00,0x00,0x00,0x00,0x00,0x00,
0x00,0x00,0x00,0x00,0x00,0x00,0x00,0x00,0x00,0x00,0x00,0x00,0x00,0x00,0x00,0x00,0x00,0x00,0x00,0x00,0x00,0x00,0x00,0x00,0x00,0x00,0x00,0x00,0x00,0x00,0x00,0x00,
0x00,0x00,0x00,0x00,0x00,0x00,0x00,0x00,0x00,0x00,0x00,0x00,0x00,0x00,0x00,0x00,0x00,0x00,0x00,0x00,0x00,0x00,0x00,0x00,0x00,0x00,0x00,0x00,0x00,0x00,0x00,0x00,
0x00,0x00,0x00,0x00,0x00,0x00,0x00,0x00,0x00,0x00,0x00,0x00,0x00,0x00,0x00,0x00,0x00,0x00,0x00,0x00,0x00,0x00,0x00,0x00,0x00,0x00,0x00,0x00,0x00,0x00,0x00,0x00,
0x00,0x00,0x00,0x00,0x00,0x00,0x00,0x00,0x00,0x00,0x00,0x00,0x00,0x00,0x00,0x00,0x00,0x00,0x00,0x00,0x00,0x00,0x00,0x00,0x00,0x00,0x00,0x00,0x00,0x00,0x00,0x00,
0x00,0x00,0x00,0x00,0x00,0x00,0x00,0x00,0x00,0x00,0x00,0x00,0x00,0x00,0x00,0x00,0x00,0x00,0x00,0x00,0x00,0x00,0x00,0x00,0x00,0x00,0x00,0x00,0x00,0x00,0x00,0x00,
0x00,0x00,0x00,0x00,0x00,0x00,0xa7,0xfb,0x67,0xfb,0x67,0xfb,0x47,0xfb,0x47,0xfb,0x07,0xfb,0x00,0x00,0x00,0x00,0x00,0x00,0x00,0x00,0x00,0x00,0x00,0x00,0x00,0x00,
0x00,0x00,0x00,0x00,0x00,0x00,0x00,0x00,0x00,0x00,0x00,0x00,0x00,0x00,0x00,0x00,0x00,0x00,0x00,0x00,0x00,0x00,0x00,0x00,0x00,0x00,0x00,0x00,0x00,0x00,0x00,0x00,
0x00,0x00,0x00,0x00,0x00,0x00,0x00,0x00,0x00,0x00,0x00,0x00,0x00,0x00,0x00,0x00,0x00,0x00,0x00,0x00,0x00,0x00,0x00,0x00,0x00,0x00,0x00,0x00,0x00,0x00,0x00,0x00,
0x00,0x00,0x00,0x00,0x00,0x00,0x00,0x00,0x00,0x00,0x00,0x00,0x00,0x00,0x00,0x00,0x00,0x00,0x00,0x00,0x00,0x00,0x00,0x00,0x00,0x00,0x00,0x00,0x00,0x00,0x00,0x00,
0x00,0x00,0x00,0x00,0x00,0x00,0x00,0x00,0x00,0x00,0x00,0x00,0x00,0x00,0x00,0x00,0x00,0x00,0x00,0x00,0x00,0x00,0x00,0x00,0x00,0x00,0x00,0x00,0x00,0x00,0x00,0x00,
0x00,0x00,0x00,0x00,0x00,0x00,0x00,0x00,0x00,0x00,0x00,0x00,0x00,0x00,0x00,0x00,0x00,0x00,0x00,0x00,0x00,0x00,0x00,0x00,0x00,0x00,0x00,0x00,0x00,0x00,0x00,0x00,
0x00,0x00,0x00,0x00,0x00,0x00,0x00,0x00,0x47,0xfb,0x47,0xfb,0x27,0xfb,0x27,0xfb,0x00,0x00,0x00,0x00,0x00,0x00,0x00,0x00,0x00,0x00,0x00,0x00,0x00,0x00,0x00,0x00,
0x00,0x00,0x00,0x00,0x00,0x00,0x00,0x00,0x00,0x00,0x00,0x00,0x00,0x00,0x00,0x00,0x00,0x00,0x00,0x00,0x00,0x00,0x00,0x00,0x00,0x00,0x00,0x00,0x00,0x00,0x00,0x00,
0x00,0x00,0x00,0x00,0x00,0x00,0x00,0x00,0x00,0x00,0x00,0x00,0x00,0x00,0x00,0x00,0x00,0x00,0x00,0x00,0x00,0x00,0x00,0x00,0x00,0x00,0x00,0x00,0x00,0x00,0x00,0x00,
0x00,0x00,0x00,0x00,0x00,0x00,0x00,0x00,0x00,0x00,0x00,0x00,0x00,0x00,0x00,0x00,0x00,0x00,0x00,0x00,0x00,0x00,0x00,0x00,0x00,0x00,0x00,0x00,0x00,0x00,0x00,0x00,
0x00,0x00,0x00,0x00,0x00,0x00,0x00,0x00,0x00,0x00,0x00,0x00,0x00,0x00,0x00,0x00,0x00,0x00,0x00,0x00,0x00,0x00,0x00,0x00,0x00,0x00,0x00,0x00,0x00,0x00,0x00,0x00,
0x00,0x00,0x00,0x00,0x00,0x00,0x00,0x00,0x00,0x00,0x00,0x00,0x00,0x00,0x00,0x00,0x00,0x00,0x00,0x00,0x00,0x00,0x00,0x00,0x00,0x00,0x00,0x00,0x00,0x00,0x00,0x00,
0x00,0x00,0x00,0x00,0x00,0x00,0x00,0x00,0x27,0xfb,0x27,0xfb,0x27,0xfb,0x06,0xfb,0x00,0x00,0x00,0x00,0x00,0x00,0x00,0x00,0x00,0x00,0x00,0x00,0x00,0x00,0x00,0x00,
0x00,0x00,0x00,0x00,0x00,0x00,0x00,0x00,0x00,0x00,0x00,0x00,0x00,0x00,0x00,0x00,0x00,0x00,0x00,0x00,0x00,0x00,0x00,0x00,0x00,0x00,0x00,0x00,0x00,0x00,0x00,0x00,
0x00,0x00,0x00,0x00,0x00,0x00,0x00,0x00,0x00,0x00,0x00,0x00,0x00,0x00,0x00,0x00,0x00,0x00,0x00,0x00,0x00,0x00,0x00,0x00,0x00,0x00,0x00,0x00,0x00,0x00,0x00,0x00,
0x00,0x00,0x00,0x00,0x00,0x00,0x00,0x00,0x00,0x00,0x00,0x00,0x00,0x00,0x00,0x00,0x00,0x00,0x00,0x00,0x00,0x00,0x00,0x00,0x00,0x00,0x00,0x00,0x00,0x00,0x00,0x00,
0x00,0x00,0x00,0x00,0x00,0x00,0x00,0x00,0x00,0x00,0x00,0x00,0x00,0x00,0x00,0x00,0x00,0x00,0x00,0x00,0x00,0x00,0x00,0x00,0x00,0x00,0x00,0x00,0x00,0x00,0x00,0x00,
0x00,0x00,0x00,0x00,0x00,0x00,0x00,0x00,0x00,0x00,0x00,0x00,0x00,0x00,0x00,0x00,0x00,0x00,0x00,0x00,0x00,0x00,0x00,0x00,0x00,0x00,0x00,0x00,0x00,0x00,0x00,0x00,
0x00,0x00,0x00,0x00,0x00,0x00,0x00,0x00,0x48,0xfb,0x07,0xfb,0x07,0xfb,0xa8,0xfa,0x00,0x00,0x00,0x00,0x00,0x00,0x00,0x00,0x00,0x00,0x00,0x00,0x00,0x00,0x00,0x00,
0x00,0x00,0x00,0x00,0x00,0x00,0x00,0x00,0x00,0x00,0x00,0x00,0x00,0x00,0x00,0x00,0x00,0x00,0x00,0x00,0x00,0x00,0x00,0x00,0x00,0x00,0x00,0x00,0x00,0x00,0x00,0x00,
0x00,0x00,0x00,0x00,0x00,0x00,0x00,0x00,0x00,0x00,0x00,0x00,0x00,0x00,0x00,0x00,0x00,0x00,0x00,0x00,0x00,0x00,0x00,0x00,0x00,0x00,0x00,0x00,0x00,0x00,0x00,0x00,
0x00,0x00,0x00,0x00,0x00,0x00,0x00,0x00,0x00,0x00,0x00,0x00,0x00,0x00,0x00,0x00,0x00,0x00,0x00,0x00,0x00,0x00,0x00,0x00,0x00,0x00,0x00,0x00,0x00,0x00,0x00,0x00,
0x00,0x00,0x00,0x00,0x00,0x00,0x00,0x00,0x00,0x00,0x00,0x00,0x00,0x00,0x00,0x00,0x00,0x00,0x00,0x00,0x00,0x00,0x00,0x00,0x00,0x00,0x00,0x00,0x00,0x00,0x00,0x00,
0x00,0x00,0x00,0x00,0x00,0x00,0x00,0x00,0x00,0x00,0x00,0x00,0x00,0x00,0x00,0x00,0x00,0x00,0x00,0x00,0x00,0x00,0x00,0x00,0x00,0x00,0x00,0x00,0x00,0x00,0x00,0x00,
0x00,0x00,0x00,0x00,0x00,0x00,0x00,0x00,0x00,0x00,0x00,0x00,0x00,0x00,0x00,0x00,0x00,0x00,0x00,0x00,0x00,0x00,0x00,0x00,0x00,0x00,0x00,0x00,0x00,0x00,0x00,0x00,
0x00,0x00,0x00,0x00,0x00,0x00,0x00,0x00,0x00,0x00,0x00,0x00,0x00,0x00,0x00,0x00,0x00,0x00,0x00,0x00,0x00,0x00,0x00,0x00,0x00,0x00,0x00,0x00,0x00,0x00,0x00,0x00,
0x00,0x00,0x00,0x00,0x00,0x00,0x00,0x00,0x00,0x00,0x00,0x00,0x00,0x00,0x00,0x00,0x00,0x00,0x00,0x00,0x00,0x00,0x00,0x00,0x00,0x00,0x00,0x00,0x00,0x00,0x00,0x00,
0x00,0x00,0x00,0x00,0x00,0x00,0x00,0x00,0x00,0x00,0x00,0x00,0x00,0x00,0x00,0x00,0x00,0x00,0x00,0x00,0x00,0x00,0x00,0x00,0x00,0x00,0x00,0x00,0x00,0x00,0x00,0x00,
0x00,0x00,0x00,0x00,0x00,0x00,0x00,0x00,0x00,0x00,0x00,0x00,0x00,0x00,0x00,0x00,0x00,0x00,0x00,0x00,0x00,0x00,0x00,0x00,0x00,0x00,0x00,0x00,0x00,0x00,0x00,0x00,
0x00,0x00,0x00,0x00,0x00,0x00,0x00,0x00,0x00,0x00,0x00,0x00,0x00,0x00,0x00,0x00,0x00,0x00,0x00,0x00,0x00,0x00,0x00,0x00,0x00,0x00,0x00,0x00,0x00,0x00,0x00,0x00,
0x00,0x00,0x00,0x00,0x00,0x00,0x00,0x00,0x00,0x00,0x00,0x00,0x00,0x00,0x00,0x00,0x00,0x00,0x00,0x00,0x00,0x00,0x00,0x00,0x00,0x00,0x00,0x00,0x00,0x00,0x00,0x00,
0x00,0x00,0x00,0x00,0x00,0x00,0x00,0x00,0x00,0x00,0x00,0x00,0x00,0x00,0x00,0x00,0x00,0x00,0x00,0x00,0x00,0x00,0x00,0x00,0x00,0x00,0x00,0x00,0x00,0x00,0x00,0x00,
0x00,0x00,0x00,0x00,0x00,0x00,0x00,0x00,0x00,0x00,0x00,0x00,0x00,0x00,0x00,0x00,0x00,0x00,0x00,0x00,0x00,0x00,0x00,0x00,0x00,0x00,0x00,0x00,0x00,0x00,0x00,0x00,
0x00,0x00,0x00,0x00,0x00,0x00,0x00,0x00,0x00,0x00,0x00,0x00,0x00,0x00,0x00,0x00,0x00,0x00,0x00,0x00,0x00,0x00,0x00,0x00,0x00,0x00,0x00,0x00,0x00,0x00,0x00,0x00,
0x00,0x00,0x00,0x00,0x00,0x00,0x00,0x00,0x00,0x00,0x00,0x00,0x00,0x00,0x00,0x00,0x00,0x00,0x00,0x00,0x00,0x00,0x00,0x00,0x00,0x00,0x00,0x00,0x00,0x00,0x00,0x00,
0x00,0x00,0x00,0x00,0x00,0x00,0x00,0x00,0x00,0x00,0x00,0x00,0x00,0x00,0x00,0x00,0x00,0x00,0x00,0x00,0x00,0x00,0x00,0x00,0x00,0x00,0x00,0x00,0x00,0x00,0x00,0x00,
0x00,0x00,0x00,0x00,0x00,0x00,0x00,0x00,0x00,0x00,0x00,0x00,0x00,0x00,0x00,0x00,0x00,0x00,0x00,0x00,0x00,0x00,0x00,0x00,0x00,0x00,0x00,0x00,0x00,0x00,0x00,0x00,
0x00,0x00,0x00,0x00,0x00,0x00,0x00,0x00,0x00,0x00,0x00,0x00,0x00,0x00,0x00,0x00,0x00,0x00,0x00,0x00,0x00,0x00,0x00,0x00,0x00,0x00,0x00,0x00,0x00,0x00,0x00,0x00,
0x00,0x00,0x00,0x00,0x00,0x00,0x00,0x00,0x00,0x00,0x00,0x00,0x00,0x00,0x00,0x00,0x00,0x00,0x00,0x00,0x00,0x00,0x00,0x00,0x00,0x00,0x00,0x00,0x00,0x00,0x00,0x00,
0x00,0x00,0x00,0x00,0x00,0x00,0x00,0x00,0x00,0x00,0x00,0x00,0x00,0x00,0x00,0x00,0x00,0x00,0x00,0x00,0x00,0x00,0x00,0x00,0x00,0x00,0x00,0x00,0x00,0x00,0x00,0x00,
0x00,0x00,0x00,0x00,0x00,0x00,0x00,0x00,0x00,0x00,0x00,0x00,0x00,0x00,0x00,0x00,0x00,0x00,0x00,0x00,0x00,0x00,0x00,0x00,0x00,0x00,0x00,0x00,0x00,0x00,0x00,0x00,
0x00,0x00,0x00,0x00,0x00,0x00,0x00,0x00,0x00,0x00,0x00,0x00,0x00,0x00,0x00,0x00,0x00,0x00,0x00,0x00,0x00,0x00,0x00,0x00,0x00,0x00,0x00,0x00,0x00,0x00,0x00,0x00,
0x00,0x00,0x00,0x00,0x00,0x00,0x00,0x00,0x00,0x00,0x00,0x00,0x00,0x00,0x00,0x00,0x00,0x00,0x00,0x00,0x00,0x00,0x00,0x00,0x00,0x00,0x00,0x00,0x00,0x00,0x00,0x00,
0x00,0x00,0x00,0x00,0x00,0x00,0x00,0x00,0x00,0x00,0x00,0x00,0x00,0x00,0x00,0x00,0x00,0x00,0x00,0x00,0x00,0x00,0x00,0x00,0x00,0x00,0x00,0x00,0x00,0x00,0x00,0x00,
0x00,0x00,0x00,0x00,0x00,0x00,0x00,0x00,0x00,0x00,0x00,0x00,0x00,0x00,0x00,0x00,0x00,0x00,0x00,0x00,0x00,0x00,0x00,0x00,0x00,0x00,0x00,0x00,0x00,0x00,0x00,0x00,
0x00,0x00,0x00,0x00,0x00,0x00,0x00,0x00,0x00,0x00,0x00,0x00,0x00,0x00,0x00,0x00,0x00,0x00,0x00,0x00,0x00,0x00,0x00,0x00,0x00,0x00,0x00,0x00,0x00,0x00,0x00,0x00,
0x00,0x00,0x00,0x00,0x00,0x00,0x00,0x00,0x00,0x00,0x00,0x00,0x00,0x00,0x00,0x00,0x00,0x00,0x00,0x00,0x00,0x00,0x00,0x00,0x00,0x00,0x00,0x00,0x00,0x00,0x00,0x00,
0x00,0x00,0x00,0x00,0x00,0x00,0x00,0x00,0x00,0x00,0x00,0x00,0x00,0x00,0x00,0x00,0x00,0x00,0x00,0x00,0x00,0x00,0x00,0x00,0x00,0x00,0x00,0x00,0x00,0x00,0x00,0x00,
0x00,0x00,0x00,0x00,0x00,0x00,0x00,0x00,0x00,0x00,0x00,0x00,0x00,0x00,0x00,0x00,0x00,0x00,0x00,0x00,0x00,0x00,0x00,0x00,0x00,0x00,0x00,0x00,0x00,0x00,0x00,0x00,
0x00,0x00,0x00,0x00,0x00,0x00,0x00,0x00,0x00,0x00,0x00,0x00,0x00,0x00,0x00,0x00,0x00,0x00,0x00,0x00,0x00,0x00,0x00,0x00,0x00,0x00,0x00,0x00,0x00,0x00,0x00,0x00,
0x00,0x00,0x00,0x00,0x00,0x00,0x00,0x00,0x00,0x00,0x00,0x00,0x00,0x06,0x8b,0xec,0xe8,0x8a,0x05,0x00,0x00,0x00,0x00,0x00,0x00,0x00,0x00,0x00,0x00,0x00,0x00,0x00,
0x00,0x00,0x00,0x00,0x00,0x00,0x00,0x00,0x00,0x00,0x00,0x00,0x00,0x00,0x00,0x00,0x00,0x00,0x00,0x00,0x00,0x00,0x00,0x00,0x00,0x00,0x00,0x00,0x00,0x00,0x00,0x00,
0x00,0x00,0x00,0x00,0x00,0x00,0x00,0x00,0x00,0x00,0x00,0x00,0x00,0x00,0x00,0x00,0x00,0x00,0x00,0x00,0x00,0x00,0x00,0x00,0x00,0x00,0x00,0x00,0x00,0x00,0x00,0x00,
0x00,0x00,0x00,0x00,0x00,0x00,0x00,0x00,0x00,0x00,0x00,0x00,0x00,0x8c,0xff,0xff,0xff,0xff,0x89,0x00,0x00,0x00,0x00,0x00,0x00,0x00,0x00,0x00,0x00,0x00,0x00,0x00,
0x00,0x00,0x00,0x00,0x00,0x00,0x00,0x00,0x00,0x00,0x00,0x00,0x00,0x00,0x00,0x00,0x00,0x00,0x00,0x00,0x00,0x00,0x00,0x00,0x00,0x00,0x00,0x00,0x00,0x00,0x00,0x00,
0x00,0x00,0x00,0x00,0x00,0x00,0x00,0x00,0x00,0x00,0x00,0x00,0x00,0x00,0x00,0x00,0x00,0x00,0x00,0x00,0x00,0x00,0x00,0x00,0x00,0x00,0x00,0x00,0x00,0x00,0x00,0x00,
0x00,0x00,0x00,0x00,0x00,0x00,0x00,0x00,0x00,0x00,0x00,0x00,0x00,0xe8,0xff,0xff,0xff,0xff,0xeb,0x00,0x00,0x00,0x00,0x00,0x00,0x00,0x00,0x00,0x00,0x00,0x00,0x00,
0x00,0x00,0x00,0x00,0x00,0x00,0x00,0x00,0x00,0x00,0x00,0x00,0x00,0x00,0x00,0x00,0x00,0x00,0x00,0x00,0x00,0x00,0x00,0x00,0x00,0x00,0x00,0x00,0x00,0x00,0x00,0x00,
0x00,0x00,0x00,0x00,0x00,0x00,0x00,0x00,0x00,0x00,0x00,0x00,0x00,0x00,0x00,0x00,0x00,0x00,0x00,0x00,0x00,0x00,0x00,0x00,0x00,0x00,0x00,0x00,0x00,0x00,0x00,0x00,
0x00,0x00,0x00,0x00,0x00,0x00,0x00,0x00,0x00,0x00,0x00,0x00,0x01,0xff,0xff,0xff,0xff,0xff,0xfe,0x00,0x00,0x00,0x00,0x00,0x00,0x00,0x00,0x00,0x00,0x00,0x00,0x00,
0x00,0x00,0x00,0x00,0x00,0x00,0x00,0x00,0x00,0x00,0x00,0x00,0x00,0x00,0x00,0x00,0x00,0x00,0x00,0x00,0x00,0x00,0x00,0x00,0x00,0x00,0x00,0x00,0x00,0x00,0x00,0x00,
0x00,0x00,0x00,0x00,0x00,0x00,0x00,0x00,0x00,0x00,0x00,0x00,0x00,0x00,0x00,0x00,0x00,0x00,0x00,0x00,0x00,0x00,0x00,0x00,0x00,0x00,0x00,0x00,0x00,0x00,0x00,0x00,
0x00,0x00,0x00,0x00,0x00,0x00,0x00,0x00,0x00,0x00,0x00,0x00,0x02,0xff,0xff,0xff,0xff,0xff,0xfd,0x00,0x00,0x00,0x00,0x00,0x00,0x00,0x00,0x00,0x00,0x00,0x00,0x00,
0x00,0x00,0x00,0x00,0x00,0x00,0x00,0x00,0x00,0x00,0x00,0x00,0x00,0x00,0x00,0x00,0x00,0x00,0x00,0x00,0x00,0x00,0x00,0x00,0x00,0x00,0x00,0x00,0x00,0x00,0x00,0x00,
0x00,0x00,0x00,0x00,0x00,0x00,0x00,0x00,0x00,0x00,0x00,0x00,0x00,0x00,0x00,0x00,0x00,0x00,0x00,0x00,0x00,0x00,0x00,0x00,0x00,0x00,0x00,0x00,0x00,0x00,0x00,0x00,
0x00,0x00,0x00,0x00,0x00,0x00,0x00,0x00,0x00,0x00,0x00,0x00,0x03,0xff,0xff,0xff,0xff,0xff,0xfc,0x00,0x00,0x00,0x00,0x00,0x00,0x00,0x00,0x00,0x00,0x00,0x00,0x00,
0x00,0x00,0x00,0x00,0x00,0x00,0x00,0x00,0x00,0x00,0x00,0x00,0x00,0x00,0x00,0x00,0x00,0x00,0x00,0x00,0x00,0x00,0x00,0x00,0x00,0x00,0x00,0x00,0x00,0x00,0x00,0x00,
0x00,0x00,0x00,0x00,0x00,0x00,0x00,0x00,0x00,0x00,0x00,0x00,0x00,0x00,0x00,0x00,0x00,0x00,0x00,0x00,0x00,0x00,0x00,0x00,0x00,0x00,0x00,0x00,0x00,0x45,0x9b,0xd8,
0xf4,0xff,0xff,0xff,0xff,0xff,0xff,0xff,0xff,0xff,0xff,0xff,0xff,0xff,0xff,0xff,0xff,0xff,0xff,0xff,0xff,0xff,0xff,0xff,0xff,0xff,0xff,0xff,0xff,0xff,0xff,0xf4,
0xd7,0x9a,0x44,0x00,0x00,0x00,0x00,0x00,0x00,0x00,0x00,0x00,0x00,0x00,0x00,0x00,0x00,0x00,0x00,0x00,0x00,0x00,0x00,0x00,0x00,0x00,0x00,0x00,0x00,0x00,0x00,0x00,
0x00,0x00,0x00,0x00,0x00,0x00,0x00,0x00,0x00,0x00,0x00,0x00,0x00,0x00,0x00,0x00,0x00,0x00,0x00,0x00,0x00,0x00,0x00,0x00,0x00,0x00,0x00,0x26,0xc1,0xff,0xff,0xff,
0xff,0xff,0xff,0xff,0xff,0xff,0xff,0xff,0xff,0xff,0xff,0xff,0xff,0xff,0xff,0xff,0xff,0xff,0xff,0xff,0xff,0xff,0xff,0xff,0xff,0xff,0xff,0xff,0xff,0xff,0xff,0xff,
0xff,0xff,0xff,0xc0,0x25,0x00,0x00,0x00,0x00,0x00,0x00,0x00,0x00,0x00,0x00,0x00,0x00,0x00,0x00,0x00,0x00,0x00,0x00,0x00,0x00,0x00,0x00,0x00,0x00,0x00,0x00,0x00,
0x00,0x00,0x00,0x00,0x00,0x00,0x00,0x00,0x00,0x00,0x00,0x00,0x00,0x00,0x00,0x00,0x00,0x00,0x00,0x00,0x00,0x00,0x00,0x00,0x00,0x00,0x3e,0xee,0xff,0xff,0xff,0xff,
0xff,0xff,0xff,0xff,0xff,0xff,0xff,0xff,0xff,0xff,0xff,0xff,0xff,0xff,0xff,0xff,0xff,0xff,0xff,0xff,0xff,0xff,0xff,0xff,0xff,0xff,0xff,0xff,0xff,0xff,0xff,0xff,
0xff,0xff,0xff,0xff,0xee,0x3d,0x00,0x00,0x00,0x00,0x00,0x00,0x00,0x00,0x00,0x00,0x00,0x00,0x00,0x00,0x00,0x00,0x00,0x00,0x00,0x00,0x00,0x00,0x00,0x00,0x00,0x00,
0x00,0x00,0x00,0x00,0x00,0x00,0x00,0x00,0x00,0x00,0x00,0x00,0x00,0x00,0x00,0x00,0x00,0x00,0x00,0x00,0x00,0x00,0x00,0x00,0x00,0x26,0xee,0xff,0xff,0xff,0xff,0xff,
0xff,0xff,0xff,0xff,0xff,0xff,0xff,0xff,0xff,0xff,0xff,0xff,0xff,0xff,0xff,0xff,0xff,0xff,0xff,0xff,0xff,0xff,0xff,0xff,0xff,0xff,0xff,0xff,0xff,0xff,0xff,0xff,
0xff,0xff,0xff,0xff,0xff,0xed,0x24,0x00,0x00,0x00,0x00,0x00,0x00,0x00,0x00,0x00,0x00,0x00,0x00,0x00,0x00,0x00,0x00,0x00,0x00,0x00,0x00,0x00,0x00,0x00,0x00,0x00,
0x00,0x00,0x00,0x00,0x00,0x00,0x00,0x00,0x00,0x00,0x00,0x00,0x00,0x00,0x00,0x00,0x00,0x00,0x00,0x00,0x00,0x00,0x00,0x00,0x00,0xbe,0xff,0xff,0xff,0xff,0xff,0xff,
0xff,0xff,0xff,0xff,0xff,0xff,0xff,0xff,0xff,0xff,0xff,0xff,0xff,0xff,0xff,0xff,0xff,0xff,0xff,0xff,0xff,0xff,0xff,0xff,0xff,0xff,0xff,0xff,0xff,0xff,0xff,0xff,
0xff,0xff,0xff,0xff,0xff,0xff,0xc1,0x00,0x00,0x00,0x00,0x00,0x00,0x00,0x00,0x00,0x00,0x00,0x00,0x00,0x00,0x00,0x00,0x00,0x00,0x00,0x00,0x00,0x00,0x00,0x00,0x00,
0x00,0x00,0x00,0x00,0x00,0x00,0x00,0x00,0x00,0x00,0x00,0x00,0x00,0x00,0x00,0x00,0x00,0x00,0x00,0x00,0x00,0x00,0x00,0x00,0x45,0xff,0xff,0xff,0xff,0xff,0xff,0xff,
0xff,0xff,0xff,0xff,0xff,0xff,0xff,0xff,0xff,0xff,0xff,0xff,0xff,0xff,0xff,0xff,0xff,0xff,0xff,0xff,0xff,0xff,0xff,0xff,0xff,0xff,0xff,0xff,0xff,0xff,0xff,0xff,
0xff,0xff,0xff,0xff,0xff,0xff,0xff,0x43,0x00,0x00,0x00,0x00,0x00,0x00,0x00,0x00,0x00,0x00,0x00,0x00,0x00,0x00,0x00,0x00,0x00,0x00,0x00,0x00,0x00,0x00,0x00,0x00,
0x00,0x00,0x00,0x00,0x00,0x00,0x00,0x00,0x00,0x00,0x00,0x00,0x00,0x00,0x00,0x00,0x00,0x00,0x00,0x00,0x00,0x00,0x00,0x00,0x9c,0xff,0xff,0xff,0xff,0xff,0xff,0xff,
0xff,0xff,0xff,0xff,0xff,0xff,0xff,0xff,0xff,0xff,0xff,0xff,0xff,0xff,0xff,0xff,0xff,0xff,0xff,0xff,0xff,0xff,0xff,0xff,0xff,0xff,0xff,0xff,0xff,0xff,0xff,0xff,
0xff,0xff,0xff,0xff,0xff,0xff,0xff,0x99,0x00,0x00,0x00,0x00,0x00,0x00,0x00,0x00,0x00,0x00,0x00,0x00,0x00,0x00,0x00,0x00,0x00,0x00,0x00,0x00,0x00,0x00,0x00,0x00,
0x00,0x00,0x00,0x00,0x00,0x00,0x00,0x00,0x00,0x00,0x00,0x00,0x00,0x00,0x00,0x00,0x00,0x00,0x00,0x00,0x00,0x00,0x00,0x00,0xd8,0xff,0xff,0xff,0xff,0xff,0xff,0xff,
0xff,0xff,0xff,0xff,0xff,0xff,0xff,0xff,0xff,0xff,0xff,0xff,0xff,0xff,0xff,0xff,0xff,0xff,0xff,0xff,0xff,0xff,0xff,0xff,0xff,0xff,0xff,0xff,0xff,0xff,0xff,0xff,
0xff,0xff,0xff,0xff,0xff,0xff,0xff,0xd7,0x00,0x00,0x00,0x00,0x00,0x00,0x00,0x00,0x00,0x00,0x00,0x00,0x00,0x00,0x00,0x00,0x00,0x00,0x00,0x00,0x00,0x00,0x00,0x00,
0x00,0x00,0x00,0x00,0x00,0x00,0x00,0x00,0x00,0x00,0x00,0x00,0x00,0x00,0x00,0x00,0x00,0x00,0x00,0x00,0x00,0x00,0x00,0x00,0xf3,0xff,0xff,0xff,0xff,0xff,0xff,0xff,
0xff,0xff,0xff,0xff,0xff,0xff,0xff,0xff,0xff,0xff,0xff,0xff,0xff,0xff,0xff,0xff,0xff,0xff,0xff,0xff,0xff,0xff,0xff,0xff,0xff,0xff,0xff,0xff,0xff,0xff,0xff,0xff,
0xff,0xff,0xff,0xff,0xff,0xff,0xff,0xf3,0x00,0x00,0x00,0x00,0x00,0x00,0x00,0x00,0x00,0x00,0x00,0x00,0x00,0x00,0x00,0x00,0x00,0x00,0x00,0x00,0x00,0x00,0x00,0x00,
0x00,0x00,0x00,0x00,0x00,0x00,0x00,0x00,0x00,0x00,0x00,0x00,0x00,0x00,0x00,0x00,0x00,0x00,0x00,0x00,0x00,0x00,0x00,0x00,0xff,0xff,0xff,0xff,0xff,0xff,0xff,0xff,
0xff,0xff,0xff,0xff,0xff,0xff,0xff,0xff,0xff,0xff,0xff,0xff,0xff,0xff,0xff,0xff,0xff,0xff,0xff,0xff,0xff,0xff,0xff,0xff,0xff,0xff,0xff,0xff,0xff,0xff,0xff,0xff,
0xff,0xff,0xff,0xff,0xff,0xff,0xff,0xff,0x00,0x00,0x00,0x00,0x00,0x00,0x00,0x00,0x00,0x00,0x00,0x00,0x00,0x00,0x00,0x00,0x00,0x00,0x00,0x00,0x00,0x00,0x00,0x00,
0x00,0x00,0x00,0x00,0x00,0x00,0x00,0x00,0x00,0x00,0x00,0x00,0x00,0x00,0x00,0x00,0x00,0x00,0x00,0x00,0x00,0x00,0x00,0x00,0xff,0xff,0xff,0xff,0xff,0xff,0xff,0xff,
0xff,0xff,0xff,0xff,0xff,0xff,0xff,0xff,0xff,0xff,0xff,0xff,0xff,0xff,0xff,0xff,0xff,0xff,0xff,0xff,0xff,0xff,0xff,0xff,0xff,0xff,0xff,0xff,0xff,0xff,0xff,0xff,
0xff,0xff,0xff,0xff,0xff,0xff,0xff,0xff,0x00,0x00,0x00,0x00,0x00,0x00,0x00,0x00,0x00,0x00,0x00,0x00,0x00,0x00,0x00,0x00,0x00,0x00,0x00,0x00,0x00,0x00,0x00,0x00,
0x00,0x00,0x00,0x00,0x00,0x00,0x00,0x00,0x00,0x00,0x00,0x00,0x00,0x00,0x00,0x00,0x00,0x00,0x00,0x00,0x00,0x00,0x00,0x00,0xff,0xff,0xff,0xff,0xff,0xff,0xff,0xff,
0xff,0xff,0xff,0xff,0xff,0xff,0xff,0xff,0xff,0xff,0xff,0xff,0xff,0xff,0xff,0xff,0xff,0xff,0xff,0xff,0xff,0xff,0xff,0xff,0xff,0xff,0xff,0xff,0xff,0xff,0xff,0xff,
0xff,0xff,0xff,0xff,0xff,0xff,0xff,0xff,0x00,0x00,0x00,0x00,0x00,0x00,0x00,0x00,0x00,0x00,0x00,0x00,0x00,0x00,0x00,0x00,0x00,0x00,0x00,0x00,0x00,0x00,0x00,0x00,
0x00,0x00,0x00,0x00,0x00,0x00,0x00,0x00,0x00,0x00,0x00,0x00,0x00,0x00,0x00,0x00,0x00,0x00,0x00,0x00,0x00,0x00,0x00,0x00,0xff,0xff,0xff,0xff,0xff,0xff,0xff,0xff,
0xff,0xff,0xff,0xff,0xff,0xff,0xff,0xff,0xff,0xff,0xff,0xff,0xff,0xff,0xff,0xff,0xff,0xff,0xff,0xff,0xff,0xff,0xff,0xff,0xff,0xff,0xff,0xff,0xff,0xff,0xff,0xff,
0xff,0xff,0xff,0xff,0xff,0xff,0xff,0xff,0x00,0x00,0x00,0x00,0x00,0x00,0x00,0x00,0x00,0x00,0x00,0x00,0x00,0x00,0x00,0x00,0x00,0x00,0x00,0x00,0x00,0x00,0x00,0x00,
0x00,0x00,0x00,0x00,0x00,0x00,0x00,0x00,0x00,0x00,0x00,0x00,0x00,0x00,0x00,0x00,0x00,0x00,0x00,0x00,0x00,0x00,0x00,0x00,0xff,0xff,0xff,0xff,0xff,0xff,0xff,0xff,
0xff,0xff,0xff,0xff,0xff,0xff,0xff,0xff,0xff,0xff,0xff,0xff,0xff,0xff,0xff,0xff,0xff,0xff,0xff,0xff,0xff,0xff,0xff,0xff,0xff,0xff,0xff,0xff,0xff,0xff,0xff,0xff,
0xff,0xff,0xff,0xff,0xff,0xff,0xff,0xff,0x00,0x00,0x00,0x00,0x00,0x00,0x00,0x00,0x00,0x00,0x00,0x00,0x00,0x00,0x00,0x00,0x00,0x00,0x00,0x00,0x00,0x00,0x00,0x00,
0x00,0x00,0x00,0x00,0x00,0x00,0x00,0x00,0x00,0x00,0x00,0x00,0x00,0x00,0x00,0x00,0x00,0x00,0x00,0x00,0x00,0x00,0x00,0x00,0xff,0xff,0xff,0xff,0xff,0xff,0xff,0xff,
0xff,0xff,0xff,0xff,0xff,0xff,0xff,0xff,0xff,0xff,0xff,0xff,0xff,0xff,0xff,0xff,0xff,0xff,0xff,0xff,0xff,0xff,0xff,0xff,0xff,0xff,0xff,0xff,0xff,0xff,0xff,0xff,
0xff,0xff,0xff,0xff,0xff,0xff,0xff,0xff,0x00,0x00,0x00,0x00,0x00,0x00,0x00,0x00,0x00,0x00,0x00,0x00,0x00,0x00,0x00,0x00,0x00,0x00,0x00,0x00,0x00,0x00,0x00,0x00,
0x00,0x00,0x00,0x00,0x00,0x00,0x00,0x00,0x00,0x00,0x00,0x00,0x00,0x00,0x00,0x00,0x00,0x00,0x00,0x00,0x00,0x00,0x00,0x00,0xff,0xff,0xff,0xff,0xff,0xff,0xff,0xff,
0xff,0xff,0xff,0xff,0xff,0xff,0xff,0xff,0xff,0xff,0xff,0xff,0xff,0xff,0xff,0xff,0xff,0xff,0xff,0xff,0xff,0xff,0xff,0xff,0xff,0xff,0xff,0xff,0xff,0xff,0xff,0xff,
0xff,0xff,0xff,0xff,0xff,0xff,0xff,0xff,0x00,0x00,0x00,0x00,0x00,0x00,0x00,0x00,0x00,0x00,0x00,0x00,0x00,0x00,0x00,0x00,0x00,0x00,0x00,0x00,0x00,0x00,0x00,0x00,
0x00,0x00,0x00,0x00,0x00,0x00,0x00,0x00,0x00,0x00,0x00,0x00,0x00,0x00,0x00,0x00,0x00,0x00,0x00,0x00,0x00,0x00,0x00,0x00,0xff,0xff,0xff,0xff,0xff,0xff,0xff,0xff,
0xff,0xff,0xff,0xff,0xff,0xff,0xff,0xff,0xff,0xff,0xff,0xff,0xff,0xff,0xff,0xff,0xff,0xff,0xff,0xff,0xff,0xff,0xff,0xff,0xff,0xff,0xff,0xff,0xff,0xff,0xff,0xff,
0xff,0xff,0xff,0xff,0xff,0xff,0xff,0xff,0x00,0x00,0x00,0x00,0x00,0x00,0x00,0x00,0x00,0x00,0x00,0x00,0x00,0x00,0x00,0x00,0x00,0x00,0x00,0x00,0x00,0x00,0x00,0x00,
0x00,0x00,0x00,0x00,0x00,0x00,0x00,0x00,0x00,0x00,0x00,0x00,0x00,0x00,0x00,0x00,0x00,0x00,0x00,0x00,0x00,0x00,0x00,0x00,0xff,0xff,0xff,0xff,0xff,0xff,0xff,0xff,
0xff,0xff,0xff,0xff,0xff,0xff,0xff,0xff,0xff,0xff,0xff,0xff,0xff,0xff,0xff,0xff,0xff,0xff,0xff,0xff,0xff,0xff,0xff,0xff,0xff,0xff,0xff,0xff,0xff,0xff,0xff,0xff,
0xff,0xff,0xff,0xff,0xff,0xff,0xff,0xff,0x00,0x00,0x00,0x00,0x00,0x00,0x00,0x00,0x00,0x00,0x00,0x00,0x00,0x00,0x00,0x00,0x00,0x00,0x00,0x00,0x00,0x00,0x00,0x00,
0x00,0x00,0x00,0x00,0x00,0x00,0x00,0x00,0x00,0x00,0x00,0x00,0x00,0x00,0x00,0x00,0x00,0x00,0x00,0x00,0x00,0x00,0x00,0x00,0xff,0xff,0xff,0xff,0xff,0xff,0xff,0xff,
0xff,0xff,0xff,0xff,0xff,0xff,0xff,0xff,0xff,0xff,0xff,0xff,0xff,0xff,0xff,0xff,0xff,0xff,0xff,0xff,0xff,0xff,0xff,0xff,0xff,0xff,0xff,0xff,0xff,0xff,0xff,0xff,
0xff,0xff,0xff,0xff,0xff,0xff,0xff,0xff,0x00,0x00,0x00,0x00,0x00,0x00,0x00,0x00,0x00,0x00,0x00,0x00,0x00,0x00,0x00,0x00,0x00,0x00,0x00,0x00,0x00,0x00,0x00,0x00,
0x00,0x00,0x00,0x00,0x00,0x00,0x00,0x00,0x00,0x00,0x00,0x00,0x00,0x00,0x00,0x00,0x00,0x00,0x00,0x00,0x00,0x00,0x00,0x00,0xff,0xff,0xff,0xff,0xff,0xff,0xff,0xff,
0xff,0xff,0xff,0xff,0xff,0xff,0xff,0xff,0xff,0xff,0xff,0xff,0xff,0xff,0xff,0xff,0xff,0xff,0xff,0xff,0xff,0xff,0xff,0xff,0xff,0xff,0xff,0xff,0xff,0xff,0xff,0xff,
0xff,0xff,0xff,0xff,0xff,0xff,0xff,0xff,0x00,0x00,0x00,0x00,0x00,0x00,0x00,0x00,0x00,0x00,0x00,0x00,0x00,0x00,0x00,0x00,0x00,0x00,0x00,0x00,0x00,0x00,0x00,0x00,
0x00,0x00,0x00,0x00,0x00,0x00,0x00,0x00,0x00,0x00,0x00,0x00,0x00,0x00,0x00,0x00,0x00,0x00,0x00,0x00,0x00,0x00,0x00,0x00,0xff,0xff,0xff,0xff,0xff,0xff,0xff,0xff,
0xff,0xff,0xff,0xff,0xff,0xff,0xff,0xff,0xff,0xff,0xff,0xff,0xff,0xff,0xff,0xff,0xff,0xff,0xff,0xff,0xff,0xff,0xff,0xff,0xff,0xff,0xff,0xff,0xff,0xff,0xff,0xff,
0xff,0xff,0xff,0xff,0xff,0xff,0xff,0xff,0x00,0x00,0x00,0x00,0x00,0x00,0x00,0x00,0x00,0x00,0x00,0x00,0x00,0x00,0x00,0x00,0x00,0x00,0x00,0x00,0x00,0x00,0x00,0x00,
0x00,0x00,0x00,0x00,0x00,0x00,0x00,0x00,0x00,0x00,0x00,0x00,0x00,0x00,0x00,0x00,0x00,0x00,0x00,0x00,0x00,0x00,0x00,0x00,0xff,0xff,0xff,0xff,0xff,0xff,0xff,0xff,
0xff,0xff,0xff,0xff,0xff,0xff,0xff,0xff,0xff,0xff,0xff,0xff,0xff,0xff,0xff,0xff,0xff,0xff,0xff,0xff,0xff,0xff,0xff,0xff,0xff,0xff,0xff,0xff,0xff,0xff,0xff,0xff,
0xff,0xff,0xff,0xff,0xff,0xff,0xff,0xff,0x00,0x00,0x00,0x00,0x00,0x00,0x00,0x00,0x00,0x00,0x00,0x00,0x00,0x00,0x00,0x00,0x00,0x00,0x00,0x00,0x00,0x00,0x00,0x00,
0x00,0x00,0x00,0x00,0x00,0x00,0x00,0x00,0x00,0x00,0x00,0x00,0x00,0x00,0x00,0x00,0x00,0x00,0x00,0x00,0x00,0x00,0x00,0x00,0xff,0xff,0xff,0xff,0xff,0xff,0xff,0xff,
0xff,0xff,0xff,0xff,0xff,0xff,0xff,0xff,0xff,0xff,0xff,0xff,0xff,0xff,0xff,0xff,0xff,0xff,0xff,0xff,0xff,0xff,0xff,0xff,0xff,0xff,0xff,0xff,0xff,0xff,0xff,0xff,
0xff,0xff,0xff,0xff,0xff,0xff,0xff,0xff,0x00,0x00,0x00,0x00,0x00,0x00,0x00,0x00,0x00,0x00,0x00,0x00,0x00,0x00,0x00,0x00,0x00,0x00,0x00,0x00,0x00,0x00,0x00,0x00,
0x00,0x00,0x00,0x00,0x00,0x00,0x00,0x00,0x00,0x00,0x00,0x00,0x00,0x00,0x00,0x00,0x00,0x00,0x00,0x00,0x00,0x00,0x00,0x00,0xf3,0xff,0xff,0xff,0xff,0xff,0xff,0xff,
0xff,0xff,0xff,0xff,0xff,0xff,0xff,0xff,0xff,0xff,0xff,0xff,0xff,0xff,0xff,0xff,0xff,0xff,0xff,0xff,0xff,0xff,0xff,0xff,0xff,0xff,0xff,0xff,0xff,0xff,0xff,0xff,
0xff,0xff,0xff,0xff,0xff,0xff,0xff,0xf1,0x00,0x00,0x00,0x00,0x00,0x00,0x00,0x00,0x00,0x00,0x00,0x00,0x00,0x00,0x00,0x00,0x00,0x00,0x00,0x00,0x00,0x00,0x00,0x00,
0x00,0x00,0x00,0x00,0x00,0x00,0x00,0x00,0x00,0x00,0x00,0x00,0x00,0x00,0x00,0x00,0x00,0x00,0x00,0x00,0x00,0x00,0x00,0x00,0xd8,0xff,0xff,0xff,0xff,0xff,0xff,0xff,
0xff,0xff,0xff,0xff,0xff,0xff,0xff,0xff,0xff,0xff,0xff,0xff,0xff,0xff,0xff,0xff,0xff,0xff,0xff,0xff,0xff,0xff,0xff,0xff,0xff,0xff,0xff,0xff,0xff,0xff,0xff,0xff,
0xff,0xff,0xff,0xff,0xff,0xff,0xff,0xd6,0x00,0x00,0x00,0x00,0x00,0x00,0x00,0x00,0x00,0x00,0x00,0x00,0x00,0x00,0x00,0x00,0x00,0x00,0x00,0x00,0x00,0x00,0x00,0x00,
0x00,0x00,0x00,0x00,0x00,0x00,0x00,0x00,0x00,0x00,0x00,0x00,0x00,0x00,0x00,0x00,0x00,0x00,0x00,0x00,0x00,0x00,0x00,0x00,0x9b,0xff,0xff,0xff,0xff,0xff,0xff,0xff,
0xff,0xff,0xff,0xff,0xff,0xff,0xff,0xff,0xff,0xff,0xff,0xff,0xff,0xff,0xff,0xff,0xff,0xff,0xff,0xff,0xff,0xff,0xff,0xff,0xff,0xff,0xff,0xff,0xff,0xff,0xff,0xff,
0xff,0xff,0xff,0xff,0xff,0xff,0xff,0x98,0x00,0x00,0x00,0x00,0x00,0x00,0x00,0x00,0x00,0x00,0x00,0x00,0x00,0x00,0x00,0x00,0x00,0x00,0x00,0x00,0x00,0x00,0x00,0x00,
0x00,0x00,0x00,0x00,0x00,0x00,0x00,0x00,0x00,0x00,0x00,0x00,0x00,0x00,0x00,0x00,0x00,0x00,0x00,0x00,0x00,0x00,0x00,0x00,0x44,0xff,0xff,0xff,0xff,0xff,0xff,0xff,
0xff,0xff,0xff,0xff,0xff,0xff,0xff,0xff,0xff,0xff,0xff,0xff,0xff,0xff,0xff,0xff,0xff,0xff,0xff,0xff,0xff,0xff,0xff,0xff,0xff,0xff,0xff,0xff,0xff,0xff,0xff,0xff,
0xff,0xff,0xff,0xff,0xff,0xff,0xff,0x42,0x00,0x00,0x00,0x00,0x00,0x00,0x00,0x00,0x00,0x00,0x00,0x00,0x00,0x00,0x00,0x00,0x00,0x00,0x00,0x00,0x00,0x00,0x00,0x00,
0x00,0x00,0x00,0x00,0x00,0x00,0x00,0x00,0x00,0x00,0x00,0x00,0x00,0x00,0x00,0x00,0x00,0x00,0x00,0x00,0x00,0x00,0x00,0x00,0x00,0xbd,0xff,0xff,0xff,0xff,0xff,0xff,
0xff,0xff,0xff,0xff,0xff,0xff,0xff,0xff,0xff,0xff,0xff,0xff,0xff,0xff,0xff,0xff,0xff,0xff,0xff,0xff,0xff,0xff,0xff,0xff,0xff,0xff,0xff,0xff,0xff,0xff,0xff,0xff,
0xff,0xff,0xff,0xff,0xff,0xff,0xc0,0x00,0x00,0x00,0x00,0x00,0x00,0x00,0x00,0x00,0x00,0x00,0x00,0x00,0x00,0x00,0x00,0x00,0x00,0x00,0x00,0x00,0x00,0x00,0x00,0x00,
0x00,0x00,0x00,0x00,0x00,0x00,0x00,0x00,0x00,0x00,0x00,0x00,0x00,0x00,0x00,0x00,0x00,0x00,0x00,0x00,0x00,0x00,0x00,0x00,0x00,0x21,0xeb,0xff,0xff,0xff,0xff,0xff,
0xff,0xff,0xff,0xff,0xff,0xff,0xff,0xff,0xff,0xff,0xff,0xff,0xff,0xff,0xff,0xff,0xff,0xff,0xff,0xff,0xff,0xff,0xff,0xff,0xff,0xff,0xff,0xff,0xff,0xff,0xff,0xff,
0xff,0xff,0xff,0xff,0xff,0xfe,0xe3,0x47,0x00,0x00,0x00,0x00,0x00,0x00,0x00,0x00,0x00,0x00,0x00,0x00,0x00,0x00,0x00,0x00,0x00,0x00,0x00,0x00,0x00,0x00,0x00,0x00,
0x00,0x00,0x00,0x00,0x00,0x00,0x00,0x00,0x00,0x00,0x00,0x00,0x00,0x00,0x00,0x00,0x00,0x00,0x00,0x00,0x00,0x00,0x00,0x00,0x00,0x00,0x3d,0xed,0xff,0xff,0xff,0xff,
0xff,0xff,0xff,0xff,0xff,0xff,0xff,0xff,0xff,0xff,0xff,0xff,0xff,0xff,0xff,0xff,0xff,0xff,0xff,0xff,0xff,0xff,0xff,0xff,0xff,0xff,0xff,0xff,0xff,0xff,0xff,0xff,
0xff,0xff,0xff,0xff,0xff,0xff,0xff,0xe9,0x06,0x00,0x00,0x00,0x00,0x00,0x00,0x00,0x00,0x00,0x00,0x00,0x00,0x00,0x00,0x00,0x00,0x00,0x00,0x00,0x00,0x00,0x00,0x00,
0x00,0x00,0x00,0x00,0x00,0x00,0x00,0x00,0x00,0x00,0x00,0x00,0x00,0x00,0x00,0x00,0x00,0x00,0x00,0x00,0x00,0x00,0x00,0x00,0x00,0x00,0x00,0x25,0xbf,0xff,0xff,0xff,
0xff,0xff,0xff,0xff,0xff,0xff,0xff,0xff,0xff,0xff,0xff,0xff,0xff,0xff,0xff,0xff,0xff,0xff,0xff,0xff,0xff,0xff,0xff,0xff,0xff,0xff,0xff,0xff,0xff,0xff,0xff,0xff,
0xff,0xff,0xff,0xdf,0xff,0xff,0xff,0xff,0x48,0x00,0x00,0x00,0x00,0x00,0x00,0x00,0x00,0x00,0x00,0x00,0x00,0x00,0x00,0x00,0x00,0x00,0x00,0x00,0x00,0x00,0x00,0x00,
0x00,0x00,0x00,0x00,0x00,0x00,0x00,0x00,0x00,0x00,0x00,0x00,0x00,0x00,0x00,0x00,0x00,0x00,0x00,0x00,0x00,0x00,0x00,0x00,0x00,0x00,0x00,0x00,0x00,0x43,0x99,0xd6,
0xf3,0xff,0xff,0xff,0xff,0xff,0xff,0xff,0xff,0xff,0xff,0xff,0xff,0xff,0xff,0xff,0xff,0xff,0xff,0xff,0xff,0xff,0xff,0xff,0xff,0xff,0xff,0xff,0xff,0xff,0xff,0xf3,
0xd6,0x99,0x42,0xd5,0xff,0xff,0xff,0xff,0x9b,0x00,0x00,0x00,0x00,0x00,0x00,0x00,0x00,0x00,0x00,0x00,0x00,0x00,0x00,0x00,0x00,0x00,0x00,0x00,0x00,0x00,0x00,0x00,
0x00,0x00,0x00,0x00,0x00,0x00,0x00,0x00,0x00,0x00,0x00,0x00,0x00,0x00,0x00,0x00,0x00,0x00,0x00,0x00,0x00,0x00,0x00,0x00,0x00,0x00,0x00,0x00,0x00,0x00,0x00,0x00,
0x00,0x00,0x00,0x00,0x00,0x00,0x00,0x00,0x00,0x00,0x00,0x00,0x00,0x00,0x00,0x00,0x00,0x00,0x00,0x00,0x00,0x00,0x00,0x00,0x00,0x00,0x00,0x00,0x00,0x00,0x00,0x00,
0x00,0x00,0x26,0xff,0xff,0xff,0xff,0xff,0xeb,0x04,0x00,0x00,0x00,0x00,0x00,0x00,0x00,0x00,0x00,0x00,0x00,0x00,0x00,0x00,0x00,0x00,0x00,0x00,0x00,0x00,0x00,0x00,
0x00,0x00,0x00,0x00,0x00,0x00,0x00,0x00,0x00,0x00,0x00,0x00,0x00,0x00,0x00,0x00,0x00,0x00,0x00,0x00,0x00,0x00,0x00,0x00,0x00,0x00,0x00,0x00,0x00,0x00,0x00,0x00,
0x00,0x00,0x00,0x00,0x00,0x00,0x00,0x00,0x00,0x00,0x00,0x00,0x00,0x00,0x00,0x00,0x00,0x00,0x00,0x00,0x00,0x00,0x00,0x00,0x00,0x00,0x00,0x00,0x00,0x00,0x00,0x00,
0x00,0x00,0x7b,0xff,0xff,0xff,0xff,0xff,0xff,0x42,0x00,0x00,0x00,0x00,0x00,0x00,0x00,0x00,0x00,0x00,0x00,0x00,0x00,0x00,0x00,0x00,0x00,0x00,0x00,0x00,0x00,0x00,
0x00,0x00,0x00,0x00,0x00,0x00,0x00,0x00,0x00,0x00,0x00,0x00,0x00,0x00,0x00,0x00,0x00,0x00,0x00,0x00,0x00,0x00,0x00,0x00,0x00,0x00,0x00,0x00,0x00,0x00,0x00,0x00,
0x00,0x00,0x00,0x00,0x00,0x00,0x00,0x00,0x00,0x00,0x00,0x00,0x00,0x00,0x00,0x00,0x00,0x00,0x00,0x00,0x00,0x00,0x00,0x00,0x00,0x00,0x00,0x00,0x00,0x00,0x00,0x00,
0x00,0x00,0xcd,0xff,0xff,0xff,0xff,0xff,0xff,0x95,0x00,0x00,0x00,0x00,0x00,0x00,0x00,0x00,0x00,0x00,0x00,0x00,0x00,0x00,0x00,0x00,0x00,0x00,0x00,0x00,0x00,0x00,
0x00,0x00,0x00,0x00,0x00,0x00,0x00,0x00,0x00,0x00,0x00,0x00,0x00,0x00,0x00,0x00,0x00,0x00,0x00,0x00,0x00,0x00,0x00,0x00,0x00,0x00,0x00,0x00,0x00,0x00,0x00,0x00,
0x00,0x00,0x00,0x00,0x00,0x00,0x00,0x00,0x00,0x00,0x00,0x00,0x00,0x00,0x00,0x00,0x00,0x00,0x00,0x00,0x00,0x00,0x00,0x00,0x00,0x00,0x00,0x00,0x00,0x00,0x00,0x00,
0x00,0x32,0xff,0xff,0xff,0xff,0xff,0xff,0xff,0xeb,0x07,0x00,0x00,0x00,0x00,0x00,0x00,0x00,0x00,0x00,0x00,0x00,0x00,0x00,0x00,0x00,0x00,0x00,0x00,0x00,0x00,0x00,
0x00,0x00,0x00,0x00,0x00,0x00,0x00,0x00,0x00,0x00,0x00,0x00,0x00,0x00,0x00,0x00,0x00,0x00,0x00,0x00,0x00,0x00,0x00,0x00,0x00,0x00,0x00,0x00,0x00,0x00,0x00,0x00,
0x00,0x00,0x00,0x00,0x00,0x00,0x00,0x00,0x00,0x00,0x00,0x00,0x00,0x00,0x00,0x00,0x00,0x00,0x00,0x00,0x00,0x00,0x00,0x00,0x00,0x00,0x00,0x00,0x00,0x00,0x00,0x00,
0x00,0xaa,0xff,0xff,0xff,0xff,0xff,0xff,0xff,0xff,0x64,0x00,0x00,0x00,0x00,0x00,0x00,0x00,0x00,0x00,0x00,0x00,0x00,0x00,0x00,0x00,0x00,0x00,0x00,0x00,0x00,0x00,
0x00,0x00,0x00,0x00,0x00,0x00,0x00,0x00,0x00,0x00,0x00,0x00,0x00,0x00,0x00,0x00,0x00,0x00,0x00,0x00,0x00,0x00,0x00,0x00,0x00,0x00,0x00,0x00,0x00,0x00,0x00,0x00,
0x00,0x00,0x00,0x00,0x00,0x00,0x00,0x00,0x00,0x00,0x00,0x00,0x00,0x00,0x00,0x00,0x00,0x00,0x00,0x00,0x00,0x00,0x00,0x00,0x00,0x00,0x00,0x00,0x00,0x00,0x00,0x00,
0x36,0xfd,0xff,0xff,0xff,0xff,0xff,0xff,0xff,0xff,0xe5,0x11,0x00,0x00,0x00,0x00,0x00,0x00,0x00,0x00,0x00,0x00,0x00,0x00,0x00,0x00,0x00,0x00,0x00,0x00,0x00,0x00,
0x00,0x00,0x00,0x00,0x00,0x00,0x00,0x00,0x00,0x00,0x00,0x00,0x00,0x00,0x00,0x00,0x00,0x00,0x00,0x00,0x00,0x00,0x00,0x00,0x00,0x00,0x00,0x00,0x00,0x00,0x00,0x00,
0x00,0x00,0x00,0x00,0x00,0x00,0x00,0x00,0x00,0x00,0x00,0x00,0x00,0x00,0x00,0x00,0x00,0x00,0x00,0x00,0x00,0x00,0x00,0x00,0x00,0x00,0x00,0x00,0x00,0x00,0x00,0x14,
0xe1,0xff,0xff,0xff,0xff,0xff,0xff,0xff,0xff,0xff,0xff,0xaf,0x02,0x00,0x00,0x00,0x00,0x00,0x00,0x00,0x00,0x00,0x00,0x00,0x00,0x00,0x00,0x00,0x00,0x00,0x00,0x00,
0x00,0x00,0x00,0x00,0x00,0x00,0x00,0x00,0x00,0x00,0x00,0x00,0x00,0x00,0x00,0x00,0x00,0x00,0x00,0x00,0x00,0x00,0x00,0x00,0x00,0x00,0x00,0x00,0x00,0x00,0x00,0x00,
0x00,0x00,0x00,0x00,0x00,0x00,0x00,0x00,0x00,0x00,0x00,0x00,0x00,0x00,0x00,0x00,0x00,0x00,0x00,0x00,0x00,0x00,0x00,0x00,0x00,0x00,0x00,0x00,0x00,0x00,0x0d,0xc1,
0xff,0xff,0xff,0xff,0xff,0xff,0xff,0xff,0xff,0xff,0xff,0xff,0x99,0x03,0x00,0x00,0x00,0x00,0x00,0x00,0x00,0x00,0x00,0x00,0x00,0x00,0x00,0x00,0x00,0x00,0x00,0x00,
0x00,0x00,0x00,0x00,0x00,0x00,0x00,0x00,0x00,0x00,0x00,0x00,0x00,0x00,0x00,0x00,0x00,0x00,0x00,0x00,0x00,0x44,0x9a,0xd7,0xf3,0xff,0xff,0xff,0xff,0xff,0xff,0xff,
0xff,0xff,0xff,0xff,0xff,0xff,0xff,0xff,0xff,0xff,0xff,0xff,0xff,0xff,0xff,0xff,0xff,0xff,0xff,0xff,0xff,0xff,0xff,0xff,0xff,0xff,0xff,0xff,0xff,0xff,0xff,0xff,
0xff,0xff,0xff,0xff,0xff,0xff,0xff,0xff,0xff,0xff,0xff,0xff,0xff,0xb5,0x16,0x00,0x00,0x00,0x00,0x00,0x00,0x00,0x00,0x00,0x00,0x00,0x00,0x00,0x00,0x00,0x00,0x00,
0x00,0x00,0x00,0x00,0x00,0x00,0x00,0x00,0x00,0x00,0x00,0x00,0x00,0x00,0x00,0x00,0x00,0x00,0x00,0x25,0xc0,0xff,0xff,0xff,0xff,0xff,0xff,0xff,0xff,0xff,0xff,0xff,
0xff,0xff,0xff,0xff,0xff,0xff,0xff,0xff,0xff,0xff,0xff,0xff,0xff,0xff,0xff,0xff,0xff,0xff,0xff,0xff,0xff,0xff,0xff,0xff,0xff,0xff,0xff,0xff,0xff,0xff,0xff,0xff,
0xff,0xff,0xff,0xff,0xff,0xff,0xff,0xff,0xff,0xff,0xff,0xff,0xff,0xff,0xed,0x75,0x10,0x00,0x00,0x00,0x00,0x00,0x00,0x00,0x00,0x00,0x00,0x00,0x00,0x00,0x00,0x00,
0x00,0x00,0x00,0x00,0x00,0x00,0x00,0x00,0x00,0x00,0x00,0x00,0x00,0x00,0x00,0x00,0x00,0x00,0x3c,0xed,0xff,0xff,0xff,0xff,0xff,0xff,0xff,0xff,0xff,0xff,0xff,0xff,
0xff,0xff,0xff,0xff,0xff,0xff,0xff,0xff,0xff,0xff,0xff,0xff,0xff,0xff,0xff,0xff,0xff,0xff,0xff,0xff,0xff,0xff,0xff,0xff,0xff,0xff,0xff,0xff,0xff,0xff,0xff,0xff,
0xff,0xff,0xff,0xff,0xff,0xff,0xff,0xff,0xff,0xff,0xff,0xff,0xff,0xff,0xff,0xff,0xf6,0xab,0x58,0x0d,0x00,0x00,0x00,0x00,0x00,0x00,0x00,0x00,0x00,0x00,0x00,0x00,
0x00,0x00,0x00,0x00,0x00,0x00,0x00,0x00,0x00,0x00,0x00,0x00,0x00,0x00,0x00,0x00,0x00,0x25,0xed,0xff,0xff,0xff,0xff,0xff,0xff,0xff,0xff,0xff,0xff,0xff,0xff,0xff,
0xff,0xff,0xff,0xff,0xff,0xff,0xff,0xff,0xff,0xff,0xff,0xff,0xff,0xff,0xff,0xff,0xff,0xff,0xff,0xff,0xff,0xff,0xff,0xff,0xff,0xff,0xff,0xff,0xff,0xff,0xff,0xff,
0xff,0xff,0xff,0xff,0xff,0xff,0xff,0xff,0xff,0xff,0xff,0xff,0xff,0xff,0xff,0xff,0xff,0xff,0xff,0xf7,0xb1,0x5f,0x11,0x00,0x00,0x00,0x00,0x00,0x00,0x00,0x00,0x00,
0x00,0x00,0x00,0x00,0x00,0x00,0x00,0x00,0x00,0x00,0x00,0x00,0x00,0x00,0x00,0x00,0x00,0xbd,0xff,0xff,0xff,0xff,0xff,0xff,0xff,0xff,0xff,0xff,0xff,0xff,0xff,0xff,
0xff,0xff,0xff,0xff,0xff,0xff,0xff,0xff,0xff,0xff,0xff,0xff,0xff,0xff,0xff,0xff,0xff,0xff,0xff,0xff,0xff,0xff,0xff,0xff,0xff,0xff,0xff,0xff,0xff,0xff,0xff,0xff,
0xff,0xff,0xff,0xff,0xff,0xff,0xff,0xff,0xff,0xff,0xff,0xff,0xff,0xff,0xff,0xff,0xff,0xff,0xff,0xff,0xff,0xff,0xf5,0x58,0x00,0x00,0x00,0x00,0x00,0x00,0x00,0x00,
0x00,0x00,0x00,0x00,0x00,0x00,0x00,0x00,0x00,0x00,0x00,0x00,0x00,0x00,0x00,0x00,0x42,0xff,0xff,0xff,0xff,0xff,0xff,0xff,0xff,0xff,0xff,0xff,0xff,0xff,0xff,0xff,
0xff,0xff,0xff,0xff,0xff,0xff,0xff,0xff,0xff,0xff,0xff,0xff,0xff,0xff,0xff,0xff,0xff,0xff,0xff,0xff,0xff,0xff,0xff,0xff,0xff,0xff,0xff,0xff,0xff,0xff,0xff,0xff,
0xff,0xff,0xff,0xff,0xff,0xff,0xff,0xff,0xff,0xff,0xff,0xff,0xff,0xff,0xff,0xff,0xff,0xff,0xff,0xff,0xff,0xff,0xff,0xe5,0x00,0x00,0x00,0x00,0x00,0x00,0x00,0x00,
0x00,0x00,0x00,0x00,0x00,0x00,0x00,0x00,0x00,0x00,0x00,0x00,0x00,0x00,0x00,0x00,0x9a,0xff,0xff,0xff,0xff,0xff,0xff,0xff,0xff,0xff,0xff,0xff,0xff,0xff,0xff,0xff,
0xff,0xff,0xff,0xff,0xff,0xff,0xff,0xff,0xff,0xff,0xff,0xff,0xff,0xff,0xff,0xff,0xff,0xff,0xff,0xff,0xff,0xff,0xff,0xff,0xff,0xff,0xff,0xff,0xff,0xff,0xff,0xff,
0xff,0xff,0xff,0xff,0xff,0xff,0xff,0xff,0xff,0xff,0xff,0xff,0xff,0xff,0xff,0xff,0xff,0xff,0xff,0xff,0xff,0xff,0xff,0xe6,0x00,0x00,0x00,0x00,0x00,0x00,0x00,0x00,
0x00,0x00,0x00,0x00,0x00,0x00,0x00,0x00,0x00,0x00,0x00,0x00,0x00,0x00,0x00,0x00,0xd6,0xff,0xff,0xff,0xff,0xff,0xff,0xff,0xff,0xff,0xff,0xff,0xff,0xff,0xff,0xff,
0xff,0xff,0xff,0xff,0xff,0xff,0xff,0xff,0xff,0xff,0xff,0xff,0xff,0xff,0xff,0xff,0xff,0xff,0xff,0xff,0xff,0xff,0xff,0xff,0xff,0xff,0xff,0xff,0xff,0xff,0xff,0xff,
0xff,0xff,0xff,0xff,0xff,0xff,0xff,0xff,0xff,0xff,0xff,0xff,0xff,0xff,0xff,0xff,0xff,0xff,0xff,0xff,0xff,0xff,0xf7,0x5c,0x00,0x00,0x00,0x00,0x00,0x00,0x00,0x00,
0x00,0x00,0x00,0x00,0x00,0x00,0x00,0x00,0x00,0x00,0x00,0x00,0x00,0x00,0x00,0x00,0xf1,0xff,0xff,0xff,0xff,0xff,0xff,0xff,0xff,0xff,0xff,0xff,0xff,0xff,0xff,0xff,
0xff,0xff,0xff,0xff,0xff,0xff,0xff,0xff,0xff,0xff,0xff,0xff,0xff,0xff,0xff,0xff,0xff,0xff,0xff,0xff,0xff,0xff,0xff,0xff,0xff,0xff,0xff,0xff,0xff,0xff,0xff,0xff,
0xff,0xff,0xff,0xff,0xff,0xff,0xff,0xff,0xff,0xff,0xff,0xff,0xff,0xff,0xff,0xff,0xff,0xff,0xff,0xfb,0xba,0x67,0x16,0x00,0x00,0x00,0x00,0x00,0x00,0x00,0x00,0x00,
0x00,0x00,0x00,0x00,0x00,0x00,0x00,0x00,0x00,0x00,0x00,0x00,0x00,0x00,0x00,0x00,0xfb,0xff,0xff,0xff,0xff,0xff,0xff,0xff,0xff,0xff,0xff,0xff,0xff,0xff,0xff,0xff,
0xff,0xff,0xff,0xff,0xff,0xff,0xff,0xff,0xff,0xff,0xff,0xff,0xff,0xff,0xff,0xff,0xff,0xff,0xff,0xff,0xff,0xff,0xff,0xff,0xff,0xff,0xff,0xff,0xff,0xff,0xff,0xff,
0xff,0xff,0xff,0xff,0xff,0xff,0xff,0xff,0xff,0xff,0xff,0xff,0xff,0xff,0xff,0xff,0xf9,0xb4,0x61,0x12,0x00,0x00,0x00,0x00,0x00,0x00,0x00,0x00,0x00,0x00,0x00,0x00,
0x00,0x00,0x00,0x00,0x00,0x00,0x00,0x00,0x00,0x00,0x00,0x00,0x00,0x00,0x00,0x00,0xfb,0xff,0xff,0xff,0xff,0xff,0xff,0xff,0xff,0xff,0xff,0xff,0xff,0xff,0xff,0xff,
0xff,0xff,0xff,0xff,0xff,0xff,0xff,0xff,0xff,0xff,0xff,0xff,0xff,0xff,0xff,0xff,0xff,0xff,0xff,0xff,0xff,0xff,0xff,0xff,0xff,0xff,0xff,0xff,0xff,0xff,0xff,0xff,
0xff,0xff,0xff,0xff,0xff,0xff,0xff,0xff,0xff,0xff,0xff,0xff,0xff,0xff,0xff,0xff,0x1b,0x00,0x00,0x00,0x00,0x00,0x00,0x00,0x00,0x00,0x00,0x00,0x00,0x00,0x00,0x00,
0x00,0x00,0x00,0x00,0x00,0x00,0x00,0x00,0x00,0x00,0x00,0x00,0x00,0x00,0x00,0x00,0xfb,0xff,0xff,0xff,0xff,0xff,0xff,0xff,0xff,0xff,0xff,0xff,0xff,0xff,0xff,0xff,
0xff,0xff,0xff,0xff,0xff,0xff,0xff,0xff,0xff,0xff,0xff,0xff,0xff,0xff,0xff,0xff,0xff,0xff,0xff,0xff,0xff,0xff,0xff,0xff,0xff,0xff,0xff,0xff,0xff,0xff,0xff,0xff,
0xff,0xff,0xff,0xff,0xff,0xff,0xff,0xff,0xff,0xff,0xff,0xff,0xff,0xff,0xff,0xff,0x05,0x00,0x00,0x00,0x00,0x00,0x00,0x00,0x00,0x00,0x00,0x00,0x00,0x00,0x00,0x00,
0x00,0x00,0x00,0x00,0x00,0x00,0x00,0x00,0x00,0x00,0x00,0x00,0x00,0x00,0x00,0x00,0xfb,0xff,0xff,0xff,0xff,0xff,0xff,0xff,0xff,0xff,0xff,0xff,0xff,0xff,0xff,0xff,
0xff,0xff,0xff,0xff,0xff,0xff,0xff,0xff,0xff,0xff,0xff,0xff,0xff,0xff,0xff,0xff,0xff,0xff,0xff,0xff,0xff,0xff,0xff,0xff,0xff,0xff,0xff,0xff,0xff,0xff,0xff,0xff,
0xff,0xff,0xff,0xff,0xff,0xff,0xff,0xff,0xff,0xff,0xff,0xff,0xff,0xff,0xff,0xff,0x04,0x00,0x00,0x00,0x00,0x00,0x00,0x00,0x00,0x00,0x00,0x00,0x00,0x00,0x00,0x00,
0x00,0x00,0x00,0x00,0x00,0x00,0x00,0x00,0x00,0x00,0x00,0x00,0x00,0x00,0x00,0x00,0xf2,0xff,0xff,0xff,0xff,0xff,0xff,0xff,0xff,0xff,0xff,0xff,0xff,0xff,0xff,0xff,
0xff,0xff,0xff,0xff,0xff,0xff,0xff,0xff,0xff,0xff,0xff,0xff,0xff,0xff,0xff,0xff,0xff,0xff,0xff,0xff,0xff,0xff,0xff,0xff,0xff,0xff,0xff,0xff,0xff,0xff,0xff,0xff,
0xff,0xff,0xff,0xff,0xff,0xff,0xff,0xff,0xff,0xff,0xff,0xff,0xff,0xff,0xff,0xfa,0x00,0x00,0x00,0x00,0x00,0x00,0x00,0x00,0x00,0x00,0x00,0x00,0x00,0x00,0x00,0x00,
0x00,0x00,0x00,0x00,0x00,0x00,0x00,0x00,0x00,0x00,0x00,0x00,0x00,0x00,0x00,0x00,0xdf,0xff,0xff,0xff,0xff,0xff,0xff,0xff,0xff,0xff,0xff,0xff,0xff,0xff,0xff,0xff,
0xff,0xff,0xff,0xff,0xff,0xff,0xff,0xff,0xff,0xff,0xff,0xff,0xff,0xff,0xff,0xff,0xff,0xff,0xff,0xff,0xff,0xff,0xff,0xff,0xff,0xff,0xff,0xff,0xff,0xff,0xff,0xff,
0xff,0xff,0xff,0xff,0xff,0xff,0xff,0xff,0xff,0xff,0xff,0xff,0xff,0xff,0xff,0xee,0x00,0x00,0x00,0x00,0x00,0x00,0x00,0x00,0x00,0x00,0x00,0x00,0x00,0x00,0x00,0x00,
0x00,0x00,0x00,0x00,0x00,0x00,0x00,0x00,0x00,0x00,0x00,0x00,0x00,0x00,0x00,0x00,0xba,0xff,0xff,0xff,0xff,0xff,0xff,0xff,0xff,0xff,0xff,0xff,0xff,0xff,0xff,0xff,
0xff,0xff,0xff,0xff,0xff,0xff,0xff,0xff,0xff,0xff,0xff,0xff,0xff,0xff,0xff,0xff,0xff,0xff,0xff,0xff,0xff,0xff,0xff,0xff,0xff,0xff,0xff,0xff,0xff,0xff,0xff,0xff,
0xff,0xff,0xff,0xff,0xff,0xff,0xff,0xff,0xff,0xff,0xff,0xff,0xff,0xff,0xff,0xcf,0x00,0x00,0x00,0x00,0x00,0x00,0x00,0x00,0x00,0x00,0x00,0x00,0x00,0x00,0x00,0x00,
0x00,0x00,0x00,0x00,0x00,0x00,0x00,0x00,0x00,0x00,0x00,0x00,0x00,0x00,0x00,0x00,0x82,0xff,0xff,0xff,0xff,0xff,0xff,0xff,0xff,0xff,0xff,0xff,0xff,0xff,0xff,0xff,
0xff,0xff,0xff,0xff,0xff,0xff,0xff,0xff,0xff,0xff,0xff,0xff,0xff,0xff,0xff,0xff,0xff,0xff,0xff,0xff,0xff,0xff,0xff,0xff,0xff,0xff,0xff,0xff,0xff,0xff,0xff,0xff,
0xff,0xff,0xff,0xff,0xff,0xff,0xff,0xff,0xff,0xff,0xff,0xff,0xff,0xff,0xff,0x97,0x00,0x00,0x00,0x00,0x00,0x00,0x00,0x00,0x00,0x00,0x00,0x00,0x00,0x00,0x00,0x00,
0x00,0x00,0x00,0x00,0x00,0x00,0x00,0x00,0x00,0x00,0x00,0x00,0x00,0x00,0x00,0x00,0x30,0xff,0xff,0xff,0xff,0xff,0xff,0xff,0xff,0xff,0xff,0xff,0xff,0xff,0xff,0xff,
0xff,0xff,0xff,0xff,0xff,0xff,0xff,0xff,0xff,0xff,0xff,0xff,0xff,0xff,0xff,0xff,0xff,0xff,0xff,0xff,0xff,0xff,0xff,0xff,0xff,0xff,0xff,0xff,0xff,0xff,0xff,0xff,
0xff,0xff,0xff,0xff,0xff,0xff,0xff,0xff,0xff,0xff,0xff,0xff,0xff,0xff,0xff,0x3d,0x00,0x00,0x00,0x00,0x00,0x00,0x00,0x00,0x00,0x00,0x00,0x00,0x00,0x00,0x00,0x00,
0x00,0x00,0x00,0x00,0x00,0x00,0x00,0x00,0x00,0x00,0x00,0x00,0x00,0x00,0x00,0x00,0x00,0xcf,0xff,0xff,0xff,0xff,0xff,0xff,0xff,0xff,0xff,0xff,0xff,0xff,0xff,0xff,
0xff,0xff,0xff,0xff,0xff,0xff,0xff,0xff,0xff,0xff,0xff,0xff,0xff,0xff,0xff,0xff,0xff,0xff,0xff,0xff,0xff,0xff,0xff,0xff,0xff,0xff,0xff,0xff,0xff,0xff,0xff,0xff,
0xff,0xff,0xff,0xff,0xff,0xff,0xff,0xff,0xff,0xff,0xff,0xff,0xff,0xff,0xdf,0x00,0x00,0x00,0x00,0x00,0x00,0x00,0x00,0x00,0x00,0x00,0x00,0x00,0x00,0x00,0x00,0x00,
0x00,0x00,0x00,0x00,0x00,0x00,0x00,0x00,0x00,0x00,0x00,0x00,0x00,0x00,0x00,0x00,0x00,0x59,0xff,0xff,0xff,0xff,0xff,0xff,0xff,0xff,0xff,0xff,0xff,0xff,0xff,0xff,
0xff,0xff,0xff,0xff,0xff,0xff,0xff,0xff,0xff,0xff,0xff,0xff,0xff,0xff,0xff,0xff,0xff,0xff,0xff,0xff,0xff,0xff,0xff,0xff,0xff,0xff,0xff,0xff,0xff,0xff,0xff,0xff,
0xff,0xff,0xff,0xff,0xff,0xff,0xff,0xff,0xff,0xff,0xff,0xff,0xff,0xff,0x6b,0x00,0x00,0x00,0x00,0x00,0x00,0x00,0x00,0x00,0x00,0x00,0x00,0x00,0x00,0x00,0x00,0x00,
0x00,0x00,0x00,0x00,0x00,0x00,0x00,0x00,0x00,0x00,0x00,0x00,0x00,0x00,0x00,0x00,0x00,0x00,0xc9,0xff,0xff,0xff,0xff,0xff,0xff,0xff,0xff,0xff,0xff,0xff,0xff,0xff,
0xff,0xff,0xff,0xff,0xff,0xff,0xff,0xff,0xff,0xff,0xff,0xff,0xff,0xff,0xff,0xff,0xff,0xff,0xff,0xff,0xff,0xff,0xff,0xff,0xff,0xff,0xff,0xff,0xff,0xff,0xff,0xff,
0xff,0xff,0xff,0xff,0xff,0xff,0xff,0xff,0xff,0xff,0xff,0xff,0xff,0xda,0x00,0x00,0x00,0x00,0x00,0x00,0x13,0xd4,0xc1,0x06,0x00,0x00,0x00,0x00,0x00,0x00,0x00,0x00,
0x00,0x00,0x00,0x00,0x00,0x00,0x00,0x00,0x00,0x00,0x00,0x00,0x00,0x00,0x00,0x00,0x00,0x00,0x27,0xf4,0xff,0xff,0xff,0xff,0xff,0xff,0xff,0xff,0xff,0xff,0xff,0xff,
0xff,0xff,0xff,0xff,0xff,0xff,0xff,0xff,0xff,0xff,0xff,0xff,0xff,0xff,0xff,0xff,0xff,0xff,0xff,0xff,0xff,0xff,0xff,0xff,0xff,0xff,0xff,0xff,0xff,0xff,0xff,0xff,
0xff,0xff,0xff,0xff,0xff,0xff,0xff,0xff,0xff,0xff,0xff,0xff,0xf9,0x33,0x00,0x00,0x00,0x00,0x00,0x00,0x6e,0xff,0xff,0x4e,0x00,0x00,0x00,0x00,0x00,0x00,0x00,0x00,
0x00,0x00,0x00,0x00,0x00,0x00,0x00,0x00,0x00,0x00,0x00,0x00,0x00,0x00,0x00,0x00,0x00,0x00,0x00,0x55,0xfc,0xff,0xff,0xff,0xff,0xff,0xff,0xff,0xff,0xff,0xff,0xff,
0xff,0xff,0xff,0xff,0xff,0xff,0xff,0xff,0xff,0xff,0xff,0xff,0xff,0xff,0xff,0xff,0xff,0xff,0xff,0xff,0xff,0xff,0xff,0xff,0xff,0xff,0xff,0xff,0xff,0xff,0xff,0xff,
0xff,0xff,0xff,0xff,0xff,0xff,0xff,0xff,0xff,0xff,0xff,0xfd,0x69,0x00,0x00,0x00,0x00,0x00,0x00,0x00,0xc1,0xff,0xff,0xa1,0x00,0x00,0x00,0x00,0x00,0x00,0x00,0x00,
0x00,0x00,0x00,0x00,0x00,0x00,0x00,0x00,0x00,0x00,0x00,0x00,0x00,0x00,0x00,0x00,0x00,0x00,0x00,0x00,0x5e,0xfa,0xff,0xff,0xff,0xff,0xff,0xff,0xff,0xff,0xff,0xff,
0xff,0xff,0xff,0xff,0xff,0xff,0xff,0xff,0xff,0xff,0xff,0xff,0xff,0xff,0xff,0xff,0xff,0xff,0xff,0xff,0xff,0xff,0xff,0xff,0xff,0xff,0xff,0xff,0xff,0xff,0xff,0xff,
0xff,0xff,0xff,0xff,0xff,0xff,0xff,0xff,0xff,0xff,0xfd,0x7a,0x00,0x00,0x00,0x00,0x00,0x00,0x00,0x17,0xfc,0xff,0xff,0xee,0x06,0x00,0x00,0x00,0x00,0x00,0x00,0x00,
0x00,0x00,0x00,0x00,0x00,0x00,0x00,0x00,0x00,0x00,0x00,0x00,0x00,0x00,0x00,0x00,0x00,0x00,0x00,0x00,0x00,0x44,0xe9,0xff,0xff,0xff,0xff,0xff,0xff,0xff,0xff,0xff,
0xff,0xff,0xff,0xff,0xff,0xff,0xff,0xff,0xff,0xff,0xff,0xff,0xff,0xff,0xff,0xff,0xff,0xff,0xff,0xff,0xff,0xff,0xff,0xff,0xff,0xff,0xff,0xff,0xff,0xff,0xff,0xff,
0xff,0xff,0xff,0xff,0xff,0xff,0xff,0xff,0xff,0xf5,0x5f,0x00,0x00,0x00,0x00,0x00,0x00,0x00,0x00,0x7f,0xff,0xff,0xff,0xff,0x5e,0x00,0x00,0x00,0x00,0x00,0x00,0x00,
0x00,0x00,0x00,0x00,0x00,0x00,0x00,0x00,0x00,0x00,0x00,0x00,0x00,0x00,0x00,0x00,0x00,0x00,0x00,0x00,0x00,0x00,0x1c,0xcd,0xff,0xff,0xff,0xff,0xff,0xff,0xff,0xff,
0xff,0xff,0xff,0xff,0xff,0xff,0xff,0xff,0xff,0xff,0xff,0xff,0xff,0xff,0xff,0xff,0xff,0xff,0xff,0xff,0xff,0xff,0xff,0xff,0xff,0xff,0xff,0xff,0xff,0xff,0xff,0xff,
0xff,0xff,0xff,0xff,0xff,0xff,0xff,0xff,0xdf,0x24,0x00,0x00,0x00,0x00,0x00,0x00,0x00,0x00,0x21,0xef,0xff,0xff,0xff,0xff,0xde,0x12,0x00,0x00,0x00,0x00,0x00,0x00,
0x00,0x00,0x00,0x00,0x00,0x00,0x00,0x00,0x00,0x00,0x00,0x00,0x00,0x00,0x00,0x00,0x00,0x00,0x00,0x00,0x00,0x00,0x00,0x01,0x77,0xf0,0xff,0xff,0xff,0xff,0xff,0xff,
0xff,0xff,0xff,0xff,0xff,0xff,0xff,0xff,0xff,0xff,0xff,0xff,0xff,0xff,0xff,0xff,0xff,0xff,0xff,0xff,0xff,0xff,0xff,0xff,0xff,0xff,0xff,0xff,0xff,0xff,0xff,0xff,
0xff,0xff,0xff,0xff,0xff,0xff,0xf7,0x95,0x03,0x00,0x00,0x00,0x00,0x00,0x00,0x00,0x00,0x1e,0xd2,0xff,0xff,0xff,0xff,0xff,0xff,0xc1,0x13,0x00,0x00,0x00,0x00,0x00,
0x00,0x00,0x00,0x00,0x00,0x00,0x00,0x00,0x00,0x00,0x00,0x00,0x00,0x00,0x00,0x00,0x00,0x00,0x00,0x00,0x00,0x00,0x00,0x00,0x00,0x16,0xa6,0xf8,0xff,0xff,0xff,0xff,
0xff,0xff,0xff,0xff,0xff,0xff,0xff,0xff,0xff,0xff,0xff,0xff,0xff,0xff,0xff,0xff,0xff,0xff,0xff,0xff,0xff,0xff,0xff,0xff,0xff,0xff,0xff,0xff,0xff,0xff,0xff,0xff,
0xff,0xff,0xff,0xff,0xfb,0xb7,0x1a,0x00,0x00,0x00,0x00,0x00,0x00,0x00,0x00,0x0e,0x72,0xeb,0xff,0xff,0xff,0xff,0xff,0xff,0xff,0xff,0xe2,0x68,0x0a,0x00,0x00,0x00,
0x00,0x00,0x00,0x00,0x00,0x00,0x00,0x00,0x00,0x00,0x00,0x00,0x00,0x00,0x00,0x00,0x00,0x00,0x00,0x00,0x00,0x00,0x00,0x00,0x00,0x00,0x00,0x18,0x98,0xf1,0xff,0xff,
0xff,0xff,0xff,0xff,0xff,0xff,0xff,0xff,0xff,0xff,0xff,0xff,0xff,0xff,0xff,0xff,0xff,0xff,0xff,0xff,0xff,0xff,0xff,0xff,0xff,0xff,0xff,0xff,0xff,0xff,0xff,0xff,
0xff,0xff,0xf5,0xa3,0x1a,0x00,0x00,0x00,0x00,0x00,0x00,0x00,0x0c,0x5f,0xb2,0xf7,0xff,0xff,0xff,0xff,0xff,0xff,0xff,0xff,0xff,0xff,0xff,0xff,0xf5,0xad,0x5a,0x0b,
0x00,0x00,0x00,0x00,0x00,0x00,0x00,0x00,0x00,0x00,0x00,0x00,0x00,0x00,0x00,0x00,0x00,0x00,0x00,0x00,0x00,0x00,0x00,0x00,0x00,0x00,0x00,0x00,0x00,0x04,0x53,0xb7,
0xf7,0xff,0xff,0xff,0xff,0xff,0xff,0xff,0xff,0xff,0xff,0xff,0xff,0xff,0xff,0xff,0xff,0xff,0xff,0xff,0xff,0xff,0xff,0xff,0xff,0xff,0xff,0xff,0xff,0xff,0xff,0xf9,
0xc8,0x70,0x08,0x00,0x00,0x00,0x00,0x00,0x00,0x00,0x00,0x00,0xcc,0xff,0xff,0xff,0xff,0xff,0xff,0xff,0xff,0xff,0xff,0xff,0xff,0xff,0xff,0xff,0xff,0xff,0xff,0xca,
0x00,0x00,0x00,0x00,0x00,0x00,0x00,0x00,0x00,0x00,0x00,0x00,0x00,0x00,0x00,0x00,0x00,0x00,0x00,0x00,0x00,0x00,0x00,0x00,0x00,0x00,0x00,0x00,0x00,0x00,0x00,0x00,
0x09,0x54,0x9f,0xd6,0xf9,0xff,0xff,0xff,0xff,0xff,0xff,0xff,0xff,0xff,0xff,0xff,0xff,0xff,0xff,0xff,0xff,0xff,0xff,0xff,0xff,0xff,0xff,0xfa,0xdc,0xa5,0x5b,0x0a,
0x00,0x00,0x00,0x00,0x00,0x00,0x00,0x00,0x00,0x00,0x00,0x00,0xca,0xff,0xff,0xff,0xff,0xff,0xff,0xff,0xff,0xff,0xff,0xff,0xff,0xff,0xff,0xff,0xff,0xff,0xff,0xcc,
0x00,0x00,0x00,0x00,0x00,0x00,0x00,0x00,0x00,0x00,0x00,0x00,0x00,0x00,0x00,0x00,0x00,0x00,0x00,0x00,0x00,0x00,0x00,0x00,0x00,0x00,0x00,0x00,0x00,0x00,0x00,0x00,
0x00,0x00,0x00,0x00,0x00,0x30,0x66,0x99,0xb5,0xcb,0xdd,0xeb,0xf3,0xf7,0xf9,0xff,0xff,0xfa,0xf8,0xf4,0xed,0xdf,0xcd,0xb9,0x9d,0x6a,0x31,0x00,0x00,0x00,0x00,0x00,
0x00,0x00,0x00,0x00,0x00,0x00,0x00,0x00,0x00,0x00,0x00,0x00,0x0b,0x5b,0xae,0xf6,0xff,0xff,0xff,0xff,0xff,0xff,0xff,0xff,0xff,0xff,0xff,0xff,0xf7,0xb2,0x5f,0x0c,
0x00,0x00,0x00,0x00,0x00,0x00,0x00,0x00,0x00,0x00,0x00,0x00,0x00,0x00,0x00,0x00,0x00,0x00,0x00,0x00,0x00,0x00,0x00,0x00,0x00,0x00,0x00,0x00,0x00,0x00,0x00,0x00,
0x00,0x00,0x00,0x00,0x00,0x00,0x00,0x00,0x00,0x00,0x00,0x00,0x00,0x00,0x00,0x00,0x00,0x00,0x00,0x00,0x00,0x00,0x00,0x00,0x00,0x00,0x00,0x00,0x00,0x00,0x00,0x00,
0x00,0x00,0x00,0x00,0x00,0x00,0x00,0x00,0x00,0x00,0x00,0x00,0x00,0x00,0x00,0x0b,0x6c,0xe6,0xff,0xff,0xff,0xff,0xff,0xff,0xff,0xff,0xe7,0x6f,0x0e,0x00,0x00,0x00,
0x00,0x00,0x00,0x00,0x00,0x00,0x00,0x00,0x00,0x00,0x00,0x00,0x00,0x00,0x00,0x00,0x00,0x00,0x00,0x00,0x00,0x00,0x00,0x00,0x00,0x00,0x00,0x00,0x00,0x00,0x00,0x00,
0x00,0x00,0x00,0x00,0x00,0x00,0x00,0x00,0x00,0x00,0x00,0x00,0x00,0x00,0x00,0x00,0x00,0x00,0x00,0x00,0x00,0x00,0x00,0x00,0x00,0x00,0x00,0x00,0x00,0x00,0x00,0x00,
0x00,0x00,0x00,0x00,0x00,0x00,0x00,0x00,0x00,0x00,0x00,0x00,0x00,0x00,0x00,0x00,0x00,0x18,0xc9,0xff,0xff,0xff,0xff,0xff,0xff,0xcb,0x19,0x00,0x00,0x00,0x00,0x00,
0x00,0x00,0x00,0x00,0x00,0x00,0x00,0x00,0x00,0x00,0x00,0x00,0x00,0x00,0x00,0x00,0x00,0x00,0x00,0x00,0x00,0x00,0x00,0x00,0x00,0x00,0x00,0x00,0x00,0x00,0x00,0x00,
0x00,0x00,0x00,0x00,0x00,0x00,0x00,0x00,0x00,0x00,0x00,0x00,0x00,0x00,0x00,0x00,0x00,0x00,0x00,0x00,0x00,0x00,0x00,0x00,0x00,0x00,0x00,0x00,0x00,0x00,0x00,0x00,
0x00,0x00,0x00,0x00,0x00,0x00,0x00,0x00,0x00,0x00,0x00,0x00,0x00,0x00,0x00,0x00,0x00,0x00,0x18,0xe7,0xff,0xff,0xff,0xff,0xe7,0x19,0x00,0x00,0x00,0x00,0x00,0x00,
0x00,0x00,0x00,0x00,0x00,0x00,0x00,0x00,0x00,0x00,0x00,0x00,0x00,0x00,0x00,0x00,0x00,0x00,0x00,0x00,0x00,0x00,0x00,0x00,0x00,0x00,0x00,0x00,0x00,0x00,0x00,0x00,
0x00,0x00,0x00,0x00,0x00,0x00,0x00,0x00,0x00,0x00,0x00,0x00,0x00,0x00,0x00,0x00,0x00,0x00,0x00,0x00,0x00,0x00,0x00,0x00,0x00,0x00,0x00,0x00,0x00,0x00,0x00,0x00,
0x00,0x00,0x00,0x00,0x00,0x00,0x00,0x00,0x00,0x00,0x00,0x00,0x00,0x00,0x00,0x00,0x00,0x00,0x00,0x6e,0xff,0xff,0xff,0xff,0x6d,0x00,0x00,0x00,0x00,0x00,0x00,0x00,
0x00,0x00,0x00,0x00,0x00,0x00,0x00,0x00,0x00,0x00,0x00,0x00,0x00,0x00,0x00,0x00,0x00,0x00,0x00,0x00,0x00,0x00,0x00,0x00,0x00,0x00,0x00,0x00,0x00,0x00,0x00,0x00,
0x00,0x00,0x00,0x00,0x00,0x00,0x00,0x00,0x00,0x00,0x00,0x00,0x00,0x00,0x00,0x00,0x00,0x00,0x00,0x00,0x00,0x00,0x00,0x00,0x00,0x00,0x00,0x00,0x00,0x00,0x00,0x00,
0x00,0x00,0x00,0x00,0x00,0x00,0x00,0x00,0x00,0x00,0x00,0x00,0x00,0x00,0x00,0x00,0x00,0x00,0x00,0x0d,0xf7,0xff,0xff,0xf7,0x0d,0x00,0x00,0x00,0x00,0x00,0x00,0x00,
0x00,0x00,0x00,0x00,0x00,0x00,0x00,0x00,0x00,0x00,0x00,0x00,0x00,0x00,0x00,0x00,0x00,0x00,0x00,0x00,0x00,0x00,0x00,0x00,0x00,0x00,0x00,0x00,0x00,0x00,0x00,0x00,
0x00,0x00,0x00,0x00,0x00,0x00,0x00,0x00,0x00,0x00,0x00,0x00,0x00,0x00,0x00,0x00,0x00,0x00,0x00,0x00,0x00,0x00,0x00,0x00,0x00,0x00,0x00,0x00,0x00,0x00,0x00,0x00,
0x00,0x00,0x00,0x00,0x00,0x00,0x00,0x00,0x00,0x00,0x00,0x00,0x00,0x00,0x00,0x00,0x00,0x00,0x00,0x00,0xb1,0xff,0xff,0xb0,0x00,0x00,0x00,0x00,0x00,0x00,0x00,0x00,
0x00,0x00,0x00,0x00,0x00,0x00,0x00,0x00,0x00,0x00,0x00,0x00,0x00,0x00,0x00,0x00,0x00,0x00,0x00,0x00,0x00,0x00,0x00,0x00,0x00,0x00,0x00,0x00,0x00,0x00,0x00,0x00,
0x00,0x00,0x00,0x00,0x00,0x00,0x00,0x00,0x00,0x00,0x00,0x00,0x00,0x00,0x00,0x00,0x00,0x00,0x00,0x00,0x00,0x00,0x00,0x00,0x00,0x00,0x00,0x00,0x00,0x00,0x00,0x00,
0x00,0x00,0x00,0x00,0x00,0x00,0x00,0x00,0x00,0x00,0x00,0x00,0x00,0x00,0x00,0x00,0x00,0x00,0x00,0x00,0x5e,0xff,0xff,0x5d,0x00,0x00,0x00,0x00,0x00,0x00,0x00,0x00,
0x00,0x00,0x00,0x00,0x00,0x00,0x00,0x00,0x00,0x00,0x00,0x00,0x00,0x00,0x00,0x00,0x00,0x00,0x00,0x00,0x00,0x00,0x00,0x00,0x00,0x00,0x00,0x00,0x00,0x00,0x00,0x00,
0x00,0x00,0x00,0x00,0x00,0x00,0x00,0x00,0x00,0x00,0x00,0x00,0x00,0x00,0x00,0x00,0x00,0x00,0x00,0x00,0x00,0x00,0x00,0x00,0x00,0x00,0x00,0x00,0x00,0x00,0x00,0x00,
0x00,0x00,0x00,0x00,0x00,0x00,0x00,0x00,0x00,0x00,0x00,0x00,0x00,0x00,0x00,0x00,0x00,0x00,0x00,0x00,0x0c,0xcb,0xcb,0x0c,0x00,0x00,0x00,0x00,0x00,0x00,0x00,0x00
};
const lv_image_dsc_t img_fluent_bot_sparkle_96 = {
    .header = {.magic = LV_IMAGE_HEADER_MAGIC, .cf = LV_COLOR_FORMAT_RGB565A8, .w = 96, .h = 96, .stride = 192},
    .data_size = sizeof(map),
    .data = map,
};
